# https://github.com/mikedh/trimesh

o A11
v -0.03425292 0.06446068 -0.00000000
v -0.03244680 0.06346407 0.00000000
v -0.03564487 0.06616016 -0.00000000
v -0.03977203 0.06720401 -0.00000000
v -0.03977792 0.05479885 0.00000001
v -0.03868674 0.05793120 -0.00000000
v -0.03763023 0.05964316 -0.00000000
v -0.03433867 0.05785723 -0.00000000
v -0.02760481 0.05758469 0.00000634
v -0.03245481 0.05854585 -0.00000000
v -0.02761646 0.05466452 0.00000469
v -0.03770699 0.05597183 -0.00000000
v -0.03533470 0.05590560 -0.00000000
v -0.03544206 0.05975639 -0.00000000
v -0.03536977 0.06235684 -0.00000000
v -0.03729302 0.06621141 -0.00000000
v -0.02761459 0.06733583 0.00000363
v -0.03870024 0.06452502 -0.00000000
v -0.03755794 0.06224361 -0.00000000
v -0.02754466 0.06442775 -0.00000000
v 0.03252053 0.06345593 0.00000483
v 0.03251155 0.05853759 0.00000613
v 0.03427675 0.05773801 -0.00000000
v 0.03755794 0.05975639 -0.00000000
v 0.03862512 0.05803951 -0.00000000
v 0.03977792 0.06720116 0.00000001
v 0.03976674 0.05480134 0.00000000
v 0.03544206 0.06224361 -0.00000000
v 0.03429976 0.06452502 -0.00000000
v 0.02760562 0.06441428 0.00000638
v 0.02760708 0.06734037 0.00000365
v 0.03570698 0.06621141 -0.00000000
v 0.02760531 0.05468395 0.00000469
v 0.03546890 0.05589961 -0.00000000
v 0.03770699 0.06602817 -0.00000000
v 0.03862512 0.06443951 -0.00000000
v 0.03797655 0.06253672 -0.00000000
v 0.03784930 0.05598430 -0.00000000
v 0.02754520 0.05757252 0.00000000
v 0.03536977 0.05964316 -0.00000000
v -0.03268090 0.05534344 0.01387454
v -0.03259547 0.06690484 0.01386828
v -0.03111651 0.06701338 0.01691811
v -0.03038531 0.05533413 0.01836752
v -0.02901787 0.06669397 0.02043580
v -0.02690857 0.05522636 0.02317270
v -0.02605572 0.06666213 0.02412098
v -0.02255773 0.05525602 0.02739105
v -0.02252001 0.06668674 0.02743535
v -0.01884739 0.05519689 0.03006036
v -0.01865941 0.06666821 0.03020593
v -0.01320736 0.05538046 0.03299338
v -0.01572660 0.06702388 0.03170627
v -0.01212097 0.06682666 0.03332928
v -0.00656280 0.05516125 0.03488668
v -0.00642156 0.06667252 0.03494719
v -0.00052971 0.05533195 0.03550065
v -0.00037089 0.06666417 0.03550401
v 0.00432341 0.05533881 0.03523400
v 0.00561535 0.06669049 0.03508097
v 0.00860925 0.05515534 0.03439390
v 0.01250575 0.05537212 0.03326437
v 0.01151846 0.06700280 0.03348615
v 0.01572525 0.06666555 0.03183326
v 0.01882488 0.05528926 0.03012915
v 0.01984072 0.06668554 0.02943158
v 0.02360753 0.05527943 0.02650868
v 0.02367574 0.06666053 0.02646136
v 0.02686920 0.05530762 0.02318877
v 0.02696373 0.06669127 0.02308017
v 0.03039993 0.05536155 0.01840636
v 0.02932422 0.06693667 0.01987023
v 0.03101989 0.06668311 0.01725351
v 0.03268174 0.05531274 0.01387887
v 0.03265377 0.06682365 0.01387103
v -0.03229831 0.05466196 0.01354347
v -0.02603029 0.05466662 0.00909213
v -0.03927189 0.05463357 0.00866081
v -0.02709047 0.05467223 0.00512151
v 0.02484110 0.05467881 0.01202437
v 0.03230996 0.05466068 0.01351106
v 0.02709265 0.05465888 0.00514783
v 0.03942500 0.05468007 0.00872297
v -0.02392379 0.05467488 0.01376353
v -0.02532170 0.05465731 0.02422757
v -0.02027069 0.05467327 0.01873301
v 0.01002037 0.05466943 0.02571968
v 0.01308483 0.05465867 0.03246878
v 0.01638799 0.05467455 0.02217148
v 0.02188256 0.05463825 0.02721556
v 0.01948281 0.05465993 0.01951694
v 0.02621470 0.05465160 0.02316184
v 0.02216375 0.05467602 0.01639413
v -0.02009989 0.05462449 0.02847474
v -0.01561335 0.05467900 0.02275743
v -0.00908987 0.05467467 0.02602882
v -0.01408703 0.05469540 0.03216390
v -0.00514823 0.05465930 0.02709234
v -0.00620791 0.05463891 0.03432587
v -0.00025678 0.05464530 0.03495299
v -0.00105993 0.05467587 0.02754774
v 0.00405274 0.05468007 0.02729847
v 0.00533554 0.05468024 0.03465821
v 0.02741092 0.05757739 0.00286090
v 0.02688847 0.05757821 0.00611263
v 0.02631028 0.05472142 0.00809759
v 0.02584518 0.05756602 0.00956260
v 0.02397533 0.05757833 0.01364211
v 0.02211009 0.05758403 0.01646544
v 0.01950061 0.05757636 0.01947608
v 0.01637424 0.05758158 0.02217331
v 0.01376932 0.05472173 0.02383721
v 0.01287841 0.05757464 0.02436592
v 0.00832193 0.05758204 0.02630335
v 0.00502347 0.05758343 0.02710723
v 0.00103932 0.05757440 0.02753977
v -0.00309241 0.05757785 0.02738827
v -0.00746260 0.05757179 0.02653543
v -0.01200735 0.05757181 0.02483973
v -0.01194470 0.05472189 0.02480172
v -0.01639000 0.05758207 0.02216263
v -0.01938094 0.05757470 0.01958816
v -0.02159007 0.05757461 0.01715976
v -0.02404750 0.05757414 0.01351070
v -0.02601953 0.05757834 0.00908841
v -0.02707818 0.05757678 0.00513668
v -0.03229506 0.05854014 0.00337120
v -0.03127445 0.05853617 0.00885167
v -0.02919639 0.05853838 0.01422461
v -0.02692197 0.05853877 0.01815196
v -0.02373141 0.05852389 0.02217842
v -0.01818416 0.05850276 0.02687142
v -0.01411565 0.05855406 0.02928724
v -0.00900965 0.05853921 0.03119485
v -0.00352587 0.05853093 0.03230895
v 0.00223323 0.05854429 0.03240260
v 0.00790021 0.05854090 0.03153147
v 0.02966687 0.05853823 0.01328275
v 0.02695853 0.05854010 0.01809885
v 0.02349595 0.05853657 0.02245923
v 0.01915751 0.05853759 0.02622510
v 0.01423816 0.05854097 0.02922196
v 0.03176798 0.05853684 0.00687429
v 0.03194856 0.06346235 0.00579480
v 0.03102884 0.06347341 0.00951567
v 0.02960835 0.06345225 0.01342330
v 0.02692132 0.06346189 0.01815354
v 0.02409401 0.06346212 0.02177835
v 0.02078704 0.06346097 0.02494460
v 0.01736663 0.06345834 0.02744015
v 0.01339225 0.06349842 0.02958058
v 0.00894819 0.06344035 0.03122249
v 0.00353829 0.06346978 0.03230803
v -0.00222471 0.06345585 0.03240420
v -0.00670029 0.06345956 0.03177227
v -0.01205114 0.06347056 0.03018396
v -0.01718480 0.06345596 0.02756198
v -0.02087592 0.05869184 0.02493099
v -0.02083833 0.06346083 0.02490181
v -0.02415396 0.06346351 0.02171073
v -0.02696178 0.06346047 0.01809468
v -0.02966612 0.06346226 0.01328556
v -0.03152259 0.06346226 0.00781868
v -0.03230232 0.06346053 0.00330444
v 0.02688614 0.06442047 0.00620672
v 0.02483787 0.06442912 0.01200989
v 0.02229049 0.06442649 0.01621139
v 0.01949720 0.06442163 0.01948028
v 0.01567759 0.06440975 0.02271164
v 0.01175122 0.06442787 0.02494542
v 0.00893130 0.06441353 0.02607994
v 0.00510210 0.06442345 0.02708367
v 0.00016260 0.06442492 0.02758526
v -0.00448658 0.06442816 0.02720611
v -0.00907399 0.06441746 0.02602798
v -0.02492610 0.06443058 0.01177640
v -0.02269811 0.06441952 0.01568031
v -0.01950080 0.06442294 0.01947555
v -0.01573080 0.06441559 0.02266563
v -0.01267636 0.06442199 0.02447077
v -0.02647624 0.06442589 0.00770948
v -0.02738707 0.06442472 0.00308035
v 0.02725119 0.06732976 0.00436524
v 0.02602956 0.06732899 0.00908744
v 0.02433611 0.06723853 0.01288985
v 0.02209906 0.06721362 0.01641388
v 0.01950518 0.06732880 0.01948519
v 0.01560850 0.06733098 0.02276646
v 0.01111101 0.06733707 0.02524510
v 0.00834262 0.06732295 0.02628894
v 0.00382747 0.06733096 0.02732774
v -0.00172792 0.06732576 0.02753362
v -0.00632011 0.06732734 0.02686078
v -0.01167715 0.06732806 0.02500070
v -0.01569224 0.06733546 0.02270795
v -0.01949364 0.06733064 0.01949850
v -0.02217063 0.06732743 0.01638703
v -0.02437780 0.06732978 0.01287994
v -0.02602392 0.06732569 0.00909878
v -0.02708698 0.06732752 0.00513760
v -0.03957576 0.06725913 0.00876853
v -0.03207397 0.06738569 0.01342070
v 0.03213572 0.06736264 0.01352466
v 0.03927837 0.06736391 0.00865942
v -0.00954016 0.06736885 0.03366120
v -0.02041319 0.06734683 0.02838493
v -0.02735816 0.06734371 0.02178985
v -0.02421414 0.06734511 0.02522683
v 0.01653184 0.06735722 0.03081760
v 0.00618748 0.06735470 0.03440193
v -0.00066558 0.06730828 0.03508458
v 0.02356871 0.06737558 0.01461717
v 0.03053232 0.06735779 0.01696489
v 0.02564039 0.06732168 0.02386542
v 0.02110766 0.06735361 0.02786325
v 0.03993868 0.05528264 0.00883811
v 0.03985647 0.06693233 0.00892750
v -0.03987564 0.06666154 0.00905842
v -0.03985625 0.05506796 0.00892955
v -0.03629518 0.05603443 0.01149244
v -0.03481472 0.05743167 0.01247169
v -0.03491560 0.06360972 0.01240497
v -0.03499702 0.06500544 0.01235111
v -0.03624940 0.06588020 0.01152273
v -0.03522835 0.05892458 0.01219810
v -0.03801529 0.06333701 0.01035466
v -0.03614872 0.06248815 0.01158935
v -0.03806005 0.05707968 0.01032506
v -0.03975605 0.05531791 0.00915754
v -0.03685130 0.05951185 0.01112458
v -0.03788836 0.06525572 0.01043862
v -0.03804569 0.05845934 0.01033456
v 0.03975297 0.06667362 0.00916614
v 0.03814927 0.06374834 0.01026607
v 0.03768304 0.06551363 0.01057443
v 0.03801529 0.05866299 0.01035466
v 0.03685129 0.06248815 0.01112460
v 0.03781865 0.05660828 0.01048471
v 0.03962535 0.05522155 0.00923886
v 0.03494448 0.05844470 0.01238587
v 0.03492362 0.05717663 0.01239967
v 0.03561299 0.06570166 0.01194368
v 0.03481296 0.06434762 0.01247286
v 0.03522835 0.06307542 0.01219810
v 0.03614871 0.05951185 0.01158933
v 0.03596145 0.05618884 0.01171319
v 0.03449002 0.05692880 0.00300000
v 0.03589509 0.05574877 0.00300000
v 0.03788159 0.05605704 0.00300000
v 0.03863442 0.05793312 0.00300000
v 0.03780510 0.05955948 0.00300000
v 0.03599826 0.05987888 0.00300000
v 0.03465685 0.05893024 0.00300000
v 0.03699077 0.05944979 0.00300000
v 0.03554467 0.05918735 0.00300000
v 0.03482610 0.05809516 0.00300000
v 0.03543821 0.05637337 0.00299999
v 0.03738180 0.05633392 0.00299999
v 0.03825600 0.05795636 0.00300001
v 0.03425292 0.06446069 0.00300000
v 0.03536977 0.06235684 0.00300000
v 0.03737120 0.06219001 0.00300000
v 0.03875822 0.06433348 0.00300000
v 0.03745192 0.06611503 0.00300000
v 0.03581455 0.06625056 0.00300000
v 0.03726415 0.06264120 0.00299999
v 0.03826500 0.06449255 0.00300002
v 0.03697528 0.06581169 0.00300000
v 0.03551098 0.06561919 0.00299999
v 0.03482526 0.06434652 0.00300000
v 0.03534330 0.06289139 0.00299999
v -0.03874709 0.06446068 0.00300000
v -0.03763023 0.06235684 0.00300000
v -0.03562880 0.06219001 0.00300000
v -0.03424179 0.06433348 0.00300000
v -0.03554808 0.06611503 0.00300000
v -0.03718545 0.06625056 0.00300000
v -0.03604629 0.06247165 0.00299999
v -0.03482610 0.06390485 0.00300000
v -0.03543821 0.06562664 0.00299999
v -0.03738178 0.06566609 0.00299999
v -0.03821122 0.06431627 0.00300001
v -0.03770784 0.06303401 0.00300000
v -0.03863442 0.05766687 0.00300000
v -0.03766531 0.05590560 0.00300000
v -0.03546890 0.05589961 0.00300000
v -0.03432371 0.05754948 0.00300000
v -0.03519490 0.05955948 0.00300000
v -0.03774470 0.05968893 0.00300000
v -0.03534330 0.05910861 0.00299999
v -0.03689423 0.05943341 0.00300000
v -0.03799029 0.05862526 0.00300000
v -0.03805428 0.05708866 0.00300001
v -0.03697528 0.05618832 0.00300000
v -0.03551097 0.05638083 0.00299999
v -0.03482525 0.05765348 0.00300000
v 0.01740821 0.05481283 0.03056215
v 0.02936929 0.05481283 0.01935294
v -0.03055424 0.05476798 0.01735951
v 0.02361166 0.02227235 -0.04416208
v 0.01500000 0.02212626 -0.04414625
v 0.01500000 0.02720070 -0.04135665
v 0.02361139 -0.03499536 -0.03499772
v 0.01500000 -0.03514906 -0.03468128
v 0.01500000 -0.02929549 -0.04001169
v 0.02361290 -0.02227221 0.04416206
v 0.01500000 -0.02212626 0.04414625
v 0.01500000 -0.02720070 0.04135665
v 0.02361139 0.03499536 0.03499772
v 0.01500000 0.03514906 0.03468128
v 0.01500000 0.02929549 0.04001169
v 0.02361748 -0.04403356 0.02260799
v 0.01500000 -0.04403301 0.02260945
v 0.02370000 -0.04811929 0.01192980
v 0.01500000 -0.04742048 0.01419676
v 0.01500000 -0.04927400 0.00541347
v 0.02370000 -0.04941626 0.00287817
v 0.02361068 -0.04937756 -0.00281117
v 0.01500000 -0.04929967 -0.00289520
v 0.02361538 -0.04886355 -0.00749702
v 0.01500000 -0.04887050 -0.00749574
v 0.02370000 -0.04742048 -0.01419676
v 0.01500000 -0.04742048 -0.01419676
v 0.02370000 -0.04452983 -0.02179175
v 0.01500000 -0.04407103 -0.02270531
v 0.02361894 -0.03831672 -0.03128790
v 0.01500000 -0.03828756 -0.03128842
v 0.02371345 -0.02969274 -0.03968018
v 0.02371589 -0.01998875 -0.04537999
v 0.01500000 -0.01954422 -0.04554655
v 0.02361126 -0.01258783 -0.04783404
v 0.01500000 -0.01247688 -0.04778023
v 0.02361667 -0.00792029 -0.04879736
v 0.01500000 -0.00793857 -0.04882630
v 0.02370000 0.00237213 -0.04951928
v 0.01500000 0.00339270 -0.04945984
v 0.02370000 0.01141549 -0.04816572
v 0.01500000 0.01141549 -0.04816572
v 0.02361604 0.01794058 -0.04607650
v 0.01500000 0.01794413 -0.04605736
v 0.02370827 0.02930733 -0.03997807
v 0.01500000 0.03439114 -0.03570764
v 0.02370000 0.03600499 -0.03396896
v 0.02361814 0.04159650 -0.02682525
v 0.01500000 0.04158779 -0.02678271
v 0.02361748 0.04403356 -0.02260799
v 0.01500000 0.04403301 -0.02260945
v 0.02370000 0.04811929 -0.01192980
v 0.01500000 0.04742048 -0.01419676
v 0.01500000 0.04927400 -0.00541347
v 0.02370000 0.04941626 -0.00287817
v 0.02361294 0.04937742 0.00281137
v 0.01500000 0.04929967 0.00289520
v 0.02361282 0.04886360 0.00749711
v 0.01500000 0.04887050 0.00749574
v 0.02370000 0.04742048 0.01419676
v 0.01500000 0.04742048 0.01419676
v 0.02370000 0.04452983 0.02179175
v 0.01500000 0.04407103 0.02270531
v 0.02361894 0.03831672 0.03128790
v 0.01500000 0.03828756 0.03128842
v 0.02371345 0.02969274 0.03968018
v 0.02371589 0.01998875 0.04537999
v 0.01500000 0.01954422 0.04554655
v 0.02361126 0.01258783 0.04783404
v 0.01500000 0.01247688 0.04778023
v 0.02361667 0.00792029 0.04879736
v 0.01500000 0.00793857 0.04882630
v 0.02370000 -0.00237213 0.04951928
v 0.01500000 -0.00339270 0.04945984
v 0.02370000 -0.01141549 0.04816572
v 0.01500000 -0.01141549 0.04816572
v 0.02361220 -0.01794052 0.04607662
v 0.01500000 -0.01794413 0.04605736
v 0.02370827 -0.02930733 0.03997807
v 0.01500000 -0.03439114 0.03570764
v 0.02370000 -0.03600499 0.03396896
v 0.02361814 -0.04159650 0.02682525
v 0.01500000 -0.04158779 0.02678271
v 0.01393801 0.07019980 0.00269120
v 0.01395523 0.07003211 0.00268751
v 0.01398439 0.07003745 -0.00278003
v 0.01395507 0.07019958 -0.00277760
v 0.00269117 0.07019977 -0.01393801
v 0.00268912 0.07003119 -0.01395595
v -0.00215972 0.07007369 -0.01387883
v -0.01393801 0.07019983 -0.00269118
v -0.01395664 0.07003030 -0.00269074
v -0.01387883 0.07008000 0.00215973
v -0.00269117 0.07019980 0.01393801
v -0.00268743 0.07003211 0.01395522
v 0.00277852 0.07003878 0.01398371
v 0.00277759 0.07019957 0.01395507
v 0.01482067 0.06951584 0.00354489
v 0.01495760 0.07020004 0.00356181
v 0.01491933 0.06943631 -0.00356647
v 0.01507851 0.07020028 -0.00353883
v -0.00287139 0.07007074 -0.01407705
v -0.00356645 0.06943635 -0.01491927
v -0.00353880 0.07020018 -0.01507839
v 0.00354489 0.06951584 -0.01482066
v 0.00356180 0.07020003 -0.01495755
v -0.01482065 0.06951583 -0.00354490
v -0.01495758 0.07020006 -0.00356182
v -0.01408236 0.07006531 0.00287855
v -0.01491944 0.06943621 0.00356652
v -0.01507844 0.07020018 0.00353881
v -0.00354484 0.06951597 0.01482058
v -0.00356179 0.07020003 0.01495756
v 0.00356646 0.06943633 0.01491929
v 0.00353881 0.07020028 0.01507844
v 0.02991571 0.06754555 0.00813359
v 0.02988722 0.07020000 0.00816712
v 0.03144743 0.07020041 0.00771119
v 0.03084603 0.06752767 0.00797210
v 0.03155189 0.06755019 0.00741795
v 0.01913008 0.07020000 0.00401419
v 0.01720811 0.06199991 0.00374044
v 0.01365659 0.06199995 0.00379648
v 0.01352554 0.06925998 0.00387909
v 0.02402703 0.06199976 0.00542876
v 0.02665298 0.06434051 0.00650200
v 0.03036460 0.06200002 0.00827120
v 0.02676931 0.06438626 0.00643370
v 0.02987604 0.06374575 0.00810133
v 0.02663925 0.06750350 0.00649785
v 0.02671071 0.07019975 0.00655207
v 0.02677091 0.06746906 0.00643447
v 0.00730383 0.06754159 0.03159461
v 0.00743806 0.07019999 0.03158032
v 0.00802619 0.06755273 0.03081194
v 0.00824660 0.07020002 0.03020947
v 0.00808578 0.06753619 0.02980224
v 0.00643058 0.06747590 0.02677790
v 0.00644443 0.06439774 0.02674554
v 0.00648938 0.06432167 0.02658321
v 0.00549246 0.06199972 0.02425770
v 0.00541488 0.07020023 0.02398886
v 0.00651728 0.06755034 0.02668263
v 0.00818044 0.06200003 0.02993267
v 0.00802470 0.06377894 0.02966948
v 0.00387851 0.06926692 0.01352283
v 0.00380835 0.06199998 0.01361479
v 0.00372355 0.06199993 0.01700091
v -0.00805761 0.06753620 0.02972914
v -0.00812168 0.07019999 0.02976754
v -0.00812258 0.06754687 0.03050097
v -0.00783704 0.07020048 0.03136372
v -0.00743258 0.06753549 0.03153317
v -0.00401418 0.07020000 0.01913005
v -0.00374044 0.06199991 0.01720811
v -0.00380606 0.06199998 0.01361662
v -0.00387212 0.06926504 0.01353597
v -0.00542877 0.06199976 0.02402706
v -0.00650201 0.06434050 0.02665299
v -0.00827120 0.06200002 0.03036461
v -0.00808632 0.06374072 0.02983395
v -0.00649758 0.06752613 0.02662053
v -0.00655196 0.07019975 0.02671047
v -0.00643074 0.06746514 0.02676737
v -0.03159443 0.06753851 0.00730221
v -0.03135668 0.07020000 0.00781738
v -0.03092399 0.06754788 0.00795580
v -0.02991086 0.06754350 0.00813146
v -0.02987594 0.07020006 0.00813275
v -0.02678412 0.06747802 0.00643329
v -0.02674554 0.06439772 0.00644443
v -0.02658321 0.06432166 0.00648938
v -0.02658318 0.06200021 0.00649871
v -0.02398909 0.07020023 0.00541491
v -0.02665364 0.06753371 0.00650478
v -0.02993267 0.06200002 0.00818044
v -0.02966948 0.06377894 0.00802471
v -0.01366922 0.06199994 0.00378253
v -0.01353283 0.06927077 0.00387219
v -0.01893201 0.06199991 0.00396775
v -0.02980673 0.06754188 -0.00808978
v -0.02976754 0.07019999 -0.00812167
v -0.03136372 0.07020034 -0.00783704
v -0.03068506 0.06754657 -0.00805577
v -0.03153745 0.06753874 -0.00742870
v -0.01913009 0.07020000 -0.00401419
v -0.01720804 0.06199991 -0.00374043
v -0.01365657 0.06199995 -0.00379649
v -0.01353599 0.06926502 -0.00387212
v -0.02402706 0.06199976 -0.00542876
v -0.02665298 0.06434051 -0.00650201
v -0.03036461 0.06200002 -0.00827120
v -0.02676929 0.06438626 -0.00643371
v -0.02977572 0.06369434 -0.00810204
v -0.02665087 0.06755755 -0.00651086
v -0.02671003 0.07019974 -0.00655177
v -0.02676520 0.06746416 -0.00643277
v -0.00707965 0.06753556 -0.03166644
v -0.00769338 0.07020000 -0.03144093
v -0.00773330 0.06755160 -0.03126994
v -0.00807477 0.06753392 -0.03055844
v -0.00817402 0.07020008 -0.02998038
v -0.00808889 0.06754574 -0.02979640
v -0.00643586 0.06747790 -0.02678224
v -0.00642765 0.06440184 -0.02675439
v -0.00649284 0.06434113 -0.02660507
v -0.00549244 0.06199972 -0.02425768
v -0.00541490 0.07020023 -0.02398901
v -0.00650493 0.06753517 -0.02665487
v -0.00825074 0.06200004 -0.03020267
v -0.00802469 0.06377894 -0.02966945
v -0.00387218 0.06927076 -0.01353284
v -0.00380833 0.06199998 -0.01361482
v -0.00372355 0.06199994 -0.01700091
v 0.00804189 0.06753756 -0.02969801
v 0.00826990 0.07019997 -0.03029056
v 0.00807396 0.06753178 -0.03070565
v 0.00732124 0.07020023 -0.03163949
v 0.00730331 0.06755251 -0.03159981
v 0.00401419 0.07020000 -0.01913008
v 0.00374044 0.06199991 -0.01720810
v 0.00380601 0.06199998 -0.01361676
v 0.00387211 0.06926499 -0.01353601
v 0.00655197 0.07019976 -0.02671046
v 0.00654731 0.06753679 -0.02682310
v 0.00648056 0.06742693 -0.02670093
v 0.00542883 0.06199976 -0.02402727
v 0.00650621 0.06431081 -0.02667098
v 0.00827120 0.06200002 -0.03036460
v 0.00810133 0.06374576 -0.02987605
v 0.03159989 0.06754766 -0.00730151
v 0.03144093 0.07020000 -0.00769338
v 0.03094168 0.06753187 -0.00793867
v 0.02998039 0.07020005 -0.00817402
v 0.02991687 0.06754429 -0.00813172
v 0.02678264 0.06747733 -0.00643464
v 0.02674554 0.06439773 -0.00644443
v 0.02658322 0.06432167 -0.00648938
v 0.02425776 0.06199972 -0.00549246
v 0.02398873 0.07020023 -0.00541485
v 0.02665364 0.06753371 -0.00650478
v 0.02993267 0.06200003 -0.00818044
v 0.02966949 0.06377893 -0.00802471
v 0.01353283 0.06927076 -0.00387219
v 0.01365606 0.06199995 -0.00379866
v 0.01700083 0.06199993 -0.00372354
v -0.00277831 0.06755660 0.03237744
v 0.00040069 0.07020026 0.03258852
v 0.00255199 0.06752682 0.03238207
v -0.03237496 0.06754494 -0.00274309
v -0.03258852 0.07020027 0.00040070
v -0.03236933 0.06754564 0.00280094
v 0.00274310 0.06754494 -0.03237496
v -0.00040070 0.07020026 -0.03258852
v -0.00276676 0.06754499 -0.03237045
v 0.03236800 0.06754385 0.00281522
v 0.03258852 0.07020026 -0.00040070
v 0.03237601 0.06754638 -0.00272941
v -0.02378166 0.05444455 0.02217738
v -0.02545577 0.05141696 0.02032096
v -0.02790069 0.05444967 0.01667799
v -0.02832609 0.05267809 0.01617080
v -0.02260079 0.04964996 0.02349414
v -0.01872661 0.05445612 0.02656061
v -0.01445076 0.05444680 0.02907766
v -0.01435679 0.04641981 0.02924650
v -0.01895146 0.04824505 0.02645725
v -0.00978637 0.05445260 0.03099367
v -0.00936648 0.04510569 0.03115164
v -0.00593181 0.04429052 0.03201082
v -0.00345403 0.05445512 0.03231665
v -0.00221938 0.04408171 0.03245329
v 0.00234613 0.04387049 0.03249463
v 0.00322535 0.05444713 0.03235343
v 0.00775553 0.04444962 0.03166670
v 0.00831923 0.05444711 0.03138631
v 0.01143884 0.04536597 0.03051976
v 0.01309412 0.05445109 0.02975037
v 0.01573597 0.04697864 0.02847839
v 0.01872731 0.05445713 0.02655938
v 0.01911028 0.04805223 0.02638798
v 0.02225980 0.04947328 0.02380777
v 0.02378533 0.05444480 0.02217045
v 0.02793720 0.05444281 0.01663555
v 0.02828109 0.05299585 0.01612964
v 0.02560498 0.05118076 0.02021994
v 0.02702670 0.05445396 -0.01805094
v 0.02830075 0.05306116 -0.01608134
v 0.02943699 0.05445044 -0.01367964
v 0.02402080 0.05037211 -0.02204674
v 0.02611258 0.05176033 -0.01944508
v 0.02394329 0.05444488 -0.02193729
v 0.02006601 0.05444866 -0.02558305
v 0.02049784 0.04866247 -0.02532936
v 0.01660960 0.04705260 -0.02803975
v 0.01442017 0.05445416 -0.02912619
v 0.01178309 0.04549598 -0.03036799
v 0.00986383 0.05445003 -0.03093184
v 0.00746072 0.04465454 -0.03170490
v 0.00495911 0.05445028 -0.03212520
v 0.00265424 0.04410468 -0.03242139
v 0.00000511 0.05445562 -0.03246108
v -0.00228602 0.04385362 -0.03251384
v -0.00492004 0.05445050 -0.03213095
v -0.01146832 0.05445162 -0.03042105
v -0.00817542 0.04483283 -0.03150658
v -0.01423924 0.04646608 -0.02930266
v -0.01758200 0.05444872 -0.02734428
v -0.02285007 0.05445010 -0.02312900
v -0.02212620 0.04968733 -0.02387306
v -0.01907376 0.04828195 -0.02637336
v -0.02493393 0.05082665 -0.02099862
v -0.02773107 0.05270359 -0.01708019
v -0.02702625 0.05445352 -0.01805042
v -0.02949900 0.05443456 -0.01355260
v 0.02360000 0.04775858 0.00453737
v 0.02360000 0.04789567 0.00607817
v 0.02360000 0.03648174 0.03155401
v 0.02360000 0.03522078 0.03263814
v 0.02360000 0.01025978 0.04679580
v 0.02360000 -0.02024002 0.04362156
v 0.02360000 -0.01883965 0.04429748
v 0.02360000 -0.04127901 0.02476373
v 0.02360000 -0.04201463 0.02339380
v 0.02360000 -0.04775858 -0.00453737
v 0.02360000 -0.04789567 -0.00607817
v 0.02360000 -0.03648174 -0.03155401
v 0.02360000 -0.03522078 -0.03263814
v 0.02360000 -0.01025978 -0.04679580
v 0.02360000 0.01883965 -0.04429748
v 0.02360000 0.02024002 -0.04362156
v 0.02360000 0.04127901 -0.02476373
v 0.02360000 0.04201463 -0.02339380
v -0.01200000 -0.02026657 0.01870124
v -0.01197174 -0.02290656 0.01819445
v -0.01200000 -0.02505366 0.01152322
v -0.01190515 -0.02575756 0.01416534
v -0.01200000 -0.01349565 0.02404866
v -0.01192032 -0.01920787 0.02225015
v -0.01200000 0.01152322 0.02505366
v -0.01191226 0.01392914 0.02589441
v -0.01196570 0.00874980 0.02793589
v -0.01200000 0.00321721 0.02738832
v -0.01200000 0.02404866 0.01349565
v -0.01191792 0.02659883 0.01251266
v -0.01188316 0.02479003 0.01582433
v -0.01200000 0.01870124 0.02026657
v -0.01200000 -0.00540368 0.02704201
v -0.01197274 -0.00659173 0.02850087
v -0.01196570 -0.01285915 0.02629858
v -0.01188519 0.00429920 0.02909162
v -0.01192657 -0.00164310 0.02932678
v -0.01200000 0.02738832 -0.00321721
v -0.01191633 0.02923620 0.00309159
v -0.01200000 0.02704201 0.00540368
v -0.01186453 0.02821653 0.00844513
v -0.01193099 0.02066711 0.02090600
v -0.01200000 0.02505366 -0.01152322
v -0.01191513 0.02798317 -0.00900029
v -0.01191368 0.02894818 -0.00514494
v -0.01200000 0.02026657 -0.01870124
v -0.01196715 0.02457551 -0.01590287
v -0.01200000 0.00540368 -0.02704201
v -0.01191811 0.00496834 -0.02897166
v -0.01189876 0.00827050 -0.02819621
v -0.01200000 0.01349565 -0.02404866
v -0.01198510 0.01576603 -0.02462363
v -0.01200000 -0.00321721 -0.02738832
v -0.01197274 -0.00285371 -0.02911368
v -0.01192507 -0.02800296 0.00885774
v -0.01200000 -0.02738832 0.00321721
v -0.01190681 -0.02901212 0.00485603
v -0.01192673 0.01957933 -0.02189280
v -0.01200000 -0.01152322 -0.02505366
v -0.01187208 -0.01483924 -0.02543628
v -0.01196570 -0.00874980 -0.02793589
v -0.01200000 -0.02404866 -0.01349565
v -0.01192507 -0.02639946 -0.01287415
v -0.01191776 -0.02323749 -0.01800242
v -0.01200000 -0.01870124 -0.02026657
v -0.01189850 -0.02096960 -0.02058420
v -0.01191700 -0.01835078 -0.02297231
v -0.01191361 -0.02924665 -0.00301242
v -0.01200000 -0.02704201 -0.00540368
v -0.01189491 -0.02846451 -0.00741387
v -0.00597038 0.02803780 -0.01346604
v 0.00570031 0.02800204 -0.01343739
v 0.00570097 0.03065441 -0.00518873
v -0.00600623 0.03076125 -0.00445397
v 0.00569999 0.03085572 0.00386411
v -0.00600507 0.03071269 0.00478237
v 0.00569789 0.02843781 0.01259228
v -0.00600422 0.02795209 0.01359624
v 0.00569465 0.02360602 0.02025281
v -0.00600369 0.02272350 0.02120957
v 0.00569901 0.01575145 0.02690827
v -0.00600349 0.01548872 0.02695028
v -0.00600362 0.00688651 0.03031166
v 0.00569970 0.00594340 0.03053066
v -0.00600408 -0.00232371 0.03099698
v 0.00569922 -0.00311298 0.03094563
v -0.00600485 -0.01132883 0.02894564
v 0.00569873 -0.01190210 0.02873003
v -0.00600000 -0.01746292 0.02561340
v 0.00569825 -0.01967590 0.02407406
v -0.00598220 -0.02264119 0.02129406
v 0.00569935 -0.02431303 0.01923900
v -0.00600528 -0.02801496 0.01351549
v 0.00570031 -0.02800204 0.01343739
v 0.00570097 -0.03065441 0.00518873
v -0.00600179 -0.03077763 0.00433430
v 0.00569999 -0.03085572 -0.00386411
v -0.00600060 -0.03069321 -0.00490304
v 0.00569789 -0.02843781 -0.01259228
v -0.00599969 -0.02789759 -0.01370736
v 0.00569465 -0.02360602 -0.02025281
v -0.00599907 -0.02263784 -0.02130115
v 0.00569901 -0.01575144 -0.02690827
v -0.00599876 -0.01537852 -0.02701379
v -0.00599874 -0.00676069 -0.03034072
v 0.00569970 -0.00594339 -0.03053066
v -0.00599903 0.00245467 -0.03098794
v 0.00569922 0.00311298 -0.03094563
v -0.00599960 0.01145363 -0.02889799
v 0.00569873 0.01190210 -0.02873003
v -0.00600043 0.01944132 -0.02425503
v 0.00569825 0.01967590 -0.02407406
v -0.00600000 0.02423678 -0.01932818
v 0.00569935 0.02431303 -0.01923900
v -0.00600234 0.02493411 -0.00925693
v -0.00500018 0.02452717 -0.01033031
v -0.00600229 0.02069841 -0.01665555
v -0.00500000 0.01861084 -0.01913901
v -0.00600000 0.01452532 -0.02225725
v -0.00500000 0.01006603 -0.02459767
v -0.00600000 0.00839170 -0.02513622
v -0.00600000 0.00251806 -0.02645808
v -0.00500000 0.00175871 -0.02651937
v -0.00600000 -0.00425090 -0.02615683
v -0.00500000 -0.00672964 -0.02571152
v -0.00600000 -0.01006604 -0.02459767
v -0.00500000 -0.01231516 -0.02346458
v -0.00600000 -0.01733729 -0.02014420
v -0.00500000 -0.01790752 -0.01963902
v -0.00600000 -0.02282408 -0.01361733
v -0.00500000 -0.02320499 -0.01295757
v -0.00600000 -0.02545373 -0.00737276
v -0.00500000 -0.02545373 -0.00737276
v -0.00600000 -0.02653801 -0.00145066
v -0.00500000 -0.02656868 -0.00068945
v -0.00600000 -0.02563165 0.00702773
v -0.00500000 -0.02596445 0.00530068
v -0.00500000 -0.02384581 0.01173660
v -0.00600000 -0.02208710 0.01478277
v -0.00500000 -0.02052703 0.01675980
v -0.00600000 -0.01626919 0.02101628
v -0.00500000 -0.01566016 0.02147393
v -0.00600000 -0.00877673 0.02508664
v -0.00500000 -0.00805411 0.02532788
v -0.00600000 -0.00038091 0.02657490
v -0.00500000 -0.00213236 0.02641407
v -0.00500000 0.00463888 0.02616966
v -0.00600000 0.00805412 0.02532788
v -0.00500000 0.01038712 0.02437946
v -0.00600000 0.01566015 0.02147394
v -0.00500000 0.01626919 0.02101628
v -0.00600000 0.02052703 0.01675980
v -0.00500000 0.02208710 0.01478277
v -0.00600000 0.02384581 0.01173660
v -0.00500000 0.02563165 0.00702772
v -0.00600000 0.02596445 0.00530068
v -0.00600000 0.02656868 -0.00068946
v -0.00500000 0.02653801 -0.00145066
v 0.02850000 -0.04407103 0.02270529
v 0.02570000 -0.04452984 0.02179174
v 0.02850000 -0.04811929 0.01192980
v 0.02570000 -0.04835505 0.01093504
v 0.02850000 -0.04957343 0.00051119
v 0.02570000 -0.04957343 -0.00051110
v 0.02850000 -0.04835506 -0.01093503
v 0.02570000 -0.04811930 -0.01192978
v 0.02850000 -0.04452983 -0.02179174
v 0.02570000 -0.04407103 -0.02270530
v 0.02850000 -0.03970510 -0.02955935
v 0.02570000 -0.03970510 -0.02955935
v 0.02850000 -0.03439114 -0.03570763
v 0.02570000 -0.03364754 -0.03640918
v 0.02850000 -0.02720070 -0.04135665
v 0.02570000 -0.02720070 -0.04135665
v 0.02850000 -0.02010440 -0.04531666
v 0.02570000 -0.01916570 -0.04572157
v 0.02850000 -0.00911172 -0.04873153
v 0.02570000 -0.01141549 -0.04816572
v 0.02570000 -0.00237213 -0.04951928
v 0.02850000 0.00237213 -0.04951928
v 0.02570000 0.00574660 -0.04916530
v 0.02850000 0.01372817 -0.04763742
v 0.02570000 0.01470752 -0.04734422
v 0.02850000 0.02434405 -0.04318742
v 0.02570000 0.02522939 -0.04267627
v 0.02850000 0.03364754 -0.03640919
v 0.02570000 0.03439114 -0.03570764
v 0.02850000 0.03970510 -0.02955935
v 0.02570000 0.03970510 -0.02955935
v 0.02850000 0.04407103 -0.02270529
v 0.02570000 0.04452984 -0.02179174
v 0.02850000 0.04811929 -0.01192980
v 0.02570000 0.04835505 -0.01093504
v 0.02850000 0.04957343 -0.00051119
v 0.02570000 0.04957343 0.00051110
v 0.02850000 0.04835506 0.01093503
v 0.02570000 0.04811930 0.01192978
v 0.02850000 0.04452983 0.02179174
v 0.02570000 0.04407103 0.02270530
v 0.02850000 0.03970510 0.02955935
v 0.02570000 0.03970510 0.02955935
v 0.02850000 0.03439114 0.03570763
v 0.02570000 0.03364754 0.03640918
v 0.02850000 0.02720070 0.04135665
v 0.02570000 0.02720070 0.04135665
v 0.02850000 0.02010440 0.04531666
v 0.02570000 0.01916570 0.04572157
v 0.02850000 0.00911172 0.04873153
v 0.02570000 0.01141549 0.04816572
v 0.02570000 0.00237213 0.04951928
v 0.02850000 -0.00237213 0.04951928
v 0.02570000 -0.00574660 0.04916530
v 0.02850000 -0.01372817 0.04763742
v 0.02570000 -0.01470752 0.04734422
v 0.02850000 -0.02434405 0.04318742
v 0.02570000 -0.02522939 0.04267627
v 0.02850000 -0.03364754 0.03640919
v 0.02570000 -0.03439114 0.03570764
v 0.02850000 -0.03970510 0.02955935
v 0.02570000 -0.03970510 0.02955935
v 0.01500000 0.04786025 0.00599748
v 0.01500000 0.03656542 0.03152634
v 0.01497270 0.02993470 0.02140474
v 0.01498056 0.01815956 0.03216944
v 0.01500000 0.03532865 0.03245545
v 0.01498729 0.03637112 -0.00474873
v 0.01500000 0.04779874 0.00443194
v 0.01497593 -0.03679833 0.00214279
v 0.01498432 -0.03466720 -0.01208384
v 0.01500000 -0.04786025 -0.00599748
v 0.01498254 0.02825539 -0.02338944
v 0.01500000 0.04126980 -0.02486395
v 0.01500000 0.02013246 -0.04362946
v 0.01494450 0.01497946 -0.03330703
v 0.01492053 0.02333219 -0.02790306
v 0.01497403 -0.00074427 0.03684881
v 0.01500000 0.00921801 0.04724645
v 0.01500000 0.01072830 0.04687646
v 0.01500000 0.04193225 -0.02346341
v 0.01498816 0.00646717 -0.03610240
v 0.01500000 -0.00921801 -0.04724645
v 0.01495803 -0.00367642 -0.03655738
v 0.01498254 -0.01351329 -0.03410021
v 0.01496786 -0.01345551 0.03412361
v 0.01500000 -0.02013246 0.04362946
v 0.01500000 -0.01877329 0.04437316
v 0.01485583 0.03594271 0.00441459
v 0.01494385 0.03430999 0.01231402
v 0.01495251 0.03313665 -0.01572615
v 0.01500000 0.01877329 -0.04437316
v 0.01495510 -0.03234838 0.01730772
v 0.01500000 -0.04193225 0.02346341
v 0.01497717 -0.02440867 0.02763991
v 0.01500000 -0.01072830 -0.04687646
v 0.01500000 -0.03532865 -0.03245545
v 0.01496419 -0.02319176 -0.02841685
v 0.01494628 -0.02920772 -0.02191582
v 0.01500000 -0.04126980 0.02486395
v 0.01500000 -0.04779874 -0.00443194
v 0.01500000 -0.03656542 -0.03152634
v 0.00800000 0.02471855 -0.01429726
v -0.00500000 0.02474107 -0.01425826
v 0.00800000 0.02679098 -0.01305665
v -0.00500000 0.02679387 -0.01299748
v 0.00800000 0.02716584 -0.01165257
v -0.00500000 0.02716097 -0.01156882
v 0.00800000 0.02682572 -0.00978772
v -0.00500000 0.02684112 -0.00974541
v 0.00800000 0.02186033 -0.01837238
v -0.00500000 0.02229493 -0.01810722
v 0.00800000 0.02406970 -0.01753375
v -0.00500000 0.02367434 -0.01770002
v -0.00500000 0.02469118 -0.01660535
v 0.00800000 0.02471418 -0.01636521
v 0.00800000 0.02865945 -0.00822025
v -0.00500000 0.02842245 -0.00841280
v 0.00800000 0.02882458 -0.00698568
v -0.00500000 0.02884844 -0.00699212
v -0.00500000 0.02812561 -0.00493644
v 0.00800000 0.02830802 -0.00462267
v 0.00800000 0.02971045 -0.00303136
v -0.00500000 0.02945152 -0.00334949
v -0.00500000 0.02962433 -0.00187641
v 0.00800000 0.02958572 -0.00181560
v 0.00800000 0.02855553 -0.00002252
v -0.00500000 0.02873427 -0.00048215
v -0.00500000 0.02916685 0.00113469
v 0.00800000 0.02962433 0.00187641
v -0.00500000 0.02958825 0.00315075
v 0.00800000 0.02965449 0.00303110
v 0.00800000 0.02812561 0.00493644
v -0.00500000 0.02811779 0.00498079
v 0.00800000 0.02891027 0.00723698
v -0.00500000 0.02882097 0.00692553
v -0.00500000 0.02847954 0.00836887
v 0.00800000 0.02779595 0.00890940
v -0.00500000 0.02716628 0.00937463
v 0.00800000 0.02683648 0.01028077
v -0.00500000 0.02701979 0.01104190
v 0.00800000 0.02724991 0.01220065
v 0.00800000 0.02679387 0.01299748
v -0.00500000 0.02672624 0.01308051
v 0.00800000 0.02474107 0.01425826
v -0.00500000 0.02501979 0.01402580
v -0.00500000 0.02470566 0.01621985
v 0.00800000 0.02471367 0.01665490
v 0.00800000 0.02387942 0.01759060
v -0.00500000 0.02389969 0.01760474
v -0.00500000 0.02220413 0.01815736
v 0.00800000 0.02173721 0.01871381
v -0.00500000 0.02146998 0.02046207
v 0.00800000 0.02144867 0.02070969
v 0.00800000 0.02057160 0.02144230
v -0.00500000 0.02001275 0.02154412
v 0.00800000 0.01837238 0.02186033
v -0.00500000 0.01810722 0.02229493
v 0.00800000 0.01748046 0.02421433
v -0.00500000 0.01770002 0.02367434
v -0.00500000 0.01660535 0.02469118
v 0.00800000 0.01636521 0.02471418
v 0.00800000 0.01429726 0.02471855
v -0.00500000 0.01425826 0.02474107
v 0.00800000 0.01302564 0.02681114
v -0.00500000 0.01299748 0.02679387
v 0.00800000 0.01165257 0.02716584
v -0.00500000 0.01156882 0.02716097
v 0.00800000 0.00978772 0.02682572
v -0.00500000 0.00974541 0.02684112
v 0.00800000 0.00820494 0.02865079
v -0.00500000 0.00841280 0.02842245
v 0.00800000 0.00698568 0.02882458
v -0.00500000 0.00699212 0.02884844
v -0.00500000 0.00493644 0.02812561
v 0.00800000 0.00462267 0.02830802
v 0.00800000 0.00314982 0.02961185
v -0.00500000 0.00334949 0.02945152
v -0.00500000 0.00187641 0.02962433
v 0.00800000 0.00181560 0.02958572
v 0.00800000 0.00002252 0.02855553
v -0.00500000 0.00048215 0.02873427
v -0.00500000 -0.00113469 0.02916685
v 0.00800000 -0.00203220 0.02971158
v -0.00500000 -0.00315075 0.02958825
v 0.00800000 -0.00305071 0.02966477
v 0.00800000 -0.00493644 0.02812561
v -0.00500000 -0.00498079 0.02811779
v 0.00800000 -0.00715905 0.02888148
v -0.00500000 -0.00692553 0.02882097
v -0.00500000 -0.00836887 0.02847954
v 0.00800000 -0.00808177 0.02875852
v 0.00800000 -0.00974541 0.02684112
v -0.00500000 -0.00937463 0.02716628
v -0.00500000 -0.01104190 0.02701979
v 0.00800000 -0.01156883 0.02716097
v 0.00800000 -0.01296898 0.02684966
v -0.00500000 -0.01308051 0.02672624
v 0.00800000 -0.01396066 0.02510050
v -0.00500000 -0.01402580 0.02501979
v 0.00800000 -0.01596762 0.02469200
v -0.00500000 -0.01621985 0.02470566
v 0.00800000 -0.01752766 0.02403792
v -0.00500000 -0.01760474 0.02389969
v -0.00500000 -0.01815736 0.02220413
v 0.00800000 -0.01871381 0.02173721
v -0.00500000 -0.02046207 0.02146998
v 0.00800000 -0.02070984 0.02143108
v 0.00800000 -0.02144230 0.02057160
v -0.00500000 -0.02154412 0.02001275
v 0.00800000 -0.02186033 0.01837238
v -0.00500000 -0.02229493 0.01810722
v 0.00800000 -0.02406970 0.01753375
v -0.00500000 -0.02367434 0.01770002
v -0.00500000 -0.02469118 0.01660535
v 0.00800000 -0.02471418 0.01636521
v 0.00800000 -0.02471855 0.01429726
v -0.00500000 -0.02474107 0.01425826
v 0.00800000 -0.02679098 0.01305665
v -0.00500000 -0.02679387 0.01299748
v 0.00800000 -0.02716584 0.01165257
v -0.00500000 -0.02716097 0.01156882
v 0.00800000 -0.02682572 0.00978772
v -0.00500000 -0.02684112 0.00974541
v 0.00800000 -0.02881240 0.00804968
v -0.00500000 -0.02842245 0.00841280
v 0.00800000 -0.02882458 0.00698568
v -0.00500000 -0.02884844 0.00699212
v -0.00500000 -0.02812561 0.00493644
v 0.00800000 -0.02830802 0.00462267
v 0.00800000 -0.02950011 0.00329631
v -0.00500000 -0.02945152 0.00334949
v -0.00500000 -0.02962433 0.00187641
v 0.00800000 -0.02958572 0.00181560
v 0.00800000 -0.02855553 0.00002252
v -0.00500000 -0.02873427 0.00048215
v -0.00500000 -0.02916685 -0.00113469
v 0.00800000 -0.02962433 -0.00187641
v -0.00500000 -0.02958825 -0.00315075
v 0.00800000 -0.02945152 -0.00334949
v 0.00800000 -0.02812561 -0.00493644
v -0.00500000 -0.02811779 -0.00498079
v 0.00800000 -0.02891027 -0.00723698
v -0.00500000 -0.02882097 -0.00692553
v -0.00500000 -0.02847954 -0.00836887
v 0.00800000 -0.02779595 -0.00890940
v -0.00500000 -0.02716628 -0.00937463
v 0.00800000 -0.02683648 -0.01028077
v -0.00500000 -0.02701979 -0.01104190
v 0.00800000 -0.02724991 -0.01220065
v 0.00800000 -0.02679387 -0.01299748
v -0.00500000 -0.02672624 -0.01308051
v 0.00800000 -0.02474107 -0.01425826
v -0.00500000 -0.02501979 -0.01402580
v -0.00500000 -0.02470566 -0.01621985
v 0.00800000 -0.02471367 -0.01665490
v 0.00800000 -0.02387942 -0.01759060
v -0.00500000 -0.02389969 -0.01760474
v -0.00500000 -0.02220413 -0.01815736
v 0.00800000 -0.02173721 -0.01871381
v -0.00500000 -0.02146998 -0.02046207
v 0.00800000 -0.02144867 -0.02070969
v 0.00800000 -0.02057160 -0.02144230
v -0.00500000 -0.02001275 -0.02154412
v 0.00800000 -0.01837238 -0.02186033
v -0.00500000 -0.01810722 -0.02229493
v 0.00800000 -0.01748046 -0.02421433
v -0.00500000 -0.01770002 -0.02367434
v -0.00500000 -0.01660535 -0.02469118
v 0.00800000 -0.01636521 -0.02471418
v 0.00800000 -0.01429726 -0.02471855
v -0.00500000 -0.01425826 -0.02474107
v 0.00800000 -0.01302564 -0.02681114
v -0.00500000 -0.01299748 -0.02679387
v 0.00800000 -0.01165257 -0.02716584
v -0.00500000 -0.01156882 -0.02716097
v 0.00800000 -0.00978772 -0.02682572
v -0.00500000 -0.00974541 -0.02684112
v 0.00800000 -0.00820494 -0.02865079
v -0.00500000 -0.00841280 -0.02842245
v 0.00800000 -0.00698568 -0.02882458
v -0.00500000 -0.00699212 -0.02884844
v -0.00500000 -0.00493644 -0.02812561
v 0.00800000 -0.00462267 -0.02830802
v 0.00800000 -0.00314982 -0.02961185
v -0.00500000 -0.00334949 -0.02945152
v -0.00500000 -0.00187641 -0.02962433
v 0.00800000 -0.00181560 -0.02958572
v 0.00800000 -0.00002252 -0.02855553
v -0.00500000 -0.00048215 -0.02873427
v -0.00500000 0.00113469 -0.02916685
v 0.00800000 0.00203220 -0.02971158
v -0.00500000 0.00315075 -0.02958825
v 0.00800000 0.00305071 -0.02966477
v 0.00800000 0.00493644 -0.02812561
v -0.00500000 0.00498079 -0.02811779
v 0.00800000 0.00715905 -0.02888148
v -0.00500000 0.00692553 -0.02882097
v -0.00500000 0.00836887 -0.02847954
v 0.00800000 0.00808177 -0.02875852
v 0.00800000 0.00974541 -0.02684112
v -0.00500000 0.00937463 -0.02716628
v -0.00500000 0.01104190 -0.02701979
v 0.00800000 0.01156883 -0.02716097
v 0.00800000 0.01296898 -0.02684966
v -0.00500000 0.01308051 -0.02672624
v 0.00800000 0.01396066 -0.02510050
v -0.00500000 0.01402580 -0.02501979
v 0.00800000 0.01596762 -0.02469200
v -0.00500000 0.01621985 -0.02470566
v 0.00800000 0.01752766 -0.02403792
v -0.00500000 0.01760474 -0.02389969
v -0.00500000 0.01815736 -0.02220413
v 0.00800000 0.01871381 -0.02173721
v -0.00500000 0.02046207 -0.02146998
v 0.00800000 0.02070984 -0.02143108
v 0.00800000 0.02144230 -0.02057160
v -0.00500000 0.02154412 -0.02001275
v 0.01288581 -0.03649236 -0.00901553
v 0.01297136 -0.05005381 -0.01316255
v 0.01296646 -0.03509250 -0.01408034
v 0.01289822 -0.04821793 -0.01916175
v 0.01291665 -0.04618684 -0.02367046
v 0.01287634 -0.03249856 -0.01887502
v 0.01296646 -0.02970411 -0.02339669
v 0.01296704 -0.04099424 -0.03162070
v 0.01299684 -0.02468970 -0.02885543
v 0.01296782 -0.00540961 0.03742480
v 0.01292870 -0.01251979 0.05033755
v 0.01288508 -0.01196958 0.03567674
v 0.01297265 -0.02208054 0.04680691
v 0.01289366 -0.01910702 0.03242942
v 0.01288517 -0.02747520 0.04404017
v 0.01296782 -0.02478424 0.02855908
v 0.01291611 -0.03168136 0.04110434
v 0.01291127 0.03339230 -0.01744757
v 0.01292679 0.04610490 -0.02376724
v 0.01288730 0.03630563 -0.00984947
v 0.01288762 0.04929214 -0.01625652
v 0.01296704 0.05074285 -0.01027419
v 0.01296782 0.03764522 -0.00356611
v 0.01289289 -0.03603041 0.01088774
v 0.01292679 -0.05093333 0.00981524
v 0.01289378 -0.03750066 0.00325264
v 0.01288762 -0.05187546 0.00171074
v 0.01296646 -0.03763790 -0.00362327
v 0.01296704 -0.05158199 -0.00443787
v 0.01298553 -0.03838156 0.03469430
v 0.01297047 -0.02983060 0.02325686
v 0.01296646 -0.03362190 0.01730051
v 0.01297264 -0.04597155 0.02377084
v 0.01291958 -0.04979734 0.01461033
v 0.01296800 0.00896250 0.03675237
v 0.01291341 0.02091758 0.04749122
v 0.01291753 0.01304556 0.05022774
v 0.01297047 0.00164101 0.03778958
v 0.01296704 0.00294820 0.05168853
v 0.01291958 -0.00739654 0.05136660
v 0.01296782 0.02970603 0.02339725
v 0.01291513 0.03891466 0.03434847
v 0.01290408 0.02588461 0.02726914
v 0.01292962 0.03219063 0.04066965
v 0.01290488 0.01713472 0.03346781
v 0.01291974 0.02829514 0.04350093
v 0.01291959 0.05189640 0.00001104
v 0.01287743 0.03753498 0.00189997
v 0.01289822 0.05166325 0.00480105
v 0.01296903 0.03704572 0.00759649
v 0.01291665 0.05098470 0.00969924
v 0.01288410 0.03553587 0.01226728
v 0.01296704 0.04824226 0.01879044
v 0.01296903 0.03340494 0.01772575
v 0.01297647 0.04405811 0.02712386
v 0.01297044 0.01611104 -0.03421555
v 0.01291341 0.02219339 -0.04690858
v 0.01288356 0.02030692 -0.03163645
v 0.01291753 0.02941662 -0.04275132
v 0.01289086 0.02546690 -0.02766876
v 0.01292746 0.03587454 -0.03746105
v 0.01297047 0.02983060 -0.02325686
v 0.01291857 0.04182107 -0.03072312
v 0.01297038 -0.00546424 -0.03742781
v 0.01291959 -0.00737469 -0.05136975
v 0.01289822 -0.00260030 -0.05182065
v 0.01289099 0.00291479 -0.03749155
v 0.01297264 0.00380478 -0.05161357
v 0.01296646 0.00894283 -0.03673914
v 0.01289838 0.00981918 -0.05094664
v 0.01291974 0.01434642 -0.04987109
v 0.01291651 -0.03417907 -0.03905812
v 0.01292869 -0.02984388 -0.04242591
v 0.01290904 -0.01724578 -0.03342482
v 0.01298553 -0.02152030 -0.04705014
v 0.01297774 -0.01233312 -0.03578855
v -0.03450322 -0.00447072 0.05404220
v -0.03285061 -0.00237336 0.05414645
v -0.03046491 -0.00308264 0.05410607
v -0.02819693 -0.00115947 0.05418818
v 0.03349975 -0.00515130 0.05397213
v 0.03350000 0.00405037 0.05404845
v -0.02835860 0.00140492 0.05418321
v -0.02974595 0.00274748 0.05413038
v -0.03216602 0.00288573 0.05412112
v -0.03450437 0.00634310 0.05391720
v -0.03404892 0.00015226 0.05419729
v -0.03450042 -0.04914633 0.02328219
v -0.03402854 -0.04706728 0.02688811
v -0.03450000 -0.04967767 0.02167415
v -0.03254988 -0.04819367 0.02479814
v -0.03029454 -0.04834901 0.02449225
v 0.03349996 -0.04707649 0.02697997
v -0.02830742 -0.04761752 0.02590153
v 0.03350024 -0.04250690 0.03389279
v -0.02839466 -0.04617850 0.02837821
v -0.03023252 -0.04539222 0.02961364
v -0.03450000 -0.04360920 0.03218505
v -0.03272767 -0.04560209 0.02929370
v -0.03219483 -0.04830831 -0.02456693
v -0.03404949 -0.04701217 -0.02696813
v -0.03450096 -0.04887423 -0.02345961
v -0.03450747 -0.04330351 -0.03280511
v -0.03285797 -0.04570768 -0.02912838
v -0.02835749 -0.04763186 -0.02587208
v 0.03349933 -0.04936292 -0.02248169
v -0.02818849 -0.04636950 -0.02806645
v -0.03046416 -0.04531670 -0.02972537
v 0.03350008 -0.04368674 -0.03224500
v -0.02974654 -0.04824990 -0.02468634
v -0.03450322 0.00447072 -0.05404220
v -0.03285061 0.00237336 -0.05414645
v -0.03046491 0.00308264 -0.05410607
v -0.02819693 0.00115947 -0.05418818
v 0.03349975 0.00515130 -0.05397213
v 0.03350000 -0.00405037 -0.05404845
v -0.02835860 -0.00140492 -0.05418321
v -0.02974595 -0.00274748 -0.05413038
v -0.03216602 -0.00288573 -0.05412112
v -0.03450437 -0.00634310 -0.05391720
v -0.03404892 -0.00015226 -0.05419729
v -0.00888532 0.04396980 -0.03175050
v -0.01474996 0.04549701 -0.02959494
v -0.02797184 0.04680311 -0.02736718
v -0.02945031 0.04557278 -0.02933903
v -0.03170589 0.04538565 -0.02962611
v -0.03450000 0.04360920 -0.03218505
v -0.03368312 0.04623219 -0.02828654
v -0.03450057 0.04914697 -0.02328197
v -0.03360334 0.04766278 -0.02580247
v -0.03450635 0.05081976 -0.01926502
v -0.03176800 0.04834381 -0.02450361
v -0.02927562 0.04816461 -0.02484647
v -0.02652960 0.05020722 -0.02058607
v -0.02297811 0.04870221 -0.02397772
v -0.01980916 0.04731959 -0.02656464
v -0.03201237 0.04835645 0.02446482
v -0.03404949 0.04701217 0.02696813
v -0.03450000 0.04791905 0.02532596
v -0.03450838 0.04355681 0.03235287
v -0.03285797 0.04570768 0.02912838
v -0.03046414 0.04531670 0.02972537
v -0.02818795 0.04637114 0.02806154
v -0.01184379 0.04463460 0.03084069
v -0.02868494 0.04794196 0.02528586
v -0.02383117 0.04888440 0.02352507
v -0.01833639 0.04671616 0.02763172
v -0.02678894 0.05050955 0.01985028
v -0.03450427 0.05150905 0.01733063
v 0.02564796 0.04978595 0.02160849
v 0.02868664 0.05158882 0.01707846
v 0.03350205 0.05175125 0.01638677
v 0.03177271 0.05301993 0.01161511
v 0.02072986 0.04751559 0.02616514
v 0.03350005 0.04681959 0.02745261
v 0.01470801 0.04545799 0.02964210
v -0.00260824 0.04314179 0.03290196
v 0.03350000 0.04108207 0.03535398
v 0.00699706 0.04351902 0.03235952
v -0.02893569 0.05146400 0.01722390
v -0.03449712 0.05407618 0.00453812
v -0.03251953 0.05374520 0.00747976
v -0.03168809 0.05295979 0.01186495
v -0.03300427 0.05413439 0.00334294
v -0.03449837 0.05379182 -0.00717535
v -0.03260519 0.05401530 -0.00558432
v -0.03289352 0.05423684 -0.00133895
v -0.03179003 0.05301606 -0.01160843
v -0.02944302 0.05171705 -0.01638655
v -0.03450017 0.03852290 -0.03828252
v 0.00567622 0.04345971 -0.03249490
v -0.00344787 0.04322998 -0.03279155
v 0.01907171 0.04685038 -0.02732662
v 0.01390750 0.04509034 -0.03013584
v 0.03350007 0.04234074 -0.03392663
v 0.02476694 0.04930865 -0.02266909
v 0.03350000 0.04693858 -0.02710000
v 0.03350000 0.04967767 -0.02167415
v 0.02855183 0.05157728 -0.01718746
v 0.03350439 0.05276236 -0.01265636
v 0.03191831 0.05334865 -0.01010415
v 0.03091328 0.05257182 -0.01353684
v 0.03336652 0.05415438 -0.00178052
v 0.03251317 0.05397316 -0.00620912
v 0.03342099 0.05387749 0.00583519
v 0.03350000 0.01358824 0.05254906
v -0.03450000 0.01837481 0.05107260
v 0.03350000 0.02494084 0.04820787
v -0.03450000 0.02710000 0.04693858
v -0.03450000 0.03421195 0.04213771
v 0.03350000 0.03504277 0.04144935
v -0.03450000 -0.03804231 0.03871469
v 0.03350000 -0.03261237 0.04338753
v -0.03450000 -0.02847367 0.04620925
v 0.03350000 -0.02532596 0.04791905
v -0.03450000 -0.01747725 0.05138667
v 0.03350000 -0.01645234 0.05172393
v -0.03450000 -0.05302041 -0.01161382
v 0.03350000 -0.05324078 -0.01055760
v -0.03450000 -0.05427539 0.00047550
v 0.03350000 -0.05425521 0.00155426
v -0.03450000 -0.05280878 0.01254100
v 0.03350000 -0.05254906 0.01358824
v 0.03350000 -0.01358824 -0.05254906
v -0.03450000 -0.01837481 -0.05107260
v 0.03350000 -0.02494084 -0.04820787
v -0.03450000 -0.02710000 -0.04693858
v -0.03450000 -0.03421195 -0.04213771
v 0.03350000 -0.03504277 -0.04144935
v 0.03350000 0.03261237 -0.04338753
v -0.03450000 0.02847367 -0.04620925
v 0.03350000 0.02532596 -0.04791905
v -0.03450000 0.01747725 -0.05138667
v 0.03350000 0.01645234 -0.05172393
v -0.03449977 0.04623341 -0.02607254
v -0.03449973 0.05093721 -0.01492323
v -0.03449973 0.05299350 -0.00299831
v -0.03449973 0.05229541 0.00908247
v -0.03449973 0.04887921 0.02069118
v -0.03449973 0.04292242 0.03122447
v -0.03433681 0.03742664 0.03706728
v -0.03449973 0.02993330 0.04383263
v -0.03436474 0.01995006 0.04887082
v -0.03449973 0.00752220 0.05254253
v -0.03449973 -0.00457403 0.05288081
v -0.03428825 -0.01532527 0.05042591
v -0.03449973 -0.02207856 0.04826840
v -0.03439619 -0.03226566 0.04181188
v -0.03433681 -0.03812091 0.03635290
v -0.03449973 -0.04466953 0.02866940
v -0.03434400 -0.04951661 0.01815265
v -0.03449973 -0.05273591 0.00601872
v -0.03449973 -0.05272863 -0.00608215
v -0.03449973 -0.04998071 -0.01786700
v -0.03449973 -0.04463499 -0.02872315
v -0.03449973 -0.03696932 -0.03808636
v -0.03439619 -0.02725677 -0.04523687
v -0.03449973 -0.01637169 -0.05049029
v -0.03428136 -0.00560084 -0.05238835
v -0.03449973 0.00154762 -0.05305569
v -0.03449973 0.01352433 -0.05132635
v -0.03449973 0.02479812 -0.04692926
v -0.03449973 0.03478299 -0.04009295
v -0.03428802 0.04209410 -0.03170689
v 0.00549900 -0.04447963 -0.02782964
v -0.02973273 -0.04604316 -0.02548567
v -0.02938021 -0.04542901 -0.02631793
v -0.03026248 -0.04484053 -0.02748561
v -0.03406778 -0.04139272 -0.03251822
v -0.03142447 -0.04477797 -0.02757371
v -0.03224876 -0.04509703 -0.02709412
v -0.03255061 -0.04560599 -0.02610209
v -0.03389609 -0.04695572 -0.02349740
v -0.03204938 -0.04613510 -0.02528492
v -0.03086245 -0.04631414 -0.02492004
v 0.00550110 -0.04798383 -0.02071609
v -0.03258394 -0.04537069 0.02641825
v -0.03161253 -0.04480357 0.02754419
v -0.03390031 -0.04422969 0.02829842
v -0.03062522 -0.04475269 0.02757840
v 0.00550044 -0.04113453 0.03289658
v -0.02962765 -0.04517910 0.02694879
v 0.00549892 -0.04717848 0.02289410
v -0.02956427 -0.04587130 0.02576233
v -0.03020634 -0.04619538 0.02511847
v -0.03126574 -0.04628415 0.02493724
v -0.03242539 -0.04592085 0.02572270
v 0.00550000 -0.00099954 0.05249048
v -0.02960095 -0.00087853 0.05249791
v 0.00550025 -0.00871478 0.05188114
v -0.03400000 -0.00697649 0.05203440
v -0.03116376 -0.00156892 0.05255476
v -0.03229611 -0.00102559 0.05249387
v -0.03389733 0.00174108 0.05247184
v -0.03242895 0.00073500 0.05249663
v -0.03141608 0.00148961 0.05254662
v -0.03056216 0.00148740 0.05257187
v -0.02962915 0.00076457 0.05259180
v 0.00550031 0.00708843 0.05218484
v 0.00550040 -0.05091907 0.01264524
v -0.03399238 -0.05114134 0.01222341
v 0.00550000 -0.05256764 0.00103265
v -0.03399238 -0.05258084 0.00032237
v 0.00550000 -0.05143540 -0.01090062
v -0.03399238 -0.05128738 -0.01159542
v 0.00550000 -0.03737691 -0.03697823
v -0.03399238 -0.03236367 -0.04144203
v 0.00550000 -0.02803010 -0.04448299
v 0.00550042 -0.01710563 -0.04960699
v -0.03399238 -0.01655493 -0.04990775
v 0.00550008 -0.00488846 -0.05239384
v -0.03118948 -0.00160120 -0.05247514
v -0.02973184 -0.00095149 -0.05262249
v -0.02938021 0.00007752 -0.05250170
v 0.00550016 0.00579252 -0.05229313
v -0.03022249 0.00136032 -0.05260655
v -0.03116233 0.00156965 -0.05255446
v -0.03400000 0.00399453 -0.05234782
v -0.03229627 0.00102537 -0.05249348
v -0.03242902 -0.00073496 -0.05249735
v -0.03399238 0.01305527 -0.05093534
v 0.00550000 0.01810963 -0.04936056
v -0.03399238 0.02425267 -0.04665465
v 0.00550000 0.02881901 -0.04397599
v -0.03399238 0.03418951 -0.03994904
v 0.00550042 0.03801816 -0.03616733
v 0.00549971 0.04515218 -0.02677326
v -0.03073537 0.04473552 -0.02761331
v -0.02947211 0.04517905 -0.02674506
v -0.02964962 0.04596306 -0.02562684
v -0.03059239 0.04628279 -0.02498939
v -0.03400000 0.04689076 -0.02361157
v -0.03137362 0.04626290 -0.02496789
v -0.03234545 0.04597377 -0.02562648
v -0.03258618 0.04537071 -0.02641602
v -0.03179176 0.04485392 -0.02745211
v 0.00550000 0.05014735 -0.01580084
v -0.03399238 0.05036012 -0.01512305
v 0.00550040 0.05175049 -0.00674878
v -0.03399238 0.05247669 -0.00332363
v 0.00550000 0.05254086 0.00197003
v -0.03399238 0.05186570 0.00864855
v 0.00550000 0.05072921 0.01381922
v -0.03402784 0.04843045 0.02057960
v 0.00549949 0.04609146 0.02514419
v -0.03056235 0.04627235 0.02499766
v -0.02962924 0.04592873 0.02563357
v -0.02950762 0.04534576 0.02665837
v -0.03026338 0.04483999 0.02748675
v -0.03142407 0.04477745 0.02757411
v -0.03402904 0.04299001 0.03031947
v -0.03225035 0.04509719 0.02709311
v -0.03254789 0.04557310 0.02618795
v -0.03242406 0.04583009 0.02561150
v -0.03141607 0.04625143 0.02498304
v 0.00550000 0.03942698 0.03478414
v 0.00550042 0.03038863 0.04277835
v -0.03399238 0.02994502 0.04322204
v 0.00550000 0.02003424 0.04861124
v -0.03399238 0.01367877 0.05077145
v 0.00550000 -0.02089803 0.04824619
v -0.03399238 -0.02687660 0.04519400
v 0.00550000 -0.03128256 0.04225902
v 0.00549957 -0.04490070 0.02640733
v 0.00550016 -0.03794695 0.03565860
v 0.00549987 -0.02903722 0.04323927
v 0.00550000 -0.02115031 0.04750437
v 0.00550016 -0.01264451 0.05051359
v 0.00549987 -0.00105073 0.05207389
v 0.00550000 0.00789003 0.05139793
v 0.00550016 0.01667247 0.04933087
v 0.00549987 0.02726938 0.04437539
v 0.00550016 0.04069600 0.03248604
v 0.00549987 0.04693159 0.02258805
v 0.00550000 0.05003084 0.01417445
v 0.00550016 0.05179893 0.00532696
v 0.00550000 0.04975191 -0.01512441
v 0.00550016 0.04645605 -0.02352322
v 0.00549987 0.04004290 -0.03330706
v 0.00550016 0.02636370 -0.04490503
v 0.00549987 0.01567907 -0.04966851
v 0.00550000 0.00691004 -0.05153883
v 0.00550016 -0.00209896 -0.05202981
v 0.00549987 -0.01366274 -0.05026055
v 0.00550016 -0.02989526 -0.04263542
v 0.00549987 -0.03866672 -0.03489525
v 0.00550000 -0.04401084 -0.02769560
v 0.00549987 -0.05139432 -0.00845092
v 0.00550000 -0.05199764 0.00049503
v 0.00550016 -0.05120150 0.00948223
v 0.01265293 0.04404980 -0.02762189
v 0.01280333 0.03879701 -0.03454306
v 0.01280601 0.03271388 -0.04034740
v 0.01281985 0.02579803 -0.04506654
v 0.01272361 0.01802069 -0.04874682
v 0.01267573 0.00354476 -0.05190729
v 0.01278493 -0.01339850 -0.05024109
v 0.01265212 -0.02121713 -0.04750558
v 0.01272095 -0.02685600 -0.04449669
v 0.01267545 -0.03834750 -0.03516254
v 0.01261574 -0.04359885 -0.02840583
v 0.01264255 -0.05036944 -0.01308288
v 0.01260851 -0.05182186 -0.00475101
v 0.01280703 -0.05160783 0.00590855
v 0.01272361 -0.04864144 0.01830323
v 0.01264300 -0.04608959 0.02415065
v 0.01278408 -0.04162879 0.03115528
v 0.01259600 -0.03594978 0.03763239
v 0.01265129 -0.02178891 0.04724672
v 0.01272095 -0.01604142 0.04943554
v 0.01272361 -0.00355719 0.05184924
v 0.01260851 0.00267236 0.05197052
v 0.01280602 0.00906948 0.05114543
v 0.01281985 0.01716489 0.04900916
v 0.01272361 0.02503933 0.04554152
v 0.01280602 0.03528104 0.03812294
v 0.01259601 0.04236556 0.03022819
v 0.01270801 0.04666796 0.02298338
v 0.01261575 0.04983564 0.01497197
v 0.01272361 0.05182773 -0.00385796
v 0.01260850 0.05106122 -0.01004132
v 0.01280703 0.04785273 -0.02020879
v 0.00769967 0.00407880 -0.03283220
v 0.00769866 0.00456494 -0.03540729
v 0.00769963 0.01322458 -0.03032558
v 0.00769967 0.01571148 -0.03191369
v 0.00769877 0.02284551 -0.02407165
v 0.00769967 0.02358470 -0.02662886
v 0.00769881 0.03121330 -0.01732787
v 0.00769960 0.02978260 -0.01445783
v 0.00769959 0.03269089 -0.00504875
v 0.00769967 0.03501249 -0.00628170
v 0.00769948 0.03277825 0.00442790
v 0.00769881 0.03523512 0.00574555
v 0.00769943 0.03017612 0.01353663
v 0.00769866 0.03019609 0.01904497
v 0.00769916 0.02510096 0.02153054
v 0.00769967 0.02233508 0.02768535
v 0.00769703 0.01621254 0.02894542
v 0.00769967 0.01422718 0.03260247
v 0.00769960 0.00540298 0.03264092
v 0.00769967 0.00510825 0.03520283
v 0.00769961 -0.00407880 0.03283215
v 0.00769967 -0.00437367 0.03530163
v 0.00769963 -0.01322458 0.03032558
v 0.00769967 -0.01354480 0.03289183
v 0.00769877 -0.02284551 0.02407164
v 0.00769967 -0.02175343 0.02814467
v 0.00769894 -0.02998465 0.01933985
v 0.00769970 -0.02978269 0.01445787
v 0.00769881 -0.03517021 0.00613036
v 0.00769959 -0.03269089 0.00504875
v 0.00769948 -0.03277825 -0.00442790
v 0.00769881 -0.03477268 -0.00808615
v 0.00769934 -0.03017603 -0.01353660
v 0.00769881 -0.02885670 -0.02101942
v 0.00769916 -0.02510096 -0.02153054
v 0.00769703 -0.01621254 -0.02894542
v 0.00769881 -0.01836118 -0.03061686
v 0.00769960 -0.00540297 -0.03264092
v 0.00769967 -0.00744811 -0.03478304
v 0.00968822 0.03683696 -0.00736439
v 0.01263955 0.03484983 -0.01398256
v 0.00970682 0.03363988 -0.01676699
v 0.01261369 0.03735839 -0.00372617
v 0.00970000 0.03749767 0.00041776
v 0.00970766 0.03679489 0.00767813
v 0.01272427 0.03690204 0.00709023
v 0.01272678 0.03338894 0.01724131
v 0.00968909 0.03347579 0.01704774
v 0.00970000 0.02916925 0.02356704
v 0.01260201 0.02949075 0.02323341
v 0.00968987 0.02398541 0.02891941
v 0.01279294 0.02181769 0.03060825
v 0.00968998 0.01570973 0.03412502
v 0.01279975 0.01394108 0.03486634
v 0.00970000 0.00828634 0.03657303
v 0.01263428 0.00884651 0.03648972
v 0.01268100 0.00176361 0.03752473
v 0.00967444 0.00086705 0.03754719
v 0.01261636 -0.00542505 0.03714984
v 0.00969086 -0.00881684 0.03651895
v 0.00970000 -0.01616302 0.03383795
v 0.01260357 -0.01563361 0.03413334
v 0.00967399 -0.02258557 0.03000649
v 0.01260452 -0.02457830 0.02838181
v 0.01269903 -0.02955635 0.02319633
v 0.00965701 -0.03018334 0.02244530
v 0.01260114 -0.03339235 0.01715474
v 0.00972584 -0.03481109 0.01409426
v 0.00970000 -0.03682949 0.00705963
v 0.01260457 -0.03686639 0.00710605
v 0.00970186 -0.03758223 -0.00025144
v 0.01261062 -0.03738522 -0.00346883
v 0.00968479 -0.03619323 -0.01005045
v 0.01262156 -0.03492301 -0.01378374
v 0.00970000 -0.03327897 -0.01728468
v 0.01267717 -0.02949481 -0.02326534
v 0.00970257 -0.02934413 -0.02348290
v 0.01279398 -0.02456012 -0.02845418
v 0.00968564 -0.02217807 -0.03031754
v 0.01280172 -0.02030889 -0.03158440
v 0.00970000 -0.01540513 -0.03418965
v 0.01269289 -0.01240013 -0.03546257
v 0.00970329 -0.00848391 -0.03661399
v 0.01264024 -0.00538584 -0.03716188
v 0.01271730 0.00003300 -0.03752615
v 0.00968649 0.00138141 -0.03753892
v 0.00970000 0.00909909 -0.03637934
v 0.01260352 0.00888549 -0.03647844
v 0.00970597 0.01601953 -0.03400151
v 0.01272366 0.01557607 -0.03419567
v 0.01271786 0.02322528 -0.02947553
v 0.00968735 0.02434729 -0.02860676
v 0.00970000 0.02968706 -0.02291133
v 0.01263566 0.02952079 -0.02320373
v 0.00950000 0.02471855 -0.01429726
v 0.00899000 0.02474107 -0.01425826
v 0.00950000 0.02672624 -0.01308051
v 0.00899000 0.02679387 -0.01299748
v 0.00950000 0.02716584 -0.01165257
v 0.00899000 0.02716097 -0.01156882
v 0.00950000 0.02682572 -0.00978772
v 0.00899000 0.02684112 -0.00974541
v 0.00950000 0.02186033 -0.01837238
v 0.00899000 0.02229493 -0.01810722
v 0.00950000 0.02389969 -0.01760474
v 0.00899000 0.02367434 -0.01770002
v 0.00899000 0.02469118 -0.01660535
v 0.00950000 0.02471418 -0.01636521
v 0.00949969 0.02089432 -0.02772083
v 0.00949973 0.03036303 -0.01682576
v 0.00950000 0.01871381 -0.02173721
v 0.00950000 0.02031902 -0.02153185
v 0.00950000 -0.00848762 -0.02836272
v 0.00952174 -0.01107678 -0.03302311
v 0.00950000 -0.00978772 -0.02682572
v 0.00950000 0.02144230 -0.02057160
v 0.00949991 0.03189532 0.01334883
v 0.00950000 0.02691448 0.01038281
v 0.00950000 0.02679387 0.01299748
v 0.00952174 0.02837186 0.02020541
v 0.00949992 -0.01222756 0.03234177
v 0.00950000 -0.01038281 0.02691448
v 0.00950000 -0.01299748 0.02679387
v 0.00950000 -0.02389969 0.01760474
v 0.00950000 -0.02471418 0.01636521
v 0.00949970 -0.03146274 0.01466675
v 0.00950000 -0.02471855 0.01429726
v 0.00950000 -0.02672624 0.01308051
v 0.00950000 -0.02836272 0.00848762
v 0.00950000 -0.02882458 0.00698568
v 0.00949975 -0.03470820 0.00060169
v 0.00949988 -0.02540622 -0.02345261
v 0.00950000 -0.01760474 -0.02389969
v 0.00949991 -0.01795761 -0.02954703
v 0.00950000 0.01759060 -0.02387942
v 0.00950000 -0.00715905 0.02888148
v 0.00950000 -0.00890940 0.02779595
v 0.00949973 -0.02277716 0.02619581
v 0.00950000 -0.01596762 0.02469200
v 0.00950000 -0.01759060 0.02387942
v 0.00950000 -0.02186033 0.01837238
v 0.00950000 -0.02144230 0.02057160
v 0.00950000 -0.02716584 0.01165257
v 0.00950000 0.00493644 -0.02812561
v 0.00950000 0.00715905 -0.02888148
v 0.00949994 0.00994172 -0.03311597
v 0.00950000 0.01299748 -0.02679387
v 0.00950000 -0.02830802 0.00462267
v 0.00950000 -0.02950011 0.00329631
v 0.00950000 -0.02958572 0.00181560
v 0.00950000 -0.02153185 -0.02031902
v 0.00950000 -0.02057160 -0.02144230
v 0.00950000 -0.01165257 -0.02716584
v 0.00950000 0.01596762 -0.02469200
v 0.00950000 0.02836272 -0.00848762
v 0.00949985 0.03412252 -0.00558147
v 0.00950000 0.02882458 -0.00698568
v 0.00950000 0.02888148 0.00715905
v 0.00950000 0.02779595 0.00890940
v 0.00950000 0.00698568 0.02882458
v 0.00949994 0.00198414 0.03451910
v 0.00949991 0.01142201 0.03263495
v 0.00950000 0.00848762 0.02836272
v 0.00950000 -0.00493644 0.02812561
v 0.00950000 -0.00334949 0.02945152
v 0.00959408 -0.00937285 0.03359828
v 0.00950000 -0.02031902 0.02153185
v 0.00950000 -0.02682572 0.00978772
v 0.00950000 -0.02855553 0.00002252
v 0.00950000 -0.02962433 -0.00187641
v 0.00950000 -0.02945152 -0.00334949
v 0.00950000 -0.02888148 -0.00715905
v 0.00949973 -0.03195223 -0.01356741
v 0.00950000 -0.02812561 -0.00493644
v 0.00950000 -0.02779595 -0.00890940
v 0.00950000 -0.02469200 -0.01596762
v 0.00950000 -0.02387942 -0.01759060
v 0.00950000 -0.01636521 -0.02471418
v 0.00950000 -0.01308051 -0.02672624
v 0.00949985 0.00042859 -0.03457334
v 0.00950000 0.00187641 -0.02962433
v 0.00950000 0.00334949 -0.02945152
v 0.00950000 0.00890940 -0.02779595
v 0.00950000 0.01038281 -0.02691448
v 0.00950000 0.01396066 -0.02510050
v 0.00949994 0.03433923 0.00404015
v 0.00950000 -0.01396066 0.02510050
v 0.00950000 -0.01871381 0.02173721
v 0.00950000 -0.02173721 -0.01871381
v 0.00950000 0.02950011 -0.00329631
v 0.00950000 0.02830802 -0.00462267
v 0.00950000 0.02958572 -0.00181560
v 0.00950000 0.02387942 0.01759060
v 0.00950000 0.02469200 0.01596762
v 0.00950000 0.01308051 0.02672624
v 0.00950000 0.01165257 0.02716584
v 0.00950000 0.00978772 0.02682572
v 0.00950000 -0.02691448 -0.01038281
v 0.00950000 -0.02679387 -0.01299748
v 0.00950000 -0.01429726 -0.02471855
v 0.00950000 -0.00698568 -0.02882458
v 0.00950000 -0.00329631 -0.02950011
v 0.00950000 -0.00181560 -0.02958572
v 0.00950000 0.02855553 -0.00002252
v 0.00950000 0.02962433 0.00187641
v 0.00950000 0.01837238 0.02186033
v 0.00950000 0.01760474 0.02389969
v 0.00949994 0.01997497 0.02822243
v 0.00950000 0.01636521 0.02471418
v 0.00950000 0.00329631 0.02950011
v 0.00950000 0.00181560 0.02958572
v 0.00950000 0.02173721 0.01871381
v 0.00950000 0.02153185 0.02031902
v 0.00950000 0.00462267 0.02830802
v 0.00950000 -0.00187641 0.02962433
v 0.00950000 -0.01837238 -0.02186033
v 0.00950000 0.02945152 0.00334949
v 0.00950000 0.02057160 0.02144230
v 0.00950000 0.01429726 0.02471855
v 0.00950000 -0.02510050 -0.01396066
v 0.00950000 -0.00462267 -0.02830802
v 0.00950000 0.02510050 0.01396066
v 0.00950000 0.00002252 0.02855553
v 0.00950000 -0.00002252 -0.02855553
v 0.00950000 0.02812561 0.00493644
v 0.00899000 0.02842245 -0.00841280
v 0.00899000 0.02884844 -0.00699212
v 0.00899000 0.02812561 -0.00493644
v 0.00899000 0.02945152 -0.00334949
v 0.00899000 0.02962433 -0.00187641
v 0.00899000 0.02855553 0.00002251
v 0.00899000 0.02973698 0.00219336
v 0.00899000 0.02930651 0.00356159
v 0.00899000 0.02811779 0.00498079
v 0.00899000 0.02882097 0.00692553
v 0.00899000 0.02875163 0.00810481
v 0.00899000 0.02716628 0.00937463
v 0.00899000 0.02701979 0.01104190
v 0.00899000 0.02679098 0.01305664
v 0.00899000 0.02501979 0.01402580
v 0.00899000 0.02470566 0.01621985
v 0.00899000 0.02406970 0.01753375
v 0.00899000 0.02220413 0.01815736
v 0.00899000 0.02146998 0.02046207
v 0.00899000 0.02070984 0.02143108
v 0.00899000 0.01833789 0.02188928
v 0.00899000 0.01770002 0.02367434
v 0.00899000 0.01670631 0.02468611
v 0.00899000 0.01478469 0.02464353
v 0.00899000 0.01378551 0.02547828
v 0.00899000 0.01229199 0.02720274
v 0.00899000 0.00974541 0.02684112
v 0.00899000 0.00815863 0.02867111
v 0.00899000 0.00699212 0.02884844
v 0.00899000 0.00493644 0.02812561
v 0.00899000 0.00305070 0.02966477
v 0.00899000 0.00203220 0.02971158
v 0.00899000 0.00048215 0.02873427
v 0.00899000 -0.00113469 0.02916685
v 0.00899000 -0.00309882 0.02963932
v 0.00899000 -0.00498079 0.02811779
v 0.00899000 -0.00692553 0.02882097
v 0.00899000 -0.00822863 0.02862328
v 0.00899000 -0.00978772 0.02682572
v 0.00899000 -0.01224222 0.02718924
v 0.00899000 -0.01337022 0.02632096
v 0.00899000 -0.01429726 0.02471855
v 0.00899000 -0.01672124 0.02467275
v 0.00899000 -0.01760474 0.02389969
v 0.00899000 -0.01815736 0.02220413
v 0.00899000 -0.02046207 0.02146998
v 0.00899000 -0.02137743 0.02092742
v 0.00899000 -0.02188928 0.01833789
v 0.00899000 -0.02367434 0.01770002
v 0.00899000 -0.02469118 0.01660535
v 0.00899000 -0.02474107 0.01425826
v 0.00899000 -0.02679387 0.01299748
v 0.00899000 -0.02716097 0.01156882
v 0.00899000 -0.02684112 0.00974541
v 0.00899000 -0.02842245 0.00841280
v 0.00899000 -0.02884844 0.00699212
v 0.00899000 -0.02812561 0.00493644
v 0.00899000 -0.02945152 0.00334949
v 0.00899000 -0.02962433 0.00187641
v 0.00899000 -0.02855553 -0.00002251
v 0.00899000 -0.02973698 -0.00219336
v 0.00899000 -0.02930651 -0.00356159
v 0.00899000 -0.02811779 -0.00498079
v 0.00899000 -0.02890922 -0.00726999
v 0.00899000 -0.02847954 -0.00836887
v 0.00899000 -0.02682572 -0.00978772
v 0.00899000 -0.02723500 -0.01233167
v 0.00899000 -0.02679098 -0.01305664
v 0.00899000 -0.02501979 -0.01402580
v 0.00899000 -0.02470566 -0.01621985
v 0.00899000 -0.02406970 -0.01753375
v 0.00899000 -0.02220413 -0.01815736
v 0.00899000 -0.02146998 -0.02046207
v 0.00899000 -0.02070984 -0.02143108
v 0.00899000 -0.01833789 -0.02188928
v 0.00899000 -0.01770002 -0.02367434
v 0.00899000 -0.01670631 -0.02468611
v 0.00899000 -0.01425826 -0.02474107
v 0.00899000 -0.01296899 -0.02684966
v 0.00899000 -0.01156882 -0.02716097
v 0.00899000 -0.00974541 -0.02684112
v 0.00899000 -0.00841280 -0.02842245
v 0.00899000 -0.00735684 -0.02895204
v 0.00899000 -0.00493644 -0.02812561
v 0.00899000 -0.00334949 -0.02945152
v 0.00899000 -0.00203220 -0.02971158
v 0.00899000 -0.00048215 -0.02873427
v 0.00899000 0.00113469 -0.02916685
v 0.00899000 0.00309882 -0.02963932
v 0.00899000 0.00498079 -0.02811779
v 0.00899000 0.00692553 -0.02882097
v 0.00899000 0.00822863 -0.02862328
v 0.00899000 0.00978772 -0.02682572
v 0.00899000 0.01224222 -0.02718924
v 0.00899000 0.01337022 -0.02632096
v 0.00899000 0.01402580 -0.02501979
v 0.00899000 0.01621985 -0.02470566
v 0.00899000 0.01760474 -0.02389969
v 0.00899000 0.01815736 -0.02220413
v 0.00899000 0.02046207 -0.02146998
v 0.00899000 0.02154412 -0.02001275
v 0.01359824 0.02639480 -0.02313640
v 0.01000000 0.02758038 -0.02154815
v 0.01355926 0.03038482 -0.01754275
v 0.00999122 0.03142809 -0.01556509
v 0.01000903 0.02232232 -0.02707222
v 0.01355994 0.02146783 -0.02774822
v 0.01357343 0.01726731 -0.03050038
v 0.00999402 0.01384743 -0.03222088
v 0.01355792 0.01266526 -0.03271840
v 0.01357168 0.00785702 -0.03415560
v 0.00999768 0.00438045 -0.03479956
v 0.01355958 0.00279530 -0.03497400
v 0.01356825 -0.00223705 -0.03497467
v 0.00999122 -0.00509143 -0.03469978
v 0.01355927 -0.00729472 -0.03431870
v 0.01359826 -0.01384756 -0.03225251
v 0.01000903 -0.01884921 -0.02959559
v 0.01352117 -0.01973351 -0.02900148
v 0.01357342 -0.02367168 -0.02584733
v 0.00999401 -0.02636478 -0.02312650
v 0.01355791 -0.02720327 -0.02215591
v 0.01357169 -0.03005596 -0.01802712
v 0.00999768 -0.03174271 -0.01491973
v 0.01355958 -0.03239847 -0.01346602
v 0.01356824 -0.03395417 -0.00868020
v 0.00999123 -0.03457478 -0.00588058
v 0.01355927 -0.03489321 -0.00366735
v 0.01359823 -0.03495308 0.00320330
v 0.01000000 -0.03497868 0.00122148
v 0.01000903 -0.03397181 0.00878110
v 0.01355993 -0.03367783 0.00983032
v 0.01357342 -0.03189723 0.01452584
v 0.00999402 -0.03014178 0.01792790
v 0.01355792 -0.02947778 0.01902532
v 0.01357168 -0.02643263 0.02301422
v 0.00999768 -0.02399852 0.02557868
v 0.01355958 -0.02281863 0.02665154
v 0.01356824 -0.01874777 0.02961001
v 0.00999123 -0.01627699 0.03106537
v 0.01355926 -0.01427048 0.03205213
v 0.01356647 -0.00777511 0.03422387
v 0.01000903 -0.00214649 0.03502262
v 0.01339876 -0.00101016 0.03504768
v 0.01365320 0.00561636 0.03464065
v 0.00999401 0.00773612 0.03420656
v 0.01361188 0.01222818 0.03290607
v 0.00999768 0.01691077 0.03072823
v 0.01355958 0.01829575 0.02993760
v 0.01356824 0.02236739 0.02698021
v 0.00999122 0.02451509 0.02508001
v 0.01355926 0.02607359 0.02347666
v 0.01359824 0.03016047 0.01795340
v 0.01000903 0.03264518 0.01286405
v 0.01355994 0.03302405 0.01184245
v 0.01357343 0.03434347 0.00699708
v 0.00999402 0.03492296 0.00321294
v 0.01355791 0.03503083 0.00193483
v 0.01357169 0.03491186 -0.00308221
v 0.00999768 0.03445000 -0.00658753
v 0.01355959 0.03412605 -0.00814907
v 0.01356825 0.03257160 -0.01293532
v 0.00899000 -0.02595478 0.01498500
v 0.00899000 -0.02789829 0.01094927
v 0.00899000 -0.02964808 0.00487266
v 0.00800000 -0.03004317 -0.00039941
v 0.00899000 0.01841934 -0.02373772
v 0.00899000 0.02343149 -0.01868599
v 0.00899000 0.02595478 -0.01498500
v 0.00899000 0.02789829 -0.01094927
v 0.00899000 0.02964808 -0.00487266
v -0.00600000 -0.02472200 0.01221855
v -0.00600000 -0.02728776 0.00398101
v -0.00600000 -0.02718241 -0.00464620
v -0.00600000 -0.02441625 -0.01281862
v -0.00600000 -0.01926006 -0.01973627
v -0.00600000 -0.01221855 -0.02472200
v -0.00600000 -0.00398101 -0.02728776
v -0.00600000 0.00464620 -0.02718241
v -0.00600000 0.01281862 -0.02441625
v -0.00600000 0.01973627 -0.01926006
v -0.00600000 0.02472200 -0.01221855
v -0.00600000 0.02728776 -0.00398101
v -0.00600000 0.02718241 0.00464620
v -0.00600000 0.02441625 0.01281862
v -0.00600000 0.01926006 0.01973627
v -0.00600000 0.01221855 0.02472200
v -0.00600000 0.00398101 0.02728776
v -0.00600000 -0.00464620 0.02718241
v -0.00600000 -0.01281862 0.02441625
v -0.00600000 -0.01973627 0.01926006
v -0.03243881 0.04532483 -0.02698053
v -0.02952606 0.04534552 -0.02693494
v -0.03257022 0.00051964 -0.05275033
v -0.03219699 -0.00105126 -0.05272365
v -0.03085750 -0.00161301 -0.05266630
v -0.02946643 0.00039939 -0.05275301
v -0.02946643 -0.04548575 -0.02672239
v -0.03239071 -0.04528470 0.02704803
v -0.03257022 -0.00051964 0.05275033
v -0.03219699 0.00105126 0.05272365
v -0.02946643 -0.00039939 0.05275301
v -0.03023710 -0.00139901 0.05269605
v -0.03219704 0.04618676 0.02545212
v 0.01463540 -0.02058950 0.02933138
v 0.01454537 -0.02580093 0.02473274
v 0.01454537 -0.03007208 0.01931492
v 0.01463540 -0.03329647 0.01325151
v 0.01454537 -0.01456958 0.03263624
v 0.01468656 0.00916711 0.03471811
v 0.01443957 0.00227815 0.03552656
v 0.01463506 0.01560630 0.03225808
v 0.01460089 0.02284993 0.02764753
v 0.01451583 0.03565542 0.00197716
v 0.01460089 0.03526774 -0.00653390
v 0.01454537 0.03254732 -0.01476714
v 0.01445910 0.02054869 -0.02922552
v 0.01451583 0.01289854 -0.03329934
v 0.01454536 0.00633585 -0.03517461
v 0.01451583 -0.00061071 -0.03570497
v 0.01454537 -0.00739604 -0.03496706
v 0.01447190 -0.02269707 -0.02747839
v 0.01441432 -0.02755994 -0.02256104
v 0.01463506 -0.03158659 -0.01692417
v 0.01460089 -0.03473680 -0.00893647
v 0.01446333 -0.00794298 0.03473459
v 0.01444174 -0.00279577 0.03545033
v 0.01463506 0.02880978 0.02131050
v 0.01447496 0.03294371 0.01386907
v 0.01454537 0.02910379 -0.02074526
v 0.01460089 -0.01556948 -0.03231249
v 0.01454537 -0.03573922 -0.00032351
v 0.01454536 -0.03513555 0.00654897
v -0.00751606 -0.02446433 0.01664287
v -0.01163782 -0.02280462 0.01876836
v -0.00750030 -0.01997983 0.02170938
v -0.01171154 -0.01694849 0.02411839
v -0.00750874 -0.01451769 0.02577482
v -0.01160726 -0.01280319 0.02662041
v -0.00750114 -0.00843269 0.02827860
v -0.01164243 -0.00675675 0.02875815
v -0.00751007 -0.00177351 0.02953327
v -0.01171847 0.00108907 0.02945477
v -0.00750156 0.00479966 0.02912082
v -0.01161692 0.00902383 0.02812352
v -0.00751212 0.01133078 0.02733320
v -0.00750237 0.01705487 0.02409080
v -0.01164756 0.01757025 0.02373316
v -0.00751437 0.02215395 0.01961463
v -0.01181840 0.02304197 0.01830884
v -0.00750364 0.02587397 0.01420718
v -0.00751347 0.02849548 0.00798466
v -0.00749929 0.02948673 0.00148797
v -0.01168730 0.02949806 -0.00104870
v -0.00750148 0.02912010 -0.00533736
v -0.00750409 0.02622099 -0.01372205
v -0.01179938 0.02689998 -0.01198918
v -0.01162737 0.02468162 -0.01621402
v -0.00750016 0.02168790 -0.02008977
v -0.01180409 0.02172173 -0.01988332
v -0.00751320 0.01557376 -0.02517600
v -0.01165553 0.01571268 -0.02500984
v -0.01179764 0.01126046 -0.02721448
v -0.00750875 0.00727731 -0.02869571
v -0.01171310 0.00207319 -0.02940439
v -0.00750107 -0.00171793 -0.02955740
v -0.01164839 -0.00264291 -0.02941150
v -0.01160206 -0.00911612 -0.02810961
v -0.00751537 -0.01033595 -0.02772788
v -0.00750564 -0.01620857 -0.02466631
v -0.00749734 -0.02154196 -0.02030383
v -0.01171837 -0.02498294 -0.01564047
v -0.00751098 -0.02655134 -0.01305339
v -0.01165203 -0.02773290 -0.01004255
v -0.00750230 -0.02871163 -0.00681262
v -0.00749473 -0.02959501 0.00003389
v -0.01160298 -0.02951740 0.00105491
v -0.00749009 -0.02828452 0.00865451
v -0.01165365 -0.02702674 0.01181008
v 0.03350000 -0.04526528 0.02674842
v 0.03350000 -0.04032422 0.03361856
v 0.03350000 -0.03364409 0.04040419
v 0.03350000 -0.02668164 0.04521438
v 0.03350000 -0.01810963 0.04936056
v 0.03350000 -0.00645899 0.05217955
v 0.03350000 0.00552732 0.05228644
v 0.03350000 0.01722635 0.04967571
v 0.03350000 0.02803011 0.04448299
v 0.03350000 0.03475635 0.03934776
v 0.03350000 0.04134848 0.03247655
v 0.03350000 0.04762975 0.02226724
v 0.03350000 0.05143540 0.01090061
v 0.03350000 0.05256764 -0.00103266
v 0.03343447 0.05413817 0.00220410
v 0.03350000 0.05096762 -0.01291223
v 0.03350000 0.04816224 -0.02089612
v 0.03350000 0.04546633 -0.02625000
v 0.03350000 0.04004110 -0.03407541
v 0.03350000 0.03128256 -0.04225902
v 0.03350000 0.02089803 -0.04824619
v 0.03350000 0.00942734 -0.05172571
v 0.03350000 0.00099954 -0.05249048
v 0.03350000 -0.00850330 -0.05188562
v 0.03350000 -0.01669799 -0.04977376
v 0.03350000 -0.02544489 -0.04601066
v 0.03350000 -0.03520490 -0.03905174
v 0.03350000 -0.04095697 -0.03284474
v 0.03350000 -0.04628083 -0.02495010
v 0.03350000 -0.04961254 -0.01717107
v 0.03350000 -0.05197382 -0.00794644
v 0.03350000 -0.05249762 0.00049979
v 0.03350000 -0.05162164 0.00998147
v 0.03350000 -0.04927664 0.01811252
v 0.02850000 -0.05045692 0.01478252
v 0.02850000 -0.04579744 0.02582669
v 0.02850000 -0.03875759 0.03552848
v 0.02850000 -0.03166177 0.04187818
v 0.02850000 -0.02456434 0.04648674
v 0.02850000 -0.01339687 0.05084238
v 0.02850000 -0.00153305 0.05255543
v 0.02850000 0.00796590 0.05189214
v 0.02850000 0.01621731 0.05001422
v 0.02850000 0.02494096 0.04619739
v 0.02850000 0.03208146 0.04165577
v 0.02850000 0.04068263 0.03330686
v 0.02850000 0.04716926 0.02322680
v 0.02850000 0.05120421 0.01193953
v 0.02850000 0.05244054 0.00249805
v 0.02850000 0.05223867 -0.00596197
v 0.02850000 0.05023029 -0.01526984
v 0.02850000 0.04719716 -0.02317006
v 0.02850000 0.04072265 -0.03325792
v 0.02850000 0.03213155 -0.04161715
v 0.02850000 0.02405689 -0.04666386
v 0.02850000 0.01627751 -0.04999466
v 0.02850000 0.00453088 -0.05238220
v 0.02850000 -0.00745130 -0.05204711
v 0.02850000 -0.01669799 -0.04977376
v 0.02850000 -0.02450833 -0.04651628
v 0.02850000 -0.03440721 -0.03975634
v 0.02850000 -0.04095697 -0.03284474
v 0.02850000 -0.04576632 -0.02588180
v 0.02850000 -0.04961254 -0.01717107
v 0.02850000 -0.05180231 -0.00899686
v 0.02850000 -0.05249383 0.00297002
v 0.02125546 0.05454472 0.01757487
v 0.01689118 0.05455588 0.02178815
v 0.01181455 0.05455600 0.02490926
v 0.00611269 0.05455412 0.02688904
v 0.00202164 0.05455196 0.02746999
v -0.00296355 0.05454991 0.02741737
v -0.00891192 0.05455600 0.02609024
v -0.01443768 0.05454655 0.02349696
v -0.01925359 0.05455466 0.01973506
v 0.02025832 0.05455247 -0.01870199
v 0.02303278 0.05455295 -0.01508505
v 0.02528139 0.05454572 -0.01102340
v 0.03107753 0.05446921 -0.00938289
v 0.02706845 0.05455548 -0.00522892
v 0.03236320 0.05448107 -0.00237798
v 0.02756113 0.05455528 0.00073271
v 0.03209550 0.05448591 0.00448999
v 0.02674493 0.05455529 0.00670868
v 0.02542264 0.05455228 0.01060010
v 0.03057374 0.05446424 0.01093639
v 0.02386704 0.05455327 0.01372675
v -0.02216875 0.05454825 0.01632741
v -0.02457684 0.05456887 0.01248227
v -0.02614948 0.05455405 0.00863700
v -0.03058378 0.05445904 0.01092162
v -0.02730250 0.05455610 0.00383152
v -0.03211105 0.05446987 0.00462813
v -0.02752006 0.05455250 -0.00078554
v -0.03228322 0.05449440 -0.00277661
v -0.02706845 0.05455548 -0.00522891
v -0.03107962 0.05447163 -0.00936241
v -0.02528160 0.05454573 -0.01102281
v -0.02222936 0.05455421 -0.01631145
v -0.01916659 0.05455054 -0.01976369
v -0.01577164 0.05456972 -0.02260510
v -0.01214413 0.05455598 -0.02471632
v -0.00755825 0.05455503 -0.02651258
v -0.00304659 0.05455259 -0.02736432
v 0.00154023 0.05455335 -0.02753559
v 0.00549822 0.05455130 -0.02699295
v 0.01040037 0.05454637 -0.02554213
v 0.01574853 0.05455616 -0.02262909
v 0.01309979 0.05758537 0.02425379
v 0.00756043 0.05758346 0.02650531
v 0.00305472 0.05758916 0.02735866
v -0.00157062 0.05759440 0.02753229
v 0.01690651 0.05758201 0.02172043
v 0.02025237 0.05758647 0.01869903
v 0.02706280 0.05758446 0.00522494
v 0.02527843 0.05759533 0.01101831
v 0.02302388 0.05758895 0.01508986
v 0.02313216 0.05759273 -0.01500788
v 0.02583559 0.05758498 -0.00960426
v 0.02701663 0.05758899 -0.00527732
v 0.02755414 0.05758309 -0.00070614
v 0.01924691 0.05758267 -0.01973171
v 0.01443608 0.05759411 -0.02349228
v 0.00890523 0.05758218 -0.02608554
v 0.00296158 0.05759055 -0.02741248
v -0.00755918 0.05758415 0.02650596
v -0.01173914 0.05758733 0.02489715
v -0.01574658 0.05758289 0.02262291
v -0.02023454 0.05758584 0.01871611
v -0.02301635 0.05758858 0.01510116
v -0.02527824 0.05759485 0.01101819
v -0.02706340 0.05758503 0.00522389
v -0.02755419 0.05758309 -0.00070349
v -0.02701682 0.05758760 -0.00527355
v -0.02583619 0.05758555 -0.00960330
v -0.02386838 0.05758898 -0.01371555
v -0.02124975 0.05759596 -0.01757359
v -0.01688385 0.05758289 -0.02178613
v -0.01312088 0.05758947 -0.02419793
v -0.00890763 0.05758243 -0.02608483
v -0.00309889 0.05758722 -0.02738934
v 0.00348139 0.05852157 0.03231877
v 0.00979905 0.05851491 0.03098268
v 0.01599634 0.05852577 0.02830955
v 0.02029793 0.05853640 0.02534878
v 0.02394737 0.05851566 0.02197428
v 0.02694867 0.05851870 0.01810305
v 0.02948773 0.05853045 0.01368111
v 0.03236209 0.05852483 0.00265412
v 0.03158968 0.05852063 0.00762609
v 0.03242045 0.05852630 -0.00234505
v 0.03163858 0.05852160 -0.00729600
v 0.03009610 0.05852342 -0.01230699
v 0.02689487 0.05852676 -0.01824900
v 0.02278247 0.05852865 -0.02318332
v 0.01751919 0.05852407 -0.02739310
v 0.01294453 0.05851875 -0.02977249
v 0.00816387 0.05852935 -0.03146488
v 0.00342615 0.05852329 -0.03228556
v -0.00181934 0.05851947 -0.03244727
v -0.00814044 0.05852625 -0.03146768
v -0.01287751 0.05852137 -0.02980570
v -0.01748383 0.05852189 -0.02741151
v -0.02275843 0.05853079 -0.02321127
v -0.02689891 0.05852659 -0.01824253
v -0.03009744 0.05852494 -0.01230613
v -0.03162582 0.05853386 -0.00737174
v -0.03241650 0.05852073 -0.00238394
v -0.01311385 0.05852269 0.02973523
v -0.03236458 0.05852251 0.00257775
v -0.03159856 0.05851845 0.00757529
v -0.02950737 0.05852876 0.01363624
v -0.02698701 0.05852131 0.01805256
v -0.02382285 0.05852197 0.02212572
v -0.01874098 0.05853195 0.02656204
v -0.00667600 0.05852278 0.03181949
v -0.00156945 0.05853418 0.03243560
v 0.00687555 0.06926074 -0.01221737
v 0.00734423 0.06200000 -0.01196702
v 0.00988318 0.06928873 -0.00992119
v 0.01067498 0.06200000 -0.00912156
v 0.01219523 0.06925909 -0.00691263
v -0.01221737 0.06926075 -0.00687555
v -0.01067498 0.06200000 -0.00912156
v -0.00992118 0.06928873 -0.00988319
v -0.00734422 0.06200000 -0.01196702
v -0.00691262 0.06925908 -0.01219524
v -0.00687557 0.06926075 0.01221736
v -0.00734423 0.06200002 0.01196702
v -0.00988319 0.06928873 0.00992118
v -0.01067499 0.06200000 0.00912156
v -0.01219524 0.06925909 0.00691262
v 0.01219777 0.06951471 0.00678878
v 0.01067499 0.06200000 0.00912156
v 0.00985965 0.06938764 0.00991509
v 0.00734424 0.06200001 0.01196701
v 0.00689789 0.06936990 0.01218036
v -0.01054510 0.06997050 -0.00525932
v -0.01311659 0.06992839 -0.00354853
v -0.01132400 0.06990752 -0.00749127
v 0.00175757 0.06995229 0.01141626
v -0.00470431 0.06994143 0.01057665
v 0.00352083 0.06997123 0.01290223
v -0.01169538 0.06996572 -0.00048670
v -0.00354775 0.06992928 0.01311566
v -0.00749256 0.06990293 0.01133041
v -0.01078090 0.06996549 0.00804515
v -0.00737131 0.06993730 0.00886614
v -0.01105977 0.06994785 0.00352138
v -0.01292212 0.06996810 0.00353591
v 0.00628658 0.06996665 0.01182972
v 0.00696011 0.06999385 0.00988214
v -0.00227214 0.06999530 -0.01188032
v 0.00474626 0.06995689 -0.01071507
v -0.00804620 0.06996473 -0.01078152
v -0.00735999 0.06996401 -0.00909784
v -0.00353596 0.06996810 -0.01292209
v 0.01104932 0.06994338 0.00345832
v 0.01285963 0.06997529 0.00360123
v 0.00988440 0.06996106 0.00907480
v 0.01162037 0.06995323 -0.00146502
v 0.00354855 0.06992839 -0.01311658
v 0.00668277 0.06993397 -0.01171961
v 0.00943205 0.06996384 -0.00704173
v 0.00960918 0.06993104 -0.00947522
v 0.01181335 0.06993397 -0.00651562
v 0.01313132 0.06992494 -0.00353453
v 0.03045700 0.06196016 0.01131767
v 0.03163809 0.06194644 0.00730390
v 0.02781717 0.06194954 0.01680897
v 0.02416091 0.06195871 0.02172654
v 0.01126538 0.06194435 0.03049661
v 0.00759997 0.06197649 0.03151366
v 0.01694451 0.06195701 0.02772597
v 0.02075566 0.06194973 0.02496764
v -0.01693144 0.06195733 0.02773247
v -0.02068934 0.06195116 0.02502046
v -0.03044288 0.06195934 0.01136223
v -0.03152966 0.06197416 0.00758621
v -0.02779538 0.06195225 0.01683913
v -0.02414726 0.06195778 0.02174488
v -0.01117596 0.06194844 0.03053248
v -0.00731575 0.06195379 0.03162961
v -0.01125612 0.06195363 -0.03048436
v -0.00737521 0.06195993 -0.03161351
v -0.02709669 0.06197149 -0.01786908
v -0.02402414 0.06195385 -0.02188489
v -0.02927967 0.06194048 -0.01411156
v -0.03165769 0.06197714 -0.00733393
v -0.01675969 0.06195373 -0.02784230
v -0.02060894 0.06195290 -0.02508230
v 0.00730223 0.06195245 -0.03163815
v 0.01122854 0.06195320 -0.03049648
v 0.03043670 0.06197185 -0.01138436
v 0.03150989 0.06198232 -0.00760446
v 0.02531088 0.06197846 -0.02030392
v 0.01672473 0.06195441 -0.02786082
v 0.02180868 0.06195205 -0.02410380
v 0.02780019 0.06189067 -0.01689214
v 0.03076952 0.06354387 0.00806364
v 0.03159169 0.06348474 0.00734115
v 0.00788724 0.06355727 0.03103651
v 0.00728386 0.06347083 0.03161550
v 0.00816399 0.06357528 0.03037823
v -0.00806458 0.06358358 0.03073110
v -0.00734904 0.06348553 0.03158583
v -0.03103653 0.06355727 0.00788722
v -0.03161582 0.06347086 0.00728322
v -0.03037822 0.06357529 0.00816399
v -0.03068366 0.06362173 -0.00806665
v -0.03150367 0.06350017 -0.00744644
v -0.03171050 0.06340780 -0.00707727
v -0.00788723 0.06355727 -0.03103653
v -0.00728141 0.06347101 -0.03161668
v -0.00816400 0.06357529 -0.03037823
v 0.00806363 0.06354388 -0.03076951
v 0.00734243 0.06348455 -0.03159089
v 0.03102869 0.06355201 -0.00789696
v 0.03161977 0.06347673 -0.00727336
v 0.03037823 0.06357529 -0.00816399
v -0.00295845 0.06347877 0.03235995
v -0.03237079 0.06347176 0.00287985
v 0.00247020 0.06350170 -0.03239632
v 0.00276156 0.06347027 0.03238644
v 0.03237718 0.06347714 -0.00279626
v 0.03237061 0.06347650 0.00287423
v -0.00291664 0.06346050 -0.03237495
v -0.03237592 0.06348125 -0.00274319
v -0.00261795 0.06744650 -0.02744344
v 0.00266843 0.06743199 -0.02743042
v 0.00640697 0.06439704 -0.02677829
v 0.00266506 0.06441670 -0.02742853
v -0.00267703 0.06442007 -0.02742792
v -0.02742853 0.06441669 -0.00266503
v -0.02742792 0.06442007 0.00267703
v -0.02744344 0.06744649 0.00261793
v -0.02743042 0.06743199 -0.00266840
v -0.00640607 0.06440453 0.02677401
v -0.00266504 0.06441671 0.02742853
v 0.00267705 0.06442007 0.02742792
v 0.00269384 0.06744897 0.02743504
v -0.00269850 0.06744613 0.02743441
v 0.02744344 0.06744649 -0.00261793
v 0.02742792 0.06442007 -0.00267704
v 0.02743042 0.06743199 0.00266840
v 0.02742853 0.06441670 0.00266505
v -0.00362982 0.06980878 -0.01326166
v -0.01326165 0.06980879 0.00362980
v 0.00365892 0.06981055 0.01320802
v 0.01326662 0.06970343 0.00375530
v -0.00092249 0.05673758 0.01099025
v -0.00094735 0.06925120 0.01101571
v -0.00456113 0.06925302 0.01007262
v -0.00469660 0.05671014 0.00996473
v -0.00766535 0.06924874 0.00796688
v -0.00706190 0.05654607 0.00835330
v -0.00904721 0.05671009 0.00628507
v -0.00988631 0.06924248 0.00494464
v -0.01029104 0.05654603 0.00370701
v -0.01098358 0.06937678 0.00139185
v -0.01097728 0.05671006 0.00092393
v -0.01094410 0.06937993 -0.00140699
v -0.01063207 0.05671004 -0.00288332
v -0.01026151 0.06938544 -0.00417171
v -0.00900647 0.05671002 -0.00634333
v -0.00827678 0.06938408 -0.00736127
v -0.00635899 0.05658128 -0.00896269
v -0.00534235 0.06935167 -0.00969822
v -0.00282787 0.05670996 -0.01064696
v -0.00186387 0.06921575 -0.01088518
v 0.00098109 0.05670994 -0.01097234
v 0.00174271 0.06929410 -0.01092535
v 0.00473670 0.05658137 -0.00991451
v 0.00533363 0.06938197 -0.00970758
v 0.00780010 0.05670988 -0.00777903
v 0.00827197 0.06938294 -0.00736631
v 0.00998899 0.05670985 -0.00464490
v 0.01025880 0.06938452 -0.00417785
v 0.01097497 0.05670982 -0.00095141
v 0.01106070 0.06936304 -0.00053828
v 0.01063929 0.05670979 0.00285667
v 0.01058296 0.06925045 0.00320610
v 0.00942722 0.05637477 0.00542655
v 0.00890027 0.06925277 0.00656259
v 0.00778881 0.05670974 0.00779036
v 0.00619208 0.06925464 0.00916210
v 0.00505398 0.05631965 0.00961157
v 0.00285861 0.05670580 0.01063704
v 0.00277134 0.06925593 0.01070553
v 0.00194270 0.05601687 0.01020871
v 0.01016943 0.05607177 0.00264078
v 0.00748203 0.05604148 0.00732508
v 0.00986133 0.05602660 -0.00335561
v 0.00637293 0.05604312 -0.00826472
v -0.00071881 0.05603203 -0.01043953
v -0.00490723 0.05605246 -0.00928807
v -0.01005578 0.05603203 -0.00289513
v -0.01040631 0.05605246 0.00143458
v -0.00829485 0.05605246 0.00644552
v -0.00110494 0.05603203 0.01040575
v -0.00095596 0.06982685 0.01139624
v -0.00918642 0.06982685 0.00681162
v -0.00382304 0.06982685 -0.01077835
v -0.00006852 0.06983890 -0.01145798
v 0.00920301 0.06982685 0.00678918
v 0.00713429 0.06982921 0.00889006
v 0.00472333 0.06982685 0.01041530
v -0.00444248 0.05616247 0.00964635
v -0.00872838 0.05616246 -0.00605004
v 0.00269989 0.05616245 -0.01027122
v 0.00867047 0.05616246 -0.00613275
v 0.01057522 0.05616247 -0.00097589
v -0.03150964 0.05375637 -0.00967526
v -0.03034300 0.05337565 -0.01264991
v -0.03069426 0.05361367 0.01173960
v 0.03026374 0.05337280 -0.01277672
v -0.02825587 0.05203528 -0.01697072
v 0.03028052 0.05350773 0.01254148
v 0.03240618 0.05413842 0.00550799
v 0.03170210 0.05382825 0.00902316
v 0.02570000 -0.04238367 0.02850657
v 0.02370000 -0.04587924 0.02245206
v 0.02570000 -0.04682902 0.02020007
v 0.02570000 -0.04957746 0.01229128
v 0.02370000 -0.04982036 0.01126638
v 0.02570000 -0.05091372 0.00296539
v 0.02370000 -0.05107566 -0.00052665
v 0.02570000 -0.05079144 -0.00540641
v 0.02370000 -0.04957744 -0.01229132
v 0.02570000 -0.04885747 -0.01462697
v 0.02570000 -0.04587924 -0.02245206
v 0.02370000 -0.04682902 -0.02020007
v 0.02370000 -0.04238367 -0.02850656
v 0.02570000 -0.03946474 -0.03242737
v 0.02370000 -0.03709606 -0.03499832
v 0.02570000 -0.03092270 -0.04065447
v 0.02370000 -0.03007783 -0.04128346
v 0.02570000 -0.02071363 -0.04668988
v 0.02370000 -0.01974650 -0.04710707
v 0.02570000 -0.00938784 -0.05020825
v 0.02370000 -0.00835056 -0.05039115
v 0.02570000 -0.00000000 -0.05100000
v 0.02370000 -0.00000000 -0.05100000
v 0.02570000 0.00835056 -0.05039115
v 0.02370000 0.00938784 -0.05020825
v 0.02570000 0.01974649 -0.04710707
v 0.02370000 0.01744303 -0.04792432
v 0.02370000 0.02599390 -0.04396950
v 0.02570000 0.02802496 -0.04260988
v 0.02570000 0.03466718 -0.03751249
v 0.02370000 0.03543330 -0.03678969
v 0.02570000 0.04238367 -0.02850657
v 0.02370000 0.04090828 -0.03045509
v 0.02370000 0.04587924 -0.02245206
v 0.02570000 0.04682902 -0.02020007
v 0.02570000 0.04957746 -0.01229128
v 0.02370000 0.04982036 -0.01126638
v 0.02570000 0.05091372 -0.00296539
v 0.02370000 0.05107566 0.00052665
v 0.02570000 0.05079144 0.00540641
v 0.02370000 0.04957744 0.01229132
v 0.02570000 0.04885747 0.01462697
v 0.02570000 0.04587924 0.02245206
v 0.02370000 0.04682902 0.02020007
v 0.02370000 0.04238367 0.02850656
v 0.02570000 0.03946474 0.03242737
v 0.02370000 0.03709606 0.03499832
v 0.02570000 0.03092270 0.04065447
v 0.02370000 0.03007783 0.04128346
v 0.02570000 0.02071363 0.04668988
v 0.02370000 0.01974650 0.04710707
v 0.02570000 0.00938784 0.05020825
v 0.02370000 0.00835056 0.05039115
v 0.02570000 0.00000000 0.05100000
v 0.02370000 0.00000000 0.05100000
v 0.02570000 -0.00835056 0.05039115
v 0.02370000 -0.00938784 0.05020825
v 0.02570000 -0.01974649 0.04710707
v 0.02370000 -0.01744303 0.04792432
v 0.02370000 -0.02599390 0.04396950
v 0.02570000 -0.02802496 0.04260988
v 0.02570000 -0.03466718 0.03751249
v 0.02370000 -0.03543330 0.03678969
v 0.02370000 -0.04090828 0.03045509
v 0.02882088 0.04098191 -0.03288050
v 0.02872884 0.04466093 -0.02781048
v 0.02875451 0.03653593 -0.03784471
v 0.02879894 0.01318192 -0.05093226
v 0.02860058 0.00383575 -0.05243309
v 0.02891722 0.00257130 -0.05253436
v 0.02888467 -0.00664400 -0.05216150
v 0.02860065 -0.01536972 -0.05038743
v 0.02896778 -0.01464525 -0.05045621
v 0.02899224 -0.02344954 -0.04707802
v 0.02860014 -0.02759517 -0.04474654
v 0.02901450 -0.03167716 -0.04192081
v 0.02860118 -0.03629641 -0.03803549
v 0.02903563 -0.03737870 -0.03690950
v 0.02860147 -0.04314083 -0.03002356
v 0.02903526 -0.04349174 -0.02960924
v 0.02860100 -0.04954818 -0.01797348
v 0.02908112 -0.04820281 -0.02091087
v 0.02912076 -0.05123787 -0.01182826
v 0.02860124 -0.05238551 -0.00446876
v 0.02912561 -0.05246878 -0.00265287
v 0.02913141 -0.05228685 0.00533731
v 0.02860447 -0.05184231 0.00930765
v 0.02918836 -0.05042242 0.01493124
v 0.02860114 -0.04779245 0.02190946
v 0.02919729 -0.04616934 0.02517216
v 0.02860177 -0.04249857 0.03092445
v 0.02921576 -0.04085620 0.03303432
v 0.02859879 -0.03539502 0.03886679
v 0.02923851 -0.03544171 0.03878858
v 0.02925764 -0.02934515 0.04357503
v 0.02859787 -0.02435718 0.04670127
v 0.02926492 -0.02240362 0.04754231
v 0.02931704 -0.01330698 0.05087277
v 0.02860000 -0.00868162 0.05198709
v 0.02932858 -0.00234597 0.05253435
v 0.02860050 0.00507262 0.05233021
v 0.02934861 0.00715380 0.05204820
v 0.02860426 0.01820116 0.04943126
v 0.02936032 0.01476959 0.05043818
v 0.02938792 0.02217507 0.04762653
v 0.02872344 0.02605771 0.04513977
v 0.02934374 0.02626738 0.04549235
v 0.03480604 0.05050370 -0.01985550
v 0.03350000 0.05073467 -0.01924828
v 0.03480000 0.05289868 -0.01180550
v 0.03350000 0.05357077 -0.00864149
v 0.03480604 0.05413157 -0.00382600
v 0.03350000 0.05421369 0.00231918
v 0.03480000 0.05400684 0.00457183
v 0.03480604 0.05279443 0.01255443
v 0.03350000 0.05263711 0.01318475
v 0.03480000 0.05016141 0.02052982
v 0.03350000 0.04765464 0.02619067
v 0.03480604 0.04661488 0.02778341
v 0.03480000 0.04171510 0.03460478
v 0.03350000 0.03762864 0.03925559
v 0.03480604 0.03615974 0.04046404
v 0.03480604 0.02727420 0.04691464
v 0.03350000 0.02415127 0.04871994
v 0.03480000 0.01967969 0.05050099
v 0.03480604 0.01197888 0.05292799
v 0.03350000 0.01134370 0.05306433
v 0.03480604 0.00107934 0.05425588
v 0.03350000 -0.00252734 0.05431877
v 0.03480604 -0.00986435 0.05336253
v 0.03350000 -0.01583392 0.05190173
v 0.03480000 -0.01796283 0.05113684
v 0.03480604 -0.02538673 0.04796227
v 0.03350000 -0.02857075 0.04626692
v 0.03480000 -0.03244753 0.04341426
v 0.03480604 -0.03858063 0.03816281
v 0.03350000 -0.03903233 0.03769588
v 0.03480604 -0.04547302 0.02961536
v 0.03480604 -0.05050370 0.01985550
v 0.03350000 -0.05073467 0.01924828
v 0.03480000 -0.05289868 0.01180550
v 0.03350000 -0.05357077 0.00864149
v 0.03480604 -0.05413157 0.00382600
v 0.03350000 -0.05421369 -0.00231918
v 0.03480000 -0.05400684 -0.00457183
v 0.03480604 -0.05279443 -0.01255443
v 0.03350000 -0.05263711 -0.01318475
v 0.03480000 -0.05016141 -0.02052982
v 0.03350000 -0.04765464 -0.02619067
v 0.03480604 -0.04661488 -0.02778341
v 0.03480000 -0.04171510 -0.03460478
v 0.03350000 -0.03762864 -0.03925559
v 0.03480604 -0.03615974 -0.04046404
v 0.03480604 -0.02727420 -0.04691464
v 0.03350000 -0.02415127 -0.04871994
v 0.03480000 -0.01967969 -0.05050099
v 0.03480604 -0.01197888 -0.05292799
v 0.03350000 -0.01134370 -0.05306433
v 0.03480604 -0.00107934 -0.05425588
v 0.03350000 0.00252734 -0.05431877
v 0.03480604 0.00986435 -0.05336253
v 0.03350000 0.01583392 -0.05190173
v 0.03480000 0.01796283 -0.05113684
v 0.03480604 0.02538673 -0.04796227
v 0.03350000 0.02857075 -0.04626692
v 0.03480000 0.03244753 -0.04341426
v 0.03480604 0.03858063 -0.03816281
v 0.03350000 0.04111107 -0.03559208
v 0.03480604 0.04547302 -0.02961536
v 0.02860000 -0.04656219 0.02000193
v 0.02860000 -0.05046421 0.00463447
v 0.02860000 -0.04986494 -0.00837244
v 0.02860000 -0.04703452 -0.01855706
v 0.02860000 -0.04214847 -0.02793057
v 0.02860000 -0.03341150 -0.03810232
v 0.02860000 -0.02000193 -0.04656219
v 0.02860000 -0.00463447 -0.05046421
v 0.02860000 0.00837244 -0.04986494
v 0.02860000 0.01855706 -0.04703452
v 0.02883284 0.01986562 -0.04867766
v 0.02860000 0.02793057 -0.04214847
v 0.02880034 0.02843645 -0.04428592
v 0.02860000 0.03810232 -0.03341150
v 0.02860000 0.04656219 -0.02000193
v 0.02873680 0.04933326 -0.01829448
v 0.02860000 0.05046421 -0.00463447
v 0.02870364 0.05188347 -0.00852863
v 0.02870986 0.05254548 -0.00065797
v 0.02860000 0.04986494 0.00837244
v 0.02868606 0.05193738 0.00836476
v 0.02860000 0.04703452 0.01855706
v 0.02866029 0.04937070 0.01805247
v 0.02860000 0.04214847 0.02793057
v 0.02865566 0.04617830 0.02505919
v 0.02863870 0.04118269 0.03272285
v 0.02860000 0.03341150 0.03810232
v 0.02861993 0.03381456 0.04025799
v 0.02860000 0.02000193 0.04656219
v 0.02860000 0.00463447 0.05046421
v 0.02860000 -0.00837244 0.04986494
v 0.02860000 -0.01855706 0.04703452
v 0.02860000 -0.02793057 0.04214847
v 0.02860000 -0.03810232 0.03341150
v 0.03979860 0.02499282 0.03865894
v 0.03900057 0.02316540 0.04064425
v 0.03807010 0.02595870 0.04003429
v 0.03579786 0.02192810 0.04481704
v 0.03759249 0.02164954 0.04301820
v 0.03980119 0.01718890 0.04274587
v 0.03979848 -0.01380376 0.04395123
v 0.03783139 -0.00995405 0.04688417
v 0.03980065 -0.00280241 0.04601854
v 0.03579943 -0.00962197 0.04893387
v 0.03803347 -0.01477600 0.04541201
v 0.03896756 -0.01226608 0.04517202
v 0.03579926 -0.01613806 0.04716235
v 0.03979860 -0.03865894 0.02499282
v 0.03900057 -0.04064425 0.02316540
v 0.03807010 -0.04003429 0.02595870
v 0.03579761 -0.04481731 0.02192813
v 0.03759249 -0.04301820 0.02164954
v 0.03980099 -0.04274604 0.01718901
v 0.03979848 -0.04395123 -0.01380376
v 0.03783139 -0.04688417 -0.00995405
v 0.03980078 -0.04601841 -0.00280239
v 0.03579942 -0.04893389 -0.00962197
v 0.03815199 -0.04542489 -0.01409388
v 0.03896756 -0.04517202 -0.01226608
v 0.03579816 -0.04718974 -0.01615162
v 0.03979860 -0.02499282 -0.03865894
v 0.03900057 -0.02316540 -0.04064425
v 0.03807010 -0.02595870 -0.04003429
v 0.03579786 -0.02192809 -0.04481705
v 0.03759249 -0.02164954 -0.04301820
v 0.03980119 -0.01718890 -0.04274587
v 0.03979848 0.01380376 -0.04395123
v 0.03783139 0.00995405 -0.04688417
v 0.03980065 0.00280241 -0.04601854
v 0.03579945 0.00962197 -0.04893386
v 0.03803347 0.01477600 -0.04541201
v 0.03896756 0.01226608 -0.04517202
v 0.03579924 0.01613809 -0.04716237
v 0.03870250 0.04106087 -0.02291128
v 0.03876364 0.04051571 -0.02373376
v 0.03979860 0.03865894 -0.02499282
v 0.03807010 0.04003429 -0.02595870
v 0.03579766 0.04481724 -0.02192814
v 0.03759249 0.04301820 -0.02164954
v 0.03980099 0.04274604 -0.01718901
v 0.03979848 0.04395123 0.01380376
v 0.03783139 0.04688417 0.00995405
v 0.03980078 0.04601841 0.00280239
v 0.03579943 0.04893387 0.00962197
v 0.03815199 0.04542489 0.01409388
v 0.03896756 0.04517202 0.01226608
v 0.03579812 0.04718978 0.01615163
v 0.03580026 0.02295910 -0.04450424
v 0.03980020 0.02472528 -0.03885768
v 0.03580063 0.03406011 -0.03684235
v 0.03980016 0.03226398 -0.03286788
v 0.03580130 0.04137509 -0.02777516
v 0.03580063 -0.00978603 -0.04921060
v 0.03980016 -0.00762640 -0.04542136
v 0.03580037 0.00303280 -0.04997259
v 0.03580026 -0.04450424 -0.02295910
v 0.03980016 -0.03885771 -0.02472530
v 0.03580063 -0.03684235 -0.03406011
v 0.03980016 -0.03286788 -0.03226398
v 0.03580116 -0.02777526 -0.04137518
v 0.03580063 -0.04921060 0.00978603
v 0.03980016 -0.04542136 0.00762640
v 0.03580031 -0.04997265 -0.00303281
v 0.03580026 -0.02295910 0.04450424
v 0.03980020 -0.02472528 0.03885768
v 0.03580063 -0.03406011 0.03684235
v 0.03980016 -0.03226398 0.03286788
v 0.03580127 -0.04137510 0.02777518
v 0.03580063 0.00978603 0.04921060
v 0.03980016 0.00762640 0.04542136
v 0.03580037 -0.00303280 0.04997259
v 0.03580026 0.04450424 0.02295910
v 0.03980016 0.03885771 0.02472530
v 0.03580063 0.03684235 0.03406011
v 0.03980016 0.03286788 0.03226398
v 0.03580116 0.02777526 0.04137518
v 0.03580063 0.04921060 -0.00978603
v 0.03980016 0.04542136 -0.00762640
v 0.03580031 0.04997265 0.00303281
v 0.03980000 -0.01665215 -0.03753500
v 0.03980000 -0.02692603 -0.03115312
v 0.03980000 -0.03453847 -0.02220956
v 0.03980000 -0.03872935 -0.01364579
v 0.03980000 -0.04113772 -0.00179330
v 0.03980000 0.02016373 -0.03577141
v 0.03980000 0.01137079 -0.03945726
v 0.03980000 0.00196479 -0.04101597
v 0.03980000 -0.00754707 -0.04036349
v 0.03980000 0.01665215 0.03753500
v 0.03980000 0.02692603 0.03115312
v 0.03980000 0.03453847 0.02220956
v 0.03980000 0.03872935 0.01364579
v 0.03980000 0.04113772 0.00179330
v 0.03980000 0.04037712 -0.00711958
v 0.03980000 0.03756682 -0.01686007
v 0.03980000 0.02953478 -0.02869189
v 0.03980000 -0.04037712 0.00711958
v 0.03980000 -0.03756682 0.01686007
v 0.03980000 -0.02953478 0.02869189
v 0.03980000 -0.02016373 0.03577141
v 0.03980000 -0.01137079 0.03945726
v 0.03980000 -0.00196479 0.04101597
v 0.03980000 0.00754707 0.04036349
v 0.03790000 0.03688330 -0.01804972
v 0.03790000 0.04005167 -0.00905726
v 0.03790000 0.04106775 0.00299467
v 0.03790000 0.03843974 0.01444148
v 0.03790000 0.03407317 0.02291701
v 0.03790000 0.02600417 0.03192665
v 0.03790000 0.01587465 0.03787038
v 0.03790000 0.00671318 0.04051053
v 0.03790000 -0.00281012 0.04096673
v 0.03790000 -0.01218197 0.03921441
v 0.03790000 -0.02089705 0.03534804
v 0.03790000 -0.03036061 0.02781656
v 0.03790000 -0.03688330 0.01804972
v 0.03790000 -0.04005167 0.00905726
v 0.03790000 -0.04106775 -0.00299467
v 0.03790000 -0.03843974 -0.01444148
v 0.03790000 -0.03407317 -0.02291701
v 0.03790000 -0.02600417 -0.03192665
v 0.03790000 -0.01587465 -0.03787038
v 0.03790000 -0.00671318 -0.04051053
v 0.03790000 0.00281012 -0.04096673
v 0.03790000 0.01218197 -0.03921441
v 0.03790000 0.02089705 -0.03534804
v 0.03790000 0.03036061 -0.02781656
v 0.03420065 -0.03345163 0.03466433
v 0.03420073 -0.04264608 0.02240382
v 0.03420259 -0.04061984 0.02291991
v 0.03420019 -0.04509674 0.01161467
v 0.03420019 -0.04696998 0.01018550
v 0.03420019 -0.04654007 0.00162260
v 0.03420065 -0.04811564 -0.00234785
v 0.03420018 -0.04579599 -0.00844574
v 0.03420065 -0.04494347 -0.01734105
v 0.03420018 -0.04289946 -0.01811707
v 0.03420018 -0.03798666 -0.02693680
v 0.03420019 -0.03859559 -0.02864095
v 0.03420017 -0.03128849 -0.03449045
v 0.03420019 -0.03166927 -0.03615218
v 0.03420016 -0.02311971 -0.04042299
v 0.03420019 -0.02331169 -0.04202961
v 0.03420016 -0.01386434 -0.04445555
v 0.03420065 -0.01164273 -0.04674478
v 0.03420015 -0.00395750 -0.04639856
v 0.03420019 0.00125269 -0.04804533
v 0.03420015 0.00613528 -0.04616075
v 0.03420019 0.01138032 -0.04669488
v 0.03420015 0.01593961 -0.04375330
v 0.03420019 0.02099366 -0.04323412
v 0.03420015 0.02499453 -0.03928939
v 0.03420065 0.03155931 -0.03639557
v 0.03420016 0.03287453 -0.03297887
v 0.03420053 0.04067912 -0.02292527
v 0.03420065 0.04139332 -0.02464183
v 0.03420018 0.04518577 -0.01124595
v 0.03420019 0.04636132 -0.01267091
v 0.03420022 0.04654696 -0.00124246
v 0.03420019 0.04799212 -0.00258462
v 0.03420026 0.04572015 0.00881851
v 0.03420019 0.04745400 0.00761847
v 0.03420030 0.04274451 0.01846445
v 0.03420019 0.04477130 0.01747725
v 0.03420036 0.03776025 0.02724186
v 0.03420019 0.04006522 0.02654622
v 0.03420042 0.03100187 0.03473847
v 0.03420019 0.03354848 0.03441545
v 0.03420048 0.02278726 0.04060217
v 0.03420019 0.02551553 0.04072937
v 0.03420055 0.01350264 0.04455769
v 0.03420065 0.01411407 0.04605888
v 0.03420063 0.00358451 0.04641949
v 0.03420065 -0.00106614 0.04816109
v 0.03420072 -0.00650111 0.04610052
v 0.03420081 -0.01628046 0.04361617
v 0.03420019 -0.01384940 0.04602301
v 0.03420091 -0.02529423 0.03908353
v 0.03420019 -0.02326492 0.04205552
v 0.03420102 -0.03311922 0.03271591
v 0.03790019 -0.03971821 0.01788642
v 0.03790067 -0.04316676 0.00659585
v 0.03790019 -0.04320335 -0.00556151
v 0.03790067 -0.04022866 -0.01698615
v 0.03790019 -0.03389333 -0.02736242
v 0.03790067 -0.02537640 -0.03553748
v 0.03790019 -0.01454545 -0.04105959
v 0.03790023 -0.00521443 -0.04324657
v 0.03790019 0.00436900 -0.04334018
v 0.03790019 0.01374093 -0.04133578
v 0.03790019 0.02244771 -0.03733042
v 0.03790019 0.03006785 -0.03151800
v 0.03790019 0.03623247 -0.02417991
v 0.03790067 0.04149237 -0.01361091
v 0.03790019 0.04352951 -0.00162531
v 0.03790067 0.04247582 0.01013305
v 0.03790076 0.03688410 0.02337584
v 0.03790019 0.02892737 0.03256788
v 0.03790019 0.02110524 0.03810550
v 0.03790019 0.01226145 0.04179852
v 0.03790019 0.00282414 0.04346820
v 0.03790067 -0.00895878 0.04273891
v 0.03790019 -0.02035719 0.03851032
v 0.03790019 -0.02828592 0.03312652
v 0.03790023 -0.03484542 0.02613912
v 0.03589881 0.04280245 -0.01562414
v 0.03545862 0.04010445 -0.02163691
v 0.03519937 0.04406751 -0.01160161
v 0.03591507 0.04513929 -0.00610815
v 0.03519950 0.04533572 -0.00393282
v 0.03590649 0.04542420 0.00358859
v 0.03520334 0.04542695 0.00365568
v 0.03590710 0.04354443 0.01341954
v 0.03520381 0.04355437 0.01342390
v 0.03590771 0.03956341 0.02260318
v 0.03520437 0.03960682 0.02255403
v 0.03590830 0.03367306 0.03069618
v 0.03520501 0.03377197 0.03061089
v 0.03590889 0.02615747 0.03730791
v 0.03520574 0.02632743 0.03721043
v 0.03590946 0.01737920 0.04211910
v 0.03520655 0.01762760 0.04203785
v 0.03591002 0.00776178 0.04489733
v 0.03520745 0.00808674 0.04486278
v 0.03591055 -0.00223048 0.04550825
v 0.03520842 -0.00184053 0.04555015
v 0.03591106 -0.01211540 0.04392212
v 0.03520949 -0.01168120 0.04406676
v 0.03590071 -0.02154800 0.04015842
v 0.03520722 -0.01861855 0.04154165
v 0.03522174 -0.02489986 0.03817141
v 0.03589839 -0.03005023 0.03425565
v 0.03520733 -0.03252110 0.03194357
v 0.03589855 -0.03680318 0.02687008
v 0.03520565 -0.03941890 0.02301384
v 0.03589875 -0.04178108 0.01818855
v 0.03520059 -0.04385583 0.01243620
v 0.03589899 -0.04474384 0.00862981
v 0.03520076 -0.04550923 0.00262797
v 0.03589927 -0.04554861 -0.00134514
v 0.03520091 -0.04499567 -0.00730533
v 0.03589960 -0.04415658 -0.01125520
v 0.03520105 -0.04233966 -0.01689062
v 0.03589997 -0.04063489 -0.02062242
v 0.03520117 -0.03766779 -0.02567136
v 0.03590037 -0.03515337 -0.02899501
v 0.03520127 -0.03120261 -0.03322949
v 0.03590081 -0.02797640 -0.03596918
v 0.03520136 -0.02325213 -0.03920510
v 0.03590127 -0.01945008 -0.04120853
v 0.03520145 -0.01419503 -0.04331375
v 0.03590178 -0.00998572 -0.04446031
v 0.03520152 -0.00446287 -0.04535989
v 0.03590230 -0.00003962 -0.04556770
v 0.03520160 0.00548092 -0.04524636
v 0.03590284 0.00990842 -0.04447721
v 0.03520168 0.01516281 -0.04297881
v 0.03590340 0.01937852 -0.04124139
v 0.03520176 0.02412166 -0.03866560
v 0.03590396 0.02791391 -0.03601626
v 0.03520186 0.03193129 -0.03251228
v 0.03590452 0.03510303 -0.02905364
v 0.03521654 0.03802282 -0.02507431
v 0.03580041 -0.05043083 0.01747853
v 0.03580059 -0.05335029 0.00157982
v 0.03580004 -0.05188976 -0.01201250
v 0.03580003 -0.04445690 0.02933313
v 0.03580053 -0.04741338 -0.02450973
v 0.03580005 0.00936892 -0.05243158
v 0.03580008 0.01973152 -0.04947232
v 0.03580005 -0.00936892 0.05243158
v 0.03580008 -0.01973152 0.04947232
v 0.03580017 0.02928629 -0.04448761
v 0.03580017 0.03764205 -0.03768170
v 0.03580003 0.04445690 -0.02933313
v 0.03580004 0.05188976 0.01201250
v 0.03580053 0.04741338 0.02450973
v 0.03580018 -0.02956133 -0.04444008
v 0.03580017 -0.03953985 -0.03568521
v 0.03580041 0.05043083 -0.01747853
v 0.03580059 0.05335029 -0.00157982
v 0.03580017 -0.02928629 0.04448761
v 0.03580017 -0.03764205 0.03768170
v 0.03580059 -0.01490178 -0.05125121
v 0.03580017 -0.00137728 -0.05324413
v 0.03580017 0.03953985 0.03568521
v 0.03580018 0.02956133 0.04444008
v 0.03580059 0.01490178 0.05125121
v 0.03580017 0.00137728 0.05324413
v 0.03579994 -0.04674450 -0.01032674
v 0.03579965 -0.04548956 -0.01420347
v 0.03579992 0.02575126 0.04035546
v 0.03579986 0.04674450 0.01032674
v 0.03579978 0.04548956 0.01420347
v 0.03579979 0.01420347 -0.04548956
v 0.03579989 0.01032674 -0.04674450
v 0.03579988 0.04035546 -0.02575126
v 0.03579976 0.04220938 -0.02212259
v 0.03579989 -0.04541735 -0.01188953
v 0.03579988 -0.02575126 -0.04035546
v 0.03579973 -0.02212259 -0.04220938
v 0.03579994 -0.02370775 -0.04052208
v 0.03579992 0.04052208 -0.02370775
v 0.03579976 0.02212259 0.04220938
v 0.03579992 -0.01032674 0.04674450
v 0.03579971 -0.01420347 0.04548956
v 0.03579978 -0.04220938 0.02212259
v 0.03579986 -0.04035546 0.02575126
v 0.03579992 -0.04052208 0.02370775
v 0.03579988 0.02370775 0.04052208
v 0.03579989 0.01188953 -0.04541735
v 0.03579992 0.04541735 0.01188953
v 0.03579991 -0.01188953 0.04541735
v 0.03667753 0.04323164 -0.02196952
v 0.03790714 0.04206955 -0.02222326
v 0.03802254 0.04024164 -0.02519972
v 0.03683480 0.04064759 -0.02651730
v 0.03679177 0.01509422 -0.04612977
v 0.03790716 0.01403343 -0.04546187
v 0.03857073 0.01233922 -0.04530057
v 0.03813498 0.01063393 -0.04625524
v 0.03663227 0.00993651 -0.04769250
v 0.03686959 0.04617213 0.01519229
v 0.03857073 0.04530057 0.01233922
v 0.03813498 0.04625524 0.01063393
v 0.03663227 0.04769250 0.00993651
v 0.03667753 0.02196952 0.04323164
v 0.03790714 0.02222326 0.04206955
v 0.03864444 0.02331256 0.04074489
v 0.03802254 0.02519972 0.04024164
v 0.03683480 0.02651730 0.04064759
v 0.03679177 -0.01509422 0.04612977
v 0.03790716 -0.01403343 0.04546187
v 0.03857073 -0.01233922 0.04530057
v 0.03813498 -0.01063393 0.04625524
v 0.03663227 -0.00993651 0.04769250
v 0.03667754 -0.04323161 0.02196952
v 0.03790714 -0.04206955 0.02222326
v 0.03864444 -0.04074489 0.02331256
v 0.03802254 -0.04024164 0.02519972
v 0.03683480 -0.04064759 0.02651730
v 0.03686959 -0.04617213 -0.01519229
v 0.03857073 -0.04530057 -0.01233922
v 0.03813498 -0.04625524 -0.01063393
v 0.03663227 -0.04769250 -0.00993651
v 0.03667754 -0.02196952 -0.04323161
v 0.03790714 -0.02222326 -0.04206955
v 0.03864444 -0.02331256 -0.04074489
v 0.03802254 -0.02519972 -0.04024164
v 0.03683480 -0.02651730 -0.04064759
v 0.03350270 0.04133266 -0.03246382
v 0.03349923 0.04060504 0.03332746
v 0.03349941 0.02972993 0.04331450
v 0.03349811 0.02146896 0.04800536
v 0.03349987 0.04861531 0.01992084
v 0.03350530 -0.01397141 0.05064989
v 0.03349930 -0.00474069 0.05237460
v 0.03349963 0.00489481 0.05230873
v 0.03350446 0.01251453 0.05103075
v 0.03350374 0.03572645 0.03852785
v 0.03350197 0.04544601 0.02637181
v 0.03344430 0.05116045 0.01212700
v 0.03345239 0.05251570 0.00226080
v 0.03346997 0.05205937 -0.00743223
v 0.03348014 0.04913269 -0.01876243
v 0.03351318 -0.05035497 0.01498020
v 0.03349956 -0.04686965 0.02386018
v 0.03349735 -0.04187608 0.03172757
v 0.03350873 -0.03683003 0.03747389
v 0.03349912 -0.03090229 0.04248950
v 0.03350373 -0.02289685 0.04734275
v 0.03349763 -0.05252903 -0.00400602
v 0.03350151 -0.05197055 0.00766509
v 0.03349789 -0.04976045 -0.01702014
v 0.03363175 -0.04526251 -0.02667113
v 0.03360686 -0.01539172 -0.05024529
v 0.03364440 -0.03972739 -0.03437021
v 0.03355203 0.01439617 -0.05057327
v 0.03356964 -0.00156993 -0.05249328
v 0.03361062 -0.00706104 -0.05204541
v 0.03360774 -0.02647057 -0.04541040
v 0.03364576 -0.03390951 -0.04009653
v 0.03357853 0.00515935 -0.05227108
v 0.03351402 0.03589020 -0.03836599
v 0.03353115 0.02362149 -0.04693496
v 0.03352717 0.02997504 -0.04314351
v 0.03360000 -0.03721121 0.03440117
v 0.03360000 -0.04483709 0.02337188
v 0.03360016 -0.04467437 0.01929342
v 0.03360000 -0.04942644 0.01118669
v 0.03360019 -0.04774314 0.00941408
v 0.03360065 -0.04863616 -0.00367836
v 0.03360000 -0.05046421 -0.00463447
v 0.03360065 -0.04501976 -0.01876772
v 0.03360000 -0.04737053 -0.01768170
v 0.03360000 -0.04265914 -0.02714421
v 0.03360019 -0.03852419 -0.02973079
v 0.03360000 -0.03440117 -0.03721121
v 0.03360019 -0.03136910 -0.03720232
v 0.03360019 -0.02279633 -0.04299256
v 0.03360000 -0.02337188 -0.04483709
v 0.03360019 -0.01319329 -0.04683983
v 0.03360000 -0.01118669 -0.04942644
v 0.03360019 -0.00299405 -0.04857024
v 0.03360000 0.00463447 -0.05046421
v 0.03360019 0.00734049 -0.04810561
v 0.03360019 0.01734330 -0.04546694
v 0.03360000 0.01768170 -0.04737053
v 0.03360019 0.02656233 -0.04077347
v 0.03360000 0.02714421 -0.04265914
v 0.03360019 0.03458093 -0.03423728
v 0.03360000 0.03721121 -0.03440117
v 0.03360019 0.04103667 -0.02615386
v 0.03360000 0.04483709 -0.02337188
v 0.03360019 0.04563786 -0.01688842
v 0.03360000 0.04942644 -0.01118669
v 0.03360019 0.04817652 -0.00685974
v 0.03360019 0.04853792 0.00347892
v 0.03360000 0.05046421 0.00463447
v 0.03360065 0.04595482 0.01634505
v 0.03360000 0.04737053 0.01768170
v 0.03360019 0.04005191 0.02763832
v 0.03360000 0.04265914 0.02714421
v 0.03360019 0.03330461 0.03548008
v 0.03360000 0.03440117 0.03721121
v 0.03360019 0.02505216 0.04171836
v 0.03360000 0.02337188 0.04483709
v 0.03360019 0.01566749 0.04607128
v 0.03360000 0.01118669 0.04942644
v 0.03360019 0.00557483 0.04834205
v 0.03360019 -0.00476982 0.04842811
v 0.03360000 -0.00463447 0.05046421
v 0.03360019 -0.01489887 0.04632555
v 0.03360000 -0.01768170 0.04737053
v 0.03360065 -0.02678436 0.04076277
v 0.03360000 -0.02714421 0.04265914
v 0.03360065 -0.03823166 0.03028773
v 0.03369150 -0.02183810 -0.04779387
v 0.03377823 -0.04713799 -0.02322088
v 0.03379194 -0.04996221 -0.01624539
v 0.03381371 -0.05212221 -0.00704654
v 0.03415290 0.04306084 0.03009240
v 0.03419312 0.04998881 0.01615699
v 0.03355758 0.05152301 -0.01028256
v 0.03423296 0.05258957 -0.00071387
v 0.03426537 0.05108846 -0.01254835
v 0.03420652 0.05183064 0.00854184
v 0.03417574 0.04711863 0.02324149
v 0.03413761 0.03833661 0.03592805
v 0.03411883 0.03267841 0.04114117
v 0.03410098 0.02641929 0.04541378
v 0.03407804 0.01785473 0.04947646
v 0.03405314 0.00849434 0.05185194
v 0.03403370 0.00078429 0.05253762
v 0.03401495 -0.00688268 0.05209004
v 0.03399903 -0.01624350 0.05003877
v 0.03396399 -0.02692615 0.04518763
v 0.03394021 -0.03468228 0.03947059
v 0.03392116 -0.04008768 0.03396607
v 0.03390298 -0.04456868 0.02782443
v 0.03388524 -0.04810370 0.02113535
v 0.03386373 -0.05118030 0.01213499
v 0.03384208 -0.05247963 0.00266431
v 0.03396431 0.04517699 -0.02608297
v 0.03358015 0.04558085 -0.02629972
v 0.03428917 0.04812149 -0.02106852
v 0.03357850 0.04952510 -0.01752669
v 0.03354017 0.05248218 -0.00239820
v 0.03352117 0.05226909 0.00529620
v 0.03391309 0.04761966 -0.02104373
v 0.03390501 0.05022277 -0.01371688
v 0.03386560 0.05141254 -0.00804481
v 0.03385116 0.05202178 -0.00232815
v 0.03383203 0.05179733 0.00535147
v 0.03381249 0.05047373 0.01280097
v 0.03342894 0.04772609 0.02216420
v 0.03379101 0.04462850 0.02683825
v 0.03340881 0.04285012 0.03045306
v 0.03322917 -0.02198516 0.04776023
v 0.03360196 -0.02208532 0.04716247
v 0.03319887 -0.03082325 0.04266360
v 0.03310518 -0.05176109 0.00914383
v 0.03347681 -0.05181261 0.00526368
v 0.03310715 -0.05261467 -0.00016099
v 0.03304432 -0.05130787 -0.01167259
v 0.03342275 -0.05123010 -0.00928967
v 0.03294729 -0.02528466 -0.04608729
v 0.03297166 -0.03194129 -0.04176193
v 0.03333915 -0.02810760 -0.04384268
v 0.03283570 0.01572472 -0.05015444
v 0.03319547 0.01590713 -0.04959233
v 0.03283634 0.02279300 -0.04736416
v 0.03280148 0.02919173 -0.04372557
v 0.03320738 0.02953393 -0.04287334
v 0.03278979 0.03559240 -0.03868647
v 0.03268946 0.05214385 -0.00707533
v 0.03272448 0.04996449 -0.01634063
v 0.03310250 0.05094752 -0.01085485
v 0.03267624 0.05252351 0.00237119
v 0.03307174 0.05208610 0.00098447
v 0.03265794 0.05152386 0.01042398
v 0.03261553 0.04452728 0.02795879
v 0.03262741 0.04893666 0.01935211
v 0.03300041 0.04403074 0.02776948
v 0.03256764 0.03409247 0.04002775
v 0.03259206 0.03978152 0.03436487
v 0.03295441 0.03270851 0.04056048
v 0.03248004 0.00271501 0.05249388
v 0.03288502 -0.00113692 0.05204313
v 0.03247381 -0.00692152 0.05216695
v 0.03243855 -0.01657231 0.04989824
v 0.03284204 -0.01318068 0.05036769
v 0.03241478 -0.02328308 0.04712456
v 0.03280374 -0.02647368 0.04482277
v 0.03240278 -0.03151331 0.04215319
v 0.03234821 -0.04348554 0.02952575
v 0.03274829 -0.04357721 0.02848966
v 0.03233068 -0.04808488 0.02138049
v 0.03271743 -0.04991649 0.01484950
v 0.03231416 -0.05159540 0.01039374
v 0.03221871 -0.04606054 -0.02535297
v 0.03223734 -0.04999672 -0.01641274
v 0.03260562 -0.04814824 -0.01986212
v 0.03219093 -0.04192520 -0.03170739
v 0.03257442 -0.04091494 -0.03224690
v 0.03218213 -0.03552587 -0.03883267
v 0.03243877 -0.01456728 -0.05001389
v 0.03209455 -0.00970421 -0.05165907
v 0.03213007 -0.01889825 -0.04911862
v 0.03208227 -0.00194503 -0.05254411
v 0.03250876 -0.00882045 -0.05135126
v 0.03205856 0.00548329 -0.05227728
v 0.03247180 0.00548512 -0.05173905
v 0.03204776 0.01476996 -0.05051143
v 0.03195159 0.04397119 -0.02882884
v 0.03197318 0.03907630 -0.03516531
v 0.03237028 0.04243517 -0.03016577
v 0.03185858 0.05200996 0.00771769
v 0.03188208 0.05258341 -0.00211323
v 0.03224518 0.05203381 0.00229978
v 0.03088070 0.00307157 0.05253224
v 0.03091664 0.01250515 0.05106106
v 0.03127433 0.00496909 0.05183992
v 0.03054764 -0.02793054 -0.04459885
v 0.03094824 -0.02599701 -0.04511387
v 0.03054192 -0.01939036 -0.04885622
v 0.03044917 0.01098303 -0.05140360
v 0.03084645 0.01117672 -0.05085057
v 0.03045147 0.01993363 -0.04869524
v 0.03039800 0.03007661 -0.04318463
v 0.03082286 0.02518564 -0.04557339
v 0.03031802 0.04962267 -0.01733536
v 0.03072736 0.04832101 -0.01950493
v 0.03032309 0.05199295 -0.00808868
v 0.03027770 0.05253885 0.00200592
v 0.03067823 0.05204004 -0.00165030
v 0.03025141 0.05171832 0.00938480
v 0.03065011 0.05113871 0.00977479
v 0.03025235 0.04983803 0.01670002
v 0.03021774 0.04708769 0.02338355
v 0.03063202 0.04892939 0.01792149
v 0.03059786 0.04360126 0.02851813
v 0.03019226 0.04178400 0.03199513
v 0.03058519 0.03972982 0.03365131
v 0.03017929 0.03367059 0.04044345
v 0.03014524 0.02415126 0.04674823
v 0.03056501 0.02841851 0.04362490
v 0.03009220 0.00433461 0.05239847
v 0.03048222 0.00312033 0.05197237
v 0.03007408 -0.00387808 0.05242512
v 0.03004352 -0.01302895 0.05098451
v 0.03045374 -0.00835892 0.05138921
v 0.02994837 -0.04195611 0.03174037
v 0.03035092 -0.04291207 0.02948291
v 0.02993014 -0.04770359 0.02221609
v 0.03032518 -0.04897944 0.01755463
v 0.02992284 -0.05088929 0.01316672
v 0.02985683 -0.05077803 -0.01358469
v 0.02985060 -0.05243056 -0.00440928
v 0.03026941 -0.05162933 -0.00675206
v 0.02982686 -0.04829840 -0.02078044
v 0.03023126 -0.04809127 -0.01986197
v 0.02978843 -0.03994407 -0.03419244
v 0.02981097 -0.04471688 -0.02763875
v 0.03020838 -0.04254762 -0.02997069
v 0.02973345 -0.02362906 -0.04701930
v 0.03014246 -0.02006266 -0.04804354
v 0.02971973 -0.01485836 -0.05042559
v 0.02969501 -0.00711599 -0.05209632
v 0.03010422 -0.00880450 -0.05131959
v 0.02965309 0.00999895 -0.05166370
v 0.02967859 0.00060595 -0.05256547
v 0.03007499 0.00423572 -0.05185807
v 0.02956317 0.04095799 -0.03297040
v 0.02958776 0.03408678 -0.04009382
v 0.02996025 0.03935281 -0.03409236
v 0.02947486 0.05255225 -0.00116326
v 0.02985630 0.05209517 0.00008825
v 0.02946624 0.05196474 0.00834127
v 0.02943362 0.04941721 0.01795877
v 0.02979458 0.04962216 0.01581733
v 0.02936439 0.03311461 0.04089865
v 0.02974817 0.02583687 0.04520459
v 0.02974023 0.01562085 0.04968279
v 0.02961582 -0.02529631 0.04551211
v 0.02949779 -0.05203522 0.00185969
v 0.02934532 -0.03986450 -0.03351806
v 0.02921275 0.00818215 -0.05143466
v 0.02893482 0.03077902 0.04200741
v 0.03383347 0.04810707 0.01995260
v 0.03379506 0.04020033 0.03311278
v 0.03339191 0.03796975 0.03637265
v 0.03377576 0.03487045 0.03868483
v 0.03336773 0.03053705 0.04285635
v 0.03375716 0.02885856 0.04335356
v 0.03373938 0.02230301 0.04706428
v 0.03334304 0.02240507 0.04755456
v 0.03372510 0.01696750 0.04920393
v 0.03332705 0.01523730 0.05032383
v 0.03371104 0.01146715 0.05080510
v 0.03330239 0.00556057 0.05233075
v 0.03368186 -0.00004030 0.05208311
v 0.03369601 0.00568166 0.05173647
v 0.03327650 -0.00396455 0.05241894
v 0.03366299 -0.00767164 0.05151400
v 0.03325204 -0.01298394 0.05099966
v 0.03364515 -0.01503330 0.04986457
v 0.03360758 -0.02881992 0.04338352
v 0.03358808 -0.03492554 0.03863845
v 0.03319093 -0.03802972 0.03628587
v 0.03356894 -0.04023196 0.03307616
v 0.03316704 -0.04272140 0.03064983
v 0.03355078 -0.04460247 0.02689114
v 0.03314523 -0.04684268 0.02385725
v 0.03350936 -0.04801119 0.02017441
v 0.03312276 -0.04993946 0.01644578
v 0.03351381 -0.05046127 0.01289984
v 0.03347700 -0.05202878 -0.00239126
v 0.03346341 -0.04997284 -0.01474931
v 0.03303778 -0.04835032 -0.02065859
v 0.03345777 -0.04772737 -0.02085451
v 0.03302063 -0.04475722 -0.02756461
v 0.03341267 -0.04419789 -0.02755589
v 0.03338015 -0.03896110 -0.03460364
v 0.03298154 -0.03900170 -0.03533249
v 0.03339960 -0.03413409 -0.03934111
v 0.03331048 -0.01688444 -0.04929511
v 0.03294895 -0.01690705 -0.04982312
v 0.03335802 -0.02217411 -0.04711152
v 0.03326220 -0.00952089 -0.05122418
v 0.03290109 -0.00715423 -0.05208826
v 0.03327221 -0.00175269 -0.05207792
v 0.03288105 0.00069301 -0.05256419
v 0.03318325 0.00433652 -0.05191214
v 0.03286276 0.00881328 -0.05183227
v 0.03330439 0.00976784 -0.05117957
v 0.03326080 0.02287857 -0.04678199
v 0.03312933 0.03833129 -0.03526040
v 0.03323726 0.03504768 -0.03850381
v 0.03276922 0.04093286 -0.03299682
v 0.03314989 0.04359892 -0.02853614
v 0.03275475 0.04632072 -0.02497188
v 0.03312284 0.04890560 -0.01795792
v 0.03300675 0.05192849 -0.00430277
v 0.03307838 0.05146316 0.00815336
v 0.03306143 0.04998561 0.01456909
v 0.03302948 0.04740548 0.02157589
v 0.03300177 0.03800513 0.03562930
v 0.03294487 0.02727991 0.04434464
v 0.03255764 0.02632609 0.04556423
v 0.03293589 0.02070840 0.04779040
v 0.03252667 0.01788566 0.04943217
v 0.03291830 0.01355680 0.05027337
v 0.03250819 0.01017589 0.05158357
v 0.03289771 0.00589240 0.05175133
v 0.03285510 -0.00677047 0.05166369
v 0.03283305 -0.02023452 0.04799331
v 0.03278610 -0.03615995 0.03746536
v 0.03285323 -0.03034866 0.04232653
v 0.03237223 -0.03900023 0.03526447
v 0.03278755 -0.04085412 0.03228365
v 0.03273939 -0.04719326 0.02203490
v 0.03269187 -0.05163407 0.00690674
v 0.03227848 -0.05257809 0.00040693
v 0.03226225 -0.05206886 -0.00722626
v 0.03269767 -0.05180490 -0.00532900
v 0.03272612 -0.05204253 0.00160280
v 0.03265072 -0.05046646 -0.01281030
v 0.03262231 -0.04528620 -0.02576666
v 0.03255884 -0.03571702 -0.03792331
v 0.03257797 -0.03140270 -0.04151933
v 0.03214507 -0.02752099 -0.04479986
v 0.03254904 -0.02568206 -0.04531112
v 0.03253980 -0.01894469 -0.04849590
v 0.03249243 -0.00099654 -0.05210115
v 0.03245511 0.01135076 -0.05083148
v 0.03240785 0.01850982 -0.04868393
v 0.03201834 0.02405861 -0.04675309
v 0.03200606 0.03222124 -0.04160898
v 0.03242806 0.02463676 -0.04591829
v 0.03239793 0.03198595 -0.04108692
v 0.03237998 0.03766086 -0.03597939
v 0.03235083 0.04598574 -0.02449681
v 0.03193311 0.04854283 -0.02032916
v 0.03190785 0.05128121 -0.01156681
v 0.03232523 0.04935780 -0.01663204
v 0.03227540 0.05125853 -0.00924285
v 0.03233198 0.05186354 -0.00460557
v 0.03230285 0.05160571 0.00691323
v 0.03224970 0.05027425 0.01360598
v 0.03184536 0.04978645 0.01703803
v 0.03181684 0.04591214 0.02560703
v 0.03225758 0.04775582 0.02077294
v 0.03221634 0.04423656 0.02748037
v 0.03179037 0.04150519 0.03227972
v 0.03177065 0.03484999 0.03943626
v 0.03219331 0.03964582 0.03377970
v 0.03217413 0.03422966 0.03925698
v 0.03215577 0.02815466 0.04381715
v 0.03173963 0.02571860 0.04591106
v 0.03172621 0.01708676 0.04971496
v 0.03213969 0.02144067 0.04744992
v 0.03170425 0.00972474 0.05167577
v 0.03209476 0.01447563 0.05003356
v 0.03168524 0.00174565 0.05254157
v 0.03212001 0.01000999 0.05108305
v 0.03209032 0.00295725 0.05200076
v 0.03208507 -0.00467116 0.05185768
v 0.03166194 -0.00622116 0.05221043
v 0.03164153 -0.01567441 0.05023683
v 0.03206415 -0.01073556 0.05097793
v 0.03195309 -0.01573873 0.04966993
v 0.03201296 -0.02184039 0.04730789
v 0.03162034 -0.02416329 0.04668761
v 0.03199343 -0.02855950 0.04358366
v 0.03160341 -0.03094555 0.04251441
v 0.03197378 -0.03469146 0.03888040
v 0.03157534 -0.03837905 0.03601021
v 0.03155669 -0.04508441 0.02713632
v 0.03196823 -0.04014263 0.03322711
v 0.03195034 -0.04503062 0.02616831
v 0.03193239 -0.04834450 0.01937687
v 0.03152970 -0.04915965 0.01862575
v 0.03188690 -0.05064399 0.01216876
v 0.03150971 -0.05138230 0.01117659
v 0.03188108 -0.05180437 0.00561433
v 0.03148815 -0.05245901 0.00340782
v 0.03147427 -0.05238960 -0.00452636
v 0.03190621 -0.05207127 -0.00008961
v 0.03186717 -0.05160412 -0.00704562
v 0.03145055 -0.05120610 -0.01188387
v 0.03184923 -0.05004258 -0.01443103
v 0.03144536 -0.04900065 -0.01902908
v 0.03183106 -0.04742185 -0.02153627
v 0.03141698 -0.04583333 -0.02577737
v 0.03183726 -0.04371995 -0.02829694
v 0.03140160 -0.04142993 -0.03235988
v 0.03179242 -0.03906638 -0.03444612
v 0.03138064 -0.03612969 -0.03820575
v 0.03177318 -0.03356520 -0.03982466
v 0.03136111 -0.02854616 -0.04420785
v 0.03175486 -0.02742694 -0.04427458
v 0.03133513 -0.01850639 -0.04926332
v 0.03173701 -0.02074292 -0.04777319
v 0.03171814 -0.01351904 -0.05029798
v 0.03131033 -0.00928143 -0.05174315
v 0.03170399 -0.00790237 -0.05144411
v 0.03129240 -0.00169588 -0.05255334
v 0.03168896 -0.00207293 -0.05204187
v 0.03126906 0.00817186 -0.05198519
v 0.03167490 0.00365443 -0.05191886
v 0.03166062 0.00936196 -0.05123305
v 0.03124491 0.01730124 -0.04963957
v 0.03164285 0.01665440 -0.04934549
v 0.03122856 0.02429060 -0.04663337
v 0.03162424 0.02366989 -0.04639181
v 0.03120456 0.03103548 -0.04243194
v 0.03160495 0.03026018 -0.04238920
v 0.03118392 0.03812242 -0.03628281
v 0.03161000 0.03621326 -0.03742397
v 0.03156654 0.04130382 -0.03172367
v 0.03116243 0.04410826 -0.02861893
v 0.03154859 0.04545668 -0.02541623
v 0.03113922 0.04868847 -0.01996905
v 0.03153046 0.04866184 -0.01855917
v 0.03111388 0.05142763 -0.01089930
v 0.03151137 0.05086384 -0.01119702
v 0.03109725 0.05248142 -0.00323150
v 0.03149685 0.05175696 -0.00547650
v 0.03148212 0.05208052 0.00031771
v 0.03107296 0.05220693 0.00661383
v 0.03141715 0.04925290 0.01711929
v 0.03104713 0.04959159 0.01760170
v 0.03146324 0.05147367 0.00793734
v 0.03102918 0.04549963 0.02632086
v 0.03141399 0.04569573 0.02502600
v 0.03100386 0.04135339 0.03247529
v 0.03138864 0.03845089 0.03512880
v 0.03140316 0.04208479 0.03062099
v 0.03098139 0.03449104 0.03974595
v 0.03136954 0.03286298 0.04040352
v 0.03135141 0.02665840 0.04473950
v 0.03096271 0.02664111 0.04531114
v 0.03133347 0.01990833 0.04812541
v 0.03093970 0.02010743 0.04858284
v 0.03131450 0.01262915 0.05052727
v 0.03127576 -0.00269716 0.05201143
v 0.03087276 -0.00645675 0.05218147
v 0.03125716 -0.01024955 0.05106167
v 0.03085042 -0.01606970 0.05010826
v 0.03123938 -0.01750879 0.04905012
v 0.03122069 -0.02448326 0.04596935
v 0.03082536 -0.02476684 0.04636862
v 0.03120579 -0.02945560 0.04291043
v 0.03081083 -0.03122470 0.04230398
v 0.03119154 -0.03402887 0.03942980
v 0.03079139 -0.03717010 0.03716784
v 0.03117231 -0.03946986 0.03398145
v 0.03076065 -0.04327090 0.02995555
v 0.03115396 -0.04398941 0.02788208
v 0.03114127 -0.04675338 0.02281529
v 0.03073765 -0.04801951 0.02141055
v 0.03112683 -0.04898064 0.01770659
v 0.03071894 -0.05064517 0.01409228
v 0.03110759 -0.05105555 0.01029794
v 0.03070648 -0.05222262 0.00612935
v 0.03106822 -0.05196548 0.00331322
v 0.03068291 -0.05250860 -0.00350864
v 0.03105001 -0.05203940 -0.00250901
v 0.03106982 -0.05114478 -0.00995883
v 0.03065315 -0.05056441 -0.01456977
v 0.03109282 -0.04950910 -0.01616455
v 0.03061928 -0.04622423 -0.02516362
v 0.03102342 -0.04664063 -0.02318075
v 0.03100697 -0.04272189 -0.02979179
v 0.03060741 -0.04082230 -0.03311271
v 0.03098657 -0.03784679 -0.03578225
v 0.03058239 -0.03580618 -0.03850372
v 0.03096761 -0.03217912 -0.04095311
v 0.03092518 -0.01812247 -0.04885650
v 0.03051396 -0.01225594 -0.05112910
v 0.03089074 -0.00643641 -0.05169992
v 0.03049533 -0.00435628 -0.05238830
v 0.03087413 -0.00018366 -0.05206592
v 0.03047399 0.00353487 -0.05245785
v 0.03088456 0.00664665 -0.05164312
v 0.03083802 0.01832297 -0.04875370
v 0.03078393 0.03111674 -0.04175000
v 0.03038683 0.03742386 -0.03693264
v 0.03077117 0.04003645 -0.03331409
v 0.03081487 0.03477909 -0.03877299
v 0.03036322 0.04258718 -0.03081782
v 0.03075650 0.04439206 -0.02721057
v 0.03034452 0.04679193 -0.02397334
v 0.03069636 0.05149328 -0.00792596
v 0.03068854 0.05181000 0.00519548
v 0.03057477 0.03442912 0.03908265
v 0.03052959 0.02087159 0.04774606
v 0.03010935 0.01374509 0.05079899
v 0.03050160 0.00941356 0.05124255
v 0.03049260 -0.00372813 0.05193670
v 0.03044489 -0.01558556 0.04969677
v 0.03042809 -0.02119557 0.04751709
v 0.03002935 -0.02206614 0.04772199
v 0.03039301 -0.02600829 0.04512050
v 0.03000131 -0.02916561 0.04373061
v 0.03036368 -0.03182843 0.04120709
v 0.02998160 -0.03536865 0.03890464
v 0.03038109 -0.03618652 0.03748712
v 0.03034215 -0.04668861 0.02308431
v 0.03031412 -0.05060453 0.01233226
v 0.03030133 -0.05177530 0.00540117
v 0.02990034 -0.05226538 0.00572042
v 0.03023581 -0.05207646 0.00076982
v 0.03024826 -0.05011020 -0.01420000
v 0.03022075 -0.04582965 -0.02474918
v 0.03018886 -0.03847053 -0.03511315
v 0.02976898 -0.03299316 -0.04100252
v 0.03016889 -0.03281661 -0.04042498
v 0.03015174 -0.02668564 -0.04472750
v 0.03010322 -0.01563485 -0.04966781
v 0.03008589 -0.00118538 -0.05207205
v 0.03005785 0.01021384 -0.05107239
v 0.03003687 0.01752348 -0.04903121
v 0.02962983 0.01939049 -0.04887290
v 0.02961328 0.02622515 -0.04555972
v 0.03006760 0.02439004 -0.04601857
v 0.03000543 0.02834372 -0.04366281
v 0.02999258 0.03400201 -0.03945601
v 0.02994371 0.04340081 -0.02883162
v 0.02954559 0.04634642 -0.02493320
v 0.02952204 0.04993963 -0.01641950
v 0.02995129 0.04692288 -0.02262606
v 0.02983747 0.05032606 -0.01344922
v 0.02949855 0.05186709 -0.00863082
v 0.02990394 0.05152955 -0.00772025
v 0.02985019 0.05090152 0.01106476
v 0.02983322 0.04710294 0.02227830
v 0.02942268 0.04537554 0.02665611
v 0.02938971 0.03983742 0.03430183
v 0.02980602 0.04273809 0.02977150
v 0.02979026 0.03791263 0.03570180
v 0.02976765 0.03219331 0.04094323
v 0.02971069 0.01943555 0.04831858
v 0.02970303 0.00799185 0.05146840
v 0.02968198 0.00019499 0.05206887
v 0.02966481 -0.00735112 0.05156229
v 0.02964525 -0.01480162 0.04991895
v 0.02963355 -0.02002287 0.04804352
v 0.02960003 -0.03169847 0.04132850
v 0.02958069 -0.03746062 0.03618688
v 0.02954452 -0.04574665 0.02493339
v 0.02959877 -0.04229717 0.03039051
v 0.02951544 -0.04816316 0.01978635
v 0.02952555 -0.05033574 0.01331062
v 0.02948723 -0.05133433 0.00872135
v 0.02947342 -0.05188023 -0.00489009
v 0.02944821 -0.05030787 -0.01341916
v 0.02943239 -0.04788623 -0.02048323
v 0.02941343 -0.04435847 -0.02729607
v 0.02940621 -0.03675660 -0.03688331
v 0.02936717 -0.03150766 -0.04147160
v 0.02934923 -0.02518122 -0.04558969
v 0.02933106 -0.01830384 -0.04876077
v 0.02931192 -0.01092718 -0.05092465
v 0.02929784 -0.00526909 -0.05178067
v 0.02928272 0.00059131 -0.05208006
v 0.02923477 0.01445130 -0.05006048
v 0.02921603 0.02156576 -0.04743416
v 0.02919643 0.02830436 -0.04375030
v 0.02921833 0.03292765 -0.04033721
v 0.02917932 0.03806620 -0.03554681
v 0.02916062 0.04284716 -0.02960730
v 0.02914284 0.04666901 -0.02311603
v 0.02912425 0.04954110 -0.01606683
v 0.02910495 0.05137090 -0.00857635
v 0.02908550 0.05207426 -0.00087860
v 0.02906653 0.05163824 0.00677418
v 0.02904859 0.05011472 0.01417066
v 0.02903046 0.04753242 0.02128585
v 0.02903516 0.04390891 0.02799994
v 0.02899684 0.04046994 0.03272551
v 0.02898215 0.03660161 0.03705142
v 0.03322352 0.04683804 -0.02282754
v 0.03308646 0.04143902 0.03158967
v 0.03099635 -0.01176660 -0.05075979
v 0.03079591 0.05040156 -0.01321890
v 0.03071515 0.04626955 0.02396215
v 0.03059914 0.01463417 0.05000924
v 0.03044899 -0.04017122 0.03316325
v 0.03001474 0.04894923 -0.01786011
v 0.02995982 0.05180543 0.00546918
v 0.02850000 -0.04003642 -0.00301275
v 0.02590000 -0.03988738 0.00458141
v 0.02850000 -0.03931950 0.00763189
v 0.02590000 -0.03705804 0.01519772
v 0.02850000 -0.03675962 0.01590594
v 0.02590000 -0.03292456 0.02280881
v 0.02850000 -0.03113813 0.02534579
v 0.02590000 -0.02580742 0.03075661
v 0.02850000 -0.02329736 0.03258069
v 0.02590000 -0.01463584 0.03738695
v 0.02850000 -0.01574881 0.03682721
v 0.02850000 -0.00517587 0.03981460
v 0.02590000 -0.00393090 0.03985997
v 0.02590000 0.00673419 0.03958084
v 0.02850000 0.00780793 0.03938310
v 0.02590000 0.01718171 0.03618089
v 0.02850000 0.01787275 0.03584457
v 0.02590000 0.02455782 0.03164146
v 0.02850000 0.02516041 0.03116444
v 0.02590000 0.03078569 0.02562245
v 0.02850000 0.03127164 0.02502706
v 0.02590000 0.03557399 0.01840543
v 0.02850000 0.03697866 0.01563875
v 0.02590000 0.03926225 0.00839450
v 0.02850000 0.04003642 0.00301275
v 0.02590000 0.03988738 -0.00458141
v 0.02850000 0.03931950 -0.00763189
v 0.02590000 0.03705804 -0.01519772
v 0.02850000 0.03675962 -0.01590594
v 0.02590000 0.03292456 -0.02280881
v 0.02850000 0.03113813 -0.02534579
v 0.02590000 0.02580742 -0.03075661
v 0.02850000 0.02329736 -0.03258069
v 0.02590000 0.01463584 -0.03738695
v 0.02850000 0.01574881 -0.03682721
v 0.02850000 0.00517587 -0.03981460
v 0.02590000 0.00393090 -0.03985997
v 0.02590000 -0.00673419 -0.03958084
v 0.02850000 -0.00780793 -0.03938310
v 0.02590000 -0.01718171 -0.03618089
v 0.02850000 -0.01787275 -0.03584457
v 0.02590000 -0.02455782 -0.03164146
v 0.02850000 -0.02516041 -0.03116444
v 0.02590000 -0.03078569 -0.02562245
v 0.02850000 -0.03127164 -0.02502706
v 0.02590000 -0.03557399 -0.01840543
v 0.02850000 -0.03697866 -0.01563875
v 0.02590000 -0.03926225 -0.00839450
v 0.03350000 -0.04503649 -0.00126524
v 0.02850000 -0.04500593 -0.00208635
v 0.02850000 -0.04418481 0.00929668
v 0.03350000 -0.04392979 0.01043548
v 0.02850000 -0.03926475 0.02229361
v 0.03350000 -0.03981778 0.02108154
v 0.03350000 -0.03466359 0.02878058
v 0.02850000 -0.03062516 0.03317869
v 0.03350000 -0.02804354 0.03526254
v 0.02850000 -0.02096826 0.03987755
v 0.03350000 -0.02023752 0.04025331
v 0.02850000 -0.01031054 0.04395928
v 0.03350000 -0.01157570 0.04354182
v 0.03350000 -0.00242440 0.04498899
v 0.02850000 0.00354648 0.04501276
v 0.03350000 0.00682943 0.04453364
v 0.02850000 0.01502235 0.04247606
v 0.03350000 0.01579450 0.04219503
v 0.02850000 0.02525740 0.03742712
v 0.03350000 0.02409160 0.03807205
v 0.03350000 0.03136992 0.03233905
v 0.02850000 0.03544323 0.02797326
v 0.03350000 0.03732166 0.02523847
v 0.02850000 0.04137684 0.01782818
v 0.03350000 0.04169509 0.01707061
v 0.02850000 0.04414875 0.00898746
v 0.03350000 0.04430531 0.00818084
v 0.02850000 0.04505366 -0.00023328
v 0.03350000 0.04504191 -0.00105489
v 0.02850000 0.04364765 -0.01155892
v 0.03350000 0.04387376 -0.01024598
v 0.03350000 0.04085023 -0.01900381
v 0.02850000 0.03806502 -0.02428538
v 0.03350000 0.03609921 -0.02695800
v 0.02850000 0.03043253 -0.03322270
v 0.03350000 0.02982159 -0.03377217
v 0.02850000 0.02116575 -0.03988404
v 0.03350000 0.02012794 -0.04041772
v 0.02850000 0.00803387 -0.04443177
v 0.03350000 0.00688291 -0.04462456
v 0.02850000 -0.00370965 -0.04490128
v 0.03350000 -0.00452788 -0.04482616
v 0.02850000 -0.01281583 -0.04319307
v 0.03350000 -0.01360142 -0.04295216
v 0.02850000 -0.02138010 -0.03965826
v 0.03350000 -0.02209978 -0.03926177
v 0.02850000 -0.02904020 -0.03444638
v 0.03350000 -0.02966357 -0.03391105
v 0.02850000 -0.03547223 -0.02777782
v 0.03350000 -0.03597292 -0.02712629
v 0.02850000 -0.04040419 -0.01993458
v 0.03350000 -0.04076102 -0.01919442
v 0.02850000 -0.04362754 -0.01124830
v 0.03350000 -0.04382542 -0.01045079
v 0.03949893 0.03289581 0.01638835
v 0.03940018 0.03592758 0.00906163
v 0.03939778 0.03618681 0.00494054
v 0.03940062 0.03712156 -0.00139568
v 0.03939983 0.03610080 -0.00510216
v 0.03940062 0.03457746 -0.01357784
v 0.03939983 0.03399868 -0.01316761
v 0.03950094 0.02932763 -0.02214255
v 0.03939985 0.00203167 -0.03640214
v 0.03950443 0.00904895 -0.03560511
v 0.03940062 -0.00139568 -0.03712156
v 0.03939985 -0.00628859 -0.03591210
v 0.03940062 -0.01357784 -0.03457746
v 0.03939985 -0.01428002 -0.03354529
v 0.03950743 -0.02224310 -0.02922713
v 0.03939985 -0.03644398 -0.00078520
v 0.03950819 -0.03562041 -0.00894769
v 0.03940062 -0.03712156 0.00139568
v 0.03939983 -0.03568310 0.00746625
v 0.03940062 -0.03457746 0.01357784
v 0.03939980 -0.03305446 0.01537490
v 0.03950743 -0.02917753 0.02230807
v 0.03939958 0.00036345 0.03644983
v 0.03950548 -0.00885055 0.03565125
v 0.03940062 0.00139568 0.03712156
v 0.03939952 0.00862961 0.03541456
v 0.03940062 0.01357784 0.03457746
v 0.03939946 0.01644427 0.03252971
v 0.03950140 0.02245698 0.02908373
v 0.03732011 0.02030160 0.02668764
v 0.03733637 0.01919287 0.02661584
v 0.03740042 0.01636015 0.03145001
v 0.03738476 -0.02100659 -0.02669241
v 0.03733082 -0.01914301 -0.02659213
v 0.03739998 -0.02011483 -0.02919990
v 0.03733337 -0.03214597 -0.00518578
v 0.03740001 -0.03416004 -0.00950013
v 0.03732880 -0.03252893 -0.00172227
v 0.03739997 -0.03545687 -0.00110297
v 0.03732487 -0.03245642 0.00221374
v 0.03732975 -0.03150548 -0.00803770
v 0.03732704 -0.02862236 -0.01045059
v 0.03737377 -0.02978401 -0.00894481
v 0.03733677 -0.02541009 -0.00846078
v 0.03733655 -0.02716455 -0.00729420
v 0.03740000 -0.03105885 -0.01710373
v 0.03737441 -0.03021369 -0.01218759
v 0.03733994 -0.03003937 -0.01305220
v 0.03732174 -0.02783007 -0.01735039
v 0.03739999 -0.02629188 -0.02378978
v 0.03733367 -0.02279464 -0.02354504
v 0.03733286 -0.02252401 -0.02504275
v 0.03739997 -0.01285912 -0.03304399
v 0.03733394 -0.01148389 -0.03070681
v 0.03739999 -0.00491395 -0.03511602
v 0.03733360 -0.01612358 -0.02854685
v 0.03738724 0.00825158 -0.03155375
v 0.03739997 0.01132656 -0.03360095
v 0.03733670 0.00518493 -0.03214804
v 0.03739996 0.00329469 -0.03530502
v 0.03733473 -0.00237743 -0.03242591
v 0.03732708 0.00172179 -0.03252806
v 0.03739998 0.01875106 -0.03009526
v 0.03734122 0.00870340 -0.03072167
v 0.03733537 0.00726316 -0.02711341
v 0.03733677 0.00846078 -0.02541009
v 0.03733252 0.00879302 -0.02964096
v 0.03732704 0.01045059 -0.02862236
v 0.03737547 0.01218739 -0.03021544
v 0.03732851 0.01305759 -0.03003018
v 0.03732299 0.01735257 -0.02782966
v 0.03735835 0.02403328 -0.02281184
v 0.03739998 0.02517011 -0.02497605
v 0.03731951 0.02533218 -0.02236811
v 0.03739998 0.03023967 -0.01851776
v 0.03738113 0.02672381 -0.02075343
v 0.03733605 0.02364524 -0.00112474
v 0.03739309 0.03063900 -0.00350637
v 0.03735866 0.02292641 -0.00291436
v 0.03737690 0.03193153 -0.00675586
v 0.03733405 0.03084272 -0.00568545
v 0.03733950 0.03167671 -0.00320651
v 0.03731944 0.02725044 -0.00409559
v 0.03739999 0.03368795 -0.01106673
v 0.03733360 0.02854685 -0.01612358
v 0.03733241 0.03070606 -0.01148338
v 0.03733933 0.02662689 -0.01917423
v 0.03733473 0.03242591 -0.00237743
v 0.03739998 0.03533014 -0.00302236
v 0.03733337 0.03214597 0.00518578
v 0.03739977 0.03502940 0.00552251
v 0.03732880 0.03252893 0.00172227
v 0.03738747 0.03155407 0.00825173
v 0.03740030 0.03272843 0.01361827
v 0.03740067 0.02871501 0.02078721
v 0.03731509 0.02817791 0.01673941
v 0.03731612 0.02533997 0.02079720
v 0.03736649 0.02278958 0.02412862
v 0.03740041 0.02315942 0.02683934
v 0.03732974 0.02247592 0.02512212
v 0.03731904 0.02173884 0.02604263
v 0.03733605 0.00112474 0.02364524
v 0.03739309 0.00350637 0.03063900
v 0.03735866 0.00291436 0.02292641
v 0.03734551 0.00654589 0.03171892
v 0.03733405 0.00568545 0.03084272
v 0.03734010 0.00320693 0.03167681
v 0.03740025 0.00868251 0.03437177
v 0.03733473 0.00237743 0.03242591
v 0.03740038 0.00053885 0.03544799
v 0.03731944 0.00409559 0.02725044
v 0.03732822 0.01417425 0.02954835
v 0.03733442 0.00784685 0.03182183
v 0.03732708 -0.00172179 0.03252806
v 0.03740029 -0.00763354 0.03462115
v 0.03733670 -0.00518493 0.03214804
v 0.03732975 -0.00803770 0.03150548
v 0.03740014 -0.01539597 0.03193589
v 0.03737407 -0.00894531 0.02978416
v 0.03732493 -0.01045301 0.02862346
v 0.03733677 -0.00846078 0.02541009
v 0.03733655 -0.00729420 0.02716455
v 0.03730430 -0.01176795 0.02991887
v 0.03734017 -0.01232624 0.03011535
v 0.03733534 -0.01307128 0.03002535
v 0.03731811 -0.01673518 0.02818214
v 0.03740019 -0.02233192 0.02753658
v 0.03733557 -0.02353919 0.02280543
v 0.03732727 -0.02528002 0.02241095
v 0.03731612 -0.02079720 0.02533997
v 0.03740019 -0.02785612 0.02191663
v 0.03738113 -0.02672381 0.02075343
v 0.03740000 -0.03467846 0.00738784
v 0.03739999 -0.03204937 0.01516712
v 0.03733241 -0.03070606 0.01148338
v 0.03733353 -0.02853345 0.01614984
v 0.03733975 -0.02662925 0.01917603
v 0.03737647 -0.03229038 0.00279437
v 0.03734530 -0.03010434 0.00528163
v 0.03739289 -0.03103929 0.00359833
v 0.03738857 -0.03188182 0.00643540
v 0.03729568 -0.03179542 0.00694699
v 0.03731944 -0.02725044 0.00409559
v 0.03738895 0.01436032 -0.00126179
v 0.03728986 0.01408037 -0.00065717
v 0.03740000 0.01587821 0.00101189
v 0.03740000 0.02108727 0.00133892
v 0.03737020 0.02166510 0.00675921
v 0.03740000 0.02006576 0.00385205
v 0.03740000 0.01611428 0.00305541
v 0.03736977 0.01394074 0.00391755
v 0.03740000 0.01683746 -0.00051473
v 0.03733349 0.01544413 -0.00213243
v 0.03733877 0.01827318 -0.00219646
v 0.03740000 0.01952464 -0.00088664
v 0.03732985 0.01470033 0.00478388
v 0.03733375 0.01775191 0.00543050
v 0.03740000 0.01780025 0.00418797
v 0.03735926 -0.00291420 -0.02292729
v 0.03740000 0.00133892 -0.02108727
v 0.03736963 0.00676031 -0.02166711
v 0.03740000 0.00385205 -0.02006576
v 0.03736977 0.00391755 -0.01394074
v 0.03740000 0.00305541 -0.01611428
v 0.03733674 0.00128446 -0.01400480
v 0.03740000 0.00101189 -0.01587821
v 0.03734828 -0.00083189 -0.01411378
v 0.03733941 -0.00220185 -0.01832279
v 0.03740000 -0.00088664 -0.01952464
v 0.03740000 -0.00051473 -0.01683746
v 0.03734341 -0.00211859 -0.01539891
v 0.03733375 0.00543050 -0.01775191
v 0.03732985 0.00478388 -0.01470033
v 0.03740000 0.00418797 -0.01780025
v 0.03733962 -0.00320762 -0.03167520
v 0.03729571 -0.00694715 -0.03179543
v 0.03738857 -0.00643520 -0.03188163
v 0.03734530 -0.00528163 -0.03010434
v 0.03739613 -0.00352591 -0.03069577
v 0.03731944 -0.00409559 -0.02725044
v 0.03734828 -0.01411378 0.00083189
v 0.03733674 -0.01400480 -0.00128446
v 0.03740000 -0.01587821 -0.00101189
v 0.03740000 -0.01611428 -0.00305541
v 0.03736977 -0.01394074 -0.00391755
v 0.03732985 -0.01470033 -0.00478388
v 0.03740000 -0.02006576 -0.00385205
v 0.03736963 -0.02166711 -0.00676031
v 0.03740000 -0.02108727 -0.00133892
v 0.03740000 -0.01683746 0.00051473
v 0.03734341 -0.01539891 0.00211859
v 0.03733375 -0.01775191 -0.00543050
v 0.03733797 -0.02298720 -0.00523427
v 0.03740000 -0.01780025 -0.00418797
v 0.03733941 -0.01832279 0.00220185
v 0.03740000 -0.01952464 0.00088664
v 0.03735926 -0.02292729 0.00291420
v 0.03734828 0.00083189 0.01411378
v 0.03733674 -0.00128446 0.01400480
v 0.03740000 -0.00101189 0.01587821
v 0.03740000 -0.00305541 0.01611428
v 0.03736977 -0.00391755 0.01394074
v 0.03740000 -0.00133892 0.02108727
v 0.03737020 -0.00675921 0.02166510
v 0.03740000 -0.00385205 0.02006576
v 0.03740000 0.00051473 0.01683746
v 0.03734341 0.00211859 0.01539891
v 0.03733375 -0.00543050 0.01775191
v 0.03740000 -0.00418797 0.01780025
v 0.03732985 -0.00478388 0.01470033
v 0.03733941 0.00220185 0.01832279
v 0.03740000 0.00088664 0.01952464
v 0.03733967 0.03072257 0.00870209
v 0.03733534 0.03002535 0.01307128
v 0.03733655 0.02716455 0.00729420
v 0.03733617 0.02319568 0.00535605
v 0.03733677 0.02541009 0.00846078
v 0.03733333 0.02964069 0.00879341
v 0.03732493 0.02862346 0.01045301
v 0.03730430 0.02991887 0.01176795
v 0.03734017 0.03011535 0.01232624
v 0.03733948 -0.02249014 -0.00382523
v 0.03733347 -0.02281309 -0.00016745
v 0.03733314 -0.02308805 0.00056669
v 0.03733605 -0.02364524 0.00112474
v 0.03733272 -0.02298324 -0.00202826
v 0.03733433 -0.00534265 0.02317845
v 0.03733392 -0.00398368 0.02246367
v 0.03733314 0.00056669 0.02308805
v 0.03733272 -0.00202826 0.02298324
v 0.03733257 -0.00016750 0.02281361
v 0.03733314 -0.00056669 -0.02308805
v 0.03733257 0.00016750 -0.02281361
v 0.03733826 0.00523569 -0.02298806
v 0.03733605 -0.00112474 -0.02364524
v 0.03733948 0.00382523 -0.02249014
v 0.03733390 0.00202812 -0.02298257
v 0.03732773 0.02257594 0.00457699
v 0.03734603 0.02245454 0.00391767
v 0.03733314 0.02308805 -0.00056669
v 0.03733257 0.02281361 0.00016750
v 0.03733243 0.02298346 0.00204184
v 0.02870000 0.00423182 0.00860745
v 0.02846000 0.00729596 0.00613996
v 0.02830000 0.00384825 0.00878565
v 0.02846000 -0.00001372 0.00953572
v 0.02870000 -0.00313363 0.00900282
v 0.02830000 -0.00341204 0.00890103
v 0.02846000 -0.00613996 0.00729596
v 0.02870000 -0.00860745 0.00423182
v 0.02830000 -0.00878565 0.00384825
v 0.02846000 -0.00953572 -0.00001372
v 0.02870000 -0.00423182 -0.00860745
v 0.02846000 -0.00729596 -0.00613996
v 0.02830000 -0.00384825 -0.00878565
v 0.02846000 0.00001372 -0.00953572
v 0.02870000 0.00860745 -0.00423182
v 0.02846000 0.00613996 -0.00729596
v 0.02830000 0.00878565 -0.00384825
v 0.02846000 0.00953572 0.00001372
v 0.02360000 -0.00492536 -0.03218210
v 0.02373689 -0.00204685 -0.02793255
v 0.02371776 -0.00213384 -0.02520387
v 0.02359743 -0.00260875 -0.01884086
v 0.02371169 -0.00115340 -0.02339238
v 0.02368725 0.00038061 -0.02217923
v 0.02359939 0.00169390 -0.01904545
v 0.02368687 0.00268879 -0.02175248
v 0.02358944 0.00596851 -0.01818663
v 0.02360305 0.00574104 -0.02280744
v 0.02372861 0.00699492 -0.02642657
v 0.02360000 0.01072387 -0.03102231
v 0.02369643 0.00234891 -0.03109931
v 0.02360695 -0.00822072 -0.03521342
v 0.02364485 0.01597709 -0.03267769
v 0.02360145 0.00558649 -0.03005496
v 0.02367612 -0.00052761 -0.03009392
v 0.02371579 0.00636728 -0.02873547
v 0.02359994 0.01295991 -0.03122691
v 0.02359978 -0.00702333 -0.03309514
v 0.02359989 0.01890848 -0.02783609
v 0.02363969 0.02211620 -0.02874456
v 0.02363546 0.02754599 -0.02372188
v 0.02360000 0.02465183 -0.02131306
v 0.02360000 0.02325939 -0.02143751
v 0.02360000 0.02545911 -0.01969511
v 0.02360000 0.01728341 -0.02328699
v 0.02360000 0.02203237 -0.02009747
v 0.02360333 0.01591374 -0.01826477
v 0.02360000 0.01913699 -0.02590491
v 0.02360000 0.02443029 -0.01838039
v 0.02360000 0.02597170 -0.01290236
v 0.02360000 0.02303846 -0.01841925
v 0.02360000 0.02057931 -0.01234877
v 0.02360000 0.02896355 -0.01427719
v 0.02362932 0.03292575 -0.01517401
v 0.02359989 0.03077058 -0.01365226
v 0.02361195 0.03400051 0.01245643
v 0.02368649 0.02882043 0.00634940
v 0.02372186 0.03077660 0.00397996
v 0.02360000 0.03102231 0.01072387
v 0.02372861 0.02642657 0.00699492
v 0.02368974 0.02998732 -0.00062255
v 0.02360000 0.03184945 -0.00478565
v 0.02359979 0.03312061 -0.00649410
v 0.02366978 0.03086199 0.00081672
v 0.02362322 0.03492652 -0.00968982
v 0.02359994 0.03122691 0.01295991
v 0.02373689 0.02793255 -0.00204685
v 0.02371776 0.02520387 -0.00213384
v 0.02359743 0.01884086 -0.00260875
v 0.02359939 0.01904545 0.00169390
v 0.02369330 0.02218268 0.00038050
v 0.02371169 0.02339238 -0.00115340
v 0.02367969 0.02174854 0.00269559
v 0.02358944 0.01818663 0.00596851
v 0.02360305 0.02280744 0.00574104
v 0.02361461 0.03016318 0.02014090
v 0.02359989 0.02783609 0.01890848
v 0.02360000 0.02590491 0.01913699
v 0.02361343 0.02362113 0.02747768
v 0.02360000 0.02131306 0.02465183
v 0.02360000 0.02143751 0.02325939
v 0.02360000 0.02009747 0.02203237
v 0.02360000 0.02328699 0.01728341
v 0.02360333 0.01826477 0.01591374
v 0.02360000 0.01838039 0.02443029
v 0.02360000 0.01290236 0.02597170
v 0.02360000 0.01841925 0.02303846
v 0.02360000 0.01234877 0.02057931
v 0.02360000 0.01427719 0.02896355
v 0.02360000 0.01969511 0.02545911
v 0.02367414 0.01785381 0.03170703
v 0.02360000 0.01367784 0.03073386
v 0.02360463 -0.00627063 0.02949970
v 0.02360000 -0.01072387 0.03102231
v 0.02372861 -0.00699492 0.02642657
v 0.02359994 -0.01295991 0.03122691
v 0.02360760 -0.01517393 0.03284657
v 0.02368346 -0.00996040 0.03500098
v 0.02362048 -0.00116407 0.03624400
v 0.02368923 -0.00235345 0.03110409
v 0.02373689 0.00204685 0.02793255
v 0.02360000 0.00492536 0.03218210
v 0.02367612 0.00052761 0.03009392
v 0.02360965 0.00790428 0.03534508
v 0.02359980 0.00702333 0.03309514
v 0.02359939 -0.00169390 0.01904545
v 0.02369330 -0.00038050 0.02218268
v 0.02367969 -0.00269559 0.02174854
v 0.02358944 -0.00596851 0.01818663
v 0.02360305 -0.00574104 0.02280744
v 0.02371776 0.00213384 0.02520387
v 0.02359743 0.00260875 0.01884086
v 0.02371169 0.00115340 0.02339238
v 0.02361361 -0.02693339 0.02426604
v 0.02360000 -0.01913699 0.02590491
v 0.02367360 -0.02279528 0.02834173
v 0.02359989 -0.01890848 0.02783609
v 0.02360000 -0.02203237 0.02009747
v 0.02360333 -0.01591374 0.01826477
v 0.02360000 -0.01728341 0.02328699
v 0.02360000 -0.02303846 0.01841925
v 0.02360000 -0.02057931 0.01234877
v 0.02360000 -0.02325939 0.02143751
v 0.02360000 -0.02896355 0.01427719
v 0.02360000 -0.02545911 0.01969511
v 0.02360000 -0.02443029 0.01838039
v 0.02360000 -0.02597170 0.01290236
v 0.02360000 -0.02465183 0.02131306
v 0.02363614 -0.03233217 0.01652755
v 0.02360000 -0.03073386 0.01367784
v 0.02370770 -0.03639568 -0.00160163
v 0.02367510 -0.03086007 -0.00082284
v 0.02366509 -0.03622359 0.00320173
v 0.02360545 -0.03065353 -0.00497201
v 0.02365716 -0.03564775 -0.00734175
v 0.02360000 -0.03218210 0.00492536
v 0.02359980 -0.03309514 0.00702333
v 0.02359997 -0.03122843 -0.01294306
v 0.02360000 -0.03102231 -0.01072387
v 0.02360264 -0.02860734 0.00206880
v 0.02366888 -0.03418269 0.01259300
v 0.02372634 -0.02873717 -0.00636056
v 0.02371776 -0.02520387 0.00213384
v 0.02359743 -0.01884086 0.00260875
v 0.02359939 -0.01904545 -0.00169390
v 0.02369330 -0.02218268 -0.00038050
v 0.02367969 -0.02174854 -0.00269559
v 0.02358944 -0.01818663 -0.00596851
v 0.02360305 -0.02280744 -0.00574104
v 0.02371824 -0.02642232 -0.00700029
v 0.02371169 -0.02339238 0.00115340
v 0.02360000 -0.02590491 -0.01913699
v 0.02359989 -0.02783609 -0.01890848
v 0.02362397 -0.02585561 -0.02540301
v 0.02364616 -0.03197075 -0.01732228
v 0.02360000 -0.01838039 -0.02443029
v 0.02360000 -0.01290236 -0.02597170
v 0.02360000 -0.01841925 -0.02303846
v 0.02360000 -0.01234877 -0.02057931
v 0.02360000 -0.01427719 -0.02896355
v 0.02360000 -0.01969511 -0.02545911
v 0.02361648 -0.02084607 -0.02966443
v 0.02360000 -0.02131306 -0.02465183
v 0.02360000 -0.02143751 -0.02325939
v 0.02360000 -0.02009747 -0.02203237
v 0.02360333 -0.01826477 -0.01591374
v 0.02360000 -0.02328699 -0.01728341
v 0.02368448 -0.01310331 -0.03395330
v 0.02360000 -0.01367784 -0.03073386
v 0.02369267 0.03611290 0.00471577
v 0.02367761 0.03640447 -0.00098556
v 0.02375545 -0.00259586 -0.03636735
v 0.02362272 0.00262114 -0.03616897
v 0.02363611 0.00906791 -0.03511121
v 0.02939997 -0.02659556 0.01913375
v 0.02520000 -0.02664515 0.01961822
v 0.02520000 -0.02562076 0.01756067
v 0.02940000 -0.02463406 0.01699828
v 0.02520000 -0.02319675 0.01704826
v 0.02940000 -0.02196329 0.01762560
v 0.02520000 -0.02115960 0.01848038
v 0.02940000 -0.02076318 0.02007572
v 0.02520000 -0.02107590 0.02095654
v 0.02939992 -0.02298252 0.02278278
v 0.02520000 -0.02238984 0.02244188
v 0.02520000 -0.02456688 0.02271623
v 0.03719341 -0.02638835 0.02115437
v 0.02520000 -0.02628778 0.02134583
v 0.03721075 -0.02418459 0.02273387
v 0.02939997 -0.01913375 -0.02659556
v 0.02520000 -0.01961822 -0.02664515
v 0.02520000 -0.01756067 -0.02562076
v 0.02940000 -0.01699828 -0.02463406
v 0.02520000 -0.01704826 -0.02319675
v 0.02940000 -0.01762560 -0.02196329
v 0.02520000 -0.01848038 -0.02115960
v 0.02940000 -0.02007572 -0.02076318
v 0.02520000 -0.02095654 -0.02107590
v 0.02939992 -0.02278278 -0.02298252
v 0.02520000 -0.02244188 -0.02238984
v 0.02520000 -0.02271623 -0.02456688
v 0.03721156 -0.02273458 -0.02418011
v 0.03721577 -0.02050019 -0.02659836
v 0.02520000 -0.02134583 -0.02628778
v 0.03720985 -0.02174109 -0.02598850
v 0.02939997 0.02659556 -0.01913375
v 0.02520000 0.02664515 -0.01961822
v 0.02520000 0.02562076 -0.01756067
v 0.02940000 0.02463406 -0.01699828
v 0.02520000 0.02319675 -0.01704826
v 0.02940000 0.02196329 -0.01762560
v 0.02520000 0.02115960 -0.01848038
v 0.02940000 0.02076318 -0.02007572
v 0.02520000 0.02107590 -0.02095654
v 0.02939992 0.02298252 -0.02278278
v 0.02520000 0.02238984 -0.02244188
v 0.02520000 0.02456688 -0.02271623
v 0.03719341 0.02638835 -0.02115437
v 0.02520000 0.02628778 -0.02134583
v 0.03727572 0.02352808 -0.02275564
v 0.02939997 0.01913375 0.02659556
v 0.02520000 0.01961822 0.02664515
v 0.02520000 0.01756067 0.02562076
v 0.02940000 0.01699828 0.02463406
v 0.02520000 0.01704826 0.02319675
v 0.02940000 0.01762560 0.02196329
v 0.02520000 0.01848038 0.02115960
v 0.02940000 0.02007572 0.02076318
v 0.02520000 0.02095654 0.02107590
v 0.02939992 0.02278278 0.02298252
v 0.02520000 0.02244188 0.02238984
v 0.02520000 0.02271623 0.02456688
v 0.02520000 0.02134583 0.02628778
v 0.03727493 0.02276987 0.02352392
v 0.02940001 -0.01502082 0.00211185
v 0.02939999 -0.01918300 0.00234079
v 0.02940005 -0.02815041 0.00436484
v 0.03723317 -0.03158181 0.00638936
v 0.02939996 -0.03179609 0.00673473
v 0.03716723 -0.03004860 -0.01236757
v 0.03725723 -0.02991348 -0.01179291
v 0.02939996 -0.03011490 -0.01255216
v 0.02940002 -0.02902568 -0.01077856
v 0.02939992 -0.02123361 -0.00654429
v 0.02939999 -0.01480020 -0.00488475
v 0.03716723 0.01236757 -0.03004860
v 0.03725723 0.01179291 -0.02991348
v 0.02939995 0.01255216 -0.03011490
v 0.02940003 0.01077856 -0.02902568
v 0.02939992 0.00654429 -0.02123361
v 0.02939999 0.00488475 -0.01480020
v 0.02940001 0.01502082 -0.00211185
v 0.02939999 0.01918300 -0.00234079
v 0.02940005 0.02815041 -0.00436484
v 0.02939996 0.03179610 -0.00673474
v 0.03721705 0.03176406 -0.00673599
v 0.02939996 0.03011490 0.01255216
v 0.02940002 0.02902568 0.01077856
v 0.02939992 0.02123361 0.00654429
v 0.02939999 0.01480020 0.00488475
v 0.02940001 0.00211185 0.01502082
v 0.02939999 0.00234079 0.01918300
v 0.02940003 0.00436484 0.02815041
v 0.02939998 0.00673474 0.03179610
v 0.03727972 0.00694034 0.03178829
v 0.02939995 -0.01255216 0.03011490
v 0.02940003 -0.01077856 0.02902568
v 0.02939997 -0.00654429 0.02123361
v 0.02939999 -0.00488475 0.01480020
v 0.02520000 0.01838227 0.02311746
v 0.02520000 0.01841713 0.02450938
v 0.02520000 0.01978919 0.02546747
v 0.02520000 0.02135880 0.02457287
v 0.02520000 0.02140979 0.02318289
v 0.02520000 0.01999790 0.02202351
v 0.02520000 0.02202351 -0.01999790
v 0.02520000 0.02311746 -0.01838227
v 0.02520000 0.02450938 -0.01841713
v 0.02520000 0.02546747 -0.01978919
v 0.02520000 0.02457287 -0.02135880
v 0.02520000 0.02318289 -0.02140979
v 0.02520000 -0.02135880 -0.02457287
v 0.02520000 -0.02140979 -0.02318289
v 0.02520000 -0.01999790 -0.02202351
v 0.02520000 -0.01838227 -0.02311746
v 0.02520000 -0.01841713 -0.02450938
v 0.02520000 -0.01978919 -0.02546747
v 0.02520000 -0.02546747 0.01978919
v 0.02520000 -0.02457287 0.02135880
v 0.02520000 -0.02318289 0.02140979
v 0.02520000 -0.02202351 0.01999790
v 0.02520000 -0.02311746 0.01838227
v 0.02520000 -0.02450938 0.01841713
v 0.02410277 0.00029576 -0.01119529
v 0.02409989 -0.00113781 -0.01232293
v 0.02409976 0.00423963 -0.01154227
v 0.02410030 0.00568030 -0.00946357
v 0.02410006 0.00791932 -0.00939997
v 0.02410108 0.00924365 -0.00615407
v 0.02409982 0.01065608 -0.00613941
v 0.02410277 0.01119529 0.00029576
v 0.02410007 0.01210410 -0.00213661
v 0.02409999 0.01196495 0.00314873
v 0.02410030 0.00946357 0.00568030
v 0.02409978 0.00940474 0.00792294
v 0.02410108 0.00615407 0.00924365
v 0.02410006 0.00613608 0.01065006
v 0.02410277 -0.00029576 0.01119529
v 0.02409989 0.00113781 0.01232293
v 0.02409976 -0.00423963 0.01154227
v 0.02410030 -0.00568030 0.00946357
v 0.02410006 -0.00791932 0.00939997
v 0.02410108 -0.00924365 0.00615407
v 0.02409982 -0.01065608 0.00613941
v 0.02410277 -0.01119529 -0.00029576
v 0.02410007 -0.01210410 0.00213661
v 0.02409999 -0.01196495 -0.00314873
v 0.02410030 -0.00946357 -0.00568030
v 0.02409978 -0.00940474 -0.00792294
v 0.02410108 -0.00615407 -0.00924365
v 0.02410006 -0.00613608 -0.01065006
v 0.02830000 -0.00667858 0.00835065
v 0.02830000 -0.01018117 0.00295422
v 0.02830000 -0.01040074 -0.00168298
v 0.02846000 -0.00895595 -0.00327431
v 0.02830000 -0.00880739 -0.00590030
v 0.02830000 -0.00389259 -0.00995915
v 0.02830000 0.00168298 -0.01040074
v 0.02846000 0.00327431 -0.00895595
v 0.02830000 0.00667858 -0.00835065
v 0.02830000 0.01018117 -0.00295422
v 0.02830000 0.01040074 0.00168298
v 0.02846000 0.00895595 0.00327431
v 0.02830000 0.00835065 0.00667858
v 0.02830000 0.00295422 0.01018117
v 0.02830000 -0.00168298 0.01040074
v 0.02980000 0.00225624 0.02587660
v 0.02980000 0.00100942 0.02958883
v 0.02980000 -0.00150087 0.03083114
v 0.02980000 -0.00381322 0.03073778
v 0.02390582 -0.00395764 0.03068590
v 0.02980000 -0.00601482 0.02907791
v 0.02390336 -0.00609273 0.02896875
v 0.02980000 -0.00697172 0.02610768
v 0.02390582 -0.00629297 0.02406529
v 0.02980000 -0.00537509 0.02295558
v 0.02390336 -0.00423116 0.02226082
v 0.02980000 -0.00205951 0.02177172
v 0.02980000 0.00079810 0.02311766
v 0.02980000 -0.02177172 -0.00205951
v 0.02980000 -0.02311766 0.00079810
v 0.02980000 -0.02587660 0.00225624
v 0.02390582 -0.02800582 0.00194245
v 0.02980000 -0.02958883 0.00100942
v 0.02390336 -0.03014090 0.00022532
v 0.02980000 -0.03083114 -0.00150087
v 0.02980000 -0.03073778 -0.00381322
v 0.02390582 -0.03068590 -0.00395764
v 0.02980000 -0.02907791 -0.00601482
v 0.02980000 -0.02610768 -0.00697172
v 0.02390582 -0.02406529 -0.00629297
v 0.02980000 -0.02295558 -0.00537509
v 0.02390336 -0.02226082 -0.00423116
v 0.02980000 0.00697172 -0.02610768
v 0.02390582 0.00629297 -0.02406529
v 0.02980000 0.00537509 -0.02295558
v 0.02390336 0.00423116 -0.02226082
v 0.02980000 0.00205951 -0.02177172
v 0.02980000 -0.00079810 -0.02311766
v 0.02980000 -0.00225624 -0.02587660
v 0.02980000 -0.00100942 -0.02958883
v 0.02980000 0.00150087 -0.03083114
v 0.02980000 0.00381322 -0.03073778
v 0.02390582 0.00395764 -0.03068590
v 0.02980000 0.00601482 -0.02907791
v 0.02980000 0.03073778 0.00381322
v 0.02980000 0.02907791 0.00601482
v 0.02980000 0.02610768 0.00697172
v 0.02390582 0.02406529 0.00629297
v 0.02980000 0.02295558 0.00537509
v 0.02390336 0.02226082 0.00423116
v 0.02980000 0.02177172 0.00205951
v 0.02980000 0.02311766 -0.00079810
v 0.02980000 0.02587660 -0.00225624
v 0.02980000 0.02958883 -0.00100942
v 0.02980000 0.03083114 0.00150087
v 0.02640016 0.01232830 0.00033897
v 0.02622129 0.01188789 -0.00309193
v 0.02625934 0.01063276 -0.00617452
v 0.02622090 0.00858002 -0.00879005
v 0.02648596 0.00728326 -0.01000510
v 0.02650690 0.00439220 -0.01157348
v 0.02647368 0.00109500 -0.01231169
v 0.02625809 -0.00224312 -0.01208907
v 0.02631689 -0.00465381 -0.01135873
v 0.02622069 -0.00690447 -0.01015884
v 0.02625992 -0.00938895 -0.00793875
v 0.02622089 -0.01116144 -0.00512872
v 0.02650148 -0.01186878 -0.00354925
v 0.02640016 -0.01232830 -0.00033897
v 0.02622129 -0.01188789 0.00309193
v 0.02625934 -0.01063276 0.00617452
v 0.02622090 -0.00858002 0.00879005
v 0.02648596 -0.00728326 0.01000510
v 0.02650690 -0.00439220 0.01157348
v 0.02647368 -0.00109500 0.01231169
v 0.02625809 0.00224312 0.01208907
v 0.02631689 0.00465381 0.01135873
v 0.02622069 0.00690447 0.01015884
v 0.02625992 0.00938895 0.00793875
v 0.02622089 0.01116144 0.00512872
v 0.02650148 0.01186878 0.00354925
v 0.02460412 0.01036518 0.00189911
v 0.02460785 0.00863024 0.00615822
v 0.02460412 0.00520780 0.00916092
v 0.02460412 0.00176052 0.01038962
v 0.02460412 -0.00189911 0.01036518
v 0.02460785 -0.00615822 0.00863024
v 0.02460412 -0.00916092 0.00520780
v 0.02460412 -0.01038962 0.00176052
v 0.02460412 -0.01036518 -0.00189911
v 0.02460785 -0.00863024 -0.00615822
v 0.02460412 -0.00520780 -0.00916092
v 0.02460412 -0.00176052 -0.01038962
v 0.02460412 0.00189911 -0.01036518
v 0.02460785 0.00615822 -0.00863024
v 0.02460412 0.00916092 -0.00520780
v 0.02460412 0.01038962 -0.00176052
v 0.02626229 -0.00476154 -0.03171960
v 0.02629930 -0.00283261 -0.01928261
v 0.02649650 -0.01001992 -0.03213068
v 0.02629237 -0.01323280 -0.03100325
v 0.02636516 -0.00693050 -0.03296938
v 0.02649912 -0.01279330 -0.02600469
v 0.02624462 -0.01421095 -0.02875129
v 0.02624349 -0.02578995 -0.01906328
v 0.02649076 -0.02330475 -0.01717410
v 0.02649294 -0.02980914 -0.01562936
v 0.02624786 -0.03137006 -0.01223263
v 0.02625184 -0.02818424 -0.01850183
v 0.02627648 -0.01846923 -0.00617480
v 0.02625537 -0.03037547 -0.01028130
v 0.02649978 -0.03154901 0.00481117
v 0.02626663 -0.01927106 0.00281723
v 0.02635379 -0.03216067 0.01014476
v 0.02624401 -0.03092926 0.01338241
v 0.02625562 -0.03302560 0.00667275
v 0.02650091 -0.02602478 0.01279427
v 0.02638405 -0.02843925 0.01405352
v 0.02635728 -0.01902921 0.02578252
v 0.02650218 -0.01716689 0.02330448
v 0.02625497 -0.01222453 0.03136748
v 0.02639837 -0.01558209 0.02988929
v 0.02626210 -0.01876231 0.02794818
v 0.02627648 -0.00617480 0.01846923
v 0.02625537 -0.01028130 0.03037547
v 0.02626229 0.00476154 0.03171960
v 0.02629930 0.00283261 0.01928261
v 0.02631250 0.00996539 0.03223185
v 0.02634419 0.01305083 0.03107927
v 0.02632313 0.00670267 0.03301079
v 0.02649382 0.01279317 0.02601337
v 0.02640941 0.01415564 0.02872472
v 0.02630462 0.02577425 0.01904219
v 0.02650355 0.02332076 0.01716404
v 0.02625497 0.03136748 0.01222453
v 0.02639837 0.02988929 0.01558209
v 0.02625184 0.02818424 0.01850183
v 0.02627648 0.01846923 0.00617480
v 0.02625537 0.03037547 0.01028130
v 0.02639970 0.03153488 -0.00475208
v 0.02626663 0.01927106 -0.00281723
v 0.02625012 0.03092229 -0.01338736
v 0.02635097 0.03215496 -0.01016999
v 0.02625562 0.03302560 -0.00667275
v 0.02649779 0.02600879 -0.01279011
v 0.02637564 0.02843574 -0.01405987
v 0.02638530 0.01904524 -0.02584574
v 0.02650763 0.01716799 -0.02333014
v 0.02625013 0.01239906 -0.03133165
v 0.02639837 0.01558209 -0.02988929
v 0.02625184 0.01850183 -0.02818424
v 0.02624309 0.00618765 -0.01849349
v 0.02634802 0.01027795 -0.03032768
v 0.02625794 0.02959719 -0.01423185
v 0.02643862 0.03254416 -0.00546814
v 0.02651991 0.03093001 0.01106088
v 0.02625180 0.02716603 0.01913462
v 0.02629851 0.01395442 0.03030133
v 0.02633499 0.00561185 0.03265990
v 0.02651991 -0.01106088 0.03093001
v 0.02642264 -0.01911075 0.02688926
v 0.02625794 -0.02959719 0.01423185
v 0.02625180 -0.03253324 0.00537911
v 0.02651991 -0.03093001 -0.01106088
v 0.02625180 -0.02716603 -0.01913462
v 0.02624054 -0.01404298 -0.03011446
v 0.02628772 -0.00579550 -0.03281364
v 0.02625180 0.01913462 -0.02716603
v 0.02631753 0.01122732 -0.03113234
v 0.02626944 -0.01800739 0.00130702
v 0.02455155 -0.01801015 0.00123637
v 0.02648659 -0.01785513 -0.00152797
v 0.02460276 -0.01794390 -0.00168039
v 0.02632187 -0.01748187 -0.00448753
v 0.02450459 -0.01750809 -0.00459677
v 0.02626944 0.00130702 0.01800739
v 0.02455155 0.00123637 0.01801015
v 0.02648370 -0.00152880 0.01785662
v 0.02460276 -0.00168039 0.01794390
v 0.02632399 -0.00446240 0.01748131
v 0.02450459 -0.00459677 0.01750809
v 0.02626944 0.01800739 -0.00130702
v 0.02455155 0.01801015 -0.00123637
v 0.02648659 0.01785513 0.00152797
v 0.02460276 0.01794390 0.00168039
v 0.02632399 0.01748131 0.00446240
v 0.02450459 0.01750809 0.00459677
v 0.02626944 -0.00130702 -0.01800739
v 0.02455155 -0.00123637 -0.01801015
v 0.02648370 0.00152880 -0.01785662
v 0.02460276 0.00168039 -0.01794390
v 0.02623780 0.00446711 -0.01750055
v 0.02450459 0.00459677 -0.01750809
v 0.02654639 0.01501097 0.01474976
v 0.02656473 -0.01473438 0.01500459
v 0.02653905 -0.01501831 -0.01475580
v 0.02654862 0.01474992 -0.01500651
v 0.02656523 -0.01186821 -0.01744201
v 0.02654950 -0.01745647 0.01188047
v 0.02656214 0.01186728 0.01744322
v 0.02656051 0.01744509 -0.01186866
v 0.02639089 -0.00219563 -0.01843545
v 0.02649060 0.00548198 -0.01774144
v 0.02624455 0.01847906 -0.00218298
v 0.02631431 0.01778602 0.00541044
v 0.02639089 0.00219563 0.01843545
v 0.02631431 -0.00541044 0.01778602
v 0.02631431 -0.01778602 -0.00541044
v 0.02624455 -0.01847906 0.00218298
v 0.02940000 -0.01404208 0.00084934
v 0.02940000 -0.01369494 -0.00372067
v 0.03725545 -0.01369754 -0.00328844
v 0.02940001 -0.00211185 -0.01502082
v 0.02940000 -0.00372067 0.01369494
v 0.02940000 0.00372067 -0.01369494
v 0.02939999 -0.00234079 -0.01918300
v 0.02940005 -0.00436484 -0.02815041
v 0.02939998 -0.00673473 -0.03179609
v 0.02940000 0.00084934 0.01404208
v 0.02940000 -0.03026693 0.01246134
v 0.02940000 0.03026693 -0.01246134
v 0.02940000 0.01246134 0.03026693
v 0.02940000 0.01999243 -0.02591685
v 0.02940000 -0.00084934 -0.01404208
v 0.02940000 0.01404208 -0.00084934
v 0.02940000 -0.01246134 -0.03026693
v 0.02940000 0.02591685 0.01999243
v 0.02940000 0.01369494 0.00372067
v 0.02940000 -0.01999243 0.02591685
v 0.02940000 -0.02591685 -0.01999243
v 0.03725545 -0.00328844 0.01369754
v 0.03725545 0.01369754 0.00328844
v 0.03725545 0.00328844 -0.01369754
v 0.03723317 -0.00638936 -0.03158181
v 0.03728128 -0.00165688 -0.01456760
v 0.03728128 -0.01456760 0.00165688
v 0.03723614 0.01443994 -0.00156212
v 0.03728128 0.00165688 0.01456760
v 0.02658172 0.02645084 0.01897143
v 0.02657592 0.02793718 0.01839513
v 0.02655842 0.00281527 0.01224882
v 0.02656333 0.01057950 0.00674000
v 0.02656333 -0.01160736 0.00475631
v 0.02656788 -0.01248185 0.00134377
v 0.02655842 -0.00281527 -0.01224882
v 0.02656327 0.03023347 0.01049347
v 0.02655992 0.01814294 0.00627947
v 0.02656333 -0.01057950 -0.00674000
v 0.02657335 0.01720518 0.00463455
v 0.02656780 -0.00989746 0.00771664
v 0.02656788 0.01248185 -0.00134377
v 0.02656333 0.01160736 -0.00475631
v 0.02656780 0.00989746 -0.00771664
v 0.02658181 0.03273718 -0.00702789
v 0.02658979 0.02938243 -0.01396210
v 0.02656717 0.03107588 0.01235118
v 0.02656567 0.00772104 0.00995137
v 0.02656837 0.00307443 0.01918397
v 0.02658251 0.00822986 0.03251024
v 0.02656020 0.00496906 0.03157239
v 0.02657481 -0.01819397 -0.00633404
v 0.02657053 -0.02764854 -0.01868782
v 0.02656597 -0.02601164 -0.01888755
v 0.02656717 0.01235118 -0.03107588
v 0.02657592 0.01839513 -0.02793718
v 0.02658712 0.01894918 -0.02660303
v 0.02657841 -0.01839371 0.02793348
v 0.02658531 -0.01887888 0.02624741
v 0.02656118 -0.03023475 -0.01049092
v 0.02656837 -0.00307443 -0.01918397
v 0.02656020 -0.00496906 -0.03157239
v 0.02659440 -0.00614846 -0.03262472
v 0.02656513 0.01782539 -0.00175403
v 0.02656837 -0.01049972 0.03023032
v 0.02655992 -0.00627947 0.01814294
v 0.02656224 -0.03108250 -0.01235278
v 0.02658124 -0.03273802 0.00702819
v 0.02656733 -0.03251787 0.00581409
v 0.02656567 -0.00772104 -0.00995137
v 0.02656500 -0.00151045 -0.01777609
v 0.02658242 0.03213258 -0.00536940
v 0.02656569 0.01916787 -0.00305721
v 0.02655703 0.03064054 -0.01336940
v 0.02656224 -0.01235278 0.03108250
v 0.02656500 0.00151045 0.01777609
v 0.02657335 -0.00463455 0.01720518
v 0.02657998 0.01395637 0.02944568
v 0.02658136 0.01345504 0.03046785
v 0.02656569 -0.01916787 0.00305721
v 0.02656513 -0.01782539 0.00175403
v 0.02658355 -0.01715704 -0.00461336
v 0.02657821 -0.02929039 0.01398321
v 0.02657717 -0.03057174 0.01341465
v 0.02656045 -0.01404769 -0.02910301
v 0.02657332 -0.01335481 -0.03062376
v 0.02656305 0.00448887 -0.01724388
v 0.02656033 0.00640146 -0.01835933
v 0.02658558 0.00591992 0.03250824
v 0.02659078 0.01080249 -0.03055000
v 0.02440032 -0.03618773 -0.00521225
v 0.02388847 -0.03493688 -0.01056821
v 0.02428002 -0.03383953 -0.01388695
v 0.02436574 -0.03118297 -0.01919001
v 0.02428669 -0.02582854 -0.02594575
v 0.02379118 -0.02897255 -0.02210645
v 0.02395827 -0.02165686 -0.02940791
v 0.02439874 -0.01765081 -0.03202113
v 0.02389952 -0.01678123 -0.03241793
v 0.02439830 -0.01015526 -0.03511207
v 0.02388705 -0.00841803 -0.03552049
v 0.02440023 -0.00208375 -0.03650127
v 0.02395891 0.00328637 -0.03636732
v 0.02428001 0.00686084 -0.03592892
v 0.02428061 0.01944338 -0.03101146
v 0.02427998 0.01150415 -0.03474535
v 0.02426904 0.02457363 -0.02711430
v 0.02426624 0.02921944 -0.02196990
v 0.02428086 0.03302144 -0.01578858
v 0.02379741 0.03091345 -0.01930988
v 0.02387045 0.03627203 -0.00402836
v 0.02427171 0.03528509 -0.00970250
v 0.02440650 0.03664040 0.00139289
v 0.02439818 0.03470992 0.01145422
v 0.02379727 0.03534675 0.00889602
v 0.02391380 0.03397937 0.01336011
v 0.02426285 0.03183400 0.01805061
v 0.02399340 0.02994002 0.02092472
v 0.02440099 0.02478215 0.02700095
v 0.02379272 0.02708908 0.02437899
v 0.02398059 0.02410079 0.02744229
v 0.02439992 0.01615296 0.03279956
v 0.02379882 0.02048411 0.03014866
v 0.02379416 0.01405017 0.03365672
v 0.02440140 0.00821469 0.03562336
v 0.02393210 0.00848699 0.03551685
v 0.02378562 0.00410403 0.03620177
v 0.02440185 -0.00213786 0.03658545
v 0.02395482 -0.00023687 0.03652010
v 0.02391351 -0.00601583 0.03601170
v 0.02440063 -0.01231006 0.03442526
v 0.02390601 -0.01444862 0.03352823
v 0.02436603 -0.02146331 0.02966009
v 0.02379236 -0.01846931 0.03141691
v 0.02396118 -0.02647310 0.02516087
v 0.02418865 -0.02919288 0.02206538
v 0.02440127 -0.03327942 0.01513314
v 0.02394854 -0.03180192 0.01793718
v 0.02440182 -0.03628017 0.00518161
v 0.02389843 -0.03579983 0.00716171
v 0.02919692 -0.02082508 -0.00282777
v 0.02919878 -0.02097598 -0.00101064
v 0.02763776 -0.01842726 -0.00163891
v 0.02919177 -0.01965270 0.00082488
v 0.02919692 -0.01694512 0.00058957
v 0.02919495 -0.01571690 -0.00157189
v 0.02919495 -0.01701404 -0.00395265
v 0.02919809 -0.01927623 -0.00414666
v 0.02919495 -0.00395265 0.01701404
v 0.02919809 -0.00414666 0.01927623
v 0.02763776 -0.00163891 0.01842726
v 0.02919692 -0.00282777 0.02082508
v 0.02919878 -0.00101064 0.02097598
v 0.02919177 0.00082488 0.01965270
v 0.02919692 0.00058957 0.01694512
v 0.02919495 -0.00157189 0.01571690
v 0.02919495 0.01571690 0.00157189
v 0.02919495 0.01701404 0.00395265
v 0.02763776 0.01842726 0.00163891
v 0.02919809 0.01927623 0.00414666
v 0.02919692 0.02082508 0.00282777
v 0.02919878 0.02097598 0.00101064
v 0.02919177 0.01965270 -0.00082488
v 0.02919692 0.01694512 -0.00058957
v 0.02763776 0.00163891 -0.01842726
v 0.02919177 -0.00082488 -0.01965270
v 0.02919692 -0.00058957 -0.01694512
v 0.02919495 0.00157189 -0.01571690
v 0.02919495 0.00395265 -0.01701404
v 0.02919809 0.00414666 -0.01927623
v 0.02919692 0.00282777 -0.02082508
v 0.02919878 0.00101064 -0.02097598
v 0.03725220 -0.02654821 0.00187620
v 0.03139996 -0.03075772 0.00332115
v 0.03723643 -0.03072884 0.00337779
v 0.03140003 -0.02345925 0.00096461
v 0.03139996 -0.03138712 -0.00815488
v 0.03140001 -0.03240848 -0.00283259
v 0.03139994 -0.03219289 0.00282775
v 0.03139994 -0.02304214 -0.00513128
v 0.03718288 -0.02966473 -0.00874285
v 0.03140002 -0.02987769 -0.00881210
v 0.03140000 -0.02287392 -0.00016456
v 0.03140000 -0.02303333 -0.00213651
v 0.03140000 -0.02251422 -0.00410991
v 0.03726010 -0.02266337 -0.00467096
v 0.03725298 -0.03076499 -0.00864100
v 0.03719772 -0.03179988 0.00306415
v 0.03725220 0.00187620 0.02654821
v 0.03139994 0.00332115 0.03075772
v 0.03718803 0.00336826 0.03074115
v 0.03140003 0.00096461 0.02345925
v 0.03139998 -0.00815488 0.03138712
v 0.03140001 -0.00283259 0.03240848
v 0.03139995 0.00282775 0.03219289
v 0.03139992 -0.00513128 0.02304214
v 0.03718288 -0.00874285 0.02966473
v 0.03140004 -0.00881210 0.02987769
v 0.03140000 -0.00016456 0.02287392
v 0.03140000 -0.00213651 0.02303333
v 0.03140000 -0.00410991 0.02251422
v 0.03725220 0.02654821 -0.00187620
v 0.03139996 0.03075772 -0.00332115
v 0.03718803 0.03074115 -0.00336826
v 0.03140003 0.02345925 -0.00096461
v 0.03139996 0.03138712 0.00815488
v 0.03724756 0.03151000 0.00793166
v 0.03140001 0.03240848 0.00283259
v 0.03139994 0.03219289 -0.00282775
v 0.03139990 0.02304214 0.00513128
v 0.03140002 0.02987769 0.00881210
v 0.03140000 0.02287392 0.00016456
v 0.03140000 0.02303333 0.00213651
v 0.03140000 0.02251422 0.00410991
v 0.03725220 -0.00187620 -0.02654821
v 0.03139996 -0.00332115 -0.03075772
v 0.03723643 -0.00337779 -0.03072884
v 0.03140003 -0.00096461 -0.02345925
v 0.03139996 0.00815488 -0.03138712
v 0.03724756 0.00793166 -0.03151000
v 0.03140001 0.00283259 -0.03240848
v 0.03139994 -0.00282775 -0.03219289
v 0.03139993 0.00513797 -0.02304813
v 0.03140003 0.00881210 -0.02987769
v 0.03140000 0.00016456 -0.02287392
v 0.03140000 0.00213651 -0.02303333
v 0.03140000 0.00410991 -0.02251422
v 0.03726010 0.00467096 -0.02266337
v 0.03724965 -0.00474551 0.02271047
v 0.03725298 -0.00864100 0.03076499
v 0.03726133 -0.00774265 -0.03179411
v 0.03721380 0.01143667 0.03067261
v 0.03726133 0.03179411 -0.00774265
v 0.03723767 0.02093562 -0.02517575
v 0.03723767 -0.02517575 -0.02093562
v 0.03726133 -0.03179411 0.00774265
v 0.03839178 0.03266595 0.01384809
v 0.03838041 0.03511893 0.00526552
v 0.03839258 0.02863110 0.02095260
v 0.03839331 0.02307846 0.02694521
v 0.03839400 0.01630276 0.03150842
v 0.03839463 0.00866356 0.03440052
v 0.03839520 0.00056609 0.03546853
v 0.03839573 -0.00756033 0.03465623
v 0.03839620 -0.01528483 0.03200709
v 0.03839662 -0.02219814 0.02766193
v 0.03840056 -0.02665755 0.02330626
v 0.03840045 -0.03045425 0.01817111
v 0.03840047 -0.03379889 0.01072974
v 0.03840036 -0.03535407 0.00272173
v 0.03837766 -0.03469093 -0.00759610
v 0.03839835 -0.03129384 -0.01668118
v 0.03839845 -0.02665342 -0.02339475
v 0.03839854 -0.02060045 -0.02887000
v 0.03839864 -0.01345545 -0.03281657
v 0.03839873 -0.00559691 -0.03502508
v 0.03839883 0.00255894 -0.03537828
v 0.03839893 0.01057983 -0.03385723
v 0.03839903 0.01804074 -0.03054233
v 0.03839915 0.02454620 -0.02560914
v 0.03839927 0.02975142 -0.01931899
v 0.03839940 0.03338049 -0.01200515
v 0.03839953 0.03524104 -0.00405521
v 0.02440000 -0.04044140 -0.00839309
v 0.02440000 -0.03775340 -0.01675206
v 0.02440000 -0.03198702 -0.02628153
v 0.02440000 -0.02402218 -0.03359888
v 0.02440000 -0.01637712 -0.03791755
v 0.02440000 -0.00799197 -0.04052257
v 0.02440000 -0.00295120 0.04119758
v 0.02440000 -0.01159298 0.03964282
v 0.02440000 -0.01971082 0.03629647
v 0.02440000 -0.02693785 0.03130979
v 0.02440000 -0.03294750 0.02490808
v 0.02440000 -0.03848945 0.01524634
v 0.02440000 -0.04133031 0.00238620
v 0.02440000 0.00075437 -0.04129626
v 0.02440000 0.00946667 -0.04020363
v 0.02440000 0.01775108 -0.03729409
v 0.02440000 0.02523328 -0.03269911
v 0.02440000 0.03312203 -0.02483585
v 0.02440000 0.03834007 -0.01536194
v 0.02440000 0.04114473 -0.00458251
v 0.02440000 0.04083078 0.00622879
v 0.02440000 0.03859148 0.01471897
v 0.02440000 0.03334046 0.02454185
v 0.02440000 0.02577634 0.03227275
v 0.02440000 0.01626555 0.03806994
v 0.02440000 0.00582389 0.04089050
v 0.03840370 -0.03530297 -0.01419308
v 0.03600626 -0.03522148 -0.01447759
v 0.03839337 -0.03761028 -0.00584504
v 0.03601284 -0.03770206 -0.00557830
v 0.03840325 -0.03126653 -0.02168395
v 0.03600578 -0.03115519 -0.02189550
v 0.03840282 -0.02566639 -0.02809040
v 0.03600533 -0.02555188 -0.02823222
v 0.03840240 -0.01878273 -0.03309211
v 0.03600490 -0.01868834 -0.03317518
v 0.03840915 -0.01119679 -0.03636187
v 0.03600074 -0.01280672 -0.03579704
v 0.03840057 -0.00301091 -0.03793976
v 0.03600182 -0.00637695 -0.03753350
v 0.03840097 0.00549120 -0.03766071
v 0.03600116 0.00205966 -0.03801455
v 0.03840140 0.01371901 -0.03550017
v 0.03600062 0.01039427 -0.03662256
v 0.03840186 0.02126136 -0.03156605
v 0.03600020 0.01821621 -0.03342621
v 0.03840235 0.02774153 -0.02605484
v 0.03599989 0.02513988 -0.02858324
v 0.03840286 0.03283570 -0.01924185
v 0.03599970 0.03082419 -0.02233255
v 0.03840338 0.03628930 -0.01146745
v 0.03599963 0.03498921 -0.01498237
v 0.03840394 0.03792970 -0.00312011
v 0.03599967 0.03742993 -0.00689515
v 0.03838531 0.03766299 0.00557373
v 0.03602269 0.03799610 0.00349993
v 0.03839899 0.03537795 0.01402442
v 0.03600179 0.03556297 0.01356105
v 0.03839881 0.03137889 0.02153314
v 0.03600167 0.03169625 0.02107467
v 0.03839865 0.02581172 0.02796590
v 0.03600156 0.02626633 0.02755043
v 0.03839852 0.01895477 0.03300117
v 0.03600144 0.01954081 0.03266861
v 0.03839841 0.01115066 0.03638744
v 0.03600133 0.01185110 0.03617670
v 0.03839833 0.00278941 0.03795553
v 0.03600121 0.00357633 0.03790140
v 0.03839828 -0.00571120 0.03762718
v 0.03600110 -0.00487540 0.03775745
v 0.03839826 -0.01392647 0.03541882
v 0.03600099 -0.01308731 0.03575178
v 0.03839827 -0.02144587 0.03144088
v 0.03600088 -0.02065437 0.03198314
v 0.03839831 -0.02789384 0.02589210
v 0.03600077 -0.02720333 0.02663727
v 0.03839839 -0.03294824 0.01904974
v 0.03600066 -0.03241109 0.01997776
v 0.03839850 -0.03635656 0.01125562
v 0.03600055 -0.03602077 0.01233302
v 0.03839865 -0.03794851 0.00289924
v 0.03600044 -0.03785427 0.00408006
v 0.03950809 -0.03273126 -0.01665950
v 0.03950784 -0.02819641 -0.02353449
v 0.03950338 0.01676609 -0.03269162
v 0.03950221 0.02364154 -0.02812804
v 0.03950018 0.02839361 0.02332896
v 0.03950625 -0.01657986 0.03277655
v 0.03950690 -0.02347068 0.02825241
v 0.03400515 -0.02183697 0.04083467
v 0.03358594 -0.02718554 0.03753220
v 0.03350000 -0.01611890 0.04351183
v 0.03400515 -0.01317003 0.04439452
v 0.03358594 -0.00555515 0.04600935
v 0.03400515 0.00072405 0.04630118
v 0.03357669 0.00581453 0.04600481
v 0.03400515 0.03405760 0.03137520
v 0.03358594 0.02951993 0.03572525
v 0.03350000 0.03808259 0.02651066
v 0.03400515 0.03967622 0.02387721
v 0.03364152 0.04360314 0.01580982
v 0.03400515 0.02183697 -0.04083467
v 0.03358594 0.02718554 -0.03753220
v 0.03350000 0.01611890 -0.04351183
v 0.03400515 0.01317003 -0.04439452
v 0.03358594 0.00555515 -0.04600935
v 0.03400515 -0.00072405 -0.04630118
v 0.03357669 -0.00581453 -0.04600481
v 0.03400515 -0.03405760 -0.03137520
v 0.03358594 -0.02951993 -0.03572525
v 0.03350000 -0.03808259 -0.02651066
v 0.03400515 -0.03967622 -0.02387721
v 0.03364152 -0.04360314 -0.01580982
v 0.03364152 0.04630415 -0.00266656
v 0.03366071 0.04589071 0.00669843
v 0.03364152 0.02278613 0.04039773
v 0.03364152 0.01418771 0.04415760
v 0.03364152 -0.03339675 0.03218450
v 0.03364152 -0.03919179 0.02480299
v 0.03364087 -0.04248662 0.01845620
v 0.03364152 -0.04481952 0.01193297
v 0.03364152 -0.04630415 0.00266656
v 0.03364152 -0.04589307 -0.00670900
v 0.03364152 -0.02278613 -0.04039773
v 0.03364152 -0.01418771 -0.04415760
v 0.03364152 0.03339675 -0.03218450
v 0.03364152 0.03919179 -0.02480299
v 0.03364087 0.04248662 -0.01845620
v 0.03364152 0.04481952 -0.01193297
v 0.03500013 -0.02055767 0.03321136
v 0.03500057 -0.02302951 0.03912273
v 0.03500015 -0.01277578 0.03691039
v 0.03500050 -0.01026151 0.04422278
v 0.03500015 -0.00437233 0.03881321
v 0.03500015 0.00097876 0.04529211
v 0.03500015 0.00424383 0.03882724
v 0.03500050 0.01248933 0.04364595
v 0.03500014 0.01265337 0.03695181
v 0.03500014 0.02044701 0.03327823
v 0.03500015 0.02283611 0.03912601
v 0.03500012 0.02724552 0.02798533
v 0.03500057 0.03210140 0.03210058
v 0.03500014 0.03271803 0.02133067
v 0.03500015 0.03895461 0.02312728
v 0.03500015 0.03659830 0.01363818
v 0.03500129 0.04437043 0.01021716
v 0.03500050 0.03904926 0.00305671
v 0.03500015 0.04518440 -0.00327148
v 0.03500017 0.03830884 -0.00760145
v 0.03500140 0.04225425 -0.01696150
v 0.03500017 0.03570962 -0.01581553
v 0.03500039 -0.00669271 -0.03847322
v 0.03500057 -0.01248931 -0.04364589
v 0.03500051 -0.01496247 -0.03606986
v 0.03500015 -0.02283611 -0.03912601
v 0.03500058 -0.02250381 -0.03191270
v 0.03500050 -0.03210144 -0.03210063
v 0.03500065 -0.02895018 -0.02620414
v 0.03500073 -0.03398832 -0.01922211
v 0.03500015 -0.03895461 -0.02312728
v 0.03500082 -0.03737361 -0.01130627
v 0.03500129 -0.04437043 -0.01021716
v 0.03500203 -0.03925456 0.00114204
v 0.03500015 -0.04518440 0.00327148
v 0.03500050 -0.04295736 0.01468393
v 0.03500017 -0.03664571 0.01351763
v 0.03500016 -0.03279028 0.02122325
v 0.03500129 -0.03523888 0.02883307
v 0.03500016 -0.02733917 0.02789607
v 0.03500022 0.03137283 -0.02325949
v 0.03500050 0.03368533 -0.03043438
v 0.03500026 0.02550984 -0.02957121
v 0.03500050 0.02302955 -0.03912279
v 0.03500030 0.01840612 -0.03444371
v 0.03500035 0.01040754 -0.03764015
v 0.03500050 0.01026151 -0.04422278
v 0.03500040 0.00190334 -0.03900533
v 0.03500015 -0.00097876 -0.04529211
v 0.02590000 0.03969017 0.01177195
v 0.02590000 0.03398446 0.02364202
v 0.02590000 0.02483935 0.03311941
v 0.02590000 0.01506386 0.03845816
v 0.02590000 0.00659403 0.04077339
v 0.02590000 -0.00217371 0.04124591
v 0.02590000 -0.01084327 0.03985441
v 0.02590000 -0.01902278 0.03666175
v 0.02590000 -0.02634258 0.03181225
v 0.02590000 -0.03247188 0.02552503
v 0.02590000 -0.03713366 0.01808428
v 0.02590000 -0.04011726 0.00982627
v 0.02590000 -0.04128785 0.00112411
v 0.02590000 -0.04059249 -0.00762890
v 0.02590000 -0.03731236 -0.01793534
v 0.02590000 -0.03109972 -0.02718009
v 0.02590000 -0.02465156 -0.03313987
v 0.02590000 -0.01525041 -0.03848784
v 0.02590000 -0.00239057 -0.04133006
v 0.02590000 0.00870677 -0.04037502
v 0.02590000 0.01704458 -0.03762224
v 0.02590000 0.02461210 -0.03316918
v 0.02590000 0.03244644 -0.02571220
v 0.02590000 0.03804354 -0.01608228
v 0.02590000 0.04058338 -0.00767718
v 0.02590000 0.04128916 0.00107493
v -0.02710924 -0.01341419 -0.04289857
v -0.02701969 -0.00519808 -0.04446449
v -0.02700000 -0.01113794 -0.04216576
v -0.02700000 -0.00993156 -0.04045360
v -0.02700681 0.01816796 -0.04082352
v -0.02700004 -0.00985527 -0.03832638
v -0.02703450 0.00924884 -0.04379816
v -0.02698540 -0.01063460 -0.03699053
v -0.02699902 -0.00065504 -0.03858494
v -0.02708863 0.00153973 -0.04487052
v -0.02708520 0.04463679 0.00484869
v -0.02702772 0.04380656 0.00905545
v -0.02700000 0.04188167 0.00673556
v -0.02708797 0.04471203 -0.00409747
v -0.02703178 0.00279564 -0.03653839
v -0.02699402 0.00833872 -0.03738622
v -0.02701466 0.00623293 -0.03594426
v -0.02710278 0.04052814 -0.01939077
v -0.02711953 0.04304054 -0.01295586
v -0.02700000 0.03975841 0.00643457
v -0.02710743 0.04418912 -0.00790409
v -0.02699931 0.00171113 -0.03760329
v -0.02699962 0.03451422 -0.01717202
v -0.02699964 0.03006301 -0.02413306
v -0.02705675 0.03490110 -0.02822890
v -0.02699964 0.03861341 0.00093555
v -0.02699972 0.03745018 -0.00919135
v -0.02700774 0.02747625 -0.03535476
v -0.02699980 0.02389692 -0.03025549
v -0.02702237 0.03785319 0.00735462
v -0.02699983 0.01650801 -0.03484477
v -0.02692747 0.02067325 0.03234748
v -0.02700009 0.02026540 0.03487726
v -0.02699830 0.01338219 0.03629408
v -0.02701004 -0.00485915 0.04444513
v -0.02710686 -0.01157090 0.04341656
v -0.02700000 -0.00897733 0.04221232
v -0.02703588 -0.00279871 0.03653894
v -0.02699922 -0.00617010 0.03601958
v -0.02700000 -0.00811141 0.03929221
v -0.02708827 0.00563942 0.04454452
v -0.02711303 0.01063344 0.04365294
v -0.02702063 0.01980904 0.04012173
v -0.02700000 0.02221692 0.03718653
v -0.02710832 0.02486085 0.03743220
v -0.02699917 -0.00171103 0.03760318
v -0.02699853 0.00065510 0.03858445
v -0.02700572 -0.00919024 0.03732862
v -0.02702085 -0.01973026 0.04013887
v -0.02700000 -0.01514027 0.04066002
v -0.02711759 -0.01371465 0.04279750
v -0.02701680 -0.03633015 -0.02611703
v -0.02700000 -0.03408206 -0.01430000
v -0.02710164 -0.04061591 -0.01910781
v -0.02704682 -0.04354822 -0.01084608
v -0.02700000 -0.01486719 0.03823726
v -0.02711075 -0.02536618 0.03708924
v -0.02700739 -0.03338117 0.02979269
v -0.02702539 -0.01559951 -0.04200457
v -0.02700000 -0.01681383 -0.03993493
v -0.02708732 -0.02488645 -0.03737214
v -0.02703374 -0.03064073 -0.03270734
v -0.02700000 -0.01609878 -0.03707612
v -0.02699944 -0.03417917 -0.01254362
v -0.02699623 -0.03659064 -0.01134997
v -0.02699848 -0.03292766 -0.02022511
v -0.02699917 -0.03345282 -0.01748716
v -0.02700056 -0.03273681 -0.01593533
v -0.02699944 -0.03862565 -0.00171196
v -0.02699880 -0.02305611 -0.03112992
v -0.02701315 -0.04470089 -0.00084820
v -0.02699860 -0.03365302 0.01896688
v -0.02699971 -0.02715390 0.02736774
v -0.02699982 -0.02033321 0.03275868
v -0.02702482 -0.01280736 0.03643126
v -0.02692465 -0.01384475 -0.03581523
v -0.02699984 -0.03745029 0.00919137
v -0.02711544 -0.04393627 0.00947220
v -0.02710748 -0.04466469 0.00449705
v -0.02713930 -0.03720631 0.02521317
v -0.02706545 -0.04178618 0.01649459
v -0.02030000 -0.02331930 0.01186656
v -0.02030000 -0.01780023 0.01903186
v -0.02025709 -0.01820765 0.01333160
v -0.02030000 -0.02596053 -0.00421792
v -0.02021900 -0.02041398 0.00795242
v -0.02027971 -0.01943870 0.00508482
v -0.02030000 -0.00976942 0.02424615
v -0.02027966 -0.01317149 0.01389380
v -0.02020598 -0.01515010 0.01403954
v -0.02027844 0.01630610 -0.00210988
v -0.02020805 0.01540017 0.00458478
v -0.02030000 0.02182725 0.00750436
v -0.02019506 0.01257591 0.00997370
v -0.02023506 0.00860787 0.01355342
v -0.02030000 -0.00918546 0.02536508
v -0.02019351 0.00377578 0.01559830
v -0.02022742 -0.00118661 0.01600374
v -0.02026994 -0.01049849 0.01234001
v -0.02022297 -0.00537238 0.01515614
v -0.02030000 -0.02589512 0.00291595
v -0.02023026 -0.01284218 -0.00961735
v -0.02030000 -0.01439981 -0.01285733
v -0.02027867 -0.01617529 -0.00285169
v -0.02030000 -0.00397698 -0.01885382
v -0.02022451 0.00017247 -0.01605308
v -0.02021743 0.00450501 -0.01538727
v -0.02030000 -0.00388945 -0.03680010
v -0.02030000 -0.00329921 -0.03366916
v -0.02030000 -0.00218032 -0.03204593
v -0.02029927 0.01010406 -0.01328715
v -0.02024059 -0.01579249 0.00297466
v -0.02029987 -0.03626898 -0.00761060
v -0.02030000 -0.03347841 -0.00568346
v -0.02030000 -0.03188920 -0.00686293
v -0.02029990 -0.03346670 -0.01591673
v -0.02021057 -0.00746012 -0.01420446
v -0.02030000 -0.00977875 -0.01636206
v -0.02030000 -0.02716254 -0.01833144
v -0.02030000 -0.02727120 -0.02023364
v -0.02029938 -0.02754694 -0.02494794
v -0.02030000 -0.01036516 -0.03243246
v -0.02029978 -0.01084550 -0.03543627
v -0.02030000 -0.01731623 -0.02931637
v -0.02030000 -0.02340055 -0.02473288
v -0.02029988 -0.01882232 -0.03192648
v -0.02030000 0.00836464 -0.01739641
v -0.02030000 0.01923943 0.00146609
v -0.02030000 0.01225141 -0.03180066
v -0.02029938 0.01680466 -0.03314871
v -0.02029956 0.00480458 -0.03681437
v -0.02030000 0.01008763 -0.03117827
v -0.02030000 0.01267452 -0.01422199
v -0.02030000 0.01854196 -0.00437083
v -0.02023320 0.01362282 -0.00846721
v -0.02030000 0.01636699 -0.00974833
v -0.02029992 0.03012345 0.02158570
v -0.02029951 0.03526668 0.01172625
v -0.02030000 0.03192623 0.00685055
v -0.02030000 0.02112819 -0.02671199
v -0.02029978 0.02579667 -0.02660612
v -0.02030000 0.02697145 -0.02079596
v -0.02029978 0.03132434 -0.01980252
v -0.02030000 0.03202713 -0.01188740
v -0.02029924 0.03580096 -0.00997572
v -0.02030161 0.03402470 -0.00151413
v -0.02029978 0.03704320 0.00107493
v -0.02030000 0.03347841 0.00568346
v -0.02030000 0.00397698 0.01885382
v -0.02030000 0.01439981 0.01285733
v -0.02030000 0.00977875 0.01636206
v -0.02030000 0.02716254 0.01833144
v -0.02030000 0.02727120 0.02023364
v -0.02030000 0.00329921 0.03366916
v -0.02030000 0.00218032 0.03204593
v -0.02030000 -0.01008763 0.03117827
v -0.02029986 0.00872718 0.03601660
v -0.02029986 -0.01288217 0.03474779
v -0.02030000 -0.01188815 0.03180968
v -0.02029924 -0.02237665 0.02967765
v -0.02029978 -0.01936060 0.02815105
v -0.02029978 -0.03009622 0.02162341
v -0.02030000 -0.02697145 0.02079596
v -0.02029924 -0.03514711 0.01207907
v -0.02030000 -0.03120694 0.01364031
v -0.02030000 -0.03395319 0.00377213
v -0.02029978 -0.03704182 0.00112141
v -0.02029938 -0.00201572 0.03711025
v -0.02029978 0.02421042 0.02805725
v -0.02030000 0.02340055 0.02473288
v -0.02029982 0.01694283 0.03295901
v -0.02030000 0.01731623 0.02931637
v -0.02030000 0.01036516 0.03243246
v -0.01680000 -0.01040254 0.01149074
v -0.01975879 -0.01043273 0.01160092
v -0.01679995 -0.00710186 0.01384454
v -0.01985186 -0.00680807 0.01405776
v -0.01953735 -0.00309553 0.01523327
v -0.01680013 -0.00209431 0.01540760
v -0.01958044 0.00084355 0.01553609
v -0.01679993 0.00315122 0.01523776
v -0.01965902 0.00476808 0.01481665
v -0.01957563 0.00831287 0.01314900
v -0.01679952 0.00929166 0.01258547
v -0.01969353 0.01070542 0.01126646
v -0.01953352 0.01265437 0.00902520
v -0.01679957 0.01427587 0.00640015
v -0.01969748 0.01413060 0.00647268
v -0.01953447 0.01509239 0.00372014
v -0.01970068 0.01552893 0.00071420
v -0.01679964 0.01557989 -0.00143592
v -0.01956721 0.01539258 -0.00225403
v -0.01984842 0.01439311 -0.00606042
v -0.01679969 0.01286740 -0.00890257
v -0.01955222 0.01290939 -0.00861087
v -0.01953229 0.01106889 -0.01091250
v -0.01958032 0.00797484 -0.01335780
v -0.01679982 0.00683755 -0.01407492
v -0.01953105 0.00433338 -0.01492700
v -0.01955950 0.00142042 -0.01545522
v -0.01679992 -0.00095540 -0.01561957
v -0.01953895 -0.00146384 -0.01547563
v -0.01957325 -0.00531002 -0.01462260
v -0.01680004 -0.00850278 -0.01313825
v -0.01953758 -0.00882740 -0.01279500
v -0.01958091 -0.01177760 -0.01016742
v -0.01679992 -0.01315682 -0.00830735
v -0.01985650 -0.01394329 -0.00703272
v -0.01953263 -0.01473180 -0.00495639
v -0.01679951 -0.01550922 -0.00204608
v -0.01968429 -0.01553882 -0.00107491
v -0.01963187 -0.01522831 0.00325716
v -0.01680000 -0.01515254 0.00326350
v -0.03312431 0.02312098 0.03867204
v -0.02738173 0.01997373 0.04035200
v -0.03313138 0.01658013 0.04197919
v -0.02719592 0.01533167 0.04225261
v -0.03315175 -0.00253323 0.04509005
v -0.02718648 0.00075765 0.04495954
v -0.03312642 0.00725193 0.04454036
v -0.03302079 -0.00722943 0.04450193
v -0.02730475 -0.00611082 0.04459986
v -0.02690809 -0.01276760 0.04315309
v -0.03305405 -0.01637830 0.04203614
v -0.02731001 -0.01929953 0.04067238
v -0.03312276 -0.03185892 0.03199547
v -0.02719632 -0.02938891 0.03400720
v -0.03312627 -0.02409762 0.03818929
v -0.03314913 -0.03660482 0.02637355
v -0.02728466 -0.03315863 0.03042440
v -0.03312704 -0.04415018 0.00931757
v -0.03312549 -0.04111034 0.01859801
v -0.02730586 -0.04072702 0.01918516
v -0.03314063 -0.04512986 -0.00028183
v -0.03311875 -0.04307971 -0.01349267
v -0.03301172 -0.04476354 -0.00523133
v -0.02720000 -0.04453212 -0.00612044
v -0.02732821 -0.04501626 -0.00069496
v -0.03314655 -0.04034258 -0.02017815
v -0.02728402 -0.04264361 -0.01440693
v -0.03312716 -0.02867113 -0.03483159
v -0.02738338 -0.03419108 -0.02929821
v -0.03312480 -0.03549334 -0.02784498
v -0.02721509 -0.03833928 -0.02354501
v -0.03316019 -0.02241152 -0.03909215
v -0.02734048 -0.02946516 -0.03402870
v -0.03310937 -0.01596418 -0.04216260
v -0.02737099 -0.02071069 -0.03998401
v -0.02717697 -0.01508534 -0.04239494
v -0.03312723 0.00095569 -0.04503623
v -0.02738277 -0.00411421 -0.04483797
v -0.03312620 -0.00635017 -0.04466245
v -0.02728335 -0.00924699 -0.04401480
v -0.03312943 0.01542869 -0.04232557
v -0.02722149 0.01298128 -0.04307929
v -0.03312800 0.00832392 -0.04434010
v -0.02738940 0.00609746 -0.04461396
v -0.03312686 0.02216214 -0.03930231
v -0.02728678 0.01935039 -0.04062975
v -0.03312756 0.03015484 -0.03356822
v -0.02728289 0.03046443 -0.03313410
v -0.02729869 0.02492693 -0.03747258
v -0.03312848 0.03671803 -0.02623324
v -0.02728440 0.03713234 -0.02544084
v -0.03312929 0.04153551 -0.01764729
v -0.03313002 0.04510976 0.00139695
v -0.03312688 0.04434923 -0.00833541
v -0.03311398 0.04395999 0.00985548
v -0.02722168 0.04395517 0.00949846
v -0.02737498 0.04502096 0.00042485
v -0.03312228 0.04168734 0.01734355
v -0.02710671 0.04334116 0.01184310
v -0.02694024 0.04368047 0.01082600
v -0.02730928 0.04171838 0.01690776
v -0.03301545 0.03749572 0.02502387
v -0.02733692 0.03883799 0.02275330
v -0.03313423 0.02847396 0.03497794
v -0.02730629 0.03095046 0.03268543
v -0.03316343 0.03509511 0.02846263
v -0.02737296 0.03524015 0.02801397
v -0.02692022 0.02581010 0.03686302
v -0.02721517 0.02688138 0.03604310
v -0.02895717 0.00098943 0.05249126
v -0.03090726 0.00126695 0.05248355
v -0.02895201 0.00633042 0.05209060
v -0.03447557 0.00535091 0.05215759
v -0.03441045 0.00069595 0.05247400
v -0.03243888 -0.00061527 0.05249633
v -0.03444447 -0.00619947 0.05218690
v -0.03153072 -0.00125925 0.05248503
v -0.02893001 -0.00383109 0.05232921
v -0.03041831 -0.00097633 0.05249120
v -0.03002095 0.00019231 0.05250048
v -0.02895506 0.04668501 0.02404143
v -0.03042392 0.04497308 0.02709091
v -0.03002103 0.04556411 0.02608371
v -0.03060962 0.04599261 0.02531736
v -0.03174505 0.04607566 0.02516570
v -0.03444229 0.04620516 0.02490677
v -0.03198083 0.04486482 0.02726596
v -0.03447348 0.04235452 0.03092141
v -0.02894061 0.04282967 0.03033863
v -0.02894702 0.00098917 -0.05248985
v -0.02996022 -0.00026268 -0.05250349
v -0.02894900 -0.00480776 -0.05224345
v -0.03113184 -0.00127806 -0.05248224
v -0.03447499 -0.00543225 -0.05215118
v -0.03439001 -0.00072496 -0.05247739
v -0.03243888 0.00061527 -0.05249633
v -0.03445551 0.00634224 -0.05217714
v -0.03106251 0.00133655 -0.05248250
v -0.02894665 -0.04594940 -0.02539180
v -0.03042545 -0.04497337 -0.02709255
v -0.03002096 -0.04556271 -0.02608358
v -0.03060882 -0.04599155 -0.02531730
v -0.03174505 -0.04607566 -0.02516570
v -0.03443594 -0.04624696 -0.02483525
v -0.03198083 -0.04486482 -0.02726596
v -0.03447674 -0.04245936 -0.03076231
v -0.02893119 -0.04264611 -0.03055689
v -0.02894431 0.03254885 0.04118773
v -0.02894973 0.02770461 0.04455416
v -0.03446114 0.03055951 0.04260330
v -0.03445897 0.02376108 0.04682084
v -0.03442386 0.03660347 0.03766484
v -0.02894618 0.03820680 0.03599694
v -0.03443713 0.04943607 0.01751602
v -0.02894542 0.04971429 0.01684817
v -0.03440861 0.05162780 0.00972152
v -0.02894195 0.05216354 0.00582982
v -0.02894806 0.05123887 0.01127235
v -0.03448020 0.05234759 0.00340419
v -0.02894958 0.05246976 -0.00185591
v -0.03445257 0.05214310 -0.00613248
v -0.02894562 0.05165407 -0.00934109
v -0.03440665 0.04983458 -0.01659022
v -0.02894230 0.04846016 -0.02016583
v -0.02894780 0.05028579 -0.01496011
v -0.03435828 0.04293810 -0.03033708
v -0.03185038 0.04486398 -0.02726725
v -0.03445109 0.04619928 -0.02486529
v -0.03198821 0.04604687 -0.02522085
v -0.02902800 0.04600374 -0.02529193
v -0.03041832 0.04594712 -0.02540019
v -0.03002096 0.04537025 -0.02641659
v -0.02893285 0.04424310 -0.02820915
v -0.03070387 0.04488615 -0.02723083
v -0.02894581 0.04066535 -0.03319271
v -0.03441770 0.03552293 -0.03868272
v -0.02894412 0.03541943 -0.03874653
v -0.02896111 0.02946263 -0.04345537
v -0.03447106 0.02923875 -0.04351541
v -0.03447428 0.02386975 -0.04668897
v -0.02892343 0.02316201 -0.04710617
v -0.03439294 0.01765723 -0.04948162
v -0.02894521 0.01569876 -0.05008978
v -0.02894298 0.00863110 -0.05177459
v -0.02894493 -0.01052927 -0.05142514
v -0.03442657 -0.01402314 -0.05060795
v -0.02894331 -0.01752696 -0.04947665
v -0.03446069 -0.02396388 -0.04671068
v -0.02894486 -0.02449784 -0.04642930
v -0.03445193 -0.03279767 -0.04098953
v -0.02894969 -0.02950265 -0.04338499
v -0.02894463 -0.03412145 -0.03988873
v -0.03442384 -0.03856335 -0.03555523
v -0.02895703 -0.03926693 -0.03484198
v -0.02894432 -0.04917278 -0.01836834
v -0.03443949 -0.05035642 -0.01488133
v -0.02894392 -0.05123558 -0.01140655
v -0.03445690 -0.05232456 -0.00434405
v -0.02894587 -0.05235730 -0.00384659
v -0.02896170 -0.05237309 0.00367239
v -0.03445527 -0.05213439 0.00613847
v -0.02892720 -0.05167401 0.00903376
v -0.03441512 -0.04992300 0.01632386
v -0.02894421 -0.05034937 0.01483795
v -0.03444488 -0.04625773 0.02476575
v -0.02895547 -0.04755442 0.02228267
v -0.03438399 -0.04300782 0.03022509
v -0.03093239 -0.04481928 0.02734094
v -0.03205901 -0.04494667 0.02713055
v -0.03198821 -0.04604687 0.02522085
v -0.03041827 -0.04594754 0.02540047
v -0.03002095 -0.04537146 0.02641739
v -0.02895133 -0.04406096 0.02855000
v -0.02894597 -0.04055301 0.03328362
v -0.03440379 -0.03573474 0.03850062
v -0.02894448 -0.03686180 0.03736927
v -0.03446871 -0.02925569 0.04351621
v -0.02894064 -0.02801445 0.04438632
v -0.02894896 -0.03252425 0.04116736
v -0.03445819 -0.02237918 0.04748383
v -0.02895119 -0.02125476 0.04800916
v -0.03442399 -0.01496172 0.05027352
v -0.02894473 -0.01414828 0.05054810
v -0.02894876 -0.00850954 0.05177010
v -0.03442389 0.01373620 0.05069277
v -0.02894498 0.01210661 0.05107586
v -0.02894853 0.01763526 0.04941185
v -0.02894231 0.02274825 0.04730285
v -0.02702284 0.03986537 0.02049342
v -0.02700000 0.04051382 0.01357183
v -0.02701403 0.03474330 0.02820485
v -0.02700000 0.02729612 0.03345806
v -0.02700001 0.03756127 0.01224974
v -0.02700000 0.02638590 0.03153820
v -0.02699738 0.03280244 0.01590724
v -0.02700000 0.03408206 0.01430000
v -0.02699818 0.03343286 0.01894614
v -0.02701670 0.02689147 0.03578502
v -0.02702273 0.03688342 0.01103080
v -0.02699933 0.03417915 0.01254351
v -0.02702027 0.02387779 0.03041501
v -0.02699979 0.02892885 0.02548633
v -0.02214911 0.00925396 -0.03528000
v -0.02503177 0.00999104 -0.03528402
v -0.02190191 0.01369942 -0.03375061
v -0.02192112 0.01909807 -0.03104611
v -0.02499085 0.01926162 -0.03107954
v -0.02499517 0.02589539 -0.02583045
v -0.02200787 0.02401320 -0.02745772
v -0.02500038 0.03398172 -0.01353082
v -0.02202105 0.03154797 -0.01833686
v -0.02499344 0.03046110 -0.02017427
v -0.02209504 0.02807525 -0.02332892
v -0.02499676 0.03577187 -0.00731188
v -0.02191180 0.03525420 -0.00911315
v -0.02187017 0.03405173 -0.01294344
v -0.02499844 0.03612522 0.00524467
v -0.02218089 0.03618134 0.00498842
v -0.02499101 0.03654497 -0.00112025
v -0.02199541 0.03644555 0.00042975
v -0.02190077 0.03619831 -0.00406373
v -0.02497047 0.03497827 0.01006662
v -0.02204430 0.03498444 0.00997675
v -0.02199559 -0.03140018 -0.01837679
v -0.02500297 -0.03145697 -0.01842051
v -0.02190546 -0.02863461 -0.02251611
v -0.02499450 -0.02773920 -0.02379941
v -0.02186256 -0.02458044 -0.02685566
v -0.02500668 -0.02182523 -0.02933171
v -0.02207475 -0.02198516 -0.02913972
v -0.02193881 -0.01680104 -0.03234144
v -0.02501523 -0.01461943 -0.03351041
v -0.02207475 -0.01118736 -0.03474642
v -0.02496552 -0.00712561 -0.03584865
v -0.02190299 -0.00518082 -0.03605517
v -0.02497168 0.00013756 -0.03634775
v -0.02214610 -0.00035697 -0.03645469
v -0.02214252 -0.00899964 0.03530752
v -0.02508610 -0.00994505 0.03529463
v -0.02190191 -0.01369942 0.03375061
v -0.02192112 -0.01909807 0.03104611
v -0.02499085 -0.01926162 0.03107954
v -0.02499517 -0.02589539 0.02583045
v -0.02209932 -0.02625469 0.02537470
v -0.02185821 -0.02377390 0.02753645
v -0.02500038 -0.03398172 0.01353082
v -0.02199349 -0.03230108 0.01687802
v -0.02499344 -0.03046110 0.02017427
v -0.02188898 -0.03003215 0.02060274
v -0.02499676 -0.03577187 0.00731188
v -0.02207921 -0.03547462 0.00847583
v -0.02214212 -0.03417708 0.01285942
v -0.02499893 -0.03612610 -0.00523908
v -0.02210254 -0.03618513 -0.00483612
v -0.02499101 -0.03654497 0.00112025
v -0.02189490 -0.03639726 -0.00069013
v -0.02189162 -0.03619980 0.00401398
v -0.02499006 -0.03503260 -0.00997117
v -0.02204430 -0.03498444 -0.00997675
v -0.02199559 0.03140018 0.01837679
v -0.02500297 0.03145697 0.01842051
v -0.02185351 0.02874039 0.02234408
v -0.02499450 0.02773920 0.02379941
v -0.02207728 0.02652584 0.02507334
v -0.02507053 0.02030086 0.03051052
v -0.02190859 0.02192338 0.02909766
v -0.02193881 0.01680104 0.03234144
v -0.02499856 0.00913056 0.03549115
v -0.02207475 0.01118736 0.03474642
v -0.02190546 0.00518221 0.03605636
v -0.02497168 -0.00013756 0.03634775
v -0.02214610 0.00035697 0.03645469
v -0.02183943 -0.01275983 0.00090294
v -0.02180742 -0.01956879 0.00444402
v -0.02182919 -0.02770159 -0.01074036
v -0.02180000 -0.02372669 0.01102948
v -0.02185338 -0.02100460 0.00932066
v -0.02191051 -0.01967606 0.01200295
v -0.02180000 -0.01708779 0.01981446
v -0.02184795 -0.01805709 0.01382803
v -0.02189772 -0.01373090 0.01420001
v -0.02180000 -0.00932504 0.02459366
v -0.02183860 -0.02939586 -0.00944311
v -0.02180000 -0.02596015 0.00226513
v -0.02180000 -0.02599221 -0.00427575
v -0.02181948 -0.03182279 -0.00937343
v -0.02180000 -0.03187142 -0.00684711
v -0.02180000 -0.03360502 -0.00552326
v -0.02183254 -0.03359491 -0.01034024
v -0.02181546 -0.03503919 -0.00934152
v -0.02179945 -0.01830631 0.02872394
v -0.02180000 -0.02630837 0.02179260
v -0.02180000 -0.03149555 0.01295998
v -0.02181748 -0.03426202 0.01182528
v -0.02180000 -0.03369736 0.00494157
v -0.02184460 -0.00720672 0.01054751
v -0.02180000 -0.00251430 0.01262485
v -0.02180000 0.00311871 0.01240780
v -0.02180000 0.00805504 0.01004116
v -0.02180000 0.01150960 0.00558650
v -0.02180000 0.01926194 0.00147745
v -0.02180000 -0.01433940 -0.01287107
v -0.02180000 0.00131308 -0.01272618
v -0.02180000 -0.00413497 -0.01219059
v -0.02180000 0.00558650 -0.01150960
v -0.02180000 0.00982239 -0.03058130
v -0.02180000 0.00839511 -0.01734057
v -0.02180000 0.00918611 -0.00890479
v -0.02180000 0.01305623 -0.01387239
v -0.02180000 -0.01199645 -0.00466838
v -0.02184002 -0.02744877 -0.01500073
v -0.02183415 -0.02873633 -0.01632503
v -0.02180000 0.01741488 -0.00794296
v -0.02180000 0.01219059 -0.00413497
v -0.02180000 0.01272618 0.00131308
v -0.02180888 0.00779834 -0.03178596
v -0.02182117 0.00793074 -0.03434220
v -0.02184109 -0.02689283 -0.01282331
v -0.02183782 0.00582765 -0.02978644
v -0.02184737 0.00159339 -0.03018062
v -0.02180000 -0.00393487 -0.01889926
v -0.02183579 0.00029778 -0.03251408
v -0.02180000 0.01130138 -0.03188870
v -0.02182898 0.00888920 -0.03504476
v -0.02180000 -0.00229422 -0.03268917
v -0.02180000 -0.00388724 -0.03373437
v -0.02181748 0.00050804 -0.03546531
v -0.02183182 -0.00040547 -0.03620668
v -0.02180000 0.03284209 -0.00901821
v -0.02180029 0.03405821 -0.00084804
v -0.02180000 0.01833636 -0.02870033
v -0.02180000 0.02474464 -0.02340158
v -0.02181168 0.02714745 -0.02408577
v -0.02180000 0.02967789 -0.01670789
v -0.02182115 -0.03104798 -0.01862801
v -0.02180000 -0.02731510 -0.02017157
v -0.02180000 -0.02706164 -0.01821232
v -0.02180000 -0.00890479 -0.00918611
v -0.02180000 -0.00928059 -0.01664967
v -0.02181292 -0.01279117 -0.03389563
v -0.02180000 -0.00971903 -0.03263191
v -0.02180000 -0.01673061 -0.02965448
v -0.02180000 -0.02290476 -0.02519272
v -0.02182822 -0.00059955 0.03495404
v -0.02180000 0.00388724 0.03373437
v -0.02180000 0.01673061 0.02965448
v -0.02181292 0.01279117 0.03389563
v -0.02180000 0.00971903 0.03263191
v -0.02183644 0.03047128 0.00927960
v -0.02184258 0.02867691 0.00986868
v -0.02180000 0.00229422 0.03268917
v -0.02181166 0.02845486 0.01629935
v -0.02180000 0.02731510 0.02017157
v -0.02180000 0.02706164 0.01821232
v -0.02183522 0.02732943 0.01473147
v -0.02180000 0.01433940 0.01287107
v -0.02182646 0.03219168 0.00956056
v -0.02180000 0.03343321 0.00577016
v -0.02182017 0.03594602 0.00465417
v -0.02181519 0.03382640 0.01027839
v -0.02182322 0.03489388 0.00958202
v -0.02183969 -0.00146863 0.03024069
v -0.02180000 0.00393487 0.01889926
v -0.02183833 -0.00029175 0.03252441
v -0.02190903 0.02718453 0.01231159
v -0.02182041 0.03098155 0.01877932
v -0.02180909 0.03085890 0.01721779
v -0.02180000 0.03183461 0.00685802
v -0.02180000 0.02290476 0.02519272
v -0.02180000 0.00928059 0.01664967
v -0.02181075 -0.03085445 -0.01720483
v -0.02183340 -0.00355214 0.02937675
v -0.02180053 -0.00765843 0.03107094
v -0.02180000 -0.00982239 0.03058130
v -0.02183584 -0.00550009 0.02958299
v -0.02180000 -0.01130138 0.03188870
v -0.02182193 -0.00799417 0.03442663
v -0.02182937 -0.00888910 0.03504530
v -0.02182649 0.00000949 0.03609787
v -0.02645205 0.02626336 0.04545195
v -0.02647633 0.03280701 0.04097732
v -0.02550026 0.02809526 0.04443592
v -0.02550187 0.03832386 0.03614242
v -0.02643853 0.03825128 0.03596084
v -0.02645291 0.04181135 0.03169154
v -0.02550046 0.04612501 0.02522637
v -0.02645319 0.04499648 0.02703506
v -0.02644583 0.04841818 0.02030192
v -0.02550196 0.05104330 0.01302155
v -0.02647621 0.05073809 0.01345179
v -0.02645831 0.05216175 0.00584136
v -0.02550044 0.05257162 -0.00031840
v -0.02644994 0.05247020 -0.00185931
v -0.02550307 0.05095384 -0.01336692
v -0.02645380 0.05165497 -0.00933985
v -0.02645277 0.04972534 -0.01684431
v -0.02550057 0.04581597 -0.02578302
v -0.02645302 0.04678784 -0.02380121
v -0.02647294 0.04366592 -0.02907259
v -0.02550038 0.03960176 -0.03457762
v -0.02643991 0.04063401 -0.03324313
v -0.02645277 0.03533995 -0.03882562
v -0.02550144 0.02972261 -0.04348237
v -0.02645291 0.02939744 -0.04349028
v -0.02645416 0.02451372 -0.04638498
v -0.02550252 0.01564605 -0.05030046
v -0.02645338 0.01950007 -0.04873680
v -0.02645234 0.01399725 -0.05056238
v -0.02645719 0.00864421 -0.05177199
v -0.02550042 0.00237283 -0.05251875
v -0.02645093 0.00095469 -0.05249404
v -0.02550167 -0.01071199 -0.05157681
v -0.02645319 -0.00654771 -0.05208344
v -0.02645261 -0.01224768 -0.05101424
v -0.02645683 -0.01751370 -0.04948095
v -0.02550024 -0.02334504 -0.04709940
v -0.02644997 -0.02282564 -0.04724087
v -0.02645557 -0.02795597 -0.04443217
v -0.02550230 -0.03438169 -0.03990987
v -0.02645482 -0.03412338 -0.03988793
v -0.02647036 -0.03845616 -0.03568214
v -0.02550032 -0.04330314 -0.02981002
v -0.02643770 -0.04189534 -0.03164137
v -0.02645349 -0.04596552 -0.02536299
v -0.02550128 -0.04942469 -0.01822241
v -0.02645513 -0.04917414 -0.01836656
v -0.02645023 -0.05083633 -0.01297852
v -0.02550017 -0.05232760 -0.00505844
v -0.02644058 -0.05196320 -0.00749532
v -0.02647342 -0.05240788 -0.00239147
v -0.02550196 -0.05205947 0.00803934
v -0.02645317 -0.05235932 0.00375152
v -0.02645339 -0.05159865 0.00948644
v -0.02645581 -0.05035351 0.01482302
v -0.02550001 -0.04821076 0.02096308
v -0.02645048 -0.04839461 0.02026352
v -0.02645998 -0.04601120 0.02525584
v -0.02550079 -0.04293931 0.03033372
v -0.02647102 -0.04272348 0.03044276
v -0.02644425 -0.03934913 0.03475752
v -0.02550315 -0.03410937 0.04014451
v -0.02645272 -0.03389281 0.04008681
v -0.02645240 -0.02779537 0.04453755
v -0.02550042 -0.02283155 0.04735643
v -0.02647600 -0.02234247 0.04745112
v -0.02644411 -0.01758864 0.04946810
v -0.02550231 -0.01036085 0.05164950
v -0.02645290 -0.01023239 0.05148739
v -0.02645347 -0.00466784 0.05225635
v -0.02550060 0.00300969 0.05248662
v -0.02645325 0.00095277 0.05248485
v -0.02645403 0.00668951 0.05203506
v -0.02550337 0.01598728 0.05019379
v -0.02645450 0.01210597 0.05107663
v -0.02645263 0.01948361 0.04875195
v -0.02550007 -0.01392630 0.04254431
v -0.02550000 -0.01201981 0.04337305
v -0.02549992 0.04351588 0.00839007
v -0.02550002 0.02633639 0.03650302
v -0.02549999 0.04372239 0.01089415
v -0.02549991 0.04214890 0.01301257
v -0.02549781 0.03242476 0.02205247
v -0.02551425 0.02448249 0.03049975
v -0.02550000 0.02645966 0.03166426
v -0.02549984 0.02742716 0.03401651
v -0.02549978 -0.00937402 0.04262568
v -0.02550000 -0.01681985 -0.03891931
v -0.02550000 -0.01593423 -0.03698796
v -0.02550000 0.03915277 0.01334488
v -0.02550544 0.03725718 0.01171806
v -0.02549996 -0.01621923 -0.04133683
v -0.02549991 -0.01388808 -0.04287218
v -0.02549991 -0.01129072 -0.04227500
v -0.02550000 -0.00965267 -0.03974432
v -0.02550012 0.02445616 0.03746039
v -0.02550000 -0.00811811 0.04004567
v -0.02550000 -0.01509420 0.04083196
v -0.02550000 -0.01502191 0.03868868
v -0.02549890 -0.01945969 0.03395096
v -0.02552833 -0.01358007 0.03679810
v -0.02550000 0.04199409 0.00682878
v -0.02550000 0.03989594 0.00638542
v -0.02549992 0.00414843 0.03885872
v -0.02550000 0.02045107 0.03531649
v -0.02549983 0.01315233 0.03677771
v -0.02541564 0.02034727 0.03316562
v -0.02549884 -0.02932659 -0.02579044
v -0.02549942 -0.02256784 -0.03187487
v -0.02550411 -0.00851646 0.03826362
v -0.02549970 -0.02780240 0.02744410
v -0.02549969 -0.03339727 0.02026774
v -0.02544750 -0.01470045 -0.03604957
v -0.02549948 0.00017363 -0.03913984
v -0.02548372 -0.01016904 -0.03764351
v -0.02549610 0.03707173 -0.01252321
v -0.02549938 0.03901062 -0.00178931
v -0.02550000 0.02237823 0.03726175
v -0.02549969 0.03220565 -0.02210835
v -0.02550233 0.03843424 0.00695868
v -0.02549870 -0.03449481 -0.01830883
v -0.02549977 0.01086297 -0.03752162
v -0.02549974 0.01910179 -0.03407414
v -0.02549751 -0.03911729 0.00120387
v -0.02549883 -0.03779275 -0.00983573
v -0.02549981 0.02634225 -0.02884534
v -0.02549979 -0.03718022 0.01199174
v -0.02128730 0.02078711 0.03187020
v -0.02454661 0.02267444 0.03059513
v -0.02130000 0.02619829 0.02752543
v -0.02449630 0.02903102 0.02458943
v -0.02129843 0.03058293 0.02265792
v -0.02447934 0.03331636 0.01839112
v -0.02130000 0.03414319 0.01668059
v -0.02457474 0.03673453 0.01010115
v -0.02129426 0.03661660 0.01038637
v -0.02461894 0.03726563 0.00804440
v -0.02447936 0.03802431 0.00239305
v -0.02129048 0.03801339 0.00172941
v -0.02130704 0.03739757 -0.00711645
v -0.02447923 0.03755474 -0.00622399
v -0.02449533 0.03549395 -0.01370874
v -0.02130084 0.03458636 -0.01589774
v -0.02449984 0.03187664 -0.02083274
v -0.02130110 0.02990743 -0.02354732
v -0.02449954 0.02621721 -0.02761693
v -0.02130118 0.02356848 -0.02989016
v -0.02449925 0.01914676 -0.03291296
v -0.02130108 0.01592114 -0.03457408
v -0.02449896 0.01104702 -0.03643570
v -0.02130083 0.00738957 -0.03733883
v -0.02449868 0.00235500 -0.03799601
v -0.02129682 -0.00156372 -0.03802983
v -0.02459085 -0.01126162 -0.03642035
v -0.02131317 -0.01058183 -0.03657676
v -0.02449981 -0.00416473 -0.03777240
v -0.02455862 -0.01316808 -0.03575256
v -0.02128951 -0.01772132 -0.03363679
v -0.02448794 -0.02201588 -0.03106221
v -0.02134827 -0.02492755 -0.02889931
v -0.02449553 -0.02858737 -0.02515900
v -0.02129113 -0.03184789 -0.02082694
v -0.02449732 -0.03270018 -0.01940535
v -0.02129579 -0.03575357 -0.01303350
v -0.02449344 -0.03568717 -0.01331382
v -0.02129524 -0.03781261 -0.00428273
v -0.02449291 -0.03780841 -0.00463268
v -0.02130000 -0.03788138 0.00300016
v -0.02449308 -0.03794545 0.00280321
v -0.02130149 -0.03685166 0.00953773
v -0.02449948 -0.03653650 0.01073904
v -0.02130164 -0.03358842 0.01791152
v -0.02449936 -0.03303098 0.01895263
v -0.02130176 -0.02845291 0.02528687
v -0.02449924 -0.02770884 0.02612381
v -0.02130000 -0.02335567 0.02997520
v -0.02449911 -0.02086294 0.03185809
v -0.02131984 -0.01780667 0.03364423
v -0.02454778 -0.01173069 0.03623827
v -0.02129830 -0.00955509 0.03684204
v -0.02445756 -0.00465131 0.03777911
v -0.02130000 -0.00262578 0.03790917
v -0.02131714 0.00400646 0.03787050
v -0.02450057 0.00417088 0.03781654
v -0.02450104 0.01240007 0.03599355
v -0.02129641 0.01295002 0.03579373
v -0.02461668 0.02101308 0.03185419
v -0.01680000 -0.00437821 0.01290768
v -0.01680000 -0.01024549 0.00898927
v -0.01680000 -0.01336749 0.00266220
v -0.01680000 -0.01290768 -0.00437821
v -0.01680000 -0.00898927 -0.01024549
v -0.01680000 -0.00266220 -0.01336749
v -0.01680000 0.00437821 -0.01290768
v -0.01680000 0.01024549 -0.00898927
v -0.01680000 -0.01837188 0.00519586
v -0.01680000 -0.01719451 0.00645311
v -0.01680000 -0.01446255 0.00587917
v -0.01680000 -0.01232371 0.00969655
v -0.01680000 -0.01261014 0.00718920
v -0.01680000 -0.01403015 0.01343078
v -0.01680000 -0.01429288 0.01164963
v -0.01680000 -0.01748769 0.01304850
v -0.01680000 -0.01678842 0.01121072
v -0.01680000 -0.01979514 0.01011825
v -0.01680000 -0.01808107 0.00934613
v -0.01680000 -0.01969704 0.00720952
v -0.01680000 0.01336749 -0.00266220
v -0.01680000 0.01290768 0.00437821
v -0.01680000 0.00898927 0.01024549
v -0.01680000 0.00266220 0.01336749
v -0.02080000 -0.00437821 -0.01290768
v -0.02080000 -0.01024549 -0.00898927
v -0.02080000 -0.01336749 -0.00266220
v -0.02080000 -0.01290768 0.00437821
v -0.02080000 -0.00898927 0.01024549
v -0.02080000 -0.00266220 0.01336749
v -0.02080000 0.00437821 0.01290768
v -0.02080000 0.01024549 0.00898927
v -0.02080000 0.01336749 0.00266220
v -0.02080000 0.01290768 -0.00437821
v -0.02080000 0.00898927 -0.01024549
v -0.02080000 0.00266220 -0.01336749
v -0.02079923 -0.01275658 -0.00096209
v -0.02080084 -0.01241114 0.00304328
v -0.02079839 -0.00937674 0.00879502
v -0.02079924 -0.00528788 0.01165823
v -0.02080000 -0.00091675 0.01276086
v -0.02080000 0.00466838 0.01199645
v -0.02080000 0.00918611 0.00890479
v -0.02080000 0.01167773 0.00522593
v -0.02080000 0.01276086 0.00091675
v -0.02080000 0.01199645 -0.00466838
v -0.02080000 0.00890479 -0.00918611
v -0.02080000 0.00522593 -0.01167773
v -0.02080000 0.00091675 -0.01276086
v -0.02080000 -0.00466838 -0.01199645
v -0.02080000 -0.00918611 -0.00890479
v -0.02080000 -0.01167773 -0.00522593
v -0.02260350 -0.01260057 0.00209154
v -0.02479997 -0.01275702 0.00207077
v -0.02260490 -0.00809664 0.00989812
v -0.02480000 -0.00818283 0.01001653
v -0.02480000 -0.01155375 0.00545313
v -0.02480000 -0.01444568 0.01359256
v -0.02287099 -0.01403660 0.01348284
v -0.02286258 -0.01640420 0.01339291
v -0.02480000 -0.01802805 0.01264192
v -0.02262825 -0.01828756 0.01250630
v -0.02286258 -0.01951481 0.01077780
v -0.02480000 -0.01999239 0.00947142
v -0.02266250 -0.01998304 0.00928447
v -0.02259914 -0.01996289 0.00803836
v -0.02286258 -0.01951097 0.00671398
v -0.02480000 -0.01894523 0.00570275
v -0.02287412 -0.01837446 0.00515299
v -0.02291023 -0.01293471 0.00202366
v -0.02315613 -0.00824501 0.01017012
v -0.02480000 -0.01430722 0.01230122
v -0.02480000 -0.01165589 0.00979102
v -0.02480000 -0.01443598 0.00521907
v -0.02480000 -0.01218562 0.00677915
v -0.02480000 -0.01766564 0.00609867
v -0.02480000 -0.01871951 0.00928158
v -0.02480000 -0.01727210 0.01161773
v -0.02505887 -0.00748853 0.03418775
v -0.02199347 -0.00757987 0.03397706
v -0.02195063 -0.00756193 0.03235880
v -0.03030004 -0.00754336 0.03259836
v -0.03029997 -0.00728899 0.03457803
v -0.03030000 -0.00538147 0.03647912
v -0.03029995 -0.00262068 0.03639389
v -0.02506134 -0.00095729 0.03499585
v -0.03029997 -0.00077845 0.03456335
v -0.02216582 -0.00088233 0.03488870
v -0.03030000 -0.00439186 0.02958182
v -0.03030000 -0.00658451 0.03062976
v -0.02216361 -0.00485317 0.02964826
v -0.02216357 -0.00245497 0.02992717
v -0.03030000 -0.00203708 0.03018246
v -0.02216009 -0.00094415 0.03140685
v -0.03030000 -0.00063078 0.03211649
v -0.02216025 -0.00049752 0.03316163
v -0.02215912 -0.00716280 0.03149119
v -0.02195840 -0.00665296 0.03066759
v -0.03030000 -0.00524648 0.03252661
v -0.03030000 -0.00412191 0.03185941
v -0.03030000 -0.00300519 0.03230752
v -0.03030000 -0.00291505 0.03382353
v -0.03030000 -0.00466995 0.03438029
v -0.03029998 0.03132317 0.01653419
v -0.02507536 0.03075294 0.01663874
v -0.03030016 0.02932589 0.01637743
v -0.03029995 0.03316980 0.01564163
v -0.03030000 0.03426251 0.01343401
v -0.03029995 0.03348438 0.01078109
v -0.02505096 0.03332569 0.01060404
v -0.03030000 0.02869570 0.01012398
v -0.02217220 0.02881672 0.01007215
v -0.02218228 0.03024361 0.00957616
v -0.03030000 0.03104822 0.00951433
v -0.02213491 0.03176181 0.00967376
v -0.02202729 0.03313796 0.01039835
v -0.02207773 0.03054057 0.01665773
v -0.02203821 0.02897635 0.01618766
v -0.02216605 0.02767920 0.01489585
v -0.03030000 0.02745996 0.01452303
v -0.02202866 0.02718236 0.01346095
v -0.03030000 0.02728042 0.01209954
v -0.02200765 0.02771679 0.01114219
v -0.03030000 0.02934157 0.01302485
v -0.03030000 0.03051920 0.01175423
v -0.03030000 0.03180086 0.01234545
v -0.03030000 0.03190994 0.01353592
v -0.03030000 0.03067362 0.01443500
v -0.03029998 -0.03132317 -0.01653419
v -0.02507536 -0.03075294 -0.01663874
v -0.03030016 -0.02932589 -0.01637743
v -0.03029995 -0.03316980 -0.01564163
v -0.03030000 -0.03426251 -0.01343401
v -0.03029995 -0.03348438 -0.01078109
v -0.02506834 -0.03337803 -0.01064617
v -0.02207824 -0.03054278 -0.01665897
v -0.02216433 -0.02870134 -0.01601840
v -0.03030000 -0.02745996 -0.01452303
v -0.02216518 -0.02728232 -0.01406608
v -0.03030000 -0.02728042 -0.01209954
v -0.02216228 -0.02728521 -0.01225019
v -0.02212264 -0.02791320 -0.01088020
v -0.03030000 -0.02869570 -0.01012398
v -0.02212499 -0.02935658 -0.00978359
v -0.03030000 -0.03104822 -0.00951433
v -0.02207016 -0.03146920 -0.00955650
v -0.02213901 -0.03353877 -0.01059805
v -0.03030000 -0.03190994 -0.01353592
v -0.03030000 -0.03067362 -0.01443500
v -0.03030000 -0.02934157 -0.01302485
v -0.03030000 -0.03051920 -0.01175423
v -0.03030000 -0.03180086 -0.01234545
v -0.02505887 0.00748853 -0.03418775
v -0.02207860 0.00756981 -0.03419752
v -0.02204066 0.00752758 -0.03234429
v -0.03030004 0.00754336 -0.03259836
v -0.03029997 0.00728899 -0.03457803
v -0.03030000 0.00538147 -0.03647912
v -0.03029995 0.00262068 -0.03639389
v -0.02506134 0.00095729 -0.03499585
v -0.03029997 0.00077845 -0.03456335
v -0.02209438 0.00086597 -0.03486355
v -0.03030000 0.00658451 -0.03062976
v -0.02200652 0.00685400 -0.03094505
v -0.02217357 0.00594647 -0.03016676
v -0.03030000 0.00439186 -0.02958182
v -0.02213806 0.00454628 -0.02961730
v -0.02210294 0.00274613 -0.02981949
v -0.03030000 0.00203708 -0.03018246
v -0.02210475 0.00107575 -0.03112044
v -0.03030000 0.00063078 -0.03211649
v -0.02203019 0.00046975 -0.03321914
v -0.03030000 0.00291505 -0.03382353
v -0.03030000 0.00466995 -0.03438029
v -0.03030000 0.00524648 -0.03252661
v -0.03030000 0.00412191 -0.03185941
v -0.03030000 0.00300519 -0.03230752
v -0.03450000 0.02549854 0.04477253
v -0.03450000 0.02577500 0.04464361
v -0.03450000 0.02549854 -0.04148360
v -0.03450000 0.02577500 -0.04161252
v -0.03445960 0.02888418 -0.03801877
v -0.03441311 0.01202546 0.04618294
v -0.03442404 0.02152623 0.04259841
v -0.03441311 0.03003414 0.03708673
v -0.03442404 0.03720469 0.02989672
v -0.03443252 -0.00307332 0.04763369
v -0.03443471 0.00486167 0.04742125
v -0.03450000 -0.02338446 0.04400307
v -0.03450000 -0.02325554 0.04372660
v -0.03450000 -0.02325554 0.04252953
v -0.03450000 -0.02338446 0.04225307
v -0.03446924 -0.01984266 0.04336360
v -0.03450000 -0.02355942 0.04425294
v -0.03450000 -0.02377512 0.04446865
v -0.03450000 -0.02402500 0.04464361
v -0.03450000 -0.02662341 0.04282418
v -0.03450000 -0.02665000 0.04312807
v -0.03450000 -0.02662341 0.04343195
v -0.03450000 -0.02654446 0.04372660
v -0.03450000 -0.02641555 0.04400307
v -0.03441311 -0.01308493 0.04589401
v -0.03450000 -0.02549854 0.04148360
v -0.03450000 -0.02577500 0.04161252
v -0.03444946 -0.03086951 0.03641848
v -0.03450000 -0.02549853 0.04477252
v -0.03450000 -0.02520388 0.04485148
v -0.03450000 -0.02654446 0.04252953
v -0.03445670 -0.03786961 0.02907706
v -0.03450000 -0.02641555 0.04225307
v -0.03450000 -0.02624058 0.04200319
v -0.03450000 -0.02624058 0.04425294
v -0.03450000 -0.02602488 0.04446865
v -0.03450000 -0.02577500 0.04464361
v -0.03450000 -0.02490000 0.04487807
v -0.03450000 -0.02459612 0.04485148
v -0.03450000 -0.02430146 0.04477253
v -0.03450000 -0.02317659 0.04343195
v -0.03450000 -0.02315000 0.04312807
v -0.03450000 -0.02317659 0.04282418
v -0.03450000 -0.02355942 0.04200319
v -0.03450000 -0.02377512 0.04178749
v -0.03446099 -0.02434871 0.04099831
v -0.03450000 -0.02402500 0.04161252
v -0.03450000 -0.02430146 0.04148360
v -0.03450000 -0.02602488 0.04178749
v -0.03450000 -0.02459612 0.04140465
v -0.03450000 -0.02490000 0.04137807
v -0.03450000 -0.02520389 0.04140465
v -0.03443252 -0.04315739 0.02039248
v -0.03447218 -0.04570093 0.01362737
v -0.03450000 -0.05144446 -0.00059854
v -0.03450000 -0.05152341 -0.00030388
v -0.03450000 -0.04867512 0.00134058
v -0.03450000 -0.04845942 0.00112488
v -0.03445960 -0.04738932 0.00582883
v -0.03450000 -0.04828446 0.00087500
v -0.03450000 -0.04815554 0.00059854
v -0.03450000 -0.04807658 0.00030388
v -0.03450000 -0.04805000 -0.00000000
v -0.03444946 -0.04754475 -0.00432771
v -0.03450000 -0.04807659 -0.00030388
v -0.03450000 -0.04815554 -0.00059853
v -0.03450000 -0.04828446 -0.00087500
v -0.03450000 -0.05092488 0.00134058
v -0.03450000 -0.05114058 0.00112488
v -0.03450000 -0.05131555 0.00087500
v -0.03450000 -0.05131555 -0.00087500
v -0.03450000 -0.05155000 0.00000000
v -0.03450000 -0.05152341 0.00030388
v -0.03450000 -0.05144446 0.00059854
v -0.03450000 -0.05067500 0.00151554
v -0.03450000 -0.05039853 0.00164446
v -0.03450000 -0.05010388 0.00172341
v -0.03450000 -0.04980000 0.00175000
v -0.03450000 -0.04949612 0.00172341
v -0.03450000 -0.04920146 0.00164446
v -0.03450000 -0.04892500 0.00151554
v -0.03450000 -0.04845942 -0.00112488
v -0.03450000 -0.04867512 -0.00134058
v -0.03446560 -0.04628609 -0.01146949
v -0.03450000 -0.04892500 -0.00151554
v -0.03450000 -0.05039854 -0.00164446
v -0.03450000 -0.05067500 -0.00151554
v -0.03450000 -0.05092488 -0.00134058
v -0.03450000 -0.05114058 -0.00112488
v -0.03450000 -0.04920146 -0.00164446
v -0.03450000 -0.04949612 -0.00172341
v -0.03450000 -0.04980000 -0.00175000
v -0.03450000 -0.05010388 -0.00172341
v -0.03442404 -0.02376284 -0.04139240
v -0.03441311 -0.03196536 -0.03543573
v -0.03443252 -0.00454256 -0.04751609
v -0.03441311 -0.01446636 -0.04547747
v -0.03443252 -0.03875052 -0.02787132
v -0.03442404 -0.04375980 -0.01905475
v -0.03445670 0.03626840 -0.03105134
v -0.03450000 0.02654446 -0.04252953
v -0.03450000 0.02662341 -0.04282418
v -0.03450000 0.02665000 -0.04312807
v -0.03450000 0.02662341 -0.04343195
v -0.03450000 0.02654446 -0.04372660
v -0.03450000 0.02641555 -0.04400307
v -0.03450000 0.02325554 -0.04372660
v -0.03450000 0.02317659 -0.04343195
v -0.03450000 0.02315000 -0.04312807
v -0.03450000 0.02317659 -0.04282418
v -0.03450000 0.02325554 -0.04252953
v -0.03450000 0.02338446 -0.04225307
v -0.03450000 0.02602488 -0.04178749
v -0.03450000 0.02624058 -0.04200319
v -0.03450000 0.02641555 -0.04225307
v -0.03450000 0.02402500 -0.04464361
v -0.03450000 0.02377512 -0.04446865
v -0.03443252 0.02020863 -0.04324378
v -0.03441311 0.01062385 -0.04652536
v -0.03450000 0.02459612 -0.04140465
v -0.03450000 0.02490000 -0.04137807
v -0.03450000 0.02520389 -0.04140465
v -0.03450000 0.02355942 -0.04425294
v -0.03450000 0.02338446 -0.04400307
v -0.03450000 0.02355942 -0.04200319
v -0.03450000 0.02377512 -0.04178749
v -0.03450000 0.02402500 -0.04161252
v -0.03450000 0.02430146 -0.04148360
v -0.03443471 0.00274321 -0.04759082
v -0.03450000 0.02624058 -0.04425294
v -0.03450000 0.02602488 -0.04446865
v -0.03450000 0.02577500 -0.04464361
v -0.03450000 0.02549853 -0.04477252
v -0.03450000 0.02520388 -0.04485148
v -0.03450000 0.02490000 -0.04487807
v -0.03450000 0.02459612 -0.04485148
v -0.03450000 0.02430146 -0.04477253
v -0.03442404 0.04201032 -0.02265252
v -0.03447461 0.04491076 -0.01604449
v -0.03450000 0.05131555 0.00087500
v -0.03450000 0.05144446 0.00059854
v -0.03450000 0.05152341 0.00030388
v -0.03450000 0.05067500 0.00151554
v -0.03450000 0.05092488 0.00134058
v -0.03450000 0.05155000 -0.00000000
v -0.03450000 0.05152341 -0.00030388
v -0.03450000 0.05144446 -0.00059854
v -0.03450000 0.05131555 -0.00087500
v -0.03450000 0.05114058 -0.00112488
v -0.03450000 0.05092488 -0.00134058
v -0.03450000 0.04867512 0.00134058
v -0.03446924 0.04752356 0.00395534
v -0.03450000 0.04845942 0.00112488
v -0.03450000 0.04828446 0.00087500
v -0.03450000 0.05114058 0.00112488
v -0.03450000 0.04807658 -0.00030388
v -0.03450000 0.04805000 0.00000000
v -0.03446924 0.04767475 -0.00111847
v -0.03450000 0.04807659 0.00030388
v -0.03450000 0.04815554 0.00059853
v -0.03443930 0.04624407 0.01184176
v -0.03450000 0.04920146 0.00164446
v -0.03450000 0.04949612 0.00172341
v -0.03450000 0.04845942 -0.00112488
v -0.03450000 0.04828446 -0.00087500
v -0.03450000 0.04815554 -0.00059854
v -0.03450000 0.04892500 0.00151554
v -0.03450000 0.04867512 -0.00134058
v -0.03443930 0.04700461 -0.00832511
v -0.03450000 0.04892500 -0.00151554
v -0.03450000 0.04980000 0.00175000
v -0.03450000 0.05010388 0.00172341
v -0.03450000 0.05039854 0.00164446
v -0.03450000 0.05067500 -0.00151554
v -0.03450000 0.05039853 -0.00164446
v -0.03450000 0.05010388 -0.00172341
v -0.03450000 0.04980000 -0.00175000
v -0.03450000 0.04949612 -0.00172341
v -0.03450000 0.04920146 -0.00164446
v -0.03443252 0.04269049 0.02135265
v -0.03450000 0.02402500 0.04161252
v -0.03450000 0.02654446 0.04372660
v -0.03450000 0.02662341 0.04343195
v -0.03450000 0.02602488 0.04446864
v -0.03450000 0.02624058 0.04425294
v -0.03450000 0.02641555 0.04400307
v -0.03450000 0.02377512 0.04178749
v -0.03450000 0.02355942 0.04200319
v -0.03450000 0.02338446 0.04225307
v -0.03450000 0.02577500 0.04161252
v -0.03450000 0.02549853 0.04148360
v -0.03450000 0.02520388 0.04140465
v -0.03450000 0.02490000 0.04137807
v -0.03450000 0.02459612 0.04140465
v -0.03450000 0.02430146 0.04148360
v -0.03450000 0.02325554 0.04252953
v -0.03450000 0.02317659 0.04282418
v -0.03450000 0.02315000 0.04312807
v -0.03450000 0.02490000 0.04487807
v -0.03450000 0.02520389 0.04485148
v -0.03450000 0.02402500 0.04464361
v -0.03450000 0.02430147 0.04477253
v -0.03450000 0.02459612 0.04485148
v -0.03450000 0.02665000 0.04312807
v -0.03450000 0.02662341 0.04282418
v -0.03450000 0.02654446 0.04252953
v -0.03450000 0.02641555 0.04225307
v -0.03450000 0.02624058 0.04200318
v -0.03450000 0.02602488 0.04178749
v -0.03450000 0.02317659 0.04343195
v -0.03450000 0.02325554 0.04372660
v -0.03450000 0.02338446 0.04400307
v -0.03450000 0.02355942 0.04425294
v -0.03450000 0.02377512 0.04446865
v -0.03450000 -0.02377512 -0.04178749
v -0.03450000 -0.02355942 -0.04200319
v -0.03450000 -0.02549854 -0.04477253
v -0.03450000 -0.02577500 -0.04464361
v -0.03450000 -0.02402500 -0.04161252
v -0.03450000 -0.02338446 -0.04225307
v -0.03450000 -0.02325554 -0.04252953
v -0.03450000 -0.02317659 -0.04282418
v -0.03450000 -0.02490000 -0.04137807
v -0.03450000 -0.02459612 -0.04140465
v -0.03450000 -0.02430146 -0.04148360
v -0.03450000 -0.02377512 -0.04446865
v -0.03450000 -0.02402500 -0.04464361
v -0.03450000 -0.02430147 -0.04477253
v -0.03450000 -0.02654446 -0.04372660
v -0.03450000 -0.02662341 -0.04343195
v -0.03450000 -0.02315000 -0.04312807
v -0.03450000 -0.02317659 -0.04343195
v -0.03450000 -0.02325554 -0.04372660
v -0.03450000 -0.02459612 -0.04485148
v -0.03450000 -0.02490000 -0.04487807
v -0.03450000 -0.02520389 -0.04485148
v -0.03450000 -0.02602488 -0.04446864
v -0.03450000 -0.02624058 -0.04425294
v -0.03450000 -0.02641555 -0.04400307
v -0.03450000 -0.02577500 -0.04161252
v -0.03450000 -0.02549853 -0.04148360
v -0.03450000 -0.02520388 -0.04140465
v -0.03450000 -0.02355942 -0.04425294
v -0.03450000 -0.02338446 -0.04400307
v -0.03450000 -0.02665000 -0.04312807
v -0.03450000 -0.02662341 -0.04282418
v -0.03450000 -0.02654446 -0.04252953
v -0.03450000 -0.02641555 -0.04225307
v -0.03450000 -0.02624058 -0.04200318
v -0.03450000 -0.02602488 -0.04178749
v -0.02648872 -0.01193424 -0.03606616
v -0.02470627 -0.00954293 0.03699979
v -0.02638461 -0.01073302 0.03635398
v -0.02640943 0.03681305 0.00913662
v -0.02649734 0.02229935 0.03077042
v -0.03220331 -0.04191126 0.02539480
v -0.03234479 -0.04289353 0.02370802
v -0.03039669 -0.04294818 0.02359881
v -0.03025521 -0.04197852 0.02529285
v -0.03130000 -0.04178479 0.02412446
v -0.03219969 0.00103432 0.04899130
v -0.03234479 -0.00091502 0.04900090
v -0.03050638 -0.00108936 0.04899533
v -0.03003225 0.00020474 0.04899717
v -0.03066882 0.00112792 0.04900202
v -0.03130000 -0.00000000 0.04824892
v -0.03256866 0.04249043 0.02440369
v -0.03197556 0.04299859 0.02351443
v -0.03213678 0.04191801 0.02539882
v -0.03051011 0.04188564 0.02543923
v -0.03003225 0.04253516 0.02432127
v -0.03066940 0.04300122 0.02352384
v -0.03130000 0.04178479 0.02412446
v -0.03220331 0.04191126 -0.02539480
v -0.03234479 0.04289353 -0.02370802
v -0.03039669 0.04294818 -0.02359881
v -0.03025521 0.04197852 -0.02529285
v -0.03130000 0.04178479 -0.02412446
v -0.03219969 -0.00103432 -0.04899130
v -0.03234479 0.00091502 -0.04900090
v -0.03050638 0.00108936 -0.04899533
v -0.03003225 -0.00020474 -0.04899717
v -0.03066882 -0.00112792 -0.04900202
v -0.03130000 0.00000000 -0.04824892
v -0.03256866 -0.04249043 -0.02440369
v -0.03197556 -0.04299859 -0.02351443
v -0.03213678 -0.04191801 -0.02539882
v -0.03051011 -0.04188564 -0.02543923
v -0.03003225 -0.04253516 -0.02432127
v -0.03066940 -0.04300122 -0.02352384
v -0.03130000 -0.04178479 -0.02412446
v -0.02884660 0.02729877 0.04339048
v -0.02884749 0.03321994 0.03904241
v -0.02885118 0.03855881 0.03378990
v -0.02883199 0.04304776 0.02782393
v -0.02884706 0.04560736 0.02335226
v -0.02884640 0.04807807 0.01778566
v -0.02885282 0.05016663 0.01058074
v -0.02884837 0.05098936 0.00499403
v -0.02884609 0.05125777 -0.00070552
v -0.02883275 0.05063056 -0.00798342
v -0.02884656 0.04955108 -0.01304116
v -0.02885288 0.04761786 -0.01900751
v -0.02884692 0.04435327 -0.02570342
v -0.02883220 0.04024078 -0.03174727
v -0.02884665 0.03682733 -0.03562463
v -0.02884847 0.03236027 -0.03975860
v -0.02885024 0.02623299 -0.04404920
v -0.02883199 0.01954709 -0.04738311
v -0.02884685 0.01467935 -0.04909047
v -0.02884708 0.00875909 -0.05050873
v -0.02885171 0.00130244 -0.05125301
v -0.02883203 -0.00615267 -0.05088656
v -0.02884719 -0.01122354 -0.04999395
v -0.02884614 -0.01708446 -0.04833163
v -0.02885542 -0.02399907 -0.04531135
v -0.02884840 -0.02878312 -0.04238404
v -0.02884632 -0.03333108 -0.03894738
v -0.02883252 -0.03852504 -0.03380850
v -0.02884658 -0.04172079 -0.02974477
v -0.02885233 -0.04507295 -0.02443654
v -0.02884730 -0.04812870 -0.01765001
v -0.02883210 -0.05014403 -0.01062056
v -0.02884670 -0.05094021 -0.00551880
v -0.02884796 -0.05126000 0.00055939
v -0.02885069 -0.05063814 0.00801843
v -0.02883198 -0.04892398 0.01528750
v -0.02884695 -0.04712327 0.02011852
v -0.02884672 -0.04442576 0.02557718
v -0.02885226 -0.04022581 0.03178815
v -0.02883208 -0.03517602 0.03728223
v -0.02884735 -0.03124919 0.04060612
v -0.02883303 -0.02625263 0.04402257
v -0.02884654 -0.02167302 0.04642917
v -0.02885336 -0.01585632 0.04875803
v -0.02884660 -0.00861520 0.05053360
v -0.02883234 -0.00134093 0.05123867
v -0.02884661 0.00382495 0.05109540
v -0.02884903 0.00986017 0.05030656
v -0.02884588 0.01529939 0.04889255
v -0.02885362 0.02068814 0.04691117
v -0.02655187 0.02280062 0.04588656
v -0.02655251 0.01720172 0.04829052
v -0.02654883 0.00998355 0.05028785
v -0.02656801 0.00257237 0.05119241
v -0.02655295 -0.00258000 0.05117326
v -0.02655360 -0.00863624 0.05052965
v -0.02654718 -0.01592011 0.04873594
v -0.02655164 -0.02116975 0.04665508
v -0.02655392 -0.02623989 0.04403777
v -0.02656726 -0.03222913 0.03985564
v -0.02655345 -0.03606948 0.03639195
v -0.02654712 -0.04026994 0.03173450
v -0.02655308 -0.04443645 0.02555934
v -0.02655462 -0.04763408 0.01894318
v -0.02655574 -0.04988696 0.01180902
v -0.02654888 -0.05078239 0.00687098
v -0.02654977 -0.05126422 0.00069382
v -0.02656801 -0.05080852 -0.00676326
v -0.02655316 -0.04985327 -0.01183253
v -0.02655292 -0.04812139 -0.01766878
v -0.02654829 -0.04503762 -0.02449858
v -0.02655463 -0.04097761 -0.03080214
v -0.02654678 -0.03601573 -0.03648895
v -0.02655035 -0.03181003 -0.04016288
v -0.02654458 -0.02724125 -0.04343947
v -0.02655160 -0.02231406 -0.04611894
v -0.02655368 -0.01706385 -0.04833927
v -0.02655405 -0.01112309 -0.05001780
v -0.02656946 -0.00613611 -0.05088872
v -0.02654767 0.00137383 -0.05125258
v -0.02655271 0.00877901 -0.05050568
v -0.02655467 0.01591136 -0.04873078
v -0.02655255 0.02120001 -0.04663846
v -0.02655204 0.02611445 -0.04411276
v -0.02655983 0.03222664 -0.03986805
v -0.02654984 0.03603230 -0.03643692
v -0.02655448 0.04023770 -0.03176164
v -0.02655328 0.04436336 -0.02568525
v -0.02654774 0.04764227 -0.01894246
v -0.02656792 0.04987536 -0.01182222
v -0.02655265 0.05079052 -0.00675954
v -0.02656697 0.05125098 -0.00072417
v -0.02655762 0.05086605 0.00645196
v -0.02655437 0.04927325 0.01414706
v -0.02654664 0.04666318 0.02124036
v -0.02655459 0.04305715 0.02782118
v -0.02655097 0.03863669 0.03369242
v -0.02655017 0.03332967 0.03895669
v -0.02656797 0.02730451 0.04337853
v -0.03322000 0.02380000 0.04122281
v -0.03322000 0.01520758 0.04528689
v -0.03322000 0.00256307 0.04759237
v -0.03322000 -0.00755504 0.04705873
v -0.03322000 -0.01954450 0.04359112
v -0.03322000 -0.03224646 0.03524683
v -0.03322000 -0.04168491 0.02333541
v -0.03322000 -0.04629336 0.01133699
v -0.03322000 -0.04764373 0.00129527
v -0.03322000 -0.04645768 -0.01112912
v -0.03322000 -0.04170520 -0.02307117
v -0.03322000 -0.03437595 -0.03317329
v -0.03322000 -0.02221744 -0.04229135
v -0.03322000 -0.01010067 -0.04657874
v -0.03322000 -0.00002649 -0.04766133
v -0.03322000 0.01236191 -0.04614495
v -0.03322000 0.02417323 -0.04107624
v -0.03322000 0.03407666 -0.03348065
v -0.03322000 0.04167955 -0.02311747
v -0.03322000 0.04562436 -0.01378481
v -0.03322000 0.04750727 -0.00382911
v -0.03322000 0.04698415 0.00864077
v -0.03322000 0.04189278 0.02296015
v -0.03322000 0.03256166 0.03495585
v -0.03321980 -0.01296976 0.04336844
v -0.01955122 -0.01834639 0.00515379
v -0.01956156 -0.01949364 0.00672117
v -0.01956156 -0.01992591 0.00832728
v -0.01988568 -0.02000924 0.00928125
v -0.01994550 -0.01959101 0.01084464
v -0.01986815 -0.01858662 0.01220900
v -0.01970865 -0.01684835 0.01329275
v -0.01956156 -0.01474336 0.01352140
v -0.01979801 -0.01320945 0.01318297
v -0.01980000 -0.01414726 0.01216872
v -0.01980000 -0.01629053 0.01209644
v -0.01980000 -0.01802317 0.01086666
v -0.01980000 -0.01868829 0.00882792
v -0.01980000 -0.01780678 0.00623981
v -0.01980000 -0.01462387 0.00518594
v -0.01980000 -0.01228772 0.00663334
v -0.01980000 -0.01162260 0.00867209
v -0.01980000 -0.01218562 0.01072085
v -0.01980000 -0.01706336 0.00634307
v -0.01980000 -0.01380247 0.00604420
v -0.01980000 -0.01213567 0.00856881
v -0.01980000 -0.01348864 0.01127461
v -0.01980000 -0.01599080 0.01158265
v -0.01980000 -0.01806977 0.00971963
v -0.02499126 -0.00809200 0.03499773
v -0.02215011 -0.00797556 0.03483195
v -0.02215008 -0.00049590 0.03592209
v -0.02215011 -0.03125837 -0.01731441
v -0.02499762 -0.03117520 -0.01712891
v -0.02215008 0.00049590 -0.03592209
v -0.02215010 0.00839873 -0.03513444
v -0.02499126 0.00809200 -0.03499773
v -0.02215007 0.03387434 0.01055864
v -0.02215011 0.03125837 0.01731441
v -0.02499762 0.03117520 0.01712891
v -0.02204892 0.00404267 -0.03312990
v -0.02279757 0.00440924 -0.03187905
v -0.02279604 0.00304973 -0.03225568
v -0.02279908 0.00280647 -0.03343320
v -0.02279757 0.00346445 -0.03429809
v -0.02279852 0.00466077 -0.03425843
v -0.02279370 0.00538491 -0.03304502
v -0.02204892 -0.03071267 -0.01306390
v -0.02279026 -0.03067931 -0.01169524
v -0.02279852 -0.03191157 -0.01259671
v -0.02279370 -0.03168632 -0.01399169
v -0.02279370 -0.02996804 -0.01418388
v -0.02279757 -0.02944611 -0.01275594
v -0.02279370 0.03168632 0.01399169
v -0.02279370 0.02996804 0.01418388
v -0.02204892 0.03071267 0.01306390
v -0.02279757 0.02944611 0.01275594
v -0.02279026 0.03067931 0.01169524
v -0.02279852 0.03191157 0.01259671
v -0.02279757 -0.00346445 0.03429809
v -0.02279852 -0.00466077 0.03425843
v -0.02204892 -0.00404267 0.03312990
v -0.02279370 -0.00538491 0.03304502
v -0.02279757 -0.00440924 0.03187905
v -0.02279604 -0.00304973 0.03225568
v -0.02279908 -0.00280647 0.03343320
v -0.02215285 -0.01316661 0.00157701
v -0.02207449 -0.01876798 0.00477061
v -0.02195242 -0.01603995 0.01421613
v -0.02205621 -0.02015625 0.00670541
v -0.02230484 -0.00809987 0.01049282
v -0.02186321 0.00405929 -0.02938224
v -0.02011011 0.01574855 -0.00226348
v -0.02011010 0.01131969 -0.01118054
v -0.02016310 0.00831372 -0.01364062
v -0.02007026 -0.00356986 -0.01546391
v -0.02007026 -0.01065496 -0.01176215
v -0.02007026 -0.01555965 -0.00312630
v -0.02009060 -0.01891500 0.00516056
v -0.03250000 0.02477276 0.04422486
v -0.03250000 0.02463422 0.04491010
v -0.03250000 0.02336404 0.04406992
v -0.03250000 0.02379778 0.04319321
v -0.03250000 0.02326968 0.04224644
v -0.03250000 0.02439672 0.04220050
v -0.03250000 0.02485231 0.04132695
v -0.03250000 0.02555859 0.04224183
v -0.03250000 0.02647867 0.04215698
v -0.03250000 0.02590937 0.04352764
v -0.03250000 0.02635246 0.04427940
v -0.03250000 0.04875624 0.00015567
v -0.03250000 0.04822589 -0.00103725
v -0.03250000 0.04919247 -0.00092198
v -0.03250000 0.05038512 -0.00175864
v -0.03250000 0.05035167 -0.00089963
v -0.03250000 0.05089907 0.00032851
v -0.03250000 0.05156547 -0.00035973
v -0.03250000 0.05103047 0.00138605
v -0.03250000 0.04948424 0.00105804
v -0.03250000 0.04938187 0.00173239
v -0.03250000 0.04826405 0.00094187
v -0.03250000 0.02380321 -0.04325530
v -0.03250000 0.02304729 -0.04307641
v -0.03250000 0.02384168 -0.04456193
v -0.03250000 0.02493203 -0.04425237
v -0.03250000 0.02548513 -0.04488671
v -0.03250000 0.02600222 -0.04319322
v -0.03250000 0.02660936 -0.04363215
v -0.03250000 0.02642347 -0.04212223
v -0.03250000 0.02532524 -0.04214701
v -0.03250000 0.02446368 -0.04129413
v -0.03250000 0.02434835 -0.04222842
v -0.03250000 -0.02555859 -0.04224183
v -0.03250000 -0.02485231 -0.04132695
v -0.03250000 -0.02647867 -0.04215698
v -0.03250000 -0.02590937 -0.04352764
v -0.03250000 -0.02635246 -0.04427940
v -0.03250000 -0.02477276 -0.04422486
v -0.03250000 -0.02463422 -0.04491010
v -0.03250000 -0.02336404 -0.04406992
v -0.03250000 -0.02379778 -0.04319321
v -0.03250000 -0.02326968 -0.04224644
v -0.03250000 -0.02439672 -0.04220050
v -0.03250000 -0.05089907 -0.00032851
v -0.03250000 -0.05156547 0.00035973
v -0.03250000 -0.05103047 -0.00138605
v -0.03250000 -0.04948424 -0.00105804
v -0.03250000 -0.04938187 -0.00173239
v -0.03250000 -0.04826405 -0.00094187
v -0.03250000 -0.04875624 -0.00015567
v -0.03250000 -0.04822589 0.00103725
v -0.03250000 -0.04919247 0.00092198
v -0.03250000 -0.05038512 0.00175864
v -0.03250000 -0.05035167 0.00089963
v -0.03250000 -0.02493203 0.04425237
v -0.03250000 -0.02548513 0.04488671
v -0.03250000 -0.02600222 0.04319322
v -0.03250000 -0.02660936 0.04363215
v -0.03250000 -0.02642347 0.04212223
v -0.03250000 -0.02532524 0.04214701
v -0.03250000 -0.02446368 0.04129413
v -0.03250000 -0.02434835 0.04222842
v -0.03250000 -0.02380321 0.04325530
v -0.03250000 -0.02304729 0.04307641
v -0.03250000 -0.02384168 0.04456193
v -0.02838412 0.02490000 0.04312807
v -0.02899201 0.02588562 0.04366552
v -0.02899484 0.02445816 0.04413852
v -0.02899801 0.02383335 0.04305972
v -0.02899879 0.02435201 0.04222643
v -0.02899483 0.02551059 0.04220968
v -0.02899484 0.05045416 0.00088788
v -0.02899879 0.04929316 0.00092539
v -0.02838412 0.04980000 0.00000000
v -0.02899201 0.04869000 -0.00016794
v -0.02899801 0.04968208 -0.00106231
v -0.02899484 0.05078798 -0.00049005
v -0.02899801 0.02537415 -0.04217016
v -0.02899879 0.02439317 -0.04220266
v -0.02838412 0.02490000 -0.04312807
v -0.02899801 0.02383769 -0.04301015
v -0.02899878 0.02420376 -0.04392084
v -0.02899801 0.02515253 -0.04416664
v -0.02899484 0.02599601 -0.04325065
v -0.02899879 -0.02435201 -0.04222643
v -0.02899483 -0.02551059 -0.04220968
v -0.02838412 -0.02490000 -0.04312807
v -0.02899201 -0.02588562 -0.04366552
v -0.02899484 -0.02445816 -0.04413852
v -0.02899801 -0.02383335 -0.04305972
v -0.02899801 -0.04968208 0.00106231
v -0.02899484 -0.05078798 0.00049005
v -0.02838412 -0.04980000 -0.00000000
v -0.02899484 -0.05045416 -0.00088788
v -0.02899879 -0.04929316 -0.00092539
v -0.02899201 -0.04869000 0.00016794
v -0.02838412 -0.02490000 0.04312807
v -0.02899878 -0.02420376 0.04392084
v -0.02899801 -0.02515253 0.04416664
v -0.02899484 -0.02599601 0.04325065
v -0.02899801 -0.02537415 0.04217016
v -0.02899879 -0.02439317 0.04220266
v -0.02899801 -0.02383769 0.04301015
v -0.04800000 0.01804893 -0.02770323
v -0.04787458 0.02877774 -0.03374513
v -0.04800000 0.02460405 -0.02208786
v -0.04782318 0.03426230 -0.02827742
v -0.04800000 0.02948244 -0.01496726
v -0.04800021 0.03953011 -0.01946513
v -0.04800000 0.03235168 -0.00682658
v -0.04779246 0.04312779 -0.01076633
v -0.04800000 -0.02770323 -0.01804893
v -0.04800021 -0.03468897 -0.02716977
v -0.04800000 -0.02208786 -0.02460405
v -0.04800021 -0.02777337 -0.03420761
v -0.04800000 -0.01496726 -0.02948244
v -0.04800021 -0.01946513 -0.03953011
v -0.04800000 -0.00682658 -0.03235168
v -0.04800000 -0.01804893 0.02770323
v -0.04779401 -0.02708647 0.03524185
v -0.04800000 -0.02460405 0.02208786
v -0.04788436 -0.03327946 0.02933004
v -0.04800000 -0.02948244 0.01496726
v -0.04800021 -0.03953011 0.01946513
v -0.04800000 -0.03235168 0.00682658
v -0.04800000 0.00682658 0.03235168
v -0.04785740 0.00844202 0.04354731
v -0.04782323 0.00071054 0.04441854
v -0.04800000 -0.00177920 0.03301617
v -0.04800021 -0.00942819 0.04304219
v -0.04800000 -0.01026383 0.03143067
v -0.04800021 -0.01876956 0.03986508
v -0.04800025 -0.04287036 0.01018084
v -0.04800021 -0.04406100 0.00038600
v -0.04800000 -0.03301617 -0.00177920
v -0.04787482 -0.04288340 -0.01130993
v -0.04800000 -0.03143067 -0.01026383
v -0.04780216 -0.04034530 -0.01861657
v -0.04800000 0.02770323 0.01804893
v -0.04800025 0.03468894 0.02716974
v -0.04800000 0.02208786 0.02460405
v -0.04800021 0.02777337 0.03420761
v -0.04800000 0.01496726 0.02948244
v -0.04800021 0.01946513 0.03953011
v -0.04786808 -0.01197425 -0.04272162
v -0.04800021 -0.00038600 -0.04406100
v -0.04800000 0.00177920 -0.03301617
v -0.04800021 0.00942819 -0.04304219
v -0.04800000 0.01026383 -0.03143067
v -0.04800025 0.01876954 -0.03986504
v -0.04800021 0.04406100 -0.00038600
v -0.04800000 0.03301617 0.00177920
v -0.04800021 0.04304219 0.00942819
v -0.04800000 0.03143067 0.01026383
v -0.04788461 0.04085913 0.01726943
v -0.03600000 -0.05263711 -0.01318475
v -0.03605635 -0.04918379 -0.00411887
v -0.03599827 -0.05419763 -0.00167870
v -0.03604148 -0.04412147 -0.01326011
v -0.03601095 -0.04651475 -0.00313310
v -0.03600575 -0.02848967 -0.04612068
v -0.03607279 -0.02900115 -0.04276252
v -0.03600000 -0.03762863 -0.03925560
v -0.03608181 -0.02659871 -0.03939043
v -0.03600000 -0.04765464 -0.02619067
v -0.03604938 -0.03957596 -0.02360235
v -0.03603687 -0.03224035 -0.03284670
v -0.03615009 -0.02343502 -0.03922549
v -0.03600000 -0.03903234 0.03769588
v -0.03604295 -0.02942747 0.04286702
v -0.03602982 -0.02839562 0.04624711
v -0.03602700 -0.04986866 0.00445681
v -0.03600792 -0.04615535 0.00275777
v -0.03604719 -0.04428181 0.01251192
v -0.03602474 -0.04015406 0.02297083
v -0.03600000 -0.04582150 0.02906705
v -0.03600000 -0.05073467 0.01924826
v -0.03600000 -0.05343108 0.00931308
v -0.03598589 -0.05414960 0.00245846
v -0.03605171 -0.03440823 0.03061200
v -0.03600936 -0.02557895 0.03853326
v -0.03604552 0.01416750 0.04381654
v -0.03601991 0.02081417 0.04116959
v -0.03602055 0.02103489 0.04584041
v -0.03604610 -0.00717063 0.04549738
v -0.03603534 -0.02065143 0.04452585
v -0.03602238 -0.02085204 0.04139525
v -0.03600000 -0.00252734 0.05431877
v -0.03600000 0.01134370 0.05306433
v -0.03596376 0.02287669 0.04923483
v -0.03600000 -0.01583392 0.05190173
v -0.03598913 -0.02434172 0.04845915
v -0.03604787 0.00380941 0.04589016
v -0.03606585 0.04970377 0.00424403
v -0.03600306 0.05422432 0.00186135
v -0.03600000 0.05263711 0.01318475
v -0.03600575 0.02848967 0.04612068
v -0.03607879 0.02897718 0.04226471
v -0.03600000 0.03762863 0.03925560
v -0.03599661 0.02705273 0.03890873
v -0.03604436 0.03067960 0.03449442
v -0.03600000 0.04765464 0.02619067
v -0.03604861 0.03833378 0.02545550
v -0.03610370 0.04380281 0.01310064
v -0.03600937 0.04616025 0.00288540
v -0.03606069 0.05392630 -0.00142427
v -0.03600000 0.05343109 -0.00931304
v -0.03607763 0.03106970 -0.03377956
v -0.03601719 0.02533873 -0.03857918
v -0.03605996 0.02867991 -0.04145319
v -0.03600000 0.04582149 -0.02906705
v -0.03600000 0.03903234 -0.03769588
v -0.03599026 0.02990793 -0.04528551
v -0.03603222 0.02922053 -0.04403120
v -0.03600000 0.05073467 -0.01924828
v -0.03604045 0.05070247 -0.00442092
v -0.03604557 0.03811822 -0.02583961
v -0.03606529 0.04518398 -0.00845196
v -0.03601236 0.04607797 -0.00264081
v -0.03605068 0.04290942 -0.01673082
v -0.03597423 0.02543410 -0.04788176
v -0.03606086 0.02267442 -0.04674940
v -0.03600000 0.01583392 -0.05190173
v -0.03607427 -0.02079455 -0.04338818
v -0.03604949 -0.00947593 -0.04517781
v -0.03604204 -0.02130964 -0.04100528
v -0.03605059 0.00078481 -0.04599582
v -0.03600000 0.00252734 -0.05431877
v -0.03600000 -0.01384962 -0.05258426
v -0.03601400 -0.02177593 -0.04655034
v -0.03598483 -0.02591723 -0.04757688
v -0.03603106 0.02055870 -0.04404095
v -0.03609240 0.00901827 -0.04497273
v -0.03602258 0.02092411 -0.04119189
v -0.03450000 0.03463122 -0.04174697
v -0.03450000 0.03672644 -0.02631436
v -0.03450000 0.04203683 -0.03431338
v -0.03450108 0.02562741 -0.04783043
v -0.03450000 0.02778742 -0.03547750
v -0.03450000 0.01709710 -0.04182065
v -0.03450000 0.00465306 -0.04482346
v -0.03450000 0.01490020 -0.05217746
v -0.03450000 0.00409194 -0.05410877
v -0.03450000 -0.01748222 -0.04166112
v -0.03450000 -0.00543771 -0.04473505
v -0.03450000 -0.05135579 -0.01752384
v -0.03450000 -0.04182065 -0.01709710
v -0.03450000 -0.04553099 -0.02972953
v -0.03450000 -0.03547750 -0.02778742
v -0.03450000 -0.02840473 -0.03498521
v -0.03450000 -0.05419227 0.00091541
v -0.03450000 -0.03672644 0.02631436
v -0.03449940 -0.05379241 -0.00707003
v -0.03450000 -0.04482346 -0.00465306
v -0.03450000 -0.04473505 0.00543771
v -0.03450000 -0.04240344 0.01525588
v -0.03449912 -0.05349899 0.00920882
v -0.03450000 -0.04203683 0.03431338
v -0.03450000 -0.03463122 0.04174697
v -0.03450108 -0.02562741 0.04783043
v -0.03450000 -0.01709710 0.04182065
v -0.03450000 -0.01490020 0.05217746
v -0.03450000 -0.02778742 0.03547750
v -0.03450000 -0.00465306 0.04482346
v -0.03450000 -0.00409194 0.05410877
v -0.03450000 0.00543771 0.04473505
v -0.03450000 0.01748222 0.04166112
v -0.03450000 0.04553099 0.02972953
v -0.03450000 0.02840473 0.03498521
v -0.03450000 0.05135579 0.01752384
v -0.03450000 0.04182065 0.01709710
v -0.03450000 0.03547750 0.02778742
v -0.03450000 0.04482346 0.00465306
v -0.03450000 0.04473505 -0.00543771
v -0.03450000 0.05419227 -0.00091541
v -0.03449940 0.05379241 0.00707003
v -0.03450000 0.04240344 -0.01525588
v -0.03449912 0.05349899 -0.00920880
v -0.03450000 0.02944262 0.04550574
v -0.03449937 0.02274518 0.04927443
v -0.03450000 0.03639843 0.04024496
v -0.03450000 0.00982164 0.05348319
v -0.03449943 -0.02274519 -0.04927443
v -0.03450000 -0.02944262 -0.04550574
v -0.03450000 -0.03639843 -0.04024496
v -0.03450000 -0.00982164 -0.05348319
v -0.03737278 -0.04018006 0.01934549
v -0.04749786 -0.04172080 0.01567782
v -0.04750925 -0.03723716 0.02447296
v -0.03753111 -0.04268959 0.01279318
v -0.03748069 -0.04387223 0.00768855
v -0.04750042 -0.04416665 0.00596288
v -0.03763859 -0.04447069 0.00270579
v -0.03737181 -0.04438677 -0.00428541
v -0.04750306 -0.04438094 -0.00404922
v -0.03750191 -0.04314769 -0.01115898
v -0.03749195 -0.04151516 -0.01612415
v -0.03764541 -0.03942383 -0.02075423
v -0.03733163 -0.03572339 -0.02670251
v -0.04749744 -0.03547591 -0.02697975
v -0.03764643 -0.03114271 -0.03185636
v -0.04749998 -0.02855189 -0.03422087
v -0.03734918 -0.02722248 -0.03527594
v -0.03764813 -0.02297681 -0.03816840
v -0.04750262 -0.02018864 -0.03973053
v -0.03762798 -0.01835353 -0.04056328
v -0.03754673 -0.01361331 -0.04243067
v -0.03734979 -0.00848825 -0.04374148
v -0.04750906 -0.00590388 -0.04416646
v -0.03764594 -0.00345226 -0.04441902
v -0.03706249 0.00009187 -0.04466652
v -0.04749703 0.00396340 -0.04439329
v -0.03764321 0.00682367 -0.04402764
v -0.03736846 0.01354955 -0.04248376
v -0.04749955 0.01377921 -0.04238444
v -0.03764793 0.02004219 -0.03978767
v -0.04750217 0.02289511 -0.03823534
v -0.03739645 0.02592699 -0.03626588
v -0.03746472 0.03116383 -0.03187680
v -0.03733643 0.03476802 -0.02787870
v -0.03757385 0.03760287 -0.02392658
v -0.04749502 0.03969120 -0.02027900
v -0.03734779 0.04024298 -0.01913259
v -0.03764567 0.04217634 -0.01434688
v -0.03762239 0.04355350 -0.00925428
v -0.03764768 0.04434668 -0.00425557
v -0.04750173 0.04455594 -0.00096237
v -0.03705981 0.04461085 0.00084066
v -0.03754824 0.04415043 0.00603086
v -0.04750441 0.04364418 0.00900851
v -0.03735091 0.04273276 0.01273477
v -0.03749780 0.04025635 0.01914200
v -0.04750947 0.03820008 0.02294084
v -0.03749802 0.03676441 0.02519453
v -0.03733156 0.03239630 0.03065361
v -0.04749870 0.03221776 0.03079578
v -0.03764740 0.02724282 0.03524990
v -0.04750129 0.02452515 0.03721164
v -0.03754784 0.02167599 0.03892972
v -0.03746383 0.01529817 0.04187238
v -0.04750396 0.01559753 0.04174587
v -0.03746699 0.00528250 0.04426476
v -0.03733848 0.01015517 0.04339143
v -0.03749826 -0.00172008 0.04453562
v -0.03750066 -0.00862661 0.04373293
v -0.04749827 -0.00892840 0.04366550
v -0.03764710 -0.01529845 0.04184105
v -0.04750085 -0.01845454 0.04056660
v -0.03766124 -0.02140002 0.03906977
v -0.03746345 -0.02727331 0.03526334
v -0.03750130 -0.03244453 0.03055528
v -0.03763053 -0.03662768 0.02536273
v -0.03049996 0.03457256 -0.02568563
v -0.03068374 0.03988541 -0.02064132
v -0.03066320 0.03576218 -0.02703258
v -0.03066321 0.03081141 -0.03265952
v -0.03049992 0.02599763 -0.03447043
v -0.03066321 0.02277149 -0.03869685
v -0.03049996 0.01519757 -0.04029947
v -0.03066321 0.01358969 -0.04279377
v -0.03049992 0.00323447 -0.04305375
v -0.03066321 0.00372644 -0.04474484
v -0.03066321 -0.00632362 -0.04445221
v -0.03049996 -0.00900254 -0.04211850
v -0.03066320 -0.01370407 -0.04268363
v -0.03049992 -0.02055562 -0.03796780
v -0.03066321 -0.02065038 -0.03986914
v -0.03066320 -0.02703258 -0.03576218
v -0.03049996 -0.03034437 -0.03056522
v -0.03066321 -0.03265952 -0.03081141
v -0.03049992 -0.03781942 -0.02082738
v -0.03066321 -0.03869685 -0.02277149
v -0.03066321 -0.04279377 -0.01358969
v -0.03049996 -0.04205211 -0.00930773
v -0.03066321 -0.04474484 -0.00372644
v -0.03049992 -0.04307584 0.00292563
v -0.03066321 -0.04445221 0.00632362
v -0.03049996 -0.04040861 0.01490496
v -0.03066320 -0.04268363 0.01370407
v -0.03066321 -0.03986914 0.02065038
v -0.03049992 -0.03465598 0.02574977
v -0.03066320 -0.03576218 0.02703258
v -0.03066321 -0.03081141 0.03265952
v -0.03049996 -0.02593562 0.03438542
v -0.03066321 -0.02277149 0.03869685
v -0.03049992 -0.01523308 0.04039852
v -0.03066321 -0.01358969 0.04279377
v -0.03049996 -0.00322831 0.04294871
v -0.03066321 -0.00372644 0.04474484
v -0.03049992 0.00902617 0.04222104
v -0.03066321 0.00632362 0.04445221
v -0.03066320 0.01370407 0.04268363
v -0.03049996 0.02050403 0.03787609
v -0.03066321 0.02065038 0.03986914
v -0.03049992 0.03041972 0.03063867
v -0.03066320 0.02703258 0.03576218
v -0.03066321 0.03265952 0.03081141
v -0.03049996 0.03772643 0.02077811
v -0.03066321 0.03869685 0.02277149
v -0.03049992 0.04215521 0.00932876
v -0.03066321 0.04279377 0.01358969
v -0.03066321 0.04474484 0.00372644
v -0.03049996 0.04297099 -0.00291683
v -0.03066321 0.04445221 -0.00632362
v -0.03049992 0.04050672 -0.01494299
v -0.03066320 0.04268363 -0.01370407
v -0.04650000 -0.01588389 -0.01761230
v -0.04643083 -0.04223434 0.00473707
v -0.04650000 -0.01449207 -0.01545016
v -0.04649044 -0.04047956 0.01209813
v -0.04650000 -0.01219464 -0.01410286
v -0.04646591 -0.03817716 0.01859883
v -0.04645227 -0.03236160 0.02757212
v -0.04650000 0.00857293 0.02347897
v -0.04646045 -0.00564667 0.04215470
v -0.04644828 0.00397446 0.04229134
v -0.04650000 0.01157030 0.02411235
v -0.04650000 0.00644041 0.02131902
v -0.04646620 -0.01543715 0.03945208
v -0.04642563 -0.04236251 -0.00390576
v -0.04650000 -0.00644041 -0.02131902
v -0.04646979 0.01379762 -0.04017048
v -0.04650000 -0.00857293 -0.02347897
v -0.04649044 0.00409925 -0.04204944
v -0.04649270 0.04186159 -0.00667818
v -0.04650000 0.01449207 0.01545016
v -0.04650000 0.01588389 0.01761230
v -0.04649250 -0.03948923 -0.01541535
v -0.04646592 0.03539601 -0.02353462
v -0.04646689 0.02597889 -0.03364060
v -0.04650000 0.01219464 0.01410286
v -0.04645944 0.04203253 0.00650527
v -0.04650000 -0.01578062 -0.02067412
v -0.04649288 -0.03012921 -0.02981915
v -0.04650000 0.00830896 0.01466410
v -0.04650000 -0.00605030 -0.01785792
v -0.04650000 0.01578062 0.02067412
v -0.04643614 0.03853787 0.01798867
v -0.04642836 -0.00389030 -0.04236031
v -0.04650000 -0.01157030 -0.02411235
v -0.04646914 -0.01725128 -0.03888419
v -0.04650000 -0.01432936 -0.02284718
v -0.04643245 -0.02447224 0.03478761
v -0.04650000 0.00605030 0.01785792
v -0.04650000 -0.00830896 -0.01466410
v -0.04645091 0.01164291 0.04089119
v -0.04650000 0.01432936 0.02284718
v -0.04642370 0.02154890 0.03670082
v -0.04643376 0.02878085 0.03126505
v -0.04644177 0.03312188 0.02657197
v -0.04576109 -0.03326161 0.02728299
v -0.04605390 -0.03613199 0.02312194
v -0.04605347 -0.02956740 0.03107918
v -0.04577969 -0.02568904 0.03450458
v -0.04584806 -0.02104118 0.03746578
v -0.04600624 -0.01639715 0.03970186
v -0.04600507 -0.01009652 0.04175153
v -0.04598735 -0.00308795 0.04285884
v -0.04576639 0.00413308 0.04281651
v -0.04576112 0.01100011 0.04158958
v -0.04605347 0.01598787 0.03980622
v -0.04575067 0.02061152 0.03776358
v -0.04582979 0.02651926 0.03385304
v -0.04584403 0.03403225 0.02627778
v -0.04577919 0.03053434 0.03024541
v -0.04602711 0.03688326 0.02195228
v -0.04571875 0.03953222 0.01699178
v -0.04601252 0.04162897 0.01059205
v -0.04600301 0.04276647 0.00400727
v -0.04598735 0.04286206 -0.00304290
v -0.04603867 0.04172835 -0.01015044
v -0.04576112 0.03960078 -0.01680695
v -0.04599489 0.03612201 -0.02325102
v -0.04597853 0.03187115 -0.02882561
v -0.04600006 0.02667856 -0.03366594
v -0.04600316 0.02114104 -0.03739021
v -0.04583200 0.01501420 -0.04030245
v -0.04599416 0.00795202 -0.04221649
v -0.04583190 -0.00206895 -0.04295048
v -0.04602954 0.00278613 -0.04282996
v -0.04598759 -0.00938094 -0.04193269
v -0.04584805 -0.01453567 -0.04043674
v -0.04601252 -0.01925627 -0.03839738
v -0.04609773 -0.02501841 -0.03487323
v -0.04585398 -0.02921674 -0.03150539
v -0.04604873 -0.03273966 -0.02778133
v -0.04574933 -0.03692092 -0.02209573
v -0.04585838 -0.03937065 -0.01720233
v -0.04604010 -0.04116978 -0.01221802
v -0.04586548 -0.04235232 -0.00721135
v -0.04582163 -0.04296753 -0.00177275
v -0.04578265 -0.04271604 0.00506958
v -0.04604010 -0.04123979 0.01197961
v -0.04575651 -0.03879198 0.01860854
v -0.03800000 0.05155865 -0.00058512
v -0.03800000 0.05114907 0.00119427
v -0.03800000 0.04975230 0.00180111
v -0.03800000 0.04850876 0.00122830
v -0.03800000 0.04798642 -0.00020876
v -0.03800000 0.04881458 -0.00148491
v -0.03800000 0.05015973 -0.00176547
v -0.03800000 0.02675271 -0.04307641
v -0.03800000 0.02548513 -0.04136942
v -0.03800000 0.02384168 -0.04169420
v -0.03800000 0.02304729 -0.04317972
v -0.03800000 0.02391458 -0.04461299
v -0.03800000 0.02558220 -0.04485138
v -0.03800000 -0.02322501 -0.04385407
v -0.03800000 -0.02325343 -0.04248731
v -0.03800000 -0.02417399 -0.04145309
v -0.03800000 -0.02613047 -0.04174201
v -0.03800000 -0.02667093 -0.04332766
v -0.03800000 -0.02602119 -0.04453846
v -0.03800000 -0.02454028 -0.04489353
v -0.03800000 -0.04850876 -0.00122830
v -0.03800000 -0.04798642 0.00020876
v -0.03800000 -0.04881458 0.00148491
v -0.03800000 -0.05015973 0.00176547
v -0.03800000 -0.05155865 0.00058512
v -0.03800000 -0.05114907 -0.00119427
v -0.03800000 -0.04975230 -0.00180111
v -0.03800000 -0.02304729 0.04317972
v -0.03800000 -0.02391458 0.04461299
v -0.03800000 -0.02558220 0.04485138
v -0.03800000 -0.02675271 0.04307641
v -0.03800000 -0.02548513 0.04136942
v -0.03800000 -0.02384168 0.04169420
v -0.03800000 0.02613047 0.04174201
v -0.03800000 0.02667093 0.04332766
v -0.03800000 0.02602119 0.04453846
v -0.03800000 0.02454028 0.04489353
v -0.03800000 0.02322501 0.04385407
v -0.03800000 0.02325343 0.04248731
v -0.03800000 0.02417399 0.04145309
v -0.03796860 -0.02673657 0.04510852
v -0.03795181 -0.02756590 0.04371179
v -0.03794242 -0.02742180 0.04212510
v -0.03795698 -0.02642563 0.04086778
v -0.03794219 -0.02488710 0.04041390
v -0.03797352 -0.02370530 0.04072911
v -0.03794546 -0.02236833 0.04215546
v -0.03796353 -0.02222171 0.04330773
v -0.03796049 -0.02249306 0.04431941
v -0.03797099 -0.02406359 0.04567373
v -0.03796824 0.02746014 0.04398969
v -0.03793938 0.02607388 0.04556296
v -0.03795853 0.02480100 0.04583269
v -0.03794317 0.02345906 0.04542822
v -0.03796278 0.02241921 0.04426000
v -0.03794730 0.02225757 0.04260663
v -0.03796353 0.02271750 0.04156531
v -0.03796077 0.02355316 0.04081110
v -0.03796280 0.02550601 0.04051218
v -0.03795703 0.02657554 0.04100520
v -0.03795103 0.02750782 0.04231777
v -0.03795654 0.05249509 -0.00010005
v -0.03797365 0.05198363 0.00155426
v -0.03794471 0.05086301 0.00251987
v -0.03795941 0.04924999 0.00264703
v -0.03796403 0.04744679 0.00132478
v -0.03795698 0.04731296 -0.00111852
v -0.03795103 0.04858255 -0.00244441
v -0.03794242 0.05016662 -0.00268905
v -0.03797246 0.05214272 -0.00137748
v -0.03796921 0.02627199 -0.04546161
v -0.03795181 0.02756590 -0.04371179
v -0.03794242 0.02742180 -0.04212510
v -0.03795698 0.02642563 -0.04086778
v -0.03794219 0.02488710 -0.04041390
v -0.03797352 0.02370530 -0.04072911
v -0.03794546 0.02236833 -0.04215546
v -0.03796353 0.02222171 -0.04330773
v -0.03795815 0.02251334 -0.04439055
v -0.03797099 0.02406359 -0.04567373
v -0.03796498 -0.05243924 0.00060987
v -0.03797337 -0.05198617 -0.00155203
v -0.03794471 -0.05086301 -0.00251987
v -0.03795941 -0.04924999 -0.00264703
v -0.03796569 -0.04744881 -0.00129981
v -0.03797277 -0.04722624 0.00074828
v -0.03795103 -0.04858255 0.00244441
v -0.03794242 -0.05016662 0.00268905
v -0.03797919 -0.05187792 0.00169822
v -0.03796824 -0.02746014 -0.04398969
v -0.03793938 -0.02607388 -0.04556296
v -0.03795853 -0.02480100 -0.04583269
v -0.03794317 -0.02345906 -0.04542822
v -0.03796278 -0.02241921 -0.04426000
v -0.03794547 -0.02223554 -0.04262217
v -0.03796353 -0.02271750 -0.04156531
v -0.03796077 -0.02355316 -0.04081110
v -0.03796280 -0.02550601 -0.04051218
v -0.03795703 -0.02657554 -0.04100520
v -0.03795103 -0.02750782 -0.04231777
v -0.03721115 -0.02604554 0.04583781
v -0.03789439 -0.02545629 0.04582502
v -0.03703530 -0.02747907 0.04466666
v -0.03657745 -0.02677130 0.04583431
v -0.03615547 -0.02762212 0.04598287
v -0.03633111 -0.02547889 0.04671739
v -0.03787426 0.02711085 0.04474197
v -0.03713207 0.02709744 0.04509296
v -0.03703532 0.02494292 0.04613089
v -0.03638517 0.02569665 0.04660537
v -0.03608671 0.02553362 0.04736637
v -0.03622993 0.02767136 0.04562881
v -0.03702811 0.05260289 -0.00106676
v -0.03777717 0.05247355 0.00068302
v -0.03657746 0.05307933 0.00026748
v -0.03667982 0.05271753 0.00141532
v -0.03618154 0.05327182 0.00190614
v -0.03632702 0.05316489 -0.00159557
v -0.03703530 0.02747907 -0.04466666
v -0.03781766 0.02681404 -0.04512528
v -0.03646783 0.02635440 -0.04622330
v -0.03615547 0.02762212 -0.04598287
v -0.03670241 0.02561912 -0.04624317
v -0.03789679 0.02518761 -0.04583909
v -0.03787426 -0.02711085 -0.04474197
v -0.03713207 -0.02709744 -0.04509296
v -0.03703532 -0.02494292 -0.04613089
v -0.03657745 -0.02630801 -0.04610179
v -0.03619295 -0.02503144 -0.04700479
v -0.03622993 -0.02767136 -0.04562881
v -0.03621657 -0.02485729 0.03928350
v -0.03616747 -0.02276948 0.03964206
v -0.03644507 -0.02288195 0.04027443
v -0.03695330 -0.02348815 0.04583044
v -0.03787808 -0.02306237 0.04517625
v -0.03697792 -0.02188464 0.04300371
v -0.03784769 -0.02278423 0.04137608
v -0.03696809 -0.02365980 0.04034469
v -0.03702841 -0.02577479 0.04022090
v -0.03730573 -0.02723794 0.04137998
v -0.03697956 -0.02791779 0.04305457
v -0.03648094 -0.02419488 0.04647948
v -0.03650118 -0.02191054 0.04485295
v -0.03653109 -0.02170129 0.04194256
v -0.03653019 -0.02802485 0.04172662
v -0.03645764 -0.02818235 0.04422230
v -0.03614586 -0.02307884 0.04674046
v -0.03625677 -0.02718863 0.04005182
v -0.03649194 0.02175518 0.04174066
v -0.03650286 0.02386061 0.03983383
v -0.03609050 0.02425925 0.03893311
v -0.03700412 0.02788600 0.04254087
v -0.03695330 0.02699477 0.04091265
v -0.03697792 0.02582431 0.04025517
v -0.03787183 0.02441970 0.04043538
v -0.03698415 0.02258736 0.04119797
v -0.03699156 0.02210388 0.04428372
v -0.03700412 0.02322529 0.04566900
v -0.03648512 0.02818266 0.04409040
v -0.03637987 0.02143265 0.04418489
v -0.03622258 0.02682058 0.03972774
v -0.03621407 0.02282944 0.04637400
v -0.03621657 0.04644917 0.00188531
v -0.03614220 0.04580118 0.00018487
v -0.03697253 0.05182444 -0.00222511
v -0.03788021 0.05106840 -0.00241950
v -0.03697956 0.04914510 -0.00294679
v -0.03702841 0.04752576 -0.00201114
v -0.03693501 0.04674378 -0.00026251
v -0.03705648 0.04685842 0.00052363
v -0.03790247 0.04708758 0.00023606
v -0.03697253 0.04731690 0.00169814
v -0.03670912 0.04818218 0.00271934
v -0.03790247 0.04819936 0.00220248
v -0.03697254 0.04945351 0.00298821
v -0.03681766 0.05070819 0.00297449
v -0.03647603 0.05131910 -0.00307843
v -0.03639879 0.04917899 -0.00354724
v -0.03698175 0.05160728 0.00241119
v -0.03631620 0.04673943 -0.00212344
v -0.03627801 0.05058656 0.00368169
v -0.03648277 0.02360908 -0.03995484
v -0.03611172 0.02207233 -0.04020735
v -0.03698349 0.02420835 -0.04606028
v -0.03787183 0.02307407 -0.04516453
v -0.03670687 0.02198808 -0.04437050
v -0.03672653 0.02174105 -0.04300744
v -0.03700115 0.02237805 -0.04145880
v -0.03787027 0.02314473 -0.04102905
v -0.03670877 0.02486516 -0.03996459
v -0.03697515 0.02628345 -0.04044428
v -0.03695331 0.02734976 -0.04131291
v -0.03697956 0.02791779 -0.04305457
v -0.03650118 0.02266271 -0.04575611
v -0.03648123 0.02823581 -0.04235322
v -0.03645764 0.02818235 -0.04422230
v -0.03624129 0.02701872 -0.03992861
v -0.03650228 -0.02386202 -0.03983294
v -0.03700412 -0.02788600 -0.04254087
v -0.03730572 -0.02691482 -0.04101565
v -0.03697792 -0.02582431 -0.04025517
v -0.03787183 -0.02441970 -0.04043538
v -0.03698415 -0.02258736 -0.04119797
v -0.03706134 -0.02193359 -0.04271512
v -0.03699156 -0.02210388 -0.04428372
v -0.03700412 -0.02322529 -0.04566900
v -0.03648512 -0.02818266 -0.04409040
v -0.03635161 -0.02777770 -0.04095646
v -0.03648163 -0.02167638 -0.04195620
v -0.03623396 -0.02202013 -0.04580643
v -0.03646843 -0.01417612 -0.04290419
v -0.03643294 0.04150015 -0.01792517
v -0.03668224 0.04357032 -0.01120873
v -0.03668224 0.04477899 -0.00434166
v -0.03665034 0.04459682 0.00617595
v -0.03639782 0.04075559 0.01962934
v -0.03668224 0.02754937 0.03556741
v -0.03665033 0.02167752 0.03946016
v -0.03668223 -0.01207810 0.04333737
v -0.03668224 -0.01862949 0.04095058
v -0.03665857 -0.02471122 0.03762602
v -0.03665033 -0.03509640 0.02820040
v -0.03643977 -0.03922213 0.02246168
v -0.03643294 -0.04216401 0.01630249
v -0.03661200 -0.04445948 0.00770674
v -0.03669705 -0.04497899 -0.00078016
v -0.03668889 -0.04053095 -0.01963383
v -0.03668224 -0.03149221 -0.03212862
v -0.03643294 -0.02630460 -0.03676470
v -0.03668224 -0.02017867 -0.04020981
v -0.03657042 -0.00664488 -0.04458573
v -0.03668889 0.00545529 -0.04470441
v -0.03668224 0.01702761 -0.04164215
v -0.03668224 0.02325761 -0.03851094
v -0.03666145 0.03750153 -0.02494233
v -0.03657601 0.03718139 0.02553687
v -0.03657601 0.01539948 0.04239627
v -0.03646365 0.00861583 0.04439000
v -0.03648769 0.00175148 0.04515223
v -0.03657601 -0.00526594 0.04479796
v -0.03657601 -0.03033377 0.03338337
v -0.03657601 -0.04367319 -0.01128005
v -0.03657601 0.03160539 -0.03218209
v -0.03629605 0.03306038 0.03117200
v -0.03607994 -0.04588051 -0.00171220
v -0.03629606 -0.03645568 -0.02712315
v -0.03612506 -0.04582787 0.00060627
v -0.03728835 -0.05175313 -0.00217452
v -0.03778632 -0.05249888 -0.00059496
v -0.03662278 -0.05299561 -0.00090269
v -0.03690498 -0.05266920 0.00109099
v -0.03651317 -0.04639066 -0.00017533
v -0.03697253 -0.05182444 0.00222511
v -0.03788021 -0.05106840 0.00241950
v -0.03697956 -0.04914510 0.00294679
v -0.03702841 -0.04752576 0.00201114
v -0.03786962 -0.04740647 0.00135235
v -0.03705648 -0.04685842 -0.00052363
v -0.03790247 -0.04708758 -0.00023606
v -0.03705649 -0.04826619 -0.00256408
v -0.03790247 -0.04819936 -0.00220248
v -0.03698353 -0.04996156 -0.00304093
v -0.03647603 -0.05131910 0.00307843
v -0.03639879 -0.04917899 0.00354724
v -0.03648203 -0.04730821 -0.00240329
v -0.03650827 -0.05193327 -0.00266488
v -0.03623266 -0.05328581 0.00166051
v -0.03632802 -0.04674405 0.00210137
v -0.03613343 -0.05125260 -0.00380047
v -0.03614855 -0.05366378 -0.00102306
v -0.04628975 0.03922613 -0.01683193
v -0.04631862 -0.03654772 -0.02195892
v -0.04900000 0.01338057 -0.02926822
v -0.04890289 0.01857565 -0.02723484
v -0.04900000 0.02227456 -0.02306500
v -0.04890214 0.02344786 -0.02307403
v -0.04891265 0.02758334 -0.01804513
v -0.04900000 0.02760549 -0.01631854
v -0.04890214 0.03049304 -0.01234453
v -0.04900000 0.03091936 -0.00849372
v -0.04890289 0.03239291 -0.00612294
v -0.04900000 0.03206477 -0.00002315
v -0.04890289 0.03287388 0.00246957
v -0.04900000 0.03093161 0.00844903
v -0.04890289 0.03111456 0.01089382
v -0.04900000 0.02663494 0.01806234
v -0.04890289 0.02723484 0.01857565
v -0.04890214 0.02307403 0.02344786
v -0.04900000 0.01903880 0.02580067
v -0.04890289 0.01805311 0.02758398
v -0.04900000 0.01154593 0.02991391
v -0.04890214 0.01234453 0.03049304
v -0.04890289 0.00612294 0.03239291
v -0.04900000 0.00125786 0.03215721
v -0.04890289 -0.00246957 0.03287388
v -0.04900000 -0.00947789 0.03063201
v -0.04890289 -0.01089382 0.03111456
v -0.04900000 -0.01723397 0.02703961
v -0.04890289 -0.01857565 0.02723484
v -0.04900000 -0.02376537 0.02152574
v -0.04890214 -0.02344786 0.02307403
v -0.04890289 -0.02758398 0.01805311
v -0.04900000 -0.02955640 0.01273137
v -0.04890214 -0.03049304 0.01234453
v -0.04890289 -0.03239291 0.00612294
v -0.04900000 -0.03199162 0.00216479
v -0.04890289 -0.03287388 -0.00246957
v -0.04900000 -0.03142686 -0.00636418
v -0.04890289 -0.03111456 -0.01089382
v -0.04900000 -0.02862885 -0.01444088
v -0.04890289 -0.02723484 -0.01857565
v -0.04900000 -0.02250347 -0.02300570
v -0.04890214 -0.02307403 -0.02344786
v -0.04890289 -0.01805311 -0.02758398
v -0.04900000 -0.01173663 -0.02996531
v -0.04890214 -0.01234453 -0.03049304
v -0.04890289 -0.00612294 -0.03239291
v -0.04900000 0.00089283 -0.03216941
v -0.04890289 0.00246957 -0.03287388
v -0.04889067 0.01088837 -0.03112297
v -0.04849965 -0.02802275 0.00551277
v -0.04850000 -0.01502969 -0.01584915
v -0.04849981 -0.02549640 0.01286887
v -0.04850000 -0.01237373 -0.01422714
v -0.04849896 0.00211591 -0.02858973
v -0.04850000 -0.00633294 -0.02108856
v -0.04850000 -0.00873354 -0.02361215
v -0.04849978 -0.00741230 -0.02758135
v -0.04849981 0.01457881 0.02455876
v -0.04850000 0.01176678 0.02404214
v -0.04850000 0.01415884 0.02299027
v -0.04850000 -0.01415884 -0.02299027
v -0.04849981 -0.01457881 -0.02455876
v -0.04850000 -0.01176678 -0.02404214
v -0.04849978 -0.02066404 -0.01971472
v -0.04850000 -0.01604419 -0.02008037
v -0.04850000 0.01237373 0.01422714
v -0.04849965 0.02549626 -0.01286880
v -0.04850000 0.01502969 0.01584915
v -0.04849965 0.02802275 -0.00551277
v -0.04849883 0.02837856 0.00406200
v -0.04849922 0.01333105 -0.02538007
v -0.04849965 0.02107883 -0.01927040
v -0.04849978 0.00741230 0.02758135
v -0.04850000 0.00873354 0.02361215
v -0.04850000 0.01604419 0.02008037
v -0.04849978 0.02066404 0.01971472
v -0.04849975 -0.02521671 -0.01340854
v -0.04850000 -0.00720538 -0.01572319
v -0.04850000 0.00980536 0.01410286
v -0.04850000 -0.00980536 -0.01410286
v -0.04850000 0.00720538 0.01572319
v -0.04850000 0.00604908 0.01806656
v -0.04849975 0.02521671 0.01340854
v -0.04850000 -0.00604908 -0.01806656
v -0.04849883 -0.02837856 -0.00406200
v -0.04850000 0.00633294 0.02108856
v -0.04849883 -0.01968388 0.02084196
v -0.04849896 -0.00211591 0.02858973
v -0.04849965 -0.01165639 0.02607286
v -0.05049336 0.02898910 -0.00969617
v -0.05050000 0.03030263 -0.00346420
v -0.05049335 0.03045210 0.00265583
v -0.05049336 0.02860631 0.01077324
v -0.05050000 0.02569230 0.01643641
v -0.05049335 0.02194597 0.02127811
v -0.05049335 0.01539138 0.02641002
v -0.05049335 0.00769529 0.02958321
v -0.05049335 -0.00057153 0.03056234
v -0.05049335 -0.00879594 0.02927482
v -0.05049335 -0.01636803 0.02581610
v -0.05049335 -0.02272615 0.02044274
v -0.05050000 -0.02641378 0.01525000
v -0.05049336 -0.02898910 0.00969617
v -0.05050000 -0.03030263 0.00346420
v -0.05049335 -0.03045210 -0.00265583
v -0.05049336 -0.02860631 -0.01077324
v -0.05050000 -0.02569230 -0.01643641
v -0.05049335 -0.02194597 -0.02127811
v -0.05049335 -0.01539138 -0.02641002
v -0.05049335 -0.00769529 -0.02958321
v -0.05049335 0.00057153 -0.03056234
v -0.05049335 0.00879594 -0.02927482
v -0.05049335 0.01636803 -0.02581610
v -0.05049335 0.02272615 -0.02044274
v -0.05050000 0.02641378 -0.01525000
v -0.06000000 0.02556985 -0.01674418
v -0.06000000 0.02985014 -0.00709103
v -0.06000000 0.03040187 0.00314816
v -0.06000000 0.02842512 0.01123376
v -0.06000000 0.02300715 0.02029740
v -0.06000000 0.01496019 0.02665291
v -0.06000000 0.00721457 0.02970076
v -0.06000000 -0.00331461 0.03050126
v -0.06000000 -0.01314736 0.02759224
v -0.06000000 -0.02010413 0.02302193
v -0.06000000 -0.02556985 0.01674418
v -0.06000000 -0.02985014 0.00709103
v -0.06000000 -0.03040187 -0.00314816
v -0.06000000 -0.02842512 -0.01123376
v -0.06000000 -0.02300715 -0.02029740
v -0.06000000 -0.01496019 -0.02665291
v -0.06000000 -0.00721457 -0.02970076
v -0.06000000 0.00331461 -0.03050126
v -0.06000000 0.01314736 -0.02759224
v -0.06000000 0.02010413 -0.02302193
v -0.05988453 0.02782424 -0.01576055
v -0.05990293 0.03100064 -0.00780157
v -0.05990293 0.03196030 0.00066588
v -0.05990293 0.03064881 0.00908597
v -0.05990293 0.02715935 0.01686042
v -0.05990214 0.02324014 0.02184751
v -0.05990293 0.01842212 0.02612527
v -0.05990214 0.01286699 0.02918660
v -0.05990293 0.00676131 0.03124402
v -0.05990293 -0.00173345 0.03192020
v -0.05990214 -0.00799037 0.03087995
v -0.05995104 -0.01305093 0.02910737
v -0.05993818 -0.02202834 0.02306185
v -0.05990214 -0.02540869 0.01928253
v -0.05990293 -0.02882549 0.01382011
v -0.05990293 -0.03145250 0.00571351
v -0.05990214 -0.03189107 -0.00061412
v -0.05990293 -0.03118724 -0.00701858
v -0.05990214 -0.02912076 -0.01301533
v -0.05995104 -0.02653115 -0.01771056
v -0.05993818 -0.01907666 -0.02555734
v -0.05990214 -0.01478771 -0.02826201
v -0.05990293 -0.00883307 -0.03072265
v -0.05990293 -0.00040244 -0.03196470
v -0.05990293 0.00805677 -0.03093530
v -0.05990214 0.01398112 -0.02866959
v -0.05990293 0.01949427 -0.02533530
v -0.05990214 0.02406402 -0.02093658
v -0.05970664 -0.02345542 -0.02186788
v -0.05970664 -0.01766194 0.02676596
v -0.02760562 0.06441428 -0.00000638
v -0.03424179 0.06433348 -0.00000000
v -0.02760708 0.06734037 -0.00000365
v -0.03562880 0.06219001 -0.00000000
v -0.03252048 0.06345593 -0.00000560
v -0.03432371 0.05754948 0.00000000
v -0.03519490 0.05955948 -0.00000000
v -0.03554808 0.06611503 -0.00000000
v -0.03251155 0.05853759 -0.00000613
v -0.03976242 0.06721969 0.00000000
v -0.03774470 0.05968893 -0.00000000
v -0.03863442 0.05766687 -0.00000000
v -0.03978459 0.05481182 -0.00000000
v -0.03718545 0.06625056 -0.00000000
v -0.03874709 0.06446068 -0.00000000
v -0.02760531 0.05468395 -0.00000469
v -0.03546890 0.05589961 -0.00000000
v -0.03763023 0.06235684 -0.00000000
v -0.03766531 0.05590560 -0.00000000
v -0.02754520 0.05757252 -0.00000000
v 0.03976000 0.05478882 -0.00000001
v 0.03863442 0.05793312 -0.00000000
v 0.03978459 0.06718818 -0.00000000
v 0.03780510 0.05955948 -0.00000000
v 0.03788159 0.05605704 -0.00000000
v 0.03425292 0.06446069 -0.00000000
v 0.03244680 0.06346407 -0.00000000
v 0.03581455 0.06625056 -0.00000000
v 0.03465685 0.05893024 -0.00000000
v 0.03245481 0.05854585 0.00000000
v 0.03745192 0.06611503 -0.00000000
v 0.02756476 0.06733529 0.00000000
v 0.03536977 0.06235684 -0.00000000
v 0.03875822 0.06433348 -0.00000000
v 0.03737120 0.06219001 -0.00000000
v 0.02754466 0.06442775 0.00000000
v 0.03599826 0.05987888 -0.00000000
v 0.03449002 0.05692880 -0.00000000
v 0.02760481 0.05758469 -0.00000634
v 0.02760829 0.05468294 -0.00000477
v 0.03589509 0.05574877 -0.00000000
v 0.03923983 0.05665415 -0.00946605
v 0.03868438 0.05582521 -0.00980117
v 0.03813397 0.05528717 -0.01020169
v -0.03948445 0.06424723 -0.00930224
v -0.03923200 0.06526265 -0.00937312
v -0.03890819 0.06598462 -0.00969545
v -0.03924715 0.05925274 -0.00952623
v -0.03934703 0.05851226 -0.00926923
v -0.03879279 0.05960882 -0.00967216
v -0.03802129 0.06032721 -0.01028529
v -0.03830788 0.05549637 -0.01001719
v -0.03823129 0.05524515 -0.01018522
v -0.03692573 0.05487928 -0.01050138
v -0.03651473 0.05478172 -0.01076797
v 0.03661450 0.05486086 -0.01064128
v 0.03506652 0.05521239 -0.01222574
v 0.03670066 0.05474542 -0.01066011
v 0.03642669 0.06714631 -0.01079028
v 0.03666941 0.06722574 -0.01069235
v 0.03530302 0.06688746 -0.01197732
v 0.03808499 0.06677708 -0.01022601
v 0.03276632 0.05535453 -0.01381670
v 0.03269952 0.06660993 -0.01387126
v 0.03036594 0.06676146 -0.01841996
v 0.02969570 0.05533562 -0.01944527
v 0.02711067 0.05517565 -0.02286388
v 0.02614844 0.06667200 -0.02405678
v 0.02313929 0.05513316 -0.02689685
v 0.02086252 0.06677582 -0.02872812
v 0.01888562 0.05523157 -0.03007441
v 0.01575099 0.06664344 -0.03182225
v 0.01379970 0.05533513 -0.03270531
v 0.01144160 0.06668281 -0.03360041
v 0.00977457 0.05500389 -0.03404231
v 0.00674812 0.06698451 -0.03477097
v 0.00367843 0.05527353 -0.03533065
v 0.00226163 0.06682619 -0.03539244
v -0.00344520 0.05523854 -0.03534849
v -0.00345037 0.06681431 -0.03533435
v -0.00935271 0.05524190 -0.03423181
v -0.00952038 0.06667050 -0.03420243
v -0.01484875 0.05533218 -0.03227662
v -0.01507603 0.06676910 -0.03215085
v -0.02004269 0.05518375 -0.02926206
v -0.02017803 0.06681431 -0.02916837
v -0.02341082 0.05513630 -0.02660842
v -0.02382538 0.06667050 -0.02632100
v -0.02629722 0.05538050 -0.02390494
v -0.02698772 0.06690801 -0.02297257
v -0.03036594 0.05523854 -0.01841996
v -0.03045587 0.06667200 -0.01830052
v -0.03269957 0.05538995 -0.01387114
v -0.03264910 0.06686182 -0.01385023
v -0.03580916 0.06704459 -0.01138872
v -0.03490217 0.06667775 -0.01237808
v -0.03672827 0.06715579 -0.01063436
v 0.03990714 0.05539646 -0.00901213
v 0.03364516 0.06493217 -0.01322882
v 0.03439382 0.06623837 -0.01273458
v 0.03952236 0.05784781 -0.00929782
v 0.03927569 0.06314362 -0.00944625
v 0.03876670 0.05970781 -0.00978596
v 0.03397585 0.05630496 -0.01300511
v 0.03366335 0.06344485 -0.01321593
v 0.03358554 0.05748165 -0.01327025
v 0.03370806 0.05869699 -0.01318415
v 0.03424212 0.06235011 -0.01282371
v 0.03876565 0.06230011 -0.00978331
v 0.03768378 0.06147905 -0.01050864
v 0.03776497 0.06047984 -0.01043439
v 0.03633758 0.06126113 -0.01141161
v 0.03630541 0.06073011 -0.01144058
v 0.03516660 0.06040453 -0.01220235
v 0.03506137 0.06165183 -0.01227238
v 0.03431814 0.05973889 -0.01277061
v 0.03956533 0.06427631 -0.00930425
v 0.03925673 0.06530334 -0.00944785
v 0.03944181 0.06420974 -0.00919950
v 0.03856676 0.06631313 -0.00990083
v 0.03988754 0.06670418 -0.00901868
v -0.03956506 0.05774669 -0.00930544
v -0.03920702 0.05652703 -0.00949392
v -0.03938635 0.05723689 -0.00926874
v -0.03987768 0.05527296 -0.00902485
v -0.03804125 0.06676690 -0.01023910
v -0.03987074 0.06671645 -0.00903666
v -0.03930900 0.06321703 -0.00942439
v -0.03383197 0.05653653 -0.01310003
v -0.03496132 0.05528759 -0.01232199
v -0.03374139 0.06526802 -0.01316386
v -0.03372550 0.05873976 -0.01317153
v -0.03358056 0.05774787 -0.01327355
v -0.03424203 0.06234998 -0.01282371
v -0.03362595 0.06356171 -0.01323931
v -0.03837656 0.06192344 -0.01003800
v -0.03893665 0.06252756 -0.00967729
v -0.03450273 0.05995666 -0.01264637
v -0.03529132 0.06150915 -0.01212028
v -0.03580389 0.06065142 -0.01177045
v -0.03627704 0.06127303 -0.01146327
v -0.03691270 0.06070744 -0.01101920
v -0.03739259 0.06139824 -0.01069679
v -0.03962642 0.05484219 -0.00882721
v -0.03928789 0.05464084 -0.00868751
v -0.03249270 0.05488184 -0.01370358
v -0.03213689 0.05461136 -0.01332336
v 0.03217676 0.05462893 -0.01340474
v 0.03257714 0.05499398 -0.01375086
v 0.02995253 0.05468885 -0.01821175
v 0.01426795 0.05465732 -0.03196272
v -0.01589395 0.05468429 -0.03128039
v -0.02646186 0.05465761 -0.02291413
v 0.00278762 0.05463944 -0.03485049
v 0.02568547 0.05462624 -0.02356944
v -0.00357306 0.05476110 -0.03492161
v -0.00943693 0.05462232 -0.03358201
v -0.02237411 0.05462624 -0.02673315
v -0.03010075 0.05476110 -0.01806184
v 0.02041109 0.05462323 -0.02829553
v 0.03931590 0.05465024 -0.00869954
v 0.03974282 0.05498511 -0.00895756
v 0.03964647 0.06712535 -0.00887856
v 0.03931651 0.06735052 -0.00869787
v 0.03249266 0.06711818 -0.01370364
v 0.03213691 0.06738865 -0.01332337
v 0.01723920 0.06725988 -0.03057645
v -0.03238880 0.06735978 -0.01328527
v -0.02876072 0.06735688 -0.01989416
v -0.02273009 0.06736284 -0.02654682
v -0.01760607 0.06727479 -0.03031337
v -0.01158328 0.06734646 -0.03299260
v -0.00617406 0.06736284 -0.03439872
v 0.01263705 0.06735344 -0.03263175
v 0.02304747 0.06735515 -0.02628446
v 0.02671712 0.06735446 -0.02253759
v 0.00193667 0.06736971 -0.03482830
v 0.03010075 0.06723890 -0.01806184
v -0.03949495 0.06729411 -0.00873095
v -0.02741092 0.05757739 -0.00286090
v -0.02709265 0.05465888 -0.00514783
v -0.02688847 0.05757821 -0.00611263
v -0.02631028 0.05472142 -0.00809759
v -0.02584518 0.05756602 -0.00956260
v -0.02484110 0.05467881 -0.01202437
v -0.02397533 0.05757833 -0.01364211
v -0.02216375 0.05467602 -0.01639413
v -0.02211009 0.05758403 -0.01646544
v -0.01948281 0.05465993 -0.01951694
v -0.01950061 0.05757636 -0.01947608
v -0.01638646 0.05467287 -0.02217362
v -0.01637424 0.05758158 -0.02217331
v -0.01197781 0.05468225 -0.02486254
v -0.01287841 0.05757464 -0.02436592
v -0.00832193 0.05758204 -0.02630335
v -0.00641359 0.05465890 -0.02686615
v -0.00401887 0.05474816 -0.02727786
v -0.00502347 0.05758343 -0.02710723
v -0.00103932 0.05757440 -0.02753977
v 0.00105813 0.05467413 -0.02754869
v 0.00309241 0.05757785 -0.02738827
v 0.00514745 0.05466023 -0.02709196
v 0.00746260 0.05757179 -0.02653543
v 0.00908987 0.05467467 -0.02602882
v 0.01200735 0.05757181 -0.02483973
v 0.01194470 0.05472189 -0.02480172
v 0.01561292 0.05467756 -0.02275860
v 0.01639000 0.05758207 -0.02216263
v 0.01951679 0.05466013 -0.01948224
v 0.01938094 0.05757470 -0.01958816
v 0.02278896 0.05469713 -0.01555293
v 0.02159007 0.05757461 -0.01715976
v 0.02404750 0.05757414 -0.01351070
v 0.02528349 0.05465956 -0.01101038
v 0.02601953 0.05757834 -0.00908841
v 0.02689062 0.05467536 -0.00622262
v 0.02707818 0.05757678 -0.00513668
v 0.03229506 0.05854014 -0.00337120
v 0.03127445 0.05853617 -0.00885167
v 0.02919639 0.05853838 -0.01422461
v 0.02692197 0.05853877 -0.01815196
v 0.02373141 0.05852389 -0.02217842
v 0.01818416 0.05850276 -0.02687142
v 0.01411565 0.05855406 -0.02928724
v 0.00900965 0.05853921 -0.03119485
v 0.00352587 0.05853093 -0.03230895
v -0.00223323 0.05854429 -0.03240260
v -0.00790021 0.05854090 -0.03153147
v -0.02966687 0.05853823 -0.01328275
v -0.02695853 0.05854010 -0.01809885
v -0.02349595 0.05853657 -0.02245923
v -0.01915751 0.05853759 -0.02622510
v -0.01423816 0.05854097 -0.02922196
v -0.03176798 0.05853684 -0.00687429
v -0.03194856 0.06346235 -0.00579480
v -0.03102884 0.06347341 -0.00951567
v -0.02960835 0.06345225 -0.01342330
v -0.02692132 0.06346189 -0.01815354
v -0.02409401 0.06346212 -0.02177835
v -0.02078704 0.06346097 -0.02494460
v -0.01736663 0.06345834 -0.02744015
v -0.01339225 0.06349842 -0.02958058
v -0.00894819 0.06344035 -0.03122249
v -0.00353829 0.06346978 -0.03230803
v 0.00222471 0.06345585 -0.03240420
v 0.00670029 0.06345956 -0.03177227
v 0.01205114 0.06347056 -0.03018396
v 0.01718480 0.06345596 -0.02756198
v 0.02087592 0.05869184 -0.02493099
v 0.02083833 0.06346083 -0.02490181
v 0.02415396 0.06346351 -0.02171073
v 0.02696178 0.06346047 -0.01809468
v 0.02966612 0.06346226 -0.01328556
v 0.03152259 0.06346226 -0.00781868
v 0.03230232 0.06346053 -0.00330444
v -0.02688614 0.06442047 -0.00620672
v -0.02483787 0.06442912 -0.01200989
v -0.02229049 0.06442649 -0.01621139
v -0.01949720 0.06442163 -0.01948028
v -0.01567759 0.06440975 -0.02271164
v -0.01175122 0.06442787 -0.02494542
v -0.00893130 0.06441353 -0.02607994
v -0.00510210 0.06442345 -0.02708367
v -0.00016260 0.06442492 -0.02758526
v 0.00448658 0.06442816 -0.02720611
v 0.00907399 0.06441746 -0.02602798
v 0.02492610 0.06443058 -0.01177640
v 0.02269811 0.06441952 -0.01568031
v 0.01950080 0.06442294 -0.01947555
v 0.01573080 0.06441559 -0.02266563
v 0.01267636 0.06442199 -0.02447077
v 0.02647624 0.06442589 -0.00770948
v 0.02738707 0.06442472 -0.00308035
v -0.02725119 0.06732976 -0.00436524
v -0.02602956 0.06732899 -0.00908744
v -0.02433611 0.06723853 -0.01288985
v -0.02209906 0.06721362 -0.01641388
v -0.01950518 0.06732880 -0.01948519
v -0.01643772 0.06733861 -0.02214956
v -0.01389477 0.06732918 -0.02383572
v -0.01095533 0.06733208 -0.02530422
v -0.00834262 0.06732295 -0.02628894
v -0.00382747 0.06733096 -0.02732774
v 0.00103538 0.06732935 -0.02755107
v 0.00510976 0.06732840 -0.02709237
v 0.01001969 0.06732950 -0.02571936
v 0.01465684 0.06733117 -0.02335376
v 0.01868204 0.06732640 -0.02031014
v 0.02173344 0.06732609 -0.01699919
v 0.02467899 0.06732661 -0.01233155
v 0.02632518 0.06732551 -0.00823166
v 0.02731300 0.06732798 -0.00393511
v -0.02356871 0.06737558 -0.01461717
v -0.03933845 0.05858732 -0.00400002
v -0.03928796 0.05691667 -0.00400003
v -0.03781627 0.06052148 -0.00400002
v -0.03479333 0.06030537 -0.00400002
v -0.03359868 0.05824940 -0.00399998
v -0.03409516 0.05595147 -0.00399997
v -0.03635330 0.05486082 -0.00400002
v -0.03826873 0.05543987 -0.00400000
v -0.03770699 0.05597183 -0.00400000
v -0.03533470 0.05590560 -0.00400000
v -0.03433232 0.05844693 -0.00400000
v -0.03656198 0.06002326 -0.00400000
v -0.03870073 0.05832358 -0.00400000
v -0.03946863 0.06422121 -0.00400008
v -0.03864206 0.06624763 -0.00399996
v -0.03702392 0.06707584 -0.00400001
v -0.03504455 0.06680224 -0.00400000
v -0.03355772 0.06469037 -0.00399999
v -0.03438496 0.06201061 -0.00399995
v -0.03714071 0.06128707 -0.00399999
v -0.03882486 0.06241623 -0.00399998
v -0.03755794 0.06224361 -0.00400000
v -0.03536977 0.06235684 -0.00400000
v -0.03425292 0.06446068 -0.00400000
v -0.03564487 0.06616016 -0.00400000
v -0.03729302 0.06621141 -0.00400000
v -0.03870024 0.06452502 -0.00400000
v 0.03933517 0.06340109 -0.00400002
v 0.03913576 0.06562275 -0.00399997
v 0.03801455 0.06163080 -0.00400001
v 0.03575938 0.06133537 -0.00400001
v 0.03407118 0.06251569 -0.00400000
v 0.03355775 0.06467978 -0.00400003
v 0.03511314 0.06684690 -0.00399999
v 0.03731912 0.06703218 -0.00400006
v 0.03544206 0.06224361 -0.00400000
v 0.03797655 0.06253672 -0.00400000
v 0.03862512 0.06443951 -0.00400000
v 0.03770699 0.06602817 -0.00400000
v 0.03570698 0.06621141 -0.00400000
v 0.03429976 0.06452502 -0.00400000
v 0.03937933 0.05846878 -0.00929831
v 0.03923146 0.05891392 -0.00400004
v 0.03933517 0.05700109 -0.00400002
v 0.03775603 0.05505003 -0.00399999
v 0.03528184 0.05511000 -0.00400000
v 0.03383655 0.05652769 -0.00400001
v 0.03361276 0.05828281 -0.00400003
v 0.03446602 0.05995256 -0.00399997
v 0.03607781 0.06069257 -0.00400003
v 0.03784578 0.06043035 -0.00399999
v 0.03546890 0.05589961 -0.00400000
v 0.03784930 0.05598430 -0.00400000
v 0.03862512 0.05803951 -0.00400000
v 0.03755794 0.05975639 -0.00400000
v 0.03536977 0.05964316 -0.00400000
v 0.03427675 0.05773801 -0.00400000
f 1 2 3
f 4 5 6
f 4 6 7
f 8 9 10
f 9 8 11
f 12 6 5
f 8 13 11
f 7 14 2
f 2 14 10
f 10 14 8
f 2 1 15
f 11 13 5
f 5 13 12
f 4 16 3
f 4 3 17
f 18 4 7
f 18 7 19
f 16 4 18
f 3 2 17
f 17 2 20
f 15 19 7
f 2 15 7
f 21 22 23
f 24 25 26
f 26 25 27
f 21 28 29
f 30 29 31
f 31 29 32
f 33 34 23
f 29 30 21
f 35 36 26
f 26 36 37
f 26 37 24
f 25 38 27
f 27 38 34
f 27 34 33
f 31 32 26
f 26 32 35
f 39 33 23
f 23 22 39
f 23 40 21
f 21 40 28
f 28 40 24
f 28 24 37
f 41 42 43
f 41 43 44
f 44 43 45
f 44 45 46
f 46 45 47
f 46 47 48
f 48 47 49
f 48 49 50
f 50 49 51
f 50 51 52
f 52 51 53
f 52 53 54
f 52 54 55
f 55 54 56
f 55 56 57
f 57 56 58
f 57 58 59
f 59 58 60
f 59 60 61
f 61 60 62
f 62 60 63
f 62 63 64
f 62 64 65
f 65 64 66
f 65 66 67
f 67 66 68
f 67 68 69
f 69 68 70
f 69 70 71
f 71 70 72
f 71 72 73
f 71 73 74
f 74 73 75
f 76 77 78
f 77 79 78
f 78 79 5
f 5 79 11
f 80 81 82
f 82 81 83
f 82 83 27
f 82 27 33
f 77 76 84
f 84 76 85
f 84 85 86
f 87 88 89
f 89 88 90
f 89 90 91
f 91 90 92
f 91 92 93
f 93 92 81
f 93 81 80
f 86 85 94
f 86 94 95
f 95 94 96
f 96 94 97
f 96 97 98
f 97 99 98
f 98 99 100
f 98 100 101
f 101 100 102
f 102 100 103
f 102 103 87
f 87 103 88
f 33 39 104
f 33 104 82
f 82 104 105
f 82 105 106
f 106 105 107
f 106 107 80
f 80 107 108
f 80 108 93
f 93 108 109
f 93 109 91
f 91 109 110
f 91 110 89
f 89 110 111
f 89 111 112
f 112 111 113
f 112 113 87
f 87 113 114
f 87 114 102
f 102 114 115
f 102 115 116
f 102 116 101
f 101 116 117
f 101 117 98
f 98 117 118
f 98 118 96
f 96 118 119
f 96 119 120
f 120 119 95
f 95 119 121
f 95 121 86
f 86 121 122
f 86 122 123
f 86 123 84
f 84 123 124
f 84 124 77
f 77 124 125
f 77 125 79
f 79 125 126
f 79 126 11
f 11 126 9
f 10 9 127
f 127 9 126
f 127 126 128
f 128 126 125
f 128 125 129
f 129 125 124
f 129 124 130
f 130 124 123
f 130 123 131
f 131 123 122
f 131 122 132
f 132 122 121
f 132 121 119
f 132 119 133
f 133 119 118
f 133 118 134
f 134 118 135
f 135 118 117
f 135 117 116
f 135 116 136
f 136 116 115
f 136 115 137
f 115 114 137
f 107 138 108
f 108 138 139
f 108 139 109
f 109 139 140
f 109 140 110
f 110 140 111
f 111 140 141
f 111 141 113
f 113 141 142
f 113 142 114
f 114 142 137
f 138 107 105
f 138 105 143
f 39 22 104
f 104 22 143
f 104 143 105
f 22 21 143
f 143 21 144
f 143 144 145
f 143 145 138
f 138 145 146
f 138 146 139
f 139 146 147
f 139 147 140
f 140 147 148
f 140 148 149
f 140 149 141
f 141 149 150
f 141 150 142
f 142 150 151
f 142 151 137
f 137 151 152
f 137 152 153
f 137 153 136
f 136 153 154
f 136 154 135
f 135 154 155
f 135 155 134
f 134 155 156
f 134 156 133
f 133 156 157
f 133 157 132
f 132 157 158
f 158 157 159
f 158 159 131
f 131 159 160
f 131 160 130
f 130 160 161
f 130 161 129
f 129 161 162
f 129 162 128
f 128 162 163
f 128 163 127
f 127 163 164
f 127 164 10
f 10 164 2
f 21 30 144
f 144 30 165
f 144 165 145
f 145 165 166
f 145 166 146
f 146 166 167
f 146 167 147
f 147 167 148
f 148 167 168
f 148 168 149
f 149 168 169
f 149 169 150
f 150 169 151
f 151 169 170
f 151 170 171
f 151 171 152
f 152 171 172
f 152 172 153
f 153 172 173
f 153 173 154
f 154 173 174
f 154 174 155
f 155 174 156
f 174 175 156
f 176 162 161
f 176 161 177
f 177 161 160
f 177 160 178
f 178 160 159
f 178 159 179
f 179 159 157
f 179 157 180
f 180 157 156
f 180 156 175
f 176 181 162
f 162 181 163
f 20 2 182
f 182 2 164
f 182 164 181
f 181 164 163
f 30 31 165
f 165 31 183
f 165 183 184
f 165 184 166
f 166 184 185
f 166 185 167
f 167 185 186
f 167 186 168
f 168 186 187
f 168 187 169
f 169 187 188
f 169 188 189
f 169 189 170
f 170 189 190
f 170 190 171
f 171 190 172
f 172 190 191
f 172 191 173
f 173 191 192
f 173 192 174
f 174 192 193
f 174 193 175
f 175 193 194
f 175 194 180
f 180 194 195
f 180 195 179
f 179 195 178
f 178 195 196
f 178 196 177
f 177 196 197
f 177 197 198
f 177 198 176
f 176 198 199
f 176 199 181
f 181 199 200
f 181 200 182
f 182 200 17
f 182 17 20
f 4 17 201
f 17 200 201
f 201 200 202
f 183 203 184
f 203 183 204
f 204 183 26
f 26 183 31
f 192 205 193
f 193 205 194
f 194 205 206
f 194 206 195
f 195 206 196
f 200 199 202
f 202 199 198
f 202 198 207
f 207 198 197
f 207 197 208
f 208 197 196
f 208 196 206
f 188 209 189
f 189 209 190
f 190 209 210
f 190 210 191
f 191 210 192
f 192 210 211
f 192 211 205
f 184 203 212
f 212 203 213
f 212 213 214
f 212 214 187
f 187 214 215
f 187 215 188
f 188 215 209
f 27 216 26
f 26 216 217
f 4 218 5
f 5 218 219
f 41 220 221
f 41 222 42
f 222 223 42
f 223 224 42
f 225 226 227
f 228 220 229
f 226 225 230
f 231 226 218
f 225 227 221
f 221 227 41
f 41 227 222
f 42 224 218
f 218 224 231
f 218 232 229
f 229 232 228
f 226 230 218
f 218 230 232
f 229 220 41
f 233 234 235
f 236 237 234
f 238 236 239
f 239 236 233
f 240 241 74
f 233 235 242
f 233 242 75
f 75 243 244
f 237 236 245
f 236 234 233
f 240 74 75
f 74 246 239
f 239 246 238
f 75 242 243
f 244 245 75
f 75 245 240
f 74 241 246
f 245 244 237
f 247 23 34
f 247 34 248
f 248 34 38
f 248 38 249
f 249 38 250
f 250 38 25
f 250 25 251
f 251 25 24
f 251 24 252
f 252 24 40
f 252 40 253
f 253 40 23
f 253 23 247
f 254 251 252
f 254 252 255
f 255 252 253
f 255 253 256
f 256 253 247
f 256 247 257
f 257 247 248
f 257 248 258
f 258 248 249
f 258 249 259
f 259 249 250
f 259 250 251
f 259 251 254
f 260 29 28
f 260 28 261
f 261 28 262
f 262 28 37
f 262 37 263
f 263 37 36
f 263 36 35
f 263 35 264
f 264 35 265
f 265 35 32
f 265 32 260
f 260 32 29
f 266 262 267
f 267 262 263
f 267 263 264
f 267 264 268
f 268 264 265
f 268 265 269
f 269 265 260
f 269 260 270
f 270 260 271
f 271 260 261
f 271 261 266
f 266 261 262
f 272 18 19
f 272 19 273
f 273 19 274
f 274 19 15
f 274 15 275
f 275 15 1
f 275 1 276
f 276 1 3
f 276 3 277
f 277 3 16
f 277 16 272
f 272 16 18
f 278 273 274
f 278 274 279
f 279 274 275
f 279 275 280
f 280 275 276
f 280 276 277
f 280 277 281
f 281 277 272
f 281 272 282
f 282 272 283
f 283 272 273
f 283 273 278
f 284 6 285
f 285 6 12
f 285 12 13
f 285 13 286
f 286 13 287
f 287 13 8
f 287 8 288
f 288 8 14
f 288 14 289
f 289 14 7
f 289 7 6
f 289 6 284
f 290 288 291
f 291 288 289
f 291 289 292
f 292 289 284
f 292 284 293
f 293 284 285
f 293 285 294
f 294 285 295
f 295 285 286
f 295 286 287
f 295 287 296
f 296 287 290
f 290 287 288
f 226 282 283
f 226 283 278
f 226 278 227
f 227 278 222
f 222 278 279
f 222 279 223
f 223 279 280
f 223 280 224
f 224 280 281
f 224 281 231
f 282 231 281
f 282 226 231
f 228 293 294
f 228 294 220
f 220 294 295
f 220 295 221
f 221 295 296
f 221 296 290
f 221 290 225
f 225 290 230
f 230 290 291
f 230 291 292
f 230 292 232
f 293 228 292
f 292 228 232
f 235 267 268
f 235 268 242
f 242 268 269
f 242 269 243
f 243 269 270
f 243 270 271
f 243 271 244
f 244 271 237
f 237 271 266
f 237 266 234
f 267 234 266
f 235 234 267
f 236 259 254
f 236 254 245
f 245 254 255
f 245 255 240
f 240 255 256
f 240 256 241
f 241 256 257
f 241 257 246
f 246 257 258
f 246 258 238
f 259 238 258
f 259 236 238
f 212 187 186
f 185 184 212
f 185 212 186
f 95 96 120
f 112 87 89
f 106 80 82
f 131 132 158
f 219 76 78
f 76 219 229
f 76 229 41
f 78 5 219
f 218 229 219
f 50 52 97
f 85 46 48
f 57 59 103
f 61 62 88
f 62 65 297
f 69 71 298
f 76 41 299
f 299 41 44
f 299 44 46
f 97 52 55
f 55 57 100
f 100 57 103
f 103 59 61
f 88 62 297
f 65 67 90
f 67 69 92
f 92 69 298
f 298 71 81
f 81 71 74
f 299 46 85
f 85 48 94
f 94 48 50
f 297 65 90
f 90 67 92
f 94 50 97
f 97 55 99
f 99 55 100
f 103 61 88
f 76 299 85
f 88 297 90
f 92 298 81
f 42 218 201
f 201 202 42
f 218 4 201
f 45 43 207
f 45 207 47
f 47 207 208
f 47 208 49
f 49 208 206
f 49 206 51
f 51 206 53
f 54 205 56
f 56 205 211
f 56 211 58
f 58 211 60
f 60 211 210
f 60 210 63
f 64 63 209
f 64 209 66
f 66 209 215
f 66 215 68
f 68 215 214
f 68 214 70
f 70 214 72
f 73 72 213
f 73 213 75
f 53 205 54
f 213 203 75
f 42 202 43
f 214 213 72
f 43 202 207
f 53 206 205
f 63 210 209
f 74 239 81
f 83 81 239
f 216 83 239
f 75 217 233
f 217 75 203
f 217 203 204
f 239 233 216
f 216 233 217
f 216 27 83
f 204 26 217
f 300 301 302
f 303 304 305
f 306 307 308
f 309 310 311
f 312 313 314
f 314 313 315
f 314 315 316
f 314 316 317
f 317 316 318
f 318 316 319
f 320 321 322
f 322 321 323
f 322 323 324
f 324 323 325
f 324 325 326
f 326 325 327
f 328 303 305
f 328 305 329
f 329 305 330
f 329 330 331
f 331 330 332
f 333 334 335
f 335 334 336
f 335 336 337
f 337 336 338
f 337 338 339
f 339 338 340
f 341 300 302
f 341 302 342
f 341 342 343
f 343 342 344
f 344 342 345
f 346 347 348
f 348 347 349
f 348 349 350
f 348 350 351
f 351 350 352
f 352 350 353
f 354 355 356
f 356 355 357
f 356 357 358
f 358 357 359
f 358 359 360
f 360 359 361
f 362 309 311
f 362 311 363
f 363 311 364
f 363 364 365
f 365 364 366
f 367 368 369
f 369 368 370
f 369 370 371
f 371 370 372
f 371 372 373
f 373 372 374
f 375 306 308
f 375 308 376
f 375 376 377
f 377 376 378
f 378 376 379
f 380 381 382
f 380 382 383
f 384 385 386
f 387 388 389
f 390 391 392
f 390 392 393
f 381 380 394
f 395 394 380
f 383 396 397
f 383 382 396
f 398 399 400
f 385 384 401
f 402 401 384
f 388 387 403
f 404 403 387
f 405 406 407
f 391 390 408
f 409 408 390
f 393 410 411
f 393 392 410
f 412 413 414
f 412 414 415
f 415 414 416
f 394 395 417
f 394 418 419
f 419 420 394
f 421 422 423
f 423 422 424
f 423 424 425
f 426 427 428
f 428 427 413
f 428 413 412
f 394 417 418
f 418 417 421
f 421 417 427
f 421 427 426
f 421 426 422
f 429 430 431
f 431 430 432
f 431 432 433
f 433 432 434
f 435 436 437
f 438 436 439
f 438 439 432
f 432 439 434
f 435 437 440
f 435 440 441
f 442 443 410
f 444 410 443
f 436 438 437
f 437 438 411
f 437 411 444
f 444 411 410
f 445 446 447
f 447 446 448
f 447 448 449
f 408 409 450
f 408 451 452
f 452 453 408
f 454 455 456
f 456 455 457
f 458 459 460
f 460 459 446
f 460 446 445
f 408 450 451
f 451 450 454
f 454 450 459
f 454 459 458
f 454 458 455
f 461 462 463
f 463 462 464
f 464 462 465
f 464 465 466
f 467 468 469
f 470 468 471
f 470 471 465
f 465 471 466
f 467 469 472
f 467 472 473
f 474 406 475
f 468 470 469
f 469 470 476
f 476 470 407
f 476 407 406
f 476 406 474
f 477 478 479
f 477 479 480
f 480 479 481
f 403 404 482
f 403 483 484
f 484 485 403
f 486 487 488
f 488 487 489
f 488 489 490
f 491 492 493
f 493 492 478
f 493 478 477
f 403 482 483
f 483 482 486
f 486 482 492
f 486 492 491
f 486 491 487
f 494 495 496
f 496 495 497
f 497 495 498
f 497 498 499
f 499 498 500
f 501 502 503
f 504 502 505
f 504 505 498
f 498 505 500
f 501 503 506
f 501 506 507
f 508 509 399
f 510 399 509
f 502 504 503
f 503 504 400
f 503 400 510
f 510 400 399
f 511 512 513
f 513 512 514
f 513 514 515
f 401 402 516
f 401 517 518
f 518 519 401
f 520 521 522
f 523 524 525
f 525 524 526
f 521 520 512
f 521 512 511
f 401 516 517
f 517 516 523
f 523 516 520
f 523 520 522
f 523 522 524
f 527 528 529
f 529 528 530
f 529 530 531
f 531 530 532
f 533 534 535
f 536 534 537
f 536 537 530
f 530 537 532
f 533 535 538
f 533 538 539
f 540 541 396
f 542 396 541
f 534 536 535
f 535 536 397
f 535 397 542
f 542 397 396
f 449 448 543
f 543 448 544
f 544 545 543
f 430 429 544
f 544 429 545
f 481 479 546
f 546 479 547
f 547 548 546
f 462 461 547
f 547 461 548
f 515 514 549
f 549 514 550
f 550 551 549
f 495 494 550
f 550 494 551
f 416 414 552
f 552 414 553
f 552 553 554
f 528 527 553
f 553 527 554
f 555 556 557
f 557 556 558
f 555 559 556
f 560 559 555
f 561 562 560
f 560 562 563
f 560 563 559
f 562 561 564
f 562 564 565
f 565 564 566
f 566 564 567
f 566 567 568
f 568 567 569
f 569 567 570
f 569 570 571
f 571 570 572
f 571 572 573
f 573 572 574
f 573 574 575
f 575 574 576
f 575 576 577
f 577 576 578
f 578 576 579
f 580 581 582
f 580 582 579
f 579 582 578
f 583 584 585
f 586 587 588
f 588 587 583
f 583 587 584
f 586 588 589
f 586 589 590
f 590 589 591
f 591 589 592
f 591 592 593
f 593 592 594
f 593 594 595
f 595 594 596
f 595 596 597
f 597 596 598
f 597 598 599
f 600 599 598
f 601 602 600
f 600 602 599
f 601 603 602
f 604 603 601
f 605 606 604
f 606 607 604
f 604 607 603
f 605 608 606
f 609 610 611
f 610 609 605
f 605 609 608
f 352 612 354
f 354 612 613
f 360 614 309
f 614 615 309
f 616 367 365
f 373 617 306
f 373 618 617
f 312 378 619
f 619 620 312
f 318 621 622
f 318 622 320
f 326 623 303
f 623 624 303
f 331 625 333
f 300 339 626
f 300 626 627
f 346 344 628
f 628 629 346
f 630 631 632
f 632 631 633
f 634 635 630
f 630 635 631
f 636 637 638
f 636 638 639
f 640 641 642
f 640 642 643
f 644 645 634
f 634 645 646
f 634 646 635
f 639 638 647
f 639 647 648
f 639 648 644
f 644 648 645
f 649 650 651
f 651 650 652
f 651 652 640
f 640 652 641
f 642 653 643
f 643 653 636
f 636 653 637
f 654 655 649
f 649 655 656
f 649 656 650
f 657 658 654
f 654 658 655
f 659 660 661
f 659 661 662
f 662 661 663
f 664 665 659
f 659 665 660
f 633 666 632
f 632 666 667
f 667 666 668
f 662 663 657
f 657 663 669
f 657 669 658
f 670 671 672
f 670 672 664
f 664 672 665
f 673 674 675
f 673 675 676
f 676 675 677
f 676 677 678
f 676 678 670
f 670 678 671
f 667 668 679
f 667 679 680
f 680 679 681
f 680 681 673
f 673 681 674
f 682 683 684
f 682 684 685
f 685 684 686
f 685 686 687
f 687 686 688
f 687 688 689
f 689 688 690
f 689 690 691
f 691 690 692
f 691 692 693
f 693 692 694
f 692 695 694
f 694 695 696
f 695 697 696
f 696 697 698
f 697 699 698
f 698 699 700
f 699 701 700
f 700 701 702
f 701 703 702
f 702 703 704
f 703 705 704
f 704 705 706
f 704 706 707
f 707 706 708
f 707 708 709
f 709 708 710
f 709 710 711
f 711 710 712
f 711 712 713
f 713 712 714
f 713 714 715
f 715 714 716
f 714 717 716
f 716 717 718
f 717 719 718
f 718 719 720
f 719 721 720
f 720 721 722
f 721 723 722
f 722 723 724
f 723 725 724
f 724 725 682
f 682 725 683
f 726 727 728
f 728 727 729
f 728 729 730
f 730 729 731
f 730 731 732
f 732 731 733
f 733 731 734
f 733 734 735
f 735 734 736
f 735 736 737
f 737 736 738
f 737 738 739
f 739 738 740
f 739 740 741
f 741 740 742
f 741 742 743
f 743 742 744
f 743 744 745
f 745 744 746
f 745 746 747
f 747 746 748
f 747 748 749
f 747 749 750
f 750 749 751
f 750 751 752
f 752 751 753
f 752 753 754
f 754 753 755
f 754 755 756
f 756 755 757
f 756 757 758
f 756 758 759
f 759 758 760
f 759 760 761
f 761 760 762
f 761 762 763
f 763 762 764
f 763 764 765
f 765 764 766
f 765 766 767
f 767 766 768
f 768 766 769
f 768 769 726
f 726 769 727
f 770 771 772
f 772 771 773
f 772 773 774
f 774 773 775
f 774 775 776
f 776 775 777
f 776 777 778
f 778 777 779
f 778 779 780
f 780 779 781
f 780 781 782
f 782 781 783
f 782 783 784
f 784 783 785
f 784 785 786
f 786 785 787
f 786 787 788
f 788 787 789
f 788 789 790
f 788 790 791
f 791 790 792
f 791 792 793
f 793 792 794
f 793 794 795
f 795 794 796
f 795 796 797
f 797 796 798
f 797 798 799
f 799 798 800
f 799 800 801
f 801 800 802
f 801 802 803
f 803 802 804
f 803 804 805
f 805 804 806
f 805 806 807
f 807 806 808
f 807 808 809
f 809 808 810
f 809 810 811
f 811 810 812
f 811 812 813
f 813 812 814
f 813 814 815
f 815 814 816
f 815 816 817
f 817 816 818
f 817 818 819
f 819 818 820
f 819 820 821
f 819 821 822
f 822 821 823
f 822 823 824
f 824 823 825
f 824 825 826
f 826 825 827
f 826 827 828
f 828 827 829
f 828 829 830
f 830 829 831
f 830 831 770
f 770 831 771
f 355 832 361
f 361 832 833
f 834 835 836
f 833 832 837
f 837 832 838
f 839 840 841
f 842 843 345
f 844 845 846
f 847 848 849
f 847 849 835
f 842 850 843
f 844 842 301
f 844 846 842
f 851 852 853
f 853 852 854
f 855 856 857
f 855 857 847
f 847 857 374
f 837 858 833
f 833 858 859
f 834 836 833
f 834 833 859
f 837 347 850
f 837 850 860
f 860 850 842
f 844 861 845
f 845 861 851
f 851 861 340
f 840 321 841
f 862 863 864
f 837 838 353
f 345 342 842
f 842 342 302
f 854 852 865
f 866 867 854
f 867 866 868
f 839 313 863
f 839 863 862
f 863 869 864
f 864 856 855
f 366 364 835
f 361 359 355
f 355 359 357
f 841 870 839
f 839 870 319
f 364 311 835
f 835 311 310
f 353 350 837
f 302 301 842
f 854 332 330
f 840 327 325
f 374 372 847
f 847 372 370
f 835 310 836
f 837 350 349
f 837 349 347
f 340 338 851
f 851 338 336
f 336 334 851
f 330 305 854
f 854 305 304
f 854 304 866
f 840 325 323
f 840 323 321
f 370 368 847
f 835 849 366
f 851 334 852
f 868 866 871
f 868 871 840
f 840 871 327
f 839 316 315
f 839 315 313
f 869 379 864
f 864 379 376
f 847 368 848
f 865 332 854
f 376 308 864
f 864 308 307
f 839 319 316
f 864 307 856
f 872 873 874
f 874 873 875
f 874 875 876
f 876 875 877
f 876 877 878
f 878 877 879
f 880 881 882
f 882 881 883
f 882 883 884
f 882 884 885
f 885 884 872
f 872 884 873
f 878 879 886
f 886 879 887
f 886 887 888
f 888 887 889
f 888 889 890
f 891 890 892
f 892 890 893
f 892 893 894
f 892 894 895
f 895 894 896
f 896 894 897
f 896 898 899
f 899 898 900
f 899 900 901
f 901 900 902
f 902 900 903
f 902 903 904
f 904 903 905
f 904 905 906
f 904 906 907
f 907 906 908
f 909 910 911
f 911 910 912
f 912 910 913
f 912 913 914
f 914 913 915
f 914 916 917
f 917 916 918
f 918 916 919
f 918 919 920
f 921 922 923
f 923 922 924
f 924 922 925
f 924 925 926
f 926 927 928
f 928 927 929
f 928 929 930
f 928 930 931
f 931 930 932
f 932 930 933
f 932 933 934
f 934 933 935
f 934 935 936
f 936 935 937
f 936 937 938
f 938 937 939
f 938 939 940
f 940 939 941
f 940 941 942
f 942 941 943
f 942 943 944
f 945 944 946
f 946 944 947
f 946 947 948
f 946 948 949
f 949 948 950
f 950 948 951
f 950 952 953
f 953 952 954
f 953 954 955
f 955 954 956
f 956 954 957
f 956 957 958
f 958 957 959
f 958 959 960
f 958 960 961
f 961 960 962
f 962 960 963
f 962 964 965
f 965 964 966
f 966 964 967
f 966 967 968
f 968 967 969
f 970 971 972
f 972 971 973
f 972 973 974
f 975 976 977
f 977 976 978
f 978 976 979
f 978 979 980
f 980 981 982
f 982 981 983
f 982 983 984
f 982 984 985
f 985 984 986
f 986 984 987
f 986 987 988
f 988 987 989
f 988 989 990
f 990 989 991
f 990 991 992
f 992 991 993
f 992 993 994
f 994 993 995
f 994 995 996
f 996 995 997
f 996 997 998
f 999 998 1000
f 1000 998 1001
f 1000 1001 1002
f 1000 1002 1003
f 1003 1002 1004
f 1004 1002 1005
f 1004 1006 1007
f 1007 1006 1008
f 1007 1008 1009
f 1009 1008 1010
f 1010 1008 1011
f 1010 1011 1012
f 1012 1011 1013
f 1012 1013 1014
f 1012 1014 1015
f 1015 1014 1016
f 1017 1018 1019
f 1019 1018 1020
f 1020 1018 1021
f 1020 1021 1022
f 1022 1021 1023
f 1022 1024 1025
f 1025 1024 1026
f 1026 1024 1027
f 1026 1027 1028
f 1029 1030 1031
f 1031 1030 1032
f 1032 1030 1033
f 1032 1033 1034
f 1034 1035 1036
f 1036 1035 1037
f 1036 1037 1038
f 1036 1038 1039
f 1039 1038 1040
f 1040 1038 1041
f 1040 1041 1042
f 1042 1041 1043
f 1042 1043 1044
f 1044 1043 1045
f 1044 1045 1046
f 1046 1045 1047
f 1046 1047 1048
f 1048 1047 1049
f 1048 1049 1050
f 1050 1049 1051
f 1050 1051 1052
f 1053 1052 1054
f 1054 1052 1055
f 1054 1055 1056
f 1054 1056 1057
f 1057 1056 1058
f 1058 1056 1059
f 1058 1060 1061
f 1061 1060 1062
f 1061 1062 1063
f 1063 1062 1064
f 1064 1062 1065
f 1064 1065 1066
f 1066 1065 1067
f 1066 1067 1068
f 1066 1068 1069
f 1069 1068 1070
f 1070 1068 1071
f 1070 1072 1073
f 1073 1072 1074
f 1074 1072 1075
f 1074 1075 1076
f 1076 1075 1077
f 1078 1079 1080
f 1080 1079 1081
f 1080 1081 1082
f 1083 1084 1085
f 1085 1084 1086
f 1086 1084 1087
f 1086 1087 880
f 888 890 891
f 896 897 898
f 907 908 909
f 909 908 910
f 914 915 916
f 918 920 921
f 921 920 922
f 926 925 927
f 942 944 945
f 950 951 952
f 962 963 964
f 968 969 970
f 970 969 971
f 972 974 975
f 975 974 976
f 980 979 981
f 996 998 999
f 1004 1005 1006
f 1015 1016 1017
f 1017 1016 1018
f 1022 1023 1024
f 1026 1028 1029
f 1029 1028 1030
f 1034 1033 1035
f 1050 1052 1053
f 1058 1059 1060
f 1070 1071 1072
f 1076 1077 1078
f 1078 1077 1079
f 1080 1082 1083
f 1083 1082 1084
f 880 1087 881
f 1088 1089 1090
f 1090 1089 1091
f 1090 1091 1092
f 1090 1092 1093
f 1093 1092 1094
f 1094 1092 1095
f 1094 1095 1096
f 1097 1098 1099
f 1099 1098 1100
f 1099 1100 1101
f 1101 1100 1102
f 1101 1102 1103
f 1103 1102 1104
f 1105 1106 1107
f 1107 1106 1108
f 1107 1108 1109
f 1107 1109 1110
f 1111 1112 1113
f 1113 1112 1114
f 1113 1114 1115
f 1115 1114 1116
f 1115 1116 1088
f 1088 1116 1089
f 1103 1104 1117
f 1103 1117 1118
f 1118 1117 1119
f 1119 1117 1120
f 1119 1120 1111
f 1111 1120 1121
f 1111 1121 1112
f 1122 1123 1124
f 1122 1124 1125
f 1125 1124 1126
f 1125 1126 1097
f 1097 1126 1127
f 1097 1127 1098
f 1128 1129 1130
f 1130 1129 1131
f 1130 1131 1132
f 1132 1131 1133
f 1132 1133 1122
f 1122 1133 1123
f 1109 1134 1110
f 1110 1134 1135
f 1135 1134 1136
f 1135 1136 1137
f 1137 1136 1138
f 1137 1138 1139
f 1139 1138 1140
f 1139 1140 1141
f 1141 1140 1142
f 1141 1142 1128
f 1128 1142 1129
f 1143 1144 1145
f 1145 1144 1146
f 1145 1146 1147
f 1147 1146 1148
f 1147 1148 1149
f 1149 1148 1150
f 1149 1150 1105
f 1105 1150 1106
f 1151 1152 1153
f 1151 1153 1154
f 1154 1153 1155
f 1154 1155 1156
f 1156 1155 1157
f 1156 1157 1158
f 1156 1158 1143
f 1143 1158 1144
f 1095 1159 1096
f 1096 1159 1160
f 1096 1160 1161
f 1161 1160 1162
f 1161 1162 1163
f 1163 1162 1151
f 1151 1162 1152
f 1164 1165 1166
f 1166 1167 1168
f 1168 1167 1169
f 1169 1167 1170
f 1170 1171 1169
f 1171 1172 1173
f 1173 1172 1174
f 1174 1164 1173
f 1164 1174 1165
f 1175 1176 1177
f 1177 1176 1178
f 1177 1178 1179
f 1180 1179 1181
f 1180 1181 1182
f 1182 1181 1183
f 1182 1183 1184
f 1185 1184 1186
f 1185 1186 1176
f 1185 1176 1175
f 1187 1188 1189
f 1189 1188 1190
f 1190 1188 1191
f 1192 1193 1194
f 1190 1191 1195
f 1196 1195 1194
f 1196 1194 1193
f 1192 1197 1193
f 1189 1197 1187
f 1198 1199 1200
f 1200 1201 1202
f 1202 1201 1203
f 1203 1201 1204
f 1204 1205 1203
f 1205 1206 1207
f 1207 1206 1208
f 1208 1198 1207
f 1198 1208 1199
f 1209 1210 1211
f 1209 1211 1212
f 1212 1213 1214
f 1214 1213 1215
f 1215 1216 1214
f 1216 1215 1217
f 1216 1217 1218
f 1217 1219 1218
f 1219 1220 1221
f 1221 1220 1222
f 1211 1210 1223
f 1211 1223 1222
f 1211 1222 1220
f 1224 1225 1226
f 1226 1225 1227
f 1227 1225 1228
f 1227 1228 1229
f 1229 1230 1231
f 1232 1233 1230
f 1230 1233 1234
f 1230 1234 1231
f 1233 1232 1235
f 1235 1232 1224
f 1236 1224 1226
f 1237 1238 1239
f 1239 1238 1240
f 1241 1237 1242
f 1242 1237 1239
f 1243 1241 1242
f 1227 1229 1231
f 1227 1231 1244
f 1245 1246 1243
f 1245 1243 1242
f 1235 1224 1236
f 1235 1236 1247
f 1248 1249 1236
f 1236 1249 1250
f 1236 1250 1247
f 1251 1249 1248
f 1252 1253 1254
f 1252 1254 1248
f 1248 1254 1251
f 1252 1255 1253
f 1255 1218 1256
f 1218 1255 1252
f 1221 1218 1219
f 1218 1221 1256
f 1257 1258 1259
f 1259 1209 1257
f 1257 1209 1214
f 1214 1209 1212
f 1260 1261 1262
f 1262 1261 1258
f 1263 1260 1264
f 1264 1260 1262
f 1265 1266 1263
f 1265 1263 1264
f 1267 1268 1269
f 1267 1269 1265
f 1265 1269 1266
f 1270 1271 1267
f 1267 1271 1268
f 1239 1240 1272
f 1171 1173 1169
f 1169 1173 1273
f 1273 1173 1274
f 1273 1274 1275
f 1275 1274 1276
f 1275 1276 1277
f 1275 1277 1278
f 1278 1277 1227
f 1278 1227 1245
f 1245 1227 1244
f 1245 1244 1246
f 1184 1185 1182
f 1182 1185 1279
f 1182 1279 1280
f 1280 1279 1281
f 1280 1281 1282
f 1282 1281 1283
f 1282 1283 1284
f 1284 1283 1164
f 1284 1164 1168
f 1168 1164 1166
f 1197 1189 1193
f 1193 1189 1285
f 1193 1285 1286
f 1286 1285 1287
f 1286 1287 1288
f 1288 1287 1289
f 1288 1289 1290
f 1290 1289 1177
f 1290 1177 1180
f 1180 1177 1179
f 1205 1207 1203
f 1203 1207 1291
f 1291 1207 1292
f 1291 1292 1293
f 1293 1292 1294
f 1293 1294 1295
f 1293 1295 1296
f 1296 1295 1190
f 1296 1190 1196
f 1196 1190 1195
f 1258 1257 1262
f 1262 1257 1297
f 1297 1257 1298
f 1297 1298 1299
f 1299 1298 1300
f 1299 1300 1301
f 1301 1300 1198
f 1301 1198 1202
f 1202 1198 1200
f 1257 1214 1302
f 1302 1214 1216
f 1302 1216 1218
f 1302 1218 1303
f 1303 1218 1252
f 1303 1252 1304
f 1304 1252 1248
f 1304 1248 1305
f 1305 1248 1236
f 1305 1236 1306
f 1306 1236 1226
f 1306 1226 1307
f 1307 1226 1227
f 1307 1227 1308
f 1308 1227 1277
f 1308 1277 1309
f 1309 1277 1276
f 1309 1276 1310
f 1310 1276 1274
f 1310 1274 1311
f 1311 1274 1173
f 1311 1173 1312
f 1312 1173 1164
f 1312 1164 1313
f 1313 1164 1283
f 1313 1283 1314
f 1314 1283 1281
f 1314 1281 1315
f 1315 1281 1279
f 1315 1279 1316
f 1316 1279 1317
f 1317 1279 1185
f 1317 1185 1175
f 1317 1175 1318
f 1318 1175 1177
f 1318 1177 1289
f 1318 1289 1319
f 1319 1289 1287
f 1319 1287 1320
f 1320 1287 1285
f 1320 1285 1321
f 1321 1285 1189
f 1321 1189 1322
f 1322 1189 1190
f 1322 1190 1323
f 1323 1190 1295
f 1323 1295 1324
f 1324 1295 1294
f 1324 1294 1325
f 1325 1294 1292
f 1325 1292 1326
f 1326 1292 1207
f 1326 1207 1327
f 1327 1207 1198
f 1327 1198 1328
f 1328 1198 1300
f 1328 1300 1329
f 1329 1300 1298
f 1329 1298 1330
f 1330 1298 1257
f 1330 1257 1331
f 1331 1257 1302
f 1332 1333 1334
f 1332 1334 1335
f 1336 1335 1337
f 1336 1337 1338
f 1336 1338 1339
f 1336 1339 1340
f 1340 1339 1341
f 1341 1342 1340
f 1342 1333 1343
f 1343 1333 1332
f 1344 1345 1346
f 1346 1345 1347
f 1348 1347 1349
f 1348 1349 1350
f 1350 1349 1351
f 1350 1351 1352
f 1353 1354 1318
f 1318 1352 1353
f 1344 1346 1354
f 1318 1354 1346
f 1355 1356 1357
f 1358 1356 1359
f 1358 1359 1360
f 1358 1360 1361
f 1361 1360 1362
f 1362 1363 1361
f 1361 1363 1364
f 1364 1365 1366
f 1366 1365 1355
f 1355 1365 1356
f 1350 1352 1318
f 1350 1318 1367
f 1367 1318 1368
f 1367 1368 1369
f 1369 1368 1370
f 1369 1370 1371
f 1371 1370 1372
f 1371 1372 1343
f 1343 1372 1340
f 1343 1340 1342
f 1332 1335 1336
f 1332 1336 1373
f 1373 1336 1374
f 1373 1374 1375
f 1375 1374 1324
f 1375 1324 1376
f 1376 1324 1377
f 1376 1377 1378
f 1378 1377 1326
f 1326 1379 1378
f 1378 1379 1380
f 1378 1380 1381
f 1378 1381 1382
f 1382 1381 1383
f 1384 1385 1383
f 1385 1384 1386
f 1385 1386 1326
f 1326 1386 1387
f 1326 1387 1379
f 1382 1383 1385
f 1382 1385 1388
f 1382 1388 1389
f 1389 1388 1390
f 1389 1390 1391
f 1391 1390 1392
f 1391 1392 1393
f 1393 1392 1331
f 1393 1331 1394
f 1394 1395 1396
f 1331 1395 1394
f 1394 1396 1397
f 1394 1397 1398
f 1399 1398 1400
f 1400 1401 1399
f 1399 1401 1402
f 1399 1402 1331
f 1331 1402 1403
f 1331 1403 1395
f 1394 1398 1399
f 1394 1399 1404
f 1404 1399 1405
f 1404 1405 1406
f 1406 1405 1407
f 1406 1407 1408
f 1408 1407 1409
f 1408 1409 1410
f 1410 1409 1411
f 1410 1411 1412
f 1411 1413 1412
f 1413 1414 1412
f 1415 1412 1414
f 1415 1416 1412
f 1416 1417 1418
f 1418 1417 1419
f 1419 1420 1418
f 1418 1420 1421
f 1418 1421 1411
f 1411 1421 1422
f 1411 1422 1413
f 1412 1416 1418
f 1412 1418 1423
f 1423 1418 1308
f 1423 1308 1424
f 1424 1308 1425
f 1424 1425 1426
f 1426 1425 1310
f 1426 1310 1427
f 1426 1427 1366
f 1366 1427 1361
f 1366 1361 1364
f 1357 1356 1358
f 1357 1358 1313
f 1357 1313 1428
f 1428 1313 1429
f 1428 1429 1430
f 1430 1429 1315
f 1430 1315 1348
f 1348 1315 1316
f 1348 1316 1346
f 1348 1346 1347
f 1350 1431 1348
f 1348 1431 1432
f 1348 1432 1430
f 1430 1432 1433
f 1430 1433 1428
f 1428 1433 1434
f 1428 1434 1435
f 1428 1435 1357
f 1357 1435 1436
f 1357 1436 1355
f 1355 1436 1366
f 1366 1436 1437
f 1366 1437 1438
f 1366 1438 1426
f 1426 1438 1439
f 1426 1439 1424
f 1423 1424 1440
f 1423 1440 1412
f 1412 1440 1441
f 1412 1441 1410
f 1410 1441 1442
f 1410 1442 1443
f 1410 1443 1408
f 1408 1443 1406
f 1404 1406 1444
f 1404 1444 1445
f 1404 1445 1394
f 1394 1445 1446
f 1394 1446 1393
f 1391 1393 1447
f 1391 1447 1389
f 1389 1447 1448
f 1389 1448 1382
f 1382 1448 1449
f 1382 1449 1450
f 1382 1450 1378
f 1378 1450 1451
f 1378 1451 1376
f 1375 1376 1452
f 1375 1452 1373
f 1373 1452 1453
f 1373 1453 1332
f 1332 1453 1454
f 1332 1454 1343
f 1371 1343 1455
f 1371 1455 1369
f 1369 1455 1456
f 1369 1456 1457
f 1369 1457 1367
f 1350 1367 1431
f 1150 1446 1458
f 1458 1446 1445
f 1446 1150 1459
f 1460 1393 1148
f 1148 1393 1446
f 1148 1446 1459
f 1393 1460 1146
f 1393 1146 1447
f 1447 1146 1461
f 1462 1448 1144
f 1144 1448 1447
f 1144 1447 1461
f 1448 1462 1158
f 1463 1449 1157
f 1157 1449 1448
f 1157 1448 1158
f 1449 1463 1450
f 1450 1463 1153
f 1464 1451 1152
f 1152 1451 1450
f 1152 1450 1153
f 1465 1376 1451
f 1465 1451 1464
f 1376 1465 1466
f 1376 1466 1452
f 1452 1466 1160
f 1467 1453 1159
f 1159 1453 1452
f 1159 1452 1160
f 1468 1454 1453
f 1468 1453 1467
f 1454 1468 1092
f 1454 1092 1343
f 1343 1092 1091
f 1469 1455 1343
f 1469 1343 1091
f 1455 1469 1470
f 1114 1456 1470
f 1470 1456 1455
f 1456 1114 1471
f 1456 1471 1457
f 1457 1471 1112
f 1472 1367 1121
f 1121 1367 1457
f 1121 1457 1112
f 1367 1472 1473
f 1367 1473 1431
f 1431 1473 1474
f 1431 1474 1432
f 1432 1474 1475
f 1104 1433 1475
f 1475 1433 1432
f 1433 1104 1102
f 1476 1434 1433
f 1476 1433 1102
f 1434 1476 1477
f 1434 1477 1435
f 1435 1477 1098
f 1478 1436 1127
f 1127 1436 1435
f 1127 1435 1098
f 1436 1478 1479
f 1480 1437 1479
f 1479 1437 1436
f 1437 1480 1124
f 1437 1124 1438
f 1438 1124 1481
f 1482 1439 1123
f 1123 1439 1438
f 1123 1438 1481
f 1439 1482 1133
f 1483 1424 1131
f 1131 1424 1439
f 1131 1439 1133
f 1424 1483 1129
f 1424 1129 1440
f 1440 1129 1484
f 1485 1441 1484
f 1484 1441 1440
f 1486 1442 1441
f 1486 1441 1485
f 1442 1486 1138
f 1442 1138 1443
f 1443 1138 1136
f 1487 1406 1134
f 1134 1406 1443
f 1134 1443 1136
f 1406 1487 1488
f 1108 1444 1488
f 1488 1444 1406
f 1444 1108 1489
f 1444 1489 1445
f 1445 1489 1106
f 1445 1106 1458
f 1490 1491 1492
f 1492 1491 1493
f 1492 1493 1494
f 1494 1493 1495
f 1494 1495 1496
f 1494 1496 1497
f 1497 1496 1498
f 1498 1496 1499
f 1498 1499 1500
f 1500 1499 1501
f 1500 1501 1502
f 1501 1503 1502
f 1502 1503 1504
f 1504 1503 1505
f 1504 1505 1506
f 1506 1505 1507
f 1506 1507 1508
f 1508 1507 1509
f 1508 1509 1510
f 1510 1509 1511
f 1510 1511 1512
f 1512 1511 1513
f 1512 1513 1514
f 1514 1513 1515
f 1514 1515 1516
f 1514 1516 1517
f 1517 1516 1518
f 1517 1518 1519
f 1519 1518 1520
f 1520 1518 1521
f 1520 1521 1522
f 1522 1521 1523
f 1522 1523 1524
f 1524 1523 1525
f 1525 1523 1526
f 1525 1526 1527
f 1527 1526 1528
f 1527 1528 1490
f 1490 1528 1491
f 1107 1529 1530
f 1530 1529 1531
f 1529 1107 1532
f 1529 1532 1533
f 1532 1135 1533
f 1533 1135 1534
f 1135 1535 1534
f 1536 1537 1139
f 1139 1537 1534
f 1139 1534 1535
f 1537 1536 1538
f 1538 1536 1539
f 1538 1539 1130
f 1538 1130 1540
f 1540 1130 1541
f 1132 1542 1541
f 1541 1542 1540
f 1542 1132 1543
f 1542 1543 1544
f 1544 1543 1545
f 1544 1545 1546
f 1544 1546 1547
f 1548 1549 1547
f 1548 1547 1546
f 1549 1548 1099
f 1549 1099 1550
f 1550 1099 1551
f 1550 1551 1101
f 1550 1101 1552
f 1552 1101 1553
f 1554 1555 1553
f 1553 1555 1552
f 1555 1554 1556
f 1555 1556 1557
f 1557 1556 1111
f 1557 1111 1558
f 1558 1111 1559
f 1113 1560 1559
f 1559 1560 1558
f 1560 1113 1561
f 1088 1562 1561
f 1561 1562 1560
f 1562 1088 1563
f 1562 1563 1564
f 1565 1566 1093
f 1093 1566 1564
f 1093 1564 1563
f 1567 1568 1566
f 1567 1566 1565
f 1568 1567 1569
f 1568 1569 1570
f 1570 1569 1161
f 1571 1572 1570
f 1571 1570 1161
f 1572 1571 1573
f 1574 1575 1573
f 1573 1575 1572
f 1575 1574 1154
f 1575 1154 1576
f 1576 1154 1577
f 1576 1577 1578
f 1577 1579 1578
f 1580 1581 1145
f 1145 1581 1578
f 1145 1578 1579
f 1581 1580 1147
f 1581 1147 1582
f 1582 1147 1583
f 1582 1583 1531
f 1531 1583 1105
f 1531 1105 1530
f 727 873 729
f 908 903 766
f 764 915 766
f 766 910 908
f 766 903 769
f 727 769 890
f 731 1065 734
f 1065 1060 734
f 734 1060 1059
f 734 1059 736
f 736 1047 738
f 738 1047 740
f 1035 1033 740
f 1005 746 1006
f 746 998 748
f 981 979 751
f 755 964 963
f 758 939 760
f 908 906 905
f 729 1084 1082
f 1047 1041 740
f 742 1018 1016
f 742 1016 744
f 748 993 749
f 760 933 762
f 927 925 762
f 764 916 915
f 766 915 910
f 910 915 913
f 908 905 903
f 1041 1035 740
f 740 1028 742
f 742 1023 1021
f 751 979 753
f 753 971 969
f 764 920 916
f 916 920 919
f 898 897 769
f 727 887 879
f 883 881 729
f 729 881 1087
f 1062 1060 1065
f 1052 736 1059
f 740 1030 1028
f 1024 1023 742
f 744 1011 746
f 987 751 749
f 753 976 974
f 959 957 755
f 755 957 757
f 758 757 951
f 758 944 943
f 758 943 941
f 920 764 922
f 922 764 762
f 922 762 925
f 727 890 889
f 727 875 873
f 1077 731 729
f 731 1072 1071
f 731 1071 1068
f 1047 1043 1041
f 746 1005 1002
f 993 987 749
f 964 755 967
f 757 952 951
f 758 941 939
f 939 937 760
f 760 935 933
f 769 903 900
f 727 879 877
f 729 1079 1077
f 1068 1067 731
f 731 1067 1065
f 736 1049 1047
f 1047 1045 1043
f 1041 1037 1035
f 742 1021 1018
f 983 981 984
f 753 969 755
f 937 935 760
f 762 933 930
f 769 893 890
f 889 887 727
f 727 877 875
f 873 884 729
f 1055 1059 1056
f 1059 1055 1052
f 1041 1038 1037
f 742 1028 1027
f 746 1002 1001
f 746 1001 998
f 748 998 997
f 969 967 755
f 762 929 927
f 1087 1084 729
f 1052 1051 736
f 1011 1008 746
f 993 989 987
f 762 930 929
f 769 900 898
f 884 883 729
f 731 1077 1075
f 736 1051 1049
f 1033 1030 740
f 744 1016 1014
f 1014 1013 744
f 744 1013 1011
f 748 997 995
f 748 995 993
f 991 989 993
f 751 987 981
f 981 987 984
f 753 979 976
f 963 960 755
f 755 960 959
f 731 1075 1072
f 758 948 947
f 769 897 894
f 742 1027 1024
f 1008 1006 746
f 974 973 753
f 753 973 971
f 952 757 954
f 758 951 948
f 758 947 944
f 894 893 769
f 1082 1081 729
f 729 1081 1079
f 957 954 757
f 1584 1585 1586
f 1586 1585 1587
f 1586 1587 1588
f 1588 1587 1589
f 1588 1589 1590
f 1590 1589 1591
f 1592 1593 1594
f 1594 1593 1595
f 1594 1595 1596
f 1594 1596 1597
f 1597 1596 1584
f 1584 1596 1585
f 1598 1594 1599
f 1600 1601 1598
f 1599 1594 1597
f 1602 1603 1604
f 1598 1601 1605
f 1606 1607 1608
f 1608 1609 1606
f 1610 1611 1612
f 1613 1614 1615
f 1616 1617 1615
f 1615 1618 1619
f 1615 1619 1620
f 1621 1622 1623
f 1598 1624 1600
f 1599 1584 1586
f 1625 1626 1610
f 1610 1612 1627
f 1627 1628 1629
f 1630 1613 1631
f 1631 1613 1615
f 1631 1615 1627
f 1617 1632 1615
f 1633 1634 1635
f 1635 1636 1598
f 1598 1605 1594
f 1594 1605 1592
f 1599 1597 1584
f 1620 1637 1638
f 1620 1638 1639
f 1621 1640 1641
f 1603 1642 1604
f 1598 1643 1624
f 1599 1644 1645
f 1645 1644 1646
f 1606 1647 1648
f 1649 1650 1651
f 1649 1651 1652
f 1653 1625 1654
f 1654 1625 1610
f 1654 1610 1655
f 1627 1656 1631
f 1615 1614 1616
f 1615 1657 1618
f 1620 1658 1659
f 1659 1660 1620
f 1661 1662 1620
f 1661 1620 1660
f 1661 1660 1663
f 1662 1661 1664
f 1662 1665 1621
f 1621 1665 1666
f 1667 1623 1622
f 1623 1668 1603
f 1603 1668 1642
f 1669 1670 1671
f 1669 1671 1635
f 1671 1633 1635
f 1635 1634 1672
f 1635 1673 1636
f 1598 1636 1674
f 1588 1599 1586
f 1675 1647 1606
f 1627 1612 1676
f 1627 1677 1656
f 1678 1640 1666
f 1666 1640 1621
f 1645 1646 1679
f 1679 1646 1680
f 1645 1679 1681
f 1645 1681 1675
f 1682 1609 1683
f 1651 1684 1685
f 1651 1686 1652
f 1687 1688 1662
f 1623 1667 1689
f 1603 1602 1690
f 1669 1691 1692
f 1693 1694 1675
f 1648 1607 1606
f 1695 1696 1697
f 1697 1696 1698
f 1684 1651 1697
f 1651 1685 1686
f 1650 1699 1700
f 1620 1639 1658
f 1701 1702 1609
f 1650 1703 1699
f 1650 1704 1655
f 1655 1704 1654
f 1610 1626 1611
f 1632 1657 1615
f 1621 1641 1622
f 1622 1641 1705
f 1691 1669 1603
f 1599 1588 1590
f 1599 1590 1644
f 1694 1706 1675
f 1609 1702 1707
f 1609 1707 1697
f 1697 1708 1684
f 1650 1649 1703
f 1619 1637 1620
f 1688 1709 1662
f 1603 1710 1691
f 1681 1693 1675
f 1609 1608 1711
f 1709 1665 1662
f 1623 1689 1668
f 1598 1674 1643
f 1609 1711 1683
f 1650 1700 1712
f 1627 1676 1628
f 1670 1669 1692
f 1670 1692 1713
f 1635 1672 1673
f 1675 1706 1714
f 1707 1695 1697
f 1629 1677 1627
f 1662 1664 1687
f 1609 1682 1701
f 1698 1708 1697
f 1650 1712 1704
f 1675 1714 1647
f 1690 1710 1603
f 1590 1591 1644
f 1644 1591 1715
f 1644 1715 1646
f 1646 1715 1716
f 1646 1716 1717
f 1680 1717 1679
f 1679 1717 1718
f 1679 1718 1719
f 1679 1719 1681
f 1681 1719 1693
f 1693 1719 1720
f 1693 1720 1694
f 1694 1720 1721
f 1694 1721 1706
f 1706 1721 1722
f 1706 1722 1714
f 1714 1722 1723
f 1714 1723 1647
f 1647 1723 1724
f 1647 1724 1725
f 1647 1725 1648
f 1648 1725 1726
f 1607 1727 1608
f 1608 1727 1728
f 1608 1728 1711
f 1711 1728 1729
f 1683 1730 1682
f 1682 1730 1731
f 1682 1731 1732
f 1701 1733 1702
f 1702 1733 1707
f 1707 1733 1734
f 1707 1734 1695
f 1695 1734 1735
f 1695 1735 1696
f 1696 1735 1736
f 1696 1736 1737
f 1696 1737 1698
f 1698 1737 1708
f 1708 1737 1738
f 1708 1739 1684
f 1684 1739 1740
f 1684 1740 1685
f 1685 1740 1686
f 1686 1740 1741
f 1686 1741 1652
f 1652 1741 1742
f 1652 1742 1649
f 1649 1742 1743
f 1649 1743 1744
f 1703 1744 1699
f 1699 1744 1745
f 1699 1745 1746
f 1699 1746 1700
f 1700 1746 1712
f 1712 1746 1747
f 1712 1748 1704
f 1704 1748 1749
f 1704 1749 1654
f 1654 1749 1653
f 1653 1749 1750
f 1653 1750 1625
f 1625 1750 1751
f 1625 1751 1752
f 1625 1752 1626
f 1626 1752 1753
f 1611 1753 1754
f 1611 1754 1612
f 1612 1754 1755
f 1612 1755 1676
f 1676 1755 1756
f 1628 1756 1757
f 1628 1757 1629
f 1629 1757 1758
f 1629 1758 1759
f 1677 1760 1656
f 1656 1760 1631
f 1631 1760 1761
f 1631 1761 1630
f 1630 1761 1762
f 1630 1762 1613
f 1613 1762 1763
f 1613 1763 1764
f 1613 1764 1614
f 1614 1764 1616
f 1616 1764 1765
f 1616 1765 1617
f 1617 1765 1766
f 1617 1766 1632
f 1632 1766 1767
f 1632 1767 1657
f 1657 1767 1768
f 1657 1768 1618
f 1618 1768 1769
f 1618 1769 1619
f 1619 1769 1770
f 1619 1770 1771
f 1637 1771 1638
f 1638 1771 1772
f 1638 1772 1773
f 1638 1773 1639
f 1639 1773 1658
f 1658 1773 1774
f 1658 1774 1659
f 1659 1774 1775
f 1659 1775 1660
f 1660 1775 1776
f 1660 1776 1663
f 1663 1776 1777
f 1663 1777 1661
f 1661 1777 1778
f 1661 1778 1779
f 1661 1779 1664
f 1664 1779 1780
f 1687 1780 1781
f 1687 1781 1688
f 1688 1781 1782
f 1688 1782 1709
f 1709 1782 1783
f 1665 1784 1666
f 1666 1784 1785
f 1666 1785 1786
f 1678 1787 1640
f 1640 1787 1641
f 1641 1787 1788
f 1641 1788 1705
f 1705 1788 1789
f 1705 1789 1622
f 1622 1789 1790
f 1622 1790 1791
f 1622 1791 1667
f 1667 1791 1689
f 1689 1791 1792
f 1689 1792 1668
f 1668 1792 1793
f 1668 1793 1642
f 1642 1793 1794
f 1642 1794 1604
f 1604 1794 1795
f 1604 1795 1602
f 1602 1795 1796
f 1602 1796 1690
f 1690 1796 1797
f 1690 1797 1798
f 1710 1798 1691
f 1691 1798 1799
f 1691 1799 1800
f 1691 1800 1692
f 1692 1800 1713
f 1713 1800 1801
f 1713 1802 1670
f 1670 1802 1803
f 1670 1803 1671
f 1671 1803 1633
f 1633 1803 1804
f 1633 1804 1634
f 1634 1804 1805
f 1634 1805 1806
f 1634 1806 1672
f 1672 1806 1807
f 1673 1807 1808
f 1673 1808 1636
f 1636 1808 1809
f 1636 1809 1674
f 1674 1809 1810
f 1643 1811 1624
f 1624 1811 1812
f 1624 1812 1813
f 1600 1814 1601
f 1601 1814 1605
f 1605 1814 1815
f 1605 1815 1592
f 1646 1717 1680
f 1648 1726 1607
f 1607 1726 1727
f 1711 1729 1683
f 1683 1729 1730
f 1682 1732 1701
f 1701 1732 1733
f 1708 1738 1739
f 1649 1744 1703
f 1712 1747 1748
f 1626 1753 1611
f 1676 1756 1628
f 1629 1759 1677
f 1677 1759 1760
f 1619 1771 1637
f 1664 1780 1687
f 1709 1783 1665
f 1665 1783 1784
f 1666 1786 1678
f 1678 1786 1787
f 1690 1798 1710
f 1713 1801 1802
f 1672 1807 1673
f 1674 1810 1643
f 1643 1810 1811
f 1624 1813 1600
f 1600 1813 1814
f 1592 1815 1593
f 1816 1817 1818
f 1818 1817 1819
f 1817 1816 1820
f 1821 1820 1816
f 1820 1821 1822
f 1820 1822 1823
f 1823 1822 1824
f 1823 1824 1825
f 1823 1825 1826
f 1826 1825 1827
f 1826 1827 1828
f 1826 1828 1829
f 1829 1828 1830
f 1831 1603 1830
f 1830 1603 1829
f 1603 1831 1832
f 1833 1832 1831
f 1832 1833 1834
f 1832 1834 1835
f 1835 1834 1836
f 1835 1836 1837
f 1835 1837 1838
f 1838 1837 1839
f 1838 1839 1840
f 1838 1840 1841
f 1841 1840 1842
f 1843 1844 1842
f 1842 1844 1841
f 1844 1843 1845
f 1846 1845 1843
f 1845 1846 1847
f 1845 1847 1848
f 1848 1847 1849
f 1848 1849 1850
f 1848 1850 1851
f 1851 1850 1852
f 1851 1852 1853
f 1851 1853 1854
f 1854 1853 1855
f 1856 1655 1855
f 1855 1655 1854
f 1655 1856 1857
f 1858 1857 1856
f 1857 1858 1859
f 1857 1859 1860
f 1860 1859 1861
f 1860 1861 1862
f 1862 1861 1863
f 1862 1863 1864
f 1862 1864 1865
f 1865 1864 1866
f 1867 1609 1866
f 1866 1609 1865
f 1609 1867 1868
f 1869 1868 1867
f 1868 1869 1870
f 1868 1870 1871
f 1871 1870 1872
f 1871 1872 1873
f 1871 1873 1874
f 1874 1873 1875
f 1874 1875 1876
f 1874 1876 1819
f 1819 1876 1818
f 1877 988 1878
f 1878 988 994
f 1878 994 1879
f 1879 994 1880
f 1879 1880 1775
f 1775 1880 1778
f 1778 1880 1012
f 1778 1012 1781
f 1781 1012 1019
f 1781 1019 1782
f 1782 1019 1025
f 1782 1025 1785
f 1785 1025 1031
f 1785 1031 1788
f 1788 1031 1036
f 1788 1036 1791
f 1791 1036 1793
f 1793 1036 1042
f 1793 1042 1797
f 1797 1042 1048
f 1797 1048 1054
f 1797 1054 1800
f 1800 1054 1061
f 1800 1061 1803
f 1803 1061 1063
f 1803 1063 1806
f 1806 1063 1069
f 1806 1069 1808
f 1808 1069 1074
f 1808 1074 1881
f 1881 1074 1080
f 1881 1080 1085
f 1881 1085 1882
f 1882 1085 882
f 1882 882 1883
f 1883 882 874
f 1883 874 1884
f 1884 874 886
f 1884 886 1885
f 1885 886 892
f 1885 892 1721
f 1721 892 901
f 1721 901 1725
f 1725 901 904
f 1725 904 911
f 1725 911 1728
f 1728 911 917
f 1728 917 1731
f 1731 917 923
f 1731 923 1734
f 1734 923 928
f 1734 928 1737
f 1737 928 1740
f 1740 928 934
f 1740 934 1742
f 1742 934 940
f 1742 940 1745
f 1745 940 946
f 1745 946 1746
f 1746 946 953
f 1746 953 1749
f 1749 953 955
f 1749 955 1752
f 1752 955 961
f 1752 961 1754
f 1754 961 966
f 1754 966 1757
f 1757 966 972
f 1757 972 1761
f 1761 972 977
f 1761 977 982
f 1761 982 1877
f 1877 982 988
f 1725 1728 1727
f 1883 1587 1585
f 1813 1812 1881
f 1767 1766 1878
f 1878 1766 1877
f 1761 1758 1757
f 1757 1755 1754
f 1885 1718 1717
f 1881 1811 1809
f 1881 1809 1808
f 1809 1811 1810
f 1739 1737 1740
f 1715 1884 1716
f 1716 1884 1885
f 1881 1812 1811
f 1803 1806 1805
f 1777 1776 1778
f 1755 1757 1756
f 1585 1596 1883
f 1788 1790 1789
f 1877 1766 1765
f 1719 1721 1720
f 1721 1719 1885
f 1885 1719 1718
f 1885 1717 1716
f 1884 1591 1589
f 1589 1587 1884
f 1884 1587 1883
f 1806 1808 1807
f 1800 1803 1802
f 1769 1878 1770
f 1770 1878 1879
f 1877 1764 1761
f 1761 1764 1763
f 1761 1763 1762
f 1761 1760 1758
f 1758 1760 1759
f 1749 1752 1751
f 1745 1743 1742
f 1741 1740 1742
f 1736 1734 1737
f 1725 1724 1722
f 1722 1724 1723
f 1883 1596 1882
f 1882 1596 1595
f 1775 1773 1879
f 1752 1754 1753
f 1749 1751 1750
f 1882 1595 1593
f 1882 1815 1814
f 1882 1814 1881
f 1805 1804 1803
f 1788 1791 1790
f 1778 1776 1775
f 1773 1775 1774
f 1769 1768 1878
f 1877 1765 1764
f 1746 1749 1748
f 1730 1728 1731
f 1725 1727 1726
f 1725 1722 1721
f 1715 1591 1884
f 1791 1793 1792
f 1780 1779 1781
f 1879 1773 1772
f 1878 1768 1767
f 1734 1736 1735
f 1881 1814 1813
f 1797 1799 1798
f 1797 1796 1794
f 1794 1796 1795
f 1797 1794 1793
f 1782 1785 1784
f 1737 1739 1738
f 1797 1800 1799
f 1788 1787 1785
f 1781 1779 1778
f 1770 1879 1771
f 1771 1879 1772
f 1745 1744 1743
f 1734 1733 1731
f 1730 1729 1728
f 1882 1593 1815
f 1748 1747 1746
f 1782 1784 1783
f 1802 1801 1800
f 1785 1787 1786
f 1731 1733 1732
f 874 885 872
f 911 912 917
f 1078 1080 1074
f 1078 1074 1076
f 962 965 961
f 874 882 885
f 895 901 892
f 911 904 907
f 956 958 955
f 886 874 876
f 886 888 892
f 961 965 966
f 892 888 891
f 902 904 901
f 955 958 961
f 1063 1066 1069
f 1070 1073 1069
f 1069 1073 1074
f 1085 1086 882
f 895 896 899
f 895 899 901
f 917 918 923
f 940 942 946
f 1007 1880 1003
f 1007 1003 1004
f 1085 1080 1083
f 886 876 878
f 928 931 934
f 934 931 932
f 936 940 934
f 977 978 982
f 1012 1009 1010
f 968 970 966
f 966 970 972
f 988 982 985
f 994 988 990
f 994 1000 1880
f 1880 1000 1003
f 1880 1007 1009
f 1880 1009 1012
f 1063 1064 1066
f 882 1086 880
f 917 912 914
f 923 924 928
f 940 936 938
f 953 946 949
f 972 975 977
f 988 985 986
f 1019 1012 1015
f 928 924 926
f 994 996 1000
f 1036 1032 1034
f 907 909 911
f 946 942 945
f 1019 1020 1025
f 1025 1026 1031
f 1036 1039 1042
f 923 918 921
f 990 992 994
f 996 999 1000
f 1031 1032 1036
f 1040 1042 1039
f 1044 1048 1042
f 1050 1054 1048
f 953 949 950
f 982 978 980
f 1061 1054 1057
f 1020 1022 1025
f 1048 1044 1046
f 1061 1057 1058
f 1019 1015 1017
f 1050 1053 1054
f 1031 1026 1029
f 344 345 843
f 344 843 628
f 628 843 850
f 628 850 629
f 629 850 347
f 629 347 346
f 352 353 838
f 352 838 612
f 612 838 832
f 612 832 613
f 613 832 355
f 613 355 354
f 360 361 833
f 360 833 614
f 614 833 836
f 614 836 615
f 615 836 310
f 365 366 849
f 365 849 616
f 616 849 848
f 616 848 367
f 367 848 368
f 373 374 857
f 373 857 618
f 618 857 856
f 618 856 617
f 617 856 307
f 617 307 306
f 378 379 869
f 378 869 619
f 619 869 863
f 619 863 620
f 620 863 313
f 620 313 312
f 318 319 870
f 318 870 621
f 621 870 841
f 621 841 622
f 622 841 321
f 622 321 320
f 326 327 871
f 326 871 623
f 623 871 866
f 623 866 624
f 624 866 304
f 331 332 865
f 331 865 625
f 625 865 852
f 625 852 333
f 333 852 334
f 339 340 861
f 339 861 626
f 626 861 844
f 626 844 627
f 627 844 301
f 627 301 300
f 615 310 309
f 624 304 303
f 1886 632 1887
f 1887 632 667
f 1887 667 1888
f 1888 667 680
f 1888 680 1889
f 1889 680 673
f 1889 673 1890
f 1890 673 676
f 1890 676 1891
f 1891 676 670
f 1891 670 1892
f 1892 670 664
f 1892 664 1893
f 1893 664 659
f 1893 659 1894
f 1894 659 662
f 1894 662 1895
f 1895 662 657
f 1895 657 1896
f 1896 657 654
f 1896 654 1897
f 1897 654 649
f 1897 649 1898
f 1898 649 651
f 1898 651 1899
f 1899 651 640
f 1899 640 1900
f 1900 640 643
f 1900 643 1901
f 1901 643 636
f 1901 636 1902
f 1902 636 639
f 1902 639 1903
f 1903 639 644
f 1903 644 1904
f 1904 644 634
f 1904 634 1905
f 1905 634 630
f 1905 630 1886
f 1886 630 632
f 1895 1896 726
f 726 1896 1897
f 726 1897 768
f 768 1897 1898
f 768 1898 767
f 767 1898 765
f 765 1898 1899
f 765 1899 763
f 763 1899 1900
f 763 1900 761
f 761 1900 1901
f 761 1901 759
f 759 1901 1902
f 759 1902 756
f 756 1902 1903
f 756 1903 754
f 754 1903 1904
f 754 1904 752
f 752 1904 1905
f 752 1905 750
f 750 1905 1886
f 750 1886 747
f 747 1886 1887
f 747 1887 745
f 745 1887 1888
f 745 1888 743
f 743 1888 741
f 741 1888 1889
f 741 1889 739
f 739 1889 1890
f 739 1890 737
f 737 1890 1891
f 737 1891 735
f 735 1891 1892
f 735 1892 733
f 733 1892 1893
f 733 1893 732
f 732 1893 730
f 730 1893 1894
f 730 1894 728
f 728 1894 1895
f 728 1895 726
f 1402 1906 1403
f 1907 1396 1395
f 1396 1907 1397
f 1402 1401 1906
f 1384 1908 1386
f 1386 1908 1387
f 1387 1908 1909
f 1909 1379 1387
f 1379 1909 1910
f 1379 1910 1380
f 1381 1380 1911
f 1911 1383 1381
f 1334 1333 1912
f 1912 1335 1334
f 1344 1354 1913
f 1913 1345 1344
f 1359 1914 1360
f 1360 1914 1362
f 1362 1914 1915
f 1915 1363 1362
f 1365 1916 1356
f 1917 1356 1916
f 1356 1917 1359
f 1421 1420 1918
f 1918 1422 1421
f 1224 1413 1422
f 1224 1422 1918
f 1225 1918 1420
f 1224 1918 1225
f 1225 1420 1419
f 1225 1419 1228
f 1228 1417 1229
f 1228 1419 1417
f 1230 1416 1415
f 1229 1416 1230
f 1413 1224 1232
f 1232 1414 1413
f 1230 1415 1232
f 1232 1415 1414
f 1416 1229 1417
f 1395 1212 1907
f 1211 1907 1212
f 1213 1403 1215
f 1215 1403 1906
f 1212 1395 1213
f 1213 1395 1403
f 1219 1217 1401
f 1401 1400 1219
f 1220 1397 1211
f 1398 1397 1220
f 1219 1400 1398
f 1219 1398 1220
f 1215 1906 1217
f 1217 1906 1401
f 1211 1397 1907
f 1908 1384 1199
f 1206 1910 1909
f 1206 1909 1208
f 1208 1909 1908
f 1199 1384 1200
f 1208 1908 1199
f 1201 1383 1911
f 1200 1383 1201
f 1205 1380 1910
f 1204 1380 1205
f 1201 1911 1204
f 1204 1911 1380
f 1383 1200 1384
f 1205 1910 1206
f 1187 1342 1341
f 1188 1341 1339
f 1187 1341 1188
f 1188 1339 1338
f 1188 1338 1191
f 1191 1337 1195
f 1191 1338 1337
f 1194 1335 1912
f 1195 1335 1194
f 1197 1333 1342
f 1192 1333 1197
f 1194 1912 1192
f 1192 1912 1333
f 1335 1195 1337
f 1197 1342 1187
f 1353 1178 1354
f 1176 1354 1178
f 1179 1352 1181
f 1181 1352 1351
f 1178 1353 1179
f 1179 1353 1352
f 1184 1183 1349
f 1349 1347 1184
f 1186 1913 1176
f 1345 1913 1186
f 1184 1347 1345
f 1184 1345 1186
f 1181 1351 1183
f 1183 1351 1349
f 1176 1913 1354
f 1914 1359 1165
f 1172 1364 1363
f 1172 1363 1915
f 1172 1915 1174
f 1174 1915 1914
f 1165 1359 1166
f 1174 1914 1165
f 1167 1917 1916
f 1166 1917 1167
f 1171 1365 1364
f 1170 1365 1171
f 1167 1916 1170
f 1170 1916 1365
f 1917 1166 1359
f 1171 1364 1172
f 1556 1119 1111
f 1559 1111 1113
f 1561 1113 1115
f 1561 1115 1088
f 1563 1088 1090
f 1563 1090 1093
f 1565 1093 1094
f 1565 1094 1567
f 1573 1571 1151
f 1577 1154 1156
f 1577 1156 1579
f 1579 1143 1145
f 1583 1149 1105
f 1532 1107 1110
f 1532 1110 1135
f 1535 1137 1139
f 1536 1141 1539
f 1539 1141 1128
f 1539 1128 1130
f 1545 1122 1546
f 1546 1125 1548
f 1548 1125 1097
f 1548 1097 1099
f 1551 1099 1101
f 1553 1101 1103
f 1553 1103 1554
f 1554 1118 1556
f 1556 1118 1119
f 1571 1161 1163
f 1571 1163 1151
f 1573 1151 1574
f 1583 1147 1149
f 1530 1105 1107
f 1545 1543 1122
f 1546 1122 1125
f 1554 1103 1118
f 1574 1151 1154
f 1579 1156 1143
f 1580 1145 1147
f 1535 1135 1137
f 1536 1139 1141
f 1567 1094 1096
f 1567 1096 1569
f 1569 1096 1161
f 1541 1130 1132
f 1543 1132 1122
f 1114 1112 1471
f 1472 1120 1473
f 1474 1117 1475
f 1120 1117 1474
f 1476 1100 1477
f 1478 1126 1479
f 1124 1123 1481
f 1123 1133 1482
f 1483 1131 1129
f 1485 1140 1486
f 1487 1109 1488
f 1487 1134 1109
f 1488 1109 1108
f 1108 1106 1489
f 1150 1148 1459
f 1146 1144 1461
f 1144 1158 1462
f 1463 1155 1153
f 1152 1162 1464
f 1467 1159 1095
f 1467 1095 1468
f 1469 1089 1116
f 1469 1116 1470
f 1472 1121 1120
f 1473 1120 1474
f 1117 1104 1475
f 1102 1100 1476
f 1100 1098 1477
f 1478 1127 1126
f 1479 1126 1480
f 1126 1124 1480
f 1129 1142 1484
f 1484 1142 1485
f 1485 1142 1140
f 1140 1138 1486
f 1106 1150 1458
f 1148 1146 1460
f 1157 1155 1463
f 1464 1162 1465
f 1465 1162 1466
f 1162 1160 1466
f 1095 1092 1468
f 1091 1089 1469
f 1470 1116 1114
f 1555 1516 1515
f 1555 1515 1552
f 1552 1515 1513
f 1552 1513 1550
f 1550 1513 1549
f 1549 1513 1511
f 1549 1511 1547
f 1547 1511 1509
f 1547 1509 1544
f 1544 1509 1507
f 1544 1507 1542
f 1542 1507 1505
f 1542 1505 1540
f 1540 1505 1503
f 1540 1503 1538
f 1538 1503 1537
f 1537 1503 1501
f 1537 1501 1534
f 1534 1501 1533
f 1533 1501 1499
f 1533 1499 1529
f 1529 1499 1496
f 1529 1496 1531
f 1531 1496 1582
f 1582 1496 1495
f 1582 1495 1581
f 1581 1495 1493
f 1581 1493 1578
f 1578 1493 1491
f 1578 1491 1576
f 1576 1491 1575
f 1575 1491 1528
f 1575 1528 1572
f 1572 1528 1526
f 1572 1526 1570
f 1570 1526 1568
f 1568 1526 1523
f 1568 1523 1566
f 1566 1523 1564
f 1564 1523 1521
f 1564 1521 1562
f 1562 1521 1560
f 1560 1521 1518
f 1560 1518 1558
f 1558 1518 1557
f 1557 1518 1516
f 1557 1516 1555
f 1599 1817 1598
f 1598 1817 1820
f 1598 1820 1823
f 1598 1823 1635
f 1635 1823 1826
f 1635 1826 1669
f 1669 1826 1829
f 1669 1829 1603
f 1623 1603 1832
f 1623 1832 1621
f 1621 1832 1835
f 1621 1835 1662
f 1662 1835 1838
f 1662 1838 1841
f 1662 1841 1620
f 1620 1841 1844
f 1620 1844 1845
f 1620 1845 1615
f 1615 1845 1848
f 1615 1848 1627
f 1627 1848 1851
f 1627 1851 1854
f 1627 1854 1610
f 1610 1854 1655
f 1655 1857 1650
f 1650 1857 1860
f 1650 1860 1651
f 1651 1860 1862
f 1651 1862 1697
f 1697 1862 1865
f 1697 1865 1609
f 1606 1609 1868
f 1606 1868 1675
f 1675 1868 1871
f 1675 1871 1645
f 1645 1871 1874
f 1645 1874 1599
f 1599 1874 1819
f 1599 1819 1817
f 864 1919 1920
f 862 864 1921
f 1921 864 1920
f 1921 1920 1849
f 1922 862 1921
f 1922 1921 1847
f 1847 1921 1849
f 1852 1850 1920
f 1855 1853 1923
f 1923 1853 1919
f 1923 1919 855
f 847 1924 1925
f 1925 1924 1859
f 1861 1926 1863
f 835 834 1927
f 1864 1927 1866
f 858 1928 1870
f 1870 1928 1872
f 1873 1929 1875
f 1876 1930 1818
f 1931 845 1932
f 1931 1932 1822
f 1822 1932 1824
f 1825 1933 1827
f 1934 853 1935
f 1934 1935 1828
f 1828 1935 1830
f 867 868 1936
f 1936 868 1937
f 1936 1937 1834
f 1834 1937 1836
f 868 840 1938
f 1837 1938 1839
f 840 839 1939
f 1840 1939 1842
f 1919 1852 1920
f 1853 1852 1919
f 1856 1855 1940
f 1940 1855 1923
f 1940 1923 855
f 855 847 1940
f 1940 847 1941
f 1940 1941 1856
f 1856 1941 1858
f 1925 1858 1941
f 1925 1941 847
f 1858 1925 1859
f 1861 1859 1924
f 835 1924 847
f 1924 835 1926
f 1924 1926 1861
f 1927 1863 1926
f 1927 1926 835
f 1863 1927 1864
f 1927 834 1942
f 1927 1942 1866
f 1867 1866 1942
f 1942 834 1943
f 1942 1943 1867
f 834 859 1943
f 1867 1943 1869
f 859 858 1943
f 1943 858 1869
f 1869 858 1870
f 858 837 1928
f 1928 837 1929
f 1928 1929 1872
f 1872 1929 1873
f 1929 837 860
f 1929 860 1930
f 1929 1930 1875
f 1875 1930 1876
f 1930 860 1944
f 1930 1944 1818
f 1816 1818 1944
f 842 1944 860
f 1944 842 846
f 1944 846 1816
f 846 1931 1816
f 1816 1931 1821
f 846 845 1931
f 1821 1931 1822
f 845 851 1932
f 1932 851 1933
f 1932 1933 1824
f 1824 1933 1825
f 1934 1827 1933
f 1934 1933 853
f 853 1933 851
f 1827 1934 1828
f 1831 1830 1945
f 1945 1830 1935
f 1945 1935 854
f 854 1935 853
f 854 867 1945
f 1831 1945 1833
f 1936 1833 1945
f 1936 1945 867
f 1936 1834 1833
f 868 1938 1937
f 1937 1938 1836
f 1836 1938 1837
f 1939 1839 1938
f 1939 1938 840
f 1839 1939 1840
f 1939 839 1946
f 1939 1946 1842
f 1843 1842 1946
f 1946 839 1947
f 1946 1947 1843
f 1843 1947 1846
f 1922 1846 1947
f 1922 1947 839
f 1922 839 862
f 1846 1922 1847
f 864 855 1919
f 1920 1850 1849
f 1498 684 1497
f 1497 684 683
f 1498 1500 686
f 686 684 1498
f 1500 1502 688
f 688 686 1500
f 1502 1504 690
f 690 688 1502
f 1506 692 1504
f 692 690 1504
f 692 1506 695
f 695 1506 1508
f 695 1508 697
f 697 1508 1510
f 697 1510 699
f 699 1510 1512
f 699 1512 701
f 701 1512 1514
f 701 1514 703
f 703 1514 1517
f 703 1517 705
f 1519 706 1517
f 1517 706 705
f 1519 1520 708
f 708 706 1519
f 1520 1522 710
f 710 708 1520
f 1522 1524 712
f 712 710 1522
f 1524 1525 714
f 714 712 1524
f 1527 717 1525
f 1525 717 714
f 1490 719 1527
f 1527 719 717
f 1492 721 1490
f 1490 721 719
f 1494 723 1492
f 1492 723 721
f 1497 683 725
f 1497 725 1494
f 1494 725 723
f 1948 1949 1950
f 1950 1949 635
f 1950 635 1951
f 1950 1951 1952
f 1952 1951 1953
f 1952 1953 1954
f 1954 1953 1955
f 1954 1955 1956
f 1956 1955 648
f 1956 648 1957
f 1956 1957 1958
f 1958 1957 647
f 1958 647 1959
f 1958 1959 1960
f 1960 1959 637
f 1960 637 1961
f 1961 637 1962
f 1961 1962 1963
f 1963 1962 653
f 1963 653 1964
f 1963 1964 642
f 1963 642 1965
f 642 641 1965
f 1965 641 1966
f 1966 641 652
f 1966 652 650
f 1966 650 1967
f 1967 650 1968
f 1967 1968 1969
f 1969 1968 656
f 656 655 1969
f 1969 655 1970
f 1970 655 1971
f 1970 1971 1972
f 1970 1972 1973
f 1973 1972 1974
f 1973 1974 669
f 1973 669 1975
f 1975 669 1976
f 1975 1976 1977
f 1975 1977 1978
f 1978 1977 661
f 1978 661 660
f 1978 660 1979
f 1978 1979 1980
f 1980 1979 1981
f 1980 1981 1982
f 1980 1982 1983
f 1983 1982 671
f 1983 671 1984
f 1984 671 678
f 1984 678 1985
f 1985 678 677
f 1985 677 675
f 1985 675 1986
f 1985 1986 1987
f 1987 1986 674
f 1987 674 1988
f 1987 1988 1989
f 1989 1988 681
f 1989 681 679
f 1989 679 1990
f 1990 679 1991
f 1990 1991 668
f 1990 668 1992
f 1992 668 666
f 1992 666 1993
f 1992 1993 1948
f 1948 1993 633
f 1948 633 1949
f 685 1969 682
f 1969 685 1967
f 1967 685 687
f 1967 687 1966
f 1966 687 689
f 1966 689 1965
f 1965 689 1963
f 1963 689 691
f 1963 691 1961
f 1961 691 693
f 1961 693 1960
f 1960 693 694
f 1960 694 1958
f 1958 694 1956
f 1956 694 696
f 1956 696 1954
f 1954 696 698
f 1954 698 1952
f 1952 698 700
f 1952 700 1950
f 1950 700 702
f 1950 702 1948
f 1948 702 704
f 1948 704 1992
f 707 1992 704
f 707 709 1990
f 707 1990 1992
f 709 711 1987
f 1987 1989 709
f 709 1989 1990
f 711 713 1985
f 1985 1987 711
f 713 715 1984
f 1984 1985 713
f 715 716 1983
f 715 1983 1984
f 716 718 1980
f 716 1980 1983
f 718 720 1978
f 718 1978 1980
f 720 722 1975
f 720 1975 1978
f 722 724 1973
f 722 1973 1975
f 1969 1970 682
f 682 1970 724
f 724 1970 1973
f 635 646 1951
f 1951 646 1953
f 648 647 1957
f 647 638 1959
f 638 637 1959
f 650 656 1968
f 655 658 1971
f 1971 658 1972
f 658 669 1974
f 658 1974 1972
f 660 665 1979
f 1979 665 1981
f 675 674 1986
f 633 631 1949
f 635 1949 631
f 646 645 1955
f 646 1955 1953
f 645 648 1955
f 1962 637 653
f 653 642 1964
f 1976 669 663
f 663 1977 1976
f 663 661 1977
f 665 672 1981
f 1981 672 1982
f 672 671 1982
f 1988 674 681
f 668 1991 679
f 1993 666 633
f 1368 1318 1319
f 1368 1319 1370
f 1370 1319 1320
f 1370 1320 1372
f 1372 1320 1321
f 1372 1321 1340
f 1340 1321 1322
f 1340 1322 1336
f 1336 1322 1323
f 1336 1323 1374
f 1374 1323 1324
f 1377 1324 1325
f 1377 1325 1326
f 1326 1327 1385
f 1385 1327 1388
f 1388 1327 1328
f 1388 1328 1390
f 1390 1328 1329
f 1390 1329 1392
f 1392 1329 1330
f 1392 1330 1331
f 1331 1302 1399
f 1399 1302 1405
f 1405 1302 1303
f 1405 1303 1407
f 1407 1303 1304
f 1407 1304 1409
f 1409 1304 1305
f 1409 1305 1411
f 1411 1305 1306
f 1411 1306 1418
f 1418 1306 1307
f 1418 1307 1308
f 1425 1308 1309
f 1425 1309 1310
f 1427 1310 1311
f 1427 1311 1361
f 1361 1311 1312
f 1361 1312 1358
f 1358 1312 1313
f 1313 1314 1429
f 1429 1314 1315
f 1346 1316 1317
f 1346 1317 1318
f 1994 1182 1995
f 1995 1182 1996
f 1996 1182 1280
f 1996 1280 1997
f 1997 1280 1282
f 1997 1282 1998
f 1998 1282 1284
f 1998 1284 1999
f 1999 1284 1168
f 1999 1168 2000
f 2000 1168 1169
f 2000 1169 1273
f 2000 1273 2001
f 2001 1273 1275
f 2001 1275 2002
f 2002 1275 1278
f 2002 1278 2003
f 2003 1278 2004
f 2004 1278 1245
f 2004 1245 1242
f 2004 1242 2005
f 2005 1242 1239
f 2005 1239 2006
f 2006 1239 1272
f 2006 1272 2007
f 2007 1272 2008
f 2007 2008 1270
f 2007 1270 2009
f 2009 1270 1267
f 2009 1267 2010
f 2010 1267 1265
f 2010 1265 2011
f 2011 1265 1264
f 2011 1264 2012
f 2012 1264 1262
f 2012 1262 2013
f 2013 1262 1297
f 2013 1297 2014
f 2014 1297 1299
f 2014 1299 1301
f 2014 1301 2015
f 2015 1301 1202
f 2015 1202 2016
f 2016 1202 2017
f 2017 1202 1203
f 2017 1203 1291
f 2017 1291 2018
f 2018 1291 2019
f 2019 1291 1293
f 2019 1293 2020
f 2020 1293 1296
f 2020 1296 2021
f 2021 1296 1196
f 2021 1196 2022
f 2022 1196 1193
f 2022 1193 2023
f 2023 1193 2024
f 2024 1193 1286
f 2024 1286 2025
f 2025 1286 1288
f 2025 1288 2026
f 2026 1288 1290
f 2026 1290 2027
f 2027 1290 1994
f 1994 1290 1180
f 1994 1180 1182
f 2028 2029 770
f 770 2029 830
f 830 2029 2030
f 830 2030 828
f 828 2030 2031
f 828 2031 826
f 826 2031 2032
f 826 2032 824
f 824 2032 2033
f 824 2033 822
f 822 2033 2034
f 822 2034 819
f 819 2034 2035
f 819 2035 2036
f 819 2036 817
f 817 2036 2037
f 817 2037 815
f 815 2037 2038
f 815 2038 813
f 813 2038 2039
f 813 2039 811
f 811 2039 809
f 809 2039 2040
f 809 2040 807
f 807 2040 2041
f 807 2041 805
f 805 2041 2042
f 805 2042 2043
f 805 2043 803
f 803 2043 2044
f 803 2044 801
f 801 2044 2045
f 801 2045 799
f 799 2045 2046
f 799 2046 797
f 797 2046 2047
f 797 2047 795
f 795 2047 2048
f 795 2048 793
f 793 2048 2049
f 793 2049 791
f 791 2049 2050
f 791 2050 788
f 788 2050 2051
f 788 2051 786
f 786 2051 2052
f 786 2052 2053
f 786 2053 784
f 784 2053 782
f 782 2053 2054
f 782 2054 780
f 780 2054 2055
f 780 2055 778
f 778 2055 2056
f 778 2056 776
f 776 2056 2057
f 776 2057 2058
f 776 2058 774
f 774 2058 2059
f 774 2059 772
f 772 2059 2028
f 772 2028 770
f 2060 579 2061
f 2061 579 576
f 2061 576 2062
f 2062 576 574
f 2062 574 2063
f 2063 574 572
f 2063 572 2064
f 2064 572 570
f 2064 570 2065
f 2065 570 567
f 2065 567 2066
f 2066 567 564
f 2066 564 2067
f 2067 564 561
f 2067 561 560
f 2067 560 2068
f 2069 588 583
f 2069 583 2070
f 2070 583 2071
f 2071 583 585
f 2071 585 2072
f 2071 2072 2073
f 2073 2072 2074
f 2073 2074 2075
f 2075 2074 2076
f 2075 2076 2077
f 2077 2076 2078
f 2078 2076 2079
f 2078 2079 2080
f 2080 2079 580
f 2080 580 2060
f 2060 580 579
f 2068 560 555
f 2068 555 2081
f 2081 555 557
f 2081 557 2082
f 2082 557 2083
f 2083 557 2084
f 2083 2084 2085
f 2085 2084 2086
f 2085 2086 2087
f 2087 2086 2088
f 2087 2088 2089
f 2089 2088 2090
f 2089 2090 2091
f 2091 2090 611
f 2091 611 2092
f 2092 611 610
f 2092 610 605
f 2092 605 2093
f 2093 605 2094
f 2094 605 604
f 2094 604 2095
f 2095 604 601
f 2095 601 2096
f 2096 601 600
f 2096 600 2097
f 2097 600 2098
f 2098 600 598
f 2098 598 2099
f 2099 598 596
f 2099 596 2100
f 2100 596 594
f 2100 594 592
f 2100 592 2101
f 2101 592 589
f 2101 589 2069
f 2069 589 588
f 2102 2061 2062
f 2102 2062 2103
f 2103 2062 2063
f 2103 2063 2104
f 2104 2063 2064
f 2104 2064 2105
f 2102 2106 2061
f 2061 2106 2107
f 2061 2107 2060
f 2075 2077 2108
f 2108 2077 2109
f 2109 2077 2078
f 2109 2078 2080
f 2109 2080 2110
f 2110 2080 2060
f 2110 2060 2107
f 2069 2070 2111
f 2111 2070 2071
f 2111 2071 2112
f 2112 2071 2073
f 2112 2073 2113
f 2113 2073 2114
f 2114 2073 2075
f 2114 2075 2108
f 2069 2111 2115
f 2069 2115 2101
f 2101 2115 2116
f 2101 2116 2100
f 2100 2116 2117
f 2100 2117 2099
f 2099 2117 2118
f 2099 2118 2098
f 2064 2065 2105
f 2105 2065 2119
f 2119 2065 2066
f 2119 2066 2120
f 2120 2066 2067
f 2120 2067 2121
f 2121 2067 2068
f 2121 2068 2122
f 2122 2068 2081
f 2122 2081 2123
f 2123 2081 2082
f 2123 2082 2124
f 2124 2082 2083
f 2124 2083 2125
f 2125 2083 2085
f 2125 2085 2126
f 2126 2085 2087
f 2126 2087 2089
f 2126 2089 2127
f 2127 2089 2128
f 2128 2089 2091
f 2128 2091 2129
f 2129 2091 2092
f 2129 2092 2130
f 2130 2092 2093
f 2130 2093 2131
f 2131 2093 2094
f 2131 2094 2132
f 2132 2094 2095
f 2132 2095 2133
f 2133 2095 2096
f 2133 2096 2134
f 2134 2096 2097
f 2134 2097 2098
f 2134 2098 2118
f 2105 2135 2104
f 2104 2135 2103
f 2103 2135 2136
f 2103 2136 2102
f 2102 2136 2137
f 2102 2137 2106
f 2106 2137 2138
f 2106 2138 2107
f 2107 2138 2139
f 2107 2139 2110
f 2110 2139 2140
f 2110 2140 2109
f 2109 2140 2141
f 2114 2108 2142
f 2142 2108 2143
f 2143 2108 2109
f 2143 2109 2141
f 2114 2142 2144
f 2114 2144 2113
f 2113 2144 2145
f 2113 2145 2112
f 2112 2145 2146
f 2112 2146 2111
f 2111 2146 2147
f 2111 2147 2115
f 2115 2147 2148
f 2115 2148 2116
f 2116 2148 2149
f 2116 2149 2117
f 2117 2149 2150
f 2117 2150 2151
f 2117 2151 2118
f 2118 2151 2152
f 2118 2152 2153
f 2118 2153 2134
f 2134 2153 2154
f 2134 2154 2133
f 2133 2154 2155
f 2133 2155 2132
f 2132 2155 2156
f 2132 2156 2131
f 2131 2156 2157
f 2131 2157 2130
f 2130 2157 2158
f 2130 2158 2129
f 2129 2158 2159
f 2129 2159 2128
f 2128 2159 2160
f 2128 2160 2127
f 2127 2160 2161
f 2127 2161 2126
f 2121 2162 2120
f 2126 2161 2163
f 2126 2163 2125
f 2125 2163 2164
f 2125 2164 2124
f 2124 2164 2165
f 2124 2165 2123
f 2123 2165 2166
f 2123 2166 2122
f 2122 2166 2167
f 2122 2167 2121
f 2121 2167 2168
f 2121 2168 2162
f 2120 2162 2119
f 2119 2162 2169
f 2119 2169 2105
f 2105 2169 2170
f 2105 2170 2135
f 519 518 2171
f 2171 518 2172
f 2171 2172 2173
f 2173 2172 2174
f 2173 2174 2175
f 2175 2174 541
f 2175 541 540
f 485 484 2176
f 2176 484 2177
f 2176 2177 2178
f 2178 2177 2179
f 2178 2179 2180
f 2180 2179 509
f 2180 509 508
f 453 452 2181
f 2181 452 2182
f 2181 2182 2183
f 2183 2182 2184
f 2183 2184 2185
f 2185 2184 474
f 2185 474 475
f 420 419 2186
f 2186 419 2187
f 2186 2187 2188
f 2188 2187 2189
f 2188 2189 2190
f 2190 2189 443
f 2190 443 442
f 2191 2192 2193
f 2194 392 2195
f 2195 392 391
f 2196 392 2194
f 388 2191 2197
f 2198 2199 2195
f 2195 2199 2200
f 2195 2200 2201
f 2201 2200 2202
f 2202 2200 2203
f 391 2198 2195
f 2204 2196 2205
f 2205 2196 2194
f 2206 386 385
f 2206 385 2207
f 2202 389 2197
f 2197 389 388
f 2193 2208 2191
f 2191 2208 2209
f 2209 2208 2206
f 2206 2208 2210
f 2202 2203 389
f 389 2203 405
f 2211 2212 2213
f 2211 2213 2205
f 2205 2213 2204
f 2214 382 2211
f 2211 382 381
f 2207 2215 2216
f 2207 2216 2217
f 2217 2216 2218
f 2206 2210 386
f 386 2210 398
f 2192 2191 388
f 2211 381 2212
f 2217 2218 2219
f 2217 2219 2214
f 2214 2219 2220
f 2207 385 2215
f 2214 2220 382
f 2221 423 2222
f 423 2221 2223
f 423 2223 2224
f 443 2189 440
f 2225 2226 440
f 2225 440 2227
f 2227 440 2228
f 440 437 443
f 437 444 443
f 421 423 419
f 419 423 2187
f 2187 423 2224
f 2187 2224 2189
f 2189 2224 2228
f 2189 2228 440
f 419 418 421
f 2229 2230 456
f 2231 2232 472
f 2231 472 2233
f 2233 472 2234
f 2229 456 2235
f 2235 456 2236
f 472 469 474
f 474 469 476
f 454 456 452
f 452 456 2182
f 2182 456 2230
f 2182 2230 2184
f 2184 2230 2234
f 2184 2234 474
f 474 2234 472
f 452 451 454
f 2237 2238 506
f 2239 2240 488
f 509 2179 506
f 2239 488 2241
f 2241 488 2242
f 2237 506 2243
f 2243 506 2244
f 506 503 509
f 486 488 484
f 484 488 2177
f 2177 488 2240
f 2177 2240 2179
f 2179 2240 2244
f 2179 2244 506
f 503 510 509
f 484 483 486
f 2245 2246 525
f 2247 2248 538
f 2247 538 2249
f 525 2246 2250
f 525 2250 2251
f 523 525 518
f 518 525 2172
f 2172 525 2251
f 2172 2251 2174
f 2174 2251 2249
f 2174 2249 541
f 518 517 523
f 2249 538 541
f 541 538 535
f 535 542 541
f 2247 2249 2252
f 425 2253 423
f 2254 2222 423
f 2254 423 2253
f 2255 2226 2256
f 2255 2257 2226
f 2226 2257 440
f 441 440 2257
f 457 2258 456
f 2259 2236 456
f 2259 456 2258
f 2260 2232 2261
f 2260 2262 2232
f 2232 2262 472
f 473 472 2262
f 490 2263 488
f 2264 2242 488
f 2264 488 2263
f 2265 2242 2264
f 2266 2238 2267
f 2238 2266 506
f 2266 2268 506
f 507 506 2268
f 526 2269 525
f 2270 2245 525
f 2270 525 2269
f 2271 2248 2272
f 2271 2273 2248
f 2248 2273 538
f 539 538 2273
f 2236 2259 2274
f 2236 2169 2235
f 2235 2169 2162
f 2235 2162 2229
f 2229 2162 2168
f 2229 2168 2230
f 2230 2168 2167
f 2230 2167 2234
f 2234 2167 2166
f 2234 2166 2233
f 2233 2166 2165
f 2233 2165 2231
f 2231 2165 2164
f 2231 2164 2232
f 2275 2261 2232
f 2163 2275 2232
f 2163 2232 2164
f 2240 2158 2157
f 2240 2157 2244
f 2244 2157 2156
f 2244 2156 2243
f 2243 2156 2155
f 2243 2155 2237
f 2237 2155 2154
f 2237 2154 2238
f 2153 2238 2154
f 2247 2252 2146
f 2146 2252 2147
f 2147 2252 2249
f 2147 2249 2148
f 2148 2249 2251
f 2148 2251 2149
f 2149 2251 2250
f 2149 2250 2150
f 2150 2250 2246
f 2150 2246 2151
f 2151 2246 2245
f 2151 2245 2152
f 2152 2245 2270
f 2152 2270 2276
f 2145 2248 2247
f 2145 2247 2146
f 2254 2142 2222
f 2222 2142 2143
f 2222 2143 2221
f 2221 2143 2141
f 2226 2135 2256
f 2135 2226 2136
f 2136 2226 2225
f 2136 2225 2137
f 2137 2225 2227
f 2137 2227 2138
f 2138 2227 2228
f 2138 2228 2139
f 2139 2228 2224
f 2139 2224 2140
f 2140 2224 2223
f 2140 2223 2141
f 2141 2223 2221
f 2135 2277 2256
f 2272 2248 2145
f 2272 2145 2278
f 2278 2145 2144
f 2278 2144 2279
f 2279 2144 2142
f 2279 2142 2254
f 2152 2276 2153
f 2153 2276 2280
f 2153 2280 2238
f 2238 2280 2267
f 2240 2239 2158
f 2158 2239 2241
f 2158 2241 2159
f 2159 2241 2242
f 2159 2242 2160
f 2160 2242 2265
f 2160 2265 2161
f 2265 2281 2161
f 2161 2281 2275
f 2161 2275 2163
f 2236 2274 2169
f 2169 2274 2170
f 2170 2274 2277
f 2170 2277 2135
f 551 2282 549
f 549 2282 2283
f 549 2283 521
f 500 2282 551
f 500 551 499
f 499 551 494
f 549 521 511
f 549 511 515
f 494 497 499
f 497 494 496
f 511 513 515
f 2280 501 507
f 507 2266 2267
f 507 2267 2280
f 2276 2270 526
f 526 2284 2276
f 2276 2284 2285
f 2276 2285 2286
f 2276 2286 2280
f 2280 2286 501
f 2284 522 2285
f 2285 522 2283
f 2285 2283 2286
f 2286 2283 2282
f 2286 2282 501
f 501 2282 500
f 2275 467 473
f 473 2260 2261
f 473 2261 2275
f 2281 2264 2263
f 2263 489 2281
f 2281 489 2287
f 2281 2287 2275
f 2275 2287 2288
f 2275 2288 467
f 548 2289 546
f 546 2289 2290
f 2290 493 546
f 546 493 477
f 463 464 461
f 477 481 546
f 466 2289 548
f 466 548 464
f 464 548 461
f 477 480 481
f 466 467 2289
f 2289 467 2288
f 2289 2288 2290
f 2290 2288 2287
f 2290 2287 493
f 493 2287 489
f 457 2291 2292
f 2277 435 441
f 441 2255 2256
f 441 2256 2277
f 2274 2259 457
f 2259 2258 457
f 2274 457 2292
f 2274 2292 2277
f 2277 2292 2293
f 2277 2293 435
f 545 2294 2295
f 545 2295 543
f 2295 460 543
f 543 460 445
f 434 2294 545
f 434 545 433
f 433 545 429
f 445 449 543
f 449 445 447
f 429 431 433
f 434 435 2294
f 2294 435 2293
f 2294 2293 2295
f 2295 2293 2292
f 2295 2292 460
f 460 2292 2291
f 532 533 2296
f 2296 533 2297
f 2296 2297 2298
f 2298 2297 2299
f 2298 2299 428
f 428 2299 424
f 539 2271 2272
f 2278 533 539
f 539 2272 2278
f 2279 2254 425
f 425 424 2279
f 2279 424 2299
f 2279 2299 2278
f 2278 2299 2297
f 2278 2297 533
f 554 2296 552
f 552 2296 2298
f 2298 428 552
f 552 428 412
f 532 2296 554
f 532 554 531
f 531 554 527
f 527 529 531
f 416 412 415
f 412 416 552
f 435 434 439
f 435 439 436
f 455 458 460
f 455 460 2291
f 455 2291 457
f 441 2257 2255
f 533 532 537
f 533 537 534
f 422 426 428
f 422 428 424
f 539 2273 2271
f 2254 2253 425
f 467 466 471
f 467 471 468
f 487 491 493
f 487 493 489
f 490 489 2263
f 473 2262 2260
f 2265 2264 2281
f 507 2268 2266
f 2270 2269 526
f 526 524 2284
f 501 500 505
f 501 505 502
f 524 522 2284
f 522 521 2283
f 2300 398 2210
f 508 399 2300
f 2300 399 398
f 2300 2208 2180
f 2210 2208 2300
f 508 2300 2180
f 2180 2208 2178
f 2193 2178 2208
f 2176 2178 2193
f 2193 2192 2176
f 2176 2192 485
f 403 485 2192
f 403 2192 388
f 540 396 2220
f 2220 396 382
f 2220 2219 540
f 540 2219 2175
f 2219 2218 2175
f 2175 2218 2173
f 2171 2173 2216
f 2216 2173 2218
f 2216 2215 2171
f 2171 2215 519
f 401 519 2215
f 401 2215 385
f 2301 405 2203
f 475 406 2301
f 2301 406 405
f 2301 2200 2185
f 2203 2200 2301
f 475 2301 2185
f 2185 2200 2183
f 2199 2183 2200
f 2181 2183 2199
f 2199 2198 2181
f 2181 2198 453
f 408 453 2198
f 408 2198 391
f 392 2196 2302
f 410 392 2302
f 2302 442 410
f 2204 2302 2196
f 2212 2303 2186
f 2190 2302 2204
f 2190 442 2302
f 2186 2303 420
f 2204 2213 2190
f 2190 2213 2188
f 2186 2188 2213
f 2186 2213 2212
f 2303 381 394
f 394 420 2303
f 381 2303 2212
f 2304 2305 2306
f 2304 2306 2307
f 2307 2306 2308
f 2307 2308 2309
f 2309 2308 2310
f 2310 2308 2311
f 2310 2311 2312
f 2312 2311 2313
f 2312 2313 2314
f 2314 2313 2315
f 2314 2315 2316
f 2316 2315 2317
f 2316 2317 2318
f 2318 2317 2319
f 2318 2319 2320
f 2320 2319 2321
f 2320 2321 2322
f 2322 2321 2323
f 2322 2323 2324
f 2323 2325 2324
f 2324 2325 2326
f 2325 2327 2326
f 2326 2327 2328
f 2327 2329 2328
f 2328 2329 2330
f 2329 2331 2330
f 2330 2331 2332
f 2331 2333 2332
f 2332 2333 2334
f 2333 2335 2334
f 2334 2335 2336
f 2335 2337 2336
f 2336 2337 2338
f 2337 2339 2338
f 2338 2339 2340
f 2340 2339 2341
f 2339 2342 2341
f 2341 2342 2304
f 2304 2342 2305
f 2343 2344 2345
f 2343 2346 2344
f 2343 2347 2346
f 2343 2348 2347
f 2349 2348 2343
f 2350 2349 2343
f 2343 2351 2350
f 2343 2352 2351
f 2343 2353 2352
f 2305 2354 2195
f 2305 2195 2306
f 2306 2195 2201
f 2306 2201 2308
f 2308 2201 2355
f 2308 2355 2311
f 2311 2355 2202
f 2311 2202 2313
f 2321 2356 2323
f 2323 2356 2357
f 2323 2357 2325
f 2325 2207 2327
f 2333 2214 2211
f 2333 2211 2335
f 2335 2211 2358
f 2335 2358 2337
f 2337 2358 2359
f 2337 2359 2339
f 2339 2359 2360
f 2339 2360 2342
f 2342 2360 2194
f 2342 2194 2354
f 2342 2354 2305
f 2325 2357 2207
f 2313 2202 2197
f 2313 2197 2315
f 2315 2197 2191
f 2315 2191 2317
f 2317 2191 2319
f 2319 2191 2209
f 2319 2209 2321
f 2321 2209 2356
f 2327 2207 2217
f 2327 2217 2329
f 2329 2217 2331
f 2331 2217 2214
f 2331 2214 2333
f 2355 2201 2202
f 2209 2206 2356
f 2356 2206 2357
f 2357 2206 2207
f 2358 2211 2205
f 2358 2205 2359
f 2359 2205 2360
f 2360 2205 2194
f 2354 2194 2195
f 2353 2361 2352
f 2350 2362 2349
f 2348 2363 2347
f 2347 2364 2346
f 2346 2365 2344
f 2345 2344 2336
f 2345 2340 2343
f 2352 2361 2309
f 2351 2352 2312
f 2349 2362 2320
f 2347 2363 2326
f 2353 2304 2361
f 2361 2304 2307
f 2361 2307 2309
f 2352 2309 2310
f 2352 2310 2312
f 2351 2312 2314
f 2351 2314 2350
f 2350 2314 2316
f 2350 2316 2362
f 2362 2316 2318
f 2362 2318 2320
f 2349 2320 2322
f 2349 2322 2348
f 2348 2322 2324
f 2348 2324 2363
f 2363 2324 2326
f 2347 2326 2328
f 2347 2328 2364
f 2364 2328 2330
f 2364 2330 2346
f 2346 2330 2365
f 2365 2330 2332
f 2365 2332 2344
f 2344 2332 2334
f 2344 2334 2336
f 2345 2336 2338
f 2345 2338 2340
f 2340 2341 2343
f 2343 2341 2353
f 2353 2341 2304
f 2366 1255 2367
f 1255 2366 1253
f 2367 611 2366
f 2090 2366 611
f 1253 2366 2090
f 2088 1253 2090
f 2086 1249 1251
f 1254 1253 2088
f 2086 2084 1249
f 1249 2084 2368
f 1249 2368 1250
f 2088 2086 1254
f 2086 1251 1254
f 557 2368 2084
f 2369 585 584
f 1266 2369 584
f 1266 584 587
f 1266 587 586
f 593 595 1258
f 1258 595 597
f 1258 597 599
f 1259 599 602
f 1259 602 1209
f 1209 602 1210
f 1269 2369 1266
f 1263 1266 586
f 1263 586 590
f 1263 590 1260
f 1260 590 591
f 1260 591 1261
f 1261 591 593
f 1261 593 1258
f 1259 1258 599
f 602 603 1210
f 1210 603 1223
f 1223 607 1222
f 607 606 1222
f 1222 608 1221
f 603 607 1223
f 608 609 2370
f 608 2370 1221
f 1221 2370 1256
f 608 1222 606
f 1255 1256 2367
f 2367 1256 2370
f 2367 2370 609
f 2367 609 611
f 2368 557 558
f 1235 558 556
f 1235 556 559
f 1234 559 563
f 1234 563 562
f 1231 562 565
f 1231 565 566
f 566 568 1244
f 1244 568 569
f 1250 2368 558
f 1234 562 1231
f 1247 1250 558
f 1247 558 1235
f 1233 1235 559
f 1233 559 1234
f 1231 566 1244
f 1244 569 1246
f 1246 569 571
f 1243 1246 571
f 573 1243 571
f 577 1241 1243
f 575 1243 573
f 577 1243 575
f 1237 1241 578
f 578 1241 577
f 582 1237 578
f 582 581 1238
f 1238 1237 582
f 1240 1238 2371
f 2371 1238 581
f 2371 581 580
f 2371 580 2079
f 2076 2372 2079
f 1240 2371 2373
f 1240 2373 1272
f 1272 2373 2372
f 1272 2372 2008
f 2079 2373 2371
f 2372 2373 2079
f 1270 2008 2076
f 2076 2008 2372
f 1271 2072 1268
f 2074 2072 1271
f 2074 1270 2076
f 1269 1268 2369
f 2369 1268 2072
f 2369 2072 585
f 1271 1270 2074
f 2045 2011 2046
f 2046 2011 2012
f 2046 2012 2047
f 2047 2012 2013
f 2047 2013 2048
f 2048 2013 2014
f 2048 2014 2049
f 2049 2014 2015
f 2049 2015 2050
f 2050 2015 2016
f 2050 2016 2051
f 2051 2016 2017
f 2051 2017 2052
f 2052 2017 2018
f 2052 2018 2053
f 2053 2018 2019
f 2053 2019 2054
f 2054 2019 2020
f 2054 2020 2055
f 2055 2020 2021
f 2055 2021 2056
f 2056 2021 2022
f 2056 2022 2057
f 2057 2022 2023
f 2057 2023 2058
f 2058 2023 2024
f 2058 2024 2059
f 2059 2024 2025
f 2059 2025 2026
f 2059 2026 2028
f 2028 2026 2027
f 2028 2027 2029
f 2029 2027 1994
f 2029 1994 2030
f 2030 1994 1995
f 2030 1995 1996
f 2030 1996 2031
f 2031 1996 2032
f 2032 1996 1997
f 2032 1997 1998
f 2032 1998 2033
f 2033 1998 1999
f 2033 1999 2034
f 2034 1999 2000
f 2034 2000 2035
f 2035 2000 2036
f 2036 2000 2001
f 2036 2001 2037
f 2037 2001 2002
f 2037 2002 2038
f 2038 2002 2003
f 2038 2003 2039
f 2039 2003 2004
f 2039 2004 2040
f 2040 2004 2005
f 2040 2005 2041
f 2041 2005 2006
f 2041 2006 2042
f 2042 2006 2007
f 2042 2007 2043
f 2043 2007 2009
f 2043 2009 2044
f 2044 2009 2045
f 2045 2009 2010
f 2045 2010 2011
f 414 413 553
f 553 530 528
f 553 397 536
f 413 427 553
f 553 427 417
f 553 417 380
f 553 380 397
f 397 380 383
f 553 536 530
f 380 417 395
f 384 516 402
f 550 514 512
f 386 398 400
f 512 520 550
f 550 520 516
f 550 400 504
f 550 516 384
f 550 384 400
f 400 384 386
f 550 504 498
f 550 498 495
f 407 387 389
f 547 465 462
f 479 478 547
f 547 478 492
f 387 482 404
f 387 407 547
f 547 407 470
f 492 482 547
f 547 482 387
f 547 470 465
f 407 389 405
f 393 411 390
f 544 432 430
f 390 450 409
f 459 544 446
f 446 544 448
f 390 411 544
f 544 411 438
f 459 450 544
f 544 450 390
f 544 438 432
f 2374 2375 2376
f 2376 2375 2377
f 2377 2375 2378
f 2377 2378 2379
f 2379 2378 2380
f 2379 2380 2381
f 2381 2380 2382
f 2381 2382 2383
f 2383 2382 2384
f 2384 2382 2385
f 2384 2385 2386
f 2384 2386 2387
f 2387 2386 2388
f 2387 2388 2389
f 2389 2388 2390
f 2389 2390 2391
f 2391 2390 2392
f 2391 2392 2393
f 2393 2392 2394
f 2393 2394 2395
f 2395 2394 2396
f 2395 2396 2397
f 2397 2396 2398
f 2397 2398 2399
f 2399 2398 2400
f 2399 2400 2401
f 2399 2401 2402
f 2402 2401 2403
f 2403 2401 2404
f 2403 2404 2405
f 2405 2404 2406
f 2405 2406 2407
f 2405 2407 2408
f 2408 2407 2409
f 2409 2407 2410
f 2409 2410 2411
f 2411 2410 2412
f 2411 2412 2413
f 2413 2412 2414
f 2413 2414 2415
f 2415 2414 2416
f 2416 2414 2417
f 2416 2417 2418
f 2416 2418 2419
f 2419 2418 2420
f 2419 2420 2421
f 2421 2420 2422
f 2421 2422 2423
f 2423 2422 2424
f 2423 2424 2425
f 2425 2424 2426
f 2425 2426 2427
f 2427 2426 2428
f 2427 2428 2429
f 2429 2428 2430
f 2429 2430 2431
f 2431 2430 2432
f 2431 2432 2433
f 2431 2433 2434
f 2434 2433 2435
f 2435 2433 2436
f 2435 2436 2374
f 2374 2436 2437
f 2374 2437 2375
f 775 2379 2381
f 775 2381 777
f 777 2381 2383
f 777 2383 779
f 779 2383 2384
f 779 2384 781
f 781 2384 2387
f 781 2387 783
f 783 2387 2389
f 783 2389 785
f 785 2389 787
f 787 2389 2391
f 787 2391 789
f 789 2391 2393
f 789 2393 790
f 790 2393 2395
f 790 2395 792
f 792 2395 2397
f 792 2397 794
f 794 2397 2399
f 794 2399 796
f 796 2399 2402
f 796 2402 798
f 798 2402 2403
f 798 2403 800
f 800 2403 2405
f 800 2405 802
f 802 2405 2408
f 802 2408 804
f 804 2408 2409
f 804 2409 806
f 806 2409 2411
f 806 2411 2413
f 806 2413 808
f 808 2413 2415
f 808 2415 810
f 810 2415 2416
f 810 2416 812
f 812 2416 2419
f 812 2419 814
f 814 2419 2421
f 814 2421 816
f 816 2421 818
f 818 2421 2423
f 818 2423 820
f 820 2423 2425
f 820 2425 821
f 821 2425 2427
f 821 2427 823
f 823 2427 2429
f 823 2429 825
f 825 2429 2431
f 825 2431 827
f 827 2431 2434
f 827 2434 829
f 829 2434 2435
f 829 2435 831
f 831 2435 2374
f 831 2374 771
f 771 2374 2376
f 771 2376 773
f 773 2376 2377
f 773 2377 775
f 775 2377 2379
f 343 2404 341
f 341 2404 2401
f 341 2401 300
f 300 2401 339
f 339 2401 2400
f 339 2400 337
f 337 2400 2398
f 337 2398 335
f 335 2398 2396
f 335 2396 333
f 333 2396 2394
f 333 2394 331
f 331 2394 329
f 329 2394 2392
f 329 2392 328
f 328 2392 2390
f 328 2390 303
f 303 2390 2388
f 303 2388 326
f 326 2388 2386
f 326 2386 324
f 324 2386 2385
f 324 2385 322
f 322 2385 2382
f 322 2382 320
f 320 2382 318
f 318 2382 2380
f 318 2380 317
f 317 2380 314
f 314 2380 2378
f 314 2378 312
f 312 2378 2375
f 312 2375 378
f 378 2375 2437
f 378 2437 377
f 377 2437 2436
f 377 2436 375
f 375 2436 2433
f 375 2433 306
f 306 2433 373
f 373 2433 2432
f 373 2432 371
f 371 2432 2430
f 371 2430 369
f 369 2430 2428
f 369 2428 367
f 367 2428 2426
f 367 2426 365
f 365 2426 363
f 363 2426 2424
f 363 2424 362
f 362 2424 2422
f 362 2422 309
f 309 2422 2420
f 309 2420 360
f 360 2420 2418
f 360 2418 358
f 358 2418 2417
f 358 2417 356
f 356 2417 2414
f 356 2414 354
f 354 2414 352
f 352 2414 2412
f 352 2412 351
f 351 2412 348
f 348 2412 2410
f 348 2410 346
f 346 2410 2407
f 346 2407 344
f 344 2407 2406
f 344 2406 343
f 343 2406 2404
f 2438 2439 2440
f 2441 2442 2443
f 2444 2443 2442
f 2444 2445 2446
f 2446 2445 2447
f 2448 2447 2445
f 2448 2449 2447
f 2449 2448 2450
f 2449 2450 2451
f 2452 2453 2450
f 2450 2453 2451
f 2454 2455 2453
f 2454 2453 2452
f 2455 2454 2456
f 2457 2456 2454
f 2457 2458 2456
f 2458 2457 2459
f 2459 2457 2460
f 2459 2460 2461
f 2462 2461 2460
f 2461 2462 2463
f 2464 2463 2462
f 2463 2464 2465
f 2465 2464 2466
f 2465 2466 2467
f 2467 2466 2468
f 2468 2466 2469
f 2469 2470 2468
f 2470 2469 2471
f 2471 2469 2472
f 2472 2473 2471
f 2473 2472 2474
f 2473 2474 2475
f 2476 2477 2474
f 2474 2477 2475
f 2477 2476 2478
f 2476 2479 2480
f 2478 2476 2480
f 1264 2481 2482
f 2482 2481 2483
f 2482 2483 2484
f 2484 2483 2485
f 2484 2485 2486
f 2486 2485 2487
f 2486 2487 2488
f 2486 2488 2489
f 2489 2488 2490
f 2489 2490 2491
f 2491 2490 2492
f 2491 2492 2493
f 2491 2493 2494
f 2494 2493 2495
f 2494 2495 2496
f 2494 2496 2497
f 2497 2496 2498
f 2497 2498 2499
f 2497 2499 2500
f 2500 2499 2501
f 2500 2501 2502
f 2502 2501 2503
f 2502 2503 2504
f 2504 2503 2505
f 2504 2505 2506
f 2504 2506 2507
f 2507 2506 2508
f 2507 2508 2509
f 2507 2509 2510
f 2510 2509 2511
f 2510 2511 1180
f 1180 2511 2512
f 1180 2512 2513
f 2513 2512 2514
f 2513 2514 2515
f 2515 2514 2516
f 2515 2516 2517
f 2517 2516 2518
f 2517 2518 2519
f 2517 2519 2520
f 2520 2519 2521
f 2520 2521 2522
f 2522 2521 2523
f 2522 2523 2524
f 2522 2524 2525
f 2525 2524 2526
f 2525 2526 2527
f 2525 2527 2528
f 2528 2527 2529
f 2528 2529 2530
f 2528 2530 2531
f 2531 2530 2532
f 2531 2532 2533
f 2533 2532 2534
f 2533 2534 2535
f 2535 2534 2536
f 2535 2536 2537
f 2535 2537 2538
f 2538 2537 2539
f 2538 2539 2540
f 2538 2540 2541
f 2541 2540 2542
f 2541 2542 1264
f 1264 2542 2481
f 2543 2462 2460
f 2543 2460 2544
f 2544 2460 2457
f 2544 2457 2545
f 2545 2457 2454
f 2545 2454 2546
f 2546 2454 2547
f 2547 2454 2452
f 2547 2452 2548
f 2548 2452 2450
f 2548 2450 2448
f 2548 2448 2549
f 2549 2448 2445
f 2549 2445 2550
f 2550 2445 2444
f 2550 2444 2442
f 2550 2442 2551
f 2551 2442 2441
f 2551 2441 2552
f 2552 2441 2553
f 2552 2553 2554
f 2554 2553 2555
f 2554 2555 2556
f 2556 2555 2440
f 2556 2440 2439
f 2556 2439 2557
f 2557 2439 2558
f 2557 2558 2559
f 2559 2558 2560
f 2559 2560 2561
f 2559 2561 2562
f 2562 2561 2563
f 2562 2563 2564
f 2564 2563 2565
f 2564 2565 2566
f 2566 2565 2567
f 2566 2567 2568
f 2566 2568 2569
f 2569 2568 2570
f 2569 2570 2571
f 2570 2479 2571
f 2571 2479 2476
f 2571 2476 2572
f 2572 2476 2474
f 2572 2474 2573
f 2573 2474 2472
f 2573 2472 2574
f 2574 2472 2469
f 2574 2469 2575
f 2575 2469 2576
f 2576 2469 2466
f 2576 2466 2464
f 2576 2464 2543
f 2543 2464 2462
f 2577 2578 2579
f 2580 2581 2582
f 2581 2578 2582
f 2582 2578 2577
f 2583 2584 2585
f 2585 2584 2586
f 2583 2587 2588
f 2583 2588 2584
f 2589 2587 2583
f 2590 2591 2592
f 2593 2594 2595
f 2594 2591 2595
f 2595 2591 2590
f 2596 2597 2598
f 2598 2597 2599
f 2596 2600 2601
f 2596 2601 2597
f 2602 2600 2596
f 2603 2604 2605
f 2606 2607 2608
f 2607 2604 2608
f 2608 2604 2603
f 2609 2610 2611
f 2611 2610 2612
f 2609 2613 2614
f 2609 2614 2610
f 2615 2613 2609
f 2616 2617 2618
f 2618 2617 2619
f 2620 2621 2622
f 2621 2616 2622
f 2622 2616 2618
f 2623 2624 2625
f 2625 2624 2626
f 2623 2627 2628
f 2623 2628 2624
f 2629 2627 2623
f 2615 2609 2630
f 2630 2609 2631
f 2630 2631 2632
f 2632 2631 2633
f 2632 2633 2618
f 2632 2618 2634
f 2634 2618 2619
f 2606 2608 2635
f 2635 2608 2636
f 2635 2636 2611
f 2635 2611 2637
f 2637 2611 2612
f 2602 2596 2638
f 2638 2596 2639
f 2638 2639 2640
f 2640 2639 2641
f 2640 2641 2603
f 2640 2603 2642
f 2642 2603 2605
f 2593 2595 2643
f 2643 2595 2644
f 2643 2644 2598
f 2643 2598 2645
f 2645 2598 2599
f 2589 2583 2646
f 2646 2583 2647
f 2646 2647 2648
f 2648 2647 2649
f 2648 2649 2590
f 2648 2590 2650
f 2650 2590 2592
f 2580 2582 2651
f 2651 2582 2652
f 2651 2652 2585
f 2651 2585 2653
f 2653 2585 2586
f 2629 2623 2654
f 2654 2623 2655
f 2654 2655 2656
f 2656 2655 2657
f 2656 2657 2577
f 2656 2577 2658
f 2658 2577 2579
f 2620 2622 2659
f 2659 2622 2660
f 2659 2660 2625
f 2659 2625 2661
f 2661 2625 2626
f 2662 2603 2663
f 2663 2603 2641
f 2663 2641 2664
f 2664 2641 2639
f 2664 2639 2665
f 2665 2639 2596
f 2665 2596 2666
f 2667 2631 2609
f 2667 2609 2668
f 2668 2609 2669
f 2669 2609 2611
f 2669 2611 2670
f 2670 2611 2636
f 2670 2636 2662
f 2662 2636 2608
f 2662 2608 2603
f 2671 2577 2672
f 2672 2577 2657
f 2672 2657 2673
f 2673 2657 2655
f 2673 2655 2674
f 2674 2655 2623
f 2674 2623 2675
f 2623 2625 2675
f 2675 2625 2660
f 2675 2660 2676
f 2676 2660 2677
f 2677 2660 2622
f 2677 2622 2618
f 2677 2618 2678
f 2678 2618 2633
f 2678 2633 2667
f 2667 2633 2631
f 2596 2598 2666
f 2666 2598 2644
f 2666 2644 2679
f 2679 2644 2680
f 2680 2644 2595
f 2680 2595 2590
f 2680 2590 2681
f 2681 2590 2649
f 2681 2649 2682
f 2649 2647 2682
f 2682 2647 2583
f 2682 2583 2683
f 2683 2583 2684
f 2684 2583 2585
f 2684 2585 2685
f 2685 2585 2652
f 2685 2652 2671
f 2671 2652 2582
f 2671 2582 2577
f 2677 2686 2687
f 2677 2687 2676
f 2676 2687 2675
f 2675 2687 2688
f 2675 2688 2674
f 2674 2688 2689
f 2674 2689 2673
f 2673 2689 2690
f 2673 2690 2672
f 2672 2690 2691
f 2672 2691 2671
f 2671 2691 2692
f 2671 2692 2685
f 2685 2692 2693
f 2685 2693 2684
f 2684 2693 2694
f 2684 2694 2683
f 2683 2694 2695
f 2683 2695 2682
f 2682 2695 2696
f 2682 2696 2681
f 2681 2696 2697
f 2681 2697 2680
f 2680 2697 2698
f 2680 2698 2699
f 2680 2699 2679
f 2679 2699 2666
f 2666 2699 2700
f 2666 2700 2665
f 2665 2700 2701
f 2665 2701 2664
f 2664 2701 2702
f 2664 2702 2663
f 2663 2702 2703
f 2663 2703 2662
f 2662 2703 2704
f 2662 2704 2670
f 2670 2704 2705
f 2670 2705 2669
f 2669 2705 2706
f 2669 2706 2668
f 2668 2706 2707
f 2668 2707 2667
f 2667 2707 2708
f 2667 2708 2678
f 2678 2708 2709
f 2678 2709 2677
f 2677 2709 2686
f 2710 2711 2712
f 2712 2711 2713
f 2713 2711 2714
f 2713 2714 2715
f 2715 2714 2716
f 2715 2716 2717
f 2717 2716 2718
f 2717 2718 2719
f 2719 2718 2720
f 2720 2718 2721
f 2720 2721 2722
f 2722 2721 2723
f 2722 2723 2724
f 2724 2723 2725
f 2724 2725 2726
f 2726 2725 2727
f 2726 2727 2728
f 2728 2727 2729
f 2728 2729 2730
f 2730 2729 2731
f 2730 2731 2732
f 2732 2731 2733
f 2732 2733 2734
f 2734 2733 2735
f 2734 2735 2736
f 2736 2735 2737
f 2737 2735 2738
f 2737 2738 2739
f 2739 2738 2740
f 2739 2740 2741
f 2741 2740 2742
f 2741 2742 2743
f 2743 2742 2744
f 2743 2744 2745
f 2745 2744 2746
f 2745 2746 2747
f 2747 2746 2748
f 2747 2748 2749
f 2749 2748 2750
f 2749 2750 2751
f 2751 2750 2752
f 2751 2752 2753
f 2753 2752 2754
f 2753 2754 2755
f 2755 2754 2756
f 2755 2756 2757
f 2757 2756 2758
f 2758 2756 2759
f 2758 2759 2760
f 2760 2759 2761
f 2760 2761 2762
f 2762 2761 2710
f 2762 2710 2712
f 2698 2763 2699
f 2699 2763 2764
f 2699 2764 2700
f 2700 2764 2765
f 2700 2765 2701
f 2701 2765 2766
f 2701 2766 2702
f 2702 2766 2767
f 2702 2767 2703
f 2703 2767 2768
f 2703 2768 2704
f 2704 2768 2769
f 2704 2769 2705
f 2705 2769 2770
f 2705 2770 2706
f 2706 2770 2771
f 2706 2771 2707
f 2707 2771 2772
f 2707 2772 2708
f 2708 2772 2773
f 2708 2773 2709
f 2709 2773 2774
f 2709 2774 2775
f 2709 2775 2686
f 2686 2775 2776
f 2686 2776 2687
f 2687 2776 2688
f 2688 2776 2777
f 2688 2777 2778
f 2688 2778 2689
f 2689 2778 2690
f 2778 2779 2690
f 2690 2779 2691
f 2691 2779 2780
f 2691 2780 2781
f 2691 2781 2692
f 2692 2781 2782
f 2692 2782 2693
f 2693 2782 2783
f 2693 2783 2694
f 2694 2783 2784
f 2694 2784 2695
f 2695 2784 2696
f 2696 2784 2785
f 2696 2785 2697
f 2697 2785 2786
f 2697 2786 2787
f 2697 2787 2698
f 2698 2787 2763
f 2788 2789 2790
f 2788 2790 2791
f 2791 2790 2792
f 2791 2792 2793
f 2792 2794 2793
f 2793 2794 2795
f 2794 2796 2795
f 2795 2796 2797
f 2796 2798 2797
f 2797 2798 2799
f 2798 2800 2799
f 2799 2800 2801
f 2800 2802 2801
f 2801 2802 2803
f 2802 2804 2803
f 2803 2804 2805
f 2804 2806 2805
f 2805 2806 2807
f 2806 2808 2807
f 2807 2808 2809
f 2808 2810 2809
f 2809 2810 2811
f 2810 2812 2811
f 2811 2812 2813
f 2811 2813 2814
f 2815 2816 2814
f 2814 2813 2815
f 2817 2818 2816
f 2816 2815 2817
f 2817 2819 2818
f 2818 2819 2820
f 2819 2821 2820
f 2820 2821 2822
f 2821 2823 2822
f 2822 2823 2824
f 2823 2825 2824
f 2824 2825 2826
f 2825 2827 2826
f 2826 2827 2828
f 2827 2829 2828
f 2828 2829 2830
f 2829 2831 2830
f 2830 2831 2832
f 2831 2833 2832
f 2832 2833 2834
f 2833 2835 2834
f 2834 2835 2836
f 2835 2837 2836
f 2836 2837 2838
f 2837 2839 2838
f 2838 2839 2840
f 2839 2841 2840
f 2840 2841 2842
f 2841 2843 2842
f 2842 2843 2844
f 2843 2845 2844
f 2844 2845 2789
f 2846 2593 2643
f 2846 2643 2847
f 2847 2643 2645
f 2847 2645 2848
f 2848 2645 2599
f 2849 2593 2846
f 2850 2848 2602
f 2851 2615 2852
f 2853 2589 2854
f 2848 2599 2602
f 2852 2615 2630
f 2852 2630 2855
f 2855 2630 2632
f 2855 2632 2856
f 2856 2632 2857
f 2857 2632 2634
f 2858 2629 2859
f 2642 2860 2640
f 2640 2860 2861
f 2640 2861 2850
f 2640 2850 2638
f 2638 2850 2602
f 2862 2620 2659
f 2862 2659 2863
f 2863 2659 2661
f 2863 2661 2858
f 2858 2661 2626
f 2854 2589 2646
f 2854 2646 2864
f 2864 2646 2648
f 2864 2648 2865
f 2865 2648 2849
f 2849 2648 2650
f 2860 2606 2866
f 2866 2606 2635
f 2866 2635 2867
f 2867 2635 2637
f 2867 2637 2851
f 2851 2637 2612
f 2612 2615 2851
f 2857 2620 2862
f 2858 2626 2629
f 2859 2629 2654
f 2859 2654 2656
f 2859 2656 2868
f 2868 2656 2869
f 2869 2656 2658
f 2869 2580 2870
f 2870 2580 2651
f 2870 2651 2871
f 2871 2651 2653
f 2871 2653 2853
f 2853 2653 2586
f 2586 2589 2853
f 2606 2860 2642
f 2580 2869 2658
f 2634 2620 2857
f 2602 2599 2872
f 2602 2872 2873
f 2580 2658 2874
f 2650 2593 2849
f 2875 2876 2626
f 2626 2876 2629
f 2615 2612 2877
f 2877 2612 2878
f 2620 2634 2879
f 2620 2879 2880
f 2872 2881 2873
f 2606 2642 2882
f 2606 2882 2883
f 2883 2882 2884
f 2880 2879 2885
f 2874 2886 2580
f 2589 2586 2887
f 2589 2887 2888
f 2593 2650 2889
f 2889 2650 2890
f 2889 2890 2891
f 2886 2874 2892
f 2878 2893 2877
f 2875 2894 2876
f 2888 2887 2895
f 2896 2620 2880
f 2896 2880 2897
f 2885 2616 2880
f 2880 2616 2897
f 2885 2617 2616
f 2879 2898 2885
f 2885 2898 2617
f 2634 2899 2879
f 2879 2899 2898
f 2897 2621 2896
f 2896 2621 2620
f 2899 2619 2898
f 2634 2619 2899
f 2898 2619 2617
f 2897 2616 2621
f 2900 2615 2877
f 2900 2877 2901
f 2893 2902 2877
f 2877 2902 2901
f 2878 2903 2893
f 2893 2903 2902
f 2612 2904 2878
f 2878 2904 2903
f 2905 2629 2876
f 2905 2876 2627
f 2894 2906 2876
f 2876 2906 2627
f 2875 2907 2894
f 2894 2907 2906
f 2626 2908 2875
f 2875 2908 2907
f 2909 2580 2886
f 2909 2886 2910
f 2892 2911 2886
f 2886 2911 2910
f 2874 2912 2892
f 2892 2912 2911
f 2658 2913 2874
f 2874 2913 2912
f 2914 2589 2888
f 2914 2888 2915
f 2895 2916 2888
f 2888 2916 2915
f 2887 2917 2895
f 2895 2917 2916
f 2586 2918 2887
f 2887 2918 2917
f 2919 2593 2889
f 2919 2889 2920
f 2891 2921 2889
f 2889 2921 2920
f 2890 2922 2891
f 2891 2922 2921
f 2650 2923 2890
f 2890 2923 2922
f 2924 2602 2873
f 2924 2873 2600
f 2881 2925 2873
f 2873 2925 2600
f 2872 2926 2881
f 2881 2926 2925
f 2599 2927 2872
f 2872 2927 2926
f 2928 2606 2883
f 2928 2883 2929
f 2884 2930 2883
f 2883 2930 2929
f 2882 2931 2884
f 2884 2931 2930
f 2642 2932 2882
f 2882 2932 2931
f 2904 2610 2903
f 2902 2614 2901
f 2903 2614 2902
f 2614 2613 2901
f 2901 2613 2900
f 2900 2613 2615
f 2904 2612 2610
f 2903 2610 2614
f 2930 2604 2929
f 2929 2607 2928
f 2928 2607 2606
f 2932 2605 2931
f 2931 2604 2930
f 2642 2605 2932
f 2931 2605 2604
f 2929 2604 2607
f 2927 2597 2926
f 2925 2601 2600
f 2926 2601 2925
f 2927 2599 2597
f 2926 2597 2601
f 2924 2600 2602
f 2921 2591 2920
f 2920 2594 2919
f 2919 2594 2593
f 2923 2592 2922
f 2922 2591 2921
f 2650 2592 2923
f 2922 2592 2591
f 2920 2591 2594
f 2918 2584 2917
f 2916 2588 2915
f 2917 2588 2916
f 2588 2587 2915
f 2915 2587 2914
f 2914 2587 2589
f 2918 2586 2584
f 2917 2584 2588
f 2911 2578 2910
f 2910 2581 2909
f 2909 2581 2580
f 2913 2579 2912
f 2912 2578 2911
f 2658 2579 2913
f 2912 2579 2578
f 2910 2578 2581
f 2908 2624 2907
f 2906 2628 2627
f 2907 2628 2906
f 2908 2626 2624
f 2907 2624 2628
f 2905 2627 2629
f 2542 2862 2481
f 2481 2862 2483
f 2483 2862 2863
f 2483 2863 2485
f 2485 2863 2487
f 2487 2863 2858
f 2487 2858 2488
f 2488 2858 2859
f 2488 2859 2490
f 2490 2859 2492
f 2492 2859 2868
f 2492 2868 2493
f 2493 2868 2495
f 2495 2868 2869
f 2495 2869 2496
f 2496 2869 2870
f 2496 2870 2498
f 2498 2870 2499
f 2499 2870 2871
f 2499 2871 2501
f 2501 2871 2853
f 2501 2853 2503
f 2503 2853 2854
f 2503 2854 2505
f 2505 2854 2506
f 2506 2854 2864
f 2506 2864 2508
f 2508 2864 2865
f 2508 2865 2509
f 2509 2865 2849
f 2509 2849 2511
f 2511 2849 2846
f 2511 2846 2512
f 2512 2846 2514
f 2514 2846 2847
f 2514 2847 2516
f 2516 2847 2518
f 2518 2847 2848
f 2518 2848 2519
f 2519 2848 2850
f 2519 2850 2521
f 2521 2850 2523
f 2523 2850 2861
f 2523 2861 2524
f 2524 2861 2526
f 2526 2861 2860
f 2526 2860 2527
f 2527 2860 2866
f 2527 2866 2529
f 2529 2866 2530
f 2530 2866 2867
f 2530 2867 2532
f 2532 2867 2851
f 2532 2851 2534
f 2534 2851 2852
f 2534 2852 2536
f 2536 2852 2537
f 2537 2852 2855
f 2537 2855 2539
f 2539 2855 2856
f 2539 2856 2540
f 2540 2856 2857
f 2540 2857 2542
f 2542 2857 2862
f 2776 2788 2791
f 2776 2791 2777
f 2777 2791 2793
f 2777 2793 2778
f 2778 2793 2795
f 2778 2795 2779
f 2779 2795 2797
f 2779 2797 2799
f 2779 2799 2780
f 2780 2799 2801
f 2780 2801 2781
f 2781 2801 2803
f 2781 2803 2782
f 2782 2803 2805
f 2782 2805 2783
f 2783 2805 2807
f 2783 2807 2784
f 2784 2807 2809
f 2784 2809 2785
f 2785 2809 2811
f 2785 2811 2786
f 2786 2811 2814
f 2786 2814 2787
f 2787 2814 2816
f 2787 2816 2763
f 2763 2816 2818
f 2763 2818 2764
f 2764 2818 2820
f 2764 2820 2822
f 2764 2822 2765
f 2765 2822 2824
f 2765 2824 2766
f 2766 2824 2826
f 2766 2826 2767
f 2767 2826 2828
f 2767 2828 2768
f 2768 2828 2830
f 2768 2830 2832
f 2768 2832 2769
f 2769 2832 2834
f 2769 2834 2770
f 2770 2834 2836
f 2770 2836 2771
f 2771 2836 2838
f 2771 2838 2772
f 2772 2838 2840
f 2772 2840 2773
f 2773 2840 2842
f 2773 2842 2774
f 2774 2842 2844
f 2774 2844 2775
f 2775 2844 2789
f 2775 2789 2776
f 2776 2789 2788
f 2541 1264 2933
f 2934 2491 2494
f 2935 2494 2497
f 2935 2497 2936
f 2491 2937 2489
f 2504 2938 2502
f 2502 2938 2939
f 2939 2940 2502
f 2502 2940 2500
f 2500 2940 2941
f 2935 2942 2494
f 2494 2942 2934
f 2934 2943 2491
f 2491 2943 2937
f 2500 2941 2497
f 2497 2941 2936
f 2937 2944 2489
f 2489 2944 2486
f 2486 2944 2945
f 2486 2945 2484
f 2484 2945 2946
f 2484 2946 2482
f 2482 2946 2947
f 2482 2947 1264
f 1264 2947 2011
f 1264 2011 2933
f 2515 2948 2513
f 2513 2949 1180
f 1180 2950 2510
f 2510 2950 2951
f 2952 2507 2951
f 2951 2507 2510
f 2507 2953 2504
f 2504 2953 2938
f 2515 2517 2954
f 2954 2955 2515
f 2515 2955 2948
f 1180 2949 2950
f 2507 2952 2953
f 2954 2517 2520
f 2954 2520 2956
f 2513 2948 2949
f 2957 2956 2522
f 2522 2956 2520
f 2531 2958 2528
f 2959 2522 2525
f 2959 2957 2522
f 2535 2960 2533
f 2531 2533 2961
f 2961 2962 2531
f 2531 2962 2958
f 2963 2528 2958
f 2525 2528 2963
f 2963 2964 2525
f 2525 2964 2959
f 2965 2533 2960
f 2965 2961 2533
f 2538 2541 2966
f 2538 2967 2535
f 2535 2967 2960
f 2541 2933 2966
f 2966 2968 2538
f 2538 2968 2967
f 2736 2737 2845
f 2845 2843 2736
f 2736 2843 2734
f 2843 2841 2734
f 2734 2841 2732
f 2841 2839 2732
f 2732 2839 2730
f 2839 2837 2730
f 2730 2837 2728
f 2837 2835 2728
f 2728 2835 2726
f 2835 2833 2726
f 2726 2833 2724
f 2833 2831 2724
f 2724 2831 2722
f 2831 2829 2722
f 2722 2829 2720
f 2829 2827 2720
f 2720 2827 2719
f 2827 2825 2719
f 2719 2825 2717
f 2825 2823 2717
f 2717 2823 2715
f 2823 2821 2715
f 2715 2821 2713
f 2821 2819 2713
f 2713 2819 2712
f 2819 2817 2712
f 2712 2817 2762
f 2817 2815 2762
f 2762 2815 2760
f 2815 2813 2760
f 2760 2813 2758
f 2813 2812 2758
f 2812 2810 2758
f 2758 2810 2757
f 2810 2808 2757
f 2757 2808 2755
f 2808 2806 2755
f 2755 2806 2753
f 2806 2804 2753
f 2753 2804 2751
f 2804 2802 2751
f 2751 2802 2749
f 2802 2800 2749
f 2749 2800 2747
f 2800 2798 2747
f 2747 2798 2745
f 2798 2796 2745
f 2745 2796 2743
f 2796 2794 2743
f 2743 2794 2741
f 2794 2792 2741
f 2741 2792 2739
f 2792 2790 2739
f 2739 2790 2737
f 2790 2789 2737
f 2737 2789 2845
f 2969 2970 2971
f 2971 2970 2972
f 2971 2972 2973
f 2973 2972 2974
f 2974 2972 2975
f 2974 2975 2976
f 2976 2975 2977
f 2976 2977 2978
f 2976 2978 2979
f 2979 2978 2980
f 2979 2980 2981
f 2981 2980 2982
f 2982 2980 2983
f 2982 2983 2984
f 2984 2983 2985
f 2984 2985 2986
f 2986 2985 2987
f 2986 2987 2988
f 2988 2987 2989
f 2989 2987 2990
f 2989 2990 2991
f 2991 2990 2992
f 2991 2992 2993
f 2993 2992 2994
f 2993 2994 2995
f 2995 2994 2996
f 2995 2996 2997
f 2997 2996 2998
f 2997 2998 2999
f 2999 2998 3000
f 3000 2998 3001
f 3000 3001 3002
f 3002 3001 3003
f 3002 3003 3004
f 3004 3003 3005
f 3004 3005 3006
f 3006 3005 3007
f 3006 3007 3008
f 3008 3007 3009
f 3008 3009 3010
f 3010 3009 3011
f 3010 3011 3012
f 3012 3011 3013
f 3013 3011 3014
f 3013 3014 3015
f 3015 3014 3016
f 3015 3016 3017
f 3017 3016 3018
f 3017 3018 3019
f 3019 3018 2969
f 3019 2969 2971
f 2996 2557 2998
f 2998 2557 2559
f 2998 2559 3001
f 3001 2559 2562
f 3001 2562 3003
f 3003 2562 2564
f 3003 2564 3005
f 3005 2564 2566
f 3005 2566 3007
f 3007 2566 2569
f 3007 2569 3009
f 3009 2569 2571
f 3009 2571 3011
f 3011 2571 2572
f 3011 2572 3014
f 3014 2572 2573
f 3014 2573 3016
f 3016 2573 2574
f 3016 2574 3018
f 3018 2574 2575
f 3018 2575 2969
f 2969 2575 2576
f 2969 2576 2970
f 2970 2576 2543
f 2970 2543 2972
f 2972 2543 2544
f 2972 2544 2975
f 2975 2544 2545
f 2975 2545 2977
f 2977 2545 2546
f 2977 2546 2978
f 2978 2546 2547
f 2978 2547 2980
f 2980 2547 2548
f 2980 2548 2983
f 2983 2548 2549
f 2983 2549 2985
f 2985 2549 2550
f 2985 2550 2987
f 2987 2550 2551
f 2987 2551 2990
f 2990 2551 2552
f 2990 2552 2992
f 2992 2552 2554
f 2992 2554 2994
f 2994 2554 2556
f 2994 2556 2996
f 2996 2556 2557
f 2738 2997 2740
f 2740 2997 2999
f 2740 2999 2742
f 2742 2999 3000
f 2742 3000 2744
f 2744 3000 3002
f 2744 3002 2746
f 2746 3002 2748
f 2748 3002 3004
f 2748 3004 2750
f 2750 3004 3006
f 2750 3006 2752
f 2752 3006 3008
f 2752 3008 2754
f 2754 3008 3010
f 2754 3010 3012
f 2754 3012 2756
f 2756 3012 3013
f 2756 3013 2759
f 2759 3013 3015
f 2759 3015 2761
f 2761 3015 3017
f 2761 3017 2710
f 2710 3017 3019
f 2710 3019 2711
f 2711 3019 2971
f 2711 2971 2714
f 2714 2971 2973
f 2714 2973 2716
f 2716 2973 2974
f 2716 2974 2718
f 2718 2974 2976
f 2718 2976 2721
f 2721 2976 2979
f 2721 2979 2723
f 2723 2979 2981
f 2723 2981 2725
f 2725 2981 2982
f 2725 2982 2727
f 2727 2982 2984
f 2727 2984 2986
f 2727 2986 2729
f 2729 2986 2988
f 2729 2988 2731
f 2731 2988 2989
f 2731 2989 2733
f 2733 2989 2991
f 2733 2991 2735
f 2735 2991 2993
f 2735 2993 2738
f 2738 2993 2995
f 2738 2995 2997
f 2958 3020 2963
f 2957 3021 2956
f 2956 3021 3022
f 2956 3022 3023
f 2956 3023 2954
f 3024 2943 2934
f 3025 2944 2937
f 3026 3027 3028
f 2944 3025 3029
f 3030 3025 2937
f 3024 3030 2943
f 2943 3030 2937
f 3031 3024 2934
f 3032 3031 2942
f 2942 3031 2934
f 3033 3032 2935
f 2935 3032 2942
f 3034 3033 2936
f 2936 3033 2935
f 3034 2936 2941
f 3035 2941 2940
f 2941 3035 3034
f 3036 2940 2939
f 2940 3036 3035
f 2939 3037 3036
f 2938 3038 2939
f 2939 3038 3037
f 3038 2938 2953
f 3038 2953 3039
f 2952 3039 2953
f 3039 2952 3040
f 2952 2951 3040
f 2951 3041 3040
f 2951 2950 3041
f 2949 3042 2950
f 2950 3042 3041
f 3042 2949 3043
f 2948 3044 3043
f 2948 3043 2949
f 2948 2955 3044
f 2954 3023 3045
f 2954 3045 2955
f 2955 3045 3044
f 3046 3047 3048
f 3049 3048 3047
f 3048 3049 3028
f 3049 3026 3028
f 3050 3027 3026
f 3051 3027 3050
f 3027 3051 3029
f 3029 3051 2944
f 3047 3046 3052
f 3052 3049 3047
f 3049 3053 3026
f 3026 3054 3050
f 3050 3054 3055
f 3050 3055 3051
f 3051 3055 3056
f 3051 3056 2944
f 2944 3056 3057
f 3058 2944 3057
f 3058 3059 3060
f 3061 3062 3063
f 3064 3065 3066
f 3067 3066 3068
f 3069 3070 3071
f 3072 3073 3074
f 3075 3076 3077
f 3078 3079 3080
f 3081 3082 3083
f 3084 3085 3086
f 3087 3088 3089
f 3090 3091 3092
f 3093 3092 3094
f 3095 3096 3097
f 3098 3099 3100
f 3100 3101 3102
f 3103 3104 3105
f 3106 3107 3108
f 3109 3110 3111
f 3112 3110 3113
f 3114 3115 3116
f 3117 3118 3119
f 3120 3121 3122
f 3123 3124 3125
f 3126 3127 3128
f 3129 3130 3131
f 3132 3131 3133
f 3134 3135 3136
f 3137 3136 3138
f 3139 3140 3141
f 3142 3141 3143
f 3142 3144 3145
f 3145 3146 3147
f 3148 3147 3149
f 3150 3151 3152
f 3153 3152 3154
f 3155 3156 3157
f 3157 3158 3159
f 3160 3161 3162
f 3163 3160 3164
f 3165 3166 3167
f 3168 3169 3170
f 3171 3170 3172
f 3173 3174 3175
f 3176 3177 3178
f 3179 3180 3181
f 3182 3181 3183
f 2480 3184 3185
f 2480 3185 2478
f 2477 3186 2475
f 2470 3187 2468
f 2459 3188 2458
f 3189 2451 2453
f 2443 3190 2441
f 3191 2479 2570
f 3052 3053 3049
f 3053 3054 3026
f 3192 3058 3057
f 3192 3059 3058
f 3193 3060 3059
f 3060 3193 3194
f 3195 3194 3193
f 3194 3195 3196
f 3197 3196 3195
f 3198 3199 3197
f 3197 3199 3196
f 3200 3201 3198
f 3198 3201 3199
f 3202 3203 3201
f 3202 3201 3200
f 3204 3203 3205
f 3205 3203 3202
f 3203 3204 3206
f 3207 3206 3204
f 3206 3207 3208
f 3209 3208 3207
f 3062 3061 3209
f 3209 3061 3208
f 3210 3063 3062
f 3211 3063 3210
f 3063 3211 3212
f 3213 3212 3211
f 3212 3213 3214
f 3215 3214 3213
f 3214 3215 3216
f 3217 3216 3215
f 3216 3217 3218
f 3219 3218 3217
f 3218 3219 3064
f 3219 3065 3064
f 3220 3066 3065
f 3220 3068 3066
f 3221 3067 3068
f 3067 3221 3222
f 3223 3222 3221
f 3222 3223 3224
f 3225 3224 3223
f 3224 3225 3226
f 3224 3226 3227
f 3228 3070 3226
f 3226 3070 3227
f 3070 3228 3071
f 3229 3230 3231
f 3231 3230 3069
f 3231 3069 3071
f 3232 3230 3229
f 3230 3232 3233
f 3234 3233 3232
f 3233 3234 3235
f 3236 3235 3234
f 3235 3236 3237
f 3238 3237 3236
f 3237 3238 3072
f 3073 3072 3238
f 3239 3074 3073
f 3074 3239 3076
f 3074 3076 3075
f 3240 3077 3241
f 3241 3077 3076
f 3077 3240 3242
f 3243 3242 3240
f 3242 3243 3244
f 3245 3079 3244
f 3245 3244 3243
f 3080 3079 3245
f 3246 3078 3080
f 3078 3246 3081
f 3082 3081 3246
f 3247 3083 3082
f 3083 3247 3248
f 3083 3248 3085
f 3249 3085 3248
f 3249 3086 3085
f 3250 3088 3086
f 3086 3088 3084
f 3250 3089 3088
f 3251 3252 3089
f 3089 3252 3087
f 3253 3252 3251
f 3252 3253 3254
f 3255 3254 3253
f 3254 3255 3256
f 3257 3256 3255
f 3256 3257 3090
f 3257 3091 3090
f 3258 3092 3091
f 3094 3092 3258
f 3259 3095 3093
f 3259 3093 3094
f 3095 3259 3096
f 3260 3097 3261
f 3261 3097 3096
f 3097 3260 3262
f 3263 3262 3260
f 3262 3263 3098
f 3099 3098 3263
f 3264 3100 3099
f 3100 3264 3101
f 3102 3101 3265
f 3265 3266 3102
f 3267 3266 3268
f 3265 3269 3266
f 3266 3269 3268
f 3270 3104 3267
f 3267 3268 3270
f 3104 3270 3105
f 3103 3105 3271
f 3103 3271 3106
f 3106 3271 3107
f 3108 3107 3272
f 3273 3274 3108
f 3108 3272 3273
f 3111 3274 3275
f 3273 3275 3274
f 3111 3276 3109
f 3111 3275 3276
f 3110 3109 3113
f 3112 3113 3277
f 3112 3277 3114
f 3114 3277 3115
f 3115 3278 3116
f 3279 3280 3116
f 3116 3278 3279
f 3281 3280 3282
f 3279 3282 3280
f 3281 3282 3283
f 3281 3283 3284
f 3281 3284 3118
f 3117 3119 3285
f 3118 3284 3119
f 3117 3285 3286
f 3287 3286 3288
f 3285 3288 3286
f 3289 3121 3287
f 3287 3288 3289
f 3289 3290 3121
f 3121 3290 3122
f 3120 3122 3291
f 3120 3291 3292
f 3120 3292 3293
f 3294 3293 3295
f 3293 3292 3295
f 3296 3297 3294
f 3294 3295 3296
f 3298 3297 3299
f 3296 3299 3297
f 3298 3299 3300
f 3298 3300 3301
f 3298 3301 3302
f 3303 3302 3304
f 3302 3301 3304
f 3305 3303 3306
f 3303 3304 3306
f 3307 3305 3308
f 3307 3308 3309
f 3305 3306 3308
f 3310 3311 3307
f 3307 3309 3310
f 3312 3311 3313
f 3310 3313 3311
f 3312 3313 3314
f 3312 3314 3315
f 3312 3315 3316
f 3316 3315 3317
f 3316 3317 3318
f 3318 3317 3319
f 3318 3319 3320
f 3321 3320 3322
f 3320 3319 3322
f 3321 3322 3323
f 3321 3323 3324
f 3321 3324 3325
f 3325 3324 3326
f 3325 3326 3327
f 3327 3326 3328
f 3327 3328 3329
f 3329 3328 3330
f 3330 3328 3331
f 3331 3332 3330
f 3330 3332 3333
f 3332 3334 3333
f 3333 3334 3335
f 3334 3336 3335
f 3335 3336 3337
f 3336 3338 3337
f 3337 3338 3339
f 3338 3340 3339
f 3339 3340 3341
f 3340 3342 3341
f 3341 3342 3343
f 3342 3344 3343
f 3343 3344 3345
f 3344 3346 3345
f 3346 3347 3345
f 3345 3347 3348
f 3347 3349 3348
f 3348 3349 3350
f 3350 3349 3351
f 3350 3351 3352
f 3352 3351 3353
f 3353 3354 3352
f 3352 3354 3355
f 3354 3356 3355
f 3355 3356 3357
f 3356 3358 3357
f 3357 3358 3359
f 3358 3360 3359
f 3359 3360 3361
f 3360 3362 3361
f 3362 3363 3361
f 3361 3363 3364
f 3363 3365 3364
f 3364 3365 3366
f 3365 3367 3366
f 3366 3367 3368
f 3367 3369 3368
f 3368 3369 3370
f 3369 3371 3370
f 3370 3371 3372
f 3370 3372 3373
f 3374 3375 3376
f 3376 3375 3373
f 3376 3373 3372
f 3375 3374 3377
f 3378 3377 3374
f 3377 3378 3379
f 3380 3379 3381
f 3381 3379 3378
f 3379 3380 3382
f 3383 3382 3380
f 3384 3385 3383
f 3383 3385 3382
f 3386 3387 3384
f 3384 3387 3385
f 3388 3124 3386
f 3386 3124 3387
f 3388 3125 3124
f 3389 3123 3125
f 3123 3389 3390
f 3391 3390 3389
f 3390 3391 3392
f 3393 3392 3391
f 3394 3395 3393
f 3393 3395 3392
f 3396 3397 3394
f 3394 3397 3395
f 3398 3399 3397
f 3398 3397 3396
f 3400 3401 3399
f 3400 3399 3398
f 3402 3401 3400
f 3401 3402 3403
f 3401 3403 3404
f 3405 3404 3403
f 3404 3405 3406
f 3407 3406 3405
f 3406 3407 3408
f 3409 3408 3407
f 3408 3409 3410
f 3409 3411 3410
f 3412 3413 3411
f 3411 3413 3410
f 3414 3413 3412
f 3413 3414 3415
f 3416 3415 3414
f 3417 3418 3415
f 3417 3415 3416
f 3419 3420 3418
f 3419 3418 3417
f 3421 3126 3420
f 3421 3420 3419
f 3127 3126 3421
f 3422 3128 3127
f 3128 3422 3423
f 3424 3423 3422
f 3423 3424 3425
f 3426 3425 3424
f 3425 3426 3427
f 3428 3427 3426
f 3427 3428 3129
f 3130 3129 3428
f 3429 3131 3130
f 3133 3131 3429
f 3430 3132 3133
f 3132 3430 3431
f 3432 3431 3433
f 3433 3431 3430
f 3431 3432 3434
f 3435 3434 3432
f 3434 3435 3436
f 3135 3436 3435
f 3436 3135 3134
f 3437 3136 3135
f 3138 3136 3437
f 3140 3139 3438
f 3438 3139 3137
f 3438 3137 3138
f 3143 3141 3140
f 3143 3144 3142
f 3146 3145 3144
f 3439 3147 3146
f 3149 3147 3439
f 3440 3148 3149
f 3148 3440 3441
f 3442 3441 3440
f 3151 3150 3442
f 3442 3150 3441
f 3443 3152 3151
f 3154 3152 3443
f 3444 3153 3154
f 3153 3444 3445
f 3153 3445 3446
f 3447 3446 3445
f 3446 3447 3448
f 3449 3448 3447
f 3448 3449 3450
f 3451 3450 3449
f 3450 3451 3155
f 3156 3155 3451
f 3452 3157 3156
f 3452 3158 3157
f 3453 3159 3158
f 3159 3453 3454
f 3159 3454 3455
f 3456 3455 3454
f 3455 3456 3161
f 3162 3161 3456
f 3457 3160 3162
f 3457 3164 3160
f 3458 3166 3163
f 3458 3163 3164
f 3165 3167 3459
f 3458 3167 3166
f 3165 3459 3460
f 3460 3459 3461
f 3168 3460 3462
f 3460 3461 3462
f 3168 3462 3169
f 3169 3463 3170
f 3170 3463 3172
f 3171 3172 3464
f 3171 3464 3174
f 3173 3175 3465
f 3174 3464 3175
f 3466 3467 3173
f 3173 3465 3466
f 3468 3467 3469
f 3467 3466 3469
f 3470 3177 3468
f 3468 3469 3470
f 3470 3471 3177
f 3177 3471 3178
f 3176 3178 3472
f 3176 3472 3473
f 3474 3473 3475
f 3472 3475 3473
f 3476 3477 3474
f 3474 3475 3476
f 3179 3477 3478
f 3476 3478 3477
f 3179 3478 3180
f 3181 3180 3479
f 3182 3183 3480
f 3181 3479 3183
f 3182 3480 3481
f 3482 3481 3483
f 3480 3483 3481
f 3484 3184 3482
f 3482 3483 3484
f 3484 3485 3184
f 3184 3485 3185
f 2477 2478 3486
f 2478 3185 3486
f 2475 3186 3487
f 2477 3486 3186
f 3488 2473 2475
f 2475 3487 3488
f 2473 3488 3489
f 2473 3489 2471
f 2471 3489 3490
f 2470 2471 3491
f 2471 3490 3491
f 2470 3491 3187
f 2467 2468 3492
f 2468 3187 3492
f 2465 2467 3493
f 2467 3492 3493
f 3494 2463 2465
f 2465 3493 3495
f 2465 3495 3494
f 2463 3494 3496
f 2463 3496 2461
f 2461 3496 3497
f 2459 2461 3498
f 3497 3498 2461
f 2458 3188 3499
f 2459 3498 3188
f 2456 2458 3499
f 2456 3499 3500
f 2456 3500 3501
f 2456 3501 2455
f 2455 3501 3502
f 2455 3502 2453
f 2453 3502 3189
f 2451 3189 3503
f 2451 3503 2449
f 3503 3504 2449
f 2449 3504 2447
f 3504 3505 2447
f 3505 3506 2447
f 2447 3506 2446
f 3506 3507 2446
f 2446 3507 2444
f 3507 3508 2444
f 2444 3508 2443
f 2443 3508 3509
f 2443 3509 3190
f 2441 3190 3510
f 2441 3510 2553
f 2553 3510 3511
f 2553 3511 2555
f 2555 3511 3512
f 2555 3512 2440
f 2440 3512 3513
f 3513 3514 2440
f 2440 3514 2438
f 3514 3515 2438
f 2438 3515 2439
f 3515 3516 2439
f 2439 3516 2558
f 3516 3517 2558
f 2558 3517 2560
f 3517 3518 2560
f 2560 3518 2561
f 3518 3519 2561
f 2561 3519 2563
f 3519 3520 2563
f 3520 3521 2563
f 2563 3521 2565
f 3521 3522 2565
f 2565 3522 2567
f 3522 3523 2567
f 2567 3523 2568
f 3523 3524 2568
f 2568 3524 3525
f 2568 3525 2570
f 3191 2570 3525
f 3243 3526 3245
f 3086 3527 3250
f 3422 3528 3424
f 3135 3529 3437
f 3143 3530 3144
f 3440 3531 3442
f 3451 3532 3156
f 3533 3476 3475
f 3534 3479 3180
f 3236 3234 3238
f 3246 3080 3082
f 3113 3109 3276
f 3315 3314 3313
f 3478 3476 3533
f 3053 3028 3054
f 3027 3055 3028
f 3028 3055 3054
f 3055 3027 3056
f 3056 3029 3057
f 3057 3025 3192
f 3192 3030 3059
f 3059 3024 3193
f 3193 3031 3195
f 3195 3032 3197
f 3197 3033 3198
f 3198 3034 3200
f 3200 3034 3202
f 3202 3034 3035
f 3202 3035 3205
f 3205 3035 3204
f 3204 3035 3036
f 3204 3036 3207
f 3207 3036 3037
f 3207 3037 3209
f 3209 3037 3038
f 3209 3038 3062
f 3062 3039 3210
f 3210 3039 3211
f 3211 3039 3040
f 3211 3040 3213
f 3213 3040 3041
f 3213 3041 3215
f 3215 3041 3042
f 3215 3042 3217
f 3217 3042 3043
f 3217 3043 3219
f 3219 3043 3044
f 3219 3044 3065
f 3045 3220 3065
f 3023 3068 3220
f 3022 3221 3023
f 3021 3223 3022
f 2957 3225 3021
f 2965 3234 2961
f 2960 3073 3238
f 2933 3243 3240
f 3243 2933 3526
f 3080 3245 2947
f 3082 2946 2945
f 3247 3082 2945
f 2944 3248 3247
f 3086 3249 3058
f 3060 3527 3086
f 3527 3060 3194
f 3194 3250 3527
f 3251 3089 3196
f 3199 3253 3251
f 3253 3199 3201
f 3201 3255 3253
f 3091 3257 3203
f 3258 3206 3208
f 3094 3258 3208
f 3259 3208 3061
f 3096 3259 3061
f 3063 3261 3096
f 3063 3260 3261
f 3263 3212 3214
f 3099 3263 3214
f 3216 3264 3099
f 3264 3216 3101
f 3064 3269 3265
f 3268 3269 3066
f 3067 3270 3268
f 3270 3067 3105
f 3105 3067 3222
f 3222 3271 3105
f 3271 3224 3107
f 3227 3272 3107
f 3272 3227 3273
f 3273 3227 3070
f 3069 3275 3273
f 3069 3276 3275
f 3113 3276 3230
f 3233 3277 3113
f 3235 3115 3277
f 3237 3278 3115
f 3278 3072 3279
f 3072 3282 3279
f 3282 3074 3075
f 3075 3283 3282
f 3284 3283 3077
f 3284 3077 3242
f 3242 3119 3284
f 3119 3244 3285
f 3079 3288 3285
f 3288 3079 3289
f 3289 3079 3078
f 3078 3290 3289
f 3290 3078 3122
f 3122 3078 3081
f 3081 3291 3122
f 3291 3083 3292
f 3085 3292 3083
f 3085 3295 3292
f 3295 3085 3296
f 3296 3085 3084
f 3088 3299 3296
f 3299 3088 3300
f 3300 3088 3087
f 3301 3300 3087
f 3252 3304 3301
f 3304 3254 3306
f 3256 3308 3254
f 3254 3308 3306
f 3090 3310 3309
f 3310 3092 3313
f 3093 3313 3092
f 3093 3315 3313
f 3315 3095 3317
f 3319 3317 3097
f 3097 3317 3095
f 3262 3322 3097
f 3097 3322 3319
f 3322 3098 3323
f 3324 3323 3100
f 3100 3323 3098
f 3102 3326 3100
f 3100 3326 3324
f 3102 3328 3326
f 3328 3102 3331
f 3331 3102 3266
f 3332 3331 3266
f 3104 3334 3267
f 3267 3334 3332
f 3334 3104 3336
f 3103 3336 3104
f 3103 3338 3336
f 3338 3106 3340
f 3108 3340 3106
f 3108 3342 3340
f 3342 3108 3344
f 3344 3108 3274
f 3346 3344 3274
f 3111 3347 3346
f 3347 3110 3349
f 3112 3351 3110
f 3110 3351 3349
f 3353 3351 3112
f 3353 3114 3354
f 3356 3354 3116
f 3116 3354 3114
f 3280 3358 3116
f 3116 3358 3356
f 3360 3358 3280
f 3281 3362 3360
f 3362 3118 3363
f 3117 3363 3118
f 3117 3365 3363
f 3365 3286 3367
f 3369 3367 3286
f 3121 3371 3287
f 3287 3371 3369
f 3121 3372 3371
f 3372 3121 3376
f 3376 3121 3120
f 3376 3120 3374
f 3293 3378 3374
f 3297 3381 3294
f 3294 3381 3378
f 3297 3380 3381
f 3298 3383 3380
f 3384 3383 3298
f 3384 3302 3386
f 3388 3386 3303
f 3303 3386 3302
f 3305 3388 3303
f 3305 3307 3125
f 3305 3125 3388
f 3307 3311 3389
f 3307 3389 3125
f 3311 3391 3389
f 3312 3393 3391
f 3394 3393 3312
f 3316 3318 3396
f 3394 3316 3396
f 3318 3398 3396
f 3320 3400 3398
f 3402 3400 3320
f 3402 3321 3403
f 3325 3405 3403
f 3327 3407 3325
f 3325 3407 3405
f 3409 3407 3327
f 3329 3330 3411
f 3409 3329 3411
f 3330 3412 3411
f 3333 3414 3412
f 3337 3416 3335
f 3339 3417 3337
f 3337 3417 3416
f 3419 3339 3341
f 3343 3421 3341
f 3341 3421 3419
f 3345 3422 3127
f 3528 3422 3345
f 3424 3348 3350
f 3426 3424 3350
f 3130 3428 3352
f 3355 3429 3130
f 3429 3355 3357
f 3357 3133 3429
f 3361 3433 3359
f 3359 3433 3430
f 3361 3432 3433
f 3432 3361 3364
f 3364 3435 3432
f 3529 3135 3366
f 3437 3368 3370
f 3138 3437 3370
f 3140 3438 3373
f 3375 3143 3140
f 3143 3375 3530
f 3144 3377 3379
f 3146 3144 3379
f 3382 3439 3146
f 3439 3382 3149
f 3385 3440 3149
f 3440 3387 3531
f 3442 3124 3123
f 3151 3442 3123
f 3443 3123 3390
f 3154 3443 3390
f 3445 3444 3392
f 3395 3447 3445
f 3447 3395 3397
f 3451 3449 3397
f 3397 3449 3447
f 3532 3451 3399
f 3156 3532 3401
f 3452 3401 3404
f 3158 3452 3404
f 3454 3453 3406
f 3410 3162 3456
f 3164 3457 3413
f 3415 3458 3164
f 3415 3167 3458
f 3459 3418 3420
f 3420 3461 3459
f 3462 3461 3126
f 3126 3169 3462
f 3169 3128 3463
f 3463 3128 3423
f 3423 3172 3463
f 3464 3172 3425
f 3464 3425 3427
f 3427 3175 3464
f 3129 3465 3175
f 3465 3129 3466
f 3131 3469 3466
f 3470 3469 3132
f 3471 3470 3132
f 3471 3431 3178
f 3434 3472 3178
f 3434 3475 3472
f 3533 3475 3436
f 3134 3478 3533
f 3478 3136 3180
f 3137 3534 3180
f 3534 3139 3479
f 3183 3141 3480
f 3480 3141 3142
f 3145 3483 3480
f 3483 3145 3484
f 3147 3185 3485
f 3486 3185 3148
f 3486 3148 3186
f 3186 3148 3441
f 3487 3441 3150
f 3150 3488 3487
f 3489 3488 3152
f 3489 3152 3153
f 3153 3490 3489
f 3491 3490 3153
f 3491 3446 3187
f 3492 3187 3448
f 3492 3448 3450
f 3450 3493 3492
f 3495 3493 3155
f 3155 3493 3450
f 3157 3494 3495
f 3157 3496 3494
f 3157 3497 3496
f 3497 3159 3498
f 3498 3159 3455
f 3455 3188 3498
f 3161 3499 3188
f 3161 3500 3499
f 3500 3160 3501
f 3501 3160 3163
f 3502 3501 3163
f 3165 3189 3166
f 3166 3189 3502
f 3165 3503 3189
f 3503 3460 3504
f 3505 3504 3460
f 3168 3506 3505
f 3507 3506 3170
f 3170 3506 3168
f 3507 3170 3171
f 3509 3508 3171
f 3171 3508 3507
f 3173 3190 3174
f 3174 3190 3509
f 3173 3510 3190
f 3510 3173 3511
f 3511 3173 3467
f 3512 3511 3467
f 3177 3513 3468
f 3468 3513 3512
f 3514 3513 3177
f 3514 3177 3176
f 3176 3515 3514
f 3516 3515 3473
f 3473 3515 3176
f 3474 3517 3473
f 3473 3517 3516
f 3477 3518 3474
f 3474 3518 3517
f 3518 3477 3519
f 3519 3477 3179
f 3519 3179 3520
f 3520 3179 3181
f 3181 3521 3520
f 3182 3521 3181
f 3182 3522 3521
f 3522 3481 3523
f 3524 3482 3525
f 3191 3525 3184
f 3184 3525 3482
f 3191 3184 2479
f 3052 3046 3048
f 3048 3028 3052
f 3052 3028 3053
f 3027 3029 3056
f 3029 3025 3057
f 3025 3030 3192
f 3030 3024 3059
f 3024 3031 3193
f 3031 3032 3195
f 3032 3033 3197
f 3033 3034 3198
f 3039 3062 3038
f 3045 3065 3044
f 3023 3220 3045
f 3221 3068 3023
f 3223 3221 3022
f 3225 3223 3021
f 3226 3225 2959
f 2959 3225 2957
f 2959 2964 3226
f 3226 2964 3228
f 2964 2963 3228
f 3228 2963 3071
f 2963 3020 3071
f 3071 3020 3231
f 3020 2958 3231
f 3231 2958 3229
f 2958 2962 3229
f 3229 2962 3232
f 2962 2961 3232
f 3232 2961 3234
f 3234 2965 3238
f 2960 3238 2965
f 2960 3239 3073
f 2967 3239 2960
f 3239 2967 3076
f 2968 3076 2967
f 3076 2968 3241
f 2966 3241 2968
f 3241 2966 2933
f 3241 2933 3240
f 2947 3526 2011
f 2011 3526 2933
f 3526 2947 3245
f 2946 3080 2947
f 3080 2946 3082
f 3247 2945 2944
f 3248 2944 3058
f 3248 3058 3249
f 3058 3060 3086
f 3250 3194 3196
f 3250 3196 3089
f 3196 3199 3251
f 3255 3201 3203
f 3255 3203 3257
f 3203 3206 3091
f 3091 3206 3258
f 3094 3208 3259
f 3061 3063 3096
f 3212 3260 3063
f 3260 3212 3263
f 3214 3216 3099
f 3218 3101 3216
f 3218 3265 3101
f 3218 3064 3265
f 3066 3269 3064
f 3067 3268 3066
f 3271 3222 3224
f 3107 3224 3227
f 3273 3070 3069
f 3230 3276 3069
f 3233 3113 3230
f 3277 3233 3235
f 3237 3115 3235
f 3237 3072 3278
f 3074 3282 3072
f 3075 3077 3283
f 3119 3242 3244
f 3244 3079 3285
f 3291 3081 3083
f 3084 3088 3296
f 3087 3252 3301
f 3304 3252 3254
f 3308 3256 3090
f 3308 3090 3309
f 3092 3310 3090
f 3093 3095 3315
f 3262 3098 3322
f 3266 3267 3332
f 3338 3103 3106
f 3274 3111 3346
f 3111 3110 3347
f 3112 3114 3353
f 3280 3281 3360
f 3362 3281 3118
f 3117 3286 3365
f 3286 3287 3369
f 3120 3293 3374
f 3293 3294 3378
f 3297 3298 3380
f 3298 3302 3384
f 3311 3312 3391
f 3312 3316 3394
f 3318 3320 3398
f 3320 3321 3402
f 3321 3325 3403
f 3327 3329 3409
f 3330 3333 3412
f 3335 3414 3333
f 3414 3335 3416
f 3417 3339 3419
f 3127 3421 3343
f 3127 3343 3345
f 3345 3348 3528
f 3528 3348 3424
f 3426 3350 3352
f 3426 3352 3428
f 3352 3355 3130
f 3133 3357 3359
f 3133 3359 3430
f 3435 3364 3366
f 3435 3366 3135
f 3366 3368 3529
f 3529 3368 3437
f 3138 3370 3373
f 3138 3373 3438
f 3373 3375 3140
f 3377 3530 3375
f 3530 3377 3144
f 3379 3382 3146
f 3387 3440 3385
f 3382 3385 3149
f 3387 3124 3531
f 3531 3124 3442
f 3151 3123 3443
f 3154 3390 3392
f 3154 3392 3444
f 3392 3395 3445
f 3451 3397 3399
f 3532 3399 3401
f 3156 3401 3452
f 3158 3404 3406
f 3158 3406 3453
f 3408 3454 3406
f 3408 3410 3454
f 3454 3410 3456
f 3162 3410 3413
f 3162 3413 3457
f 3413 3415 3164
f 3418 3167 3415
f 3167 3418 3459
f 3420 3126 3461
f 3128 3169 3126
f 3423 3425 3172
f 3175 3427 3129
f 3129 3131 3466
f 3469 3131 3132
f 3431 3471 3132
f 3178 3431 3434
f 3436 3475 3434
f 3436 3134 3533
f 3136 3478 3134
f 3180 3136 3137
f 3534 3137 3139
f 3141 3479 3139
f 3479 3141 3183
f 3142 3145 3480
f 3147 3484 3145
f 3484 3147 3485
f 3148 3185 3147
f 3186 3441 3487
f 3150 3152 3488
f 3446 3491 3153
f 3446 3448 3187
f 3495 3155 3157
f 3159 3497 3157
f 3188 3455 3161
f 3160 3500 3161
f 3163 3166 3502
f 3165 3460 3503
f 3460 3168 3505
f 3171 3174 3509
f 3467 3468 3512
f 3182 3481 3522
f 3523 3481 3482
f 3523 3482 3524
f 2479 3184 2480
f 3535 3536 3537
f 3537 3536 3538
f 3537 3538 3539
f 3539 3538 3540
f 3539 3540 3541
f 3541 3540 3542
f 3541 3542 3543
f 3543 3542 3544
f 3543 3544 3545
f 3545 3544 3546
f 3546 3544 3547
f 3546 3547 3548
f 3546 3548 3549
f 3549 3548 3550
f 3549 3550 3551
f 3551 3550 3552
f 3551 3552 3553
f 3553 3552 3554
f 3553 3554 3555
f 3555 3554 3556
f 3555 3556 3557
f 3557 3556 3558
f 3557 3558 3559
f 3559 3558 3560
f 3559 3560 3561
f 3561 3560 3562
f 3561 3562 3563
f 3563 3562 3564
f 3563 3564 3565
f 3565 3564 3566
f 3565 3566 3567
f 3567 3566 3568
f 3567 3568 3569
f 3569 3568 3570
f 3570 3568 3571
f 3570 3571 3572
f 3570 3572 3573
f 3573 3572 3574
f 3573 3574 3575
f 3575 3574 3576
f 3575 3576 3577
f 3577 3576 3578
f 3577 3578 3579
f 3579 3578 3580
f 3579 3580 3581
f 3581 3580 3582
f 3581 3582 3535
f 3535 3582 3536
f 3583 3584 3585
f 3583 3585 3586
f 3586 3585 3587
f 3586 3587 3588
f 3588 3587 3589
f 3589 3587 3590
f 3589 3590 3591
f 3591 3590 3592
f 3591 3592 3593
f 3593 3592 3594
f 3593 3594 3595
f 3595 3594 3596
f 3596 3594 3597
f 3596 3597 3598
f 3598 3597 3599
f 3598 3599 3600
f 3600 3599 3601
f 3600 3601 3602
f 3602 3601 3603
f 3603 3601 3604
f 3603 3604 3605
f 3605 3604 3606
f 3605 3606 3607
f 3607 3606 3608
f 3607 3608 3609
f 3609 3608 3610
f 3609 3610 3611
f 3611 3610 3612
f 3611 3612 3613
f 3613 3612 3614
f 3614 3612 3615
f 3614 3615 3616
f 3616 3615 3617
f 3616 3617 3618
f 3618 3617 3619
f 3618 3619 3620
f 3620 3619 3621
f 3620 3621 3622
f 3622 3621 3623
f 3622 3623 3624
f 3624 3623 3625
f 3624 3625 3626
f 3626 3625 3627
f 3626 3627 3628
f 3628 3627 3629
f 3628 3629 3630
f 3630 3629 3631
f 3630 3631 3632
f 3632 3631 3633
f 3632 3633 3634
f 3634 3633 3635
f 3634 3635 3636
f 3636 3635 3584
f 3636 3584 3583
f 3637 3638 3639
f 3639 3638 3640
f 3639 3640 3641
f 3641 3640 3642
f 3641 3642 3643
f 3643 3642 3644
f 3645 3646 3647
f 3645 3647 3648
f 3648 3647 3649
f 3648 3649 3650
f 3650 3649 3651
f 3652 3653 3654
f 3652 3654 3655
f 3655 3654 3656
f 3655 3656 3657
f 3657 3656 3658
f 3659 3660 3661
f 3659 3661 3662
f 3662 3661 3663
f 3662 3663 3664
f 3664 3663 3665
f 3666 3667 3668
f 3669 3670 3671
f 3672 3673 3674
f 3674 3673 3675
f 3674 3675 3676
f 3672 3677 3673
f 3678 3679 3680
f 3680 3679 3681
f 3673 3677 3679
f 3673 3679 3682
f 3678 3683 3679
f 3684 3685 3682
f 3682 3685 3686
f 3679 3683 3682
f 3682 3683 3684
f 3686 3685 3687
f 3687 3688 3686
f 3686 3688 3671
f 3671 3688 3669
f 3689 3690 3691
f 3671 3670 3692
f 3671 3692 3689
f 3689 3692 3690
f 3693 3694 3695
f 3695 3694 3696
f 3691 3697 3696
f 3696 3697 3698
f 3696 3698 3695
f 3694 3693 3699
f 3699 3693 3700
f 3701 3702 3703
f 3703 3702 3704
f 3703 3704 3700
f 3700 3704 3705
f 3706 3699 3705
f 3699 3706 3707
f 3700 3705 3699
f 3708 3709 3707
f 3707 3709 3699
f 3709 3708 3710
f 3709 3710 3711
f 3711 3710 3712
f 3713 3714 3715
f 3716 3717 3718
f 3717 3714 3718
f 3714 3717 3719
f 3714 3719 3715
f 3720 3711 3721
f 3718 3720 3716
f 3721 3722 3720
f 3720 3722 3716
f 3712 3723 3711
f 3711 3723 3721
f 3718 3724 3720
f 3720 3724 3725
f 3726 3727 3728
f 3728 3727 3725
f 3728 3725 3724
f 3726 3729 3727
f 3727 3729 3730
f 3731 3732 3733
f 3731 3733 3734
f 3731 3734 3735
f 3735 3734 3736
f 3735 3736 3737
f 3735 3737 3668
f 3668 3737 3666
f 3738 3739 3740
f 3741 3742 3743
f 3744 3743 3745
f 3744 3745 3746
f 3742 3739 3743
f 3739 3742 3747
f 3739 3747 3740
f 3668 3748 3744
f 3744 3748 3749
f 3749 3741 3744
f 3743 3744 3741
f 3668 3667 3748
f 3746 3745 3750
f 3746 3750 3751
f 3751 3750 3752
f 3751 3752 3753
f 3751 3753 3754
f 3754 3753 3755
f 3756 3755 3757
f 3757 3755 3758
f 3755 3756 3759
f 3759 3760 3755
f 3760 3754 3755
f 3754 3760 3761
f 3754 3761 3762
f 3754 3762 3763
f 3764 3765 3763
f 3764 3763 3766
f 3766 3763 3762
f 3763 3765 3767
f 3767 3765 3768
f 3769 3770 3771
f 3770 3772 3771
f 3768 3773 3767
f 3767 3773 3770
f 3770 3773 3772
f 3769 3774 3675
f 3675 3774 3676
f 3775 3776 3777
f 3771 3778 3769
f 3769 3778 3777
f 3779 3776 3775
f 3774 3769 3776
f 3776 3769 3777
f 3780 3781 3782
f 3715 3783 3784
f 3784 3783 3785
f 3782 3781 3786
f 3786 3781 3787
f 3780 3782 3788
f 3788 3789 3780
f 3789 3788 3790
f 3788 3791 3790
f 3792 3786 3787
f 3784 3785 3793
f 3793 3785 3794
f 3790 3791 3715
f 3715 3791 3783
f 3793 3794 3786
f 3793 3786 3792
f 3795 3796 3797
f 3797 3796 3798
f 3799 3800 3801
f 3801 3800 3802
f 3801 3802 3803
f 3804 3805 3795
f 3795 3805 3796
f 3803 3802 3806
f 3806 3807 3803
f 3804 3807 3806
f 3808 3800 3809
f 3804 3806 3805
f 3797 3798 3808
f 3800 3799 3809
f 3798 3810 3808
f 3808 3810 3800
f 3691 3811 3697
f 3690 3812 3691
f 3691 3812 3813
f 3814 3815 3811
f 3814 3811 3813
f 3816 3815 3814
f 3811 3691 3813
f 3817 3818 3819
f 3819 3818 3820
f 3820 3818 3821
f 3822 3820 3821
f 3823 3824 3825
f 3817 3819 3826
f 3827 3817 3826
f 3828 3824 3823
f 3681 3829 3680
f 3680 3829 3824
f 3823 3830 3828
f 3820 3822 3828
f 3820 3828 3830
f 3826 3831 3827
f 3826 3832 3831
f 3831 3832 3833
f 3833 3832 3825
f 3834 3835 3836
f 3836 3835 3837
f 3837 3835 3838
f 3740 3839 3840
f 3840 3839 3841
f 3834 3836 3842
f 3842 3843 3834
f 3844 3845 3837
f 3844 3837 3846
f 3837 3838 3846
f 3847 3843 3842
f 3840 3841 3844
f 3844 3841 3845
f 3842 3848 3847
f 3847 3848 3740
f 3740 3848 3839
f 3730 3729 3849
f 3732 3731 3850
f 3850 3731 3730
f 3851 3852 3853
f 3853 3852 3784
f 3854 3855 3856
f 3854 3856 3849
f 3855 3854 3853
f 3853 3854 3851
f 3856 3857 3849
f 3849 3857 3730
f 3730 3857 3850
f 3833 3825 3824
f 3833 3824 3858
f 3859 3860 3833
f 3833 3860 3861
f 3829 3858 3824
f 3779 3833 3776
f 3776 3833 3861
f 3859 3833 3858
f 3859 3858 3862
f 3757 3758 3863
f 3757 3863 3840
f 3840 3863 3864
f 3740 3865 3738
f 3864 3866 3867
f 3840 3864 3867
f 3840 3867 3740
f 3740 3867 3865
f 3868 3795 3869
f 3870 3797 3702
f 3870 3702 3701
f 3868 3871 3795
f 3816 3795 3815
f 3815 3795 3871
f 3797 3870 3872
f 3797 3872 3795
f 3795 3872 3869
f 3869 3872 3873
f 3874 3875 3784
f 3715 3876 3713
f 3784 3852 3874
f 3784 3875 3877
f 3784 3877 3715
f 3715 3877 3876
f 3875 3878 3877
f 3879 3880 3881
f 3879 3881 3882
f 3883 3882 3884
f 3883 3884 3885
f 3886 3885 3887
f 3886 3887 3888
f 3889 3890 3891
f 3889 3891 3892
f 3893 3894 3895
f 3893 3895 3896
f 3897 3898 3899
f 3897 3899 3900
f 3899 3901 3900
f 3900 3901 3902
f 3903 3900 3902
f 3902 3904 3903
f 3903 3904 3905
f 3905 3904 3906
f 3905 3906 3907
f 3905 3907 3908
f 3909 3910 3911
f 3911 3912 3909
f 3910 3909 3913
f 3897 3913 3898
f 3908 3907 3914
f 3908 3911 3915
f 3913 3897 3910
f 3910 3897 3916
f 3911 3908 3912
f 3912 3908 3914
f 3917 3911 3918
f 3911 3917 3915
f 3919 3920 3921
f 3919 3922 3920
f 3923 3924 3925
f 3917 3918 3926
f 3926 3918 3919
f 3926 3919 3921
f 3924 3923 3926
f 3924 3926 3921
f 3927 3928 3929
f 3929 3928 3930
f 3931 3922 3919
f 3924 3929 3925
f 3925 3929 3930
f 3928 3927 3931
f 3931 3927 3922
f 3932 3933 3919
f 3919 3933 3931
f 3934 3935 3936
f 3937 3938 3935
f 3939 3940 3941
f 3939 3941 3942
f 3942 3941 3943
f 3943 3941 3932
f 3932 3941 3933
f 3934 3944 3937
f 3934 3936 3943
f 3943 3936 3942
f 3945 3940 3939
f 3934 3937 3935
f 3940 3945 3946
f 3940 3946 3947
f 3948 3947 3949
f 3946 3950 3947
f 3947 3950 3949
f 3948 3949 3951
f 3948 3951 3952
f 3952 3951 3953
f 3952 3953 3938
f 3952 3938 3937
f 3954 3955 3944
f 3954 3944 3934
f 3955 3954 3956
f 3957 3958 3959
f 3960 3961 3956
f 3960 3956 3959
f 3956 3954 3957
f 3956 3957 3959
f 3961 3960 3962
f 3963 3964 3965
f 3965 3964 3966
f 3960 3965 3962
f 3962 3965 3966
f 3964 3963 3967
f 3963 3968 3967
f 3967 3968 3957
f 3968 3958 3957
f 3969 3970 3957
f 3957 3970 3967
f 3971 3972 3973
f 3974 3972 3975
f 3976 3971 3977
f 3977 3971 3978
f 3975 3972 3971
f 3975 3971 3976
f 3979 3980 3981
f 3982 3980 3983
f 3982 3983 3970
f 3982 3970 3969
f 3977 3978 3981
f 3977 3981 3982
f 3982 3981 3980
f 3984 3985 3986
f 3984 3986 3987
f 3987 3986 3988
f 3980 3979 3989
f 3980 3989 3990
f 3987 3988 3973
f 3987 3973 3972
f 3989 3991 3990
f 3990 3991 3985
f 3984 3990 3985
f 3992 3993 3994
f 3995 3994 3993
f 3994 3995 3975
f 3975 3995 3974
f 3996 3997 3998
f 3999 4000 3997
f 3999 3997 3996
f 3993 4001 3996
f 3993 3996 3998
f 4002 4003 3992
f 4004 4005 3999
f 3999 4005 4000
f 4005 4004 4002
f 4002 4004 4003
f 3992 4006 4001
f 3992 4001 3993
f 4006 3992 4003
f 4007 4008 4002
f 4007 4002 3992
f 4009 4010 4011
f 4010 4009 4012
f 4012 4009 4013
f 4014 4015 4011
f 4016 4017 4013
f 4011 4010 4018
f 4018 4014 4011
f 4011 4015 4019
f 4012 4013 4017
f 4012 4017 4020
f 4019 4015 4008
f 4019 4008 4007
f 4014 4018 4021
f 4014 4021 4022
f 4023 4024 4025
f 4023 4025 4026
f 4026 4025 4027
f 4023 4022 4024
f 4026 4027 4028
f 4026 4028 4017
f 4020 4017 4028
f 4021 4029 4022
f 4022 4029 4024
f 4030 4031 4032
f 4032 4031 4033
f 4033 4031 4016
f 4033 4016 4013
f 4034 4035 4036
f 4036 4035 4037
f 4035 4034 4038
f 4034 4039 4038
f 4038 4039 4040
f 4040 4041 4032
f 4041 4042 4032
f 4040 4039 4041
f 4043 4036 4044
f 4044 4036 4037
f 4030 4032 4042
f 4043 4044 4045
f 4030 4042 4043
f 4030 4043 4045
f 4046 4047 4040
f 3910 3916 4046
f 4046 3916 4047
f 4040 4047 4038
f 4048 3934 3943
f 3943 4049 4048
f 3910 4050 4051
f 3910 4051 4052
f 3910 4052 3911
f 4053 4054 4055
f 4053 4055 4056
f 4056 4055 4057
f 4056 4057 4058
f 4058 4057 4059
f 4058 4059 4060
f 4060 4059 4061
f 4060 4061 4062
f 4062 4061 4063
f 4062 4063 4064
f 4054 3773 4065
f 4054 4065 4066
f 4065 3765 4066
f 4066 3765 4064
f 3765 4067 4064
f 3764 4062 4064
f 3764 4064 4067
f 3773 4054 4053
f 4068 4069 4070
f 4068 4070 4071
f 4071 4070 4072
f 4071 4072 4073
f 4073 4072 4074
f 4073 4074 4075
f 4075 4074 4076
f 4075 4076 4077
f 4077 4076 4078
f 4077 4078 4079
f 3687 4077 4079
f 3687 4079 4080
f 4068 3670 4069
f 4069 3670 4081
f 4069 4081 4082
f 4082 4081 4083
f 4082 4083 4079
f 4083 3688 4079
f 3688 4080 4079
f 4084 4085 4086
f 4084 4086 4087
f 4087 4086 4088
f 4087 4088 4089
f 4089 4088 4090
f 4089 4090 4091
f 4091 4090 4092
f 4091 4092 4093
f 4093 4092 4094
f 4093 4094 4095
f 4084 3723 4085
f 4085 3723 4096
f 4085 4096 4097
f 4096 3710 4097
f 4097 3710 4095
f 3710 3708 4095
f 4098 4093 4095
f 4098 4095 3708
f 4099 4100 4101
f 4099 4101 4102
f 4102 4101 4103
f 4102 4103 4104
f 4104 4103 4105
f 4104 4105 4106
f 4106 4105 4107
f 4106 4107 4108
f 4108 4107 4109
f 4108 4109 4110
f 4099 3667 4100
f 4100 3667 3666
f 4100 3666 4111
f 4111 3666 3737
f 4111 3737 4110
f 3737 3736 4110
f 3736 3734 4110
f 4112 4108 4110
f 4112 4110 3734
f 4113 3827 3831
f 4113 3831 4114
f 3831 3833 4114
f 4114 3833 4115
f 4115 3833 3779
f 4115 3779 3775
f 4115 3775 4116
f 4115 4116 4117
f 4117 4116 3778
f 4118 4119 4120
f 4120 4119 4121
f 3678 4121 4119
f 3678 3680 4121
f 4121 3680 4122
f 3680 3824 4122
f 4122 3824 3828
f 4122 3828 4123
f 4123 3828 3822
f 4124 4125 4126
f 4126 4125 4127
f 3704 4127 4125
f 3704 3702 4127
f 4127 3702 4128
f 3702 3797 4128
f 4128 3797 3808
f 4128 3808 4129
f 4129 3808 3809
f 4130 3789 3790
f 4130 3790 4131
f 3790 3715 4131
f 4131 3715 4132
f 4132 3715 3719
f 4132 3719 3717
f 4132 3717 4133
f 4134 4133 3717
f 3857 3856 4135
f 4135 3856 4136
f 3855 4136 3856
f 3855 3853 4136
f 4136 3853 4137
f 3853 3784 4137
f 4137 3784 3793
f 4137 3793 4138
f 4138 3793 3792
f 4139 3843 3847
f 4139 3847 4140
f 3847 3740 4140
f 4140 3740 4141
f 4141 3740 3747
f 4141 3747 3742
f 4141 3742 4142
f 3741 4142 3742
f 4142 3741 4143
f 3760 3759 4144
f 4144 3759 4145
f 3756 4145 3759
f 3756 3757 4145
f 4145 3757 4146
f 3757 3840 4146
f 4146 3840 3844
f 4146 3844 4147
f 4147 3844 3846
f 3965 4148 3963
f 3963 4148 4149
f 3963 4149 3968
f 3968 4149 4150
f 3968 4150 3958
f 3958 4150 4151
f 3958 4151 3959
f 3959 4151 4152
f 3959 4152 3960
f 3960 4152 4153
f 3960 4153 3965
f 3965 4153 4148
f 3924 4154 3929
f 3929 4154 4155
f 3929 4155 3927
f 3927 4155 4156
f 3927 4156 3922
f 3922 4156 4157
f 3922 4157 3920
f 3920 4157 4158
f 3920 4158 3921
f 3921 4158 4159
f 3921 4159 3924
f 3924 4159 4154
f 4041 4160 4042
f 4042 4160 4161
f 4042 4161 4043
f 4043 4161 4162
f 4043 4162 4036
f 4036 4162 4163
f 4036 4163 4034
f 4034 4163 4164
f 4034 4164 4039
f 4039 4164 4165
f 4039 4165 4041
f 4041 4165 4160
f 4003 4166 4006
f 4006 4166 4167
f 4006 4167 4001
f 4001 4167 4168
f 4001 4168 3996
f 3996 4168 4169
f 3996 4169 3999
f 3999 4169 4170
f 3999 4170 4004
f 4004 4170 4171
f 4004 4171 4003
f 4003 4171 4166
f 4172 4173 4174
f 4172 4174 4175
f 4175 4174 4176
f 4175 4176 4177
f 4177 4176 4178
f 4177 4178 4179
f 4179 4178 4180
f 4179 4180 4181
f 4179 4181 4182
f 4182 4181 4183
f 4182 4183 4184
f 4184 4183 4185
f 4184 4185 4186
f 4186 4185 4187
f 4186 4187 4188
f 4186 4188 4189
f 4189 4188 4190
f 4189 4190 4191
f 4191 4190 4192
f 4191 4192 4193
f 4193 4192 4194
f 4193 4194 4195
f 4193 4195 4196
f 4196 4195 4197
f 4196 4197 4198
f 4198 4197 4199
f 4198 4199 4172
f 4172 4199 4173
f 3885 4200 3887
f 3887 4200 4201
f 3887 4201 3888
f 3888 4201 4202
f 3888 4202 4203
f 4203 4202 4204
f 4203 4204 3890
f 3890 4204 3891
f 3891 4204 4205
f 3891 4205 3892
f 3892 4205 4206
f 3892 4206 4207
f 4207 4206 4208
f 4207 4208 3894
f 3894 4208 3895
f 3895 4208 4209
f 3895 4209 3896
f 3896 4209 4210
f 3896 4210 4211
f 4211 4210 4212
f 4211 4212 3880
f 3880 4212 3881
f 3881 4212 4213
f 3881 4213 3882
f 3882 4213 4214
f 3882 4214 3884
f 3884 4214 4200
f 3884 4200 3885
f 4215 3979 4216
f 4216 3979 3981
f 4216 3981 4217
f 4217 3981 3978
f 4217 3978 4218
f 4218 3978 4219
f 4218 4219 4220
f 4220 4219 4221
f 4220 4221 4222
f 4222 4221 3973
f 4222 3973 4223
f 4222 4223 4224
f 4224 4223 4225
f 4224 4225 4226
f 4226 4225 3986
f 4226 3986 3985
f 4226 3985 4227
f 4227 3985 3991
f 4227 3991 4215
f 4215 3991 3989
f 4215 3989 3979
f 4228 4025 4024
f 4228 4024 4229
f 4229 4024 4029
f 4229 4029 4230
f 4230 4029 4021
f 4230 4021 4231
f 4230 4231 4232
f 4232 4231 4233
f 4232 4233 4234
f 4234 4233 4010
f 4234 4010 4235
f 4235 4010 4236
f 4235 4236 4237
f 4237 4236 4020
f 4237 4020 4238
f 4238 4020 4028
f 4238 4028 4239
f 4238 4239 4240
f 4240 4239 4241
f 4240 4241 4228
f 4228 4241 4025
f 4242 3907 4243
f 4242 4243 4244
f 4244 4243 4245
f 4244 4245 4246
f 4246 4245 3904
f 4246 3904 3902
f 4246 3902 4247
f 4247 3902 3901
f 4247 3901 4248
f 4248 3901 3899
f 4248 3899 3898
f 4248 3898 4249
f 4249 3898 3913
f 4249 3913 4250
f 4250 3913 3909
f 4250 3909 4251
f 4251 3909 4252
f 4251 4252 4253
f 4253 4252 3914
f 4253 3914 4242
f 4242 3914 3907
f 4254 3936 4255
f 4255 3936 3935
f 4255 3935 4256
f 4256 3935 3938
f 4256 3938 4257
f 4256 4257 4258
f 4258 4257 4259
f 4258 4259 4260
f 4260 4259 3951
f 4260 3951 3949
f 4260 3949 4261
f 4261 3949 3950
f 4261 3950 4262
f 4262 3950 3946
f 4262 3946 3945
f 4262 3945 4263
f 4263 3945 3939
f 4263 3939 4264
f 4264 3939 3942
f 4264 3942 4254
f 4254 3942 3936
f 4181 4180 4265
f 4180 4266 4265
f 4178 4266 4180
f 4178 4267 4266
f 4267 4178 4268
f 4268 4178 4176
f 4268 4176 4269
f 4269 4176 4174
f 4269 4174 4270
f 4173 4271 4174
f 4174 4271 4270
f 4173 4272 4271
f 4272 4173 4273
f 4273 4173 4199
f 4273 4199 4274
f 4274 4199 4197
f 4274 4197 4275
f 4195 4276 4197
f 4197 4276 4275
f 4195 4277 4276
f 4194 4278 4195
f 4195 4278 4277
f 4194 4279 4278
f 4192 4279 4194
f 4192 4280 4279
f 4280 4192 4281
f 4281 4192 4190
f 4281 4190 4282
f 4282 4190 4188
f 4282 4188 4283
f 4187 4284 4188
f 4188 4284 4283
f 4187 4285 4284
f 4285 4187 4286
f 4286 4187 4185
f 4286 4185 4287
f 4287 4185 4183
f 4287 4183 4288
f 4181 4289 4183
f 4183 4289 4288
f 4181 4265 4290
f 4181 4290 4289
f 4210 4291 4212
f 4212 4291 4292
f 4212 4292 4293
f 4212 4293 4213
f 4213 4293 4294
f 4213 4294 4214
f 4214 4294 4295
f 4214 4295 4200
f 4200 4295 4296
f 4200 4296 4297
f 4200 4297 4201
f 4201 4297 4298
f 4201 4298 4202
f 4202 4298 4299
f 4202 4299 4204
f 4204 4299 4300
f 4204 4300 4205
f 4205 4300 4301
f 4205 4301 4302
f 4205 4302 4206
f 4206 4302 4303
f 4206 4303 4208
f 4208 4303 4304
f 4208 4304 4305
f 4208 4305 4209
f 4209 4305 4306
f 4209 4306 4210
f 4210 4306 4291
f 4307 3897 4308
f 4308 3897 3900
f 4309 4310 3916
f 3916 4310 4047
f 4309 3916 4311
f 4312 4035 4313
f 4313 4035 4038
f 4314 4030 4315
f 4315 4030 4045
f 4316 4317 4016
f 4316 4016 4031
f 4316 4031 4318
f 4319 4026 4320
f 4320 4026 4017
f 4321 4014 4322
f 4322 4014 4022
f 4323 4324 4015
f 4015 4324 4008
f 4323 4015 4325
f 4326 4005 4327
f 4327 4005 4002
f 4328 3993 4329
f 4329 3993 3998
f 4330 3974 4331
f 4331 3974 3995
f 4331 3995 4332
f 4333 3987 4334
f 4334 3987 3972
f 4335 3980 4336
f 4336 3980 3990
f 4337 4338 3983
f 3983 4338 3970
f 4337 3983 4339
f 4340 3964 4341
f 4341 3964 3967
f 4342 3956 4343
f 4343 3956 3961
f 4344 3944 4345
f 4345 3944 3955
f 4345 3955 4346
f 4347 3952 4348
f 4348 3952 3937
f 4349 3940 4350
f 4350 3940 3947
f 4351 3933 4352
f 4352 3933 3941
f 4352 3941 4353
f 4354 3928 4355
f 4355 3928 3931
f 4356 3926 4357
f 4357 3926 3923
f 4358 3915 4359
f 4359 3915 3917
f 4359 3917 4360
f 4361 3905 4362
f 4362 3905 3908
f 4355 3931 4363
f 4363 3931 3933
f 4363 3933 4351
f 4353 3941 4364
f 4364 3941 3940
f 4364 3940 4349
f 4348 3937 4365
f 4365 3937 4344
f 4344 3937 3944
f 4346 3955 4366
f 4366 3955 3956
f 4366 3956 4342
f 4341 3967 4367
f 4367 3967 3970
f 4367 3970 4338
f 4339 3983 4368
f 4368 3983 3980
f 4368 3980 4335
f 4334 3972 4369
f 4369 3972 4330
f 4330 3972 3974
f 4332 3995 4370
f 4370 3995 3993
f 4370 3993 4328
f 4327 4002 4371
f 4371 4002 4008
f 4371 4008 4324
f 4325 4015 4372
f 4372 4015 4014
f 4372 4014 4321
f 4320 4017 4373
f 4373 4017 4317
f 4317 4017 4016
f 4318 4031 4374
f 4374 4031 4030
f 4374 4030 4314
f 4313 4038 4375
f 4375 4038 4047
f 4375 4047 4310
f 4311 3916 4376
f 4376 3916 3897
f 4376 3897 4307
f 4360 3917 4377
f 4377 3917 3926
f 4377 3926 4356
f 4362 3908 4378
f 4378 3908 4358
f 4358 3908 3915
f 4379 4380 4381
f 4381 4380 4382
f 4381 4382 4383
f 4383 4382 4384
f 4385 4386 4387
f 4387 4386 4388
f 4387 4388 4389
f 4389 4388 4390
f 4391 4392 4393
f 4393 4392 4394
f 4393 4394 4395
f 4395 4394 4396
f 4397 4398 4399
f 4399 4398 4400
f 4399 4400 4401
f 4401 4400 4402
f 4343 3961 4403
f 4403 3961 3962
f 4329 3998 4404
f 4404 3998 3997
f 4315 4045 4405
f 4405 4045 4044
f 4357 3923 4406
f 4406 3923 3925
f 4407 4037 4312
f 4312 4037 4035
f 4408 4000 4326
f 4326 4000 4005
f 4409 3966 4340
f 4340 3966 3964
f 4410 3930 4354
f 4354 3930 3928
f 4409 4403 3962
f 4409 3962 3966
f 4408 4404 3997
f 4408 3997 4000
f 4407 4405 4044
f 4407 4044 4037
f 4410 4406 3925
f 4410 3925 3930
f 3905 4402 3903
f 4398 3900 3903
f 4402 4400 3903
f 3903 4400 4398
f 3952 4396 3948
f 4392 3947 3948
f 4396 4394 3948
f 3948 4394 4392
f 3987 4390 3984
f 4386 3990 3984
f 4390 4388 3984
f 3984 4388 4386
f 4380 4022 4023
f 4026 4384 4023
f 4384 4382 4023
f 4023 4382 4380
f 4398 4397 3900
f 3900 4397 4411
f 3900 4411 4308
f 4361 4412 3905
f 3905 4412 4402
f 4401 4402 4412
f 4392 4391 3947
f 3947 4391 4413
f 3947 4413 4350
f 4347 4414 3952
f 3952 4414 4396
f 4395 4396 4414
f 4386 4385 3990
f 3990 4385 4415
f 3990 4415 4336
f 4333 4416 3987
f 3987 4416 4390
f 4389 4390 4416
f 4319 4417 4026
f 4026 4417 4384
f 4383 4384 4417
f 4380 4379 4022
f 4022 4379 4418
f 4022 4418 4322
f 4291 4179 4292
f 4292 4179 4182
f 4292 4182 4184
f 4292 4184 4293
f 4293 4184 4294
f 4294 4184 4186
f 4294 4186 4295
f 4295 4186 4296
f 4296 4186 4189
f 4296 4189 4191
f 4296 4191 4297
f 4297 4191 4298
f 4298 4191 4193
f 4298 4193 4299
f 4299 4193 4300
f 4300 4193 4196
f 4300 4196 4198
f 4300 4198 4301
f 4301 4198 4302
f 4302 4198 4172
f 4302 4172 4303
f 4303 4172 4304
f 4304 4172 4175
f 4304 4175 4177
f 4304 4177 4305
f 4305 4177 4306
f 4306 4177 4179
f 4306 4179 4291
f 4149 4101 4150
f 4150 4101 4100
f 4150 4100 4111
f 4150 4111 4151
f 4151 4111 4110
f 4151 4110 4152
f 4152 4110 4109
f 4152 4109 4153
f 4153 4109 4107
f 4153 4107 4105
f 4153 4105 4148
f 4148 4105 4103
f 4148 4103 4149
f 4149 4103 4101
f 4154 4090 4155
f 4155 4090 4088
f 4155 4088 4156
f 4156 4088 4086
f 4156 4086 4157
f 4157 4086 4085
f 4157 4085 4097
f 4157 4097 4158
f 4158 4097 4095
f 4158 4095 4159
f 4159 4095 4094
f 4159 4094 4154
f 4154 4094 4092
f 4154 4092 4090
f 4161 4078 4162
f 4162 4078 4076
f 4162 4076 4074
f 4162 4074 4163
f 4163 4074 4072
f 4163 4072 4164
f 4164 4072 4070
f 4164 4070 4165
f 4165 4070 4069
f 4165 4069 4082
f 4165 4082 4160
f 4160 4082 4079
f 4160 4079 4161
f 4161 4079 4078
f 4166 4066 4167
f 4167 4066 4064
f 4167 4064 4168
f 4168 4064 4063
f 4168 4063 4169
f 4169 4063 4061
f 4169 4061 4059
f 4169 4059 4170
f 4170 4059 4057
f 4170 4057 4171
f 4171 4057 4055
f 4171 4055 4166
f 4166 4055 4054
f 4166 4054 4066
f 3817 4419 3818
f 3818 4419 4420
f 3818 4420 4421
f 4130 4131 4132
f 4146 4147 4422
f 4113 4114 4115
f 4422 4147 4423
f 4128 4129 4142
f 4142 4129 4424
f 4142 4127 4128
f 4425 4426 4422
f 4427 4145 4146
f 4135 4137 4138
f 4424 4428 4139
f 4120 4122 4123
f 4135 4136 4137
f 4142 4140 4141
f 4429 4053 4056
f 4120 4121 4122
f 4430 4084 4087
f 4431 4099 4102
f 4432 4126 4093
f 4093 4126 4091
f 4423 4433 4422
f 4424 4139 4142
f 4142 4139 4140
f 4113 4117 4056
f 4091 4434 4089
f 4056 4117 4429
f 4058 4419 4113
f 4113 4056 4058
f 4435 4068 4071
f 4130 4133 4087
f 4089 4434 4130
f 4130 4087 4089
f 4102 4142 4431
f 4138 4106 4135
f 4108 4135 4106
f 4108 4436 4135
f 4071 4427 4435
f 4075 4120 4123
f 4087 4133 4430
f 4142 4102 4104
f 4126 4434 4091
f 4437 4104 4106
f 4126 4127 4142
f 4428 4424 4423
f 4423 4424 4433
f 4438 4144 4062
f 4062 4144 4060
f 4144 4145 4427
f 4132 4133 4130
f 4437 4434 4126
f 4437 4126 4142
f 4437 4142 4104
f 4106 4138 4437
f 4115 4117 4113
f 4075 4123 4420
f 4420 4073 4075
f 4060 4419 4058
f 4439 4120 4077
f 4077 4120 4075
f 4422 4426 4146
f 4146 4426 4427
f 4427 4071 4073
f 4144 4419 4060
f 4420 4419 4144
f 4420 4144 4427
f 4420 4427 4073
f 3834 4428 3835
f 3835 4428 4423
f 3835 4423 4440
f 3781 4434 4437
f 3781 4437 4441
f 3803 4433 3801
f 3801 4433 4424
f 3801 4424 4442
f 4422 3807 3804
f 4422 3804 4425
f 3804 3795 4425
f 4425 3795 4426
f 4426 3795 3816
f 4426 3816 3814
f 4426 3814 4443
f 4426 4443 4427
f 4427 4443 3812
f 4433 3803 4444
f 4433 4444 4422
f 4422 4444 3807
f 4129 3809 4424
f 4424 3809 3799
f 4424 3799 4442
f 4419 3817 4445
f 4419 4445 4113
f 4113 4445 3827
f 4123 3822 4420
f 4420 3822 3821
f 4420 3821 4421
f 4434 3781 4446
f 4434 4446 4130
f 4130 4446 3789
f 4138 3792 4437
f 4437 3792 3787
f 4437 3787 4441
f 4147 3846 4423
f 4423 3846 3838
f 4423 3838 4440
f 4428 3834 4447
f 4428 4447 4139
f 4139 4447 3843
f 4448 4343 4449
f 4409 4283 4284
f 4407 4270 4271
f 4409 4284 4450
f 4290 4403 4451
f 4452 4408 4453
f 4407 4271 4454
f 4455 4343 4456
f 4456 4343 4403
f 4283 4404 4282
f 4277 4405 4457
f 4290 4458 4403
f 4403 4458 4456
f 4408 4452 4459
f 4408 4459 4404
f 4410 4460 4461
f 4462 4269 4406
f 4463 4354 4464
f 4455 4365 4465
f 4409 4450 4466
f 4409 4466 4403
f 4403 4466 4451
f 4467 4468 4469
f 4470 4471 4472
f 4471 4470 4316
f 4473 4474 4357
f 4357 4474 4475
f 4406 4269 4270
f 4460 4393 4290
f 4290 4393 4458
f 4329 4476 4477
f 4404 4459 4282
f 4373 4470 4478
f 4479 4309 4480
f 4480 4309 4481
f 4460 4482 4393
f 4449 4343 4465
f 4465 4343 4455
f 4483 4329 4484
f 4484 4329 4404
f 4316 4470 4485
f 4486 4487 4321
f 4407 4454 4488
f 4407 4488 4405
f 4405 4488 4457
f 4479 4489 4407
f 4407 4489 4270
f 4410 4461 4462
f 4410 4462 4406
f 4354 4463 4490
f 4354 4490 4410
f 4410 4490 4491
f 4410 4491 4482
f 4410 4482 4460
f 4464 4492 4463
f 4483 4493 4329
f 4329 4493 4476
f 4494 4283 4409
f 4494 4409 4467
f 4283 4495 4404
f 4404 4495 4484
f 4496 4497 4468
f 4496 4468 4340
f 4340 4468 4467
f 4340 4467 4409
f 4326 4321 4408
f 4408 4321 4498
f 4408 4498 4499
f 4408 4499 4453
f 4499 4381 4453
f 4453 4381 4277
f 4277 4381 4500
f 4486 4321 4326
f 4486 4326 4501
f 4486 4501 4502
f 4503 4504 4309
f 4503 4309 4312
f 4312 4309 4479
f 4312 4479 4407
f 4270 4505 4412
f 4270 4412 4406
f 4406 4412 4506
f 4483 4369 4493
f 4283 4494 4387
f 4507 4469 4468
f 4277 4500 4405
f 4405 4500 4315
f 4315 4500 4470
f 4315 4470 4472
f 4406 4506 4357
f 4357 4506 4508
f 4357 4508 4473
f 4283 4387 4495
f 4270 4489 4399
f 4470 4373 4485
f 4270 4399 4505
f 4289 4290 4451
f 4289 4451 4288
f 4288 4451 4466
f 4288 4466 4287
f 4287 4466 4286
f 4285 4286 4450
f 4285 4450 4284
f 4281 4282 4459
f 4281 4459 4280
f 4280 4459 4452
f 4280 4452 4279
f 4279 4452 4453
f 4279 4453 4278
f 4276 4277 4457
f 4276 4457 4275
f 4275 4457 4488
f 4275 4488 4274
f 4274 4488 4273
f 4272 4273 4454
f 4272 4454 4271
f 4268 4269 4462
f 4268 4462 4267
f 4267 4462 4461
f 4267 4461 4266
f 4266 4461 4460
f 4266 4460 4265
f 4286 4466 4450
f 4273 4488 4454
f 4278 4453 4277
f 4265 4460 4290
f 4497 4367 4338
f 4497 4496 4367
f 4496 4341 4367
f 4468 4497 4338
f 4468 4337 4339
f 4468 4338 4337
f 4340 4341 4496
f 4468 4339 4507
f 4507 4339 4368
f 4507 4368 4469
f 4469 4368 4335
f 4335 4336 4469
f 4469 4336 4467
f 4385 4494 4415
f 4336 4415 4467
f 4415 4494 4467
f 4387 4389 4495
f 4387 4494 4385
f 4342 4343 4448
f 4333 4484 4416
f 4389 4416 4495
f 4416 4484 4495
f 4449 4346 4366
f 4449 4366 4448
f 4448 4366 4342
f 4333 4334 4484
f 4484 4334 4483
f 4449 4345 4346
f 4449 4465 4345
f 4345 4465 4344
f 4483 4334 4369
f 4369 4330 4493
f 4455 4348 4365
f 4365 4344 4465
f 4476 4331 4332
f 4476 4493 4331
f 4331 4493 4330
f 4347 4348 4456
f 4456 4348 4455
f 4477 4476 4370
f 4476 4332 4370
f 4477 4370 4328
f 4347 4456 4414
f 4395 4414 4458
f 4414 4456 4458
f 4329 4477 4328
f 4393 4395 4458
f 4393 4482 4391
f 4391 4482 4413
f 4413 4482 4350
f 4350 4482 4491
f 4349 4350 4491
f 4349 4491 4490
f 4463 4364 4490
f 4463 4353 4364
f 4490 4364 4349
f 4326 4327 4501
f 4463 4352 4353
f 4463 4492 4352
f 4352 4492 4351
f 4501 4327 4371
f 4501 4371 4502
f 4502 4371 4324
f 4464 4355 4363
f 4464 4363 4492
f 4492 4363 4351
f 4486 4323 4325
f 4486 4502 4323
f 4323 4502 4324
f 4354 4355 4464
f 4486 4325 4487
f 4487 4325 4372
f 4487 4372 4321
f 4321 4322 4498
f 4379 4499 4418
f 4418 4499 4322
f 4322 4499 4498
f 4381 4383 4500
f 4381 4499 4379
f 4475 4356 4357
f 4319 4470 4417
f 4417 4470 4383
f 4383 4470 4500
f 4474 4360 4377
f 4474 4377 4475
f 4475 4377 4356
f 4319 4320 4470
f 4470 4320 4478
f 4474 4359 4360
f 4474 4473 4359
f 4359 4473 4358
f 4478 4320 4373
f 4373 4317 4485
f 4508 4378 4473
f 4508 4362 4378
f 4473 4378 4358
f 4471 4316 4318
f 4316 4485 4317
f 4361 4362 4506
f 4506 4362 4508
f 4471 4318 4374
f 4471 4374 4472
f 4472 4374 4314
f 4412 4361 4506
f 4505 4401 4412
f 4314 4315 4472
f 4399 4401 4505
f 4399 4489 4397
f 4397 4489 4411
f 4308 4411 4479
f 4411 4489 4479
f 4307 4308 4480
f 4480 4308 4479
f 4481 4311 4376
f 4481 4376 4480
f 4480 4376 4307
f 4312 4313 4503
f 4481 4309 4311
f 4504 4310 4309
f 4504 4503 4375
f 4503 4313 4375
f 4504 4375 4310
f 4013 4509 4510
f 4510 4509 4511
f 4511 4512 4033
f 4512 4513 4514
f 4515 4513 4516
f 4515 4516 4517
f 4518 4046 4516
f 4516 4046 4517
f 4518 4519 4046
f 4520 4050 4519
f 4520 4519 4518
f 4050 4520 4521
f 4521 4520 4522
f 4523 3911 4524
f 3919 4525 4526
f 4527 4528 4526
f 4529 4530 4531
f 4531 4049 4529
f 4531 4532 4533
f 4533 4048 4531
f 4531 4048 4049
f 4532 4534 4533
f 4535 4534 4532
f 4536 4535 4537
f 4536 4537 4538
f 4537 4539 4538
f 4540 3969 4541
f 4540 4541 4537
f 4537 4541 4539
f 3969 4540 4542
f 4542 4540 4543
f 4542 4543 4544
f 4544 4543 4545
f 4545 4543 4546
f 4545 4546 4547
f 4546 4548 4547
f 4549 3976 4548
f 4549 4548 4546
f 3976 4549 4550
f 4550 4549 4551
f 4550 4551 4552
f 3994 4551 4553
f 4553 4551 4554
f 4555 4556 4554
f 4556 4555 4019
f 4019 4555 4557
f 4019 4557 4558
f 4557 4011 4558
f 4013 4009 4509
f 4509 4009 4557
f 4557 4009 4011
f 4263 4264 4254
f 4263 4261 4262
f 4263 4260 4261
f 4263 4258 4260
f 4263 4256 4258
f 4263 4255 4256
f 4263 4254 4255
f 4251 4253 4242
f 4251 4249 4250
f 4248 4249 4251
f 4251 4247 4248
f 4251 4246 4247
f 4251 4244 4246
f 4251 4242 4244
f 4232 4240 4228
f 4232 4238 4240
f 4232 4237 4238
f 4232 4235 4237
f 4232 4234 4235
f 4232 4229 4230
f 4232 4228 4229
f 4218 4227 4215
f 4218 4226 4227
f 4218 4224 4226
f 4218 4222 4224
f 4218 4220 4222
f 4218 4216 4217
f 4215 4216 4218
f 4219 3978 3971
f 4219 3971 4221
f 4221 3971 3973
f 4223 3973 3988
f 4223 3988 4225
f 4225 3988 3986
f 4231 4021 4018
f 4231 4018 4233
f 4233 4018 4010
f 4236 4010 4012
f 4236 4012 4020
f 4239 4028 4027
f 4239 4027 4241
f 4241 4027 4025
f 4257 3938 3953
f 4257 3953 4259
f 4259 3953 3951
f 4243 3907 3906
f 4243 3906 4245
f 4245 3906 3904
f 4252 3909 3912
f 4252 3912 3914
f 4559 4560 4561
f 4560 4562 4561
f 4561 4562 4563
f 4563 4564 4561
f 4564 4565 4561
f 4565 4566 4561
f 4561 4566 4559
f 4559 3825 4560
f 4560 3825 4562
f 4562 3825 3832
f 4562 3832 4563
f 4563 3832 3826
f 4563 3826 4564
f 4564 3826 3819
f 4564 3819 3820
f 4564 3820 4565
f 4565 3820 3830
f 4565 3830 4566
f 4566 3830 3823
f 4566 3823 4559
f 4559 3823 3825
f 4567 4568 4569
f 4569 4568 4570
f 4570 4571 4569
f 4571 4572 4569
f 4569 4572 4573
f 4573 4574 4569
f 4574 4567 4569
f 4567 3845 4568
f 4568 3845 3841
f 4568 3841 4570
f 4570 3841 3839
f 4570 3839 4571
f 4571 3839 4572
f 4572 3839 3848
f 4572 3848 4573
f 4573 3848 3842
f 4573 3842 4574
f 4574 3842 3836
f 4574 3836 3837
f 4574 3837 4567
f 4567 3837 3845
f 4575 4576 4577
f 4576 4578 4577
f 4577 4578 4579
f 4579 4580 4577
f 4580 4581 4577
f 4577 4581 4582
f 4582 4575 4577
f 4575 3782 3786
f 4575 3786 4576
f 4576 3786 3794
f 4576 3794 4578
f 4578 3794 3785
f 4578 3785 4579
f 4579 3785 3783
f 4579 3783 4580
f 4580 3783 4581
f 4581 3783 3791
f 4581 3791 4582
f 4582 3791 3788
f 4582 3788 4575
f 4575 3788 3782
f 4583 4584 4585
f 4585 4586 4583
f 4586 4587 4583
f 4587 4588 4583
f 4583 4588 4589
f 4589 4590 4583
f 4590 4584 4583
f 4584 3805 4585
f 4585 3805 3806
f 4585 3806 4586
f 4586 3806 3802
f 4586 3802 3800
f 4586 3800 4587
f 4587 3800 3810
f 4587 3810 4588
f 4588 3810 3798
f 4588 3798 4589
f 4589 3798 3796
f 4589 3796 4590
f 4590 3796 4584
f 4584 3796 3805
f 4591 4592 4593
f 3861 4594 4591
f 4591 4594 4592
f 4595 3677 3672
f 4595 3672 4596
f 4596 3672 3674
f 3676 4597 3674
f 3674 4597 4596
f 3681 4598 3829
f 4599 4600 3681
f 3681 4600 4598
f 4601 3859 3862
f 4601 3862 4602
f 4602 3862 3858
f 4602 3858 4603
f 4596 4598 4600
f 4602 4596 4601
f 4601 4596 4592
f 4601 4592 4594
f 4600 4595 4596
f 4596 4597 4592
f 4596 4602 4603
f 4596 4603 4598
f 4603 3858 4604
f 4603 4604 4598
f 4598 4604 3829
f 4594 3861 3860
f 4594 3860 4601
f 4601 3860 3859
f 4600 4599 4605
f 4600 4605 4595
f 4595 4605 3677
f 4597 3676 4606
f 4597 4606 4593
f 4597 4593 4592
f 4607 4608 4609
f 3738 4610 4607
f 4607 4610 4608
f 4611 3753 3752
f 4611 3752 4612
f 4612 3752 3750
f 3745 4613 3750
f 3750 4613 4612
f 3758 4614 3863
f 4615 4616 3758
f 3758 4616 4614
f 4617 3867 3866
f 4617 3866 4618
f 4618 3866 3864
f 4618 3864 4619
f 4617 4618 4612
f 4612 4614 4616
f 4612 4616 4611
f 4610 4617 4608
f 4608 4617 4612
f 4608 4612 4613
f 4612 4618 4619
f 4612 4619 4614
f 4620 4621 4622
f 3713 4623 4620
f 4620 4623 4621
f 4624 4625 3726
f 4624 3726 4626
f 4626 3726 3728
f 3724 4627 3728
f 3728 4627 4626
f 3851 4628 3852
f 3854 4629 3851
f 3851 4629 4628
f 4630 3877 3878
f 4630 3878 4631
f 4631 3878 3875
f 4631 3875 4632
f 4626 4631 4632
f 4626 4628 4629
f 4631 4626 4630
f 4630 4626 4621
f 4630 4621 4623
f 4628 4626 4632
f 4629 4624 4626
f 4626 4627 4621
f 4633 4634 4635
f 3871 4636 4633
f 4633 4636 4634
f 4637 4638 3695
f 4637 3695 4639
f 4639 3695 3698
f 3697 4640 3698
f 3698 4640 4639
f 4641 3870 3701
f 3703 4642 3701
f 3701 4642 4641
f 4643 3869 3873
f 4643 3873 4644
f 4644 3873 3872
f 4644 3872 4645
f 4639 4641 4642
f 4644 4639 4643
f 4643 4639 4634
f 4643 4634 4636
f 4642 4637 4639
f 4639 4640 4634
f 4639 4644 4645
f 4639 4645 4641
f 4645 3872 4646
f 4645 4646 4641
f 4641 4646 3870
f 4636 3871 3868
f 4636 3868 4643
f 4643 3868 3869
f 4642 3703 3700
f 4642 3700 4637
f 4637 3700 4638
f 4640 3697 3811
f 4640 3811 4635
f 4640 4635 4634
f 4632 3875 3874
f 4632 3874 4628
f 4628 3874 3852
f 4623 3713 3876
f 4623 3876 4630
f 4630 3876 3877
f 4629 3854 3849
f 4629 3849 4624
f 4624 3849 4625
f 4627 3724 3718
f 4627 3718 4622
f 4627 4622 4621
f 4619 3864 4647
f 4619 4647 4614
f 4614 4647 3863
f 4610 3738 3865
f 4610 3865 4617
f 4617 3865 3867
f 4616 4615 4648
f 4616 4648 4611
f 4611 4648 3753
f 4613 3745 3743
f 4613 3743 4609
f 4613 4609 4608
f 4427 4649 3690
f 4427 3690 4435
f 3690 3692 4435
f 4435 3692 4068
f 4068 3692 3670
f 4062 3764 3766
f 4062 3766 4438
f 3766 3762 4438
f 4438 3762 4144
f 4144 3762 3761
f 4142 3749 4650
f 4142 4650 4431
f 4650 3748 4431
f 4431 3748 4099
f 4099 3748 3667
f 4108 4112 3733
f 4108 3733 4436
f 3733 3732 4436
f 4436 3732 4135
f 4135 3732 3850
f 4133 4651 3722
f 4133 3722 4430
f 3722 3721 4430
f 4430 3721 4084
f 4084 3721 3723
f 4093 4098 4652
f 4093 4652 4432
f 4652 3707 4432
f 4432 3707 4126
f 4126 3707 3706
f 4077 3687 4653
f 4077 4653 4439
f 4653 3685 4439
f 4439 3685 4120
f 4120 3685 3684
f 4117 4654 3771
f 4117 3771 4429
f 3771 3772 4429
f 4429 3772 4053
f 4053 3772 3773
f 4427 3812 4649
f 4120 3684 4118
f 4117 3778 4654
f 4144 3761 3760
f 4142 4143 3749
f 4135 3850 3857
f 4133 4134 4651
f 4126 3706 4124
f 3777 4116 3775
f 3777 3778 4116
f 3771 4654 3778
f 4445 3817 3827
f 3773 3768 4065
f 4067 3765 3764
f 3768 3765 4065
f 3818 4421 3821
f 4118 3683 4119
f 3678 4119 3683
f 3684 3683 4118
f 3685 4653 3687
f 3835 4440 3838
f 3670 3669 4081
f 4081 3669 4083
f 4080 3688 3687
f 3669 3688 4083
f 4447 3834 3843
f 3690 4649 3812
f 3749 4143 3741
f 3813 4443 3814
f 3813 3812 4443
f 3748 4650 3749
f 4444 3803 3807
f 3801 4442 3799
f 3733 4112 3734
f 4124 3705 4125
f 3704 4125 3705
f 3706 3705 4124
f 4652 4098 3708
f 3707 4652 3708
f 3781 4441 3787
f 3723 3712 4096
f 3712 3710 4096
f 3781 3780 4446
f 4446 3780 3789
f 3722 4651 3716
f 3716 4134 3717
f 4651 4134 3716
f 4620 4622 3714
f 3713 4620 3714
f 3714 4622 3718
f 3726 4625 3729
f 4625 3849 3729
f 4646 3872 3870
f 4638 3700 3693
f 4633 4635 3815
f 3871 4633 3815
f 3695 4638 3693
f 3815 4635 3811
f 3739 4609 3743
f 4607 4609 3739
f 3738 4607 3739
f 4648 4615 3755
f 3753 4648 3755
f 4615 3758 3755
f 4647 3864 3863
f 4591 4593 3776
f 3861 4591 3776
f 3776 4593 4606
f 3774 4606 3676
f 3776 4606 3774
f 4604 3858 3829
f 4599 3681 3679
f 4605 4599 3679
f 3677 4605 3679
f 4032 4513 4515
f 4513 4032 4514
f 4032 4515 4040
f 4040 4515 4517
f 4050 4521 4051
f 4051 4521 4522
f 4051 4522 4052
f 4052 4522 4524
f 4052 4524 3911
f 3919 4526 4528
f 4528 4527 3932
f 3932 4527 4530
f 3932 4530 3943
f 3943 4530 4529
f 4533 4534 3934
f 3982 4544 4545
f 4545 4547 3977
f 3977 4547 4548
f 4552 4551 3994
f 3994 4553 3992
f 4514 4033 4512
f 4511 4033 4510
f 4019 4007 4556
f 4556 4007 4554
f 4554 3992 4553
f 4539 4541 3957
f 4542 4544 3982
f 3975 4550 4552
f 4040 4517 4046
f 4046 4519 3910
f 3910 4519 4050
f 3943 4529 4049
f 3977 4548 3976
f 3976 4550 3975
f 4033 4013 4510
f 4011 4019 4558
f 4007 3992 4554
f 4538 4539 3957
f 4538 3957 3954
f 3919 4528 3932
f 4048 4533 3934
f 4535 4536 3954
f 4536 4538 3954
f 3957 4541 3969
f 3969 4542 3982
f 3982 4545 3977
f 3975 4552 3994
f 4032 4033 4514
f 3911 4523 3918
f 4523 4525 3918
f 3918 4525 3919
f 4534 4535 3954
f 4534 3954 3934
f 3730 4655 3727
f 3727 4655 4656
f 3731 4657 3730
f 3730 4657 4655
f 3735 4658 3731
f 3731 4658 4657
f 3668 4659 3735
f 3735 4659 4658
f 3744 4660 3668
f 3668 4660 4659
f 3746 4661 3744
f 3744 4661 4660
f 3751 4662 3746
f 3746 4662 4661
f 3754 4663 3751
f 3751 4663 4662
f 3763 4664 3754
f 3754 4664 4663
f 3767 4665 3763
f 3763 4665 4664
f 3770 4666 3767
f 3767 4666 4665
f 3769 4667 3770
f 3770 4667 4666
f 3675 4668 3769
f 3769 4668 4667
f 3673 4669 3675
f 3675 4669 4668
f 3682 4670 3673
f 3673 4670 4669
f 3686 4671 3682
f 3682 4671 4670
f 3671 4672 3686
f 3686 4672 4671
f 3689 4673 3671
f 3671 4673 4672
f 3691 4674 3689
f 3689 4674 4673
f 3696 4675 3691
f 3691 4675 4674
f 3694 4676 3696
f 3696 4676 4675
f 3699 4677 3694
f 3694 4677 4676
f 3709 4678 3699
f 3699 4678 4677
f 3711 4679 3709
f 3709 4679 4678
f 3720 4680 3711
f 3711 4680 4679
f 3725 4681 3720
f 3720 4681 4680
f 3727 4656 3725
f 3725 4656 4681
f 4509 4682 4511
f 4511 4682 4683
f 4511 4683 4512
f 4512 4683 4684
f 4512 4684 4513
f 4513 4684 4685
f 4513 4685 4516
f 4516 4685 4686
f 4516 4686 4518
f 4518 4686 4687
f 4518 4687 4520
f 4546 4688 4689
f 4546 4689 4549
f 4549 4689 4690
f 4549 4690 4551
f 4551 4690 4691
f 4551 4691 4554
f 4554 4691 4692
f 4554 4692 4555
f 4555 4692 4693
f 4555 4693 4557
f 4557 4693 4694
f 4557 4694 4509
f 4509 4694 4682
f 4687 4695 4520
f 4520 4695 4522
f 4522 4695 4696
f 4522 4696 4524
f 4524 4696 4697
f 4524 4697 4523
f 4523 4697 4698
f 4523 4698 4525
f 4525 4698 4699
f 4525 4699 4526
f 4526 4699 4527
f 4527 4699 4700
f 4527 4700 4530
f 4530 4700 4701
f 4530 4701 4531
f 4531 4701 4702
f 4531 4702 4532
f 4532 4702 4703
f 4532 4703 4535
f 4535 4703 4704
f 4535 4704 4537
f 4537 4704 4705
f 4537 4705 4540
f 4540 4705 4706
f 4540 4706 4543
f 4543 4706 4707
f 4543 4707 4546
f 4546 4707 4688
f 4708 4709 4710
f 4710 4709 4711
f 4712 4713 4708
f 4708 4713 4709
f 4714 4715 4712
f 4712 4715 4713
f 4716 4717 4714
f 4714 4717 4715
f 4718 4719 4716
f 4716 4719 4717
f 4720 4721 4718
f 4718 4721 4719
f 4722 4723 4720
f 4720 4723 4721
f 4724 4725 4722
f 4722 4725 4723
f 4726 4727 4724
f 4724 4727 4725
f 4728 4729 4726
f 4726 4729 4727
f 4730 4731 4728
f 4728 4731 4729
f 4732 4733 4730
f 4730 4733 4731
f 4734 4735 4732
f 4732 4735 4733
f 4736 4737 4734
f 4734 4737 4735
f 4738 4739 4736
f 4736 4739 4737
f 4740 4741 4738
f 4738 4741 4739
f 4742 4743 4740
f 4740 4743 4741
f 4744 4745 4742
f 4742 4745 4743
f 4746 4747 4744
f 4744 4747 4745
f 4748 4749 4746
f 4746 4749 4747
f 4750 4751 4748
f 4748 4751 4749
f 4752 4753 4750
f 4750 4753 4751
f 4754 4755 4752
f 4752 4755 4753
f 4756 4757 4754
f 4754 4757 4755
f 4758 4759 4756
f 4756 4759 4757
f 4760 4761 4758
f 4758 4761 4759
f 4762 4763 4760
f 4760 4763 4761
f 4710 4711 4762
f 4762 4711 4763
f 3653 4669 4764
f 4669 4670 4764
f 4764 4670 4765
f 4670 4671 4765
f 4765 4671 3651
f 4671 4672 3651
f 3651 4672 3650
f 4672 4673 3650
f 3650 4673 3648
f 4673 4674 3648
f 3648 4674 3645
f 4674 4675 3645
f 3645 4675 3646
f 4675 4676 3646
f 3646 4676 4766
f 4676 4677 4766
f 4766 4677 4767
f 4677 4678 4767
f 4767 4678 3644
f 4678 4679 3644
f 3644 4679 3643
f 4679 4680 3643
f 3643 4680 3641
f 4680 4681 3641
f 3641 4681 3639
f 4681 4656 3639
f 3639 4656 3637
f 4656 4655 3637
f 3637 4655 4768
f 4655 4657 4768
f 4768 4657 3665
f 4657 4658 3665
f 3665 4658 3664
f 4658 4659 3664
f 3664 4659 3662
f 4659 4660 3662
f 3662 4660 3659
f 4660 4661 3659
f 3659 4661 3660
f 4661 4662 3660
f 3660 4662 4769
f 4662 4663 4769
f 4769 4663 4770
f 4663 4664 4770
f 4770 4664 3658
f 4664 4665 3658
f 4665 4666 3658
f 3658 4666 3657
f 4666 4667 3657
f 3657 4667 3655
f 4667 4668 3655
f 3655 4668 3652
f 3652 4668 4669
f 3652 4669 3653
f 3893 3896 3883
f 3883 3896 4211
f 3894 3893 3883
f 3883 4207 3894
f 3889 3892 3883
f 3883 3892 4207
f 3890 3889 3883
f 3883 4203 3890
f 3886 3888 3883
f 3883 3888 4203
f 3885 3886 3883
f 3879 3882 3883
f 3880 3879 3883
f 3883 4211 3880
f 3575 3627 3625
f 3575 3625 3573
f 3573 3625 3623
f 3573 3623 3570
f 3570 3623 3621
f 3570 3621 3569
f 3569 3621 3619
f 3569 3619 3567
f 3567 3619 3617
f 3567 3617 3565
f 3565 3617 3615
f 3565 3615 3563
f 3563 3615 3612
f 3563 3612 3561
f 3561 3612 3559
f 3559 3612 3610
f 3543 3590 3541
f 3541 3590 3587
f 3541 3587 3539
f 3539 3587 3585
f 3539 3585 3537
f 3537 3585 3535
f 3535 3585 3584
f 3535 3584 3635
f 3535 3635 3581
f 3581 3635 3633
f 3581 3633 3579
f 3579 3633 3631
f 3579 3631 3577
f 3577 3631 3629
f 3577 3629 3575
f 3575 3629 3627
f 3559 3610 3608
f 3559 3608 3557
f 3557 3608 3606
f 3557 3606 3604
f 3557 3604 3555
f 3555 3604 3553
f 3553 3604 3601
f 3553 3601 3551
f 3551 3601 3599
f 3551 3599 3549
f 3549 3599 3597
f 3549 3597 3546
f 3546 3597 3594
f 3546 3594 3545
f 3545 3594 3592
f 3545 3592 3543
f 3543 3592 3590
f 4771 4772 4773
f 4771 4773 4774
f 4774 4773 4775
f 4776 4775 4777
f 4778 4779 4780
f 4778 4780 4781
f 4781 4780 4782
f 4783 4784 4785
f 4783 4785 4786
f 4786 4785 4787
f 4788 4787 4789
f 4790 4791 4792
f 4790 4792 4793
f 4793 4792 4794
f 4795 4796 3609
f 3609 4796 4782
f 3609 4782 3607
f 3607 4782 4780
f 3607 4780 3605
f 3605 4780 3603
f 3603 4780 4779
f 3603 4779 3602
f 3602 4779 4797
f 3602 4797 3600
f 3600 4797 4798
f 3600 4798 3598
f 3598 4798 4777
f 3598 4777 3596
f 3596 4777 4775
f 3596 4775 3595
f 3595 4775 4773
f 3595 4773 3593
f 3593 4773 4772
f 3593 4772 3591
f 3591 4772 4799
f 3591 4799 3589
f 3589 4799 4800
f 3589 4800 3588
f 3588 4800 4801
f 3588 4801 3586
f 3586 4801 4802
f 3586 4802 4803
f 3586 4803 3583
f 3583 4803 4804
f 3583 4804 3636
f 3636 4804 4794
f 3636 4794 3634
f 3634 4794 4792
f 3634 4792 3632
f 3632 4792 3630
f 3630 4792 4791
f 3630 4791 3628
f 3628 4791 4805
f 3628 4805 3626
f 3626 4805 4806
f 3626 4806 3624
f 3624 4806 4789
f 3624 4789 3622
f 3622 4789 4787
f 3622 4787 4785
f 3622 4785 3620
f 3620 4785 4784
f 3620 4784 3618
f 3618 4784 4807
f 3618 4807 3616
f 3616 4807 4808
f 3616 4808 3614
f 3614 4808 4809
f 3614 4809 3613
f 3613 4809 4810
f 3613 4810 3611
f 3611 4810 4795
f 3611 4795 3609
f 4811 4812 4813
f 4813 4812 4814
f 4813 4814 4815
f 4815 4814 4816
f 4815 4816 4817
f 4817 4816 4818
f 4817 4818 4819
f 4819 4818 4820
f 4820 4818 4821
f 4820 4821 4822
f 4822 4821 4823
f 4822 4823 4824
f 4824 4823 4825
f 4824 4825 4826
f 4826 4825 4827
f 4826 4827 4828
f 4828 4827 4829
f 4828 4829 4830
f 4830 4829 4831
f 4830 4831 4832
f 4833 4834 4835
f 4835 4834 4836
f 4835 4836 4837
f 4837 4836 4838
f 4837 4838 4839
f 4839 4838 4840
f 4840 4838 4841
f 4840 4841 4842
f 4842 4841 4843
f 4842 4843 4844
f 4844 4843 4845
f 4844 4845 4846
f 4844 4846 4847
f 4847 4846 4848
f 4848 4846 4849
f 4848 4849 4850
f 4850 4849 4811
f 4811 4849 4812
f 4832 4831 4851
f 4851 4831 4852
f 4851 4852 4853
f 4853 4852 4854
f 4853 4854 4855
f 4855 4854 4856
f 4856 4854 4857
f 4856 4857 4858
f 4858 4857 4859
f 4858 4859 4833
f 4833 4859 4834
f 4736 3638 4738
f 4738 3638 3637
f 4738 3637 4740
f 4740 3637 4768
f 4740 4768 4742
f 4742 4768 3665
f 4742 3665 4744
f 4744 3665 3663
f 4744 3663 4746
f 4746 3663 3661
f 4746 3661 4748
f 4748 3661 4750
f 4750 3661 3660
f 4750 3660 4752
f 4752 3660 4769
f 4752 4769 4754
f 4754 4769 4770
f 4754 4770 4756
f 4756 4770 3658
f 4756 3658 4758
f 4758 3658 3656
f 4758 3656 4760
f 4760 3656 3654
f 4760 3654 4762
f 4762 3654 4710
f 4710 3654 3653
f 4710 3653 4708
f 4708 3653 4764
f 4708 4764 4712
f 4712 4764 4765
f 4712 4765 4714
f 4714 4765 3651
f 4714 3651 4716
f 4716 3651 3649
f 4716 3649 4718
f 4718 3649 3647
f 4718 3647 4720
f 4720 3647 4722
f 4722 3647 3646
f 4722 3646 4724
f 4724 3646 4766
f 4724 4766 4726
f 4726 4766 4767
f 4726 4767 4728
f 4728 4767 3644
f 4728 3644 4730
f 4730 3644 3642
f 4730 3642 4732
f 4732 3642 3640
f 4732 3640 4734
f 4734 3640 4736
f 4736 3640 3638
f 4737 4828 4735
f 4735 4828 4830
f 4832 4733 4830
f 4830 4733 4735
f 4851 4731 4832
f 4832 4731 4733
f 4853 4729 4851
f 4851 4729 4731
f 4855 4727 4853
f 4853 4727 4729
f 4856 4725 4855
f 4855 4725 4727
f 4858 4723 4856
f 4856 4723 4725
f 4833 4721 4858
f 4858 4721 4723
f 4717 4719 4835
f 4835 4719 4833
f 4833 4719 4721
f 4715 4717 4837
f 4837 4717 4835
f 4713 4715 4839
f 4839 4715 4837
f 4709 4713 4840
f 4840 4713 4839
f 4711 4709 4842
f 4842 4709 4840
f 4844 4763 4711
f 4844 4711 4842
f 4847 4761 4844
f 4844 4761 4763
f 4848 4759 4847
f 4847 4759 4761
f 4850 4757 4848
f 4848 4757 4759
f 4811 4755 4850
f 4850 4755 4757
f 4813 4753 4811
f 4811 4753 4755
f 4815 4751 4813
f 4813 4751 4753
f 4817 4749 4815
f 4815 4749 4751
f 4819 4747 4817
f 4817 4747 4749
f 4820 4745 4819
f 4819 4745 4747
f 4822 4743 4820
f 4820 4743 4745
f 4824 4741 4822
f 4822 4741 4743
f 4826 4739 4824
f 4824 4739 4741
f 4828 4737 4826
f 4826 4737 4739
f 4796 4827 4782
f 4782 4827 4825
f 4782 4825 4781
f 4781 4825 4823
f 4781 4823 4778
f 4778 4823 4779
f 4779 4823 4821
f 4779 4821 4797
f 4797 4821 4818
f 4797 4818 4798
f 4798 4818 4777
f 4777 4818 4816
f 4777 4816 4776
f 4776 4816 4814
f 4776 4814 4775
f 4775 4814 4774
f 4774 4814 4812
f 4774 4812 4771
f 4771 4812 4772
f 4772 4812 4849
f 4772 4849 4799
f 4799 4849 4800
f 4800 4849 4846
f 4800 4846 4801
f 4801 4846 4802
f 4802 4846 4845
f 4802 4845 4803
f 4803 4845 4843
f 4803 4843 4804
f 4804 4843 4794
f 4794 4843 4841
f 4794 4841 4793
f 4793 4841 4838
f 4793 4838 4790
f 4790 4838 4791
f 4791 4838 4836
f 4791 4836 4805
f 4805 4836 4834
f 4805 4834 4806
f 4806 4834 4789
f 4789 4834 4859
f 4789 4859 4788
f 4788 4859 4857
f 4788 4857 4787
f 4787 4857 4786
f 4786 4857 4854
f 4786 4854 4783
f 4783 4854 4784
f 4784 4854 4852
f 4784 4852 4807
f 4807 4852 4808
f 4808 4852 4831
f 4808 4831 4809
f 4809 4831 4810
f 4810 4831 4829
f 4810 4829 4795
f 4795 4829 4827
f 4795 4827 4796
f 4702 4860 4703
f 4703 4860 4861
f 4703 4861 4704
f 4704 4861 4862
f 4704 4862 4705
f 4705 4862 4706
f 4706 4862 4863
f 4706 4863 4864
f 4706 4864 4707
f 4707 4864 4865
f 4707 4865 4688
f 4688 4865 4866
f 4688 4866 4689
f 4689 4866 4867
f 4689 4867 4690
f 4690 4867 4868
f 4690 4868 4691
f 4691 4868 4869
f 4691 4869 4692
f 4692 4869 4870
f 4692 4870 4693
f 4693 4870 4871
f 4693 4871 4694
f 4694 4871 4872
f 4694 4872 4873
f 4694 4873 4682
f 4682 4873 4874
f 4682 4874 4683
f 4683 4874 4684
f 4684 4874 4875
f 4684 4875 4876
f 4684 4876 4685
f 4685 4876 4877
f 4685 4877 4686
f 4686 4877 4687
f 4687 4877 4878
f 4687 4878 4695
f 4695 4878 4879
f 4695 4879 4696
f 4696 4879 4880
f 4696 4880 4697
f 4697 4880 4881
f 4697 4881 4698
f 4698 4881 4882
f 4698 4882 4699
f 4699 4882 4883
f 4699 4883 4700
f 4700 4883 4884
f 4700 4884 4701
f 4701 4884 4885
f 4701 4885 4702
f 4702 4885 4860
f 3582 4873 4872
f 3582 4872 3536
f 3536 4872 4871
f 3536 4871 3538
f 3538 4871 4870
f 3538 4870 3540
f 3540 4870 4869
f 3540 4869 3542
f 3542 4869 4868
f 3542 4868 4867
f 3542 4867 3544
f 3544 4867 4866
f 3544 4866 3547
f 3547 4866 4865
f 3547 4865 3548
f 3548 4865 4864
f 3548 4864 4863
f 3548 4863 3550
f 3550 4863 4862
f 3550 4862 3552
f 3552 4862 3554
f 3554 4862 4861
f 3554 4861 3556
f 3556 4861 4860
f 3556 4860 3558
f 3558 4860 4885
f 3558 4885 3560
f 3560 4885 4884
f 3560 4884 3562
f 3562 4884 4883
f 3562 4883 3564
f 3564 4883 4882
f 3564 4882 3566
f 3566 4882 4881
f 3566 4881 3568
f 3568 4881 4880
f 3568 4880 4879
f 3568 4879 3571
f 3571 4879 4878
f 3571 4878 3572
f 3572 4878 4877
f 3572 4877 3574
f 3574 4877 3576
f 3576 4877 4876
f 3576 4876 3578
f 3578 4876 4875
f 3578 4875 3580
f 3580 4875 4874
f 3580 4874 3582
f 3582 4874 4873
f 4886 4887 4888
f 4887 4889 4888
f 4890 4891 4892
f 4892 4891 4889
f 4893 4891 4894
f 4889 4887 4895
f 4889 4895 4892
f 4896 4897 4898
f 4896 4898 4899
f 4900 4901 4902
f 4903 4904 4905
f 4905 4904 4898
f 4898 4904 4906
f 4898 4906 4899
f 4907 4894 4890
f 4908 4909 4910
f 4890 4901 4900
f 4890 4900 4907
f 4891 4890 4894
f 4911 4912 4903
f 4910 4909 4913
f 4913 4909 4914
f 4903 4905 4911
f 4911 4905 4915
f 4903 4912 4908
f 4903 4908 4910
f 4913 4914 4916
f 4913 4916 4890
f 4890 4916 4901
f 4917 4918 4919
f 4920 4921 4922
f 4923 4920 4924
f 4924 4920 4922
f 4924 4922 4925
f 4926 4918 4927
f 4928 4929 4930
f 4920 4931 4932
f 4925 4933 4924
f 4923 4931 4920
f 4920 4932 4919
f 4929 4928 4918
f 4918 4928 4927
f 4926 4920 4918
f 4918 4920 4919
f 4934 4935 4936
f 4937 4938 4939
f 4939 4938 4940
f 4935 4934 4941
f 4941 4934 4942
f 4941 4942 4943
f 4944 4945 4946
f 4946 4945 4947
f 4947 4945 4948
f 4949 4950 4940
f 4937 4951 4952
f 4938 4949 4940
f 4937 4952 4938
f 4938 4952 4953
f 4940 4950 4954
f 4951 4937 4955
f 4948 4937 4947
f 4954 4956 4940
f 4943 4957 4958
f 4941 4943 4958
f 4941 4958 4959
f 4941 4959 4960
f 4955 4937 4948
f 4955 4948 4961
f 4962 4963 4954
f 4954 4963 4964
f 4954 4964 4956
f 4943 4965 4957
f 4957 4965 4966
f 4957 4966 4962
f 4962 4966 4963
f 4967 4968 4969
f 4970 4971 4972
f 4973 4974 4968
f 4968 4974 4975
f 4968 4975 4969
f 4976 4977 4978
f 4978 4977 4979
f 4969 4971 4967
f 4979 4980 4978
f 4981 4980 4982
f 4982 4983 4981
f 4984 4974 4985
f 4981 4985 4974
f 4981 4974 4973
f 4970 4986 4971
f 4971 4986 4967
f 4987 4988 4989
f 4985 4981 4983
f 4990 4991 4992
f 4993 4994 4995
f 4993 4995 4996
f 4989 4972 4997
f 4998 4999 5000
f 4998 5000 5001
f 4990 4992 4996
f 4991 4990 5002
f 5002 4990 5003
f 5002 5003 4987
f 4987 5003 4988
f 5001 5004 5005
f 5001 5005 5006
f 4994 4993 5007
f 5007 4993 5008
f 5007 5008 5009
f 4996 4995 4990
f 5006 5005 5010
f 5006 5010 5011
f 5011 5010 5009
f 5011 5009 5008
f 5000 5004 5001
f 4972 4989 4988
f 4972 4988 4970
f 5004 5000 4970
f 5004 4970 4988
f 5012 4993 4996
f 4978 5013 4976
f 5014 5015 5016
f 5014 5016 5017
f 4996 5018 5012
f 4993 5017 5016
f 4976 5013 5019
f 4976 5019 5020
f 5020 5019 5021
f 5020 5021 4996
f 4996 5021 5018
f 5012 5017 4993
f 5022 5023 5024
f 5022 5024 4978
f 4978 5024 5013
f 5015 5014 5025
f 5015 5025 5026
f 5026 5025 5027
f 5026 5027 5028
f 5028 5027 5029
f 5028 5029 5030
f 5030 5029 5031
f 5030 5031 5032
f 5032 5031 5033
f 5032 5033 5023
f 5033 5024 5023
f 4978 4980 4981
f 4978 4981 5034
f 5035 4978 5034
f 5035 5034 5036
f 4978 5035 5037
f 4978 5037 5022
f 5022 5037 5038
f 5039 5040 5041
f 5042 5039 5041
f 5043 5044 5045
f 5045 5044 5046
f 5045 5046 5047
f 5047 5046 5048
f 5047 5048 5049
f 5049 5048 5050
f 5049 5050 5051
f 5049 5051 5052
f 5052 5051 4998
f 4998 5051 4999
f 5041 5053 5042
f 5053 5041 5043
f 5043 5041 5044
f 5022 5038 5054
f 5054 5038 5055
f 5054 5055 5056
f 5055 5057 5056
f 5056 5057 5058
f 5056 5058 5042
f 5042 5058 5039
f 5034 4981 5040
f 5040 4981 5041
f 5059 5060 5061
f 5062 5061 5060
f 5061 5062 5063
f 5061 5063 5064
f 5063 5065 5064
f 5064 5065 5066
f 5066 5065 5067
f 5068 5069 5067
f 5067 5069 5066
f 5069 5068 5070
f 5071 5072 5069
f 5071 5069 5070
f 5072 5071 5073
f 5072 5073 5074
f 5075 5076 5074
f 5074 5076 5072
f 5076 5075 5077
f 5078 5079 5076
f 5078 5076 5077
f 5079 5078 5080
f 5079 5080 5081
f 5082 5083 5081
f 5081 5083 5079
f 5083 5082 5084
f 5085 5086 5084
f 5084 5086 5083
f 5086 5085 5087
f 5088 5089 5086
f 5088 5086 5087
f 5089 5088 5090
f 5090 5091 5089
f 5089 5091 5092
f 5092 5091 5093
f 5094 5095 5092
f 5094 5092 5093
f 5095 5094 5096
f 5097 5098 5095
f 5097 5095 5096
f 4930 5099 5100
f 5100 5099 5101
f 5100 5101 5102
f 5103 5104 5105
f 5105 5104 4926
f 5105 4926 4927
f 5105 4927 5101
f 5101 4927 5102
f 5106 5107 5103
f 5103 5107 5104
f 5108 4921 5109
f 5109 4921 5106
f 5106 4921 5107
f 5109 5110 4936
f 5109 4936 5108
f 5111 5112 5113
f 5113 5112 4942
f 5113 4942 5110
f 5113 5110 5109
f 5114 4965 5111
f 5111 4965 5115
f 5111 5115 5112
f 5116 4966 5117
f 5117 4966 5118
f 5117 5118 5114
f 5114 5118 4965
f 5119 4964 5116
f 5116 4964 4963
f 5116 4963 4966
f 5120 4940 5121
f 5121 4940 5122
f 5121 5122 5123
f 5121 5123 5119
f 5119 5123 4964
f 5124 4939 5120
f 5120 4939 5125
f 5120 5125 4940
f 5126 5127 5128
f 5128 5127 5129
f 5128 5129 5124
f 5124 5129 4939
f 5130 4946 5126
f 5126 4946 5131
f 5126 5131 5127
f 5132 5133 5130
f 5130 5133 4946
f 5132 5134 5133
f 5132 4886 5134
f 5135 5136 5137
f 5137 5136 5138
f 5137 5138 5132
f 5132 5138 4886
f 5139 5140 5141
f 5141 5140 5142
f 5141 5142 5135
f 5135 5142 4895
f 5135 4895 5136
f 5143 5144 5139
f 5139 5144 5140
f 5145 5146 5147
f 5145 5147 5143
f 5143 5147 5144
f 5148 5149 4910
f 5148 4910 5145
f 5145 4910 5146
f 5150 4903 5148
f 5148 4903 5149
f 5151 4899 5152
f 5152 4899 4906
f 5152 4906 4904
f 5152 4904 5150
f 5150 4904 4903
f 5153 5154 4896
f 5153 4896 5151
f 5151 4896 5155
f 5151 5155 4899
f 5153 5156 5157
f 5153 5157 5158
f 5153 5158 5154
f 5156 5159 5157
f 5160 5161 5156
f 5156 5161 5159
f 5162 5163 5164
f 5164 5163 5165
f 5164 5165 5160
f 5160 5165 5161
f 5099 4930 5162
f 5162 4930 5166
f 5162 5166 5167
f 5162 5167 5163
f 5168 5169 5170
f 5171 5169 1362
f 1362 5172 5171
f 5172 1362 5173
f 5172 5173 5174
f 5174 5173 5175
f 5174 5175 5176
f 5176 5175 5177
f 5176 5177 5168
f 5168 5177 5178
f 5168 5178 5169
f 5179 5180 5181
f 5179 5181 5182
f 5179 5182 5183
f 5184 5183 1420
f 1420 5185 5184
f 5184 5185 5186
f 5186 5185 5187
f 5187 5185 5180
f 5187 5180 5179
f 5188 5189 5190
f 5189 5191 5190
f 5192 5191 1387
f 1387 5193 5192
f 5193 1387 5194
f 5193 5194 5195
f 5194 5196 5195
f 5188 5196 5189
f 5197 5198 5199
f 5199 5200 5197
f 5197 5200 5201
f 5202 5201 1339
f 1339 5203 5202
f 5202 5203 5204
f 5203 5198 5205
f 5198 5197 5205
f 5206 5207 5208
f 5208 5207 5209
f 5206 5208 5210
f 5210 5211 5206
f 5186 5187 5211
f 5186 5211 5210
f 5179 5183 5184
f 5179 5184 5212
f 5179 5212 5213
f 5214 5213 5212
f 5214 5215 5216
f 5214 5216 5213
f 5215 5214 5217
f 5215 5217 5218
f 5218 5217 5219
f 5218 5219 5220
f 5221 5220 5219
f 5221 5222 5223
f 5221 5223 5220
f 5224 5225 1402
f 5224 1402 5226
f 1402 5227 5226
f 5222 5221 5226
f 5222 5226 5228
f 5228 5226 5227
f 5228 5227 5229
f 5229 5230 5228
f 5228 5230 5231
f 5231 5230 5232
f 5232 5225 5231
f 5231 5225 5224
f 5231 5224 5233
f 5234 5233 5224
f 5234 5235 5233
f 5235 5234 5236
f 5236 5234 5237
f 5236 5237 5238
f 5236 5238 5239
f 5239 5238 5240
f 5240 5241 5239
f 5195 5242 5241
f 5195 5241 5240
f 5242 5195 5188
f 5188 5195 5196
f 5190 5191 5192
f 5190 5192 5243
f 5243 5192 5244
f 5243 5244 5245
f 5246 5245 5244
f 5246 5247 5245
f 5248 5249 5246
f 5246 5249 5247
f 5248 5250 5249
f 5251 5252 5250
f 5251 5250 5248
f 5252 5251 5204
f 5252 5204 5205
f 5205 5204 5203
f 5197 5201 5202
f 5197 5202 5253
f 5253 5202 5254
f 5253 5254 5255
f 5256 5255 5254
f 5256 5257 5255
f 5257 5256 5258
f 5258 5256 5259
f 5258 5259 5260
f 5260 5259 5261
f 5260 5261 5262
f 5263 5264 5261
f 5261 5264 5262
f 5265 5266 5267
f 5265 5267 1344
f 5265 1344 5263
f 1344 5268 5263
f 5263 5268 5264
f 5264 5268 5269
f 5269 5270 5264
f 5264 5270 5271
f 5271 5270 5266
f 5271 5266 5265
f 5271 5265 5272
f 5272 5265 5273
f 5272 5273 5274
f 5275 5276 5277
f 5275 5277 5273
f 5273 5277 5274
f 5276 5275 5278
f 5276 5278 5279
f 5279 5278 5280
f 5279 5280 5281
f 5174 5281 5280
f 5174 5176 5282
f 5174 5282 5281
f 5170 5169 5171
f 5170 5171 5283
f 5170 5283 5284
f 5284 5283 5285
f 5285 5283 5209
f 5285 5209 5286
f 5209 5207 5286
f 5287 5288 5157
f 5288 5287 5289
f 5288 5290 5291
f 5291 5290 5292
f 5293 5294 5291
f 5293 5291 5295
f 5296 5290 5289
f 5289 5290 5288
f 5291 5294 5297
f 5297 5294 5298
f 5299 5300 5292
f 5292 5300 5295
f 5292 5295 5291
f 5301 5302 5303
f 5303 5302 5304
f 5302 5305 5304
f 5306 5307 5305
f 5305 5307 5304
f 5308 5309 5310
f 5310 5309 5311
f 5310 5311 5306
f 5306 5311 5307
f 5312 5313 5308
f 5308 5313 5314
f 5308 5314 5309
f 5315 5316 5317
f 5317 5316 5318
f 5317 5318 5319
f 5317 5319 5312
f 5312 5319 5313
f 5320 5321 5315
f 5315 5321 5316
f 5322 5323 5324
f 5324 5323 5325
f 5324 5325 5326
f 5326 5325 5327
f 5326 5327 5328
f 5328 5327 5329
f 5329 5327 5330
f 5329 5330 5331
f 5331 5330 5332
f 5331 5332 5333
f 5333 5332 5334
f 5333 5334 5335
f 5336 5337 5338
f 5338 5337 5339
f 5337 5340 5339
f 5341 5342 5343
f 5341 5343 5340
f 5340 5343 5339
f 5344 5345 5346
f 5346 5345 5347
f 5346 5347 5341
f 5341 5347 5342
f 5348 5349 5344
f 5344 5349 5350
f 5344 5350 5345
f 5351 5352 5353
f 5353 5352 5354
f 5353 5354 5355
f 5353 5355 5348
f 5348 5355 5349
f 5356 5357 5351
f 5351 5357 5352
f 5358 5359 5360
f 5360 5359 5361
f 5360 5361 5362
f 5362 5361 5363
f 5362 5363 5364
f 5364 5363 5365
f 5365 5363 5366
f 5365 5366 5367
f 5367 5366 5368
f 5368 5366 5369
f 5368 5369 5370
f 5371 5372 5373
f 5374 5375 5376
f 5374 5376 5377
f 5377 5376 5378
f 5378 5379 5377
f 5377 5379 5380
f 5372 5375 5374
f 5372 5381 5373
f 5372 5374 5382
f 5372 5382 5383
f 5384 5385 5386
f 5381 5383 5385
f 5381 5385 5384
f 5384 5386 5354
f 5384 5354 5387
f 5387 5354 5388
f 5372 5383 5381
f 5389 5343 5390
f 5391 5392 5393
f 5354 5386 5355
f 5355 5386 5393
f 5355 5393 5392
f 5390 5343 5347
f 5390 5347 5391
f 5391 5347 5392
f 5379 5394 5380
f 5380 5394 5395
f 5380 5395 5396
f 5397 5398 5399
f 5400 5401 5402
f 5380 5396 5397
f 5380 5397 5399
f 5403 5404 5405
f 5403 5405 5406
f 5406 5405 5407
f 5408 5371 5373
f 5409 5410 5408
f 5406 5407 5411
f 5406 5411 5412
f 5412 5411 5399
f 5412 5399 5413
f 5303 5414 5415
f 5408 5373 5416
f 5399 5398 5413
f 5408 5416 5409
f 5403 5401 5417
f 5418 5419 5420
f 5401 5418 5417
f 5403 5417 5404
f 5303 5421 5414
f 5415 5422 5303
f 5414 5421 5404
f 5414 5404 5417
f 5419 5423 5420
f 5420 5423 5424
f 5420 5424 5333
f 5420 5333 5425
f 5425 5333 5426
f 5427 5314 5313
f 5427 5313 5428
f 5421 5303 5429
f 5429 5303 5304
f 5418 5401 5419
f 5430 5431 5432
f 5432 5431 5314
f 5432 5314 5427
f 5433 5324 5434
f 5433 5434 5435
f 5410 5435 5408
f 5408 5435 5400
f 5408 5400 5436
f 5436 5400 5402
f 5401 5400 5437
f 5429 5304 5431
f 5429 5431 5430
f 5333 5424 5438
f 5438 5424 5439
f 5438 5439 5440
f 5441 5434 5324
f 5401 5437 5419
f 5441 5324 5326
f 5441 5326 5440
f 5440 5326 5329
f 5440 5329 5438
f 5368 5442 5443
f 5444 5445 5446
f 5446 5445 5443
f 5443 5445 5368
f 5399 5447 5448
f 5442 5449 5443
f 5450 5451 5452
f 5450 5452 5453
f 5453 5452 5454
f 5455 5456 5457
f 5455 5457 5458
f 5458 5457 5459
f 5460 5461 5449
f 5460 5449 5462
f 5462 5449 5442
f 5453 5454 5463
f 5360 5451 5450
f 5360 5450 5464
f 5464 5450 5465
f 5457 5456 5428
f 5457 5428 5319
f 5319 5428 5313
f 5455 5466 5456
f 5451 5360 5467
f 5467 5360 5364
f 5467 5364 5444
f 5444 5364 5365
f 5444 5365 5445
f 5399 5466 5447
f 5447 5466 5455
f 5399 5448 5463
f 5399 5463 5454
f 5468 5461 5454
f 5399 5454 5380
f 5380 5454 5461
f 5435 5410 5433
f 5433 5410 5469
f 5470 5380 5461
f 5470 5461 5460
f 5471 5472 5380
f 5470 5473 5380
f 5338 5474 5471
f 5338 5471 5475
f 5338 5475 5476
f 5471 5380 5473
f 5471 5474 5472
f 5474 5338 5389
f 5389 5338 5339
f 5389 5339 5343
f 5442 5368 5477
f 5478 5479 5480
f 5480 5479 5481
f 5481 5479 5482
f 5482 5483 5481
f 5481 5483 5484
f 5484 5483 5485
f 5485 5486 5484
f 5484 5486 5487
f 5487 5486 5488
f 5488 5489 5487
f 5487 5489 5490
f 5489 5491 5490
f 5490 5491 5492
f 5492 5491 5493
f 5493 5494 5492
f 5492 5494 5495
f 5495 5494 5496
f 5496 5497 5495
f 5495 5497 5498
f 5498 5497 5499
f 5499 5500 5498
f 5498 5500 5501
f 5501 5500 5502
f 5502 5503 5501
f 5501 5503 5504
f 5504 5503 5505
f 5505 5506 5504
f 5506 5507 5504
f 5504 5507 5508
f 5507 5509 5508
f 5508 5509 5510
f 5510 5509 5511
f 5511 5512 5510
f 5512 5513 5510
f 5510 5513 5514
f 5513 5515 5514
f 5514 5515 5516
f 5514 5516 5517
f 5517 5516 5518
f 5518 5519 5517
f 5517 5519 5520
f 5520 5519 5521
f 5521 5522 5520
f 5520 5522 5523
f 5523 5522 5524
f 5524 5525 5523
f 5523 5525 5526
f 5526 5525 5527
f 5527 5528 5526
f 5526 5528 5529
f 5529 5528 5530
f 5530 5531 5529
f 5531 5532 5529
f 5529 5532 5533
f 5532 5534 5533
f 5534 5535 5533
f 5533 5535 5536
f 5535 5537 5536
f 5537 5538 5536
f 5536 5538 5539
f 5539 5538 5540
f 5540 5541 5539
f 5539 5541 5542
f 5542 5541 5543
f 5543 5544 5542
f 5542 5544 5545
f 5545 5544 5546
f 5546 5547 5545
f 5545 5547 5548
f 5548 5547 5549
f 5549 5550 5548
f 5548 5550 5551
f 5551 5550 5552
f 5552 5553 5551
f 5551 5553 5480
f 5480 5553 5478
f 5554 5542 5555
f 5555 5542 5545
f 5490 5556 5487
f 5481 5557 5480
f 5487 5556 5558
f 5487 5558 5559
f 5487 5559 5484
f 5560 5561 5562
f 5481 5563 5557
f 5555 5545 5564
f 5565 5520 5566
f 5559 5481 5484
f 5567 5562 5563
f 5567 5563 5481
f 5567 5481 5559
f 5567 5568 5560
f 5567 5560 5562
f 5520 5565 5517
f 5517 5565 5514
f 5514 5565 5569
f 5514 5569 5510
f 5510 5569 5570
f 5570 5571 5510
f 5510 5571 5508
f 5508 5571 5504
f 5504 5571 5572
f 5504 5572 5501
f 5480 5557 5573
f 5564 5545 5548
f 5564 5548 5551
f 5564 5551 5574
f 5574 5551 5480
f 5554 5575 5542
f 5542 5575 5539
f 5539 5575 5576
f 5539 5576 5536
f 5577 5533 5576
f 5576 5533 5536
f 5578 5577 5576
f 5556 5490 5579
f 5579 5490 5492
f 5579 5492 5580
f 5580 5492 5495
f 5581 5582 5583
f 5583 5582 5584
f 5523 5585 5586
f 5587 5574 5581
f 5577 5588 5533
f 5533 5588 5589
f 5520 5523 5566
f 5566 5523 5586
f 5566 5586 5590
f 5591 5501 5572
f 5591 5572 5592
f 5498 5593 5594
f 5480 5573 5595
f 5480 5595 5574
f 5574 5595 5581
f 5581 5595 5582
f 5596 5593 5498
f 5495 5498 5580
f 5580 5498 5594
f 5580 5594 5597
f 5523 5598 5585
f 5591 5599 5501
f 5501 5599 5600
f 5601 5602 5523
f 5523 5602 5598
f 5501 5600 5603
f 5501 5603 5498
f 5498 5603 5596
f 5533 5589 5604
f 5533 5604 5529
f 5529 5604 5601
f 5529 5601 5526
f 5526 5601 5523
f 5605 5606 5607
f 5607 5606 5608
f 5607 5608 5609
f 5610 5611 5609
f 5610 5609 5608
f 5611 5610 5612
f 5611 5612 5613
f 5612 5614 5613
f 5613 5614 5615
f 5613 5615 5616
f 5616 5615 5617
f 5615 5618 5617
f 5617 5618 5619
f 5617 5619 5620
f 5619 5621 5620
f 5620 5621 5622
f 5621 5623 5622
f 5622 5623 5624
f 5623 5625 5624
f 5624 5625 5626
f 5625 5627 5626
f 5626 5627 5628
f 5627 5629 5628
f 5628 5629 5630
f 5631 5632 5633
f 5633 5632 5630
f 5633 5630 5629
f 5632 5631 5634
f 5632 5634 5635
f 5635 5634 5636
f 5635 5636 5637
f 5637 5636 5638
f 5637 5638 5639
f 5639 5638 5640
f 5639 5640 5641
f 5640 5642 5641
f 5641 5642 5643
f 5642 5644 5643
f 5643 5644 5645
f 5645 5644 5646
f 5645 5646 5647
f 5646 5648 5647
f 5647 5648 5649
f 5648 5650 5649
f 5649 5650 5651
f 5650 5652 5651
f 5651 5652 5653
f 5652 5654 5653
f 5653 5654 5655
f 5654 5656 5655
f 5655 5656 5657
f 5656 5658 5657
f 5657 5658 5659
f 5659 5658 5660
f 5658 5661 5660
f 5660 5661 5662
f 5660 5662 5663
f 5663 5662 5664
f 5663 5664 5605
f 5605 5664 5606
f 5059 5665 5666
f 5666 5667 5098
f 5098 5667 5095
f 5095 5667 5668
f 5095 5668 5092
f 5092 5668 5669
f 5092 5669 5089
f 5089 5669 5670
f 5089 5670 5086
f 5086 5670 5671
f 5086 5671 5083
f 5083 5671 5672
f 5083 5672 5079
f 5673 5674 5098
f 5098 5674 5675
f 5676 5059 5666
f 5676 5666 5677
f 5678 5679 5680
f 5680 5679 5681
f 5680 5681 5682
f 5682 5681 5683
f 5682 5683 5684
f 5684 5683 5674
f 5684 5674 5673
f 5079 5672 5076
f 5076 5672 5685
f 5076 5685 5072
f 5072 5685 5686
f 5072 5686 5069
f 5069 5686 5687
f 5069 5687 5066
f 5066 5687 5688
f 5066 5688 5064
f 5064 5688 5665
f 5064 5665 5061
f 5675 5677 5098
f 5098 5677 5666
f 5059 5676 5678
f 5678 5676 5679
f 5665 5059 5061
f 5689 5669 5690
f 5690 5669 5668
f 5690 5668 5691
f 5691 5668 5667
f 5691 5667 5692
f 5692 5667 5666
f 5692 5666 5693
f 5693 5666 5665
f 5693 5665 5694
f 5694 5665 5688
f 5694 5688 5695
f 5695 5688 5687
f 5695 5687 5696
f 5696 5687 5686
f 5696 5686 5697
f 5697 5686 5685
f 5697 5685 5698
f 5698 5685 5672
f 5698 5672 5699
f 5699 5672 5671
f 5699 5671 5700
f 5700 5671 5670
f 5700 5670 5689
f 5689 5670 5669
f 5701 5691 5702
f 5702 5691 5692
f 5702 5692 5703
f 5703 5692 5693
f 5703 5693 5704
f 5704 5693 5694
f 5704 5694 5705
f 5705 5694 5706
f 5706 5694 5695
f 5706 5695 5707
f 5707 5695 5696
f 5707 5696 5708
f 5708 5696 5697
f 5708 5697 5709
f 5709 5697 5710
f 5710 5697 5698
f 5710 5698 5711
f 5711 5698 5699
f 5711 5699 5712
f 5712 5699 5700
f 5712 5700 5713
f 5713 5700 5714
f 5714 5700 5689
f 5714 5689 5715
f 5715 5689 5690
f 5715 5690 5716
f 5716 5690 5691
f 5716 5691 5701
f 5702 5717 5371
f 5702 5371 5701
f 5718 5717 5702
f 5704 5394 5703
f 5703 5394 5719
f 5701 5371 5408
f 5701 5408 5716
f 5716 5408 5715
f 5715 5408 5436
f 5715 5436 5714
f 5714 5436 5402
f 5714 5402 5713
f 5713 5402 5401
f 5713 5401 5712
f 5712 5401 5403
f 5712 5403 5711
f 5711 5403 5406
f 5711 5406 5710
f 5710 5406 5412
f 5710 5412 5709
f 5709 5412 5413
f 5709 5413 5708
f 5708 5413 5398
f 5708 5398 5707
f 5707 5398 5397
f 5707 5397 5706
f 5706 5397 5396
f 5706 5396 5705
f 5705 5396 5395
f 5705 5395 5704
f 5704 5395 5394
f 5703 5719 5720
f 5703 5720 5721
f 5703 5721 5702
f 5702 5721 5718
f 5722 5723 5724
f 5722 5724 5725
f 5725 5724 5726
f 5725 5726 5727
f 5725 5727 5728
f 5728 5727 5729
f 5728 5729 5730
f 5728 5730 5731
f 5728 5731 5732
f 5732 5731 5733
f 5734 5718 5733
f 5733 5718 5732
f 5723 5722 5735
f 5735 5722 5720
f 5722 5736 5720
f 5720 5736 5737
f 5718 5738 5732
f 5739 5721 5737
f 5737 5721 5720
f 5721 5739 5718
f 5718 5739 5738
f 5738 5740 5732
f 5732 5740 5728
f 5728 5740 5741
f 5728 5741 5725
f 5725 5741 5742
f 5725 5742 5722
f 5722 5742 5736
f 5743 5744 5745
f 5743 5746 5747
f 5748 5743 5747
f 5748 4924 5743
f 4924 5748 4923
f 4923 5748 5749
f 4923 5749 5750
f 5750 5749 5751
f 5750 5751 5752
f 5753 5754 5755
f 5755 5756 5753
f 5753 5756 5757
f 5756 5758 5757
f 5757 5758 5759
f 5758 5760 5759
f 5759 5760 5751
f 5751 5760 5752
f 5743 5745 5746
f 5745 5761 5746
f 5746 5761 5754
f 5761 5762 5754
f 5754 5762 5755
f 5763 5746 5754
f 5763 5754 5764
f 5764 5754 5753
f 5764 5753 5765
f 5765 5753 5757
f 5765 5757 5759
f 5765 5759 5766
f 5766 5759 5751
f 5766 5751 5749
f 5766 5749 5767
f 5767 5749 5748
f 5767 5748 5747
f 5767 5747 5763
f 5763 5747 5746
f 5768 5769 5770
f 5771 5769 5768
f 5771 5293 5769
f 5293 5771 5294
f 5294 5771 5772
f 5294 5772 5298
f 5298 5772 5773
f 5298 5773 5774
f 5775 5776 5777
f 5775 5777 5778
f 5778 5777 5779
f 5780 5774 5779
f 5779 5774 5773
f 5779 5773 5778
f 5769 5781 5770
f 5770 5781 5782
f 5770 5782 5783
f 5770 5783 5784
f 5784 5783 5785
f 5784 5785 5786
f 5786 5785 5463
f 5786 5463 5787
f 5786 5787 5775
f 5775 5787 5776
f 5788 5786 5775
f 5788 5775 5789
f 5789 5775 5778
f 5789 5778 5790
f 5790 5778 5773
f 5790 5773 5772
f 5790 5772 5791
f 5791 5772 5771
f 5791 5771 5792
f 5792 5771 5768
f 5792 5768 5770
f 5792 5770 5788
f 5788 5770 5784
f 5788 5784 5786
f 5793 5794 5795
f 5796 5794 5793
f 5796 4953 5794
f 4953 5796 4938
f 4938 5796 5797
f 4938 5797 4949
f 4949 5797 5798
f 4949 5798 5799
f 5794 5800 5795
f 5795 5800 5801
f 5795 5801 5802
f 5802 5801 5803
f 5802 5803 5804
f 5804 5803 5805
f 5804 5805 5806
f 5804 5806 5807
f 5807 5806 5808
f 5807 5808 5809
f 5809 5808 5810
f 5811 5799 5810
f 5810 5799 5798
f 5810 5798 5809
f 5812 5797 5796
f 5812 5796 5813
f 5813 5796 5793
f 5813 5793 5795
f 5813 5795 5814
f 5814 5795 5802
f 5814 5802 5804
f 5814 5804 5807
f 5814 5807 5815
f 5815 5807 5809
f 5815 5809 5816
f 5816 5809 5798
f 5816 5798 5797
f 5816 5797 5812
f 5817 5818 5819
f 5817 5820 5821
f 5822 5817 5821
f 5822 4902 5817
f 4902 5822 4900
f 4900 5822 5823
f 4900 5823 5824
f 5824 5823 5825
f 5824 5825 5826
f 5817 5819 5820
f 5820 5819 5827
f 5819 5828 5827
f 5828 5829 5827
f 5827 5829 5830
f 5829 5831 5830
f 5831 5832 5830
f 5830 5832 5833
f 5832 5834 5833
f 5833 5834 5835
f 5834 5836 5835
f 5835 5836 5825
f 5825 5836 5826
f 5837 5835 5825
f 5837 5825 5823
f 5837 5823 5838
f 5838 5823 5822
f 5838 5822 5821
f 5838 5821 5839
f 5839 5821 5820
f 5839 5820 5827
f 5839 5827 5840
f 5840 5827 5830
f 5840 5830 5841
f 5841 5830 5833
f 5841 5833 5835
f 5841 5835 5837
f 5842 5843 5209
f 5844 5845 5846
f 5171 5847 5848
f 5186 5848 5849
f 5186 5849 5850
f 5186 5850 5184
f 5174 5851 5172
f 5172 5851 5852
f 5172 5852 5171
f 5171 5852 5847
f 5174 5853 5854
f 5855 5856 5857
f 5853 5174 5858
f 5858 5174 5280
f 5858 5280 5859
f 5859 5280 5278
f 5859 5278 5860
f 5275 5861 5862
f 5862 5863 5275
f 5275 5863 5864
f 5275 5864 5865
f 5857 5866 5174
f 5174 5866 5851
f 5867 5868 5869
f 5278 5870 5871
f 5872 5873 5874
f 5874 5873 5875
f 5865 5876 5275
f 5275 5876 5877
f 5275 5877 5278
f 5278 5877 5878
f 5278 5878 5870
f 5871 5879 5278
f 5278 5879 5880
f 5278 5880 5881
f 5278 5881 5860
f 5854 5882 5174
f 5174 5882 5883
f 5174 5883 5857
f 5857 5883 5884
f 5857 5884 5855
f 5856 5885 5857
f 5857 5885 5886
f 5857 5886 5887
f 5887 5886 5888
f 5887 5888 5889
f 5873 5869 5875
f 5875 5869 5890
f 5890 5869 5868
f 5889 5891 5887
f 5887 5891 5892
f 5887 5892 5869
f 5869 5892 5893
f 5869 5893 5867
f 5273 5873 5275
f 5275 5873 5872
f 5275 5872 5861
f 5873 5273 5265
f 5873 5265 5263
f 5873 5263 5894
f 5894 5263 5261
f 5894 5261 5895
f 5895 5261 5259
f 5896 5897 5256
f 5898 5899 5900
f 5900 5899 5901
f 5900 5901 5902
f 5902 5903 5900
f 5900 5903 5904
f 5900 5904 5905
f 5905 5904 5906
f 5905 5906 5907
f 5905 5907 5908
f 5909 5259 5910
f 5910 5259 5911
f 5896 5256 5912
f 5897 5913 5256
f 5256 5913 5914
f 5256 5914 5259
f 5259 5914 5915
f 5259 5915 5911
f 5909 5916 5259
f 5259 5916 5917
f 5259 5917 5895
f 5895 5917 5918
f 5918 5919 5895
f 5895 5919 5920
f 5895 5920 5900
f 5900 5920 5921
f 5900 5921 5922
f 5900 5922 5898
f 5908 5923 5905
f 5905 5923 5924
f 5905 5924 5925
f 5925 5924 5926
f 5927 5928 5256
f 5256 5928 5929
f 5256 5929 5930
f 5256 5930 5912
f 5926 5931 5925
f 5925 5931 5932
f 5925 5932 5933
f 5927 5256 5934
f 5934 5256 5254
f 5934 5254 5933
f 5933 5254 5925
f 5935 5936 5204
f 5937 5938 5192
f 5192 5938 5935
f 5204 5936 5939
f 5204 5939 5202
f 5202 5939 5940
f 5202 5940 5254
f 5254 5940 5925
f 5941 5942 5237
f 5237 5942 5943
f 5237 5943 5944
f 5944 5945 5237
f 5237 5945 5946
f 5237 5946 5947
f 5948 5949 5195
f 5195 5949 5950
f 5950 5951 5195
f 5195 5951 5952
f 5195 5952 5953
f 5845 5954 5846
f 5846 5954 5955
f 5846 5955 5941
f 5941 5955 5956
f 5941 5956 5942
f 5238 5957 5958
f 5195 5959 5960
f 5961 5962 5846
f 5846 5962 5963
f 5846 5963 5844
f 5238 5958 5240
f 5240 5958 5964
f 5240 5964 5195
f 5195 5964 5965
f 5195 5965 5948
f 5953 5966 5195
f 5195 5966 5967
f 5195 5967 5959
f 5959 5967 5968
f 5959 5968 5846
f 5846 5968 5969
f 5846 5969 5961
f 5192 5193 5937
f 5937 5193 5195
f 5937 5195 5970
f 5970 5195 5960
f 5947 5971 5237
f 5237 5971 5972
f 5237 5972 5238
f 5972 5973 5238
f 5238 5973 5974
f 5238 5974 5975
f 5975 5976 5238
f 5238 5976 5977
f 5238 5977 5978
f 5238 5978 5957
f 5226 5979 5941
f 5237 5234 5941
f 5941 5234 5224
f 5941 5224 5226
f 5221 5980 5226
f 5226 5980 5979
f 5980 5221 5219
f 5981 5982 5217
f 5217 5982 5983
f 5217 5984 5985
f 5983 5986 5217
f 5217 5986 5987
f 5217 5987 5219
f 5219 5987 5988
f 5988 5989 5219
f 5219 5989 5990
f 5219 5990 5991
f 5992 5993 5994
f 5994 5993 5995
f 5217 5985 5996
f 5217 5996 5981
f 5997 5998 5999
f 5999 5998 6000
f 5999 6000 5993
f 5993 6000 6001
f 5993 6001 5995
f 6002 6003 6004
f 6005 6006 5999
f 5999 6006 6007
f 5999 6007 5997
f 6003 6002 5993
f 6003 5993 6008
f 6008 5993 5992
f 6005 5999 6009
f 6009 5999 6010
f 6009 6010 6011
f 5212 6012 5214
f 5214 6012 6013
f 5214 6013 5217
f 5217 6013 6014
f 5217 6014 5984
f 5991 6015 5219
f 5219 6015 6016
f 5219 6016 5980
f 5980 6016 6017
f 6017 6018 5980
f 5980 6018 6019
f 5980 6019 6010
f 6010 6019 6020
f 6010 6020 6011
f 5184 5850 6021
f 5184 6021 5212
f 5212 6021 6002
f 5212 6002 6012
f 6012 6002 6004
f 5171 5848 5186
f 5171 5186 6022
f 6023 6024 5208
f 5843 6025 5209
f 5209 6025 6026
f 5209 6026 5208
f 5208 6026 6027
f 5208 6027 6023
f 6022 6028 5171
f 5171 6028 6029
f 5171 6029 6030
f 6031 6032 5186
f 5186 6032 6033
f 5186 6033 6034
f 6034 6035 5186
f 5186 6035 6036
f 5186 6036 6022
f 6030 6037 5171
f 5171 6037 6038
f 5171 6038 6039
f 5209 6040 6041
f 5209 6041 5842
f 6042 6043 5209
f 5209 6043 6044
f 5209 6044 6040
f 6024 6045 5208
f 5208 6045 6046
f 5208 6046 5210
f 5210 6046 6047
f 5210 6047 6048
f 5210 6048 5186
f 5186 6048 6049
f 5186 6049 6050
f 5186 6050 6031
f 6039 6051 5171
f 5171 6051 6052
f 5171 6052 5283
f 5283 6052 6053
f 5283 6053 6054
f 5283 6054 5209
f 5209 6054 6055
f 5209 6055 6042
f 6056 6057 5192
f 6058 6059 5246
f 5935 5204 5192
f 5192 5204 6060
f 5192 6060 6056
f 6057 6061 5192
f 5192 6061 6062
f 5192 6062 6063
f 6064 6065 5204
f 5204 6065 6066
f 5204 6066 6060
f 6067 6068 5246
f 5246 6068 6069
f 5248 6070 6071
f 6063 6072 5192
f 5192 6072 6073
f 5192 6073 6074
f 6069 6075 5246
f 5246 6075 6076
f 5246 6076 6077
f 5246 6077 6058
f 6059 6078 5246
f 5246 6078 6079
f 5246 6079 5248
f 5248 6079 6080
f 5248 6080 6070
f 6081 6082 5204
f 5204 6082 6083
f 5204 6083 6064
f 6067 5246 6084
f 6084 5246 5244
f 6084 5244 6085
f 6085 5244 6074
f 6074 5244 5192
f 6071 6086 5248
f 5248 6086 6087
f 5248 6087 6088
f 5248 6088 5251
f 5251 6088 6089
f 5251 6089 5204
f 5204 6089 6090
f 5204 6090 6091
f 5204 6091 6081
f 4961 5590 5634
f 4961 5634 6092
f 6092 5634 5631
f 6092 5631 4893
f 4893 5631 5592
f 4893 5592 4891
f 5590 4961 4948
f 5590 4948 5566
f 5566 4948 5565
f 5565 4948 4945
f 5565 4945 5569
f 4944 5569 4945
f 5134 5570 4944
f 4944 5570 5569
f 4886 5570 5134
f 5570 4886 5571
f 5571 4886 4888
f 5571 4888 5572
f 5572 4888 4889
f 5572 4889 4891
f 5572 4891 5592
f 4933 6093 6094
f 6094 6093 5656
f 4921 5564 4922
f 4922 5564 5574
f 4922 5574 4925
f 4925 5574 5587
f 4925 5587 4933
f 4933 5587 6093
f 4921 5555 5564
f 5555 4921 5108
f 5555 5108 5554
f 5554 5108 4936
f 5554 4936 5575
f 5575 4936 4935
f 5575 4935 5576
f 5576 4935 4941
f 5576 4941 5578
f 5578 4941 4960
f 5578 4960 5656
f 5656 4960 6094
f 4915 5614 6095
f 6095 5614 5612
f 4897 5556 4898
f 4898 5556 5579
f 4898 5579 5580
f 4898 5580 4905
f 4905 5580 4915
f 4915 5580 5597
f 4915 5597 5614
f 4897 5558 5556
f 5558 4897 5158
f 5157 5558 5158
f 5157 5559 5558
f 5559 5157 5288
f 5559 5288 5567
f 5567 5288 5291
f 5567 5291 5568
f 5568 5291 5612
f 5612 5291 5297
f 5612 5297 6095
f 5299 5606 6096
f 5296 5563 5290
f 5290 5563 5292
f 5292 5563 5562
f 5292 5562 5561
f 5292 5561 5299
f 5299 5561 5606
f 5296 5557 5563
f 5557 5296 5166
f 4930 5573 5166
f 5166 5573 5557
f 5573 4930 5595
f 5595 4930 4929
f 5595 4929 5582
f 5582 4929 4918
f 5582 4918 5584
f 5584 4918 4917
f 5584 4917 5664
f 5664 4917 6096
f 5664 6096 5606
f 6097 5267 5266
f 5267 6097 1344
f 1344 6097 6098
f 1344 6098 5268
f 5268 6098 6099
f 5268 6099 5269
f 5269 6099 5270
f 5270 6099 6100
f 5270 6100 5266
f 6097 5266 6100
f 6097 6100 6101
f 6100 6099 6101
f 6099 6098 6101
f 6098 6097 6101
f 6102 1362 5169
f 1362 6102 6103
f 1362 6103 5173
f 5173 6103 5175
f 6104 5175 6103
f 6104 5177 5175
f 6105 5178 6104
f 6104 5178 5177
f 6106 5178 6105
f 6106 5169 5178
f 6102 5169 6106
f 6102 6106 6107
f 6106 6105 6107
f 6107 6105 6104
f 6104 6103 6107
f 6103 6102 6107
f 6108 1420 6109
f 6109 1420 5183
f 6110 1420 6108
f 6110 5185 1420
f 5185 6110 6111
f 5185 6111 5180
f 5180 6111 5181
f 5181 6111 6112
f 5181 6112 6113
f 5181 6113 5182
f 5183 5182 6113
f 6109 5183 6113
f 6109 6113 6114
f 6113 6112 6114
f 6114 6112 6111
f 6111 6110 6114
f 6114 6110 6108
f 6108 6109 6114
f 5225 6115 1402
f 1402 6115 6116
f 1402 6116 5227
f 5227 6116 6117
f 5227 6117 5229
f 5229 6117 5230
f 5230 6117 6118
f 5230 6118 5232
f 6115 5225 6118
f 6118 5225 5232
f 6115 6118 6119
f 6118 6117 6119
f 6117 6116 6119
f 6116 6115 6119
f 6120 1387 5191
f 1387 6120 6121
f 1387 6121 5194
f 5194 6121 5196
f 6122 5196 6121
f 6122 5189 5196
f 6123 5189 6122
f 6124 5189 6123
f 5189 6124 5191
f 6120 5191 6124
f 6120 6124 6125
f 6124 6123 6125
f 6125 6123 6122
f 6122 6121 6125
f 6121 6120 6125
f 6126 1339 6127
f 6127 1339 5201
f 6128 1339 6126
f 6128 5203 1339
f 5203 6128 6129
f 5203 6129 5198
f 5198 6129 5199
f 5199 6129 6130
f 5199 6130 6131
f 5199 6131 5200
f 5201 5200 6131
f 6127 5201 6131
f 6127 6131 6132
f 6131 6130 6132
f 6132 6130 6129
f 6129 6128 6132
f 6132 6128 6126
f 6126 6127 6132
f 6133 5286 5207
f 6133 5207 5206
f 6133 5206 6134
f 6134 5206 5211
f 6134 5211 6135
f 6135 5211 5187
f 6135 5187 6136
f 6136 5187 6137
f 6137 5187 5179
f 6137 5179 6138
f 6138 5179 5213
f 6138 5213 6139
f 6139 5213 5216
f 6139 5216 5215
f 6139 5215 6140
f 6140 5215 6141
f 6141 5215 5218
f 6141 5218 6142
f 6142 5218 5220
f 6142 5220 6143
f 6143 5220 5223
f 6143 5223 6144
f 6144 5223 5222
f 6144 5222 6145
f 6145 5222 5231
f 6145 5231 6146
f 6146 5231 5233
f 6146 5233 6147
f 6147 5233 5235
f 6147 5235 6148
f 6148 5235 5236
f 6148 5236 6149
f 6149 5236 5239
f 6149 5239 6150
f 6150 5239 6151
f 6151 5239 5241
f 6151 5241 6152
f 6152 5241 5242
f 6152 5242 6153
f 6153 5242 5188
f 6153 5188 6154
f 6154 5188 5190
f 6154 5190 6155
f 6155 5190 5243
f 6155 5243 6156
f 6156 5243 5245
f 6156 5245 6157
f 6157 5245 5247
f 6157 5247 6158
f 6158 5247 5249
f 6158 5249 6159
f 6159 5249 5250
f 6159 5250 6160
f 6160 5250 5252
f 6160 5252 6161
f 6161 5252 5205
f 6161 5205 6162
f 6162 5205 5197
f 6162 5197 6163
f 6163 5197 5253
f 6163 5253 6164
f 6164 5253 5255
f 6164 5255 6165
f 6165 5255 5257
f 6165 5257 6166
f 6166 5257 5258
f 6166 5258 6167
f 6167 5258 5260
f 6167 5260 6168
f 6168 5260 5262
f 6168 5262 6169
f 6169 5262 5264
f 6169 5264 6170
f 6170 5264 5271
f 6170 5271 6171
f 6171 5271 5272
f 6171 5272 6172
f 6172 5272 5274
f 6172 5274 6173
f 6173 5274 5277
f 6173 5277 6174
f 6174 5277 5276
f 6174 5276 6175
f 6175 5276 5279
f 6175 5279 6176
f 6176 5279 5281
f 6176 5281 6177
f 6177 5281 5282
f 6177 5282 6178
f 6178 5282 5176
f 6178 5176 6179
f 6179 5176 5168
f 6179 5168 6180
f 6180 5168 5170
f 6180 5170 5284
f 6180 5284 6181
f 6181 5284 6182
f 6182 5284 5285
f 6182 5285 5286
f 6182 5286 6133
f 5479 5478 6183
f 6183 5478 5553
f 6183 5553 6184
f 6184 5553 5552
f 6184 5552 6185
f 6185 5552 5550
f 6185 5550 6186
f 6186 5550 5549
f 6186 5549 6187
f 6187 5549 5547
f 6187 5547 6188
f 6188 5547 5546
f 6188 5546 6189
f 6189 5546 5544
f 6189 5544 5543
f 6189 5543 6190
f 6190 5543 6191
f 6191 5543 5541
f 6191 5541 6192
f 6192 5541 5540
f 6192 5540 6193
f 6193 5540 5538
f 6193 5538 6194
f 6194 5538 5537
f 6194 5537 6195
f 6195 5537 5535
f 6195 5535 6196
f 6196 5535 5534
f 6196 5534 5532
f 6196 5532 6197
f 6197 5532 6198
f 6198 5532 5531
f 6198 5531 5530
f 6198 5530 6199
f 6199 5530 5528
f 6199 5528 6200
f 6200 5528 6201
f 6201 5528 5527
f 6201 5527 5525
f 6201 5525 6202
f 6202 5525 5524
f 6202 5524 6203
f 6203 5524 5522
f 6203 5522 6204
f 6204 5522 5521
f 6204 5521 5519
f 6204 5519 6205
f 6205 5519 5518
f 6205 5518 6206
f 6206 5518 6207
f 6207 5518 5516
f 6207 5516 6208
f 6208 5516 5515
f 6208 5515 6209
f 6209 5515 5513
f 6209 5513 6210
f 6210 5513 5512
f 6210 5512 5511
f 6210 5511 6211
f 6211 5511 6212
f 6212 5511 5509
f 6212 5509 6213
f 6213 5509 5507
f 6213 5507 6214
f 6214 5507 5506
f 6214 5506 5505
f 6214 5505 6215
f 6215 5505 6216
f 6216 5505 5503
f 6216 5503 5502
f 6216 5502 6217
f 6217 5502 6218
f 6218 5502 5500
f 6218 5500 6219
f 6219 5500 5499
f 6219 5499 5497
f 6219 5497 6220
f 6220 5497 5496
f 6220 5496 6221
f 6221 5496 5494
f 6221 5494 6222
f 6222 5494 6223
f 6223 5494 5493
f 6223 5493 6224
f 6224 5493 5491
f 6224 5491 6225
f 6225 5491 5489
f 6225 5489 6226
f 6226 5489 5488
f 6226 5488 6227
f 6227 5488 5486
f 6227 5486 6228
f 6228 5486 5485
f 6228 5485 6229
f 6229 5485 5483
f 6229 5483 5482
f 6229 5482 6230
f 6230 5482 5479
f 6230 5479 6231
f 6231 5479 6183
f 6164 6201 6163
f 6163 6201 6202
f 6163 6202 6162
f 6162 6202 6203
f 6162 6203 6161
f 6161 6203 6204
f 6161 6204 6160
f 6160 6204 6205
f 6160 6205 6159
f 6159 6205 6206
f 6159 6206 6158
f 6158 6206 6207
f 6201 6164 6200
f 6200 6164 6165
f 6200 6165 6199
f 6199 6165 6166
f 6199 6166 6167
f 6199 6167 6198
f 6198 6167 6197
f 6197 6167 6168
f 6197 6168 6196
f 6196 6168 6169
f 6196 6169 6195
f 6195 6169 6170
f 6195 6170 6194
f 6194 6170 6171
f 6194 6171 6193
f 6193 6171 6172
f 6193 6172 6192
f 6192 6172 6173
f 6192 6173 6191
f 6191 6173 6174
f 6191 6174 6190
f 6190 6174 6175
f 6190 6175 6189
f 6189 6175 6176
f 6189 6176 6188
f 6188 6176 6177
f 6188 6177 6187
f 6187 6177 6178
f 6187 6178 6186
f 6186 6178 6179
f 6186 6179 6185
f 6185 6179 6180
f 6185 6180 6181
f 6185 6181 6184
f 6184 6181 6182
f 6184 6182 6183
f 6183 6182 6231
f 6231 6182 6133
f 6231 6133 6230
f 6230 6133 6134
f 6230 6134 6135
f 6230 6135 6229
f 6229 6135 6228
f 6228 6135 6136
f 6228 6136 6227
f 6227 6136 6137
f 6227 6137 6138
f 6227 6138 6226
f 6226 6138 6139
f 6226 6139 6225
f 6225 6139 6140
f 6225 6140 6224
f 6224 6140 6141
f 6224 6141 6223
f 6223 6141 6142
f 6223 6142 6222
f 6222 6142 6143
f 6222 6143 6221
f 6221 6143 6144
f 6221 6144 6220
f 6220 6144 6145
f 6220 6145 6219
f 6219 6145 6146
f 6219 6146 6218
f 6218 6146 6147
f 6218 6147 6217
f 6217 6147 6148
f 6217 6148 6149
f 6217 6149 6216
f 6216 6149 6215
f 6215 6149 6150
f 6215 6150 6214
f 6214 6150 6151
f 6214 6151 6213
f 6213 6151 6152
f 6213 6152 6212
f 6212 6152 6153
f 6212 6153 6211
f 6211 6153 6154
f 6211 6154 6210
f 6210 6154 6155
f 6210 6155 6209
f 6209 6155 6156
f 6209 6156 6208
f 6208 6156 6157
f 6208 6157 6207
f 6207 6157 6158
f 6232 5848 6233
f 6233 5848 5847
f 6233 5847 6234
f 6234 5847 5852
f 6234 5852 5851
f 6234 5851 6235
f 6235 5851 5866
f 6235 5866 6236
f 6236 5866 5857
f 6236 5857 5887
f 6236 5887 6237
f 6237 5887 5869
f 6237 5869 5873
f 6237 5873 6238
f 6238 5873 5894
f 6238 5894 6239
f 6239 5894 5895
f 6239 5895 5900
f 6239 5900 6240
f 6240 5900 5905
f 6240 5905 6241
f 6241 5905 5925
f 6241 5925 5940
f 6241 5940 6242
f 6242 5940 5939
f 6242 5939 6243
f 6243 5939 5936
f 6243 5936 6244
f 6244 5936 5935
f 6244 5935 5938
f 6244 5938 6245
f 6245 5938 5937
f 6245 5937 6246
f 6246 5937 5970
f 6246 5970 6247
f 6247 5970 5960
f 6247 5960 5959
f 6247 5959 6248
f 6248 5959 5846
f 6248 5846 6249
f 6249 5846 5941
f 6249 5941 6250
f 6250 5941 5979
f 6250 5979 6251
f 6251 5979 5980
f 6251 5980 6010
f 6251 6010 6252
f 6252 6010 5999
f 6252 5999 6253
f 6253 5999 5993
f 6253 5993 6002
f 6253 6002 6254
f 6254 6002 6021
f 6254 6021 5850
f 6254 5850 6255
f 6255 5850 5849
f 6255 5849 6232
f 6232 5849 5848
f 6243 6244 5130
f 5130 6244 5132
f 5132 6244 6245
f 5132 6245 5137
f 5137 6245 6246
f 5137 6246 5135
f 5135 6246 5141
f 5141 6246 6247
f 5141 6247 5139
f 5139 6247 5143
f 5143 6247 6248
f 5143 6248 5145
f 5145 6248 6249
f 5145 6249 5148
f 5148 6249 6250
f 5148 6250 5150
f 5150 6250 6251
f 5150 6251 5152
f 5152 6251 6252
f 5152 6252 5151
f 5151 6252 6253
f 5151 6253 5153
f 5153 6253 5156
f 5156 6253 6254
f 5156 6254 5164
f 5164 6254 6255
f 5164 6255 5162
f 5162 6255 5099
f 5099 6255 6232
f 5099 6232 5101
f 5101 6232 6233
f 5101 6233 5105
f 5105 6233 6234
f 5105 6234 5103
f 5103 6234 6235
f 5103 6235 6256
f 6256 6235 6236
f 6256 6236 5113
f 5113 6236 5111
f 5111 6236 6237
f 5111 6237 5114
f 5114 6237 6238
f 5114 6238 5117
f 5117 6238 5116
f 5116 6238 6239
f 5116 6239 5119
f 5119 6239 6240
f 5119 6240 5120
f 5120 6240 6241
f 5120 6241 5124
f 5124 6241 6242
f 5124 6242 5128
f 5128 6242 6243
f 5128 6243 5126
f 5126 6243 5130
f 5673 6257 6258
f 5673 6258 5684
f 5684 6258 6259
f 5684 6259 5682
f 5682 6259 6260
f 5682 6260 6261
f 5682 6261 6262
f 5682 6262 5680
f 5680 6262 6263
f 5680 6263 6264
f 5680 6264 5678
f 5678 6264 6265
f 5060 5059 6265
f 6265 5059 5678
f 6257 5673 5097
f 5097 5673 5098
f 6266 5736 6267
f 6267 5736 5742
f 6267 5742 6268
f 6268 5742 5741
f 6268 5741 6269
f 6269 5741 6270
f 6270 5741 5740
f 6270 5740 6271
f 6271 5740 5738
f 6271 5738 6272
f 6272 5738 5739
f 6272 5739 6273
f 6273 5739 5737
f 6273 5737 6274
f 6274 5737 5736
f 6274 5736 6266
f 6275 6270 6271
f 6275 6271 6276
f 6276 6271 6272
f 6276 6272 6277
f 6277 6272 6273
f 6277 6273 6274
f 6277 6274 6278
f 6278 6274 6266
f 6278 6266 6279
f 6279 6266 6267
f 6279 6267 6280
f 6280 6267 6268
f 6280 6268 6269
f 6280 6269 6275
f 6275 6269 6270
f 5337 5336 6281
f 6281 5336 6282
f 6281 6282 5744
f 6281 5744 5743
f 5370 5369 6283
f 6283 5369 5750
f 6283 5750 5752
f 5357 5356 5799
f 5357 5799 5811
f 5323 5322 6284
f 5323 6284 6285
f 6285 6284 5800
f 6285 5800 5794
f 5335 5334 6286
f 6286 5334 5824
f 6286 5824 5826
f 5302 5301 6287
f 5302 6287 6288
f 6288 6287 5818
f 6288 5818 5817
f 5321 5320 6289
f 6289 5320 5774
f 6289 5774 5780
f 5359 5358 6290
f 5359 6290 6291
f 6291 6290 5781
f 6291 5781 5769
f 5334 4894 4907
f 5334 4907 4900
f 5334 4900 5824
f 4961 6092 5330
f 5330 6092 5332
f 5332 6092 4893
f 5332 4893 4894
f 5332 4894 5334
f 5323 4951 5325
f 5325 4951 4955
f 5325 4955 5327
f 5327 4955 5330
f 5330 4955 4961
f 5794 4953 6285
f 6285 4953 4952
f 6285 4952 5323
f 5323 4952 4951
f 5356 4950 5799
f 5799 4950 4949
f 4960 5337 6094
f 4954 4950 5356
f 5356 5351 4954
f 5351 5353 4954
f 4954 5353 4962
f 5353 5348 4962
f 5348 5344 4962
f 4962 5344 4957
f 4957 5344 5346
f 4957 5346 4958
f 5346 5341 4958
f 4958 5341 4959
f 5341 5340 4959
f 4959 5340 4960
f 4960 5340 5337
f 6094 5337 4933
f 6281 5743 4924
f 6281 4924 4933
f 6281 4933 5337
f 5369 4932 4931
f 5369 4931 4923
f 5369 4923 5750
f 6096 5363 5299
f 5363 6096 4917
f 5363 4917 4919
f 5363 4919 5366
f 5366 4919 4932
f 5366 4932 5369
f 5359 5295 5361
f 5361 5295 5300
f 5361 5300 5363
f 5363 5300 5299
f 5769 5293 6291
f 6291 5293 5359
f 5359 5293 5295
f 6095 5297 5320
f 5320 5297 5298
f 5320 5298 5774
f 4915 6095 5315
f 5315 6095 5320
f 4915 5315 4911
f 5315 5317 4911
f 4911 5317 4912
f 5317 5312 4912
f 5312 5308 4912
f 4912 5308 4908
f 4908 5308 5310
f 4908 5310 4909
f 5310 5306 4909
f 4909 5306 4914
f 5306 5305 4914
f 4914 5305 4916
f 5302 4901 4916
f 5302 4916 5305
f 6288 5817 4902
f 6288 4902 4901
f 6288 4901 5302
f 5590 5586 5636
f 5634 5590 5636
f 5586 5585 5638
f 5638 5636 5586
f 5585 5598 5640
f 5640 5638 5585
f 5598 5602 5642
f 5598 5642 5640
f 5601 5644 5602
f 5602 5644 5642
f 5644 5601 5646
f 5646 5601 5648
f 5648 5601 5604
f 5648 5604 5650
f 5650 5604 5589
f 5650 5589 5652
f 5652 5589 5588
f 5652 5588 5654
f 5654 5588 5577
f 5654 5577 5656
f 5656 5577 5578
f 5656 6093 5658
f 6093 5587 5658
f 5658 5587 5581
f 5658 5581 5661
f 5583 5662 5581
f 5581 5662 5661
f 5584 5664 5583
f 5583 5664 5662
f 5597 5594 5615
f 5615 5614 5597
f 5594 5593 5618
f 5594 5618 5615
f 5593 5619 5618
f 5596 5621 5593
f 5593 5621 5619
f 5603 5623 5596
f 5596 5623 5621
f 5600 5625 5603
f 5603 5625 5623
f 5599 5627 5600
f 5600 5627 5625
f 5591 5629 5599
f 5599 5629 5627
f 5592 5631 5633
f 5592 5633 5591
f 5591 5633 5629
f 5560 5608 5561
f 5561 5608 5606
f 5560 5610 5608
f 5568 5612 5610
f 5568 5610 5560
f 6275 5674 6280
f 6280 5674 5683
f 6280 5683 5681
f 6280 5681 6279
f 6279 5681 5679
f 6279 5679 6278
f 6278 5679 5676
f 6278 5676 6277
f 6277 5676 5677
f 6277 5677 6276
f 6276 5677 5675
f 6276 5675 6275
f 6275 5675 5674
f 6292 6293 6294
f 6294 6295 6292
f 6295 6296 6292
f 6296 6297 6292
f 6297 6298 6292
f 6292 6298 6293
f 6293 5839 5840
f 6293 5840 6294
f 6294 5840 5841
f 6294 5841 6295
f 6295 5841 5837
f 6295 5837 6296
f 6296 5837 5838
f 6296 5838 6297
f 6297 5838 6298
f 6298 5838 5839
f 6298 5839 6293
f 6299 6300 6301
f 6301 6302 6299
f 6302 6303 6299
f 6299 6303 6304
f 6299 6304 6300
f 6300 5815 5816
f 6300 5816 6301
f 6301 5816 5812
f 6301 5812 6302
f 6302 5812 5813
f 6302 5813 6303
f 6303 5813 5814
f 6303 5814 6304
f 6304 5814 6300
f 6300 5814 5815
f 6305 6306 6307
f 6307 6306 6308
f 6307 6308 6309
f 6307 6309 6310
f 6310 6305 6307
f 6305 5792 6306
f 6306 5792 5788
f 6306 5788 6308
f 6308 5788 6309
f 6309 5788 5789
f 6309 5789 5790
f 6309 5790 6310
f 6310 5790 5791
f 6310 5791 6305
f 6305 5791 5792
f 6311 6312 6313
f 6312 6314 6313
f 6313 6314 6315
f 6313 6315 6316
f 6316 6317 6313
f 6317 6311 6313
f 6311 5766 5767
f 6311 5767 6312
f 6312 5767 6314
f 6314 5767 5763
f 6314 5763 6315
f 6315 5763 5764
f 6315 5764 6316
f 6316 5764 5765
f 6316 5765 6317
f 6317 5765 5766
f 6317 5766 6311
f 5720 5719 5735
f 5718 5734 5717
f 6318 5371 5717
f 5717 5734 6318
f 5734 5733 6319
f 5734 6319 6318
f 6318 6319 5371
f 5371 6319 5372
f 5378 6320 5379
f 5372 6319 6321
f 5372 6321 5375
f 6321 5730 5375
f 5375 5730 5729
f 5375 5729 5376
f 5378 5376 5726
f 5378 5726 6320
f 6319 5733 6321
f 6321 5733 5731
f 6321 5731 5730
f 5729 5727 5376
f 5376 5727 5726
f 6320 5726 5724
f 6320 5724 5379
f 5379 5724 5723
f 5723 5735 6322
f 5723 6322 5379
f 5379 6322 5394
f 5394 6322 5719
f 5719 6322 5735
f 5166 5296 5167
f 5287 5159 5161
f 5296 5163 5167
f 5287 5157 5159
f 5289 5165 5163
f 5161 5165 5289
f 5289 5163 5296
f 5287 5161 5289
f 5158 4897 5154
f 5155 4896 4899
f 5147 5146 4913
f 5140 4892 5142
f 5142 4892 4895
f 5136 4895 4887
f 5136 4887 5138
f 5144 4890 5140
f 5149 4903 4910
f 5146 4910 4913
f 5147 4913 5144
f 5144 4913 4890
f 5138 4887 4886
f 5154 4897 4896
f 5140 4890 4892
f 5133 5134 4944
f 5133 4944 4946
f 5131 4946 4947
f 5131 4947 5127
f 5127 4947 4937
f 5127 4937 5129
f 5110 4942 4934
f 5123 5122 4956
f 5123 4956 4964
f 5118 4966 4965
f 5115 4943 5112
f 5125 4939 4940
f 4965 4943 5115
f 5110 4934 4936
f 5129 4937 4939
f 5122 4940 4956
f 5112 4943 4942
f 6284 5322 5469
f 6284 5469 5800
f 5322 5433 5469
f 5335 5426 5333
f 5322 5324 5433
f 5331 5333 5438
f 5331 5438 5329
f 5328 5329 5326
f 5469 5410 5800
f 5800 5410 5801
f 5410 5409 5801
f 5409 5803 5801
f 5409 5416 5803
f 5416 5805 5803
f 5416 5373 5806
f 5416 5806 5805
f 5381 5808 5373
f 5373 5808 5806
f 5381 5810 5808
f 5381 5384 5810
f 5384 5387 5811
f 5384 5811 5810
f 5826 5425 6286
f 6286 5425 5335
f 5335 5425 5426
f 5826 5836 5425
f 5811 5387 5357
f 5357 5387 5388
f 5417 5418 6323
f 5415 5414 5819
f 5420 5425 5836
f 5414 5828 5819
f 5414 5417 5828
f 5828 5417 5829
f 5417 5831 5829
f 5417 6323 5831
f 6323 5832 5831
f 6323 5418 5832
f 5418 5834 5832
f 5418 5420 5834
f 5420 5836 5834
f 5352 5357 5388
f 5350 5349 5392
f 5336 5338 5476
f 5350 5392 5345
f 5352 5388 5354
f 5349 5355 5392
f 5342 5347 5343
f 5345 5392 5347
f 5301 5422 6287
f 6287 5422 5415
f 6287 5415 5818
f 5818 5415 5819
f 5336 5476 6282
f 6282 5476 5475
f 6282 5475 5744
f 5311 5309 5431
f 5301 5303 5422
f 5307 5311 5431
f 5318 5457 5319
f 5309 5314 5431
f 5307 5431 5304
f 5318 5316 5457
f 5316 5321 5457
f 5457 5321 5459
f 5475 5471 5745
f 5475 5745 5744
f 5471 5762 5745
f 5745 5762 5761
f 5471 5473 5762
f 5473 5755 5762
f 5473 5470 5755
f 5470 5756 5755
f 5470 5460 5756
f 5460 5758 5756
f 5460 5462 5758
f 5462 5760 5758
f 5462 5442 5760
f 5442 5752 5760
f 6289 5780 5458
f 6289 5458 5321
f 5321 5458 5459
f 5752 5442 6283
f 6283 5442 5477
f 6283 5477 5370
f 5465 5450 5782
f 5455 5458 5780
f 5455 5780 5779
f 5782 5450 5783
f 5450 5453 5783
f 5453 5463 5785
f 5453 5785 5783
f 5463 5448 5787
f 5787 5448 5776
f 5448 5447 5777
f 5448 5777 5776
f 5447 5779 5777
f 5447 5455 5779
f 5370 5477 5368
f 5358 5360 5464
f 5367 5368 5445
f 5367 5445 5365
f 5362 5364 5360
f 6290 5358 5465
f 6290 5465 5781
f 5781 5465 5782
f 5358 5464 5465
f 5107 4920 5104
f 5100 5102 4928
f 5100 4928 4930
f 5107 4921 4920
f 5104 4920 4926
f 5102 4927 4928
f 4993 5630 5632
f 4993 5632 5008
f 5008 5632 5635
f 5008 5635 5011
f 5653 5045 5651
f 5651 5045 5047
f 5651 5047 5649
f 5649 5047 5049
f 5649 5049 5647
f 5647 5049 5052
f 5647 5052 5645
f 5645 5052 5643
f 5643 5052 4998
f 5643 4998 5641
f 5641 4998 5001
f 5641 5001 5639
f 5639 5001 5006
f 5639 5006 5637
f 5637 5006 5011
f 5637 5011 5635
f 4993 5016 5630
f 5630 5016 5628
f 5628 5016 5015
f 5628 5015 5626
f 5626 5015 5624
f 5624 5015 5026
f 5624 5026 5622
f 5622 5026 5028
f 5622 5028 5620
f 5620 5028 5030
f 5620 5030 5617
f 5617 5030 5032
f 5617 5032 5616
f 5616 5032 5023
f 5616 5023 5613
f 5613 5023 5611
f 5611 5023 5022
f 5611 5022 5609
f 5609 5022 5054
f 5609 5054 5607
f 5607 5054 5605
f 5605 5054 5056
f 5605 5056 5663
f 5663 5056 5042
f 5663 5042 5660
f 5660 5042 5053
f 5660 5053 5659
f 5659 5053 5657
f 5657 5053 5043
f 5657 5043 5655
f 5655 5043 5045
f 5655 5045 5653
f 5160 5156 5164
f 5120 5121 5119
f 5113 5109 6256
f 5109 5106 6256
f 6256 5106 5103
f 6265 4984 5060
f 4974 4984 6265
f 5063 5062 4985
f 5063 4985 4983
f 5063 4983 5065
f 5065 4983 4982
f 5065 4982 5067
f 5068 5067 4980
f 5068 4980 5070
f 5071 5070 4979
f 5071 4979 5073
f 5074 5073 4977
f 5074 4977 5075
f 5077 5075 6324
f 5077 6324 5078
f 5080 5078 5020
f 5080 5020 5081
f 5081 5020 6325
f 5081 6325 5082
f 5082 6325 6326
f 5082 6326 5084
f 5084 6326 4992
f 5084 4992 5085
f 5085 4992 4991
f 5085 4991 5087
f 5087 4991 6327
f 5087 6327 5088
f 5088 6327 5002
f 5088 5002 5090
f 5090 5002 6328
f 5090 6328 5091
f 5091 6328 4987
f 5091 4987 5093
f 5094 5093 6329
f 5094 6329 5096
f 5097 5096 4997
f 5060 4984 5062
f 5067 4982 4980
f 5070 4980 4979
f 5073 4979 4977
f 5075 4977 4976
f 5075 4976 6324
f 5096 6329 4989
f 5096 4989 4997
f 5062 4984 4985
f 6324 4976 5078
f 5078 4976 5020
f 6327 4991 5002
f 6328 5002 4987
f 5093 4987 4989
f 5093 4989 6329
f 6325 5020 4996
f 6325 4996 6326
f 6326 4996 4992
f 6257 6330 6258
f 6258 6330 4971
f 6258 4971 6259
f 6259 4971 6260
f 6263 4975 6264
f 6264 4975 6265
f 6263 6262 4969
f 6263 4969 4975
f 6265 4975 4974
f 6330 4972 4971
f 6260 4971 6261
f 6262 6261 4969
f 6261 4971 4969
f 6330 4997 4972
f 6257 5097 6330
f 6330 5097 4997
f 5005 5434 5010
f 5010 5434 5441
f 5010 5441 5009
f 5009 5441 5440
f 5009 5440 5007
f 5007 5440 5439
f 5007 5439 4994
f 4994 5439 5424
f 5004 4988 5435
f 5435 4988 5400
f 4990 5419 5437
f 4990 5437 5003
f 5003 5437 5400
f 5003 5400 4988
f 5423 5419 4995
f 4995 5419 4990
f 5014 5421 5429
f 5014 5429 5025
f 5025 5429 5430
f 5025 5430 5027
f 5027 5430 5432
f 5027 5432 5029
f 5029 5432 5427
f 5029 5427 5031
f 5427 5428 5031
f 5031 5428 5033
f 5033 5428 5456
f 5405 5404 5012
f 5012 5404 5017
f 5013 5399 5019
f 5019 5399 5411
f 5019 5411 5021
f 5021 5411 5407
f 5021 5407 5018
f 5018 5407 5405
f 5018 5405 5012
f 5024 5466 5013
f 5013 5466 5399
f 5038 5451 5055
f 5055 5451 5467
f 5055 5467 5057
f 5057 5467 5444
f 5057 5444 5058
f 5058 5444 5446
f 5058 5446 5039
f 5039 5446 5443
f 5037 5035 5452
f 5452 5035 5454
f 5034 5461 5468
f 5034 5468 5036
f 5036 5468 5454
f 5036 5454 5035
f 5449 5461 5040
f 5040 5461 5034
f 4970 5383 5382
f 4970 5382 4986
f 4986 5382 5374
f 4986 5374 4967
f 4967 5374 5377
f 4967 5377 4968
f 4968 5377 4973
f 4973 5377 5380
f 4970 5000 5383
f 5383 5000 5385
f 5044 5474 5046
f 5046 5474 5389
f 5386 4999 5051
f 5386 5051 5393
f 5393 5051 5391
f 5391 5051 5050
f 5391 5050 5390
f 5390 5050 5048
f 5390 5048 5046
f 5390 5046 5389
f 5380 5472 4981
f 4981 5472 5041
f 5039 5443 5449
f 5039 5449 5040
f 5037 5452 5451
f 5037 5451 5038
f 5033 5456 5024
f 5024 5456 5466
f 5017 5404 5421
f 5017 5421 5014
f 4994 5424 5423
f 4994 5423 4995
f 5004 5435 5434
f 5004 5434 5005
f 4999 5386 5000
f 5000 5386 5385
f 4973 5380 4981
f 5041 5472 5474
f 5041 5474 5044
f 6331 6332 6333
f 6331 6333 6334
f 6334 6333 6335
f 6334 6335 6336
f 6336 6335 6337
f 6336 6337 6338
f 6338 6337 6339
f 6338 6339 6340
f 6340 6339 6341
f 6340 6341 6331
f 6331 6341 6332
f 6341 5843 5842
f 6341 5842 6332
f 6332 5842 6041
f 6332 6041 6040
f 6332 6040 6044
f 6332 6044 6043
f 6332 6043 6042
f 6332 6042 6333
f 6333 6042 6055
f 6333 6055 6054
f 6333 6054 6053
f 6333 6053 6052
f 6333 6052 6051
f 6333 6051 6335
f 6335 6051 6039
f 6335 6039 6038
f 6335 6038 6037
f 6335 6037 6030
f 6335 6030 6029
f 6335 6029 6028
f 6335 6028 6022
f 6335 6022 6337
f 6337 6022 6036
f 6337 6036 6035
f 6337 6035 6034
f 6337 6034 6033
f 6337 6033 6032
f 6337 6032 6339
f 6339 6032 6031
f 6339 6031 6050
f 6339 6050 6049
f 6339 6049 6048
f 6339 6048 6047
f 6339 6047 6046
f 6339 6046 6045
f 6339 6045 6341
f 6341 6045 6024
f 6341 6024 6023
f 6341 6023 6027
f 6341 6027 6026
f 6341 6026 6025
f 6341 6025 5843
f 6342 6343 6344
f 6344 6343 6345
f 6344 6345 6346
f 6346 6345 6347
f 6347 6345 6348
f 6347 6348 6349
f 6347 6349 6350
f 6350 6349 6351
f 6350 6351 6352
f 6350 6352 6342
f 6342 6352 6343
f 6349 5984 6014
f 6349 6014 6013
f 6349 6013 6351
f 6351 6013 6012
f 6351 6012 6004
f 6351 6004 6003
f 6351 6003 6008
f 6351 6008 6352
f 6352 6008 5992
f 6352 5992 5994
f 6352 5994 5995
f 6352 5995 6001
f 6352 6001 6000
f 6352 6000 6343
f 6343 6000 5998
f 6343 5998 5997
f 6343 5997 6007
f 6343 6007 6006
f 6343 6006 6005
f 6343 6005 6009
f 6343 6009 6011
f 6343 6011 6020
f 6343 6020 6345
f 6345 6020 6019
f 6345 6019 6018
f 6345 6018 6017
f 6345 6017 6016
f 6345 6016 6015
f 6345 6015 5991
f 6345 5991 5990
f 6345 5990 6348
f 6348 5990 5989
f 6348 5989 5988
f 6348 5988 5987
f 6348 5987 5986
f 6348 5986 5983
f 6348 5983 6349
f 6349 5983 5982
f 6349 5982 5981
f 6349 5981 5996
f 6349 5996 5985
f 6349 5985 5984
f 6353 6354 6355
f 6353 6355 6356
f 6356 6355 6357
f 6356 6357 6358
f 6358 6357 6359
f 6358 6359 6360
f 6358 6360 6361
f 6361 6360 6362
f 6361 6362 6363
f 6363 6362 6353
f 6353 6362 6354
f 6360 5845 6362
f 6362 5845 5844
f 6362 5844 5963
f 6362 5963 5962
f 6362 5962 5961
f 6362 5961 5969
f 6362 5969 5968
f 6362 5968 5967
f 6362 5967 5966
f 6362 5966 6354
f 6354 5966 5953
f 6354 5953 5952
f 6354 5952 5951
f 6354 5951 5950
f 6354 5950 5949
f 6354 5949 5948
f 6354 5948 5965
f 6354 5965 6355
f 6355 5965 5964
f 6355 5964 5958
f 6355 5958 5957
f 6355 5957 5978
f 6355 5978 6357
f 6357 5978 5977
f 6357 5977 5976
f 6357 5976 5975
f 6357 5975 5974
f 6357 5974 5973
f 6357 5973 5972
f 6357 5972 5971
f 6357 5971 6359
f 6359 5971 5947
f 6359 5947 5946
f 6359 5946 5945
f 6359 5945 5944
f 6359 5944 6360
f 6360 5944 5943
f 6360 5943 5942
f 6360 5942 5956
f 6360 5956 5955
f 6360 5955 5954
f 6360 5954 5845
f 6364 6365 6366
f 6364 6366 6367
f 6367 6366 6368
f 6367 6368 6369
f 6369 6368 6370
f 6369 6370 6371
f 6369 6371 6372
f 6372 6371 6373
f 6372 6373 6374
f 6374 6373 6365
f 6374 6365 6364
f 6373 6060 6365
f 6365 6060 6066
f 6365 6066 6065
f 6365 6065 6064
f 6365 6064 6083
f 6365 6083 6082
f 6365 6082 6366
f 6366 6082 6081
f 6366 6081 6091
f 6366 6091 6090
f 6366 6090 6089
f 6366 6089 6088
f 6366 6088 6087
f 6366 6087 6086
f 6366 6086 6368
f 6368 6086 6071
f 6368 6071 6070
f 6368 6070 6080
f 6368 6080 6079
f 6368 6079 6078
f 6368 6078 6059
f 6368 6059 6058
f 6368 6058 6370
f 6370 6058 6077
f 6370 6077 6076
f 6370 6076 6075
f 6370 6075 6069
f 6370 6069 6068
f 6370 6068 6371
f 6371 6068 6067
f 6371 6067 6084
f 6371 6084 6085
f 6371 6085 6074
f 6371 6074 6073
f 6371 6073 6373
f 6373 6073 6072
f 6373 6072 6063
f 6373 6063 6062
f 6373 6062 6061
f 6373 6061 6057
f 6373 6057 6056
f 6373 6056 6060
f 6375 6376 6377
f 6375 6377 6378
f 6378 6377 6379
f 6378 6379 6380
f 6378 6380 6381
f 6381 6380 6382
f 6381 6382 6383
f 6383 6382 6384
f 6383 6384 6385
f 6385 6384 6375
f 6375 6384 6376
f 6382 5922 5921
f 6382 5921 6384
f 6384 5921 5920
f 6384 5920 5919
f 6384 5919 5918
f 6384 5918 5917
f 6384 5917 5916
f 6384 5916 5909
f 6384 5909 5910
f 6384 5910 6376
f 6376 5910 5911
f 6376 5911 5915
f 6376 5915 5914
f 6376 5914 5913
f 6376 5913 5897
f 6376 5897 6377
f 6377 5897 5896
f 6377 5896 5912
f 6377 5912 5930
f 6377 5930 5929
f 6377 5929 5928
f 6377 5928 5927
f 6377 5927 5934
f 6377 5934 6379
f 6379 5934 5933
f 6379 5933 5932
f 6379 5932 5931
f 6379 5931 5926
f 6379 5926 6380
f 6380 5926 5924
f 6380 5924 5923
f 6380 5923 5908
f 6380 5908 5907
f 6380 5907 5906
f 6380 5906 6382
f 6382 5906 5904
f 6382 5904 5903
f 6382 5903 5902
f 6382 5902 5901
f 6382 5901 5899
f 6382 5899 5898
f 6382 5898 5922
f 6386 6387 6388
f 6388 6387 6389
f 6388 6389 6390
f 6388 6390 6391
f 6391 6390 6392
f 6391 6392 6393
f 6393 6392 6394
f 6394 6392 6395
f 6394 6395 6396
f 6394 6396 6386
f 6386 6396 6387
f 6396 5860 5881
f 6396 5881 6387
f 6387 5881 5880
f 6387 5880 5879
f 6387 5879 5871
f 6387 5871 5870
f 6387 5870 5878
f 6387 5878 5877
f 6387 5877 5876
f 6387 5876 6389
f 6389 5876 5865
f 6389 5865 5864
f 6389 5864 5863
f 6389 5863 5862
f 6389 5862 6390
f 6390 5862 5861
f 6390 5861 5872
f 6390 5872 5874
f 6390 5874 5875
f 6390 5875 5890
f 6390 5890 5868
f 6390 5868 6392
f 6392 5868 5867
f 6392 5867 5893
f 6392 5893 5892
f 6392 5892 5891
f 6392 5891 5889
f 6392 5889 5888
f 6392 5888 5886
f 6392 5886 5885
f 6392 5885 6395
f 6395 5885 5856
f 6395 5856 5855
f 6395 5855 5884
f 6395 5884 5883
f 6395 5883 5882
f 6395 5882 5854
f 6395 5854 5853
f 6395 5853 6396
f 6396 5853 5858
f 6396 5858 5859
f 6396 5859 5860
f 6397 6398 6399
f 6399 6400 6397
f 6400 6401 6397
f 6401 6402 6397
f 6397 6402 6398
f 6398 6331 6399
f 6399 6331 6334
f 6399 6334 6400
f 6400 6334 6401
f 6401 6334 6336
f 6401 6336 6402
f 6402 6336 6338
f 6402 6338 6398
f 6398 6338 6340
f 6398 6340 6331
f 6403 6404 6405
f 6404 6406 6405
f 6406 6407 6405
f 6407 6408 6405
f 6405 6408 6403
f 6403 6347 6350
f 6403 6350 6404
f 6404 6350 6406
f 6406 6350 6342
f 6406 6342 6344
f 6406 6344 6407
f 6407 6344 6346
f 6407 6346 6408
f 6408 6346 6347
f 6408 6347 6403
f 6409 6410 6411
f 6410 6412 6411
f 6412 6413 6411
f 6411 6413 6414
f 6411 6414 6415
f 6415 6409 6411
f 6409 6361 6410
f 6410 6361 6363
f 6410 6363 6412
f 6412 6363 6353
f 6412 6353 6413
f 6413 6353 6356
f 6413 6356 6414
f 6414 6356 6415
f 6415 6356 6358
f 6415 6358 6409
f 6409 6358 6361
f 6416 6417 6418
f 6418 6417 6419
f 6418 6419 6420
f 6420 6421 6418
f 6421 6416 6418
f 6416 6374 6417
f 6417 6374 6364
f 6417 6364 6419
f 6419 6364 6367
f 6419 6367 6369
f 6419 6369 6420
f 6420 6369 6372
f 6420 6372 6421
f 6421 6372 6416
f 6416 6372 6374
f 6422 6423 6424
f 6424 6423 6425
f 6425 6426 6424
f 6426 6427 6424
f 6427 6422 6424
f 6422 6383 6385
f 6422 6385 6423
f 6423 6385 6375
f 6423 6375 6425
f 6425 6375 6378
f 6425 6378 6426
f 6426 6378 6427
f 6427 6378 6381
f 6427 6381 6383
f 6427 6383 6422
f 6428 6429 6430
f 6428 6430 6431
f 6431 6432 6428
f 6432 6433 6428
f 6433 6434 6428
f 6434 6429 6428
f 6429 6386 6430
f 6430 6386 6431
f 6431 6386 6388
f 6431 6388 6432
f 6432 6388 6391
f 6432 6391 6433
f 6433 6391 6393
f 6433 6393 6434
f 6434 6393 6394
f 6434 6394 6429
f 6429 6394 6386
f 5231 5222 5228
f 6435 6436 6437
f 6437 6436 6438
f 6437 6438 6439
f 6439 6438 6440
f 6439 6440 6441
f 6441 6440 6442
f 6443 6444 6445
f 6445 6444 6446
f 6445 6446 6447
f 6447 6446 6448
f 6447 6448 6449
f 6450 6451 6452
f 6452 6451 6453
f 6452 6453 6454
f 6454 6453 6455
f 6454 6455 6456
f 6457 6458 6459
f 6457 6459 6460
f 6460 6459 6461
f 6460 6461 6462
f 6462 6461 6463
f 6462 6463 6450
f 6450 6463 6451
f 6455 6464 6456
f 6456 6464 6465
f 6456 6465 6466
f 6466 6465 6467
f 6466 6467 6468
f 6468 6467 6469
f 6468 6469 6443
f 6443 6469 6444
f 6470 6471 6472
f 6472 6471 6473
f 6472 6473 6474
f 6474 6473 6475
f 6474 6475 6457
f 6457 6475 6458
f 6448 6476 6449
f 6449 6476 6477
f 6449 6477 6478
f 6478 6477 6479
f 6478 6479 6480
f 6480 6479 6481
f 6480 6481 6435
f 6435 6481 6436
f 6441 6442 6482
f 6441 6482 6483
f 6483 6482 6484
f 6483 6484 6485
f 6485 6484 6486
f 6485 6486 6470
f 6470 6486 6471
f 6487 6488 6489
f 6490 6491 6488
f 6492 6493 6494
f 6495 6496 6493
f 6494 6493 6496
f 6497 6496 6498
f 6498 6496 6495
f 6498 6495 6499
f 6487 6496 6488
f 6488 6496 6497
f 6488 6497 6490
f 6500 6501 6502
f 6503 6504 6505
f 6505 6506 6507
f 6503 6505 6507
f 6503 6507 6508
f 6503 6508 6509
f 6503 6509 6510
f 6500 6507 6501
f 6501 6507 6506
f 6501 6506 6511
f 6501 6511 6512
f 6513 6514 6515
f 6516 6517 6518
f 6519 6515 6520
f 6520 6515 6521
f 6522 6523 6517
f 6522 6517 6519
f 6515 6519 6524
f 6515 6524 6513
f 6517 6516 6519
f 6519 6516 6524
f 6525 6526 6527
f 6528 6529 6530
f 6531 6532 6533
f 6531 6533 6529
f 6529 6533 6530
f 6533 6532 6534
f 6533 6534 6535
f 6527 6533 6525
f 6525 6533 6535
f 6525 6535 6536
f 6526 6537 6538
f 6539 6540 6541
f 6542 6541 6543
f 6543 6541 6544
f 6544 6541 6545
f 6538 6537 6546
f 6546 6537 6547
f 6542 6546 6541
f 6541 6546 6548
f 6541 6548 6539
f 6549 6547 6550
f 6549 6551 6547
f 6547 6551 6546
f 6546 6551 6548
f 6552 6553 6554
f 6555 6556 6557
f 6558 6556 6559
f 6560 6561 6562
f 6559 6556 6555
f 6559 6555 6561
f 6559 6561 6560
f 6554 6553 6559
f 6559 6553 6563
f 6564 6558 6559
f 6564 6559 6563
f 6564 6563 6565
f 6566 6567 6568
f 5947 5946 6569
f 5962 5961 6570
f 6570 5961 5969
f 6570 5969 6571
f 6571 5969 5968
f 6571 5968 5967
f 5967 5966 6571
f 6571 5966 5953
f 6572 5949 5948
f 5946 5945 6569
f 6569 5945 6567
f 6569 6567 6566
f 5953 5952 6571
f 6571 5952 5951
f 5949 6572 6571
f 5949 6571 5950
f 5950 6571 5951
f 6573 5957 6569
f 6569 5957 5978
f 6569 5978 5977
f 5948 5965 6573
f 6573 5965 5964
f 6573 5964 5958
f 6573 5958 5957
f 5973 5972 6569
f 6569 5972 5971
f 6569 5971 5947
f 5945 5944 6567
f 6567 5944 5943
f 6567 5943 5942
f 5977 5976 6569
f 6569 5976 5975
f 6569 5975 5974
f 6569 5974 5973
f 5942 5956 6567
f 6567 5956 5955
f 6567 5955 5954
f 6567 5954 5845
f 6567 5845 6570
f 6570 5845 5844
f 6570 5844 5963
f 6570 5963 5962
f 5948 6573 6572
f 6572 6573 6574
f 6574 6575 6576
f 6577 6578 6579
f 6579 6578 6580
f 6579 6580 6581
f 5909 5910 6582
f 6583 5917 5916
f 5909 6582 5916
f 5910 5911 6582
f 6582 5911 5915
f 6582 5915 5914
f 5914 5913 6582
f 6582 5913 5897
f 6582 5897 6584
f 6584 5897 5896
f 6584 5896 5912
f 5912 5930 6584
f 6584 5930 5929
f 5929 5928 6584
f 6584 5928 5927
f 6584 5927 6577
f 6585 5923 5908
f 6585 5908 5907
f 5907 5906 6585
f 6585 5906 5904
f 6585 5904 6586
f 6586 5904 5903
f 6586 5903 5902
f 5921 5920 6587
f 6587 5920 5919
f 6587 5919 6583
f 6583 5919 5918
f 6583 5918 5917
f 5927 5934 6577
f 6577 5934 5933
f 6577 5933 6578
f 6578 5933 5932
f 6578 5932 5931
f 6578 5931 5926
f 6578 5926 6585
f 6585 5926 5924
f 6585 5924 5923
f 5902 5901 6586
f 6586 5901 5899
f 6586 5899 5898
f 6586 5898 6587
f 6587 5898 5922
f 6587 5922 5921
f 6588 1175 6583
f 5916 6582 6583
f 6583 6582 6588
f 6583 1175 6589
f 6589 6590 6583
f 6583 6590 6591
f 5861 5872 6583
f 5878 5877 6591
f 6591 5877 5876
f 6591 5876 5865
f 5865 5864 6591
f 6591 5864 5863
f 6591 5863 6583
f 6583 5863 5862
f 6583 5862 5861
f 6591 5871 5870
f 6591 5870 5878
f 5886 5885 6592
f 6592 5885 5856
f 5856 5855 6592
f 6592 5855 5884
f 6592 5884 5883
f 6592 5883 5882
f 6593 5860 6591
f 6591 5860 5881
f 5881 5880 6591
f 6591 5880 5879
f 6591 5879 5871
f 5872 5874 6583
f 6583 5874 5875
f 6583 5875 5890
f 6583 5890 5868
f 6583 5868 6594
f 6594 5868 5867
f 6594 5867 5893
f 6594 5893 5892
f 5854 6595 5882
f 5882 6595 6592
f 5892 5891 6594
f 6594 5891 5889
f 6594 5889 6592
f 6592 5889 5888
f 6592 5888 5886
f 5854 5853 6593
f 6593 5853 5858
f 6593 5858 5859
f 6593 5859 5860
f 5854 6593 6595
f 6595 6593 6596
f 6597 6596 6598
f 6599 6600 6598
f 6599 6598 6596
f 6601 6602 6599
f 6599 6602 6603
f 6599 6603 6600
f 6604 5994 5995
f 6604 5995 6001
f 6001 6000 6604
f 6604 6000 5998
f 6604 5998 6605
f 6605 5998 5997
f 6605 5997 6007
f 6602 6003 6008
f 6602 6008 6604
f 6604 6008 5992
f 6604 5992 5994
f 5990 5989 6606
f 6606 5989 5988
f 6606 5988 5987
f 6601 6607 6014
f 6007 6006 6605
f 6605 6006 6005
f 6605 6005 6009
f 6605 6009 6608
f 6608 6009 6011
f 6608 6011 6020
f 6020 6019 6608
f 6608 6019 6018
f 6608 6018 6567
f 6567 6018 6017
f 6017 6016 6567
f 6567 6016 6015
f 6567 6015 6606
f 6606 6015 5991
f 6606 5991 5990
f 6014 6013 6601
f 6601 6013 6012
f 6601 6012 6602
f 6602 6012 6004
f 6602 6004 6003
f 5987 5986 6606
f 6606 5986 5983
f 6606 5983 6607
f 6607 5983 5982
f 6607 5982 5981
f 5981 5996 6607
f 6607 5996 5985
f 6607 5985 5984
f 6607 5984 6014
f 6606 6609 6567
f 6567 6609 1216
f 6567 1216 6568
f 6035 6034 6599
f 6027 6026 6610
f 6053 6052 6596
f 6052 6051 6596
f 6596 6051 6039
f 6596 6039 6038
f 6038 6037 6596
f 6596 6037 6030
f 6596 6030 6029
f 6029 6028 6596
f 6596 6028 6022
f 6596 6022 6599
f 6599 6022 6036
f 6599 6036 6035
f 6026 6025 6610
f 6610 6025 5843
f 6610 5843 6611
f 6611 5843 5842
f 6611 5842 6041
f 6043 6611 6044
f 6044 6611 6040
f 6040 6611 6041
f 6046 6612 6047
f 6047 6612 6048
f 6046 6045 6612
f 6612 6045 6024
f 6612 6024 6610
f 6610 6024 6023
f 6610 6023 6027
f 6043 6042 6611
f 6611 6042 6055
f 6611 6055 6613
f 6613 6055 6054
f 6613 6054 6053
f 6613 6053 6596
f 6596 6597 6595
f 6034 6033 6599
f 6599 6033 6032
f 6599 6032 6031
f 6612 6599 6048
f 6048 6599 6049
f 6049 6599 6050
f 6050 6599 6031
f 6058 6077 6614
f 6080 6079 6615
f 6615 6079 6078
f 6615 6078 6614
f 6614 6078 6059
f 6614 6059 6058
f 6069 6614 6075
f 6075 6614 6076
f 6076 6614 6077
f 6062 6061 6574
f 6574 6061 6057
f 6574 6057 6056
f 6087 6616 6088
f 6088 6616 6089
f 6087 6086 6616
f 6616 6086 6071
f 6616 6071 6615
f 6615 6071 6070
f 6615 6070 6080
f 6056 6060 6574
f 6574 6060 6579
f 6574 6579 6575
f 6575 6579 6581
f 6060 6066 6579
f 6579 6066 6065
f 6579 6065 6064
f 6064 6083 6579
f 6579 6083 6082
f 6579 6082 6081
f 6085 6074 6574
f 6574 6074 6073
f 6616 6579 6089
f 6089 6579 6090
f 6090 6579 6091
f 6091 6579 6081
f 6073 6072 6574
f 6574 6072 6063
f 6574 6063 6062
f 6069 6068 6614
f 6614 6068 6067
f 6614 6067 6617
f 6617 6067 6084
f 6617 6084 6085
f 6617 6085 6574
f 6574 6576 6572
f 6582 6510 6588
f 6582 6489 6510
f 6615 6494 6616
f 6616 6494 6579
f 6579 6494 6496
f 6579 6496 6577
f 6577 6496 6487
f 6577 6487 6584
f 6584 6487 6489
f 6584 6489 6582
f 6614 6562 6492
f 6614 6492 6615
f 6615 6492 6494
f 6562 6614 6560
f 6560 6614 6617
f 6560 6617 6559
f 6559 6617 6574
f 6559 6574 6573
f 6559 6573 6554
f 6554 6573 6569
f 6554 6569 6552
f 6569 6544 6552
f 6569 6566 6544
f 6544 6566 6543
f 6543 6566 6568
f 6543 6568 6542
f 6542 6568 1216
f 6542 1216 6546
f 6546 1216 6609
f 6546 6609 6538
f 6538 6609 6526
f 6526 6609 6606
f 6610 6530 6612
f 6612 6530 6599
f 6599 6530 6533
f 6599 6533 6601
f 6601 6533 6527
f 6601 6527 6607
f 6607 6527 6526
f 6607 6526 6606
f 6611 6521 6528
f 6611 6528 6610
f 6610 6528 6530
f 6521 6611 6613
f 6521 6613 6520
f 6520 6613 6519
f 6519 6613 6596
f 6519 6596 6593
f 6519 6593 6522
f 6522 6593 6591
f 6522 6591 6523
f 6591 6502 6523
f 6510 6509 6588
f 6588 6509 6508
f 6588 6508 1175
f 1175 6508 6507
f 1175 6507 6589
f 6589 6507 6500
f 6589 6500 6590
f 6590 6500 6502
f 6590 6502 6591
f 6618 6619 6620
f 6619 6618 6621
f 6622 6623 6621
f 6621 6623 6619
f 6623 6622 6624
f 6625 6626 6624
f 6624 6626 6623
f 6627 6467 6626
f 6627 6626 6625
f 6467 6627 6628
f 6467 6628 6469
f 6469 6628 6629
f 6630 6631 6629
f 6629 6631 6469
f 6632 6633 6631
f 6632 6631 6630
f 6633 6632 6634
f 6635 6636 6633
f 6635 6633 6634
f 6636 6635 6637
f 6638 6476 6636
f 6638 6636 6637
f 6476 6638 6639
f 6476 6639 6640
f 6640 6639 6641
f 6642 6643 6641
f 6641 6643 6640
f 6643 6642 6644
f 6645 6646 6644
f 6644 6646 6643
f 6647 6648 6646
f 6647 6646 6645
f 6648 6647 6649
f 6650 6436 6649
f 6649 6436 6648
f 6436 6650 6438
f 6438 6650 6651
f 6651 6652 6438
f 6438 6652 6653
f 6653 6652 6654
f 6655 6442 6653
f 6655 6653 6654
f 6442 6655 6656
f 6657 6658 6442
f 6657 6442 6656
f 6658 6657 6659
f 6660 6661 6658
f 6660 6658 6659
f 6661 6660 6662
f 6663 6486 6662
f 6662 6486 6661
f 6486 6663 6664
f 6664 6663 6665
f 6666 6667 6665
f 6665 6667 6664
f 6668 6669 6667
f 6668 6667 6666
f 6669 6668 6670
f 6671 6672 6670
f 6670 6672 6669
f 6673 6458 6674
f 6674 6458 6672
f 6674 6672 6671
f 6458 6673 6459
f 6459 6673 6675
f 6676 6677 6675
f 6675 6677 6459
f 6678 6679 6677
f 6678 6677 6676
f 6679 6678 6680
f 6681 6451 6680
f 6680 6451 6679
f 6682 6453 6451
f 6682 6451 6681
f 6453 6682 6683
f 6453 6683 6620
f 6620 6683 6618
f 6684 6685 6686
f 6684 6686 6687
f 6684 6687 6688
f 6688 6687 6689
f 6688 6689 6690
f 6690 6689 6691
f 6690 6691 6692
f 6692 6691 6693
f 6692 6693 6694
f 6692 6694 6695
f 6695 6694 6696
f 6695 6696 6697
f 6697 6696 6698
f 6697 6698 6699
f 6697 6699 6700
f 6700 6699 6701
f 6700 6701 6702
f 6702 6701 6703
f 6702 6703 6704
f 6702 6704 6705
f 6705 6704 6706
f 6705 6706 6707
f 6707 6706 6708
f 6707 6708 6709
f 6709 6708 6710
f 6709 6710 6711
f 6709 6711 6712
f 6712 6711 6713
f 6712 6713 6714
f 6712 6714 6715
f 6715 6714 6716
f 6715 6716 6717
f 6717 6716 6718
f 6717 6718 6719
f 6719 6718 6720
f 6719 6720 6721
f 6721 6720 6722
f 6721 6722 6723
f 6721 6723 6724
f 6724 6723 6725
f 6724 6725 6726
f 6726 6725 6727
f 6726 6727 6728
f 6726 6728 6729
f 6729 6728 6730
f 6729 6730 6731
f 6731 6730 6732
f 6731 6732 6733
f 6731 6733 6734
f 6734 6733 6735
f 6734 6735 6736
f 6736 6735 6737
f 6736 6737 6685
f 6736 6685 6684
f 6567 6685 6608
f 6608 6685 6737
f 6608 6737 6735
f 6608 6735 6605
f 6605 6735 6733
f 6605 6733 6604
f 6604 6733 6732
f 6604 6732 6602
f 6602 6732 6730
f 6602 6730 6603
f 6603 6730 6728
f 6603 6728 6600
f 6600 6728 6727
f 6600 6727 6725
f 6600 6725 6598
f 6598 6725 6723
f 6598 6723 6722
f 6598 6722 6597
f 6597 6722 6720
f 6597 6720 6595
f 6595 6720 6718
f 6595 6718 6592
f 6592 6718 6716
f 6592 6716 6594
f 6594 6716 6714
f 6594 6714 6583
f 6583 6714 6713
f 6583 6713 6711
f 6583 6711 6587
f 6587 6711 6710
f 6587 6710 6708
f 6587 6708 6586
f 6586 6708 6706
f 6586 6706 6585
f 6585 6706 6704
f 6585 6704 6578
f 6578 6704 6703
f 6578 6703 6580
f 6580 6703 6701
f 6580 6701 6581
f 6581 6701 6699
f 6581 6699 6698
f 6581 6698 6575
f 6575 6698 6696
f 6575 6696 6694
f 6575 6694 6576
f 6576 6694 6693
f 6576 6693 6572
f 6572 6693 6691
f 6572 6691 6571
f 6571 6691 6689
f 6571 6689 6570
f 6570 6689 6687
f 6570 6687 6567
f 6567 6687 6686
f 6567 6686 6685
f 6738 6739 6740
f 6740 6739 6741
f 6742 6743 6744
f 6740 6741 6742
f 6742 6741 6743
f 6745 6746 6747
f 6745 6747 6748
f 6749 6746 6745
f 6749 6750 6746
f 6738 6751 6739
f 6752 6753 6754
f 6754 6753 6755
f 6756 6757 6758
f 6738 6759 6751
f 6760 6761 6762
f 6757 6756 6762
f 6762 6756 6760
f 6758 6763 6756
f 6764 6765 6738
f 6738 6765 6759
f 6766 6752 6767
f 6768 6769 6758
f 6758 6769 6763
f 6754 6755 6770
f 6754 6770 6771
f 6771 6770 6772
f 6771 6772 6773
f 6773 6772 6765
f 6773 6765 6764
f 6762 6761 6753
f 6749 6774 6750
f 6749 6744 6774
f 6775 6742 6744
f 6775 6744 6749
f 6766 6776 6742
f 6767 6776 6766
f 6766 6762 6752
f 6752 6762 6753
f 6742 6775 6766
f 6748 6747 6777
f 6748 6777 6778
f 6778 6777 6779
f 6778 6779 6780
f 6778 6780 6768
f 6768 6780 6781
f 6768 6781 6769
f 6712 6782 6783
f 6782 6712 6784
f 6784 6712 6715
f 6784 6715 6785
f 6717 6786 6715
f 6715 6786 6785
f 6717 6787 6786
f 6717 6788 6787
f 6788 6717 6719
f 6788 6719 6789
f 6721 6790 6719
f 6719 6790 6789
f 6721 6791 6790
f 6791 6721 6792
f 6792 6721 6724
f 6792 6724 6793
f 6726 6794 6724
f 6724 6794 6793
f 6726 6795 6796
f 6726 6796 6794
f 6795 6726 6729
f 6795 6729 6797
f 6797 6729 6798
f 6731 6798 6729
f 6731 6799 6798
f 6731 6800 6799
f 6800 6731 6734
f 6800 6734 6801
f 6736 6802 6734
f 6734 6802 6801
f 6736 6803 6802
f 6803 6736 6804
f 6804 6736 6684
f 6804 6684 6805
f 6688 6805 6684
f 6688 6806 6805
f 6688 6807 6806
f 6807 6688 6690
f 6807 6690 6808
f 6692 6809 6690
f 6690 6809 6808
f 6692 6810 6811
f 6692 6811 6809
f 6810 6692 6695
f 6810 6695 6812
f 6697 6813 6695
f 6695 6813 6812
f 6697 6814 6813
f 6697 6815 6814
f 6815 6697 6700
f 6815 6700 6816
f 6816 6700 6817
f 6702 6817 6700
f 6702 6818 6817
f 6702 6819 6818
f 6819 6702 6820
f 6820 6702 6705
f 6820 6705 6821
f 6707 6822 6705
f 6705 6822 6821
f 6707 6823 6822
f 6823 6707 6824
f 6824 6707 6709
f 6824 6709 6825
f 6783 6825 6712
f 6712 6825 6709
f 5989 6826 5988
f 5988 6826 5987
f 5987 6826 5986
f 5986 6826 5983
f 5983 6826 5982
f 5982 6826 6827
f 5982 6827 5981
f 5981 6827 5996
f 5996 6827 5985
f 5985 6827 5984
f 5984 6827 6014
f 6014 6827 6828
f 6014 6828 6013
f 6013 6828 6012
f 6012 6828 6004
f 6004 6828 6003
f 6003 6828 6008
f 6008 6828 6829
f 6008 6829 5992
f 5992 6829 5994
f 5994 6829 5995
f 5995 6829 6001
f 6001 6829 6830
f 6001 6830 6000
f 6000 6830 5998
f 5998 6830 5997
f 5997 6830 6007
f 6007 6830 6006
f 6006 6830 6005
f 6005 6830 6831
f 6005 6831 6009
f 6009 6831 6011
f 6011 6831 6020
f 6020 6831 6019
f 6019 6831 6832
f 6019 6832 6018
f 6018 6832 6017
f 6017 6832 6016
f 6016 6832 6015
f 6015 6832 5991
f 5991 6832 6826
f 5991 6826 5990
f 5990 6826 5989
f 5947 6833 5946
f 5946 6833 5945
f 5945 6833 5944
f 5944 6833 5943
f 5943 6833 5942
f 5942 6833 5956
f 5956 6833 5955
f 5955 6833 6834
f 5955 6834 5954
f 5954 6834 5845
f 5845 6834 5844
f 5844 6834 5963
f 5963 6834 5962
f 5962 6834 5961
f 5961 6834 5969
f 5969 6834 6835
f 5969 6835 5968
f 5968 6835 5967
f 5967 6835 5966
f 5966 6835 5953
f 5953 6835 6836
f 5953 6836 5952
f 5952 6836 5951
f 5951 6836 5950
f 5950 6836 5949
f 5949 6836 5948
f 5948 6836 5965
f 5965 6836 5964
f 5964 6836 6837
f 5964 6837 5958
f 5958 6837 5957
f 5957 6837 5978
f 5978 6837 5977
f 5977 6837 6838
f 5977 6838 5976
f 5976 6838 5975
f 5975 6838 5974
f 5974 6838 5973
f 5973 6838 5972
f 5972 6838 5971
f 5971 6838 5947
f 5947 6838 6833
f 6085 6839 6074
f 6074 6839 6073
f 6073 6839 6072
f 6072 6839 6063
f 6063 6839 6840
f 6063 6840 6062
f 6062 6840 6061
f 6061 6840 6057
f 6057 6840 6841
f 6057 6841 6056
f 6056 6841 6060
f 6060 6841 6066
f 6066 6841 6065
f 6065 6841 6064
f 6064 6841 6083
f 6083 6841 6842
f 6083 6842 6082
f 6082 6842 6081
f 6081 6842 6091
f 6091 6842 6090
f 6090 6842 6089
f 6089 6842 6088
f 6088 6842 6087
f 6087 6842 6843
f 6087 6843 6086
f 6086 6843 6071
f 6071 6843 6070
f 6070 6843 6080
f 6080 6843 6844
f 6080 6844 6079
f 6079 6844 6078
f 6078 6844 6059
f 6059 6844 6058
f 6058 6844 6077
f 6077 6844 6845
f 6077 6845 6076
f 6076 6845 6075
f 6075 6845 6069
f 6069 6845 6068
f 6068 6845 6067
f 6067 6845 6839
f 6067 6839 6084
f 6084 6839 6085
f 5908 6846 5907
f 5907 6846 6847
f 5907 6847 5906
f 5906 6847 5904
f 5904 6847 5903
f 5903 6847 5902
f 5902 6847 5901
f 5901 6847 5899
f 5899 6847 6848
f 5899 6848 5898
f 5898 6848 5922
f 5922 6848 5921
f 5921 6848 5920
f 5920 6848 6849
f 5920 6849 5919
f 5919 6849 5918
f 5918 6849 5917
f 5917 6849 5916
f 5916 6849 5909
f 5909 6849 6850
f 5909 6850 5910
f 5910 6850 5911
f 5911 6850 5915
f 5915 6850 5914
f 5914 6850 5913
f 5913 6850 5897
f 5897 6850 5896
f 5896 6850 6851
f 5896 6851 5912
f 5912 6851 5930
f 5930 6851 5929
f 5929 6851 5928
f 5928 6851 5927
f 5927 6851 6852
f 5927 6852 5934
f 5934 6852 5933
f 5933 6852 5932
f 5932 6852 5931
f 5931 6852 5926
f 5926 6852 6846
f 5926 6846 5924
f 5924 6846 5923
f 5923 6846 5908
f 5856 6853 5855
f 5855 6853 5884
f 5884 6853 5883
f 5883 6853 5882
f 5882 6853 5854
f 5854 6853 5853
f 5853 6853 5858
f 5858 6853 6854
f 5858 6854 5859
f 5859 6854 5860
f 5860 6854 5881
f 5881 6854 5880
f 5880 6854 6855
f 5880 6855 5879
f 5879 6855 5871
f 5871 6855 5870
f 5870 6855 5878
f 5878 6855 5877
f 5877 6855 5876
f 5876 6855 5865
f 5865 6855 6856
f 5865 6856 5864
f 5864 6856 5863
f 5863 6856 5862
f 5862 6856 5861
f 5861 6856 5872
f 5872 6856 5874
f 5874 6856 5875
f 5875 6856 6857
f 5875 6857 5890
f 5890 6857 5868
f 5868 6857 5867
f 5867 6857 5893
f 5893 6857 5892
f 5892 6857 5891
f 5891 6857 5889
f 5889 6857 6858
f 5889 6858 5888
f 5888 6858 5886
f 5886 6858 5885
f 5885 6858 5856
f 5856 6858 6853
f 6048 6859 6047
f 6047 6859 6046
f 6046 6859 6860
f 6046 6860 6045
f 6045 6860 6024
f 6024 6860 6023
f 6023 6860 6027
f 6027 6860 6861
f 6027 6861 6026
f 6026 6861 6025
f 6025 6861 5843
f 5843 6861 5842
f 5842 6861 6041
f 6041 6861 6862
f 6041 6862 6040
f 6040 6862 6044
f 6044 6862 6043
f 6043 6862 6042
f 6042 6862 6055
f 6055 6862 6863
f 6055 6863 6054
f 6054 6863 6053
f 6053 6863 6052
f 6052 6863 6051
f 6051 6863 6039
f 6039 6863 6038
f 6038 6863 6864
f 6038 6864 6037
f 6037 6864 6030
f 6030 6864 6029
f 6029 6864 6865
f 6029 6865 6028
f 6028 6865 6022
f 6022 6865 6036
f 6036 6865 6035
f 6035 6865 6034
f 6034 6865 6033
f 6033 6865 6859
f 6033 6859 6032
f 6032 6859 6031
f 6031 6859 6050
f 6050 6859 6049
f 6049 6859 6048
f 6855 6866 6856
f 6856 6866 6867
f 6856 6867 6868
f 6856 6868 6869
f 6856 6869 6857
f 6857 6869 6870
f 6857 6870 6871
f 6857 6871 6858
f 6858 6871 6853
f 6853 6871 6872
f 6853 6872 6873
f 6853 6873 6874
f 6853 6874 6854
f 6854 6874 6875
f 6854 6875 6855
f 6855 6875 6866
f 6861 6876 6877
f 6861 6877 6878
f 6861 6878 6862
f 6862 6878 6879
f 6862 6879 6863
f 6863 6879 6880
f 6863 6880 6881
f 6863 6881 6864
f 6864 6881 6882
f 6864 6882 6865
f 6865 6882 6883
f 6865 6883 6884
f 6865 6884 6859
f 6859 6884 6885
f 6859 6885 6886
f 6859 6886 6860
f 6860 6886 6876
f 6860 6876 6861
f 6826 6887 6888
f 6826 6888 6827
f 6827 6888 6889
f 6827 6889 6828
f 6828 6889 6890
f 6828 6890 6829
f 6829 6890 6891
f 6829 6891 6830
f 6830 6891 6892
f 6830 6892 6831
f 6831 6892 6893
f 6831 6893 6832
f 6832 6893 6894
f 6832 6894 6895
f 6832 6895 6826
f 6826 6895 6887
f 6838 6896 6833
f 6833 6896 6897
f 6833 6897 6898
f 6833 6898 6899
f 6833 6899 6834
f 6834 6899 6900
f 6834 6900 6901
f 6834 6901 6835
f 6835 6901 6836
f 6836 6901 6902
f 6836 6902 6903
f 6836 6903 6904
f 6836 6904 6837
f 6837 6904 6905
f 6837 6905 6838
f 6838 6905 6896
f 6850 6906 6907
f 6850 6907 6851
f 6851 6907 6908
f 6851 6908 6852
f 6852 6908 6909
f 6852 6909 6846
f 6846 6909 6910
f 6846 6910 6847
f 6847 6910 6911
f 6847 6911 6848
f 6848 6911 6912
f 6848 6912 6849
f 6849 6912 6913
f 6849 6913 6914
f 6849 6914 6850
f 6850 6914 6906
f 6844 6915 6916
f 6844 6916 6917
f 6844 6917 6845
f 6845 6917 6918
f 6845 6918 6839
f 6839 6918 6919
f 6839 6919 6920
f 6839 6920 6840
f 6840 6920 6921
f 6840 6921 6841
f 6841 6921 6922
f 6841 6922 6923
f 6841 6923 6842
f 6842 6923 6924
f 6842 6924 6925
f 6842 6925 6843
f 6843 6925 6915
f 6843 6915 6844
f 6451 6463 6679
f 6679 6463 6461
f 6679 6461 6677
f 6677 6461 6459
f 6672 6458 6475
f 6672 6475 6669
f 6669 6475 6473
f 6669 6473 6667
f 6667 6473 6471
f 6667 6471 6664
f 6664 6471 6486
f 6486 6484 6661
f 6661 6484 6482
f 6661 6482 6658
f 6658 6482 6442
f 6442 6440 6653
f 6653 6440 6438
f 6648 6436 6481
f 6648 6481 6646
f 6646 6481 6479
f 6646 6479 6643
f 6643 6479 6477
f 6643 6477 6640
f 6640 6477 6476
f 6476 6448 6636
f 6636 6448 6446
f 6636 6446 6633
f 6633 6446 6444
f 6633 6444 6631
f 6631 6444 6469
f 6626 6467 6465
f 6626 6465 6623
f 6623 6465 6464
f 6623 6464 6619
f 6619 6464 6455
f 6619 6455 6620
f 6620 6455 6453
f 6926 6866 6927
f 6866 6926 6928
f 6928 6926 6929
f 6928 6929 6930
f 6929 6926 6931
f 6929 6931 6930
f 6931 6502 6930
f 6877 6932 6933
f 6877 6934 6878
f 6934 6877 6935
f 6936 6528 6521
f 6877 6933 6935
f 6935 6933 6937
f 6935 6937 6936
f 6936 6937 6528
f 6887 6895 6938
f 6939 6940 6941
f 6941 6940 6942
f 6942 6940 6537
f 6942 6537 6526
f 6887 6938 6939
f 6939 6938 6940
f 6940 6938 6943
f 6940 6943 6537
f 6944 6945 6946
f 6944 6946 6947
f 6945 6896 6948
f 6945 6948 6946
f 6946 6552 6947
f 6947 6552 6544
f 6949 6948 6896
f 6916 6950 6951
f 6916 6952 6917
f 6952 6916 6953
f 6952 6953 6954
f 6954 6953 6562
f 6916 6951 6953
f 6953 6951 6955
f 6953 6955 6562
f 6562 6955 6492
f 6956 6957 6958
f 6956 6512 6957
f 6959 6927 6875
f 6959 6875 6960
f 6959 6960 6874
f 6874 6873 6961
f 6961 6873 6872
f 6961 6872 6962
f 6963 6962 6871
f 6963 6871 6870
f 6963 6870 6964
f 6964 6870 6869
f 6964 6869 6965
f 6965 6869 6868
f 6965 6868 6966
f 6867 6866 6928
f 6967 6926 6927
f 6967 6927 6959
f 6968 6959 6874
f 6968 6874 6961
f 6969 6961 6962
f 6969 6962 6958
f 6958 6962 6963
f 6964 6965 6970
f 6970 6965 6966
f 6966 6867 6928
f 6931 6926 6967
f 6868 6867 6966
f 6966 6928 6971
f 6971 6928 6930
f 6967 6959 6972
f 6972 6959 6968
f 6968 6961 6969
f 6958 6963 6956
f 6956 6963 6964
f 6956 6964 6973
f 6973 6964 6970
f 6970 6966 6971
f 6958 6957 6969
f 6969 6957 6518
f 6969 6518 6517
f 6969 6517 6968
f 6968 6517 6972
f 6967 6972 6931
f 6971 6930 6501
f 6971 6501 6970
f 6970 6501 6973
f 6973 6512 6956
f 6931 6972 6502
f 6973 6501 6512
f 6517 6523 6972
f 6972 6523 6502
f 6930 6502 6501
f 6974 6514 6975
f 6975 6514 6976
f 6932 6876 6977
f 6977 6876 6886
f 6977 6886 6978
f 6978 6886 6885
f 6978 6885 6979
f 6979 6885 6884
f 6979 6884 6980
f 6981 6883 6882
f 6981 6882 6881
f 6982 6881 6880
f 6982 6880 6983
f 6879 6878 6934
f 6933 6932 6984
f 6984 6932 6977
f 6975 6979 6980
f 6975 6980 6883
f 6975 6883 6981
f 6974 6981 6881
f 6974 6881 6985
f 6985 6881 6982
f 6983 6879 6934
f 6983 6934 6935
f 6984 6937 6933
f 6529 6984 6977
f 6529 6977 6986
f 6986 6977 6978
f 6986 6978 6979
f 6986 6979 6975
f 6975 6981 6974
f 6985 6982 6987
f 6987 6982 6983
f 6987 6983 6936
f 6936 6983 6935
f 6880 6879 6983
f 6975 6976 6986
f 6984 6529 6528
f 6984 6528 6937
f 6985 6515 6514
f 6985 6514 6974
f 6986 6976 6531
f 6986 6531 6529
f 6987 6936 6515
f 6987 6515 6985
f 6936 6521 6515
f 6988 6536 6989
f 6938 6895 6990
f 6990 6895 6991
f 6991 6894 6992
f 6992 6894 6893
f 6992 6893 6993
f 6993 6893 6892
f 6993 6892 6994
f 6994 6892 6995
f 6995 6892 6996
f 6995 6996 6891
f 6995 6891 6997
f 6997 6891 6998
f 6998 6891 6999
f 6998 6999 6890
f 6998 6890 7000
f 7000 6890 7001
f 7001 6890 6889
f 6889 6888 6941
f 6941 6888 6939
f 7002 6990 6991
f 7002 6991 7003
f 7003 6991 6992
f 7004 6889 6941
f 6943 6938 6990
f 6943 6990 7002
f 7003 6992 6993
f 7003 6993 7005
f 7005 6993 6989
f 6989 6993 6994
f 6989 6994 6988
f 6988 6994 6995
f 6988 6995 6997
f 6988 6997 6998
f 6525 6998 7000
f 6525 7000 7006
f 7006 7000 7001
f 7001 7004 6942
f 6942 7004 6941
f 7001 6889 7004
f 6989 6550 7005
f 7005 6550 7003
f 7003 6547 7002
f 7002 6547 6943
f 6943 6547 6537
f 6942 6526 7001
f 7001 6526 7006
f 6998 6525 6536
f 6998 6536 6988
f 7003 6550 6547
f 7006 6526 6525
f 7007 6540 7008
f 7009 6949 6905
f 7009 6905 7010
f 7011 7010 6904
f 7011 6904 6903
f 7011 6903 7012
f 7012 6903 6902
f 7012 6902 7013
f 7013 6902 7014
f 7014 6901 7015
f 7015 6901 6900
f 7015 6900 7016
f 7016 6900 6899
f 7016 6899 7017
f 7017 6899 6898
f 7017 6898 7018
f 6897 6945 6944
f 7009 6948 6949
f 7019 7009 7010
f 7019 7010 7011
f 7013 7014 7007
f 7007 7014 7015
f 7020 7017 7018
f 7018 6897 6944
f 6898 6897 7018
f 7018 6944 7021
f 7021 6944 6947
f 6948 7009 6553
f 6553 7009 7019
f 7012 7013 7008
f 7008 7013 7007
f 7022 7015 7016
f 7022 7016 7017
f 7022 7017 6541
f 6541 7017 7020
f 7020 7018 7021
f 7008 6565 7012
f 7012 6565 6563
f 7012 6563 7011
f 7011 6563 7019
f 7019 6563 6553
f 6553 6946 6948
f 7021 6947 6545
f 7021 6545 7020
f 7020 6545 6541
f 7022 6540 7015
f 7015 6540 7007
f 6946 6553 6552
f 7022 6541 6540
f 6947 6544 6545
f 6499 7023 6557
f 6950 6915 7024
f 7024 6915 6925
f 7024 6925 7025
f 7025 6925 6924
f 7025 6924 7026
f 7026 6924 6923
f 7026 6923 7027
f 7028 6922 6921
f 7028 6921 7029
f 7029 6921 6920
f 7029 6920 7030
f 7030 6920 6919
f 7030 6919 7031
f 6918 6917 6952
f 6951 6950 7032
f 7032 6950 7024
f 7024 7025 7033
f 7033 7025 7026
f 7023 7026 7027
f 7023 7027 6922
f 7023 6922 7028
f 7034 7028 7029
f 7031 6918 6952
f 7031 6952 6954
f 7032 6955 6951
f 6493 7032 7024
f 6493 7024 7033
f 6495 7033 7026
f 6495 7026 7023
f 7023 7028 6557
f 6557 7028 7034
f 6555 7034 7029
f 6555 7029 7035
f 7035 7029 7030
f 7035 7030 7031
f 7035 7031 6954
f 6919 6918 7031
f 7023 6499 6495
f 7032 6493 6492
f 7032 6492 6955
f 7034 6555 6557
f 7033 6495 6493
f 7035 6954 6561
f 7035 6561 6555
f 6954 6562 6561
f 7036 6499 6557
f 6655 6654 7037
f 6655 7037 7038
f 6655 7038 6656
f 6656 7038 6657
f 6657 7038 7039
f 6657 7039 6659
f 6660 7040 6662
f 6663 6662 7041
f 6668 6666 7042
f 6668 7042 6670
f 6670 7043 6671
f 6676 7044 6678
f 6678 7044 7045
f 6678 7045 6680
f 6680 7045 7046
f 6680 7046 6681
f 6683 6682 7047
f 6683 7047 7048
f 6683 7048 6618
f 6621 6618 7049
f 6624 6622 7050
f 6624 7050 7051
f 6624 7051 6625
f 6629 6628 7052
f 6629 7052 6630
f 6632 6630 7053
f 6632 7053 6634
f 6635 6634 7054
f 6635 7054 7055
f 6635 7055 6637
f 6637 7055 6638
f 6638 7036 6639
f 6641 6639 7056
f 6641 7056 6642
f 6644 6642 7057
f 6644 7057 6645
f 6645 7058 6647
f 6647 7058 7059
f 6647 7059 6649
f 6652 6651 7060
f 6652 7060 6654
f 6660 6659 7040
f 6663 7041 6665
f 6665 7041 7061
f 6665 7061 6666
f 6670 7042 7043
f 6671 7043 7062
f 6671 7062 6674
f 6673 6674 7063
f 6673 7063 7064
f 6673 7064 6675
f 6675 7064 7065
f 6675 7065 6676
f 6676 7065 7044
f 6681 7046 7066
f 6681 7066 6682
f 6682 7066 7047
f 6621 7049 7050
f 6621 7050 6622
f 6627 6625 7067
f 6627 7067 6628
f 6628 7067 7052
f 6638 7055 7036
f 6650 6649 7068
f 6650 7068 6651
f 6662 7040 6535
f 6662 6535 7041
f 6666 7061 7069
f 6666 7069 7042
f 6674 7062 7063
f 6618 7048 7049
f 6625 7051 7070
f 6625 7070 7067
f 6630 7052 7071
f 6630 7071 7053
f 6634 7053 7054
f 6639 7036 7056
f 6645 7057 6564
f 6645 6564 7058
f 6649 7059 6539
f 6649 6539 7068
f 6651 7068 7060
f 6654 7060 7037
f 7037 6551 7038
f 7038 6551 6549
f 7038 6549 7039
f 7039 6549 6550
f 7039 6550 6659
f 6659 6550 6989
f 6659 6989 7040
f 7040 6989 6536
f 7040 6536 6535
f 7061 7041 6534
f 7061 6534 7069
f 7042 7069 6532
f 7042 6532 7043
f 7043 6532 6976
f 7043 6976 6514
f 7043 6514 7062
f 7062 6514 6513
f 7062 6513 7063
f 7063 6524 7064
f 7065 7064 6516
f 7065 6516 7044
f 7044 6516 6518
f 7044 6518 7045
f 7045 6518 6957
f 7045 6957 7046
f 7046 6957 6512
f 7046 6512 7066
f 7066 6512 6511
f 7066 6511 7047
f 7047 6511 7048
f 7049 6505 7050
f 7050 6505 6504
f 7050 6504 7051
f 7051 6504 7072
f 7051 7072 7070
f 7067 7070 6490
f 7067 6490 7052
f 7052 6490 6497
f 7052 6497 7071
f 7053 7071 6498
f 7053 6498 7054
f 7054 6499 7055
f 7055 6499 7036
f 7036 6556 7056
f 7056 6556 6642
f 6642 6556 6558
f 6642 6558 7057
f 7057 6558 6564
f 7058 6564 6565
f 7058 6565 7059
f 7059 6565 7008
f 7059 7008 6540
f 7059 6540 6539
f 7068 6539 7060
f 7060 6548 7037
f 7048 6506 7049
f 7063 6513 6524
f 7064 6524 6516
f 7069 6534 6532
f 7060 6539 6548
f 7036 6557 6556
f 7070 6491 6490
f 7071 6497 6498
f 7054 6498 6499
f 6511 6506 7048
f 7049 6506 6505
f 7041 6535 6534
f 6548 6551 7037
f 6976 6532 6531
f 7073 7074 7075
f 6908 6907 7073
f 7076 6906 6914
f 7077 7070 7072
f 7076 6914 7078
f 7078 6914 7079
f 7079 6913 7080
f 7080 6913 6912
f 7080 6912 7081
f 7081 6912 7082
f 7082 6911 7083
f 7083 6911 7084
f 7083 7084 6910
f 7085 6910 7086
f 7085 7086 6909
f 7085 6909 7087
f 7087 6909 6908
f 6907 7074 7073
f 7088 7078 7079
f 7088 7079 7089
f 7089 7079 7080
f 7081 7082 7077
f 7077 7082 7083
f 7090 7083 6910
f 7090 6910 7085
f 7091 7087 7073
f 7091 7073 7075
f 7092 7076 7078
f 7092 7078 7088
f 7089 7080 7081
f 7089 7081 7093
f 7093 7081 7072
f 7072 7081 7077
f 7077 7083 7090
f 6488 7090 7085
f 6488 7085 7087
f 6488 7087 7094
f 7094 7087 7091
f 7087 6908 7073
f 7091 7075 7095
f 7093 7072 6504
f 7093 6504 7089
f 7089 6503 7088
f 7088 6503 6510
f 7088 6510 7092
f 7091 7095 6489
f 7091 6489 7094
f 7090 6488 6491
f 7090 6491 7070
f 7090 7070 7077
f 7089 6504 6503
f 7094 6489 6488
f 6510 6489 7095
f 7075 7074 7076
f 7074 6906 7076
f 7075 7076 7092
f 7095 7075 7092
f 7095 7092 6510
f 6798 6769 6797
f 6793 6794 6779
f 6791 6792 6777
f 6782 6784 6744
f 6822 6751 6821
f 6810 6812 6770
f 6803 6804 7096
f 6803 7096 6802
f 6799 6800 6763
f 6798 6799 6769
f 6795 6781 6796
f 6796 6781 6780
f 6796 6780 6794
f 6793 6779 6792
f 6791 6777 6790
f 6790 6777 6747
f 6790 6747 6789
f 6788 6789 6746
f 6785 6786 6774
f 6785 6774 6784
f 6782 6744 6783
f 6825 6783 6743
f 6825 6743 6824
f 6823 6824 6739
f 6823 6739 6822
f 6818 6819 7097
f 6818 7097 6817
f 6814 6815 6772
f 6808 6809 6753
f 6801 6802 6756
f 6800 6801 6763
f 6795 6797 6781
f 6794 6780 6779
f 6789 6747 6746
f 6787 6788 6750
f 6786 6787 6774
f 6822 6739 6751
f 6821 6751 6820
f 6819 6820 6759
f 6819 6759 7097
f 6816 6817 6765
f 6816 6765 6815
f 6813 6814 6772
f 6813 6772 6812
f 6810 6770 6811
f 6808 6753 6807
f 6807 6761 6806
f 6806 6761 6805
f 6805 6760 6804
f 6804 6760 7096
f 6802 7096 6756
f 6801 6756 6763
f 6799 6763 6769
f 6797 6769 6781
f 6792 6779 6777
f 6788 6746 6750
f 6787 6750 6774
f 6784 6774 6744
f 6783 6744 6743
f 6824 6743 6741
f 6824 6741 6739
f 6820 6751 6759
f 6817 7097 6765
f 6812 6772 6770
f 6811 6770 6755
f 6811 6755 6809
f 6809 6755 6753
f 6807 6753 6761
f 6805 6761 6760
f 7096 6760 6756
f 7097 6759 6765
f 6815 6765 6772
f 7098 7099 7100
f 7100 7099 7101
f 7100 7101 7102
f 7100 7102 7103
f 7103 7102 7104
f 7103 7104 7105
f 7105 7104 7106
f 7105 7106 7107
f 7107 7106 7108
f 7107 7108 7109
f 7109 7108 7110
f 7109 7110 7111
f 7111 7110 7112
f 7111 7112 7113
f 7111 7113 7114
f 7114 7113 7115
f 7114 7115 7116
f 7116 7115 7117
f 7116 7117 7118
f 7116 7118 7119
f 7119 7118 7120
f 7119 7120 7121
f 7121 7120 7122
f 7121 7122 7123
f 7123 7122 7124
f 7123 7124 7125
f 7125 7124 7126
f 7125 7126 7127
f 7125 7127 7128
f 7128 7127 7129
f 7128 7129 7130
f 7128 7130 7131
f 7131 7130 7132
f 7131 7132 7133
f 7133 7132 7134
f 7133 7134 7135
f 7135 7134 7136
f 7135 7136 7137
f 7137 7136 7138
f 7137 7138 7139
f 7137 7139 7140
f 7140 7139 7141
f 7140 7141 7142
f 7140 7142 7143
f 7143 7142 7144
f 7143 7144 7098
f 7098 7144 7145
f 7098 7145 7099
f 6454 7127 6452
f 6452 7127 7126
f 6452 7126 7124
f 6452 7124 6450
f 6450 7124 7122
f 6450 7122 6462
f 6462 7122 7120
f 6462 7120 6460
f 6460 7120 7118
f 6460 7118 6457
f 6457 7118 7117
f 6457 7117 6474
f 6474 7117 7115
f 6474 7115 6472
f 6472 7115 7113
f 6472 7113 7112
f 6472 7112 6470
f 6470 7112 7110
f 6470 7110 6485
f 6485 7110 7108
f 6485 7108 6483
f 6483 7108 7106
f 6483 7106 6441
f 6441 7106 7104
f 6441 7104 6439
f 6439 7104 7102
f 6439 7102 6437
f 6437 7102 7101
f 6437 7101 7099
f 6437 7099 6435
f 6435 7099 7145
f 6435 7145 6480
f 6480 7145 7144
f 6480 7144 6478
f 6478 7144 7142
f 6478 7142 6449
f 6449 7142 7141
f 6449 7141 6447
f 6447 7141 7139
f 6447 7139 6445
f 6445 7139 7138
f 6445 7138 7136
f 6445 7136 6443
f 6443 7136 7134
f 6443 7134 6468
f 6468 7134 7132
f 6468 7132 6466
f 6466 7132 7130
f 6466 7130 6456
f 6456 7130 7129
f 6456 7129 6454
f 6454 7129 7127
f 7146 7147 7148
f 7148 7147 7149
f 7150 7151 7152
f 7150 7152 7153
f 7154 7155 7156
f 7157 7158 7159
f 7158 7157 7160
f 7160 7157 7161
f 7153 7152 7159
f 7153 7159 7158
f 7162 7163 7164
f 7164 7163 7165
f 7164 7165 7166
f 7167 7168 7162
f 7162 7168 7163
f 7155 7154 7169
f 7155 7169 7170
f 7171 7172 7156
f 7156 7172 7154
f 7160 7161 7173
f 7174 7162 7175
f 7174 7175 7176
f 7176 7175 7177
f 7148 7177 7178
f 7172 7171 7179
f 7162 7174 7167
f 7167 7174 7180
f 7167 7180 7151
f 7148 7149 7177
f 7177 7149 7176
f 7179 7171 7164
f 7179 7164 7166
f 7173 7161 7147
f 7147 7146 7181
f 7147 7181 7173
f 7151 7150 7167
f 7182 7183 7178
f 7178 7183 7148
f 7184 7182 7170
f 7184 7170 7169
f 7182 7184 7185
f 7182 7185 7183
f 7163 7186 7165
f 7165 7186 7187
f 7165 7187 7166
f 7166 7187 7188
f 7166 7188 7189
f 7166 7189 7179
f 7179 7189 7190
f 7179 7190 7172
f 7172 7190 7191
f 7172 7191 7154
f 7154 7191 7192
f 7154 7192 7169
f 7169 7192 7193
f 7169 7193 7184
f 7184 7193 7194
f 7184 7194 7195
f 7184 7195 7185
f 7185 7195 7196
f 7185 7196 7183
f 7183 7196 7197
f 7183 7197 7148
f 7148 7197 7198
f 7148 7198 7199
f 7148 7199 7146
f 7146 7199 7200
f 7146 7200 7181
f 7181 7200 7201
f 7181 7201 7202
f 7181 7202 7173
f 7173 7202 7203
f 7173 7203 7160
f 7160 7203 7204
f 7160 7204 7158
f 7158 7204 7205
f 7158 7205 7153
f 7153 7205 7206
f 7153 7206 7150
f 7150 7206 7207
f 7150 7207 7208
f 7150 7208 7167
f 7167 7208 7209
f 7167 7209 7168
f 7168 7209 7210
f 7168 7210 7163
f 7163 7210 7211
f 7163 7211 7186
f 7211 7212 7186
f 7186 7212 7213
f 7186 7213 7187
f 7187 7213 7188
f 7188 7213 7214
f 7188 7214 7189
f 7189 7214 7215
f 7189 7215 7190
f 7190 7215 7216
f 7190 7216 7191
f 7191 7216 7192
f 7192 7216 7217
f 7192 7217 7193
f 7193 7217 7218
f 7193 7218 7194
f 7194 7218 7219
f 7194 7219 7195
f 7195 7219 7220
f 7195 7220 7196
f 7196 7220 7221
f 7196 7221 7197
f 7197 7221 7222
f 7197 7222 7198
f 7198 7222 7199
f 7199 7222 7223
f 7199 7223 7200
f 7200 7223 7201
f 7201 7223 7224
f 7201 7224 7202
f 7202 7224 7225
f 7202 7225 7203
f 7203 7225 7226
f 7203 7226 7204
f 7204 7226 7205
f 7205 7226 7227
f 7205 7227 7206
f 7206 7227 7228
f 7206 7228 7207
f 7207 7228 7229
f 7207 7229 7208
f 7208 7229 7230
f 7208 7230 7209
f 7209 7230 7231
f 7209 7231 7210
f 7210 7231 7212
f 7210 7212 7211
f 7212 7232 7213
f 7213 7232 7233
f 7213 7233 7234
f 7213 7234 7214
f 7214 7234 7235
f 7214 7235 7215
f 7215 7235 7236
f 7215 7236 7216
f 7216 7236 7237
f 7216 7237 7238
f 7216 7238 7217
f 7217 7238 7239
f 7217 7239 7218
f 7218 7239 7240
f 7218 7240 7219
f 7219 7240 7241
f 7219 7241 7242
f 7219 7242 7220
f 7220 7242 7243
f 7220 7243 7221
f 7221 7243 7244
f 7221 7244 7222
f 7222 7244 7245
f 7222 7245 7246
f 7222 7246 7223
f 7223 7246 7247
f 7223 7247 7224
f 7224 7247 7248
f 7224 7248 7249
f 7224 7249 7225
f 7225 7249 7250
f 7225 7250 7226
f 7226 7250 7251
f 7226 7251 7252
f 7226 7252 7227
f 7227 7252 7253
f 7227 7253 7228
f 7228 7253 7254
f 7228 7254 7229
f 7229 7254 7255
f 7229 7255 7256
f 7229 7256 7230
f 7230 7256 7257
f 7230 7257 7231
f 7231 7257 7258
f 7231 7258 7212
f 7212 7258 7259
f 7212 7259 7232
f 7103 7232 7259
f 7103 7259 7100
f 7100 7259 7258
f 7100 7258 7098
f 7098 7258 7257
f 7098 7257 7256
f 7098 7256 7143
f 7143 7256 7255
f 7143 7255 7254
f 7143 7254 7140
f 7140 7254 7253
f 7140 7253 7252
f 7140 7252 7137
f 7137 7252 7260
f 7137 7260 7251
f 7137 7251 7135
f 7135 7251 7250
f 7135 7250 7249
f 7135 7249 7133
f 7133 7249 7248
f 7133 7248 7131
f 7131 7248 7247
f 7131 7247 7128
f 7128 7247 7246
f 7128 7246 7245
f 7128 7245 7125
f 7125 7245 7244
f 7125 7244 7261
f 7125 7261 7123
f 7123 7261 7243
f 7123 7243 7121
f 7121 7243 7242
f 7121 7242 7241
f 7121 7241 7119
f 7119 7241 7240
f 7119 7240 7116
f 7116 7240 7239
f 7116 7239 7238
f 7116 7238 7114
f 7114 7238 7237
f 7114 7237 7111
f 7111 7237 7236
f 7111 7236 7235
f 7111 7235 7109
f 7109 7235 7234
f 7109 7234 7107
f 7107 7234 7233
f 7107 7233 7105
f 7105 7233 7232
f 7105 7232 7103
f 7260 7252 7251
f 7261 7244 7243
f 6907 6906 7074
f 6911 7082 6912
f 6913 7079 6914
f 6909 7086 6910
f 6910 7084 6911
f 6916 6915 6950
f 6922 7027 6923
f 6871 6962 6872
f 6874 6960 6875
f 6875 6927 6866
f 6877 6876 6932
f 6883 6980 6884
f 6888 6887 6939
f 6894 6991 6895
f 6890 6999 6891
f 6891 6996 6892
f 6896 6945 6897
f 6901 7014 6902
f 6904 7010 6905
f 6905 6949 6896
f 6758 7164 7171
f 6758 7171 6768
f 6768 7171 6778
f 6778 7171 7156
f 6778 7156 6748
f 6748 7156 7155
f 6748 7155 7170
f 6748 7170 6745
f 6745 7170 6749
f 6749 7170 7182
f 6749 7182 6775
f 6775 7182 7178
f 6775 7178 7177
f 6775 7177 6766
f 6766 7177 7175
f 6766 7175 6762
f 6762 7175 7162
f 6762 7162 7164
f 6762 7164 6757
f 6757 7164 6758
f 6752 7151 6767
f 6767 7151 7180
f 6767 7180 7174
f 6767 7174 6776
f 6776 7174 7176
f 6776 7176 6742
f 6742 7176 7149
f 6742 7149 7147
f 6742 7147 6740
f 6740 7147 6738
f 6738 7147 7161
f 6738 7161 6764
f 6764 7161 6773
f 6773 7161 7157
f 6773 7157 6771
f 6771 7157 7159
f 6771 7159 7152
f 6771 7152 6754
f 6754 7152 6752
f 6752 7152 7151
f 7262 7263 7264
f 7265 7263 7266
f 7265 7267 7268
f 7263 7262 7266
f 7264 7263 7269
f 7265 7266 7270
f 7265 7270 7267
f 7271 7272 7273
f 7271 7273 7274
f 7264 7269 7271
f 7271 7269 7275
f 7271 7276 7272
f 7277 7278 7267
f 7271 7275 7276
f 7265 7268 7279
f 7272 7276 7279
f 7274 7280 7278
f 7274 7278 7277
f 7274 7273 7280
f 7281 7277 7267
f 7267 7270 7281
f 7279 7268 7272
f 7282 7283 7284
f 7284 7283 7285
f 7282 7286 7283
f 7287 7288 7289
f 7288 7290 7291
f 7292 7289 7284
f 7284 7289 7293
f 7288 7287 7294
f 7285 7295 7284
f 7292 7284 7295
f 7285 7296 7295
f 7289 7288 7293
f 7293 7288 7297
f 7288 7285 7298
f 7299 7300 7291
f 7300 7299 7301
f 7301 7299 7302
f 7288 7298 7290
f 7299 7291 7290
f 7301 7302 7282
f 7282 7302 7286
f 7288 7294 7285
f 7294 7296 7285
f 7303 7304 7305
f 7306 7307 7308
f 7309 7310 7311
f 7309 7311 7312
f 7313 7314 7315
f 7315 7314 7316
f 7317 7318 7319
f 7317 7319 7305
f 7320 7321 7322
f 7321 7320 7323
f 7324 7325 7326
f 7324 7326 7327
f 7327 7326 7328
f 7328 7326 7329
f 7328 7329 7330
f 7330 7329 7331
f 7330 7331 7332
f 7332 7331 7333
f 7332 7333 7334
f 7334 7333 7335
f 7334 7335 7336
f 7336 7335 7337
f 7336 7337 7338
f 7338 7337 7339
f 7338 7339 7340
f 7340 7339 7341
f 7340 7341 7342
f 7342 7341 7343
f 7342 7343 7344
f 7344 7343 7345
f 7344 7345 7346
f 7346 7345 7347
f 7346 7347 7348
f 7348 7347 7349
f 7348 7349 7350
f 7350 7349 7351
f 7350 7351 7352
f 7352 7351 7353
f 7352 7353 7354
f 7354 7353 7355
f 7356 7357 7358
f 7359 7303 7305
f 7360 7361 7325
f 7362 7363 7364
f 7318 7365 7324
f 7366 7360 7325
f 7324 7367 7368
f 7366 7325 7324
f 7368 7369 7324
f 7324 7369 7366
f 7365 7367 7324
f 7364 7363 7370
f 7364 7370 7371
f 7364 7371 7372
f 7372 7371 7373
f 7372 7373 7374
f 7374 7373 7375
f 7375 7373 7376
f 7375 7376 7377
f 7377 7376 7369
f 7377 7369 7368
f 7378 7379 7380
f 7378 7380 7363
f 7323 7381 7382
f 7382 7381 7379
f 7382 7379 7378
f 7383 7384 7385
f 7383 7385 7310
f 7383 7310 7309
f 7386 7314 7384
f 7386 7384 7383
f 7308 7387 7388
f 7389 7383 7309
f 7390 7391 7354
f 7392 7355 7357
f 7393 7394 7395
f 7355 7392 7396
f 7395 7394 7354
f 7312 7397 7398
f 7312 7398 7309
f 7309 7398 7389
f 7355 7396 7354
f 7393 7395 7399
f 7399 7395 7400
f 7399 7400 7401
f 7354 7394 7390
f 7354 7396 7395
f 7401 7400 7402
f 7401 7402 7403
f 7403 7402 7404
f 7403 7404 7312
f 7312 7404 7397
f 7314 7386 7405
f 7405 7316 7314
f 7406 7316 7405
f 7407 7391 7316
f 7354 7391 7407
f 7407 7316 7406
f 7407 7406 7408
f 7409 7410 7411
f 7324 7327 7411
f 7332 7334 7412
f 7413 7344 7346
f 7348 7350 7414
f 7352 7354 7407
f 7410 7324 7411
f 7411 7327 7328
f 7412 7334 7336
f 7415 7338 7340
f 7342 7344 7413
f 7414 7350 7352
f 7416 7328 7330
f 7336 7338 7415
f 7415 7340 7417
f 7417 7340 7342
f 7417 7342 7418
f 7418 7342 7413
f 7346 7348 7419
f 7414 7352 7420
f 7420 7352 7407
f 7411 7328 7416
f 7416 7330 7421
f 7421 7330 7332
f 7421 7332 7412
f 7413 7346 7419
f 7419 7348 7414
f 7408 7420 7407
f 7412 7336 7415
f 7415 7417 7418
f 7414 7420 7408
f 7318 7324 7410
f 7410 7319 7318
f 7409 7319 7410
f 7319 7422 7423
f 7305 7319 7423
f 7359 7305 7423
f 7422 7319 7409
f 7323 7382 7424
f 7424 7321 7323
f 7321 7424 7425
f 7321 7426 7322
f 7361 7322 7325
f 7426 7325 7322
f 7426 7321 7425
f 7426 7425 7427
f 7428 7333 7331
f 7326 7325 7426
f 7355 7353 7429
f 7429 7353 7430
f 7430 7353 7351
f 7351 7349 7431
f 7431 7349 7347
f 7432 7347 7345
f 7433 7345 7343
f 7433 7343 7434
f 7434 7343 7341
f 7337 7335 7435
f 7435 7335 7333
f 7435 7333 7428
f 7436 7331 7329
f 7436 7329 7437
f 7437 7329 7326
f 7341 7339 7438
f 7437 7326 7439
f 7439 7326 7426
f 7431 7347 7432
f 7432 7345 7433
f 7434 7341 7438
f 7438 7339 7337
f 7428 7331 7436
f 7430 7351 7431
f 7427 7439 7426
f 7438 7337 7435
f 7437 7439 7427
f 7431 7432 7433
f 7435 7428 7436
f 7355 7358 7357
f 7429 7358 7355
f 7440 7388 7387
f 7440 7387 7358
f 7440 7358 7429
f 7363 7362 7378
f 7378 7362 7359
f 7359 7362 7303
f 7382 7378 7359
f 7383 7389 7306
f 7383 7306 7388
f 7388 7306 7308
f 7386 7383 7388
f 7277 7281 7441
f 7277 7441 7442
f 7442 7441 7443
f 7442 7443 7444
f 7444 7443 7445
f 7444 7445 7446
f 7446 7445 7447
f 7446 7447 7448
f 7448 7447 7449
f 7448 7449 7450
f 7450 7449 7451
f 7450 7451 7452
f 7452 7451 7453
f 7452 7453 7454
f 7454 7453 7455
f 7454 7455 7456
f 7454 7456 7457
f 7457 7456 7458
f 7458 7456 7459
f 7458 7459 7460
f 7458 7460 7461
f 7461 7460 7462
f 7461 7462 7463
f 7463 7462 7464
f 7463 7464 7465
f 7465 7464 7466
f 7465 7466 7467
f 7467 7466 7468
f 7468 7466 7469
f 7468 7469 7470
f 7470 7469 7471
f 7470 7471 7472
f 7472 7471 7473
f 7472 7473 7474
f 7472 7474 7475
f 7475 7474 7476
f 7475 7476 7477
f 7477 7476 7478
f 7477 7478 7301
f 7301 7478 7300
f 7291 7300 7479
f 7479 7300 7478
f 7479 7478 7480
f 7480 7478 7476
f 7480 7476 7481
f 7481 7476 7474
f 7481 7474 7482
f 7482 7474 7473
f 7482 7473 7483
f 7483 7473 7471
f 7483 7471 7484
f 7484 7471 7469
f 7484 7469 7466
f 7484 7466 7485
f 7485 7466 7464
f 7485 7464 7486
f 7486 7464 7487
f 7487 7464 7462
f 7487 7462 7460
f 7487 7460 7488
f 7488 7460 7459
f 7488 7459 7489
f 7459 7456 7489
f 7445 7490 7447
f 7447 7490 7491
f 7447 7491 7449
f 7449 7491 7492
f 7449 7492 7451
f 7451 7492 7453
f 7453 7492 7493
f 7453 7493 7455
f 7455 7493 7494
f 7455 7494 7456
f 7456 7494 7489
f 7490 7445 7443
f 7490 7443 7495
f 7281 7270 7441
f 7441 7270 7495
f 7441 7495 7443
f 7270 7266 7495
f 7495 7266 7496
f 7495 7496 7497
f 7495 7497 7490
f 7490 7497 7498
f 7490 7498 7491
f 7491 7498 7499
f 7491 7499 7492
f 7492 7499 7500
f 7492 7500 7501
f 7492 7501 7493
f 7493 7501 7502
f 7493 7502 7494
f 7494 7502 7503
f 7494 7503 7489
f 7489 7503 7504
f 7489 7504 7505
f 7489 7505 7488
f 7488 7505 7506
f 7488 7506 7487
f 7487 7506 7507
f 7487 7507 7486
f 7486 7507 7508
f 7486 7508 7485
f 7485 7508 7509
f 7485 7509 7484
f 7484 7509 7510
f 7510 7509 7511
f 7510 7511 7483
f 7483 7511 7512
f 7483 7512 7482
f 7482 7512 7513
f 7482 7513 7481
f 7481 7513 7514
f 7481 7514 7480
f 7480 7514 7515
f 7480 7515 7479
f 7479 7515 7516
f 7479 7516 7291
f 7291 7516 7288
f 7483 7484 7510
f 7266 7262 7496
f 7496 7262 7517
f 7496 7517 7497
f 7497 7517 7518
f 7497 7518 7498
f 7498 7518 7519
f 7498 7519 7499
f 7499 7519 7500
f 7500 7519 7520
f 7500 7520 7501
f 7501 7520 7521
f 7501 7521 7502
f 7502 7521 7503
f 7503 7521 7522
f 7503 7522 7523
f 7503 7523 7504
f 7504 7523 7524
f 7504 7524 7505
f 7505 7524 7525
f 7505 7525 7506
f 7506 7525 7526
f 7506 7526 7507
f 7507 7526 7508
f 7526 7527 7508
f 7528 7514 7513
f 7528 7513 7529
f 7529 7513 7512
f 7529 7512 7530
f 7530 7512 7511
f 7530 7511 7531
f 7531 7511 7509
f 7531 7509 7532
f 7532 7509 7508
f 7532 7508 7527
f 7528 7533 7514
f 7514 7533 7515
f 7297 7288 7534
f 7534 7288 7516
f 7534 7516 7533
f 7533 7516 7515
f 7262 7264 7517
f 7517 7264 7535
f 7517 7535 7536
f 7517 7536 7518
f 7518 7536 7537
f 7518 7537 7519
f 7519 7537 7538
f 7519 7538 7520
f 7520 7538 7539
f 7520 7539 7521
f 7521 7539 7540
f 7521 7540 7541
f 7521 7541 7542
f 7521 7542 7522
f 7522 7542 7543
f 7522 7543 7523
f 7523 7543 7524
f 7524 7543 7544
f 7524 7544 7525
f 7525 7544 7545
f 7525 7545 7526
f 7526 7545 7546
f 7526 7546 7527
f 7527 7546 7547
f 7527 7547 7532
f 7532 7547 7548
f 7532 7548 7531
f 7531 7548 7549
f 7531 7549 7530
f 7530 7549 7529
f 7529 7549 7550
f 7529 7550 7551
f 7529 7551 7528
f 7528 7551 7552
f 7528 7552 7533
f 7533 7552 7553
f 7533 7553 7534
f 7534 7553 7297
f 7297 7553 7293
f 7386 7388 7274
f 7274 7388 7271
f 7440 7535 7271
f 7271 7535 7264
f 7551 7427 7552
f 7440 7429 7535
f 7535 7429 7536
f 7552 7427 7553
f 7553 7427 7425
f 7553 7425 7284
f 7553 7284 7293
f 7545 7434 7438
f 7545 7438 7546
f 7546 7438 7435
f 7546 7435 7547
f 7547 7435 7548
f 7548 7435 7436
f 7548 7436 7549
f 7549 7436 7437
f 7549 7437 7550
f 7550 7437 7551
f 7551 7437 7427
f 7540 7431 7541
f 7541 7431 7433
f 7541 7433 7542
f 7542 7433 7543
f 7543 7433 7434
f 7543 7434 7544
f 7544 7434 7545
f 7536 7429 7554
f 7554 7429 7430
f 7554 7430 7539
f 7539 7430 7431
f 7539 7431 7540
f 7382 7359 7284
f 7284 7359 7282
f 7284 7425 7424
f 7424 7382 7284
f 7446 7408 7442
f 7422 7477 7282
f 7282 7477 7301
f 7422 7409 7477
f 7477 7409 7475
f 7442 7408 7406
f 7442 7406 7274
f 7442 7274 7277
f 7468 7421 7465
f 7465 7421 7412
f 7465 7412 7463
f 7463 7412 7415
f 7463 7415 7461
f 7452 7419 7450
f 7450 7419 7414
f 7450 7414 7448
f 7448 7414 7408
f 7448 7408 7446
f 7475 7409 7411
f 7475 7411 7472
f 7472 7411 7416
f 7472 7416 7470
f 7470 7416 7421
f 7470 7421 7468
f 7461 7415 7418
f 7461 7418 7457
f 7457 7418 7454
f 7454 7418 7413
f 7454 7413 7452
f 7452 7413 7419
f 7282 7359 7423
f 7423 7422 7282
f 7271 7388 7440
f 7274 7406 7405
f 7405 7386 7274
f 7468 7465 7467
f 7461 7457 7458
f 7444 7446 7442
f 7554 7539 7538
f 7537 7536 7554
f 7537 7554 7538
f 7313 7384 7314
f 7555 7310 7385
f 7555 7385 7556
f 7557 7311 7555
f 7555 7311 7310
f 7557 7312 7311
f 7557 7403 7312
f 7558 7403 7557
f 7558 7401 7403
f 7558 7399 7401
f 7559 7393 7558
f 7558 7393 7399
f 7559 7394 7393
f 7560 7390 7559
f 7559 7390 7394
f 7560 7391 7390
f 7561 7316 7391
f 7561 7391 7560
f 7561 7315 7316
f 7315 7561 7562
f 7315 7562 7313
f 7556 7384 7562
f 7562 7384 7313
f 7556 7385 7384
f 7563 7562 7561
f 7563 7561 7564
f 7564 7561 7560
f 7564 7560 7565
f 7565 7560 7559
f 7565 7559 7558
f 7565 7558 7566
f 7566 7558 7557
f 7566 7557 7567
f 7567 7557 7555
f 7567 7555 7556
f 7567 7556 7563
f 7563 7556 7562
f 7273 7567 7280
f 7280 7567 7563
f 7280 7563 7564
f 7280 7564 7278
f 7278 7564 7267
f 7267 7564 7565
f 7267 7565 7268
f 7268 7565 7566
f 7268 7566 7272
f 7272 7566 7567
f 7272 7567 7273
f 7389 7568 7306
f 7568 7307 7306
f 7569 7307 7568
f 7569 7308 7307
f 7569 7387 7308
f 7387 7569 7570
f 7387 7570 7358
f 7571 7356 7358
f 7571 7358 7570
f 7356 7571 7357
f 7572 7392 7571
f 7571 7392 7357
f 7396 7392 7572
f 7573 7396 7572
f 7396 7573 7395
f 7395 7573 7400
f 7574 7402 7400
f 7574 7400 7573
f 7402 7574 7404
f 7574 7575 7397
f 7574 7397 7404
f 7575 7398 7397
f 7568 7389 7575
f 7575 7389 7398
f 7576 7574 7577
f 7577 7574 7573
f 7577 7573 7578
f 7578 7573 7572
f 7578 7572 7571
f 7578 7571 7579
f 7579 7571 7580
f 7580 7571 7570
f 7580 7570 7569
f 7580 7569 7581
f 7581 7569 7568
f 7581 7568 7576
f 7576 7568 7575
f 7576 7575 7574
f 7276 7581 7576
f 7276 7576 7279
f 7279 7576 7265
f 7265 7576 7577
f 7265 7577 7263
f 7263 7577 7578
f 7263 7578 7269
f 7269 7578 7579
f 7269 7579 7275
f 7275 7579 7580
f 7275 7580 7276
f 7276 7580 7581
f 7582 7380 7583
f 7380 7582 7363
f 7363 7582 7370
f 7370 7582 7584
f 7370 7584 7371
f 7371 7584 7585
f 7371 7585 7373
f 7373 7585 7376
f 7376 7585 7586
f 7376 7586 7369
f 7369 7586 7366
f 7587 7366 7586
f 7587 7360 7366
f 7588 7361 7587
f 7587 7361 7360
f 7322 7361 7588
f 7588 7320 7322
f 7589 7320 7588
f 7589 7381 7323
f 7589 7323 7320
f 7381 7589 7583
f 7583 7380 7379
f 7583 7379 7381
f 7590 7585 7591
f 7591 7585 7584
f 7591 7584 7582
f 7591 7582 7592
f 7592 7582 7583
f 7592 7583 7593
f 7593 7583 7589
f 7593 7589 7594
f 7594 7589 7588
f 7594 7588 7595
f 7595 7588 7587
f 7595 7587 7586
f 7595 7586 7590
f 7590 7586 7585
f 7287 7595 7590
f 7287 7590 7294
f 7294 7590 7296
f 7296 7590 7591
f 7296 7591 7295
f 7295 7591 7592
f 7295 7592 7593
f 7295 7593 7292
f 7292 7593 7289
f 7289 7593 7594
f 7289 7594 7287
f 7287 7594 7595
f 7364 7596 7362
f 7596 7364 7597
f 7598 7362 7596
f 7598 7596 7597
f 7362 7598 7303
f 7303 7598 7304
f 7304 7598 7599
f 7599 7305 7304
f 7305 7599 7317
f 7317 7599 7600
f 7600 7318 7317
f 7601 7318 7600
f 7601 7365 7318
f 7601 7367 7365
f 7367 7601 7602
f 7602 7368 7367
f 7368 7602 7603
f 7368 7603 7377
f 7603 7375 7377
f 7604 7374 7375
f 7604 7375 7603
f 7605 7372 7604
f 7604 7372 7374
f 7597 7364 7605
f 7605 7364 7372
f 7606 7600 7607
f 7607 7600 7599
f 7607 7599 7598
f 7607 7598 7608
f 7608 7598 7597
f 7608 7597 7609
f 7609 7597 7605
f 7609 7605 7604
f 7609 7604 7610
f 7610 7604 7603
f 7610 7603 7611
f 7611 7603 7602
f 7611 7602 7601
f 7611 7601 7606
f 7606 7601 7600
f 7299 7611 7606
f 7299 7606 7302
f 7302 7606 7607
f 7302 7607 7286
f 7286 7607 7283
f 7283 7607 7608
f 7283 7608 7285
f 7285 7608 7609
f 7285 7609 7298
f 7298 7609 7610
f 7298 7610 7290
f 7290 7610 7611
f 7290 7611 7299

