# https://github.com/mikedh/trimesh

o A2
v 0.05045895 0.02590797 -0.09538263
v 0.05056357 0.02580318 -0.09146006
v 0.04952085 0.02702963 -0.09278912
v 0.04920679 0.02738512 -0.09433848
v 0.05044898 0.02591890 -0.08137008
v 0.05055850 0.02581122 -0.07765345
v 0.04921217 0.02737955 -0.08033745
v 0.04924484 0.02732923 -0.07882578
v 0.05003850 0.02641984 -0.10875069
v 0.05050360 0.02587862 -0.10576446
v 0.04921290 0.02736222 -0.10682882
v 0.04850545 0.02810695 -0.10831504
v 0.05127326 0.02493959 -0.06758955
v 0.04966118 0.02683808 -0.06765610
v 0.05057076 0.02579624 -0.06906407
v 0.05058608 0.02577752 -0.10991854
v 0.05165232 0.02446028 -0.11353121
v 0.05067168 0.02567699 -0.11324283
v 0.04051048 0.03445906 -0.10683326
v 0.03958716 0.03499214 -0.10833316
v 0.02775288 0.03947400 -0.10683234
v 0.02661963 0.03965942 -0.10833231
v 0.04051048 0.03445906 -0.09283326
v 0.03958716 0.03499214 -0.09433316
v 0.02775288 0.03947400 -0.09283234
v 0.02661963 0.03965942 -0.09433231
v 0.04051048 0.03445906 -0.07883326
v 0.03958716 0.03499214 -0.08033316
v 0.02775288 0.03947400 -0.07883234
v 0.02661963 0.03965942 -0.08033230
v 0.05196931 0.02404596 -0.10921911
v 0.05192222 0.02410507 -0.10578902
v 0.05194949 0.02406981 -0.09189883
v 0.05196012 0.02405799 -0.08125193
v 0.05194721 0.02407532 -0.09526058
v 0.05186890 0.02417525 -0.07754918
v 0.05189796 0.02413700 -0.06875128
v 0.05285156 0.02281677 -0.06761411
v 0.05268812 0.02306241 -0.07871846
v 0.05313038 0.02248143 -0.08033101
v 0.05642610 0.01678067 -0.07883647
v 0.05315173 0.02244823 -0.10832462
v 0.05308080 0.02257003 -0.10684131
v 0.05313860 0.02246866 -0.09432925
v 0.05323460 0.02234414 -0.09286541
v 0.05993844 0.00235263 -0.08035842
v 0.05899712 0.00890084 -0.07883793
v 0.05815910 0.01232840 -0.08033729
v 0.05999621 0.00068553 -0.11322158
v 0.06000075 -0.00004782 -0.11362392
v 0.05999378 -0.00070866 -0.11315636
v 0.05999165 0.00084799 -0.10954395
v 0.05998776 -0.00083724 -0.10962541
v 0.05996122 0.00190343 -0.10674637
v 0.05996035 -0.00197239 -0.10841632
v 0.05998825 0.00081179 -0.10547453
v 0.05999160 -0.00082759 -0.10555220
v 0.05999021 0.00088821 -0.09540724
v 0.05998793 -0.00082369 -0.09565213
v 0.05995977 -0.00199426 -0.10676144
v 0.05996108 0.00190530 -0.09274720
v 0.05996030 -0.00197372 -0.09441593
v 0.05998824 0.00081186 -0.09147485
v 0.05999124 -0.00086004 -0.09170862
v 0.05998917 0.00093952 -0.08125103
v 0.05998790 -0.00082317 -0.08164929
v 0.05995137 -0.00214816 -0.09279338
v 0.05995322 -0.00186975 -0.06770511
v 0.05994287 0.00182858 -0.06769560
v 0.05997530 -0.00087157 -0.06877687
v 0.05998810 0.00080751 -0.07765542
v 0.05994313 0.00222662 -0.07880466
v 0.05996064 -0.00196562 -0.08042207
v 0.05999247 0.00079553 -0.06907166
v 0.05996414 -0.00193034 -0.07874534
v 0.05999215 -0.00081020 -0.07747913
v 0.05995658 0.00207160 -0.10840091
v 0.05994855 0.00219134 -0.09437937
v 0.05642610 -0.01678067 -0.08034261
v 0.05640136 -0.01668336 -0.07884260
v 0.05899712 -0.00890084 -0.07884118
v 0.05899712 -0.00890084 -0.08034118
v 0.05282069 -0.02285958 -0.06761818
v 0.05188003 -0.02416093 -0.06882056
v 0.05127326 -0.02493959 -0.06758955
v 0.05186032 -0.02418564 -0.07747369
v 0.05190605 -0.02412646 -0.08146033
v 0.05079962 -0.02553434 -0.11353330
v 0.05191290 -0.02411823 -0.09177089
v 0.05195296 -0.02406517 -0.09524504
v 0.05191263 -0.02411829 -0.10579798
v 0.05255371 -0.02325432 -0.10852458
v 0.05305021 -0.02259036 -0.10683750
v 0.05642610 -0.01678066 -0.10834263
v 0.05184687 -0.02420313 -0.10978281
v 0.05175609 -0.02432300 -0.11324282
v 0.05297212 -0.02270931 -0.09282480
v 0.05326754 -0.02229332 -0.09431175
v 0.05282666 -0.02286372 -0.08041045
v 0.05263713 -0.02314187 -0.07871243
v 0.05049096 -0.02587536 -0.10576111
v 0.05054873 -0.02582127 -0.10968189
v 0.04951045 -0.02704069 -0.10838734
v 0.04920699 -0.02738490 -0.10684233
v 0.05048171 -0.02587808 -0.09176452
v 0.05049114 -0.02589838 -0.09538850
v 0.04921022 -0.02738156 -0.09284218
v 0.04920675 -0.02736858 -0.09435172
v 0.05056444 -0.02580245 -0.08177201
v 0.04964697 -0.02689315 -0.08041687
v 0.05053581 -0.02581417 -0.07766574
v 0.04920543 -0.02738650 -0.07884564
v 0.05049818 -0.02588446 -0.06870134
v 0.04929530 -0.02722811 -0.06760570
v 0.04051048 -0.03445906 -0.08034585
v 0.03958716 -0.03499214 -0.07884595
v 0.02775288 -0.03947400 -0.08034677
v 0.02661963 -0.03965942 -0.07884680
v 0.04051048 -0.03445906 -0.09434585
v 0.03958716 -0.03499214 -0.09284595
v 0.02775288 -0.03947400 -0.09434677
v 0.02661963 -0.03965942 -0.09284680
v 0.04051048 -0.03445906 -0.10834585
v 0.03958716 -0.03499214 -0.10684595
v 0.02775288 -0.03947400 -0.10834677
v 0.02661963 -0.03965942 -0.10684680
v 0.05899712 -0.00890084 -0.10834117
v 0.05815910 -0.01232840 -0.10684181
v 0.05815910 0.01232840 -0.10833730
v 0.05847336 0.01130961 -0.10683750
v 0.05847336 0.01130961 -0.09283749
v 0.05815910 0.01232840 -0.09433731
v 0.05847336 -0.01130961 -0.09434161
v 0.05815910 -0.01232840 -0.09284180
v 0.02990632 -0.04848285 -0.10533643
v 0.03191885 -0.04818604 -0.09568626
v 0.03586873 -0.04687419 -0.10540894
v 0.03956565 -0.04562435 -0.09602256
v 0.04128702 -0.04476754 -0.10537322
v 0.05573924 -0.03564569 -0.10520150
v 0.05648502 -0.03421874 -0.09581526
v 0.06036249 -0.03005151 -0.09587830
v 0.06055572 -0.03069859 -0.10531366
v 0.06419624 -0.02576371 -0.10508021
v 0.06335258 -0.02577075 -0.09598741
v 0.05260103 -0.03757409 -0.09576248
v 0.05129572 -0.03909655 -0.10525623
v 0.04642747 -0.04186464 -0.09547246
v 0.01428335 -0.05026580 -0.10526415
v 0.01672893 -0.05040839 -0.09587289
v 0.02427763 -0.04941735 -0.10548895
v 0.02543055 -0.04949941 -0.09588235
v 0.00000094 -0.05056310 -0.09563014
v 0.00000144 -0.05030048 -0.10553576
v 0.04599633 -0.04243065 -0.10526679
v 0.03166791 -0.04806995 -0.09124534
v 0.02699249 -0.04916945 -0.09102684
v 0.03039033 -0.04755149 -0.08165506
v 0.05808979 -0.02944840 -0.08152212
v 0.06037038 -0.02599856 -0.08122619
v 0.06256202 -0.02575683 -0.09124466
v 0.06026156 -0.02905317 -0.09147476
v 0.05827570 -0.03154279 -0.09082238
v 0.05377479 -0.03606089 -0.09110028
v 0.05224899 -0.03562085 -0.08156120
v 0.04543437 -0.04094551 -0.08161152
v 0.04728480 -0.04102244 -0.09106433
v 0.04190764 -0.04415143 -0.09114445
v 0.03744492 -0.04521338 -0.08162738
v 0.03666379 -0.04650304 -0.09057300
v 0.02215272 -0.04893342 -0.08132419
v 0.01162064 -0.04993777 -0.08174250
v 0.01831436 -0.05019911 -0.09079126
v 0.00948109 -0.05053803 -0.09135044
v 0.00000034 -0.05053390 -0.09160805
v -0.00000000 -0.04999873 -0.08161998
v 0.05742133 -0.02870327 -0.07687806
v 0.05407126 -0.03265572 -0.07690269
v 0.05554694 -0.02835333 -0.06942215
v 0.05004197 -0.03646706 -0.07697093
v 0.05163100 -0.03281057 -0.06906316
v 0.03875671 -0.04389150 -0.07700986
v 0.04079874 -0.04117626 -0.06914021
v 0.04498623 -0.03867742 -0.06940734
v 0.03215421 -0.04636191 -0.07730971
v 0.03387513 -0.04454754 -0.06941871
v 0.01014057 -0.04946456 -0.07723223
v 0.00000001 -0.04953756 -0.07768022
v -0.00000004 -0.04859680 -0.06894668
v 0.01039530 -0.04853430 -0.06944595
v 0.01930102 -0.04878886 -0.07711460
v 0.02314053 -0.04721054 -0.06938916
v 0.02520648 -0.04794314 -0.07746390
v 0.04568894 -0.03984116 -0.07695281
v 0.01886563 -0.04965031 -0.10994146
v 0.02877669 -0.04840014 -0.11017118
v 0.02423200 -0.04829418 -0.11830284
v 0.01231383 -0.04911472 -0.11826628
v 0.03310078 -0.04670705 -0.11825063
v 0.03903275 -0.04485729 -0.11842043
v 0.03686704 -0.04634158 -0.10996863
v 0.04390537 -0.04293112 -0.11818162
v 0.04906941 -0.04058490 -0.10999665
v 0.05032514 -0.03937308 -0.11823112
v 0.05564920 -0.03553758 -0.11828276
v 0.05618311 -0.03529377 -0.10977065
v 0.06169196 -0.02967062 -0.11799396
v 0.06197195 -0.02921392 -0.10968111
v 0.06426313 -0.02582214 -0.10962850
v 0.06429520 -0.02584676 -0.11835697
v 0.04434481 -0.04309742 -0.10960229
v 0.00842902 -0.04997156 -0.10982485
v -0.00000007 -0.04899341 -0.11865348
v -0.00000000 -0.04991006 -0.10970094
v 0.06360366 -0.00952208 -0.06943911
v 0.06394239 -0.00232626 -0.06913354
v 0.06629930 -0.00216007 -0.07879170
v 0.06164346 -0.02300704 -0.07875126
v 0.05866355 -0.02369669 -0.06945284
v 0.06058267 -0.01972509 -0.06910062
v 0.06413648 -0.01722491 -0.07884180
v 0.06189852 -0.01615648 -0.06908762
v 0.06582525 -0.00951931 -0.07884127
v 0.06174106 0.01670738 -0.06912097
v 0.06350377 0.01889793 -0.07883561
v 0.06573512 0.01074195 -0.07883769
v 0.06312487 0.01184219 -0.06939068
v 0.06377923 0.00659456 -0.06915475
v 0.06628725 0.00211410 -0.07878460
v 0.06380469 0.00220053 -0.06891387
v 0.05902870 0.02310689 -0.06927243
v 0.06149787 0.02323492 -0.07865514
v 0.06982822 0.00783613 -0.11810093
v 0.06862544 0.01529807 -0.10833750
v 0.06886586 0.01416049 -0.11818861
v 0.06768281 0.01876695 -0.11805777
v 0.06596103 0.02272346 -0.10835906
v 0.06529370 0.02410621 -0.10935561
v 0.06535759 0.02422084 -0.11811133
v 0.07004428 0.00259932 -0.10831705
v 0.06993748 0.00091891 -0.11858485
v 0.07005440 0.00093418 -0.10925359
v 0.05231646 0.03809974 -0.11815232
v 0.05141964 0.03900115 -0.11004946
v 0.04524260 0.04235468 -0.11773684
v 0.02306768 0.04848655 -0.11796360
v 0.02673210 0.04874273 -0.10984090
v 0.01746273 0.04973664 -0.11017357
v 0.01562115 0.04884569 -0.11866906
v 0.00000535 0.05005081 -0.11035469
v 0.00000047 0.04912686 -0.11832698
v 0.03271617 0.04684094 -0.11823475
v 0.03356344 0.04728212 -0.10979590
v 0.04098549 0.04478469 -0.11003430
v 0.03975623 0.04458754 -0.11843723
v 0.04628035 0.04209614 -0.10966716
v 0.06115735 0.03030745 -0.10994799
v 0.05601738 0.03534637 -0.10967427
v 0.05699472 0.03440946 -0.11815298
v 0.06099773 0.03039689 -0.11823645
v 0.06419376 0.02587161 -0.10950545
v 0.06432994 0.02581192 -0.11827683
v 0.05353412 0.03322649 -0.07695838
v 0.05741684 0.02870654 -0.07686520
v 0.05513847 0.02901874 -0.06942029
v 0.01133991 0.04841973 -0.06926467
v 0.01978399 0.04879634 -0.07702608
v 0.02406925 0.04710643 -0.06961202
v 0.00000030 0.04883094 -0.06958689
v 0.00000403 0.04970199 -0.07715919
v 0.02864288 0.04726649 -0.07718901
v 0.03220519 0.04496040 -0.06915639
v 0.03424285 0.04567321 -0.07704021
v 0.03921324 0.04216363 -0.06933551
v 0.03954168 0.04346826 -0.07724495
v 0.05032453 0.03423717 -0.06944582
v 0.04871592 0.03759512 -0.07718460
v 0.04533235 0.03847397 -0.06963406
v 0.04317720 0.04146845 -0.07693600
v 0.03953461 0.04531105 -0.09115123
v 0.03741607 0.04522830 -0.08165871
v 0.03342951 0.04757696 -0.09110169
v 0.03069299 0.04756545 -0.08194629
v 0.02304219 0.04973498 -0.09097523
v 0.02758165 0.04898551 -0.09118095
v 0.01863444 0.04952431 -0.08195966
v 0.01214557 0.05052098 -0.09114414
v -0.00000004 0.05010168 -0.08195857
v 0.00000048 0.05030480 -0.09200760
v 0.01030130 0.04993959 -0.08168160
v 0.02870142 0.04782793 -0.08129906
v 0.04545663 0.04216962 -0.09094577
v 0.04340345 0.04213391 -0.08155662
v 0.04917074 0.03826987 -0.08166985
v 0.05765247 0.03230343 -0.09097172
v 0.06064559 0.02586389 -0.08154899
v 0.05675321 0.03098305 -0.08150282
v 0.06261691 0.02575321 -0.09110595
v 0.05175494 0.03775142 -0.09100802
v 0.05326008 0.03455714 -0.08137426
v 0.06533488 -0.02423929 -0.11788668
v 0.06572636 -0.02323581 -0.10850979
v 0.06754745 -0.01905544 -0.11818362
v 0.06798618 -0.01760295 -0.10834353
v 0.06938483 -0.01171727 -0.11813162
v 0.06950366 -0.01048016 -0.10834261
v 0.07003346 -0.00180912 -0.10846690
v 0.06999469 -0.00086424 -0.11847451
v 0.07006719 -0.00078816 -0.10980850
v 0.06524829 -0.02421131 -0.10981712
v 0.06269602 0.00229778 -0.06792537
v 0.06159986 0.00227699 -0.06762458
v 0.06101200 0.01289403 -0.06763833
v 0.06234613 0.01010473 -0.06803721
v 0.06022460 0.01858214 -0.06819662
v 0.05779386 0.02313273 -0.06803925
v 0.05692169 0.02294790 -0.06768791
v 0.06294249 -0.00241803 -0.06808365
v 0.06279618 -0.00956584 -0.06832670
v 0.05797944 -0.02344326 -0.06838814
v 0.05976522 -0.01918816 -0.06809103
v 0.06127014 -0.01217989 -0.06768340
v 0.05693302 -0.02284918 -0.06766328
v 0.06187003 -0.00206096 -0.06769741
v 0.00000005 0.04726351 -0.06776250
v 0.05406283 0.02793183 -0.06789258
v 0.05327797 0.02739232 -0.06763942
v 0.04674692 0.03498780 -0.06767385
v 0.04579489 0.03742365 -0.06857721
v 0.05535498 0.02817570 -0.06894076
v 0.05158716 0.03174173 -0.06822497
v 0.02549988 0.04591861 -0.06828205
v 0.01638361 0.04721834 -0.06824418
v 0.03877400 0.04144485 -0.06828069
v 0.03272464 0.04333484 -0.06786339
v 0.03754913 0.04072747 -0.06762824
v 0.01948311 0.04562736 -0.06762580
v 0.06070704 0.02969228 -0.09609992
v 0.06216066 0.02871471 -0.10528728
v 0.06409567 0.02579277 -0.10541152
v 0.05763549 0.03379780 -0.10552237
v 0.05668872 0.03403334 -0.09593425
v 0.05332537 0.03758159 -0.10513770
v 0.05307507 0.03722158 -0.09568914
v 0.05040574 0.03968882 -0.10543339
v 0.02250214 0.04959621 -0.10557854
v 0.02980421 0.04846113 -0.10555828
v 0.02718401 0.04920731 -0.09573647
v 0.01684174 0.05045498 -0.09620195
v 0.01125211 0.05034668 -0.10530107
v 0.00000068 0.05054476 -0.09552725
v -0.00000003 0.05009401 -0.10601415
v 0.02056058 0.05000567 -0.09551241
v 0.03502198 0.04719388 -0.10531995
v 0.03257846 0.04787134 -0.09535788
v 0.03749234 0.04637505 -0.09569716
v 0.06332043 0.02578299 -0.09588394
v 0.04745532 0.04132828 -0.09594353
v 0.04366435 0.04370059 -0.10530858
v 0.04249000 0.04416488 -0.09597038
v 0.04030004 -0.03284875 -0.05286068
v 0.04030002 -0.03446153 -0.05385536
v 0.04728215 -0.03286875 -0.05290053
v 0.04561799 -0.03473407 -0.05390760
v 0.04029994 -0.03704039 -0.05337869
v 0.04299823 -0.03688654 -0.05341773
v 0.04116483 -0.03805674 -0.05178041
v 0.04030075 -0.03812250 -0.05141410
v 0.04030001 0.03705931 -0.05325444
v 0.04348936 0.03654461 -0.05372094
v 0.04030027 0.03810489 -0.05165264
v 0.04105522 0.03810292 -0.05160217
v 0.04030002 0.03500487 -0.05396251
v 0.04687320 0.03344133 -0.05347252
v 0.04030002 0.03300752 -0.05304684
v 0.04933687 0.03277553 -0.06096105
v 0.05024374 0.03245024 -0.06307580
v 0.05215295 0.03082823 -0.06446426
v 0.05153128 0.02717722 -0.05110243
v 0.05451772 0.02135455 -0.04942042
v 0.05371386 0.01754120 -0.03438790
v 0.05669033 0.00793804 -0.04128195
v 0.05571073 0.01097731 -0.03672614
v 0.05489832 0.01662846 -0.04165809
v 0.05668575 0.00190272 -0.03779784
v 0.06274717 0.00391233 -0.06449074
v 0.06231958 0.00215687 -0.06274711
v 0.05856000 0.00200002 -0.04902639
v 0.06166747 0.01263437 -0.06458933
v 0.05679703 0.01639629 -0.05083590
v 0.05848556 0.02157303 -0.06458534
v 0.05822904 0.00796184 -0.04913421
v 0.05549752 0.02661914 -0.06458944
v 0.05112081 0.01417740 -0.03190483
v 0.05195782 0.01633462 -0.03256099
v 0.05340042 0.00406110 -0.03463639
v 0.05421622 0.00272832 -0.03542861
v 0.04031011 0.01425547 -0.03188780
v 0.04030189 0.01004295 -0.03334501
v 0.04032001 0.00371749 -0.03469011
v 0.05205195 -0.03096483 -0.06447340
v 0.04933723 -0.03282359 -0.06115694
v 0.05182414 -0.02624098 -0.04945847
v 0.05016568 -0.03248887 -0.06293715
v 0.05709878 -0.02416093 -0.06458576
v 0.05682964 -0.01877391 -0.05429175
v 0.06078024 -0.01595523 -0.06458879
v 0.06240736 -0.00224482 -0.06306757
v 0.06273486 -0.00423528 -0.06453369
v 0.05817126 -0.00199996 -0.04742094
v 0.05824375 -0.00790775 -0.04917658
v 0.05606445 -0.01380432 -0.04471769
v 0.05375715 -0.01748583 -0.03428901
v 0.05613728 -0.00774114 -0.03722237
v 0.05248888 -0.02367082 -0.04501008
v 0.05463078 -0.01886179 -0.04487775
v 0.06218160 -0.00971670 -0.06458892
v 0.05676474 -0.00199152 -0.03791294
v 0.05354085 -0.00359161 -0.03477791
v 0.05506452 -0.00219362 -0.03625828
v 0.05110680 -0.01433642 -0.03187590
v 0.05205795 -0.01643002 -0.03265470
v 0.04029983 -0.00378505 -0.03467524
v 0.04030240 -0.00986926 -0.03339387
v 0.04030774 -0.01420528 -0.03189227
v 0.03920253 -0.03912750 -0.04447114
v 0.03403258 -0.04221798 -0.04254104
v 0.03759077 -0.04046662 -0.04064346
v 0.04223726 -0.03676521 -0.04204003
v 0.04052456 -0.03815306 -0.04703411
v 0.04423748 -0.03529144 -0.04934159
v 0.03924664 -0.03959536 -0.03864860
v 0.04517780 -0.03369443 -0.03741858
v 0.04851411 -0.02941878 -0.04060127
v 0.05099289 -0.02523851 -0.03970132
v 0.05030080 -0.02648718 -0.02916300
v 0.05251163 -0.02114014 -0.03261513
v 0.04803436 -0.03034808 -0.03234811
v 0.04758015 -0.03290192 -0.02243739
v 0.04031341 -0.03931347 -0.03547054
v 0.04030076 -0.04139033 -0.02712091
v 0.04299001 -0.03872608 -0.02609649
v 0.05078273 -0.02016000 -0.03085578
v 0.04870345 -0.02031055 -0.02849291
v 0.04649187 -0.02474092 -0.02450222
v 0.04488339 -0.02846566 -0.02012509
v 0.04668311 -0.03239952 -0.02104305
v 0.04515588 -0.02991173 -0.01970233
v 0.04030629 -0.02860750 -0.01999453
v 0.04029802 -0.02524900 -0.02397257
v 0.04032001 -0.02037822 -0.02836665
v 0.04542744 0.03416276 -0.04919569
v 0.03832657 0.04005624 -0.03998216
v 0.03691388 0.04063788 -0.04323989
v 0.04015321 0.03841925 -0.04555743
v 0.03549493 0.04153733 -0.04196621
v 0.03310771 0.04258538 -0.04257669
v 0.04022422 0.03918359 -0.03619784
v 0.04347256 0.03571870 -0.04138518
v 0.04412417 0.03744273 -0.02533313
v 0.04602686 0.03335811 -0.03218409
v 0.04754392 0.03290371 -0.02241317
v 0.05042509 0.02625450 -0.02933752
v 0.04954233 0.02780175 -0.03179026
v 0.05251152 0.02114025 -0.03261517
v 0.05025569 0.02706647 -0.04285284
v 0.04885797 0.02888907 -0.03966845
v 0.04150339 0.03825229 -0.03505428
v 0.04030169 0.04140447 -0.02728526
v 0.03340421 -0.04486201 -0.04258314
v 0.02474677 -0.04731088 -0.04260935
v 0.00000003 -0.04161917 -0.04273487
v 0.00000058 -0.04952706 -0.04260688
v 0.02437467 0.04752566 -0.04265352
v 0.00000002 0.04988483 -0.04274714
v 0.00000000 0.04239035 -0.04261318
v 0.01410641 0.04896901 -0.04265942
v 0.03339322 0.04479121 -0.04257223
v -0.00000007 -0.05035085 -0.13258089
v 0.00000000 -0.04000000 -0.13258955
v 0.02661964 -0.03965941 -0.13258961
v 0.04828517 0.04305660 -0.13258953
v 0.04051048 0.03445906 -0.13258958
v 0.03403989 0.04804653 -0.13258609
v 0.03179020 0.03822291 -0.13258955
v 0.02435158 0.03983679 -0.13258962
v 0.01806699 0.04996426 -0.13258913
v 0.04975624 0.02688256 -0.13258946
v 0.06060471 0.03446837 -0.13258986
v 0.05635804 0.01691743 -0.13258962
v 0.06479219 0.02986395 -0.13257870
v 0.01648301 -0.05003019 -0.13258925
v 0.03255675 -0.04836914 -0.13258922
v 0.03958716 -0.03499214 -0.13258956
v 0.04312273 -0.04532906 -0.13258831
v 0.05239330 -0.04073802 -0.13258827
v 0.05589545 -0.01787800 -0.13258965
v 0.06760127 -0.02563929 -0.13258442
v 0.06392471 -0.03104099 -0.13257025
v 0.04903107 -0.02766411 -0.13258956
v 0.05856711 -0.03629862 -0.13258892
v 0.07014900 -0.01973486 -0.13256794
v 0.07244851 -0.00425181 -0.13258280
v 0.07175770 -0.01201219 -0.13255920
v 0.05957035 -0.00650337 -0.13258959
v 0.05592538 0.03832398 -0.13258921
v 0.00000000 0.05012717 -0.13258971
v 0.00000000 0.04000000 -0.13258955
v 0.06796858 0.02493390 -0.13257757
v 0.05972925 0.00544913 -0.13258962
v 0.07097060 0.01636130 -0.13258946
v 0.07214502 0.00886607 -0.13258483
v 0.00000015 -0.04665264 -0.06762008
v 0.00000793 -0.04679670 -0.06491423
v 0.00000101 -0.04396150 -0.06613770
v 0.00000000 -0.03643840 -0.06447950
v 0.00000512 -0.04147816 -0.06478657
v 0.00000000 -0.03815161 -0.05341455
v 0.00001119 -0.04150940 -0.05626687
v 0.00000165 -0.04487824 -0.05504733
v 0.00000000 -0.03806718 -0.06245221
v 0.00000167 -0.04699541 -0.05690353
v 0.00000002 -0.05043262 -0.05495333
v 0.00000828 0.04150682 -0.06491402
v 0.00000091 0.04434173 -0.06613781
v 0.00000539 0.04682481 -0.06478642
v 0.00000069 0.04708491 -0.05727154
v 0.00000806 0.04531796 -0.05514324
v 0.00000053 0.05031579 -0.05239460
v 0.00000000 0.03596954 -0.06452364
v 0.00000000 0.03792243 -0.06303233
v 0.00000001 0.03820689 -0.04649108
v 0.00000444 0.04158924 -0.05613622
v 0.00000542 -0.04715951 -0.12728815
v 0.00000161 -0.04495036 -0.12768736
v 0.00000578 -0.04342702 -0.12604608
v 0.00001569 -0.04478824 -0.12341247
v 0.00000000 -0.04000000 -0.11958955
v -0.00000001 -0.04773699 -0.11955234
v 0.00000756 -0.04771489 -0.12455557
v 0.00000036 -0.05369218 -0.09440093
v 0.00000079 -0.04918668 -0.09436905
v 0.00000068 -0.05329343 -0.10662423
v 0.00000007 -0.04905801 -0.10675549
v 0.00029992 -0.04515434 -0.10684780
v -0.00000264 -0.04857239 -0.10837778
v 0.00000000 0.04000000 -0.11958955
v 0.00000276 0.04590778 -0.12336431
v 0.00001569 0.04347452 -0.12472621
v 0.00000319 0.04431742 -0.12738825
v 0.00000013 0.04811547 -0.11945911
v 0.00000043 0.04747557 -0.12437914
v 0.00000177 0.04635280 -0.12768722
v 0.00000276 0.04779858 -0.12622821
v 0.00000029 0.05212066 -0.11934475
v 0.00000053 0.05332780 -0.10621547
v -0.00000395 0.04918683 -0.10858129
v -0.00000000 0.05360007 -0.09035122
v -0.00002533 0.04827708 -0.10687508
v 0.00000578 0.04199679 -0.05030648
v 0.00000578 0.04408832 -0.05185963
v 0.00000177 0.04603710 -0.05074573
v 0.00000978 0.04607673 -0.04832101
v 0.00001357 0.04303771 -0.04752672
v -0.00000000 0.03983758 -0.04371946
v 0.00000978 -0.04518451 -0.05165071
v 0.00000345 -0.04261210 -0.05121560
v 0.00000924 -0.04506681 -0.04747287
v 0.00000161 -0.04636275 -0.04953099
v 0.00001067 -0.04208599 -0.04847413
v 0.00000000 -0.03823942 -0.04631561
v -0.00000000 -0.03939820 -0.04425973
v 0.00000041 -0.05006532 -0.04313220
v 0.00000061 -0.05335676 -0.08433249
v -0.00000261 -0.04899979 -0.08047813
v -0.00000391 -0.04908065 -0.09281210
v 0.00010746 -0.04630155 -0.09434802
v -0.00000575 -0.04824379 -0.07878277
v -0.00000321 0.04921468 -0.09439155
v -0.00003571 0.04852715 -0.09284888
v 0.00000105 0.05329680 -0.08289044
v -0.00000587 0.04918610 -0.08051690
v 0.00000255 0.04901931 -0.07836413
v -0.00002355 0.04806735 -0.07881219
v 0.06048715 0.00255773 -0.04309820
v 0.06204149 0.00278575 -0.05042133
v 0.06024187 0.00949502 -0.04550723
v 0.01748120 0.05176296 -0.11985595
v 0.00855831 -0.04977813 -0.04311022
v 0.01810937 -0.04906510 -0.05012545
v 0.01967824 -0.04874410 -0.04307535
v 0.03996421 -0.04222036 -0.04841252
v 0.04373746 -0.03949113 -0.04316361
v 0.03849058 -0.04335795 -0.04139295
v 0.05921340 0.00997268 -0.03931689
v 0.04359283 0.03962874 -0.04093934
v 0.04226610 0.04064183 -0.04751622
v 0.03826044 0.04346034 -0.04153034
v 0.00898115 0.04980074 -0.04328568
v 0.02190295 0.04851066 -0.04334393
v 0.01588755 0.04926043 -0.04933828
v 0.00927170 0.05055683 -0.05970658
v 0.01304870 0.05361625 -0.09597278
v 0.02654578 0.05096453 -0.11927481
v 0.04853112 0.04412196 -0.11711540
v 0.04054513 0.04742872 -0.12056302
v 0.02358586 -0.05127699 -0.11962745
v 0.00946866 -0.05056813 -0.05986236
v 0.01248290 -0.05284255 -0.08092925
v 0.01694427 -0.05337711 -0.10023439
v 0.01372947 -0.05258993 -0.11425179
v 0.02385095 -0.05241037 -0.10848156
v 0.05499649 -0.03986822 -0.09880153
v 0.05255164 -0.03975996 -0.08298690
v 0.04950821 -0.04386180 -0.10096247
v 0.04844132 -0.04347907 -0.08740728
v 0.04344672 -0.04720237 -0.10330849
v 0.04300453 -0.04696960 -0.09029908
v 0.03555169 -0.05027644 -0.10374007
v 0.03693682 -0.04966361 -0.09135697
v 0.03161212 -0.05139857 -0.09409594
v 0.02478547 -0.05270273 -0.09604146
v 0.05298309 -0.04147943 -0.11456452
v 0.04710002 -0.04484152 -0.11673115
v 0.03882158 -0.04853586 -0.11523098
v 0.03050465 -0.05058488 -0.11654022
v 0.05674963 -0.03577695 -0.08230966
v 0.06338239 -0.03036008 -0.09218135
v 0.06139664 -0.02972164 -0.08005919
v 0.05989901 -0.03527763 -0.09699515
v 0.06803210 -0.01268868 -0.07677081
v 0.06607208 -0.01963575 -0.07689749
v 0.06914648 -0.02042702 -0.09422141
v 0.06824319 -0.00172311 -0.07315148
v 0.07045098 -0.01265817 -0.08893601
v 0.07128154 -0.00255497 -0.08847243
v 0.07237715 -0.00790010 -0.09990197
v 0.06502751 -0.02997308 -0.10384078
v 0.05947293 -0.03646284 -0.11289679
v 0.06496420 -0.03035113 -0.11811290
v 0.06808265 -0.02552803 -0.11710681
v 0.06813569 -0.02464261 -0.10227946
v 0.06631536 -0.02548244 -0.09098262
v 0.06410695 -0.02473561 -0.07828116
v 0.07033225 -0.02042200 -0.11644530
v 0.07156830 -0.01410969 -0.10089241
v 0.07141436 -0.01662869 -0.10954911
v 0.07194677 -0.01362771 -0.12890927
v 0.07282872 -0.00826470 -0.11373002
v 0.07284581 -0.00428519 -0.12891762
v 0.01540106 0.05316395 -0.10677211
v 0.02629726 0.05235589 -0.10431755
v 0.03227914 0.05122009 -0.09314524
v 0.03858035 0.04920793 -0.10511336
v 0.03967391 0.04858891 -0.09110542
v 0.04502239 0.04643637 -0.10287314
v 0.04558445 0.04535392 -0.08812401
v 0.05263079 0.04179804 -0.10028665
v 0.05075822 0.04119580 -0.08289820
v 0.05857376 0.03667273 -0.09771299
v 0.05671772 0.03550539 -0.08062060
v 0.06262353 0.03162579 -0.09314286
v 0.06088604 0.03032975 -0.07945668
v 0.06696328 0.02557465 -0.09522827
v 0.06390329 0.02437297 -0.07654753
v 0.06933320 0.01787334 -0.08959620
v 0.06575724 0.01934809 -0.07504574
v 0.06698554 0.01427837 -0.07390445
v 0.07098849 0.00811108 -0.08863471
v 0.06834623 0.00781403 -0.07515801
v 0.03387482 0.04997526 -0.11509479
v 0.07269029 0.00264837 -0.10029236
v 0.07170213 0.01316164 -0.09978987
v 0.06981912 0.02049117 -0.10136285
v 0.06406135 0.03129884 -0.10440017
v 0.07242841 0.01128497 -0.10909747
v 0.06865594 0.02455742 -0.11376192
v 0.07275960 0.00609096 -0.12814330
v 0.07311454 0.00416579 -0.11440766
v 0.07016012 0.02023082 -0.12998728
v 0.07195025 0.01349055 -0.12919027
v 0.06139668 0.03432364 -0.12209486
v 0.05702727 0.03858071 -0.11369321
v 0.06502258 0.03027162 -0.11824979
v 0.07118507 0.01771173 -0.11628684
v 0.02382924 0.04807054 -0.04929573
v 0.03051707 0.04653566 -0.04312842
v 0.03060988 0.04641676 -0.04938162
v 0.03488962 0.04501702 -0.04314171
v 0.03617609 0.04429697 -0.04895922
v 0.04705111 0.03615792 -0.04075068
v 0.04834510 0.03513205 -0.04528403
v 0.04459037 0.04399518 -0.07600354
v 0.06103769 0.01143064 -0.05001214
v 0.01863722 0.05285055 -0.08458087
v 0.02300942 0.05284869 -0.09375005
v 0.02829331 0.05131312 -0.08297500
v 0.03364446 0.04973326 -0.08114439
v 0.03898076 0.04770760 -0.08060177
v 0.05902728 0.01882897 -0.05008221
v 0.05677462 0.02436927 -0.05109199
v 0.05413095 0.02928432 -0.05284443
v 0.05101900 0.03369364 -0.05469583
v 0.04725800 0.03778758 -0.05651309
v 0.03790602 0.04439410 -0.05915901
v 0.03518063 -0.04488444 -0.04313298
v 0.02764739 -0.04726129 -0.04981568
v 0.03299142 -0.04572025 -0.04318429
v 0.02777172 -0.04727019 -0.04316319
v 0.04817949 -0.03682041 -0.05550921
v 0.04844194 -0.03459924 -0.04196023
v 0.04318754 -0.04073771 -0.05546195
v 0.03795546 -0.04435186 -0.05901675
v 0.03318462 -0.04594769 -0.05575671
v 0.02274725 -0.04917294 -0.06002993
v 0.04044489 -0.04712224 -0.08074811
v 0.03190071 -0.05048165 -0.08268759
v 0.02287941 -0.05223616 -0.08334719
v 0.05764322 -0.02276135 -0.05135473
v 0.05492371 -0.02382194 -0.03913650
v 0.05537539 -0.02743687 -0.05283912
v 0.05208722 -0.02977075 -0.04249477
v 0.05239786 -0.03136577 -0.05186177
v 0.06092843 -0.01224648 -0.05023589
v 0.05953801 -0.01007743 -0.04199611
v 0.05809915 -0.01651694 -0.04180476
v 0.05990265 -0.00494528 -0.04054988
v 0.06164028 -0.00496282 -0.04945662
v 0.05495929 -0.03421736 -0.07022606
v 0.05934257 -0.01807336 -0.05038222
v 0.02272646 0.04917357 -0.06000599
v 0.03226852 0.04670460 -0.05938150
v 0.04285050 0.04122823 -0.05675724
v 0.05313566 0.02824728 -0.04321101
v 0.05508199 0.02345019 -0.03904846
v 0.05757150 0.01786812 -0.04134206
v 0.06622506 -0.00930783 -0.06762581
v 0.04728679 -0.04251317 -0.07715309
v 0.01523361 -0.05338642 -0.09068300
v 0.03800000 0.00306871 0.00212944
v 0.03800000 0.00309125 -0.00213667
v 0.03800000 0.00205094 -0.00340813
v 0.03800000 -0.00325959 0.00209100
v 0.03800000 -0.00323929 -0.00208479
v 0.03800000 -0.01039683 0.00223261
v 0.03800000 0.00205628 0.00342493
v 0.03800000 -0.00209099 -0.00325962
v 0.03800001 0.00812122 -0.02976503
v 0.03800000 0.00995778 -0.02665646
v 0.03800000 0.01157046 -0.02708930
v 0.03800000 -0.00208478 0.00323930
v 0.03799906 -0.02861373 -0.01559218
v 0.03798708 -0.03155875 -0.00755272
v 0.03800001 -0.03001291 -0.00820801
v 0.03799843 -0.02872398 0.01542214
v 0.03799998 -0.03033472 0.00827663
v 0.03799435 -0.03167084 0.00726101
v 0.03800037 0.01372649 -0.02956276
v 0.03798111 0.00778003 -0.03146511
v 0.03800000 0.00223261 0.01039682
v 0.03800000 0.00723084 0.01967803
v 0.03800000 0.00636021 0.01368175
v 0.03799906 0.02861372 0.01559220
v 0.03798708 0.03155876 0.00755273
v 0.03800001 0.03001291 0.00820801
v 0.03799843 0.02872398 -0.01542213
v 0.03799998 0.03020415 -0.00824781
v 0.03799262 0.03162635 -0.00738647
v 0.03800000 0.00995770 0.02667913
v 0.03800036 -0.01367354 0.02958086
v 0.03798737 -0.00772172 0.03143537
v 0.03800001 -0.00816695 0.02988504
v 0.03800000 0.00462411 0.01163303
v 0.03799998 -0.00824781 -0.03020415
v 0.03800021 -0.01349749 -0.02969149
v 0.03800000 -0.01166700 -0.02707353
v 0.03800000 -0.00995770 -0.02667913
v 0.03799164 -0.00732416 -0.03167389
v 0.03800091 0.01319416 0.02981371
v 0.03800000 0.00818030 0.02992369
v 0.03798316 0.00759808 0.03156460
v 0.03799981 -0.02216936 0.02387878
v 0.03800000 -0.00984421 0.02651728
v 0.03800000 -0.01139391 0.02712755
v 0.03799990 0.02222784 0.02385624
v 0.03800000 -0.02665645 -0.00995777
v 0.03800000 -0.02708932 -0.01157041
v 0.03800000 -0.02711955 0.01149845
v 0.03800000 -0.02627298 0.00950472
v 0.03800000 0.00254193 -0.01390810
v 0.03800000 0.00227177 -0.01044685
v 0.03800000 0.00508467 -0.01194721
v 0.03799995 0.00342489 -0.01473378
v 0.03800000 0.00648954 -0.01418153
v 0.03800000 -0.00269667 -0.01392236
v 0.03800000 -0.00223262 -0.01039684
v 0.03799970 -0.02225335 -0.02382310
v 0.03800000 0.01166699 0.02707353
v 0.03800000 0.00260458 0.01393192
v 0.03800000 -0.00227313 0.01044078
v 0.03800000 -0.02393287 -0.01736667
v 0.03800000 -0.01797655 -0.02347822
v 0.03799987 0.00599444 -0.02555806
v 0.03800000 0.00708869 -0.01911770
v 0.03800000 -0.00462423 -0.01163313
v 0.03800000 -0.00253824 0.01389952
v 0.03800000 -0.00624157 0.01318741
v 0.03799995 -0.00342489 0.01473378
v 0.03800000 -0.01736671 0.02393284
v 0.03800000 -0.02347826 0.01797651
v 0.03800000 -0.00636022 -0.01368175
v 0.03800001 -0.00356668 -0.01498372
v 0.03799987 -0.02555783 -0.00599434
v 0.03800000 -0.01911763 -0.00708868
v 0.03800000 0.02711955 -0.01149845
v 0.03800000 0.02627297 -0.00950472
v 0.03800000 0.02665642 0.00995773
v 0.03800000 0.02708932 0.01157042
v 0.03799995 -0.01451140 -0.00336411
v 0.03800000 -0.01418161 -0.00648956
v 0.03799995 -0.00435721 -0.02072542
v 0.03800000 -0.00723084 -0.01967802
v 0.03800000 -0.01389004 -0.00229055
v 0.03800000 -0.01194721 -0.00508466
v 0.03800001 -0.01461250 0.00346585
v 0.03800000 -0.01367569 0.00633646
v 0.03800000 -0.01163310 0.00462419
v 0.03799995 -0.02072531 0.00435719
v 0.03799987 -0.00599443 0.02555805
v 0.03800000 -0.00708869 0.01911771
v 0.03800000 0.02347826 -0.01797651
v 0.03799970 0.02225335 -0.02382309
v 0.03800000 0.02393288 0.01736667
v 0.03800000 0.01797655 0.02347822
v 0.03800005 0.00344490 0.01478527
v 0.03799998 0.00584875 0.02517867
v 0.03800000 0.01736671 -0.02393283
v 0.03799987 0.02555812 0.00599445
v 0.03800000 0.01911785 0.00708872
v 0.03799995 0.01451141 0.00336411
v 0.03800000 0.01418152 0.00648952
v 0.03800000 -0.01044685 -0.00227176
v 0.03800000 0.01194721 0.00508466
v 0.03800000 0.01389004 0.00229055
v 0.03800000 0.01044685 0.00227176
v 0.03800001 0.01473919 -0.00350747
v 0.03800000 0.01367577 -0.00633649
v 0.03800000 0.01163310 -0.00462419
v 0.03800000 0.01388015 -0.00243384
v 0.03799995 0.02072538 -0.00435721
v 0.03800000 -0.01387026 0.00230743
v 0.03800000 0.01039683 -0.00223261
v 0.05000174 0.01992545 -0.03003266
v 0.04833721 0.02079427 -0.02795090
v 0.04521539 0.03006967 -0.01972221
v 0.04673764 0.03245804 -0.02111049
v 0.04487861 0.02850109 -0.02008679
v 0.04637864 0.02498129 -0.02428110
v 0.04363714 0.03173129 -0.01434882
v 0.04030782 0.03168455 -0.01446317
v 0.04321584 0.03358652 -0.00910966
v 0.04030276 0.03351642 -0.00950693
v 0.04326290 0.03479961 -0.00296390
v 0.04030347 0.03468954 -0.00327044
v 0.04028294 0.04361742 -0.02090526
v 0.04319669 0.04024283 -0.01928497
v 0.04030195 0.04641061 -0.01152556
v 0.04584363 0.03926945 -0.00859114
v 0.04580645 0.03992178 -0.00325199
v 0.04030003 0.04753000 -0.00360898
v 0.04637216 0.03629750 -0.01680824
v 0.04424345 0.03187860 -0.01589282
v 0.04585212 0.03444554 -0.01744465
v 0.04386395 0.03600552 -0.00205336
v 0.04514876 0.03861240 -0.00207285
v 0.04031426 0.03159474 0.01478388
v 0.04352169 0.03161095 0.01480953
v 0.04030112 0.03352351 0.00947102
v 0.04342432 0.03360598 0.00903760
v 0.04344469 0.03488796 0.00277510
v 0.04031146 0.03477874 0.00299019
v 0.04030751 0.02018689 0.02839447
v 0.04369628 0.01996915 0.02864160
v 0.04030642 0.02462866 0.02464447
v 0.04362286 0.02435467 0.02485739
v 0.04363342 0.02881975 0.01985091
v 0.04030904 0.02862346 0.01998020
v 0.04616478 0.03819186 0.01230909
v 0.04030011 0.04605747 0.01325744
v 0.04605807 0.03997745 0.00394748
v 0.04030000 0.04756290 0.00333163
v 0.04030001 0.04306756 0.02066985
v 0.04619487 0.03632544 0.01683546
v 0.04581465 0.03966568 0.00285187
v 0.04529918 0.03870406 0.00207823
v 0.04405812 0.03619390 0.00202100
v 0.04414120 0.03220674 0.01622154
v 0.04592894 0.03546179 0.01741428
v 0.04543416 0.03436239 0.01746189
v 0.04029996 0.02694282 0.03944107
v 0.04030022 0.03408327 0.03389021
v 0.04630820 0.02324651 0.03278910
v 0.04628399 0.02955932 0.02725605
v 0.04424870 0.01977749 0.03012242
v 0.04553816 0.02109711 0.03243364
v 0.04597526 0.02200589 0.03290302
v 0.04031812 0.00879190 0.03374445
v 0.04030977 0.00294660 0.03479460
v 0.04368510 0.00296492 0.03479459
v 0.04367021 0.01458185 0.03167624
v 0.04030491 0.01481477 0.03161537
v 0.04363319 0.00901958 0.03361084
v 0.04030021 0.02085746 0.04286746
v 0.04621493 0.01692385 0.03647048
v 0.04620359 0.01072654 0.03891242
v 0.04030013 0.01320248 0.04593444
v 0.04030008 0.00381017 0.04764122
v 0.04620180 0.00374624 0.04006779
v 0.04594805 0.01750413 0.03555318
v 0.04550274 0.01754237 0.03448637
v 0.04411893 0.01604364 0.03200161
v 0.04423522 0.00205281 0.03600865
v 0.04598306 0.00272863 0.03968607
v 0.04550928 0.00207087 0.03871597
v 0.04367131 -0.00336762 0.03467894
v 0.04031020 -0.00297660 0.03479762
v 0.04363319 -0.00901796 0.03361125
v 0.04029990 -0.01488128 0.03162515
v 0.04369223 -0.01483169 0.03161564
v 0.04373231 -0.01985099 0.02880536
v 0.04031705 -0.01988164 0.02873704
v 0.04031273 -0.02405543 0.02523396
v 0.04362031 -0.02530950 0.02396478
v 0.04030941 -0.02864357 0.01995670
v 0.04357774 -0.02846236 0.02013082
v 0.04620108 -0.00373207 0.04007157
v 0.04620901 -0.00872304 0.03934997
v 0.04030014 -0.00340361 0.04757866
v 0.04030017 -0.01448074 0.04558501
v 0.04625883 -0.01633736 0.03681744
v 0.04030038 -0.02087801 0.04284862
v 0.04598100 -0.00272764 0.03968120
v 0.04548347 -0.00205092 0.03866239
v 0.04403385 -0.00215356 0.03557985
v 0.04423456 -0.01619969 0.03219081
v 0.04549674 -0.01753716 0.03447071
v 0.04606577 -0.01741837 0.03587588
v 0.04631118 -0.03256875 0.02342014
v 0.04029998 -0.03946524 0.02695774
v 0.04030027 -0.03396360 0.03402486
v 0.04629624 -0.02687878 0.02992742
v 0.04403973 -0.02986152 0.01970644
v 0.04546185 -0.03229202 0.02100415
v 0.04602755 -0.03285815 0.02211322
v 0.04354616 -0.03161675 0.01487161
v 0.04030759 -0.03168700 0.01445424
v 0.04339318 -0.03299110 0.01111870
v 0.04028399 -0.03353248 0.00939023
v 0.04341489 -0.03480582 0.00295120
v 0.04030458 -0.03469075 0.00326660
v 0.04030000 -0.04280059 0.02093121
v 0.04619029 -0.03632015 0.01683673
v 0.04030022 -0.04619199 0.01299207
v 0.04616341 -0.03822223 0.01221509
v 0.04604265 -0.04000287 0.00362623
v 0.04030003 -0.04760237 0.00356038
v 0.04332638 -0.03490677 -0.00275468
v 0.04030938 -0.03477837 -0.00298998
v 0.04310005 -0.03412115 -0.00684202
v 0.04027105 -0.03340482 -0.00978974
v 0.04030522 -0.03172357 -0.01434238
v 0.04370506 -0.03163178 -0.01470545
v 0.04590832 -0.03541811 0.01741895
v 0.04538972 -0.03428441 0.01742788
v 0.04414928 -0.03221823 0.01623451
v 0.04395384 -0.03597825 0.00206597
v 0.04538906 -0.03888362 0.00211122
v 0.04640714 -0.03640700 -0.01669736
v 0.04030490 -0.04615712 -0.01255884
v 0.04583576 -0.03924068 -0.00879945
v 0.04578245 -0.03988299 -0.00315262
v 0.04030050 -0.04754451 -0.00350273
v 0.04030335 -0.04339893 -0.02116605
v 0.04030885 0.02073291 -0.02800471
v 0.04029503 0.02526873 -0.02394860
v 0.04030862 0.02861977 -0.01997971
v 0.04442647 -0.03211203 -0.01612761
v 0.04558821 -0.03395291 -0.01727281
v 0.04620467 -0.03541283 -0.01734649
v 0.04518077 -0.03867750 -0.00208140
v 0.04395914 -0.03620334 -0.00201954
v 0.04627177 0.03268314 0.02317554
v 0.04030000 0.03947642 0.02691743
v 0.04030000 0.03018190 -0.01978731
v 0.04030001 -0.03189093 -0.01591368
v 0.04030000 0.03196304 -0.01597943
v 0.04030000 -0.04477663 -0.02340965
v 0.04030026 -0.04009842 -0.02548538
v 0.04032245 0.04135772 -0.03476350
v 0.04030017 0.04026198 -0.02558713
v 0.04038399 -0.04302016 -0.03036631
v 0.04027912 -0.04141353 -0.03580149
v 0.04029999 -0.03011946 -0.01977154
v 0.04030084 -0.04106949 -0.02130574
v 0.04030000 0.03600067 0.00205596
v 0.04030000 0.03014309 0.01977922
v 0.04030000 -0.01983990 0.03030457
v 0.04030000 0.03573988 -0.00210560
v 0.04030000 0.01969506 0.02986991
v 0.04030000 -0.03020004 0.01979633
v 0.04029919 0.04139692 -0.02143208
v 0.04029999 0.03227336 0.01629205
v 0.04030000 -0.03571961 0.00212034
v 0.04030000 0.04086344 0.02111061
v 0.04034616 0.04297068 0.02624630
v 0.04029999 -0.01626015 0.03224777
v 0.04029997 -0.02096260 0.04044675
v 0.04029999 0.00203472 0.03607621
v 0.04030514 0.05016831 -0.00009030
v 0.04030000 0.01622317 0.03220819
v 0.04029996 0.02493226 0.03885430
v 0.04030000 -0.03604094 -0.00203881
v 0.04029998 -0.04601383 0.00217665
v 0.04029991 0.04585201 -0.00214962
v 0.04035685 0.04875093 0.01254326
v 0.04030000 -0.00203877 0.03604156
v 0.04029999 0.00214178 0.04593088
v 0.04033558 0.04737093 -0.01677564
v 0.04030001 -0.03200507 0.01607029
v 0.04029998 -0.03880019 0.02489190
v 0.04029999 0.04552376 0.00207304
v 0.04030000 0.03883502 0.02487955
v 0.04032342 0.03761482 0.03339732
v 0.04033919 0.01887105 0.04650272
v 0.04032740 0.02957525 0.04063089
v 0.04032761 -0.00184385 0.05014538
v 0.04031926 -0.04334917 0.02527153
v 0.04031895 -0.04689035 0.01783256
v 0.04030002 -0.02685960 0.03946704
v 0.04032638 -0.02228296 0.04495066
v 0.04029994 -0.02485517 0.03876716
v 0.04029999 -0.04046110 0.02096092
v 0.04029999 0.02095832 0.04043345
v 0.04031659 -0.00657815 0.04960138
v 0.04030000 -0.00209333 0.04557145
v 0.04034412 -0.03511526 0.03612080
v 0.04032576 -0.04908974 -0.01025249
v 0.04034532 0.00983397 0.04915903
v 0.04033098 -0.05020277 -0.00122433
v 0.04031935 -0.04948489 0.00778094
v 0.04029994 -0.04552983 -0.00210656
v 0.04036847 -0.01581856 0.04765127
v 0.04973682 0.00038316 0.04059881
v 0.04947932 -0.00582049 0.04057292
v 0.05078240 -0.00679058 0.03817836
v 0.05144304 -0.01314335 0.03405092
v 0.04984361 -0.01321061 0.03826330
v 0.05202864 -0.00158437 0.03498502
v 0.05098558 0.00388691 0.03810119
v 0.05023020 0.01057377 0.03846141
v 0.05164221 0.00838968 0.03502731
v 0.05130341 0.01422582 0.03403627
v 0.04991333 0.01620488 0.03693158
v 0.04948271 0.00604350 0.04053528
v 0.05082878 0.02767374 0.02540935
v 0.05023733 0.02234503 0.03256285
v 0.04899536 0.03017017 0.02866817
v 0.05496819 0.00182140 0.02118386
v 0.05578240 0.00720456 0.01555580
v 0.05475123 -0.00584682 0.02140047
v 0.04982296 -0.01834471 0.03604678
v 0.04981399 -0.02343804 0.03300751
v 0.05049697 -0.02629208 0.02843659
v 0.04163985 -0.03260381 0.03904015
v 0.04198343 -0.02736023 0.04249950
v 0.04192566 -0.01579100 0.04799516
v 0.04170801 -0.02155659 0.04591720
v 0.04183841 -0.00867188 0.04987474
v 0.04185523 -0.00143168 0.05057977
v 0.04176160 0.00597417 0.05034151
v 0.04181444 0.01841920 0.04716265
v 0.04173241 0.01298351 0.04899016
v 0.04904627 0.02280817 0.03485801
v 0.04182803 0.02628930 0.04338869
v 0.04183697 0.03284850 0.03864732
v 0.04180421 0.03837458 0.03327877
v 0.04166947 -0.03608277 0.03583878
v 0.04860567 -0.03073353 0.02883455
v 0.05148242 -0.03227869 0.01368710
v 0.05411716 -0.02601934 0.00259140
v 0.05509486 -0.01748211 0.01085533
v 0.05264719 0.02806087 -0.03623278
v 0.05943457 0.00284666 -0.03483560
v 0.04106173 -0.04209511 -0.03765204
v 0.04186059 -0.04966608 -0.00956700
v 0.04199053 -0.04788569 -0.01649149
v 0.04977760 -0.03927149 -0.00670155
v 0.04184198 -0.05064625 -0.00131200
v 0.04497524 -0.03968940 -0.03131532
v 0.04794142 -0.03607388 -0.03085086
v 0.04584344 -0.03763631 -0.03878110
v 0.04177840 -0.04210459 -0.03512135
v 0.04155882 -0.04350916 -0.03044625
v 0.05141290 -0.03032423 -0.03398286
v 0.05243547 -0.03289414 0.00044060
v 0.05117765 -0.03671851 -0.00447225
v 0.05397405 -0.02815288 -0.00860211
v 0.05346305 -0.02686204 -0.02911627
v 0.05637422 -0.01878833 -0.03144250
v 0.05649768 0.01838180 -0.03185469
v 0.05286779 0.03187837 -0.00460624
v 0.05544917 0.02230805 -0.00422239
v 0.05814345 0.01182246 -0.03221288
v 0.05780720 0.01094510 -0.00901358
v 0.05863804 0.00210310 -0.00927063
v 0.05901784 -0.00524090 -0.03025878
v 0.05835387 -0.00648332 -0.00915144
v 0.05813342 -0.01190106 -0.03229671
v 0.05675367 -0.01614007 -0.00330118
v 0.05378011 0.02613487 -0.02874220
v 0.05024039 0.03355756 -0.02649492
v 0.05092689 0.03729574 -0.00537797
v 0.04750218 0.04130547 -0.01288165
v 0.04534530 0.03929037 -0.03123140
v 0.04975050 0.03292895 -0.03459544
v 0.04177396 0.04971177 -0.00950483
v 0.04178291 0.04781790 -0.01713512
v 0.04177213 0.04221776 -0.03438448
v 0.04045479 0.04233736 -0.03871764
v 0.05434979 0.01542229 0.01778460
v 0.04860043 0.03938059 0.01432328
v 0.04856196 0.03619450 0.02149853
v 0.05027916 0.03579912 0.01485239
v 0.04193903 0.04750697 0.01745226
v 0.04189024 0.04492006 0.02349722
v 0.04971819 0.03277899 0.02318253
v 0.04196142 0.04117625 0.02945766
v 0.04190680 0.04936118 0.01140451
v 0.04893595 0.04088081 0.00636196
v 0.04186628 0.05054653 -0.00329978
v 0.04941276 0.04036621 -0.00211352
v 0.05047516 0.03793281 0.00565475
v 0.04174022 0.05039922 0.00616051
v 0.04196866 0.05055563 0.00125250
v 0.05160393 0.03283903 0.01159885
v 0.04858503 -0.04014144 0.01229656
v 0.05018213 -0.03840050 0.00741035
v 0.04985515 -0.03426653 0.02046221
v 0.05108753 -0.02874629 0.02234916
v 0.05393458 -0.01433642 0.02090187
v 0.04822698 -0.03644902 0.02196514
v 0.04903598 -0.04112972 0.00096388
v 0.04185507 -0.05053936 0.00398445
v 0.04176079 -0.04982524 0.00975454
v 0.04192318 -0.04830916 0.01513767
v 0.04174487 -0.04623234 0.02100862
v 0.04196708 -0.04301354 0.02668678
v 0.04177955 -0.03883720 0.03275076
v 0.05589422 0.01749817 0.00431437
v 0.05770988 0.00672009 0.00089267
v 0.05758722 -0.00003556 0.00516608
v 0.05733206 -0.00672535 0.00509001
v 0.04626022 -0.02301052 0.03290391
v 0.02985341 -0.00062068 -0.03235769
v 0.02983101 -0.00317635 -0.01474446
v 0.02989125 0.00007443 -0.01411309
v 0.02982325 -0.00250452 -0.01422537
v 0.02981662 -0.00792536 -0.03020336
v 0.02983824 -0.00537093 -0.02462727
v 0.02989588 0.00680977 -0.02755432
v 0.02991657 0.00341552 -0.03222806
v 0.02982300 0.00788508 -0.02993638
v 0.02982789 0.00716738 -0.03139757
v 0.02991243 -0.00727779 -0.03154192
v 0.02981731 0.00316228 -0.01464206
v 0.02989117 0.00377566 -0.01815202
v 0.02981434 0.03211484 -0.00263078
v 0.02983397 0.01503598 -0.00327915
v 0.02981471 0.01434566 -0.00273518
v 0.02983068 0.02984501 -0.00785730
v 0.02990538 0.02351068 -0.00518089
v 0.02982120 0.01428317 0.00267358
v 0.02984171 0.01496553 0.00325190
v 0.02991564 0.02360418 0.00523004
v 0.02981564 0.03129092 -0.00734254
v 0.02981453 0.03025084 0.00788277
v 0.02991554 0.03222422 0.00344732
v 0.02983007 0.03138347 0.00720436
v 0.02985341 0.00062063 0.03235768
v 0.02981537 0.00790842 0.03041883
v 0.02991804 0.00688311 0.02769945
v 0.02982918 0.00378106 0.01945596
v 0.02981784 -0.00276238 0.01435331
v 0.02981652 0.00267366 0.01430602
v 0.02983591 0.00332148 0.01503156
v 0.02983602 -0.00577165 0.02574073
v 0.02991541 -0.00341413 0.03222753
v 0.02981847 -0.00791238 0.03008739
v 0.02989444 0.00718305 0.03156380
v 0.02983255 -0.00329403 0.01504431
v 0.02989117 -0.00377566 0.01815202
v 0.02984199 -0.00730929 0.03136022
v 0.02986972 -0.01459570 -0.00323007
v 0.02982388 -0.01419304 -0.00241026
v 0.03011978 -0.01389840 -0.00241184
v 0.03003478 -0.01391161 0.00216216
v 0.03006904 -0.01403335 -0.00002720
v 0.02981604 -0.01432889 0.00273025
v 0.03004279 -0.01414424 0.00289846
v 0.02983620 -0.01499365 0.00327566
v 0.03015298 -0.01496002 0.00354622
v 0.02991805 -0.02769957 0.00688317
v 0.02983068 -0.02984497 0.00785728
v 0.03014721 -0.02979025 0.00811409
v 0.02992534 -0.02343825 0.00516971
v 0.02999894 -0.01811740 0.00383791
v 0.03010095 -0.00803462 0.03082018
v 0.03015257 -0.00811734 0.02979821
v 0.03016388 -0.00730062 0.03163062
v 0.03014779 -0.00354790 0.01496858
v 0.03015958 -0.00457449 0.02114276
v 0.03016848 -0.00646344 0.02661400
v 0.03016547 -0.00298150 0.01416944
v 0.02997572 -0.00228164 0.01394190
v 0.03003466 0.00216208 0.01391252
v 0.03006959 -0.00003206 0.01403343
v 0.03012391 0.00297150 0.01417160
v 0.03017109 0.00354495 0.01494582
v 0.03007747 0.00813767 0.02989881
v 0.03005848 0.00522522 0.02341846
v 0.02999894 0.00383792 0.01811749
v 0.03014863 0.00791628 0.03106935
v 0.03008795 0.03084082 0.00802280
v 0.03014480 0.03161819 0.00731579
v 0.03007956 0.02978749 0.00809605
v 0.03006908 0.01794744 0.00380987
v 0.03014523 0.01497788 0.00355075
v 0.03003021 0.02760059 0.00690568
v 0.03014374 0.01426608 0.00307586
v 0.03007825 0.01389765 0.00226664
v 0.03003922 0.01391381 -0.00227873
v 0.03006904 0.01403335 0.00002718
v 0.03012391 0.01434878 -0.00317497
v 0.03015362 0.01507664 -0.00356786
v 0.02999969 0.02768626 -0.00692327
v 0.03014721 0.02979025 -0.00811409
v 0.02999895 0.01811740 -0.00383791
v 0.03002734 0.03091121 -0.00798563
v 0.03015188 0.03166851 -0.00718522
v 0.02998294 0.00799711 -0.03081520
v 0.03015731 0.00730721 -0.03162701
v 0.03015608 0.00811617 -0.02978857
v 0.03014779 0.00354790 -0.01496857
v 0.02998175 0.00493835 -0.02269972
v 0.03012751 0.00307476 -0.01426969
v 0.02999374 0.00228248 -0.01392978
v 0.03007032 -0.00238931 -0.01390843
v 0.03008156 -0.00348024 -0.01475151
v 0.03006683 -0.00809402 -0.02980437
v 0.03014998 -0.00559074 -0.02450007
v 0.02999867 -0.00383362 -0.01809827
v 0.03008444 -0.00802554 -0.03083261
v 0.02990796 -0.01891624 -0.00394872
v 0.03007124 -0.01497760 -0.00352715
v 0.02991289 -0.02983566 -0.00803597
v 0.02991049 -0.02402044 -0.00536407
v 0.03003022 -0.02760066 -0.00690572
v 0.02985374 -0.03235682 0.00066539
v 0.02981946 -0.03108696 0.00755707
v 0.02991554 -0.03222422 -0.00344731
v 0.02981235 -0.03130475 -0.00731087
v 0.03003674 -0.03073235 -0.00803744
v 0.03013867 -0.03156167 -0.00744282
v 0.03001628 -0.03078561 0.00802242
v 0.02999835 -0.03158523 0.00729140
v 0.03014932 -0.00330930 -0.03232648
v 0.03011185 0.03248203 -0.00166321
v 0.03014931 0.00330927 0.03232647
v 0.03014158 -0.03231593 0.00336999
v 0.03798444 0.00012987 -0.03256199
v 0.03799319 0.03257051 0.00000001
v 0.03801389 -0.00119843 0.03259558
v 0.03799319 -0.03257051 -0.00000000
v 0.04602777 0.03286104 0.02211444
v 0.04547911 0.03231903 0.02102691
v 0.04428044 0.03032782 0.01984459
v 0.04570758 -0.02134814 0.03268994
v 0.04435397 -0.01984948 0.03034031
v 0.04303388 0.03811779 -0.02467905
v 0.04341364 -0.03753318 -0.02426050
v 0.04800000 -0.00645929 -0.01410591
v 0.04800000 -0.00742381 -0.02036500
v 0.04800000 -0.00996459 -0.02666114
v 0.04800000 -0.01157046 -0.02708930
v 0.04800000 -0.01736671 -0.02393283
v 0.04800000 -0.02347826 -0.01797651
v 0.04800000 -0.02715608 -0.01132348
v 0.04800000 -0.02638318 -0.00973290
v 0.04800000 -0.01842774 -0.00694759
v 0.04800000 -0.01371797 -0.00638016
v 0.04800000 -0.01163310 -0.00462419
v 0.04800000 -0.01039683 -0.00223261
v 0.04800000 -0.00309125 -0.00213667
v 0.04800000 -0.00205094 -0.00340813
v 0.04800000 -0.00227177 -0.01044685
v 0.04800000 -0.00508467 -0.01194721
v 0.04800000 -0.00983479 0.02652999
v 0.04800000 -0.00694761 0.01842784
v 0.04800000 -0.00638014 0.01371795
v 0.04800000 -0.00462411 0.01163303
v 0.04800000 -0.00223261 0.01039682
v 0.04800000 -0.00205628 0.00342493
v 0.04800000 -0.00306871 0.00212944
v 0.04800000 -0.01044685 0.00227176
v 0.04800000 -0.01194721 0.00508466
v 0.04800000 -0.01410589 0.00645927
v 0.04800000 -0.02036504 0.00742383
v 0.04800000 -0.02666109 0.00996454
v 0.04800000 -0.02708932 0.01157041
v 0.04800000 -0.02393288 0.01736667
v 0.04800000 -0.01797655 0.02347822
v 0.04800000 -0.01149846 0.02711954
v 0.04800000 0.02667250 0.00994745
v 0.04800000 0.01842790 0.00694761
v 0.04800000 0.01371788 0.00638011
v 0.04800000 0.01163310 0.00462420
v 0.04800000 0.01039683 0.00223261
v 0.04800000 0.00325959 0.00209100
v 0.04800000 0.00208478 0.00323930
v 0.04800000 0.00227313 0.01044077
v 0.04800000 0.00620607 0.01314101
v 0.04800000 0.00742381 0.02036500
v 0.04800000 0.00996459 0.02666114
v 0.04800000 0.01157046 0.02708931
v 0.04800000 0.01736671 0.02393284
v 0.04800000 0.02347827 0.01797651
v 0.04800000 0.02707355 0.01166695
v 0.04800000 0.00983479 -0.02652998
v 0.04800000 0.00694760 -0.01842783
v 0.04800000 0.00638014 -0.01371794
v 0.04800000 0.00462423 -0.01163313
v 0.04800000 0.00223262 -0.01039684
v 0.04800000 0.00209099 -0.00325962
v 0.04800000 0.00323929 -0.00208479
v 0.04800000 0.01044685 -0.00227176
v 0.04800000 0.01194721 -0.00508466
v 0.04800000 0.01410601 -0.00645931
v 0.04800000 0.02036504 -0.00742382
v 0.04800000 0.02666112 -0.00996459
v 0.04800000 0.02708932 -0.01157041
v 0.04800000 0.02393288 -0.01736666
v 0.04800000 0.01797655 -0.02347822
v 0.04800000 0.01149846 -0.02711954
v 0.04030000 -0.03795746 -0.06298646
v 0.02876542 -0.04398216 -0.06764060
v 0.05296674 -0.02746964 -0.06760643
v 0.04993645 -0.03208730 -0.06767631
v 0.03758786 -0.04079592 -0.06766751
v 0.04030000 0.03797943 -0.06290628
v 0.00320000 0.04655899 -0.06397677
v 0.00051037 0.04640022 -0.06447099
v 0.00320000 0.04468389 -0.06568325
v 0.00050324 0.04435187 -0.06562735
v 0.00050323 0.04267375 -0.06516235
v 0.00320000 0.04191977 -0.06450599
v 0.00050295 0.04171538 -0.06380434
v 0.00320000 0.04179509 -0.05699228
v 0.00050509 0.04182803 -0.05692083
v 0.00320000 0.04343149 -0.05564761
v 0.00050324 0.04351369 -0.05562508
v 0.00320000 0.04537910 -0.05582718
v 0.00050563 0.04545828 -0.05587323
v 0.00320000 0.04657121 -0.05731316
v 0.00050295 0.04658784 -0.05737478
v 0.00900000 0.04335529 -0.04800052
v 0.00051731 0.04341915 -0.04797643
v 0.00900000 0.04520874 -0.04825977
v 0.00050372 0.04525492 -0.04829876
v 0.00900000 0.04586994 -0.05016012
v 0.00051731 0.04585816 -0.05006533
v 0.00050372 0.04443121 -0.05126445
v 0.00900000 0.04358105 -0.05130789
v 0.00050214 0.04317622 -0.05095759
v 0.00050640 0.04243726 -0.04972311
v 0.00900000 0.04245342 -0.04963452
v 0.00900000 -0.04359993 -0.04793140
v 0.00050372 -0.04443121 -0.04791466
v 0.00050214 -0.04317622 -0.04822152
v 0.00900000 -0.04244166 -0.04939273
v 0.00050640 -0.04243726 -0.04945599
v 0.00900000 -0.04348418 -0.05127263
v 0.00050213 -0.04297372 -0.05078768
v 0.00050372 -0.04416707 -0.05128755
v 0.00900000 -0.04530973 -0.05080700
v 0.00051072 -0.04567065 -0.05044678
v 0.00900000 -0.04586976 -0.04948646
v 0.00050372 -0.04561439 -0.04872716
v 0.00900000 -0.04514947 -0.04823763
v 0.00320000 -0.04174422 -0.06397678
v 0.00050225 -0.04176862 -0.06404638
v 0.00320000 -0.04340802 -0.06558923
v 0.00050970 -0.04350125 -0.06561244
v 0.00320000 -0.04629026 -0.06471960
v 0.00050323 -0.04562947 -0.06516235
v 0.00050295 -0.04658784 -0.06380433
v 0.00320000 -0.04636197 -0.05656521
v 0.00050114 -0.04657975 -0.05734246
v 0.00050563 -0.04541767 -0.05584978
v 0.00320000 -0.04377194 -0.05554379
v 0.00050563 -0.04324966 -0.05568000
v 0.00320000 -0.04184259 -0.05688724
v 0.00050562 -0.04175725 -0.05716794
v 0.04030000 -0.03596954 -0.06452364
v 0.04029999 -0.03132819 -0.06435368
v 0.04030000 0.03608329 -0.06449308
v 0.04030000 0.03052732 -0.06454836
v 0.04030001 -0.00403076 -0.06454337
v 0.04030000 0.00430109 -0.06456681
v 0.04030000 -0.02012385 -0.03072627
v 0.04030005 -0.03291778 -0.06138944
v 0.04030000 -0.01649198 -0.03265425
v 0.04030002 -0.00214138 -0.03625140
v 0.04030000 -0.00209548 -0.06264905
v 0.04029999 0.00209375 -0.03642623
v 0.04030000 0.00216881 -0.06297508
v 0.04029994 0.01993629 -0.03036822
v 0.04030001 0.01650417 -0.03269100
v 0.04030003 0.03287569 -0.06124107
v 0.04029998 0.03214053 -0.06352279
v 0.00746762 -0.04766819 -0.06819322
v 0.05428560 -0.02783099 -0.06796856
v 0.03147642 -0.04475896 -0.06860711
v 0.05478683 -0.02857052 -0.06856494
v 0.02158257 -0.04666184 -0.06831374
v 0.03831752 -0.04149713 -0.06812318
v 0.04543148 -0.03676462 -0.06797247
v 0.01800182 -0.04602866 -0.06771667
v 0.05591110 0.02711340 -0.11956592
v 0.06234020 0.02690939 -0.11945821
v 0.05371697 0.03538912 -0.11955167
v 0.01936489 0.04744362 -0.11954888
v 0.03338942 0.04522724 -0.11954494
v 0.04975624 -0.02688257 -0.11958955
v 0.04051048 -0.03445906 -0.11958955
v 0.05603879 -0.02694754 -0.11954515
v 0.06861825 -0.00218862 -0.11954684
v 0.06493213 -0.00230958 -0.11956609
v 0.06804183 -0.01107081 -0.11954332
v 0.05972925 -0.00544912 -0.11958955
v 0.05589545 0.01787801 -0.11958955
v 0.05957035 0.00650337 -0.11958955
v 0.06494855 0.00196904 -0.11951748
v 0.06864664 0.00219736 -0.11954340
v 0.06795397 0.01190607 -0.11955007
v 0.03958716 0.03499214 -0.11958955
v 0.02661962 0.03965942 -0.11958955
v 0.05255215 -0.03631035 -0.11957180
v 0.06204746 -0.02703987 -0.11954658
v 0.02664927 -0.04668372 -0.11956646
v 0.03179020 -0.03822291 -0.11958955
v 0.02435159 -0.03983679 -0.11958955
v 0.04903107 0.02766411 -0.11958955
v 0.05737107 0.02506796 -0.11958955
v 0.05858407 0.02316655 -0.11946455
v 0.05737107 -0.02506796 -0.11958955
v 0.05635804 -0.01691743 -0.11958955
v 0.05856847 -0.02319225 -0.11945982
v 0.06443534 -0.02277254 -0.11955729
v 0.04484227 0.04090120 -0.11955368
v 0.06468138 0.02314491 -0.11945844
v 0.00800000 0.04591514 -0.12379825
v 0.00050213 0.04610030 -0.12397042
v 0.00051731 0.04736742 -0.12514834
v 0.00800000 0.04736156 -0.12539271
v 0.00800000 0.04644794 -0.12717859
v 0.00051072 0.04650884 -0.12710860
v 0.00050372 0.04478921 -0.12705234
v 0.00800000 0.04459448 -0.12691936
v 0.00051072 0.04390747 -0.12557240
v 0.00800000 0.04392247 -0.12517817
v 0.00050372 0.04481602 -0.12411129
v 0.00800000 -0.04540097 -0.12390936
v 0.00051071 -0.04623207 -0.12394474
v 0.00050641 -0.04442421 -0.12438525
v 0.00800000 -0.04420341 -0.12470152
v 0.00050214 -0.04397916 -0.12575024
v 0.00800000 -0.04411445 -0.12642080
v 0.00050371 -0.04457200 -0.12690024
v 0.00800000 -0.04546342 -0.12725930
v 0.00050371 -0.04596170 -0.12725909
v 0.00800000 -0.04695847 -0.12674971
v 0.00050372 -0.04712986 -0.12642516
v 0.00800000 -0.04713577 -0.12461156
v 0.00050214 -0.04727075 -0.12514088
v 0.06265716 0.00079487 -0.06961720
v 0.06489368 0.00086778 -0.07765058
v 0.06263332 -0.00079294 -0.06961414
v 0.06494248 -0.00087850 -0.07770953
v 0.06499432 0.00070598 -0.11318494
v 0.06500154 0.00089245 -0.11848232
v 0.06499112 -0.00092842 -0.11863180
v 0.06499404 -0.00073374 -0.11304932
v 0.05698249 -0.02563900 -0.11335796
v 0.05687691 -0.02578962 -0.11811431
v 0.03079122 -0.04648738 -0.10836517
v 0.04441965 -0.04146596 -0.10837087
v 0.00389166 -0.04106981 -0.10834707
v 0.00681861 -0.04005022 -0.10834687
v 0.05541283 -0.03438042 -0.10842766
v 0.00059460 -0.04454137 -0.10834759
v 0.06216720 -0.02696254 -0.10844310
v 0.02247086 -0.04806066 -0.10684108
v 0.03634650 -0.04533875 -0.10680822
v 0.05022469 -0.03786505 -0.10682891
v 0.00684818 -0.04005586 -0.10684688
v 0.00385907 -0.04106646 -0.10684706
v 0.06117688 -0.02742754 -0.10683966
v 0.04081045 -0.04346302 -0.09438050
v 0.02192041 -0.04862127 -0.09439817
v 0.04903699 -0.03886646 -0.09443480
v 0.00681861 -0.04005022 -0.09434687
v 0.00274999 -0.04171165 -0.09434719
v 0.06036379 -0.02755122 -0.09435009
v 0.02961821 -0.04699758 -0.09283538
v 0.01697076 -0.04890233 -0.09280617
v 0.00053270 -0.04474242 -0.09284773
v 0.04578228 -0.04013361 -0.09283748
v 0.05994042 -0.02727059 -0.09281804
v 0.00684818 -0.04005586 -0.09284688
v 0.00385907 -0.04106646 -0.09284706
v 0.02984817 -0.04627464 -0.08039735
v 0.01913316 -0.04802609 -0.08037846
v 0.03631322 -0.04445341 -0.08042768
v 0.04634253 -0.03901476 -0.08046555
v 0.00681861 -0.04005022 -0.08034687
v 0.05124878 -0.03502864 -0.08042876
v 0.00389166 -0.04106981 -0.08034706
v 0.05804442 -0.02721714 -0.08038337
v 0.00061053 -0.04451484 -0.08034831
v 0.00066734 -0.04451569 -0.07884768
v 0.01288530 -0.04782406 -0.07881949
v 0.02935231 -0.04587875 -0.07877257
v 0.03923303 -0.04209999 -0.07879587
v 0.05605361 -0.02806053 -0.07881278
v 0.04936122 -0.03535691 -0.07878537
v 0.00684818 -0.04005586 -0.07884688
v 0.00385907 -0.04106646 -0.07884707
v 0.05364072 -0.02577865 -0.06931311
v 0.05610855 -0.02580726 -0.07728061
v 0.05782512 -0.02438065 -0.11340083
v 0.05793206 -0.02421091 -0.11810872
v 0.06027802 -0.02414461 -0.07767893
v 0.05728309 -0.02421855 -0.06925362
v 0.05340543 0.02578755 -0.06917970
v 0.05619422 0.02579652 -0.07703336
v 0.05748571 0.02423718 -0.06963592
v 0.06010152 0.02417249 -0.07753301
v 0.05699249 0.02562615 -0.11339575
v 0.05685003 0.02582888 -0.11832027
v 0.05793589 0.02420484 -0.11814500
v 0.05783735 0.02436105 -0.11335801
v 0.03122527 0.04696769 -0.10675766
v 0.02015871 0.04870328 -0.10676926
v 0.00603726 0.04014199 -0.10683221
v 0.04495877 0.04129542 -0.10680773
v 0.00148870 0.04302850 -0.10683170
v 0.06199753 0.02690885 -0.10673191
v 0.05564896 0.03412322 -0.10672903
v 0.03442237 0.04586359 -0.10842044
v 0.01636733 0.04834538 -0.10835873
v 0.00052052 0.04489328 -0.10833135
v 0.05611365 0.03375429 -0.10841932
v 0.06216976 0.02693823 -0.10844494
v 0.04644167 0.04074434 -0.10841715
v 0.00270526 0.04197316 -0.10833188
v 0.00576369 0.04020785 -0.10833220
v 0.02090770 0.04724426 -0.07879551
v 0.00148870 0.04302850 -0.07883169
v 0.04343156 0.03952670 -0.07880354
v 0.03495939 0.04383291 -0.07879424
v 0.05600524 0.02806694 -0.07880470
v 0.00603726 0.04014199 -0.07883222
v 0.03049790 0.04618210 -0.08036152
v 0.01298886 0.04845937 -0.08036672
v 0.04743581 0.03814730 -0.08040807
v 0.00051699 0.04490044 -0.08033135
v 0.00576369 0.04020785 -0.08033220
v 0.05842829 0.02706100 -0.08038455
v 0.00270526 0.04197316 -0.08033189
v 0.01456969 0.04906093 -0.09277388
v 0.03415088 0.04581917 -0.09279598
v 0.04573537 0.04033101 -0.09281322
v 0.00603726 0.04014199 -0.09283222
v 0.05989724 0.02719864 -0.09278495
v 0.00148870 0.04302850 -0.09283169
v 0.04211877 0.04271490 -0.09435957
v 0.02768226 0.04791422 -0.09441312
v 0.01851751 0.04890258 -0.09437025
v 0.00043090 0.04506188 -0.09433132
v 0.05398907 0.03485031 -0.09438566
v 0.00576369 0.04020785 -0.09433220
v 0.06060278 0.02725609 -0.09437555
v 0.00270526 0.04197316 -0.09433189
v 0.06491520 0.02257187 -0.09432857
v 0.06641267 0.02081127 -0.10076138
v 0.06854557 0.01568797 -0.10682808
v 0.06422117 0.02410300 -0.09536434
v 0.06507375 0.02421073 -0.10538253
v 0.06565683 0.02320414 -0.10668579
v 0.06840828 0.01120419 -0.09433740
v 0.06950891 0.00637069 -0.10019208
v 0.06919237 0.00084544 -0.09558384
v 0.06904712 0.00195107 -0.09445035
v 0.06996442 0.00228241 -0.10680662
v 0.06995243 0.00091244 -0.10586951
v 0.06954665 0.00934444 -0.10683791
v 0.06164392 0.02406751 -0.08133287
v 0.06413996 0.01849816 -0.08033983
v 0.06210948 0.02278862 -0.08037888
v 0.06873246 0.00091358 -0.09187288
v 0.06692314 0.00089130 -0.08141432
v 0.06677919 0.00218949 -0.08039352
v 0.06883378 0.00228574 -0.09280729
v 0.06604646 0.01082530 -0.08033999
v 0.06814814 0.01146675 -0.09283731
v 0.06469041 0.02260955 -0.09284559
v 0.06366327 0.02414638 -0.09169746
v 0.06589559 -0.02273747 -0.10681336
v 0.06624739 -0.01969484 -0.09435704
v 0.06827068 -0.01651816 -0.10683626
v 0.06938522 -0.01148349 -0.10682078
v 0.06957059 -0.00488713 -0.10032949
v 0.06997243 -0.00166538 -0.10665037
v 0.06993292 -0.00076703 -0.10522196
v 0.06905483 -0.00180954 -0.09446630
v 0.06921122 -0.00080777 -0.09576219
v 0.06834555 -0.01117063 -0.09434154
v 0.06512713 -0.02415621 -0.10571364
v 0.06421634 -0.02420090 -0.09575112
v 0.06458885 -0.02317479 -0.09448993
v 0.06494643 -0.01974194 -0.08672274
v 0.06365804 -0.02415621 -0.09167563
v 0.06166372 -0.02418402 -0.08171023
v 0.06195575 -0.02312683 -0.08045966
v 0.06448420 -0.02289042 -0.09278397
v 0.06678248 -0.01717585 -0.09284271
v 0.06594040 -0.01148427 -0.08034629
v 0.06897151 -0.00512676 -0.09283055
v 0.06883497 -0.00201821 -0.09275981
v 0.06868854 -0.00081076 -0.09155382
v 0.06671637 -0.00182650 -0.08045487
v 0.06699280 -0.00080846 -0.08175870
v 0.06457353 -0.01692770 -0.08034267
v 0.05341903 -0.02596116 -0.06874923
v 0.05323426 -0.02652930 -0.06802060
v 0.05612102 -0.02712367 -0.07873134
v 0.05635968 -0.02635950 -0.07820869
v 0.01043359 -0.04892880 -0.07823724
v 0.05716889 -0.02816438 -0.07818235
v 0.05321321 -0.03312049 -0.07796150
v 0.04821698 -0.03758166 -0.07794802
v 0.03668771 -0.04422707 -0.07816505
v 0.04216941 -0.04170680 -0.07798942
v 0.01866579 -0.04827279 -0.07832010
v 0.05458845 -0.02616818 -0.06917520
v 0.05530372 -0.02692852 -0.06915126
v 0.05415154 -0.02695766 -0.06811977
v 0.05694804 -0.02615714 -0.07694525
v 0.05756406 -0.02740702 -0.07745174
v 0.05759458 -0.02753836 -0.07644644
v 0.05708870 -0.02373088 -0.06829999
v 0.05333722 0.02641751 -0.06811864
v 0.01482702 0.04892761 -0.07788927
v 0.02517920 0.04742765 -0.07829397
v 0.03570577 0.04455533 -0.07829262
v 0.04455513 0.04002576 -0.07817978
v 0.05329585 0.03281373 -0.07812656
v 0.05725863 0.02843334 -0.07781629
v 0.04985984 0.03537238 -0.07861204
v 0.05684680 0.02806940 -0.07843249
v 0.05613617 0.02618491 -0.07807872
v 0.05611214 0.02722558 -0.07874805
v 0.05459347 0.02713462 -0.06832378
v 0.05473081 0.02619822 -0.06922688
v 0.05553290 0.02718319 -0.06940036
v 0.05702959 0.02685269 -0.07805609
v 0.05764774 0.02778309 -0.07692260
v 0.05733307 0.02660415 -0.07681830
v 0.06172924 -0.00102158 -0.06855393
v 0.06325589 -0.00141933 -0.06887462
v 0.06200321 0.00104963 -0.06851342
v 0.06332861 0.00136079 -0.06909252
v 0.05703058 0.02399435 -0.06860480
v 0.05833149 0.02391001 -0.06941053
v 0.05564252 -0.03133170 -0.08073925
v 0.01127412 -0.04950244 -0.08099236
v 0.03049312 -0.04710031 -0.08099362
v 0.04091785 -0.04261795 -0.08062434
v 0.06258095 -0.02620148 -0.09500874
v 0.01127270 -0.04993911 -0.09481017
v 0.02261229 -0.04949496 -0.09499660
v 0.03846281 -0.04561729 -0.09508466
v 0.05973966 -0.02997416 -0.09492037
v 0.05481736 -0.03499164 -0.09482408
v 0.03304934 -0.04686106 -0.09455772
v 0.06146374 -0.02639648 -0.09233060
v 0.00977775 -0.04990767 -0.09238028
v 0.05039127 -0.03783022 -0.09250753
v 0.05621601 -0.03302713 -0.09220174
v 0.04681820 -0.04080709 -0.09209136
v 0.03969192 -0.04447492 -0.09246977
v 0.02881799 -0.04816056 -0.09236334
v 0.03648836 -0.04630140 -0.09183767
v 0.01914827 -0.04985755 -0.09186095
v 0.06340577 -0.02616998 -0.10617826
v 0.00717903 -0.04987935 -0.10622771
v 0.06004161 -0.03033120 -0.10637242
v 0.05590251 -0.03441901 -0.10649080
v 0.05098017 -0.03849562 -0.10638453
v 0.04602206 -0.04161809 -0.10645567
v 0.03890610 -0.04514039 -0.10636140
v 0.02950010 -0.04798067 -0.10638569
v 0.01729466 -0.04938886 -0.10647739
v 0.02910673 -0.04796132 -0.10915761
v 0.01347706 -0.04896582 -0.10856125
v 0.02470966 -0.04825355 -0.10868429
v 0.03556597 -0.04605434 -0.10883967
v 0.04225298 -0.04341323 -0.10876523
v 0.05013505 -0.03892217 -0.10869610
v 0.05899248 -0.03165237 -0.10879501
v 0.06687910 0.01892289 -0.11920169
v 0.06888127 0.01144492 -0.11901637
v 0.06509463 -0.02384668 -0.11883834
v 0.06922106 -0.00741869 -0.11909610
v 0.06672024 -0.01906596 -0.11926101
v 0.06834985 -0.01418588 -0.11903460
v 0.05886621 -0.03192214 -0.11905038
v 0.03123059 -0.04652534 -0.11916168
v 0.03984867 -0.04354952 -0.11941576
v 0.04751174 -0.04023748 -0.11925916
v 0.01776158 -0.04821983 -0.11925331
v 0.02652069 0.04753589 -0.11899664
v 0.03655756 0.04495309 -0.11931036
v 0.04586930 0.04159032 -0.11881549
v 0.05334023 0.03672196 -0.11904009
v 0.05919034 0.03117569 -0.11926662
v 0.03622324 0.04605921 -0.10639583
v 0.04353283 0.04316768 -0.10627525
v 0.01298177 0.04981153 -0.10621049
v 0.05024029 0.03870011 -0.10656101
v 0.06091521 0.02936120 -0.10632493
v 0.01492288 0.04953011 -0.10910028
v 0.03979220 0.04486188 -0.10913489
v 0.05116235 0.03863870 -0.10902596
v 0.05929530 0.03166514 -0.10900684
v 0.02596417 0.04796131 -0.10862757
v 0.06166775 0.02624352 -0.09219515
v 0.02429650 0.04914705 -0.09211051
v 0.03494816 0.04658900 -0.09224910
v 0.04250441 0.04337965 -0.09208600
v 0.04822613 0.03987539 -0.09207151
v 0.05298660 0.03618229 -0.09205648
v 0.05805700 0.03105591 -0.09221835
v 0.01221589 0.04993776 -0.09225921
v 0.02580312 0.04811439 -0.09269954
v 0.05411952 0.03391428 -0.09274623
v 0.06259723 0.02623532 -0.09498960
v 0.01081281 0.05018431 -0.09500483
v 0.05788612 0.03211093 -0.09493976
v 0.05055561 0.03868998 -0.09502842
v 0.04382370 0.04295412 -0.09497768
v 0.03689222 0.04563236 -0.09459130
v 0.01370264 0.04937500 -0.08095106
v 0.05488279 0.03188986 -0.08057461
v 0.03709687 0.04443989 -0.08061060
v 0.04281696 0.04155137 -0.08060779
v 0.02339189 0.04830298 -0.08081562
v 0.06500398 -0.00012909 -0.11363223
v 0.03617299 0.04349567 -0.04166078
v 0.03803137 0.04250742 -0.04023862
v 0.03916138 0.04194078 -0.03884762
v 0.03999233 0.04141328 -0.03697435
v 0.03946370 -0.04186501 -0.03839619
v 0.03622631 -0.04347380 -0.04163663
v 0.03836071 -0.04231779 -0.03991376
v 0.03459243 0.04479898 -0.04261678
v 0.03778476 0.04327444 -0.04101112
v 0.04063049 0.04196155 -0.03534793
v 0.04045488 0.04194915 -0.03703785
v 0.04125512 0.04208399 -0.03593668
v 0.04063459 0.04331302 -0.03014644
v 0.04135589 0.04354582 -0.03028897
v 0.04044446 0.04972666 -0.00757292
v 0.04066741 0.05042472 0.00484078
v 0.04076584 0.04539022 0.02266985
v 0.04095649 0.04779399 0.01731724
v 0.04094907 0.04867529 -0.01436043
v 0.04097108 0.05037761 -0.00551920
v 0.04113511 0.05081512 0.00083669
v 0.04096935 0.03912957 0.03244066
v 0.04076786 0.03355800 0.03812887
v 0.04113929 0.04954136 0.01136918
v 0.04121665 0.04286486 0.02737647
v 0.04128763 0.03544108 0.03652003
v 0.04121155 0.02811159 0.04234065
v 0.04049848 0.02550867 0.04352079
v 0.04104412 0.02364914 0.04489916
v 0.04111448 0.01902859 0.04705076
v 0.04072725 0.01272717 0.04897455
v 0.04070529 0.00583643 0.05026218
v 0.04107264 0.00135944 0.05072305
v 0.04104725 -0.00471185 0.05052891
v 0.04078764 -0.01013940 0.04963183
v 0.04120746 -0.01531462 0.04840241
v 0.04089038 -0.02150569 0.04588702
v 0.04138969 -0.02692985 0.04311750
v 0.04061176 -0.02762159 0.04236878
v 0.04053425 -0.03229379 0.03889043
v 0.04055030 -0.03926925 0.03197969
v 0.04069607 -0.04594792 0.02134540
v 0.04066520 -0.04965234 0.00994295
v 0.04054268 -0.04781954 -0.01639169
v 0.04072202 -0.04270167 0.02730537
v 0.04095704 -0.04847117 0.01532544
v 0.04091110 -0.05056452 0.00500178
v 0.04105487 -0.05074563 -0.00145543
v 0.04108404 -0.05015759 -0.00741928
v 0.04135917 -0.04293363 0.02730072
v 0.04114369 -0.04805358 -0.01677199
v 0.04092665 -0.04214443 -0.03530489
v 0.03913833 -0.04285758 -0.04012538
v 0.03661314 -0.04398585 -0.04194493
v 0.04058569 -0.04202667 -0.03696457
v -0.05637673 -0.03489100 -0.05626113
v -0.04900001 -0.03509335 -0.05643359
v -0.04900002 -0.02972733 -0.04713855
v -0.06089271 -0.02978108 -0.04733700
v -0.05801832 -0.03345505 -0.06198911
v -0.06431413 -0.02592440 -0.04930753
v -0.04900001 -0.02599242 -0.04932632
v -0.04900002 -0.03357546 -0.06237191
v -0.00000155 -0.05370238 -0.09837674
v -0.00000003 -0.05228660 -0.11763126
v -0.00000003 -0.05027210 -0.10683862
v -0.00000000 -0.04000001 -0.11958955
v -0.00000000 -0.04551847 -0.12345514
v -0.00000000 -0.04403270 -0.12415645
v 0.00000000 -0.04020336 -0.04341637
v -0.00000000 -0.04362804 -0.04738882
v -0.00000001 -0.03823240 -0.04635222
v -0.00000000 -0.04284653 -0.05134904
v 0.00000079 -0.03801196 -0.06272641
v -0.00000000 -0.04197531 -0.04933904
v -0.00000000 -0.04351717 -0.12572259
v -0.00000000 -0.04421845 -0.12720840
v -0.00000000 -0.04000001 -0.13258953
v 0.00000002 -0.05063662 -0.09283892
v 0.00000845 -0.04836508 -0.09439719
v -0.00002459 -0.04708115 -0.09284002
v 0.00000000 -0.05057006 -0.09681427
v 0.00000000 -0.04993422 -0.09537926
v -0.00000000 -0.04266866 -0.04259855
v -0.00000000 -0.04654936 -0.12766594
v -0.00000468 -0.05015142 -0.13256426
v -0.00000000 -0.04451057 -0.05557377
v -0.00000000 -0.04502277 -0.05159955
v -0.00000000 -0.04620282 -0.05019454
v 0.00000001 -0.04992510 -0.04278998
v -0.00000000 -0.04597977 -0.04838256
v -0.00000000 -0.04763437 -0.11940329
v -0.00000000 -0.04269448 -0.05597686
v -0.00000000 -0.04171470 -0.05740837
v -0.00000000 -0.04505812 -0.06552330
v -0.00000096 -0.04680065 -0.06762946
v -0.00000000 -0.04280219 -0.06527262
v -0.00003793 -0.03655876 -0.06758928
v -0.00000000 -0.04781295 -0.12564677
v -0.00000000 -0.04170867 -0.06379032
v -0.00000000 -0.04708475 -0.12397069
v -0.00000002 -0.04864913 -0.06904550
v -0.00000000 -0.05341076 -0.08511615
v -0.00000011 -0.05009011 -0.08251256
v -0.00000002 -0.04928346 -0.08112299
v -0.00000141 -0.04899823 -0.07768779
v 0.00001271 -0.04765637 -0.08035301
v -0.00000183 -0.04956865 -0.07621354
v -0.00000020 -0.05055677 -0.05631299
v -0.00000000 -0.04644432 -0.05678385
v -0.00000001 -0.04915870 -0.11770412
v 0.00000007 -0.04983300 -0.11054178
v -0.00000001 -0.04870993 -0.10894626
v -0.00000750 -0.04739928 -0.10835923
v -0.00004375 -0.04704234 -0.10684032
v -0.00000063 -0.04747740 -0.07873980
v -0.00000000 -0.04654974 -0.06396645
v -0.02000000 -0.04000001 -0.11958955
v -0.02000000 -0.04000001 -0.13258953
v -0.02840295 -0.03921094 -0.11958955
v -0.02944237 -0.03897369 -0.13258959
v -0.03958720 -0.03499210 -0.11958955
v -0.04051052 -0.03445901 -0.13258964
v -0.04903108 -0.02766410 -0.11958955
v -0.04975625 -0.02688256 -0.13258953
v -0.05589546 -0.01787798 -0.11958955
v -0.05635804 -0.01691741 -0.13258953
v -0.05957035 -0.00650336 -0.11958955
v -0.05972925 -0.00544914 -0.13258936
v -0.05972925 0.00544912 -0.11958955
v -0.05957035 0.00650337 -0.13258950
v -0.05635805 0.01691741 -0.11958955
v -0.05589546 0.01787797 -0.13258941
v -0.04975627 0.02688254 -0.11958955
v -0.04903110 0.02766408 -0.13258952
v -0.04253280 0.03304955 -0.11958955
v -0.04253280 0.03304955 -0.13258953
v -0.03514559 0.03713108 -0.11958955
v -0.03415313 0.03752059 -0.13258936
v -0.02596169 0.03955324 -0.11958955
v -0.02596169 0.03955324 -0.13258953
v -0.02000000 0.04000001 -0.11958955
v -0.02000000 0.04000001 -0.13258953
v -0.05067169 -0.02567701 -0.11324281
v -0.05055167 -0.02581801 -0.11052949
v -0.05693893 -0.02570221 -0.11328777
v -0.06277277 -0.02582153 -0.11050437
v -0.06178409 -0.02575025 -0.11754507
v -0.05903859 -0.02574985 -0.11954849
v -0.05690444 -0.02575000 -0.11958955
v -0.06073168 -0.02575037 -0.11889565
v -0.05190386 -0.02413019 -0.11027665
v -0.05176161 -0.02431584 -0.11322235
v -0.05786180 -0.02432331 -0.11337490
v -0.05790696 -0.02425000 -0.11958955
v -0.06063921 -0.02424997 -0.11946443
v -0.06263472 -0.02425004 -0.11803558
v -0.06416260 -0.02414896 -0.11037735
v -0.05787746 0.02429779 -0.11328779
v -0.05175610 0.02432300 -0.11324283
v -0.05185691 0.02418995 -0.11057103
v -0.06096573 0.02425003 -0.11943981
v -0.05790696 0.02425000 -0.11958955
v -0.06409580 0.02419444 -0.11060524
v -0.06280121 0.02425003 -0.11761490
v -0.05054728 0.02582445 -0.11048385
v -0.05080045 0.02552877 -0.11353662
v -0.05695347 0.02568242 -0.11337091
v -0.06171770 0.02574947 -0.11791619
v -0.06291169 0.02576071 -0.11102454
v -0.05690444 0.02575000 -0.11958955
v -0.05962780 0.02575013 -0.11946724
v -0.07271364 0.00088868 -0.11022203
v -0.05999165 0.00085608 -0.11033291
v -0.06499265 0.00073483 -0.11316191
v -0.05999793 0.00061720 -0.11337582
v -0.07045455 0.00075060 -0.11891193
v -0.07139359 0.00076464 -0.11754730
v -0.06499375 0.00075000 -0.11958955
v -0.06908519 0.00075001 -0.11955583
v -0.06977041 -0.00075103 -0.11941896
v -0.06499375 -0.00075001 -0.11958955
v -0.06499394 -0.00074253 -0.11305483
v -0.05999570 -0.00058872 -0.11345284
v -0.05999089 -0.00084134 -0.11038853
v -0.07265698 -0.00081256 -0.11055358
v -0.07131524 -0.00075741 -0.11783483
v -0.04522692 -0.04556770 -0.09703617
v -0.04484617 -0.04552910 -0.10683904
v -0.04883163 -0.04323859 -0.10683897
v -0.04978720 -0.04280028 -0.09659448
v -0.05327039 -0.03984045 -0.09671317
v -0.05540872 -0.03699010 -0.10683931
v -0.05681630 -0.03592211 -0.09662171
v -0.06454450 -0.02583736 -0.09651958
v -0.04177500 -0.04692042 -0.09648848
v -0.03953384 -0.04747197 -0.10683836
v -0.04549620 -0.04481271 -0.08247022
v -0.03981437 -0.04689671 -0.08228917
v -0.04397253 -0.04613289 -0.09283811
v -0.04912809 -0.04336767 -0.09283902
v -0.04930756 -0.04266047 -0.08247163
v -0.05976048 -0.03253927 -0.08241797
v -0.05349522 -0.03935337 -0.08243522
v -0.05340756 -0.03985737 -0.09283631
v -0.05812042 -0.03466830 -0.09283844
v -0.04052138 -0.04682763 -0.11049377
v -0.03935344 -0.04666184 -0.11767804
v -0.04468692 -0.04528040 -0.11073442
v -0.04525947 -0.04435052 -0.11782671
v -0.04903316 -0.04270285 -0.11077524
v -0.05040464 -0.04086920 -0.11760973
v -0.05278674 -0.03927999 -0.11069500
v -0.05595191 -0.03561108 -0.11102539
v -0.05496785 -0.03565681 -0.11774644
v -0.05573229 0.03647694 -0.10683885
v -0.05443001 0.03869444 -0.09687573
v -0.06049776 0.03131222 -0.09736939
v -0.05176154 0.04089682 -0.10683955
v -0.05066958 0.04217577 -0.09703819
v -0.04672565 0.04457008 -0.10683887
v -0.04847387 0.04357725 -0.09627216
v -0.04383935 0.04622718 -0.09681519
v -0.03969165 0.04743236 -0.10683756
v -0.06232025 0.02747704 -0.10666930
v -0.05983759 0.03247193 -0.08262067
v -0.05530123 0.03793913 -0.09283895
v -0.05340504 0.03951732 -0.08273271
v -0.05037175 0.04242339 -0.09283882
v -0.04899905 0.04297607 -0.08307637
v -0.04430230 0.04601398 -0.09283859
v -0.04121363 0.04647131 -0.08239587
v -0.04547728 0.04486136 -0.08257712
v -0.06313139 0.02808480 -0.09280702
v -0.05330181 0.03768517 -0.11790727
v -0.05491923 0.03685248 -0.11071749
v -0.05076873 0.04055297 -0.11740348
v -0.05126297 0.04083503 -0.11084100
v -0.04801234 0.04339111 -0.11097458
v -0.04733934 0.04314776 -0.11766379
v -0.04334455 0.04530246 -0.11763474
v -0.04069258 0.04683359 -0.11102972
v -0.04473072 0.04525774 -0.11077619
v -0.02010399 -0.05008187 -0.09637106
v -0.03347420 -0.04890404 -0.09658514
v -0.03060554 -0.04908971 -0.10683910
v -0.01831389 -0.04993813 -0.10683841
v -0.01885924 -0.04968284 -0.08230831
v -0.03076188 -0.04929997 -0.09283905
v -0.03077619 -0.04872044 -0.08260012
v -0.01833840 -0.05027728 -0.09283736
v -0.03850782 -0.04788101 -0.09283806
v -0.01955951 -0.04955995 -0.11138866
v -0.02065213 -0.04890684 -0.11745019
v -0.03050136 -0.04824844 -0.11738560
v -0.02499316 -0.04924802 -0.11063334
v -0.03491651 -0.04814745 -0.11075312
v -0.00000000 0.05054015 -0.09657584
v -0.01961751 0.05014946 -0.09667186
v -0.01867325 0.04993021 -0.10683860
v -0.03109344 0.04919093 -0.09655282
v -0.03083971 0.04905494 -0.10683867
v -0.03811578 0.04800855 -0.09701659
v 0.00000001 0.05026113 -0.10683678
v -0.00000006 0.05010170 -0.08254528
v -0.01898045 0.04966895 -0.08229186
v -0.01805198 0.05030056 -0.09283798
v -0.03257880 0.04844832 -0.08235183
v -0.03089067 0.04927872 -0.09283790
v -0.03868026 0.04783840 -0.09283758
v 0.00000005 0.05063752 -0.09283274
v -0.01939627 0.04956046 -0.11083736
v -0.03258658 0.04853866 -0.11080526
v -0.03028898 0.04820140 -0.11774739
v -0.03790243 0.04698243 -0.11764803
v -0.02053631 0.04892462 -0.11741652
v -0.00000000 0.04916411 -0.11769004
v 0.00000007 0.04983159 -0.11053370
v -0.06448340 0.02586612 -0.09635302
v -0.06372671 0.02583027 -0.10475140
v -0.06509445 0.02314729 -0.10891428
v -0.06685361 0.02082803 -0.10829584
v -0.06565282 0.02006461 -0.11783826
v -0.07289732 0.00253589 -0.10850839
v -0.07049234 0.00651350 -0.11784291
v -0.06842504 0.01343318 -0.11775750
v -0.07152893 0.00932168 -0.10833950
v -0.07291321 -0.00220941 -0.10863156
v -0.07052834 -0.00641540 -0.11783244
v -0.07152171 -0.00937678 -0.10833935
v -0.06690743 -0.02074075 -0.10830535
v -0.06582274 -0.01977217 -0.11781989
v -0.06880862 -0.01218139 -0.11785910
v -0.06326000 -0.02785239 -0.09274698
v -0.06476600 -0.02593784 -0.09119748
v -0.06529207 -0.02290061 -0.10876963
v -0.06496824 0.02591330 -0.08221304
v -0.06475446 0.02595176 -0.09125596
v -0.06935580 0.02011127 -0.07652599
v -0.07292780 0.01228066 -0.06968434
v -0.07431962 0.00899765 -0.07654374
v -0.07470474 0.00740144 -0.06965492
v -0.07559917 0.00375918 -0.07002577
v -0.07566506 0.00359460 -0.07619873
v -0.06666576 0.02364397 -0.07628054
v -0.06898008 0.02059882 -0.06970623
v -0.06667165 0.02348868 -0.06968360
v -0.06878989 -0.02074482 -0.06942012
v -0.06647462 -0.02365096 -0.06964039
v -0.06664170 -0.02365974 -0.07628743
v -0.06896140 -0.02067318 -0.07670682
v -0.07214540 -0.01411593 -0.06969026
v -0.07297944 -0.01238757 -0.07660612
v -0.07444283 -0.00829133 -0.06969895
v -0.07492650 -0.00685777 -0.07665662
v -0.07553976 -0.00397544 -0.06972292
v -0.07561495 -0.00399630 -0.07636692
v -0.06502144 -0.02586943 -0.08235303
v -0.06491101 0.01968275 -0.11888636
v -0.06388465 0.01914986 -0.11952158
v -0.06511051 -0.01933459 -0.11888137
v -0.06917619 -0.00756345 -0.11914466
v -0.06414896 -0.01870729 -0.11951645
v -0.06732560 -0.01028281 -0.11953966
v -0.05097647 -0.03765212 -0.11952343
v -0.05425436 -0.03518674 -0.11886930
v -0.06820024 0.02002599 -0.06827457
v -0.07304193 0.00882995 -0.06805656
v -0.07514527 0.00329503 -0.06890190
v -0.07434857 0.00346585 -0.06810805
v -0.06565988 0.02300908 -0.06823105
v -0.07320575 0.00380797 -0.06760576
v -0.06563700 0.02157785 -0.06763798
v -0.07489216 -0.00352359 -0.06855818
v -0.07281479 -0.01070765 -0.06843375
v -0.06567287 -0.02324359 -0.06840964
v -0.06741310 -0.01983215 -0.06776974
v -0.07404546 -0.00339336 -0.06791511
v -0.07199486 -0.01046441 -0.06785154
v -0.06516004 -0.02200960 -0.06766031
v -0.07301876 -0.00372732 -0.06758959
v -0.04900000 0.03214705 -0.06456535
v -0.00014072 -0.00393774 -0.06458955
v -0.04900000 0.03592099 -0.06454373
v -0.00000000 0.03603941 -0.06451314
v -0.05931140 -0.03216780 -0.06452731
v -0.04900003 -0.03262950 -0.06442702
v -0.06847011 -0.02137966 -0.06458893
v -0.04900001 -0.00312620 -0.06453505
v -0.05935505 0.03212145 -0.06454670
v -0.04900001 0.00318763 -0.06454333
v -0.06860549 0.02113178 -0.06458617
v -0.00259538 -0.00711805 -0.06458955
v -0.02606153 -0.00756716 -0.06458955
v -0.04900000 -0.03591537 -0.06456276
v -0.02685099 -0.03227252 -0.06458955
v -0.02978807 -0.02940167 -0.06458955
v -0.02832938 -0.00870540 -0.06458955
v -0.07357045 -0.01074849 -0.06458962
v -0.07558807 -0.00304388 -0.06445369
v -0.00011148 -0.03617677 -0.06452260
v -0.00280550 -0.03278694 -0.06458955
v -0.07377087 0.01031032 -0.06458938
v -0.07556871 0.00331268 -0.06452504
v -0.02985928 -0.01106227 -0.06458955
v -0.04900000 -0.00000000 -0.06458955
v -0.05803933 0.03339982 -0.06185354
v -0.05810994 0.03342859 -0.06339260
v -0.07192894 0.01180686 -0.03982030
v -0.06771289 0.02201218 -0.04212327
v -0.06852150 0.01817436 -0.03547957
v -0.07367790 0.00566974 -0.04093109
v -0.07564881 0.00208747 -0.06336092
v -0.07421639 0.00200011 -0.04138787
v -0.06853981 0.01661886 -0.03487678
v -0.04900001 0.01641083 -0.03489183
v -0.04900004 0.00999687 -0.03723966
v -0.07202373 0.00784741 -0.03773697
v -0.04900001 0.00324389 -0.03841309
v -0.07306777 0.00332671 -0.03838819
v -0.07351692 0.00216275 -0.03935355
v -0.06850027 -0.01818755 -0.03549146
v -0.06856131 -0.02007462 -0.03915267
v -0.07167263 -0.01256375 -0.03961853
v -0.06911496 -0.01893705 -0.04206400
v -0.07399735 -0.00480580 -0.04156323
v -0.07564158 -0.00203786 -0.06311923
v -0.06902562 -0.01934815 -0.04577684
v -0.07422520 -0.00200009 -0.04141719
v -0.06744809 -0.02237772 -0.04866968
v -0.07308318 -0.00326016 -0.03840845
v -0.04900003 -0.00301151 -0.03849201
v -0.07207455 -0.00767397 -0.03777374
v -0.04900004 -0.00999649 -0.03723991
v -0.06853263 -0.01662619 -0.03486951
v -0.04900001 -0.01644354 -0.03488686
v -0.07354790 -0.00212503 -0.03943665
v -0.05493968 -0.03685490 -0.03564053
v -0.05273199 -0.03815934 -0.04676893
v -0.05988147 -0.03096195 -0.04410344
v -0.05453501 -0.03668435 -0.05661021
v -0.05285730 -0.03807177 -0.05541077
v -0.04831279 -0.04129545 -0.04291788
v -0.04767663 -0.04183777 -0.04112798
v -0.04491230 -0.04291240 -0.04256621
v -0.05117512 -0.03937607 -0.04421739
v -0.04900489 -0.04153149 -0.03831844
v -0.04900206 -0.04354066 -0.02846532
v -0.05243814 -0.04082438 -0.02670957
v -0.05645444 -0.03694697 -0.02519226
v -0.06337083 -0.02734898 -0.03752125
v -0.06654101 -0.02383221 -0.03692100
v -0.06750640 -0.02265657 -0.03510231
v -0.06075004 -0.03012841 -0.04004954
v -0.05847867 -0.03481444 -0.02308534
v -0.06219795 -0.02951800 -0.02995074
v -0.04899991 -0.02783320 -0.02669236
v -0.06127620 -0.02714692 -0.02744815
v -0.04900004 -0.02183149 -0.03186153
v -0.06595229 -0.02177291 -0.03195662
v -0.04900000 -0.03180563 -0.02188486
v -0.05798383 -0.03184509 -0.02182847
v -0.06680218 -0.02165955 -0.03342748
v -0.05791336 -0.03354438 -0.02167379
v -0.04900002 -0.03811663 -0.05513030
v -0.04900001 -0.03796111 -0.06297172
v -0.05816356 -0.03337558 -0.06348933
v -0.05456840 0.03665427 -0.05661879
v -0.05290438 0.03803360 -0.05544798
v -0.05527207 0.03584864 -0.04695830
v -0.05258635 0.03819112 -0.04669114
v -0.05641038 0.03485024 -0.05623020
v -0.05868114 0.03473010 -0.02359108
v -0.05470424 0.03670374 -0.03844125
v -0.05226294 0.04100268 -0.02715397
v -0.05101552 0.04063628 -0.03464786
v -0.04900111 0.04353980 -0.02847260
v -0.04877014 0.04140757 -0.03951092
v -0.04735799 0.04184040 -0.04273172
v -0.05111545 0.03943736 -0.04411010
v -0.04565087 0.04263732 -0.04248005
v -0.06757021 0.02265349 -0.03519337
v -0.06228645 0.02940582 -0.03003296
v -0.00500000 0.04578473 -0.12772398
v -0.00000000 0.04551851 -0.12772398
v -0.00000000 0.04754055 -0.12683424
v -0.00500000 0.04741110 -0.12689464
v -0.00500000 0.04754055 -0.12434486
v -0.00000000 0.04720543 -0.12394549
v -0.00500000 0.04514270 -0.12345882
v -0.00000000 0.04504672 -0.12353832
v -0.00000000 0.04354124 -0.12488738
v -0.00500000 0.04373658 -0.12463764
v -0.00500000 0.04376267 -0.12683424
v -0.00000000 0.04403271 -0.12702265
v -0.06143133 -0.03023526 -0.07608841
v -0.06111229 -0.03036104 -0.07014786
v -0.05545441 -0.03707088 -0.07652494
v -0.05417049 -0.03787981 -0.06967097
v -0.04189384 -0.04479648 -0.06897201
v -0.04225797 -0.04560811 -0.07608521
v -0.04453221 -0.04397296 -0.06944883
v -0.04844261 -0.04271569 -0.07644060
v -0.04854843 -0.04197375 -0.06947830
v -0.05218649 -0.04004437 -0.07642676
v -0.04083683 0.04599837 -0.07637290
v -0.04454469 0.04407537 -0.06983890
v -0.04537892 0.04431297 -0.07617457
v -0.04928799 0.04216834 -0.07641193
v -0.05030860 0.04092867 -0.06959737
v -0.05341480 0.03902064 -0.07660390
v -0.05511685 0.03681580 -0.06934477
v -0.05766452 0.03469525 -0.07625985
v -0.06091756 0.03050192 -0.06967319
v -0.06141809 0.03026003 -0.07606698
v -0.03452817 -0.04673070 -0.06945894
v -0.03436409 -0.04751723 -0.07636981
v -0.02792238 -0.04759239 -0.06923201
v -0.02329537 -0.04890330 -0.07613569
v -0.01616651 -0.04860926 -0.06949180
v -0.00000330 0.04956544 -0.07638204
v -0.00000220 0.04884937 -0.06949604
v -0.02245661 0.04823438 -0.06946203
v -0.02385192 0.04885021 -0.07637655
v -0.03594330 0.04653732 -0.06961462
v -0.03476556 0.04744388 -0.07637042
v -0.06200618 -0.02788611 -0.10675481
v -0.06360505 -0.02593146 -0.10522178
v -0.03860703 -0.04962274 -0.12093080
v -0.03100059 -0.05082951 -0.12109701
v -0.03317255 -0.05157209 -0.11094073
v -0.02209856 -0.04986881 -0.13259155
v -0.02006501 -0.05023626 -0.13025975
v -0.04002990 -0.04729250 -0.04306287
v -0.04492716 -0.04600756 -0.04338568
v -0.04483808 -0.04594654 -0.04490922
v -0.03843344 -0.04753758 -0.04506435
v -0.03343290 -0.04838629 -0.04302753
v -0.02943105 -0.04890545 -0.04490240
v -0.02345909 -0.04950445 -0.04336223
v -0.01582203 -0.04989683 -0.04499082
v -0.00973180 -0.05003702 -0.04302971
v -0.00499994 -0.05010534 -0.04497239
v -0.00499995 -0.05021053 -0.04983076
v -0.01764503 -0.05268115 -0.11103843
v -0.00500000 -0.05162086 -0.12135413
v -0.00499999 -0.05107543 -0.12622809
v -0.00500008 -0.05042915 -0.13043797
v -0.02939717 -0.04980933 -0.13046862
v -0.03460263 -0.04897424 -0.13258949
v -0.04286339 -0.04712205 -0.13045818
v -0.04351112 -0.04659254 -0.13259022
v -0.03842966 -0.04841771 -0.13026328
v -0.01999758 -0.05152446 -0.12109599
v -0.04247457 -0.04982179 -0.10575791
v -0.04335523 -0.04819962 -0.12095571
v -0.00500071 -0.05044862 -0.05424346
v -0.01335989 -0.05025059 -0.05413807
v -0.03921936 -0.05088307 -0.09751620
v -0.02508118 -0.05291551 -0.09567811
v -0.01303961 -0.05314627 -0.08450560
v -0.03702946 -0.05098120 -0.08488061
v -0.04341012 -0.04625071 -0.05413321
v -0.04248499 -0.04946910 -0.08425976
v -0.03930036 -0.04741396 -0.05424624
v -0.03210212 -0.04875215 -0.05413106
v -0.03284595 -0.05207552 -0.09692276
v -0.02494872 -0.05240867 -0.08268566
v -0.02334749 -0.04969434 -0.05414813
v -0.00000118 0.05010014 -0.04315414
v -0.00499994 0.05010179 -0.04502824
v -0.01654235 0.04981637 -0.04511326
v -0.01686062 0.04979213 -0.04298146
v -0.03186913 0.04865401 -0.04484805
v -0.02976065 0.04886888 -0.04308350
v -0.03858730 0.04759964 -0.04314875
v -0.04140158 0.04691709 -0.04495145
v -0.04487959 0.04602761 -0.04348761
v -0.00000005 0.05089778 -0.05989718
v -0.00500048 0.05041294 -0.05411397
v -0.00499971 0.05032245 -0.05379222
v -0.03984983 0.05023418 -0.11190443
v -0.03209047 0.05068290 -0.12109849
v -0.03857053 0.04951971 -0.12122355
v -0.00500000 0.05043091 -0.13032590
v -0.00499997 0.05159821 -0.12142876
v -0.00000001 0.05198227 -0.12024853
v -0.00000022 0.05013237 -0.13258578
v -0.02514154 0.04977842 -0.13259050
v -0.03292803 0.04935216 -0.13030700
v -0.02380591 0.05014789 -0.13035414
v -0.03647478 0.04855497 -0.13258900
v -0.03804939 0.04851571 -0.13041727
v -0.04211652 0.04711225 -0.13259026
v -0.04267647 0.04714805 -0.13013706
v -0.02455615 0.05261029 -0.10862487
v 0.00000010 0.05370820 -0.09813398
v -0.00500244 0.05188077 -0.12085673
v -0.02241361 0.05313432 -0.09644542
v -0.01166143 0.05319323 -0.08466535
v 0.00000001 0.05310195 -0.08192510
v -0.01317877 0.05022382 -0.05401237
v -0.03249676 0.05212636 -0.09689870
v -0.02429392 0.05140749 -0.12088033
v -0.03395451 0.04839107 -0.05397026
v -0.02447159 0.04961429 -0.05418300
v -0.03720619 0.05084322 -0.08351883
v -0.02485956 0.05241491 -0.08266897
v -0.04115699 0.04700776 -0.05432862
v -0.04039866 0.04774644 -0.06128642
v -0.04423935 0.04780370 -0.12117096
v -0.04075038 0.05051873 -0.09809898
v -0.04529497 0.04855692 -0.08582335
v -0.04773591 -0.04463193 -0.05414557
v -0.05701569 -0.03463768 -0.13258663
v -0.05251230 -0.04052354 -0.13258971
v -0.05695135 -0.03872211 -0.11497357
v -0.04808942 -0.04485117 -0.04219394
v -0.05035601 -0.04339894 -0.04522730
v -0.05024727 -0.04405150 -0.03950251
v -0.05368473 -0.04107134 -0.04684979
v -0.05476040 -0.04020021 -0.04864743
v -0.05394989 -0.04084969 -0.05201846
v -0.05487192 -0.04013253 -0.05019880
v -0.05660835 -0.03887171 -0.05704547
v -0.05008062 -0.04453083 -0.12119091
v -0.04678790 -0.04659827 -0.12105665
v -0.04743344 -0.04728115 -0.11194237
v -0.05191056 -0.04272779 -0.12269983
v -0.05292510 -0.04388286 -0.10730960
v -0.04851364 -0.04393636 -0.13258973
v -0.05113830 -0.04247337 -0.12818581
v -0.05299811 -0.04140912 -0.12493170
v -0.04776497 -0.04478458 -0.13011858
v -0.06169544 -0.03126881 -0.11775156
v -0.04792581 -0.04736539 -0.08637056
v -0.05332224 -0.04383284 -0.08664635
v -0.04786580 -0.04760298 -0.10084018
v -0.05204717 -0.04228068 -0.05354487
v -0.05904173 -0.03629927 -0.04535115
v -0.06132261 -0.03462347 -0.06707785
v -0.06264982 -0.03381075 -0.09217001
v -0.05764436 -0.03983109 -0.08680365
v -0.05756295 -0.03943199 -0.10260592
v -0.05263585 0.04044335 -0.13259028
v -0.05795036 0.03314791 -0.13258938
v -0.05685164 0.03807037 -0.11923443
v -0.05182057 0.04247000 -0.04563111
v -0.05420155 0.04067350 -0.04741503
v -0.05589058 0.03940995 -0.04459933
v -0.04715949 0.04507709 -0.04487622
v -0.04929652 0.04438761 -0.04076293
v -0.05284786 0.04215916 -0.04095534
v -0.05252506 0.04357348 -0.11345319
v -0.05217829 0.04244025 -0.12308799
v -0.05273225 0.04171607 -0.12449394
v -0.05170923 0.04211396 -0.12763557
v -0.05051591 0.04296822 -0.12902975
v -0.04852579 0.04393274 -0.13258977
v -0.04723818 0.04507707 -0.13018583
v -0.05684343 0.03863242 -0.05703345
v -0.05395917 0.04086089 -0.05198320
v -0.05219137 0.04218470 -0.05347020
v -0.05488257 0.04011206 -0.04917394
v -0.05780494 0.03958774 -0.08587368
v -0.06299844 0.03345153 -0.09102619
v -0.06319638 0.03194136 -0.05726214
v -0.05843171 0.03721063 -0.03944683
v -0.04741138 0.04482520 -0.05427747
v -0.04957266 0.04639152 -0.08651429
v -0.05347812 0.04371186 -0.08693468
v -0.04874248 0.04551135 -0.12098745
v -0.04731828 0.04728219 -0.11262565
v -0.04775107 0.04767542 -0.10091295
v -0.05315894 0.04391935 -0.10173913
v -0.06184110 0.03129147 -0.11676873
v -0.06189328 0.03288111 -0.10919911
v -0.05762956 0.03946432 -0.10185522
v -0.00000000 0.04440219 -0.05176584
v -0.00000000 0.04311449 -0.05569671
v -0.00000000 0.04605202 -0.05062062
v -0.00000045 0.04949036 -0.04261567
v -0.00000001 0.04232396 -0.04262077
v -0.00000000 0.04447662 -0.04738931
v -0.00000000 0.04171529 -0.05734972
v -0.00000000 0.04000001 -0.13258953
v -0.00000000 0.04000001 -0.11958955
v 0.00000000 0.04764162 -0.11939698
v -0.00000000 0.04245913 -0.04824414
v -0.00000001 0.04958761 -0.09502801
v -0.00000002 0.04873360 -0.10896310
v -0.00011782 0.04596404 -0.09283989
v 0.00000306 0.04814513 -0.09433296
v -0.00007599 0.04664333 -0.10684010
v -0.00000609 0.04740776 -0.10836018
v 0.00000001 0.03973020 -0.04381399
v -0.00000002 0.04717498 -0.06775266
v -0.00000000 0.03797944 -0.06290625
v -0.00000000 0.04616302 -0.04879652
v -0.00000000 0.04189417 -0.06443781
v -0.00000000 0.04212921 -0.05060308
v -0.00000001 0.03822394 -0.04649668
v -0.00000000 0.04528481 -0.05580975
v -0.00012735 -0.00397965 -0.06758954
v -0.00000000 0.04408347 -0.06566257
v -0.00000000 0.04653787 -0.05716407
v -0.00000000 0.04641925 -0.06446838
v -0.00000007 0.04925644 -0.08110065
v -0.00000082 0.04885375 -0.07780913
v 0.00001596 0.04769534 -0.08035834
v -0.00000813 0.04732191 -0.07877788
v -0.04900060 -0.03738000 -0.00941447
v -0.04900001 -0.03859061 -0.00279184
v -0.05559805 -0.03855041 -0.00285527
v -0.04900010 -0.03483302 -0.01666530
v -0.05539332 -0.03720841 -0.01027912
v -0.05628303 -0.03485648 -0.01655461
v -0.05625800 -0.04184493 -0.00355294
v -0.05593008 -0.03996782 -0.00202012
v -0.05614111 -0.04111671 -0.00257889
v -0.05611921 -0.04109125 -0.00915046
v -0.05688182 -0.03820589 -0.01754352
v -0.05693077 -0.03671164 -0.01824846
v -0.05675390 -0.03537519 -0.01805719
v -0.04900144 -0.04830904 -0.01160159
v -0.04900172 -0.04532297 -0.02211423
v -0.05202810 -0.04262003 -0.02071745
v -0.04900021 -0.04943628 -0.00361530
v -0.05776992 -0.03765332 0.01858789
v -0.05628040 -0.03999422 0.01823496
v -0.05706907 -0.04114557 0.00943402
v -0.04900004 -0.03482803 0.01665556
v -0.05696097 -0.03484425 0.01654646
v -0.05658534 -0.03664306 0.01195313
v -0.04900013 -0.03724477 0.00998564
v -0.05594818 -0.03861664 0.00271445
v -0.04900002 -0.03840085 0.00330383
v -0.05735496 -0.03551948 0.01822326
v -0.05758997 -0.03655707 0.01862439
v -0.05667108 -0.04193112 0.00356229
v -0.05653289 -0.04147645 0.00267777
v -0.05623188 -0.04023308 0.00202255
v -0.04899998 -0.04955393 0.00353616
v -0.04900043 -0.04859126 0.01214457
v -0.04900065 -0.04512136 0.02179579
v -0.05807929 -0.03514450 0.02276470
v -0.05628891 -0.03673824 0.02547901
v -0.05708903 -0.03621370 0.02398392
v -0.05860634 -0.02831640 0.03129667
v -0.05632438 -0.03175901 0.03261650
v -0.04900002 -0.02201712 0.03165315
v -0.05792537 -0.02183247 0.03186702
v -0.05774010 -0.02723663 0.02738083
v -0.04900009 -0.02723468 0.02727689
v -0.04900002 -0.03163181 0.02204178
v -0.05738645 -0.03188455 0.02182745
v -0.05758569 -0.03337092 0.02164082
v -0.04900139 -0.03630287 0.03540569
v -0.04899995 -0.04176669 0.02765738
v -0.04900002 -0.00325741 0.03841212
v -0.05799504 -0.00329107 0.03840097
v -0.05798126 -0.00795353 0.03771409
v -0.04900002 -0.01035465 0.03716114
v -0.05795410 -0.01639254 0.03492238
v -0.04900000 -0.01625326 0.03493568
v -0.05878518 -0.00981060 0.04081930
v -0.05642058 -0.01161400 0.04438874
v -0.05874465 -0.01933482 0.03729626
v -0.05648030 -0.01979768 0.04109642
v -0.05879698 -0.00192497 0.04192267
v -0.05651360 -0.00332394 0.04550746
v -0.04899999 -0.02204226 0.04538150
v -0.04900044 -0.01314706 0.04891845
v -0.04900038 -0.00322854 0.05024372
v -0.05817419 -0.01786018 0.03519176
v -0.05820708 -0.00215746 0.03936372
v -0.05798001 0.01668533 0.03484127
v -0.05797711 0.00999656 0.03730955
v -0.04900001 0.01640684 0.03489364
v -0.04900012 0.00996280 0.03724978
v -0.05801830 0.00295629 0.03852718
v -0.04900005 0.00277287 0.03859383
v -0.05646897 0.01979995 0.04111821
v -0.05639167 0.01134227 0.04447710
v -0.05875365 0.01930813 0.03729037
v -0.05878378 0.01070868 0.04055475
v -0.05880081 0.00200601 0.04189803
v -0.05644745 0.00362631 0.04559194
v -0.05737058 0.00240729 0.04416812
v -0.04900023 0.02204426 0.04545992
v -0.04900005 0.01039366 0.04948291
v -0.04900000 0.00360444 0.05032632
v -0.05825087 0.01809349 0.03543667
v -0.05829720 0.00204716 0.03974674
v -0.05738578 0.03188340 0.02182444
v -0.05773974 0.02726419 0.02736408
v -0.04900004 0.03177857 0.02190712
v -0.04900009 0.02728271 0.02724795
v -0.04900001 0.02212383 0.03154993
v -0.05792788 0.02182433 0.03188601
v -0.05659253 0.02533582 0.03758438
v -0.05872336 0.02268510 0.03528923
v -0.05631686 0.03180018 0.03269556
v -0.05850767 0.03023605 0.02916241
v -0.04900005 0.02832329 0.04180292
v -0.04900082 0.03604800 0.03569135
v -0.05821763 0.02164662 0.03339953
v -0.04900002 0.03851217 0.00296331
v -0.05595373 0.03864413 0.00264585
v -0.04900017 0.03733233 0.00965872
v -0.05703812 0.03480280 0.01706863
v -0.04900008 0.03484137 0.01663671
v -0.05644113 0.03724212 0.01017978
v -0.04900121 0.04506819 0.02188442
v -0.05630121 0.03989121 0.01842371
v -0.04900119 0.04868867 0.01185130
v -0.05706787 0.04113591 0.00959118
v -0.05667103 0.04191196 0.00338427
v -0.04899992 0.04955269 0.00352317
v -0.05777085 0.03753793 0.01862791
v -0.05632284 0.04064889 0.00207037
v -0.05746814 0.03597550 0.01846430
v -0.04900002 0.03489575 -0.01637760
v -0.05622773 0.03490435 -0.01633446
v -0.05541953 0.03726327 -0.01015739
v -0.04900021 0.03723830 -0.01000277
v -0.05561985 0.03863907 -0.00271390
v -0.04900007 0.03847771 -0.00307808
v -0.05688844 0.03821007 -0.01752416
v -0.05120158 0.04353294 -0.02099096
v -0.04900229 0.04832652 -0.01152668
v -0.04900023 0.04943524 -0.00364924
v -0.05625623 0.04185335 -0.00364660
v -0.04900005 0.04549371 -0.02184502
v -0.05611646 0.04116295 -0.00880015
v -0.05672344 0.03525404 -0.01797959
v -0.05691124 0.03639966 -0.01829170
v -0.05616137 0.04123064 -0.00266197
v -0.05594063 0.04001529 -0.00202667
v -0.04900002 0.02191160 -0.03176355
v -0.06600571 0.02172226 -0.03200925
v -0.06109883 0.02736555 -0.02724412
v -0.04900006 0.02743504 -0.02711513
v -0.05789603 0.03208368 -0.02165053
v -0.04900004 0.03199299 -0.02172922
v -0.06684858 0.02169929 -0.03353468
v -0.05810719 0.03426619 -0.02212946
v -0.03393735 0.04781056 -0.04260867
v -0.04440259 0.04539883 -0.04260445
v -0.04443621 -0.04555671 -0.04263372
v -0.02464288 -0.04888611 -0.04262467
v -0.06650517 -0.01924166 -0.13259214
v -0.06292021 -0.02443659 -0.13258888
v -0.06970358 -0.01034154 -0.13258915
v -0.06658258 0.01908240 -0.13259000
v -0.06253147 0.02512944 -0.13258623
v -0.06998622 0.00963723 -0.13258903
v -0.07129339 0.00119830 -0.13258924
v -0.07099236 -0.00433954 -0.13258821
v -0.04904626 -0.03140444 0.04238096
v -0.04903167 -0.04092316 0.03312504
v -0.04900000 0.00825639 0.03349749
v -0.04900000 0.01563918 0.03086501
v -0.04900000 0.00876131 -0.03347347
v -0.04900000 0.01891041 -0.02897638
v -0.04900000 0.01801109 -0.03528138
v -0.04900000 0.02160430 -0.03336415
v -0.04900000 0.03116904 -0.01478990
v -0.04900000 0.03399751 -0.00643450
v -0.04900000 0.02711307 -0.02149685
v -0.04900000 0.03470127 0.00000001
v -0.04900000 0.03428548 0.00466256
v -0.04900000 0.03355689 -0.02169823
v -0.04900002 0.03332967 0.02160774
v -0.04900000 0.03225806 0.01223390
v -0.04900000 0.02819149 0.02006171
v -0.04900000 0.02151770 0.03297588
v -0.04900000 0.02287774 0.02582364
v -0.04900000 -0.01651738 0.03040409
v -0.04900002 -0.02155295 0.03317028
v -0.04900000 -0.00049591 0.03459748
v -0.04900000 -0.00825639 0.03349749
v -0.04900000 -0.02287774 0.02582364
v -0.04900000 -0.02875492 0.01924544
v -0.04900000 -0.03314467 0.02153033
v -0.04900000 -0.03336946 0.00914945
v -0.04900000 -0.03379912 -0.00740629
v -0.04900000 -0.03447203 0.00138918
v -0.04900001 -0.03336079 -0.02161216
v -0.04900000 -0.03116904 -0.01478990
v -0.04900000 -0.02072561 -0.02758078
v -0.04900001 -0.01791018 -0.03523923
v -0.04900000 -0.02648581 -0.02226510
v -0.04900000 -0.01310475 -0.03202343
v -0.04900000 -0.00228960 -0.03452522
v -0.04900000 -0.02163604 -0.03337028
v -0.04900002 -0.02382492 -0.03693142
v -0.04900001 -0.02007376 -0.03910251
v -0.04900004 0.03968518 -0.00205038
v -0.04901363 0.04489398 -0.03132891
v -0.04900024 0.04426521 -0.02253524
v -0.04899998 0.03523798 -0.01792972
v -0.04900792 0.04304380 -0.02730409
v -0.04899959 0.04286469 -0.02237913
v -0.04901555 0.05197734 -0.00012238
v -0.04900005 0.04867315 -0.00261285
v -0.04899995 0.04732728 -0.00204008
v -0.04905507 0.05030896 -0.01296366
v -0.04900000 0.03542918 0.01809195
v -0.04905655 0.04182681 0.03207812
v -0.04905987 0.04849934 0.01973316
v -0.04899978 0.04110261 0.02616784
v -0.04900017 0.04318051 0.02245339
v -0.04899987 0.04171610 0.02794106
v -0.04899986 0.04755479 0.00204920
v -0.04900000 0.03977771 0.00203621
v -0.04899983 0.04881695 0.00259356
v -0.04905916 0.05073990 0.01241193
v -0.04900003 0.01789241 0.03522303
v -0.04902311 0.03353991 0.04065078
v -0.04899996 0.02267063 0.04355630
v -0.04899998 0.02646636 0.04151001
v -0.04900001 0.00201042 0.03999327
v -0.04900002 -0.00208023 0.03950315
v -0.04903048 0.02828103 0.04447586
v -0.04901265 0.01221767 0.05117160
v -0.04903821 0.00312157 0.05267141
v -0.04900001 0.00217834 0.04920079
v -0.04899995 -0.00208305 0.04882386
v -0.04900000 -0.02496812 -0.04055503
v -0.04900000 -0.02264474 -0.04174084
v -0.04900000 -0.02256644 -0.04414599
v -0.04900001 -0.01927648 -0.04560577
v -0.04900000 -0.01898274 -0.04185484
v -0.04900000 -0.02436771 -0.04572177
v -0.04900005 -0.02237943 -0.04865929
v -0.04900000 -0.02699459 -0.04468181
v -0.04899999 -0.02682549 -0.03739890
v -0.04900000 -0.02722904 -0.04186861
v -0.04900002 -0.02959225 -0.03923713
v -0.04900008 -0.03102540 -0.04323053
v -0.04900000 -0.03717325 -0.05641961
v -0.04900000 -0.03991922 -0.00201961
v -0.04900000 -0.03547153 -0.01813839
v -0.04901364 -0.05189533 0.00048868
v -0.04899957 -0.04813688 -0.00221776
v -0.04900468 -0.04554375 -0.02873675
v -0.04899926 -0.04324913 -0.02253963
v -0.04904699 -0.05025724 -0.01294352
v -0.04900313 -0.04275479 -0.02703196
v -0.04904305 -0.04371414 -0.03839159
v -0.04906185 -0.05115582 0.01035366
v -0.04903550 -0.04838726 0.01978892
v -0.04900001 -0.03546159 0.01812041
v -0.04900007 -0.04400640 0.02238083
v -0.04903508 -0.04560315 0.02593208
v -0.04900002 -0.04085496 0.02596101
v -0.04899961 -0.04258390 0.02223463
v -0.04900002 -0.02270996 0.04369529
v -0.04905042 -0.02634813 0.04576139
v -0.04901743 -0.00961659 0.05167874
v -0.04906466 -0.02118464 0.04829518
v -0.04894499 0.04349497 -0.03874328
v -0.04900002 0.03366577 -0.06280345
v -0.04900001 0.03517727 -0.05649185
v -0.04900000 0.03792245 -0.06303229
v -0.04900007 0.03808627 -0.05530210
v -0.04900002 0.03708922 -0.05641564
v -0.04900001 0.00211002 -0.03947559
v -0.04900000 0.00203816 -0.06313747
v -0.04900000 -0.00205315 -0.03971522
v -0.04900000 -0.00202674 -0.06306630
v -0.04900001 -0.01782647 0.03513503
v -0.04900005 -0.02843178 0.04175046
v -0.04900001 -0.02734111 0.04184681
v -0.04899994 -0.02612112 0.04112343
v -0.04899999 -0.03944289 0.00209242
v -0.04900011 -0.04827636 0.00222224
v -0.06967653 0.00410636 0.02960953
v -0.06949557 0.01110569 0.02813932
v -0.07286228 0.00683712 0.01898093
v -0.07253067 0.00183409 0.02105992
v -0.07293613 -0.00551182 0.01917564
v -0.06974329 -0.01244162 0.02704792
v -0.07084054 -0.00461399 0.02611298
v -0.06940245 -0.00670016 0.02960215
v -0.07299054 -0.01048653 0.01675751
v -0.06981914 -0.01796133 0.02363674
v -0.07466887 0.00155527 0.01305740
v -0.07513078 -0.00562717 0.00939935
v -0.07348561 0.00954126 0.01526679
v -0.07117407 0.01560308 0.02075153
v -0.06935485 0.01778332 0.02475426
v -0.06942137 0.02284768 0.02018939
v -0.06823090 -0.00158674 0.03228904
v -0.05859414 0.00475478 0.04782933
v -0.05857831 -0.02120270 0.04304606
v -0.05859961 -0.01253972 0.04634237
v -0.05861390 0.01636535 0.04516411
v -0.05858614 0.02541441 0.04061064
v -0.05854092 0.03257993 0.03476710
v -0.06940103 -0.02290405 0.02018435
v -0.05854017 -0.03372349 0.03340235
v -0.05853038 -0.02889136 0.03816699
v -0.05860591 -0.00419892 0.04780853
v -0.05013883 0.04420263 -0.03859138
v -0.05024586 0.04569746 -0.03129319
v -0.05033765 0.04650975 0.02538672
v -0.05853387 0.03797106 0.02754193
v -0.05027777 0.04235876 0.03210853
v -0.05016417 0.03874835 0.03658311
v -0.05043894 0.05236728 0.00434890
v -0.05030512 0.05254611 -0.00091224
v -0.05841650 0.04436263 -0.00180365
v -0.05047738 0.05150106 0.01060490
v -0.05856206 0.04396904 0.00964790
v -0.05048693 0.04989381 0.01710085
v -0.05838358 0.04181991 0.01958224
v -0.05358978 0.04311299 -0.03094297
v -0.05044742 0.05033303 -0.01487054
v -0.05711884 0.04001904 -0.02842852
v -0.05046361 0.05190785 -0.00680923
v -0.05000344 0.03444437 0.04076649
v -0.04999026 0.02933052 0.04457529
v -0.05009336 0.02438655 0.04739114
v -0.05005911 0.01955206 0.04958642
v -0.05029041 0.01350019 0.05147877
v -0.05020532 0.00623210 0.05291606
v -0.05006639 0.00125308 0.05328146
v -0.05009988 -0.00369907 0.05317522
v -0.05029093 -0.00936526 0.05239101
v -0.05018692 -0.01564423 0.05091277
v -0.05000975 -0.02116942 0.04893406
v -0.05014684 -0.02637859 0.04630845
v -0.05002159 -0.03094432 0.04346552
v -0.05026152 -0.03620268 0.03910602
v -0.05037365 -0.04419736 0.02933392
v -0.05848293 -0.03813852 0.02743128
v -0.05045556 -0.04740010 0.02339591
v -0.05371749 -0.04194250 -0.03682271
v -0.05387426 -0.04420825 -0.02558539
v -0.05039970 -0.04549675 -0.03179191
v -0.05020578 -0.04951196 -0.01828001
v -0.05062013 -0.05066149 -0.01288500
v -0.05897833 -0.04368004 -0.00256384
v -0.05796636 -0.03812218 -0.03480863
v -0.05046545 -0.05191102 -0.00679374
v -0.05040715 -0.04076665 0.03408317
v -0.05847907 -0.04189235 0.01903973
v -0.05022748 -0.05151569 0.01141707
v -0.05025633 -0.04988310 0.01742085
v -0.05837983 -0.04419602 0.00956406
v -0.05039224 -0.05223986 0.00605755
v -0.05046290 -0.05247816 -0.00006396
v -0.06507916 -0.02960497 -0.04213062
v -0.06603417 -0.02852223 -0.04046741
v -0.07375736 -0.01512129 -0.03684540
v -0.07137145 -0.02123617 -0.04410106
v -0.07114613 -0.02157711 -0.04114255
v -0.07727744 0.00185027 -0.04144847
v -0.07629314 0.00184997 -0.02396119
v -0.07598266 0.00802770 -0.03659669
v -0.06916559 0.02559284 -0.03396500
v -0.07020276 0.02367595 -0.04823019
v -0.07104396 0.02170100 -0.03804683
v -0.07568509 0.00182665 0.00694459
v -0.07490689 0.00943774 0.00737369
v -0.07125394 0.02148377 0.01431051
v -0.06952104 0.02605812 0.01575614
v -0.06903961 0.02916452 0.01174068
v -0.07014449 0.02778988 0.00953500
v -0.07275971 0.02014902 0.00465980
v -0.07607721 0.00174514 0.00069169
v -0.07582369 -0.00540505 0.00139629
v -0.06889180 0.03099402 0.00711853
v -0.06873893 0.03216082 0.00203534
v -0.06853546 0.03219948 -0.00541036
v -0.06913865 0.02744918 -0.02265789
v -0.06969747 0.03030241 -0.00448781
v -0.07237327 0.02209368 -0.00411293
v -0.07261524 0.01858176 -0.02367816
v -0.07446730 0.01415810 -0.00098127
v -0.07380485 0.01495721 -0.03574627
v -0.07560910 0.00754816 -0.01034462
v -0.07595567 -0.00504298 -0.01918500
v -0.07476852 -0.01169723 -0.01974240
v -0.06915337 -0.02738124 -0.02294468
v -0.06936750 -0.02580531 -0.03058817
v -0.06841710 -0.03168271 -0.00859710
v -0.06790981 -0.02663872 -0.03911640
v -0.06860495 -0.03244275 -0.00111383
v -0.06965685 -0.03062126 -0.00334834
v -0.07533675 -0.01054912 -0.03707472
v -0.07260395 -0.01861048 -0.02373552
v -0.07660133 -0.00457747 -0.03605372
v -0.07199967 -0.02375929 0.00001500
v -0.06940711 -0.02945220 0.00954235
v -0.06938789 -0.02718526 0.01445499
v -0.06911075 -0.03123855 0.00501791
v -0.07119227 -0.02053027 0.01581738
v -0.07387942 -0.01388483 0.00902793
v -0.07055277 -0.02713187 0.00803978
v -0.07464883 -0.01283218 0.00193601
v -0.06989032 0.03006350 0.00210511
v -0.07026668 -0.02345683 -0.03935278
v -0.05861432 -0.02279432 0.03553815
v -0.05644582 -0.02575657 0.03757308
v -0.05629636 0.03674423 0.02543939
v -0.05807542 0.03516574 0.02278482
v -0.05701897 0.03627958 0.02407629
v -0.06739563 0.02034269 -0.12627721
v -0.06306661 0.02668147 -0.12628081
v -0.07047326 0.02218415 -0.10093799
v -0.06900230 0.02194718 -0.11314764
v -0.07087369 0.02278822 -0.09130513
v -0.07698222 0.00649028 -0.09706011
v -0.07820221 0.00144504 -0.09337039
v -0.07775806 0.00778783 -0.08381525
v -0.07493979 0.01444157 -0.09146946
v -0.07430751 -0.01127288 -0.10715478
v -0.07211266 -0.01164184 -0.11901515
v -0.06920241 -0.02183046 -0.11226129
v -0.06806768 -0.02138510 -0.12031149
v -0.07312345 0.01442148 -0.10723452
v -0.07480589 0.00935567 -0.10765078
v -0.07562111 0.00244471 -0.11106344
v -0.07534529 -0.00399767 -0.11130771
v -0.07085375 -0.02182609 -0.09975569
v -0.07164463 -0.02207042 -0.08605228
v -0.07523511 -0.01208031 -0.09757163
v -0.07623922 -0.01218428 -0.08397097
v -0.07794668 -0.00558196 -0.08986431
v -0.07742689 -0.00396828 -0.09745145
v -0.06360217 -0.02573699 -0.12666397
v -0.07014986 -0.02389371 -0.05907459
v -0.06808888 -0.02611693 -0.04726001
v -0.07005230 -0.02387265 -0.04717238
v -0.06588061 -0.02859671 -0.04590224
v -0.06506143 -0.02954193 -0.04434570
v -0.07879297 0.00014560 -0.06270548
v -0.07856123 -0.00392669 -0.06447724
v -0.07142138 0.02250697 -0.06868687
v -0.07179296 0.02200491 -0.08004589
v -0.07567088 0.01403427 -0.07511567
v -0.07814162 -0.00670198 -0.07953876
v -0.07470274 -0.01608858 -0.07218406
v -0.07720150 0.00956420 -0.06698195
v -0.07860601 0.00403805 -0.06682068
v -0.07871982 0.00394689 -0.07917599
v -0.07901224 -0.00130132 -0.07921742
v -0.07721511 -0.00954061 -0.06719845
v -0.07145962 -0.02247562 -0.07033313
v -0.07107327 -0.02194532 -0.04567189
v -0.06050000 0.00825639 0.03349749
v -0.06050000 0.00049591 0.03459748
v -0.06050054 -0.00267030 0.03246298
v -0.06050000 -0.00825639 0.03349749
v -0.06049886 -0.01324210 0.02983505
v -0.06050000 -0.01563918 0.03086501
v -0.06049991 -0.02239568 0.02370999
v -0.06050000 -0.02287774 0.02582364
v -0.06050000 -0.02819151 0.02006169
v -0.06050010 -0.02885967 0.01518263
v -0.06050000 -0.03309351 0.01010210
v -0.06049976 -0.03221051 0.00519196
v -0.06050000 -0.03447203 0.00138919
v -0.06050000 -0.03238900 -0.00268384
v -0.06050000 -0.03399751 -0.00643453
v -0.06050070 -0.03071355 -0.01094112
v -0.06050000 -0.03116904 -0.01478990
v -0.06050002 -0.02572047 -0.02002790
v -0.06050000 -0.02711307 -0.02149685
v -0.06050021 -0.01807637 -0.02712334
v -0.06050000 -0.01891041 -0.02897638
v -0.06049998 -0.00846842 -0.03148751
v -0.06050000 -0.00876132 -0.03347347
v -0.06050000 -0.00000000 -0.03249999
v -0.06050000 0.00228959 -0.03452522
v -0.06049996 0.00889040 -0.03136114
v -0.06050000 0.01310474 -0.03202343
v -0.06049954 0.01860440 -0.02677162
v -0.06050000 0.02072561 -0.02758078
v -0.06050000 0.02617610 -0.01943697
v -0.06050000 0.02648581 -0.02226510
v -0.06050046 0.03103693 -0.00999566
v -0.06050000 0.03116904 -0.01478990
v -0.06050000 0.03379913 -0.00740627
v -0.06050024 0.03259614 0.00063479
v -0.06050000 0.03440503 0.00367798
v -0.06050014 0.03061669 0.01122756
v -0.06050000 0.03225806 0.01223390
v -0.06050000 0.02720791 0.01777582
v -0.06050000 0.02875490 0.01924547
v -0.06050021 0.02169287 0.02434184
v -0.06050000 0.02287774 0.02582364
v -0.06049994 0.01284169 0.02997692
v -0.06050000 0.01651738 0.03040409
v -0.06050000 0.00534932 0.03205673
v -0.06716041 -0.01173288 0.02560379
v -0.07001027 -0.00676729 0.01800848
v -0.06996942 -0.00105912 0.01930772
v -0.06687500 -0.00111747 0.02866225
v -0.06664814 -0.00682642 0.02826778
v -0.06705628 0.00606222 0.02761704
v -0.07025152 0.00588179 0.01747382
v -0.06713276 0.01217442 0.02544856
v -0.07031261 0.01193088 0.01371963
v -0.06702966 0.01794513 0.02217785
v -0.07214077 0.00591658 0.00876224
v -0.07206604 -0.00208863 0.01096802
v -0.07058580 -0.01198744 0.01250446
v -0.06701931 -0.01678460 0.02299842
v -0.06708155 -0.02094608 0.01926323
v -0.06456017 -0.01605236 0.02834477
v -0.06456798 -0.02152282 0.02438841
v -0.06456983 -0.00933642 0.03117949
v -0.06458502 -0.00109753 0.03260319
v -0.06461196 0.00469506 0.03218481
v -0.06455379 0.01892257 0.02662790
v -0.06457800 0.01030523 0.03088102
v -0.06982443 -0.02025075 0.00228100
v -0.06671838 -0.02976458 0.00264572
v -0.06656903 -0.02978031 -0.00517487
v -0.06773225 0.02290070 0.01430970
v -0.07098388 0.01410277 0.00657248
v -0.07120264 0.01324661 -0.02975480
v -0.06879188 0.02005324 -0.02562235
v -0.07207847 0.01003456 -0.02215780
v -0.06454220 0.02602807 0.01959560
v -0.06677849 0.02511312 0.01512810
v -0.06454328 0.03065545 0.01127740
v -0.06688078 0.02853887 0.00708875
v -0.06460539 0.03264065 0.00063433
v -0.06674822 0.02977779 0.00149286
v -0.06660844 0.02974362 -0.00491855
v -0.06687451 0.02577099 -0.02000983
v -0.07315776 0.00602872 -0.03198978
v -0.07328445 0.00178555 -0.02022509
v -0.07375734 -0.00087255 -0.03254392
v -0.07289872 -0.00558273 -0.02091044
v -0.07294827 -0.00691370 -0.03178233
v -0.07109309 -0.01358621 -0.02962405
v -0.06986924 -0.01864092 -0.01372995
v -0.06822164 -0.02168142 -0.02437402
v -0.06635205 -0.02712014 -0.01801977
v -0.06475256 -0.03088524 -0.01051622
v -0.06459841 -0.03265514 -0.00002871
v -0.06455433 -0.03074332 0.01091978
v -0.06705536 -0.02800991 0.00800696
v -0.06721039 -0.02494305 0.01377443
v -0.06454648 -0.02610652 0.01950573
v -0.07221606 0.00968793 0.00135836
v -0.07277443 -0.00148181 0.00642735
v -0.07305431 0.00279555 0.00008878
v -0.06945422 0.02146244 0.00202952
v -0.07120088 0.01486433 -0.00287365
v -0.06935343 0.02116554 -0.00808093
v -0.06473630 0.03093198 -0.01054432
v -0.07181326 -0.01224892 -0.00368475
v -0.07173065 -0.01087514 0.00557372
v -0.07292978 -0.00412098 0.00062452
v -0.05820773 -0.02163853 0.03335616
v -0.05758923 0.03339085 0.02164339
v -0.03909098 0.04359911 -0.06761631
v -0.02327424 0.04612349 -0.06764309
v -0.04888343 0.02766535 -0.06763898
v -0.05988496 0.00307625 -0.06760488
v -0.05339954 0.02200385 -0.06763344
v -0.05127326 0.02493960 -0.06758954
v -0.04887386 -0.02767489 -0.06763463
v -0.04551869 -0.04135559 -0.06762665
v -0.05900409 -0.02869920 -0.06759760
v -0.02868924 -0.03100945 -0.06758954
v -0.02606153 -0.03243285 -0.06758954
v -0.02770039 -0.04581343 -0.06767120
v -0.05988813 -0.00307552 -0.06760408
v -0.02685097 -0.00772749 -0.06758954
v -0.05127326 -0.02493960 -0.06758954
v -0.05349913 -0.02185092 -0.06762326
v -0.00386965 -0.03258965 -0.06758954
v -0.00280547 -0.00721304 -0.06758954
v -0.05907422 0.02835804 -0.06761210
v -0.04992441 0.03868346 -0.06765104
v -0.00136025 -0.03394839 -0.06758962
v -0.02992101 -0.02853769 -0.06758954
v -0.02978806 -0.01059831 -0.06758954
v 0.00249011 -0.04170781 -0.05739299
v 0.00250271 -0.04260693 -0.05607179
v 0.00250464 -0.04438543 -0.05553459
v 0.00253151 -0.04642762 -0.05680712
v 0.00253152 -0.04187559 -0.06437194
v 0.00248779 -0.04655793 -0.06398495
v 0.00250271 -0.04534300 -0.06533410
v 0.00250271 -0.04371319 -0.06559259
v 0.00300937 -0.04246043 -0.05672505
v 0.00300045 -0.04606959 -0.05738803
v 0.00300388 -0.04239071 -0.06427106
v 0.00300068 -0.04607501 -0.06380986
v 0.00300380 -0.04461380 -0.06514054
v 0.00300193 -0.04487613 -0.05614445
v 0.00248714 0.04641928 -0.05671750
v 0.00250187 0.04457134 -0.05560038
v 0.00250563 0.04284492 -0.05587324
v 0.00251328 0.04172458 -0.05736328
v 0.00253641 0.04640059 -0.06444222
v 0.00248669 0.04175640 -0.06403501
v 0.00251624 0.04371829 -0.06569655
v 0.00300129 0.04601367 -0.06399782
v 0.00300299 0.04228400 -0.06401964
v 0.00300351 0.04421053 -0.06520322
v 0.00300016 0.04220813 -0.05751432
v 0.00300558 0.04596046 -0.05698934
v 0.00300737 0.04353776 -0.05603271
v -0.00500000 0.04298631 -0.05148395
v -0.00500000 0.04535861 -0.05141771
v -0.00500000 0.04635185 -0.04926451
v -0.00500000 0.04494459 -0.04757814
v -0.00500000 0.04276999 -0.04784663
v -0.00500000 0.04201720 -0.04972272
v -0.00500000 -0.04475660 -0.05164076
v -0.00500000 -0.04294461 -0.05141772
v -0.00500000 -0.04202649 -0.04982907
v -0.00500000 -0.04267504 -0.04792630
v -0.00500000 -0.04483702 -0.04753898
v -0.00500000 -0.04606662 -0.04863758
v -0.00500000 -0.04616160 -0.05046072
v -0.00500003 -0.04953774 -0.04553898
v -0.02704069 -0.04868420 -0.04554386
v -0.00500001 -0.04289228 -0.04566247
v -0.04430025 -0.04556386 -0.04554531
v -0.04878225 -0.04362937 -0.04558610
v -0.00500004 -0.04997218 -0.05366711
v -0.00500000 -0.04314671 -0.05354942
v -0.02342384 -0.04923595 -0.05363521
v -0.04076598 -0.04662469 -0.05365079
v -0.04841295 -0.04376261 -0.05361459
v -0.05161751 -0.04222960 -0.05316356
v -0.00500000 -0.04109804 -0.05223157
v -0.00499999 -0.04015048 -0.05025325
v -0.00500001 -0.04054297 -0.04772284
v -0.05189904 -0.04201515 -0.04615050
v -0.00500000 0.04353031 -0.05357408
v -0.00500000 0.04289991 -0.04565559
v -0.00500000 0.04945340 -0.04555989
v -0.00500001 0.04152551 -0.05268793
v -0.00499998 0.04014258 -0.05037383
v -0.00500000 0.04058734 -0.04763765
v -0.02410238 0.04915466 -0.05364048
v -0.04022096 0.04672666 -0.05364080
v -0.04734791 0.04436564 -0.05368496
v -0.02367722 0.04895678 -0.04553060
v -0.04264371 0.04609394 -0.04553553
v -0.05030136 0.04289439 -0.04570394
v -0.05329574 0.04118800 -0.04684566
v -0.05463501 0.04024397 -0.05065204
v -0.05163483 0.04223321 -0.05318328
v -0.03444853 0.04792419 -0.04538820
v -0.05048174 0.03769828 -0.11954534
v -0.04129579 0.04379647 -0.11956458
v -0.02089789 0.04660283 -0.11954775
v -0.03290419 -0.04594453 -0.11953912
v -0.04486524 -0.04244493 -0.11951548
v -0.06845999 0.00675016 -0.11952306
v -0.05998482 -0.00091734 -0.07702556
v -0.05999195 0.00081075 -0.07660872
v -0.05999190 -0.00098841 -0.06910425
v -0.05998668 0.00096305 -0.06913178
v -0.05993529 0.00231432 -0.07863066
v -0.05993969 0.00247227 -0.09451217
v -0.05994223 0.00241297 -0.09267651
v -0.05998089 -0.00086137 -0.09087812
v -0.05993711 -0.00254709 -0.07869977
v -0.05999075 0.00085547 -0.08233549
v -0.05993862 0.00251383 -0.08048402
v -0.05999148 0.00082241 -0.09069322
v -0.05999249 -0.00079648 -0.08265511
v -0.05996343 -0.00179783 -0.08095925
v -0.05993968 0.00247216 -0.10851164
v -0.05994621 0.00234118 -0.10664513
v -0.05998088 -0.00086212 -0.10488139
v -0.05993668 -0.00255771 -0.09270499
v -0.05999075 0.00085570 -0.09633467
v -0.05999174 0.00081464 -0.10464744
v -0.05999237 -0.00079705 -0.09664582
v -0.05996276 -0.00181307 -0.09494979
v -0.05993585 -0.00254601 -0.10669577
v -0.05993287 -0.00247124 -0.10850459
v -0.05301435 0.02264646 -0.09452127
v -0.05190326 0.02413111 -0.09089508
v -0.05321243 0.02237105 -0.09273488
v -0.05842578 0.01144834 -0.09283956
v -0.05810806 0.01246233 -0.09433953
v -0.05197748 0.02403506 -0.08191275
v -0.05190607 0.02412762 -0.07693581
v -0.05322445 0.02235239 -0.07874207
v -0.05347639 0.02194168 -0.08037306
v -0.05196324 0.02405675 -0.06920245
v -0.05185411 0.02419301 -0.09657528
v -0.05263523 0.02314580 -0.10625201
v -0.05301429 0.02264233 -0.10851992
v -0.05185484 0.02419312 -0.10457428
v -0.05842578 0.01144834 -0.07883956
v -0.05810806 0.01246233 -0.08033954
v -0.05842578 0.01144834 -0.10683956
v -0.05810806 0.01246233 -0.10833957
v -0.05388136 0.02132612 -0.10685325
v -0.05124130 -0.02497999 -0.11361147
v -0.05242431 -0.02343109 -0.10599911
v -0.05323771 -0.02233186 -0.10843863
v -0.05362573 -0.02170683 -0.10682983
v -0.05183747 -0.02421561 -0.10442279
v -0.05183271 -0.02422173 -0.09680448
v -0.05185262 -0.02419407 -0.08260509
v -0.05195708 -0.02405965 -0.09117936
v -0.05236572 -0.02349283 -0.09527977
v -0.05200462 -0.02400163 -0.07736617
v -0.05183296 -0.02422136 -0.07004613
v -0.05252039 -0.02329990 -0.08109144
v -0.05237404 -0.02349975 -0.06850496
v -0.05349872 -0.02193190 -0.09436961
v -0.05343110 -0.02200997 -0.09279339
v -0.05359295 -0.02175638 -0.07882661
v -0.05842578 -0.01144834 -0.10833957
v -0.05810806 -0.01246233 -0.10683956
v -0.05986088 -0.00337568 -0.09434917
v -0.05810806 -0.01246233 -0.09283956
v -0.05842578 -0.01144834 -0.09433953
v -0.05986043 -0.00338065 -0.08034793
v -0.05367484 -0.02166165 -0.08034010
v -0.05810806 -0.01246233 -0.07883956
v -0.05842578 -0.01144834 -0.08033954
v -0.05041346 0.02598505 -0.10530638
v -0.05040092 0.02599038 -0.09588858
v -0.05052536 0.02584996 -0.09082123
v -0.05040623 0.02598390 -0.08188585
v -0.05052945 0.02584535 -0.07679489
v -0.05053080 0.02584518 -0.06960604
v -0.04916979 0.02743204 -0.10847373
v -0.04845816 0.02814609 -0.08035416
v -0.04896062 0.02762857 -0.07876112
v -0.04894313 0.02764646 -0.09275843
v -0.04847931 0.02812527 -0.09435765
v -0.04845563 0.02813700 -0.10682062
v -0.04987330 -0.02660139 -0.09514710
v -0.05051926 -0.02585759 -0.09083984
v -0.04893428 -0.02767022 -0.09277270
v -0.04830486 -0.02828692 -0.09435233
v -0.05052940 -0.02584684 -0.06960715
v -0.05057062 -0.02579435 -0.09667521
v -0.05051980 -0.02585680 -0.08231705
v -0.05041394 -0.02597529 -0.07728570
v -0.05057817 -0.02578750 -0.10444483
v -0.04985401 -0.02662803 -0.10605836
v -0.04887857 -0.02771258 -0.08041187
v -0.04842690 -0.02817686 -0.07882622
v -0.04971409 -0.02678402 -0.10900805
v -0.02712048 -0.03953622 -0.10683956
v -0.02435158 -0.03983680 -0.10833957
v -0.03179021 -0.03822292 -0.10833956
v -0.03958720 -0.03499210 -0.10683956
v -0.04051052 -0.03445902 -0.10833957
v -0.04820929 -0.02839077 -0.10683963
v -0.04822520 -0.02836337 -0.10834767
v -0.02712048 -0.03953622 -0.09283956
v -0.02435158 -0.03983680 -0.09433953
v -0.03179021 -0.03822292 -0.09433953
v -0.03958720 -0.03499210 -0.09283956
v -0.04051051 -0.03445902 -0.09433953
v -0.02712048 -0.03953622 -0.07883956
v -0.02435158 -0.03983680 -0.08033954
v -0.03179021 -0.03822292 -0.08033954
v -0.03958720 -0.03499210 -0.07883956
v -0.04051051 -0.03445902 -0.08033954
v -0.02448099 0.03977600 -0.08033954
v -0.02435160 0.03983680 -0.07883956
v -0.03415313 0.03752059 -0.08033954
v -0.03514559 0.03713108 -0.07883956
v -0.04253280 0.03304955 -0.08033954
v -0.04253280 0.03304955 -0.07883956
v -0.02448099 0.03977600 -0.09433953
v -0.02435160 0.03983680 -0.09283956
v -0.03415313 0.03752059 -0.09433953
v -0.03514559 0.03713108 -0.09283956
v -0.04253280 0.03304955 -0.09433953
v -0.04253280 0.03304955 -0.09283955
v -0.02448099 0.03977600 -0.10833957
v -0.02435160 0.03983680 -0.10683956
v -0.03415313 0.03752059 -0.10833957
v -0.03514559 0.03713108 -0.10683956
v -0.04253280 0.03304955 -0.10833956
v -0.04253280 0.03304955 -0.10683955
v -0.00500000 -0.04512807 -0.12779029
v -0.00500000 -0.04347530 -0.12584008
v -0.00500000 -0.04448629 -0.12369517
v -0.00500000 -0.04685862 -0.12376141
v -0.00500000 -0.04777673 -0.12535003
v -0.00500000 -0.04734410 -0.12693496
v -0.00500047 0.05005752 -0.12974098
v -0.00500000 0.04499812 -0.12957215
v -0.00500000 0.04467315 -0.12162431
v -0.00500000 0.04232781 -0.12323620
v -0.00499999 0.04158626 -0.12602769
v -0.00500000 0.04290658 -0.12859668
v -0.04803902 0.04523705 -0.12157495
v -0.05085746 0.04351767 -0.12211870
v -0.05246691 0.04160098 -0.12604748
v -0.04896165 0.04361559 -0.12911808
v -0.04522448 0.04545084 -0.12960556
v -0.02778182 0.04935186 -0.12964216
v -0.03737715 0.04814134 -0.12965330
v -0.03270312 0.04998527 -0.12158089
v -0.04313162 0.04756684 -0.12157294
v -0.00500000 -0.04167551 -0.12659355
v -0.00500001 -0.04409358 -0.12947354
v -0.00500000 -0.04476501 -0.12162048
v -0.00499999 -0.04222719 -0.12329954
v -0.00500001 -0.04986227 -0.12964550
v -0.04772585 -0.04431701 -0.12947179
v -0.05202857 -0.04184082 -0.12698190
v -0.05241057 -0.04161775 -0.12580933
v -0.05256757 -0.04182303 -0.12428071
v -0.04892019 -0.04484041 -0.12158716
v -0.02282326 -0.05091368 -0.12153749
v -0.03693090 -0.04950597 -0.12153095
v -0.04242552 -0.04802528 -0.12154210
v -0.02510104 -0.04957446 -0.12966016
v -0.03618064 -0.04833946 -0.12963685
v -0.02051066 0.05115351 -0.12144969
v -0.04241357 -0.04691388 -0.12980355
v -0.02051075 0.04805623 -0.11885385
v -0.03234537 0.04663385 -0.11922214
v -0.04004066 0.04565465 -0.11881696
v -0.05362644 0.03599053 -0.11890443
v -0.04927554 0.04060979 -0.11892067
v -0.04536188 0.04290213 -0.11918788
v -0.02094679 -0.04803640 -0.11885498
v -0.03238135 -0.04715987 -0.11884785
v -0.04134081 -0.04499630 -0.11898611
v -0.04941875 -0.04032336 -0.11906568
v -0.07023147 0.00501290 -0.11869808
v -0.06796645 0.01219976 -0.11891869
v -0.01747939 -0.04771337 -0.06831042
v -0.03541333 -0.04539220 -0.06802907
v -0.05995841 -0.02911459 -0.06788033
v -0.05337720 -0.03585427 -0.06769373
v -0.06016607 -0.03013148 -0.06842365
v -0.05308785 -0.03774441 -0.06836330
v -0.06096235 -0.03005513 -0.06917981
v -0.04780076 -0.04149366 -0.06837283
v -0.01629682 0.04782021 -0.06838765
v -0.03237678 0.04628875 -0.06831840
v -0.04060609 0.04483021 -0.06864895
v -0.04489112 0.04279637 -0.06816645
v -0.04981428 0.04024370 -0.06838115
v -0.06039311 0.02985997 -0.06842672
v -0.05431608 0.03566375 -0.06791419
v -0.05947498 0.02932250 -0.06774549
v -0.05963596 -0.02586788 -0.07660732
v -0.05932321 -0.02584052 -0.07002817
v -0.06528440 -0.02415991 -0.06982636
v -0.06553872 -0.02413659 -0.07670213
v -0.06531863 -0.02189264 -0.07880478
v -0.07342772 -0.00354832 -0.07878792
v -0.06033147 0.02791319 -0.09441812
v -0.04806069 0.04111220 -0.09435353
v -0.03749490 0.04574412 -0.09437286
v -0.00581886 0.04017578 -0.09433953
v -0.00040874 0.04519439 -0.09433904
v -0.00241268 0.04223618 -0.09433953
v -0.00551551 0.04025729 -0.09283956
v -0.00223617 0.04241269 -0.09283956
v -0.04911288 0.03964710 -0.07879341
v -0.04186982 0.04354648 -0.07876325
v -0.05951187 0.02867045 -0.07881175
v -0.00135622 0.04332911 -0.07883956
v -0.02903801 0.04627745 -0.07877900
v -0.00551551 0.04025729 -0.07883956
v -0.05906898 0.02582511 -0.06987470
v -0.05970166 0.02584948 -0.07616584
v -0.06538787 0.02418432 -0.07648277
v -0.06548185 0.02416703 -0.07007079
v -0.06746115 0.01901328 -0.07878108
v -0.07290395 0.00321691 -0.07881242
v -0.06529241 0.02203117 -0.07874098
v -0.03470667 0.04598038 -0.08036419
v -0.04820521 0.04102960 -0.08042249
v -0.05276651 0.03714895 -0.08040519
v -0.06156121 0.02755611 -0.08046928
v -0.00581886 0.04017578 -0.08033954
v -0.00131067 0.04330453 -0.08033971
v -0.02962278 0.04663808 -0.10838342
v -0.05868811 0.02793513 -0.10840026
v -0.04464876 0.04281107 -0.10835172
v -0.00660996 0.04007513 -0.10833957
v -0.00089008 0.04419816 -0.10833957
v -0.00339103 0.04138469 -0.10833957
v -0.00576370 0.04020784 -0.10683956
v -0.00170930 0.04286669 -0.10683956
v -0.07335583 0.00082775 -0.07018205
v -0.07349214 0.00088504 -0.07666777
v -0.07347614 -0.00087721 -0.07665021
v -0.07353795 -0.00086722 -0.06999807
v -0.06041152 -0.02787031 -0.09442575
v -0.05129179 -0.03841935 -0.09436923
v -0.02870931 -0.04708753 -0.09436032
v -0.04585310 -0.04298613 -0.09440744
v -0.00551545 -0.04025730 -0.09433953
v -0.00092384 -0.04385504 -0.09433953
v -0.00516089 -0.04029637 -0.09283956
v -0.00109583 -0.04380821 -0.09283956
v -0.06011646 -0.02822163 -0.08036076
v -0.04997297 -0.03943831 -0.08035600
v -0.02886003 -0.04657659 -0.08035051
v -0.00515219 -0.04033223 -0.08033954
v -0.00109397 -0.04376804 -0.08033954
v -0.04329167 -0.04270235 -0.07883368
v -0.02112338 -0.04677208 -0.07879526
v -0.00107212 -0.04372828 -0.07883989
v -0.00544590 -0.04023894 -0.07883956
v -0.05953499 -0.02871694 -0.07880969
v -0.02712203 -0.04680244 -0.10838035
v -0.04926169 -0.03958668 -0.10836549
v -0.04264212 -0.04404553 -0.10843071
v -0.05814882 -0.02819745 -0.10836495
v -0.00551545 -0.04025730 -0.10833957
v -0.00121181 -0.04349523 -0.10833957
v -0.00516089 -0.04029637 -0.10683956
v -0.00109583 -0.04380821 -0.10683956
v -0.06716003 -0.02079011 -0.10683240
v -0.06492346 -0.02422180 -0.10441665
v -0.06524560 -0.02351631 -0.10587516
v -0.06623427 -0.02198495 -0.10678446
v -0.06755878 -0.02199237 -0.09437366
v -0.06589530 -0.02402387 -0.09594826
v -0.07163519 -0.00976251 -0.10683674
v -0.07324535 -0.00234285 -0.10664406
v -0.07482754 -0.00326937 -0.09435334
v -0.07270525 -0.01146780 -0.09433982
v -0.07364555 -0.00079979 -0.10462103
v -0.07473590 -0.00080013 -0.09666181
v -0.07486842 -0.00162377 -0.09514585
v -0.06821077 -0.02129460 -0.09291627
v -0.06608336 -0.02423718 -0.09022962
v -0.06646417 -0.02362606 -0.09178536
v -0.06782900 -0.02238558 -0.08043465
v -0.06637090 -0.02412506 -0.08230793
v -0.07398574 -0.01017253 -0.08033980
v -0.07232203 -0.01264260 -0.09283302
v -0.07532398 -0.00090028 -0.09109757
v -0.07586690 -0.00079751 -0.08268440
v -0.07502737 -0.00275654 -0.09273010
v -0.07588305 -0.00161278 -0.08115546
v -0.07434098 -0.00655119 -0.09283332
v -0.07572977 -0.00324356 -0.08035405
v -0.06695826 0.02104672 -0.10689888
v -0.06538232 0.02328788 -0.10610015
v -0.06491799 0.02419834 -0.10457502
v -0.06826752 0.02101685 -0.09430081
v -0.06572133 0.02419213 -0.09659229
v -0.06662880 0.02313703 -0.09491125
v -0.07354557 0.00093674 -0.10524540
v -0.07314625 0.00288896 -0.10675141
v -0.07487137 0.00285153 -0.09442160
v -0.07481427 0.00097415 -0.09596935
v -0.07073700 0.01599891 -0.09434198
v -0.07198432 0.00846771 -0.10683955
v -0.07359103 0.00866299 -0.09434146
v -0.07588659 0.00266419 -0.08048735
v -0.07531122 0.00093752 -0.09124612
v -0.07499760 0.00288711 -0.09275127
v -0.07388026 0.00840848 -0.09282793
v -0.06616498 0.02407098 -0.09117293
v -0.06642923 0.02405291 -0.08202584
v -0.06778742 0.02186059 -0.09283577
v -0.06796305 0.02213806 -0.08039993
v -0.07476194 0.00753393 -0.08033950
v -0.07097296 0.01577554 -0.09283576
v -0.07096012 0.01700171 -0.08033936
v -0.07589676 0.00097515 -0.08196819
v -0.05960252 0.02737723 -0.07847766
v -0.05906387 0.02612632 -0.07737920
v -0.06526892 0.02367698 -0.07760608
v -0.06566343 0.02288628 -0.07830133
v -0.06194134 0.02623106 -0.10958990
v -0.06267167 0.02676220 -0.09507500
v -0.07326727 -0.00201701 -0.07832024
v -0.07327611 0.00185490 -0.07816786
v -0.06096046 -0.02674448 -0.10905384
v -0.06539515 -0.02331212 -0.07799986
v -0.05934854 -0.02652360 -0.07782910
v -0.05928215 -0.02749451 -0.07856367
v -0.06328496 -0.02671249 -0.08105778
v -0.06335889 -0.02642035 -0.09539839
v -0.05918860 -0.02714694 -0.06803956
v -0.05939796 -0.02626596 -0.06898981
v -0.06030506 -0.02758854 -0.06832097
v -0.06118473 -0.02847292 -0.06903549
v -0.06081114 -0.02678262 -0.06985648
v -0.06161025 -0.02852695 -0.07019553
v -0.06182813 -0.02878095 -0.07616108
v -0.06154653 -0.02757447 -0.07657731
v -0.06093181 -0.02664660 -0.07640949
v -0.06043291 -0.02726478 -0.07796233
v -0.06108705 -0.03038136 -0.07694317
v -0.06142215 -0.02922680 -0.07730127
v -0.06083845 -0.02847459 -0.07807443
v -0.06045375 -0.02990319 -0.07812965
v -0.02053709 -0.04847040 -0.07769269
v -0.03188595 -0.04737009 -0.07767943
v -0.03344585 -0.04607557 -0.07852683
v -0.04358935 -0.04359681 -0.07842594
v -0.04187765 -0.04512388 -0.07766619
v -0.05415142 -0.03586005 -0.07865512
v -0.05401153 -0.03766523 -0.07773575
v -0.04836542 -0.04152079 -0.07825318
v -0.05923933 0.02651897 -0.06862392
v -0.05959504 0.02735618 -0.06802125
v -0.06024722 0.02635043 -0.06959926
v -0.06069236 0.02819559 -0.06840442
v -0.06117937 0.02726173 -0.06997882
v -0.06151520 0.02919498 -0.06972282
v -0.06175820 0.02915636 -0.07652783
v -0.06170088 0.02797835 -0.07630456
v -0.06114544 0.02686207 -0.07640663
v -0.06118619 0.02792985 -0.07756554
v -0.06017017 0.02635772 -0.07713501
v -0.06061013 0.02922249 -0.07830743
v -0.06113864 0.03017325 -0.07718469
v -0.01701698 0.04768367 -0.07851922
v -0.02346961 0.04827455 -0.07766505
v -0.03442036 0.04689520 -0.07766142
v -0.03984539 0.04536116 -0.07807188
v -0.05441374 0.03588540 -0.07853351
v -0.05548771 0.03624421 -0.07767390
v -0.04964218 0.04097215 -0.07795054
v -0.04524075 0.04369307 -0.07774225
v -0.01935268 0.04846954 -0.08079121
v -0.04434741 0.04421521 -0.08088996
v -0.03973496 0.04596467 -0.08101100
v -0.03308348 0.04778031 -0.08138028
v -0.04912723 0.04232168 -0.08165650
v -0.05311432 0.03885377 -0.08131451
v -0.05725612 0.03392248 -0.08097970
v -0.02151053 0.04940262 -0.09536971
v -0.02253158 0.04838102 -0.09461724
v -0.03255042 0.04802270 -0.09500523
v -0.03806382 0.04758799 -0.09570824
v -0.04287174 0.04517399 -0.09478251
v -0.04448554 0.04544356 -0.09566196
v -0.05670047 0.03539696 -0.09561744
v -0.05213221 0.04005783 -0.09538537
v -0.04680565 0.04311578 -0.09470274
v -0.05287167 0.03756019 -0.09449033
v -0.02078577 0.04854672 -0.10909111
v -0.03229819 0.04756495 -0.10903268
v -0.03881925 0.04699557 -0.10981294
v -0.04317830 0.04488673 -0.10897338
v -0.05253331 0.03716600 -0.10857486
v -0.05383560 0.03729887 -0.10948610
v -0.04522311 0.04329520 -0.10865990
v -0.04871619 0.04219200 -0.10945120
v -0.02035636 -0.04856826 -0.10909331
v -0.03269833 -0.04762401 -0.10912957
v -0.03934972 -0.04605538 -0.10895378
v -0.05267563 -0.03710400 -0.10864188
v -0.05376982 -0.03720326 -0.10933046
v -0.04841401 -0.04198823 -0.10908384
v -0.04444955 -0.04465594 -0.10942642
v -0.01985586 -0.04877935 -0.09474773
v -0.03090914 -0.04825323 -0.09502622
v -0.03789346 -0.04687605 -0.09487781
v -0.04270671 -0.04551581 -0.09499567
v -0.05595884 -0.03529543 -0.09492103
v -0.05180375 -0.03989891 -0.09503885
v -0.04737229 -0.04393873 -0.09568570
v -0.03063176 -0.04786685 -0.08110065
v -0.01873892 -0.04850245 -0.08079253
v -0.04100693 -0.04577484 -0.08112173
v -0.04273942 -0.04420555 -0.08053660
v -0.04766399 -0.04239087 -0.08083823
v -0.05660971 -0.03413489 -0.08073636
v -0.05278307 -0.03870102 -0.08099013
v -0.07330771 -0.00114243 -0.06916390
v -0.07317255 -0.00212604 -0.06805021
v -0.07438395 -0.00211947 -0.06871895
v -0.07491560 -0.00188331 -0.06991801
v -0.07548892 -0.00287154 -0.07010561
v -0.07461939 -0.00151572 -0.07652022
v -0.07548854 -0.00272949 -0.07636769
v -0.07476244 -0.00267604 -0.07780175
v -0.07501206 -0.00387858 -0.07777786
v -0.06642152 -0.02303560 -0.07773552
v -0.06830180 -0.01986914 -0.07817694
v -0.07175937 -0.01070133 -0.07865199
v -0.07348957 -0.00909411 -0.07795977
v -0.06532851 0.02386892 -0.06916686
v -0.06650570 0.02341631 -0.07716507
v -0.07515353 0.00341373 -0.07758815
v -0.07370248 0.00377611 -0.07873450
v -0.07325388 0.00907023 -0.07814906
v -0.07532139 0.00437083 -0.07718220
v -0.06882586 0.01968389 -0.07785091
v -0.07458036 0.00234827 -0.07776360
v -0.07503851 0.00189909 -0.07645562
v -0.07529662 0.00239037 -0.07014561
v -0.07448816 0.00143928 -0.07007192
v -0.07307076 0.00105424 -0.06926543
v -0.07421936 0.00183613 -0.06882036
v -0.07322173 0.00217415 -0.06801929
v -0.06500057 -0.00010738 -0.11362504
v -0.04587908 -0.04503982 -0.04232936
v -0.04767255 -0.04404498 -0.04110651
v -0.04869952 -0.04367866 -0.03948830
v -0.04768201 0.04395501 -0.04108623
v -0.04587225 0.04504155 -0.04233156
v -0.04441218 0.04596169 -0.04295588
v -0.04785063 0.04469245 -0.04158407
v -0.04910677 0.04413311 -0.03968833
v -0.04949221 0.04415604 -0.03813443
v -0.04924262 0.03809677 0.03680745
v -0.04960245 0.05188811 -0.00692927
v -0.04965980 0.05031662 -0.01503882
v -0.04942462 0.04554573 -0.03130114
v -0.04931523 0.05226244 -0.00096853
v -0.04931700 0.04628552 0.02537630
v -0.04936359 0.05219756 0.00486349
v -0.04984079 0.05189444 0.00916367
v -0.04981772 0.04980377 0.01770194
v -0.04978367 0.04478747 0.02849502
v -0.04914337 -0.03650572 0.03823132
v -0.04956074 -0.03622189 0.03899377
v -0.04934721 -0.01461189 0.05101813
v -0.04958106 -0.00942001 0.05234615
v -0.04927735 -0.00295620 0.05293240
v -0.04954377 0.00838759 0.05251908
v -0.04958102 0.01341468 0.05146563
v -0.04927890 0.02177837 0.04837495
v -0.04971511 -0.04417507 -0.03880851
v -0.04974426 -0.04563002 -0.03152006
v -0.04918756 -0.04526273 -0.03143645
v -0.04948886 -0.05220203 -0.00445462
v -0.04941580 -0.05233719 0.00395460
v -0.04957858 -0.04919458 0.01932163
v -0.04962548 -0.05044556 -0.01449836
v -0.04979087 -0.04595451 0.02642956
v -0.04969262 -0.04147328 0.03334393
v -0.04828393 -0.04452245 -0.04125460
v -0.06400000 -0.02564362 -0.04562774
v -0.06400000 -0.02329830 -0.04514292
v -0.06400000 -0.02242455 -0.04362115
v -0.06400000 -0.02272358 -0.04169122
v -0.06400000 -0.02483185 -0.04055503
v -0.06400000 -0.02715525 -0.04174081
v -0.06400000 -0.02723353 -0.04414606
v -0.06400023 -0.02825829 -0.04187935
v -0.06399994 -0.02630508 -0.03985049
v -0.06399996 -0.02385791 -0.03971586
v -0.06400006 -0.02168453 -0.04151086
v -0.06400003 -0.02147504 -0.04398762
v -0.06400000 -0.02253528 -0.04579633
v -0.06400000 -0.02509413 -0.04672137
v -0.06399975 -0.02754256 -0.04552321
v -0.06412469 -0.02833189 -0.04375274
v -0.06490129 -0.02817565 -0.04462841
v -0.06564206 -0.02748208 -0.04563009
v -0.06692418 -0.02615309 -0.04644993
v -0.06843866 -0.02477188 -0.04665980
v -0.06995635 -0.02337369 -0.04636705
v -0.07051139 -0.02227539 -0.04554290
v -0.07076717 -0.02152479 -0.04413835
v -0.07106856 -0.02136701 -0.04243041
v -0.07025120 -0.02245782 -0.04052695
v -0.06929184 -0.02415376 -0.03964180
v -0.06679944 -0.02661729 -0.03999593
v -0.06794849 -0.02554230 -0.03964014
v -0.06542853 -0.02774260 -0.04093860
v -0.06453127 -0.02831794 -0.04212803
v -0.06485228 -0.02880456 -0.04375019
v -0.06732157 -0.02654331 -0.04669582
v -0.06494384 -0.02942718 -0.04345487
v -0.06481408 -0.02867062 -0.04246691
v 0.00615067 0.02360872 -0.29906210
v -0.00328723 0.02285982 -0.29955205
v 0.00187465 0.02511676 -0.29849204
v -0.06285451 0.01851640 -0.19770201
v -0.06375830 0.02059264 -0.21693105
v -0.06522264 0.01497120 -0.21602979
v -0.00388448 0.02576482 -0.29795855
v -0.05386367 0.02687946 -0.26021525
v -0.05275031 0.02703702 -0.26191694
v -0.05500038 0.02604157 -0.26094458
v 0.02387554 0.02724301 -0.29083872
v 0.02404097 0.02788508 -0.28798628
v 0.03368061 0.02794050 -0.28236771
v -0.04558727 0.01904664 -0.28132296
v -0.04827062 0.01259368 -0.27911556
v -0.05027881 0.01923688 -0.27537206
v -0.05133320 0.01242556 -0.27508274
v -0.05521540 0.01906928 -0.26724580
v -0.05532194 0.01261961 -0.26828673
v -0.04582780 0.01252974 -0.28194302
v 0.06214253 -0.00648291 -0.19825742
v 0.06230897 -0.01299980 -0.20713356
v 0.06455479 -0.01299990 -0.22630474
v 0.05804263 -0.02502946 -0.20284328
v 0.05707509 -0.02464513 -0.18969439
v 0.05510692 -0.02676736 -0.18956318
v 0.04031814 -0.03055555 -0.18184026
v 0.03940416 -0.02989087 -0.18487845
v 0.04929362 -0.02885349 -0.19350339
v 0.05320516 0.02797588 -0.21934813
v 0.05376578 0.02790532 -0.21688573
v 0.05770642 0.02748260 -0.23635478
v 0.05176109 0.02788287 -0.25645709
v 0.05516507 0.02793696 -0.24234568
v 0.05734066 0.02718816 -0.24811293
v 0.05345153 0.02749358 -0.25773391
v 0.05251535 0.02723842 -0.26198670
v 0.05394674 0.02702770 -0.26023436
v 0.05217702 0.02632478 -0.26695985
v 0.02140918 0.02692468 -0.29266086
v 0.02713402 0.02637572 -0.29107285
v -0.01793083 0.02789486 -0.29025874
v -0.00965480 0.02793416 -0.29313996
v -0.01891681 0.02754881 -0.29178426
v -0.02106128 0.02701866 -0.29243031
v -0.01897802 0.02664581 -0.29405692
v -0.02294122 0.02692326 -0.29195699
v -0.02976078 0.02723953 -0.28784350
v -0.02403589 0.02745824 -0.28981254
v -0.02404432 0.02794763 -0.28758469
v -0.05519665 0.02793393 -0.24220835
v -0.05172877 0.02789247 -0.25641090
v -0.05328687 0.02747769 -0.25759536
v -0.05388525 0.02772331 -0.21729876
v -0.05303297 0.02783781 -0.21957177
v -0.05713660 0.02746317 -0.23107287
v -0.04979115 0.02814559 -0.20592755
v -0.04997433 0.02809554 -0.21430120
v -0.05199504 0.02788295 -0.21472910
v -0.05336403 0.02772458 -0.21622251
v -0.06427196 -0.01636520 -0.20690198
v -0.06318410 -0.01955609 -0.20675212
v -0.06258000 -0.01797395 -0.18906753
v -0.06410506 -0.01331692 -0.19238932
v -0.06502189 -0.01299756 -0.20665291
v -0.06557399 -0.01299921 -0.21710625
v -0.06627544 -0.00230581 -0.21396022
v -0.06563289 -0.01298661 -0.22692849
v -0.06522851 -0.00717352 -0.19426605
v -0.06551718 -0.00455380 -0.23387343
v -0.06435625 -0.01299901 -0.23978855
v -0.06298424 -0.00498350 -0.24852292
v -0.06254347 -0.01300481 -0.24882935
v -0.05979098 -0.01297995 -0.25843754
v -0.06613404 0.00807779 -0.21995455
v -0.06175845 -0.02229245 -0.20671168
v -0.06004912 -0.02430782 -0.20670786
v -0.05758741 -0.02573277 -0.19667310
v -0.05753577 -0.02588430 -0.20353147
v -0.00545601 0.02715369 -0.29600421
v 0.00722180 0.02719232 -0.29583126
v -0.05977323 0.01248680 -0.25838187
v -0.05928762 0.02072786 -0.25683558
v -0.06240981 0.01306190 -0.24951302
v -0.06172665 0.02020539 -0.24887763
v -0.06410569 0.01170199 -0.24214673
v -0.06476498 0.01830491 -0.22796087
v -0.06516734 0.01307075 -0.23353687
v -0.06350846 0.01945726 -0.23998190
v -0.06271204 0.02367686 -0.22659943
v -0.06306345 0.02297878 -0.23146789
v -0.06148939 0.02203898 -0.20209491
v -0.06179297 0.02362652 -0.21520962
v -0.06262311 0.02283882 -0.23916049
v -0.06404088 0.01419281 -0.19428152
v -0.06546253 0.00450971 -0.19427630
v -0.04864116 0.02716258 -0.26980934
v -0.04831037 0.02594278 -0.27345943
v -0.04424158 0.02603072 -0.27849546
v -0.03886889 0.02727965 -0.28110337
v -0.03779865 0.02637491 -0.28412849
v -0.02963279 0.02613933 -0.29011783
v -0.05089152 0.02753806 -0.26263827
v -0.05805913 0.02633764 -0.25051042
v -0.05726644 0.02726757 -0.24618483
v -0.06093040 0.02559382 -0.23758122
v -0.06062423 0.02469792 -0.24584521
v -0.00929172 0.02452212 -0.29822692
v -0.04138676 0.02470057 -0.28302461
v -0.04463958 0.02334897 -0.28074351
v -0.04925347 0.02335398 -0.27501401
v -0.05318102 0.02336033 -0.26871651
v -0.05218587 0.02568072 -0.26757312
v -0.05642438 0.02336855 -0.26200399
v -0.05841636 0.02463182 -0.25471666
v -0.06073267 0.02578644 -0.22659728
v -0.05854150 0.02515591 -0.20138793
v -0.05713485 0.02662748 -0.21023041
v -0.05477996 0.02726058 -0.20308757
v -0.05894810 0.02693005 -0.23124464
v -0.05241739 0.02779183 -0.20469770
v -0.04333756 0.02868478 -0.19987497
v -0.04600922 0.02903694 -0.19769229
v -0.05120753 0.02798439 -0.22098614
v -0.04925458 0.02790737 -0.26243982
v -0.03961072 0.02794047 -0.27748576
v 0.06435185 0.00747610 -0.21902913
v 0.06513154 0.00406397 -0.22894230
v 0.06464784 0.01438455 -0.23185396
v 0.06179401 0.00864749 -0.19608402
v 0.06135663 0.01040384 -0.18805112
v 0.06193980 -0.00024672 -0.19036067
v 0.06497786 0.00414994 -0.23828296
v 0.05738679 0.02438309 -0.19189541
v 0.05754948 0.02392415 -0.18275036
v 0.05929340 0.02050924 -0.19235064
v 0.06010274 0.01740018 -0.18760173
v 0.06085627 0.01640633 -0.19799078
v 0.06330600 0.02123922 -0.23943512
v 0.06409874 0.01410459 -0.24255484
v 0.06343229 0.01994796 -0.22550315
v 0.06249206 0.02351766 -0.23062903
v 0.06276933 0.01950661 -0.24657442
v 0.06383295 0.00450949 -0.24680710
v -0.04625679 -0.00631014 -0.28175339
v -0.04127161 -0.01299600 -0.28634378
v -0.03920233 0.01124316 -0.28814712
v -0.03773094 -0.00524104 -0.28931180
v -0.03218821 -0.01298398 -0.29273427
v -0.03122509 0.01128637 -0.29324308
v -0.02538279 -0.01298731 -0.29602048
v -0.02434842 0.01130961 -0.29641557
v -0.01813557 -0.01299466 -0.29849404
v -0.01491940 0.01079307 -0.29937279
v 0.00604157 -0.01299251 -0.30064863
v 0.00340487 0.01068007 -0.30094144
v 0.01331138 0.01026392 -0.29967210
v -0.04005823 0.02057774 -0.28627256
v -0.03403505 0.02058646 -0.29062641
v -0.02747242 0.02059403 -0.29418933
v -0.02048432 0.02059970 -0.29694325
v -0.01318527 0.02060249 -0.29886988
v -0.00579685 0.01028401 -0.30075771
v -0.00573955 0.01918015 -0.30013871
v 0.00184530 0.01917633 -0.30035955
v 0.00942025 0.01917140 -0.29970959
v 0.01686697 0.01916740 -0.29819977
v 0.02072867 0.01025996 -0.29772964
v 0.02407627 0.01916468 -0.29584667
v 0.02785331 0.01025864 -0.29494637
v 0.03094421 0.01916361 -0.29266682
v 0.03458139 0.01025910 -0.29133710
v 0.05572806 0.02645794 -0.17953934
v 0.05497865 0.02748153 -0.20380245
v 0.05355990 0.02782597 -0.19002016
v 0.05614150 0.02601292 -0.19409876
v 0.05950749 0.02281507 -0.20337242
v 0.06117403 0.02462006 -0.22225949
v 0.05919254 0.02667875 -0.22458616
v 0.05976891 0.01137595 -0.26049519
v 0.05631719 0.01061410 -0.26793566
v 0.05652295 0.02063266 -0.26536053
v 0.06012989 0.02058957 -0.25653332
v 0.05677856 0.02463035 -0.26097569
v 0.05666398 0.02634613 -0.25685066
v 0.05349586 0.02461533 -0.26787722
v 0.06276452 0.00310137 -0.20326830
v 0.05186945 0.02899374 -0.18225211
v 0.04924755 0.02908490 -0.19044530
v 0.04731366 0.03029748 -0.18123217
v 0.04854183 0.02855264 -0.20111667
v 0.04108306 0.02977262 -0.18608686
v 0.06157256 0.02504794 -0.23641811
v 0.05995842 0.02643853 -0.23713677
v 0.05926782 0.02465780 -0.25364727
v 0.06261584 0.01409143 -0.25068521
v 0.06136782 0.02341176 -0.24793828
v 0.06145220 -0.00003467 -0.25627464
v 0.06002424 0.02575895 -0.24575064
v 0.05212297 0.01054983 -0.27474108
v 0.05296539 0.01917179 -0.27217704
v 0.05190260 0.02320722 -0.27194500
v 0.04695046 0.02727341 -0.27216569
v 0.05115538 0.02753520 -0.26262814
v 0.04477009 0.02794034 -0.27057955
v 0.04930656 0.02791519 -0.26247832
v 0.04652878 0.02330631 -0.27908745
v 0.04319770 0.02603992 -0.27997866
v 0.04863859 0.02593972 -0.27357537
v 0.03288415 0.02691854 -0.28694153
v 0.03987812 0.02559560 -0.28369054
v -0.03614525 0.02460284 -0.28742740
v -0.02995328 0.02460430 -0.29132667
v -0.02329647 0.02460730 -0.29443890
v -0.01628602 0.02461122 -0.29674309
v 0.04842154 0.01916634 -0.27840596
v 0.04711130 0.01104210 -0.28098282
v 0.04322432 0.01916407 -0.28391132
v 0.03993478 0.02335398 -0.28539351
v 0.03407272 0.02396638 -0.28936529
v -0.01257463 0.02641134 -0.29605669
v 0.02095934 0.02559770 -0.29460725
v 0.01354043 0.02397824 -0.29776981
v 0.01558917 0.02663863 -0.29505008
v 0.00958175 0.02569765 -0.29735091
v 0.00438098 0.02662578 -0.29697740
v 0.02972543 0.02522403 -0.29103392
v 0.03935159 0.02730823 -0.28057083
v 0.04080914 0.01026114 -0.28691709
v 0.03736671 0.01916344 -0.28867772
v 0.02691652 0.02318100 -0.29361808
v 0.01897930 0.02756221 -0.29162177
v 0.01806648 0.02787538 -0.29053158
v 0.00843707 0.02794036 -0.29296258
v 0.02044777 0.02336152 -0.29611108
v 0.05268504 -0.02808709 -0.19697055
v 0.05245492 -0.02837209 -0.18836285
v 0.04798392 -0.02968817 -0.18514313
v 0.05514178 -0.02714082 -0.19977899
v 0.05972913 -0.01937791 -0.19259493
v 0.05865639 -0.02184170 -0.18558785
v 0.06074304 -0.01424565 -0.18936580
v 0.05964007 -0.02283685 -0.20512430
v 0.06069770 -0.02072024 -0.20676714
v 0.06162199 -0.01731744 -0.20680845
v 0.06157772 -0.00827260 -0.18819651
v 0.06489982 -0.00792634 -0.22597949
v -0.04621511 -0.01299903 -0.28158432
v 0.05795679 -0.01299799 -0.26437190
v 0.06220797 -0.01299155 -0.25279224
v 0.06462747 -0.01300121 -0.23818886
v -0.00960566 -0.01299481 -0.30022240
v -0.00199034 -0.01299581 -0.30087581
v 0.01303438 -0.01299650 -0.29961824
v 0.02038797 -0.01299617 -0.29772305
v 0.02750080 -0.01299619 -0.29498515
v 0.03422638 -0.01299628 -0.29141825
v 0.04044641 -0.01299100 -0.28706467
v 0.04559292 -0.01300138 -0.28238466
v 0.04968186 -0.01299594 -0.27780467
v 0.05414711 -0.01299189 -0.27145433
v 0.06395059 -0.01298738 -0.24469054
v 0.05182756 0.02807235 -0.21460909
v -0.03823885 0.02010000 -0.19684988
v -0.03844538 0.01800001 -0.19672510
v -0.04046475 0.02010000 -0.19697984
v -0.04077974 0.01799999 -0.19721985
v -0.04157972 0.02010002 -0.19828057
v -0.04152472 0.01800003 -0.19787502
v -0.04169645 0.02010000 -0.20019962
v -0.04164929 0.01800001 -0.20026028
v 0.04096853 0.01799998 -0.19736806
v 0.04174219 0.02010002 -0.19848150
v 0.04184790 0.01800001 -0.19990183
v 0.04147893 0.02010000 -0.20053299
v 0.04038405 0.02010001 -0.19697678
v 0.03853608 0.01800001 -0.19669791
v 0.03830121 0.02010000 -0.19680272
v 0.05678145 0.02010000 -0.24081691
v 0.05688690 0.01800001 -0.24079680
v 0.05800389 0.02009997 -0.23893505
v 0.05806240 0.01799999 -0.23777269
v 0.05767429 0.02010002 -0.23711319
v 0.05622081 0.01800001 -0.23601967
v 0.05614113 0.02010000 -0.23600067
v 0.04072456 0.01800001 -0.27981725
v 0.04001930 0.02010003 -0.28024134
v 0.03844705 0.01800001 -0.28027493
v 0.03796785 0.02010000 -0.27997810
v 0.04160899 0.02010002 -0.27875227
v 0.04182337 0.01800001 -0.27810982
v 0.04161569 0.02010000 -0.27666074
v 0.04138648 0.01800001 -0.27633914
v -0.00224617 0.02010000 -0.29546514
v -0.00244160 0.01800001 -0.29490986
v -0.00116232 0.01800001 -0.29626194
v 0.00022222 0.02009995 -0.29655859
v 0.00037142 0.01800002 -0.29651275
v 0.00231087 0.01800001 -0.29530710
v 0.00235456 0.02010000 -0.29522493
v -0.04178739 0.02010000 -0.27701163
v -0.04184775 0.01800001 -0.27710041
v -0.04132111 0.02009997 -0.27920675
v -0.04054058 0.01799999 -0.28007004
v -0.03979979 0.02010005 -0.28026193
v -0.03799879 0.01800001 -0.28000739
v -0.03792901 0.02010000 -0.27996451
v -0.05677974 0.02010000 -0.23618308
v -0.05688519 0.01800001 -0.23620318
v -0.05800220 0.02009999 -0.23806496
v -0.05806071 0.01799999 -0.23922732
v -0.05767258 0.02010005 -0.23988685
v -0.05621912 0.01800001 -0.24098034
v -0.05613944 0.02010000 -0.24099934
v -0.05741942 -0.02310611 -0.20784684
v -0.05785591 -0.01300005 -0.20837958
v -0.05300900 -0.01300000 -0.20088409
v -0.05303531 -0.02577379 -0.20078723
v -0.04594034 -0.01300005 -0.19235517
v -0.04896036 -0.02747917 -0.19566567
v -0.04601443 -0.02928375 -0.19239841
v -0.04182042 -0.03097062 -0.18863364
v -0.03516489 -0.03496159 -0.18373516
v -0.03389027 -0.01300004 -0.18291196
v -0.01966089 -0.01299993 -0.17642260
v -0.02577773 -0.03828669 -0.17867264
v -0.01539925 -0.03979588 -0.17524643
v -0.00288975 -0.01299974 -0.17345516
v -0.00555179 -0.03977812 -0.17364874
v 0.01274529 -0.01300077 -0.17468981
v 0.00899386 -0.03353122 -0.17406510
v 0.00096737 -0.03572889 -0.17345004
v 0.01700619 -0.03173372 -0.17567565
v 0.02715554 -0.01300039 -0.17934532
v 0.03134029 -0.02925525 -0.18148941
v 0.02500241 -0.03045000 -0.17841236
v 0.04018936 -0.01300021 -0.18729706
v 0.03748782 -0.02869894 -0.18526587
v 0.04306937 -0.02803162 -0.18973957
v 0.05166449 -0.01299915 -0.19885516
v 0.04868828 -0.02726219 -0.19530044
v 0.05400223 -0.02524060 -0.20216933
v 0.05782602 -0.01300001 -0.20833723
v 0.05741721 -0.02015668 -0.20788488
v 0.00045010 0.02450315 -0.17638409
v -0.01200673 0.02441256 -0.17765823
v -0.01210274 0.02447627 -0.19481900
v -0.02523643 0.02464147 -0.21239875
v -0.01519750 0.02450097 -0.20519206
v -0.02815881 0.02449865 -0.20521614
v -0.00355901 0.02450121 -0.20206216
v 0.01169545 0.02448955 -0.19410412
v 0.01269022 0.02427209 -0.17779531
v -0.01461350 0.02449644 -0.19739905
v -0.01565837 0.02442147 -0.19786297
v 0.00356089 0.02450069 -0.27493837
v -0.00846353 0.02450080 -0.27411985
v -0.01358950 0.02450000 -0.27994165
v 0.01509834 0.02449952 -0.19766523
v 0.01384990 0.02446909 -0.19675475
v 0.00846551 0.02450018 -0.20287958
v -0.02550507 0.02450110 -0.27388799
v -0.01752256 0.02466289 -0.27014783
v -0.02439652 0.02450080 -0.26579815
v -0.03475162 0.02449951 -0.26481611
v -0.03047322 0.02466290 -0.25799322
v -0.04106168 0.02450000 -0.25319606
v -0.03408564 0.02460406 -0.25107551
v -0.04313423 0.02450000 -0.24412276
v -0.03660693 0.02450080 -0.23903875
v -0.04332981 0.02449849 -0.23370637
v -0.03479847 0.02450069 -0.22712301
v -0.03991342 0.02450000 -0.22092284
v -0.03517674 0.02450000 -0.21291117
v -0.03009181 0.02466289 -0.21842298
v 0.01247301 0.02444044 -0.19508253
v 0.01957250 0.02450069 -0.20755848
v 0.03445029 0.02450069 -0.22610386
v 0.04037454 0.02450000 -0.22200546
v 0.02855862 0.02450080 -0.21558990
v 0.03355350 0.02449810 -0.21066278
v 0.02339633 0.02450602 -0.20155923
v -0.00329552 0.02450000 -0.28187492
v 0.00601359 0.02450068 -0.28169602
v 0.01519941 0.02450080 -0.27180803
v 0.01864143 0.02450000 -0.27792886
v 0.02194404 0.02466290 -0.26726022
v 0.02744328 0.02450000 -0.27225149
v 0.02922044 0.02450080 -0.26055983
v 0.03433263 0.02449408 -0.26528618
v 0.03480006 0.02450080 -0.24987695
v 0.04065218 0.02450000 -0.25429794
v 0.03632368 0.02460406 -0.23767374
v 0.04350594 0.02449791 -0.24137272
v 0.04284563 0.02450000 -0.23097841
v -0.00230095 0.00950000 -0.18046653
v -0.01233145 0.00964773 -0.18181637
v -0.01175394 0.00954287 -0.17761041
v -0.00004569 0.00950005 -0.17638874
v 0.01239572 0.00961066 -0.18179336
v 0.01293686 0.00976326 -0.17784740
v 0.01482912 0.01205132 -0.18242626
v 0.01491203 0.01240245 -0.17831905
v 0.01500087 0.01800001 -0.18247291
v 0.01488844 0.02177361 -0.17831269
v 0.01503853 0.01800003 -0.19623224
v 0.01493801 0.02153541 -0.19605549
v -0.01513613 0.01800002 -0.19672269
v -0.01498226 0.02129003 -0.19616188
v -0.01499917 0.01800001 -0.18247303
v -0.01496246 0.02123195 -0.17833281
v -0.01479117 0.01182518 -0.18241587
v -0.01490818 0.01246455 -0.17831819
v 0.02900684 0.01800001 -0.20584054
v 0.02198210 0.01800001 -0.18941581
v 0.01585719 0.01799999 -0.19779620
v 0.02033487 0.01800001 -0.18971090
v 0.01919713 0.01800001 -0.18848924
v 0.01996924 0.01800001 -0.18670520
v 0.02219648 0.01800001 -0.18491499
v 0.02150857 0.01800001 -0.18665507
v 0.02245688 0.01800001 -0.18767266
v 0.03430538 0.01799995 -0.19148235
v 0.05097603 0.01800001 -0.21921934
v 0.04368358 0.01800001 -0.23589607
v 0.04896890 0.01800001 -0.21867180
v 0.03991511 0.01800001 -0.22092284
v 0.03263358 0.01800001 -0.20954372
v 0.04902430 0.01800001 -0.21659113
v 0.04507944 0.01800001 -0.20188531
v 0.05059521 0.01800001 -0.21601444
v 0.05241544 0.01800001 -0.21340445
v 0.05207195 0.01800001 -0.21728978
v 0.05735656 0.01799998 -0.22883074
v 0.04903999 0.01800001 -0.26052263
v 0.03251022 0.01800001 -0.26740313
v 0.04350792 0.01800001 -0.24107866
v 0.05118651 0.01800001 -0.25781140
v 0.05727375 0.01799997 -0.24894741
v 0.05197570 0.01800001 -0.25974402
v 0.05181846 0.01800001 -0.26480612
v 0.04489562 0.01800001 -0.27531293
v 0.04106337 0.01800001 -0.25319609
v 0.03627382 0.01800001 -0.26251087
v 0.05095647 0.01800001 -0.26088876
v 0.04902432 0.01800001 -0.25830361
v 0.02509649 0.01800001 -0.29091457
v 0.02148079 0.01800001 -0.29042706
v 0.00899067 0.01799995 -0.29600343
v 0.01969778 0.01800001 -0.27741191
v 0.01931222 0.01800001 -0.28801724
v 0.02124483 0.01800001 -0.28722805
v 0.02892623 0.01800001 -0.27105114
v 0.01970958 0.01800001 -0.29006350
v 0.00255406 0.01800001 -0.28195012
v 0.03661568 0.01800001 -0.28357849
v 0.02256916 0.01800001 -0.28865284
v 0.00981424 0.01800001 -0.28087863
v -0.02894654 0.01800001 -0.27106932
v -0.02240027 0.01800001 -0.28801724
v -0.01863969 0.01800001 -0.27792889
v -0.02046766 0.01800001 -0.28722805
v -0.01931650 0.01800001 -0.29330802
v -0.02023170 0.01800001 -0.29042706
v -0.02200292 0.01800001 -0.29006350
v -0.03371854 0.01799998 -0.28589383
v -0.00981255 0.01800001 -0.28087863
v -0.01914334 0.01800001 -0.28865284
v -0.00255315 0.01800001 -0.28194061
v -0.00598431 0.01800002 -0.29626587
v -0.05199733 0.01800001 -0.25939989
v -0.05144249 0.01800001 -0.25812280
v -0.05735486 0.01799998 -0.24816933
v -0.05241371 0.01800001 -0.26359564
v -0.05127021 0.01800001 -0.26074913
v -0.04534910 0.01800000 -0.27474540
v -0.04974640 0.01800001 -0.26088876
v -0.04951636 0.01800001 -0.25781140
v -0.04355843 0.01800001 -0.24107309
v -0.04178911 0.01800001 -0.25057682
v -0.03809061 0.01800001 -0.25965270
v -0.04872718 0.01800001 -0.25974402
v -0.03250853 0.01800001 -0.26740313
v -0.04342435 0.01800001 -0.23595001
v -0.05059822 0.01800001 -0.21932012
v -0.05727205 0.01799997 -0.22805260
v -0.05181681 0.01800001 -0.21219398
v -0.05201057 0.01800001 -0.21798436
v -0.05144252 0.01800001 -0.21641035
v -0.05010766 0.01800001 -0.21601444
v -0.04212605 0.01800001 -0.22741087
v -0.04895772 0.01800001 -0.21856339
v -0.03268235 0.01800001 -0.20947970
v -0.04885774 0.01800001 -0.21689726
v -0.03863975 0.01800001 -0.21852116
v -0.02894991 0.01800001 -0.20588444
v -0.01625742 0.01799989 -0.19802050
v -0.02123769 0.01800001 -0.18973248
v -0.01973039 0.01800001 -0.18941580
v -0.02250697 0.01800001 -0.18864146
v -0.02020392 0.01800001 -0.18665507
v -0.02174326 0.01800001 -0.18670520
v -0.02509478 0.01800001 -0.18608546
v -0.01925561 0.01800001 -0.18767264
v -0.03661386 0.01800001 -0.19342141
v 0.03243389 -0.03787146 -0.16295394
v 0.03966878 -0.03485295 -0.16721302
v 0.03980922 -0.03850395 -0.15772203
v 0.03460768 -0.04543459 -0.14655210
v 0.00953249 -0.04100769 -0.16621576
v 0.00091357 -0.03670814 -0.17318289
v 0.01235641 -0.03840243 -0.16804008
v 0.00498192 -0.03525282 -0.17335789
v 0.01262416 -0.03378226 -0.17403539
v -0.01370053 -0.04114200 -0.17397892
v -0.00655153 -0.04072853 -0.17328115
v 0.00286810 -0.04314279 -0.16644047
v 0.00759824 -0.04280036 -0.16524693
v -0.00208047 -0.03810273 -0.17323311
v 0.02188275 -0.03687296 -0.16791371
v 0.01905558 -0.03235232 -0.17580932
v 0.02980317 -0.03416978 -0.17181908
v 0.03919879 -0.03252510 -0.17462930
v 0.02710310 -0.03128319 -0.17832668
v 0.03347062 -0.03024530 -0.18194926
v 0.02594860 -0.04554652 -0.15220281
v 0.02444963 -0.03968102 -0.16265939
v 0.01745873 -0.04505413 -0.15741876
v -0.03233196 -0.03772873 -0.18088399
v -0.03979952 -0.03655326 -0.18043232
v -0.03877542 -0.03447285 -0.18525304
v -0.03700474 -0.04202678 -0.16407800
v -0.03207801 -0.03990499 -0.17501085
v -0.02474629 -0.03962772 -0.17755808
v -0.03473341 -0.04893040 -0.13258946
v -0.04007411 -0.04534227 -0.14604306
v -0.02353444 -0.04745004 -0.14610602
v -0.01871069 -0.04999322 -0.13258977
v -0.03235550 -0.04618350 -0.14931741
v 0.03033212 -0.04699787 -0.14467095
v 0.03676826 -0.04736270 -0.13258967
v 0.02407551 -0.04953097 -0.13258970
v 0.01937500 -0.04656470 -0.15224636
v 0.04796981 -0.04315320 -0.13259010
v 0.05032674 -0.04114823 -0.13810067
v 0.05624462 -0.03812513 -0.13259193
v 0.06168403 -0.03338013 -0.13258947
v 0.06181024 -0.03274089 -0.13538098
v 0.06610807 -0.02808887 -0.13260019
v -0.02213807 -0.04232005 -0.16926050
v -0.00955527 -0.04343215 -0.16613919
v 0.00352121 -0.04807284 -0.14440612
v 0.00582840 -0.04465575 -0.16152756
v 0.03989317 -0.04508686 -0.14219774
v 0.04494036 -0.04355267 -0.13989906
v 0.01144057 -0.05017486 -0.13258913
v 0.05532364 -0.03798997 -0.13738035
v -0.04665311 -0.03271844 -0.18450877
v -0.04886691 -0.02953519 -0.19327894
v -0.04345770 -0.03197529 -0.18847713
v -0.05243652 -0.02895989 -0.19107559
v -0.05158357 -0.03158654 -0.18009181
v -0.05131143 -0.03342699 -0.17220500
v -0.04623935 -0.03524454 -0.17714505
v -0.04358825 -0.03998315 -0.16436574
v -0.04436120 -0.04318828 -0.14895138
v -0.04785290 -0.03802061 -0.16321030
v -0.05007936 -0.03866426 -0.15349051
v -0.05474280 -0.03176537 -0.16390124
v -0.05826239 -0.02662228 -0.16689394
v -0.05561760 -0.02804122 -0.18411723
v -0.05259112 -0.03552195 -0.15681133
v -0.05760832 -0.02909473 -0.15387639
v -0.05523690 -0.03426175 -0.14635229
v -0.05838824 -0.02934885 -0.14371799
v -0.05917378 -0.03102377 -0.13259327
v -0.05518378 -0.03736565 -0.13259009
v -0.05858339 -0.02486132 -0.18831877
v -0.04767664 -0.04446078 -0.13258985
v -0.05139852 -0.04167358 -0.13258980
v 0.04329054 0.04421181 -0.14033823
v 0.03305999 0.04562825 -0.14729579
v 0.03490302 0.04646828 -0.14253576
v 0.06632844 0.02769900 -0.13262028
v 0.06212206 0.03247833 -0.13513573
v 0.06115539 0.03405756 -0.13258758
v 0.03681362 0.04732537 -0.13258991
v 0.04549240 0.04429686 -0.13258983
v -0.02070554 0.04779930 -0.14473534
v -0.01969418 0.04998649 -0.13258958
v 0.00967510 0.05019269 -0.13259105
v -0.03865298 0.04564920 -0.14651363
v -0.03371710 0.04900368 -0.13258962
v -0.03069646 0.04739147 -0.14373009
v 0.05526792 0.03813267 -0.13706993
v 0.05318544 0.04026150 -0.13259138
v 0.04867930 0.04197054 -0.13856244
v 0.01381705 0.04609207 -0.15520407
v 0.02609015 0.04936313 -0.13259096
v 0.02523060 0.04702518 -0.14792937
v 0.02535389 0.04574711 -0.15204695
v -0.00645328 0.04155197 -0.17205729
v -0.01893378 0.04099290 -0.17465708
v 0.00015456 0.04377205 -0.16505639
v 0.01626471 0.04510612 -0.15789442
v -0.01978800 0.03987912 -0.17752808
v -0.03823262 0.03740574 -0.17922832
v -0.03644277 0.04210820 -0.16420460
v -0.03093372 0.03849269 -0.17964531
v -0.02801280 0.04334833 -0.16363141
v -0.02060914 0.04473166 -0.15934880
v -0.05645335 0.03220304 -0.14670591
v -0.05928567 0.03081382 -0.13259004
v -0.05494927 0.03766053 -0.13258965
v -0.06307304 -0.02167902 -0.13815454
v -0.06163892 -0.02651604 -0.13258928
v -0.06269918 0.02486890 -0.13260169
v -0.06597400 0.01761981 -0.13763502
v -0.06082923 0.02540956 -0.13937965
v 0.04969702 -0.03039586 -0.17717490
v 0.05238913 -0.02928576 -0.17728037
v 0.05454913 -0.03035431 -0.16407649
v 0.06133244 -0.01409122 -0.17731661
v 0.05980880 -0.01995833 -0.17685409
v 0.03904990 0.04396348 -0.14602537
v 0.04238901 0.03857244 -0.15536816
v 0.03805350 0.03717848 -0.16181824
v 0.05494993 0.03115759 -0.15919000
v 0.05873610 0.03014392 -0.15149847
v 0.05844461 0.02661958 -0.16330649
v 0.06180159 0.02649905 -0.15053092
v 0.06123402 0.02169180 -0.16331522
v 0.06405956 0.02235047 -0.15049873
v 0.06313173 0.01569908 -0.16346301
v 0.06617528 0.01603467 -0.15026893
v 0.06423057 0.00897922 -0.16363311
v 0.06732425 0.00915866 -0.15022877
v 0.06472444 -0.00206781 -0.16374938
v 0.06777115 -0.00230138 -0.15037131
v 0.06375276 -0.01241903 -0.16364503
v 0.06681766 -0.01265598 -0.15037939
v 0.06226962 -0.01881989 -0.16346312
v 0.06521803 -0.01928600 -0.15047054
v 0.05990221 -0.02436615 -0.16337317
v 0.06251433 -0.02524743 -0.15088303
v 0.05635073 -0.02781314 -0.16776650
v 0.05853584 -0.03022355 -0.15188645
v 0.06879923 0.02311443 -0.13262483
v 0.07132357 0.01525922 -0.13258925
v 0.07245647 0.00443011 -0.13259213
v 0.07231043 -0.00759322 -0.13259128
v 0.07097653 -0.01657770 -0.13259357
v 0.06957615 -0.02108915 -0.13260289
v 0.06792146 -0.02490396 -0.13260771
v 0.04517517 -0.03681700 -0.15726411
v 0.05751310 -0.02468455 -0.17693548
v 0.05442535 -0.02774516 -0.17979857
v 0.04494045 -0.03203228 -0.17358935
v 0.04832013 -0.03475798 -0.15968409
v 0.05107296 -0.03242498 -0.16412948
v 0.05345039 -0.03434128 -0.15239424
v 0.03994002 0.03086047 -0.18058982
v 0.05403764 0.02827610 -0.17695104
v 0.05985982 0.01992927 -0.17656913
v 0.05838730 0.02296076 -0.17778026
v 0.06226145 -0.00730342 -0.17741013
v 0.06256433 -0.00016236 -0.17744662
v 0.06229964 0.00720445 -0.17715628
v 0.06140466 0.01406489 -0.17677101
v 0.05055301 0.03504648 -0.15553671
v 0.04669004 0.03400178 -0.16472413
v 0.03854806 0.03265014 -0.17433034
v 0.04687203 0.03186794 -0.17322218
v 0.03703324 0.03436008 -0.16981806
v 0.05164156 0.03090939 -0.16986649
v -0.06870160 -0.01344062 -0.13258962
v -0.06606126 -0.01611164 -0.13987079
v -0.06647173 0.01289110 -0.14319195
v -0.07000730 0.00926446 -0.13259128
v -0.06775390 -0.00402761 -0.14665964
v -0.07113823 0.00366714 -0.13259000
v -0.06792732 0.00145536 -0.14687358
v -0.07088438 -0.00528616 -0.13258959
v -0.06694289 -0.00965570 -0.14521615
v -0.06661994 -0.01249787 -0.14319752
v -0.06724451 0.00719768 -0.14629072
v -0.06046335 -0.02229902 -0.18835910
v -0.06471033 -0.00563038 -0.15915737
v -0.06389908 -0.01113038 -0.15927762
v -0.06487688 0.00297030 -0.15763238
v -0.06548306 -0.00090665 -0.17509562
v -0.06421412 -0.00960226 -0.15387753
v -0.06510272 -0.00192024 -0.15497628
v -0.06080641 -0.02211221 -0.15247872
v -0.06275842 -0.01584094 -0.15287650
v -0.06160863 -0.02152073 -0.14490296
v -0.05991143 -0.02703052 -0.14023517
v -0.05938135 0.02741673 -0.14307375
v -0.06509573 0.00599227 -0.17318445
v -0.06351600 0.01293888 -0.15709314
v -0.06531090 0.00382175 -0.15242106
v -0.06322644 0.01441614 -0.15211578
v -0.06102998 0.02139706 -0.18791398
v -0.05905904 0.02458763 -0.18142974
v -0.05811558 0.02539705 -0.19082266
v -0.05850238 0.02695695 -0.15696143
v -0.05681697 0.02817498 -0.17195261
v -0.06107473 0.02114950 -0.15972929
v -0.06121125 0.02222286 -0.14555572
v -0.04917700 0.02790391 -0.25626031
v -0.03782841 0.02796112 -0.20064975
v -0.04705374 0.02790854 -0.21730280
v -0.04845332 0.02798526 -0.21476158
v -0.04783583 0.02790294 -0.21982539
v -0.04706334 0.02790426 -0.25959840
v -0.04786191 0.02790994 -0.25720137
v -0.03957925 0.02794068 -0.25275102
v -0.04760458 0.02791174 -0.26122892
v -0.01267794 0.02794170 -0.27859554
v -0.01943951 0.02789491 -0.28583786
v -0.02085482 0.02793944 -0.27505392
v -0.02229081 0.02791880 -0.28579924
v -0.01778321 0.02790319 -0.28760862
v 0.01775032 0.02791141 -0.28761289
v 0.01762124 0.02789756 -0.28942287
v 0.02113814 0.02787233 -0.28560790
v 0.01913966 0.02789496 -0.28607202
v 0.01484763 0.02793991 -0.27797416
v 0.02236728 0.02790486 -0.28592050
v 0.02338377 0.02787972 -0.28687185
v 0.04698626 0.02791973 -0.25962934
v 0.04834009 0.02790552 -0.26194575
v 0.04990528 0.02792734 -0.25595304
v 0.04811385 0.02791110 -0.25689378
v 0.03948106 0.02794066 -0.25301620
v 0.04730587 0.02793036 -0.21891780
v 0.04846451 0.02790147 -0.22035526
v 0.04071067 0.02795546 -0.20163757
v 0.03388304 0.02794021 -0.21350330
v 0.02488609 0.02794094 -0.20439319
v 0.04171704 0.02794072 -0.24433312
v 0.04180672 0.02794067 -0.23391616
v 0.03951053 0.02794177 -0.22382383
v 0.03001087 0.02794051 -0.26795861
v 0.03536173 0.02793857 -0.26130846
v 0.02424563 0.02794260 -0.27287868
v 0.00350216 0.02793863 -0.28042126
v -0.00524354 0.02794054 -0.28022411
v -0.02829269 0.02794054 -0.26961085
v -0.03510450 0.02794308 -0.26182610
v -0.04185977 0.02793998 -0.24319698
v -0.04177306 0.02794233 -0.23362504
v -0.03917670 0.02793998 -0.22300437
v -0.03354770 0.02793849 -0.21310252
v -0.02766677 0.02794039 -0.20682952
v 0.05034065 0.02792016 -0.22097997
v 0.04773068 0.02791943 -0.21557933
v 0.04703613 0.02791231 -0.21750019
v 0.03667606 0.02851366 -0.19151880
v 0.05194116 0.02794178 -0.22050463
v 0.04957233 0.02797800 -0.21438925
v -0.03184290 0.03070521 -0.18934089
v -0.02326783 0.02991305 -0.18628009
v -0.02394358 0.02891752 -0.18771102
v 0.02375613 0.02836129 -0.18663818
v 0.02187257 0.02845866 -0.18524957
v 0.02981223 0.02891731 -0.18584545
v 0.02041128 0.02844705 -0.18507785
v 0.01925411 0.02922432 -0.18234479
v 0.01882438 0.02792536 -0.19082098
v 0.00423044 0.02796742 -0.18551837
v 0.01747795 0.02793285 -0.18860441
v 0.01825536 0.02819573 -0.18607424
v -0.01839673 0.02848521 -0.18629119
v -0.01922234 0.02914210 -0.18553792
v -0.01269670 0.02875814 -0.18422627
v -0.01758595 0.02808965 -0.18746780
v -0.01777826 0.02792359 -0.18939151
v -0.01888866 0.02792362 -0.19085743
v -0.02149422 0.02794209 -0.20234972
v -0.01195943 0.02793963 -0.19809268
v 0.00038919 0.02794079 -0.19634849
v 0.01273879 0.02794162 -0.19831818
v -0.00503068 0.02926745 -0.18194163
v 0.00100065 0.03115306 -0.17868383
v 0.00647251 0.02878903 -0.18225586
v 0.01605572 0.03143654 -0.17746857
v 0.02908803 0.03128308 -0.17857115
v 0.03517604 0.03030310 -0.18224490
v 0.02411639 0.02807646 -0.18883862
v -0.00555704 0.02812148 -0.18476330
v 0.02303897 0.02793940 -0.19070317
v 0.02076419 0.02792799 -0.19160621
v -0.02267741 0.02794381 -0.19097680
v -0.02096634 0.02792037 -0.19143397
v -0.04022453 0.02911381 -0.19602303
v -0.03627621 0.02989975 -0.19241314
v -0.03344610 0.02845953 -0.19359724
v -0.02957287 0.02863710 -0.19090860
v -0.02400253 0.02821278 -0.18943025
v -0.00919084 0.03104788 -0.18068942
v -0.06459861 0.01080655 -0.14955126
v -0.06514824 0.00701149 -0.15114152
v -0.06572402 -0.00047307 -0.15198119
v -0.06407212 0.01485903 -0.14629948
v -0.06385838 0.01822469 -0.14204897
v -0.06359471 -0.01439315 -0.14908215
v -0.06517141 -0.00640241 -0.15163800
v -0.06390242 -0.01661890 -0.14434822
v -0.06514156 -0.00983326 -0.14904183
v -0.02195870 0.03044605 -0.18531430
v -0.02871466 0.03274882 -0.18635403
v -0.02876295 0.03481694 -0.18492378
v -0.03609649 0.03236629 -0.18859255
v -0.02604550 0.03749079 -0.18196593
v -0.03281903 0.03631956 -0.18351641
v -0.03824098 0.03364927 -0.18683887
v -0.04180805 0.03277409 -0.18754221
v -0.01839281 0.03713919 -0.18034561
v -0.02105081 0.03809541 -0.18044539
v -0.00842480 0.03999259 -0.17481694
v -0.00458737 0.03634101 -0.17530280
v 0.00541353 0.03625988 -0.17231293
v -0.01418092 0.03238729 -0.18109213
v 0.00894754 0.03977549 -0.16763347
v 0.00233072 0.04223571 -0.16812545
v 0.01164809 0.04380068 -0.16206883
v 0.00816093 0.03445842 -0.17376611
v 0.02025884 0.04018433 -0.16325197
v 0.01795726 0.03447845 -0.17248100
v 0.02779564 0.03339900 -0.17364678
v 0.02585528 0.03735423 -0.16625333
v 0.02967800 0.03987721 -0.16024144
v -0.04103607 0.03063956 -0.19206917
v -0.02063277 0.03005335 -0.18512221
v -0.04983021 0.02901687 -0.19559805
v -0.04668178 0.03110642 -0.18909079
v -0.05300163 0.02827367 -0.19430505
v -0.05527330 0.02752553 -0.19122079
v -0.05070164 0.03191999 -0.18049404
v -0.04948037 0.03140991 -0.18500456
v -0.05151302 0.04153872 -0.13258982
v -0.04982615 0.03874261 -0.15405333
v -0.05266854 0.03452842 -0.16131672
v -0.05390506 0.03032883 -0.17742853
v -0.05461515 0.03299606 -0.15739423
v -0.04660145 0.04515684 -0.13258974
v -0.04472282 0.04284458 -0.14981748
v -0.04317575 0.03840790 -0.17100485
v 0.06002786 0.00258827 -0.13258955
v 0.05950753 -0.00625739 -0.13258953
v 0.05684013 -0.01586611 -0.13258955
v 0.03483078 -0.03726898 -0.13258955
v 0.04562165 -0.03086196 -0.13258955
v 0.05236068 -0.02351141 -0.13258953
v -0.05886858 0.00990770 -0.13258955
v 0.05726895 0.01483084 -0.13258955
v 0.02418429 -0.03983518 -0.13258955
v -0.02990783 -0.03886854 -0.13258955
v -0.05086191 -0.02562169 -0.13258955
v -0.06000000 -0.00000000 -0.13258953
v 0.04647380 0.03013413 -0.13258955
v 0.05236068 0.02351141 -0.13258953
v -0.05913017 -0.00881810 -0.13258955
v -0.05564026 -0.01815961 -0.13258953
v -0.04562172 0.03086188 -0.13258955
v -0.03815962 0.03564025 -0.13258953
v -0.02881812 0.03913017 -0.13258955
v 0.02502098 0.03973639 -0.13258955
v 0.03586610 0.03684013 -0.13258955
v -0.04143393 -0.03390451 -0.13258955
v -0.05390454 0.02143386 -0.13258955
v 0.05993994 0.00370538 -0.11958955
v 0.06410743 -0.00058638 -0.11958955
v 0.05950753 -0.00625739 -0.11958955
v 0.06197502 -0.01356121 -0.11958955
v 0.05726895 -0.01483085 -0.11958955
v 0.05611297 -0.02533104 -0.11958955
v 0.05086192 -0.02562168 -0.11958955
v 0.04992760 -0.03225429 -0.11958955
v 0.04143393 -0.03390451 -0.11958955
v 0.04154587 -0.03849133 -0.11958955
v 0.03236068 -0.03804226 -0.11958955
v 0.02783245 -0.04348983 -0.11958955
v 0.02502090 -0.03973638 -0.11958955
v -0.02478676 -0.04382046 -0.11958955
v -0.02881823 -0.03913013 -0.11958955
v -0.03296923 -0.04204519 -0.11958955
v -0.04047850 -0.03449000 -0.11958955
v -0.04256151 -0.03790496 -0.11958955
v -0.04828427 -0.02828427 -0.11958955
v -0.04992760 -0.03225429 -0.11958955
v -0.05390454 -0.02143386 -0.11958955
v -0.05677361 -0.02436206 -0.11958955
v -0.05886858 -0.00990770 -0.11958955
v -0.06232070 -0.01244052 -0.11958955
v -0.06000000 -0.00000000 -0.11958955
v -0.06410743 0.00058638 -0.11958955
v -0.05913017 0.00881810 -0.11958955
v -0.06289683 0.00979093 -0.11958955
v -0.05948498 0.01966584 -0.11958955
v -0.05449003 0.02047844 -0.11958955
v -0.05193419 0.03043051 -0.11958955
v -0.04647381 0.03013413 -0.11958955
v -0.04478608 0.03635451 -0.11958955
v -0.03815962 0.03564025 -0.11958955
v -0.03556838 0.04127268 -0.11958955
v -0.02990772 0.03886858 -0.11958955
v -0.02492909 0.04375359 -0.11958955
v 0.02418442 0.03983518 -0.11958955
v 0.02478676 0.04382047 -0.11958955
v 0.03236068 0.03804226 -0.11958955
v 0.03666009 0.04084422 -0.11958955
v 0.04047843 0.03449003 -0.11958955
v 0.04478608 0.03635451 -0.11958955
v 0.05013415 0.02647379 -0.11958955
v 0.05273188 0.02957080 -0.11958955
v 0.05684014 0.01586610 -0.11958955
v 0.05810512 0.02200000 -0.11958955
v 0.06232070 0.01244052 -0.11958955
v 0.04211166 -0.02840906 -0.11458956
v 0.04992760 -0.03225429 -0.11458956
v 0.04881997 -0.02175808 -0.11458956
v 0.05677361 -0.02436206 -0.11458956
v 0.05296784 -0.01446104 -0.11458956
v 0.06232070 -0.01244052 -0.11458956
v 0.05570211 -0.00541890 -0.11458956
v 0.06410743 0.00058638 -0.11458956
v 0.05552718 0.00646719 -0.11458956
v 0.06289683 0.00979093 -0.11458956
v 0.05150233 0.01765244 -0.11458956
v 0.05948498 0.01966584 -0.11458956
v 0.04406370 0.02692478 -0.11458956
v -0.04816721 -0.02259675 -0.11458956
v -0.04992760 -0.03225429 -0.11458956
v -0.04211166 -0.02840906 -0.11458956
v -0.04154586 -0.03849134 -0.11458956
v -0.03401745 -0.03327935 -0.11458956
v -0.02783245 -0.04348983 -0.11458956
v -0.02445585 -0.03575366 -0.11458956
v 0.02432860 -0.03582045 -0.11458956
v 0.02478676 -0.04382046 -0.11458956
v 0.03499073 -0.03285243 -0.11458956
v 0.03296923 -0.04204519 -0.11458956
v 0.04256152 -0.03790495 -0.11458956
v 0.05193419 0.03043050 -0.11458956
v 0.04478608 0.03635451 -0.11458956
v 0.03401737 0.03327940 -0.11458956
v 0.03556839 0.04127268 -0.11458956
v 0.02445582 0.03575366 -0.11458956
v 0.02492910 0.04375359 -0.11458956
v -0.02432858 0.03582045 -0.11458956
v -0.02478676 0.04382047 -0.11458956
v -0.03168918 0.03404942 -0.11458956
v -0.03666009 0.04084422 -0.11458956
v -0.04019362 0.02993698 -0.11458956
v -0.04478608 0.03635451 -0.11458956
v -0.05273188 0.02957081 -0.11458956
v -0.04881998 0.02175809 -0.11458956
v -0.05810512 0.02200000 -0.11458956
v -0.05432327 0.01122134 -0.11458956
v -0.06232070 0.01244052 -0.11458956
v -0.05587704 0.00297286 -0.11458956
v -0.06410743 -0.00058638 -0.11458956
v -0.05552718 -0.00646718 -0.11458956
v -0.06197502 -0.01356121 -0.11458956
v -0.05296784 -0.01446104 -0.11458956
v -0.05611297 -0.02533104 -0.11458956
v -0.06441996 -0.01300123 -0.20796855
v -0.01803846 -0.01300000 -0.29374185
v -0.00362188 -0.01299983 -0.29646948
v -0.03202906 -0.01300013 -0.28702253
v -0.04347459 -0.01299994 -0.27704567
v -0.05103790 -0.01300000 -0.28139803
v 0.05799852 -0.01299991 -0.24198571
v 0.05241539 -0.01300000 -0.26359567
v 0.01111611 -0.01300018 -0.29560345
v 0.05602454 -0.01300000 -0.25351152
v 0.02630693 -0.01300000 -0.29031765
v 0.03843000 -0.01299988 -0.28205210
v 0.05480880 -0.01300000 -0.21918252
v 0.05023032 -0.01300000 -0.20950000
v 0.06109188 -0.01300042 -0.20840712
v 0.04601534 -0.01300000 -0.27380818
v -0.05278920 -0.01300004 -0.27924761
v -0.06347448 -0.01300212 -0.20849025
v 0.05750465 -0.01300000 -0.23092948
v -0.05241375 -0.01300000 -0.21340446
v -0.05602285 -0.01300000 -0.22348849
v -0.05799682 -0.01299989 -0.23501432
v 0.04355307 -0.01299983 -0.20007101
v -0.05750296 -0.01300000 -0.24607052
v -0.05480714 -0.01300000 -0.25781739
v -0.05022863 -0.01300000 -0.26750001
v -0.03842813 -0.01299983 -0.19494775
v -0.04601365 -0.01300000 -0.20319183
v 0.03530901 -0.01300000 -0.19248550
v 0.02509649 -0.01300000 -0.18608546
v 0.01501235 -0.01300000 -0.18247630
v 0.00757136 -0.01300000 -0.18099619
v -0.00411190 -0.01300021 -0.18054889
v -0.01501066 -0.01300000 -0.18247630
v -0.02630526 -0.01300000 -0.18668240
v 0.02890397 0.02010000 -0.27100939
v 0.03250743 0.02010004 -0.26740515
v 0.04342604 0.02010000 -0.24104999
v 0.04342710 0.02009997 -0.23596066
v 0.03251022 0.02010000 -0.20959686
v 0.02892030 0.02009976 -0.20599630
v -0.02890228 0.02010000 -0.20599063
v -0.03250191 0.02009984 -0.20958367
v -0.04346529 0.02010038 -0.23595928
v -0.04342435 0.02010000 -0.24104999
v -0.03251408 0.02010008 -0.26741168
v -0.02890228 0.02010000 -0.27100939
v 0.00255084 0.02010000 -0.28192520
v -0.00254915 0.02010000 -0.28192520
v 0.01604589 0.02258939 -0.19800301
v -0.01996755 0.02200000 -0.18670520
v -0.02150688 0.02200000 -0.18665507
v -0.02245519 0.02200000 -0.18767266
v -0.02177618 0.02200000 -0.18964346
v -0.01995446 0.02200000 -0.18950622
v -0.01919727 0.02200000 -0.18833946
v 0.02174495 0.02200000 -0.18670520
v 0.02020561 0.02200000 -0.18665507
v 0.01925730 0.02200000 -0.18767266
v 0.01973209 0.02200000 -0.18941581
v 0.02137932 0.02200000 -0.18971090
v 0.02251706 0.02200000 -0.18848923
v 0.02046937 0.02200000 -0.28722805
v 0.01919712 0.02200000 -0.28851080
v 0.02008490 0.02200000 -0.29039234
v 0.02224048 0.02200000 -0.28987950
v 0.02218506 0.02200000 -0.28779879
v -0.02037950 0.02200000 -0.28725165
v -0.02200292 0.02200000 -0.28763944
v -0.02246331 0.02200000 -0.28938642
v -0.02118424 0.02200000 -0.29046559
v -0.01947202 0.02200000 -0.28987950
v -0.01936194 0.02200000 -0.28819993
v -0.05002164 0.02200000 -0.25774214
v -0.05161783 0.02200000 -0.25823125
v -0.05184118 0.02200000 -0.26016229
v -0.05010295 0.02200000 -0.26103261
v -0.04889152 0.02200000 -0.26008153
v -0.04881918 0.02200000 -0.25869247
v -0.05059352 0.02200000 -0.21601446
v -0.05200217 0.02200000 -0.21715087
v -0.05112278 0.02200000 -0.21918464
v -0.04896721 0.02200000 -0.21867180
v -0.04902261 0.02200000 -0.21659113
v 0.05010936 0.02200000 -0.21601444
v 0.04885943 0.02200000 -0.21689728
v 0.04895940 0.02200000 -0.21856339
v 0.05016979 0.02200000 -0.21926288
v 0.05173566 0.02200000 -0.21867180
v 0.05168026 0.02200000 -0.21659113
v 0.05068124 0.02200000 -0.25774214
v 0.04932720 0.02200000 -0.25806674
v 0.04868602 0.02200000 -0.25990954
v 0.05059993 0.02200000 -0.26103261
v 0.05188478 0.02200000 -0.25996047
v 0.05180019 0.02200000 -0.25857064
v 0.05258543 0.02199999 -0.25726810
v 0.05340358 0.02200000 -0.25917301
v 0.05272574 0.02200001 -0.26131132
v 0.05067744 0.02199999 -0.26240182
v 0.04822444 0.02199995 -0.26165470
v 0.04731799 0.02200000 -0.25941172
v 0.04782490 0.02200000 -0.25764814
v 0.05005795 0.02199998 -0.25622079
v 0.04923471 0.02760942 -0.26217228
v 0.05036731 0.02747965 -0.26240715
v 0.05188453 0.02694460 -0.26200467
v 0.05290049 0.02670033 -0.26098379
v 0.05336559 0.02671560 -0.25979331
v 0.05319250 0.02717662 -0.25821406
v 0.05248905 0.02745086 -0.25718665
v 0.05114597 0.02771785 -0.25638860
v 0.04816720 0.02760944 -0.25720203
v 0.04968966 0.02770586 -0.25636679
v 0.04740240 0.02758781 -0.25867221
v 0.04733955 0.02767849 -0.25978708
v 0.04763298 0.02774555 -0.26077336
v 0.04827246 0.02765250 -0.26156843
v 0.04758096 0.02199999 -0.21893978
v 0.04751185 0.02200000 -0.21634898
v 0.04977523 0.02200005 -0.21460326
v 0.05210348 0.02200000 -0.21514145
v 0.05344851 0.02200005 -0.21728547
v 0.05255737 0.02199994 -0.21977983
v 0.05058086 0.02200000 -0.22069201
v 0.04885536 0.02200000 -0.22027519
v 0.04809294 0.02759300 -0.21560024
v 0.04914906 0.02764937 -0.21486671
v 0.05069865 0.02770409 -0.21459705
v 0.05336516 0.02769958 -0.21829344
v 0.05233650 0.02772975 -0.22002496
v 0.05331315 0.02759435 -0.21700658
v 0.05310030 0.02772421 -0.21627560
v 0.05216100 0.02786914 -0.21516292
v 0.04744958 0.02767389 -0.21673730
v 0.04736208 0.02756364 -0.21828863
v 0.04807749 0.02771743 -0.21968417
v 0.04915393 0.02758059 -0.22044383
v 0.05064445 0.02761128 -0.22066388
v -0.04773596 0.02200000 -0.21611764
v -0.04730523 0.02200000 -0.21787505
v -0.04816146 0.02199998 -0.21978727
v -0.05062912 0.02200004 -0.22075872
v -0.05331054 0.02200003 -0.21875139
v -0.05293081 0.02200000 -0.21600965
v -0.05124130 0.02199998 -0.21471442
v -0.04909330 0.02199998 -0.21484481
v -0.04935253 0.02781337 -0.21472591
v -0.05066077 0.02779097 -0.21458085
v -0.05209193 0.02753441 -0.21516377
v -0.05292581 0.02743941 -0.21605481
v -0.05342660 0.02755440 -0.21732584
v -0.05325186 0.02760549 -0.21865793
v -0.05248745 0.02765420 -0.21986760
v -0.05071153 0.02772616 -0.22071785
v -0.04937334 0.02771994 -0.22055767
v -0.04817247 0.02757497 -0.21975116
v -0.04737387 0.02770805 -0.21841298
v -0.04738893 0.02759995 -0.21702577
v -0.04793040 0.02773108 -0.21572806
v -0.04818777 0.02199999 -0.25719243
v -0.04737223 0.02200000 -0.25881338
v -0.04756624 0.02200000 -0.26061165
v -0.04950756 0.02199999 -0.26238003
v -0.05252060 0.02200002 -0.26159334
v -0.05341780 0.02199995 -0.25871938
v -0.05173217 0.02199992 -0.25661528
v -0.04984261 0.02200000 -0.25637174
v -0.05277909 0.02721303 -0.25754982
v -0.05194868 0.02749014 -0.25678247
v -0.05323652 0.02708482 -0.25832075
v -0.05325167 0.02664396 -0.26037282
v -0.05338724 0.02674752 -0.25932518
v -0.05234871 0.02679756 -0.26169631
v -0.05069644 0.02720794 -0.26237199
v -0.04928680 0.02755799 -0.26218480
v -0.05095619 0.02774485 -0.25634620
v -0.04792617 0.02770186 -0.26127511
v -0.04730669 0.02758979 -0.25950482
v -0.04744330 0.02774699 -0.25832981
v -0.04830889 0.02757996 -0.25709614
v -0.04967238 0.02764255 -0.25638631
v -0.01798252 0.02199986 -0.28766605
v -0.01810834 0.02200000 -0.29020071
v -0.01962917 0.02199999 -0.29165220
v -0.02239149 0.02200004 -0.29160631
v -0.02395639 0.02199998 -0.28891891
v -0.02305836 0.02200001 -0.28674611
v -0.02128929 0.02199989 -0.28581581
v -0.01946367 0.02199996 -0.28615782
v -0.02392457 0.02757724 -0.28850454
v -0.02358741 0.02693695 -0.29015762
v -0.02301492 0.02689228 -0.29103255
v -0.02186676 0.02665922 -0.29173568
v -0.02070960 0.02687385 -0.29191095
v -0.01937673 0.02725803 -0.29157263
v -0.01839642 0.02753628 -0.29066157
v -0.01783817 0.02768976 -0.28936917
v -0.02212865 0.02768033 -0.28608587
v -0.02084871 0.02770216 -0.28577298
v -0.02312405 0.02757526 -0.28683639
v -0.01799026 0.02759252 -0.28780982
v -0.01909604 0.02765220 -0.28632176
v 0.02220381 0.02199998 -0.28601733
v 0.02382756 0.02200000 -0.28810400
v 0.02366303 0.02200000 -0.28999370
v 0.02241700 0.02200005 -0.29149753
v 0.02013012 0.02199994 -0.29183006
v 0.01800225 0.02200000 -0.29012945
v 0.01817300 0.02200002 -0.28734633
v 0.01976020 0.02199998 -0.28602138
v 0.01804972 0.02756245 -0.29001731
v 0.01924871 0.02716554 -0.29145697
v 0.02072827 0.02694223 -0.29194912
v 0.02210032 0.02656889 -0.29161888
v 0.02287847 0.02679705 -0.29115942
v 0.02353226 0.02710519 -0.29044265
v 0.02392302 0.02748374 -0.28867352
v 0.02124088 0.02758314 -0.28583157
v 0.01962439 0.02758059 -0.28606692
v 0.01855295 0.02767587 -0.28686565
v 0.01785038 0.02760125 -0.28824484
v 0.02337344 0.02753410 -0.28717327
v 0.02243791 0.02759159 -0.28627592
v 0.02385186 0.02199999 -0.18766621
v 0.02361143 0.02200000 -0.18947490
v 0.02238666 0.02200000 -0.19076113
v 0.02061474 0.02200001 -0.19119328
v 0.01837509 0.02200003 -0.19003883
v 0.01785217 0.02200001 -0.18798727
v 0.01836876 0.02199998 -0.18631680
v 0.02077921 0.02199995 -0.18504409
v 0.02303578 0.02200000 -0.18600705
v 0.01912956 0.02806639 -0.18560785
v 0.01800649 0.02781097 -0.18704733
v 0.01781927 0.02771481 -0.18829955
v 0.01825856 0.02768415 -0.18981501
v 0.01950906 0.02760586 -0.19086240
v 0.02040373 0.02770856 -0.19117266
v 0.02196519 0.02769789 -0.19103457
v 0.02338443 0.02765294 -0.18985255
v 0.02385440 0.02785933 -0.18863799
v 0.02377722 0.02802606 -0.18721558
v 0.02291843 0.02830542 -0.18591578
v -0.01781315 0.02200000 -0.18837839
v -0.01880480 0.02200002 -0.19045228
v -0.02099465 0.02200001 -0.19119878
v -0.02290649 0.02200003 -0.19040884
v -0.02387992 0.02200006 -0.18856458
v -0.02301809 0.02200007 -0.18586427
v -0.02053735 0.02200003 -0.18511444
v -0.01846324 0.02200001 -0.18619078
v -0.02321925 0.02774850 -0.19011341
v -0.02390817 0.02831001 -0.18845974
v -0.02154323 0.02761616 -0.19113846
v -0.01992797 0.02771636 -0.19105910
v -0.01885871 0.02758814 -0.19044283
v -0.01786402 0.02769121 -0.18890762
v -0.01792350 0.02790178 -0.18731727
v 0.00000085 0.02970000 -0.19849999
v -0.00625653 0.03950000 -0.19899248
v -0.00990701 0.02970000 -0.19963147
v -0.01038275 0.03991973 -0.20004326
v -0.01775287 0.03983706 -0.20284775
v -0.02143309 0.02970000 -0.20459549
v -0.02351056 0.03950000 -0.20613931
v -0.02670990 0.03991973 -0.20894875
v -0.03086110 0.02970000 -0.21287835
v -0.03235983 0.03950000 -0.21498857
v -0.03453447 0.03991973 -0.21864924
v -0.03726812 0.02970000 -0.22366919
v -0.03804142 0.03950000 -0.22613932
v -0.03897841 0.03991973 -0.23029280
v -0.04002702 0.02970000 -0.23591176
v -0.03999915 0.03950000 -0.23849998
v -0.03961495 0.03990784 -0.24273105
v -0.03886772 0.02970000 -0.24840775
v -0.03804142 0.03950000 -0.25086069
v -0.03635810 0.03991973 -0.25477171
v -0.03390372 0.02970000 -0.25993386
v -0.03235983 0.03950000 -0.26201141
v -0.02955033 0.03991974 -0.26521087
v -0.02562100 0.02970000 -0.26936179
v -0.02351056 0.03950000 -0.27086067
v -0.01984987 0.03991973 -0.27303535
v -0.01482999 0.02970000 -0.27576900
v -0.01265533 0.03983705 -0.27626374
v -0.00625653 0.03950000 -0.27800754
v -0.00258736 0.02970000 -0.27852789
v -0.00200757 0.03991973 -0.27828327
v 0.00625822 0.03950000 -0.27800754
v 0.00625822 0.02970000 -0.27800754
v 0.01038450 0.03991973 -0.27695677
v 0.01586696 0.02970000 -0.27534017
v 0.01816046 0.03950000 -0.27414027
v 0.02175998 0.03991973 -0.27186587
v 0.02647472 0.02970000 -0.26863411
v 0.02828512 0.03950000 -0.26678428
v 0.03100559 0.03991973 -0.26350895
v 0.03449089 0.02970000 -0.25897843
v 0.03564110 0.03950000 -0.25665963
v 0.03721632 0.03991973 -0.25270388
v 0.03913100 0.02970000 -0.24731815
v 0.03927950 0.03983705 -0.24509275
v 0.04000084 0.03950000 -0.23849998
v 0.03994079 0.02970000 -0.23479468
v 0.03961664 0.03990784 -0.23426895
v 0.03799143 0.03983706 -0.22654207
v 0.03684099 0.02970000 -0.22263394
v 0.03564110 0.03950000 -0.22034039
v 0.03336670 0.03991973 -0.21674085
v 0.03236153 0.02970000 -0.21498857
v 0.02828512 0.03950000 -0.21021573
v 0.02562248 0.02970000 -0.20763803
v 0.02500967 0.03991973 -0.20749517
v 0.01816046 0.03950000 -0.20285974
v 0.01816046 0.02970000 -0.20285974
v 0.01420468 0.03991973 -0.20128453
v 0.00881910 0.02970000 -0.19936988
v 0.00625822 0.03950000 -0.19899248
v 0.00200927 0.03991973 -0.19871676
v -0.03633069 0.03990810 -0.23769438
v -0.03444849 0.03999920 -0.22610392
v -0.02855694 0.03999920 -0.21558990
v -0.01957075 0.03999920 -0.20755857
v -0.00846367 0.03999920 -0.20288019
v 0.00356074 0.03999920 -0.20206176
v 0.01519926 0.03999920 -0.20519193
v 0.02520950 0.03989594 -0.21233602
v 0.03009349 0.03983711 -0.21842296
v 0.03480005 0.03999920 -0.22712305
v 0.03660874 0.03999931 -0.23903875
v 0.03445018 0.03999920 -0.25089613
v 0.03047494 0.03983711 -0.25799319
v 0.02439821 0.03999920 -0.26579815
v 0.01752425 0.03983711 -0.27014783
v 0.00846522 0.03999920 -0.27411985
v -0.00355919 0.03999920 -0.27493826
v -0.01534654 0.03989595 -0.27143160
v -0.02194231 0.03983711 -0.26726028
v -0.02921876 0.03999920 -0.26055983
v -0.03479837 0.03999920 -0.24987695
v 0.00316158 0.02501238 -0.27447778
v 0.00000085 0.03950000 -0.27450001
v -0.00869168 0.02501239 -0.27355468
v -0.00903845 0.03948762 -0.27346689
v -0.02432824 0.02501237 -0.26519245
v -0.02648522 0.03950000 -0.26288214
v -0.03184727 0.03948762 -0.25553197
v -0.03559305 0.02501238 -0.24462089
v -0.03565191 0.03948762 -0.24426810
v -0.03587620 0.02500001 -0.23552714
v -0.03421628 0.02501239 -0.22694239
v -0.03410015 0.03948762 -0.22660410
v -0.03013715 0.03950000 -0.21880986
v -0.02432821 0.03948762 -0.21180755
v -0.01990241 0.02501239 -0.20836282
v -0.01434284 0.03948762 -0.20535412
v -0.00903857 0.02501238 -0.20353316
v -0.00280330 0.03948762 -0.20249268
v 0.00280499 0.02501238 -0.20249268
v 0.00904026 0.03948762 -0.20353316
v 0.01434453 0.02501239 -0.20535412
v 0.01990410 0.03948762 -0.20836282
v 0.02432990 0.02501239 -0.21180755
v 0.03013884 0.02500001 -0.21880986
v 0.03410183 0.02501238 -0.22660407
v 0.03421796 0.03948762 -0.22694236
v 0.03611675 0.03948763 -0.23867884
v 0.03565361 0.02501238 -0.24426807
v 0.03410180 0.03948762 -0.25039604
v 0.03184896 0.02501238 -0.25553197
v 0.02648691 0.02500001 -0.26288214
v 0.02432995 0.03948763 -0.26519242
v 0.01467222 0.02501238 -0.27150217
v 0.00869334 0.03948762 -0.27355468
v -0.02445582 0.03575366 -0.16058956
v -0.03401737 0.03327940 -0.16058956
v -0.04211166 0.02840906 -0.16058956
v -0.04816720 0.02259678 -0.16058956
v -0.05397818 0.01222656 -0.16058956
v -0.05587704 0.00297286 -0.16058956
v -0.05570212 -0.00541888 -0.16058956
v -0.05296784 -0.01446104 -0.16058956
v -0.04881999 -0.02175806 -0.16058956
v -0.04211166 -0.02840906 -0.16058956
v -0.03499073 -0.03285243 -0.16058956
v -0.02432860 -0.03582045 -0.16058956
v 0.02445585 -0.03575366 -0.16058956
v 0.03401745 -0.03327935 -0.16058956
v 0.04211166 -0.02840906 -0.16058956
v 0.04816719 -0.02259677 -0.16058956
v 0.05296784 -0.01446104 -0.16058956
v 0.05552718 -0.00646719 -0.16058956
v 0.05570211 0.00541890 -0.16058956
v 0.05200816 0.01671774 -0.16058956
v 0.04648606 0.02438214 -0.16058956
v 0.04019362 0.02993698 -0.16058956
v 0.03168918 0.03404942 -0.16058956
v 0.02432858 0.03582045 -0.16058956
v -0.04807463 0.00213361 -0.16058916
v -0.04706720 -0.00747367 -0.16058971
v -0.04424871 -0.01400000 -0.16058956
v -0.03928770 -0.02046432 -0.16058934
v -0.03131320 -0.02570428 -0.16058978
v -0.02287085 -0.02791078 -0.16059023
v 0.02307922 -0.02791623 -0.16058996
v 0.03180423 -0.02549596 -0.16058959
v 0.03968097 -0.02009494 -0.16058947
v 0.04545676 -0.01190398 -0.16058955
v 0.04808367 -0.00183246 -0.16058908
v 0.04684668 0.00822521 -0.16058959
v 0.04261243 0.01669186 -0.16058953
v 0.03561675 0.02334459 -0.16058968
v 0.02957656 0.02631140 -0.16058956
v 0.02289271 0.02790864 -0.16059004
v -0.02292389 0.02793005 -0.16058980
v -0.03155256 0.02560587 -0.16058965
v -0.03949382 0.02025328 -0.16058953
v -0.04534682 0.01217320 -0.16058953
v 0.04682110 -0.00746224 -0.18645342
v 0.04548267 -0.01210816 -0.18525814
v 0.04707598 -0.00678847 -0.19380654
v 0.04782014 -0.00301877 -0.19437432
v 0.04792259 0.00041258 -0.19473451
v 0.04766620 0.00389527 -0.19448556
v 0.04575474 0.01095271 -0.19250926
v 0.04677726 0.00757173 -0.19410743
v 0.04392776 0.01444345 -0.19115557
v 0.04172930 0.01764956 -0.18916579
v 0.03833885 0.02104828 -0.18726130
v 0.03036713 0.02600583 -0.18225101
v 0.03474236 0.02379280 -0.18459111
v 0.02171496 0.02789484 -0.17889012
v 0.02567084 0.02741502 -0.18012898
v 0.02226138 -0.02796741 -0.17207335
v 0.03148355 -0.02574238 -0.17591661
v 0.03921729 -0.02050961 -0.18046924
v -0.02288923 -0.02792792 -0.17229357
v -0.01209532 -0.02800000 -0.16955306
v 0.01209475 -0.02800000 -0.16955264
v -0.00071938 -0.02800000 -0.16839722
v -0.04707775 -0.00686550 -0.18669328
v -0.04702918 -0.00685378 -0.19379336
v -0.04780407 -0.00294694 -0.19452126
v -0.02173120 0.02791716 -0.17876653
v -0.02621821 0.02731922 -0.18029295
v -0.03080264 0.02572378 -0.18299346
v -0.03935991 0.02021433 -0.18753812
v -0.03541621 0.02337251 -0.18499270
v -0.04308277 0.01587717 -0.19028844
v -0.04572924 0.01100211 -0.19250941
v -0.04767314 0.00408558 -0.19429410
v -0.04692534 0.00751767 -0.19362234
v -0.04795282 0.00051130 -0.19457802
v -0.04629249 -0.00982849 -0.18598646
v -0.04217168 -0.01727335 -0.18259777
v -0.03507373 -0.02371408 -0.17787358
v -0.02884742 -0.02660409 -0.17470804
v 0.01135174 0.02796144 -0.17585041
v -0.01258764 0.02787672 -0.17661421
v -0.04479846 -0.00889522 -0.18466388
v -0.03244361 -0.00900012 -0.17635901
v -0.01608845 -0.00899970 -0.17021996
v 0.00071899 -0.00900000 -0.16839720
v 0.01677549 -0.00899975 -0.17043015
v 0.03187475 -0.00900006 -0.17606252
v 0.04407363 -0.00898594 -0.18406688
v 0.01493703 0.02668305 -0.17826024
v 0.00730375 0.02673239 -0.17679656
v 0.02163917 0.02649431 -0.18028137
v 0.01910413 -0.00761379 -0.17947349
v 0.01383487 -0.00793089 -0.17794533
v -0.00263797 0.02653547 -0.17646395
v -0.01241153 0.02650372 -0.17767464
v -0.01370389 0.01047258 -0.17803086
v -0.01914288 -0.00760497 -0.17949258
v -0.01347632 -0.00764229 -0.17792539
v -0.02062185 0.02642095 -0.17996463
v -0.01401483 0.02321389 -0.17810468
v -0.00557255 -0.00758000 -0.17665258
v 0.00284903 -0.00750964 -0.17652690
v 0.00826393 -0.00780317 -0.17695966
v 0.04298933 -0.00734163 -0.19378269
v 0.04423650 -0.00589577 -0.19500895
v 0.04500467 0.00143933 -0.19579302
v 0.04395457 0.00778613 -0.19466920
v 0.03812010 -0.00752379 -0.18954870
v 0.03796816 0.01869894 -0.18934432
v -0.04317713 -0.00724183 -0.19395643
v -0.04107454 0.01438890 -0.19195850
v -0.04502268 -0.00068904 -0.19580185
v -0.04425792 -0.00609460 -0.19502001
v -0.03807157 -0.00761390 -0.18950076
v -0.03691860 0.01999858 -0.18846129
v -0.03346847 -0.00748879 -0.18627538
v -0.02644628 -0.00746102 -0.18233225
v -0.02783194 0.02501344 -0.18302950
v 0.02645928 -0.00746239 -0.18233593
v 0.03062464 0.02418384 -0.18444017
v 0.03349311 -0.00777452 -0.18623905
v 0.04425124 -0.00889695 -0.19272250
v 0.03648946 -0.00885020 -0.18697909
v -0.03681806 -0.00886418 -0.18719400
v -0.04372110 -0.00895468 -0.19236194
v 0.02793595 -0.00889024 -0.18190271
v 0.01625587 -0.00895321 -0.17707539
v 0.00560257 -0.00886276 -0.17560974
v -0.00534001 -0.00895614 -0.17516835
v -0.01648634 -0.00886927 -0.17749220
v -0.02695268 -0.00897425 -0.18081315
v -0.04590227 -0.00814859 -0.19331700
v -0.04489078 -0.00866789 -0.19300376
v 0.04590023 -0.00816285 -0.19322982
v -0.01401070 0.02326579 -0.19537584
v 0.01405217 0.02318665 -0.19564745
v -0.02439178 0.02730810 -0.18057936
v -0.04695792 -0.00300295 -0.19558543
v -0.04724872 0.00072587 -0.19560358
v -0.04691595 0.00419988 -0.19534768
v -0.04615752 0.00766310 -0.19461045
v -0.04493358 0.01114138 -0.19346829
v -0.04239406 0.01580013 -0.19125098
v -0.03875599 0.02005732 -0.18843861
v -0.03486653 0.02317941 -0.18581882
v -0.04645209 -0.00670820 -0.19477645
v -0.04613872 -0.00142476 -0.19606900
v -0.04516491 0.00439663 -0.19569702
v -0.04438179 0.00936204 -0.19448440
v -0.04163065 0.01546413 -0.19164476
v -0.03241294 0.02361434 -0.18531078
v -0.04534143 -0.00653523 -0.19521323
v -0.02246382 0.02703318 -0.18030460
v 0.01219437 0.02746966 -0.17704596
v 0.02478355 0.02702104 -0.18100011
v 0.00198146 0.02755606 -0.17581709
v -0.00371882 0.02780009 -0.17558759
v -0.04415752 -0.00809368 -0.19402558
v -0.04311001 -0.00829042 -0.19326182
v -0.04529667 -0.00782971 -0.19430386
v 0.04049921 0.01804657 -0.18998833
v 0.04675648 -0.00520393 -0.19522715
v 0.03106313 0.02531978 -0.18360355
v 0.03543526 0.02248592 -0.18655260
v 0.04495178 0.01109879 -0.19347903
v 0.04721809 -0.00096215 -0.19563952
v 0.04296478 0.01438665 -0.19212042
v 0.04668345 0.00377472 -0.19558232
v 0.04472165 0.00886959 -0.19466539
v 0.04618719 0.00186545 -0.19601974
v 0.04652496 -0.00678064 -0.19470911
v 0.04517324 -0.00633840 -0.19528180
v 0.04559070 -0.00272573 -0.19590327
v 0.04127638 0.01496705 -0.19184677
v 0.04337749 -0.00845690 -0.19328579
v 0.02185142 -0.00856599 -0.17965232
v -0.02664012 -0.00854217 -0.18169761
v -0.00488550 -0.00841424 -0.17610489
v 0.04540084 -0.00787809 -0.19421954
v 0.04441052 -0.00734198 -0.19463520
v -0.05900522 -0.02337106 -0.20843741
v -0.06119907 -0.02064432 -0.20844421
v 0.05897030 -0.02024785 -0.20849305
v 0.04389152 -0.02893199 -0.18973048
v 0.03895133 -0.02960064 -0.18540676
v 0.05910661 -0.02292827 -0.20617263
v 0.06002100 -0.02082222 -0.20793323
v 0.05911236 -0.02109469 -0.20811056
v 0.05695120 -0.02354846 -0.20578197
v 0.05817544 -0.02054676 -0.20832129
v 0.05690251 -0.02563353 -0.20313683
v 0.05411976 -0.02648516 -0.20131452
v 0.05318327 -0.02749771 -0.19916683
v 0.04936663 -0.02766076 -0.19575267
v 0.02866171 -0.03055235 -0.17966430
v -0.05853930 -0.02434030 -0.20768572
v -0.05115411 -0.02777530 -0.19727235
v -0.04330689 -0.03105181 -0.18948150
v -0.05963571 -0.02429244 -0.20751648
v -0.05787018 -0.02336110 -0.20819280
v -0.06308617 -0.01860241 -0.20785123
v -0.06163299 -0.02197886 -0.20761558
v 0.06103358 -0.01668794 -0.20811032
v 0.02213706 0.02687464 -0.29184198
v -0.02222522 0.02689085 -0.29189152
v 0.04748199 0.02784907 -0.25786343
v 0.05353400 0.02713082 -0.25901544
v 0.05338701 0.02698383 -0.26062754
v -0.01551881 0.02183990 -0.19746664
v -0.01412005 0.02346062 -0.19628577
v 0.01529309 0.02173072 -0.19710548
v 0.03302943 0.02969782 -0.21237139
v -0.00252465 0.02969855 -0.28054592
v 0.01014039 0.02970074 -0.27939779
v 0.02209489 0.02970003 -0.27437356
v 0.03189825 0.02969889 -0.26600328
v 0.03867516 0.02970072 -0.25522509
v 0.04185796 0.02969940 -0.24315336
v 0.04172373 0.02970000 -0.23368330
v 0.03937412 0.02969775 -0.22355686
v 0.02365205 0.02969808 -0.20364812
v 0.01221820 0.02969786 -0.19818518
v -0.00039917 0.02969808 -0.19637752
v -0.00956900 0.02970000 -0.19760479
v -0.01932669 0.02969826 -0.20107146
v -0.02972118 0.02969914 -0.20865738
v -0.03728431 0.02970113 -0.21888025
v -0.04148221 0.02970126 -0.23111990
v -0.04196833 0.02970000 -0.24010871
v -0.04039348 0.02969768 -0.25042590
v -0.03492249 0.02969795 -0.26203558
v -0.02625630 0.02969855 -0.27143618
v -0.01516238 0.02970026 -0.27780280
v -0.04677642 0.01208324 -0.28149295
v -0.05246695 0.01199999 -0.27993527
v -0.05496322 0.01209046 -0.27005607
v -0.05842410 0.01205701 -0.26293513
v -0.05088554 0.01199999 -0.28138900
f 1 2 3
f 1 3 4
f 5 6 7
f 7 6 8
f 9 10 11
f 9 11 12
f 13 14 15
f 13 15 6
f 13 6 5
f 13 5 2
f 13 2 1
f 13 1 10
f 10 9 16
f 10 16 13
f 13 16 17
f 17 16 18
f 12 11 19
f 12 19 20
f 20 19 21
f 20 21 22
f 4 3 23
f 4 23 24
f 24 23 25
f 24 25 26
f 7 8 27
f 7 27 28
f 28 27 29
f 28 29 30
f 17 31 13
f 13 31 32
f 33 34 13
f 35 33 13
f 35 13 32
f 34 36 13
f 13 36 37
f 13 37 38
f 39 40 41
f 40 39 34
f 34 39 36
f 42 43 31
f 31 43 32
f 44 45 35
f 35 45 33
f 46 47 48
f 48 47 41
f 48 41 40
f 49 50 51
f 49 51 52
f 52 51 53
f 54 53 55
f 54 55 56
f 57 56 55
f 56 57 58
f 58 57 59
f 55 60 57
f 61 59 62
f 61 62 63
f 64 63 62
f 63 64 65
f 65 64 66
f 62 67 64
f 68 69 70
f 71 72 66
f 71 66 73
f 70 69 74
f 75 71 73
f 75 76 71
f 70 74 76
f 76 74 71
f 54 77 53
f 53 77 52
f 61 78 58
f 61 58 59
f 46 65 72
f 72 65 66
f 46 72 47
f 79 80 81
f 79 81 82
f 82 81 75
f 82 75 73
f 83 84 85
f 86 87 88
f 86 88 85
f 86 85 84
f 87 89 88
f 88 89 90
f 90 91 88
f 92 93 94
f 93 92 91
f 91 92 95
f 91 95 88
f 88 95 96
f 97 98 89
f 89 98 90
f 99 100 79
f 79 100 80
f 100 99 86
f 86 99 87
f 101 102 103
f 101 103 104
f 105 106 107
f 107 106 108
f 109 110 111
f 111 110 112
f 102 101 88
f 101 106 88
f 88 106 105
f 88 105 109
f 111 88 109
f 88 111 85
f 85 111 113
f 85 113 114
f 112 110 115
f 112 115 116
f 116 115 117
f 116 117 118
f 107 108 119
f 107 119 120
f 120 119 121
f 120 121 122
f 104 103 123
f 104 123 124
f 124 123 125
f 124 125 126
f 60 55 127
f 60 127 128
f 128 127 94
f 128 94 93
f 43 42 129
f 43 129 130
f 130 129 77
f 130 77 54
f 78 61 131
f 78 131 132
f 132 131 45
f 132 45 44
f 67 62 133
f 67 133 134
f 134 133 98
f 134 98 97
f 135 136 137
f 137 136 138
f 137 138 139
f 140 141 142
f 140 142 143
f 143 142 144
f 144 142 145
f 146 141 140
f 147 148 140
f 140 148 146
f 149 150 151
f 151 150 152
f 151 152 136
f 151 136 135
f 150 149 153
f 153 149 154
f 139 138 155
f 155 138 148
f 155 148 147
f 156 157 158
f 159 160 161
f 161 162 159
f 159 162 163
f 163 164 165
f 163 165 159
f 166 167 168
f 166 168 169
f 169 168 170
f 158 169 170
f 158 170 156
f 157 171 158
f 172 171 173
f 173 171 157
f 174 175 172
f 172 175 176
f 165 164 166
f 166 164 167
f 174 172 173
f 177 178 179
f 180 181 178
f 182 183 184
f 185 186 182
f 182 186 183
f 187 188 189
f 189 190 187
f 187 190 191
f 191 190 192
f 191 192 193
f 193 192 185
f 185 192 186
f 194 184 180
f 180 184 181
f 184 194 182
f 179 178 181
f 195 196 197
f 198 195 197
f 197 196 199
f 200 199 201
f 201 199 196
f 202 203 204
f 204 203 205
f 205 206 207
f 208 209 210
f 207 208 210
f 208 207 206
f 203 206 205
f 211 203 202
f 202 200 201
f 211 202 201
f 195 198 212
f 212 198 213
f 212 213 214
f 215 216 217
f 218 219 220
f 221 222 215
f 221 215 223
f 218 220 221
f 221 220 222
f 223 215 217
f 224 225 226
f 224 226 227
f 227 226 228
f 228 226 229
f 228 229 230
f 225 224 231
f 225 231 232
f 233 234 235
f 235 234 236
f 237 238 239
f 237 239 236
f 237 236 234
f 233 240 234
f 233 241 240
f 240 241 242
f 243 244 245
f 246 247 248
f 246 248 249
f 249 248 250
f 249 250 251
f 246 252 247
f 247 252 253
f 253 252 254
f 254 252 255
f 254 255 245
f 256 254 245
f 245 244 256
f 257 258 259
f 243 259 258
f 243 258 244
f 260 257 259
f 261 257 260
f 261 260 262
f 263 264 265
f 266 267 268
f 269 270 266
f 266 270 267
f 268 267 271
f 268 271 272
f 272 271 273
f 272 273 274
f 274 273 275
f 265 276 263
f 263 276 277
f 277 276 278
f 277 278 279
f 279 278 274
f 279 274 275
f 280 281 282
f 282 281 283
f 284 285 283
f 284 286 287
f 288 289 287
f 286 290 287
f 286 284 291
f 291 284 283
f 292 293 280
f 280 293 281
f 293 292 294
f 295 296 297
f 295 298 296
f 292 299 294
f 294 299 300
f 300 299 295
f 300 295 297
f 290 288 287
f 283 285 282
f 301 302 303
f 303 302 304
f 303 304 305
f 305 304 306
f 305 306 307
f 305 307 308
f 307 309 308
f 301 310 302
f 311 312 313
f 227 228 314
f 227 314 224
f 231 224 315
f 231 315 316
f 230 311 228
f 228 311 314
f 224 314 315
f 314 311 313
f 315 314 313
f 315 313 316
f 316 313 317
f 318 216 319
f 219 320 220
f 215 222 319
f 215 319 216
f 220 320 321
f 220 321 222
f 222 321 322
f 222 322 319
f 321 320 323
f 321 323 322
f 319 322 318
f 318 322 324
f 325 269 266
f 326 327 328
f 278 329 274
f 265 330 331
f 265 331 276
f 276 331 329
f 276 329 278
f 268 272 332
f 268 332 333
f 268 333 266
f 274 329 334
f 274 334 272
f 330 326 331
f 329 331 328
f 272 334 335
f 272 335 332
f 266 333 325
f 329 328 334
f 334 328 336
f 334 336 335
f 331 326 328
f 332 335 337
f 332 337 333
f 333 337 325
f 335 336 337
f 338 339 340
f 339 338 341
f 341 338 342
f 341 342 343
f 343 342 344
f 343 344 345
f 346 347 348
f 349 350 346
f 350 351 352
f 350 349 351
f 346 348 349
f 349 348 353
f 347 354 355
f 347 355 348
f 354 356 355
f 357 338 340
f 344 358 345
f 345 358 359
f 359 358 360
f 359 360 356
f 359 356 354
f 361 362 363
f 362 364 363
f 362 365 364
f 365 366 364
f 367 366 365
f 368 367 365
f 369 370 371
f 371 370 372
f 373 370 369
f 373 374 370
f 375 374 373
f 376 377 378
f 376 378 379
f 380 381 379
f 382 383 384
f 384 383 381
f 383 382 385
f 386 387 388
f 389 390 391
f 386 388 392
f 386 392 389
f 389 392 390
f 380 379 391
f 380 391 390
f 379 378 393
f 379 393 391
f 381 380 384
f 384 380 390
f 384 390 382
f 382 390 392
f 382 392 388
f 385 382 388
f 383 394 395
f 383 395 381
f 394 383 396
f 383 397 396
f 383 385 397
f 398 394 399
f 399 394 396
f 399 396 400
f 401 402 403
f 401 404 402
f 405 406 407
f 408 409 410
f 410 409 411
f 412 413 414
f 415 413 416
f 403 405 401
f 403 406 405
f 411 409 417
f 413 412 416
f 414 410 411
f 412 411 417
f 412 417 407
f 418 410 414
f 414 411 412
f 406 412 407
f 416 412 406
f 416 406 415
f 415 406 403
f 419 420 418
f 414 419 418
f 419 414 413
f 419 413 421
f 413 422 421
f 423 419 424
f 424 419 421
f 424 421 425
f 426 427 428
f 429 430 426
f 431 364 366
f 363 364 431
f 428 432 429
f 426 428 429
f 430 431 366
f 430 366 367
f 430 429 431
f 431 429 433
f 431 433 363
f 363 434 435
f 436 437 435
f 436 435 438
f 438 435 434
f 438 434 433
f 433 434 363
f 436 438 439
f 439 438 433
f 440 441 442
f 440 442 433
f 433 442 439
f 440 433 429
f 440 429 432
f 443 437 436
f 436 444 443
f 445 444 436
f 445 436 439
f 445 439 446
f 439 447 448
f 439 448 446
f 446 449 450
f 446 450 445
f 445 450 451
f 445 451 444
f 452 370 374
f 453 454 455
f 454 453 456
f 456 457 454
f 458 453 459
f 460 461 462
f 463 464 465
f 465 464 466
f 452 374 466
f 452 466 467
f 452 467 459
f 453 455 459
f 370 452 372
f 459 455 372
f 459 372 452
f 468 458 459
f 469 458 468
f 464 463 462
f 464 462 461
f 461 460 468
f 468 460 469
f 461 468 459
f 461 459 467
f 461 467 464
f 464 467 466
f 470 427 471
f 427 472 473
f 471 427 473
f 474 475 476
f 474 477 475
f 457 478 474
f 457 474 476
f 479 480 481
f 482 483 484
f 484 483 485
f 486 484 485
f 484 486 487
f 488 489 490
f 490 489 491
f 482 488 483
f 492 479 481
f 492 481 493
f 494 495 493
f 494 493 481
f 495 494 496
f 497 498 499
f 497 499 500
f 500 499 501
f 498 497 502
f 503 504 505
f 505 504 502
f 505 502 497
f 482 506 488
f 488 506 489
f 507 487 508
f 508 487 486
f 501 496 500
f 500 496 494
f 491 509 490
f 510 503 505
f 490 509 511
f 510 512 503
f 490 511 510
f 510 511 512
f 513 514 515
f 513 515 516
f 516 515 517
f 518 519 520
f 521 516 517
f 519 518 521
f 519 521 517
f 520 522 523
f 523 522 514
f 325 524 525
f 325 525 526
f 527 528 529
f 513 516 325
f 325 516 530
f 325 530 524
f 524 530 531
f 532 533 531
f 531 533 524
f 534 535 479
f 479 535 480
f 535 536 480
f 536 537 538
f 480 536 538
f 538 537 539
f 479 540 534
f 541 542 153
f 541 153 543
f 543 153 154
f 544 545 546
f 479 213 539
f 214 544 546
f 539 540 479
f 543 214 479
f 479 214 213
f 543 154 214
f 214 154 544
f 539 537 540
f 547 548 549
f 508 549 550
f 551 552 548
f 548 547 551
f 508 550 507
f 507 550 553
f 554 555 507
f 554 507 553
f 555 554 552
f 555 551 251
f 552 551 555
f 555 250 556
f 556 250 557
f 556 352 558
f 558 352 351
f 555 251 250
f 352 557 559
f 557 352 556
f 560 561 533
f 561 529 533
f 533 529 528
f 561 562 529
f 529 562 563
f 475 563 564
f 475 564 476
f 564 560 565
f 565 560 533
f 565 476 564
f 533 532 565
f 566 518 520
f 518 566 567
f 473 568 569
f 568 473 472
f 568 472 570
f 518 567 570
f 518 570 571
f 472 572 570
f 570 572 571
f 569 566 520
f 523 573 473
f 574 575 176
f 576 577 542
f 514 513 523
f 523 513 189
f 523 189 574
f 574 189 188
f 574 176 541
f 541 176 175
f 541 175 542
f 542 175 576
f 188 575 574
f 575 188 578
f 558 351 579
f 529 325 526
f 529 526 527
f 580 289 579
f 581 288 582
f 558 289 288
f 558 288 581
f 582 270 581
f 581 269 529
f 529 269 325
f 579 289 558
f 582 583 270
f 582 584 583
f 581 270 269
f 547 549 508
f 563 475 529
f 473 569 520
f 473 520 523
f 585 586 587
f 487 555 588
f 589 590 591
f 592 593 594
f 587 595 585
f 596 597 598
f 599 600 601
f 599 601 529
f 602 529 601
f 558 581 603
f 558 603 556
f 487 507 555
f 604 484 487
f 605 482 606
f 606 482 484
f 492 493 607
f 608 523 574
f 608 574 609
f 573 523 608
f 610 543 611
f 610 611 612
f 543 479 611
f 613 614 615
f 615 614 616
f 615 616 617
f 617 616 618
f 617 618 619
f 619 618 620
f 619 620 621
f 619 621 612
f 612 621 622
f 612 622 610
f 623 613 615
f 623 615 624
f 624 615 617
f 624 617 625
f 492 607 611
f 492 611 479
f 496 623 624
f 496 624 495
f 495 624 625
f 495 625 493
f 493 625 626
f 493 626 607
f 625 617 619
f 625 619 626
f 626 619 612
f 626 612 607
f 607 612 611
f 627 614 613
f 628 629 630
f 630 629 627
f 631 632 633
f 634 631 635
f 634 635 636
f 636 635 637
f 630 638 628
f 639 501 499
f 630 639 638
f 638 639 640
f 640 639 499
f 627 613 630
f 630 613 639
f 499 498 641
f 499 641 640
f 640 641 638
f 638 642 643
f 638 643 628
f 628 643 644
f 628 644 629
f 641 642 638
f 498 502 645
f 498 645 641
f 641 645 642
f 642 633 643
f 643 633 632
f 643 632 644
f 631 633 635
f 635 633 646
f 646 633 647
f 647 645 648
f 648 645 502
f 633 642 647
f 647 642 645
f 648 502 504
f 635 646 637
f 646 647 649
f 649 647 648
f 648 504 650
f 555 556 651
f 652 653 654
f 654 653 655
f 654 655 656
f 656 655 657
f 656 657 658
f 658 657 659
f 658 659 660
f 660 659 661
f 660 661 662
f 662 661 663
f 662 663 664
f 664 663 665
f 664 665 666
f 666 665 667
f 666 667 668
f 666 668 669
f 669 668 670
f 669 670 636
f 636 670 634
f 588 555 651
f 588 651 652
f 588 652 604
f 604 652 671
f 671 652 654
f 636 672 669
f 669 672 673
f 669 673 666
f 666 673 674
f 666 674 664
f 662 664 675
f 662 675 660
f 673 672 676
f 664 674 677
f 664 677 675
f 650 678 679
f 680 511 509
f 680 681 511
f 511 681 512
f 512 681 678
f 512 678 650
f 512 650 503
f 489 682 491
f 506 683 489
f 491 682 684
f 491 684 509
f 509 684 677
f 509 677 680
f 680 677 685
f 680 685 681
f 487 588 604
f 606 671 654
f 606 654 605
f 605 654 656
f 605 656 658
f 605 658 683
f 683 658 660
f 683 660 675
f 637 672 636
f 484 604 671
f 484 671 606
f 682 683 675
f 682 675 684
f 684 675 677
f 677 674 685
f 685 674 673
f 685 673 676
f 679 676 672
f 679 672 649
f 649 672 637
f 482 605 506
f 506 605 683
f 489 683 682
f 681 685 676
f 681 676 678
f 678 676 679
f 650 679 649
f 601 600 686
f 686 600 687
f 686 687 688
f 688 687 689
f 688 689 690
f 690 689 598
f 691 692 596
f 596 692 597
f 598 597 690
f 475 599 529
f 657 693 659
f 670 668 694
f 603 695 696
f 696 695 653
f 653 695 697
f 653 697 698
f 653 698 655
f 655 698 699
f 657 655 699
f 657 699 693
f 694 668 700
f 700 668 667
f 700 667 701
f 701 667 665
f 701 665 663
f 701 663 702
f 702 663 661
f 702 661 703
f 703 661 704
f 704 661 659
f 704 659 693
f 705 693 699
f 581 695 603
f 592 594 706
f 707 706 708
f 707 708 709
f 707 709 590
f 590 709 591
f 710 711 712
f 712 592 713
f 713 592 714
f 715 714 707
f 715 707 590
f 712 711 593
f 712 593 592
f 714 592 706
f 714 706 707
f 589 573 590
f 590 573 608
f 716 713 717
f 717 713 714
f 717 714 715
f 717 715 718
f 719 720 721
f 721 720 722
f 721 722 723
f 723 722 710
f 710 722 711
f 724 725 726
f 585 727 728
f 727 725 724
f 729 721 723
f 729 723 710
f 728 727 724
f 726 730 724
f 581 602 695
f 695 602 731
f 695 731 697
f 697 731 698
f 698 731 732
f 698 732 699
f 699 732 705
f 693 705 733
f 693 733 704
f 694 587 586
f 634 586 728
f 726 720 719
f 726 719 730
f 581 529 602
f 602 601 731
f 731 601 686
f 731 686 732
f 732 686 688
f 732 688 705
f 705 688 690
f 705 690 733
f 733 690 597
f 733 597 704
f 704 597 692
f 704 692 703
f 703 692 702
f 702 692 734
f 702 734 701
f 701 734 735
f 701 735 700
f 700 735 736
f 700 736 694
f 694 736 595
f 694 595 587
f 586 585 728
f 728 724 737
f 614 710 738
f 738 710 712
f 738 712 716
f 716 712 713
f 609 718 715
f 609 715 608
f 608 715 590
f 609 574 739
f 609 739 718
f 631 724 632
f 632 724 730
f 632 730 644
f 644 730 719
f 644 719 629
f 629 719 721
f 629 721 729
f 627 729 614
f 614 729 710
f 739 541 610
f 739 610 622
f 716 620 618
f 670 694 586
f 670 586 634
f 634 728 737
f 541 543 610
f 613 623 639
f 639 623 496
f 639 496 501
f 724 631 737
f 504 503 650
f 637 646 649
f 649 648 650
f 556 603 651
f 651 603 652
f 652 603 696
f 652 696 653
f 631 634 737
f 627 629 729
f 616 614 738
f 616 738 618
f 618 738 716
f 620 716 717
f 620 717 621
f 621 717 622
f 622 717 718
f 622 718 739
f 541 739 574
f 740 741 742
f 743 744 745
f 746 747 743
f 743 747 744
f 746 740 747
f 748 749 750
f 751 746 743
f 752 753 754
f 755 756 757
f 758 759 748
f 760 761 762
f 763 764 765
f 766 767 768
f 760 769 761
f 769 760 751
f 770 771 772
f 762 773 760
f 751 760 746
f 774 775 776
f 774 776 777
f 774 778 775
f 779 780 781
f 770 772 782
f 783 784 772
f 780 779 785
f 754 786 787
f 788 789 756
f 790 791 792
f 790 792 793
f 793 792 794
f 795 742 791
f 795 791 790
f 742 795 740
f 740 795 796
f 740 796 747
f 754 787 797
f 754 797 752
f 780 798 769
f 799 751 800
f 787 801 797
f 797 801 802
f 797 802 775
f 775 802 776
f 749 748 803
f 749 803 804
f 796 795 805
f 806 800 807
f 806 807 808
f 800 806 799
f 809 810 782
f 804 803 793
f 804 793 794
f 805 795 811
f 811 795 812
f 772 784 782
f 782 784 809
f 810 788 782
f 782 788 756
f 782 756 755
f 786 754 813
f 786 813 814
f 748 750 758
f 815 816 767
f 817 818 765
f 814 813 819
f 814 819 820
f 774 777 821
f 821 777 822
f 821 822 811
f 821 811 812
f 823 824 819
f 819 824 820
f 825 826 827
f 756 789 828
f 828 789 826
f 828 826 825
f 783 772 829
f 783 829 830
f 830 829 808
f 830 808 807
f 831 815 832
f 832 815 767
f 832 767 766
f 818 833 785
f 785 833 834
f 765 818 785
f 765 785 763
f 835 836 769
f 758 750 837
f 758 837 832
f 832 837 831
f 817 765 838
f 817 838 839
f 785 834 798
f 785 798 780
f 780 769 836
f 839 838 840
f 839 840 841
f 799 835 751
f 751 835 769
f 823 842 824
f 841 840 843
f 843 840 844
f 843 844 845
f 846 847 848
f 846 848 849
f 767 816 850
f 850 816 847
f 850 847 846
f 744 842 745
f 825 827 851
f 851 827 745
f 851 745 823
f 823 745 842
f 849 848 852
f 741 740 852
f 852 740 845
f 845 844 852
f 852 844 849
f 465 853 463
f 853 854 463
f 855 856 857
f 856 462 857
f 857 462 858
f 858 462 463
f 858 463 854
f 859 860 861
f 860 862 861
f 861 862 863
f 863 862 864
f 865 866 867
f 867 868 869
f 867 869 870
f 866 871 867
f 867 871 868
f 872 871 873
f 872 859 871
f 871 859 861
f 871 861 868
f 868 861 863
f 868 863 869
f 869 863 874
f 869 874 875
f 876 877 878
f 878 877 879
f 878 879 880
f 878 880 881
f 882 883 884
f 884 883 885
f 884 885 886
f 884 886 887
f 888 889 890
f 890 889 891
f 892 889 893
f 893 889 888
f 890 894 895
f 890 895 896
f 890 896 880
f 890 880 879
f 877 888 879
f 879 888 890
f 877 893 888
f 893 877 897
f 898 897 899
f 898 893 897
f 900 901 902
f 902 901 903
f 883 904 902
f 902 904 905
f 902 905 906
f 883 902 903
f 883 903 885
f 907 908 909
f 910 911 907
f 910 907 912
f 912 907 909
f 913 914 915
f 915 916 913
f 915 917 916
f 918 917 915
f 919 920 914
f 921 910 920
f 912 915 910
f 910 915 920
f 920 915 914
f 909 915 912
f 909 918 915
f 909 922 918
f 918 922 923
f 923 922 924
f 925 926 927
f 927 926 928
f 927 928 929
f 930 931 932
f 930 932 933
f 933 932 934
f 933 934 935
f 936 937 938
f 937 939 938
f 940 939 937
f 939 940 941
f 925 936 942
f 942 943 925
f 925 943 944
f 927 937 925
f 925 937 936
f 929 940 927
f 927 940 937
f 929 945 940
f 940 945 946
f 946 947 940
f 948 949 950
f 948 950 951
f 948 935 952
f 948 952 953
f 953 954 948
f 951 933 948
f 948 933 935
f 955 956 957
f 956 958 957
f 957 958 959
f 959 958 960
f 961 962 963
f 963 962 964
f 965 963 964
f 966 963 965
f 967 968 969
f 969 968 970
f 971 972 970
f 970 972 969
f 962 973 957
f 957 973 974
f 957 974 975
f 957 975 955
f 957 964 962
f 959 965 957
f 957 965 964
f 959 976 965
f 965 976 977
f 978 979 980
f 981 980 982
f 978 983 979
f 980 979 982
f 854 984 858
f 858 984 985
f 858 985 857
f 857 985 986
f 978 972 987
f 978 987 988
f 988 989 978
f 981 969 980
f 980 969 972
f 980 972 978
f 969 981 990
f 969 990 991
f 991 967 969
f 992 903 901
f 992 901 993
f 986 860 994
f 995 971 449
f 996 994 860
f 997 998 441
f 999 458 865
f 865 458 469
f 865 469 1000
f 1001 441 440
f 1001 440 1002
f 449 1003 995
f 995 1003 1004
f 864 881 1005
f 876 887 1006
f 928 931 1007
f 997 441 1001
f 1005 1008 864
f 911 1009 882
f 956 1010 934
f 1000 1011 865
f 1006 1012 876
f 994 996 1000
f 1000 996 1011
f 968 1013 960
f 1006 1014 1012
f 1015 892 1014
f 1007 1016 928
f 1007 1017 1016
f 926 1018 908
f 867 870 1019
f 911 1020 1009
f 1009 1020 1021
f 1013 968 1022
f 1013 1022 1023
f 1019 870 1024
f 1019 891 889
f 1019 889 1025
f 926 1026 1018
f 1018 1026 1027
f 1025 889 1015
f 1015 889 892
f 867 1019 1028
f 867 1028 865
f 956 1029 1010
f 1010 1029 1030
f 1031 891 1024
f 1015 1014 1006
f 1015 1032 993
f 1015 993 1033
f 1034 1035 913
f 917 1027 1036
f 1030 1029 1037
f 1006 1032 1015
f 1037 949 1030
f 961 1038 1037
f 891 1019 1024
f 1039 1040 1041
f 1037 1029 1042
f 983 1004 997
f 1021 1020 1043
f 1026 1036 1027
f 938 1044 1036
f 1004 1003 997
f 997 1003 998
f 1043 913 1021
f 1034 913 916
f 1026 1045 1036
f 1040 1039 1046
f 1042 961 1037
f 1047 983 997
f 1031 1024 1005
f 1005 1024 1008
f 1033 993 901
f 1033 901 1035
f 1035 901 900
f 1036 1045 938
f 1017 1007 1041
f 1035 900 1021
f 1035 1021 913
f 1034 916 1048
f 1048 916 917
f 917 1036 1048
f 1041 941 1017
f 941 1041 1040
f 1038 961 963
f 966 1049 963
f 963 1049 1050
f 1023 1022 1051
f 1049 982 1047
f 1047 982 979
f 1047 979 983
f 1044 938 939
f 1044 939 1052
f 1052 939 1040
f 1040 939 941
f 1046 1039 950
f 1046 950 1037
f 1037 950 949
f 1038 963 1050
f 966 1023 1049
f 1023 1051 1049
f 1049 1051 982
f 1053 1054 1055
f 1056 1055 1057
f 1058 1055 1056
f 1053 1055 1059
f 1059 1055 1058
f 1054 1057 1055
f 1060 1061 1062
f 1060 1062 1063
f 1059 1064 1053
f 1064 1059 1060
f 1059 1061 1060
f 1062 1065 1066
f 1066 1065 1067
f 1066 1063 1062
f 1068 1069 1061
f 1061 1059 1058
f 1061 1069 1062
f 1058 1068 1061
f 1070 1068 1058
f 1056 1070 1058
f 1071 1056 1057
f 1056 1071 1072
f 1072 1073 1056
f 1074 1072 1075
f 1076 1077 1057
f 1054 1078 1076
f 1079 1078 1054
f 1053 1080 1079
f 1081 1082 1060
f 1081 1063 1083
f 1081 1083 1084
f 1084 1083 1085
f 1085 1083 1067
f 1085 1067 1086
f 1077 1075 1071
f 1071 1075 1072
f 1074 1087 1088
f 1074 1088 1072
f 1072 1088 1073
f 1076 1057 1054
f 1077 1071 1057
f 1064 1080 1053
f 1082 1080 1064
f 1082 1064 1060
f 1066 1083 1063
f 1081 1060 1063
f 1083 1066 1067
f 1079 1054 1053
f 1089 1090 1091
f 735 734 1092
f 1093 585 595
f 1094 594 593
f 1095 1096 1097
f 1095 1097 1098
f 1099 1100 1096
f 1094 593 1101
f 1102 1094 1101
f 1101 593 711
f 1099 1102 1101
f 1099 1103 1102
f 1100 1099 1101
f 1100 1101 711
f 1104 711 722
f 1100 711 1104
f 1104 722 720
f 1105 1106 1107
f 1107 1106 1108
f 1107 1108 1109
f 1097 1096 1100
f 1110 1111 1112
f 1110 1112 1113
f 1113 1112 1114
f 1113 1114 1093
f 1093 1114 1115
f 1093 1115 1116
f 1116 1115 1117
f 1116 1117 1118
f 1118 1117 1119
f 1118 1119 1109
f 1109 1119 1107
f 595 1113 1093
f 727 1093 1116
f 727 1116 1118
f 720 1109 1108
f 736 1110 595
f 595 1110 1113
f 585 1093 727
f 725 727 1118
f 725 1118 726
f 726 1118 1109
f 726 1109 720
f 720 1108 1104
f 1104 1108 1100
f 1100 1108 1097
f 1120 1121 1122
f 1123 1121 1124
f 1124 1121 1125
f 1126 1123 1127
f 1127 1123 1124
f 1127 1124 1128
f 1129 1128 596
f 596 1128 1124
f 596 1124 691
f 691 1124 1125
f 735 1092 1120
f 692 691 1125
f 692 1125 734
f 734 1125 1092
f 598 1129 596
f 1065 1062 1130
f 1130 1062 1069
f 1131 1132 1133
f 1134 1135 1132
f 1133 1136 1065
f 1067 1136 1132
f 1137 1086 1067
f 1135 1137 1132
f 1132 1137 1067
f 1136 1067 1065
f 1134 1131 1138
f 1139 1138 1131
f 1126 1140 1123
f 1123 1140 1141
f 1133 1142 1139
f 1143 1139 1144
f 1145 1142 1133
f 1140 1144 1141
f 1141 1144 1139
f 1141 1139 1142
f 1141 1122 1123
f 1123 1122 1121
f 1146 1147 1148
f 1073 1148 1149
f 1056 1073 1150
f 1148 1089 1149
f 1131 1134 1132
f 1133 1132 1136
f 1145 1133 1065
f 1146 1148 1151
f 1151 1148 1088
f 1073 1088 1148
f 1150 1073 1149
f 1070 1056 1150
f 1091 1150 1149
f 1089 1148 1147
f 1147 1146 1152
f 1153 1152 1154
f 1154 1152 1146
f 1154 1146 1155
f 1155 1146 1156
f 1156 1146 1151
f 1156 1151 1157
f 1157 1151 1158
f 1158 1151 1088
f 1087 1158 1088
f 1153 1098 1152
f 1152 1098 1097
f 1099 1096 1103
f 1159 1130 1069
f 1106 1105 1147
f 1106 1147 1152
f 1092 1125 1121
f 1092 1121 1120
f 1120 1122 1111
f 1122 1141 1142
f 1122 1142 1111
f 1111 1142 1145
f 1111 1145 1112
f 1112 1145 1159
f 1160 1159 1069
f 1160 1069 1161
f 1119 1162 1091
f 1119 1091 1090
f 1105 1090 1089
f 1105 1089 1147
f 1108 1106 1097
f 1143 1138 1139
f 1139 1131 1133
f 1159 1145 1065
f 1159 1065 1130
f 1069 1068 1161
f 1161 1068 1162
f 1162 1068 1070
f 1162 1070 1091
f 1091 1070 1150
f 1091 1149 1089
f 1152 1097 1106
f 1090 1105 1107
f 1090 1107 1119
f 1162 1119 1117
f 1162 1117 1161
f 1161 1117 1115
f 1161 1115 1160
f 1160 1115 1114
f 1160 1114 1159
f 1159 1114 1112
f 1111 1110 1120
f 1120 1110 735
f 735 1110 736
f 1039 1163 950
f 950 1163 951
f 1164 1165 1166
f 1166 1165 1167
f 1168 1169 1164
f 1164 1170 1171
f 1171 1170 1172
f 1171 1172 1173
f 1168 1164 1174
f 1175 1176 1166
f 1166 1176 1164
f 1164 1176 1170
f 1164 1169 1165
f 1177 1178 1179
f 1177 1180 1181
f 1182 1183 1179
f 1179 1183 1177
f 1177 1183 1184
f 1177 1181 1178
f 1180 1177 1185
f 1184 1186 1177
f 1177 1186 1187
f 1187 1186 1188
f 1189 1190 1191
f 1189 1192 1193
f 1193 1192 1194
f 1194 1192 1195
f 1189 1196 1197
f 1197 1196 1198
f 1189 1199 1190
f 1193 1200 1201
f 1193 1201 1189
f 1189 1201 1196
f 1198 1202 1197
f 1191 1192 1189
f 1203 1204 1205
f 1206 1207 1204
f 1206 1204 1208
f 1205 1204 1207
f 1206 1208 1209
f 1209 1208 1210
f 1209 1210 1211
f 1212 1213 1214
f 1210 1215 1216
f 1211 1210 1216
f 1202 1198 1217
f 1217 1198 1218
f 1219 1202 1217
f 1201 1200 1220
f 1196 1201 1221
f 1222 1196 1221
f 1198 1196 1218
f 1218 1196 1222
f 1220 1200 1193
f 1220 1193 1223
f 1223 1193 1224
f 1225 1226 1193
f 1225 1193 1194
f 1226 1224 1193
f 1227 1194 1195
f 1225 1194 1227
f 1227 1195 1228
f 1191 1190 1229
f 1192 1191 1230
f 1231 1192 1230
f 1195 1192 1231
f 1195 1231 1228
f 1229 1190 1232
f 1232 1190 1199
f 1233 1188 1186
f 1234 1188 1233
f 1233 1186 1235
f 1236 1183 1237
f 1184 1183 1236
f 1186 1184 1238
f 1186 1238 1235
f 1183 1182 1239
f 1183 1239 1237
f 1239 1182 1240
f 1241 1242 1179
f 1242 1240 1179
f 1179 1240 1182
f 1179 1178 1243
f 1241 1179 1243
f 1243 1178 1244
f 1245 1180 1246
f 1181 1180 1245
f 1178 1181 1247
f 1244 1178 1247
f 1180 1185 1248
f 1246 1180 1248
f 1248 1185 1249
f 1173 1172 1250
f 1251 1173 1250
f 1250 1172 1252
f 1175 1253 1176
f 1170 1252 1172
f 1176 1254 1170
f 1253 1175 1255
f 1255 1175 1256
f 1257 1166 1167
f 1166 1256 1175
f 1167 1165 1257
f 1257 1165 1258
f 1168 1259 1260
f 1168 1260 1169
f 1169 1260 1261
f 1165 1261 1258
f 1169 1261 1165
f 1262 1168 1174
f 1259 1168 1262
f 1263 1203 1264
f 1265 1266 1267
f 1268 1213 1212
f 1213 1268 1269
f 1268 1210 1204
f 1204 1210 1208
f 1204 1203 1263
f 1204 1263 1268
f 1268 1263 1266
f 1212 1215 1268
f 1268 1215 1210
f 1268 1266 1270
f 1270 1266 1265
f 1270 1265 1271
f 1272 1271 1265
f 1273 1271 1272
f 1213 1269 1274
f 1214 1213 1274
f 1274 1269 1275
f 1174 1164 1276
f 1171 1173 1251
f 1185 1177 1249
f 1249 1177 1277
f 1187 1277 1177
f 1187 1188 1234
f 1199 1189 1278
f 1197 1202 1219
f 819 1264 1203
f 819 1203 1205
f 819 1205 823
f 1206 851 1207
f 1207 851 823
f 1207 823 1205
f 851 1206 1209
f 851 1209 825
f 825 1209 1211
f 825 1211 1216
f 825 1216 828
f 828 1216 1215
f 1214 756 1212
f 1212 756 828
f 1212 828 1215
f 771 1219 1217
f 771 1217 772
f 772 1217 1218
f 772 1218 1222
f 772 1222 829
f 1220 808 1201
f 1201 808 1221
f 1221 808 829
f 1221 829 1222
f 808 1220 1223
f 808 1223 806
f 806 1223 1224
f 1225 799 1226
f 1226 799 1224
f 1224 799 806
f 799 1225 1227
f 799 1227 835
f 835 1227 1228
f 835 1228 1231
f 835 1231 1230
f 835 1230 836
f 1229 780 1191
f 1191 780 836
f 1191 836 1230
f 780 1229 1232
f 780 1232 781
f 781 1232 1199
f 764 1234 1233
f 764 1233 765
f 765 1233 1235
f 765 1235 1238
f 765 1238 838
f 1238 1184 838
f 1237 840 1236
f 1236 840 838
f 1236 838 1184
f 840 1237 1239
f 840 1239 1240
f 840 1240 844
f 1241 849 1242
f 1242 849 844
f 1242 844 1240
f 849 1241 1243
f 849 1243 846
f 846 1243 1244
f 846 1244 1247
f 846 1247 850
f 850 1247 1181
f 1246 767 1245
f 1245 767 850
f 1245 850 1181
f 767 1246 1248
f 767 1248 768
f 768 1248 1249
f 759 1251 1250
f 759 1250 1252
f 759 1252 748
f 748 1252 1170
f 748 1170 803
f 1170 1254 803
f 1253 793 1176
f 1176 793 1254
f 1254 793 803
f 793 1253 1255
f 793 1255 790
f 790 1255 1256
f 1257 795 1166
f 1166 795 790
f 1166 790 1256
f 795 1257 1258
f 795 1258 812
f 812 1258 1261
f 812 1261 821
f 821 1261 1260
f 1259 774 1260
f 1260 774 821
f 774 1259 1262
f 774 1262 778
f 778 1262 1174
f 754 1265 1267
f 754 1267 813
f 1267 1266 813
f 1264 819 1263
f 1263 819 813
f 1263 813 1266
f 1269 1268 1275
f 1275 1268 1279
f 1270 1271 1273
f 753 1273 1272
f 753 1272 754
f 754 1272 1265
f 756 1214 1274
f 756 1274 1275
f 756 1275 757
f 1280 1171 759
f 759 1171 1251
f 778 1174 1276
f 778 1276 1280
f 1280 1276 1164
f 1280 1164 1171
f 1234 764 1187
f 1187 764 1281
f 1187 1281 1277
f 1277 1281 768
f 1277 768 1249
f 1282 1197 1219
f 1282 1219 771
f 781 1199 1278
f 781 1278 1282
f 1282 1278 1189
f 1282 1189 1197
f 1273 753 1270
f 1270 753 1283
f 1270 1283 1268
f 1268 1283 1279
f 1279 1283 757
f 1279 757 1275
f 775 425 451
f 775 451 797
f 797 451 450
f 797 450 449
f 797 449 752
f 752 449 971
f 752 971 753
f 971 970 753
f 753 970 968
f 753 968 1283
f 1283 968 960
f 1283 960 757
f 757 960 958
f 757 958 755
f 958 956 755
f 956 934 755
f 755 934 782
f 782 934 932
f 782 932 931
f 782 931 770
f 931 928 770
f 770 928 771
f 771 928 926
f 907 781 908
f 908 781 1282
f 908 1282 926
f 926 1282 771
f 911 779 907
f 907 779 781
f 779 911 882
f 779 882 785
f 785 882 884
f 785 884 887
f 785 887 763
f 763 887 876
f 763 876 764
f 876 878 764
f 764 878 881
f 764 881 1281
f 1281 881 864
f 1281 864 768
f 768 864 862
f 768 862 766
f 862 860 766
f 860 986 766
f 766 986 832
f 986 985 832
f 985 984 832
f 832 984 758
f 984 398 758
f 758 398 399
f 758 399 759
f 759 399 400
f 759 400 1280
f 1280 400 423
f 1280 423 778
f 778 423 424
f 778 424 775
f 775 424 425
f 992 1284 903
f 903 1284 1285
f 903 1285 1286
f 903 1286 886
f 903 886 885
f 951 1163 1287
f 1287 1288 930
f 1287 930 951
f 951 930 933
f 1003 448 998
f 998 448 447
f 987 995 988
f 988 995 1004
f 1051 1022 990
f 990 1022 991
f 976 1013 977
f 977 1013 1023
f 1042 1029 974
f 975 974 1029
f 952 1010 953
f 953 1010 1030
f 1007 1288 1041
f 1041 1288 1287
f 945 1016 946
f 946 1016 1017
f 924 922 1027
f 1027 922 1018
f 943 1045 1026
f 943 1026 944
f 1020 921 1043
f 1043 921 920
f 904 1009 905
f 905 1009 1021
f 1006 1286 1032
f 1032 1286 1285
f 899 897 1012
f 899 1012 1014
f 1005 896 1031
f 1031 896 895
f 875 874 1008
f 875 1008 1024
f 996 872 1011
f 1011 872 873
f 994 1000 855
f 855 1000 856
f 1000 469 1289
f 1289 469 460
f 460 462 1289
f 1289 462 856
f 1289 856 1000
f 866 865 1011
f 871 866 873
f 866 1011 873
f 869 1024 870
f 1024 869 875
f 894 891 1031
f 890 891 894
f 1031 895 894
f 898 1014 893
f 893 1014 892
f 898 899 1014
f 1284 1032 1285
f 992 993 1284
f 1284 993 1032
f 902 1021 900
f 906 905 1021
f 906 1021 902
f 919 1043 920
f 919 913 1043
f 914 913 919
f 917 918 923
f 923 1027 917
f 923 924 1027
f 942 1045 943
f 942 938 1045
f 936 938 942
f 941 940 947
f 947 946 1017
f 947 1017 941
f 1163 1041 1287
f 1039 1041 1163
f 949 948 954
f 954 1030 949
f 953 1030 954
f 973 961 1042
f 962 961 973
f 973 1042 974
f 977 1023 965
f 965 1023 966
f 1004 989 988
f 989 1004 983
f 989 983 978
f 1290 441 998
f 1290 447 439
f 1290 439 442
f 998 447 1290
f 441 1290 442
f 981 982 1051
f 1051 990 981
f 859 872 860
f 860 872 996
f 857 986 855
f 855 986 994
f 880 896 1005
f 881 880 1005
f 1008 863 864
f 863 1008 874
f 1006 887 886
f 1006 886 1286
f 1012 897 876
f 876 897 877
f 911 921 1020
f 911 910 921
f 1009 883 882
f 883 1009 904
f 926 944 1026
f 925 944 926
f 909 908 922
f 922 908 1018
f 1007 931 930
f 930 1288 1007
f 929 928 945
f 945 928 1016
f 1029 955 975
f 956 955 1029
f 935 934 952
f 1010 952 934
f 1013 959 960
f 959 1013 976
f 446 448 449
f 449 448 1003
f 995 972 971
f 995 987 972
f 967 991 1022
f 968 967 1022
f 1291 811 822
f 1291 822 1292
f 1292 822 777
f 1292 777 1293
f 1294 776 1295
f 1295 776 802
f 1295 802 1296
f 1296 802 801
f 1296 801 1297
f 1297 801 787
f 1298 786 814
f 1298 814 1299
f 1299 814 820
f 1299 820 1300
f 1300 820 824
f 1300 824 1301
f 1301 824 842
f 1301 842 1302
f 842 744 1302
f 1302 744 1303
f 747 796 1304
f 1304 796 1305
f 1305 796 805
f 1305 805 1306
f 1306 805 811
f 1306 811 1291
f 1293 1294 1300
f 1300 1294 1299
f 1300 1291 1292
f 1299 1294 1295
f 1299 1295 1296
f 1300 1292 1293
f 1306 1301 1302
f 1301 1306 1300
f 1300 1306 1291
f 1302 1305 1306
f 1303 1305 1302
f 1299 1296 1297
f 1299 1297 1298
f 1303 1304 1305
f 1307 783 830
f 1307 830 1308
f 1308 830 807
f 1308 807 1309
f 1309 807 1310
f 1310 807 800
f 1310 800 1311
f 800 751 1311
f 1311 751 1312
f 743 745 1313
f 1313 745 1314
f 1314 745 827
f 1314 827 1315
f 1315 827 826
f 1315 826 1316
f 1316 826 1317
f 1317 826 789
f 1317 789 1318
f 1319 788 1320
f 1320 788 810
f 1320 810 1321
f 1321 810 809
f 1321 809 1322
f 1322 809 784
f 1316 1309 1315
f 1317 1321 1316
f 1316 1321 1322
f 1321 1317 1318
f 1321 1318 1320
f 1308 1309 1316
f 1311 1314 1310
f 1315 1309 1310
f 1316 1322 1307
f 1318 1319 1320
f 1316 1307 1308
f 1314 1311 1313
f 1313 1311 1312
f 1310 1314 1315
f 1323 817 839
f 1323 839 1324
f 1324 839 841
f 1324 841 1325
f 1325 841 843
f 1325 843 1326
f 1326 843 845
f 1326 845 1327
f 845 740 1327
f 1327 740 1328
f 746 760 1329
f 1329 760 1330
f 1330 760 773
f 1330 773 1331
f 1331 773 762
f 1331 762 761
f 1331 761 1332
f 1332 761 769
f 1332 769 1333
f 1334 798 1335
f 1335 798 834
f 1335 834 1336
f 1336 834 833
f 1336 833 1337
f 1337 833 818
f 1325 1334 1324
f 1333 1334 1325
f 1327 1330 1331
f 1325 1331 1332
f 1325 1332 1333
f 1331 1326 1327
f 1324 1334 1335
f 1324 1335 1336
f 1331 1325 1326
f 1324 1336 1337
f 1324 1337 1323
f 1328 1329 1330
f 1328 1330 1327
f 1338 749 804
f 1338 804 1339
f 1339 804 794
f 1339 794 1340
f 1340 794 792
f 1340 792 1341
f 1341 792 791
f 1341 791 1342
f 791 742 1342
f 1342 742 1343
f 741 852 1344
f 1344 852 1345
f 1345 852 848
f 1345 848 1346
f 1346 848 847
f 1346 847 1347
f 1347 847 1348
f 1348 847 816
f 1348 816 1349
f 1350 815 1351
f 1351 815 831
f 1351 831 1352
f 1352 831 837
f 1352 837 1353
f 1353 837 750
f 1346 1347 1340
f 1352 1348 1349
f 1352 1349 1351
f 1340 1347 1339
f 1353 1347 1352
f 1352 1347 1348
f 1347 1338 1339
f 1346 1340 1341
f 1346 1341 1342
f 1347 1353 1338
f 1349 1350 1351
f 1345 1342 1344
f 1344 1342 1343
f 1342 1345 1346
f 1349 816 815
f 1349 815 1350
f 1343 742 741
f 1343 741 1344
f 1353 750 749
f 1353 749 1338
f 1333 769 1334
f 1334 769 798
f 746 1329 740
f 740 1329 1328
f 1337 818 1323
f 1323 818 817
f 1318 789 788
f 1318 788 1319
f 1312 751 1313
f 1313 751 743
f 1322 784 1307
f 1307 784 783
f 747 1304 1303
f 747 1303 744
f 1297 787 786
f 1297 786 1298
f 1293 777 1294
f 1294 777 776
f 571 430 368
f 368 430 367
f 571 368 518
f 518 368 1354
f 518 1354 521
f 38 69 337
f 337 14 13
f 337 13 38
f 1355 513 114
f 114 513 85
f 85 513 83
f 114 1356 1357
f 325 337 513
f 513 337 69
f 513 69 68
f 68 324 322
f 38 313 312
f 38 312 69
f 322 83 68
f 68 83 513
f 14 328 327
f 14 337 336
f 14 336 328
f 114 1357 1358
f 317 313 38
f 322 323 83
f 114 1358 1355
f 371 372 455
f 531 1359 532
f 532 1359 371
f 532 371 455
f 1360 1361 1362
f 1362 1361 1363
f 1362 1363 1364
f 1362 1364 1365
f 1365 1364 1366
f 1365 1366 1367
f 1367 1366 1368
f 1367 1368 1369
f 1369 1368 1370
f 1369 1370 1371
f 1371 1370 1372
f 1371 1372 1373
f 1373 1372 1374
f 1373 1374 1360
f 1360 1374 1361
f 1360 1362 1365
f 1367 1369 1373
f 1360 1365 1373
f 1373 1365 1367
f 1373 1369 1371
f 1375 1376 1377
f 1377 1376 1378
f 1377 1378 1379
f 1379 1378 1380
f 1379 1380 1381
f 1379 1381 1382
f 1382 1381 1383
f 1382 1383 1384
f 1382 1384 1385
f 1385 1384 1375
f 1375 1384 1376
f 1386 1387 1388
f 1386 1388 1389
f 1389 1388 1390
f 1389 1390 1391
f 1391 1390 1392
f 1391 1392 1393
f 1391 1393 1394
f 1394 1393 1395
f 1394 1395 1396
f 1396 1395 1397
f 1396 1397 1398
f 1398 1397 1387
f 1398 1387 1386
f 1399 1400 1401
f 1401 1400 1402
f 1401 1402 1403
f 1403 1402 1404
f 1403 1404 1405
f 1403 1405 1406
f 1406 1405 1407
f 1406 1407 1408
f 1406 1408 1409
f 1409 1408 1410
f 1409 1410 1411
f 1411 1410 1412
f 1411 1412 1399
f 1399 1412 1400
f 1399 1401 1403
f 1406 1409 1411
f 1399 1403 1411
f 1411 1403 1406
f 1376 564 1378
f 1378 564 563
f 1378 563 1380
f 1380 563 562
f 1380 562 1381
f 1381 562 561
f 1381 561 1383
f 1383 561 560
f 1383 560 1384
f 1384 560 564
f 1384 564 1376
f 1387 568 1388
f 1388 568 570
f 1388 570 1390
f 1390 570 567
f 1390 567 1392
f 1392 567 1393
f 1393 567 566
f 1393 566 1395
f 1395 566 569
f 1395 569 1397
f 1397 569 568
f 1397 568 1387
f 1366 524 1368
f 1368 524 533
f 1361 526 1363
f 1363 526 525
f 1363 525 1364
f 1364 525 524
f 1364 524 1366
f 1368 533 1370
f 1370 533 528
f 1370 528 1372
f 1372 528 1374
f 1374 528 527
f 1374 527 1361
f 1361 527 526
f 1407 522 1408
f 1408 522 520
f 1408 520 1410
f 1410 520 519
f 1410 519 1412
f 1405 514 1407
f 1407 514 522
f 517 1400 519
f 519 1400 1412
f 1400 517 1402
f 1402 517 515
f 1402 515 1404
f 1404 515 514
f 1404 514 1405
f 1398 1394 1396
f 1398 1391 1394
f 1398 1389 1391
f 1398 1386 1389
f 1375 1382 1385
f 1375 1379 1382
f 1375 1377 1379
f 516 1413 1414
f 1415 530 1416
f 1416 530 516
f 1417 417 409
f 1417 1414 401
f 1417 401 405
f 1417 407 417
f 1418 386 389
f 1417 405 407
f 1414 1417 516
f 516 1417 1418
f 516 1418 1416
f 1416 1418 393
f 1416 393 378
f 1418 389 391
f 1418 391 393
f 443 1419 361
f 361 435 437
f 361 437 443
f 361 363 435
f 403 402 1420
f 1421 422 413
f 1421 413 415
f 1421 415 403
f 1421 403 1420
f 1413 362 361
f 368 365 1354
f 362 1413 1354
f 362 1354 365
f 361 1420 1413
f 1413 1420 1414
f 1421 451 425
f 1421 1419 451
f 1419 1421 361
f 361 1421 1420
f 410 418 1422
f 410 1422 1423
f 408 410 1423
f 1424 385 388
f 1424 388 1425
f 1425 388 387
f 1425 1417 1423
f 1417 1425 1418
f 423 400 1424
f 1422 423 1424
f 1425 1423 1424
f 1424 1423 1422
f 853 465 1426
f 1426 465 466
f 1426 466 375
f 375 466 374
f 381 395 1427
f 379 381 1427
f 376 379 1428
f 1428 379 1427
f 1359 369 371
f 1428 375 373
f 373 1359 1415
f 1415 1416 1429
f 369 1359 373
f 1427 984 1426
f 984 1427 398
f 1428 373 1415
f 1428 1415 1429
f 375 1428 1426
f 1426 1428 1427
f 189 513 1430
f 1356 1431 1357
f 186 192 1432
f 179 181 1433
f 190 189 1430
f 190 1430 1434
f 190 1434 192
f 192 1434 1432
f 186 1432 1435
f 186 1435 183
f 184 183 1436
f 184 1436 181
f 183 1435 1436
f 181 1436 1357
f 181 1357 1433
f 1434 1430 1437
f 1434 1437 1355
f 1434 1355 1432
f 1432 1355 1435
f 1435 1355 1358
f 1433 1357 1431
f 1430 513 1437
f 1435 1358 1436
f 1436 1358 1357
f 1355 1437 513
f 530 1415 531
f 531 1415 1359
f 1413 516 1354
f 1354 516 521
f 376 1428 377
f 377 1428 1429
f 377 1429 378
f 378 1429 1416
f 1414 1420 404
f 1414 404 401
f 1420 402 404
f 1425 386 1418
f 1425 387 386
f 1417 408 1423
f 1417 409 408
f 1426 984 853
f 984 854 853
f 394 398 395
f 395 398 1427
f 1424 397 385
f 400 397 1424
f 400 396 397
f 1422 419 423
f 1422 420 419
f 420 1422 418
f 425 421 1421
f 1421 421 422
f 444 451 1419
f 444 1419 443
f 1438 1439 1440
f 1441 1438 1442
f 1443 1444 1445
f 1446 1447 1448
f 1448 1447 1449
f 1450 1451 1452
f 1452 1451 1447
f 1447 1451 1449
f 1452 1453 1450
f 1450 1453 1454
f 1455 1438 1441
f 1455 1441 1456
f 1445 1457 1458
f 1445 1444 1459
f 1444 1460 1459
f 1459 1460 1461
f 1455 1462 1438
f 1438 1462 1463
f 1463 1462 1450
f 1463 1450 1464
f 1459 1457 1445
f 1443 1445 1465
f 1443 1465 1466
f 1466 1465 1467
f 1466 1467 1468
f 1438 1440 1469
f 1469 1442 1438
f 1470 1464 1450
f 1470 1450 1454
f 1456 1441 547
f 547 1441 551
f 1466 1448 1449
f 1461 538 1459
f 1459 538 539
f 1466 1468 1448
f 538 1461 480
f 480 1461 481
f 1456 486 485
f 1456 485 1455
f 1455 485 483
f 1455 483 1462
f 1462 483 488
f 1462 488 1450
f 1450 488 490
f 1450 490 1451
f 1451 490 510
f 1451 510 1449
f 1449 510 505
f 1449 505 1466
f 1466 505 497
f 1466 497 1443
f 1443 497 500
f 1443 500 1444
f 1444 500 494
f 1444 494 1460
f 1460 494 481
f 1460 481 1461
f 508 486 1456
f 508 1456 547
f 1471 1472 1473
f 1471 1473 1474
f 1474 1473 1475
f 1475 1473 1476
f 1475 1476 1477
f 1475 1477 1478
f 1478 1477 1479
f 1478 1479 1480
f 1480 1479 1481
f 1480 1481 1471
f 1471 1481 1472
f 1480 1474 1475
f 1480 1471 1474
f 1475 1478 1480
f 1482 1483 1484
f 1482 1484 1485
f 1485 1484 1486
f 1485 1486 1487
f 1487 1486 1488
f 1487 1488 1489
f 1489 1488 1490
f 1489 1490 1491
f 1491 1490 1492
f 1491 1492 1493
f 1493 1492 1494
f 1493 1494 1483
f 1493 1483 1482
f 1493 1482 1485
f 1485 1491 1493
f 1489 1491 1485
f 1485 1487 1489
f 1472 548 1473
f 1473 548 552
f 1473 552 554
f 1473 554 1476
f 1476 554 553
f 1476 553 1477
f 1477 553 550
f 1477 550 1479
f 1479 550 549
f 1479 549 1481
f 1481 549 548
f 1481 548 1472
f 1483 537 1484
f 1484 537 536
f 1484 536 1486
f 1486 536 1488
f 1488 536 535
f 1488 535 1490
f 1490 535 534
f 1490 534 1492
f 1492 534 540
f 1492 540 1494
f 1494 540 1483
f 1483 540 537
f 71 74 1495
f 71 1495 1496
f 1497 70 76
f 76 1498 1497
f 49 52 1499
f 1499 52 242
f 1499 242 1500
f 1500 242 241
f 1501 308 1502
f 1502 308 309
f 1502 309 51
f 51 309 53
f 102 88 209
f 209 88 1503
f 209 1503 1504
f 209 1504 210
f 1505 125 123
f 1505 123 1506
f 103 1506 123
f 546 1507 1508
f 103 1509 1506
f 546 1510 1507
f 125 1505 1508
f 1508 1505 546
f 1511 1509 103
f 126 1512 1513
f 1514 124 1513
f 126 1513 124
f 1512 126 1515
f 124 1514 104
f 1512 545 544
f 1512 1515 1516
f 104 1514 1517
f 1516 545 1512
f 145 106 101
f 145 101 144
f 121 1518 1519
f 1518 121 119
f 108 1520 119
f 119 1520 1518
f 121 1519 542
f 121 542 1521
f 542 1522 1521
f 542 577 1522
f 108 1523 1520
f 122 1524 120
f 1525 1526 576
f 1527 120 1524
f 120 1527 107
f 107 1527 1528
f 1525 1529 1530
f 1529 1525 122
f 122 1525 1524
f 1530 1526 1525
f 160 109 161
f 161 109 105
f 1531 1532 117
f 115 1533 117
f 117 1533 1531
f 1533 115 1534
f 117 1532 1535
f 110 1536 115
f 115 1536 1534
f 1532 1537 1535
f 1538 1536 110
f 575 1539 1532
f 1532 1539 1537
f 1540 578 1541
f 118 1542 116
f 116 1542 1543
f 1544 112 1545
f 1546 1547 1541
f 1546 1541 118
f 118 1541 1542
f 116 1543 1545
f 116 1545 112
f 1547 1540 1541
f 1548 113 111
f 1549 1548 111
f 96 95 1550
f 1550 95 310
f 1550 310 1551
f 1551 310 301
f 86 84 1552
f 1552 84 1553
f 100 218 80
f 80 218 221
f 223 81 221
f 221 81 80
f 81 223 75
f 75 223 217
f 306 127 55
f 55 307 306
f 127 306 94
f 94 306 304
f 94 304 302
f 94 302 92
f 234 129 237
f 237 129 42
f 129 234 240
f 129 240 77
f 232 39 41
f 232 41 225
f 225 41 226
f 226 41 47
f 72 229 226
f 72 226 47
f 2 5 296
f 296 298 2
f 15 1554 6
f 6 1554 1555
f 1 357 10
f 10 357 340
f 37 36 1556
f 1556 36 1557
f 1558 18 16
f 262 1559 1558
f 262 1558 261
f 261 1558 16
f 1560 239 1561
f 1561 239 238
f 1561 238 17
f 17 238 31
f 21 1562 1563
f 19 1562 21
f 21 1563 1564
f 19 1565 1562
f 1563 559 1566
f 11 1565 19
f 1567 1568 11
f 11 1568 1565
f 1563 1566 1564
f 22 1569 20
f 22 1570 1569
f 1571 557 1570
f 1572 1573 12
f 20 1569 1574
f 20 1574 12
f 12 1574 1572
f 1575 1571 1570
f 1570 1576 1575
f 1570 22 1576
f 1577 584 1578
f 27 1579 1580
f 27 1580 29
f 29 1580 1577
f 1579 27 8
f 1579 8 1581
f 29 1577 1582
f 1577 1578 1582
f 1583 30 1584
f 1583 1585 28
f 30 1583 28
f 1584 1586 582
f 1587 1584 30
f 28 1585 7
f 7 1585 1588
f 1589 1586 1584
f 1584 1587 1589
f 1590 25 1591
f 1591 25 23
f 1591 23 1592
f 25 1590 1593
f 1593 1590 580
f 1592 23 3
f 1594 1592 3
f 1595 1593 580
f 1596 24 26
f 1596 26 1597
f 26 1598 1597
f 1598 1599 579
f 1596 1600 24
f 24 1600 4
f 1601 1598 26
f 4 1600 1602
f 1603 1599 1598
f 1598 1601 1603
f 125 1508 126
f 126 1508 1515
f 121 1521 122
f 122 1521 1529
f 117 1535 118
f 118 1535 1546
f 21 1564 22
f 22 1564 1576
f 29 1582 30
f 30 1582 1587
f 25 1593 26
f 26 1593 1601
f 1604 1605 1606
f 1607 1608 1605
f 1605 1608 1609
f 1605 1604 1607
f 1606 1610 1604
f 1611 1610 1606
f 1612 1613 1611
f 1611 1613 1610
f 1614 1615 1611
f 1606 1616 1611
f 1611 1616 1614
f 1605 1609 1606
f 1612 1611 1615
f 1607 35 1608
f 1608 35 32
f 44 1604 132
f 132 1604 1610
f 132 1610 78
f 78 1610 1613
f 130 1606 43
f 43 1606 1609
f 1614 1616 54
f 54 1616 130
f 130 1616 1606
f 1615 56 58
f 1615 58 1612
f 1617 1618 1619
f 1620 1621 1622
f 1623 1620 1622
f 1624 1625 1622
f 1622 1625 1623
f 1618 1625 1624
f 1618 1626 1625
f 1618 1617 1626
f 1626 1617 1627
f 1617 34 1627
f 1627 34 33
f 1625 1626 131
f 131 1626 45
f 1623 1625 61
f 61 1625 131
f 48 1624 46
f 46 1624 1622
f 1619 1618 40
f 40 1618 48
f 48 1618 1624
f 1620 63 65
f 1620 65 1621
f 1628 1629 1630
f 1631 1632 1633
f 1632 1634 1633
f 1635 1636 1632
f 1631 1637 1632
f 1632 1637 1635
f 1637 1631 1630
f 1637 1630 1629
f 1638 1639 1629
f 1629 1639 1640
f 1636 1634 1632
f 1629 1628 1638
f 1630 128 1628
f 1628 128 93
f 1633 60 1631
f 1631 60 128
f 1631 128 1630
f 1637 1629 133
f 133 1629 98
f 98 1629 1640
f 62 1635 1637
f 62 1637 133
f 90 1639 1638
f 90 1638 91
f 1636 59 1634
f 1634 59 57
f 1641 1642 1643
f 1641 1643 1644
f 1645 1642 1641
f 1645 1641 1646
f 1646 1641 1647
f 1646 1647 1648
f 1649 1648 1650
f 1648 1651 1652
f 1648 1652 1650
f 1648 1647 1651
f 1641 1644 1653
f 1641 1653 1647
f 97 1645 1646
f 97 1646 134
f 1648 134 1646
f 1649 67 1648
f 1648 67 134
f 1644 99 79
f 82 1647 1653
f 82 1653 79
f 79 1653 1644
f 73 1651 82
f 82 1651 1647
f 1642 89 87
f 1642 87 1643
f 1652 66 1650
f 1650 66 64
f 1576 1564 1566
f 1576 1566 1575
f 1575 1566 1571
f 1571 1566 559
f 1571 559 557
f 1601 1593 1595
f 1601 1595 1603
f 1603 1595 1599
f 1599 1595 580
f 1599 580 579
f 1587 1582 1578
f 1587 1578 1589
f 1589 1578 1586
f 1586 1578 584
f 1586 584 582
f 546 545 1510
f 1516 1510 545
f 1515 1508 1516
f 1516 1508 1507
f 1516 1507 1510
f 1530 1522 1526
f 1526 1522 577
f 1526 577 576
f 1529 1521 1530
f 1530 1521 1522
f 575 578 1539
f 1547 1539 1540
f 1540 1539 578
f 1546 1535 1547
f 1547 1535 1537
f 1547 1537 1539
f 1548 1654 113
f 113 1654 1655
f 113 1655 114
f 1655 1356 114
f 1544 1656 112
f 112 1656 111
f 1656 1657 111
f 1549 111 1657
f 188 187 1658
f 1658 578 188
f 578 1658 1541
f 1659 1544 1660
f 1660 1544 1545
f 177 1659 178
f 178 1659 1660
f 180 1660 1661
f 194 180 1661
f 1662 1663 1543
f 178 1660 180
f 182 194 1663
f 1663 194 1661
f 1545 1661 1660
f 185 1662 1542
f 1542 1662 1543
f 1663 1661 1545
f 193 185 1542
f 185 182 1662
f 1662 182 1663
f 1543 1663 1545
f 1542 1541 1664
f 1542 1664 193
f 193 1664 191
f 1664 1658 187
f 1664 187 191
f 1541 1658 1664
f 1665 1666 1667
f 1654 1665 1655
f 1548 1665 1654
f 1431 1356 1655
f 1667 1431 1655
f 179 1433 1431
f 179 1431 1666
f 1666 1431 1667
f 1665 1667 1655
f 1668 1549 1657
f 1669 1668 1657
f 1670 1668 1669
f 1669 1657 1659
f 1659 1657 1656
f 1659 1656 1544
f 177 1670 1669
f 177 1669 1659
f 1548 1549 1668
f 1548 1668 1665
f 1665 1668 1666
f 1666 1668 1670
f 1666 1670 179
f 179 1670 177
f 83 323 1671
f 83 1671 84
f 84 1671 1553
f 320 1671 323
f 320 219 1553
f 320 1553 1671
f 1552 218 100
f 86 1552 100
f 219 1552 1553
f 1552 219 218
f 14 327 1672
f 1554 15 1672
f 1672 15 14
f 267 270 1673
f 270 583 1673
f 267 1673 1674
f 267 1674 271
f 273 271 1675
f 273 1675 275
f 279 275 1676
f 279 1676 277
f 263 277 1677
f 263 1677 264
f 264 1677 1678
f 271 1674 1675
f 275 1675 1676
f 1676 1679 277
f 277 1679 1677
f 1678 1677 1680
f 1673 583 1577
f 1673 1577 1674
f 1675 1674 1580
f 1676 1675 1579
f 1676 1579 1679
f 1677 1679 1680
f 1680 1679 1581
f 583 584 1577
f 1674 1577 1580
f 1675 1580 1579
f 1679 1579 1581
f 6 1555 1681
f 6 1681 8
f 8 1681 1682
f 8 1682 1581
f 326 1683 327
f 327 1683 1672
f 1672 1684 1554
f 1684 1672 1683
f 1683 326 330
f 1684 1683 1685
f 1685 1683 330
f 1682 1681 1686
f 1686 1680 1682
f 1678 1687 264
f 1681 1555 1688
f 1681 1688 1686
f 1686 1688 1687
f 1687 1678 1686
f 1686 1678 1680
f 1680 1581 1682
f 1688 1685 1687
f 1687 1685 330
f 1687 330 264
f 265 264 330
f 1684 1685 1688
f 1684 1688 1555
f 1684 1555 1554
f 70 1497 1689
f 70 1689 68
f 68 1689 324
f 318 324 1690
f 318 1690 216
f 324 1689 1690
f 1690 1689 1497
f 75 217 1498
f 75 1498 76
f 1497 1498 1690
f 1690 1498 217
f 1690 217 216
f 69 312 1691
f 69 1691 74
f 74 1691 1495
f 230 1692 311
f 311 1692 1691
f 311 1691 312
f 1692 1495 1691
f 72 71 229
f 229 71 1496
f 230 229 1692
f 1692 229 1496
f 1692 1496 1495
f 37 1556 1693
f 37 1693 317
f 37 317 38
f 317 1693 316
f 316 1693 1694
f 316 1694 231
f 1694 1693 1556
f 1557 36 232
f 232 36 39
f 232 231 1694
f 232 1694 1557
f 1556 1557 1694
f 110 160 1538
f 160 110 109
f 1695 1538 160
f 575 1696 176
f 158 1697 169
f 159 165 1695
f 172 176 1696
f 172 1696 171
f 158 171 1697
f 169 1697 1533
f 169 1533 1698
f 169 1698 166
f 166 1698 1534
f 166 1534 165
f 165 1534 1536
f 165 1536 1695
f 159 1695 160
f 1696 575 1532
f 1696 1532 171
f 171 1532 1697
f 1697 1532 1531
f 1697 1531 1533
f 1695 1536 1538
f 1698 1533 1534
f 106 1699 108
f 108 1699 1523
f 106 145 1699
f 153 542 1700
f 150 1701 152
f 138 1702 148
f 142 141 1703
f 145 142 1699
f 138 136 1702
f 146 1704 141
f 150 153 1700
f 150 1700 1701
f 152 1701 136
f 148 1520 146
f 146 1520 1704
f 141 1704 1703
f 142 1703 1699
f 136 1701 1705
f 1701 1700 1519
f 136 1705 1702
f 1702 1518 148
f 148 1518 1520
f 1702 1705 1518
f 1703 1523 1699
f 1700 542 1519
f 1701 1519 1705
f 1704 1520 1523
f 1704 1523 1703
f 1705 1519 1518
f 105 1706 161
f 107 1528 105
f 105 1528 1706
f 1707 175 174
f 175 1707 576
f 576 1707 1525
f 1708 1528 1527
f 1709 1528 1708
f 1706 1528 1709
f 1710 1708 1711
f 162 1706 1709
f 1524 1711 1527
f 1712 1711 1524
f 162 161 1706
f 164 1709 1708
f 164 1708 167
f 167 1708 1710
f 168 1710 1711
f 163 162 1709
f 163 1709 164
f 167 1710 168
f 168 1711 1713
f 170 168 1713
f 170 1713 156
f 1712 156 1713
f 1527 1711 1708
f 1714 157 1712
f 1714 1712 1525
f 1525 1712 1524
f 1713 1711 1712
f 156 1712 157
f 1525 1707 1714
f 1714 1707 174
f 1714 174 173
f 157 1714 173
f 101 1715 144
f 1715 101 104
f 104 1517 1715
f 1716 544 154
f 143 1715 1717
f 143 1717 140
f 144 1715 143
f 1718 140 1717
f 1717 1715 1517
f 147 140 1718
f 1719 147 1718
f 1718 1717 1517
f 1720 155 147
f 1720 147 1719
f 139 155 1720
f 1721 139 1720
f 1514 1719 1718
f 1514 1718 1517
f 137 139 1721
f 1720 1719 1514
f 1722 1513 1512
f 135 137 1722
f 1722 137 1721
f 1513 1721 1720
f 151 1722 1723
f 1723 1722 1512
f 151 135 1722
f 1513 1720 1514
f 149 151 1723
f 1513 1722 1721
f 1512 544 1723
f 1723 544 1716
f 1723 1716 149
f 149 1716 154
f 1511 103 209
f 209 103 102
f 196 195 1724
f 196 1724 201
f 195 212 1725
f 195 1726 1724
f 201 1724 1727
f 201 1727 1728
f 201 1728 211
f 203 211 1729
f 203 1729 206
f 206 1730 208
f 212 214 1725
f 195 1725 1726
f 206 1729 1509
f 206 1509 1730
f 209 208 1511
f 214 546 1725
f 211 1728 1729
f 208 1730 1511
f 1724 1726 1727
f 1726 1725 1505
f 1727 1726 1505
f 1727 1505 1728
f 1728 1505 1506
f 1728 1506 1729
f 1730 1509 1511
f 1729 1506 1509
f 1505 1725 546
f 1464 1470 239
f 1464 239 1560
f 241 1452 1500
f 1452 241 1453
f 236 239 1731
f 1731 239 1470
f 1731 1470 1454
f 235 236 1731
f 235 1731 1732
f 1732 1731 1454
f 233 235 1732
f 1454 1453 241
f 1454 241 1732
f 1732 241 233
f 1446 1501 1447
f 1501 1446 308
f 1551 301 1733
f 1733 1467 1551
f 1468 1467 1733
f 1446 1734 308
f 301 303 1733
f 1733 303 1735
f 1733 1735 1468
f 1448 1468 1735
f 1448 1735 1736
f 1736 1735 303
f 1736 303 305
f 1448 1736 1734
f 1734 1736 305
f 305 308 1734
f 1448 1734 1446
f 1458 210 1445
f 1445 210 1504
f 1737 1458 1457
f 1738 1739 1459
f 1740 1457 1739
f 1741 1459 539
f 1459 1739 1457
f 207 1737 205
f 199 1738 197
f 207 210 1737
f 204 205 1740
f 204 1740 202
f 202 1740 200
f 200 1740 1739
f 199 200 1738
f 197 1738 1741
f 197 1741 198
f 198 1741 213
f 210 1458 1737
f 205 1737 1457
f 205 1457 1740
f 200 1739 1738
f 1738 1459 1741
f 213 1741 539
f 1742 1441 1442
f 249 551 1441
f 249 1441 1742
f 1743 1742 1442
f 255 1743 1744
f 251 551 249
f 252 1742 1743
f 252 1743 255
f 246 249 1742
f 246 1742 252
f 245 255 1744
f 245 1744 243
f 1745 243 1744
f 1469 1744 1743
f 1469 1743 1442
f 1744 1469 1745
f 243 1745 259
f 1440 1745 1469
f 1746 1440 1439
f 1746 1439 260
f 260 1439 262
f 260 259 1745
f 1745 1440 1746
f 1746 260 1745
f 1439 1438 1559
f 1439 1559 262
f 1567 11 10
f 10 340 1567
f 352 559 1563
f 1747 1562 1748
f 1748 1562 1565
f 1749 352 1563
f 1748 1565 1750
f 346 1749 1563
f 346 1563 347
f 347 1563 1562
f 347 1562 1747
f 345 1748 1750
f 345 1750 341
f 350 352 1749
f 354 347 1747
f 354 1747 359
f 359 1747 1748
f 350 1749 346
f 359 1748 345
f 343 345 341
f 1568 1567 1751
f 1751 1567 340
f 1750 1565 1568
f 339 1751 340
f 1568 1751 341
f 341 1751 339
f 1568 341 1750
f 1573 261 9
f 16 9 261
f 12 1573 9
f 248 1752 250
f 1752 557 250
f 1752 248 247
f 1753 253 254
f 256 1753 254
f 1754 256 244
f 1754 244 258
f 1755 258 257
f 258 1755 1572
f 258 1572 1754
f 256 1754 1574
f 256 1574 1753
f 253 1753 1569
f 253 1569 247
f 247 1569 1756
f 247 1756 1752
f 261 1573 1755
f 1755 1573 1572
f 1754 1572 1574
f 1753 1574 1569
f 1752 1756 1570
f 1752 1570 557
f 1756 1569 1570
f 257 261 1755
f 3 1757 1594
f 2 298 1757
f 2 1757 3
f 289 580 1590
f 284 287 1758
f 284 1758 285
f 282 285 1759
f 282 1759 280
f 280 1760 292
f 292 1760 1761
f 292 1761 299
f 299 1761 1762
f 299 1762 295
f 295 1763 298
f 287 289 1764
f 287 1764 1758
f 285 1758 1759
f 280 1759 1760
f 295 1762 1763
f 298 1763 1757
f 1764 1590 1758
f 1758 1765 1759
f 1764 289 1590
f 1758 1590 1765
f 1759 1765 1591
f 1760 1759 1592
f 1760 1592 1761
f 1761 1592 1762
f 1762 1592 1766
f 1762 1766 1763
f 1763 1594 1757
f 1759 1591 1592
f 1763 1766 1594
f 1594 1766 1592
f 1591 1765 1590
f 1602 1767 4
f 1767 357 1
f 4 1767 1
f 351 1768 579
f 338 1767 1769
f 338 1769 342
f 338 357 1767
f 344 342 1769
f 358 344 1770
f 1769 1767 1602
f 1600 1769 1602
f 1770 344 1600
f 1600 344 1769
f 360 358 1771
f 1771 358 1770
f 360 1771 356
f 355 1772 1597
f 1597 1772 1596
f 1771 1770 1600
f 1596 1771 1600
f 348 355 1597
f 1772 356 1771
f 355 356 1772
f 1772 1771 1596
f 353 348 1597
f 353 1597 1598
f 1598 1768 353
f 353 1768 349
f 1598 579 1768
f 1768 351 349
f 5 1588 296
f 7 1588 5
f 288 290 582
f 582 290 1773
f 582 1773 1584
f 297 296 1588
f 1774 297 1588
f 300 297 1774
f 1583 1775 1585
f 1585 1775 1776
f 1588 1585 1774
f 1583 1777 291
f 1583 291 1775
f 1775 291 281
f 1775 281 1776
f 1776 281 293
f 1776 293 1585
f 1585 293 294
f 1777 286 291
f 291 283 281
f 300 1774 1585
f 300 1585 294
f 1583 1584 1777
f 1777 1584 1773
f 1777 1773 286
f 286 1773 290
f 92 302 95
f 302 310 95
f 91 1638 1628
f 91 1628 93
f 1644 87 99
f 87 1644 1643
f 98 1640 90
f 90 1640 1639
f 89 1642 1645
f 89 1645 97
f 43 1609 32
f 32 1609 1608
f 1617 1619 34
f 34 1619 40
f 1607 1604 35
f 35 1604 44
f 45 1626 33
f 1627 33 1626
f 67 1649 64
f 64 1649 1650
f 63 1620 61
f 1620 1623 61
f 1635 59 1636
f 59 1635 62
f 78 1613 58
f 1612 58 1613
f 1651 66 1652
f 66 1651 73
f 46 1622 65
f 1622 1621 65
f 60 1633 57
f 57 1633 1634
f 56 1615 54
f 1614 54 1615
f 307 53 309
f 53 307 55
f 77 240 242
f 77 242 52
f 238 237 31
f 31 237 42
f 1463 1464 1560
f 1560 1561 1558
f 1560 1558 1463
f 1558 1559 1463
f 1463 1559 1438
f 1550 1551 1465
f 1465 1551 1467
f 1445 1504 1465
f 1504 1503 1465
f 1465 1503 1550
f 1502 1778 1501
f 1501 1500 1447
f 1452 1447 1500
f 1501 1778 1499
f 1500 1501 1499
f 1561 17 1558
f 18 1558 17
f 1502 51 1778
f 1778 51 50
f 49 1499 1778
f 49 1778 50
f 1503 88 1550
f 96 1550 88
f 478 457 456
f 478 456 1779
f 1779 456 453
f 1779 453 1780
f 453 1781 1780
f 1781 453 1782
f 1782 453 458
f 1782 458 999
f 1002 440 1783
f 1783 440 432
f 427 1784 428
f 428 1784 1785
f 428 1785 432
f 432 1785 1783
f 427 470 1784
f 475 477 599
f 474 478 687
f 474 687 600
f 477 474 600
f 599 477 600
f 478 1786 687
f 689 687 1786
f 478 1779 1786
f 1786 1779 1787
f 1786 1787 598
f 1786 598 689
f 1787 1779 1780
f 1782 999 1788
f 1781 1782 1789
f 1789 1782 1788
f 1787 1780 1781
f 1787 1781 1129
f 1129 1781 1789
f 1129 1789 1790
f 1790 1789 1788
f 598 1787 1129
f 1129 1790 1128
f 1788 1791 1790
f 1128 1790 1792
f 999 865 1028
f 1793 1028 1019
f 1794 1019 1025
f 1025 1015 1795
f 1788 999 1791
f 1791 999 1028
f 1796 1025 1795
f 1791 1028 1797
f 1797 1028 1793
f 1797 1793 1798
f 1798 1793 1019
f 1798 1019 1799
f 1799 1019 1794
f 1015 1033 1800
f 1800 1033 1801
f 1794 1025 1802
f 1802 1025 1796
f 1803 1015 1800
f 1800 1801 1804
f 1790 1791 1792
f 1792 1791 1797
f 1795 1015 1803
f 1799 1794 1143
f 1143 1794 1802
f 1792 1797 1127
f 1127 1797 1126
f 1126 1797 1798
f 1126 1798 1140
f 1140 1798 1799
f 1796 1795 1135
f 1803 1800 1086
f 1086 1800 1804
f 1143 1802 1138
f 1138 1802 1796
f 1135 1795 1803
f 1137 1803 1086
f 1140 1799 1144
f 1144 1799 1143
f 1138 1796 1134
f 1134 1796 1135
f 1135 1803 1137
f 1128 1792 1127
f 1085 1086 1804
f 1801 1085 1804
f 1035 1801 1033
f 1084 1085 1805
f 1805 1085 1801
f 1805 1801 1035
f 1806 1805 1035
f 1084 1805 1807
f 1807 1805 1806
f 1081 1084 1808
f 1808 1084 1807
f 1808 1807 1034
f 1034 1807 1806
f 1034 1806 1035
f 1082 1081 1808
f 1082 1808 1809
f 1809 1808 1034
f 1048 1809 1034
f 1080 1082 1809
f 1080 1809 1810
f 1810 1809 1048
f 1811 1080 1810
f 1810 1048 1036
f 1079 1080 1811
f 1811 1810 1036
f 1812 1079 1811
f 1812 1811 1036
f 1078 1079 1812
f 1812 1036 1044
f 1813 1078 1812
f 1813 1812 1044
f 1076 1078 1814
f 1814 1078 1813
f 1814 1813 1052
f 1052 1813 1044
f 1077 1076 1814
f 1077 1814 1815
f 1815 1814 1052
f 1815 1052 1040
f 1075 1077 1816
f 1816 1077 1815
f 1816 1815 1817
f 1817 1815 1040
f 1074 1075 1816
f 1074 1816 1817
f 1074 1817 1818
f 1818 1817 1040
f 1818 1040 1046
f 1087 1074 1046
f 1046 1074 1818
f 1087 1046 1819
f 1046 1037 1819
f 1047 997 1001
f 1037 1038 1820
f 1038 1050 1821
f 1822 1047 1001
f 1823 1819 1037
f 1824 1038 1821
f 1821 1050 1825
f 1825 1050 1049
f 1820 1038 1824
f 1823 1037 1820
f 1825 1049 1826
f 1049 1047 1827
f 1827 1047 1822
f 1819 1823 1828
f 1828 1823 1820
f 1829 1001 1103
f 1001 1002 1830
f 1001 1829 1822
f 1822 1829 1827
f 1827 1826 1049
f 1001 1830 1103
f 1087 1819 1158
f 1828 1820 1156
f 1156 1820 1824
f 1824 1821 1154
f 1154 1821 1825
f 1158 1819 1828
f 1153 1825 1826
f 1153 1826 1098
f 1095 1827 1829
f 1098 1826 1827
f 1157 1828 1156
f 1156 1824 1155
f 1155 1824 1154
f 1154 1825 1153
f 1098 1827 1095
f 1095 1829 1096
f 1096 1829 1103
f 1103 1830 1102
f 1158 1828 1157
f 1785 1784 1831
f 1831 1784 1832
f 1783 1785 1831
f 1002 1783 1833
f 594 1094 1831
f 1832 706 594
f 1833 1094 1102
f 1833 1102 1830
f 1832 594 1831
f 1783 1831 1094
f 1783 1094 1833
f 1830 1002 1833
f 1784 470 1832
f 708 706 1832
f 708 1832 470
f 573 589 473
f 470 471 708
f 708 471 709
f 591 709 471
f 589 591 473
f 473 591 471
f 457 476 454
f 454 476 565
f 454 565 455
f 532 455 565
f 427 426 472
f 430 571 426
f 572 426 571
f 472 426 572
f 1834 1835 1836
f 1834 1836 1837
f 1838 1839 1840
f 1838 1840 1841
f 1842 1843 1844
f 1845 1846 1847
f 1848 1849 1850
f 1851 1852 1853
f 1854 1855 1856
f 1857 1858 1859
f 1853 1852 1850
f 1847 1854 1845
f 1845 1854 1856
f 1860 1842 1844
f 1842 1860 1861
f 1857 1861 1858
f 1849 1848 1862
f 1850 1849 1853
f 1856 1855 1863
f 1856 1863 1864
f 1865 1866 1867
f 1868 1867 1869
f 1846 1845 1870
f 1868 1869 1849
f 1868 1849 1862
f 1871 1872 1852
f 1873 1874 1875
f 1875 1874 1876
f 1871 1852 1851
f 1864 1863 1877
f 1864 1877 1843
f 1876 1878 1875
f 1877 1879 1843
f 1865 1867 1868
f 1866 1865 1851
f 1851 1865 1871
f 1876 1852 1878
f 1878 1852 1872
f 1873 1880 1874
f 1881 1882 1883
f 1846 1870 1879
f 1884 1883 1885
f 1884 1886 1881
f 1887 1888 1868
f 1868 1888 1865
f 1879 1870 1889
f 1890 1891 1844
f 1881 1857 1882
f 1881 1883 1884
f 1889 1843 1879
f 1843 1889 1890
f 1892 1893 1891
f 1891 1893 1844
f 1842 1861 1857
f 1842 1857 1881
f 1885 1894 1884
f 1887 1895 1888
f 1881 1886 1887
f 1887 1886 1880
f 1895 1887 1880
f 1895 1880 1873
f 1843 1890 1844
f 1896 1897 1898
f 1898 1897 1899
f 1898 1899 1900
f 1900 1899 1901
f 1900 1901 1902
f 1902 1901 1903
f 1902 1903 1904
f 1904 1903 1905
f 1904 1905 1906
f 1906 1905 1907
f 1906 1907 1908
f 1908 1907 1909
f 1908 1909 1910
f 1910 1909 1911
f 1910 1911 1912
f 1912 1911 1913
f 1912 1913 1914
f 1914 1913 1915
f 1914 1915 1916
f 1916 1915 1917
f 1916 1917 1918
f 1918 1917 1919
f 1918 1919 1920
f 1920 1919 1921
f 1922 1923 1924
f 1924 1923 1925
f 1925 1926 1924
f 1924 1927 1928
f 1924 1926 1929
f 1924 1929 1927
f 1930 1931 1932
f 1932 1933 1934
f 1932 1935 1936
f 1932 1936 1930
f 1932 1934 1935
f 1937 1938 1939
f 1940 1941 1937
f 1939 1942 1937
f 1937 1942 1943
f 1943 1940 1937
f 1944 1945 1946
f 1946 1947 1948
f 1946 1948 1944
f 1946 1949 1950
f 1950 1947 1946
f 1951 1952 1953
f 1953 1952 1954
f 1953 1955 1956
f 1957 1958 1953
f 1953 1956 1951
f 1953 1958 1955
f 1959 1960 1961
f 1962 1963 1961
f 1961 1963 1964
f 1964 1965 1961
f 1961 1965 1959
f 1966 1967 1968
f 1966 1968 1969
f 1970 1969 1968
f 1971 1972 1970
f 1973 1972 1971
f 1971 1970 1968
f 1967 1966 1974
f 1967 1974 1975
f 1976 1977 1978
f 1979 1980 1978
f 1978 1980 1976
f 1981 1982 1983
f 1983 1984 1981
f 1983 1982 1980
f 1983 1980 1979
f 1985 1986 1987
f 1987 1986 1988
f 1987 1988 1989
f 1989 1988 1990
f 1989 1990 1991
f 1991 1990 1992
f 1990 1993 1992
f 1994 1995 1996
f 1995 1994 1997
f 1997 1998 1995
f 1999 2000 1998
f 2000 1999 2001
f 2001 1999 2002
f 1999 1998 1997
f 1994 1996 2003
f 2004 2005 2006
f 2007 2008 2006
f 2009 2010 2011
f 2008 2009 2011
f 2008 2007 2009
f 2006 2005 2007
f 2004 2012 2005
f 1948 1947 2013
f 1948 2013 2014
f 2014 2013 2015
f 2014 2015 2016
f 2016 2015 2017
f 2017 2015 2018
f 2019 2020 2021
f 2019 2021 2018
f 2018 2021 2017
f 1860 1844 2022
f 2023 2024 1975
f 1974 2023 1975
f 2025 2024 2022
f 2022 2024 2023
f 1844 2025 2022
f 1882 1857 2026
f 2027 2028 2029
f 2029 2028 2026
f 2030 1977 2028
f 1978 1977 2030
f 2028 2027 2030
f 1857 2029 2026
f 2031 2032 2033
f 2031 2033 2034
f 2035 2033 1986
f 2035 1986 1985
f 2035 2034 2033
f 2032 2031 1889
f 1889 2031 1890
f 2036 2037 2038
f 2037 2039 2040
f 2040 2039 2041
f 2040 2041 2002
f 2002 2041 2001
f 2038 2042 2036
f 2040 2038 2037
f 2043 2044 2045
f 2045 2044 2046
f 2045 2046 2047
f 2047 2046 2048
f 2048 2046 2010
f 2048 2010 2009
f 2049 2043 2045
f 2050 2051 2052
f 2052 2051 2053
f 2053 2051 2020
f 2053 2020 2019
f 2050 2052 2054
f 2054 2055 2050
f 2050 2055 2056
f 1996 2057 2058
f 2058 2003 1996
f 1942 2059 2060
f 1943 1942 2061
f 2060 2061 1942
f 1956 2062 1951
f 2063 2062 1956
f 2061 2060 2064
f 2064 2060 2065
f 2064 2065 2063
f 2063 2065 2062
f 2066 2067 1965
f 1965 1964 2066
f 2068 2067 2066
f 2069 2070 2068
f 2068 2070 2071
f 2068 2071 2067
f 2072 2073 1984
f 1992 1993 1926
f 1992 1926 1925
f 2074 1936 2069
f 2070 2069 1935
f 1935 2069 1936
f 2004 2075 2076
f 2004 2076 2012
f 2077 2078 2079
f 2079 2078 2080
f 2079 2080 2081
f 2079 2081 2082
f 2083 2084 2077
f 2077 2084 2078
f 2084 2083 2085
f 2086 2087 2088
f 2088 2089 2086
f 2086 2089 2090
f 2090 2089 2091
f 2090 2091 2092
f 2091 2093 2092
f 2092 2093 2094
f 2094 2093 2095
f 2073 2096 1984
f 2096 1981 1984
f 2097 1940 2061
f 2061 1940 1943
f 2098 1940 2097
f 2071 2070 2099
f 2071 2099 2100
f 2100 2099 2101
f 2100 2101 2102
f 2067 2071 2100
f 1959 2100 2102
f 2100 1959 1965
f 2100 1965 2067
f 2103 1927 1929
f 2103 1929 2104
f 2104 1929 1993
f 1993 1929 1926
f 2084 2105 2078
f 2078 2105 2106
f 2078 2106 2080
f 2080 2106 2107
f 2107 2106 2108
f 2081 2080 2107
f 2084 2085 2105
f 2105 2085 2109
f 2108 2106 2110
f 2109 2111 2105
f 2105 2111 2106
f 2106 2111 2110
f 2094 2112 2092
f 2092 2112 2113
f 2092 2113 2090
f 2090 2113 2086
f 2087 2086 2114
f 2086 2113 2115
f 2086 2115 2114
f 2112 2116 2113
f 2113 2116 2117
f 2113 2117 2115
f 2114 2115 2118
f 2116 2119 2117
f 2117 2119 2115
f 2118 2115 2119
f 2120 2121 2122
f 2122 2121 2123
f 2124 2125 2126
f 2126 2125 2127
f 2120 2128 2129
f 2129 2128 2130
f 2131 2120 2132
f 2133 2134 2135
f 2120 2136 2132
f 2127 2137 2126
f 2120 2131 2121
f 2138 2137 2127
f 2139 2140 2134
f 2139 2134 2133
f 2129 2130 2141
f 2129 2141 2142
f 2136 2120 2129
f 2136 2129 2143
f 2143 2129 2144
f 2143 2144 2127
f 2133 2135 2125
f 2125 2135 2127
f 2127 2135 2143
f 2145 2128 2146
f 2130 2128 2145
f 2147 2148 2149
f 2145 2148 2130
f 2141 2130 2148
f 2141 2148 2147
f 2141 2147 2150
f 2141 2150 2142
f 2151 2142 2152
f 2142 2150 2152
f 2153 2154 2155
f 2155 2156 2153
f 2157 2158 2156
f 2157 2156 2155
f 2149 2153 2147
f 2158 2159 2150
f 2150 2159 2152
f 2147 2156 2150
f 2150 2156 2158
f 2147 2153 2156
f 2160 2161 2162
f 2162 2161 2163
f 2164 2138 2165
f 2138 2164 2137
f 2137 2166 2126
f 1838 2124 2126
f 1838 2126 1839
f 2137 2162 2163
f 2137 2163 2166
f 2165 2167 2164
f 2137 2164 2162
f 2126 2166 2168
f 2126 2168 1839
f 2169 2170 2171
f 2171 2170 2172
f 2171 2172 2173
f 2173 2172 2174
f 2167 2175 2164
f 2175 2169 2164
f 2173 2160 2162
f 2173 2162 2171
f 2164 2169 2171
f 2164 2171 2162
f 2176 2177 2178
f 2177 2179 1834
f 2180 2179 2177
f 2181 2182 2183
f 2184 2185 2182
f 2184 2182 2181
f 2186 2185 2187
f 2187 2185 2176
f 2187 2176 2188
f 2176 2184 2177
f 2178 2177 1834
f 2185 2184 2176
f 2189 2190 2191
f 2178 2192 2176
f 2176 2192 2189
f 2178 1834 1837
f 2193 2188 2176
f 2193 2176 2194
f 2194 2176 2189
f 2191 2194 2189
f 2195 2196 2197
f 2197 2196 2198
f 2199 2200 2195
f 2195 2200 2196
f 2191 2198 2194
f 2191 2201 2198
f 2198 2196 2194
f 2194 2196 2200
f 2194 2200 2193
f 2200 2202 2193
f 2180 2177 1850
f 2203 2180 1850
f 2203 1850 2204
f 2204 1850 1852
f 1838 2205 2124
f 2206 2207 2208
f 2208 2207 2209
f 2208 2210 2206
f 2211 2212 2213
f 2213 2212 2214
f 2214 2215 2213
f 2214 2216 2215
f 2217 2216 2218
f 2218 2216 2214
f 2217 2219 2216
f 2208 2209 2212
f 2212 2209 2218
f 2212 2218 2214
f 2210 2208 2220
f 2212 2211 2221
f 2208 2212 2220
f 2220 2212 2221
f 2222 2223 2224
f 2222 2224 2225
f 2225 2224 2226
f 2226 2224 2227
f 2226 2227 2228
f 2228 2227 2229
f 2228 2229 2230
f 2228 2230 2231
f 2231 2230 2232
f 2232 2230 2233
f 2232 2233 2223
f 2232 2223 2222
f 2234 2235 2236
f 2236 2235 2237
f 2238 2239 2240
f 2240 2239 2241
f 2240 2241 2242
f 2242 2241 2237
f 2237 2241 2243
f 2237 2243 2236
f 2244 2245 2246
f 2246 2245 2247
f 2247 2245 2248
f 2247 2248 2249
f 2248 2250 2249
f 2249 2250 2251
f 2251 2250 2252
f 2251 2252 2253
f 2239 2238 2254
f 2239 2254 2255
f 2255 2254 2256
f 2255 2256 2257
f 2257 2256 2258
f 2257 2258 1886
f 1886 2258 1880
f 2259 2260 2261
f 2259 2261 2262
f 2262 2261 2263
f 2262 2263 2264
f 2264 2263 2244
f 2244 2263 2245
f 2265 2266 1971
f 2266 1973 1971
f 2267 2268 2269
f 2270 1864 2271
f 2272 2273 2274
f 2274 2275 2272
f 2272 2275 2276
f 2276 2275 2277
f 2276 2277 2278
f 2278 2277 2279
f 2278 2279 2280
f 2279 2281 2280
f 2280 2281 1868
f 1868 2281 2282
f 1868 2282 1887
f 2283 1843 1842
f 2284 2285 1843
f 1843 2285 1864
f 1864 2285 2286
f 2271 1864 2286
f 2270 2271 2287
f 2270 2287 2288
f 2289 2290 2291
f 2291 2290 2288
f 2291 2288 2287
f 2268 2292 2283
f 2293 2294 2267
f 2282 2295 1887
f 1887 2295 2296
f 2269 2297 2293
f 2268 2283 2269
f 2269 2283 2298
f 2284 1843 2283
f 1842 1881 2299
f 1842 2299 2298
f 2300 2301 2302
f 2301 2300 2303
f 2303 2300 2304
f 2293 2297 2302
f 2302 2297 2300
f 2305 2269 2298
f 2300 2298 2306
f 2306 2298 2299
f 2293 2267 2269
f 2297 2269 2305
f 2297 2305 2300
f 2304 2300 2306
f 2304 2306 2307
f 2307 2306 2299
f 2307 2299 2296
f 2296 2299 1881
f 2296 1881 1887
f 2300 2305 2298
f 1842 2298 2283
f 2283 2292 2284
f 2308 2309 2310
f 2308 2310 2311
f 2311 2310 2312
f 2311 2312 2313
f 2313 2312 2314
f 2314 2312 2315
f 2314 2315 2316
f 2317 2318 2319
f 2320 2321 2322
f 2323 2324 2325
f 2326 2323 2325
f 2327 2328 2329
f 2327 2330 2328
f 2328 2330 2331
f 2331 2330 2332
f 2331 2332 2333
f 2323 2326 2327
f 2323 2327 2329
f 2334 2335 2336
f 2336 2335 2325
f 2336 2325 2324
f 2337 2335 2334
f 2338 2339 2335
f 2338 2335 2337
f 2317 2340 2318
f 2309 2308 2319
f 2319 2308 2317
f 2340 2317 2338
f 2338 2317 2339
f 2341 2334 2320
f 2320 2334 2321
f 2341 2337 2334
f 2334 2342 2321
f 2343 2344 2345
f 2345 2344 2346
f 2347 2343 2348
f 2348 2343 2345
f 2346 2337 2341
f 2320 2322 2349
f 2350 2341 2320
f 2341 2350 2345
f 2341 2345 2346
f 2350 2351 2345
f 2345 2351 2348
f 2336 2342 2334
f 2338 2337 2346
f 2338 2346 2340
f 2340 2346 2344
f 2302 2301 2352
f 2353 2354 2355
f 2274 2273 2356
f 2274 2356 2357
f 2357 2356 2358
f 2357 2358 2359
f 2360 2359 2358
f 2361 2362 2363
f 2364 2365 2366
f 2367 2364 2368
f 2369 2370 2354
f 2370 2371 2354
f 2290 2289 2372
f 2290 2372 2369
f 2369 2372 2370
f 2373 2353 2355
f 2374 2375 2376
f 2376 2375 2368
f 2368 2364 2366
f 2376 2368 2366
f 2293 2366 2365
f 2293 2365 2294
f 2366 2293 2376
f 2376 2293 2374
f 2371 2367 2368
f 2374 2352 2377
f 2360 2378 2362
f 2362 2378 2363
f 2377 2363 2375
f 2302 2374 2293
f 2379 2380 2381
f 2381 2380 2382
f 2382 2380 2355
f 2375 2374 2377
f 2363 2377 2361
f 2374 2302 2352
f 2355 2354 2371
f 2355 2371 2368
f 2355 2368 2382
f 2382 2368 2381
f 2381 2368 2375
f 2381 2375 2363
f 2381 2363 2379
f 2379 2363 2378
f 2383 2384 2385
f 2386 2387 2388
f 2389 2316 2315
f 2389 2390 2316
f 2386 2390 2389
f 2386 2391 2390
f 2391 2386 2388
f 2392 2393 2394
f 2383 2394 2395
f 2383 2395 2396
f 2383 2396 2397
f 2397 2396 2398
f 2397 2398 2332
f 2332 2398 2333
f 2399 2400 2401
f 2388 2387 2402
f 2402 2400 2399
f 2403 2404 2405
f 2406 2388 2405
f 2405 2388 2399
f 2399 2403 2405
f 2399 2388 2402
f 2407 2347 2348
f 2348 2351 2407
f 2407 2351 2408
f 2407 2408 2401
f 2401 2408 2409
f 2401 2409 2399
f 2393 2392 2410
f 2349 2411 2320
f 2320 2411 2350
f 2350 2411 2412
f 2408 2351 2412
f 2410 2411 2349
f 2409 2408 2413
f 2413 2408 2412
f 2413 2412 2392
f 2392 2412 2411
f 2392 2411 2410
f 2385 2384 2414
f 2385 2414 2415
f 2385 2415 2416
f 2415 2404 2416
f 2416 2404 2403
f 2412 2351 2350
f 2403 2399 2409
f 2403 2409 2416
f 2416 2409 2413
f 2416 2413 2392
f 2416 2392 2385
f 2385 2392 2394
f 2385 2394 2383
f 2055 2229 2227
f 2417 2418 2419
f 2420 2421 2422
f 2335 2036 2042
f 2335 2042 2325
f 2417 2423 2418
f 2224 2325 2227
f 2325 2224 2326
f 2224 2223 2326
f 2326 2223 2424
f 2424 2223 2233
f 2425 2229 2426
f 2427 2422 2421
f 2335 2428 2036
f 2424 2233 2230
f 2424 2230 2425
f 2425 2230 2229
f 2042 2429 2056
f 2430 2431 2049
f 2049 2431 2428
f 2432 2433 2042
f 2042 2433 2429
f 2042 2056 2325
f 2229 2055 2426
f 2421 2434 2427
f 2325 2055 2227
f 2435 2436 2123
f 2325 2056 2055
f 2422 2308 2420
f 2308 2422 2437
f 2423 2436 2438
f 2436 2439 2440
f 2440 2439 2427
f 2440 2427 2434
f 2418 2441 2419
f 2419 2441 2308
f 2419 2308 2437
f 2423 2417 2439
f 2423 2439 2436
f 2121 2442 2123
f 2123 2442 2435
f 2435 2443 2438
f 2435 2438 2436
f 2444 2308 2441
f 2443 2435 2445
f 2308 2444 2317
f 2444 2445 2317
f 2339 2446 2043
f 2049 2428 2335
f 2049 2335 2043
f 2043 2335 2339
f 2445 2435 2317
f 2317 2435 2260
f 2259 2339 2260
f 2260 2339 2317
f 2339 2259 2447
f 2446 2339 2447
f 2448 2446 2447
f 2449 2448 2447
f 2450 2451 2452
f 2453 2450 2454
f 2453 2454 2455
f 2452 2454 2450
f 2454 2452 2456
f 2457 2458 2456
f 2452 2457 2456
f 2456 2459 2454
f 2454 2459 2460
f 2454 2460 2455
f 2455 2460 2461
f 2461 2462 2455
f 2463 2464 2465
f 2463 2460 2459
f 2463 2459 2456
f 2463 2456 2466
f 2463 2465 2460
f 2467 2468 2469
f 2470 2471 2472
f 2470 2472 2473
f 2473 2474 2475
f 2473 2472 2474
f 2469 2471 2467
f 2471 2476 2467
f 2476 2477 2467
f 2469 2472 2471
f 2472 2469 2474
f 2474 2469 2478
f 2479 2474 2478
f 2474 2479 2480
f 2478 2469 2481
f 2482 2481 2469
f 2482 2469 2468
f 2482 2468 2483
f 2484 2485 2486
f 2485 2484 2487
f 2485 2487 2488
f 2489 2490 2491
f 2489 2491 2492
f 2492 2491 2493
f 2493 2491 2494
f 2484 2495 2487
f 2487 2495 2494
f 2494 2491 2487
f 2488 2496 2485
f 2485 2496 2497
f 2498 2499 2500
f 2498 2500 2501
f 2502 2503 2501
f 2501 2500 2502
f 2504 2505 2506
f 2506 2505 2507
f 2508 2505 2504
f 2508 2509 2505
f 2510 2507 2511
f 2511 2507 2505
f 2505 2509 2511
f 2511 2509 2512
f 2506 2513 2502
f 2506 2502 2504
f 2504 2502 2500
f 2504 2500 2499
f 2504 2499 2508
f 2508 2499 2514
f 2515 2516 2517
f 2517 2516 2518
f 2519 2520 2516
f 2516 2520 2518
f 2521 2522 2523
f 2523 2522 2524
f 2524 2522 2525
f 2525 2522 2526
f 2525 2526 2527
f 2522 2521 2528
f 2522 2528 2529
f 2522 2529 2526
f 2526 2529 2530
f 2516 2515 2523
f 2523 2515 2531
f 2524 2516 2523
f 2525 2532 2519
f 2525 2519 2516
f 2525 2516 2524
f 2533 2534 2535
f 2535 2534 2536
f 2536 2534 2537
f 2537 2534 2538
f 2539 2540 2541
f 2541 2540 2542
f 2543 2539 2541
f 2541 2544 2543
f 2540 2545 2538
f 2540 2538 2534
f 2540 2534 2542
f 2546 2547 2548
f 2549 2550 2551
f 2551 2550 2548
f 2547 2551 2548
f 2552 2553 2554
f 2555 2554 2553
f 2556 2557 2555
f 2555 2557 2554
f 2555 2553 2558
f 2556 2547 2559
f 2547 2556 2551
f 2551 2556 2555
f 2551 2555 2558
f 2551 2558 2549
f 2558 2560 2549
f 2561 2562 2563
f 2561 2563 2564
f 2565 2566 2563
f 2563 2566 2564
f 2567 2568 2569
f 2569 2570 2571
f 2569 2568 2572
f 2571 2573 2569
f 2569 2573 2567
f 2562 2574 2567
f 2574 2575 2567
f 2567 2563 2562
f 2573 2563 2567
f 2576 2577 2571
f 2571 2577 2565
f 2571 2565 2573
f 2573 2565 2563
f 2578 2579 2580
f 2578 2580 2581
f 2582 2583 2581
f 2582 2581 2580
f 2220 2579 2584
f 2211 2582 2580
f 2211 2580 2221
f 2221 2580 2579
f 2221 2579 2220
f 2585 2582 2211
f 2421 2420 2586
f 2586 2587 2219
f 2421 2586 2219
f 2183 2588 2589
f 2589 1868 1862
f 2183 2589 1862
f 1899 2288 1901
f 1897 2270 2288
f 1897 2288 1899
f 2590 1907 1905
f 2288 2290 1901
f 2369 1901 2290
f 2383 2397 1915
f 2384 2383 1913
f 1905 2591 2590
f 1903 2353 2591
f 1903 2591 1905
f 2327 1919 2330
f 2330 1919 1917
f 1915 2397 1917
f 1917 2397 2332
f 1913 2383 1915
f 2590 2592 1907
f 1901 2369 2354
f 1901 2354 1903
f 1903 2354 2353
f 1856 1864 1897
f 1897 1864 2270
f 2332 2330 1917
f 1911 2593 2594
f 1909 2595 1911
f 1911 2595 2593
f 1919 2327 1921
f 1911 2594 1913
f 1913 2594 2384
f 2595 1909 2596
f 2592 2597 1907
f 1907 2597 2596
f 1907 2596 1909
f 1921 2327 2424
f 2424 2327 2326
f 2598 2599 2496
f 2600 2601 2517
f 2602 2155 2603
f 2603 2155 2154
f 2603 2154 2604
f 2603 2604 2578
f 2605 2578 2604
f 2606 2583 2607
f 2583 2606 2608
f 2603 2578 2581
f 2603 2581 2608
f 2608 2581 2583
f 2609 2610 2607
f 2609 2607 2611
f 2611 2607 2583
f 2610 2612 2613
f 2613 2612 2614
f 2614 2612 2535
f 2601 2537 2615
f 2601 2615 2517
f 2614 2535 2536
f 2614 2536 2616
f 2616 2536 2601
f 2601 2536 2537
f 2617 2618 2489
f 2600 2517 2619
f 2619 2618 2620
f 2620 2618 2617
f 2617 2492 2621
f 2621 2492 2622
f 2617 2489 2492
f 2622 2492 2493
f 2622 2493 2623
f 2622 2623 2624
f 2625 2626 2627
f 2625 2627 2628
f 2628 2627 2199
f 2195 2197 2629
f 2629 2197 2630
f 2628 2199 2631
f 2631 2199 2195
f 2631 2195 2629
f 2629 2630 2632
f 2632 2630 2174
f 2632 2174 2172
f 2632 2172 2633
f 2630 2197 2634
f 2634 2635 2636
f 2630 2634 2636
f 2609 2566 2637
f 2566 2609 2561
f 2566 2561 2564
f 2638 2572 2639
f 2638 2639 2215
f 2611 2640 2561
f 2611 2561 2609
f 2639 2641 2215
f 2642 2641 2639
f 2641 2642 2611
f 2611 2642 2640
f 2643 2644 2570
f 2643 2645 2644
f 2569 2572 2646
f 2646 2572 2638
f 2570 2569 2646
f 2610 2550 2612
f 2612 2550 2647
f 2648 2552 2649
f 2612 2647 2650
f 2650 2647 2651
f 2648 2651 2552
f 2651 2652 2650
f 2651 2648 2652
f 2637 2645 2609
f 2609 2645 2653
f 2609 2653 2654
f 2654 2546 2609
f 2609 2546 2548
f 2609 2548 2610
f 2610 2548 2550
f 2643 2557 2655
f 2643 2655 2653
f 2643 2653 2645
f 2557 2643 2554
f 2643 2656 2554
f 2649 2552 2554
f 2649 2554 2656
f 2615 2657 2517
f 2543 2544 2658
f 2658 2544 2648
f 2648 2544 2652
f 2657 2615 2659
f 2659 2615 2660
f 2659 2660 2543
f 2659 2543 2658
f 2619 2520 2661
f 2619 2661 2662
f 2517 2518 2619
f 2619 2518 2520
f 2663 2528 2658
f 2658 2528 2659
f 2529 2528 2664
f 2664 2528 2663
f 2665 2530 2529
f 2665 2529 2664
f 2666 2530 2665
f 2662 2661 2667
f 2667 2661 2666
f 2668 2669 2636
f 2670 2671 2669
f 2669 2671 2672
f 2669 2672 2636
f 2673 1840 2674
f 2673 2674 2670
f 2670 2674 2671
f 2675 1841 2673
f 2673 1841 1840
f 2668 2676 2677
f 2677 2676 2678
f 2677 2678 2679
f 2677 2679 2675
f 2675 2679 1836
f 2133 2125 1841
f 1835 1841 1836
f 1836 1841 2675
f 1841 1835 2133
f 2204 2680 2203
f 2680 2204 1835
f 1835 2204 2133
f 2676 2668 2636
f 2676 2636 2635
f 2681 2451 2626
f 2627 2453 2682
f 2626 2453 2627
f 2683 2684 2626
f 2626 2684 2681
f 2626 2451 2450
f 2626 2450 2453
f 2683 2466 2684
f 2685 2686 2464
f 2463 2466 2687
f 2627 2682 2688
f 2688 2682 2686
f 2186 2688 2685
f 2685 2688 2686
f 2685 2464 2687
f 2687 2464 2463
f 2685 2689 2186
f 2186 2689 2185
f 2687 2466 2683
f 2683 2481 2690
f 2691 2690 2481
f 2623 2692 2470
f 2623 2470 2624
f 2483 2693 2694
f 2694 2693 2497
f 2691 2482 2694
f 2694 2482 2483
f 2693 2695 2497
f 2692 2623 2696
f 2696 2623 2695
f 2695 2693 2696
f 2694 2497 2599
f 2599 2497 2496
f 2697 2510 2698
f 2699 2512 2665
f 2665 2667 2666
f 2698 2510 2700
f 2700 2510 2511
f 2700 2511 2699
f 2665 2512 2667
f 2699 2511 2512
f 2570 2646 2643
f 2638 2215 2216
f 2638 2216 2701
f 2702 2703 2604
f 2604 2703 2605
f 2122 2702 2120
f 2703 2702 2122
f 2704 2705 2706
f 2703 2704 2706
f 2703 2122 2704
f 2707 2157 2633
f 2155 2602 2633
f 2155 2633 2157
f 2144 2129 2708
f 2144 2708 2633
f 2633 2708 2707
f 2170 2709 2633
f 2633 2172 2170
f 2144 2710 2127
f 2633 2709 2144
f 2144 2709 2710
f 2619 2662 2498
f 2619 2498 2501
f 2711 2618 2503
f 2503 2618 2619
f 2619 2501 2503
f 2618 2711 2698
f 2698 2711 2697
f 2496 2712 2598
f 2598 2712 2713
f 2698 2714 2618
f 2598 2713 2698
f 2698 2713 2714
f 2475 2715 2626
f 2624 2470 2473
f 2624 2473 2626
f 2626 2473 2475
f 2683 2716 2481
f 2626 2715 2683
f 2683 2715 2716
f 2691 2481 2482
f 2717 2718 2719
f 2717 2719 2720
f 2721 2722 2723
f 2724 2717 2723
f 2724 2723 2722
f 2720 2721 2723
f 2720 2723 2717
f 2722 2725 2726
f 2722 2721 2725
f 2727 2728 2721
f 2727 2721 2720
f 2721 2728 2725
f 2727 2720 2719
f 2719 2729 2727
f 2730 2731 2732
f 2730 2719 2718
f 2731 2730 2718
f 2730 2729 2719
f 2717 2733 2734
f 2722 2726 2735
f 2724 2722 2736
f 2734 2737 2717
f 2717 2737 2718
f 2718 2737 2738
f 2718 2738 2731
f 2731 2738 2739
f 2731 2739 2732
f 2733 2717 2724
f 2740 2741 2742
f 2740 2742 2726
f 2726 2742 2735
f 2722 2735 2736
f 2724 2736 2743
f 2724 2743 2733
f 2733 2743 2734
f 2744 2390 2391
f 2744 2391 2745
f 2746 2747 2748
f 2748 2739 2749
f 2391 2388 2406
f 2750 2751 2752
f 2753 2754 2755
f 2750 2752 2754
f 2747 2739 2748
f 2756 2755 2754
f 2745 2757 2758
f 2759 2752 2758
f 2758 2752 2760
f 2750 2754 2753
f 2746 2755 2756
f 2746 2756 2747
f 2745 2391 2757
f 2757 2391 2406
f 2757 2406 2759
f 2757 2759 2758
f 2760 2752 2751
f 2749 2739 2761
f 2761 2739 2738
f 2761 2738 2762
f 2762 2738 2763
f 2763 2738 2737
f 2763 2737 2764
f 2764 2737 2765
f 2765 2737 2734
f 2765 2734 2766
f 2766 2734 2767
f 2767 2734 2743
f 2767 2743 2768
f 2768 2743 2769
f 2769 2743 2736
f 2769 2736 2770
f 2770 2736 2735
f 2770 2735 2771
f 2771 2735 2772
f 2772 2735 2742
f 2772 2742 2773
f 2773 2742 2774
f 2774 2742 2741
f 2775 2776 2777
f 2360 2358 2778
f 2779 2780 2781
f 2782 2783 2779
f 2378 2360 2784
f 2784 2360 2778
f 2784 2778 2779
f 2783 2782 2785
f 2778 2358 2780
f 2778 2780 2779
f 2782 2779 2781
f 2774 2741 2786
f 2787 2788 2789
f 2787 2789 2777
f 2776 2775 2786
f 2776 2786 2741
f 2777 2776 2787
f 2788 2787 2790
f 2788 2790 2791
f 2791 2790 2792
f 2792 2790 2783
f 2792 2783 2785
f 2793 2378 2784
f 2794 2793 2784
f 2795 2796 2797
f 2798 2799 2800
f 2801 2802 2803
f 2804 2727 2805
f 2805 2727 2729
f 2805 2729 2730
f 2806 2730 2732
f 2806 2805 2730
f 2807 2806 2732
f 2747 2732 2739
f 2747 2807 2732
f 2807 2808 2809
f 2806 2809 2810
f 2806 2810 2805
f 2804 2811 2812
f 2756 2754 2813
f 2814 2752 2815
f 2808 2747 2756
f 2815 2816 2817
f 2817 2816 2818
f 2818 2816 2819
f 2818 2819 2820
f 2820 2819 2821
f 2820 2821 2822
f 2752 2759 2815
f 2815 2759 2816
f 2406 2802 2801
f 2816 2801 2803
f 2816 2803 2819
f 2819 2803 2821
f 2406 2801 2759
f 2816 2759 2801
f 2822 2821 2800
f 2822 2800 2799
f 2811 2799 2812
f 2812 2799 2823
f 2812 2823 2824
f 2825 2826 2784
f 2825 2784 2779
f 2825 2779 2827
f 2827 2779 2783
f 2826 2828 2784
f 2784 2828 2794
f 2829 2830 2827
f 2827 2830 2825
f 2824 2831 2832
f 2832 2831 2795
f 2832 2795 2825
f 2825 2795 2826
f 2799 2798 2823
f 2823 2798 2833
f 2823 2833 2824
f 2824 2833 2831
f 2834 2824 2832
f 2834 2832 2830
f 2830 2832 2825
f 2741 2740 2776
f 2835 2787 2836
f 2787 2776 2836
f 2790 2787 2837
f 2837 2787 2835
f 2829 2783 2790
f 2829 2790 2837
f 2827 2783 2829
f 2838 2740 2726
f 2838 2726 2725
f 2838 2725 2839
f 2836 2776 2740
f 2836 2740 2838
f 2728 2839 2725
f 2838 2839 2840
f 2838 2840 2836
f 2804 2728 2727
f 2808 2756 2813
f 2808 2813 2809
f 2805 2810 2820
f 2804 2805 2811
f 2728 2812 2841
f 2839 2841 2834
f 2839 2834 2840
f 2810 2842 2818
f 2810 2818 2820
f 2840 2834 2830
f 2840 2830 2837
f 2837 2830 2829
f 2813 2754 2814
f 2813 2814 2809
f 2809 2814 2842
f 2809 2842 2810
f 2805 2820 2822
f 2805 2822 2811
f 2835 2840 2837
f 2807 2747 2808
f 2806 2807 2809
f 2728 2804 2812
f 2839 2728 2841
f 2836 2840 2835
f 2811 2822 2799
f 2795 2797 2826
f 2826 2797 2843
f 2826 2843 2828
f 2754 2752 2814
f 2814 2815 2842
f 2842 2815 2817
f 2842 2817 2818
f 2841 2812 2824
f 2841 2824 2834
f 2487 2844 2845
f 2845 2488 2487
f 2846 2652 2541
f 2541 2652 2544
f 2845 2712 2496
f 2845 2496 2488
f 2847 2848 2846
f 2847 2846 2541
f 2847 2541 2542
f 2593 2849 2850
f 2415 2851 2404
f 2850 2414 2594
f 2594 2414 2384
f 2850 2594 2593
f 2849 2852 2414
f 2415 2852 2851
f 2851 2853 2404
f 2850 2849 2414
f 2414 2852 2415
f 2854 2855 2856
f 2854 2856 2857
f 2853 2851 2857
f 2849 2593 2595
f 2858 2859 2860
f 2860 2859 2861
f 2852 2849 2862
f 2862 2849 2595
f 2862 2595 2863
f 2863 2595 2864
f 2864 2595 2596
f 2864 2596 2865
f 2865 2596 2597
f 2865 2597 2859
f 2859 2597 2592
f 2859 2592 2590
f 2859 2590 2861
f 2866 2867 2868
f 2868 2867 2869
f 2868 2869 2870
f 2871 2870 2855
f 2851 2852 2862
f 2854 2863 2864
f 2854 2864 2855
f 2855 2864 2871
f 2871 2864 2865
f 2871 2865 2858
f 2868 2858 2866
f 2866 2858 2860
f 2857 2851 2862
f 2857 2862 2863
f 2857 2863 2854
f 2870 2871 2858
f 2870 2858 2868
f 2858 2865 2859
f 2353 2872 2591
f 2860 2861 2373
f 2860 2373 2355
f 2866 2860 2355
f 2866 2355 2380
f 2872 2590 2591
f 2861 2590 2872
f 2872 2373 2861
f 2872 2353 2373
f 2867 2866 2380
f 2873 2874 2875
f 2876 2874 2873
f 2378 2793 2877
f 2378 2877 2876
f 2802 2406 2405
f 2878 2879 2833
f 2833 2879 2831
f 2798 2878 2833
f 2880 2405 2881
f 2881 2405 2404
f 2853 2857 2881
f 2881 2857 2882
f 2882 2857 2856
f 2883 2870 2869
f 2884 2869 2867
f 2880 2881 2882
f 2885 2882 2856
f 2885 2856 2886
f 2886 2856 2887
f 2886 2887 2878
f 2878 2887 2888
f 2878 2888 2879
f 2879 2888 2883
f 2879 2883 2889
f 2889 2883 2869
f 2889 2869 2884
f 2876 2873 2378
f 2884 2867 2890
f 2873 2379 2378
f 2867 2380 2379
f 2867 2379 2890
f 2890 2379 2873
f 2853 2881 2404
f 2880 2802 2405
f 2856 2855 2887
f 2887 2855 2888
f 2888 2855 2870
f 2888 2870 2883
f 2802 2880 2803
f 2803 2880 2882
f 2803 2882 2821
f 2821 2882 2885
f 2821 2885 2800
f 2800 2885 2886
f 2800 2886 2798
f 2798 2886 2878
f 2831 2879 2889
f 2831 2889 2795
f 2795 2889 2884
f 2795 2884 2796
f 2796 2884 2891
f 2891 2884 2890
f 2891 2890 2875
f 2875 2890 2873
f 2892 2893 2894
f 2894 2893 2895
f 2894 2895 2896
f 2896 2895 2897
f 2896 2897 2898
f 2898 2897 2899
f 2898 2899 2900
f 2898 2900 2901
f 2901 2900 2902
f 2901 2902 2903
f 2903 2902 2904
f 2903 2904 2905
f 2905 2904 2906
f 2905 2906 2907
f 2907 2906 2908
f 2907 2908 2909
f 2909 2908 2910
f 2909 2910 2911
f 2911 2910 2912
f 2911 2912 2913
f 2913 2912 2914
f 2913 2914 2915
f 2915 2914 2916
f 2915 2916 2917
f 2917 2916 2918
f 2917 2918 2919
f 2919 2918 2920
f 2919 2920 2921
f 2921 2920 2922
f 2921 2922 2923
f 2923 2922 2924
f 2923 2924 2925
f 2923 2925 2926
f 2926 2925 2927
f 2926 2927 2928
f 2928 2927 2929
f 2928 2929 2930
f 2930 2929 2931
f 2930 2931 2932
f 2932 2931 2933
f 2932 2933 2934
f 2934 2933 2935
f 2934 2935 2936
f 2936 2935 2892
f 2936 2892 2894
f 2916 2633 2602
f 2916 2602 2918
f 2918 2602 2603
f 2918 2603 2920
f 2920 2603 2922
f 2922 2603 2608
f 2922 2608 2924
f 2924 2608 2606
f 2924 2606 2925
f 2925 2606 2607
f 2925 2607 2927
f 2927 2607 2610
f 2927 2610 2929
f 2929 2610 2613
f 2929 2613 2931
f 2931 2613 2614
f 2931 2614 2933
f 2933 2614 2616
f 2933 2616 2935
f 2935 2616 2601
f 2935 2601 2892
f 2892 2601 2600
f 2892 2600 2893
f 2893 2600 2619
f 2893 2619 2895
f 2895 2619 2620
f 2895 2620 2897
f 2897 2620 2617
f 2897 2617 2899
f 2899 2617 2621
f 2899 2621 2900
f 2900 2621 2622
f 2900 2622 2902
f 2902 2622 2624
f 2902 2624 2904
f 2904 2624 2626
f 2904 2626 2906
f 2906 2626 2625
f 2906 2625 2908
f 2908 2625 2628
f 2908 2628 2910
f 2910 2628 2631
f 2910 2631 2912
f 2912 2631 2629
f 2912 2629 2632
f 2912 2632 2914
f 2914 2632 2633
f 2914 2633 2916
f 2937 2938 2939
f 2939 2940 2937
f 2937 2940 2941
f 2942 2943 2944
f 2942 2939 2943
f 2942 2940 2939
f 2944 2943 2945
f 2944 2945 2946
f 2943 2947 2945
f 2943 2948 2947
f 2943 2939 2948
f 2938 2949 2948
f 2939 2938 2948
f 2949 2938 2937
f 2949 2950 2951
f 2937 2950 2949
f 2950 2952 2953
f 2937 2952 2950
f 2952 2937 2954
f 2954 2937 2941
f 2954 2941 2955
f 2955 2941 2940
f 2956 2955 2940
f 2944 2957 2958
f 2956 2942 2958
f 2958 2942 2944
f 2944 2946 2957
f 2953 2951 2950
f 2956 2940 2942
f 2959 2960 2961
f 2946 2945 2962
f 2947 2963 2945
f 2964 2965 2966
f 2957 2946 2967
f 2967 2946 2968
f 2967 2968 2969
f 2969 2968 2970
f 2969 2970 2971
f 2971 2970 2972
f 2973 2971 2972
f 2965 2974 2973
f 2966 2975 2964
f 2975 2966 2976
f 2976 2977 2975
f 2978 2979 2977
f 2979 2978 2980
f 2981 2982 2980
f 2983 2961 2984
f 2985 2984 2961
f 2960 2985 2961
f 2986 2960 2987
f 2988 2986 2987
f 2951 2989 2988
f 2988 2989 2986
f 2989 2951 2953
f 2947 2990 2963
f 2947 2991 2992
f 2962 2945 2963
f 2962 2963 2993
f 2962 2993 2970
f 2990 2947 2992
f 2963 2990 2994
f 2963 2994 2993
f 2970 2993 2972
f 2946 2962 2968
f 2968 2962 2970
f 2995 2993 2994
f 2992 2976 2990
f 2976 2966 2990
f 2990 2966 2994
f 2973 2972 2993
f 2995 2973 2993
f 2996 2971 2973
f 2994 2966 2995
f 2995 2965 2973
f 2995 2966 2965
f 2981 2961 2982
f 2983 2982 2961
f 2981 2980 2997
f 2981 2997 2959
f 2978 2997 2980
f 2985 2960 2986
f 2960 2959 2987
f 2987 2959 2988
f 2988 2949 2951
f 2998 2949 2959
f 2991 2998 2999
f 2977 2976 2978
f 2998 2959 2997
f 2999 2997 2978
f 2949 2998 2948
f 2948 2998 2991
f 2961 2981 2959
f 2988 2959 2949
f 2978 2976 2992
f 2978 2992 2999
f 2997 2999 2998
f 2947 2948 2991
f 2992 2991 2999
f 2996 2973 2974
f 2934 2957 2932
f 2934 2958 2957
f 2936 2956 2958
f 2936 2958 2934
f 2894 2955 2936
f 2936 2955 2956
f 2896 2954 2894
f 2894 2954 2955
f 2896 2952 2954
f 2952 2896 2898
f 2952 2898 2953
f 2898 2989 2953
f 2901 2989 2898
f 2901 2986 2989
f 2903 2986 2901
f 2903 2985 2986
f 2985 2903 2905
f 2907 2984 2905
f 2905 2984 2985
f 2909 2983 2907
f 2907 2983 2984
f 2909 2982 2983
f 2982 2909 2911
f 2911 2980 2982
f 2980 2911 2913
f 2913 2979 2980
f 2915 2977 2913
f 2913 2977 2979
f 2975 2977 2915
f 2917 2975 2915
f 2917 2964 2975
f 2919 2964 2917
f 2921 2974 2919
f 2919 2974 2965
f 2919 2965 2964
f 2923 2996 2921
f 2921 2996 2974
f 2926 2971 2923
f 2923 2971 2996
f 2928 2969 2926
f 2926 2969 2971
f 2930 2967 2928
f 2928 2967 2969
f 2957 2967 2932
f 2932 2967 2930
f 2491 2490 2487
f 2487 2490 3000
f 2487 3000 2844
f 2533 3001 2847
f 2542 2534 2847
f 2847 2534 2533
f 2611 2585 2641
f 2640 2642 2574
f 2637 2577 2645
f 2654 2653 2559
f 2560 2651 2647
f 2847 3001 2612
f 2847 2612 2650
f 2660 2615 2545
f 2660 2545 2540
f 2523 2531 2659
f 2659 2531 2657
f 2514 2662 2508
f 2508 2662 2667
f 2661 2532 2525
f 2661 2525 2666
f 2513 2506 2711
f 2711 2506 2697
f 3000 2618 2844
f 2844 2618 2714
f 2495 2484 2623
f 2623 2484 2695
f 2692 2696 2476
f 2715 2480 2716
f 2681 2684 2457
f 2462 2686 2682
f 2688 2202 2627
f 2688 2186 2187
f 2202 2688 2193
f 2187 2193 2688
f 2193 2187 2188
f 2200 2199 2627
f 2200 2627 2202
f 2215 2641 2213
f 2641 2585 2213
f 2213 2585 2211
f 2585 2611 2582
f 2583 2582 2611
f 2577 2637 2565
f 2565 2637 2566
f 2571 2570 2644
f 2571 2644 2576
f 2644 2645 2577
f 2577 2576 2644
f 2640 2574 2561
f 2561 2574 2562
f 2568 2639 2572
f 2574 2642 2575
f 2568 2567 2575
f 2575 2642 2639
f 2575 2639 2568
f 2647 2549 2560
f 2550 2549 2647
f 2552 2651 2558
f 2558 2651 2560
f 2552 2558 2553
f 2547 2546 2654
f 2547 2654 2559
f 2559 2653 2655
f 2559 2655 2556
f 2556 2655 2557
f 2543 2660 2539
f 2539 2660 2540
f 2847 2650 2848
f 2848 2650 2652
f 2846 2848 2652
f 2533 2535 2612
f 2612 3001 2533
f 2545 2615 2538
f 2538 2615 2537
f 2659 2521 2523
f 2659 2528 2521
f 2515 2517 2657
f 2657 2531 2515
f 2520 2519 2532
f 2520 2532 2661
f 2507 2510 2697
f 2507 2697 2506
f 2667 2509 2508
f 2667 2512 2509
f 2499 2498 2514
f 2514 2498 2662
f 2503 2502 2711
f 2711 2502 2513
f 2497 2486 2485
f 2497 2695 2486
f 2486 2695 2484
f 2713 2844 2714
f 2713 2845 2844
f 2712 2845 2713
f 2490 2489 2618
f 2618 3000 2490
f 2495 2623 2494
f 2493 2494 2623
f 2480 2715 2474
f 2475 2474 2715
f 2481 2716 2479
f 2716 2480 2479
f 2481 2479 2478
f 2476 2471 2470
f 2476 2470 2692
f 2477 2476 2696
f 2477 2696 2693
f 2477 2693 2467
f 2467 2693 2483
f 2483 2468 2467
f 2462 2682 2453
f 2453 2455 2462
f 2460 2465 2461
f 2461 2465 2686
f 2461 2686 2462
f 2465 2464 2686
f 2452 2451 2457
f 2457 2451 2681
f 2457 2684 2458
f 2458 2684 2456
f 2456 2684 2466
f 2526 2530 2666
f 2527 2526 2666
f 2527 2666 2525
f 2704 2436 2705
f 2705 2436 2440
f 2207 2705 2209
f 2209 2705 2440
f 3002 3003 3004
f 3005 3006 3003
f 3003 3006 3007
f 3003 3007 3004
f 3008 3009 3010
f 3011 3012 3008
f 3008 3012 1874
f 3008 1874 3013
f 3014 2118 2119
f 3003 3015 3005
f 3005 2110 2111
f 3008 3016 3011
f 3011 3016 3017
f 3011 3017 3014
f 3014 3017 2118
f 3015 3003 2435
f 3015 2435 2442
f 2111 3006 3005
f 1874 3012 1876
f 1876 3012 3018
f 3008 3013 3009
f 2442 3019 3015
f 3020 3021 3004
f 3018 3022 1876
f 3014 3023 3011
f 3004 3021 3002
f 3015 3024 3005
f 3005 3024 3014
f 3014 3024 3023
f 3025 1872 1871
f 3025 1871 3026
f 3026 1871 3027
f 3027 1871 1865
f 3027 1865 1888
f 3027 1888 3028
f 1872 3025 1878
f 1878 3025 3029
f 3030 1895 1873
f 3030 1873 3031
f 3031 1873 3032
f 3032 1873 1875
f 3032 1875 3029
f 3029 1875 1878
f 1895 3030 1888
f 1888 3030 3028
f 3033 3034 3035
f 3034 3036 3035
f 3036 3037 3035
f 3034 3033 3038
f 3039 2444 2441
f 3039 2441 3040
f 3040 2441 2418
f 3040 2418 3041
f 3041 2418 2423
f 3041 2423 3042
f 2444 3039 2445
f 2445 3039 3043
f 3044 2438 3045
f 3045 2438 2443
f 3045 2443 2445
f 3045 2445 3043
f 2438 3044 2423
f 2423 3044 3042
f 3046 3047 3048
f 3049 3050 3051
f 3047 3046 3049
f 3049 3046 3050
f 3046 3043 3050
f 3050 3043 3039
f 3047 3044 3045
f 3047 3045 3048
f 3048 3045 3043
f 3048 3043 3046
f 3050 3039 3040
f 3050 3040 3051
f 3051 3040 3041
f 3051 3041 3042
f 3051 3042 3049
f 3049 3042 3047
f 3047 3042 3044
f 3035 3029 3033
f 3033 3029 3025
f 3036 3030 3031
f 3036 3031 3037
f 3037 3031 3032
f 3037 3032 3035
f 3035 3032 3029
f 3033 3025 3026
f 3033 3026 3027
f 3033 3027 3038
f 3038 3027 3028
f 3038 3028 3034
f 3034 3028 3036
f 3036 3028 3030
f 3052 2417 3053
f 3053 2417 2419
f 3053 2419 3054
f 3054 2419 2437
f 3054 2437 3055
f 3055 2437 2422
f 3055 2422 3056
f 3056 2422 2427
f 3056 2427 3057
f 3057 2427 2439
f 3057 2439 3052
f 3052 2439 2417
f 3058 1866 3059
f 3059 1866 1851
f 3059 1851 3060
f 3060 1851 1853
f 3060 1853 3061
f 3061 1853 1849
f 3061 1849 3062
f 3062 1849 1869
f 3062 1869 3063
f 3063 1869 3064
f 3064 1869 1867
f 3064 1867 1866
f 3064 1866 3058
f 3065 3066 3067
f 3067 3066 3068
f 3067 3068 3069
f 3070 3071 3072
f 3073 3072 3071
f 3073 3071 3074
f 3071 3075 3074
f 3075 3071 3076
f 3076 2361 3075
f 3077 2362 2361
f 3077 2361 3076
f 2360 2362 3077
f 3078 2360 3077
f 3078 2359 2360
f 3067 3079 3078
f 3078 3079 2359
f 3067 3069 3079
f 3062 3067 3061
f 3061 3067 3078
f 3061 3078 3060
f 3060 3078 3077
f 3060 3077 3059
f 3059 3077 3076
f 3059 3076 3071
f 3059 3071 3058
f 2282 3064 3058
f 3063 3064 2282
f 3067 3062 3065
f 2281 3065 2282
f 2282 3070 2295
f 3063 2282 3065
f 3063 3065 3062
f 3070 2282 3058
f 3058 3071 3070
f 3055 2319 3054
f 3052 3053 3080
f 3080 3053 2319
f 3055 3081 3082
f 2319 3082 2309
f 3055 3082 2319
f 3052 3080 3083
f 3052 3083 3057
f 3057 3083 3084
f 2319 3053 3054
f 3081 3055 3056
f 3081 3056 3085
f 3085 3056 3057
f 3085 3057 3084
f 2319 3086 3080
f 3086 3087 3080
f 3080 3087 3088
f 3081 3089 3082
f 3081 3090 3089
f 3091 3090 3081
f 3085 3092 3081
f 3081 3092 3091
f 3092 3085 2387
f 2387 3085 2402
f 2402 3085 3084
f 3084 3093 2402
f 2400 3093 3084
f 3083 2400 3084
f 3083 3094 2400
f 3080 3094 3083
f 3080 3088 3094
f 2296 2295 3070
f 2296 3070 3072
f 2307 2296 3072
f 2307 3072 2304
f 3072 3073 2304
f 2303 2304 3073
f 2301 2303 3073
f 2352 2301 3073
f 2352 3073 3074
f 2359 3079 2357
f 2357 3079 3069
f 2357 3069 3068
f 2352 3074 3075
f 2352 3075 2377
f 2377 3075 2361
f 2357 3068 2274
f 3066 3065 2279
f 2279 3065 2281
f 2277 3066 2279
f 2275 3066 2277
f 3068 3066 2275
f 3068 2275 2274
f 3086 2319 2340
f 2340 2319 2318
f 3086 2340 2344
f 3087 3086 2343
f 2343 3086 2344
f 3087 2343 2347
f 2347 2407 3088
f 2347 3088 3087
f 2389 3090 2386
f 2386 3091 3092
f 3090 3091 2386
f 2401 3094 3088
f 2400 3094 2401
f 2407 2401 3088
f 2386 3092 2387
f 2402 3093 2400
f 2389 2315 3090
f 3082 3089 2310
f 3082 2310 2309
f 2312 2310 3089
f 2312 3089 3095
f 3089 3090 3095
f 2315 2312 3095
f 2315 3095 3090
f 1950 1949 1916
f 1950 1916 3096
f 3097 1916 1918
f 3097 1918 3098
f 3098 1918 1920
f 1941 1940 1957
f 1941 1957 1949
f 2425 2426 1920
f 1920 2426 3098
f 1898 3099 1896
f 1900 3100 3099
f 1900 3099 1898
f 1928 1927 1900
f 1900 1927 2103
f 1900 1902 1928
f 1928 1902 1933
f 1933 1902 1904
f 1933 1904 1934
f 1896 3099 1845
f 1845 3099 1870
f 2098 3101 1957
f 1949 1912 1914
f 1949 1914 1916
f 1904 2102 2101
f 1904 1906 1960
f 1960 1906 1957
f 1957 1906 1908
f 1957 1908 1910
f 1957 1910 1949
f 1949 1910 1912
f 1904 2101 1934
f 1904 1960 2102
f 3097 3096 1916
f 1940 2098 1957
f 3101 1958 1957
f 1959 2102 1960
f 2103 3100 1900
f 2425 1920 2424
f 2424 1920 1921
f 3102 3103 3104
f 3104 3103 3105
f 3105 3014 3104
f 3102 3106 3103
f 3107 3108 3109
f 3110 3111 3112
f 3110 3112 3102
f 3109 3113 3114
f 3114 3113 3111
f 3111 3110 3114
f 3110 3115 3114
f 3113 3109 3108
f 3116 3117 3118
f 3119 3120 3107
f 3119 3107 3109
f 3118 3121 3122
f 3122 3121 3120
f 3120 3119 3122
f 3119 3123 3122
f 3121 3118 3117
f 3124 1952 3116
f 3124 3116 3118
f 3124 3125 1963
f 3124 1963 1954
f 3124 1954 1952
f 1954 1963 1962
f 3126 3127 3128
f 3108 3107 3129
f 3129 3107 3130
f 3129 3130 3128
f 3128 3130 3126
f 3131 3132 3133
f 3133 3134 3131
f 3006 3135 3007
f 3007 3135 3132
f 3132 3131 3007
f 3007 3131 3127
f 3136 3007 3127
f 3136 3127 3126
f 3137 3138 1939
f 1945 3139 3137
f 1945 3137 1939
f 1945 1939 1938
f 3106 3102 3112
f 3106 3112 3140
f 3140 3112 3141
f 3140 3141 3133
f 3133 3141 3134
f 3117 3116 3142
f 3142 3116 3143
f 3142 3143 3144
f 3144 3143 3138
f 3144 3138 3137
f 1931 1930 3145
f 3146 1930 3147
f 3148 3146 3147
f 1930 3146 3145
f 3145 3146 3149
f 3145 3149 3016
f 3016 3149 3150
f 3151 3016 3152
f 3152 3016 3150
f 3152 3150 3153
f 3016 3154 3155
f 3016 3151 3154
f 3154 3151 3156
f 3155 3157 3016
f 3157 3017 3016
f 3153 3158 3159
f 3159 3152 3153
f 3156 3160 3154
f 3125 3124 3161
f 3161 3124 3162
f 3161 3162 3147
f 3147 3162 3148
f 3123 3119 3163
f 3159 3158 3164
f 3164 3158 3165
f 3164 3165 3119
f 3119 3165 3163
f 3115 3110 3166
f 3156 3167 3160
f 3160 3167 3168
f 3168 3167 3169
f 3168 3169 3110
f 3110 3169 3166
f 1944 3170 3007
f 1944 3007 1945
f 1945 3007 3136
f 1945 3136 3139
f 3170 3171 3007
f 3007 3171 3172
f 3172 3173 3007
f 3007 3173 3174
f 3174 3175 3007
f 1944 3176 3170
f 3177 3178 3173
f 3173 3178 3174
f 3175 3004 3007
f 3179 3171 3180
f 3171 3179 3172
f 3181 3170 3176
f 3182 3183 3184
f 3182 3184 3185
f 3016 3008 3186
f 3183 3182 3187
f 3183 3187 3016
f 3183 3016 3188
f 3186 3189 3016
f 3016 3189 3188
f 3016 3187 3145
f 3145 3187 3190
f 3145 3190 3191
f 3192 3189 3193
f 3189 3192 3188
f 3191 3194 1923
f 1923 3145 3191
f 3145 1923 1922
f 3195 3196 3197
f 3195 3197 3198
f 3198 3197 3199
f 3198 3199 3200
f 3200 3199 3201
f 3200 3201 3191
f 3191 3201 3194
f 3202 3203 3204
f 3202 3204 3205
f 3205 3204 3206
f 3205 3206 3184
f 3184 3206 3185
f 3207 3208 3209
f 3207 3209 3210
f 3210 3209 3211
f 3210 3211 3193
f 3193 3211 3192
f 3014 3105 3005
f 3212 3213 3214
f 3214 3213 3215
f 3214 3215 3216
f 3216 3215 3217
f 3216 3217 3177
f 3177 3217 3178
f 3218 3219 3220
f 3220 3219 3221
f 3220 3221 3222
f 3222 3221 3223
f 3222 3223 3180
f 3180 3223 3179
f 3224 3225 3226
f 3226 3225 3227
f 3226 3227 3228
f 3228 3227 3229
f 3228 3229 3176
f 3176 3229 3181
f 1896 1845 1897
f 1897 1845 1856
f 3230 1863 1855
f 3230 1855 3231
f 3231 1855 1854
f 3231 1854 1847
f 3231 1847 3232
f 3232 1847 1846
f 3232 1846 3233
f 3233 1846 1879
f 3233 1879 3234
f 3234 1879 1877
f 3234 1877 3235
f 3235 1877 1863
f 3235 1863 3230
f 3236 3237 2222
f 2324 2225 2226
f 2226 2228 3238
f 3238 2228 3239
f 3239 2228 2231
f 3239 2231 3240
f 3240 2231 2232
f 3240 2232 3241
f 3241 2232 3237
f 3237 2232 2222
f 3236 2222 2225
f 2324 2323 3236
f 2225 2324 3236
f 2226 3238 2324
f 3242 3238 3243
f 3243 3238 3239
f 3239 2393 3243
f 2393 3239 2394
f 3240 2394 3239
f 3240 3244 2394
f 3244 3240 2395
f 3241 2395 3240
f 3241 3245 2395
f 3237 3245 3241
f 3237 3246 3245
f 3236 3247 3237
f 3247 3248 3237
f 3237 3248 3246
f 3249 2324 3238
f 3242 3250 3238
f 3238 3250 3249
f 3231 3251 3230
f 3230 3251 3252
f 3232 3253 3254
f 3232 3254 3231
f 3231 3254 3251
f 3232 3233 3253
f 3253 3233 2284
f 2285 3234 3235
f 2285 3235 3230
f 3234 2285 3233
f 3233 2285 2284
f 3230 3255 2285
f 3230 3252 3255
f 3255 2286 2285
f 3252 2370 3256
f 3251 2370 3252
f 3251 3257 2370
f 3258 3257 3251
f 3258 3251 3254
f 3258 3254 3259
f 3254 2367 3259
f 3253 3260 2367
f 3253 2367 3254
f 2284 3261 3253
f 3253 3261 3262
f 3262 3263 3253
f 3253 3263 3260
f 3264 3255 3252
f 3256 3265 3252
f 3252 3265 3264
f 2324 3266 2336
f 2342 2336 3266
f 3249 3266 2324
f 3266 3249 2321
f 3266 2321 2342
f 2322 2321 3249
f 2322 3249 3250
f 2349 2322 3250
f 3242 2349 3250
f 2349 3242 2410
f 2410 3242 3243
f 2395 3245 2396
f 2410 3243 2393
f 2394 3244 2395
f 2333 2398 3246
f 3245 3246 2396
f 2396 3246 2398
f 2323 2329 3236
f 3247 3236 2329
f 3248 3247 2328
f 2328 3247 2329
f 3248 2328 2331
f 3246 3248 2333
f 2333 3248 2331
f 2284 2292 3261
f 3262 3261 2268
f 2268 3261 2292
f 3262 2268 2267
f 3263 3262 2267
f 3263 2267 2294
f 3260 3263 2365
f 2365 3263 2294
f 2289 3267 2372
f 2372 3256 2370
f 2371 3259 2367
f 2367 3260 2365
f 2367 2365 2364
f 3267 3256 2372
f 3259 2371 3258
f 3258 2371 3257
f 2371 2370 3257
f 3256 3267 3265
f 3255 3264 2271
f 3255 2271 2286
f 2271 3264 2287
f 2287 3264 3265
f 2291 2287 3265
f 2289 2291 3267
f 3267 2291 3265
f 3268 3098 2426
f 3097 3098 3269
f 3269 3098 3268
f 3268 2426 2055
f 2052 2053 3270
f 3269 2052 3270
f 3268 2054 2052
f 3269 3270 3097
f 3268 2052 3269
f 2054 3268 2055
f 3270 2053 2019
f 1950 3096 3271
f 1950 3271 1947
f 1947 3271 2013
f 2013 3271 3272
f 3272 3271 3096
f 2015 2013 3272
f 2018 2015 3272
f 3273 3272 3096
f 3273 3096 3097
f 2018 3272 3273
f 2019 2018 3273
f 3273 3097 3270
f 3273 3270 2019
f 3274 2032 1889
f 3274 1889 1870
f 2033 2032 3274
f 3275 2033 3274
f 3275 3099 3276
f 3275 3276 1986
f 3274 3099 3275
f 1986 2033 3275
f 3099 3274 1870
f 3276 3099 3100
f 1986 3276 1988
f 1988 3276 3100
f 3277 1988 3100
f 3277 3100 2103
f 1990 1988 3277
f 1993 1990 3277
f 1993 3277 2104
f 2104 3277 2103
f 2063 1956 3278
f 3278 1956 1955
f 3279 2064 2063
f 3279 2063 3278
f 3101 3278 1955
f 3101 1955 1958
f 3279 3101 2098
f 3279 2098 2097
f 3279 2097 2061
f 3279 2061 2064
f 3278 3101 3279
f 1934 2101 2099
f 1934 2099 1935
f 1935 2099 2070
f 2190 2635 2191
f 2191 2635 2634
f 2191 2634 2201
f 2160 2630 2636
f 2160 2636 2161
f 2165 2710 2167
f 2167 2710 2709
f 2167 2709 2175
f 2159 2707 2152
f 2152 2707 2708
f 2152 2708 2151
f 2604 2145 2702
f 2604 2148 2145
f 2604 2149 2148
f 2703 2210 2605
f 2605 2210 2220
f 2220 2584 2605
f 2703 2206 2210
f 2206 2703 2706
f 2206 2706 2207
f 2207 2706 2705
f 2120 2702 2146
f 2120 2146 2128
f 2146 2702 2145
f 2180 2203 2680
f 2180 2680 2179
f 2179 2680 1835
f 2179 1835 1834
f 1838 1841 2205
f 2125 2205 1841
f 2124 2205 2125
f 2138 2127 2165
f 2165 2127 2710
f 2129 2151 2708
f 2129 2142 2151
f 2149 2604 2153
f 2153 2604 2154
f 2579 2578 2605
f 2579 2605 2584
f 2170 2175 2709
f 2170 2169 2175
f 2197 2198 2634
f 2634 2198 2201
f 2630 2173 2174
f 2630 2160 2173
f 2159 2158 2157
f 2159 2157 2707
f 1880 2258 3280
f 1880 3280 1874
f 3013 1874 3280
f 3013 3280 2256
f 2256 3280 2258
f 3281 3013 2256
f 3281 2256 2254
f 2254 2238 3281
f 3281 3009 3013
f 3009 3281 2238
f 3282 3010 3283
f 3284 3282 3285
f 3285 3282 3283
f 3286 3284 2237
f 2237 3284 3285
f 2237 3285 2242
f 2235 3286 2237
f 3287 3009 2238
f 3287 2238 2240
f 3285 3283 3009
f 3285 3009 3287
f 2242 3287 2240
f 3287 2242 3285
f 3009 3283 3010
f 2435 3288 2260
f 2261 2260 3288
f 3288 2435 3003
f 2261 3288 3289
f 3289 3288 3003
f 2263 2261 3289
f 3289 3003 3002
f 3002 3290 3289
f 3289 3290 2263
f 2245 2263 3290
f 3291 3290 3002
f 2245 3290 3291
f 2245 3291 2248
f 2248 3291 3292
f 2248 3292 2250
f 2252 2250 3293
f 2250 3292 3294
f 2250 3294 3293
f 3292 3291 3021
f 3292 3021 3294
f 3293 3294 3295
f 3291 3002 3021
f 3294 3021 3295
f 3020 3295 3021
f 2204 2139 2133
f 2204 1852 2139
f 2436 2704 2123
f 2123 2704 2122
f 2073 3183 3188
f 2073 3188 2096
f 2266 3190 3187
f 2266 3187 1973
f 3296 3189 3297
f 3297 3189 3186
f 3298 3155 3299
f 3299 3155 3154
f 3300 3160 3168
f 3110 3301 3300
f 3110 3300 3168
f 2068 2066 3125
f 2069 2068 3161
f 3147 2069 3161
f 3161 2068 3125
f 3180 3302 3303
f 3218 3220 2431
f 3180 3303 3222
f 3304 3220 3303
f 3303 3220 3222
f 3220 3304 2431
f 3218 2431 3305
f 2431 3306 3307
f 2431 3307 3305
f 3179 2005 2012
f 2009 3223 3221
f 3223 2009 2007
f 2009 3221 2048
f 2048 3221 2047
f 2047 3221 3219
f 3223 2007 2005
f 3223 2005 3179
f 2047 3219 2045
f 2045 3219 3308
f 2045 2430 2049
f 2045 3308 3309
f 2045 3309 2430
f 3310 3217 3311
f 3178 3310 3312
f 3217 3310 3178
f 3313 2449 3314
f 3311 3217 3215
f 3315 3314 3213
f 3213 3314 3215
f 3215 3314 3311
f 3314 3315 3313
f 3316 3175 3174
f 3316 3174 3317
f 3318 3132 3135
f 3318 3135 3319
f 3140 3320 3106
f 3106 3320 3321
f 3320 3140 3322
f 3322 3140 3133
f 3212 3214 3323
f 3323 3214 3324
f 3324 3214 3216
f 3324 3216 3325
f 3325 3216 3177
f 3177 3326 3325
f 3212 3323 3327
f 2448 3328 3323
f 3323 3328 3327
f 2075 3173 2076
f 2076 3173 3172
f 2057 3171 2058
f 2058 3171 3170
f 2060 3138 3143
f 2062 2065 3116
f 3116 2065 3143
f 3143 2065 2060
f 3224 3226 3329
f 3330 3331 3176
f 3176 3331 3228
f 3331 3226 3228
f 3226 3331 3329
f 3224 3329 3332
f 3332 3329 2433
f 3333 3334 2433
f 3334 3332 2433
f 3229 1999 1997
f 3181 1994 2003
f 3225 2040 3227
f 2432 2042 2038
f 3229 1997 3181
f 3181 1997 1994
f 1999 3229 3227
f 1999 3227 2002
f 2040 2002 3227
f 2040 3225 2038
f 2038 3225 3335
f 3335 3336 2038
f 2038 3336 2432
f 3337 3105 3103
f 3337 3103 3338
f 3339 3102 3340
f 3340 3102 3104
f 3341 3185 3342
f 3343 3204 3203
f 3344 3206 3204
f 3344 3204 3343
f 3344 3342 3206
f 3206 3342 3185
f 3203 3345 3343
f 3343 3345 3346
f 3343 3346 1858
f 1978 2030 3205
f 3205 2030 3202
f 3202 2030 2027
f 1984 3184 2072
f 2029 3202 2027
f 3205 1979 1978
f 1979 3205 3184
f 1979 3184 1983
f 3184 1984 1983
f 3202 2029 3347
f 3347 2029 1857
f 1857 1859 3348
f 1857 3348 3347
f 3349 3192 3350
f 3350 3211 3351
f 3351 3211 3209
f 3208 3351 3209
f 3211 3350 3192
f 3208 3352 3351
f 3351 3352 1885
f 1885 3352 3353
f 3207 3354 3355
f 3355 1894 3356
f 3207 3355 3357
f 3210 3354 3207
f 3354 3210 3193
f 3193 3358 3354
f 3356 3357 3355
f 3359 3197 3196
f 3199 3360 3201
f 3361 3199 3197
f 3361 3197 3359
f 3201 3360 3362
f 3199 3361 3360
f 3359 3196 1892
f 1892 3196 3363
f 1892 3363 3364
f 1967 1975 3198
f 3198 1975 3195
f 3195 1975 2024
f 2025 3195 2024
f 3200 1971 3198
f 3198 1971 1968
f 2265 1971 3200
f 1844 3365 2025
f 3198 1968 1967
f 3195 2025 3365
f 1844 1893 3366
f 1844 3366 3365
f 3218 3305 3219
f 3219 3305 3308
f 3212 3327 3213
f 3213 3327 3315
f 3224 3332 3225
f 3225 3332 3335
f 3202 3347 3203
f 3203 3347 3345
f 3207 3357 3208
f 3208 3357 3352
f 3195 3365 3196
f 3196 3365 3363
f 3367 3368 3369
f 3367 3369 3370
f 3367 3371 3372
f 3367 3372 3368
f 3373 3374 3375
f 3367 3376 3371
f 3367 3373 3376
f 3375 3376 3373
f 3374 3377 3375
f 3375 3377 3378
f 3375 3378 3379
f 3377 3118 3122
f 3377 3122 3378
f 3370 3148 3367
f 3367 3148 3162
f 3367 3162 3373
f 3124 3374 3373
f 3124 3373 3162
f 3158 3371 3165
f 3371 3376 3165
f 3165 3376 3163
f 3163 3376 3375
f 3372 3150 3368
f 3368 3150 3149
f 3380 3381 3382
f 3380 3383 3384
f 3380 3384 3381
f 3380 3385 3383
f 3380 3386 3385
f 3387 3388 3389
f 3389 3388 3390
f 3389 3390 3391
f 3391 3390 3392
f 3391 3392 3385
f 3391 3385 3386
f 3387 3109 3114
f 3387 3114 3388
f 3167 3383 3169
f 3169 3383 3385
f 3169 3385 3166
f 3385 3392 3166
f 3164 3380 3159
f 3164 3386 3380
f 3119 3386 3164
f 3389 3391 3119
f 3119 3391 3386
f 3384 3151 3381
f 3381 3151 3152
f 3393 3394 3395
f 3393 3395 3396
f 3396 3395 3397
f 3397 3398 3396
f 3399 3400 3401
f 3401 3402 3399
f 3396 3403 3393
f 3400 3404 3401
f 3401 3404 3405
f 3405 3404 3393
f 3405 3393 3403
f 3402 3120 3399
f 3399 3120 3121
f 3404 3400 3117
f 3393 3142 3144
f 3142 3393 3404
f 3142 3404 3117
f 3395 3139 3136
f 3395 3136 3397
f 3396 3126 3130
f 3396 3130 3403
f 3401 3405 3107
f 3107 3405 3130
f 3130 3405 3403
f 3406 3407 3408
f 3406 3408 3409
f 3410 3411 3412
f 3411 3413 3412
f 3409 3414 3406
f 3415 3416 3409
f 3409 3416 3414
f 3412 3413 3416
f 3412 3416 3415
f 3417 3407 3406
f 3410 3127 3131
f 3410 3131 3411
f 3417 3111 3407
f 3407 3111 3113
f 3141 3413 3134
f 3141 3416 3413
f 3414 3112 3406
f 3112 3414 3141
f 3141 3414 3416
f 3128 3412 3129
f 3412 3415 3129
f 3129 3415 3108
f 3108 3415 3409
f 3108 3409 3408
f 3178 3312 3418
f 3178 3418 3419
f 3317 3174 3419
f 3419 3174 3178
f 3326 3177 3173
f 3326 3173 2075
f 3132 3318 3420
f 3132 3420 3133
f 3420 3421 3133
f 3133 3421 3322
f 3134 3413 3131
f 3131 3413 3411
f 3181 2003 3170
f 2058 3170 2003
f 3176 3422 3330
f 3422 3176 1944
f 1944 1948 3422
f 3139 3395 3137
f 3395 3394 3137
f 3137 3394 3393
f 3137 3393 3144
f 2059 3138 2060
f 1942 1939 2059
f 2059 1939 3138
f 3127 3410 3128
f 3410 3412 3128
f 3398 3126 3396
f 3397 3136 3398
f 3398 3136 3126
f 2012 2076 3179
f 2076 3172 3179
f 3171 3302 3180
f 3171 3423 3302
f 3171 2057 3423
f 1964 1963 2066
f 2066 1963 3125
f 3118 3374 3124
f 3374 3118 3377
f 3117 3399 3121
f 3117 3400 3399
f 1952 1951 3116
f 3116 1951 2062
f 3111 3417 3112
f 3112 3417 3406
f 3339 3424 3102
f 3102 3424 3110
f 3110 3424 3301
f 3321 3425 3106
f 3106 3425 3338
f 3106 3338 3103
f 3388 3114 3390
f 3390 3114 3115
f 3390 3115 3392
f 3392 3115 3166
f 3378 3122 3379
f 3379 3122 3123
f 3379 3123 3375
f 3375 3123 3163
f 3119 3387 3389
f 3109 3387 3119
f 3108 3407 3113
f 3108 3408 3407
f 3120 3402 3107
f 3107 3402 3401
f 3147 2074 2069
f 1930 1936 2074
f 1930 2074 3147
f 3194 3426 1923
f 1923 3426 1925
f 3194 3201 3362
f 3194 3362 3426
f 3146 3369 3368
f 3146 3368 3149
f 3148 3370 3146
f 3146 3370 3369
f 2265 3200 3191
f 2265 3191 2266
f 2266 3191 3190
f 3160 3300 3154
f 3154 3300 3427
f 3154 3427 3299
f 3189 3296 3428
f 3428 3429 3189
f 3189 3429 3193
f 3193 3429 3358
f 3156 3383 3167
f 3384 3383 3156
f 3151 3384 3156
f 3188 3430 2096
f 3192 3430 3188
f 3349 3430 3192
f 3153 3372 3371
f 3153 3371 3158
f 3150 3372 3153
f 3431 1973 3187
f 3187 3182 3431
f 3341 3431 3182
f 3185 3341 3182
f 3381 3152 3382
f 3382 3152 3159
f 3382 3159 3380
f 2072 3184 2073
f 2073 3184 3183
f 3010 3432 3008
f 3433 3186 3008
f 3433 3008 3432
f 3433 3297 3186
f 3434 3432 3010
f 3434 3010 3282
f 3433 3432 3434
f 3435 3434 3282
f 3435 3282 3286
f 3286 3282 3284
f 3297 3433 3436
f 3436 3433 3434
f 3436 3434 3435
f 3436 3435 3437
f 3437 3435 3286
f 3437 3286 2235
f 3438 3437 2234
f 2234 3437 2235
f 3439 3437 3438
f 3440 3436 3439
f 3439 3436 3437
f 3296 3436 3440
f 3296 3297 3436
f 3428 3296 3441
f 3441 3296 3440
f 3429 3428 3441
f 3441 3440 3439
f 3442 3443 2234
f 2234 3443 3438
f 3444 3441 3439
f 3444 3439 3443
f 3443 3439 3438
f 3358 3444 3445
f 3429 3441 3358
f 3358 3441 3444
f 3444 3443 3445
f 3445 3443 3442
f 2257 1886 1884
f 2257 1884 3446
f 3446 1884 1894
f 3446 1894 3355
f 2257 3446 3447
f 3447 3446 3355
f 3447 3355 3448
f 2255 2257 3447
f 3448 3355 3354
f 3448 3354 3449
f 3448 3449 3450
f 3448 3450 3447
f 3447 3450 2255
f 2255 3450 2239
f 3358 3445 3451
f 3451 3445 3452
f 3452 3445 3442
f 3452 3442 2236
f 2236 3442 2234
f 3451 3354 3358
f 2236 2243 3452
f 3452 3453 3451
f 3354 3451 3453
f 3453 3452 2243
f 3453 2243 2241
f 3453 3449 3354
f 2241 2239 3450
f 2241 3450 3453
f 3453 3450 3449
f 3175 3316 3454
f 3175 3454 3004
f 3454 3455 3004
f 3455 3020 3004
f 3454 3456 3455
f 3455 3456 3457
f 3457 3458 3459
f 3458 3457 3456
f 3456 3454 3316
f 3293 3295 3457
f 3457 3295 3020
f 3459 2252 3293
f 3459 3293 3457
f 3455 3457 3020
f 2252 3459 2253
f 2253 3459 3460
f 3460 3459 3461
f 3459 3458 3461
f 3461 3458 3462
f 3456 3317 3462
f 3456 3462 3458
f 3316 3317 3456
f 3463 3462 3464
f 3463 3461 3462
f 3464 3418 3463
f 3463 3418 3465
f 3312 3465 3418
f 3418 3464 3419
f 2253 3460 3466
f 3461 3463 3460
f 3463 3465 3460
f 3460 3465 3466
f 3317 3419 3464
f 3317 3464 3462
f 3314 2449 3467
f 2449 2447 3467
f 3467 2447 3468
f 3468 2447 2259
f 3468 2259 2262
f 3314 3467 3468
f 3314 3468 3469
f 3469 3468 2262
f 3469 2262 2264
f 3311 3314 3470
f 3470 3314 3469
f 2264 2244 3470
f 2264 3470 3469
f 3471 3465 3312
f 3465 3472 3466
f 2251 3466 3472
f 3472 3465 3471
f 2253 3466 2251
f 2249 2251 3472
f 3471 3312 3310
f 2249 3472 3473
f 3473 3472 3471
f 3473 3471 3310
f 2247 2249 3473
f 2246 2247 3474
f 3474 2247 3473
f 3474 3473 3310
f 3474 3310 3311
f 2244 2246 3474
f 2244 3474 3470
f 3470 3474 3311
f 3323 3475 2448
f 3323 3476 3477
f 2448 3475 2446
f 3323 3477 3478
f 3323 3478 3475
f 3478 2046 3475
f 3475 2046 2044
f 3475 2044 2446
f 3477 2010 3478
f 3478 2010 2046
f 2446 2044 2043
f 2010 3477 3476
f 2008 2011 3479
f 2008 3479 2006
f 2011 2010 3476
f 2006 3479 3480
f 2006 3480 2004
f 2011 3476 3479
f 2004 3480 3481
f 2004 3481 2075
f 2075 3481 3326
f 3479 3476 3324
f 3479 3324 3480
f 3480 3324 3325
f 3480 3325 3481
f 3481 3325 3326
f 3476 3323 3324
f 2037 2036 2428
f 2037 2428 3482
f 3482 2428 3483
f 3483 2428 2431
f 2039 2037 3482
f 2039 3482 3484
f 3484 3482 3483
f 3483 2431 3304
f 3484 3483 3304
f 2041 2039 3485
f 3485 2039 3484
f 3304 3486 3484
f 3484 3486 3485
f 2001 2041 3485
f 2001 3485 3487
f 3487 3485 3486
f 3488 2057 1996
f 3488 3423 2057
f 2001 3487 2000
f 1996 1995 3488
f 1998 2000 3489
f 1998 3489 1995
f 1995 3489 3488
f 2000 3487 3490
f 2000 3490 3489
f 3487 3486 3490
f 3489 3490 3491
f 3489 3491 3488
f 3488 3491 3423
f 3423 3491 3302
f 3486 3304 3490
f 3490 3304 3303
f 3490 3303 3491
f 3302 3491 3303
f 2050 2056 3492
f 3492 2056 2429
f 3492 2429 2433
f 3492 2433 3329
f 2051 2050 3492
f 2051 3492 3493
f 3493 3492 3329
f 3494 2051 3493
f 3329 3331 3495
f 3329 3495 3493
f 3493 3495 3494
f 3494 2020 2051
f 3422 3496 3330
f 3331 3330 3496
f 3497 3496 3422
f 3498 3331 3496
f 2014 3497 3422
f 2014 3422 1948
f 3499 2017 2021
f 3499 2021 3495
f 2016 2017 3499
f 3499 3495 3498
f 2014 2016 3497
f 3497 2016 3499
f 3498 3496 3499
f 3499 3496 3497
f 3495 3331 3498
f 3494 3495 2021
f 3494 2021 2020
f 1890 2031 2034
f 1890 2034 3500
f 1890 3500 1891
f 1891 3500 3359
f 1891 3359 1892
f 3359 3500 3501
f 3501 3500 2034
f 3501 2034 2035
f 3361 3359 3501
f 3361 3501 3502
f 2035 1985 3501
f 3501 1985 3502
f 3362 3360 3503
f 3503 3426 3362
f 3504 3426 3503
f 1925 3426 3504
f 1992 1925 3504
f 1992 3504 1991
f 1989 1991 3504
f 1989 3504 3505
f 3505 3504 3503
f 3505 3503 3360
f 1987 1989 3505
f 1987 3505 3506
f 3506 3505 3361
f 3361 3505 3360
f 1985 1987 3506
f 1985 3506 3502
f 3502 3506 3361
f 3343 1858 3507
f 3507 1858 1861
f 3507 1861 2022
f 2022 1861 1860
f 3343 3507 3508
f 3508 3507 2022
f 3508 2022 2023
f 3509 3343 3508
f 3509 3508 2023
f 2023 1974 3509
f 3509 3344 3343
f 3344 3509 3510
f 3510 3509 1974
f 1972 1973 3431
f 3431 3341 3511
f 1972 3431 3511
f 1972 3511 1970
f 1970 3511 3512
f 1969 1970 3512
f 3513 1969 3512
f 3513 3344 3510
f 3512 3342 3344
f 3513 3510 1974
f 3512 3344 3513
f 3511 3342 3512
f 3513 1974 1966
f 3513 1966 1969
f 3342 3511 3341
f 1883 1882 2026
f 3514 2026 2028
f 3515 1883 2026
f 3515 2026 3514
f 3515 3351 1885
f 3514 2028 1977
f 3514 1977 3516
f 3516 3517 3514
f 3514 3517 3351
f 3514 3351 3515
f 1883 3515 1885
f 3350 3351 3517
f 3350 3517 3518
f 3350 3519 3349
f 3350 3518 3520
f 3350 3520 3519
f 3349 3519 3430
f 3517 3516 3518
f 3519 3520 1981
f 3519 1981 3430
f 3518 3516 1976
f 3518 1976 1980
f 3518 1980 3520
f 3520 1980 1982
f 3520 1982 1981
f 3430 1981 2096
f 3516 1977 1976
f 3340 3104 3521
f 3521 3104 3522
f 3522 3104 3014
f 3522 3014 2119
f 2116 3522 2119
f 3523 3522 2116
f 3521 3522 3523
f 3523 2116 2112
f 3340 3521 3523
f 3340 3523 3524
f 3524 3523 3525
f 3525 3523 2112
f 3525 2112 2094
f 3339 3340 3526
f 3526 3340 3524
f 2094 2095 3525
f 2095 3527 3525
f 3525 3527 3524
f 3524 3527 3526
f 3424 3339 3526
f 3528 3424 3526
f 3528 3526 3527
f 3529 3528 3527
f 3529 3527 2095
f 3529 3301 3528
f 3301 3424 3528
f 2088 3530 2089
f 3531 3300 3532
f 2095 2093 3529
f 2089 3531 2091
f 2091 3531 3533
f 2091 3533 2093
f 2093 3533 3529
f 2089 3530 3531
f 3533 3531 3532
f 3533 3532 3301
f 3533 3301 3529
f 3530 3300 3531
f 3301 3532 3300
f 3300 3530 3427
f 3427 3530 3299
f 3530 2088 3299
f 3298 3299 2088
f 3298 2088 2087
f 3298 2087 2114
f 3155 3298 3157
f 3157 3298 2114
f 2114 2118 3157
f 3157 2118 3017
f 3006 2111 2109
f 3006 2109 3135
f 3135 2109 3534
f 3135 3534 3319
f 2109 2085 3534
f 2085 3319 3534
f 3319 2085 2083
f 3319 2083 3318
f 3420 3318 3535
f 3420 3535 3421
f 3318 2083 3535
f 3536 3537 3538
f 2079 2082 3539
f 2083 2077 3535
f 2077 2079 3540
f 2079 3539 3538
f 2079 3538 3540
f 2077 3540 3535
f 3535 3540 3421
f 3539 3536 3538
f 3540 3538 3320
f 3540 3320 3421
f 3421 3320 3322
f 3538 3537 3320
f 3320 3537 3321
f 3425 3321 3537
f 3541 3425 3537
f 3541 3537 3536
f 3338 3425 3541
f 2082 3542 3536
f 3542 3541 3536
f 3536 3539 2082
f 3542 3338 3541
f 2082 2081 3543
f 2082 3543 3542
f 3543 3544 3542
f 3542 3544 3338
f 3337 3338 3544
f 3545 3337 3546
f 3546 3337 3544
f 3546 3544 3543
f 2108 2110 3547
f 3546 2108 3547
f 2107 2108 3546
f 2107 3546 3543
f 2107 3543 2081
f 3547 3545 3546
f 3547 3105 3545
f 3545 3105 3337
f 3105 3547 3005
f 2110 3005 3547
f 1885 3353 3356
f 3356 3353 3352
f 3356 3352 3357
f 3356 1894 1885
f 3345 3347 3346
f 3346 3347 3348
f 3346 3348 1859
f 3346 1859 1858
f 1893 1892 3364
f 1893 3364 3366
f 3366 3364 3365
f 3365 3364 3363
f 2448 2449 3328
f 2449 3313 3328
f 3328 3313 3315
f 3328 3315 3327
f 2431 2430 3306
f 3306 2430 3309
f 3306 3309 3307
f 3307 3309 3308
f 3307 3308 3305
f 2433 2432 3333
f 3333 2432 3336
f 3333 3336 3334
f 3334 3336 3335
f 3334 3335 3332
f 3548 1961 1960
f 1957 1953 1960
f 1960 1953 3548
f 1949 1946 1941
f 1941 1946 1937
f 1933 1932 1928
f 1928 1932 1924
f 1946 1945 1937
f 1937 1945 1938
f 1962 3548 1954
f 1954 3548 1953
f 1962 1961 3548
f 1932 1931 3145
f 1922 1924 3145
f 3145 1924 1932
f 2134 2140 3012
f 3012 2140 3018
f 2143 2135 3024
f 3024 2135 3023
f 3015 3019 2132
f 2132 3019 2131
f 1876 2139 1852
f 2139 1876 3022
f 2139 3022 2140
f 2140 3022 3018
f 3023 2135 3011
f 3011 2135 2134
f 3011 2134 3012
f 2131 3019 2442
f 2131 2442 2121
f 3015 2132 2136
f 3015 2136 3024
f 3024 2136 2143
f 2588 2183 3549
f 2182 3550 3549
f 2182 3549 2183
f 3550 2182 3551
f 2185 3551 2182
f 2185 2689 3551
f 2701 2216 3552
f 3552 2216 2219
f 3552 2219 3553
f 3553 2219 2587
f 2311 2420 2308
f 2586 2420 2311
f 2586 2311 2313
f 2586 2313 2314
f 2587 2586 3554
f 3554 2586 2314
f 3554 2314 2316
f 3553 2587 3554
f 2390 3555 2316
f 2316 3553 3554
f 2316 3555 3553
f 3553 3555 3552
f 3556 2744 3557
f 3556 3557 2701
f 3552 3555 3556
f 3552 3556 2701
f 2744 3556 2390
f 2390 3556 3555
f 3558 2658 2648
f 3559 2646 3560
f 3560 2646 3561
f 2749 3558 2648
f 2751 3562 3559
f 3563 2648 2649
f 2656 2643 3564
f 3561 2638 2701
f 2646 2638 3561
f 2646 3559 2643
f 2643 3559 3562
f 3562 3564 2643
f 2701 3557 3561
f 3562 2751 3564
f 3564 3565 2656
f 2656 3565 3566
f 2656 3566 2649
f 2649 3566 3563
f 3563 3567 2648
f 3561 3557 2745
f 2749 2648 2748
f 2748 2648 3567
f 3567 3563 2746
f 2746 3563 3566
f 3565 3564 2750
f 2750 3564 2751
f 2751 3559 2760
f 2760 3559 3560
f 2760 3560 2758
f 2758 3560 3561
f 2758 3561 2745
f 2745 3557 2744
f 2748 3567 2746
f 2746 3566 2755
f 2755 3566 3565
f 2755 3565 2753
f 2753 3565 2750
f 3568 2599 2598
f 3569 3568 2598
f 3570 2699 3571
f 3571 2699 3572
f 3573 2664 3574
f 3574 2664 3575
f 3569 2598 2773
f 2698 2700 2771
f 3571 3572 2768
f 3572 2665 2767
f 3574 3575 2764
f 2764 3575 2763
f 2774 3569 2773
f 2768 3572 2767
f 2770 3570 3571
f 2770 3571 2769
f 2769 3571 2768
f 3573 3574 2765
f 2765 3574 2764
f 2766 3573 2765
f 2700 2699 3570
f 3572 2699 2665
f 3575 2664 2663
f 2664 3573 2665
f 3558 2761 2658
f 2658 2761 2762
f 2658 2762 2663
f 2663 2762 3575
f 3570 2771 2700
f 2698 2773 2598
f 2762 2763 3575
f 3573 2766 2665
f 2665 2766 2767
f 3570 2770 2771
f 2771 2772 2698
f 2698 2772 2773
f 3558 2749 2761
f 2358 3576 3577
f 3578 2689 2685
f 3578 2685 2687
f 2687 2683 3579
f 2683 2690 3580
f 2690 2691 3581
f 3578 2687 3582
f 3577 3578 3582
f 3577 3582 2781
f 3580 2690 2788
f 2788 2690 3581
f 3581 2694 3583
f 3583 2694 3584
f 3582 3579 2785
f 2792 3579 3580
f 2791 3580 2788
f 2792 3580 2791
f 3583 3584 2775
f 2780 3577 2781
f 2781 3582 2782
f 2782 3582 2785
f 2785 3579 2792
f 2789 3581 2777
f 2777 3581 3583
f 2777 3583 2775
f 2775 3584 2786
f 2358 3577 2780
f 3568 3584 2599
f 2599 3584 2694
f 2694 3581 2691
f 2683 3580 3579
f 3579 3582 2687
f 3578 3577 3576
f 3578 3576 2689
f 3584 3568 3569
f 3581 2789 2788
f 3584 3569 2774
f 3584 2774 2786
f 2356 3585 2358
f 2358 3585 3576
f 3585 3550 3551
f 3585 3551 3576
f 3576 3551 2689
f 3549 2273 2588
f 2356 2273 3549
f 3549 3550 3585
f 3549 3585 2356
f 2273 2272 2588
f 2589 2280 1868
f 2278 2280 2589
f 2276 2278 2589
f 2272 2276 2588
f 2588 2276 2589
f 1848 2181 1862
f 1862 2181 2183
f 1848 2184 2181
f 1850 2184 1848
f 1850 2177 2184
f 2217 2218 2434
f 2434 2218 2440
f 2440 2218 2209
f 2421 2217 2434
f 2421 2219 2217
f 2161 2636 2672
f 2672 2163 2161
f 2671 2166 2163
f 2671 2163 2672
f 2166 2671 2674
f 2166 2674 2168
f 2168 2674 1840
f 2168 1840 1839
f 2679 2178 1836
f 2178 2679 2192
f 2192 2679 2678
f 2192 2678 2189
f 2189 2678 2676
f 2189 2676 2635
f 2189 2635 2190
f 3586 2673 3587
f 3587 2673 2670
f 3587 2670 3588
f 3588 2670 2669
f 3588 2669 3589
f 3589 2669 3590
f 3590 2669 2668
f 3590 2668 3591
f 3591 2668 2677
f 3591 2677 3592
f 3592 2677 2675
f 3592 2675 3586
f 3586 2675 2673
f 3591 3593 3594
f 3591 3594 3590
f 3590 3594 3595
f 3590 3595 3589
f 3589 3595 3596
f 3589 3596 3588
f 3588 3596 3597
f 3588 3597 3587
f 3587 3597 3598
f 3587 3598 3599
f 3587 3599 3586
f 3586 3599 3600
f 3586 3600 3592
f 3592 3600 3601
f 3592 3601 3591
f 3591 3601 3593
f 3600 3602 3601
f 3600 3603 3602
f 3603 3600 3604
f 3604 3600 3599
f 3604 3599 3605
f 3605 3599 3606
f 3606 3599 3598
f 3606 3598 3607
f 3607 3598 3597
f 3607 3597 3608
f 3609 3608 3597
f 3609 3597 3596
f 3596 3610 3609
f 3610 3596 3595
f 3595 3611 3610
f 3612 3613 3594
f 3594 3613 3595
f 3595 3613 3611
f 3614 3612 3594
f 3593 3614 3594
f 3593 3615 3614
f 3616 3601 3602
f 3607 3608 2796
f 3617 3604 3605
f 2874 3605 3606
f 2796 3608 3609
f 3606 3607 2891
f 2876 3603 3604
f 2876 3604 3617
f 3617 3605 2874
f 3618 3616 3602
f 3618 3602 2877
f 2877 3602 3603
f 2877 3603 2876
f 2891 3607 2796
f 2875 2874 3606
f 2875 3606 2891
f 2876 3617 2874
f 2796 3609 2797
f 3615 3593 3619
f 2797 3609 3610
f 3614 3615 3619
f 3610 3611 2843
f 3611 3613 2828
f 2828 3613 3612
f 2828 3612 3614
f 2828 3614 2794
f 2794 3614 3619
f 2797 3610 2843
f 2843 3611 2828
f 2794 3619 2793
f 2793 3619 3618
f 2877 2793 3618
f 3616 3618 3619
f 3616 3619 3601
f 3601 3619 3593
f 1837 1836 2178
f 3620 3621 3622
f 3623 3624 3625
f 3622 3621 3626
f 3627 3628 3629
f 3630 3631 3632
f 3633 3634 3635
f 3635 3634 3636
f 3635 3636 3637
f 3637 3636 3638
f 3633 3639 3634
f 3640 3641 3642
f 3643 3644 3645
f 3646 3647 3648
f 3649 3650 3651
f 3652 3653 3654
f 3652 3654 3655
f 3656 3657 3658
f 3659 3630 3660
f 3661 3662 3663
f 3664 3663 3665
f 3666 3667 3668
f 3667 3669 3668
f 3670 3671 3672
f 3673 3674 3675
f 3676 3677 3678
f 3676 3678 3679
f 3676 3679 3673
f 3680 3681 3682
f 3683 3684 3682
f 3682 3684 3680
f 3685 3686 3687
f 3683 3688 3684
f 3684 3688 3685
f 3687 3689 3690
f 3690 3689 3691
f 3690 3691 3692
f 3692 3691 3693
f 3687 3686 3694
f 3687 3694 3689
f 3695 3696 3697
f 3697 3696 3698
f 3699 3662 3700
f 3666 3664 3665
f 3638 3701 3637
f 3637 3701 3702
f 3702 3701 3703
f 3702 3703 3704
f 3704 3703 3705
f 3694 3625 3706
f 3694 3706 3707
f 3625 3624 3706
f 3707 3706 3708
f 3707 3708 3705
f 3705 3708 3704
f 3624 3709 3706
f 3706 3709 3710
f 3711 3712 3624
f 3710 3713 3706
f 3714 3623 3625
f 3714 3625 3715
f 3715 3625 3694
f 3715 3694 3686
f 3629 3628 3716
f 3717 3716 3718
f 3718 3716 3719
f 3718 3719 3720
f 3720 3719 3667
f 3720 3667 3721
f 3721 3667 3666
f 3628 3722 3716
f 3627 3629 3723
f 3627 3723 3724
f 3627 3724 3672
f 3710 3709 3725
f 3710 3725 3713
f 3713 3725 3726
f 3626 3621 3727
f 3728 3729 3718
f 3718 3729 3730
f 3718 3730 3717
f 3717 3730 3731
f 3717 3731 3732
f 3732 3731 3733
f 3732 3733 3629
f 3629 3733 3734
f 3709 3735 3725
f 3709 3624 3712
f 3709 3712 3735
f 3704 3713 3726
f 3736 3712 3711
f 3737 3735 3736
f 3738 3737 3736
f 3675 3739 3740
f 3675 3740 3673
f 3673 3740 3676
f 3676 3741 3677
f 3737 3738 3740
f 3676 3740 3742
f 3675 3674 3743
f 3675 3743 3670
f 3670 3672 3724
f 3712 3736 3735
f 3722 3744 3716
f 3716 3744 3745
f 3716 3745 3719
f 3719 3745 3667
f 3667 3745 3669
f 3746 3747 3748
f 3749 3750 3751
f 3748 3747 3752
f 3753 3754 3755
f 3755 3754 3756
f 3755 3756 3757
f 3757 3756 3750
f 3757 3750 3749
f 3758 3748 3759
f 3759 3748 3752
f 3760 3758 3761
f 3762 3758 3759
f 3759 3752 3763
f 3764 3639 3765
f 3765 3639 3766
f 3765 3766 3767
f 3767 3766 3768
f 3768 3766 3769
f 3768 3769 3770
f 3770 3769 3771
f 3770 3771 3772
f 3772 3771 3773
f 3774 3775 3776
f 3639 3633 3766
f 3766 3633 3777
f 3766 3777 3778
f 3766 3778 3769
f 3769 3778 3779
f 3769 3779 3771
f 3771 3779 3780
f 3771 3780 3773
f 3773 3780 3781
f 3773 3781 3782
f 3782 3781 3783
f 3782 3783 3775
f 3775 3783 3784
f 3775 3784 3785
f 3775 3785 3776
f 3776 3785 3786
f 3776 3786 3787
f 3787 3786 3788
f 3787 3788 3789
f 3789 3788 3790
f 3789 3790 3791
f 3792 3754 3753
f 3793 3794 3795
f 3795 3753 3796
f 3795 3796 3797
f 3746 3748 3760
f 3760 3761 3797
f 3795 3797 3798
f 3795 3798 3793
f 3799 3800 3801
f 3799 3801 3802
f 3802 3801 3803
f 3657 3804 3658
f 3658 3804 3803
f 3658 3803 3805
f 3805 3803 3801
f 3751 3806 3749
f 3755 3757 3796
f 3755 3796 3753
f 3792 3753 3795
f 3792 3795 3794
f 3807 3808 3809
f 3650 3810 3793
f 3793 3810 3808
f 3793 3808 3794
f 3811 3809 3808
f 3808 3810 3811
f 3651 3650 3793
f 3797 3812 3798
f 3761 3812 3797
f 3793 3798 3651
f 3651 3653 3649
f 3761 3758 3812
f 3812 3813 3798
f 3798 3813 3651
f 3655 3654 3657
f 3657 3654 3804
f 3804 3814 3803
f 3803 3814 3802
f 3763 3815 3759
f 3759 3815 3762
f 3762 3816 3758
f 3817 3799 3815
f 3815 3799 3802
f 3816 3802 3814
f 3763 3817 3815
f 3815 3802 3762
f 3762 3802 3816
f 3816 3814 3818
f 3818 3814 3804
f 3818 3804 3654
f 3651 3654 3653
f 3800 3819 3820
f 3800 3820 3801
f 3801 3820 3821
f 3801 3821 3805
f 3658 3822 3656
f 3656 3822 3823
f 3823 3822 3824
f 3823 3824 3825
f 3760 3748 3758
f 3758 3816 3812
f 3812 3816 3818
f 3812 3818 3813
f 3813 3818 3654
f 3813 3654 3651
f 3820 3826 3821
f 3827 3828 3826
f 3826 3828 3821
f 3829 3827 3830
f 3704 3726 3702
f 3702 3726 3734
f 3702 3734 3733
f 3777 3729 3728
f 3777 3728 3831
f 3777 3831 3778
f 3778 3831 3832
f 3778 3832 3779
f 3779 3832 3833
f 3779 3833 3780
f 3780 3833 3834
f 3780 3834 3781
f 3781 3834 3727
f 3781 3727 3621
f 3835 3836 3837
f 3838 3839 3830
f 3626 3727 3840
f 3840 3727 3834
f 3840 3834 3665
f 3665 3834 3833
f 3665 3833 3721
f 3721 3833 3832
f 3721 3832 3831
f 3721 3831 3720
f 3720 3831 3728
f 3720 3728 3718
f 3629 3734 3723
f 3723 3734 3726
f 3723 3726 3725
f 3841 3842 3843
f 3843 3842 3844
f 3845 3626 3699
f 3699 3626 3840
f 3666 3665 3721
f 3717 3732 3716
f 3716 3732 3629
f 3723 3725 3724
f 3724 3725 3739
f 3842 3620 3844
f 3844 3620 3622
f 3844 3622 3845
f 3845 3622 3626
f 3725 3735 3739
f 3739 3735 3737
f 3630 3829 3660
f 3846 3660 3829
f 3838 3830 3826
f 3835 3820 3819
f 3822 3828 3827
f 3822 3827 3847
f 3847 3827 3829
f 3830 3827 3826
f 3835 3826 3820
f 3846 3829 3839
f 3839 3829 3830
f 3838 3826 3837
f 3837 3826 3835
f 3836 3835 3819
f 3836 3848 3837
f 3837 3848 3849
f 3846 3841 3660
f 3660 3841 3659
f 3659 3841 3843
f 3849 3790 3839
f 3839 3790 3850
f 3839 3850 3846
f 3846 3850 3841
f 3837 3849 3838
f 3838 3849 3839
f 3851 3659 3843
f 3851 3843 3700
f 3852 3851 3853
f 3853 3851 3700
f 3665 3663 3662
f 3665 3662 3699
f 3630 3632 3829
f 3829 3632 3847
f 3847 3632 3822
f 3822 3632 3824
f 3854 3842 3841
f 3700 3845 3699
f 3699 3840 3665
f 3805 3821 3828
f 3805 3828 3658
f 3658 3828 3822
f 3623 3711 3624
f 3706 3713 3708
f 3708 3713 3704
f 3702 3733 3637
f 3637 3733 3731
f 3637 3731 3635
f 3635 3731 3730
f 3635 3730 3633
f 3633 3730 3729
f 3633 3729 3777
f 3783 3781 3621
f 3783 3621 3784
f 3784 3621 3620
f 3784 3620 3785
f 3785 3620 3842
f 3785 3842 3786
f 3786 3842 3854
f 3786 3854 3788
f 3788 3854 3850
f 3788 3850 3790
f 3855 3856 3648
f 3648 3856 3857
f 3646 3648 3857
f 3855 3858 3856
f 3856 3858 3645
f 3645 3858 3643
f 3644 3859 3860
f 3860 3859 3861
f 3643 3862 3644
f 3644 3862 3863
f 3644 3863 3859
f 3859 3863 3864
f 3859 3864 3641
f 3859 3641 3861
f 3861 3641 3640
f 3640 3865 3861
f 3866 3640 3642
f 3751 3640 3806
f 3806 3640 3866
f 3867 3764 3765
f 3765 3767 3768
f 3868 3817 3869
f 3642 3870 3866
f 3865 3640 3751
f 3670 3724 3675
f 3675 3724 3739
f 3740 3739 3737
f 3741 3676 3742
f 3701 3693 3691
f 3701 3691 3703
f 3703 3691 3705
f 3705 3691 3689
f 3705 3689 3707
f 3707 3689 3694
f 3715 3686 3688
f 3688 3686 3685
f 3848 3791 3849
f 3849 3791 3790
f 3850 3854 3841
f 3843 3844 3700
f 3700 3844 3845
f 3853 3700 3662
f 3871 3772 3773
f 3871 3773 3782
f 3871 3782 3872
f 3872 3782 3775
f 3872 3775 3774
f 3873 3774 3776
f 3873 3776 3874
f 3874 3776 3787
f 3874 3787 3875
f 3875 3787 3789
f 3875 3789 3876
f 3876 3789 3791
f 3876 3791 3877
f 3877 3791 3848
f 3877 3848 3878
f 3878 3848 3836
f 3878 3836 3879
f 3879 3836 3819
f 3879 3819 3880
f 3880 3819 3800
f 3880 3800 3868
f 3868 3800 3799
f 3868 3799 3817
f 3869 3817 3763
f 3869 3763 3881
f 3881 3763 3752
f 3881 3752 3870
f 3870 3752 3866
f 3866 3752 3747
f 3866 3747 3746
f 3866 3746 3806
f 3806 3746 3749
f 3749 3746 3760
f 3749 3760 3757
f 3757 3760 3796
f 3796 3760 3797
f 3807 3794 3808
f 3810 3650 3882
f 3883 3884 3885
f 3885 3884 3886
f 3885 3886 3887
f 3887 3886 3888
f 3887 3888 3889
f 3889 3888 3890
f 3891 3892 3893
f 3893 3892 3894
f 3892 3891 3895
f 3895 3891 3896
f 3895 3896 3897
f 3898 3899 3900
f 3900 3899 3901
f 3900 3901 3902
f 3902 3901 3903
f 3902 3903 3904
f 3905 3906 3907
f 3907 3906 3908
f 3905 3909 3906
f 3905 3910 3909
f 3909 3910 3911
f 3911 3910 3912
f 3913 3914 3915
f 3913 3915 3916
f 3915 3917 3916
f 3916 3917 3918
f 3916 3918 3919
f 3920 3921 3922
f 3922 3921 3923
f 3922 3923 3924
f 3924 3923 3925
f 3924 3925 3926
f 3927 3928 3929
f 3929 3928 3930
f 3929 3930 3931
f 3931 3930 3932
f 3931 3932 3933
f 3934 3935 3936
f 3934 3936 3937
f 3938 3939 3937
f 3938 3937 3936
f 3939 3938 3940
f 3940 3938 3941
f 3942 3941 3943
f 3943 3941 3938
f 3944 3945 3943
f 3943 3945 3942
f 3944 3946 3945
f 3946 3944 3947
f 3946 3947 3948
f 3949 3950 3947
f 3947 3950 3951
f 3947 3951 3948
f 3949 3952 3950
f 3953 3954 3955
f 3953 3955 3949
f 3949 3955 3952
f 3956 3957 3953
f 3953 3957 3954
f 3956 3958 3957
f 3959 3960 3956
f 3956 3960 3958
f 3959 3961 3960
f 3959 3962 3963
f 3959 3963 3961
f 3964 3965 3966
f 3967 3968 3969
f 3968 3970 3971
f 3971 3972 3964
f 3971 3973 3974
f 3975 3976 3977
f 3969 3968 3971
f 3969 3971 3974
f 3978 3979 3980
f 3977 3976 3981
f 3981 3976 3982
f 3981 3982 3983
f 3981 3983 3984
f 3984 3983 3985
f 3984 3985 3986
f 3986 3985 3987
f 3986 3987 3988
f 3988 3987 3989
f 3988 3989 3990
f 3990 3989 3991
f 3990 3991 3992
f 3992 3991 3993
f 3993 3991 3994
f 3993 3994 3969
f 3969 3994 3967
f 3980 3979 3995
f 3996 3978 3980
f 3997 3998 3999
f 3999 3998 4000
f 3999 4000 3996
f 3996 4000 4001
f 3996 4001 3978
f 3977 4002 3975
f 3975 4002 4003
f 3975 4003 4004
f 4004 4003 4005
f 4004 4005 4006
f 4006 4005 4007
f 4006 4007 4008
f 4008 4007 4009
f 4008 4009 4010
f 4010 4009 4011
f 4010 4011 4012
f 4012 4011 4013
f 4012 4013 3997
f 3997 4013 4014
f 3997 4014 3998
f 3971 3966 3973
f 3980 3995 3971
f 3971 3970 3980
f 3964 3966 3971
f 4015 4016 4017
f 4017 4018 4015
f 4015 4018 4019
f 4019 4018 4020
f 4021 4022 4023
f 4023 4022 4024
f 4023 4024 4025
f 4025 4024 4026
f 4027 4028 4029
f 4029 4028 4030
f 4029 4030 4031
f 4031 4030 4032
f 4033 4034 4035
f 4035 4034 4036
f 4025 4035 4036
f 4037 4025 4036
f 4023 4038 4039
f 4039 4038 4040
f 4039 4040 4041
f 4039 4041 4042
f 3896 4034 4033
f 4023 4037 4038
f 4025 4037 4023
f 4042 3896 3891
f 4034 3896 4042
f 4034 4042 4041
f 3903 4043 4044
f 4044 4043 4045
f 4043 3903 3901
f 4044 4045 4046
f 3893 4047 4048
f 4049 4048 4050
f 4049 4050 4051
f 4051 4050 4052
f 4046 4045 4047
f 4045 4048 4047
f 3891 3893 4049
f 4043 3901 4053
f 4043 4053 4052
f 4051 4052 4053
f 4049 3893 4048
f 4054 4055 3912
f 3899 4056 4057
f 3901 3899 4058
f 4058 4057 4059
f 4058 4059 4060
f 3912 3910 4061
f 4062 4063 4054
f 4060 4059 4064
f 4055 4054 4063
f 4054 4065 4062
f 4058 3899 4057
f 4062 4065 4056
f 4056 4065 4057
f 4054 3912 4061
f 4054 4061 4064
f 4064 4061 4060
f 4061 3910 3905
f 4066 4067 4068
f 4069 4070 4071
f 3907 4072 4071
f 4069 4071 4072
f 4068 4067 4073
f 3918 4070 4074
f 4075 4076 4066
f 4066 4076 4067
f 4077 4070 4069
f 4070 4077 4074
f 3905 3907 4075
f 4075 3907 4076
f 4068 3918 3917
f 4071 4076 3907
f 4070 3918 4073
f 4068 4073 3918
f 4078 4079 4080
f 4080 4079 4081
f 4082 4083 4084
f 4082 4084 4085
f 4081 4086 4080
f 4079 4085 4084
f 3925 3923 4085
f 4081 4087 4086
f 4086 4087 4088
f 4088 4087 3914
f 4083 4082 4087
f 4087 4082 4089
f 3915 3914 4087
f 3917 3915 4089
f 4089 3915 4087
f 3925 4079 4078
f 4079 3925 4085
f 4090 4091 4092
f 4093 4094 4090
f 4093 4090 4092
f 4095 4096 4093
f 4093 4096 4094
f 4091 3932 3930
f 3932 4097 4098
f 4099 4097 4100
f 4100 4097 4101
f 4098 4097 4099
f 4100 4101 4102
f 4102 4101 3921
f 4092 4091 3930
f 4097 3932 4091
f 3923 3921 4095
f 4101 4096 3921
f 3921 4096 4095
f 3928 4103 4104
f 3930 3928 4105
f 4106 4107 4108
f 4108 4109 4106
f 4106 4109 3888
f 4110 4111 4103
f 4103 4111 4104
f 4105 3928 4104
f 4105 4104 4107
f 4112 4113 4114
f 4113 4111 4114
f 4114 4111 4110
f 4105 4107 4106
f 3890 4109 4113
f 3890 4113 4112
f 4109 3890 3888
f 4115 4116 4117
f 4116 4118 4117
f 3884 4115 4119
f 4120 4029 4121
f 4121 4029 4122
f 4115 4117 4119
f 4029 4120 4123
f 4118 4116 4027
f 4122 4119 4121
f 4124 4119 4122
f 4029 4123 4027
f 4027 4123 4118
f 4124 3884 4119
f 3886 3884 4124
f 4125 4126 4127
f 4125 4127 4128
f 4129 4130 4131
f 4130 4132 4131
f 4131 4132 4133
f 4134 4135 4136
f 4137 4135 4129
f 3948 4138 4129
f 3948 4129 4135
f 4138 4130 4129
f 4139 4133 4140
f 4133 4139 4131
f 4141 4142 4126
f 4141 4126 4125
f 4141 4143 4144
f 4128 4145 4125
f 4125 4145 4146
f 4146 4145 4147
f 4137 4147 4136
f 4146 4139 4125
f 4125 4139 4141
f 4147 4137 4129
f 4147 4129 4146
f 4142 4141 4144
f 4142 4144 3646
f 3646 4144 3647
f 4136 4135 4137
f 4129 4131 4146
f 4146 4131 4139
f 4141 4139 4140
f 4141 4140 4143
f 4148 4149 4150
f 4151 4149 4152
f 4152 4148 4153
f 4154 2290 4155
f 4156 4157 4154
f 4156 4154 4158
f 4158 4154 4155
f 4159 4160 4161
f 4159 4161 4162
f 4163 4164 4165
f 4166 4167 4168
f 4156 4158 4169
f 4170 4171 4156
f 4170 4156 4169
f 4151 4152 4158
f 4158 4152 4169
f 4152 4149 4148
f 4134 4136 4172
f 4171 4170 4172
f 4162 4172 4136
f 4162 4136 4147
f 4128 4159 4145
f 4145 4159 4162
f 4145 4162 4147
f 4152 4153 4169
f 4169 4153 4134
f 4169 4134 4170
f 4170 4134 4172
f 4160 4159 4173
f 4160 4173 4174
f 4160 4174 4163
f 4164 4163 4174
f 4162 4161 4175
f 4164 4176 4165
f 4167 4166 4165
f 4167 4165 4176
f 4171 4175 4156
f 4156 4175 4157
f 4155 4151 4158
f 4175 4171 4162
f 4162 4171 4172
f 4159 4128 4173
f 4177 4178 4179
f 4178 4180 3698
f 4178 4177 4181
f 4182 4181 4183
f 4183 4181 4177
f 4149 4177 4179
f 4184 4185 4186
f 4186 4185 4187
f 4151 4184 4149
f 4185 4184 4155
f 4155 4184 4151
f 4188 4189 4190
f 4179 4150 4149
f 4177 4149 4183
f 4182 4191 4188
f 4188 4192 4189
f 4193 4194 4192
f 4183 4149 4184
f 4183 4184 4186
f 4194 4193 4195
f 4195 4193 4196
f 4197 3695 3697
f 4190 4197 3697
f 4190 3697 4180
f 4180 4178 4181
f 4180 4181 4190
f 3698 4180 3697
f 4185 4155 2290
f 4185 2290 4198
f 4183 4186 4182
f 4182 4186 4187
f 4182 4187 4191
f 4188 4191 4193
f 4188 4193 4192
f 4185 4198 4187
f 4187 4198 4199
f 4187 4199 4196
f 4187 4196 4191
f 4191 4196 4193
f 4181 4182 4188
f 4181 4188 4190
f 4197 4190 4189
f 4200 4201 4202
f 4203 4204 4205
f 4200 4206 4207
f 4208 4209 4210
f 4211 4212 4213
f 4213 4212 4209
f 4213 4209 4208
f 4211 2332 4212
f 4205 4204 4214
f 4205 4214 4215
f 4214 4216 4215
f 4215 4216 4207
f 4207 4216 4200
f 4206 4200 4202
f 4210 4217 4208
f 4218 4219 4210
f 4210 4219 4217
f 4202 4201 4219
f 4201 4220 4219
f 4206 4202 4218
f 4218 4202 4219
f 4221 4222 4223
f 4223 4224 4221
f 4222 4221 4225
f 4226 4227 4228
f 4228 4227 4229
f 4228 4229 4222
f 4222 4229 4230
f 4222 4230 4223
f 4219 4220 4224
f 4219 4224 4217
f 4217 4224 4223
f 4230 4208 4223
f 4223 4208 4217
f 4222 4225 4228
f 4227 4211 4229
f 4229 4211 4213
f 4229 4213 4230
f 4230 4213 4208
f 4231 4232 4233
f 4234 4235 2590
f 4236 4237 2593
f 4232 4238 4236
f 4239 4240 4241
f 4242 4243 3860
f 4173 4128 4127
f 4244 4201 4200
f 4245 4246 4244
f 4247 4248 4249
f 4249 4248 4250
f 4249 4250 4251
f 4251 4250 4252
f 4251 4252 4253
f 4253 4252 4254
f 4253 4254 4255
f 4255 4254 4256
f 4255 4256 4257
f 4257 4256 4258
f 4257 4258 4259
f 4259 4258 4260
f 4259 4260 4261
f 4261 4260 4262
f 4261 4262 4263
f 4263 4262 4264
f 4263 4264 4265
f 4265 4264 4266
f 4265 4266 4241
f 4247 4214 4248
f 4248 4214 4204
f 4248 4204 4250
f 4250 4204 4203
f 4250 4203 4252
f 4252 4203 4267
f 4252 4267 4254
f 4254 4267 4268
f 4254 4268 4256
f 4256 4268 4269
f 4256 4269 4258
f 4258 4269 4270
f 4258 4270 4260
f 4260 4270 4271
f 4260 4271 4262
f 4262 4271 4272
f 4262 4272 4264
f 4264 4272 4273
f 4264 4273 4168
f 4264 4168 4266
f 4127 4274 4174
f 4174 4274 4164
f 4174 4173 4127
f 3860 4243 4275
f 3860 4275 3644
f 4276 3856 3645
f 4275 4265 4276
f 4275 4276 3644
f 4265 4240 4276
f 3644 4276 3645
f 4241 4240 4265
f 4277 4239 4278
f 4278 4239 4279
f 4280 4176 4278
f 4266 4167 4280
f 4279 4280 4278
f 4277 4142 3646
f 3646 3857 4277
f 4277 3857 4239
f 4279 4241 4280
f 4280 4241 4266
f 4167 4266 4168
f 4167 4176 4280
f 4278 4274 4277
f 4277 4274 4126
f 4277 4126 4142
f 4281 3809 3811
f 3794 4282 3792
f 4283 3756 4284
f 3754 4284 3756
f 3860 3861 4242
f 4242 3861 4285
f 4285 3861 3865
f 4285 3865 4286
f 4286 3865 3751
f 4286 3751 4287
f 4287 3751 3750
f 4287 3750 4288
f 4288 3750 3756
f 4288 3756 4283
f 4249 3792 4247
f 4247 3792 4282
f 4200 4216 4289
f 4245 4289 4290
f 3809 4281 4291
f 3809 4291 4292
f 4292 4291 4293
f 4292 4293 4290
f 4290 4293 4246
f 4290 4246 4245
f 4289 4245 4244
f 4289 4244 4200
f 4294 4289 4247
f 4247 4289 4214
f 3807 3809 4292
f 3807 4292 4294
f 4294 4292 4290
f 4294 4290 4289
f 4289 4216 4214
f 4239 3857 3856
f 4239 3856 4240
f 4240 3856 4276
f 4263 4265 4275
f 4263 4275 4261
f 4261 4275 4243
f 4261 4243 4259
f 4259 4243 4242
f 4259 4242 4257
f 4257 4242 4285
f 4257 4285 4286
f 4257 4286 4255
f 4255 4286 4287
f 4255 4287 4253
f 4253 4287 4288
f 4253 4288 4251
f 4251 4288 4283
f 4251 4283 4249
f 4249 4283 4284
f 4249 4284 3792
f 4284 3754 3792
f 4176 4164 4278
f 4278 4164 4274
f 4274 4127 4126
f 4279 4239 4241
f 4294 4247 4282
f 4294 4282 3807
f 3807 4282 3794
f 2590 4295 4296
f 4297 4298 2593
f 4299 4300 4301
f 4299 4302 4300
f 4303 4302 4299
f 4304 4302 4303
f 4304 4295 4302
f 4297 2593 4237
f 4298 4297 4305
f 4298 4305 4300
f 4300 4305 4301
f 4304 4296 4295
f 3695 4306 3681
f 3681 4306 3682
f 4189 3682 4306
f 4189 4306 4197
f 4307 3688 4308
f 4308 3688 3683
f 4197 4306 3695
f 4309 4310 4307
f 4311 4307 4308
f 4307 4311 4312
f 4307 4312 4309
f 3682 4189 4313
f 3682 4313 3683
f 3683 4313 4314
f 3683 4314 4308
f 4314 4313 4315
f 4313 4192 4194
f 4194 4316 4313
f 4313 4316 4315
f 4189 4192 4313
f 4232 4317 4238
f 4318 4309 4319
f 4320 4319 4309
f 4321 4319 4320
f 4322 4323 4324
f 4322 4324 3711
f 4317 4231 4325
f 4325 4326 4323
f 4327 4322 3714
f 3714 4322 3623
f 4328 4317 4325
f 4328 4325 4327
f 4327 4325 4323
f 4327 4323 4322
f 3623 4322 3711
f 4318 4319 3714
f 4318 3714 3715
f 4321 4328 4327
f 4321 4327 4319
f 4319 4327 3714
f 4316 4194 4195
f 4314 4311 4308
f 4307 4310 3688
f 3688 4310 3715
f 3715 4310 4318
f 4318 4310 4309
f 4329 3671 3670
f 4330 4331 4332
f 3743 4333 3670
f 4334 4335 4336
f 4336 4335 4329
f 4336 4337 4334
f 4338 4339 4340
f 4340 4339 4341
f 4338 4342 4339
f 3662 3661 4342
f 3853 4343 4344
f 4345 4346 4347
f 4343 3853 4346
f 4346 3853 4347
f 3632 4348 4347
f 4347 4348 4345
f 3632 4349 4348
f 3824 4350 4351
f 4352 4353 4354
f 4355 4356 3653
f 4357 4358 4359
f 3653 4360 4361
f 4355 4361 4362
f 4363 4364 3824
f 4363 3824 3632
f 3632 4365 4363
f 3662 4366 3853
f 3853 4366 4347
f 3632 4347 4365
f 4366 3662 4367
f 4367 3662 4338
f 3662 4342 4338
f 3745 4368 4340
f 3745 4340 4341
f 3745 4369 4368
f 3670 4370 4336
f 3670 4371 4370
f 4372 4371 3670
f 4373 4372 4330
f 4330 4374 4373
f 3741 4330 3677
f 3669 3745 4341
f 3677 4330 4332
f 4369 3745 4336
f 4336 3745 4337
f 4337 3745 3744
f 3670 4336 4329
f 4330 4372 4331
f 4331 4372 4333
f 4333 4372 3670
f 4352 4354 3653
f 4375 3653 4356
f 4376 4377 4357
f 4350 4354 4353
f 4350 3824 4354
f 3653 4354 4360
f 4355 4362 4357
f 4357 4362 4358
f 3811 3810 4378
f 4379 3649 3653
f 3882 4380 4357
f 3882 4357 3810
f 3810 4357 4378
f 3652 4352 3653
f 4379 3653 4375
f 4380 4376 4357
f 3653 4361 4355
f 4377 4355 4357
f 3825 3824 4351
f 3824 4364 4354
f 3631 4349 3632
f 3853 4344 3852
f 4381 4382 4383
f 4384 4385 4386
f 4386 4385 4387
f 4386 4387 4388
f 4389 4390 4391
f 4391 4390 4392
f 4387 4392 4388
f 4393 4394 4395
f 4395 4396 4393
f 4390 4397 4396
f 4398 4399 4374
f 4398 4400 4399
f 4400 4398 4401
f 4389 4402 4401
f 4403 4404 4405
f 4404 4406 4405
f 4405 4406 4388
f 4388 4406 4407
f 4388 4407 4408
f 3811 4378 4386
f 3811 4386 4408
f 4408 4386 4388
f 4386 4378 4409
f 4405 4410 4403
f 4392 4390 4405
f 4392 4405 4388
f 4390 4410 4405
f 4409 4384 4386
f 4378 4357 4409
f 4357 4411 4409
f 4359 4402 4389
f 4411 4357 4412
f 4357 4359 4389
f 4357 4389 4412
f 4398 4397 4390
f 4413 4414 4330
f 4330 4414 4374
f 4401 4398 4390
f 4415 4416 4417
f 3741 4415 4417
f 3741 4417 4330
f 4381 4383 4418
f 4419 4418 4383
f 4417 4418 4419
f 4417 4419 4330
f 4419 4413 4330
f 4398 4374 4414
f 4418 4417 4416
f 4418 4416 4381
f 4420 4395 4394
f 4420 4403 4395
f 4410 4395 4403
f 4389 4401 4390
f 4410 4390 4396
f 4410 4396 4395
f 4421 4321 4422
f 4422 4321 4320
f 4320 4309 4423
f 4423 4309 4312
f 4238 4317 4328
f 4328 4321 4424
f 4236 4238 4425
f 4425 4238 4328
f 4425 4328 4424
f 4195 4235 4316
f 4235 4315 4316
f 4314 4426 4311
f 4423 4312 4427
f 4427 4311 4426
f 4428 4426 4315
f 4315 4426 4314
f 4429 4427 4426
f 4429 4426 4428
f 4428 4315 4234
f 4234 4315 4235
f 4428 4304 4303
f 4234 2590 4296
f 4234 4296 4428
f 4428 4296 4304
f 4421 4424 4321
f 4427 4312 4311
f 4237 4236 4425
f 4237 4425 4297
f 4297 4425 4424
f 4297 4424 4305
f 4305 4424 4421
f 4305 4421 4422
f 4305 4422 4301
f 4301 4422 4320
f 4301 4320 4423
f 4301 4423 4299
f 4299 4423 4427
f 4299 4427 4429
f 4299 4429 4303
f 4303 4429 4428
f 4430 4382 4431
f 4432 4433 4434
f 4381 4433 4432
f 4381 4432 4431
f 4435 4434 4433
f 4435 4433 4436
f 4226 4228 4437
f 4435 4436 4437
f 4434 4228 4225
f 4435 4228 4434
f 4438 4439 4440
f 4440 4439 4225
f 4440 4225 4221
f 4438 4440 4441
f 4225 4439 4434
f 4441 4442 4443
f 4444 4441 4440
f 4440 4221 4445
f 4446 4445 4221
f 4446 4221 4224
f 4201 4244 4246
f 4420 4443 4404
f 4443 4442 4404
f 4404 4442 4447
f 4404 4447 4406
f 4441 4444 4442
f 3811 4408 4281
f 4281 4408 4407
f 4446 4224 4448
f 4449 4450 4406
f 4293 4291 4450
f 4451 4293 4450
f 4224 4220 4452
f 4224 4452 4448
f 4448 4452 4451
f 4451 4450 4449
f 4291 4281 4450
f 4450 4281 4407
f 4450 4407 4406
f 4449 4447 4442
f 4449 4442 4451
f 4451 4442 4444
f 4451 4444 4448
f 4448 4444 4446
f 4415 4453 4416
f 4431 4382 4381
f 4443 4420 4394
f 4443 4394 4454
f 4443 4454 4430
f 4443 4430 4431
f 4416 4453 4433
f 4416 4433 4381
f 4432 4438 4431
f 4431 4438 4441
f 4431 4441 4443
f 4453 4436 4433
f 4403 4420 4404
f 4220 4201 4452
f 4452 4201 4246
f 4452 4246 4451
f 4451 4246 4293
f 4444 4440 4445
f 4444 4445 4446
f 4435 4437 4228
f 4434 4439 4432
f 4432 4439 4438
f 4447 4449 4406
f 4453 4437 4436
f 3742 4453 4415
f 3742 4415 3741
f 3742 3740 4455
f 4453 3742 4455
f 4453 4455 4456
f 4453 4456 4437
f 4455 3738 4457
f 4458 4324 4459
f 4458 4459 4460
f 4457 3738 3736
f 4324 4323 4326
f 4461 4462 4463
f 4459 4464 4463
f 4459 4463 4462
f 4461 4463 4233
f 4233 4463 4231
f 4232 4231 4317
f 4463 4465 4231
f 4231 4465 4326
f 4231 4326 4325
f 4463 4464 4465
f 4465 4464 4326
f 4466 2332 4467
f 4467 2332 4211
f 4467 4211 4468
f 4468 4211 4227
f 4227 4226 4468
f 4461 4466 4462
f 4462 4466 4467
f 4462 4467 4459
f 4459 4467 4468
f 4459 4468 4460
f 4460 4468 4456
f 4468 4226 4456
f 4456 4226 4437
f 3711 4324 3736
f 3736 4324 4458
f 3736 4458 4457
f 4457 4458 4460
f 3740 3738 4455
f 4455 4457 4456
f 4456 4457 4460
f 4459 4324 4464
f 4464 4324 4326
f 4469 4470 4270
f 4272 4271 4471
f 4471 4271 4270
f 4471 4270 4470
f 4160 4163 4472
f 4472 4163 4473
f 4168 4471 4474
f 4471 4168 4273
f 4474 4166 4168
f 4298 4300 4475
f 4469 4270 4269
f 4469 4269 4476
f 4476 4269 4268
f 4471 4273 4272
f 4473 4165 4474
f 4474 4165 4166
f 4473 4163 4165
f 4477 4161 4160
f 4477 4160 4472
f 4478 4157 1897
f 4478 4154 4157
f 4479 4195 4196
f 4300 4480 4475
f 4205 4481 4482
f 1897 4175 4477
f 4483 2590 4484
f 4484 2590 4235
f 4233 4485 4461
f 4485 4233 4232
f 4485 4466 4461
f 4466 4486 2332
f 4487 4212 4486
f 4486 4212 2332
f 4488 4489 4218
f 1897 4157 4175
f 4490 2290 4154
f 4490 4154 4478
f 4490 4199 4198
f 4490 4198 2290
f 4479 4196 4490
f 4490 4196 4199
f 4483 4295 2590
f 4302 4483 4480
f 4302 4480 4300
f 4212 4487 4209
f 4209 4487 1921
f 4207 4206 4489
f 4489 4206 4218
f 4205 4215 4481
f 4476 4203 4205
f 4476 4205 4482
f 4476 4268 4267
f 4476 4267 4203
f 4484 4235 4479
f 4479 4235 4195
f 4475 2593 4298
f 4491 4236 4475
f 4475 4236 2593
f 4486 4466 4485
f 4481 4215 4207
f 4481 4207 4489
f 4477 4175 4161
f 4302 4295 4483
f 4485 4232 4491
f 4491 4232 4236
f 4218 4210 4488
f 4488 4210 1921
f 4210 4209 1921
f 4492 4493 4494
f 4494 4493 4495
f 4494 4495 4496
f 4496 4495 4497
f 4496 4497 4498
f 4498 4497 4499
f 4498 4499 4500
f 4500 4499 4501
f 4500 4501 4502
f 4502 4501 4503
f 4502 4503 4504
f 4504 4503 1896
f 1896 4503 4505
f 1896 4505 4506
f 4506 4505 4507
f 4506 4507 4508
f 4508 4507 4509
f 4508 4509 4510
f 4510 4509 4511
f 4510 4511 4512
f 4512 4511 4513
f 4512 4513 4514
f 4514 4513 4515
f 4514 4515 4516
f 4515 4517 4516
f 4516 4517 4518
f 4518 4517 4519
f 4518 4519 4520
f 4518 4520 4521
f 4521 4520 4522
f 4521 4522 4523
f 4523 4522 4524
f 4523 4524 4525
f 4525 4524 4526
f 4525 4526 4527
f 4527 4526 4528
f 4527 4528 1920
f 1920 4528 4529
f 4529 4528 4530
f 4529 4530 4531
f 4531 4530 4532
f 4531 4532 4533
f 4533 4532 4534
f 4533 4534 4535
f 4535 4534 4536
f 4535 4536 4537
f 4537 4536 4538
f 4537 4538 4539
f 4537 4539 4492
f 4492 4539 4493
f 1897 1896 4506
f 1897 4506 4478
f 4478 4506 4508
f 4478 4508 4490
f 4490 4508 4510
f 4490 4510 4479
f 4479 4510 4512
f 4479 4512 4484
f 4484 4512 4514
f 4484 4514 4483
f 4483 4514 4516
f 4483 4516 4480
f 4480 4516 4518
f 4480 4518 4475
f 4475 4518 4521
f 4475 4521 4491
f 4491 4521 4523
f 4491 4523 4485
f 4485 4523 4525
f 4485 4525 4486
f 4486 4525 4527
f 4486 4527 4487
f 4487 4527 1920
f 4487 1920 1921
f 1897 4477 1896
f 1896 4477 4504
f 4488 4529 4531
f 4488 4531 4489
f 4489 4531 4533
f 4489 4533 4481
f 4481 4533 4535
f 4481 4535 4482
f 4482 4535 4537
f 4482 4537 4476
f 4476 4537 4492
f 4476 4492 4469
f 4469 4492 4494
f 4469 4494 4470
f 4470 4494 4496
f 4470 4496 4471
f 4471 4496 4498
f 4471 4498 4474
f 4474 4498 4473
f 4473 4498 4500
f 4473 4500 4472
f 4472 4500 4502
f 4472 4502 4504
f 4472 4504 4477
f 4488 1921 4529
f 4529 1921 1920
f 4540 4541 4542
f 4542 4541 4543
f 4542 4543 4544
f 4544 4543 4545
f 4544 4545 4546
f 4546 4545 4547
f 4546 4547 4548
f 4548 4547 4549
f 4548 4549 4550
f 4550 4549 4551
f 4550 4551 4552
f 4553 4554 4555
f 4555 4554 4556
f 4555 4556 4557
f 4557 4556 4558
f 4557 4558 4559
f 4559 4558 4560
f 4560 4558 4561
f 4560 4561 4562
f 4562 4561 4563
f 4562 4563 4564
f 4562 4564 4540
f 4540 4564 4541
f 4551 4565 4552
f 4552 4565 4566
f 4552 4566 4567
f 4567 4566 4568
f 4567 4568 4569
f 4569 4568 4570
f 4569 4570 4571
f 4571 4570 4572
f 4571 4572 4573
f 4573 4572 4574
f 4573 4574 4575
f 4574 4576 4575
f 4575 4576 4577
f 4575 4577 4578
f 4578 4577 4579
f 4578 4579 4580
f 4580 4579 4581
f 4580 4581 4582
f 4582 4581 4583
f 4582 4583 4584
f 4584 4583 4585
f 4584 4585 4586
f 4586 4585 4553
f 4553 4585 4587
f 4553 4587 4554
f 4558 4505 4561
f 4561 4505 4503
f 4561 4503 4563
f 4563 4503 4501
f 4563 4501 4564
f 4564 4501 4499
f 4564 4499 4541
f 4541 4499 4497
f 4541 4497 4543
f 4543 4497 4495
f 4543 4495 4545
f 4545 4495 4493
f 4545 4493 4547
f 4547 4493 4539
f 4547 4539 4549
f 4549 4539 4551
f 4551 4539 4538
f 4551 4538 4536
f 4551 4536 4565
f 4565 4536 4534
f 4565 4534 4566
f 4566 4534 4532
f 4566 4532 4568
f 4568 4532 4530
f 4568 4530 4570
f 4570 4530 4572
f 4572 4530 4528
f 4572 4528 4526
f 4572 4526 4574
f 4574 4526 4524
f 4574 4524 4576
f 4576 4524 4522
f 4576 4522 4577
f 4577 4522 4520
f 4577 4520 4579
f 4579 4520 4581
f 4581 4520 4519
f 4581 4519 4517
f 4581 4517 4583
f 4583 4517 4515
f 4583 4515 4585
f 4585 4515 4513
f 4585 4513 4587
f 4587 4513 4511
f 4587 4511 4554
f 4554 4511 4509
f 4554 4509 4556
f 4556 4509 4507
f 4556 4507 4558
f 4558 4507 4505
f 3685 4588 3684
f 4589 3772 3871
f 4589 3871 4590
f 4589 3770 3772
f 3867 4591 4592
f 4593 3867 4592
f 3870 4594 3881
f 3880 3868 4595
f 4590 3871 3872
f 4590 3872 4596
f 4596 3872 3774
f 4597 3869 4594
f 4594 3869 3881
f 4595 3868 4597
f 4597 3868 3869
f 3875 3876 4598
f 4598 3876 4599
f 4600 3962 4601
f 3765 3768 4589
f 4589 3768 3770
f 3642 3641 4602
f 4603 3879 4595
f 4595 3879 3880
f 4599 3878 4603
f 4603 3878 3879
f 4604 4593 4592
f 3867 3765 4589
f 3867 4589 4591
f 3876 3877 4599
f 4599 3877 3878
f 3875 4598 3874
f 3874 4598 4596
f 4596 3774 3873
f 4596 3873 3874
f 3685 4605 4588
f 4594 3870 4606
f 4602 3962 4606
f 4606 3962 4600
f 4607 3935 4608
f 4608 3935 4609
f 4609 3935 4605
f 3870 3642 4606
f 4601 3962 4610
f 4610 3962 3959
f 3690 3692 4611
f 4611 3692 4612
f 4612 3692 3693
f 4612 3693 4613
f 4613 3693 4604
f 4613 4604 4592
f 3642 4602 4606
f 4614 3938 4615
f 4615 3938 3936
f 4615 3936 4607
f 4607 3936 3935
f 3685 3687 4605
f 4611 4609 3690
f 3690 4609 4605
f 3690 4605 3687
f 4610 3959 3956
f 4610 3956 4616
f 4616 3956 4617
f 4617 3956 3953
f 4617 3953 4618
f 4618 3953 3949
f 4618 3949 4619
f 4619 3949 4620
f 4620 3949 3947
f 4620 3947 4621
f 4621 3947 3944
f 4621 3944 4622
f 4622 3944 3943
f 4622 3943 4614
f 4614 3943 3938
f 4618 4019 4021
f 4031 4016 4621
f 4621 4016 4620
f 4620 4016 4015
f 4620 4015 4619
f 4619 4015 4019
f 4619 4019 4618
f 4590 4089 4589
f 4589 4089 4082
f 4589 4082 4591
f 4591 4082 4085
f 4591 4085 4592
f 4085 3923 4592
f 4592 3923 4095
f 4592 4095 4613
f 4613 4095 4093
f 4613 4093 4612
f 4612 4093 4092
f 4612 4092 4611
f 4611 4092 4609
f 4092 3930 4609
f 4609 3930 4105
f 4609 4105 4608
f 4608 4105 4607
f 4607 4105 4106
f 4607 4106 4615
f 4615 4106 3888
f 3886 4614 3888
f 3888 4614 4615
f 3886 4124 4614
f 4614 4124 4622
f 4622 4124 4122
f 4622 4122 4621
f 4621 4122 4029
f 4621 4029 4031
f 4618 4021 4023
f 4618 4023 4617
f 4617 4023 4039
f 4617 4039 4042
f 4617 4042 4616
f 3891 4610 4042
f 4042 4610 4616
f 3891 4049 4610
f 4610 4049 4601
f 4601 4049 4051
f 4601 4051 4600
f 4600 4051 4053
f 4600 4053 4606
f 4606 4053 4594
f 4053 3901 4594
f 4594 3901 4058
f 4594 4058 4597
f 4597 4058 4595
f 4595 4058 4060
f 4595 4060 4603
f 4603 4060 4061
f 3905 4599 4061
f 4061 4599 4603
f 3905 4075 4599
f 4599 4075 4598
f 4598 4075 4066
f 4598 4066 4596
f 4596 4066 4068
f 4596 4068 4590
f 4590 4068 3917
f 4590 3917 4089
f 4072 3907 4623
f 4623 3907 3908
f 4624 3911 4055
f 4055 3911 3912
f 4624 4623 3911
f 3911 4623 3908
f 3906 3909 3911
f 3908 3906 3911
f 4056 3899 4625
f 4625 3899 3898
f 4626 3904 4044
f 4044 3904 3903
f 4625 3902 4626
f 4626 3902 3904
f 4625 3898 3902
f 3898 3900 3902
f 4047 3893 4627
f 4627 3893 3894
f 4628 3897 4033
f 4033 3897 3896
f 3897 4628 3892
f 4628 4627 3892
f 3892 4627 3894
f 3892 3895 3897
f 4115 3884 4629
f 4629 3884 3883
f 4630 3889 4112
f 4112 3889 3890
f 3885 4630 4629
f 3889 4630 3885
f 4629 3883 3885
f 3885 3887 3889
f 4103 3928 4631
f 4631 3928 3927
f 4632 3933 4098
f 4098 3933 3932
f 3933 4632 4631
f 3933 4631 3929
f 3929 4631 3927
f 3929 3931 3933
f 4102 3921 4633
f 4633 3921 3920
f 4634 3926 4078
f 4078 3926 3925
f 3926 4634 4633
f 3920 3926 4633
f 3920 3924 3926
f 3920 3922 3924
f 4635 3919 4074
f 4074 3919 3918
f 4088 3914 4636
f 4636 3914 3913
f 4635 4636 3919
f 3919 4636 3913
f 3919 3913 3916
f 4624 4055 4063
f 4001 4637 3978
f 4001 4000 4628
f 4628 4000 4627
f 4627 4000 4047
f 4014 4013 4626
f 4626 4013 4625
f 4625 4013 4056
f 4624 4009 4623
f 4623 4009 4007
f 4623 4007 4072
f 4003 4002 4636
f 3981 3984 4633
f 4633 3984 4102
f 3988 3990 4631
f 4631 3990 4103
f 3993 3969 4630
f 4630 3969 4629
f 4629 3969 4115
f 3974 4116 3969
f 3969 4116 4115
f 3993 4630 4112
f 3993 4112 3992
f 3992 4112 4114
f 3992 4114 4110
f 3992 4110 3990
f 3990 4110 4103
f 4631 4632 3988
f 3988 4632 4098
f 3988 4098 3986
f 3986 4098 4099
f 3986 4099 4100
f 3986 4100 3984
f 3984 4100 4102
f 4633 4634 3981
f 3981 4634 4078
f 3981 4078 4080
f 3981 4080 3977
f 3977 4080 4086
f 3977 4086 4002
f 4002 4086 4088
f 4002 4088 4636
f 4636 4635 4003
f 4003 4635 4074
f 4003 4074 4077
f 4003 4077 4005
f 4005 4077 4069
f 4005 4069 4007
f 4007 4069 4072
f 4009 4624 4063
f 4009 4063 4011
f 4011 4063 4062
f 4011 4062 4013
f 4013 4062 4056
f 4014 4626 4044
f 4014 4044 3998
f 3998 4044 4046
f 3998 4046 4000
f 4000 4046 4047
f 4001 4628 4033
f 4001 4033 4035
f 4001 4035 4637
f 4638 4121 4639
f 4639 4121 4640
f 4640 4121 4119
f 4640 4119 4641
f 4641 4119 4117
f 4641 4117 4118
f 4641 4118 4642
f 4642 4118 4643
f 4643 4118 4123
f 4643 4123 4638
f 4638 4123 4120
f 4638 4120 4121
f 4644 4038 4645
f 4645 4038 4646
f 4646 4038 4037
f 4646 4037 4647
f 4647 4037 4036
f 4647 4036 4648
f 4648 4036 4034
f 4648 4034 4649
f 4649 4034 4041
f 4649 4041 4644
f 4644 4041 4040
f 4644 4040 4038
f 4650 4071 4070
f 4650 4070 4651
f 4651 4070 4073
f 4651 4073 4652
f 4652 4073 4067
f 4652 4067 4653
f 4653 4067 4076
f 4653 4076 4654
f 4654 4076 4071
f 4654 4071 4650
f 4655 4081 4656
f 4656 4081 4079
f 4656 4079 4657
f 4657 4079 4084
f 4657 4084 4658
f 4658 4084 4083
f 4658 4083 4659
f 4659 4083 4087
f 4659 4087 4660
f 4660 4087 4655
f 4655 4087 4081
f 4661 4097 4662
f 4662 4097 4091
f 4662 4091 4090
f 4662 4090 4663
f 4663 4090 4094
f 4663 4094 4664
f 4664 4094 4096
f 4664 4096 4665
f 4665 4096 4101
f 4665 4101 4666
f 4666 4101 4097
f 4666 4097 4661
f 4667 4109 4108
f 4667 4108 4668
f 4668 4108 4107
f 4668 4107 4669
f 4669 4107 4104
f 4669 4104 4670
f 4670 4104 4111
f 4670 4111 4113
f 4670 4113 4671
f 4671 4113 4109
f 4671 4109 4667
f 4672 4050 4048
f 4672 4048 4673
f 4673 4048 4045
f 4673 4045 4674
f 4674 4045 4675
f 4675 4045 4043
f 4675 4043 4676
f 4676 4043 4052
f 4676 4052 4677
f 4677 4052 4050
f 4677 4050 4672
f 4678 4057 4679
f 4679 4057 4065
f 4679 4065 4680
f 4680 4065 4054
f 4680 4054 4681
f 4681 4054 4064
f 4681 4064 4682
f 4682 4064 4059
f 4682 4059 4683
f 4683 4059 4057
f 4683 4057 4678
f 4683 4684 4685
f 4683 4685 4682
f 4682 4685 4686
f 4682 4686 4681
f 4681 4686 4687
f 4681 4687 4688
f 4681 4688 4680
f 4680 4688 4689
f 4680 4689 4690
f 4680 4690 4679
f 4679 4690 4691
f 4679 4691 4678
f 4678 4691 4684
f 4678 4684 4683
f 4692 4688 4687
f 4692 4687 4693
f 4693 4687 4694
f 4686 4694 4687
f 4686 4695 4694
f 4695 4686 4696
f 4696 4686 4685
f 4697 4696 4685
f 4697 4685 4684
f 4684 4698 4697
f 4698 4684 4699
f 4699 4684 4691
f 4691 4700 4701
f 4690 4700 4691
f 4700 4690 4702
f 4689 4702 4690
f 4689 4703 4702
f 4688 4704 4689
f 4689 4704 4703
f 4704 4688 4705
f 4688 4692 4705
f 4691 4701 4699
f 4674 4706 4673
f 4673 4706 4707
f 4673 4707 4672
f 4672 4707 4708
f 4672 4708 4677
f 4677 4708 4709
f 4677 4709 4710
f 4677 4710 4676
f 4676 4710 4711
f 4676 4711 4712
f 4676 4712 4675
f 4675 4712 4713
f 4675 4713 4674
f 4674 4713 4706
f 4714 4715 4708
f 4715 4716 4708
f 4717 4718 4711
f 4710 4717 4711
f 4710 4719 4717
f 4719 4710 4720
f 4709 4720 4710
f 4709 4721 4720
f 4709 4716 4721
f 4716 4709 4708
f 4714 4708 4707
f 4707 4722 4714
f 4722 4707 4723
f 4723 4707 4706
f 4723 4706 4724
f 4713 4724 4706
f 4713 4725 4724
f 4725 4713 4712
f 4712 4726 4725
f 4726 4712 4718
f 4718 4712 4711
f 4671 4727 4728
f 4671 4728 4670
f 4670 4728 4729
f 4670 4729 4730
f 4670 4730 4669
f 4669 4730 4731
f 4669 4731 4668
f 4668 4731 4732
f 4668 4732 4667
f 4667 4732 4733
f 4667 4733 4734
f 4667 4734 4671
f 4671 4734 4727
f 4733 4735 4734
f 4733 4736 4735
f 4732 4737 4733
f 4733 4737 4736
f 4732 4738 4737
f 4732 4739 4738
f 4739 4732 4731
f 4731 4740 4739
f 4740 4731 4741
f 4730 4741 4731
f 4730 4742 4741
f 4730 4743 4742
f 4729 4743 4730
f 4743 4729 4744
f 4729 4745 4744
f 4745 4729 4728
f 4728 4746 4745
f 4746 4728 4727
f 4746 4727 4747
f 4734 4747 4727
f 4747 4734 4735
f 4661 4748 4666
f 4666 4748 4749
f 4666 4749 4665
f 4665 4749 4750
f 4665 4750 4664
f 4664 4750 4751
f 4664 4751 4752
f 4664 4752 4663
f 4663 4752 4753
f 4663 4753 4662
f 4662 4753 4754
f 4662 4754 4661
f 4661 4754 4755
f 4661 4755 4748
f 4754 4756 4757
f 4756 4754 4753
f 4756 4753 4758
f 4759 4760 4753
f 4753 4760 4758
f 4752 4759 4753
f 4759 4752 4761
f 4751 4762 4752
f 4752 4762 4761
f 4762 4751 4763
f 4754 4764 4755
f 4754 4757 4764
f 4751 4765 4763
f 4765 4751 4750
f 4750 4766 4765
f 4766 4750 4749
f 4749 4767 4766
f 4748 4767 4749
f 4767 4748 4768
f 4768 4748 4769
f 4769 4748 4755
f 4764 4769 4755
f 4660 4770 4659
f 4659 4770 4771
f 4659 4771 4772
f 4659 4772 4658
f 4658 4772 4773
f 4658 4773 4657
f 4657 4773 4774
f 4657 4774 4656
f 4656 4774 4775
f 4656 4775 4776
f 4656 4776 4655
f 4655 4776 4777
f 4655 4777 4660
f 4660 4777 4770
f 4778 4774 4779
f 4780 4779 4773
f 4773 4779 4774
f 4781 4780 4773
f 4781 4773 4782
f 4782 4773 4772
f 4772 4783 4782
f 4783 4772 4771
f 4771 4784 4783
f 4785 4784 4771
f 4776 4786 4787
f 4786 4776 4775
f 4786 4775 4788
f 4774 4778 4775
f 4775 4778 4788
f 4770 4785 4771
f 4789 4785 4770
f 4770 4790 4789
f 4777 4790 4770
f 4776 4787 4777
f 4777 4787 4790
f 4654 4791 4792
f 4654 4792 4653
f 4653 4792 4793
f 4653 4793 4794
f 4653 4794 4652
f 4652 4794 4795
f 4652 4795 4796
f 4652 4796 4651
f 4651 4796 4797
f 4651 4797 4650
f 4650 4797 4798
f 4650 4798 4791
f 4650 4791 4654
f 4799 4796 4800
f 4800 4796 4795
f 4795 4801 4800
f 4794 4801 4795
f 4794 4802 4801
f 4794 4803 4802
f 4804 4803 4793
f 4793 4803 4794
f 4792 4805 4793
f 4793 4805 4804
f 4806 4791 4798
f 4798 4807 4806
f 4797 4808 4798
f 4798 4808 4807
f 4808 4797 4809
f 4796 4809 4797
f 4796 4799 4809
f 4805 4792 4810
f 4810 4792 4791
f 4791 4811 4810
f 4791 4806 4811
f 4649 4812 4813
f 4649 4813 4648
f 4648 4813 4814
f 4648 4814 4815
f 4648 4815 4647
f 4647 4815 4816
f 4647 4816 4646
f 4646 4816 4817
f 4646 4817 4818
f 4646 4818 4645
f 4645 4818 4819
f 4645 4819 4644
f 4644 4819 4820
f 4644 4820 4649
f 4649 4820 4812
f 4819 4387 4385
f 4819 4821 4387
f 4821 4819 4818
f 4818 4822 4821
f 4817 4823 4822
f 4817 4822 4818
f 4816 4824 4823
f 4816 4823 4817
f 4816 4825 4824
f 4825 4816 4815
f 4815 4826 4825
f 4815 4827 4826
f 4827 4815 4814
f 4813 4828 4814
f 4814 4828 4827
f 4813 4829 4828
f 4830 4829 4812
f 4812 4829 4813
f 4830 4812 4820
f 4830 4820 4831
f 4831 4820 4385
f 4385 4820 4819
f 4643 4832 4833
f 4643 4833 4642
f 4642 4833 4641
f 4641 4833 4834
f 4641 4834 4835
f 4641 4835 4836
f 4641 4836 4640
f 4640 4836 4837
f 4640 4837 4639
f 4639 4837 4838
f 4639 4838 4638
f 4638 4838 4839
f 4638 4839 4643
f 4643 4839 4832
f 4840 4841 4836
f 4382 4837 4383
f 4836 4841 4837
f 4837 4841 4383
f 4835 4840 4836
f 4842 4840 4835
f 4834 4842 4835
f 4833 4843 4834
f 4834 4843 4842
f 4833 4844 4843
f 4845 4844 4833
f 4832 4845 4833
f 4832 4846 4845
f 4839 4846 4832
f 4846 4839 4393
f 4839 4394 4393
f 4838 4394 4839
f 4838 4454 4394
f 4837 4430 4838
f 4838 4430 4454
f 4382 4430 4837
f 4847 4848 4849
f 4849 4848 4850
f 4849 4850 4851
f 4849 4851 4852
f 4852 4851 4853
f 4852 4853 4854
f 4852 4854 4855
f 4855 4854 4856
f 4855 4856 4857
f 4855 4857 4858
f 4858 4857 4859
f 4858 4859 4860
f 4858 4860 4861
f 4861 4860 4862
f 4861 4862 4863
f 4861 4863 4864
f 4864 4863 4865
f 4864 4865 4866
f 4864 4866 4867
f 4867 4866 4868
f 4867 4868 4869
f 4867 4869 4870
f 4870 4869 4871
f 4870 4871 4872
f 4870 4872 4873
f 4873 4872 4874
f 4873 4874 4875
f 4873 4875 4876
f 4876 4875 4877
f 4876 4877 4878
f 4876 4878 4879
f 4879 4878 4880
f 4879 4880 4881
f 4881 4880 4882
f 4881 4882 4883
f 4881 4883 4884
f 4884 4883 4885
f 4884 4885 4886
f 4884 4886 4887
f 4887 4886 4888
f 4887 4888 4889
f 4887 4889 4890
f 4890 4889 4891
f 4890 4891 4892
f 4890 4892 4893
f 4893 4892 4894
f 4893 4894 4895
f 4893 4895 4896
f 4896 4895 4897
f 4896 4897 4898
f 4896 4898 4899
f 4899 4898 4900
f 4899 4900 4901
f 4901 4900 4902
f 4901 4902 4903
f 4901 4903 4904
f 4904 4903 4905
f 4904 4905 4906
f 4906 4905 4907
f 4906 4907 4908
f 4906 4908 4847
f 4847 4908 4848
f 4909 4860 4910
f 4910 4860 4857
f 4910 4857 4911
f 4911 4857 4854
f 4911 4854 4912
f 4912 4854 4851
f 4912 4851 4913
f 4913 4851 4850
f 4913 4850 4914
f 4914 4850 4908
f 4914 4908 4915
f 4915 4908 4905
f 4915 4905 4916
f 4916 4905 4902
f 4916 4902 4917
f 4917 4902 4898
f 4917 4898 4918
f 4918 4898 4895
f 4918 4895 4919
f 4919 4895 4894
f 4919 4894 4891
f 4919 4891 4920
f 4920 4891 4889
f 4920 4889 4921
f 4921 4889 4886
f 4921 4886 4922
f 4922 4886 4883
f 4922 4883 4923
f 4923 4883 4924
f 4924 4883 4880
f 4924 4880 4925
f 4925 4880 4877
f 4925 4877 4926
f 4926 4877 4874
f 4926 4874 4872
f 4926 4872 4927
f 4927 4872 4928
f 4928 4872 4869
f 4928 4869 4929
f 4929 4869 4866
f 4929 4866 4909
f 4909 4866 4863
f 4909 4863 4860
f 4930 4931 4932
f 4932 4931 4933
f 4932 4933 3982
f 3982 4933 4926
f 3982 4926 4934
f 4934 4926 4927
f 4934 4927 4935
f 4934 4935 3985
f 3985 4935 4936
f 3985 4936 3987
f 3987 4936 4937
f 4937 4936 4938
f 4937 4938 4939
f 4939 4938 4909
f 4939 4909 4940
f 4940 4909 4941
f 4940 4941 3994
f 3994 4941 4942
f 3994 4942 3967
f 3967 4942 4943
f 3967 4943 4944
f 4944 4943 4945
f 4944 4945 4946
f 4946 4945 4947
f 4946 4947 4948
f 4948 4947 4949
f 4948 4949 4950
f 4950 4949 4951
f 4950 4951 4952
f 4952 4951 4916
f 4952 4916 4953
f 4953 4916 4917
f 4953 4917 4954
f 4954 4917 4955
f 4954 4955 4012
f 4012 4955 4956
f 4012 4956 4957
f 4957 4956 4958
f 4957 4958 4959
f 4959 4958 4921
f 4959 4921 4960
f 4960 4921 4961
f 4960 4961 4006
f 4006 4961 4962
f 4962 4961 4923
f 4962 4923 4963
f 4962 4963 4930
f 4930 4963 4931
f 4946 3970 3968
f 4946 3968 4944
f 4944 3968 3967
f 4940 3994 3991
f 4940 3991 4939
f 4939 3991 3989
f 4939 3989 4937
f 4937 3989 3987
f 4934 3985 3983
f 4934 3983 3982
f 4932 3982 3976
f 4932 3976 4930
f 4930 3976 3975
f 4930 3975 4962
f 4962 3975 4004
f 4962 4004 4006
f 4960 4006 4008
f 4960 4008 4959
f 4959 4008 4010
f 4959 4010 4957
f 4957 4010 4012
f 4954 4012 3997
f 4954 3997 4953
f 4953 3997 3999
f 4953 3999 4952
f 4952 3999 3996
f 4952 3996 4950
f 4950 3996 3980
f 4950 3980 4948
f 4948 3980 3970
f 4948 3970 4946
f 4908 4850 4848
f 4851 4854 4853
f 4854 4857 4856
f 4857 4860 4859
f 4860 4863 4862
f 4863 4866 4865
f 4866 4869 4868
f 4869 4872 4871
f 4874 4877 4875
f 4877 4880 4878
f 4880 4883 4882
f 4883 4886 4885
f 4886 4889 4888
f 4891 4894 4892
f 4895 4898 4897
f 4898 4902 4900
f 4902 4905 4903
f 4905 4908 4907
f 4933 4925 4926
f 4935 4927 4928
f 4935 4928 4936
f 4936 4928 4929
f 4936 4929 4938
f 4938 4929 4909
f 4941 4909 4910
f 4941 4910 4942
f 4942 4910 4911
f 4942 4911 4943
f 4943 4911 4912
f 4943 4912 4945
f 4945 4912 4913
f 4945 4913 4947
f 4947 4913 4914
f 4947 4914 4949
f 4949 4914 4915
f 4949 4915 4951
f 4951 4915 4916
f 4955 4917 4918
f 4955 4918 4956
f 4956 4918 4919
f 4956 4919 4958
f 4958 4919 4920
f 4958 4920 4921
f 4961 4921 4922
f 4961 4922 4923
f 4963 4923 4924
f 4963 4924 4931
f 4931 4924 4925
f 4931 4925 4933
f 4964 4571 4965
f 4965 4571 4573
f 4965 4573 4575
f 4965 4575 4966
f 4966 4575 4967
f 4967 4575 4578
f 4967 4578 4968
f 4968 4578 4580
f 4968 4580 4969
f 4969 4580 4582
f 4969 4582 4970
f 4970 4582 4584
f 4970 4584 4971
f 4971 4584 4586
f 4971 4586 4972
f 4972 4586 4553
f 4972 4553 4973
f 4973 4553 4555
f 4973 4555 4974
f 4974 4555 4557
f 4974 4557 4975
f 4975 4557 4559
f 4976 4975 4560
f 4560 4975 4559
f 4976 4560 4977
f 4977 4560 4562
f 4977 4562 4978
f 4978 4562 4540
f 4978 4540 4979
f 4979 4540 4542
f 4979 4542 4980
f 4980 4542 4544
f 4980 4544 4981
f 4981 4544 4546
f 4981 4546 4982
f 4982 4546 4548
f 4982 4548 4983
f 4983 4548 4550
f 4983 4550 4984
f 4984 4550 4552
f 4984 4552 4985
f 4985 4552 4567
f 4985 4567 4986
f 4986 4567 4987
f 4987 4567 4569
f 4964 4987 4571
f 4571 4987 4569
f 4988 4969 4970
f 4988 4970 4989
f 4989 4970 4971
f 4989 4971 4990
f 4990 4971 4972
f 4990 4972 4991
f 4991 4972 4973
f 4991 4973 4992
f 4992 4973 4974
f 4992 4974 4993
f 4993 4974 4975
f 4993 4975 4994
f 4994 4975 4976
f 4994 4976 4995
f 4995 4976 4977
f 4995 4977 4996
f 4996 4977 4978
f 4996 4978 4979
f 4996 4979 4997
f 4997 4979 4980
f 4997 4980 4998
f 4980 4981 4998
f 4998 4981 4982
f 4998 4982 4999
f 4999 4982 4983
f 4999 4983 5000
f 5000 4983 4984
f 5000 4984 5001
f 5001 4984 4985
f 5001 4985 5002
f 5002 4985 4986
f 5002 4986 5003
f 5003 4986 4987
f 5003 4987 5004
f 5004 4987 4964
f 5004 4964 5005
f 5005 4964 4965
f 5005 4965 5006
f 5006 4965 4966
f 5006 4966 4967
f 5006 4967 5007
f 5007 4967 4968
f 5007 4968 4988
f 4988 4968 4969
f 4998 5008 5009
f 4998 5009 4997
f 5010 5008 5011
f 5011 5008 4998
f 5011 4998 5012
f 5013 5012 4998
f 4999 5014 5015
f 4999 5015 5013
f 4999 5013 4998
f 5000 5016 4999
f 5016 5014 4999
f 5000 5017 5016
f 5001 5018 5000
f 5000 5018 5017
f 5019 5001 5002
f 5019 5020 5001
f 5001 5020 5018
f 5021 5022 5003
f 5003 5022 5002
f 5002 5022 5019
f 5023 4994 5024
f 5024 4994 4995
f 5024 4995 4996
f 5024 4996 5025
f 4997 5009 4996
f 4996 5009 5025
f 5026 4993 5027
f 5023 5028 4994
f 4994 5028 5029
f 4994 5029 4993
f 4993 5029 5027
f 5030 5031 5032
f 5033 5004 5034
f 5035 5034 5005
f 5005 5034 5004
f 5006 5036 5037
f 5006 5037 5005
f 5005 5037 5035
f 5007 5038 5006
f 5006 5038 5036
f 5038 5007 5039
f 5040 5041 4988
f 4988 5041 5007
f 5007 5041 5039
f 5032 5042 4988
f 4988 5042 5040
f 5043 5030 4989
f 4989 5030 5032
f 4989 5032 4988
f 4990 5044 5043
f 4990 5043 4989
f 4991 5045 5044
f 4991 5044 4990
f 5046 5045 4992
f 4992 5045 4991
f 4993 5026 4992
f 4992 5026 5046
f 5047 5021 5003
f 5033 5048 5004
f 5004 5048 5003
f 5003 5048 5047
f 5043 5049 5030
f 5044 5045 5050
f 5049 5043 5044
f 5049 5044 5050
f 5045 5046 5050
f 5050 5046 5026
f 5050 5026 5051
f 5051 5026 5027
f 5051 5027 5029
f 5051 5029 5052
f 5052 5029 5028
f 5052 5028 5053
f 5053 5028 5023
f 5053 5023 5054
f 5054 5023 5024
f 5054 5024 5025
f 5054 5025 5055
f 5055 5025 5009
f 5055 5009 5008
f 3972 5056 5057
f 5056 3972 5058
f 5058 3972 4024
f 4024 4022 5058
f 5058 4022 5059
f 4022 4020 5059
f 5059 4020 5060
f 5057 3964 3972
f 3964 5057 5061
f 3964 5061 3965
f 3965 5061 5062
f 5063 4032 5064
f 5063 5064 4017
f 4017 5064 5065
f 5066 4030 5067
f 5066 5067 5062
f 5062 5067 3965
f 5068 4018 4017
f 5068 4017 5065
f 4018 5068 5069
f 5060 4020 5070
f 5070 4020 4018
f 5070 4018 5069
f 5071 5072 5073
f 5073 5074 5071
f 5071 5074 5075
f 5075 5074 5076
f 5077 5078 5079
f 5079 5080 5077
f 5081 5078 5077
f 5078 5081 5082
f 5082 5081 5083
f 5084 5085 5082
f 5084 5082 5083
f 5085 5084 5066
f 5066 5084 5064
f 5066 5064 4032
f 5066 4032 4030
f 5086 5058 5059
f 5086 5087 5058
f 5087 5086 5088
f 5087 5088 5076
f 5075 5076 5088
f 5055 5089 5090
f 5050 5091 5049
f 5049 5091 5092
f 5093 5053 5054
f 5093 5094 5053
f 5053 5094 5052
f 5052 5094 5095
f 5052 5095 5051
f 5095 5096 5051
f 5051 5096 5097
f 5051 5097 5050
f 5050 5097 5098
f 5050 5098 5091
f 5093 5054 5090
f 5090 5054 5055
f 5031 5030 5099
f 5099 5030 5049
f 5049 5100 5099
f 5049 5092 5100
f 5089 5055 5008
f 5089 5008 5101
f 5101 5008 5010
f 4019 4020 4021
f 4021 4020 4022
f 4031 4032 5063
f 4031 5063 4016
f 4016 5063 4017
f 3966 3965 5067
f 3966 5067 5102
f 5102 5067 4030
f 5102 4030 4028
f 4026 4024 5103
f 5103 4024 3972
f 5103 3972 3995
f 3995 3972 3971
f 5034 5104 5033
f 5032 5031 5105
f 5042 5032 5106
f 5042 5106 5040
f 5040 5106 5107
f 5040 5107 5041
f 5041 5107 5108
f 5041 5108 5039
f 5039 5108 5109
f 5039 5109 5038
f 5038 5109 5110
f 5038 5110 5036
f 5036 5110 5111
f 5036 5111 5037
f 5037 5111 5112
f 5037 5112 5035
f 5034 5035 5104
f 5031 5113 5105
f 5032 5105 5106
f 5106 5105 5114
f 5105 5113 5114
f 5106 5114 5107
f 5107 5114 5115
f 5107 5115 5108
f 5108 5115 5116
f 5108 5116 5109
f 5109 5116 5110
f 5110 5116 5117
f 5110 5117 5111
f 5111 5117 5082
f 5111 5082 5112
f 5112 5082 5118
f 5112 5118 5035
f 5035 5118 5104
f 5113 5119 5114
f 5104 5118 5120
f 5117 5116 5078
f 5117 5078 5082
f 5114 5079 5115
f 5118 5085 5120
f 5120 5085 5066
f 5119 5080 5114
f 5114 5080 5079
f 5116 5115 5078
f 5118 5082 5085
f 5078 5115 5079
f 5047 5121 5021
f 5048 5033 5104
f 5056 5122 5121
f 5121 5122 5021
f 5057 5121 5123
f 5123 5121 5047
f 5061 5124 5062
f 5062 5124 5048
f 5048 5104 5120
f 5062 5048 5120
f 5061 5057 5123
f 5124 5123 5047
f 5124 5047 5048
f 5056 5058 5122
f 5120 5066 5062
f 5121 5057 5056
f 5123 5124 5061
f 5125 5092 5126
f 5100 5092 5125
f 5125 5126 5077
f 5099 5100 5127
f 5127 5100 5125
f 5125 5077 5080
f 5031 5099 5113
f 5113 5099 5127
f 5113 5127 5119
f 5119 5127 5125
f 5119 5125 5080
f 5017 5018 5128
f 5011 5129 5010
f 5022 5021 5122
f 5022 5122 5019
f 5019 5122 5130
f 5019 5130 5020
f 5020 5130 5131
f 5020 5131 5018
f 5017 5128 5016
f 5014 5016 5132
f 5014 5132 5015
f 5011 5012 5133
f 5011 5133 5129
f 5016 5128 5134
f 5016 5134 5132
f 5013 5015 5135
f 5013 5135 5012
f 5012 5135 5133
f 5018 5131 5128
f 5015 5132 5136
f 5015 5136 5135
f 5133 5135 5137
f 5138 5129 5139
f 5130 5122 5087
f 5130 5087 5131
f 5132 5134 5136
f 5133 5137 5140
f 5133 5140 5129
f 5128 5131 5076
f 5134 5128 5141
f 5134 5141 5136
f 5135 5136 5137
f 5129 5140 5139
f 5131 5087 5076
f 5128 5076 5141
f 5122 5058 5087
f 5136 5074 5137
f 5137 5074 5073
f 5137 5073 5140
f 5139 5140 5072
f 5141 5076 5136
f 5136 5076 5074
f 5140 5073 5072
f 5092 5091 5126
f 5090 5089 5142
f 5060 5070 5095
f 5060 5095 5094
f 5059 5060 5143
f 5143 5060 5094
f 5086 5059 5143
f 5143 5094 5093
f 5090 5142 5075
f 5086 5143 5093
f 5084 5083 5091
f 5091 5083 5081
f 5091 5081 5126
f 5144 5084 5091
f 5065 5064 5097
f 5097 5064 5144
f 5144 5098 5097
f 5097 5145 5068
f 5088 5090 5075
f 5081 5077 5126
f 5084 5144 5064
f 5091 5098 5144
f 5065 5097 5068
f 5068 5145 5069
f 5145 5095 5069
f 5069 5095 5070
f 5097 5096 5145
f 5145 5096 5095
f 5093 5090 5088
f 5093 5088 5086
f 5142 5071 5075
f 5138 5139 5146
f 5010 5129 5138
f 5101 5138 5146
f 5101 5146 5089
f 5072 5071 5147
f 5139 5072 5147
f 5146 5147 5142
f 5146 5142 5089
f 5010 5138 5101
f 5147 5071 5142
f 5139 5147 5146
f 5148 5149 3935
f 3935 5149 4605
f 3962 4602 5150
f 5151 3957 3958
f 5151 5152 3957
f 3648 3647 5152
f 5153 5154 3863
f 5155 5154 5153
f 3862 5153 3863
f 5156 3963 5157
f 5156 5157 5155
f 5156 5155 5153
f 3961 3963 5156
f 5158 5156 5153
f 5158 5153 3643
f 3643 5153 3862
f 3961 5156 5159
f 5159 5156 5158
f 5160 5159 5158
f 5160 5158 3858
f 3858 5158 3643
f 3960 3961 5161
f 5161 3961 5159
f 3855 5160 3858
f 5161 5159 5151
f 5151 5159 5160
f 3648 5160 3855
f 3958 3960 5151
f 5151 3960 5161
f 5151 5160 3648
f 5152 5151 3648
f 3954 3957 4144
f 4144 3957 5152
f 4144 5152 3647
f 5162 3954 4144
f 5162 4144 4143
f 3955 3954 5162
f 5162 4143 3955
f 4143 4140 3955
f 3955 4140 3952
f 3952 4140 4133
f 3950 3952 4133
f 4132 3950 4133
f 3951 3950 4132
f 4132 4130 3951
f 3951 4138 3948
f 4130 4138 3951
f 4134 4153 3946
f 3946 4153 3945
f 4135 4134 3946
f 3948 4135 3946
f 4148 4150 4153
f 4153 4150 3945
f 3945 4150 3942
f 3698 5163 4178
f 5164 3937 3939
f 5164 3939 3940
f 3940 3941 5165
f 5165 3941 4150
f 4150 3941 3942
f 5163 5164 4178
f 4178 5164 3940
f 4178 3940 5165
f 4178 5165 4179
f 4179 5165 4150
f 3698 3696 5166
f 3934 3937 5167
f 5167 3937 5163
f 5164 5163 3937
f 5163 3698 5166
f 5148 3935 5167
f 5167 3935 3934
f 5167 5163 5148
f 5166 5148 5163
f 4588 3680 3684
f 4588 4605 5168
f 4588 5168 3680
f 3681 3680 5168
f 5149 5168 4605
f 5168 5149 5169
f 5168 5169 3681
f 3681 5169 3695
f 5149 5148 5169
f 5169 5148 5166
f 5169 5166 3695
f 3695 5166 3696
f 3963 3962 5157
f 5157 3962 5150
f 5150 5155 5157
f 5155 5150 5154
f 3641 3864 5170
f 3641 5170 4602
f 5150 4602 5170
f 3864 3863 5170
f 5170 3863 5154
f 5150 5170 5154
f 4414 4842 4843
f 4398 4844 4845
f 4396 4846 4393
f 4840 4842 4413
f 4843 4844 4398
f 4398 4845 4397
f 4413 4842 4414
f 4383 4841 4419
f 4419 4841 4840
f 4419 4840 4413
f 4397 4845 4396
f 4396 4845 4846
f 4414 4843 4398
f 4831 4384 4830
f 4829 4409 4828
f 4825 4389 4824
f 4828 4409 4411
f 4828 4411 4827
f 4826 4389 4825
f 4823 4391 4822
f 4822 4392 4821
f 4821 4392 4387
f 4830 4384 4409
f 4830 4409 4829
f 4826 4412 4389
f 4824 4389 4391
f 4824 4391 4823
f 4822 4391 4392
f 4385 4384 4831
f 4411 4412 4827
f 4827 4412 4826
f 4811 4349 4810
f 4807 4345 4806
f 3852 4344 4799
f 4799 4344 4809
f 4806 4348 4811
f 4349 3631 4810
f 4810 3631 4805
f 4809 4344 4343
f 4808 4346 4807
f 4806 4345 4348
f 4811 4348 4349
f 4809 4343 4808
f 4346 4345 4807
f 4808 4343 4346
f 4802 5171 4801
f 4802 4803 5171
f 4800 4801 3851
f 4800 3852 4799
f 4800 3851 3852
f 3631 4804 4805
f 4804 3630 4803
f 4803 3630 5171
f 5171 3659 4801
f 4801 3659 3851
f 3631 3630 4804
f 5171 3630 3659
f 4778 3669 4788
f 4788 3669 4341
f 4788 4341 4786
f 4787 4339 4790
f 4785 3661 4784
f 4790 4342 4789
f 4789 4342 4785
f 4786 4341 4787
f 4339 4342 4790
f 4787 4341 4339
f 4342 3661 4785
f 4781 5172 4780
f 4779 3668 4778
f 4779 4780 3668
f 3661 3663 4784
f 4784 3663 4783
f 4783 3664 4782
f 4782 3664 4781
f 4781 3664 5172
f 4783 3663 3664
f 5172 3666 4780
f 4780 3666 3668
f 4778 3668 3669
f 5172 3664 3666
f 4735 4736 3677
f 4747 4331 4746
f 4746 4331 4745
f 4745 4333 4744
f 4744 4333 4743
f 4743 3743 4742
f 3677 4332 4735
f 4735 4332 4747
f 4742 3743 4741
f 4745 4331 4333
f 4743 4333 3743
f 4332 4331 4747
f 4741 3674 4740
f 4739 3679 4738
f 4738 3678 4737
f 4737 3678 4736
f 4738 3679 3678
f 4741 3743 3674
f 4736 3678 3677
f 4740 3673 4739
f 4740 3674 3673
f 4739 3673 3679
f 4718 4379 4726
f 4726 4375 4725
f 4725 4375 4356
f 4724 4355 4723
f 4723 4355 4377
f 4722 4376 4714
f 4714 4376 4715
f 4379 4375 4726
f 4725 4356 4724
f 4723 4377 4722
f 4376 4380 4715
f 4715 4380 4716
f 4716 4380 3882
f 4716 3882 4721
f 4718 3649 4379
f 4722 4377 4376
f 4724 4356 4355
f 4717 3649 4718
f 4720 3650 4719
f 4719 3650 4717
f 4721 3882 3650
f 4721 3650 4720
f 3650 3649 4717
f 4692 4351 4705
f 4702 5173 4700
f 4692 3825 4351
f 4703 4350 4702
f 4702 4350 5173
f 4700 5173 4353
f 4700 4353 4352
f 4700 4352 4701
f 4705 4351 4704
f 4704 4350 4703
f 4701 4352 4699
f 4704 4351 4350
f 5173 4350 4353
f 4699 4352 3652
f 4699 3652 4698
f 4697 5174 4696
f 4696 5175 4695
f 4695 5175 4694
f 5174 5175 4696
f 5175 3656 4694
f 4694 3656 3823
f 4694 3823 4693
f 4693 3825 4692
f 4698 3652 3655
f 4698 3655 4697
f 4697 3655 5174
f 4693 3823 3825
f 5174 3655 3657
f 5174 3657 5175
f 3657 3656 5175
f 4764 4757 3671
f 4769 4329 4768
f 4768 4329 4335
f 4766 4337 4765
f 4765 3744 4763
f 4768 4335 4767
f 4766 4767 4334
f 4766 4334 4337
f 4764 4329 4769
f 4765 4337 3744
f 4764 3671 4329
f 4767 4335 4334
f 4763 3744 4762
f 3744 3722 4762
f 4762 3722 3628
f 4762 3628 4761
f 4758 3672 4756
f 4756 3672 3671
f 4756 3671 4757
f 4759 3627 4760
f 4760 3627 4758
f 4761 3628 3627
f 4761 3627 4759
f 3627 3672 4758
f 4028 4027 5176
f 4116 5176 4027
f 5176 4116 3974
f 5177 5102 5176
f 5176 5102 4028
f 5176 3973 5177
f 5177 3973 3966
f 5177 3966 5102
f 3973 5176 3974
f 4637 4035 5178
f 4025 4026 5178
f 4025 5178 4035
f 4637 3979 3978
f 3995 3979 5103
f 5103 3979 5178
f 3979 4637 5178
f 5178 4026 5103
f 4359 4358 5179
f 4366 5180 5181
f 4366 5181 4347
f 5182 4347 5181
f 4347 5182 4365
f 5183 4364 4363
f 5183 4363 5182
f 5182 4363 4365
f 5184 4364 5183
f 4364 5184 4354
f 5185 4360 5184
f 5184 4360 4354
f 5186 4361 5185
f 5185 4361 4360
f 5187 4362 5186
f 5186 4362 4361
f 5179 4358 5187
f 5187 4358 4362
f 4359 5179 5188
f 5189 4402 5188
f 5188 4402 4359
f 5190 4401 5189
f 5189 4401 4402
f 4401 5190 4400
f 4400 5190 5191
f 5192 4400 5191
f 4400 5192 4399
f 5193 4373 4374
f 5193 4374 5192
f 5192 4374 4399
f 5194 4373 5193
f 5194 4372 4373
f 5195 4372 5194
f 5195 4371 4372
f 5196 4370 5195
f 5195 4370 4371
f 4336 4370 5197
f 5197 4370 5196
f 5198 4369 5197
f 5197 4369 4336
f 4369 5198 4368
f 4368 5198 5199
f 4368 5199 4340
f 5200 4340 5199
f 5200 4338 4340
f 5180 4366 4367
f 5180 4367 5200
f 5200 4367 4338
f 5191 5190 4847
f 4847 5190 4906
f 4906 5190 5189
f 4906 5189 4904
f 4904 5189 5188
f 4904 5188 4901
f 4901 5188 5179
f 4901 5179 4899
f 4899 5179 4896
f 4896 5179 5187
f 4896 5187 4893
f 4893 5187 5186
f 4893 5186 5185
f 4893 5185 4890
f 4890 5185 5184
f 4890 5184 4887
f 4887 5184 5183
f 4887 5183 4884
f 4884 5183 5182
f 4884 5182 4881
f 4881 5182 5181
f 4881 5181 4879
f 4879 5181 4876
f 4876 5181 5180
f 4876 5180 4873
f 4873 5180 5200
f 4873 5200 4870
f 4870 5200 5199
f 4870 5199 4867
f 4867 5199 5198
f 4867 5198 4864
f 4864 5198 5197
f 4864 5197 4861
f 4861 5197 5196
f 4861 5196 5195
f 4861 5195 4858
f 4858 5195 5194
f 4858 5194 4855
f 4855 5194 5193
f 4855 5193 4852
f 4852 5193 5192
f 4852 5192 4849
f 4849 5192 5191
f 4849 5191 4847
f 5201 5202 5203
f 5203 5202 5204
f 5201 5205 5202
f 4593 5205 5201
f 4593 5201 3867
f 3693 5204 4604
f 5204 3693 3701
f 5204 5202 4604
f 4604 5202 4593
f 4593 5202 5205
f 3639 3764 5201
f 3764 3867 5201
f 5203 3636 5201
f 5203 3638 3636
f 5201 3636 3634
f 3638 5203 3701
f 3701 5203 5204
f 5201 3634 3639

