# https://github.com/mikedh/trimesh

o A3
v -0.03000001 0.00830107 -0.25158215
v -0.02089364 0.00823695 -0.25156277
v -0.03000000 -0.00286672 -0.25167221
v -0.02091203 -0.00247684 -0.25159442
v -0.03000000 -0.00216051 -0.26645645
v -0.02089366 -0.00273423 -0.26636153
v -0.03000000 0.00851466 -0.26638886
v -0.02089366 0.00838162 -0.26640356
v -0.03000001 0.00965276 -0.25242382
v -0.02089372 0.00979853 -0.25254691
v -0.02999997 0.01040991 -0.25381181
v -0.02089363 0.01042914 -0.25402603
v -0.02089377 -0.00434502 -0.25313693
v -0.03000000 -0.00449605 -0.25366133
v -0.03000000 -0.00453071 -0.26414406
v -0.02089366 -0.00444758 -0.26452619
v -0.03000000 -0.00357891 -0.26577026
v -0.02089366 0.01024505 -0.26486307
v -0.03000000 0.01038253 -0.26454172
v -0.00764716 -0.00773732 -0.22298895
v -0.00753657 -0.00123025 -0.22552238
v -0.00227756 -0.00246693 -0.22403400
v -0.01054787 -0.01453603 -0.22069557
v -0.01438581 -0.01466348 -0.22306792
v -0.01186318 -0.00814165 -0.22452559
v 0.00438587 0.03012137 -0.22750276
v 0.01010130 0.02953936 -0.22903386
v 0.00760858 0.01868238 -0.22818574
v -0.00144339 0.03027162 -0.22712119
v 0.00385818 0.01864873 -0.22736530
v -0.02089572 -0.01455300 -0.25873068
v -0.02089367 -0.01253561 -0.27624714
v -0.02089366 0.00195209 -0.26964816
v -0.02089366 0.00320048 -0.26931977
v -0.02089366 0.00457483 -0.27035680
v -0.02089475 0.01992421 -0.27270541
v -0.02083875 0.02583326 -0.24662563
v -0.02088564 0.00314469 -0.24866992
v 0.02089413 0.01037361 -0.26438776
v 0.02089369 0.01024213 -0.25318128
v 0.02085736 0.02593709 -0.24617684
v 0.02089356 0.00845997 -0.25160378
v 0.02089366 0.00881312 -0.26629505
v 0.02089321 0.01971044 -0.27351308
v 0.02089396 -0.01246346 -0.27649790
v 0.02089366 -0.00294691 -0.26630586
v 0.02089366 -0.00446557 -0.26436263
v 0.02089534 -0.01414974 -0.26605803
v 0.02084425 -0.01495748 -0.24353121
v 0.02089370 -0.00291307 -0.25170496
v 0.02089362 -0.00447358 -0.25361219
v -0.02088295 0.00172152 -0.24822330
v -0.02086370 0.00128104 -0.24679747
v -0.02075971 -0.01494719 -0.24169068
v -0.02083866 0.00178769 -0.24578567
v -0.02081922 0.00297678 -0.24529546
v -0.02083463 0.00415810 -0.24583119
v -0.02086384 0.00464416 -0.24702652
v -0.02088070 0.00415764 -0.24816903
v -0.02089366 0.00186445 -0.27236947
v -0.02089366 0.00126979 -0.27074942
v -0.02089366 0.00435008 -0.27192906
v -0.02089351 0.01071382 -0.28698117
v -0.02089366 0.00342532 -0.27261168
v -0.02089296 0.01555382 -0.28363481
v -0.00394200 0.01876360 -0.22738203
v -0.00888269 0.02969737 -0.22857049
v -0.00769381 0.01871497 -0.22821264
v -0.01116465 0.01865658 -0.22951992
v -0.01550736 0.01782858 -0.23209122
v -0.01511720 0.02864271 -0.23186243
v -0.02045609 0.00399692 -0.24107693
v -0.02023594 0.02694925 -0.24016592
v -0.01971025 0.01322302 -0.23814103
v -0.01906971 0.02735262 -0.23687856
v -0.01810623 0.02790702 -0.23500985
v -0.01697454 0.01204146 -0.23324944
v 0.02046350 0.00539972 -0.24125730
v 0.02015264 0.02693214 -0.23989354
v 0.01962443 0.00061707 -0.23669380
v 0.01893195 0.01834644 -0.23635043
v 0.01888835 0.00190302 -0.23499100
v 0.01736867 0.01278716 -0.23380780
v 0.01623631 0.01771652 -0.23278621
v 0.01466483 0.01329205 -0.23134869
v -0.00002210 0.01869496 -0.22708414
v 0.00765730 0.00629390 -0.22729491
v 0.01178332 0.00590302 -0.22881055
v 0.01109506 0.01868519 -0.22948755
v 0.01562773 0.02851726 -0.23230445
v 0.01864808 0.02771348 -0.23584586
v 0.00405485 -0.00567667 -0.22313794
v 0.00214665 -0.01437391 -0.21856734
v -0.00198256 -0.00842086 -0.22154455
v 0.01126682 -0.00135445 -0.22690810
v 0.01353277 -0.00162847 -0.22808838
v 0.01265682 -0.00799186 -0.22498871
v 0.00765400 -0.00744380 -0.22313453
v 0.00782536 -0.01445854 -0.21962336
v 0.01526931 -0.01471933 -0.22387756
v 0.01186152 -0.01459969 -0.22138435
v 0.01727614 -0.01480553 -0.22643188
v 0.01517418 -0.00363330 -0.22875011
v 0.02045905 -0.01494967 -0.23695596
v 0.01958878 -0.01490741 -0.23177505
v 0.01491466 0.00417798 -0.23045754
v 0.01729538 0.00016621 -0.23200305
v 0.01857971 -0.01484926 -0.22899505
v -0.02089371 -0.01400236 -0.26718748
v -0.01974123 -0.00228594 -0.23646030
v -0.01907528 -0.01487714 -0.23014435
v -0.02036228 -0.01495220 -0.23603846
v -0.01497095 -0.00882302 -0.22636843
v -0.01724598 -0.00945887 -0.22862688
v -0.01770134 -0.01482512 -0.22696479
v -0.01253501 -0.00203717 -0.22727302
v -0.00487615 -0.01440304 -0.21886154
v -0.01692582 -0.00225490 -0.23077258
v -0.01657978 0.00149109 -0.23139222
v -0.01355220 0.00147722 -0.22894873
v 0.00390348 0.00159027 -0.22553606
v 0.00770105 -0.00110879 -0.22560699
v 0.00001200 0.00158081 -0.22525173
v -0.00388398 0.00157076 -0.22552851
v -0.01891088 -0.00183864 -0.23410290
v -0.01891479 0.00589524 -0.23553179
v 0.00389419 0.00832851 -0.22670175
v 0.00000191 0.00832130 -0.22641730
v -0.00389309 0.00831148 -0.22669961
v -0.00764308 0.00622526 -0.22728068
v -0.01365521 0.00825797 -0.23017658
v -0.01112106 0.00618856 -0.22857136
v 0.02089339 0.00940965 -0.28730923
v 0.02089321 0.01565536 -0.28353041
v -0.03219749 0.01671672 -0.27781725
v -0.03259953 0.01468148 -0.27913567
v -0.03431277 0.01672953 -0.26903045
v -0.04536572 0.00973132 -0.23113376
v -0.04387770 0.00864603 -0.24114984
v -0.04487442 0.00427205 -0.24099925
v -0.04297770 0.01032835 -0.24292640
v -0.04390197 0.01309826 -0.23215055
v -0.03464547 0.00977518 -0.27597591
v -0.03494725 0.01041213 -0.27457911
v -0.03018698 0.01186237 -0.28844911
v -0.03455932 0.00820326 -0.27694926
v -0.03554337 -0.00183443 -0.27699611
v -0.03587513 -0.00645848 -0.27697340
v -0.03585321 -0.00335287 -0.27646956
v -0.03653855 -0.00447055 -0.27484775
v -0.04689683 -0.00523371 -0.23055978
v -0.04529398 -0.00224016 -0.24102862
v -0.04505351 -0.00392948 -0.24209209
v -0.04479448 -0.00452132 -0.24348259
v -0.04342962 -0.00455175 -0.25074229
v -0.03511732 0.02227856 -0.24601586
v -0.04022341 0.02126439 -0.22167513
v -0.03664723 0.02394244 -0.22895674
v -0.03605615 0.01814247 -0.25700566
v -0.03877570 0.01411532 -0.25520554
v -0.04219761 0.01620507 -0.23223701
v -0.03988359 0.01045139 -0.25751317
v -0.03660520 0.01311990 -0.26630527
v -0.04000037 -0.00456326 -0.26477250
v -0.04737928 0.00356671 -0.22466324
v -0.04708383 0.00690354 -0.22429588
v 0.02261836 0.01909776 -0.07186298
v 0.01901200 0.01566563 -0.07164818
v 0.02846982 0.01641795 -0.07457834
v -0.01467832 0.00294973 -0.06401301
v -0.01958510 0.00864290 -0.06198847
v -0.02169917 0.00294968 -0.06125817
v -0.00683934 0.00615056 -0.06635575
v -0.01313769 0.01580848 -0.06367259
v -0.01694126 0.01234009 -0.06276260
v 0.00324481 0.02449515 -0.06499194
v 0.01739730 0.02437009 -0.06810580
v 0.02273844 0.02646865 -0.06754476
v 0.00689328 0.02571346 -0.06476955
v 0.01210181 0.02691515 -0.06435087
v 0.02272495 0.02769650 -0.06556596
v 0.01643065 0.02775849 -0.06357045
v 0.02206298 0.02854443 -0.06239121
v 0.02936666 0.02901476 -0.06405324
v 0.02970268 0.02946168 -0.05934277
v 0.00771060 0.00614964 -0.07000083
v 0.01853553 0.00918260 -0.07244094
v 0.02119171 0.00295033 -0.07358173
v 0.00797319 0.00295009 -0.07012238
v -0.00317479 0.01457063 -0.06651103
v -0.00565980 0.02058464 -0.06476518
v -0.00919949 0.01846999 -0.06435928
v -0.00098148 0.02283732 -0.06503923
v 0.01454097 0.02135739 -0.06892524
v 0.02388881 0.02370580 -0.07027536
v 0.03242172 0.02611410 -0.07132024
v 0.03596510 0.02867120 -0.06916147
v 0.03411916 0.02981380 -0.06302429
v 0.03583305 0.02990747 -0.05690407
v 0.03099240 0.00911842 -0.07679217
v 0.02927080 0.02204270 -0.07293607
v -0.00691628 0.00295003 -0.06640071
v -0.05851942 0.00295143 -0.11299287
v -0.05166082 0.00295001 -0.10466459
v -0.05292912 0.00295001 -0.10440006
v -0.05362484 0.00295001 -0.05364323
v -0.05316016 0.00295001 -0.05169315
v -0.05773642 0.00295010 -0.04358930
v -0.05928661 0.00295016 -0.09301366
v -0.05374684 0.00295001 -0.10304872
v -0.05288809 0.00295001 -0.10155183
v -0.00439946 0.00295001 -0.11299818
v -0.05050682 0.00295001 -0.10381012
v -0.05131549 0.00295001 -0.10142072
v -0.04619404 0.00295001 -0.09357860
v -0.04757539 0.00295001 -0.09447313
v -0.00585111 0.00295001 -0.11199188
v -0.05585112 0.00295001 -0.09349186
v -0.05451776 0.00295001 -0.09445450
v -0.05038832 0.00295001 -0.10252470
v -0.03368997 0.00295001 -0.05558980
v -0.05033542 0.00295001 -0.05266082
v -0.05059993 0.00295001 -0.05392911
v -0.04879200 0.00295001 -0.04304685
v -0.05131549 0.00295001 -0.05142072
v -0.04152469 0.00295001 -0.05000915
v -0.00611767 0.00295002 -0.06734516
v -0.04605095 0.00295001 -0.05990813
v -0.05919561 0.00295442 -0.07357085
v -0.05586337 0.00295001 -0.05959130
v -0.05700938 0.00295000 -0.04301423
v -0.05195129 0.00295001 -0.05474684
v -0.05459186 0.00295001 -0.05855094
v -0.04709126 0.00295001 -0.05863666
v 0.03455490 0.00295049 -0.07892097
v 0.05125751 0.02795785 -0.07978671
v 0.04690607 0.02865520 -0.07608839
v 0.04548609 0.02499301 -0.07881085
v 0.04835371 0.03215503 -0.06961273
v 0.04836346 0.03267486 -0.06712838
v 0.04050674 0.03091124 -0.06278143
v 0.04867246 0.03314152 -0.06361310
v 0.04231918 0.03128855 -0.05770430
v 0.04915804 0.03340971 -0.05868842
v 0.04901227 0.03075452 -0.07408538
v 0.05023431 0.02991345 -0.07677767
v 0.05368925 0.02477289 -0.08409649
v 0.05575445 0.02023436 -0.08782661
v 0.04692042 0.01415663 -0.08413984
v 0.05810739 0.01268201 -0.09173725
v 0.04688855 0.00951768 -0.08492246
v 0.05913985 0.00295042 -0.09350014
v 0.04753703 0.00295038 -0.08583775
v 0.04471661 0.01998191 -0.08110797
v 0.03614925 0.02416299 -0.07449088
v 0.03517753 0.01958508 -0.07634188
v 0.03419777 0.01457506 -0.07734565
v 0.03907231 0.03027622 -0.06654954
v 0.03753805 0.02776655 -0.07171317
v 0.04893530 0.03159825 -0.07229652
v 0.04003751 0.03048281 -0.05488647
v -0.04740629 -0.02799242 -0.11686888
v -0.04543851 -0.02850546 -0.11842132
v -0.04666906 -0.02927157 -0.11300002
v -0.04487822 -0.02994903 -0.11300011
v -0.04585180 -0.02789570 -0.12031160
v -0.03548137 -0.02970384 -0.11300007
v -0.01770044 -0.01539874 -0.22279626
v -0.03280830 -0.02852204 -0.11754972
v -0.00238384 -0.02991248 -0.11299980
v 0.00136641 -0.02807278 -0.12088881
v 0.03235102 -0.02961736 -0.11300035
v 0.01601929 -0.02550901 -0.13540788
v 0.03482081 -0.02476066 -0.13864051
v 0.04041798 -0.02584661 -0.13176893
v 0.03278691 -0.02850307 -0.11765373
v -0.02563428 -0.02629862 -0.12967356
v -0.01103548 -0.01981210 -0.19699150
v -0.01895486 -0.01964002 -0.20109408
v 0.00759617 -0.02428414 -0.14686967
v -0.00809053 -0.02489446 -0.14101894
v -0.01230558 -0.02256829 -0.16449578
v -0.03102854 -0.02288837 -0.15539205
v -0.02751522 -0.02072322 -0.18329328
v 0.00746690 -0.01980038 -0.19605759
v 0.01652798 -0.01921268 -0.20212661
v 0.00021909 -0.02047046 -0.18914245
v 0.01855135 -0.01976404 -0.19970438
v 0.01045543 -0.02244555 -0.16619962
v -0.00181196 -0.01978036 -0.19538057
v 0.02886141 -0.02196490 -0.16680230
v 0.03192732 -0.02320306 -0.15214962
v 0.01875800 -0.01645879 -0.21762198
v -0.03265286 -0.02464053 -0.13990396
v -0.04836180 -0.02779960 -0.11300023
v -0.04791904 -0.02796679 -0.11524404
v -0.05167834 -0.02074803 -0.11299962
v -0.04857412 -0.02642578 -0.11739577
v -0.04769735 -0.02746744 -0.11775361
v -0.05725567 0.01360244 -0.04319418
v -0.05627732 0.02307840 -0.04303808
v -0.05755126 0.01493167 -0.04374544
v -0.05289986 0.03275774 -0.04389720
v -0.05389707 0.03139324 -0.04402648
v -0.05440708 0.02995748 -0.04327735
v -0.05328744 0.03144147 -0.04309649
v -0.05516503 0.02699074 -0.04301906
v -0.05501383 0.02925655 -0.04378345
v -0.05580764 0.02726054 -0.04369868
v -0.05665307 0.02392438 -0.04374373
v -0.05712206 0.01983771 -0.04342360
v 0.01536273 0.02861943 -0.06323355
v 0.01264165 0.02970000 -0.06376099
v 0.01162362 0.02780887 -0.06399412
v 0.00309370 0.02970000 -0.06492849
v -0.00652201 0.02970000 -0.06467412
v -0.01599487 0.02970000 -0.06300346
v -0.02511746 0.02970000 -0.05995307
v -0.04878694 0.02970000 -0.04305404
v -0.04152469 0.02970000 -0.05000915
v -0.03368997 0.02970000 -0.05558980
v 0.02191274 0.02970000 -0.06119718
v 0.02422550 0.02910938 -0.06037505
v 0.03292781 0.02945858 -0.05612728
v -0.05256237 0.03009551 -0.04299879
v -0.05173634 0.02973615 -0.04300001
v 0.05487791 0.03182882 0.00192056
v 0.05326137 0.03598875 0.00377721
v 0.05222055 0.03589386 0.00997300
v 0.05466720 0.03448404 -0.00280047
v 0.05176932 -0.01461414 -0.14265873
v 0.05491932 -0.01390951 -0.12851343
v 0.05191285 -0.01725781 -0.12676342
v -0.04135368 0.04020081 -0.06406268
v -0.03843688 0.04075923 -0.07501443
v -0.04190659 0.03964118 -0.06852617
v -0.03106124 0.03544690 0.04484152
v -0.03589112 0.03543006 0.04090362
v -0.03709580 0.03184447 0.04091892
v 0.05095641 0.03475605 0.01622222
v 0.05189654 0.03157344 0.01521376
v 0.05354166 0.03149971 0.00910132
v 0.04967859 0.03146795 0.02148674
v 0.03918194 0.03146806 0.03868184
v 0.04121587 0.03180948 0.03631575
v 0.03672107 0.03168036 0.04126525
v 0.02275519 0.03188096 0.05065120
v 0.02525268 0.03159753 0.04938212
v 0.02957484 0.03174311 0.04689442
v 0.01846499 0.03191290 0.05239869
v 0.01269510 0.03379171 0.05378947
v 0.01296687 0.03158400 0.05405223
v 0.00577919 0.03158495 0.05534430
v -0.05558151 0.03229582 -0.00734279
v -0.05530524 0.03160704 -0.00198271
v -0.05438487 0.03474129 -0.00094435
v -0.05458575 0.03193809 0.00364184
v -0.05426770 0.02655621 -0.07278417
v -0.05641863 0.02368205 -0.06011982
v -0.05788152 0.01735089 -0.07548050
v -0.05904365 0.00994503 -0.08251704
v 0.05516805 -0.01200099 -0.13666786
v 0.05578657 -0.01453864 -0.11300129
v 0.05889202 0.00924002 -0.09303322
v 0.05851395 0.00295127 -0.11299660
v 0.05822691 0.01015089 -0.10723023
v 0.05778215 0.01561253 -0.09106654
v 0.05645642 0.01623193 -0.11033419
v 0.05558092 0.02201863 -0.08765764
v 0.05658081 0.01949245 -0.08903192
v 0.05353324 0.03422298 -0.02701847
v 0.05299298 0.03340489 -0.03760357
v 0.05037360 0.03453461 -0.05103585
v 0.05471746 0.03312527 -0.02305816
v 0.05467443 0.03241551 -0.02817503
v -0.00231727 0.03756885 0.05315959
v -0.00616384 0.03598649 0.05412194
v 0.00132636 0.03603696 0.05445514
v -0.01183951 0.03697560 0.05242941
v -0.03928785 0.03680604 0.03620528
v -0.04008120 0.03538985 0.03647162
v -0.03556472 0.03668595 0.04028082
v -0.03087411 0.03680118 0.04404134
v -0.02494147 0.03538326 0.04869021
v 0.00478448 0.03375575 0.05507617
v -0.00145334 0.03482008 0.05501692
v -0.00022781 0.03109298 0.05559346
v -0.00500611 0.03150594 0.05539762
v -0.00781208 0.03378780 0.05470696
v -0.00944251 0.03146500 0.05477996
v -0.01290948 0.03478870 0.05346793
v -0.01533001 0.03157694 0.05342741
v -0.01969627 0.03480967 0.05128692
v -0.02170785 0.03147125 0.05109156
v -0.02595570 0.03160767 0.04900822
v -0.02908587 0.03182307 0.04718758
v -0.04236314 0.03602071 0.03306808
v -0.04434707 0.03768583 0.02717942
v -0.04568845 0.03595113 0.02771636
v -0.04825286 0.03615108 0.02214990
v -0.02423221 0.03707335 0.04786703
v -0.05335523 0.03589565 0.00345210
v -0.05398270 0.03594808 -0.00476056
v -0.04052363 0.03183368 0.03716925
v -0.04399501 0.03190894 0.03243943
v -0.04736795 0.03170426 0.02659976
v -0.04965615 0.03161613 0.02153963
v -0.05144304 0.03132314 0.01664603
v -0.05057762 0.03604043 0.01588304
v -0.05337282 0.03161091 0.00986711
v -0.05320988 0.03606262 -0.01759813
v -0.04939653 0.03716044 -0.03095922
v -0.05024534 0.03605175 -0.03678811
v -0.05322942 0.03418622 -0.03006832
v -0.05445940 0.03404962 -0.01973462
v -0.05174874 0.03682360 0.00846582
v -0.05233687 0.03564533 0.00989345
v -0.05550862 0.03263992 -0.01237403
v -0.05534518 0.03235109 -0.01961384
v -0.05436353 0.03259717 -0.03077827
v -0.05396142 0.03587490 -0.01031742
v -0.04750588 0.03763050 -0.03826297
v -0.04531839 0.03855953 -0.05375620
v -0.04828823 0.03569459 -0.05823354
v -0.05048509 0.03144703 -0.07220665
v -0.04463749 0.03301034 -0.09885292
v -0.03114914 0.03877714 -0.14124589
v -0.03568764 0.03941001 -0.10520335
v -0.03219073 0.03519875 -0.17318064
v -0.03447310 0.03195971 -0.18707709
v -0.03140455 0.03733303 -0.15690978
v -0.04296174 0.03103849 -0.12674433
v -0.03728058 0.03352784 -0.14777032
v -0.05252443 0.02855439 -0.07513919
v -0.05534314 0.02487089 -0.07105349
v -0.04858332 0.02577477 -0.12569168
v -0.05500441 0.02184687 -0.09575536
v -0.05707665 0.01803400 -0.09209896
v -0.05842272 0.01038954 -0.10320377
v -0.05662796 0.01062525 -0.12980634
v -0.05508673 0.01630672 -0.12606435
v -0.05175044 0.01731179 -0.15511145
v -0.04971942 0.02049501 -0.15463787
v -0.04325799 0.02190337 -0.19880608
v -0.05282249 0.01346853 -0.16150832
v -0.05407551 0.00898311 -0.16158338
v -0.03916904 0.02656905 -0.19698142
v -0.05718436 0.00281515 -0.13304296
v -0.05577592 0.00053045 -0.15043803
v -0.05368464 0.00179590 -0.16968907
v -0.04504471 0.01736350 -0.20972504
v -0.04637558 0.01409589 -0.21293549
v -0.04760810 0.01102734 -0.21263780
v -0.04999492 0.00239155 -0.20092092
v -0.05701889 -0.00233055 -0.13369800
v -0.05796146 -0.00594262 -0.11299966
v -0.05845712 -0.00139068 -0.11300180
v -0.05518907 -0.01204249 -0.13609055
v -0.05564592 -0.01477645 -0.11300105
v -0.05401535 -0.01213046 -0.14987956
v -0.05352503 -0.01096584 -0.16117285
v -0.05141453 -0.01070684 -0.18066642
v -0.05046079 -0.00985859 -0.19357415
v -0.04970041 -0.01035037 -0.19768053
v -0.05501145 -0.01383655 -0.12797277
v -0.05201447 -0.01565123 -0.13502905
v -0.05317628 -0.01823388 -0.11300179
v -0.05352972 -0.01289192 -0.14662164
v -0.04735569 -0.01243652 -0.17992048
v -0.04606210 -0.01403775 -0.17270052
v -0.04689696 -0.01565638 -0.15951470
v -0.04987586 -0.01919073 -0.13091052
v -0.05118754 -0.01825001 -0.12660013
v -0.04338408 -0.01204553 -0.20856079
v 0.05028505 -0.00306187 -0.19799016
v 0.05010767 0.00509067 -0.19952714
v 0.05250137 0.00639415 -0.17906930
v 0.05615232 -0.00729428 -0.13540559
v 0.05832583 -0.00349190 -0.11300030
v 0.05690774 -0.00227590 -0.13507871
v 0.05728194 0.00269607 -0.13169885
v 0.05490118 -0.00270003 -0.15697356
v 0.05057876 -0.00991355 -0.19235466
v 0.05409020 -0.01229182 -0.14796917
v 0.05358172 -0.01103897 -0.16030698
v 0.05197028 -0.01082611 -0.17554700
v 0.04970282 -0.01033567 -0.19778860
v 0.04652693 -0.01231614 -0.18504666
v 0.05093294 -0.01252777 -0.16243283
v 0.05333148 -0.01800553 -0.11300142
v 0.04370474 -0.01398976 -0.18558532
v 0.04176037 -0.01292291 -0.20771444
v 0.04426134 -0.01169116 -0.20920466
v 0.04712868 -0.01351512 -0.17140049
v 0.04698263 -0.01562524 -0.15910681
v 0.04879485 -0.01751582 -0.14239042
v 0.05172394 -0.02065574 -0.11300003
v 0.05009012 -0.01930222 -0.12932999
v 0.03501607 0.03570689 -0.14464490
v 0.04157960 0.02943918 -0.15171209
v 0.03537214 0.03101993 -0.18870737
v 0.03259507 0.03446440 -0.17736782
v 0.03896796 0.02676180 -0.19710109
v 0.04595551 0.02447379 -0.15769657
v 0.04706362 0.02876979 -0.11486887
v 0.03624782 0.03925681 -0.10315985
v 0.04480338 0.03270252 -0.09985638
v 0.03489594 0.04004693 -0.10320242
v 0.03741258 0.04074987 -0.08057309
v 0.04217473 0.03952534 -0.06788777
v 0.04229219 0.03988046 -0.06215033
v 0.04854472 0.03472915 -0.06336225
v 0.04877306 0.03333807 -0.07051153
v 0.05016226 0.03099773 -0.07697502
v 0.05396678 0.02511472 -0.08487842
v 0.04499376 0.03861410 -0.05660358
v 0.03123351 0.03709006 -0.16030021
v 0.05464847 0.03441601 -0.01432974
v 0.05549892 0.03213825 -0.01764080
v 0.05001150 0.03621405 -0.03743653
v 0.05315517 0.03612830 -0.01742652
v 0.05574285 0.03171250 -0.01175027
v 0.05563115 0.03161562 -0.00617117
v 0.04263299 0.02129985 -0.20675752
v 0.04969059 0.01977933 -0.15957320
v 0.04632751 0.01676290 -0.20302784
v 0.04905979 0.01342645 -0.19472103
v 0.05310813 0.01263269 -0.16187854
v 0.05309926 0.01768045 -0.14024290
v 0.05246323 0.02756424 -0.08216681
v 0.05686667 0.01008881 -0.12787530
v 0.04651178 0.00832140 -0.22670577
v 0.05471223 0.00933060 -0.15427856
v 0.05525947 0.00351408 -0.15454975
v 0.05379906 0.03609595 -0.00968119
v 0.05380059 0.03599920 -0.00200536
v 0.05043876 0.03689349 -0.02737142
v 0.04829331 0.03617090 0.02203749
v 0.05040802 0.03647063 0.01532843
v 0.04129982 0.03710993 0.03309849
v 0.03985408 0.03601412 0.03638555
v 0.04315254 0.03603944 0.03186975
v 0.03700628 0.03639705 0.03923462
v 0.02830339 0.03604003 0.04640828
v 0.03339769 0.03544021 0.04306340
v 0.03359968 0.03173576 0.04395410
v 0.04350790 0.03186117 0.03313385
v 0.04597309 0.03621451 0.02694313
v 0.04707488 0.03163570 0.02720795
v 0.03235585 0.03679768 0.04295155
v 0.02471246 0.03692145 0.04774417
v 0.02330824 0.03530826 0.04947653
v 0.01808071 0.03654297 0.05102188
v 0.01250267 0.03635182 0.05280247
v 0.00534140 0.03758295 0.05288428
v 0.00660279 0.03590906 0.05412880
v -0.03257869 0.03173779 0.04475342
v -0.03563711 0.03135245 0.04220873
v -0.01793076 0.03693148 0.05069370
v -0.04274328 -0.01317113 -0.19792637
v 0.04619761 -0.02879439 -0.11615211
v 0.04458686 -0.02996290 -0.11300013
v 0.04432084 -0.02897009 -0.11675850
v 0.04529991 -0.02846318 -0.11875255
v 0.04586208 -0.02799266 -0.11997438
v 0.04682581 -0.02920409 -0.11300039
v 0.04736718 -0.02764013 -0.11833520
v 0.04803957 -0.02712975 -0.11767676
v 0.04783686 -0.02798862 -0.11555644
v 0.04827289 -0.02785413 -0.11300124
v 0.04969799 -0.02528062 -0.11300116
v 0.04734135 -0.02840512 -0.11485751
v 0.05153584 0.02844729 -0.07991724
v 0.04968900 0.03135768 -0.07471331
v 0.04883310 0.03264951 -0.07002902
v 0.04878386 0.03341261 -0.06697780
v 0.04906394 0.03426786 -0.06131503
v 0.04868517 0.03174604 -0.04520505
v 0.04827936 0.02971694 -0.03561760
v 0.04432354 0.03066700 -0.04839857
v 0.04242896 0.02972242 -0.04633956
v 0.05236322 0.02988769 -0.02673834
v 0.03784346 0.02971238 -0.05286060
v 0.02173107 0.02899838 -0.06186334
v 0.05458584 0.03146323 -0.02752430
v 0.05464201 0.03013310 -0.02043711
v 0.05125606 0.03293094 -0.04520228
v 0.04982703 0.03327389 -0.05265512
v 0.02089353 0.01345908 -0.28575844
v 0.02089491 0.00159836 -0.28771612
v 0.02089221 -0.00625326 -0.28570831
v 0.02089335 -0.01010874 -0.28215927
v 0.01417852 0.04790490 0.00001822
v 0.02066881 0.04724531 -0.00671478
v 0.00883913 0.04820454 -0.01033690
v 0.00401960 0.04857573 -0.00101303
v 0.01435224 0.04754216 -0.01678970
v 0.02402397 0.04695937 -0.00079630
v 0.02365035 0.04686084 0.00812347
v 0.00639254 0.04830684 0.00591502
v 0.01518729 0.04733453 0.01391847
v -0.00071825 0.04779394 0.01560123
v 0.00655903 0.04724054 0.02051006
v -0.00028334 0.04851026 0.00432116
v -0.00005820 0.04867075 -0.00388922
v 0.01271532 0.04684674 0.02151197
v -0.00745131 0.04774752 0.01435511
v -0.00936480 0.04690133 0.02265365
v -0.01113497 0.04798916 0.00761793
v -0.00445386 0.04854933 -0.00085180
v -0.01511079 0.04728132 0.01466739
v -0.01842303 0.04756140 0.00044805
v -0.02362136 0.04678974 0.00960097
v -0.00538669 0.04839591 -0.01334611
v -0.01946809 0.04734626 -0.00744767
v -0.01010670 0.04781439 -0.02036034
v 0.00172057 0.04845163 -0.01567175
v -0.00236837 0.04817303 -0.02223611
v 0.00648203 0.04802100 -0.02197221
v -0.02089484 0.01361365 -0.28560799
v -0.02089338 -0.00387890 -0.28663579
v -0.02089324 0.00287126 -0.28773245
v -0.02089367 -0.00813150 -0.28437793
v -0.02089354 -0.01066439 -0.28115645
v 0.02546497 0.01075574 -0.29184636
v 0.02547789 0.00890878 -0.29222366
v 0.02534449 0.01239680 -0.29137230
v 0.02522136 0.01406618 -0.29067862
v 0.03023499 0.00985404 -0.28906289
v 0.03016394 0.00781805 -0.28955710
v 0.03044469 0.00459383 -0.28965220
v 0.03017610 0.01203414 -0.28838399
v 0.03011518 0.01355490 -0.28763324
v 0.03001297 0.01500455 -0.28669062
v 0.02509356 0.01548744 -0.28985760
v 0.02495652 0.01687098 -0.28879276
v 0.03011118 0.01570527 -0.28595009
v 0.03007198 0.01723497 -0.28413564
v 0.03243151 0.01332028 -0.28085449
v 0.03411115 0.00762974 -0.27853680
v 0.03243473 -0.00862524 -0.28588253
v 0.03165448 -0.00606256 -0.28756022
v 0.03208681 -0.00633195 -0.28680241
v 0.03404589 -0.01104534 -0.28211516
v 0.03688228 -0.00631762 -0.27426195
v 0.03104485 -0.00297814 -0.28869525
v 0.03059683 0.00079661 -0.28947592
v 0.03504834 0.00216299 -0.27747801
v 0.02613144 -0.00660808 -0.28995261
v 0.02633456 -0.00832063 -0.28901339
v 0.02661202 -0.01021174 -0.28765115
v 0.02580801 -0.00247598 -0.29146111
v 0.02595762 -0.00461333 -0.29079175
v 0.02481192 0.01810772 -0.28753620
v 0.02572405 0.00031110 -0.29207644
v 0.02553466 0.00181579 -0.29224321
v 0.02552085 0.00593567 -0.29248071
v 0.02569079 0.00456146 -0.29247203
v 0.03225821 0.01595013 -0.27882528
v 0.02940629 0.04575558 -0.01726741
v 0.01502518 0.04672399 -0.03200448
v 0.03494876 0.04549237 -0.00215932
v 0.02845809 0.04575430 0.01720927
v 0.01317064 0.04557190 0.03184875
v 0.02281668 0.04555805 0.02580406
v -0.00062847 0.04669211 0.02614426
v 0.00169159 0.04556196 0.03444180
v -0.01107943 0.04562725 0.03230336
v -0.01955087 0.04557969 0.02819134
v -0.03190889 0.04556868 0.01327286
v -0.02701778 0.04549004 0.02209069
v -0.02563467 0.04668305 -0.00703452
v -0.03507084 0.04543807 0.00298205
v -0.01847080 0.04635287 -0.03203233
v -0.00635985 0.04730644 -0.03370341
v 0.00109826 0.04749338 -0.03352484
v -0.01220737 0.04611407 -0.04732228
v -0.01916830 0.04504958 -0.05367946
v -0.02038088 0.04544026 -0.04211643
v -0.00214564 0.04642550 -0.05245299
v -0.00803152 0.04607093 -0.05768535
v 0.01835073 0.04520640 -0.05214766
v 0.00371692 0.04737582 -0.03583555
v 0.00793024 0.04621543 -0.05210711
v 0.02463100 0.01931875 -0.28595415
v 0.02972644 0.02957974 -0.24168368
v 0.02987769 0.02769541 -0.25060952
v 0.02390715 0.02857513 -0.25718823
v 0.02359280 0.03092188 -0.24614786
v 0.02308226 0.03206190 -0.24060242
v 0.02371902 0.02679319 -0.26452890
v 0.02404194 0.02642802 -0.26629934
v 0.02359846 0.03176814 -0.24232218
v 0.02913426 0.03091295 -0.23563620
v 0.03477828 0.02636454 -0.22622280
v 0.03541891 0.02340902 -0.23922241
v 0.03669457 0.01866335 -0.25215915
v 0.02996428 0.02481489 -0.26306796
v 0.03003822 0.02111215 -0.27583784
v 0.03005627 0.01883716 -0.28149515
v 0.02432681 0.02155185 -0.28186980
v 0.02447348 0.02043998 -0.28411740
v 0.03303671 0.01727222 -0.27332294
v 0.03002607 0.02280011 -0.27045172
v 0.02418899 0.02270882 -0.27902418
v 0.02400764 0.02454407 -0.27339110
v 0.03681718 0.02415434 -0.22653562
v -0.02462355 0.01930775 -0.28597122
v -0.02481823 0.01805720 -0.28759569
v -0.02971274 0.02964423 -0.24137780
v -0.02389911 0.02858902 -0.25712743
v -0.02987869 0.02767554 -0.25069940
v -0.03008271 0.02313716 -0.26915845
v -0.02983986 0.02519377 -0.26176447
v -0.02910072 0.03095632 -0.23550552
v -0.03471544 0.02683036 -0.22294009
v -0.02353917 0.03089546 -0.24605288
v -0.02375207 0.03135058 -0.24423887
v -0.02385063 0.02668112 -0.26538810
v -0.02450493 0.02087011 -0.28330112
v -0.03005226 0.01772233 -0.28345931
v -0.02394416 0.02437022 -0.27381495
v -0.02407738 0.02253475 -0.27921650
v -0.02438947 0.02236853 -0.27986646
v -0.02413748 0.02431386 -0.27416018
v -0.02423397 0.02093975 -0.28292295
v -0.03010287 0.01909004 -0.28084588
v -0.03006395 0.02109281 -0.27583635
v -0.02303318 0.03215397 -0.24021976
v -0.02339798 0.03200211 -0.24126551
v -0.02573832 0.00154817 -0.29224506
v -0.03047124 0.00430521 -0.28964606
v -0.02555043 0.00522299 -0.29249659
v -0.03021434 0.00990731 -0.28906766
v -0.03016355 0.00783599 -0.28955397
v -0.03011626 0.01482980 -0.28673676
v -0.03007586 0.01627959 -0.28535727
v -0.02521304 0.01539571 -0.28988984
v -0.03001213 0.01377427 -0.28759474
v -0.02512619 0.01335478 -0.29094523
v -0.02545856 0.01081462 -0.29182950
v -0.02535732 0.01329392 -0.29102707
v -0.02503827 0.01682200 -0.28880554
v -0.02490692 0.01595464 -0.28945446
v -0.02535019 0.00887075 -0.29216048
v -0.02638021 -0.00861855 -0.28882876
v -0.02667180 -0.01041967 -0.28746200
v -0.03265805 -0.00919124 -0.28532183
v -0.03157579 -0.00571307 -0.28773364
v -0.02594863 -0.00459393 -0.29080045
v -0.02623260 -0.00695446 -0.28977063
v -0.02415582 -0.00661693 -0.28827360
v -0.02386122 -0.00957451 -0.28574625
v -0.02572235 -0.00084848 -0.29182640
v -0.02552636 0.00178294 -0.29224211
v -0.02579537 -0.00240302 -0.29148287
v -0.02554987 0.00815468 -0.29232821
v -0.03238542 -0.00809745 -0.28619221
v -0.03059092 0.00101297 -0.28949264
v -0.03098474 -0.00300276 -0.28872123
v -0.02823498 -0.01854856 -0.21270826
v -0.03026524 -0.01815512 -0.21714468
v -0.04382538 -0.02783100 -0.12152328
v 0.02935221 -0.01821363 -0.21566699
v 0.03073884 -0.01825756 -0.21575448
v 0.02346124 -0.01907234 -0.20640580
v -0.02427389 -0.01892377 -0.20785445
v 0.03264784 -0.01764656 -0.23171733
v 0.03053617 -0.01779708 -0.26043880
v 0.02668367 -0.01649841 -0.26458246
v 0.02957938 -0.01746037 -0.26812223
v 0.02882107 -0.01675347 -0.27417761
v 0.02834283 -0.01613052 -0.27726734
v 0.03219341 -0.01776865 -0.22376049
v 0.03377924 -0.01763311 -0.22919998
v 0.03211908 -0.01799970 -0.21796793
v 0.03324677 -0.01766732 -0.23582377
v 0.02779897 -0.01539619 -0.27961403
v 0.03127370 -0.01783337 -0.25335792
v 0.02694133 -0.01193611 -0.28595030
v 0.02725039 -0.01328573 -0.28417063
v 0.03449395 -0.01208974 -0.28038821
v 0.03559732 -0.01299279 -0.27707812
v 0.02827694 -0.01537646 -0.27962056
v 0.02757929 -0.01438928 -0.28224239
v 0.03367934 -0.01120580 -0.28254545
v 0.03596774 -0.01258103 -0.27650273
v 0.03305878 -0.01019156 -0.28419960
v 0.03551661 0.01341104 -0.26995119
v 0.03891008 0.00809212 -0.26350585
v 0.03990918 0.00408435 -0.26280576
v 0.03996086 -0.00040019 -0.26427403
v 0.04301235 0.01698649 -0.22449559
v 0.03990774 0.01460735 -0.24873312
v 0.03728979 0.01409006 -0.26191804
v 0.03462618 0.04520463 0.01084060
v 0.03434531 0.04505472 -0.01405929
v 0.03172133 0.04482381 0.02068234
v -0.03448927 0.04540212 -0.00767070
v -0.03030294 0.04562828 -0.01682329
v 0.02750147 0.04454150 -0.03759388
v 0.02244971 0.04487942 -0.04660546
v 0.03317779 0.04416493 -0.02741131
v 0.03303219 0.04298143 -0.04028193
v 0.02618728 0.04394661 -0.05201683
v -0.02801012 0.04430665 -0.03916854
v -0.03382096 0.04457222 -0.02124102
v -0.02628601 0.04418861 -0.04701534
v -0.03454180 0.04300911 -0.03527626
v -0.00788581 0.04533585 -0.09787083
v -0.02502138 0.04354395 -0.07387876
v 0.01105782 0.04485022 -0.10176153
v 0.02253862 0.04363587 -0.08397386
v 0.00327971 0.04554396 -0.10122172
v 0.02203757 0.03292802 -0.23656817
v 0.01209140 0.03858538 -0.21766464
v 0.01194813 0.04062213 -0.19292840
v 0.01895817 0.03659810 -0.22031300
v 0.01799868 0.03983521 -0.18008937
v 0.02323725 0.03643823 -0.19994916
v 0.02301780 0.03496481 -0.22311774
v 0.02528722 0.03416994 -0.21852088
v 0.02810998 0.03340383 -0.20723146
v 0.03021494 0.03112029 -0.21857545
v 0.02756232 0.03251931 -0.22946833
v 0.02438257 0.03367387 -0.22793825
v 0.01888834 0.03601265 -0.22247078
v 0.01335796 0.03718516 -0.22110714
v 0.00698462 0.03943316 -0.21694042
v 0.03426414 0.02762830 -0.21995521
v -0.00042492 0.03591092 -0.22476912
v 0.00178245 0.03626534 -0.22424191
v 0.00394627 0.03585599 -0.22501299
v 0.00817308 0.03564374 -0.22583331
v 0.00111746 0.03994427 -0.21647812
v 0.01283262 0.03519157 -0.22751106
v 0.01853124 0.03504393 -0.22686978
v 0.01138010 0.03595321 -0.22513004
v 0.01620995 0.03472927 -0.22938907
v 0.02112867 0.03364476 -0.23373939
v 0.02256349 0.03278882 -0.23766312
v 0.01828222 0.03418421 -0.23111239
v 0.02049229 0.03361226 -0.23359679
v -0.02236676 0.03290707 -0.23721237
v -0.02082173 0.03373342 -0.23337433
v -0.02324339 0.03393325 -0.22836518
v -0.01730870 0.03463047 -0.22977410
v -0.01710716 0.03542337 -0.22599788
v -0.00829199 0.03559957 -0.22588915
v -0.01256689 0.03508692 -0.22750689
v -0.01118695 0.03556818 -0.22634657
v -0.00986461 0.03692464 -0.22266155
v -0.00453976 0.03584868 -0.22510314
v -0.00457702 0.03972323 -0.21672669
v -0.02132989 0.03328417 -0.23499358
v -0.01999413 0.03373628 -0.23298822
v -0.01605297 0.03459085 -0.22942699
v -0.01824994 0.03418672 -0.23108913
v -0.02277567 0.03503880 -0.22320946
v -0.02486023 0.03437849 -0.21861051
v -0.02338423 0.03637084 -0.19977926
v -0.02997740 0.03158669 -0.21401231
v -0.02792453 0.03358213 -0.20646897
v -0.02751153 0.03252732 -0.22952303
v -0.03175507 0.02963363 -0.22163703
v -0.01910070 0.03879185 -0.19007877
v -0.01752676 0.03707078 -0.21963781
v -0.01454872 0.03919024 -0.20367727
v 0.00644233 0.04076687 -0.20391759
v -0.01516042 0.03709216 -0.22078381
v -0.01040299 0.03886950 -0.21752638
v 0.00013311 0.04110653 -0.20502374
v -0.00568048 0.04090853 -0.20347556
v -0.01072138 0.04015483 -0.20311022
v -0.03275590 -0.01767944 -0.22852406
v -0.03314014 -0.01027876 -0.28406349
v -0.03384230 -0.01110988 -0.28251892
v -0.04367194 -0.01240342 -0.24714507
v -0.04320275 -0.01286274 -0.24795078
v -0.04548729 -0.01136022 -0.23753498
v -0.04654529 -0.01063607 -0.23077032
v -0.04742509 -0.01001811 -0.22411172
v -0.02726223 -0.01418675 -0.28239363
v -0.02772504 -0.01433328 -0.28228247
v -0.02720115 -0.01313836 -0.28439346
v -0.02694049 -0.01192653 -0.28596339
v -0.04136964 -0.01361185 -0.25648260
v -0.03935864 -0.01399717 -0.26402724
v -0.02977377 -0.01755359 -0.26681685
v -0.02931276 -0.01724484 -0.27052784
v -0.02839289 -0.01618958 -0.27704594
v -0.02798516 -0.01542653 -0.27973655
v -0.03867081 -0.01448115 -0.23955905
v -0.03217134 -0.01771292 -0.24775344
v -0.03102620 -0.01782111 -0.25670621
v -0.03371045 -0.01762286 -0.23113573
v -0.03496153 -0.01655689 -0.23697664
v -0.03028405 -0.01773817 -0.25832781
v -0.02599777 -0.01626270 -0.24573030
v -0.04154318 -0.01329861 -0.25652009
v -0.04670465 -0.01071883 -0.22774065
v -0.03986635 -0.01362639 -0.26312068
v -0.03545528 -0.01235555 -0.27807674
v -0.03617018 -0.01325438 -0.27536777
v -0.03787352 -0.01352386 -0.27019718
v -0.03749853 -0.01381370 -0.27079967
v -0.03442357 -0.01204518 -0.28054100
v -0.03518784 -0.01272611 -0.27825910
v -0.02885102 -0.01681080 -0.27383977
v -0.04053042 -0.01316771 -0.22703718
v -0.03190599 -0.01810599 -0.21601592
v -0.03183458 -0.01792859 -0.22100466
v -0.04698095 -0.02612557 -0.12640928
v -0.04087377 -0.02231963 -0.15202281
v -0.04162110 -0.02371508 -0.14320616
v -0.04260055 -0.02557039 -0.13290422
v -0.04570201 -0.02504368 -0.13320212
v -0.04380722 -0.02248340 -0.14635393
v -0.03733453 -0.01871808 -0.18761371
v -0.03327928 -0.01844409 -0.20547773
v -0.03512140 -0.02002379 -0.18193407
v -0.03672884 -0.02122141 -0.16645420
v -0.04042165 -0.02018347 -0.16665971
v 0.04013468 -0.02291944 -0.14886586
v 0.03780575 -0.02097758 -0.16701336
v 0.03172065 -0.01894943 -0.20312527
v 0.03510686 -0.02005038 -0.18145354
v 0.03275596 -0.01821830 -0.21106100
v 0.03669170 -0.01890651 -0.18809618
v 0.04481667 -0.02567562 -0.13134336
v 0.04669709 -0.02568061 -0.12893713
v 0.04401337 -0.02262461 -0.14530347
v 0.04412983 -0.02789275 -0.12135711
v 0.04259857 -0.02134442 -0.15430132
v 0.04833177 -0.01027018 -0.21206987
v 0.04146343 -0.01267646 -0.22465654
v 0.03847257 -0.01447116 -0.21982133
v 0.03568880 -0.01602344 -0.24468580
v 0.04285461 -0.00501355 -0.25337446
v 0.04366896 0.00044499 -0.24935296
v 0.04584257 -0.00166149 -0.23771706
v 0.04751643 0.00126353 -0.22449784
v 0.04607420 0.00388940 -0.23379405
v 0.04517980 0.01257816 -0.22619246
v 0.04240081 -0.01319948 -0.25250798
v 0.04427288 -0.01224871 -0.24380989
v 0.04676603 -0.01068892 -0.22748213
v 0.04616672 -0.01089830 -0.23338367
v 0.04759005 -0.00995868 -0.22250918
v 0.03393870 -0.01742426 -0.21817823
v 0.03497896 -0.01683377 -0.22267002
v 0.03788306 -0.01554918 -0.21002066
v 0.03615886 -0.01709693 -0.20575377
v 0.03830713 -0.01358376 -0.26878849
v 0.04025345 -0.00557859 -0.26372582
v 0.04184509 0.00142265 -0.25741190
v 0.03714277 -0.01370283 -0.27202377
v 0.03890944 -0.01395715 -0.26597971
v 0.04059384 -0.01374367 -0.25995958
v 0.04016364 0.00885191 -0.25831684
v 0.04185942 0.01040225 -0.24850902
v 0.04339238 0.00632677 -0.24671991
v 0.02964593 0.03419614 -0.19212903
v 0.03359510 0.02961151 -0.20880164
v 0.03304103 0.04243133 -0.05254770
v 0.03927849 0.04078383 -0.06530615
v 0.04186871 0.03988692 -0.04845753
v 0.03941118 0.04127927 -0.03598620
v 0.04579048 0.03842090 -0.03821808
v 0.04060674 0.04292798 -0.01861333
v -0.04804508 0.03853101 0.01536431
v -0.02844081 0.03876080 0.04308348
v -0.03547037 0.03869320 0.03720791
v -0.00722140 0.04446068 0.03882295
v -0.01827051 0.04447283 0.03491358
v -0.02754707 0.04444275 0.02819999
v -0.03899813 0.04438363 0.00378590
v -0.03843907 0.04437583 -0.00833543
v -0.03494655 0.04444305 0.01766131
v -0.00566661 0.03882131 0.05133894
v -0.01245919 0.03892765 0.04994255
v -0.01830522 0.03879527 0.04831423
v -0.04029764 0.03855482 0.03160209
v -0.04100837 0.04291477 -0.01744275
v -0.04000128 0.04132897 -0.03343960
v -0.04499895 0.04114544 -0.01737141
v -0.05086478 0.03843588 -0.00021729
v -0.05063985 0.03837255 -0.01203407
v 0.04356185 0.04104356 -0.02366095
v 0.04757938 0.03861767 -0.02653277
v 0.05021342 0.03856356 -0.01306646
v 0.04619401 0.04092540 -0.01344078
v 0.04660294 0.03838708 0.02008357
v 0.04235313 0.03852412 0.02844234
v 0.03808779 0.03859845 0.03445489
v 0.02684600 0.03874807 0.04407746
v 0.01299040 0.03874400 0.05007691
v 0.02019197 0.03881977 0.04746216
v 0.00433890 0.03898830 0.05128928
v 0.03278497 0.03867925 0.03979678
v -0.04690016 0.04103579 -0.00627218
v -0.04612185 0.04111958 0.00676762
v -0.04215713 0.04126363 0.01989561
v -0.03604996 0.04135975 0.03016251
v -0.02770089 0.04145760 0.03836402
v -0.01539965 0.04147648 0.04486642
v -0.00179074 0.04147900 0.04747745
v 0.01186618 0.04147424 0.04595911
v 0.02465035 0.04146074 0.04045087
v 0.03377863 0.04138215 0.03287158
v 0.04061152 0.04129329 0.02313479
v 0.04542673 0.04115148 0.01015012
v 0.04986187 0.03826178 0.00926816
v 0.04702058 0.04102948 -0.00312218
v 0.05149565 0.03801141 -0.00174398
v 0.03851946 0.04434985 -0.00837378
v 0.03890169 0.04440891 0.00396128
v 0.04316059 0.04286310 -0.00760462
v 0.04304059 0.04293430 0.00442433
v 0.03982289 0.04303940 0.01669133
v 0.03535108 0.04309776 0.02506943
v 0.03122532 0.04306160 0.03061370
v 0.02281914 0.04316211 0.03735697
v 0.01097196 0.04317078 0.04244458
v 0.00148205 0.04316112 0.04376579
v -0.00805173 0.04317036 0.04311347
v -0.02023155 0.04316834 0.03882924
v -0.02927135 0.04313714 0.03235422
v -0.03439416 0.04308769 0.02647703
v -0.03918262 0.04302572 0.01829162
v -0.04281072 0.04292771 0.00611397
v -0.04331554 0.04286377 -0.00601479
v 0.02418059 0.04448375 0.03113668
v 0.01260761 0.04446869 0.03736889
v 0.00272077 0.04446945 0.03932472
v -0.04029618 0.04063002 -0.03944417
v -0.03345465 0.04241122 -0.04801247
v -0.04188754 0.03988102 -0.05063260
v -0.02712795 0.04373981 -0.05291699
v 0.02604899 0.03876767 -0.16015609
v 0.02391243 0.03801997 -0.17763796
v 0.01800404 0.04243241 -0.13562272
v 0.02943286 0.03616182 -0.17491248
v 0.00124954 0.04289038 -0.17846414
v -0.00638520 0.04287027 -0.17100140
v -0.00135603 0.04449998 -0.13882382
v 0.00423822 0.04390633 -0.15056789
v 0.00902746 0.04262465 -0.16861610
v -0.02101010 0.04033244 -0.15875407
v -0.01376942 0.04305784 -0.14079712
v -0.01227569 0.04164286 -0.17515795
v -0.02642811 0.03748485 -0.17325167
v -0.02912177 0.03490832 -0.18789467
v -0.03197631 0.04000999 -0.11958361
v 0.03208169 0.04024845 -0.11535898
v 0.03006793 0.03904388 -0.14215532
v -0.03489619 0.02804948 -0.21257152
v -0.03841445 -0.01442139 -0.22253138
v -0.04832469 -0.01021283 -0.21351133
v -0.04126080 -0.01322226 -0.20872939
v -0.03434810 -0.01730223 -0.21553962
v -0.03570329 -0.01735999 -0.20597054
v -0.03728065 -0.01580813 -0.21170227
v -0.03375432 -0.01761439 -0.22488613
v -0.03917896 -0.01604166 -0.19832593
v -0.04698799 -0.02445581 -0.13208754
v -0.04241510 -0.01852957 -0.16873617
v -0.04421327 -0.02116620 -0.15055877
v -0.04579090 -0.01961504 -0.15034193
v -0.04724471 -0.02197392 -0.13752468
v -0.04814352 -0.02551015 -0.12405495
v 0.04499084 -0.02010570 -0.15191646
v 0.04479051 -0.02208735 -0.14548364
v 0.03964007 -0.01702784 -0.18955234
v 0.04094869 -0.01975590 -0.16765220
v 0.04652577 -0.02263683 -0.13863090
v 0.04822648 -0.02547596 -0.12369063
v 0.04759670 -0.02518207 -0.12767506
v 0.04762090 -0.02161464 -0.13653307
v 0.04286927 -0.01821201 -0.16869858
v -0.04015772 0.02977977 0.01484579
v -0.05193014 0.02972908 0.00973758
v -0.04212557 0.02977977 0.00764695
v -0.03696914 0.02976740 0.02160725
v -0.04177633 0.02971789 0.03305678
v -0.03265835 0.02977978 0.02768521
v 0.04220049 0.02977978 0.00722202
v 0.05264696 0.02972980 0.00597360
v 0.04907191 0.02971004 0.01843702
v 0.04030528 0.02977978 0.01444034
v 0.04281346 0.02977978 -0.00021573
v 0.05425104 0.02975143 -0.00820065
v 0.04212556 0.02977978 -0.00764694
v 0.05374025 0.02972080 -0.02052012
v 0.04015770 0.02977978 -0.01484580
v -0.05423735 0.02971729 -0.01395418
v -0.04030528 0.02977977 -0.01444034
v -0.04220049 0.02977977 -0.00722201
v -0.04280423 0.02979770 0.00019817
v 0.04170808 0.02971766 0.03288643
v 0.03274409 0.02973899 0.04291532
v 0.03294837 0.02976740 0.02734950
v 0.02768522 0.02977977 0.03265835
v -0.03594220 0.02973489 0.03991992
v -0.02734951 0.02976740 0.03294836
v -0.02121989 0.02977977 0.03718542
v -0.01442440 0.02975836 0.04032283
v -0.01934127 0.02973562 0.05057212
v -0.02573360 0.02976900 0.04766443
v -0.00721120 0.02976740 0.04220887
v 0.00360486 0.02974924 0.05409313
v 0.00021574 0.02977977 0.04281346
v 0.00766951 0.02975835 0.04213279
v 0.03696913 0.02976741 -0.02160726
v -0.03718541 0.02977977 -0.02121991
v 0.01484579 0.02977977 0.04015771
v 0.02258200 0.02973589 0.04907017
v 0.01609922 0.02977311 0.05182634
v 0.02160725 0.02976741 0.03696913
v 0.03718542 0.02977977 0.02121990
v -0.03297852 0.02973797 -0.02733717
v -0.00163102 0.02976942 0.05431130
v 0.03265834 0.02977978 -0.02768522
v -0.01484580 0.02977977 -0.04015771
v -0.00762802 0.02979770 -0.04211952
v -0.00019818 0.02979770 -0.04280423
v 0.00723771 0.02979770 -0.04218835
v 0.01445369 0.02979770 -0.04029060
v 0.02120723 0.02975836 -0.03720547
v 0.02735469 0.02977978 -0.03293569
v -0.02766584 0.02979770 -0.03266256
v -0.02157374 0.02979770 -0.03697046
v 0.05043742 0.03385197 -0.05127041
v 0.05447321 0.03214213 -0.02955293
v 0.00474038 0.00615000 -0.11290901
v -0.00499187 0.00615000 -0.11285112
v 0.00481576 0.00295001 -0.11295877
v 0.05063053 0.00295001 -0.10191447
v 0.05210458 0.00295001 -0.10132295
v 0.05353716 0.00295001 -0.10383125
v 0.05218820 0.00295001 -0.10466974
v 0.05338246 0.00295001 -0.10197458
v 0.05107088 0.00295001 -0.10440005
v 0.05038830 0.00295001 -0.10347524
v 0.00594371 0.00295001 -0.11157510
v 0.00604047 0.00295000 -0.07164079
v 0.00675118 0.00295001 -0.07052893
v 0.05348845 0.01295000 -0.10391562
v 0.05343642 0.01295000 -0.10205165
v 0.05174464 0.01295000 -0.10127124
v 0.05041961 0.01295000 -0.10237694
v 0.05063053 0.01295000 -0.10408553
v 0.05210461 0.01295000 -0.10467705
v -0.05046049 0.01295000 -0.10376979
v -0.05045986 0.01295000 -0.10232815
v -0.05137692 0.01295000 -0.10141961
v -0.05281020 0.01295000 -0.10150687
v -0.05374684 0.01295000 -0.10295133
v -0.05299786 0.01295000 -0.10435193
v -0.05174939 0.01295000 -0.10468020
v -0.05064808 0.01295000 -0.05399786
v -0.05034185 0.01295000 -0.05244830
v -0.05166081 0.01295000 -0.05133542
v -0.05292913 0.01295000 -0.05159994
v -0.05366459 0.01295000 -0.05266084
v -0.05340005 0.01295000 -0.05392914
v -0.05204868 0.01295000 -0.05474684
v -0.05453242 0.00615000 -0.09445889
v -0.04692140 0.00615000 -0.09430596
v -0.04602686 0.00615000 -0.09292462
v -0.04619406 0.00615000 -0.05942138
v -0.04757540 0.00615000 -0.05852687
v -0.05490872 0.00615000 -0.05863664
v -0.05584410 0.00615000 -0.09347113
v -0.05594906 0.00615000 -0.05990811
v 0.00605640 0.00614999 -0.07145429
v 0.00662158 0.00614984 -0.07054909
v -0.00604404 0.00614998 -0.06749190
v -0.00596450 0.00615000 -0.11149067
v 0.00592797 0.00615000 -0.11173949
v -0.05526898 0.03167948 -0.02298542
v -0.05566940 0.03122797 -0.00927364
v -0.04738781 0.03098692 0.02625998
v -0.04383215 0.03100273 0.03249982
v 0.04556645 0.03076217 0.02949025
v 0.04240794 0.03078047 0.03438968
v 0.05511770 0.03140910 -0.02396082
v -0.05476191 0.03062247 0.00038963
v -0.05302014 0.03057794 0.00985831
v -0.04042216 0.03068075 0.03682423
v -0.03857278 0.03039340 0.03873165
v -0.03364012 0.03044477 0.04341913
v -0.02772641 0.03060954 0.04768752
v -0.01533048 0.03067758 0.05314413
v -0.00675591 0.03059203 0.05492037
v 0.00555548 0.03060282 0.05505550
v 0.01283860 0.03067814 0.05380326
v 0.01970117 0.03067930 0.05164827
v 0.02403013 0.03039306 0.04953873
v 0.02952519 0.03060966 0.04654179
v 0.03346212 0.03068520 0.04370450
v 0.05163402 0.03067649 0.01514472
v 0.05469949 0.03073221 0.00132754
v 0.05516141 0.03085007 -0.02141116
v -0.05448604 0.03088519 -0.02994237
v -0.05513309 0.03059269 -0.01959701
v -0.04955639 0.03046674 0.02058451
v -0.02160318 0.03047623 0.05069057
v 0.03758230 0.03047541 0.03983951
v 0.04746282 0.03046659 0.02538546
v -0.05515107 0.03028275 -0.00964746
v -0.04691726 0.03019050 0.02597702
v -0.04331823 0.03018998 0.03227382
v 0.04898959 0.03009814 0.02111560
v 0.05306775 0.03029642 0.00847908
v 0.05521261 0.03037597 -0.00835535
v -0.05128043 0.03003887 0.01431033
v 0.04194470 0.03003960 0.03392568
v -0.05400234 0.02992471 0.00048638
v -0.01519679 0.02997890 0.05246806
v -0.00650027 0.02990870 0.05421030
v 0.01058897 0.03000584 0.05369346
v 0.02857522 0.02989108 0.04620836
v 0.05096022 0.02997860 0.01500232
v 0.05400879 0.02999538 0.00128825
v -0.05452830 0.02991566 -0.01679740
v -0.04768467 0.02984916 0.02319793
v -0.03050677 0.02986388 0.04484393
v 0.03697561 0.02986370 0.03936272
v 0.04569626 0.02986138 0.02726928
v -0.03000003 -0.00451995 -0.24344888
v -0.02999999 -0.00442870 -0.27500150
v -0.03000000 0.01037565 -0.27486029
v -0.03000000 0.01026363 -0.24272399
v 0.03500001 -0.00217258 -0.26645264
v 0.03500001 0.00833780 -0.26642358
v 0.03499999 0.01024504 -0.26486307
v 0.03500000 0.01033334 -0.25342840
v 0.03500001 -0.00243780 -0.25157642
v 0.03499999 0.00866612 -0.25166634
v 0.03500001 -0.00450971 -0.26413688
v 0.03500000 -0.00434502 -0.25313693
v 0.03499999 -0.00365562 -0.26571360
v -0.03000000 0.00313806 -0.26933026
v -0.03000000 0.00202080 -0.26960003
v -0.03000003 0.00128541 -0.27066085
v -0.03000000 0.00154992 -0.27192909
v -0.03000000 0.00290128 -0.27274683
v -0.03000005 -0.00233495 -0.27694267
v -0.03000000 0.00439820 -0.27188802
v -0.03000000 0.00448715 -0.27016875
v -0.03000007 0.00883362 -0.27678850
v -0.02999997 -0.00361506 -0.27619332
v -0.03000001 -0.00384880 -0.24199995
v -0.03000000 0.00132619 -0.24657543
v -0.03000000 0.00236682 -0.24859317
v -0.02999999 0.00142501 -0.24771586
v -0.03000001 0.00844848 -0.24109827
v -0.03000000 0.00364048 -0.24546866
v -0.03000000 0.00217228 -0.24546376
v -0.03000000 -0.00225049 -0.24103490
v -0.03000000 0.00375368 -0.24849087
v -0.02999999 0.00454735 -0.24752121
v -0.03000001 0.00449737 -0.24632086
v -0.04012488 0.04000000 0.01460426
v -0.04205130 0.04000000 0.00741478
v -0.04270000 0.04000000 -0.00000000
v -0.04205129 0.04000000 -0.00741478
v -0.04012488 0.04000000 -0.01460426
v -0.03697928 0.04000000 -0.02135000
v -0.03271011 0.04000000 -0.02744703
v -0.02744704 0.04000000 -0.03271010
v -0.02135001 0.04000000 -0.03697928
v -0.01460426 0.04000000 -0.04012488
v -0.00741478 0.04000000 -0.04205129
v -0.00000000 0.04000000 -0.04270000
v 0.00741478 0.04000000 -0.04205129
v 0.01460426 0.04000000 -0.04012488
v 0.02135000 0.04000000 -0.03697928
v 0.02744702 0.04000000 -0.03271010
v 0.03271010 0.04000000 -0.02744702
v 0.03697928 0.04000000 -0.02135000
v 0.04012487 0.04000000 -0.01460426
v 0.04205129 0.04000000 -0.00741478
v 0.04269999 0.04000000 0.00000000
v 0.04205129 0.04000000 0.00741478
v 0.04012487 0.04000000 0.01460426
v 0.03697929 0.04000000 0.02135000
v 0.03271010 0.04000000 0.02744703
v 0.02744703 0.04000000 0.03271010
v 0.02135000 0.04000000 0.03697928
v 0.01460426 0.04000000 0.04012487
v 0.00741477 0.04000000 0.04205129
v -0.00000001 0.04000000 0.04270000
v -0.00741478 0.04000000 0.04205129
v -0.01460425 0.04000000 0.04012487
v -0.02135000 0.04000000 0.03697928
v -0.02744703 0.04000000 0.03271010
v -0.03271010 0.04000000 0.02744703
v -0.03697929 0.04000000 0.02135000
v 0.00018691 -0.01974151 -0.38734141
v 0.00011332 -0.01766596 -0.38596427
v 0.00142649 -0.01885755 -0.38692600
v -0.00035193 -0.02437698 -0.37690485
v 0.00164322 -0.02353328 -0.37653637
v 0.00014101 -0.02281647 -0.37628639
v 0.00126281 -0.02187109 -0.37624329
v 0.00185865 -0.02496973 -0.37726995
v -0.00050373 -0.02569838 -0.37789419
v 0.00009913 -0.01983244 -0.37651932
v 0.00130318 -0.01960273 -0.37659162
v 0.00012000 -0.01739414 -0.37812704
v 0.00133095 -0.01742556 -0.37811524
v 0.00137802 -0.01623578 -0.38029453
v 0.00008375 -0.01593640 -0.38144708
v 0.00147592 -0.01602549 -0.38280344
v 0.00005823 -0.01652361 -0.38434666
v 0.00148574 -0.01698102 -0.38512671
v 0.00136048 -0.02182793 -0.38764846
v 0.00024231 -0.02245770 -0.38760862
v 0.00182861 -0.02423102 -0.38705188
v -0.00025788 -0.02432886 -0.38701430
v 0.00200334 -0.02568367 -0.38598543
v -0.00045119 -0.02580100 -0.38589734
v 0.00202019 -0.02644931 -0.38510248
v -0.00047752 -0.02690814 -0.38429615
v 0.00199402 -0.02746143 -0.38178748
v -0.00050783 -0.02746033 -0.38166288
v -0.00049142 -0.02735962 -0.38282010
v 0.00201926 -0.02701648 -0.38411152
v 0.00198081 -0.02710224 -0.38007572
v -0.00051126 -0.02722753 -0.38047573
v -0.00051810 -0.02646888 -0.37879065
v 0.00196982 -0.02657380 -0.37893590
v 0.00194231 -0.02586171 -0.37803072
v 0.02104303 -0.01760737 -0.35810971
v 0.02268832 -0.01758070 -0.35801315
v 0.02103613 -0.01650613 -0.35976318
v 0.02273649 -0.01619550 -0.36058336
v 0.02104665 -0.01595609 -0.36211681
v 0.02275928 -0.01608144 -0.36324757
v 0.02108463 -0.01670695 -0.36490723
v 0.02276104 -0.01741134 -0.36588261
v 0.02112956 -0.01831552 -0.36668444
v 0.02273176 -0.01984093 -0.36751747
v 0.02117533 -0.02024561 -0.36761796
v 0.02120406 -0.02220728 -0.36777389
v 0.02270160 -0.02307525 -0.36770847
v 0.02119706 -0.02354921 -0.36757803
v 0.02060390 -0.02497028 -0.36676675
v 0.02329287 -0.02505666 -0.36667117
v 0.02334071 -0.02596766 -0.36584800
v 0.02051854 -0.02606979 -0.36576560
v 0.02335207 -0.02657311 -0.36506653
v 0.02049663 -0.02677049 -0.36476865
v 0.02332184 -0.02719574 -0.36359113
v 0.02047950 -0.02726509 -0.36355945
v 0.02047483 -0.02743350 -0.36235189
v 0.02333266 -0.02747128 -0.36223957
v 0.02045518 -0.02725439 -0.36061335
v 0.02331780 -0.02742428 -0.36123502
v 0.02329653 -0.02660427 -0.35914692
v 0.02044785 -0.02676464 -0.35943657
v 0.02045457 -0.02591563 -0.35825342
v 0.02327127 -0.02592213 -0.35824528
v 0.02318393 -0.02482325 -0.35732108
v 0.02061716 -0.02437842 -0.35706350
v 0.02106250 -0.01940872 -0.35687140
v 0.02262316 -0.02027665 -0.35655320
v 0.02110250 -0.02138779 -0.35641226
v 0.02262141 -0.02282554 -0.35643306
v 0.02110159 -0.02346416 -0.35656425
v 0.00075863 -0.00753874 -0.37105951
v -0.00445080 -0.00783864 -0.37063161
v 0.00048443 -0.00813166 -0.37456268
v -0.00533470 -0.00857871 -0.37439671
v -0.00324970 -0.00916205 -0.37635365
v 0.00038147 -0.00893675 -0.37699103
v -0.00054193 -0.01144444 -0.38013497
v 0.00007829 -0.01044993 -0.37985107
v -0.00065523 -0.01017171 -0.37878883
v -0.00150117 -0.01147687 -0.37890312
v 0.00055667 -0.01009544 -0.37937105
v -0.00367295 -0.00990145 -0.37725419
v -0.00173129 -0.01021191 -0.37819785
v -0.00400811 -0.01180026 -0.37764460
v -0.00530299 -0.01255572 -0.37698340
v -0.00395943 -0.01319124 -0.37700897
v -0.00106557 -0.01243761 -0.37962562
v -0.00154161 -0.01296605 -0.37893280
v -0.00250772 -0.01242353 -0.37821484
v -0.00342873 -0.01077699 -0.37776193
v -0.00256094 -0.01355988 -0.37760869
v -0.01233748 -0.01035320 -0.37719142
v -0.01226741 -0.01120579 -0.37735099
v -0.00609668 -0.01130326 -0.37735572
v -0.00836018 -0.01181216 -0.37705532
v -0.00618880 -0.01031409 -0.37721241
v -0.00665469 -0.00941074 -0.37626743
v -0.01487051 -0.00860996 -0.37398681
v -0.01384805 -0.00929366 -0.37588570
v -0.01768384 -0.01338873 -0.39251795
v -0.01867646 -0.00401765 -0.39177260
v -0.01756862 0.00046156 -0.39402941
v -0.01941139 -0.00589449 -0.38975531
v -0.01668314 -0.00152191 -0.39515001
v -0.01639900 -0.01542149 -0.39529407
v -0.01923271 -0.01521680 -0.38758034
v -0.01983580 -0.00771916 -0.38744950
v -0.01874501 -0.01531513 -0.38955542
v -0.01935503 -0.01503703 -0.38584206
v -0.02028736 -0.00571092 -0.38608348
v -0.01790357 -0.01105169 -0.37897244
v -0.01805476 -0.01040072 -0.37871504
v -0.01881078 -0.01062518 -0.37985632
v -0.01858124 -0.01213990 -0.38011920
v -0.01790098 -0.01206445 -0.37916791
v -0.01948281 -0.00991015 -0.38092390
v -0.01915261 -0.01311430 -0.38166338
v -0.01952623 -0.01156054 -0.38267556
v -0.01885475 -0.01415880 -0.37990549
v -0.01831797 -0.01303077 -0.37950122
v -0.01936916 -0.01447101 -0.38269526
v -0.01946236 -0.00765198 -0.37505350
v -0.01879206 -0.00855138 -0.37660387
v -0.01871353 -0.00781899 -0.37323996
v -0.01884604 -0.00944737 -0.37855983
v -0.01926627 -0.00857631 -0.37788904
v -0.01981375 -0.00788486 -0.37850305
v -0.02037240 -0.00632191 -0.38315076
v -0.02006205 -0.00799065 -0.38209903
v -0.01631577 -0.01332060 -0.37741145
v -0.01434621 -0.01268077 -0.37704110
v -0.01468889 -0.01162104 -0.37769130
v -0.01521119 -0.00799425 -0.37109762
v -0.01652470 -0.01081095 -0.37805429
v -0.01757266 -0.00984537 -0.37783822
v -0.01620616 -0.01163621 -0.37810612
v -0.01750895 -0.01252433 -0.37873802
v -0.01568697 -0.00980907 -0.37698784
v -0.01503596 -0.01055580 -0.37753457
v -0.01720463 -0.01326921 -0.37809151
v -0.01297535 -0.01195351 -0.37723970
v -0.01790039 -0.00826422 -0.37441799
v -0.01718014 -0.00905871 -0.37626675
v -0.00087508 -0.01110904 -0.39067057
v -0.00114789 -0.01615538 -0.39072886
v -0.00176975 -0.00854284 -0.39314467
v -0.00029544 -0.00799679 -0.39058161
v -0.00305732 -0.01855686 -0.39503804
v -0.00285254 -0.00464349 -0.39511824
v -0.00034767 -0.01229671 -0.38832793
v -0.00034421 -0.01599811 -0.38798201
v 0.00071481 -0.00564532 -0.39082563
v 0.00041471 -0.00736300 -0.39006346
v -0.00002451 -0.00583371 -0.39112413
v 0.00021131 -0.00955617 -0.38867167
v 0.00064544 -0.01042025 -0.38664958
v 0.00022687 -0.01120948 -0.38665050
v 0.00068082 -0.00969214 -0.38784683
v 0.00103358 -0.00630394 -0.39053941
v 0.00079256 -0.00873846 -0.38885224
v 0.00115443 -0.00803798 -0.38956618
v 0.00095393 -0.00971028 -0.38784623
v 0.00063344 0.00189080 -0.39245230
v 0.00013701 -0.00306054 -0.39186037
v -0.00071774 0.00243585 -0.39311627
v -0.00071521 -0.00378464 -0.39235267
v 0.00089618 -0.00301570 -0.39168611
v -0.00142486 -0.00132571 -0.39347094
v -0.00171037 -0.02404424 -0.34855568
v -0.00156153 -0.02696275 -0.35388601
v -0.00105655 -0.02735108 -0.35554910
v -0.00137678 -0.02462738 -0.35029459
v -0.00047583 -0.02905536 -0.35964173
v -0.00050604 -0.02796133 -0.35770190
v -0.00116190 -0.02866519 -0.35798860
v -0.00049277 -0.02948433 -0.36167476
v -0.00505810 -0.02837851 -0.35356209
v -0.00515627 -0.02439019 -0.34467775
v -0.00296056 -0.02410793 -0.34714159
v -0.00610816 -0.01329827 -0.35979635
v -0.00443560 -0.01378040 -0.35859451
v -0.00048410 -0.01516494 -0.35952267
v -0.00046608 -0.01463362 -0.36201552
v -0.00131066 -0.01676760 -0.35572428
v -0.00112395 -0.01673961 -0.35637221
v -0.00221608 -0.01531903 -0.35678101
v -0.00309684 -0.01447502 -0.35804856
v -0.00167989 -0.01548762 -0.35760912
v -0.00051037 -0.01665857 -0.35719949
v -0.00599379 -0.01214611 -0.35486758
v -0.00410746 -0.01370556 -0.35611817
v -0.00550999 -0.01310895 -0.35691646
v -0.00276619 -0.01472512 -0.35599187
v -0.00332060 -0.01354589 -0.35416448
v -0.00190128 -0.01536640 -0.35406294
v -0.00756078 -0.01269894 -0.35725734
v -0.00970844 -0.01257257 -0.35782808
v -0.01086965 -0.01214957 -0.35645735
v -0.00981158 -0.01291084 -0.36034986
v -0.00310858 -0.01465610 -0.36722487
v -0.00223647 -0.01558149 -0.36902592
v -0.00374798 -0.01464269 -0.36987010
v -0.00502040 -0.01393984 -0.36679488
v -0.00416490 -0.01437243 -0.37389037
v -0.00149497 -0.01659764 -0.36986703
v -0.00207833 -0.01591543 -0.37326449
v -0.00045158 -0.01691592 -0.36770722
v -0.00135251 -0.01563828 -0.36722568
v -0.00043118 -0.01512121 -0.36489230
v -0.00789064 -0.01343728 -0.36796096
v -0.01063589 -0.01331672 -0.36775684
v -0.00560612 -0.01379673 -0.37422609
v -0.00982848 -0.01331335 -0.37334788
v -0.00044157 -0.02934668 -0.36404526
v -0.00330087 -0.03124940 -0.36558691
v -0.00158047 -0.02984741 -0.36648294
v -0.00049646 -0.02819660 -0.36687362
v -0.00112538 -0.02846698 -0.36921495
v -0.00228850 -0.03048045 -0.36914927
v -0.00118055 -0.02869520 -0.37309745
v -0.00367910 -0.03234337 -0.37402111
v -0.00499709 -0.03206693 -0.36336246
v -0.01717260 -0.03095968 -0.36668441
v -0.01687426 -0.03114892 -0.36253327
v -0.01955696 -0.02953316 -0.36261395
v -0.01466384 -0.03240904 -0.36247334
v -0.01617924 -0.03238201 -0.37508836
v -0.01760576 -0.03043928 -0.36787581
v -0.01828851 -0.02948465 -0.36888704
v -0.01863528 -0.02880766 -0.37525100
v -0.01823893 -0.02987253 -0.37670770
v -0.01877058 -0.02841070 -0.36933908
v -0.01949455 -0.02836131 -0.36644876
v -0.01777774 -0.01591784 -0.37045404
v -0.01856303 -0.01701713 -0.37031731
v -0.01794565 -0.01553276 -0.36803055
v -0.01629872 -0.01474249 -0.37004623
v -0.01419750 -0.01381071 -0.36821339
v -0.01552133 -0.01434168 -0.37366730
v -0.01696784 -0.01467687 -0.36707237
v -0.01773470 -0.01592243 -0.37365231
v -0.01327834 -0.01356001 -0.37479785
v -0.01236346 -0.01302356 -0.35962874
v -0.01593603 -0.01387342 -0.36438468
v -0.01950609 -0.01503243 -0.36478439
v -0.01952431 -0.01464473 -0.36213514
v -0.01885197 -0.01648034 -0.36838213
v -0.01948619 -0.01608017 -0.36681691
v -0.01629501 -0.01398364 -0.35925359
v -0.01955282 -0.01534268 -0.35933021
v -0.01625622 -0.01408374 -0.35802326
v -0.01355743 -0.01309130 -0.35823631
v -0.01321687 -0.01229066 -0.35590652
v -0.01527164 -0.01298731 -0.35556203
v -0.01678672 -0.01408036 -0.35546175
v -0.01818365 -0.01555655 -0.35727325
v -0.01818202 -0.01553093 -0.35475785
v -0.01789169 -0.01538340 -0.35606384
v -0.01872424 -0.01648453 -0.35648227
v -0.01959183 -0.01733771 -0.35668853
v -0.01905897 -0.02739533 -0.35577300
v -0.01864095 -0.02215895 -0.34613153
v -0.01932425 -0.02585785 -0.35496497
v -0.01956953 -0.02870103 -0.35895169
v -0.01871683 -0.02525616 -0.35107440
v -0.01838599 -0.02708651 -0.35395578
v -0.01629592 -0.02387628 -0.34528750
v -0.01837946 -0.02292549 -0.34671068
v -0.01504606 -0.02582295 -0.34746504
v -0.01952829 -0.02937509 -0.36106411
v -0.01890741 -0.02851577 -0.35770944
v -0.01425047 -0.02961262 -0.35525399
v -0.01936431 -0.02940400 -0.38319662
v -0.01555820 -0.03206151 -0.38498133
v -0.01844846 -0.03021299 -0.38115981
v -0.01429679 -0.03140965 -0.39137405
v -0.01933768 -0.02896686 -0.38481382
v -0.01931401 -0.02811820 -0.38638315
v -0.01715834 -0.01518612 -0.37497142
v -0.01607438 -0.01426549 -0.37563726
v -0.01827007 -0.01399366 -0.37870064
v -0.01833562 -0.01658618 -0.37433177
v -0.01951851 -0.01655462 -0.37778530
v -0.01877693 -0.01617342 -0.37631431
v -0.01454662 -0.01341457 -0.37615398
v -0.01117449 -0.01277830 -0.37611771
v -0.01067932 -0.01322948 -0.37475368
v -0.01757686 -0.03088498 -0.37866631
v -0.01937881 -0.02928031 -0.38025546
v -0.01922795 -0.02768863 -0.37625012
v -0.00373432 -0.03223651 -0.38119701
v -0.00164687 -0.03022240 -0.37711814
v -0.00159450 -0.03041467 -0.37901503
v -0.00065418 -0.02812421 -0.37606844
v -0.00029256 -0.02951613 -0.38098544
v -0.00214658 -0.01552936 -0.37485251
v -0.00474702 -0.01364440 -0.37576964
v -0.00768687 -0.01301378 -0.37588149
v -0.00155867 -0.01396053 -0.37832043
v -0.00244651 -0.01482570 -0.37592050
v -0.00109735 -0.01679192 -0.37496930
v -0.00513805 -0.03109171 -0.39175373
v -0.00024636 -0.02842646 -0.38568833
v -0.00161657 -0.02980224 -0.38581017
v -0.00027321 -0.02933089 -0.38354224
v -0.00421148 -0.03199751 -0.38586983
v -0.00517960 -0.03147819 -0.39110550
v -0.03893073 0.01154395 -0.38622123
v -0.03933268 0.01233281 -0.38462043
v -0.03816331 0.01220405 -0.38762116
v -0.03651701 0.01167645 -0.39062622
v -0.03777250 0.00458805 -0.39023146
v -0.03936742 -0.00045457 -0.38843828
v -0.04056469 0.01092999 -0.38009220
v -0.03993408 0.01255660 -0.38187322
v -0.04079065 0.01407271 -0.37177649
v -0.04037704 0.00214310 -0.38503417
v -0.04120394 0.00393839 -0.37964624
v -0.00078227 0.02433350 -0.38895109
v -0.00579292 0.02252880 -0.39033076
v -0.00862976 0.02425256 -0.38901189
v -0.00482340 0.02040625 -0.39170691
v -0.00633996 0.01955292 -0.39324597
v -0.00885845 0.02169789 -0.39139366
v -0.00470610 0.01867796 -0.39309216
v -0.00534127 0.01706208 -0.39535823
v -0.00722756 0.01835297 -0.39554599
v -0.00900166 0.02015361 -0.39335537
v -0.00311373 0.01916044 -0.39185533
v -0.00971218 0.01895279 -0.39562371
v -0.00132079 0.01563275 -0.39228171
v -0.00186215 0.01370973 -0.39324406
v -0.00342452 0.01669113 -0.39352146
v -0.00305494 0.01758447 -0.39262408
v -0.00379159 0.01478801 -0.39511397
v 0.00090568 0.02056866 -0.39058024
v 0.00022830 0.01786134 -0.39137024
v -0.00196350 0.02004021 -0.39112222
v 0.00080364 0.01298584 -0.39212435
v -0.00598228 0.02465353 -0.38820612
v -0.01357751 0.01968155 -0.39256129
v -0.01745976 0.02046489 -0.39030561
v -0.01462731 0.02164350 -0.39043435
v -0.01637158 0.02356183 -0.38864034
v -0.02023568 0.01778518 -0.39071932
v -0.01708468 0.01773991 -0.39190096
v -0.01837375 0.01489506 -0.39227021
v -0.01957527 0.01219786 -0.39218092
v -0.01467383 0.01833515 -0.39324471
v -0.01691737 0.01522824 -0.39344087
v -0.01567874 0.01520222 -0.39489377
v -0.01336822 0.01759172 -0.39525157
v -0.01158104 0.02154873 -0.39132199
v -0.01142386 0.01999656 -0.39324412
v -0.01241906 0.02405907 -0.38887984
v -0.01455374 0.02443025 -0.38731730
v -0.01718337 0.02386846 -0.38805151
v -0.02929131 0.02153136 -0.38600254
v -0.03164933 0.01770229 -0.38880816
v -0.03106600 0.02155306 -0.38482532
v -0.02925513 0.01694790 -0.39077559
v -0.02729083 0.01957498 -0.38853261
v -0.02926797 0.02240449 -0.38472596
v -0.02457057 0.02261824 -0.38703007
v -0.02361602 0.01906954 -0.38956052
v -0.02551762 0.01663409 -0.39090416
v -0.02501131 0.02314056 -0.38599360
v -0.02713566 0.01663257 -0.39111626
v -0.02626342 0.01444324 -0.39246869
v -0.02881724 0.01513554 -0.39284381
v -0.03075753 0.01515129 -0.39291441
v -0.02397951 0.01445660 -0.39148611
v -0.02280338 0.01177199 -0.39172378
v -0.02146804 0.01413625 -0.39133596
v -0.02356410 0.01693912 -0.39053980
v -0.03857537 0.01610150 -0.37986618
v -0.04003815 0.01458774 -0.37620828
v -0.03865575 0.01983168 -0.37173665
v -0.03418377 0.02129827 -0.38140911
v -0.03542023 0.02030005 -0.38135660
v -0.03661136 0.02020669 -0.37893501
v -0.03801240 0.02052026 -0.37279758
v -0.03775179 0.01991507 -0.37584406
v -0.03580748 0.01549319 -0.38727170
v -0.03697813 0.01655686 -0.38351309
v -0.03462769 0.01342106 -0.39179614
v -0.03257566 0.01463723 -0.39263967
v -0.03404184 0.01725941 -0.38724053
v -0.03402499 0.02047014 -0.38330376
v -0.01101483 0.02153994 -0.27368259
v -0.00980988 0.02169636 -0.27533549
v -0.00926962 0.02120083 -0.28351545
v -0.00708640 0.02204487 -0.27719834
v -0.01212120 0.02067161 -0.27820516
v -0.01300832 0.02072990 -0.27331075
v -0.01537314 -0.00836147 -0.27774990
v -0.01612565 -0.01058304 -0.27610898
v -0.01706771 -0.01089035 -0.27392933
v -0.01609197 -0.00785908 -0.27688611
v -0.01578561 -0.00415726 -0.27957341
v -0.01433315 -0.00342726 -0.28155091
v -0.01537768 -0.00595666 -0.27883136
v -0.01685372 -0.00527012 -0.27672765
v -0.01671365 -0.00243644 -0.27952573
v -0.01599214 -0.00181375 -0.28172916
v -0.00827837 -0.00393565 -0.28303364
v -0.01227688 -0.00513501 -0.28126857
v -0.01382466 -0.00487592 -0.28071436
v -0.01304369 -0.00227909 -0.28324002
v -0.01296694 -0.00963131 -0.27968967
v -0.01479959 -0.01021929 -0.27803406
v -0.01312671 -0.00777401 -0.27990448
v -0.01420567 -0.00739198 -0.27922159
v -0.01728057 -0.00243202 -0.27758503
v -0.01809212 0.01491348 -0.28682154
v -0.01885421 0.01599849 -0.29208025
v -0.01974842 0.01326996 -0.28993282
v -0.01652568 0.01660004 -0.28155762
v -0.01409178 0.01904545 -0.28436005
v -0.01670947 0.01703661 -0.28830698
v -0.01915292 0.01310495 -0.28682077
v -0.01797397 0.01461892 -0.28052086
v -0.01558693 0.01833952 -0.27089474
v -0.01406826 0.01953778 -0.27601716
v -0.01443551 0.01921680 -0.29026118
v -0.01628944 0.01799134 -0.29058462
v -0.02116602 0.01624795 -0.29562172
v -0.02267283 0.01291301 -0.29523674
v -0.01853296 0.01756005 -0.29393050
v -0.02077387 0.01347570 -0.29272360
v -0.02527506 0.01222932 -0.29756626
v -0.02375808 0.01718160 -0.29801562
v -0.01961402 0.01848858 -0.29608139
v -0.02173536 0.01934446 -0.29800799
v -0.02482147 0.01928414 -0.29923636
v -0.01758515 0.01988252 -0.29622442
v -0.01575723 0.02078759 -0.29664221
v -0.01584426 0.01936106 -0.29365304
v -0.01733054 0.01690559 -0.24562760
v -0.01842657 0.01429311 -0.24536724
v -0.01731429 0.01573765 -0.24079725
v -0.01830111 0.01317382 -0.24171837
v -0.01806311 0.01255332 -0.24002941
v -0.01679851 0.01531115 -0.23864329
v -0.01638873 0.01768607 -0.24191335
v -0.01436080 0.02029421 -0.24335644
v -0.01507712 0.01747810 -0.23853533
v -0.01545939 0.01539061 -0.23664136
v -0.01594460 0.01385179 -0.23610155
v 0.00745639 -0.00768707 -0.32938915
v 0.00338346 -0.00854674 -0.31580237
v -0.00571326 -0.00774105 -0.32860732
v 0.00045912 -0.00700229 -0.34395811
v 0.00427935 -0.00730171 -0.33603474
v -0.00369380 -0.00728212 -0.33664939
v -0.01151809 -0.00718052 -0.34333292
v 0.00058310 -0.00687764 -0.35375437
v -0.01431323 -0.00750980 -0.33584425
v -0.01587903 -0.00809014 -0.32947868
v -0.00732137 -0.00870376 -0.31625468
v -0.01874984 -0.00708325 -0.34492311
v -0.02149659 -0.00729598 -0.34116605
v -0.01758192 -0.00700449 -0.35143974
v -0.02438045 -0.00766999 -0.33593163
v -0.01698651 -0.00966131 -0.31530574
v -0.02585539 -0.00820688 -0.32942924
v -0.02141043 -0.00973712 -0.31574029
v -0.02428603 -0.00697508 -0.34727201
v -0.02978881 -0.00731154 -0.33888930
v -0.03196378 -0.00737521 -0.33035806
v -0.02518958 -0.00934304 -0.31534815
v -0.02848260 -0.00842282 -0.31604221
v -0.03345648 -0.00692749 -0.34389511
v -0.02734698 -0.00654041 -0.36567247
v -0.02548422 -0.00668635 -0.36506686
v -0.02109350 -0.00679940 -0.36064768
v -0.02398410 -0.00680409 -0.36992171
v -0.01880073 -0.00743157 -0.36887738
v -0.02000413 -0.00721310 -0.37372345
v -0.02029675 -0.00692938 -0.36411434
v -0.01811199 -0.00713624 -0.36054733
v -0.02055247 -0.00685141 -0.37416947
v -0.02094921 -0.00680315 -0.37760586
v -0.02154081 -0.00688236 -0.37176868
v -0.02249561 -0.00702755 -0.37201366
v 0.00052951 -0.00692755 -0.36159712
v 0.00055938 -0.00689832 -0.36014572
v 0.00055989 -0.00689827 -0.36014071
v 0.00055917 -0.00689793 -0.36012203
v 0.00055970 -0.00689810 -0.36012882
v 0.00055936 -0.00689780 -0.36011264
v 0.00055985 -0.00689791 -0.36011523
v 0.00055928 -0.00689786 -0.36011729
v 0.00055951 -0.00689794 -0.36011940
v 0.00055949 -0.00689780 -0.36011055
v 0.00055961 -0.00689778 -0.36010811
v 0.00055937 -0.00689767 -0.36010373
v 0.00054858 -0.00689601 -0.36002266
v 0.00055939 -0.00689770 -0.36010590
v 0.00055966 -0.00689765 -0.36009935
v 0.00055951 -0.00689760 -0.36009729
v 0.00055923 -0.00689739 -0.36008698
v 0.00055962 -0.00689747 -0.36008933
v 0.00056972 -0.00689651 -0.36006525
v 0.00055924 -0.00689722 -0.36007705
v -0.00152545 -0.00720957 -0.36426315
v 0.00060042 -0.00722076 -0.36799234
v 0.00065635 -0.00701472 -0.36422026
v -0.00234177 -0.00708049 -0.35844061
v -0.04099134 -0.00569797 -0.37939849
v -0.04059849 -0.01449656 -0.38754824
v -0.04089465 -0.01337967 -0.38087183
v -0.04075733 -0.00717296 -0.38580325
v -0.04125973 -0.00196533 -0.38113782
v -0.04147477 0.00064435 -0.37932509
v -0.04096952 -0.00192901 -0.38490212
v -0.04073319 -0.00506357 -0.37646139
v -0.04066013 -0.01380785 -0.37695017
v -0.04039933 -0.00715866 -0.38762709
v -0.03953203 -0.00622642 -0.37393630
v -0.04010623 -0.00582161 -0.37464949
v -0.04005232 -0.00886910 -0.37511453
v -0.03943663 -0.00733397 -0.37430453
v -0.04012397 -0.01240140 -0.37554967
v -0.04045985 -0.00538740 -0.37541568
v -0.03945003 -0.01168801 -0.37509784
v -0.03924377 -0.01303444 -0.37491414
v -0.03944150 -0.01008718 -0.37497500
v -0.03919414 -0.00847226 -0.37459445
v -0.03859352 -0.00696200 -0.37389660
v -0.02392634 -0.01074214 -0.37555340
v -0.02358842 -0.01277183 -0.37560514
v -0.02280006 -0.01152535 -0.37667781
v -0.02262779 -0.01370973 -0.37648278
v -0.02358337 -0.00841982 -0.37562391
v -0.02475815 -0.00832480 -0.37502602
v -0.02299063 -0.00917389 -0.37632293
v -0.02320608 -0.00767012 -0.37566811
v -0.02415198 -0.00704848 -0.37473410
v -0.02354092 -0.00735323 -0.37520570
v -0.02691767 -0.00680090 -0.37413901
v -0.02939204 -0.00763855 -0.37408364
v -0.02501816 -0.01176751 -0.37503588
v -0.02952594 -0.00951920 -0.37449452
v -0.02269215 -0.00820094 -0.37664312
v -0.02225404 -0.00859223 -0.37783593
v -0.02215813 -0.00781192 -0.37684563
v -0.02269932 -0.00791621 -0.37634397
v -0.02307497 -0.00760854 -0.37566057
v -0.02248393 -0.00735577 -0.37463525
v -0.02317087 -0.00730733 -0.37473038
v -0.02185817 -0.00867113 -0.37936401
v -0.02156180 -0.00850066 -0.38118032
v -0.02184556 -0.00719682 -0.37557572
v -0.02138833 -0.00719997 -0.37857163
v -0.02091582 -0.00641112 -0.38558584
v -0.02162110 -0.01037185 -0.38452041
v -0.02137990 -0.00627596 -0.38856336
v -0.02198065 -0.01217212 -0.38768592
v -0.02108121 -0.00703887 -0.38194621
v -0.02180601 -0.01340801 -0.38081548
v -0.02175253 -0.01515793 -0.38586274
v -0.02217096 -0.01341756 -0.37818652
v -0.02287764 -0.00792505 -0.39132592
v -0.02226649 -0.00388686 -0.39119187
v -0.02197345 -0.00721403 -0.38966513
v -0.02308693 -0.00277334 -0.39209569
v -0.02261307 -0.00014092 -0.39205891
v -0.02215094 -0.00191355 -0.39155039
v -0.02322399 0.00233634 -0.39236912
v -0.02381979 -0.00236246 -0.39279345
v -0.02148155 -0.00456748 -0.38991582
v -0.02265717 -0.01261206 -0.39027739
v -0.02196845 -0.01575481 -0.38820326
v -0.02444798 -0.01361824 -0.39336562
v -0.02451292 -0.01925194 -0.39309138
v -0.04063958 -0.00199527 -0.38614953
v -0.03979352 -0.00634198 -0.38896179
v -0.04003330 -0.01615646 -0.38947225
v -0.03951422 -0.01879476 -0.39070085
v -0.03801755 -0.01189586 -0.39229622
v -0.02490109 -0.00849765 -0.35075727
v -0.02558767 -0.00650065 -0.34767777
v -0.02445288 -0.00799877 -0.34845820
v -0.02395669 -0.00909866 -0.34932402
v -0.02322401 -0.01474574 -0.35523942
v -0.02397795 -0.01335160 -0.35518679
v -0.02483706 -0.01264410 -0.35551304
v -0.02632713 -0.00989657 -0.35351321
v -0.02865724 -0.01114620 -0.35630554
v -0.02643794 -0.00738009 -0.35081685
v -0.02735599 -0.00626293 -0.34984395
v -0.02334650 -0.02481381 -0.35168809
v -0.02287029 -0.02540928 -0.35297886
v -0.02334782 -0.02269564 -0.34918743
v -0.02384935 -0.01930120 -0.34489071
v -0.02198122 -0.02865251 -0.35892278
v -0.02291219 -0.02672190 -0.35465604
v -0.02269592 -0.02786987 -0.35683379
v -0.02324346 -0.02919193 -0.35941690
v -0.02197999 -0.02948436 -0.36177415
v -0.02696974 -0.02821214 -0.35521725
v -0.02659885 -0.03196096 -0.36234975
v -0.02374540 -0.02231690 -0.34831059
v -0.02699193 -0.02365595 -0.34799439
v -0.02473073 -0.01347891 -0.35698554
v -0.02820863 -0.01219204 -0.35798234
v -0.02409095 -0.01426335 -0.35836652
v -0.02435978 -0.01406829 -0.35965338
v -0.02742430 -0.01290528 -0.35995188
v -0.02196142 -0.01468130 -0.36216086
v -0.02308241 -0.01527136 -0.35757440
v -0.02200137 -0.01524210 -0.35955870
v -0.02255200 -0.01615288 -0.35706800
v -0.02247528 -0.01685257 -0.35615954
v -0.02201433 -0.01688350 -0.35714281
v -0.02354192 -0.01462463 -0.35660437
v -0.02746138 -0.01329953 -0.36841181
v -0.02450754 -0.01429174 -0.36742958
v -0.02194917 -0.01487921 -0.36423159
v -0.02441010 -0.01446709 -0.37251353
v -0.02889395 -0.01281826 -0.37327337
v -0.02312632 -0.01546572 -0.36904594
v -0.02308157 -0.01497498 -0.36684135
v -0.02286421 -0.01606832 -0.37320289
v -0.02249807 -0.01689626 -0.37059045
v -0.02357575 -0.01510683 -0.37289456
v -0.02195578 -0.01592758 -0.36665475
v -0.02195989 -0.01752215 -0.36869568
v -0.02193898 -0.02932060 -0.36415693
v -0.02442895 -0.03106396 -0.36603239
v -0.02349235 -0.03040305 -0.36264366
v -0.02401063 -0.03068671 -0.36786357
v -0.02310187 -0.02958537 -0.36827049
v -0.02266031 -0.02856407 -0.36975011
v -0.02196633 -0.02794889 -0.36726379
v -0.02253067 -0.02854467 -0.37512776
v -0.02327613 -0.03012144 -0.37512505
v -0.02633169 -0.03220105 -0.36442608
v -0.02532190 -0.03232836 -0.37203270
v -0.02497297 -0.00706798 -0.34558445
v -0.02702805 -0.00548207 -0.34691006
v -0.02833740 -0.00488726 -0.34563273
v -0.02633450 -0.00574815 -0.34434775
v -0.02571231 -0.00762981 -0.33986035
v -0.02479889 -0.00777507 -0.34404340
v -0.02659015 -0.00650605 -0.33908498
v -0.02623271 -0.00616812 -0.34174794
v -0.02818431 -0.00555911 -0.33809716
v -0.02763223 -0.00523865 -0.34155577
v -0.03057474 -0.00509949 -0.33800197
v -0.02985357 -0.00474546 -0.34046742
v -0.03108732 -0.00448682 -0.34406054
v -0.02953785 -0.00476497 -0.34682572
v -0.02845827 -0.00563500 -0.34917578
v -0.03115392 -0.00547510 -0.34962058
v -0.03224408 -0.00480216 -0.34716049
v -0.03757228 -0.00592989 -0.34588176
v -0.03830349 -0.00676736 -0.34834194
v -0.03869554 -0.00692881 -0.34651017
v -0.03577945 -0.00512011 -0.34554434
v -0.03619310 -0.00529896 -0.34237650
v -0.03744294 -0.00610972 -0.34283525
v -0.03923865 -0.00779503 -0.34827426
v -0.03392191 -0.00577871 -0.34956363
v -0.03737592 -0.00655873 -0.34920019
v -0.03635436 -0.00554387 -0.34733555
v -0.03439009 -0.00482360 -0.34096336
v -0.03586013 -0.00573529 -0.33859751
v -0.03413334 -0.00545657 -0.33722854
v -0.03766627 -0.00720726 -0.34018177
v -0.03650720 -0.00632887 -0.33830932
v -0.03875627 -0.03095415 -0.36687508
v -0.03668082 -0.03239870 -0.36403623
v -0.04100333 -0.02950151 -0.36213544
v -0.03752371 -0.03237832 -0.37228790
v -0.03903143 -0.03061141 -0.36894453
v -0.04007925 -0.02893181 -0.36991668
v -0.03974683 -0.02969430 -0.37468299
v -0.04042076 -0.02736888 -0.37269682
v -0.04027256 -0.02933022 -0.36714417
v -0.04102118 -0.02931526 -0.36466372
v -0.04091038 -0.02767166 -0.36790261
v -0.03979914 -0.01489730 -0.37193677
v -0.03993989 -0.01476132 -0.36778614
v -0.03813888 -0.01417691 -0.37040153
v -0.04104993 -0.01465810 -0.36301491
v -0.03967411 -0.01420918 -0.36383471
v -0.04090788 -0.01538406 -0.36614177
v -0.04033344 -0.01555530 -0.36998501
v -0.04071967 -0.01627171 -0.36865163
v -0.04038689 -0.01461815 -0.36031750
v -0.03923910 -0.01405529 -0.35920945
v -0.03968354 -0.01382360 -0.35674456
v -0.03946000 -0.01277362 -0.35529172
v -0.03783863 -0.01285512 -0.35686123
v -0.03879412 -0.01361125 -0.35779124
v -0.03992781 -0.01445704 -0.35848600
v -0.04046530 -0.01512971 -0.35827759
v -0.04019105 -0.01422745 -0.35582548
v -0.04057818 -0.01570161 -0.35650989
v -0.04099099 -0.01673959 -0.35718587
v -0.04104722 -0.01522727 -0.35973260
v -0.04081353 -0.02649780 -0.35578117
v -0.04002905 -0.02295873 -0.34994939
v -0.04090047 -0.02421062 -0.35476547
v -0.03996255 -0.01413803 -0.34757936
v -0.04091915 -0.02037808 -0.35461468
v -0.04031706 -0.02678447 -0.35498238
v -0.04106412 -0.02837552 -0.35864311
v -0.04012227 -0.02550010 -0.35294798
v -0.03964139 -0.02249807 -0.34876025
v -0.03907516 -0.02567678 -0.35267472
v -0.03641171 -0.02863155 -0.35587093
v -0.03509213 -0.02465397 -0.34881094
v -0.03665319 -0.02326543 -0.34775075
v -0.03932546 -0.02999774 -0.36077178
v -0.03633435 -0.03227706 -0.36238459
v -0.04047580 -0.02787632 -0.35703593
v -0.04104125 -0.02917988 -0.36041847
v -0.04089592 -0.02268182 -0.36297566
v -0.04150226 -0.02391656 -0.36733484
v -0.04152548 -0.02670220 -0.36467475
v -0.04159314 -0.02712148 -0.36287040
v -0.04155908 -0.02679092 -0.36082411
v -0.04102381 -0.02112320 -0.36442885
v -0.04156273 -0.02548929 -0.36635557
v -0.04156021 -0.01900316 -0.36670989
v -0.04155130 -0.02187052 -0.36766586
v -0.04103620 -0.02038986 -0.36175567
v -0.04118535 -0.01931575 -0.36373988
v -0.04158970 -0.01703369 -0.36333025
v -0.04162271 -0.01803093 -0.35954785
v -0.04111551 -0.02144197 -0.36034185
v -0.04163989 -0.02141066 -0.35757849
v -0.04157047 -0.02418156 -0.35806337
v -0.04162472 -0.02581114 -0.35925186
v -0.04010761 -0.01112969 -0.35121515
v -0.03980907 -0.00970733 -0.35082510
v -0.03947120 -0.01011288 -0.35223383
v -0.03912400 -0.00814159 -0.34998250
v -0.03806517 -0.00782318 -0.35074335
v -0.03640794 -0.01113376 -0.35520285
v -0.04096220 -0.01665090 -0.38619027
v -0.04127935 -0.01743604 -0.38563517
v -0.04130075 -0.01659108 -0.38378567
v -0.04111770 -0.01564239 -0.38180357
v -0.04133634 -0.01641859 -0.38176453
v -0.04137045 -0.01906503 -0.37741163
v -0.04086620 -0.01732334 -0.37568259
v -0.04135745 -0.01702841 -0.37963828
v -0.04077255 -0.02308668 -0.38265505
v -0.04131695 -0.02403557 -0.38694310
v -0.04135355 -0.02676999 -0.38416544
v -0.04142476 -0.02712379 -0.38217998
v -0.04138715 -0.02672041 -0.38031587
v -0.04075618 -0.02141032 -0.38293213
v -0.04132906 -0.02023311 -0.38697210
v -0.04139343 -0.02573738 -0.38576892
v -0.04135251 -0.01747599 -0.38428515
v -0.04137984 -0.02221909 -0.38732639
v -0.04103355 -0.01936543 -0.38108242
v -0.04139194 -0.01863015 -0.38594007
v -0.04079897 -0.02179989 -0.38119748
v -0.04141017 -0.02011343 -0.37767851
v -0.04143172 -0.01705586 -0.38146302
v -0.04145396 -0.01845902 -0.37883303
v -0.04094293 -0.02327853 -0.38021326
v -0.04146841 -0.02293621 -0.37725884
v -0.04145546 -0.02556628 -0.37866193
v -0.03691697 -0.03204453 -0.38461348
v -0.03914857 -0.03079279 -0.38180068
v -0.04084335 -0.02927792 -0.38416857
v -0.04085838 -0.02945287 -0.38112578
v -0.03753371 -0.03231535 -0.38000640
v -0.03573765 -0.03152413 -0.38914853
v -0.04080998 -0.02807082 -0.38678387
v -0.03781907 -0.02960725 -0.38900444
v -0.04002969 -0.01411494 -0.37508437
v -0.03996787 -0.01490832 -0.37390441
v -0.03942466 -0.01404156 -0.37450472
v -0.03850107 -0.01371180 -0.37428436
v -0.03914920 -0.01436129 -0.37349728
v -0.04040666 -0.01566932 -0.37438327
v -0.04048463 -0.01457504 -0.37583053
v -0.03903819 -0.03092236 -0.37900496
v -0.04089949 -0.02892421 -0.37927914
v -0.04023198 -0.02893525 -0.37637824
v -0.04074058 -0.02709040 -0.37592417
v -0.02388403 -0.03115003 -0.38066068
v -0.02319587 -0.03039627 -0.37844035
v -0.02513458 -0.03231322 -0.37969640
v -0.02184703 -0.02887445 -0.37901697
v -0.02132987 -0.02652332 -0.37849849
v -0.02179796 -0.02952941 -0.38172686
v -0.02460300 -0.01416066 -0.37368691
v -0.02677680 -0.01327707 -0.37371022
v -0.02471093 -0.01374524 -0.37437791
v -0.02369759 -0.01398011 -0.37503678
v -0.02505224 -0.01309516 -0.37469542
v -0.02843446 -0.01250151 -0.37409824
v -0.02327014 -0.01501243 -0.37453204
v -0.02231591 -0.01643247 -0.37510133
v -0.02471354 -0.02997680 -0.38835415
v -0.02176465 -0.02922764 -0.38420293
v -0.02568033 -0.03207726 -0.38432077
v -0.02174970 -0.02767471 -0.38708520
v -0.02680657 -0.03157659 -0.38893715
v 0.04240881 -0.00871952 -0.34154084
v 0.04211418 -0.00879357 -0.33655787
v 0.04080983 -0.00845399 -0.33645299
v 0.04045967 -0.00851133 -0.34185791
v 0.04375809 -0.00930721 -0.33688655
v 0.04267886 -0.00882857 -0.33878353
v 0.03805336 -0.00755613 -0.34480143
v 0.03994508 -0.00796213 -0.34629485
v 0.04518783 -0.00953460 -0.34748954
v 0.04447107 -0.00958224 -0.34530425
v 0.04257594 -0.00873391 -0.34603241
v 0.04172638 -0.00866333 -0.34470686
v 0.04308156 -0.00897594 -0.34351134
v 0.04103085 -0.00795725 -0.34720546
v 0.04796864 -0.01059390 -0.34099549
v 0.05165509 -0.01286120 -0.33837810
v 0.04899309 -0.01166070 -0.33593363
v 0.05203265 -0.01298589 -0.34210560
v 0.05052600 -0.01239981 -0.33686957
v 0.05216100 -0.01310942 -0.34028080
v 0.04698703 -0.01019147 -0.34019831
v 0.04716552 -0.01091873 -0.33571792
v 0.04545878 -0.01011146 -0.33627161
v 0.04316547 -0.00907502 -0.33937332
v 0.04404824 -0.00953385 -0.33750036
v 0.04363471 -0.00927050 -0.34328601
v 0.04300029 -0.00905644 -0.34117272
v 0.04620640 -0.01040959 -0.34551626
v 0.04973674 -0.01196145 -0.34518483
v 0.04799545 -0.01124699 -0.34573507
v 0.04462861 -0.00975727 -0.34457752
v 0.05111274 -0.01263187 -0.34395295
v 0.04236046 -0.00803588 -0.33029869
v 0.04807897 -0.01075969 -0.33304650
v 0.04766405 -0.00859481 -0.32937652
v 0.04211712 -0.00868359 -0.33250338
v 0.04013664 -0.00783190 -0.33175755
v 0.03989046 -0.00396701 -0.32417363
v 0.03945673 -0.00496595 -0.32524526
v 0.04909379 -0.00718063 -0.32747796
v 0.03899392 -0.00612353 -0.32714236
v 0.04207610 -0.00496712 -0.35142162
v 0.04192876 -0.00501814 -0.35152444
v 0.04238895 -0.00417382 -0.35183591
v 0.04224294 -0.00577255 -0.35087639
v 0.04264634 -0.00387225 -0.35209560
v 0.04273212 -0.00537765 -0.35170987
v 0.04307259 -0.00305104 -0.35290265
v 0.04197234 -0.00604832 -0.35058671
v 0.04220776 -0.00687017 -0.34988639
v 0.04181606 -0.00697150 -0.34958264
v 0.04279623 -0.00662145 -0.35098147
v 0.04317428 -0.00599624 -0.35300732
v 0.04095269 -0.00711117 -0.34967959
v 0.04029672 -0.00677080 -0.35209730
v 0.04140967 -0.00643867 -0.35051158
v 0.04123424 -0.00580690 -0.35189644
v 0.04142847 -0.00449020 -0.35390353
v 0.04190851 -0.00389703 -0.35262561
v 0.04252461 -0.00770244 -0.34880903
v 0.03993449 -0.00741442 -0.34948894
v 0.04464400 -0.00865876 -0.35010824
v 0.04336216 -0.00714399 -0.35165352
v 0.04384094 -0.00784773 -0.35125718
v 0.05651420 -0.01272403 -0.34245926
v 0.05928830 -0.01207421 -0.34607625
v 0.05837020 -0.01132443 -0.33916974
v 0.05601693 -0.01287229 -0.34506884
v 0.05878884 -0.01270698 -0.35485294
v 0.05406037 -0.01294164 -0.34610444
v 0.05449372 -0.01283053 -0.35084549
v 0.05447511 -0.01349980 -0.34229472
v 0.05460285 -0.01356283 -0.34010500
v 0.03899952 -0.00127745 -0.37834558
v 0.03941477 0.00040133 -0.38146415
v 0.03929828 -0.00221940 -0.38178012
v 0.03931169 -0.00201588 -0.37584808
v 0.03957907 -0.00413696 -0.37697980
v 0.03913531 -0.00283863 -0.37898779
v 0.03976412 -0.00406870 -0.38138664
v 0.04032340 -0.00531628 -0.37752199
v 0.03966267 -0.00211856 -0.38405287
v 0.04045541 -0.00098614 -0.38667518
v 0.04093006 -0.00264479 -0.38763702
v 0.04054780 -0.00372473 -0.38567054
v 0.04155112 -0.00553841 -0.38416129
v 0.04117461 0.00127292 -0.38702923
v 0.04033613 0.00310679 -0.38100898
v 0.04167529 0.00468069 -0.38408372
v 0.04043534 0.00392063 -0.37867203
v 0.03970114 0.00020230 -0.37501085
v 0.04019553 0.00301300 -0.37637359
v 0.03922118 0.00019363 -0.37710348
v 0.04012181 -0.00125194 -0.37365624
v 0.05700848 -0.01455720 -0.35938019
v 0.05695771 -0.01350577 -0.35479760
v 0.06076094 -0.01159136 -0.35607260
v 0.05616011 -0.01418920 -0.35655397
v 0.05656280 -0.01312578 -0.35237712
v 0.05475800 -0.01347052 -0.35416487
v 0.04358469 -0.00705594 -0.35848203
v 0.04355006 -0.00615682 -0.35560143
v 0.04356246 -0.00404307 -0.35538346
v 0.04355649 -0.00860799 -0.36149523
v 0.04389403 -0.00744517 -0.35464910
v 0.04417799 -0.00791881 -0.35368013
v 0.04365526 -0.00867112 -0.35822263
v 0.04532681 -0.00902921 -0.35359466
v 0.04377502 -0.00800028 -0.35708550
v 0.04336832 -0.00432139 -0.36863342
v 0.04390085 -0.00632714 -0.36840719
v 0.04415700 -0.00505192 -0.36680365
v 0.04437890 -0.00624298 -0.36636391
v 0.04463054 -0.00716741 -0.36553919
v 0.04427659 -0.00628605 -0.36407033
v 0.04384674 -0.00149935 -0.36766675
v 0.04436326 -0.00142380 -0.36605656
v 0.04459515 -0.00160014 -0.36377099
v 0.04484463 -0.00827998 -0.36519152
v 0.04447390 -0.00900451 -0.36423314
v 0.04543347 -0.00847840 -0.36638168
v 0.04686414 -0.00995973 -0.36677966
v 0.04470262 -0.00733319 -0.36731657
v 0.04531196 -0.00824278 -0.36813158
v 0.05277574 -0.01195722 -0.37266013
v 0.05569155 -0.01349442 -0.36612722
v 0.05440051 -0.01307400 -0.36735642
v 0.04908048 -0.01015616 -0.37870261
v 0.05125529 -0.01181350 -0.36827728
v 0.05590267 -0.01404450 -0.36438006
v 0.05482290 -0.01269149 -0.36933470
v 0.05596046 -0.01309409 -0.36690849
v 0.05656626 -0.01248027 -0.36649707
v 0.05775454 -0.01291638 -0.36292925
v 0.05687173 -0.01450435 -0.36189586
v 0.05787295 -0.01372729 -0.36004031
v 0.05704001 -0.01019687 -0.36906362
v 0.05476711 -0.01140282 -0.37103236
v 0.05443147 -0.00921265 -0.37468216
v 0.05246887 -0.01144414 -0.37412599
v 0.05090153 -0.01179239 -0.36017352
v 0.05387367 -0.01375648 -0.35745037
v 0.05007829 -0.01151272 -0.35840914
v 0.05453057 -0.01403229 -0.36125767
v 0.05455369 -0.01409342 -0.35941625
v 0.04952044 -0.01117965 -0.36106676
v 0.05270667 -0.01328958 -0.35613799
v 0.05014879 -0.01216364 -0.35509941
v 0.04762222 -0.01100409 -0.35592121
v 0.04745449 -0.01051870 -0.35942939
v 0.04628713 -0.01044747 -0.35725874
v 0.04534101 -0.01001926 -0.36005285
v 0.04621797 -0.01034327 -0.36301437
v 0.04890578 -0.01152211 -0.36508125
v 0.05240459 -0.01305421 -0.36452767
v 0.05074605 -0.01238803 -0.36517271
v 0.04732209 -0.01087791 -0.36427894
v 0.05374151 -0.01371996 -0.36315858
v 0.04053512 -0.00465830 -0.37396944
v 0.04010046 -0.00293317 -0.37386394
v 0.04131298 -0.00586025 -0.37388587
v 0.05053889 0.00956931 -0.33972216
v 0.05064322 0.00954969 -0.34199196
v 0.04820014 0.00889872 -0.34403518
v 0.04726379 0.00928197 -0.33991063
v 0.04831135 0.00918377 -0.33952048
v 0.05109898 0.00926733 -0.33796152
v 0.04755729 0.00913284 -0.33540985
v 0.04879477 0.00853052 -0.33180255
v 0.05127851 0.00926877 -0.34372318
v 0.05354288 0.00828830 -0.34589526
v 0.05109421 0.00826841 -0.34828794
v 0.04740264 0.00883874 -0.34509000
v 0.04790770 0.00782375 -0.34986335
v 0.05612776 0.00652078 -0.33992073
v 0.05700102 0.00678270 -0.33582541
v 0.05973427 0.00554674 -0.33820552
v 0.05364976 0.00825653 -0.33616507
v 0.05861681 0.00611014 -0.33673149
v 0.05523569 0.00760064 -0.33565864
v 0.05365987 0.00781038 -0.33971018
v 0.05161240 0.00921317 -0.33826542
v 0.05424028 0.00746679 -0.34152514
v 0.05128289 0.00937387 -0.34216064
v 0.05287983 0.00867647 -0.34457919
v 0.05450674 0.00789015 -0.34550512
v 0.05617981 0.00654982 -0.34169313
v 0.06008890 0.00541385 -0.34226283
v 0.05796889 0.00639144 -0.34505221
v 0.05626099 0.00718596 -0.34565172
v 0.05936394 0.00579714 -0.34376568
v 0.06031737 0.00537141 -0.34010270
v 0.04794445 0.00768514 -0.32773951
v 0.05339354 0.00618517 -0.33024552
v 0.05233000 0.00754794 -0.33205974
v 0.05226843 0.00556029 -0.32823056
v 0.04638825 0.00684965 -0.32502705
v 0.05274873 0.00378757 -0.32705423
v 0.04629574 0.00893786 -0.32957116
v 0.04536088 0.00816136 -0.32572389
v 0.04923704 0.00738670 -0.35185552
v 0.04890437 0.00685728 -0.35404423
v 0.04797046 0.00657247 -0.35244277
v 0.04667637 0.00547181 -0.35318312
v 0.04717344 0.00614641 -0.35262027
v 0.04706553 0.00642845 -0.35259014
v 0.04745058 0.00691903 -0.35195705
v 0.04761276 0.00670236 -0.35201415
v 0.04802965 0.00746352 -0.35080615
v 0.04811180 0.00724085 -0.35115856
v 0.04676459 0.00525298 -0.35350510
v 0.04635937 0.00545811 -0.35324869
v 0.04979840 0.00783037 -0.35044935
v 0.05055473 0.00775691 -0.35241958
v 0.04734259 0.00774275 -0.35101223
v 0.04713730 0.00803070 -0.35040554
v 0.04727428 0.00721658 -0.35203362
v 0.04645731 0.00653537 -0.35363573
v 0.04683669 0.00770839 -0.35267612
v 0.04656050 0.00741317 -0.35402784
v 0.04603713 0.00826430 -0.35691720
v 0.04657868 0.00860294 -0.35055897
v 0.06292399 0.00202701 -0.34236279
v 0.06230913 0.00386168 -0.34030664
v 0.06303860 -0.00076446 -0.33835340
v 0.06437875 -0.00058850 -0.34609771
v 0.06213011 0.00393591 -0.34246081
v 0.06220435 0.00318048 -0.34553421
v 0.06079666 0.00427437 -0.34680128
v 0.06418907 0.00080546 -0.35290006
v 0.06249048 0.00283239 -0.34819555
v 0.04420245 0.00845527 -0.37845495
v 0.04357911 0.00782528 -0.38099185
v 0.04234456 0.00688106 -0.37920550
v 0.04474982 0.00830919 -0.38237882
v 0.04425323 0.00825679 -0.37645662
v 0.04622611 0.00903990 -0.37662068
v 0.04585589 0.00898081 -0.37908515
v 0.04297537 0.00721596 -0.37605879
v 0.04129463 0.00504757 -0.37587276
v 0.04213690 0.00577826 -0.37503523
v 0.04368332 0.00683062 -0.37394387
v 0.04412322 0.00609806 -0.38765278
v 0.04287891 0.00526096 -0.38648641
v 0.04350095 0.00697513 -0.38442156
v 0.04721580 0.00861093 -0.38308677
v 0.04669408 0.00785410 -0.38640541
v 0.04584874 0.00810245 -0.38503635
v 0.04513855 0.00747057 -0.38638243
v 0.06499733 -0.00167141 -0.35523650
v 0.06411093 0.00169393 -0.35480431
v 0.06316133 0.00250157 -0.35288462
v 0.06193139 0.00350780 -0.35181195
v 0.06313881 0.00355812 -0.35527146
v 0.06437591 0.00302601 -0.35771969
v 0.06470671 0.00285451 -0.35950506
v 0.05002567 0.00763798 -0.35737622
v 0.05125175 0.00884271 -0.36142316
v 0.04798052 0.00558442 -0.35709754
v 0.04859250 0.00548468 -0.36325777
v 0.05136941 0.00877664 -0.35833919
v 0.05076484 0.00784780 -0.35520655
v 0.05202872 0.00842118 -0.35634038
v 0.05208800 0.00783142 -0.35320497
v 0.04633742 0.00442660 -0.35444713
v 0.05017737 0.00677451 -0.36672688
v 0.04902729 0.00578280 -0.36522016
v 0.05076839 0.00703585 -0.36547956
v 0.04958521 0.00703710 -0.36850038
v 0.04811728 0.00618787 -0.36851344
v 0.04823506 0.00530935 -0.36661923
v 0.05250014 0.00748169 -0.36603251
v 0.05287890 0.00731317 -0.36699191
v 0.05114418 0.00729976 -0.36817735
v 0.05297825 0.00729028 -0.36813271
v 0.05411585 0.00728946 -0.36689329
v 0.05134545 0.00745953 -0.36491257
v 0.05233694 0.00837704 -0.36440960
v 0.05526632 0.00692608 -0.36743292
v 0.05056604 0.00743558 -0.36340407
v 0.06265860 0.00343602 -0.36659551
v 0.06036077 0.00464710 -0.36790824
v 0.06283408 0.00394312 -0.36462077
v 0.06129158 0.00368886 -0.37038091
v 0.05875326 0.00491286 -0.37459418
v 0.06428438 0.00309605 -0.36288649
v 0.06272642 0.00288697 -0.36740324
v 0.06162875 0.00335775 -0.36982888
v 0.06038787 0.00364696 -0.37231052
v 0.06260443 0.00184979 -0.36720631
v 0.06068177 0.00021467 -0.37109518
v 0.05845009 0.00280277 -0.37579733
v 0.06406894 0.00188589 -0.36285606
v 0.06496702 -0.00233159 -0.35906398
v 0.06469452 0.00288267 -0.36091611
v 0.06467712 0.00218079 -0.35990408
v 0.06360502 0.00261257 -0.36491057
v 0.06018372 0.00503591 -0.36070591
v 0.05791267 0.00590996 -0.35886776
v 0.06225384 0.00451407 -0.35786226
v 0.05918214 0.00589403 -0.35523733
v 0.06104355 0.00511537 -0.35617036
v 0.05684614 0.00695380 -0.35527334
v 0.05593970 0.00691813 -0.36035645
v 0.05425445 0.00811828 -0.35730284
v 0.05801012 0.00582405 -0.36075857
v 0.05358569 0.00842993 -0.36069399
v 0.05690126 0.00691940 -0.36500710
v 0.05461175 0.00797815 -0.36336622
v 0.06106617 0.00510066 -0.36411008
v 0.05909013 0.00601045 -0.36506552
v 0.06243856 0.00451418 -0.36202699
v 0.06278250 0.00435193 -0.36006373
v 0.04500867 0.00770074 -0.37361401
v 0.04691388 0.00866583 -0.37392572
v 0.04349669 0.00404827 -0.37101337
v 0.04296907 -0.00029297 -0.37882477
v 0.04318108 0.00112793 -0.37868920
v 0.04310926 -0.00201568 -0.37349880
v 0.04286610 0.00608136 -0.38170284
v 0.04299858 0.00466741 -0.38001010
v 0.04300683 0.00317888 -0.37492371
v 0.04275153 -0.00351112 -0.37095454
v 0.04243747 -0.00303080 -0.37462479
v 0.04278033 -0.00212237 -0.37554526
v 0.04211884 -0.00479157 -0.36734957
v 0.04196361 -0.00397292 -0.37323278
v 0.04235718 -0.00361026 -0.36733466
v 0.04354369 0.00959602 -0.32533219
v 0.04352533 0.01070598 -0.32851529
v 0.04515431 0.00940286 -0.32907617
v 0.04559510 0.00984105 -0.33345169
v 0.04410725 0.01113830 -0.33373296
v 0.04144783 0.01249060 -0.32491940
v 0.04261995 0.00966412 -0.32340485
v 0.04069034 0.01257964 -0.32189071
v 0.04200048 0.01420346 -0.33320791
v 0.04571475 0.01011559 -0.34607732
v 0.04373504 0.01257359 -0.34379253
v 0.04582875 0.00992919 -0.33829215
v 0.04654970 0.00928245 -0.34563139
v 0.04508760 0.01068828 -0.35250312
v 0.04279666 0.01392241 -0.36718312
v 0.04287511 0.01437522 -0.36146289
v 0.04432062 0.01065415 -0.36909366
v 0.04282053 0.01467269 -0.35197231
v 0.04167405 0.01504568 -0.37375280
v 0.04336539 0.01144860 -0.37454799
v 0.02437790 -0.00756474 -0.37512061
v 0.02469140 -0.00742992 -0.37491530
v 0.02608101 -0.00662716 -0.37373000
v 0.02496006 -0.00734837 -0.37475443
v 0.02579296 -0.00699600 -0.37417984
v 0.02790193 -0.00633271 -0.37324789
v 0.02713490 -0.00626928 -0.37278855
v 0.02895488 -0.00600588 -0.37201992
v 0.02720972 -0.00658241 -0.36620322
v 0.02427048 -0.00712119 -0.37252530
v 0.02411352 -0.00699022 -0.37054589
v 0.03208548 -0.00656691 -0.36282492
v 0.03229325 -0.00590337 -0.37106246
v 0.03246726 -0.00617760 -0.37216422
v 0.02819544 -0.00691144 -0.37372887
v 0.03202045 -0.00655030 -0.37270620
v 0.03581307 -0.00637793 -0.37241673
v 0.03922214 -0.00604335 -0.37209228
v 0.03705353 -0.00585863 -0.37061691
v 0.03894996 -0.00573782 -0.36984470
v 0.03802862 -0.00659116 -0.36217558
v 0.03917530 -0.00574332 -0.37133482
v 0.04037586 -0.00545122 -0.37200031
v 0.04148456 -0.00457847 -0.37264350
v 0.04065361 -0.00520547 -0.37157536
v 0.04061073 -0.00524825 -0.37068537
v 0.04111489 -0.00570852 -0.36496255
v 0.04097309 -0.00563058 -0.37321007
v 0.04174104 -0.00560040 -0.37458351
v 0.04155204 -0.00486300 -0.37375468
v 0.04030643 -0.00584832 -0.37255767
v 0.04030550 -0.00653872 -0.37301695
v 0.04080036 -0.00665940 -0.37335038
v 0.04205851 -0.00493430 -0.37564442
v 0.03852138 -0.00645387 -0.37262651
v 0.04011437 -0.00715033 -0.37334201
v 0.04262757 -0.00266454 -0.38224956
v 0.04242452 -0.00321300 -0.37651995
v 0.04283895 0.00258271 -0.38345173
v 0.04232899 -0.00651935 -0.38544920
v 0.04228023 -0.00103687 -0.38709369
v 0.04260316 0.00426990 -0.38460410
v 0.04230013 -0.00554772 -0.37720352
v 0.02712598 -0.03206823 -0.38380712
v 0.02474429 -0.03063540 -0.38038963
v 0.02331155 -0.02927983 -0.38362730
v 0.02327554 -0.02941372 -0.38039702
v 0.02840506 -0.03154157 -0.38850266
v 0.02333019 -0.02839538 -0.38564757
v 0.02947762 -0.01305733 -0.37238684
v 0.02732375 -0.01334035 -0.37362501
v 0.02619976 -0.01398939 -0.37343976
v 0.02517591 -0.01483661 -0.37279913
v 0.02631347 -0.01418357 -0.37186378
v 0.02512718 -0.01451645 -0.37398407
v 0.02458270 -0.01523243 -0.37384510
v 0.02424155 -0.01604125 -0.37125120
v 0.02400728 -0.01620660 -0.37382060
v 0.02326428 -0.01787329 -0.37504297
v 0.02378082 -0.01556188 -0.37538779
v 0.02516331 -0.01364076 -0.37469113
v 0.02514412 -0.01251551 -0.37508309
v 0.02608813 -0.01270036 -0.37453613
v 0.02398425 -0.01382709 -0.37611327
v 0.02730028 -0.01267755 -0.37415487
v 0.02646127 -0.03238150 -0.37469944
v 0.02468734 -0.03038590 -0.37706935
v 0.02327066 -0.02816208 -0.37728471
v 0.02392962 -0.02898116 -0.37587622
v 0.02347163 -0.02687210 -0.37468445
v 0.02412888 -0.02905893 -0.37327683
v 0.02499752 -0.03038731 -0.36748570
v 0.04076201 -0.03063644 -0.37813139
v 0.04120524 -0.02955775 -0.37475708
v 0.04012729 -0.03077601 -0.36722237
v 0.03885613 -0.03237353 -0.37166268
v 0.03888068 -0.03229862 -0.38003814
v 0.04230024 -0.02867416 -0.37795183
v 0.04166836 -0.02820013 -0.37425223
v 0.04236098 -0.02953609 -0.38100412
v 0.04131131 -0.01401343 -0.37430122
v 0.04114842 -0.01295568 -0.37446055
v 0.04077442 -0.01390004 -0.37390345
v 0.04080418 -0.01143612 -0.37439460
v 0.03914730 -0.01282294 -0.37395978
v 0.04090089 -0.01453976 -0.37312093
v 0.04140548 -0.01485975 -0.37357625
v 0.04003094 -0.01380853 -0.37355745
v 0.04165414 -0.01473349 -0.37441123
v 0.04186773 -0.01388757 -0.37534529
v 0.04179577 -0.01608866 -0.37319052
v 0.04145420 -0.01529364 -0.37211597
v 0.03977264 -0.01412811 -0.37264162
v 0.04052864 -0.01454864 -0.37093234
v 0.04236669 -0.02925966 -0.38349798
v 0.03846559 -0.03207726 -0.38376084
v 0.04238310 -0.02859769 -0.38511625
v 0.03733943 -0.03157667 -0.38837698
v 0.03843346 -0.03040692 -0.38872316
v 0.04289955 -0.02699025 -0.38275483
v 0.04247533 -0.02269516 -0.38156262
v 0.04256982 -0.02359969 -0.37969032
v 0.04291298 -0.02702768 -0.38050163
v 0.04289015 -0.02549096 -0.37773159
v 0.04287902 -0.02178650 -0.37645537
v 0.04260218 -0.02087233 -0.37926638
v 0.04254500 -0.02019329 -0.38179675
v 0.04289400 -0.01826471 -0.37817228
v 0.04292633 -0.01698847 -0.38187650
v 0.04295706 -0.01870543 -0.38539821
v 0.04260140 -0.02235567 -0.38389987
v 0.04296820 -0.02240973 -0.38667443
v 0.04295321 -0.02593163 -0.38495755
v 0.04238264 -0.01385654 -0.38000116
v 0.04200453 -0.01280199 -0.37600768
v 0.04279668 -0.01788275 -0.37764162
v 0.04265840 -0.01586961 -0.38144383
v 0.04281479 -0.01648750 -0.38039839
v 0.04282553 -0.01664779 -0.38329402
v 0.04231267 -0.01452874 -0.38545269
v 0.04279526 -0.01726930 -0.38468659
v 0.03917144 -0.00808934 -0.35030854
v 0.03955637 -0.00731012 -0.34871465
v 0.04038899 -0.00879795 -0.35002726
v 0.03801787 -0.00686200 -0.34935120
v 0.04083042 -0.00879106 -0.34808144
v 0.04092478 -0.01031156 -0.35090312
v 0.04130944 -0.01105985 -0.34911472
v 0.04034378 -0.00762878 -0.34742305
v 0.04151686 -0.01513950 -0.35493451
v 0.04106913 -0.01333552 -0.35431942
v 0.04038164 -0.01254929 -0.35441455
v 0.04272087 -0.02573707 -0.35843846
v 0.04274466 -0.02714037 -0.36106831
v 0.04241193 -0.02450454 -0.36170888
v 0.04227920 -0.02189519 -0.36194617
v 0.04265614 -0.02404658 -0.35727015
v 0.04267503 -0.02018900 -0.35725442
v 0.04270729 -0.02221868 -0.35688132
v 0.04267961 -0.01746100 -0.35995880
v 0.04271939 -0.01862973 -0.35826805
v 0.04273229 -0.01744542 -0.36381611
v 0.04275009 -0.01707260 -0.36178625
v 0.04275612 -0.02015810 -0.36654678
v 0.04278141 -0.01845936 -0.36537498
v 0.04273725 -0.02399939 -0.36656377
v 0.04279500 -0.02197783 -0.36693212
v 0.04277791 -0.02625638 -0.36487913
v 0.04121843 -0.02519816 -0.35202387
v 0.04059277 -0.02251333 -0.34812102
v 0.04100156 -0.02574655 -0.35250488
v 0.03973017 -0.02794649 -0.35529402
v 0.04137693 -0.02706943 -0.35475245
v 0.04040215 -0.02955323 -0.35899842
v 0.04216532 -0.02892674 -0.35894930
v 0.04213351 -0.02791813 -0.35728842
v 0.04163541 -0.02941277 -0.36013156
v 0.04214932 -0.02954347 -0.36174291
v 0.03873084 -0.02143989 -0.34556979
v 0.03718049 -0.02366417 -0.34743649
v 0.03566795 -0.02488032 -0.34836209
v 0.04189836 -0.02602060 -0.35477856
v 0.04119765 -0.02340612 -0.35017636
v 0.04089597 -0.01430153 -0.35988623
v 0.03996200 -0.01385634 -0.35818860
v 0.04136696 -0.01469521 -0.35867763
v 0.04022834 -0.01398255 -0.36233211
v 0.04216991 -0.01483422 -0.36025795
v 0.04217142 -0.01468026 -0.36245859
v 0.04193513 -0.01570604 -0.35755041
v 0.04177444 -0.01588891 -0.35667112
v 0.04197201 -0.01752597 -0.35548970
v 0.04086653 -0.01394861 -0.35599387
v 0.04122793 -0.01458287 -0.35622799
v 0.04033479 -0.01381516 -0.35692754
v 0.03995798 -0.01305073 -0.35554975
v 0.04110709 -0.01474083 -0.36731869
v 0.04161936 -0.01530206 -0.36757067
v 0.04195368 -0.01644112 -0.36834797
v 0.04220340 -0.01496950 -0.36398846
v 0.03939309 -0.03145767 -0.36498836
v 0.04221284 -0.02912424 -0.36440727
v 0.04111360 -0.02950121 -0.36778334
v 0.04173934 -0.02792146 -0.36875302
v 0.03769683 -0.03242480 -0.36284241
v 0.03918978 -0.00631551 -0.34646180
v 0.04017493 -0.00719626 -0.34583086
v 0.03933900 -0.00638102 -0.34278238
v 0.03804953 -0.00550427 -0.34470612
v 0.03865923 -0.00638026 -0.33932868
v 0.03742627 -0.00534133 -0.34087327
v 0.03733535 -0.00572695 -0.33811203
v 0.03958528 -0.00768131 -0.33968437
v 0.03630158 -0.00491830 -0.34383699
v 0.03761428 -0.00633359 -0.33686411
v 0.03519924 -0.00528356 -0.33721679
v 0.03550998 -0.00485989 -0.34059113
v 0.03287601 -0.00452806 -0.34332457
v 0.03577574 -0.00593437 -0.33570823
v 0.03093374 -0.00518664 -0.33710605
v 0.03186560 -0.00472763 -0.33952716
v 0.03477715 -0.00496454 -0.34663942
v 0.03797363 -0.00608698 -0.34786946
v 0.03391708 -0.00559620 -0.34897184
v 0.03132631 -0.00467396 -0.34599227
v 0.02634833 -0.00658132 -0.34770313
v 0.02568592 -0.00659290 -0.34490800
v 0.02695893 -0.00564052 -0.34510672
v 0.02612883 -0.00623604 -0.34192440
v 0.02495674 -0.00788456 -0.34728864
v 0.02464768 -0.00830352 -0.34619892
v 0.02528376 -0.00739121 -0.34155241
v 0.02806582 -0.00569940 -0.34790862
v 0.02836150 -0.00626142 -0.34941974
v 0.03038421 -0.00522352 -0.34813133
v 0.02827255 -0.00509551 -0.34553394
v 0.02972602 -0.00466180 -0.34336218
v 0.02821557 -0.00510318 -0.34072796
v 0.02884042 -0.00541370 -0.33753696
v 0.02651015 -0.00656216 -0.33829132
v 0.02595786 -0.00770074 -0.33786604
v 0.02723653 -0.00592321 -0.33827937
v 0.02503044 -0.00895962 -0.33973289
v 0.02762138 -0.03206297 -0.36238721
v 0.02544338 -0.03090164 -0.36601040
v 0.02316001 -0.02950100 -0.36161208
v 0.02427258 -0.02935031 -0.36870605
v 0.02371153 -0.02776318 -0.36968488
v 0.02312740 -0.02937898 -0.36355543
v 0.02327016 -0.02820642 -0.36677951
v 0.02314025 -0.01489605 -0.36385363
v 0.02608709 -0.01381411 -0.36280611
v 0.02572878 -0.01432094 -0.36736017
v 0.02430388 -0.01527666 -0.36731893
v 0.02311597 -0.01462581 -0.36139303
v 0.02318743 -0.01602127 -0.36640909
v 0.02411385 -0.01593203 -0.36905321
v 0.02582718 -0.01386090 -0.35812071
v 0.02467139 -0.01470113 -0.35773855
v 0.02549884 -0.01361286 -0.35625538
v 0.02971993 -0.01224507 -0.35797834
v 0.02695318 -0.01296216 -0.35686344
v 0.02972263 -0.01110693 -0.35574350
v 0.02572231 -0.01263783 -0.35493645
v 0.02444690 -0.01480926 -0.35591394
v 0.02400458 -0.01554099 -0.35672438
v 0.02354105 -0.01676185 -0.35574591
v 0.02439361 -0.01407393 -0.35445118
v 0.02350681 -0.01614208 -0.35690555
v 0.02313635 -0.01730018 -0.35626775
v 0.02309318 -0.01539339 -0.35885793
v 0.02467001 -0.01433947 -0.35979676
v 0.02964244 -0.01267045 -0.36098561
v 0.02390497 -0.02485806 -0.35179517
v 0.02395827 -0.02294681 -0.34974706
v 0.02320940 -0.02579398 -0.35506898
v 0.02308462 -0.02802621 -0.35761166
v 0.02507126 -0.02563924 -0.35213184
v 0.02400345 -0.02598656 -0.35308489
v 0.02377445 -0.02736624 -0.35547659
v 0.02474732 -0.02227282 -0.34777585
v 0.02814551 -0.02823840 -0.35470343
v 0.02839725 -0.02477546 -0.34883252
v 0.02810361 -0.02359927 -0.34730351
v 0.02700097 -0.03076124 -0.35999379
v 0.02437096 -0.02966567 -0.36011958
v 0.02308693 -0.02904458 -0.35942239
v 0.02560430 -0.00800819 -0.34929639
v 0.02477816 -0.00982856 -0.35037172
v 0.02650664 -0.00810141 -0.35060668
v 0.02904750 -0.00725926 -0.35115272
v 0.04186428 -0.00106902 -0.38819700
v 0.04192991 -0.01036867 -0.38767040
v 0.04192772 0.00455048 -0.38676548
v 0.04106763 0.00590438 -0.38780463
v 0.04095511 -0.00105524 -0.38930127
v 0.04074858 -0.00732537 -0.39007780
v 0.03986175 0.00779658 -0.38860759
v 0.03950179 0.00447170 -0.38949385
v 0.04105238 -0.01898067 -0.39025640
v 0.04143507 -0.01583364 -0.38933137
v 0.03963222 -0.01064370 -0.39149380
v 0.04214867 -0.01539582 -0.38751820
v 0.02369743 -0.01251542 -0.38792288
v 0.02406967 -0.00704012 -0.39029601
v 0.02461359 -0.01364713 -0.39038745
v 0.02344769 -0.00433511 -0.39010081
v 0.02322859 -0.00627707 -0.38875526
v 0.02403756 -0.00265800 -0.39114180
v 0.02519691 0.00051817 -0.39209166
v 0.02614003 -0.01424890 -0.39290121
v 0.02466701 -0.00377182 -0.39151275
v 0.02273715 -0.00590598 -0.38759857
v 0.02316136 -0.00933775 -0.38614628
v 0.02375444 -0.00747517 -0.37493691
v 0.02402635 -0.00792481 -0.37599987
v 0.02332507 -0.00712325 -0.37399697
v 0.02359132 -0.00790300 -0.37663132
v 0.02288215 -0.00734954 -0.37850377
v 0.02322254 -0.00816082 -0.37851685
v 0.02381730 -0.00864522 -0.37708408
v 0.02339001 -0.00946960 -0.37909570
v 0.02415654 -0.00801527 -0.37600318
v 0.02454679 -0.00770419 -0.37531614
v 0.02446932 -0.00900863 -0.37575844
v 0.02488540 -0.00798773 -0.37509030
v 0.02331258 -0.01419898 -0.37938216
v 0.02366475 -0.01276022 -0.37757540
v 0.02323639 -0.01445798 -0.38188639
v 0.02353756 -0.01496459 -0.38714376
v 0.02314241 -0.01014403 -0.38270313
v 0.02328642 -0.01578422 -0.38558909
v 0.02259596 -0.00707021 -0.38157013
v 0.02258161 -0.00677492 -0.38514689
v 0.02524015 -0.00970915 -0.37520164
v 0.02596011 -0.00765235 -0.37447658
v 0.02432848 -0.01176040 -0.37605962
v 0.02681597 -0.01108223 -0.37456325
v 0.02649353 -0.00840678 -0.37451217
v 0.04153862 -0.01086931 -0.37481669
v 0.04071858 -0.00861203 -0.37396958
v 0.03491634 -0.00747477 -0.37317497
v 0.04126094 -0.00885471 -0.37427074
v 0.00298539 -0.00695577 -0.34996206
v 0.00296530 -0.00730747 -0.36639354
v 0.00445173 -0.00711083 -0.35883182
v 0.02554442 -0.00700993 -0.34543982
v 0.02276189 -0.00729186 -0.34081945
v 0.02244641 -0.00687152 -0.35146764
v 0.02436887 -0.00684159 -0.36389300
v 0.02216201 -0.00680760 -0.37336028
v 0.01803495 -0.00715694 -0.35958970
v 0.02005318 -0.00743651 -0.36869863
v 0.02096511 -0.00697193 -0.36134449
v 0.02127832 -0.00724576 -0.37320271
v 0.02012033 -0.00788444 -0.37342882
v 0.01901157 -0.00699522 -0.35083273
v 0.01758102 -0.00718509 -0.34260023
v 0.03255709 -0.00709977 -0.34547243
v 0.03083118 -0.00764439 -0.31648487
v 0.03210578 -0.00760514 -0.32606524
v 0.03443139 -0.00677008 -0.32513037
v 0.02855146 -0.00851162 -0.32083413
v 0.02760826 -0.00879312 -0.31403115
v 0.03273976 -0.00750128 -0.33264768
v 0.03528530 -0.00716163 -0.33187515
v 0.03617891 -0.00676402 -0.32887179
v 0.03646807 -0.00586805 -0.32597759
v 0.03659421 -0.00476055 -0.32299134
v 0.03292840 -0.00578575 -0.31385261
v 0.03509336 -0.00329339 -0.31402549
v 0.03727028 -0.00583339 -0.32651901
v 0.03824037 -0.00445625 -0.32430825
v 0.03746745 -0.00380657 -0.32261977
v 0.03743370 -0.00691165 -0.32980159
v 0.03711515 -0.00730091 -0.33283749
v 0.03688007 -0.00742241 -0.33843443
v 0.02241116 -0.00965548 -0.31593090
v 0.01786610 -0.00971936 -0.31486997
v 0.02458897 -0.00804071 -0.33162120
v 0.02889741 -0.00761364 -0.33528528
v 0.00930520 -0.00876420 -0.31706071
v 0.01661584 -0.00793202 -0.33086327
v 0.01667588 -0.00739184 -0.33806336
v 0.04277133 0.00050292 -0.37023994
v 0.04157068 -0.00360222 -0.35873365
v 0.04335658 0.00626087 -0.37224853
v 0.04140261 -0.00473079 -0.36204249
v 0.04302503 0.00302485 -0.35980916
v 0.03898969 -0.00676602 -0.35611808
v 0.03750175 -0.00706186 -0.35260582
v 0.03887542 -0.00741893 -0.34915820
v 0.04068964 -0.00556710 -0.35757715
v 0.04040927 -0.00611059 -0.35529366
v 0.03964460 -0.00646265 -0.35758001
v 0.04060524 -0.00580046 -0.35990199
v 0.04177913 -0.00515355 -0.36639398
v 0.03997598 -0.00627050 -0.36226538
v 0.03491402 0.01983332 -0.31455457
v 0.03617901 0.01777122 -0.31388947
v 0.03688115 0.01842525 -0.31623301
v 0.03710290 0.02147646 -0.32410574
v 0.03569826 0.02064766 -0.31721386
v 0.03717633 0.01963021 -0.31937417
v 0.03844986 0.01894557 -0.32319915
v 0.03826457 0.01517468 -0.31629860
v 0.03694700 0.01555634 -0.31314960
v 0.03752415 0.01285605 -0.31225154
v 0.01763343 0.01354463 -0.24370849
v 0.01585915 0.01793568 -0.24528815
v 0.01637720 0.01566932 -0.24049820
v 0.01685387 0.01349828 -0.23967724
v 0.01513307 0.01539471 -0.23727447
v 0.01540851 0.01648623 -0.23910592
v 0.01349401 0.01725373 -0.23726252
v 0.01467783 0.01394511 -0.23561023
v 0.01595766 0.01256088 -0.23696470
v 0.01492177 0.01854300 -0.24223815
v 0.01323786 0.01953560 -0.24061131
v 0.02009487 0.01591475 -0.29375985
v 0.01953405 0.01755122 -0.29472691
v 0.01776214 0.01765053 -0.29259777
v 0.01807959 0.01616029 -0.29043075
v 0.02112318 0.01260554 -0.29233325
v 0.02238478 0.01324906 -0.29471436
v 0.01993639 0.01341254 -0.29063982
v 0.01404517 0.01976124 -0.29163623
v 0.01438039 0.01884272 -0.28721604
v 0.01617559 0.01792899 -0.28995433
v 0.01664149 0.01927144 -0.29419512
v 0.01917056 0.01931289 -0.29624513
v 0.02133908 0.01951838 -0.29755437
v 0.01685401 0.02065138 -0.29666585
v 0.01347927 0.02052537 -0.29396063
v 0.02316216 0.01897167 -0.29805946
v 0.02166002 0.01753276 -0.29643664
v 0.02399309 0.01617529 -0.29739666
v 0.02179164 0.01560419 -0.29543403
v 0.02504678 0.01225632 -0.29694498
v 0.01834634 0.01324293 -0.27663824
v 0.01869888 0.01318030 -0.28423852
v 0.01663722 0.01617938 -0.27957264
v 0.01703420 0.01614908 -0.28615776
v 0.01902683 0.01337777 -0.28726253
v 0.01382530 0.01914958 -0.28079656
v 0.01421901 -0.00430231 -0.28043467
v 0.01449944 -0.00263095 -0.28181553
v 0.01569188 -0.00188329 -0.28145897
v 0.01252298 -0.00418791 -0.28143036
v 0.01449664 -0.00648151 -0.27885491
v 0.01551638 -0.00624456 -0.27782354
v 0.01524111 -0.00420898 -0.27955797
v 0.01617872 -0.00399642 -0.27823636
v 0.01661166 -0.00158247 -0.27987072
v 0.01649932 -0.00530842 -0.27647111
v 0.01689558 -0.00752599 -0.27411336
v 0.01646969 -0.01086472 -0.27423409
v 0.01728887 -0.01102752 -0.27164972
v 0.01507780 -0.01033275 -0.27699780
v 0.01498493 -0.00818213 -0.27762356
v 0.01405440 -0.01010049 -0.27824283
v 0.01278081 -0.00813571 -0.27964395
v 0.01321330 -0.00662251 -0.27982423
v 0.01292766 -0.00291838 -0.28233558
v 0.01188836 0.02130665 -0.27123734
v 0.01262562 0.02033255 -0.27652785
v 0.01135826 0.02075014 -0.27913502
v 0.01040259 0.02156512 -0.27379152
v -0.04112756 -0.00309706 -0.37658960
v -0.04176693 -0.00208667 -0.36527506
v -0.04048747 -0.00439579 -0.37246832
v -0.04066988 -0.00476062 -0.36213928
v -0.04203889 0.00105170 -0.36573359
v -0.04060617 -0.00442677 -0.37475437
v -0.04015495 -0.00491420 -0.37374663
v -0.03068189 -0.00650168 -0.37321743
v -0.03107639 -0.00616936 -0.37270209
v -0.03640922 -0.00641216 -0.37315312
v -0.03571064 -0.00607363 -0.37245989
v -0.03839750 -0.00599314 -0.37288263
v -0.03661566 -0.00582870 -0.37124708
v -0.02823175 -0.00596278 -0.37199289
v -0.03877916 -0.00629029 -0.37343988
v -0.03948060 -0.00532589 -0.37280875
v -0.03993327 -0.00535726 -0.37391916
v -0.03933972 -0.00570289 -0.37333229
v -0.03852025 -0.00564435 -0.37218732
v -0.03952670 -0.00515865 -0.37116963
v -0.03895064 -0.00544060 -0.37080666
v -0.03602520 -0.00637623 -0.36390650
v -0.02441930 -0.00675349 -0.37430662
v -0.02634087 -0.00634266 -0.37374350
v -0.02555859 -0.00631602 -0.37339431
v -0.02768553 -0.00611062 -0.37303084
v -0.02437911 -0.01552684 -0.34071553
v -0.02486601 -0.01400385 -0.33959177
v -0.02521844 -0.01279953 -0.33796731
v -0.02608000 -0.01107550 -0.33637443
v -0.02623172 -0.01074194 -0.33566311
v -0.02409216 -0.01719504 -0.34303671
v -0.00196846 -0.01800639 -0.34080669
v -0.00223913 -0.01667691 -0.33778426
v -0.00174727 -0.02084449 -0.34400105
v -0.00328114 -0.01284963 -0.33272332
v -0.00406019 -0.01129469 -0.33014348
v -0.00332791 -0.01252168 -0.33162910
v -0.00214853 -0.01723508 -0.33828276
v -0.00258351 -0.01465004 -0.33470085
v -0.00264263 -0.01492099 -0.33574983
v -0.00433055 -0.01082091 -0.32914042
v 0.04415275 0.01011838 -0.37081423
v 0.04475210 0.00915828 -0.36619446
v 0.04434095 0.00835618 -0.36692518
v 0.04342005 0.00920509 -0.37601608
v 0.04265937 0.00978971 -0.38084722
v 0.04577668 0.00769050 -0.35759875
v 0.04373386 0.00746853 -0.37003031
v 0.04409995 0.00533219 -0.35768703
v 0.04333900 0.00353448 -0.35727054
v 0.03987740 0.01646812 -0.37910748
v 0.03781823 0.01981205 -0.37965581
v 0.03929203 0.02013547 -0.37401086
v 0.03750486 0.02079505 -0.37808242
v 0.03766403 0.01763776 -0.38306603
v 0.03570793 0.02041498 -0.38253266
v 0.03532291 0.02127018 -0.38144502
v 0.03554783 0.01769580 -0.38613451
v 0.03419021 0.01738711 -0.38791734
v 0.03279469 0.02115177 -0.38463363
v 0.03184299 0.01793061 -0.38872224
v 0.03282564 0.02190682 -0.38332298
v 0.03563972 0.01379938 -0.39152730
v 0.03768253 0.01435230 -0.38760811
v 0.03406718 0.01475238 -0.39211577
v 0.03211061 0.01517860 -0.39238051
v 0.04026563 0.01231962 -0.38503391
v 0.03885645 0.01126046 -0.38851991
v 0.03754543 0.01160860 -0.39040795
v 0.04173696 0.01260633 -0.38008103
v 0.03005918 0.02173342 -0.38572323
v 0.02449651 0.02277360 -0.38704589
v 0.02906129 0.02268143 -0.38500482
v 0.02981385 0.01708288 -0.39019632
v 0.02904747 0.01996916 -0.38769516
v 0.02556774 0.01951469 -0.38885257
v 0.02687883 0.01834321 -0.38937119
v 0.02109505 0.01792939 -0.39054605
v 0.01950551 0.02090191 -0.38960877
v 0.02029555 0.02366717 -0.38756153
v 0.02681271 0.01699653 -0.39018425
v 0.02410944 0.01699710 -0.39016888
v 0.02471741 0.01162875 -0.39138567
v 0.02300693 0.01395861 -0.39100835
v 0.02508069 0.01489130 -0.39079073
v 0.02148375 0.01372201 -0.39147460
v 0.02635423 0.01550161 -0.39084670
v 0.02858249 0.01602829 -0.39112177
v 0.02782146 0.01434286 -0.39196807
v 0.03006692 0.01510529 -0.39226180
v 0.01863778 0.01907148 -0.39098564
v 0.01502793 0.02380578 -0.38875520
v 0.01599649 0.02173309 -0.39018065
v 0.01579544 0.01943138 -0.39228424
v 0.01480922 0.02431598 -0.38795510
v 0.01061000 0.02433558 -0.38872227
v 0.01251685 0.02168736 -0.39112192
v 0.01261974 0.01870060 -0.39532137
v 0.00975148 0.01873516 -0.39545307
v 0.01072895 0.02014078 -0.39319655
v 0.01315308 0.01996113 -0.39307168
v 0.01489048 0.01772365 -0.39504698
v 0.01773461 0.01749660 -0.39246407
v 0.01786936 0.01457499 -0.39450684
v 0.01925753 0.01530893 -0.39234537
v 0.00871760 0.02136632 -0.39139369
v 0.00657225 0.02007409 -0.39189097
v 0.00477681 0.02221182 -0.39017364
v 0.00774175 0.02395614 -0.38918629
v 0.00313931 0.01926508 -0.39124113
v 0.00503621 0.01859972 -0.39215159
v 0.00370654 0.01438662 -0.39313641
v 0.00233080 0.01582194 -0.39193043
v 0.00426365 0.01658329 -0.39266744
v 0.00667082 0.01876904 -0.39311555
v 0.00698180 0.01698247 -0.39524233
v 0.00543617 0.01458134 -0.39502421
v 0.00876795 0.01970829 -0.39328790
v 0.04069063 0.00908700 -0.38695279
v 0.04184844 0.00805961 -0.38533619
v 0.04154640 0.01107976 -0.38327327
v 0.00312482 -0.02908745 -0.38726050
v 0.00685132 -0.03149945 -0.39106029
v 0.00562551 -0.03204061 -0.38507169
v 0.00181545 -0.02876254 -0.38518125
v 0.00186325 -0.02711724 -0.38751397
v 0.00177408 -0.02940013 -0.38307181
v 0.00339738 -0.03072644 -0.38156182
v 0.00355759 -0.01559551 -0.37419862
v 0.00561849 -0.01434249 -0.37344328
v 0.00540589 -0.01412383 -0.37532684
v 0.00341067 -0.01592466 -0.37334019
v 0.00484152 -0.01474471 -0.36987180
v 0.00276067 -0.01583840 -0.37588796
v 0.00395578 -0.01477264 -0.37587813
v 0.00421902 -0.01351140 -0.37733096
v 0.00183408 -0.01689709 -0.37646711
v 0.00226904 -0.01730701 -0.37469521
v 0.00416009 -0.01235332 -0.37802720
v 0.00300514 -0.01314126 -0.37877607
v 0.00280646 -0.01404142 -0.37846345
v 0.00658886 -0.01287496 -0.37661880
v 0.00558527 -0.01272982 -0.37711608
v 0.00782004 -0.01320253 -0.37566635
v 0.00781934 -0.01361797 -0.37412828
v 0.01128346 -0.01318679 -0.37459466
v 0.00898345 -0.01244439 -0.37652645
v 0.01116752 -0.01248279 -0.37635046
v 0.01042719 -0.01333921 -0.37328127
v 0.00320202 -0.03053233 -0.37903836
v 0.00497286 -0.03236990 -0.37536991
v 0.00236105 -0.02932682 -0.37747717
v 0.00176419 -0.02928383 -0.38008502
v 0.00251215 -0.02895628 -0.37503776
v 0.00178240 -0.02815965 -0.37741318
v 0.00382439 -0.03075088 -0.36880440
v 0.00289663 -0.02947480 -0.36905381
v 0.01737671 -0.03221007 -0.38179910
v 0.01947804 -0.03044278 -0.37846869
v 0.01756690 -0.03235245 -0.37591299
v 0.01980021 -0.02954862 -0.37589365
v 0.01814317 -0.03119690 -0.36697224
v 0.02058142 -0.02708323 -0.37505734
v 0.01996264 -0.02868505 -0.37284759
v 0.02084311 -0.02916505 -0.37949559
v 0.02087407 -0.02947977 -0.38249558
v 0.01811499 -0.01472964 -0.37504584
v 0.01687509 -0.01391195 -0.37551454
v 0.01661189 -0.01422867 -0.37344712
v 0.01840730 -0.01529651 -0.37303412
v 0.01923220 -0.01598444 -0.37411433
v 0.01495053 -0.01343644 -0.37519214
v 0.01451447 -0.01360746 -0.37362838
v 0.01325550 -0.01343710 -0.36776340
v 0.01681313 -0.01315746 -0.37673241
v 0.01429106 -0.01286998 -0.37615073
v 0.01498451 -0.01197420 -0.37706447
v 0.01946493 -0.01397418 -0.37803167
v 0.01923823 -0.01273684 -0.37860987
v 0.01848776 -0.01338556 -0.37763748
v 0.01724285 -0.01220260 -0.37758091
v 0.01897462 -0.01488404 -0.37607628
v 0.02011353 -0.01405425 -0.37914121
v 0.02018202 -0.01606643 -0.37615547
v 0.02074944 -0.01699919 -0.37631786
v 0.01998324 -0.01678101 -0.37454975
v 0.01593973 -0.03121925 -0.39150083
v 0.01953566 -0.02852954 -0.38821626
v 0.01943122 -0.02983346 -0.38579088
v 0.02087939 -0.02705490 -0.38739836
v 0.02088215 -0.02864522 -0.38530311
v 0.01635439 -0.03172998 -0.38889050
v 0.01944683 -0.02307848 -0.34698829
v 0.01951690 -0.02588324 -0.35158187
v 0.02005624 -0.02720877 -0.35502470
v 0.01988485 -0.02794428 -0.35594767
v 0.01962867 -0.02210790 -0.34633332
v 0.02063894 -0.02814022 -0.35774067
v 0.02068041 -0.02923351 -0.35998759
v 0.01928625 -0.02965023 -0.35957780
v 0.02014604 -0.02968136 -0.36125237
v 0.02070685 -0.02951697 -0.36255583
v 0.01476517 -0.02710128 -0.34869042
v 0.01352467 -0.02785361 -0.34926578
v 0.01580304 -0.03233138 -0.36197424
v 0.01801570 -0.02306317 -0.34494349
v 0.01603469 -0.02440263 -0.34444982
v 0.02034761 -0.02599675 -0.35466245
v 0.02066295 -0.01482784 -0.36060107
v 0.02068469 -0.01468330 -0.36299998
v 0.01503446 -0.01329829 -0.35961175
v 0.01670751 -0.01378054 -0.35841006
v 0.01875136 -0.01488873 -0.35775250
v 0.02064977 -0.01537022 -0.35888186
v 0.01994561 -0.01642112 -0.35651016
v 0.02064656 -0.01730665 -0.35636368
v 0.01939568 -0.01594108 -0.35606569
v 0.01838889 -0.01486167 -0.35646611
v 0.01870200 -0.01483794 -0.35461786
v 0.01781662 -0.01358865 -0.35410735
v 0.01624707 -0.01334175 -0.35667518
v 0.01628857 -0.01281323 -0.35491019
v 0.01420782 -0.01179877 -0.35464880
v 0.01177384 -0.01221137 -0.35646927
v 0.01374529 -0.01280318 -0.35743004
v 0.01118884 -0.01283421 -0.35904953
v 0.01962307 -0.01652521 -0.36958495
v 0.01776609 -0.01472964 -0.36808741
v 0.01605796 -0.01399167 -0.36784175
v 0.01871204 -0.01542545 -0.36875832
v 0.01800568 -0.01424711 -0.36518955
v 0.02072873 -0.01664967 -0.36719751
v 0.02032077 -0.01708066 -0.36850259
v 0.01978997 -0.01563829 -0.36704117
v 0.02070565 -0.01536703 -0.36526155
v 0.01050658 -0.01331672 -0.36757234
v 0.02068531 -0.02859077 -0.36575443
v 0.01961345 -0.02999211 -0.36566049
v 0.02011232 -0.02819990 -0.36903831
v 0.01939810 -0.02978066 -0.36840203
v 0.02044147 -0.02674943 -0.36936718
v 0.01645264 -0.03244681 -0.36580381
v 0.01801617 -0.03124773 -0.36310536
v 0.00358912 -0.03060875 -0.36567733
v 0.00604488 -0.03215747 -0.36491126
v 0.00162715 -0.02950476 -0.36198425
v 0.00246674 -0.02832906 -0.37162840
v 0.00219155 -0.02809513 -0.36872610
v 0.00166929 -0.02828604 -0.36648360
v 0.00262232 -0.02962941 -0.36650378
v 0.00162892 -0.02937753 -0.36375928
v 0.00692542 -0.01380760 -0.36792263
v 0.00417466 -0.01467688 -0.36688793
v 0.00338513 -0.01577430 -0.36933553
v 0.00877908 -0.01302356 -0.35944426
v 0.00520650 -0.01387340 -0.36420020
v 0.00274948 -0.01548546 -0.36706692
v 0.00164060 -0.01491944 -0.36423340
v 0.00161832 -0.01464469 -0.36195058
v 0.00249325 -0.01654738 -0.36869699
v 0.00165300 -0.01589256 -0.36638454
v 0.00484747 -0.01398363 -0.35906914
v 0.00158286 -0.01558850 -0.35852632
v 0.00488636 -0.01408374 -0.35783872
v 0.00758501 -0.01309132 -0.35805178
v 0.00981295 -0.01221079 -0.35629693
v 0.00792457 -0.01229166 -0.35572371
v 0.00587222 -0.01298687 -0.35537738
v 0.00448708 -0.01415981 -0.35612774
v 0.00295887 -0.01555657 -0.35708880
v 0.00405214 -0.01372285 -0.35392424
v 0.00328591 -0.01533945 -0.35577962
v 0.00234392 -0.01672389 -0.35582781
v 0.00219315 -0.01671824 -0.35637784
v 0.00213990 -0.02730238 -0.35531887
v 0.00241047 -0.02358007 -0.34852213
v 0.00176189 -0.02567045 -0.35487702
v 0.00158544 -0.02799935 -0.35761884
v 0.00257196 -0.02580208 -0.35165900
v 0.00258760 -0.02749416 -0.35491180
v 0.00397202 -0.02427877 -0.34723181
v 0.00338680 -0.02109695 -0.34287634
v 0.00593727 -0.02621833 -0.34862408
v 0.00573514 -0.02399073 -0.34421355
v 0.00390222 -0.02897847 -0.35701820
v 0.00159379 -0.02912870 -0.35984814
v 0.00204821 -0.02951739 -0.36096665
v 0.00627473 -0.03191838 -0.36214671
v 0.00340848 -0.01794940 -0.39209217
v 0.00314581 -0.00842474 -0.39258823
v 0.00475755 -0.01408922 -0.39517102
v 0.00185332 -0.00705331 -0.39074618
v 0.00214073 -0.00429970 -0.39199430
v 0.00297812 -0.00064406 -0.39329582
v 0.00433247 0.00119402 -0.39486781
v 0.00149685 -0.00450947 -0.39143932
v 0.00185845 0.00156182 -0.39268130
v 0.00176429 -0.00953188 -0.38940436
v 0.00139743 -0.01128492 -0.38678706
v 0.00120661 -0.01018059 -0.38759971
v 0.00189665 -0.01330760 -0.38777044
v 0.00241658 -0.01142437 -0.39023367
v 0.00235495 -0.01599181 -0.38940895
v 0.00186815 -0.01540662 -0.38715959
v 0.01803670 -0.00924485 -0.37603378
v 0.01410730 -0.00981484 -0.37649244
v 0.01675955 -0.01030081 -0.37714142
v 0.01358671 -0.01086015 -0.37714535
v 0.01620879 -0.01134146 -0.37744790
v 0.01877990 -0.01095770 -0.37818986
v 0.01950048 -0.01223615 -0.37903032
v 0.02008343 -0.01123721 -0.37953520
v 0.01857059 -0.01005474 -0.37748587
v 0.01863119 -0.01192870 -0.37831238
v 0.01766822 -0.01120504 -0.37779719
v 0.01888748 -0.00862685 -0.37498054
v 0.01710449 -0.00815995 -0.37191257
v 0.01517540 -0.00877359 -0.37430161
v 0.01966727 -0.00936923 -0.37736741
v 0.02058342 -0.00813516 -0.37587258
v 0.00885964 -0.01125398 -0.37711591
v 0.00582099 -0.00880684 -0.37509963
v 0.00693230 -0.00824243 -0.37283435
v 0.01993991 -0.01030634 -0.37875101
v 0.00869971 -0.01007775 -0.37685570
v 0.02031330 -0.01315308 -0.38021666
v 0.02081178 -0.01477918 -0.38161480
v 0.02090322 -0.01459303 -0.38301894
v 0.02079203 -0.01128035 -0.38111836
v 0.02157397 -0.00792756 -0.38197252
v 0.02096994 -0.00993941 -0.38062638
v 0.02040809 -0.00937307 -0.37837586
v 0.02134936 -0.00786773 -0.37873855
v 0.02187077 -0.00625881 -0.38347465
v 0.02093178 -0.01489021 -0.38598651
v 0.02185529 -0.00548523 -0.38629937
v 0.02137372 -0.00607201 -0.38847479
v 0.02083398 -0.00497986 -0.39025086
v 0.02066296 -0.01525765 -0.38816014
v 0.02025116 -0.00476156 -0.39144877
v 0.01846280 -0.00162196 -0.39478973
v 0.01962662 -0.01566812 -0.39141807
v 0.01813672 -0.01491416 -0.39500904
v 0.01931841 0.00017840 -0.39362276
v 0.00163189 -0.00964483 -0.37825000
v 0.00464805 -0.00922029 -0.37637478
v 0.00534719 -0.00974627 -0.37691861
v 0.00626523 -0.01163454 -0.37738106
v 0.00669122 -0.01047563 -0.37723583
v 0.00484169 -0.01056909 -0.37766066
v 0.00317431 -0.01200488 -0.37882265
v 0.00323931 -0.01063731 -0.37834373
v 0.00204925 -0.01079953 -0.37945911
v 0.00387875 -0.01163084 -0.37827757
v 0.00233637 -0.01234491 -0.37995994
v 0.00129245 -0.01022060 -0.37947115
v 0.00279330 -0.00989517 -0.37803146
v 0.03755798 -0.03220545 -0.36169183
v -0.00586337 -0.03211658 -0.36201167
v 0.00574872 -0.02731135 -0.39323604
v 0.00682856 -0.03113787 -0.39159927
v 0.04239608 -0.02572721 -0.38814491
v 0.04239617 -0.02724073 -0.38696921
v 0.03723172 -0.03104188 -0.38948044
v 0.02705031 -0.03020298 -0.38867414
v 0.02857640 -0.03110924 -0.38949525
v 0.02708426 -0.02661330 -0.39124236
v 0.02335313 -0.02688745 -0.38750559
v -0.02690008 -0.03109807 -0.38995534
v -0.02598959 -0.02862057 -0.39100429
v -0.04077628 -0.02642805 -0.38839564
v -0.03555621 -0.03117712 -0.39001951
v -0.00413290 -0.02747028 -0.39327824
v -0.00023925 -0.02721302 -0.38735572
v -0.01929284 -0.02701971 -0.38775957
v -0.01540689 -0.02725793 -0.39343914
v -0.01435916 -0.03108632 -0.39180979
v 0.06088696 -0.01146344 -0.35867536
v 0.00917332 -0.02634502 -0.34452307
v 0.01091239 -0.02673895 -0.34457007
v 0.00949623 -0.02409880 -0.34095418
v 0.01158563 -0.02438082 -0.34108916
v 0.00869197 -0.02796144 -0.34953842
v 0.01124924 -0.02763867 -0.34733960
v 0.00534250 -0.01967360 -0.33737859
v 0.00794343 -0.02560772 -0.34430379
v 0.01378544 -0.02578209 -0.34423432
v 0.01220051 -0.02654043 -0.34447768
v 0.03257504 -0.02562688 -0.34885350
v 0.03041381 -0.02540761 -0.34881434
v 0.03003895 -0.02631357 -0.35055560
v -0.03380459 -0.02647894 -0.35123467
v -0.03144793 -0.02560332 -0.34938210
v -0.03350623 -0.02554024 -0.34951586
v -0.01081899 -0.02666069 -0.34467196
v -0.01052976 -0.02433601 -0.34120086
v -0.01240315 -0.02616201 -0.34469646
v -0.01319318 -0.02743433 -0.34893045
v -0.01074776 -0.02778705 -0.34803209
v -0.01400546 -0.02477601 -0.34386250
v -0.00718816 -0.02702271 -0.34785563
v -0.00732330 -0.02573976 -0.34442165
v -0.00903013 -0.02658427 -0.34473211
v -0.00891265 -0.02771048 -0.34814242
v -0.00904570 -0.02429964 -0.34131715
v 0.06032801 -0.00580727 -0.37058425
v 0.05926196 -0.00610418 -0.37198412
v 0.06061430 -0.00450920 -0.37103638
v 0.06062945 -0.00286983 -0.37155387
v 0.06175983 -0.00258762 -0.36829355
v 0.05929923 -0.00709077 -0.37098205
v 0.05804895 -0.00780720 -0.37195465
v -0.01296994 0.02054310 -0.24077904
v 0.01120929 0.02026392 -0.23900811
v 0.00933830 0.02154651 -0.23926018
v 0.00784309 0.02183514 -0.23845617
v 0.00988681 -0.00131889 -0.23062363
v 0.00565576 0.00327798 -0.22819270
v 0.00757104 -0.00407148 -0.22953700
v 0.00476270 0.01028502 -0.22804654
v 0.00215409 0.00869405 -0.22733338
v 0.00214004 0.00343171 -0.22728236
v -0.00134369 0.00842172 -0.22715588
v -0.00205690 0.01246857 -0.22792886
v -0.00509146 0.01191882 -0.22824189
v -0.01530410 0.01186763 -0.23456196
v -0.01577543 -0.00766422 -0.23581211
v -0.01274510 0.00696111 -0.23186561
v -0.01050812 -0.00799645 -0.23125128
v -0.01068972 -0.00420868 -0.23084836
v -0.01352223 -0.00779724 -0.23344527
v -0.01394352 0.01180818 -0.23313497
v -0.01212305 0.01229423 -0.23171823
v -0.00874943 0.00935740 -0.22922203
v -0.00871632 0.01228475 -0.22966529
v -0.00507755 0.00864045 -0.22773604
v -0.00882254 0.00433580 -0.22920486
v -0.00517500 0.00347074 -0.22772783
v -0.00182964 0.00323959 -0.22717378
v -0.00677582 -0.00395645 -0.22879292
v -0.00273994 -0.00442006 -0.22784232
v 0.00066416 -0.00375400 -0.22768286
v -0.00670916 -0.00810783 -0.22937176
v 0.00123560 0.01131299 -0.22760576
v 0.01191059 0.01019067 -0.23191215
v 0.00784175 0.01001858 -0.22923511
v 0.00485559 -0.00814797 -0.22902274
v 0.00387163 -0.00423461 -0.22819056
v -0.00176935 -0.00821896 -0.22835097
v 0.01097862 -0.00792028 -0.23206860
v 0.01337132 -0.00369938 -0.23367500
v 0.01374955 0.01224776 -0.23381698
v -0.00136618 0.01527451 -0.22934689
v 0.00201369 0.01355311 -0.22845724
v 0.00045928 0.01604403 -0.23000102
v 0.00518443 0.01555131 -0.23032959
v 0.00053107 0.01991467 -0.23374496
v 0.00500575 0.01345287 -0.22900380
v 0.01006418 0.01709235 -0.23406163
v 0.00635216 0.02196042 -0.23766831
v 0.00584110 0.01832541 -0.23321167
v 0.00433829 0.02221042 -0.23718096
v 0.00071833 0.02237946 -0.23671171
v 0.00985834 0.01416880 -0.23154381
v 0.01320140 0.01477524 -0.23455065
v 0.01162260 0.01296644 -0.23217085
v 0.00814343 0.01272021 -0.22995257
v -0.01154640 0.01995088 -0.23804571
v -0.00853596 0.02120169 -0.23738663
v -0.00882348 0.01707399 -0.23289548
v -0.00528621 0.01950992 -0.23400399
v -0.01296464 0.01604608 -0.23463875
v -0.01402432 0.01383975 -0.23390456
v -0.01105948 0.01421405 -0.23179711
v -0.00511100 0.01597809 -0.23050052
v -0.00778456 0.01499834 -0.23061071
v -0.00508125 0.01408797 -0.22913626
v 0.01436073 -0.00778317 -0.23520604
v -0.00500164 -0.00791324 -0.28209355
v -0.00374939 -0.00399251 -0.28342220
v 0.00368829 -0.00343514 -0.28362614
v 0.00794070 -0.00371979 -0.28302523
v 0.00715701 -0.00253352 -0.28405929
v 0.01285739 -0.00185159 -0.28365928
v 0.01180246 -0.00940981 -0.28003365
v 0.01038777 -0.00610528 -0.28134260
v 0.00650013 -0.00562978 -0.28247413
v -0.00730627 -0.00235740 -0.28434405
v -0.00779410 -0.00576376 -0.28235528
v -0.01026144 -0.00882452 -0.28108624
v -0.01071510 -0.00631083 -0.28143805
v -0.00642400 -0.00094243 -0.28771102
v -0.00598464 -0.00113431 -0.28957921
v 0.00555411 -0.00099390 -0.28733563
v -0.00213477 -0.00123097 -0.28658426
v -0.01896722 -0.00245998 -0.29883856
v -0.00828333 -0.00296253 -0.29618034
v -0.01555428 -0.00107962 -0.29321542
v -0.00622599 -0.00155059 -0.29143259
v -0.01413503 -0.00045599 -0.28955272
v -0.01387022 -0.00051977 -0.28715065
v -0.01369386 -0.00092887 -0.28552353
v -0.00712867 -0.00143715 -0.28570095
v -0.00244415 -0.00214193 -0.28487971
v 0.01400771 -0.00041168 -0.28780052
v 0.01537770 -0.00037404 -0.28994730
v 0.00943236 -0.00114125 -0.29067364
v 0.01340534 -0.00083958 -0.28556311
v 0.00606439 -0.00154717 -0.28550094
v 0.00554965 -0.00152904 -0.29132333
v 0.01185655 -0.00283400 -0.29667082
v 0.00236548 -0.00310015 -0.29578754
v 0.00594853 -0.00793035 -0.28200653
v -0.00763883 -0.03333405 -0.37857032
v -0.00833745 -0.03301815 -0.36287001
v -0.00941194 -0.03314496 -0.36234090
v -0.00871857 0.00297411 -0.39682791
v -0.01190111 -0.03137231 -0.39244220
v -0.01253305 -0.01753557 -0.39605498
v -0.01624173 -0.02172399 -0.39477581
v -0.01358686 -0.00093631 -0.39626503
v -0.01717864 0.01065637 -0.39467329
v -0.01163661 0.00310868 -0.39668173
v -0.01255648 -0.00795837 -0.39657837
v -0.01071698 -0.02876383 -0.39379269
v -0.01022619 -0.03149366 -0.39263040
v -0.01158990 -0.03188974 -0.39184567
v -0.01250836 -0.03262056 -0.38720635
v -0.00989647 -0.03197867 -0.39211351
v -0.01038830 -0.02136203 -0.39574367
v -0.01254923 -0.02422570 -0.39495870
v -0.00938907 -0.00828052 -0.39693862
v -0.00815158 -0.01770648 -0.39621344
v -0.01001559 0.00741030 -0.39661059
v -0.00819277 -0.03183826 -0.39208218
v -0.00815164 -0.03153495 -0.39245105
v -0.00817765 -0.02616818 -0.39458540
v -0.00767826 -0.02918560 -0.39344853
v -0.00698454 -0.02286864 -0.39521277
v -0.00261679 0.01055332 -0.39487198
v -0.00710563 -0.00092983 -0.39661977
v -0.00558859 -0.01364826 -0.39600483
v -0.00335141 -0.02330109 -0.39435345
v -0.01018891 -0.03351719 -0.38119620
v -0.00803139 -0.03253109 -0.38885278
v -0.01177994 -0.03242210 -0.36050537
v -0.01165212 -0.03312669 -0.36275658
v -0.01211107 -0.03333721 -0.38034618
v -0.00758965 -0.03316990 -0.38363650
v -0.01036987 -0.03306318 -0.38637990
v -0.00409058 -0.00955262 -0.33084175
v -0.00286544 -0.01074388 -0.33565265
v -0.00328354 -0.00876519 -0.33508047
v -0.00149500 -0.01415894 -0.34569976
v -0.00072882 -0.02381484 -0.35417429
v -0.00070997 -0.02052130 -0.35434785
v -0.00084443 -0.02620772 -0.35490146
v -0.00101777 -0.01789517 -0.35464156
v -0.00062260 -0.01843712 -0.35562661
v -0.00211212 -0.01113778 -0.34477153
v -0.00292260 -0.00908406 -0.34340772
v -0.00292397 -0.00850700 -0.33934721
v -0.00262271 -0.01073216 -0.34676883
v -0.00204826 -0.01137650 -0.34148827
v -0.00387175 -0.00734195 -0.33508024
v -0.00372531 -0.00749766 -0.34082368
v -0.00064662 -0.02560280 -0.37266988
v -0.00049320 -0.02527898 -0.36958620
v -0.00039090 -0.02591482 -0.37532970
v -0.00031965 -0.02129153 -0.37460691
v -0.00123149 -0.01716151 -0.37343702
v -0.00088714 -0.01816795 -0.37092930
v -0.00072026 -0.01897786 -0.37282139
v -0.00066785 -0.01814046 -0.37457994
v -0.00058755 -0.01812899 -0.36922827
v -0.00044206 -0.02099747 -0.36984685
v -0.01220239 -0.00706132 -0.32757413
v -0.01213387 -0.00789373 -0.32708669
v -0.00865067 -0.00764138 -0.32712933
v -0.00428402 -0.00790181 -0.33175012
v -0.01431914 -0.00610266 -0.33090308
v -0.01242008 -0.00606917 -0.32902980
v -0.01286053 -0.00568132 -0.33051863
v -0.01540378 -0.00665308 -0.33174866
v -0.01424670 -0.00680136 -0.32909518
v -0.01542401 -0.00739770 -0.33018935
v -0.01458268 -0.00804964 -0.32824349
v -0.01545901 -0.00837017 -0.32930264
v -0.01642232 -0.00874980 -0.33147106
v -0.01640037 -0.00739593 -0.33372077
v -0.01744669 -0.00977240 -0.33547008
v -0.01356483 -0.00796098 -0.32750991
v -0.01346373 -0.00705121 -0.32807252
v -0.01632256 -0.01095519 -0.33005267
v -0.01841391 -0.01884390 -0.34131140
v -0.01686465 -0.01201579 -0.33130762
v -0.01549765 -0.01013097 -0.32859066
v -0.01755963 -0.01399279 -0.33443612
v -0.01815644 -0.01679925 -0.33822414
v -0.01852382 -0.01350805 -0.34234846
v -0.01941610 -0.02272693 -0.35431349
v -0.01484774 -0.00981955 -0.32780856
v -0.01619945 -0.01088677 -0.32948548
v -0.01554106 -0.01025267 -0.32838684
v -0.01652373 -0.01119392 -0.32977849
v -0.01748285 -0.01298578 -0.33245036
v -0.01774578 -0.01426670 -0.33438525
v -0.01802265 -0.01517218 -0.33557194
v -0.01823840 -0.01700188 -0.33812270
v -0.00626192 -0.00826875 -0.32783568
v -0.00723313 -0.00796823 -0.32736045
v -0.00621262 -0.00965063 -0.32739392
v -0.00766452 -0.00926713 -0.32689020
v -0.01391456 -0.00947843 -0.32724118
v -0.01237716 -0.00912904 -0.32685193
v -0.01047373 -0.00904483 -0.32674503
v -0.00492338 -0.01030915 -0.32861546
v -0.00568149 -0.00986308 -0.32775229
v -0.00608960 -0.00620481 -0.33074155
v -0.00607256 -0.00672901 -0.32946894
v -0.00500717 -0.00702666 -0.33103198
v -0.00716616 -0.00620905 -0.32929361
v -0.00698460 -0.00712746 -0.32805079
v -0.00551400 -0.00789768 -0.32883492
v -0.00834132 -0.00623815 -0.32865623
v -0.00893972 -0.00538040 -0.33104822
v -0.00867133 -0.00680643 -0.32779062
v -0.01896973 -0.01860465 -0.37169492
v -0.01913491 -0.01819344 -0.37481761
v -0.01919489 -0.02011789 -0.37403861
v -0.01939193 -0.01791393 -0.36884952
v -0.01947068 -0.02201135 -0.36995649
v -0.01943021 -0.02345507 -0.37476569
v -0.01916168 -0.02434566 -0.37229243
v -0.01898272 -0.02684125 -0.37274468
v -0.01934529 -0.02611971 -0.36928585
v -0.04160013 0.00990089 -0.37050197
v -0.03976951 0.01923019 -0.36370963
v -0.04006601 0.01945872 -0.35411850
v -0.03932765 0.02111543 -0.35105160
v -0.03637286 0.01655635 -0.31411031
v -0.03477680 0.01957744 -0.31505236
v -0.03631116 0.01868056 -0.31675756
v -0.03521788 0.02018984 -0.31677249
v -0.03748171 0.01999597 -0.32382342
v -0.03587021 0.02081011 -0.31976154
v -0.03948803 0.01222291 -0.32298756
v -0.03863300 0.01634488 -0.32272103
v -0.04081273 0.01215138 -0.33363172
v -0.04028466 0.01646772 -0.33628744
v -0.04133773 0.01431230 -0.36223552
v -0.04191101 0.01123999 -0.35780263
v -0.04193574 0.00883840 -0.34821275
v -0.04149918 0.01221924 -0.34337929
v -0.03879032 0.02017547 -0.33300740
v -0.03768861 0.02211963 -0.33476111
v -0.03882654 0.02123526 -0.33898452
v -0.03728660 0.01636757 -0.31649700
v -0.03818915 0.01218926 -0.31582960
v -0.03973087 0.01979786 -0.34200519
v -0.03901216 0.02067436 -0.36402035
v -0.04099273 0.01609484 -0.34862661
v -0.04173175 0.00394886 -0.37285343
v -0.04209615 0.00093591 -0.35437408
v -0.03740551 0.01083959 -0.31233218
v -0.03719650 0.01298698 -0.31291273
v -0.04133992 0.00688630 -0.33717635
v -0.04066031 0.00179368 -0.33288381
v -0.03943573 0.00693691 -0.32232454
v -0.03817513 0.02220614 -0.34244102
v -0.03638307 0.02213823 -0.32725480
v -0.03807219 0.00741394 -0.31535327
v -0.03701323 0.00736100 -0.31144533
v 0.01216705 -0.01422926 -0.27608204
v 0.01417341 -0.01405396 -0.27375644
v 0.01438522 -0.01534480 -0.26507714
v 0.00675956 -0.01697606 -0.25268406
v -0.00581988 -0.01701699 -0.25136009
v -0.00011354 -0.01703757 -0.25810751
v -0.00134123 -0.01659480 -0.24538490
v 0.00292947 -0.01487469 -0.23403884
v -0.00308477 -0.01487673 -0.23403147
v -0.01517995 -0.01578835 -0.25381538
v -0.01651474 -0.01445123 -0.24823278
v -0.01665034 -0.01463219 -0.25893304
v -0.01439641 -0.01582942 -0.24958208
v -0.01604762 -0.01437094 -0.24425675
v -0.01222929 -0.01466319 -0.23841392
v -0.01492878 -0.01445566 -0.24121499
v -0.01008620 -0.01431135 -0.27726123
v -0.00053632 -0.01451117 -0.27748567
v -0.01094385 -0.01589738 -0.26716614
v 0.00154806 -0.01613368 -0.26717398
v -0.01249252 -0.01661759 -0.25884181
v -0.01288357 -0.01661228 -0.25392583
v -0.01531953 -0.01573901 -0.25907263
v -0.01487717 -0.01536045 -0.26560149
v -0.00682350 -0.01481225 -0.23506708
v -0.01008936 -0.01607656 -0.24446322
v -0.01271177 -0.01623256 -0.24849339
v -0.01325498 -0.01416063 -0.27572203
v -0.01490255 -0.01405677 -0.27340347
v -0.01652063 -0.01421984 -0.26617101
v -0.01569992 -0.01401225 -0.27122828
v 0.01607100 -0.01441564 -0.26273808
v 0.01470246 -0.01572288 -0.25880393
v 0.01190610 -0.01661104 -0.25855187
v 0.01079392 -0.01591180 -0.26645288
v 0.01552776 -0.01400235 -0.27011195
v 0.01594385 -0.01461088 -0.25513506
v 0.00841142 -0.01435551 -0.27721891
v 0.01573006 -0.01448052 -0.24882865
v 0.01513164 -0.01438516 -0.24393815
v 0.01439671 -0.01442390 -0.24178109
v 0.01365102 -0.01619001 -0.25295839
v 0.01216852 -0.01591596 -0.24630029
v 0.01133930 -0.01665746 -0.25182322
v 0.00705168 -0.01651945 -0.24639720
v 0.00858626 -0.01476132 -0.23642996
v 0.01283569 -0.01455927 -0.23961814
v -0.01915296 0.00222153 -0.25262341
v -0.01933296 0.01127938 -0.24995081
v -0.01920218 0.01073689 -0.27990085
v -0.01850933 0.00448294 -0.28046435
v -0.01887308 -0.00253926 -0.26140702
v -0.01537201 0.01981080 -0.24656093
v -0.01818987 0.01520613 -0.25343168
v -0.01900714 0.01308800 -0.25256267
v -0.01627232 0.01869993 -0.25334084
v -0.01870194 0.01335802 -0.27117655
v -0.01911966 0.01221311 -0.28153187
v -0.01716723 0.01623525 -0.26839471
v -0.01743777 0.00071247 -0.28269932
v -0.01775319 -0.00145486 -0.27581105
v -0.01798885 0.00177202 -0.28014714
v -0.01851173 -0.00050072 -0.26890743
v -0.01907011 -0.00926108 -0.24965505
v -0.01886016 0.01177189 -0.24401458
v -0.01866832 -0.00839507 -0.24416095
v -0.01419479 0.02041088 -0.26625484
v -0.01492482 0.02039064 -0.25334206
v 0.00398772 0.02154158 -0.29069805
v 0.00529347 0.02147586 -0.28585339
v 0.00958418 0.02108490 -0.29173368
v -0.00251065 0.02235799 -0.27778932
v 0.00405681 0.02225500 -0.27764404
v 0.00271756 0.02209281 -0.29464966
v 0.00956475 0.02156212 -0.29519984
v -0.00165751 0.02165935 -0.29074702
v -0.00327102 0.02164905 -0.28558019
v -0.00887825 0.02116139 -0.29146615
v -0.00600253 0.02191407 -0.29487610
v 0.00809126 0.02189395 -0.27641216
v -0.02080206 0.01140202 -0.29137099
v -0.01965850 0.01178744 -0.28759456
v -0.01960122 0.00387085 -0.28983864
v -0.01843878 0.00169079 -0.28915313
v -0.01788179 0.00182644 -0.28624913
v -0.01870742 0.00376045 -0.28667906
v -0.01693577 -0.00039827 -0.28211004
v -0.01682790 0.00032485 -0.28493240
v -0.01967518 0.00924546 -0.28734800
v -0.02503141 0.00949337 -0.29722872
v -0.02279215 0.01098057 -0.29484168
v -0.02323207 -0.00125893 -0.29882577
v -0.02157108 -0.00043770 -0.29686379
v -0.02299321 0.00058357 -0.29749769
v -0.02471398 0.00472610 -0.29766014
v -0.02435535 0.00120409 -0.29840639
v -0.02195411 0.00523436 -0.29419333
v -0.02340470 0.00742760 -0.29579139
v -0.02203321 0.01201104 -0.29390463
v -0.02053091 0.00046714 -0.29467291
v -0.02100551 0.00235931 -0.29384875
v -0.01959225 0.00112279 -0.29241428
v -0.02048380 0.00739274 -0.29081106
v -0.01691507 -0.00991940 -0.31002575
v -0.00555981 -0.00883439 -0.31110302
v -0.00645810 -0.00630441 -0.30776548
v 0.03350184 -0.00310746 -0.30907711
v 0.03543936 0.00079693 -0.30959123
v 0.03274683 0.00254284 -0.30613980
v 0.03043042 0.00265441 -0.30234697
v 0.03104447 0.00275479 -0.30379438
v 0.03139219 0.00534209 -0.30112943
v -0.03020431 -0.00030679 -0.30567333
v -0.02742823 -0.00114688 -0.30382499
v -0.02925877 0.00052260 -0.30374196
v -0.03094209 0.00253198 -0.30456412
v -0.03036455 0.00272517 -0.30291018
v -0.02484803 -0.00222584 -0.30366912
v -0.02641812 -0.00104449 -0.30219221
v -0.02778838 -0.00029743 -0.30253318
v -0.02894001 0.00070513 -0.30248532
v -0.03196437 0.00680667 -0.30327281
v -0.03251180 0.00682672 -0.30486923
v -0.02409423 -0.00176476 -0.30187821
v -0.02298512 -0.00201810 -0.29987690
v -0.02688021 -0.00090505 -0.30071494
v -0.02967469 0.00166384 -0.30130312
v -0.03224548 0.00859072 -0.30192593
v -0.03266764 0.01152033 -0.30424654
v -0.03223540 0.01269658 -0.30190432
v -0.03247793 0.01333735 -0.30441055
v -0.03194304 0.01616791 -0.30516961
v -0.03115615 0.01763833 -0.30452138
v -0.02696155 0.02174336 -0.30574578
v -0.02703888 0.02044878 -0.30060360
v -0.02219927 0.02286853 -0.30576453
v -0.01873842 0.02192280 -0.29866430
v -0.03026938 0.01808684 -0.30126646
v -0.02989694 0.01948768 -0.30441445
v -0.02887299 0.02075042 -0.30571541
v -0.03405223 0.00981257 -0.30712274
v -0.03268692 0.00977911 -0.30416763
v -0.00998500 0.02428824 -0.30543727
v -0.00914426 0.02287387 -0.29660690
v -0.00314093 0.02329257 -0.29604557
v -0.00013187 0.02501190 -0.30614564
v 0.00777316 0.02405891 -0.30235279
v 0.00700623 0.02304864 -0.29606181
v 0.02121810 0.02301539 -0.30523261
v 0.02020098 0.02173998 -0.29869372
v 0.03258895 0.01817263 -0.30769029
v 0.03007049 0.01972907 -0.30465886
v 0.03097989 0.01780808 -0.30323514
v 0.03301071 0.01560122 -0.30610347
v 0.03180958 0.01587216 -0.30318090
v 0.03321258 0.01143020 -0.30458510
v 0.03264194 0.01133024 -0.30268657
v 0.02954165 0.01885905 -0.30056795
v 0.02731330 0.02034269 -0.30016369
v 0.02883542 0.02117456 -0.30612549
v 0.02594686 0.02209114 -0.30523175
v 0.02887532 -0.00030771 -0.30360499
v 0.03008103 0.00099164 -0.30384108
v 0.02908727 0.00068739 -0.30222228
v 0.02755670 -0.00061088 -0.30222848
v 0.02549892 -0.00195529 -0.30317298
v 0.02535636 -0.00146462 -0.30150801
v 0.03306558 0.00899120 -0.30443418
v 0.03242718 0.00830265 -0.30271912
v 0.01624982 -0.00334399 -0.30300292
v 0.00212784 -0.00320302 -0.30096760
v 0.00730965 -0.00371586 -0.30323645
v -0.01072374 -0.00359987 -0.30324635
v -0.02004009 -0.00284162 -0.30295575
v -0.01729979 -0.00390575 -0.30434912
v -0.02173549 -0.00372486 -0.30468535
v 0.02193745 -0.00297430 -0.30330279
v 0.02159395 -0.00244420 -0.30207664
v 0.01024018 -0.00290782 -0.30018812
v -0.01030981 -0.00302402 -0.30119738
v -0.01976386 -0.00237765 -0.30119771
v 0.03241215 0.00576515 -0.30436292
v 0.02733083 -0.00059896 -0.30031329
v 0.03091714 0.01697116 -0.30087778
v 0.03219869 0.01320718 -0.30128103
v 0.03246391 0.00975442 -0.30140221
v 0.02524245 -0.00153381 -0.29993248
v 0.02135770 -0.00221130 -0.30068117
v 0.02946530 0.00129043 -0.30069259
v -0.00632473 -0.00299735 -0.29846898
v 0.02094197 -0.00229293 -0.29899552
v 0.03334781 0.02135878 -0.31514210
v 0.03164052 0.02249363 -0.31580454
v 0.03481205 0.01199951 -0.30765975
v 0.03764045 0.00966769 -0.31136134
v 0.03460822 0.00828946 -0.30711386
v 0.03672931 0.00509949 -0.31024674
v 0.02897632 -0.00217759 -0.30537999
v 0.03151790 -0.00555886 -0.30890635
v 0.02681861 -0.00338965 -0.30526224
v 0.02964883 -0.00715123 -0.30889833
v 0.02261661 -0.00972669 -0.30923587
v 0.02487624 -0.00933683 -0.30915451
v 0.02440645 -0.00429777 -0.30531609
v 0.02727312 0.02386131 -0.31629148
v 0.02703509 -0.00150352 -0.30344242
v 0.03084248 -0.00052698 -0.30567041
v 0.02761875 -0.00832499 -0.30895802
v 0.01633806 -0.00684131 -0.30711451
v 0.01734526 -0.00993013 -0.30973589
v 0.00546499 -0.00881195 -0.31098795
v 0.01062067 -0.00761525 -0.30860946
v 0.02151756 -0.00494030 -0.30548689
v 0.00000616 -0.00859575 -0.31138858
v -0.02452945 -0.00932462 -0.30953386
v -0.02320736 -0.00631389 -0.30709559
v -0.02708360 -0.00849641 -0.30948871
v 0.00062353 -0.00503342 -0.30626032
v 0.01573660 -0.00452041 -0.30471650
v 0.00888958 -0.00529823 -0.30604944
v -0.01071127 -0.00447308 -0.30487597
v -0.01409494 -0.00635980 -0.30707130
v -0.02149162 -0.00981225 -0.30969462
v -0.03214459 -0.00462522 -0.30952334
v -0.02817331 -0.00242997 -0.30564860
v -0.02954352 -0.00712692 -0.30945009
v -0.02558343 -0.00358937 -0.30548394
v -0.03482001 0.01257489 -0.30887797
v -0.03250050 0.00236129 -0.30672014
v -0.03415261 -0.00154024 -0.30981141
v -0.03202773 0.01964600 -0.30962408
v -0.03265166 0.02161868 -0.31577456
v -0.02507644 0.02428202 -0.31726262
v -0.02950120 0.02310259 -0.31638172
v -0.03394887 0.00651403 -0.30735928
v -0.03591799 0.00298218 -0.31055751
v -0.01563491 0.02566149 -0.31905925
v 0.00000109 0.02666571 -0.31835872
v -0.00832120 0.02624761 -0.31837749
v 0.02406080 0.02459251 -0.31749225
v 0.01549219 0.02570725 -0.31872481
v 0.00717095 0.02641016 -0.31862566
v -0.04068521 -0.00400850 -0.34399462
v -0.04029320 -0.00513669 -0.35146970
v -0.03971919 -0.00492168 -0.34157255
v -0.03454477 -0.00510809 -0.31872150
v -0.03511349 -0.00616483 -0.32713571
v -0.03534279 -0.00354288 -0.31688097
v -0.03692464 -0.00020914 -0.31670302
v -0.03778078 -0.00313851 -0.32487869
v -0.03754595 0.00284918 -0.31597960
v -0.04161759 -0.00278367 -0.35247642
v -0.04149570 -0.00081746 -0.34262952
v -0.03913977 0.00050819 -0.32511130
v -0.03998301 -0.00221131 -0.33318898
v -0.03881011 -0.00602472 -0.35960007
v -0.03738322 -0.00645837 -0.34910968
v -0.03878425 -0.00596969 -0.34768379
v -0.03212785 -0.00708140 -0.32086387
v -0.03881904 -0.00427023 -0.33290154
v -0.03791438 -0.00560511 -0.33561161
v -0.03319094 -0.03295732 -0.36235344
v -0.03349504 -0.03309188 -0.36339024
v -0.03090413 -0.03315516 -0.36285383
v -0.03271954 -0.03211290 -0.36057839
v -0.03335834 -0.03336868 -0.38171336
v -0.03122813 -0.03351690 -0.38091576
v -0.03237624 -0.03295326 -0.38637304
v -0.03291823 -0.03139986 -0.39074647
v -0.03338388 -0.02685011 -0.39249441
v -0.03031353 -0.02907400 -0.39186901
v -0.02985420 -0.02504178 -0.39314240
v -0.03279879 -0.02123370 -0.39385691
v -0.03348349 -0.01027073 -0.39402512
v -0.03074673 -0.01036678 -0.39453900
v -0.03090107 -0.01550997 -0.39451417
v -0.03422125 -0.01793375 -0.39392167
v -0.03364289 0.00227688 -0.39279160
v -0.03234039 -0.03203376 -0.39009973
v -0.03710170 -0.02599510 -0.39201289
v -0.03788833 -0.01781593 -0.39283228
v -0.03767494 -0.02247688 -0.39265949
v -0.02933008 -0.03286184 -0.38597953
v -0.02996668 -0.03189750 -0.39029431
v -0.02942847 -0.03134714 -0.39070481
v -0.03145286 -0.03175542 -0.39068562
v -0.02502511 -0.02368668 -0.39255431
v -0.02818904 -0.01768568 -0.39414015
v -0.02832740 -0.01036907 -0.39438331
v -0.02896201 -0.03286840 -0.36337018
v -0.02995238 -0.03278543 -0.36201572
v -0.02838961 -0.02485990 -0.34893158
v -0.02971545 -0.02540040 -0.34928745
v -0.02920573 -0.03336251 -0.38055006
v -0.02586917 -0.00889824 -0.33790204
v -0.02475754 -0.01021539 -0.34116513
v -0.02219411 -0.02113482 -0.35447481
v -0.02340411 -0.01483987 -0.34670296
v -0.02221749 -0.02431597 -0.35466966
v -0.02209536 -0.02676551 -0.35646626
v -0.02266674 -0.01645244 -0.35492241
v -0.02224091 -0.01889660 -0.35510340
v -0.02331228 -0.01153394 -0.34979802
v -0.02402182 -0.00978451 -0.34557551
v -0.02197531 -0.02393165 -0.37019667
v -0.02221647 -0.02619837 -0.37328693
v -0.02212252 -0.02009709 -0.37199518
v -0.02183793 -0.02448103 -0.37513414
v -0.02220545 -0.01768608 -0.37433252
v -0.02198806 -0.02591565 -0.36925569
v -0.02191905 -0.02025090 -0.37459692
v -0.03035465 -0.00572683 -0.33605227
v -0.02720371 -0.00987055 -0.33473128
v -0.02676156 -0.01021498 -0.33538243
v -0.03559752 -0.00741441 -0.33537999
v -0.03386112 -0.00754878 -0.33435184
v -0.03471582 -0.00688883 -0.33513078
v -0.03533534 -0.00629271 -0.33636960
v -0.03319680 -0.00623059 -0.33528048
v -0.03645002 -0.00780515 -0.33619493
v -0.03322092 -0.00676700 -0.33471733
v -0.03521802 -0.00915736 -0.33436164
v -0.03629400 -0.00979194 -0.33504307
v -0.03722673 -0.01083137 -0.33625752
v -0.03779924 -0.01191377 -0.33741376
v -0.03721642 -0.00838308 -0.33731857
v -0.03804969 -0.00855852 -0.33986586
v -0.03842243 -0.01362921 -0.33926478
v -0.03904434 -0.01134999 -0.34280851
v -0.03901914 -0.01604296 -0.34189227
v -0.03941696 -0.01833150 -0.34441417
v -0.03548108 -0.00944337 -0.33431008
v -0.03662563 -0.01010829 -0.33508515
v -0.03404009 -0.00911408 -0.33388317
v -0.03770304 -0.01146499 -0.33656457
v -0.03898206 -0.01529186 -0.34059224
v -0.03937410 -0.01882883 -0.34445480
v -0.02840480 -0.00908833 -0.33424595
v -0.02816350 -0.00939469 -0.33418819
v -0.02736561 -0.00967290 -0.33482134
v -0.02991401 -0.00908032 -0.33376935
v -0.02746129 -0.00650736 -0.33698052
v -0.02852608 -0.00650615 -0.33562320
v -0.02764115 -0.00724321 -0.33575791
v -0.02831436 -0.00769045 -0.33481434
v -0.02962425 -0.00695703 -0.33466652
v -0.02672117 -0.00741930 -0.33708471
v -0.02690145 -0.00841233 -0.33594838
v -0.03040287 -0.00748583 -0.33427551
v -0.04148864 -0.02760327 -0.36421230
v -0.04151448 -0.02768721 -0.36125198
v -0.04082938 -0.02746761 -0.36187899
v -0.04091505 -0.01772539 -0.35934708
v -0.04152976 -0.01716030 -0.35967633
v -0.04081867 -0.01708545 -0.36078128
v -0.04081286 -0.01681149 -0.36180538
v -0.04150514 -0.01638528 -0.36244437
v -0.04080863 -0.01672808 -0.36281833
v -0.04085568 -0.01693371 -0.36440125
v -0.04148234 -0.01685080 -0.36493653
v -0.04077809 -0.01777404 -0.36578861
v -0.04146618 -0.01833653 -0.36694604
v -0.04077569 -0.01844372 -0.36657465
v -0.04082934 -0.01969329 -0.36753580
v -0.04145506 -0.02112657 -0.36834684
v -0.04076178 -0.02125042 -0.36792031
v -0.04076090 -0.02260970 -0.36799690
v -0.04145643 -0.02439007 -0.36789039
v -0.04084131 -0.02418131 -0.36767271
v -0.04147080 -0.02640130 -0.36640501
v -0.04083275 -0.02552205 -0.36687264
v -0.04086114 -0.01826130 -0.35895869
v -0.04085837 -0.01762873 -0.35978910
v -0.04081785 -0.01701901 -0.36422917
v -0.04078837 -0.02324538 -0.36780953
v -0.04078687 -0.01962196 -0.36734989
v -0.04079406 -0.02484654 -0.36719197
v -0.04080271 -0.02631361 -0.36588314
v -0.04080124 -0.02658077 -0.36566651
v -0.04081102 -0.02734994 -0.36396661
v -0.04087060 -0.02715429 -0.36412984
v -0.04088837 -0.02737368 -0.36225989
v -0.04084685 -0.02675130 -0.35986146
v -0.04084706 -0.02565573 -0.35862020
v -0.04091579 -0.02617859 -0.35929248
v -0.04091058 -0.02695273 -0.36060774
v -0.04093208 -0.02363243 -0.35757005
v -0.04086167 -0.02443836 -0.35775635
v -0.04086987 -0.02258971 -0.35725188
v -0.04093300 -0.02158150 -0.35738656
v -0.04086787 -0.02074261 -0.35739166
v -0.04085704 -0.01909028 -0.35815266
v -0.04091978 -0.01975393 -0.35789993
v -0.04154765 -0.02569569 -0.35810015
v -0.04155329 -0.02254592 -0.35692951
v -0.04154791 -0.01964099 -0.35743731
v -0.04088631 -0.02593048 -0.36945027
v -0.04090399 -0.02225911 -0.37035722
v -0.04068217 -0.01859094 -0.37301424
v -0.04093336 -0.02299853 -0.37482092
v -0.04067787 -0.02482353 -0.37320089
v -0.04089913 -0.01852382 -0.36950558
v -0.04137279 -0.02425650 -0.37699285
v -0.04070234 -0.02316865 -0.37699080
v -0.04068319 -0.02445428 -0.37748423
v -0.04069557 -0.02053272 -0.37712505
v -0.04067938 -0.01934930 -0.37769553
v -0.04068961 -0.01829538 -0.37844127
v -0.04138377 -0.02178861 -0.37659043
v -0.04069373 -0.02186512 -0.37690854
v -0.04066421 -0.01692775 -0.38073054
v -0.04066491 -0.01740143 -0.37968326
v -0.04062472 -0.01732048 -0.38481370
v -0.04064720 -0.01678290 -0.38330242
v -0.04065095 -0.01671139 -0.38204032
v -0.04061711 -0.01801761 -0.38578051
v -0.04067609 -0.01879033 -0.38665277
v -0.04062255 -0.01931594 -0.38680112
v -0.04065264 -0.02069152 -0.38756797
v -0.04061640 -0.02073272 -0.38743207
v -0.04064682 -0.02258449 -0.38771904
v -0.04061691 -0.02212958 -0.38760468
v -0.04061370 -0.02383695 -0.38732511
v -0.04066306 -0.02570445 -0.38639811
v -0.04062688 -0.02516834 -0.38661310
v -0.04063399 -0.02634776 -0.38550219
v -0.04066770 -0.02687964 -0.38488677
v -0.04065092 -0.02725606 -0.38359854
v -0.04070489 -0.02744615 -0.38336384
v -0.04070496 -0.02751581 -0.38160247
v -0.04066842 -0.02737147 -0.38155782
v -0.04071240 -0.02690252 -0.37974557
v -0.04068125 -0.02690363 -0.38007328
v -0.04069013 -0.02608969 -0.37876764
v -0.04070020 -0.02573206 -0.37824798
v -0.04068066 -0.02417300 -0.38734213
v -0.04127411 -0.01924364 -0.38724437
v -0.04128374 -0.02168494 -0.38802081
v -0.04128101 -0.02441866 -0.38753626
v -0.04130991 -0.02693421 -0.38546896
v -0.04132687 -0.02777931 -0.38275659
v -0.04134266 -0.02754309 -0.38051921
v -0.04074807 -0.02346362 -0.37718779
v -0.04074948 -0.02139402 -0.37705085
v -0.04074864 -0.01874336 -0.37822258
v -0.04074502 -0.01771597 -0.37937823
v -0.04072779 -0.01682587 -0.38194945
v -0.04069897 -0.01752814 -0.38493586
v -0.04069206 -0.01695931 -0.38344467
v -0.04137010 -0.02627146 -0.37839705
v 0.04646631 0.00236520 -0.39044246
v 0.04582858 0.00468560 -0.38992190
v 0.04750140 0.00434963 -0.39018923
v 0.04639506 -0.00827025 -0.38439131
v 0.04918853 -0.00989825 -0.37975523
v 0.04425799 -0.00316492 -0.39003706
v 0.04411519 -0.00425582 -0.38959217
v 0.04398382 -0.00383242 -0.38959944
v 0.04493231 -0.00695929 -0.38697284
v 0.04439335 -0.00602169 -0.38778749
v 0.04416107 -0.00509161 -0.38902593
v 0.04499966 -0.00693346 -0.38645214
v 0.04386524 -0.00491074 -0.38875073
v 0.04603776 -0.00806720 -0.38415074
v 0.04486962 -0.00131305 -0.39044172
v 0.04316294 -0.00122020 -0.39004022
v 0.04345264 0.00069095 -0.39001125
v 0.04222998 -0.00365882 -0.38871500
v 0.04241850 0.00002909 -0.38952819
v 0.04247160 -0.00228685 -0.38957751
v 0.04124126 -0.00165104 -0.38838863
v 0.04163587 0.00005865 -0.38863736
v 0.04130924 -0.00379389 -0.38737211
v 0.04219351 -0.00494475 -0.38720787
v 0.04360508 -0.00685242 -0.38445735
v 0.04612730 -0.00895101 -0.37833387
v 0.04286567 -0.00707899 -0.38005558
v 0.04467155 0.00379215 -0.38987383
v 0.05305136 0.00738889 -0.37815052
v 0.04929047 0.00785373 -0.38503316
v 0.05015172 0.00667553 -0.38755813
v 0.04807879 0.00774947 -0.38643378
v 0.04701514 0.00721750 -0.38791817
v 0.04943952 0.00644367 -0.38832501
v 0.05136262 0.00682153 -0.38611469
v 0.05286656 0.00667466 -0.38407376
v 0.05010752 0.00833990 -0.38007551
v 0.05548079 0.00597637 -0.38041085
v 0.05608913 0.00647589 -0.36843511
v 0.04497435 0.00534350 -0.38927719
v 0.04339889 0.00403395 -0.38873449
v 0.04531864 0.00654510 -0.38829753
v 0.04656456 0.00614176 -0.38919577
v 0.05717813 0.00512063 -0.37791812
v 0.05332280 0.00657570 -0.38387415
v 0.04881136 0.00601715 -0.38915688
v 0.04912249 0.00623026 -0.38906893
v 0.04826857 0.00582645 -0.38929087
v 0.04817096 0.00530621 -0.38979381
v 0.05096578 0.00686620 -0.38702396
v 0.04624278 0.00272613 -0.36451444
v 0.04527132 0.00280403 -0.36766624
v 0.04424562 0.00103105 -0.36782596
v 0.04498943 0.00065378 -0.36567354
v 0.04547875 0.00135787 -0.36343130
v 0.04475931 0.00215556 -0.35476881
v 0.04431991 0.00208279 -0.35397729
v 0.04535334 0.00369522 -0.35400957
v 0.04396619 0.00383171 -0.35494286
v 0.04488543 0.00359891 -0.35380211
v 0.04571718 0.00449240 -0.35364091
v 0.04563038 0.00483468 -0.35364065
v 0.04614108 0.00566961 -0.35349789
v 0.04593231 0.00271143 -0.35872918
v 0.04573578 0.00241810 -0.36612079
v 0.04212610 0.00459792 -0.37340468
v 0.04057766 0.00221403 -0.37403461
v 0.04191457 0.00141236 -0.37129089
v 0.04236885 -0.00283232 -0.35260266
v 0.04270177 -0.00221144 -0.35268897
v 0.04359355 0.00240471 -0.35422999
v 0.04300726 -0.00154301 -0.35293952
v 0.04353986 -0.00024929 -0.35360482
v 0.04403673 -0.00026188 -0.35514653
v 0.04396859 0.00236160 -0.35380879
v 0.04323287 -0.00009696 -0.35332778
v 0.04365792 0.00090613 -0.35360232
v 0.04426274 0.00254403 -0.35380757
v 0.04493040 0.00067131 -0.35917711
v 0.05900630 -0.00706425 -0.33301398
v 0.05628780 -0.00913494 -0.33203372
v 0.05782638 -0.01035041 -0.33557916
v 0.06299695 -0.00526845 -0.34257382
v 0.06456331 -0.00556825 -0.35760906
v 0.05716730 0.00152261 -0.32911390
v 0.05872259 -0.00297014 -0.33065677
v 0.06004644 -0.00025973 -0.33194730
v 0.05475676 0.00303345 -0.32784793
v 0.05191378 0.00211057 -0.32601053
v 0.05547197 -0.00135452 -0.32793343
v 0.06104814 -0.00069554 -0.33339295
v 0.06074476 -0.00512994 -0.33406204
v 0.05849297 -0.00539608 -0.33126965
v 0.06102343 -0.00833744 -0.33959103
v 0.06356592 -0.00818325 -0.35782576
v 0.05998284 -0.00735862 -0.33483747
v 0.05105884 -0.00041532 -0.32558885
v 0.05288031 -0.00367993 -0.32696781
v 0.05602860 -0.00533885 -0.32924291
v 0.06195503 -0.00573983 -0.33798835
v 0.05370196 -0.00845186 -0.32973084
v 0.06256685 -0.00924638 -0.35953641
v 0.06354512 -0.00752235 -0.35986450
v 0.06378057 -0.00492599 -0.36179468
v 0.06436646 -0.00603058 -0.35896498
v 0.06200810 -0.00097668 -0.33526304
v 0.04924657 -0.00504625 -0.32621485
v 0.05159114 -0.00792190 -0.32848623
v 0.04918425 -0.00267235 -0.32538074
v 0.04163003 -0.00283814 -0.32373011
v 0.03952174 -0.00276626 -0.32299954
v 0.04010693 -0.00107291 -0.32224455
v 0.04303433 -0.00099551 -0.32335114
v 0.04300436 0.00433775 -0.32230470
v 0.04124652 0.00064853 -0.32216337
v 0.04463443 0.00450521 -0.32315925
v 0.04642804 0.00573235 -0.32435498
v 0.04427205 0.00766114 -0.32382563
v 0.04027932 0.00241641 -0.32061902
v 0.04152726 0.00769327 -0.32058978
v 0.03971072 0.00470498 -0.31871897
v 0.04010244 0.00824072 -0.31812268
v 0.03958313 0.00939385 -0.31675825
v 0.04126426 0.01029818 -0.32095128
v 0.03985018 0.01139872 -0.31807759
v 0.04266483 0.00871306 -0.32258642
v 0.04439873 0.00625988 -0.32326868
v 0.04303962 0.00718005 -0.32235509
v 0.03784636 -0.00197515 -0.32052618
v 0.03662962 -0.00070361 -0.31449550
v 0.03782775 0.00230979 -0.31505200
v 0.03892362 0.00132606 -0.31918389
v 0.03900448 -0.00034272 -0.32074103
v 0.03861434 -0.00260766 -0.32229787
v 0.04225554 0.00571706 -0.32159489
v 0.05134206 -0.01207050 -0.35281417
v 0.05144626 -0.01184882 -0.35067105
v 0.05042118 -0.01166303 -0.34776923
v 0.04668790 -0.00973340 -0.35048032
v 0.04748261 -0.01031317 -0.35307235
v 0.04941728 -0.01180514 -0.33535689
v 0.04747778 -0.01096528 -0.33502546
v 0.04819109 -0.01052383 -0.33533454
v 0.04542749 -0.01004678 -0.33551446
v 0.04455440 -0.00890340 -0.33682060
v 0.04651075 -0.00985233 -0.33545792
v 0.04338810 -0.00846280 -0.33831820
v 0.04340988 -0.00843827 -0.34316009
v 0.04632048 -0.01039846 -0.34623772
v 0.04629768 -0.00970425 -0.34589997
v 0.04528170 -0.00921745 -0.33620641
v 0.04312966 -0.00825319 -0.33955282
v 0.04300619 -0.00819797 -0.34060809
v 0.04409342 -0.00870322 -0.33729869
v 0.04305474 -0.00822071 -0.34162295
v 0.04437013 -0.00878619 -0.34442514
v 0.04506020 -0.00909379 -0.34510487
v 0.04835904 -0.01129862 -0.34640285
v 0.04802104 -0.01046382 -0.34616905
v 0.04713047 -0.01006656 -0.33547318
v 0.04620860 -0.00966287 -0.33575022
v 0.04348586 -0.00844867 -0.33850029
v 0.04612531 -0.00958797 -0.34567273
v 0.04348371 -0.00842849 -0.34298214
v 0.04763186 -0.01025425 -0.34602103
v 0.04916327 -0.01092728 -0.34586152
v 0.04948765 -0.01106706 -0.34584817
v 0.05098179 -0.01172542 -0.34496531
v 0.05210842 -0.01222915 -0.34355849
v 0.05072463 -0.01167838 -0.34497634
v 0.05191839 -0.01221291 -0.34362200
v 0.05258752 -0.01242558 -0.34223548
v 0.05282966 -0.01256293 -0.34107572
v 0.05270052 -0.01250664 -0.33946639
v 0.05268915 -0.01256718 -0.34053725
v 0.05140009 -0.01194581 -0.33689213
v 0.05039525 -0.01157038 -0.33623496
v 0.05179234 -0.01217175 -0.33761752
v 0.05231634 -0.01233391 -0.33838534
v 0.04980382 -0.01123970 -0.33572966
v 0.04878362 -0.01085110 -0.33553559
v 0.05118209 -0.01255644 -0.34502959
v 0.05270391 -0.01324686 -0.34211126
v 0.05270908 -0.01325346 -0.33938268
v 0.05148994 -0.01272515 -0.33686259
v 0.05234098 -0.01226433 -0.35533491
v 0.05332316 -0.01279469 -0.35586527
v 0.05323202 -0.01342192 -0.35565236
v 0.04918726 -0.01089395 -0.35494193
v 0.04858104 -0.01137134 -0.35472322
v 0.04805507 -0.01038871 -0.35542253
v 0.04631427 -0.01036273 -0.35614875
v 0.04706685 -0.00995725 -0.35612783
v 0.05085156 -0.01237354 -0.35454488
v 0.05090284 -0.01165249 -0.35482585
v 0.04538607 -0.00919979 -0.35985470
v 0.04562920 -0.00930424 -0.35857338
v 0.04480715 -0.00968547 -0.35940155
v 0.04611996 -0.00952864 -0.35735685
v 0.04687214 -0.01057505 -0.36476380
v 0.04662174 -0.00972039 -0.36376739
v 0.04531639 -0.00989661 -0.36264268
v 0.04595475 -0.00943230 -0.36267999
v 0.04551497 -0.00924544 -0.36144385
v 0.04787996 -0.01028455 -0.36481711
v 0.04968579 -0.01112489 -0.36562029
v 0.04977895 -0.01112679 -0.36549178
v 0.05111193 -0.01175960 -0.36557615
v 0.05164267 -0.01195093 -0.36533308
v 0.05253385 -0.01238786 -0.36509559
v 0.05336143 -0.01271321 -0.36436829
v 0.05408795 -0.01308401 -0.36378723
v 0.05457053 -0.01325491 -0.36281627
v 0.05496677 -0.01346415 -0.36213043
v 0.05515782 -0.01352261 -0.36080819
v 0.05528000 -0.01363440 -0.36054981
v 0.05513125 -0.01355866 -0.35879499
v 0.05500987 -0.01346474 -0.35877025
v 0.05434680 -0.01320960 -0.35703263
v 0.05440217 -0.01320139 -0.35736164
v 0.05350396 -0.01280616 -0.35617664
v 0.04783589 -0.01033320 -0.36496902
v 0.05152917 -0.01263118 -0.36569387
v 0.05378817 -0.01363593 -0.36426887
v 0.04925281 -0.01162311 -0.36587146
v 0.05529434 -0.01431721 -0.36102140
v 0.05478869 -0.01410373 -0.35777733
v 0.05091069 -0.01171276 -0.35496214
v 0.04901817 -0.01087584 -0.35510337
v 0.04734139 -0.01013084 -0.35602447
v 0.04609656 -0.00957474 -0.35758758
v 0.04550852 -0.00930706 -0.35953620
v 0.04648370 -0.00974333 -0.36343488
v 0.04564055 -0.00935767 -0.36160555
v 0.06065276 0.00490737 -0.35429764
v 0.05803532 0.00573637 -0.35225376
v 0.05197612 0.00786428 -0.35002711
v 0.05416187 0.00718402 -0.35067040
v 0.05328502 0.00770768 -0.35366210
v 0.05346582 0.00778452 -0.34781390
v 0.05883361 0.00516961 -0.34942308
v 0.05718473 0.00616781 -0.34790143
v 0.05955813 0.00484876 -0.33766830
v 0.05848192 0.00539967 -0.33631143
v 0.05927534 0.00571759 -0.33650231
v 0.06037739 0.00450169 -0.34044805
v 0.06094959 0.00500669 -0.34160861
v 0.06025555 0.00455782 -0.34177804
v 0.05989990 0.00472788 -0.34300476
v 0.06048550 0.00518605 -0.33830175
v 0.06016497 0.00459270 -0.33911431
v 0.05683646 0.00684066 -0.34630904
v 0.05706446 0.00599188 -0.34577060
v 0.05811992 0.00551494 -0.34517884
v 0.05948461 0.00565202 -0.34464183
v 0.05906343 0.00509756 -0.34433955
v 0.05374217 0.00745016 -0.34572980
v 0.05543808 0.00670658 -0.34607869
v 0.05278014 0.00787417 -0.34516835
v 0.05192655 0.00831946 -0.34452215
v 0.05170033 0.00836276 -0.34401813
v 0.05085029 0.00877499 -0.34275958
v 0.05092772 0.00869943 -0.34264064
v 0.05051029 0.00892173 -0.34124032
v 0.05057034 0.00884934 -0.34063360
v 0.05055299 0.00889338 -0.33962449
v 0.05096214 0.00866850 -0.33856896
v 0.05128523 0.00856376 -0.33763877
v 0.05200702 0.00819975 -0.33687583
v 0.05251051 0.00800582 -0.33626625
v 0.05361988 0.00748265 -0.33572096
v 0.05383035 0.00744553 -0.33550096
v 0.05541167 0.00672862 -0.33519626
v 0.05497012 0.00688432 -0.33537990
v 0.05633960 0.00627838 -0.33543625
v 0.05716679 0.00594458 -0.33555558
v 0.05760428 0.00572308 -0.33591270
v 0.05886319 0.00516275 -0.33687669
v 0.05410382 0.00800001 -0.33519509
v 0.05214606 0.00883239 -0.33646750
v 0.05716009 0.00664537 -0.33510450
v 0.05991599 0.00475569 -0.33862123
v 0.06029641 0.00459558 -0.34065390
v 0.05993202 0.00476419 -0.34266722
v 0.05888685 0.00523312 -0.34439635
v 0.05732666 0.00592700 -0.34553611
v 0.05363693 0.00757830 -0.34554005
v 0.05546819 0.00675035 -0.34594882
v 0.05329062 0.00826184 -0.36346266
v 0.05968172 0.00543197 -0.36598432
v 0.06306177 0.00362603 -0.36045507
v 0.06281947 0.00363441 -0.35863495
v 0.06325320 0.00371459 -0.35913622
v 0.06025390 0.00485030 -0.35514534
v 0.06106837 0.00464664 -0.35552043
v 0.06083310 0.00396355 -0.35600239
v 0.05876217 0.00486027 -0.35486162
v 0.05611884 0.00605232 -0.35504794
v 0.05745861 0.00608830 -0.35457036
v 0.05229290 0.00866400 -0.35978952
v 0.05414582 0.00785019 -0.35567737
v 0.05698123 0.00658288 -0.35414675
v 0.06312350 0.00386711 -0.35727635
v 0.05277890 0.00837314 -0.35919806
v 0.05378832 0.00786866 -0.35679218
v 0.05889188 0.00568401 -0.35428089
v 0.06388593 0.00352199 -0.36175385
v 0.05286104 0.00820796 -0.36071283
v 0.05294858 0.00779237 -0.35915214
v 0.05634896 0.00657530 -0.35482711
v 0.05410202 0.00694554 -0.35647887
v 0.05497782 0.00716700 -0.35559365
v 0.05878238 0.00548233 -0.35463008
v 0.06190431 0.00415425 -0.36370343
v 0.06252608 0.00387451 -0.36266285
v 0.06296352 0.00383448 -0.36191165
v 0.06213146 0.00405472 -0.35687134
v 0.06200303 0.00346764 -0.36289579
v 0.05557418 0.00633111 -0.36498135
v 0.05565635 0.00692050 -0.36513028
v 0.05465604 0.00751213 -0.36447573
v 0.05356453 0.00718958 -0.36306432
v 0.05773376 0.00537613 -0.36551437
v 0.05704129 0.00628394 -0.36562628
v 0.05279980 0.00753818 -0.36028439
v 0.05309965 0.00803840 -0.36188388
v 0.05863759 0.00560452 -0.36569172
v 0.05987076 0.00442626 -0.36498836
v 0.05972533 0.00512109 -0.36537632
v 0.06092436 0.00455626 -0.36466953
v 0.06157190 0.00453180 -0.36467487
v 0.05379887 0.00771889 -0.36338475
v 0.05675821 0.00664639 -0.36585650
v 0.05695760 0.00660192 -0.36656421
v 0.05338196 0.00789860 -0.35762867
v 0.06263983 0.00318674 -0.36014536
v 0.06215447 0.00338905 -0.35780287
v 0.01710477 -0.00746074 -0.33123928
v 0.01647449 -0.00643509 -0.33212766
v 0.01635840 -0.00718719 -0.32995817
v 0.02046623 -0.02275757 -0.35410216
v 0.01615028 -0.01039293 -0.32851994
v 0.01681679 -0.01114247 -0.32962191
v 0.01747705 -0.00950916 -0.33099070
v 0.01832731 -0.01144725 -0.33356059
v 0.01903138 -0.01875052 -0.34030294
v 0.01539185 -0.00987498 -0.32766300
v 0.01657874 -0.01073923 -0.32883859
v 0.01860860 -0.01515306 -0.33523107
v 0.01832706 -0.01454013 -0.33450493
v 0.01748194 -0.01209480 -0.33082387
v 0.01887135 -0.01722496 -0.33846864
v 0.01408268 -0.00942055 -0.32690212
v 0.01403600 -0.00804836 -0.32715243
v 0.01233395 -0.00907146 -0.32657117
v 0.01746786 -0.01225649 -0.33139846
v 0.01820933 -0.01423551 -0.33444884
v 0.01412041 -0.00695961 -0.32782790
v 0.01512346 -0.00803897 -0.32779807
v 0.01560724 -0.00783160 -0.32831275
v 0.01664517 -0.00866350 -0.32942379
v 0.01392585 -0.00593327 -0.32944232
v 0.01210006 -0.00674885 -0.32757345
v 0.01526355 -0.00674168 -0.32901660
v 0.01521576 -0.00613644 -0.33023414
v 0.01813893 -0.00797223 -0.33463719
v 0.01797540 -0.00876755 -0.33265230
v 0.01894924 -0.01078217 -0.33626270
v 0.01970776 -0.01334015 -0.34147742
v 0.00517527 -0.01080566 -0.32924893
v 0.00506370 -0.00902960 -0.33045906
v 0.00472942 -0.01145908 -0.33022970
v 0.00428766 -0.01234946 -0.33165744
v 0.00298024 -0.01751679 -0.33941245
v 0.00587401 -0.01011027 -0.32826334
v 0.00679813 -0.00789376 -0.32798946
v 0.00590970 -0.00773403 -0.32945016
v 0.00930692 -0.00769880 -0.32694447
v 0.01277565 -0.00771442 -0.32695025
v 0.00794122 -0.00806167 -0.32717481
v 0.00852301 -0.00702821 -0.32756993
v 0.00260621 -0.01400267 -0.34324348
v 0.00340148 -0.01076763 -0.33764318
v 0.00765739 -0.00678732 -0.32829532
v 0.00930145 -0.00621443 -0.32848752
v 0.00775098 -0.00597093 -0.32993340
v 0.00624232 -0.00634978 -0.33133784
v 0.00686309 -0.00668985 -0.32934541
v 0.00519432 -0.00744749 -0.33195204
v 0.00966994 -0.00567360 -0.32973140
v 0.00424815 -0.00875997 -0.33393025
v 0.01893205 -0.00942577 -0.33751649
v 0.00320996 -0.01587914 -0.33656162
v 0.00301604 -0.01685533 -0.33774912
v 0.00334776 -0.01454982 -0.33453360
v 0.00482174 -0.01102646 -0.32939246
v 0.00364954 -0.01427770 -0.33437958
v 0.00281994 -0.01949643 -0.34160271
v 0.00605505 -0.01003732 -0.32787254
v 0.00675834 -0.00969987 -0.32734787
v 0.02043151 -0.02059362 -0.35412437
v 0.01489250 -0.00967878 -0.32728788
v 0.00908365 -0.00910206 -0.32663554
v 0.00801860 -0.00930359 -0.32683581
v 0.00171457 -0.02154134 -0.35411471
v 0.04098395 -0.01574445 -0.34448370
v 0.02659347 -0.01142579 -0.33614334
v 0.02751104 -0.01009829 -0.33491451
v 0.02691969 -0.01050808 -0.33573627
v 0.02621251 -0.01196189 -0.33728206
v 0.02560664 -0.01401381 -0.33925661
v 0.02504901 -0.01633009 -0.34115997
v 0.02497744 -0.01696724 -0.34223577
v 0.02475517 -0.01928078 -0.34443006
v 0.02562955 -0.01379837 -0.33854720
v 0.02659676 -0.01125592 -0.33576515
v 0.02758709 -0.01013049 -0.33453092
v 0.02833782 -0.00951385 -0.33413601
v 0.02920131 -0.00928982 -0.33357689
v 0.02839428 -0.00958594 -0.33391437
v 0.04020610 -0.01921762 -0.34418997
v 0.04016311 -0.01205644 -0.34032294
v 0.03854526 -0.01192476 -0.33692414
v 0.03922315 -0.01383464 -0.33876687
v 0.03027541 -0.00910377 -0.33330166
v 0.03424678 -0.00906995 -0.33322227
v 0.03103070 -0.00712015 -0.33386669
v 0.03791381 -0.01089524 -0.33563286
v 0.03843486 -0.01174340 -0.33621642
v 0.03955542 -0.01457014 -0.33912942
v 0.03975723 -0.01584493 -0.34080201
v 0.03724165 -0.01006991 -0.33441123
v 0.03737037 -0.01022265 -0.33485112
v 0.03686365 -0.00976115 -0.33436722
v 0.04015811 -0.01794910 -0.34319893
v 0.03401942 -0.00605222 -0.33493942
v 0.03594413 -0.00731663 -0.33428088
v 0.03694075 -0.00691801 -0.33526304
v 0.03430615 -0.00674237 -0.33418292
v 0.03451085 -0.00741284 -0.33380270
v 0.03542713 -0.00925548 -0.33346337
v 0.03615740 -0.00942163 -0.33380768
v 0.03706387 -0.00827547 -0.33471474
v 0.03894299 -0.00788265 -0.33750921
v 0.03802699 -0.00742765 -0.33615565
v 0.03887105 -0.00915593 -0.33689871
v 0.04009474 -0.00932221 -0.34018061
v 0.04193589 -0.02270367 -0.35379219
v 0.04118069 -0.01260501 -0.34481975
v 0.02583961 -0.00845244 -0.33762109
v 0.02692819 -0.00819834 -0.33575547
v 0.02506865 -0.01103741 -0.33926934
v 0.02845696 -0.00619689 -0.33582681
v 0.02969796 -0.00617092 -0.33508897
v 0.03077796 -0.00576178 -0.33549383
v 0.02780386 -0.00762339 -0.33498034
v 0.02718520 -0.00694627 -0.33620843
v 0.02876027 -0.00697510 -0.33464631
v 0.02941842 -0.00766530 -0.33396989
v 0.02402553 -0.01528360 -0.34424531
v 0.02397057 -0.01201971 -0.34427017
v 0.03071306 -0.00715962 -0.37335050
v 0.03087605 -0.00960182 -0.37398759
v 0.03106374 -0.01157616 -0.37389693
v 0.02993347 -0.01250180 -0.37356630
v 0.03179837 -0.01230420 -0.37343097
v 0.03519530 -0.00959218 -0.37384003
v 0.03504884 -0.01117065 -0.37391371
v 0.03384077 -0.01211401 -0.37361947
v 0.03122312 -0.01270299 -0.37256458
v 0.03365418 -0.01255196 -0.37298140
v 0.02994852 -0.01298309 -0.36802351
v 0.03241285 -0.01268534 -0.36739326
v 0.03101951 -0.00587158 -0.34973034
v 0.03131087 -0.00703299 -0.35153851
v 0.03164656 -0.01167806 -0.35750690
v 0.03552385 -0.01238237 -0.35832977
v 0.03585282 -0.01279548 -0.36106968
v 0.03422647 -0.01288430 -0.37147176
v 0.03243895 -0.01223707 -0.35963276
v 0.03622648 -0.01195615 -0.35651922
v 0.03662442 -0.01087850 -0.35464287
v 0.03383382 -0.01088977 -0.35582688
v 0.03425774 -0.00729870 -0.35164300
v 0.03234090 -0.01094607 -0.35611132
v 0.03739031 -0.01300527 -0.37342831
v 0.03696242 -0.01333018 -0.37251282
v 0.03534817 0.00305206 -0.39213216
v 0.03711882 -0.00035545 -0.39150897
v 0.03481575 -0.03286185 -0.38541973
v 0.03494000 -0.03335486 -0.38009652
v 0.03524254 -0.03295955 -0.36240196
v 0.03505271 -0.03231750 -0.36067024
v 0.03419777 -0.02542943 -0.34872040
v 0.03338727 -0.03260426 -0.36085114
v 0.03335651 -0.03318752 -0.36230019
v 0.03286913 -0.03351901 -0.38035581
v 0.03061341 -0.03336646 -0.38079417
v 0.03176974 -0.03295327 -0.38581321
v 0.03105476 -0.03304302 -0.36269778
v 0.03417918 -0.03189750 -0.38973454
v 0.03198938 -0.03278159 -0.36124000
v 0.03006788 -0.03252018 -0.36152467
v 0.03383992 -0.02900110 -0.39133555
v 0.03223619 -0.03134343 -0.39039621
v 0.03060823 -0.02657462 -0.39201120
v 0.03442522 -0.02603107 -0.39225066
v 0.03120986 -0.02267792 -0.39308420
v 0.03233789 -0.01729374 -0.39386874
v 0.03019371 -0.01912104 -0.39349550
v 0.03228988 -0.03198073 -0.38975120
v 0.03093349 -0.03164533 -0.38991085
v 0.02990972 -0.00967364 -0.39383185
v 0.02642011 -0.02171191 -0.39243296
v 0.02901109 -0.01354595 -0.39366126
v 0.03532822 -0.01005849 -0.39336643
v 0.03954747 -0.01897479 -0.39220148
v 0.03599909 -0.02152508 -0.39296511
v 0.03510777 -0.01548354 -0.39360163
v 0.03279625 0.00371485 -0.39293578
v 0.03283381 -0.01085660 -0.39396375
v 0.03856827 -0.02678931 -0.39106420
v 0.03917482 -0.02387498 -0.39178029
v 0.03471771 -0.03134523 -0.39014646
v 0.02367497 -0.01733069 -0.37358120
v 0.02366107 -0.01741971 -0.36986759
v 0.02330087 -0.02491697 -0.36966562
v 0.02316429 -0.02106472 -0.36951160
v 0.02351764 -0.01950831 -0.37176752
v 0.02341460 -0.02454631 -0.37354201
v 0.04287921 -0.02317462 -0.38715783
v 0.04287538 -0.02097719 -0.38718796
v 0.04219484 -0.02232983 -0.38696039
v 0.04285326 -0.02715479 -0.38426632
v 0.04286778 -0.02529822 -0.38632232
v 0.04218685 -0.02552391 -0.38575515
v 0.04224967 -0.01875392 -0.38565132
v 0.04217861 -0.01776489 -0.38482991
v 0.04222783 -0.01778244 -0.38458711
v 0.04277563 -0.02044103 -0.37608042
v 0.04277741 -0.02319567 -0.37593895
v 0.04208777 -0.02228563 -0.37621585
v 0.04278747 -0.02526129 -0.37683055
v 0.04279911 -0.02684363 -0.37834853
v 0.04210261 -0.02601804 -0.37791705
v 0.04216142 -0.01922378 -0.37695655
v 0.04215258 -0.01668409 -0.38175178
v 0.04217560 -0.01689096 -0.38000071
v 0.04219599 -0.01756320 -0.37853253
v 0.04210357 -0.01843040 -0.37764621
v 0.04215186 -0.02071369 -0.37629181
v 0.04215299 -0.02386126 -0.37640703
v 0.04209678 -0.02526439 -0.37725076
v 0.04217844 -0.02700168 -0.37917259
v 0.04283036 -0.02785656 -0.38128591
v 0.04219215 -0.02751480 -0.38099703
v 0.04213583 -0.01746268 -0.37897006
v 0.04217647 -0.01800880 -0.37823984
v 0.04215553 -0.01678470 -0.38145897
v 0.04215099 -0.01692458 -0.38042447
v 0.04211700 -0.02093549 -0.37640369
v 0.04212064 -0.01951786 -0.37692627
v 0.04211659 -0.02355845 -0.37646234
v 0.04215013 -0.02726313 -0.38029340
v 0.04213615 -0.02656765 -0.37872455
v 0.04216449 -0.02737503 -0.38225621
v 0.04216421 -0.02740907 -0.38260797
v 0.04217429 -0.02675265 -0.38434416
v 0.04223308 -0.02672931 -0.38409030
v 0.04224743 -0.02556217 -0.38556764
v 0.04219425 -0.02386490 -0.38669032
v 0.04225988 -0.02261872 -0.38682091
v 0.04226279 -0.02409620 -0.38643822
v 0.04219459 -0.01910549 -0.38607913
v 0.04224728 -0.02052890 -0.38663280
v 0.04219776 -0.02074938 -0.38682035
v 0.04215942 -0.01692796 -0.38313514
v 0.04223938 -0.01709917 -0.38325983
v 0.04285075 -0.01864448 -0.38612026
v 0.04221613 -0.02609487 -0.37489951
v 0.04196683 -0.02598523 -0.37246814
v 0.04233407 -0.02162219 -0.37414518
v 0.04208026 -0.02570115 -0.36935407
v 0.04201592 -0.01859356 -0.37228274
v 0.04222470 -0.01984434 -0.36926189
v 0.04196898 -0.02730632 -0.36311540
v 0.04204829 -0.02755921 -0.36190826
v 0.04265700 -0.02783309 -0.36189726
v 0.04201517 -0.02554011 -0.36608353
v 0.04269839 -0.02548472 -0.36651209
v 0.04201866 -0.02440101 -0.36678299
v 0.04270760 -0.02286063 -0.36761171
v 0.04202983 -0.02318647 -0.36721304
v 0.04268297 -0.02713773 -0.36463895
v 0.04200257 -0.02676402 -0.36466673
v 0.04202283 -0.01910475 -0.36642036
v 0.04202048 -0.02028427 -0.36698660
v 0.04270339 -0.01926250 -0.36695373
v 0.04202571 -0.02157901 -0.36729482
v 0.04266045 -0.01636211 -0.36191806
v 0.04198318 -0.01680539 -0.36298275
v 0.04268185 -0.01702148 -0.36455292
v 0.04199632 -0.01722991 -0.36421958
v 0.04200872 -0.01792347 -0.36534879
v 0.04198009 -0.01680677 -0.36125350
v 0.04203512 -0.01667749 -0.36117020
v 0.04200228 -0.01737460 -0.35917878
v 0.04196599 -0.01752879 -0.35918853
v 0.04199002 -0.01875176 -0.35759485
v 0.04195238 -0.01889023 -0.35766393
v 0.04198093 -0.02068867 -0.35663947
v 0.04194475 -0.02079396 -0.35675567
v 0.04198118 -0.02224718 -0.35647613
v 0.04194345 -0.02283473 -0.35664028
v 0.04197270 -0.02365124 -0.35670027
v 0.04194990 -0.02482312 -0.35734415
v 0.04200210 -0.02512385 -0.35737553
v 0.04199723 -0.02641850 -0.35857177
v 0.04196147 -0.02634778 -0.35870555
v 0.04200419 -0.02729979 -0.36032286
v 0.04197339 -0.02706675 -0.36008614
v 0.04198395 -0.02741443 -0.36158481
v 0.04263123 -0.01732643 -0.35861212
v 0.04261201 -0.02002116 -0.35656825
v 0.04261033 -0.02330914 -0.35625008
v 0.04262111 -0.02577646 -0.35755348
v 0.04263524 -0.02717390 -0.35926053
v 0.04205406 -0.02667494 -0.36455864
v 0.04206788 -0.02530838 -0.36611885
v 0.04207556 -0.02346364 -0.36701986
v 0.04207695 -0.02139397 -0.36715683
v 0.04207093 -0.01945247 -0.36648959
v 0.04206137 -0.01699915 -0.36327678
v 0.04205920 -0.01789216 -0.36512300
v 0.01734245 -0.00000042 -0.27890173
v 0.01834554 0.00476423 -0.28155166
v 0.01846925 0.00634519 -0.27603710
v 0.01513919 0.01055317 -0.23547179
v 0.01577120 -0.00778603 -0.23727277
v 0.01689216 -0.00791467 -0.23983371
v 0.01799956 0.01113123 -0.24387354
v 0.01709913 0.01132996 -0.23966850
v 0.01774210 -0.00838415 -0.24378331
v 0.01849923 0.01093433 -0.24982581
v 0.01874416 0.01123484 -0.26790786
v 0.01836319 0.00064760 -0.25762743
v 0.01726408 -0.00246532 -0.27547628
v 0.01779231 -0.00125604 -0.27139735
v 0.01833317 0.01303952 -0.26559201
v 0.01904038 0.01114754 -0.28149235
v 0.01801223 0.01371194 -0.24927305
v 0.01827176 -0.00922768 -0.24953811
v 0.01816901 -0.00188254 -0.26357877
v 0.01659932 -0.00016727 -0.28294191
v 0.01751897 0.00155541 -0.28364554
v 0.01845673 0.00314343 -0.28709009
v 0.01738102 0.00132000 -0.28528616
v 0.01802609 0.00180883 -0.28777733
v 0.01924738 0.00738079 -0.28663459
v 0.01906380 0.00434277 -0.28798789
v 0.02066370 0.00888472 -0.29085407
v 0.02132144 0.00580711 -0.29259238
v 0.01985845 0.00244446 -0.29138032
v 0.01778253 0.00111206 -0.28874698
v 0.02003292 0.00116596 -0.29290229
v 0.02324448 0.00037530 -0.29739910
v 0.02440569 0.00141296 -0.29791349
v 0.02327165 0.00408207 -0.29600930
v 0.02187564 0.00149217 -0.29527703
v 0.02036782 0.00025825 -0.29441226
v 0.02234515 -0.00097794 -0.29762676
v 0.02518500 0.00530204 -0.29745528
v 0.02338724 0.00756083 -0.29534033
v 0.02536706 0.00955348 -0.29703611
v 0.02203683 0.01185988 -0.29354724
v 0.02032145 0.01149726 -0.28995791
v 0.02385969 0.01119034 -0.29567885
v 0.01956075 0.01127710 -0.28701004
v 0.02354131 -0.00128886 -0.29855502
v -0.02949921 -0.01189983 -0.37434524
v -0.03444246 -0.01253960 -0.35943788
v -0.03352355 -0.01168714 -0.35758746
v -0.03199556 -0.01075750 -0.35644335
v -0.03456267 -0.00703824 -0.35142690
v -0.03239744 -0.00706514 -0.35210285
v -0.03049387 -0.00694409 -0.35197896
v -0.02983508 -0.01232574 -0.36012101
v -0.03163752 -0.01225479 -0.36018413
v -0.03062515 -0.01169049 -0.35804066
v -0.02872048 -0.00755497 -0.35223272
v -0.03102185 -0.01249443 -0.37358132
v -0.03002908 -0.01274129 -0.37245911
v -0.03061218 -0.01266863 -0.36788571
v -0.03269748 -0.01275010 -0.37299570
v -0.03334354 -0.00968459 -0.37443233
v -0.03556408 -0.01218155 -0.37453744
v -0.03342325 -0.00756208 -0.37381253
v -0.03596510 -0.01314892 -0.37388861
v -0.03419224 -0.01313117 -0.37159124
v -0.03255658 -0.01238567 -0.37394583
v -0.03244232 -0.01175917 -0.37436798
v 0.01077261 -0.03306318 -0.38619539
v 0.00955257 -0.03188973 -0.39166120
v 0.01124602 -0.03197867 -0.39192897
v 0.01715965 -0.02679249 -0.39328980
v 0.01343617 -0.02910020 -0.39330000
v 0.01173022 0.00467385 -0.39661530
v 0.01360484 0.00331587 -0.39639464
v 0.01295763 -0.02621971 -0.39438677
v 0.01075413 -0.02136213 -0.39555913
v 0.01435632 -0.02130620 -0.39531693
v 0.01895301 0.00921100 -0.39438146
v 0.01490695 -0.00569747 -0.39623705
v 0.01221566 -0.00845303 -0.39668438
v 0.01310095 -0.01396249 -0.39635956
v 0.01796330 -0.02182382 -0.39446029
v 0.01042552 -0.02876395 -0.39360812
v 0.01294970 -0.03183825 -0.39189771
v 0.01299083 -0.03153493 -0.39226657
v 0.01317225 -0.03257390 -0.38838750
v 0.01005920 -0.03351435 -0.38047445
v 0.01349274 -0.03332929 -0.37847671
v 0.01136753 -0.03317791 -0.36219484
v 0.01303563 -0.03307790 -0.36225435
v 0.01337646 -0.03321184 -0.38321075
v 0.00891185 -0.03313474 -0.38339624
v 0.00976695 -0.03301814 -0.36217290
v 0.00781038 -0.00296745 -0.39621508
v 0.00447111 0.01119356 -0.39484084
v 0.00859306 -0.02422577 -0.39477417
v 0.00493157 -0.02194198 -0.39455798
v 0.00860952 -0.01753640 -0.39587042
v 0.00933301 -0.00843585 -0.39656228
v 0.00924134 -0.03137228 -0.39225769
v 0.00994551 0.00327291 -0.39657304
v 0.01091623 -0.03149365 -0.39244589
v 0.00194385 -0.02618250 -0.37462249
v 0.00191535 -0.02135629 -0.37257522
v 0.00169601 -0.02213910 -0.37451157
v 0.00256090 -0.01715221 -0.37056345
v 0.00261820 -0.01711034 -0.37330729
v 0.00187352 -0.01911196 -0.36993229
v 0.00209852 -0.01866047 -0.37370583
v 0.00172226 -0.01763981 -0.36832520
v 0.00198892 -0.02629627 -0.36990252
v 0.00175533 -0.02372670 -0.36991847
v 0.02042555 -0.02633970 -0.37275118
v 0.01998646 -0.01722537 -0.37358508
v 0.01983220 -0.01710500 -0.37072250
v 0.02026885 -0.01857609 -0.37167227
v 0.02062222 -0.01884914 -0.37439662
v 0.02064470 -0.01943181 -0.36958754
v 0.02067324 -0.02413361 -0.36965197
v 0.02056259 -0.02134184 -0.37239516
v 0.02079008 -0.02286239 -0.37434191
v 0.00137519 -0.01137278 -0.38194674
v 0.00086438 -0.01067111 -0.38133103
v 0.00087908 -0.01092673 -0.38403526
v 0.00099153 -0.01071423 -0.38598529
v 0.00082643 -0.01036626 -0.38662922
v 0.00130535 -0.01176915 -0.38365278
v 0.00175506 -0.01435624 -0.38310856
v 0.00074905 -0.01089167 -0.38330838
v 0.00068905 -0.01060404 -0.38117066
v 0.00152752 -0.01107707 -0.38074195
v 0.00210102 -0.01329760 -0.38069972
v -0.00042564 -0.01255226 -0.38115937
v -0.00021753 -0.01426559 -0.38319412
v -0.00003155 -0.01163376 -0.38166660
v 0.00032111 -0.01099369 -0.38159040
v 0.00041113 -0.01121800 -0.38401014
v -0.00064141 -0.01353749 -0.38055372
v -0.00021898 -0.01471862 -0.38642022
v 0.00071274 -0.01082556 -0.38500851
v -0.00412351 -0.00875210 -0.34586746
v -0.00519490 -0.00655238 -0.34108377
v -0.00744971 -0.00867050 -0.34898621
v -0.01390348 -0.00809416 -0.34699938
v -0.01121975 -0.00870663 -0.34964558
v -0.01604313 -0.00906242 -0.34678361
v -0.01656561 -0.00810903 -0.34329286
v -0.01742807 -0.01014377 -0.34622240
v -0.00624521 -0.00731125 -0.34502849
v -0.00867783 -0.00571940 -0.34165972
v -0.00907894 -0.00673083 -0.34504557
v -0.01123098 -0.00673066 -0.34506679
v -0.01254513 -0.00606622 -0.34247348
v -0.01512395 -0.00703336 -0.34298190
v -0.01321703 -0.01591175 -0.32919252
v -0.01389106 -0.01587559 -0.32976016
v -0.01724551 -0.02044305 -0.34119326
v -0.01220746 -0.01609763 -0.32870546
v -0.01038504 -0.01636197 -0.32841933
v -0.01519968 -0.01695927 -0.33273223
v -0.01587545 -0.02109078 -0.33974123
v -0.00574512 -0.01630724 -0.33130905
v -0.00321213 -0.01971104 -0.33989331
v -0.00456079 -0.01979229 -0.33761039
v -0.00833856 -0.01607605 -0.32862774
v -0.00675647 -0.01587558 -0.32964784
v -0.01306353 -0.00536654 -0.33240002
v -0.01168555 -0.00503947 -0.33683100
v -0.01654835 -0.00729431 -0.34009865
v -0.01567573 -0.00628164 -0.33597285
v -0.01467436 -0.00603406 -0.33977893
v -0.01702793 -0.00770416 -0.33787093
v -0.01466430 -0.00569623 -0.33523825
v -0.00712721 -0.00541498 -0.33813736
v -0.00659818 -0.00538758 -0.33480608
v -0.01719057 -0.00821733 -0.33679241
v -0.00551243 -0.00611975 -0.33250311
v -0.00713279 -0.00553019 -0.33191007
v -0.00437011 -0.00660956 -0.33620644
v -0.00491340 -0.00629132 -0.33832833
v -0.01893861 -0.01730550 -0.35461694
v -0.01935255 -0.01962870 -0.35445625
v -0.01812902 -0.01044606 -0.34182841
v -0.01740759 -0.00877895 -0.34215939
v -0.01812359 -0.01104651 -0.34519559
v -0.01943566 -0.01926858 -0.35517189
v -0.01922606 -0.01771359 -0.35587096
v -0.01831110 -0.02019979 -0.39116663
v -0.01931932 -0.02173903 -0.38952449
v -0.01929228 -0.02430279 -0.38917050
v -0.00165490 -0.02007484 -0.39194503
v -0.00023091 -0.02423905 -0.38904321
v -0.00020317 -0.02139334 -0.38933870
v 0.02508430 -0.00089784 -0.29898256
v 0.02742122 0.00019048 -0.29953298
v 0.02949803 0.00261962 -0.30002406
v 0.01653517 -0.00095745 -0.29318032
v 0.03162355 0.01226211 -0.30047196
v 0.02940096 0.01740190 -0.29987711
v 0.02504109 0.01922270 -0.29883400
v 0.03139511 0.00773884 -0.30048108
v -0.02875771 0.01781556 -0.30023539
v -0.03112302 0.01403423 -0.30089051
v -0.03036936 0.00468037 -0.30076790
v -0.03165374 0.00982858 -0.30111471
v -0.02869564 0.00152262 -0.30035156
v -0.02632118 -0.00044950 -0.29976308
v -0.02108087 -0.00133657 -0.29758263
v -0.01710633 -0.00780408 -0.23814723
v -0.01867632 -0.01115080 -0.26565439
v -0.01905969 -0.01037244 -0.25790408
v -0.01809652 -0.00800335 -0.24105249
v 0.01839818 -0.01046843 -0.25788280
v 0.01806904 -0.01118300 -0.26693103
v -0.01790732 -0.01107827 -0.27137989
v -0.01779671 -0.00748578 -0.27228317
v -0.01276609 0.02134083 -0.24394049
v -0.01172144 0.02143157 -0.24484064
v -0.01239252 0.02129073 -0.25649992
v -0.01276279 0.02124186 -0.26922315
v -0.01209083 0.02131876 -0.26914445
v -0.01424876 0.02079508 -0.24679798
v -0.01379610 0.02110514 -0.25526601
v 0.00860083 0.02386496 -0.27370447
v 0.00678060 0.02417000 -0.27501959
v 0.01013011 0.02355282 -0.27076089
v 0.01171202 0.02129857 -0.26877093
v 0.01076644 0.02361038 -0.26213676
v 0.00903574 0.02604320 -0.24408603
v 0.01030180 0.02150771 -0.24265045
v 0.01013651 0.02516222 -0.24838932
v 0.00756940 0.02674691 -0.24180475
v 0.00781521 0.02188010 -0.23887317
v 0.00502508 0.02738245 -0.24026524
v -0.00005434 0.02772520 -0.23956603
v -0.00366186 0.02230403 -0.23692887
v -0.00583159 0.02742502 -0.24024841
v 0.01138445 0.02132985 -0.24906681
v -0.01027725 0.02165832 -0.24087743
v -0.00810782 0.02195826 -0.23852402
v -0.00839785 0.02680502 -0.24190950
v -0.00960109 0.02625603 -0.24346603
v -0.01093300 0.02525587 -0.24785332
v -0.01124506 0.02376025 -0.26174846
v -0.01087159 0.02349466 -0.26973689
v -0.00644636 0.02422520 -0.27546898
v -0.00914869 0.02383960 -0.27375272
v 0.00343862 0.02447107 -0.27585348
v -0.00386780 0.02446230 -0.27583787
v -0.00611379 0.02215324 -0.23751262
v -0.01054997 0.02167023 -0.24008323
v -0.00868924 0.02186231 -0.23855187
v 0.01019306 0.02159255 -0.24087456
v 0.01145374 0.02114132 -0.24123277
v 0.01231019 0.02117237 -0.24352387
v -0.01694008 0.00062496 -0.28654549
v -0.01738804 0.00078271 -0.28848201
v -0.01497768 -0.00184668 -0.28291979
v -0.01618987 0.00009926 -0.28872210
v -0.01553075 -0.00022379 -0.28640184
v -0.01543920 -0.00075934 -0.28457338
v -0.01881755 -0.00051505 -0.29422727
v -0.01752497 -0.00001125 -0.29138586
v -0.01211839 0.02024199 -0.28475502
v -0.01335416 0.02046968 -0.29379338
v -0.01164543 0.02052231 -0.29006550
v -0.02539100 0.01715595 -0.29890400
v -0.02835927 0.01230814 -0.29954398
v -0.02864074 0.00811472 -0.29967567
v -0.02598565 0.00111266 -0.29933038
v -0.01719843 0.01209172 -0.23760119
v -0.01629605 0.01131581 -0.23592827
v 0.02488681 -0.00946774 -0.31382853
v -0.00862470 -0.00707275 -0.35144714
v -0.01405093 -0.00753778 -0.36629605
v -0.02131624 0.00847006 -0.39196447
v -0.01827869 0.01081025 -0.39331445
v -0.01884677 0.00624532 -0.39295417
v -0.02004595 0.00615531 -0.39225295
v -0.02066429 0.00386953 -0.39203301
v -0.02091216 0.00148592 -0.39185923
v -0.02042924 -0.00675999 -0.37904665
v -0.02023275 -0.00714184 -0.37795493
v -0.02014072 -0.00474239 -0.38849130
v -0.02020508 -0.00391576 -0.38930699
v -0.01984537 -0.00287806 -0.39050674
v -0.02009242 0.00155682 -0.39190969
v -0.02007791 -0.00191392 -0.39083552
v -0.02019594 -0.00309006 -0.39004397
v -0.01980367 -0.00053396 -0.39150268
v -0.02062426 -0.00201592 -0.39076751
v -0.02028792 -0.00485689 -0.38796377
v -0.01914425 0.00161611 -0.39249560
v -0.02052997 -0.00419012 -0.38898504
v -0.02147584 -0.00291556 -0.39078420
v -0.02100084 -0.00524715 -0.38846335
v -0.02074132 -0.00340981 -0.38991186
v -0.02074938 -0.00095768 -0.39124587
v -0.02081827 -0.00668185 -0.38048443
v -0.02056333 -0.00662174 -0.37984246
v -0.02053126 -0.00613593 -0.38401353
v -0.02045934 -0.00555609 -0.38623443
v -0.02053529 -0.00499754 -0.38772941
v 0.00308145 0.01034477 -0.39348337
v 0.00193343 0.01037809 -0.39270744
v 0.00083025 0.00753912 -0.39264148
v 0.00236695 0.00560394 -0.39313054
v 0.00014265 0.00604823 -0.39276263
v -0.00054887 0.01029651 -0.39290515
v -0.00148239 0.01030362 -0.39363316
v -0.02713034 -0.01324585 -0.33679199
v -0.03128217 -0.01546056 -0.33610931
v -0.03737229 -0.01536967 -0.33948520
v -0.03379523 -0.01506442 -0.33631903
v -0.03254472 -0.01536535 -0.33612800
v -0.03551899 -0.01512613 -0.33751684
v -0.03725054 -0.01910514 -0.34305757
v -0.02708269 -0.01593663 -0.33894205
v -0.02577107 -0.02016769 -0.34443355
v -0.02855920 -0.01493107 -0.33680362
v -0.02968791 -0.01510740 -0.33632308
v -0.04082907 -0.01757952 -0.35566068
v -0.03950604 -0.00883563 -0.34761387
v -0.04078525 -0.02427018 -0.38944331
v -0.04080479 -0.02109005 -0.38968953
v -0.03912234 -0.02190457 -0.39127707
v -0.02277277 -0.01860732 -0.39049968
v -0.02286117 -0.02082751 -0.39074144
v -0.02172842 -0.02227969 -0.38954812
v -0.02174694 -0.01902881 -0.38900295
v -0.02172350 -0.02477075 -0.38906047
v 0.04619266 -0.01022550 -0.33381879
v 0.05094125 -0.01197048 -0.33414039
v 0.05385071 -0.01326185 -0.33732146
v 0.05272153 -0.01276215 -0.33560979
v 0.05380777 -0.01072628 -0.33322689
v 0.05014009 -0.01058769 -0.33235577
v 0.04954942 -0.00715017 -0.38319856
v 0.04851650 -0.00552805 -0.38601425
v 0.04974740 -0.00177948 -0.38761884
v 0.04874836 -0.00397276 -0.38718551
v 0.05223393 0.00327879 -0.38624573
v 0.05087314 0.00098410 -0.38753313
v 0.05552793 0.00327538 -0.38112110
v 0.04243305 -0.00696127 -0.37399584
v 0.04367468 -0.00787229 -0.37591955
v 0.04665535 -0.00941328 -0.36769053
v 0.04805607 -0.01038195 -0.36769992
v 0.05811330 -0.00058136 -0.37614673
v 0.05610240 0.00651165 -0.33313304
v 0.05920389 0.00522563 -0.33437473
v 0.06149214 0.00421001 -0.33693430
v 0.05882126 0.00378108 -0.33300301
v 0.05717808 0.00526039 -0.33259904
v 0.04731590 0.00904854 -0.37765133
v 0.04910780 0.00876242 -0.37479383
v 0.02459715 -0.01853023 -0.39041921
v 0.02451891 -0.02195757 -0.39028910
v 0.02334637 -0.02482315 -0.38864741
v 0.02391431 -0.01655635 -0.38886306
v 0.02336033 -0.01989720 -0.38884261
v 0.02335749 -0.02214868 -0.38916647
v 0.04243860 -0.02081881 -0.38886967
v 0.04243238 -0.02288442 -0.38895267
v 0.04065927 -0.00922248 -0.34360167
v 0.04198888 -0.01962115 -0.35434011
v 0.02740177 -0.01720037 -0.34002784
v 0.02880352 -0.01520977 -0.33693561
v 0.03281837 -0.01545696 -0.33553916
v 0.03705852 -0.01397299 -0.33677542
v 0.03026984 -0.01504290 -0.33577982
v 0.03576373 -0.01492722 -0.33636588
v 0.03157542 -0.01536971 -0.33557594
v 0.03424615 -0.01514834 -0.33569780
v 0.02368247 -0.01262755 -0.34735903
v 0.02411826 -0.01074460 -0.34918916
v 0.02367610 -0.01636990 -0.35452989
v 0.02336417 -0.01823633 -0.35310808
v 0.02320785 -0.01882193 -0.35491705
v 0.02448774 -0.00891490 -0.34354320
v 0.02315060 -0.02182424 -0.35420996
v 0.02437756 0.00068308 -0.39178202
v 0.02327996 -0.00055582 -0.39122096
v 0.02300602 -0.00237289 -0.39057225
v 0.02263865 -0.00692926 -0.37665528
v 0.02225507 -0.00641553 -0.38302964
v 0.02227096 -0.00668474 -0.37924221
v 0.02200254 -0.00554074 -0.38594177
v 0.02202327 -0.00609210 -0.38380763
v 0.02206839 -0.00494178 -0.38742980
v 0.02236136 -0.00540816 -0.38723263
v 0.02204475 -0.00647033 -0.38124114
v 0.02190363 -0.00670990 -0.37899062
v 0.02188569 -0.00685831 -0.37497246
v 0.02189023 0.00190950 -0.39157715
v 0.02203344 0.00593565 -0.39178687
v 0.02285191 0.00267913 -0.39158890
v 0.02197058 -0.00431706 -0.38834801
v 0.02179485 -0.00364932 -0.38921970
v 0.02212615 -0.00369548 -0.38915277
v 0.02187932 -0.00482602 -0.38765734
v 0.02176170 -0.00223054 -0.39030001
v 0.02212800 -0.00102270 -0.39082125
v 0.02219661 -0.00264857 -0.39000586
v 0.02272982 -0.00422179 -0.38924491
v 0.02121446 0.00561259 -0.39213613
v 0.02116080 0.00040503 -0.39166850
v 0.01992552 0.00856704 -0.39326498
v 0.02305795 0.00812951 -0.39157450
v 0.02142992 0.01033339 -0.39186469
v 0.01994549 0.01290898 -0.39255655
v 0.02133916 -0.00749962 -0.37666237
v 0.02172856 -0.00446378 -0.38849005
v 0.02150832 -0.00256626 -0.39029315
v 0.01644947 -0.00763366 -0.36759967
v 0.01049099 -0.00707550 -0.35118380
v 0.04062742 0.02049905 -0.35161498
v 0.04207398 0.01590492 -0.34383094
v 0.04041297 0.01986196 -0.34013888
v 0.03950472 0.02195217 -0.34905446
v 0.03957757 0.02159058 -0.34087560
v 0.03971487 0.02132886 -0.36164093
v 0.04064637 0.02014199 -0.36100438
v 0.04025850 0.01979813 -0.36870638
v 0.03932715 0.02075526 -0.37082231
v 0.03902502 0.02067235 -0.33098868
v 0.03840110 0.02235830 -0.33664700
v 0.02729487 0.00392492 -0.29891869
v 0.02897447 0.01087671 -0.29921722
v 0.02618708 0.01622995 -0.29863706
v 0.00951650 0.02095051 -0.28589287
v 0.01216070 0.02013363 -0.28751811
v 0.02060156 -0.00100592 -0.29632109
v 0.01474798 -0.00117157 -0.28380370
v 0.01809632 0.00000352 -0.29207718
v 0.01662251 0.00048874 -0.28622234
v 0.01603099 -0.00031904 -0.28421685
v 0.01741138 0.00051313 -0.28963512
v 0.01532906 -0.00021518 -0.28613484
v 0.01596258 0.00008675 -0.28798008
v 0.01397493 0.01992204 -0.26821074
v 0.01427284 0.02031293 -0.25251955
v 0.01606839 0.01781952 -0.24856311
v 0.01550148 0.01847108 -0.25974706
v 0.01379141 0.02052276 -0.24655695
v 0.01673582 0.01615139 -0.27026260
v 0.01279589 0.02103163 -0.26835933
v 0.01775281 -0.00773779 -0.26939872
v 0.01286264 0.02120407 -0.25335947
v 0.00186021 -0.02168404 -0.38934994
v 0.00184884 -0.02437784 -0.38898271
v 0.02091225 -0.02543536 -0.38836733
v 0.02099901 -0.02171939 -0.38907534
v 0.01978996 -0.02008785 -0.39118960
v 0.02090962 -0.02322686 -0.38914752
v 0.01798111 -0.00947814 -0.34557679
v 0.01912362 -0.01113338 -0.34580469
v 0.01055855 -0.00669223 -0.34498408
v 0.01194787 -0.00577302 -0.34181759
v 0.01305253 -0.00741773 -0.34642345
v 0.01475154 -0.00612814 -0.34118325
v 0.01606072 -0.00758853 -0.34430224
v 0.01670551 -0.00655659 -0.33963689
v 0.01764466 -0.00785750 -0.34207883
v 0.01599110 -0.00922772 -0.34819674
v 0.00724637 -0.00809450 -0.34681529
v 0.00992338 -0.00870597 -0.34945917
v 0.00553399 -0.00837525 -0.34570184
v 0.00401822 -0.00928320 -0.34481624
v 0.00524874 -0.00719792 -0.34186101
v 0.00791314 -0.00615580 -0.34211093
v 0.01868271 -0.00912265 -0.34219313
v 0.01781428 -0.00722048 -0.33782950
v 0.01857384 -0.00843894 -0.33929542
v 0.02028122 -0.01847615 -0.35480660
v 0.01968073 -0.01230789 -0.34446418
v 0.01962177 -0.01625961 -0.35411513
v 0.02024194 -0.01764912 -0.35555190
v 0.01767446 -0.01912437 -0.33854744
v 0.01513149 -0.01613514 -0.33071825
v 0.01218929 -0.01620815 -0.32835811
v 0.01390463 -0.01591508 -0.32913888
v 0.00713226 -0.01593016 -0.32990217
v 0.00855281 -0.01597957 -0.32863671
v 0.00640369 -0.01638244 -0.33134910
v 0.00540089 -0.01579369 -0.33247483
v 0.01031558 -0.01633189 -0.32822099
v 0.01640617 -0.01948148 -0.33679116
v 0.00803058 -0.00539944 -0.33228761
v 0.00951767 -0.00504111 -0.33665052
v 0.00681515 -0.00561382 -0.33586827
v 0.00642331 -0.00593458 -0.33880663
v 0.00532121 -0.00650292 -0.33516839
v 0.01232986 -0.00525594 -0.33169895
v 0.00459592 -0.00733167 -0.33976868
v 0.00627164 -0.00602143 -0.33300236
v 0.00436604 -0.00756948 -0.33632350
v 0.01743935 -0.00708212 -0.33376890
v 0.01627667 -0.00599199 -0.33444709
v 0.01433691 -0.00529088 -0.33402401
v 0.01423127 -0.00541559 -0.33792010
v 0.00355400 -0.00897180 -0.34054196
v 0.00273447 -0.01201373 -0.34512091
v 0.00324288 -0.01107566 -0.34630492
v 0.00282914 -0.01580524 -0.35460582
v 0.00212361 -0.01754930 -0.35445395
v 0.00170878 -0.01850366 -0.35544315
v 0.00168846 -0.01966912 -0.35476196
v -0.00611582 0.02692912 -0.33345726
v -0.01720534 0.02612444 -0.33195966
v -0.01617146 0.02616900 -0.33194923
v -0.02379652 0.02378886 -0.38435304
v -0.00784305 0.02609884 -0.37167901
v 0.00756634 0.02615523 -0.37098446
v 0.03587990 0.02280472 -0.32733521
v 0.03447773 0.02255489 -0.32101855
v 0.02228996 0.02561549 -0.33161491
v 0.02226264 0.02548027 -0.32848960
v 0.02903618 0.02439587 -0.32495350
v 0.02628470 0.02545713 -0.34053037
v 0.01926051 0.02592947 -0.33150864
v 0.01771503 0.02650561 -0.34971884
v 0.01927733 0.02580630 -0.32855588
v 0.01811148 0.02592081 -0.32852620
v 0.01873694 0.02589682 -0.32942954
v 0.01781677 0.02607513 -0.33165610
v 0.01916174 0.02588498 -0.33017138
v -0.01604851 0.02606406 -0.32882753
v -0.02229822 0.02507768 -0.32175216
v -0.01723521 0.02595220 -0.32883790
v -0.02036956 0.02563307 -0.32895833
v -0.00898877 0.02662867 -0.32870597
v -0.01596880 0.02613783 -0.33058378
v -0.01342088 0.02635902 -0.33056155
v -0.01334458 0.02640852 -0.33192444
v -0.00940564 0.02668091 -0.33150524
v -0.00928354 0.02669849 -0.33189857
v -0.01078013 0.02658917 -0.33151722
v -0.01093272 0.02649444 -0.32878292
v -0.00866008 0.02673690 -0.33189788
v -0.00868737 0.02667050 -0.32930627
v -0.01116627 0.02656246 -0.33152059
v -0.01254075 0.02645934 -0.33153263
v -0.01322155 0.02631439 -0.32880285
v -0.01253677 0.02647617 -0.33191904
v -0.01342426 0.02634547 -0.33017513
v -0.01597215 0.02612420 -0.33019736
v 0.01229357 0.02646236 -0.32938352
v 0.01172831 0.02647751 -0.32858178
v 0.01477061 0.02623016 -0.32855526
v 0.01541708 0.02617154 -0.32850331
v 0.01435939 0.02629693 -0.32936549
v 0.01307306 0.02648231 -0.33170465
v 0.00888941 0.02676419 -0.33178481
v 0.01098430 0.02661879 -0.33133936
v 0.01127200 0.02654361 -0.32958099
v 0.01058758 0.02656604 -0.32877713
v 0.00911316 0.02665679 -0.32852241
v 0.00768104 0.02676248 -0.32926220
v 0.01360915 0.02644056 -0.33169860
v 0.01553173 0.02617875 -0.32893473
v 0.01772855 0.02551663 -0.32891563
v -0.00465778 0.02686348 -0.32872480
v -0.00217128 0.02695956 -0.32950976
v -0.00423705 0.02643889 -0.32952762
v -0.00573332 0.02681652 -0.32873911
v -0.00509163 0.02684661 -0.32872906
v -0.00596246 0.02687427 -0.33144227
v -0.00568671 0.02689105 -0.33194798
v -0.00306567 0.02699547 -0.33193761
v -0.00146994 0.02695444 -0.32869697
v -0.00119962 0.02698824 -0.33012497
v -0.00161893 0.02699556 -0.33093843
v -0.00118256 0.02701724 -0.33176801
v 0.00345424 0.02688534 -0.32865247
v 0.00527073 0.02690564 -0.33043766
v 0.00414998 0.02697207 -0.33178231
v 0.00139625 0.02696304 -0.32867309
v 0.00127947 0.02699040 -0.33004236
v 0.00400203 0.02690748 -0.32864916
v 0.00168095 0.02701977 -0.33179486
v 0.00677497 0.02687038 -0.33176205
v 0.00662904 0.02683278 -0.32979050
v 0.00768457 0.02680848 -0.33104903
v 0.00694068 0.02678523 -0.32862687
v 0.00662468 0.02681802 -0.32929039
v 0.00556683 0.02688750 -0.33018675
v 0.01076285 0.02657466 -0.32942942
v 0.01087622 0.02660716 -0.33073565
v 0.00977534 0.02662606 -0.32890207
v 0.00999301 0.02668385 -0.33137971
v 0.00820070 0.02678150 -0.33108178
v 0.00808827 0.02674310 -0.32938966
v -0.02610019 0.02550392 -0.34678325
v -0.02082246 0.02570754 -0.33198968
v -0.02110727 0.02554745 -0.32887173
v -0.02034558 0.02574688 -0.33170632
v -0.02244759 0.02545171 -0.33026192
v -0.02122403 0.02559293 -0.33025128
v -0.01761829 0.02593030 -0.32921365
v -0.01760955 0.02597038 -0.33021429
v -0.02011638 0.02572450 -0.33049673
v -0.01759757 0.02602391 -0.33158928
v -0.01760628 0.02598265 -0.33058652
v -0.02357071 0.02538445 -0.33198476
v -0.02420553 0.02517112 -0.32889548
v -0.02793958 0.02457178 -0.32735869
v -0.02414927 0.02527487 -0.33111700
v -0.02335442 0.02533828 -0.33021185
v -0.03323498 0.02205942 -0.31756735
v -0.03467587 0.02196700 -0.32032618
v -0.02953726 0.02346544 -0.31792897
v -0.03257344 0.02304671 -0.32130322
v 0.03450790 0.02163445 -0.31728271
v 0.02989207 0.02349864 -0.31756902
v 0.00890211 0.02469694 -0.38750863
v 0.01660046 0.02448888 -0.38649377
v 0.02026658 0.02559276 -0.37061781
v 0.02588243 0.02362369 -0.38428873
v 0.03017990 0.02322880 -0.38094354
v 0.03405380 0.02237332 -0.37897295
v 0.03543635 0.02338548 -0.36068910
v 0.03709768 0.02157895 -0.37479681
v 0.02453961 0.02553288 -0.36322692
v 0.03023977 0.02455907 -0.36447552
v 0.02847406 0.02527273 -0.35295743
v 0.03326228 0.02432154 -0.35196668
v 0.03778875 0.02299463 -0.34788582
v 0.00684155 0.02699431 -0.35514164
v 0.03273768 0.02434211 -0.34059459
v 0.03677757 0.02313596 -0.33611864
v 0.00190667 0.02716693 -0.34022510
v -0.03656074 0.02113129 -0.37551275
v -0.03304638 0.02211573 -0.37995288
v -0.02881984 0.02299411 -0.38287607
v -0.03791979 0.02247982 -0.34832722
v -0.03827576 0.02154957 -0.36192727
v -0.01611662 0.02576875 -0.37104273
v -0.02408221 0.02547571 -0.36320159
v -0.01218476 0.02673326 -0.35613069
v -0.03539432 0.02324582 -0.33351281
v -0.03505400 0.02359815 -0.34979951
v -0.03081210 0.02467149 -0.35306689
v -0.03011379 0.02439886 -0.36399269
v -0.03533597 0.02295249 -0.36229241
v -0.03145547 0.02329511 -0.37400746
v -0.03216698 0.02428585 -0.34070694
v 0.01947364 0.02586159 -0.33035761
v 0.02189169 0.02560021 -0.33024877
v 0.02190026 0.02564062 -0.33123204
v 0.01959217 0.02588300 -0.33119845
v 0.01931259 0.02581996 -0.32896733
v 0.02187974 0.02554162 -0.32887936
v 0.01930992 0.02585584 -0.32980853
v 0.02188832 0.02558386 -0.32986251
v 0.00128284 0.02699796 -0.33042866
v 0.00129142 0.02701616 -0.33141193
v -0.00090984 0.02699732 -0.33045951
v -0.00084923 0.02701424 -0.33142272
v -0.00126288 0.02700226 -0.33101538
v -0.02336978 0.02535566 -0.33064911
v -0.02122079 0.02560806 -0.33062354
v -0.02121209 0.02564961 -0.33162081
v -0.02343543 0.02538649 -0.33161590
v -0.02375648 0.02532334 -0.33106771
v -0.00403584 0.02691641 -0.32991248
v -0.00236832 0.02696174 -0.32989788
v -0.00320570 0.02697188 -0.33147812
v 0.01249492 0.02646023 -0.32976818
v 0.01416245 0.02632759 -0.32975367
v 0.01332985 0.02644699 -0.33133185
v 0.02228991 0.02511193 -0.33161506
v 0.01922972 0.02543051 -0.33148465
v 0.01917072 0.02538403 -0.33017144
v 0.02217968 0.02500670 -0.32882154
v 0.01877651 0.02540007 -0.32960454
v 0.01916652 0.02531922 -0.32858333
v 0.02189020 0.02509316 -0.33007708
v 0.01949809 0.02535895 -0.33034748
v 0.01957054 0.02538488 -0.33119205
v 0.02190027 0.02514032 -0.33123204
v 0.01952767 0.02529519 -0.32890967
v 0.01914383 0.02535009 -0.32928562
v 0.01944636 0.02534368 -0.32985961
v -0.01596878 0.02563868 -0.33058375
v -0.01342280 0.02585059 -0.33034074
v -0.01315138 0.02592359 -0.33192277
v -0.01317861 0.02581795 -0.32880250
v -0.01597216 0.02562453 -0.33019736
v -0.01624163 0.02554551 -0.32882920
v -0.01621441 0.02566465 -0.33194947
v -0.00940313 0.02619028 -0.33179504
v -0.01090884 0.02608012 -0.33151835
v -0.01101852 0.02598826 -0.32878366
v -0.01253963 0.02596377 -0.33166140
v 0.01811148 0.02542056 -0.32852614
v 0.01807440 0.02554901 -0.33165374
v 0.01553038 0.02567183 -0.32878011
v -0.00142158 0.02645594 -0.32869655
v -0.00331217 0.02647894 -0.33193934
v -0.00232445 0.02646150 -0.32981163
v -0.00494720 0.02635115 -0.32872730
v -0.00403586 0.02641433 -0.32991248
v -0.00318031 0.02647256 -0.33147791
v 0.01321857 0.02597090 -0.33179510
v 0.01510921 0.02570244 -0.32855231
v 0.01421166 0.02581925 -0.32965663
v 0.01235400 0.02596172 -0.32949895
v 0.01158359 0.02598780 -0.32858306
v 0.01334091 0.02594680 -0.33134308
v -0.00868752 0.02616530 -0.32930613
v -0.00883169 0.02622714 -0.33189970
v -0.00607399 0.02637692 -0.33187413
v -0.00567242 0.02639006 -0.33178446
v -0.00581912 0.02631244 -0.32873994
v -0.00885382 0.02614065 -0.32868987
v 0.00425693 0.02646758 -0.33178052
v 0.00367998 0.02648426 -0.33178559
v 0.00662735 0.02632733 -0.32966673
v 0.00677498 0.02636996 -0.33176205
v 0.00687634 0.02628788 -0.32862741
v 0.00533653 0.02640128 -0.33038190
v 0.00400205 0.02640829 -0.32864916
v 0.00802890 0.02628499 -0.33084959
v 0.00872879 0.02625848 -0.33133239
v 0.01005337 0.02617966 -0.33136582
v 0.00769829 0.02630617 -0.33098894
v 0.00770027 0.02626372 -0.32935765
v 0.00819830 0.02621957 -0.32876897
v 0.01010273 0.02609359 -0.32858646
v 0.01121643 0.02604086 -0.32936755
v 0.01111409 0.02610303 -0.33113766
v 0.00822608 0.02629211 -0.33155286
v 0.00968460 0.02621506 -0.33181810
v 0.00826163 0.02622806 -0.32919309
v 0.01090075 0.02610410 -0.33068800
v 0.01058941 0.02607850 -0.32916397
v -0.01723525 0.02545070 -0.32883790
v -0.01720799 0.02557358 -0.33195814
v -0.02036955 0.02513534 -0.32895833
v -0.01761830 0.02543065 -0.32921365
v -0.01760727 0.02547964 -0.33047485
v -0.02011784 0.02521862 -0.33032924
v -0.01759753 0.02552101 -0.33158928
v -0.02034557 0.02524812 -0.33170632
v -0.02263060 0.02492943 -0.33026266
v -0.02414475 0.02467950 -0.32889497
v -0.02082249 0.02520913 -0.33198968
v -0.02359258 0.02488143 -0.33197799
v -0.02414654 0.02477323 -0.33106753
v -0.02358748 0.02481348 -0.33032414
v -0.02093553 0.02506742 -0.32887024
v -0.02122171 0.02510370 -0.33051720
v -0.02334557 0.02485821 -0.33064690
v -0.02376379 0.02482166 -0.33105159
v -0.02341998 0.02488871 -0.33162045
v -0.02121209 0.02514890 -0.33162081
v 0.00168095 0.02651861 -0.33179492
v -0.00120867 0.02651732 -0.33175796
v -0.00161813 0.02649479 -0.33089355
v 0.00156787 0.02646081 -0.32867157
v 0.00128228 0.02649712 -0.33036426
v -0.00117179 0.02648833 -0.33011341
v 0.00129142 0.02651603 -0.33141190
v -0.00092343 0.02649699 -0.33046260
v -0.00124934 0.02650110 -0.33095443
v -0.00091112 0.02651344 -0.33141416
v 0.00532878 0.02605207 -0.26092976
v 0.00521299 0.02664317 -0.25235772
v 0.00140060 0.02587794 -0.26479051
v -0.00191232 0.02581685 -0.26482952
v -0.00591790 0.02597423 -0.26117647
v -0.00791596 0.02540463 -0.26184681
v -0.00607108 0.02655345 -0.25234747
v 0.00774755 0.02551913 -0.25815535
v 0.00246081 0.02685696 -0.25398353
v -0.00308943 0.02687393 -0.25406873
v -0.00311633 0.02638076 -0.25406694
v 0.00236507 0.02640094 -0.25402313
v 0.00528737 0.02568350 -0.26098129
v 0.00516901 0.02627473 -0.25237197
v 0.00462706 0.02514959 -0.26068607
v 0.00252270 0.02578298 -0.25457209
v 0.00455664 0.02568951 -0.25333121
v -0.00528477 0.02567125 -0.25344607
v -0.00309872 0.02584706 -0.25461027
v -0.00522078 0.02509765 -0.26075494
v -0.00167674 0.02505966 -0.26410502
v 0.00113068 0.02501085 -0.26405847
v -0.01955352 -0.02433356 -0.35738409
v -0.02208852 -0.02470404 -0.35765079
v -0.02219231 -0.02604103 -0.35875046
v -0.01936067 -0.02603150 -0.35871229
v -0.02156059 -0.02331453 -0.35692421
v -0.02005796 -0.02311594 -0.35681877
v -0.02154157 -0.02139300 -0.35678402
v -0.02002179 -0.02027323 -0.35692623
v -0.02158118 -0.01941443 -0.35724178
v -0.01997361 -0.01831026 -0.35786995
v -0.02160672 -0.01706641 -0.35901758
v -0.01992758 -0.01670736 -0.35964134
v -0.02159517 -0.01594771 -0.36240056
v -0.01989583 -0.01600222 -0.36207014
v -0.01988062 -0.01626668 -0.36418623
v -0.02154883 -0.01702667 -0.36586049
v -0.01988603 -0.01745778 -0.36630467
v -0.02147907 -0.01977556 -0.36786962
v -0.01992527 -0.02034426 -0.36807516
v -0.02144640 -0.02287137 -0.36811465
v -0.01993245 -0.02338061 -0.36797678
v -0.01936074 -0.02496151 -0.36711851
v -0.02204841 -0.02504753 -0.36708707
v -0.01929858 -0.02606984 -0.36611295
v -0.02212560 -0.02606026 -0.36614874
v -0.02214727 -0.02681443 -0.36506245
v -0.01929374 -0.02675289 -0.36514556
v -0.01929679 -0.02722238 -0.36404985
v -0.02216763 -0.02743070 -0.36279184
v -0.01935617 -0.02738032 -0.36194912
v -0.02218033 -0.02735033 -0.36155215
v -0.02219746 -0.02688860 -0.36001575
v -0.01933703 -0.02684725 -0.35991010
v -0.00005201 -0.02294284 -0.35663825
v 0.00110627 -0.02365553 -0.35680813
v 0.00109680 -0.02140941 -0.35657674
v 0.00158430 -0.02426645 -0.35718432
v -0.00059006 -0.02471002 -0.35746813
v 0.00175311 -0.02574494 -0.35823056
v -0.00068857 -0.02592553 -0.35844973
v -0.00006312 -0.02035741 -0.35674205
v 0.00116618 -0.01839889 -0.35753363
v -0.00009083 -0.01842863 -0.35760283
v -0.00010685 -0.01669999 -0.35948208
v 0.00122253 -0.01639876 -0.36006969
v -0.00009442 -0.01596195 -0.36236450
v 0.00125381 -0.01600680 -0.36278766
v -0.00005783 -0.01670695 -0.36509174
v 0.00126339 -0.01667430 -0.36497799
v 0.00124422 -0.01855980 -0.36711043
v -0.00001293 -0.01831186 -0.36686572
v 0.00003237 -0.02024740 -0.36780295
v 0.00119158 -0.02173933 -0.36798459
v 0.00005032 -0.02289947 -0.36791831
v 0.00165825 -0.02422954 -0.36739397
v -0.00054686 -0.02504511 -0.36690095
v 0.00183007 -0.02565503 -0.36635166
v -0.00062649 -0.02616978 -0.36583665
v 0.00184965 -0.02655517 -0.36530188
v -0.00065274 -0.02717260 -0.36395907
v 0.00184431 -0.02720486 -0.36391240
v -0.00067263 -0.02746669 -0.36260700
v 0.00182505 -0.02743327 -0.36154222
v -0.00067498 -0.02731037 -0.36113751
v 0.00181303 -0.02718340 -0.36053365
v -0.00069511 -0.02690867 -0.35987282
v 0.00179218 -0.02645468 -0.35908008
v -0.01931653 -0.02748797 -0.36269000
v -0.02003968 -0.02563996 -0.35798058
v -0.02000786 -0.02775860 -0.36174369
v -0.02002570 -0.02709352 -0.35967720
v -0.01933384 -0.02737966 -0.36124131
v -0.01996474 -0.02619617 -0.36650845
v -0.01998784 -0.02761009 -0.36398220
v -0.00002738 -0.02514322 -0.35739878
v -0.00001038 -0.02721435 -0.35970777
v 0.00000717 -0.02775716 -0.36156321
v -0.00061814 -0.02746743 -0.36135551
v 0.00002746 -0.02761286 -0.36379930
v -0.00059137 -0.02713566 -0.36443818
v 0.00004468 -0.02658223 -0.36580613
v 0.00005664 -0.02484057 -0.36730352
v -0.02151496 -0.02601837 -0.35828593
v -0.02149535 -0.02755754 -0.36078852
v -0.02205216 -0.02760944 -0.36218396
v -0.02148280 -0.02777734 -0.36303890
v -0.02215520 -0.02727810 -0.36397845
v -0.02146194 -0.02699914 -0.36546263
v -0.02144508 -0.02484056 -0.36749116
v 0.02268101 -0.02565653 -0.36657447
v 0.02262180 -0.02735094 -0.35980475
v 0.02261032 -0.02613589 -0.35804728
v 0.02259752 -0.02409942 -0.35669351
v 0.02331620 -0.02729106 -0.36366624
v 0.02328151 -0.02722879 -0.36031029
v 0.02266736 -0.02709041 -0.36483797
v 0.02264764 -0.02781066 -0.36258462
v 0.00110361 -0.02572954 -0.35786280
v 0.00112113 -0.02733207 -0.35989970
v 0.00117746 -0.02607757 -0.36642191
v 0.00119050 -0.02360876 -0.36778775
v 0.00114948 -0.02777782 -0.36329955
v 0.00182939 -0.02746912 -0.36278489
v 0.02111789 -0.02563944 -0.35762122
v 0.02113344 -0.02709139 -0.35931510
v 0.02115017 -0.02775750 -0.36137977
v 0.02048066 -0.02753123 -0.36212394
v 0.02116993 -0.02761286 -0.36361483
v 0.02119162 -0.02620206 -0.36614281
v -0.01975641 -0.01615774 -0.38072389
v -0.02136615 -0.01655582 -0.37966135
v -0.01980409 -0.01758393 -0.37806299
v -0.02140399 -0.01807222 -0.37768432
v -0.01984232 -0.02007377 -0.37665072
v -0.02139488 -0.02026390 -0.37661439
v -0.01988088 -0.02220673 -0.37642232
v -0.02136431 -0.02265766 -0.37645775
v -0.01940863 -0.02409034 -0.37694123
v -0.02192275 -0.02467240 -0.37725747
v -0.01921004 -0.02565750 -0.37799585
v -0.02144447 -0.01599295 -0.38168058
v -0.01966694 -0.01607447 -0.38321421
v -0.02148512 -0.01627974 -0.38400158
v -0.01966943 -0.01700675 -0.38534194
v -0.02141205 -0.01770341 -0.38620821
v -0.01970822 -0.01846233 -0.38681504
v -0.02130702 -0.01982961 -0.38754219
v -0.01974679 -0.02036033 -0.38764876
v -0.02126532 -0.02236846 -0.38780144
v -0.01977944 -0.02283352 -0.38775930
v -0.02169756 -0.02401451 -0.38732594
v -0.01925735 -0.02447250 -0.38706622
v -0.02194364 -0.02553488 -0.38635966
v -0.01913527 -0.02578568 -0.38608980
v -0.01912495 -0.02675236 -0.38480058
v -0.02196680 -0.02642171 -0.38536641
v -0.02194931 -0.02721887 -0.38350892
v -0.01914246 -0.02736998 -0.38298368
v -0.02199937 -0.02742173 -0.38121748
v -0.02197605 -0.02722671 -0.38077429
v -0.01916955 -0.02731556 -0.38107875
v -0.01917448 -0.02667222 -0.37927493
v -0.02201356 -0.02625185 -0.37865320
v 0.02334191 -0.02425301 -0.38685265
v 0.02351752 -0.02592304 -0.38557205
v 0.02088509 -0.02433010 -0.38682941
v 0.02286278 -0.01609279 -0.38037321
v 0.02121939 -0.01600151 -0.38142073
v 0.02124489 -0.01666004 -0.37901545
v 0.02300459 -0.01617863 -0.38314596
v 0.02119647 -0.01648626 -0.38422152
v 0.02299224 -0.01716971 -0.38521877
v 0.02128263 -0.01842430 -0.38643888
v 0.02296665 -0.01869332 -0.38659430
v 0.02134500 -0.02037991 -0.38729879
v 0.02287041 -0.02135307 -0.38749653
v 0.02138326 -0.02242289 -0.38742709
v 0.02068155 -0.02646749 -0.38488278
v 0.02070045 -0.02596641 -0.38556510
v 0.02352227 -0.02664752 -0.38458779
v 0.02065414 -0.02740350 -0.38273290
v 0.02350926 -0.02732205 -0.38291502
v 0.02350057 -0.02746644 -0.38166699
v 0.02070324 -0.02736329 -0.38226408
v 0.02063562 -0.02716625 -0.37988335
v 0.02348403 -0.02726299 -0.38035095
v 0.02062305 -0.02689208 -0.37938559
v 0.02347660 -0.02688355 -0.37934443
v 0.02062097 -0.02638541 -0.37848923
v 0.02346296 -0.02639952 -0.37847704
v 0.02341888 -0.02518714 -0.37721980
v 0.02064271 -0.02571074 -0.37771559
v 0.02077210 -0.02440358 -0.37674275
v 0.02282661 -0.01786207 -0.37747583
v 0.02122460 -0.01838466 -0.37711072
v 0.02280108 -0.02026272 -0.37621030
v 0.02124968 -0.02028851 -0.37623426
v 0.02128549 -0.02311569 -0.37612459
v 0.02276347 -0.02297108 -0.37610391
v -0.01930415 -0.01534671 -0.37917101
v -0.00018621 -0.01634726 -0.37797850
v -0.00089984 -0.01421856 -0.37935996
v -0.00044744 -0.01458338 -0.38080898
v -0.02174348 -0.01652048 -0.37693018
v 0.02335737 -0.01476747 -0.37737381
v 0.00209268 -0.01432348 -0.38018295
v 0.00159894 -0.01608772 -0.37845755
v 0.02090201 -0.01603533 -0.37799749
v 0.02050416 -0.01435538 -0.38008884
v 0.00023033 -0.02446741 -0.38711944
v 0.00022061 -0.02628430 -0.38584644
v 0.00014137 -0.02529001 -0.37720898
v -0.00033530 -0.02656184 -0.38513622
v 0.00015630 -0.02679538 -0.37866780
v 0.00020376 -0.02744244 -0.38391721
v -0.00045713 -0.02723057 -0.38008481
v -0.00035912 -0.02740301 -0.38345325
v 0.00017576 -0.02782371 -0.38139462
v -0.01986744 -0.02472523 -0.37701109
v -0.01985857 -0.02680843 -0.37885720
v -0.01978846 -0.02497775 -0.38705826
v -0.01980174 -0.02697508 -0.38512832
v -0.01917990 -0.02730038 -0.38056615
v -0.01983850 -0.02767511 -0.38090488
v -0.01915704 -0.02751717 -0.38235337
v -0.01982180 -0.02776919 -0.38276681
v -0.01926423 -0.02719155 -0.38417611
v -0.02127526 -0.02472156 -0.38726199
v -0.02129184 -0.02714070 -0.38488188
v -0.02184407 -0.02709915 -0.38438371
v -0.02198201 -0.02738215 -0.38330287
v -0.02132833 -0.02782550 -0.38125542
v -0.02198628 -0.02750705 -0.38222277
v -0.02200809 -0.02700787 -0.37987527
v -0.02135883 -0.02533235 -0.37740469
v 0.02338622 -0.02740300 -0.38324603
v 0.02335958 -0.02739216 -0.38018835
v 0.02285518 -0.02593683 -0.38596591
v 0.02285962 -0.02423156 -0.38704315
v 0.02282625 -0.02748318 -0.38375223
v 0.02278701 -0.02768740 -0.38024265
v 0.02278162 -0.02573214 -0.37728310
v 0.02137528 -0.02447408 -0.38693279
v 0.02136157 -0.02618320 -0.38577795
v 0.02129802 -0.02639296 -0.37786749
v 0.02134623 -0.02744243 -0.38373271
v 0.02070158 -0.02698893 -0.38414577
v 0.02131823 -0.02782371 -0.38121015
v 0.02064209 -0.02747759 -0.38112500
v 0.00125999 -0.02403232 -0.37653625
v 0.00199372 -0.02746382 -0.38269901
v 0.00185911 -0.02745791 -0.38062376
v 0.00136445 -0.02479924 -0.38702872
v 0.00133442 -0.02694901 -0.38496250
v 0.00131776 -0.02778652 -0.38256466
v 0.00129708 -0.02750273 -0.38006163
v 0.00127839 -0.02618547 -0.37791938
v -0.05376555 -0.02384517 -0.04299783
v -0.05699542 -0.00859806 -0.04304519
v -0.05522985 -0.02379997 -0.04306116
v -0.05470208 -0.02432482 -0.04299771
v -0.05583146 -0.02380000 -0.04299785
v -0.05536675 -0.02574749 -0.04299800
v -0.04877286 -0.02380000 -0.04305543
v -0.04879781 0.00295000 -0.04304364
v -0.05719319 0.00294987 -0.04306075
v -0.04678761 0.00294998 -0.09312326
v -0.04600950 0.00295006 -0.09157402
v -0.04597656 0.00295000 -0.10651550
v -0.05852052 0.00294999 -0.11299526
v -0.05390980 0.00295000 -0.10403062
v -0.05223378 0.00295000 -0.10507236
v -0.04134209 0.00295000 -0.05027025
v -0.03208270 0.00295000 -0.05653053
v -0.04999762 0.00295000 -0.05358838
v -0.05937755 0.00294994 -0.08479498
v -0.05362366 0.00295000 -0.10155644
v -0.04992549 0.00295000 -0.10323165
v -0.05068658 0.00295000 -0.10465001
v -0.04507979 0.00295000 -0.10830779
v -0.05026054 0.00295000 -0.10184348
v -0.05014486 0.00295000 -0.05199130
v -0.05406813 0.00295000 -0.05257649
v -0.05373945 0.00295000 -0.05415222
v -0.05884562 0.00295000 -0.06559399
v -0.05157860 0.00295000 -0.10092974
v -0.04830947 0.00295000 -0.09394911
v -0.05771379 0.00295000 -0.04364742
v -0.05300656 0.00295000 -0.05114272
v -0.04350474 0.00295000 -0.05476357
v -0.04571981 0.00295000 -0.05638709
v -0.00534927 0.00294996 -0.11195242
v -0.00843938 0.00295000 -0.10895949
v -0.00595918 0.00295002 -0.11055772
v -0.05140950 0.00295000 -0.05099545
v -0.00361968 0.00295000 -0.11298757
v -0.05590699 0.00295002 -0.09181069
v -0.05494422 0.00294997 -0.09333281
v -0.04334707 0.00295000 -0.10898433
v -0.05350898 0.00295000 -0.09396765
v -0.00603965 0.00295000 -0.07230671
v -0.00718599 0.00295000 -0.07053842
v -0.00599998 0.00294996 -0.06658593
v -0.05242138 0.00295000 -0.05506597
v -0.04841888 0.00295000 -0.05903090
v -0.05377878 0.00295000 -0.05907337
v -0.00687994 0.00295000 -0.10822115
v -0.00602168 0.00295000 -0.10653374
v -0.05084564 0.00295000 -0.05473731
v -0.04698364 0.00294998 -0.05966573
v -0.04599731 0.00295007 -0.06124871
v -0.04171281 0.00295000 -0.05504153
v -0.01428723 0.00295001 -0.06417963
v -0.03165260 0.00295000 -0.06148797
v -0.02578421 0.00295000 -0.05966720
v -0.05528276 0.00294998 -0.06005209
v -0.01550117 0.00295000 -0.06790779
v -0.05591416 0.00295002 -0.06144833
v -0.05577770 -0.00966869 -0.05295848
v -0.05573408 -0.01018981 -0.05240315
v -0.05609271 -0.01060542 -0.05258122
v -0.05606601 -0.01025007 -0.05278653
v -0.05650298 -0.01052868 -0.05272631
v -0.05665107 -0.01048878 -0.05292381
v -0.05764817 -0.00996974 -0.05259567
v -0.05716652 -0.01044166 -0.05271193
v -0.05744065 -0.01076633 -0.05223966
v -0.05696011 -0.01045945 -0.05285725
v -0.05707437 -0.01075359 -0.05253210
v -0.05709459 -0.01396681 -0.05081492
v -0.05647637 -0.01135897 -0.05251171
v -0.05614943 -0.01150619 -0.05341397
v -0.05569817 -0.01120994 -0.05379925
v -0.05602442 -0.01032317 -0.05312086
v -0.05672025 -0.01137108 -0.05325150
v -0.05725856 -0.01059035 -0.05316725
v -0.05754247 -0.01042890 -0.05331713
v -0.05664998 -0.01097626 -0.05317386
v -0.05739762 -0.01029152 -0.05293270
v -0.05774000 -0.00977415 -0.05315582
v -0.05624998 -0.01040419 -0.05298633
v -0.05467489 -0.02024406 -0.05599948
v -0.05423393 -0.01997211 -0.05604217
v -0.05521039 -0.01565889 -0.05504810
v -0.05584767 -0.01581776 -0.05491797
v -0.05512655 -0.02047205 -0.05623131
v -0.05673557 -0.01371927 -0.05438952
v -0.05533334 -0.02111804 -0.05679782
v -0.05612026 -0.01809039 -0.05614187
v -0.05731097 -0.01289751 -0.05466503
v -0.04583935 -0.03402962 -0.07047089
v -0.04805790 -0.03383981 -0.05368988
v -0.04857922 -0.03337864 -0.05510633
v -0.05039675 -0.03181139 -0.05719730
v -0.05396115 -0.02194807 -0.07564241
v -0.05429383 -0.02549681 -0.05733094
v 0.05206615 -0.02288086 -0.09875865
v 0.05313936 -0.02048401 -0.09861792
v 0.05375119 -0.02064662 -0.08690752
v 0.05195756 -0.02640740 -0.08272032
v 0.05059770 -0.02628034 -0.09903673
v -0.05341450 -0.02772824 -0.05760678
v -0.05267375 -0.02144100 -0.09863656
v -0.05051699 -0.02640092 -0.09913445
v -0.01918359 -0.02380000 -0.06210467
v -0.01690414 -0.01231293 -0.06281458
v -0.02781929 -0.02380036 -0.05887801
v -0.01828193 -0.00511987 -0.06260977
v -0.00639419 -0.02015845 -0.06470362
v -0.01043322 -0.01753893 -0.06426037
v -0.00818074 -0.02380338 -0.06454381
v 0.00084196 -0.02378833 -0.06498567
v -0.04037020 -0.02380000 -0.05105403
v -0.04699614 -0.02907547 -0.11299806
v -0.04483298 -0.02993164 -0.11299690
v -0.04487462 -0.03147282 -0.10582145
v -0.02936412 -0.02959841 -0.11299701
v -0.03343354 -0.03068883 -0.10949920
v -0.04256403 -0.03119686 -0.10857399
v -0.04149621 -0.03343796 -0.10125546
v -0.03769660 -0.03273081 -0.10372109
v -0.03151678 -0.03661881 -0.09353678
v -0.02483509 -0.03199552 -0.10540184
v -0.04059258 -0.03434027 -0.09760641
v -0.03212223 -0.03704830 -0.09178510
v -0.04287561 -0.03286920 -0.10223896
v 0.02869528 -0.03993699 -0.03662168
v 0.01401041 -0.03973269 -0.05402070
v 0.01821358 -0.03926678 -0.06728981
v -0.00901747 -0.03983201 -0.04938512
v -0.00146032 -0.03971019 -0.07744274
v 0.00952629 -0.03990721 -0.04314722
v 0.02295639 -0.03814675 -0.08884110
v -0.01655855 -0.03951517 -0.06135956
v -0.03116475 -0.03975943 -0.03701428
v -0.03370295 -0.03935587 -0.03992124
v -0.02637045 -0.03930721 -0.05614575
v -0.03669856 -0.03898854 -0.03728114
v -0.03537440 -0.03673746 -0.08734027
v -0.01673196 -0.03979307 -0.04895747
v -0.00476371 -0.03938132 -0.08912304
v 0.00148324 -0.03948379 -0.08922930
v -0.00002585 -0.03637111 -0.09621149
v -0.00016262 -0.03170312 -0.10739227
v -0.00001321 -0.03381312 -0.10196944
v -0.02455383 -0.03806888 -0.08863059
v 0.02343766 -0.03092285 -0.10862084
v 0.03208298 -0.02960501 -0.11299518
v 0.02784380 -0.03302138 -0.10261209
v -0.00076821 -0.02990883 -0.11299416
v 0.02980449 -0.03748321 -0.08976085
v 0.03203469 -0.03705084 -0.09185258
v 0.00607300 -0.03933891 -0.08874174
v 0.02734417 -0.03713478 -0.09252366
v 0.03595382 -0.03484478 -0.09793187
v 0.03472012 -0.03664294 -0.09122785
v 0.03713490 -0.03880174 -0.03946277
v 0.03482414 -0.03936346 -0.03699572
v -0.02917232 -0.04006556 -0.03141421
v 0.04187306 -0.03167465 -0.10696775
v 0.04448546 -0.02995146 -0.11299746
v 0.04287381 -0.03272820 -0.10314687
v 0.03813195 -0.03508276 -0.09679423
v 0.04206360 -0.03356703 -0.09921613
v 0.04648278 -0.02944104 -0.11299581
v -0.05765308 -0.00549038 -0.04361459
v -0.05661360 -0.01482857 -0.04317109
v -0.05710062 -0.01368500 -0.04367257
v -0.05576315 -0.02379667 -0.04371418
v 0.05911054 -0.00361838 -0.09363333
v 0.05895127 -0.00320178 -0.09331761
v 0.05807992 -0.00982816 -0.09247958
v 0.05626649 -0.01505123 -0.08994151
v 0.05643083 -0.01537914 -0.09038430
v 0.05374102 -0.01999398 -0.08664673
v 0.05789983 -0.00933095 -0.09211312
v 0.05920248 0.00294968 -0.09357958
v 0.03049349 -0.02897933 -0.06501861
v 0.02186711 -0.02827808 -0.06333603
v 0.02717519 -0.02904221 -0.06099501
v 0.03133648 -0.02819149 -0.06774488
v 0.01793626 -0.02724079 -0.06502663
v 0.01773976 -0.02333369 -0.06884193
v 0.01146796 -0.02385009 -0.06707001
v 0.01275581 -0.02432897 -0.06702337
v 0.01390639 -0.01956850 -0.06937692
v 0.01297711 -0.00897013 -0.07099693
v -0.00066200 -0.00229450 -0.06798426
v -0.00838266 -0.00829580 -0.06579951
v 0.01339878 -0.01556539 -0.07022719
v 0.02253862 -0.01905867 -0.07185604
v 0.03206096 -0.01911366 -0.07516127
v 0.02175809 -0.01282823 -0.07300956
v 0.02921258 -0.01321332 -0.07552630
v 0.01709922 -0.00359565 -0.07242084
v 0.02927453 -0.00806563 -0.07629649
v 0.01952163 0.00294835 -0.07316118
v 0.02937092 -0.00195402 -0.07668521
v 0.02915892 0.00294990 -0.07653951
v 0.03531180 -0.02978508 -0.05642214
v 0.03808094 -0.03035025 -0.05788882
v 0.03522106 -0.02994469 -0.06225587
v 0.03344472 -0.02737321 -0.07021746
v 0.02818504 -0.02654355 -0.06915726
v 0.02387219 -0.02399114 -0.07010580
v 0.03199363 -0.02532414 -0.07180154
v 0.02954692 -0.02207221 -0.07301385
v 0.01497474 -0.02580293 -0.06629815
v 0.00600000 0.00294988 -0.06958844
v 0.04839395 -0.03030480 -0.07461981
v 0.03982338 -0.03026531 -0.06747321
v 0.04767379 -0.03116403 -0.07224710
v 0.04702252 -0.03193408 -0.06919618
v 0.04640083 -0.03222386 -0.06594839
v 0.04944688 0.00294846 -0.08710118
v 0.04763409 -0.00628424 -0.08577465
v 0.04793177 -0.01351566 -0.08490556
v 0.04626448 -0.01820700 -0.08261137
v 0.05262801 -0.02306760 -0.08442292
v 0.03918798 0.00294646 -0.08126471
v 0.04312393 -0.02263800 -0.07894986
v 0.05193118 -0.02469213 -0.08291923
v 0.05086614 -0.02728805 -0.08019970
v 0.04159438 -0.02628901 -0.07546491
v 0.04965532 -0.02884637 -0.07763646
v 0.03547072 -0.02349878 -0.07458621
v 0.04144071 -0.02881218 -0.07240794
v 0.04614587 -0.03234883 -0.06154594
v 0.04276061 -0.03128252 -0.05610518
v 0.04710525 -0.03266920 -0.05714133
v 0.03826225 -0.01660974 -0.07880507
v 0.03686472 -0.00265013 -0.08008090
v 0.03753113 -0.00974473 -0.07983226
v 0.05792478 -0.00626120 -0.11299552
v 0.05353253 -0.01850373 -0.10761907
v 0.05210426 -0.02105094 -0.10754152
v 0.05224490 -0.01963393 -0.11299806
v 0.05592218 -0.01507141 -0.10666031
v 0.05580460 -0.01452993 -0.11299816
v 0.05754233 -0.00987533 -0.10370497
v 0.05730943 -0.01068116 -0.10463667
v 0.05767037 -0.00962448 -0.10293770
v 0.05735771 -0.01065126 -0.10217734
v 0.05624850 -0.01490405 -0.10006110
v 0.05431744 -0.01835394 -0.09890457
v 0.05851322 -0.00152249 -0.11299655
v 0.05853342 0.00294998 -0.11299531
v -0.00406784 0.00595000 -0.11287329
v 0.00418421 0.00595000 -0.11285940
v 0.00365429 0.00295000 -0.11299495
v -0.05207781 -0.01993204 -0.11299790
v -0.05576452 -0.01458136 -0.11299823
v 0.04938128 -0.02592638 -0.11299795
v -0.04973713 -0.02516954 -0.11299767
v -0.05748276 -0.00824882 -0.11299789
v -0.05849058 -0.00152207 -0.11299764
v -0.04827154 -0.02783916 -0.11299718
v 0.04820086 -0.02793946 -0.11299703
v -0.05601016 -0.02013435 -0.04963849
v -0.05699644 -0.01475581 -0.06790179
v -0.05807088 -0.01007224 -0.09080250
v -0.05770730 -0.00943616 -0.10317767
v -0.05645736 -0.01468545 -0.09965413
v -0.05702099 -0.01170694 -0.10520339
v -0.05590648 -0.01503011 -0.10655226
v -0.05378482 -0.01806208 -0.10725965
v -0.05258800 -0.02001261 -0.10734950
v -0.05877828 -0.00491034 -0.10079661
v -0.05918768 -0.00274233 -0.07417727
v -0.05929561 -0.00185596 -0.09205436
v -0.05861085 -0.00853467 -0.08037881
v -0.05603967 -0.01753676 -0.06597421
v -0.05393636 -0.01908159 -0.09857401
v -0.05468142 -0.01975840 -0.07802494
v -0.05597351 -0.01552726 -0.09981285
v 0.05367964 0.00295000 -0.10423765
v 0.05408361 0.00295000 -0.10286787
v 0.05231138 0.00295000 -0.10508537
v 0.05060102 0.00295000 -0.10457821
v 0.04695047 0.00295000 -0.10802672
v 0.04989012 0.00295000 -0.10294197
v 0.04759913 0.00295000 -0.09155063
v 0.05056112 0.00295000 -0.10148526
v 0.04764760 0.00295000 -0.10657094
v 0.05339902 0.00295000 -0.10141751
v 0.05187006 0.00295000 -0.10091425
v 0.04672095 0.00295000 -0.09015741
v 0.00577544 0.00295004 -0.11142474
v 0.00604366 0.00295000 -0.10670792
v 0.00682017 0.00295000 -0.10809299
v 0.03744958 0.00295000 -0.08485813
v 0.02427685 0.00295000 -0.07884310
v 0.00894330 0.00295000 -0.07450619
v 0.00718510 0.00295000 -0.07509247
v 0.00604215 0.00295000 -0.07676313
v 0.04545680 0.00295000 -0.10892961
v 0.00820133 0.00295000 -0.10893618
v 0.04890074 -0.02802954 -0.10548376
v 0.05014829 -0.02568137 -0.10678443
v 0.04753064 -0.03406576 -0.05498962
v 0.04642802 -0.03560436 -0.03984812
v 0.04415061 -0.03476521 -0.07198864
v 0.04661897 -0.03379950 -0.06695466
v 0.04941596 -0.03495934 -0.02451329
v 0.04163944 -0.03597508 -0.06992302
v 0.04397118 -0.03697461 -0.03390238
v 0.04072855 -0.03804176 -0.03542504
v 0.03694863 -0.03614931 -0.09119133
v 0.04609513 -0.03077847 -0.10578421
v 0.05034037 -0.02943977 -0.07910494
v 0.04805807 -0.03222623 -0.07329234
v 0.04844911 -0.02897231 -0.10161267
v 0.04910830 -0.02830420 -0.10050569
v 0.04823624 -0.02900223 -0.10369612
v -0.05144342 -0.02262353 -0.10741633
v -0.04918302 -0.02757468 -0.10585121
v -0.04691745 -0.02978201 -0.10899618
v -0.04817551 -0.02915484 -0.10274110
v -0.04858797 -0.02886094 -0.10128849
v -0.04739352 -0.03050819 -0.09721415
v -0.05230738 -0.02953010 -0.05752414
v -0.04948439 -0.02787332 -0.10007487
v -0.04812840 -0.03394279 -0.05173455
v -0.04582204 -0.03575841 -0.04246647
v -0.04247548 -0.03576248 -0.06874958
v -0.04320608 -0.03719497 -0.03525870
v -0.03751670 -0.03579781 -0.09321921
v -0.04146428 -0.03802337 -0.03114004
v -0.03858007 -0.03873841 -0.03392274
v -0.05523466 -0.02411380 -0.04940296
v -0.05461379 -0.02646071 -0.04911009
v -0.05355414 -0.02892047 -0.04872847
v -0.05649976 -0.02851242 -0.01588345
v -0.05684023 -0.02547937 -0.01506777
v -0.05660033 -0.02574033 -0.02485120
v -0.05599075 -0.02884907 -0.02321365
v -0.05393880 -0.03284327 -0.01395666
v -0.05183047 -0.03117887 -0.04864435
v -0.04972730 -0.03301029 -0.04947541
v -0.05226040 -0.03399377 -0.01390226
v -0.05496900 -0.03163813 -0.01708691
v -0.05583255 -0.03047461 -0.01642175
v -0.05402939 -0.00205000 -0.05250809
v -0.05310336 -0.00205000 -0.05119861
v -0.05151020 -0.00205000 -0.05096847
v -0.05020075 -0.00205000 -0.05189451
v -0.04999826 -0.00205000 -0.05366698
v -0.05092584 -0.00205000 -0.05476703
v -0.05231133 -0.00205000 -0.05508538
v -0.05379925 -0.00205000 -0.05410120
v -0.05385516 -0.00205000 -0.10199135
v -0.05206051 -0.00205000 -0.10082753
v -0.05020075 -0.00205000 -0.10189450
v -0.04995427 -0.00205000 -0.10331219
v -0.05060098 -0.00205000 -0.10457818
v -0.05195434 -0.00205000 -0.10506709
v -0.05331340 -0.00205000 -0.10465002
v -0.05402987 -0.00205000 -0.10340215
v 0.05055857 -0.00205000 -0.10137421
v 0.05248979 -0.00205000 -0.10096847
v 0.05401875 -0.00205000 -0.10219871
v 0.05373944 -0.00205000 -0.10415224
v 0.05259049 -0.00205000 -0.10500025
v 0.05082174 -0.00205000 -0.10478249
v 0.04992548 -0.00205000 -0.10323166
v 0.04892503 -0.00205001 -0.10526016
v 0.05100742 -0.00204999 -0.10668074
v 0.05390922 -0.00205000 -0.10635313
v 0.05566875 -0.00205004 -0.10401683
v 0.05567059 -0.00204999 -0.10216765
v 0.05479749 -0.00205001 -0.10040864
v 0.05308026 -0.00205002 -0.09940033
v 0.05119358 -0.00205001 -0.09927081
v 0.04897378 -0.00205001 -0.10067098
v 0.04820053 -0.00204997 -0.10292654
v 0.05263636 -0.02018665 -0.09922392
v 0.05358521 -0.01766363 -0.09955013
v 0.05490491 -0.01430757 -0.10055801
v 0.05559260 -0.01112041 -0.10180139
v 0.05577138 -0.00949764 -0.10274680
v 0.05576082 -0.00954433 -0.10345379
v 0.05556039 -0.01049076 -0.10428621
v 0.05481947 -0.01360035 -0.10552842
v 0.05366474 -0.01640720 -0.10638220
v 0.05269004 -0.01810379 -0.10670706
v 0.05182193 -0.02056531 -0.10680688
v 0.05047885 -0.02421359 -0.10650143
v 0.04899772 -0.02757804 -0.10532776
v 0.04823628 -0.02896503 -0.10262246
v 0.05017132 -0.02650719 -0.09965014
v 0.05154708 -0.02271873 -0.09924977
v -0.05568070 -0.00205008 -0.10393562
v -0.05432505 -0.00205002 -0.10603075
v -0.05174775 -0.00205001 -0.10680602
v -0.04914191 -0.00205003 -0.10557500
v -0.04817861 -0.00204998 -0.10273459
v -0.04914173 -0.00205000 -0.10050951
v -0.05099792 -0.00205001 -0.09932500
v -0.05287035 -0.00205002 -0.09934181
v -0.05461941 -0.00204994 -0.10019711
v -0.05566670 -0.00204997 -0.10211391
v -0.04872168 -0.02804199 -0.10491680
v -0.04991763 -0.02542300 -0.10616563
v -0.05126540 -0.02214479 -0.10676101
v -0.05204686 -0.01967878 -0.10678865
v -0.05379535 -0.01651764 -0.10636584
v -0.05306793 -0.01800421 -0.10668059
v -0.05468104 -0.01450305 -0.10568663
v -0.05550057 -0.01146842 -0.10459197
v -0.05565164 -0.01005885 -0.10402085
v -0.05576928 -0.00940393 -0.10325459
v -0.05574452 -0.00995468 -0.10239361
v -0.05547084 -0.01216798 -0.10142735
v -0.05487883 -0.01490283 -0.10048685
v -0.05420994 -0.01658710 -0.09990697
v -0.05322878 -0.01844149 -0.09940916
v -0.05232658 -0.02076208 -0.09921479
v -0.05150079 -0.02324423 -0.09922924
v -0.05014828 -0.02645718 -0.09968045
v -0.04825033 -0.02884940 -0.10346922
v -0.04932267 -0.00205000 -0.05027252
v -0.05103431 -0.00205000 -0.04936109
v -0.05277633 -0.00204998 -0.04927916
v -0.05456618 -0.00204998 -0.05021315
v -0.05575957 -0.00205014 -0.05236098
v -0.05533867 -0.00205002 -0.05477123
v -0.05375848 -0.00205000 -0.05638138
v -0.05150428 -0.00204999 -0.05675389
v -0.04941108 -0.00205001 -0.05579994
v -0.04839332 -0.00205000 -0.05408130
v -0.04824024 -0.00204998 -0.05244150
v -0.05554818 -0.01271443 -0.05163942
v -0.05399381 -0.02472031 -0.04975957
v -0.05499605 -0.01738288 -0.05067429
v -0.05226809 -0.02974055 -0.04919682
v -0.05089537 -0.03144873 -0.04938077
v -0.04990362 -0.03244561 -0.04984375
v -0.04911924 -0.03302006 -0.05055436
v -0.04836794 -0.03349445 -0.05186404
v -0.04827602 -0.03338304 -0.05368400
v -0.04892042 -0.03265295 -0.05520604
v -0.05002088 -0.03145179 -0.05620874
v -0.05125012 -0.03001598 -0.05671598
v -0.05281205 -0.02701431 -0.05671701
v 0.05592329 -0.00979246 -0.10305107
v 0.05583818 -0.01245401 -0.10150240
v 0.05601470 -0.01041303 -0.10255193
v 0.05616625 -0.01001312 -0.10323002
v 0.05412959 -0.01649781 -0.10637712
v 0.05403501 -0.01780824 -0.09947053
v 0.05629940 -0.01041212 -0.10362277
v 0.05590517 -0.01181643 -0.10452946
v 0.05385464 -0.01751315 -0.10683304
v 0.05284796 -0.01912683 -0.10703202
v 0.05649866 -0.01223300 -0.10162002
v 0.05661380 -0.01060420 -0.10266326
v 0.05670319 -0.01019551 -0.10320888
v 0.05554847 -0.01544199 -0.10026788
v 0.05683015 -0.01105400 -0.10427880
v 0.05559309 -0.01511876 -0.10603625
v 0.05723131 -0.01015560 -0.10301898
v 0.05716785 -0.01010150 -0.10336341
v -0.05325810 -0.02778543 -0.05720724
v -0.05380100 -0.02575172 -0.05673243
v -0.04997580 -0.03202176 -0.05646535
v -0.05606996 -0.01833860 -0.05035065
v -0.05524594 -0.01993605 -0.05039663
v -0.05414043 -0.02623660 -0.04955230
v -0.05672219 -0.01308377 -0.05177990
v -0.05598788 -0.01509021 -0.05133619
v -0.05602079 -0.00989870 -0.10320725
v -0.05615967 -0.01033183 -0.10270194
v -0.05609078 -0.01024360 -0.10360596
v -0.05612046 -0.01167485 -0.10445039
v -0.05394880 -0.01848729 -0.09915937
v -0.05551048 -0.01491139 -0.10582358
v -0.05648650 -0.01135685 -0.10209835
v -0.05659727 -0.01019087 -0.10326024
v -0.05693778 -0.01040375 -0.10366492
v -0.05690204 -0.01018951 -0.10315955
v -0.05582614 -0.01485306 -0.10049204
v -0.05670479 -0.01168072 -0.10465396
v -0.05713527 -0.01121307 -0.10188900
v -0.05743022 -0.00993756 -0.10312014
v -0.05743067 -0.01001193 -0.10375693
v 0.00595800 0.00549202 -0.11069386
v 0.00579546 0.00592727 -0.06953875
v 0.00606168 -0.02705000 -0.10679654
v 0.00612236 -0.02705000 -0.07649048
v -0.00580304 0.00590671 -0.06668135
v -0.00595680 0.00549326 -0.11069230
v -0.00616508 -0.02705000 -0.10722495
v -0.00606613 -0.02705000 -0.07219635
v -0.00546934 0.00595279 -0.11172961
v 0.00549694 0.00595084 -0.11166861
v -0.00797388 -0.02705000 -0.10889545
v -0.04378143 -0.02705000 -0.10892948
v -0.04596131 -0.02705000 -0.10660484
v -0.04581351 -0.02705000 -0.05656778
v -0.04599347 0.00550030 -0.06129145
v -0.04605290 0.00551815 -0.09181073
v -0.04194110 -0.02705000 -0.05491602
v -0.03175088 -0.02705000 -0.06135195
v -0.01625052 -0.02705000 -0.06766524
v -0.00722025 -0.02705000 -0.07053333
v -0.04527595 -0.02705000 -0.10802507
v -0.04389754 -0.02705000 -0.05489761
v 0.04593620 -0.02705000 -0.10884192
v 0.00754330 -0.02705000 -0.10876401
v 0.00892762 -0.02705000 -0.07449226
v 0.02574225 -0.02705000 -0.07939837
v 0.03744958 -0.02705000 -0.08485813
v 0.04670867 -0.02705000 -0.09016095
v 0.04760685 -0.02705000 -0.09152613
v 0.04757001 -0.02705000 -0.10699766
v 0.00729325 -0.02705000 -0.07504445
v -0.05593437 0.00550030 -0.09170712
v -0.05588468 0.00550850 -0.06124956
v -0.05405547 0.00595000 -0.09387051
v -0.04816972 0.00595000 -0.09393718
v -0.05367617 0.00595000 -0.05904881
v -0.04787236 0.00595000 -0.05912805
v -0.05545573 0.00595233 -0.09272445
v -0.04647228 0.00595254 -0.06027390
v -0.04655772 0.00596433 -0.09283951
v -0.05532958 0.00596769 -0.06009288
v -0.00173945 -0.03850000 0.02215438
v -0.00201873 -0.03450000 0.02179916
v -0.00024453 -0.03850000 0.02312448
v -0.00012807 -0.03450000 0.02313467
v 0.00143886 -0.03850000 0.02251260
v 0.00151258 -0.03450000 0.02243888
v 0.00214785 -0.03850000 0.02068273
v 0.00210987 -0.03450000 0.02094414
v 0.00103275 -0.03450000 0.01909020
v 0.00077415 -0.03850000 0.01903649
v -0.00083476 -0.03850000 0.01908651
v -0.00144140 -0.03450000 0.01937633
v -0.00204975 -0.03850000 0.02039028
v 0.01627303 -0.03850000 -0.00966527
v 0.01611842 -0.03450000 -0.01007858
v 0.01733608 -0.03450000 -0.00853787
v 0.01741241 -0.03850000 -0.00853648
v 0.01902130 -0.03850000 -0.00858651
v 0.01962794 -0.03450000 -0.00887633
v 0.02023628 -0.03850000 -0.00989028
v 0.02026105 -0.03450000 -0.01073379
v 0.01992598 -0.03850000 -0.01165439
v 0.01921930 -0.03450000 -0.01240980
v 0.01860792 -0.03850000 -0.01256812
v 0.01674513 -0.03450000 -0.01212367
v 0.01703217 -0.03850000 -0.01223946
v 0.01618414 -0.03850000 -0.01109050
v -0.02031337 -0.03850000 -0.01093647
v -0.02026105 -0.03450000 -0.01026615
v -0.01946055 -0.03850000 -0.00878241
v -0.01936478 -0.03450000 -0.00871535
v -0.01751741 -0.03850000 -0.00849826
v -0.01741241 -0.03450000 -0.00853648
v -0.01631710 -0.03850000 -0.00957075
v -0.01637169 -0.03450000 -0.00950492
v -0.01611842 -0.03450000 -0.01092143
v -0.01622439 -0.03850000 -0.01135044
v -0.01718001 -0.03450000 -0.01235516
v -0.01759600 -0.03850000 -0.01250239
v -0.01877706 -0.03450000 -0.01250239
v -0.01902129 -0.03850000 -0.01241350
v -0.01992602 -0.03450000 -0.01165433
v 0.00070033 -0.03850018 0.02471821
v -0.00156162 -0.03850001 0.02448398
v -0.00341201 -0.03850003 0.02270386
v -0.00373639 -0.03850003 0.02020944
v -0.00274982 -0.03849997 0.01842626
v -0.00145722 -0.03849988 0.01749597
v 0.00137431 -0.03850001 0.01738407
v 0.00348840 -0.03850000 0.01943999
v 0.00373137 -0.03850000 0.02164115
v 0.00274218 -0.03850001 0.02365633
v 0.01667435 -0.03849997 -0.01401083
v 0.01926309 -0.03850000 -0.01416635
v 0.02126945 -0.03850009 -0.01273100
v 0.02196760 -0.03850006 -0.01066745
v 0.02141672 -0.03850006 -0.00846873
v 0.01937433 -0.03850003 -0.00687037
v 0.01704281 -0.03849989 -0.00688149
v 0.01482676 -0.03850000 -0.00857037
v 0.01460040 -0.03849994 -0.01194126
v 0.00192465 -0.03450000 0.00167320
v -0.01596494 -0.03449999 0.00929623
v -0.01565440 -0.03450000 0.01078029
v -0.01962642 -0.03450003 0.01258872
v -0.02052831 -0.03450001 0.01144192
v -0.03397228 -0.03450000 0.02130705
v -0.03874335 -0.03450000 0.01034692
v -0.02067663 -0.03450003 0.00998565
v -0.01989667 -0.03450003 0.00864425
v -0.01803261 -0.03449999 0.01304430
v -0.01864125 -0.03450006 0.00802510
v -0.01715837 -0.03449994 0.00815816
v -0.01641548 -0.03450000 0.01233125
v -0.04007190 -0.03450000 -0.00153258
v -0.02833235 -0.03450000 -0.02837929
v -0.03413164 -0.03450000 -0.02085741
v -0.01870872 -0.03450000 -0.03546956
v -0.00247499 -0.03449998 -0.02151264
v -0.00174336 -0.03450000 -0.02285722
v 0.00452284 -0.03450000 -0.03984533
v 0.00019304 -0.03450003 -0.02358467
v 0.00201117 -0.03450001 -0.02255775
v -0.00742268 -0.03450000 -0.03940825
v 0.01273947 -0.03450000 -0.03791709
v 0.02136323 -0.03450000 -0.03393698
v 0.03939592 -0.03450000 0.00748785
v 0.03985275 -0.03450000 -0.00445699
v 0.03676849 -0.03450000 -0.01600578
v 0.02833235 -0.03450000 0.02837929
v 0.03543856 -0.03450000 0.01876738
v 0.02051796 -0.03450000 0.00947327
v 0.02054803 -0.03450004 0.01157519
v 0.01872760 -0.03450001 0.01301431
v 0.02170185 -0.03450000 0.03360104
v 0.01683515 -0.03450001 0.01265639
v 0.01567219 -0.03450001 0.01107407
v 0.01321329 -0.03450000 0.03786179
v -0.00452283 -0.03450000 0.03984533
v 0.00497375 -0.03450000 0.03968957
v -0.02136322 -0.03450000 0.03393698
v -0.01273947 -0.03450000 0.03791710
v -0.02792948 -0.03450000 0.02863467
v -0.00234212 -0.03450000 -0.01999800
v 0.00252068 -0.03450000 -0.02108303
v -0.00134006 -0.03449998 -0.01885774
v 0.00216426 -0.03450001 -0.01965928
v 0.00050874 -0.03449997 -0.01845464
v 0.01620859 -0.03450000 0.00883880
v 0.01932866 -0.03450000 0.00822287
v 0.01783281 -0.03450000 0.00800012
v 0.03041717 -0.03450000 -0.02613239
v -0.03783990 -0.03450000 -0.01327585
v -0.02177276 -0.03850003 -0.01170074
v -0.02050869 -0.03850005 -0.01352875
v -0.01804069 -0.03850006 -0.01431298
v -0.01587306 -0.03849998 -0.01350040
v -0.01455240 -0.03850003 -0.01167391
v -0.01457206 -0.03849992 -0.00934338
v -0.01594451 -0.03850001 -0.00740949
v -0.01884661 -0.03850006 -0.00669722
v -0.02111525 -0.03850009 -0.00810917
v -0.02190704 -0.03850003 -0.00980323
v -0.03845459 -0.03380000 0.01137322
v -0.03339384 -0.03380000 0.02220265
v -0.02792948 -0.03380000 0.02863467
v -0.02045348 -0.03380000 0.03449292
v -0.01273947 -0.03380000 0.03791710
v -0.00346197 -0.03380000 0.03995148
v 0.00846771 -0.03380000 0.03919699
v 0.01964502 -0.03380000 0.03495969
v 0.02907678 -0.03380000 0.02761606
v 0.03413164 -0.03380000 0.02085741
v 0.03817945 -0.03380000 0.01226524
v 0.03980123 -0.03380000 0.00398271
v 0.03972018 -0.03380000 -0.00551487
v 0.03633000 -0.03380000 -0.01697758
v 0.02971170 -0.03380000 -0.02693178
v 0.02045349 -0.03380000 -0.03449291
v 0.01273947 -0.03380000 -0.03791709
v 0.00346198 -0.03380000 -0.03995148
v -0.00846769 -0.03380000 -0.03919700
v -0.01645149 -0.03380000 -0.03646023
v -0.02463608 -0.03380000 -0.03164127
v -0.03286802 -0.03380000 -0.02297389
v -0.03817946 -0.03380000 -0.01226521
v -0.04009848 -0.03380000 -0.00046676
v -0.02297506 -0.04183684 0.00276864
v -0.02030023 -0.04198567 -0.00730219
v -0.01274638 -0.04271954 -0.00174467
v -0.02047131 -0.04187108 0.00937627
v -0.02065171 -0.04176938 0.01117857
v -0.02375682 -0.04150948 0.01074873
v -0.01924016 -0.04202808 0.00818214
v -0.01641962 -0.04224033 0.00866557
v -0.01775880 -0.04215965 0.00801150
v -0.01055093 -0.04274593 0.00646916
v -0.01561803 -0.04223207 0.01039628
v -0.01790518 -0.04163483 0.01717117
v -0.01774543 -0.04191172 0.01302402
v -0.01622347 -0.04208272 0.01211163
v -0.00148610 -0.04320961 0.00276472
v -0.00238440 -0.04315772 -0.00393532
v 0.00319962 -0.04320348 -0.00052804
v -0.00836019 -0.04226837 0.01672959
v -0.01960154 -0.04178192 0.01262345
v -0.00302381 -0.04220677 0.01866569
v -0.00373524 -0.04202641 0.02051387
v -0.00120028 -0.04233173 0.01741151
v 0.00004401 -0.04284260 0.01070731
v 0.00129682 -0.04233405 0.01738977
v -0.00353543 -0.04184284 0.02248851
v -0.01207005 -0.04139350 0.02429449
v -0.00167121 -0.04165065 0.02443345
v 0.00058054 -0.04162151 0.02474272
v 0.00265508 -0.04173030 0.02374711
v 0.00379321 -0.04193344 0.02147487
v 0.00327620 -0.04216839 0.01905521
v 0.00585549 -0.04241434 0.01569300
v 0.01475203 -0.04191727 0.01681996
v 0.00919146 -0.04156063 0.02390915
v 0.00964746 -0.04282296 0.00586173
v 0.01791789 -0.04189879 0.01300153
v 0.01661372 -0.04203059 0.01250321
v 0.01924119 -0.04180115 0.01281746
v 0.02036049 -0.04176277 0.01178751
v 0.02073709 -0.04180804 0.01024349
v 0.01989536 -0.04195420 0.00861067
v 0.01830933 -0.04211626 0.00795641
v 0.01688023 -0.04221750 0.00834257
v 0.01590282 -0.04224796 0.00938291
v 0.01570169 -0.04218030 0.01105593
v 0.02284054 -0.04185721 0.00241018
v 0.02372498 -0.04150924 0.01081952
v 0.01721260 -0.04237442 -0.00223403
v 0.02524027 -0.04140615 -0.00948333
v 0.02157513 -0.04179442 -0.00873984
v 0.02195421 -0.04166469 -0.01084917
v 0.01992981 -0.04200275 -0.00713226
v 0.01616991 -0.04231607 -0.00721634
v 0.01838794 -0.04215021 -0.00673944
v 0.01079803 -0.04275452 -0.00553238
v 0.01462743 -0.04234837 -0.00920399
v 0.01537371 -0.04208667 -0.01308519
v 0.01237982 -0.04202224 -0.01703479
v 0.01708866 -0.04189357 -0.01410291
v 0.01444616 -0.04227592 -0.01107189
v 0.00575829 -0.04285965 -0.00882499
v 0.02122584 -0.04162662 -0.01283196
v 0.01898284 -0.04173462 -0.01423729
v 0.00193019 -0.04258151 -0.01453865
v 0.00137508 -0.04220439 -0.01885706
v 0.00223584 -0.04210600 -0.01985758
v 0.00254709 -0.04199501 -0.02108058
v -0.00067426 -0.04224020 -0.01849615
v 0.00739210 -0.04160506 -0.02418080
v 0.00206395 -0.04185593 -0.02243652
v 0.00105360 -0.04177117 -0.02331914
v -0.00049668 -0.04176516 -0.02348315
v -0.00186812 -0.04182765 -0.02273005
v -0.00250409 -0.04195964 -0.02136310
v -0.00226466 -0.04210820 -0.01983549
v -0.00462009 -0.04246137 -0.01548555
v -0.00875468 -0.04280483 -0.00707778
v -0.01271689 -0.04180831 -0.01952715
v -0.01447102 -0.04224888 -0.01150961
v -0.00770282 -0.04158529 -0.02429672
v -0.01774430 -0.04165407 -0.01701856
v -0.01467710 -0.04235016 -0.00908222
v -0.01604373 -0.04232080 -0.00733698
v -0.01821087 -0.04216633 -0.00671600
v -0.02193999 -0.04165487 -0.01107588
v -0.02170049 -0.04176990 -0.00909432
v -0.02496595 -0.04150817 -0.00750263
v -0.01595524 -0.04201410 -0.01358538
v -0.01785285 -0.04182435 -0.01425729
v -0.01984209 -0.04168060 -0.01394378
v -0.02132246 -0.04164676 -0.01258710
v -0.03266960 -0.03380002 -0.02735708
v -0.03914870 -0.03380002 -0.01682441
v -0.04233064 -0.03380002 -0.00487445
v -0.04194707 -0.03380002 0.00748587
v -0.03803014 -0.03380002 0.01921584
v -0.03090941 -0.03380001 0.02932721
v -0.02118441 -0.03380001 0.03696790
v -0.00967461 -0.03379999 0.04149367
v -0.00000000 -0.03380000 0.04250000
v 0.00967446 -0.03379999 0.04149373
v 0.02118445 -0.03380001 0.03696787
v 0.03090940 -0.03380001 0.02932721
v 0.03803011 -0.03380002 0.01921591
v 0.04194706 -0.03380002 0.00748594
v 0.04233062 -0.03380002 -0.00487464
v 0.03914877 -0.03380002 -0.01682427
v 0.03266971 -0.03380002 -0.02735694
v 0.02343913 -0.03380002 -0.03558569
v 0.01223472 -0.03380002 -0.04081738
v -0.00000001 -0.03380002 -0.04261163
v -0.01223474 -0.03380002 -0.04081737
v -0.02343911 -0.03380002 -0.03558569
v -0.03531945 -0.04022461 0.00948878
v -0.03627092 -0.04022373 -0.00493101
v -0.03148868 -0.04022502 -0.01864868
v -0.01324968 -0.04022416 0.03405635
v -0.02754587 -0.04022413 0.02445592
v -0.00319356 -0.04023322 0.03686715
v 0.01849210 -0.04022541 0.03188944
v 0.03148415 -0.04022405 0.01869173
v 0.03344048 -0.04022583 -0.01467616
v 0.03678545 -0.04022419 0.00216518
v 0.02056141 -0.04127457 -0.01905120
v 0.02223151 -0.04022375 -0.02946379
v -0.00739269 -0.04021717 -0.03608461
v 0.00789743 -0.04022097 -0.03565840
v -0.02172161 -0.04022488 -0.02935597
v 0.00610799 -0.02430002 0.04206166
v 0.01209044 -0.02430010 0.04074975
v 0.01782295 -0.02430024 0.03859123
v 0.02318623 -0.02430045 0.03563071
v 0.02806871 -0.02430072 0.03192949
v 0.03236878 -0.02430106 0.02756434
v 0.03599690 -0.02430146 0.02262583
v 0.03887745 -0.02430192 0.01721660
v 0.04095041 -0.02430244 0.01144914
v 0.04217262 -0.02430302 0.00544330
v 0.04251862 -0.02430365 -0.00067614
v 0.04198110 -0.02430433 -0.00678201
v 0.04057126 -0.02430506 -0.01274714
v 0.03832117 -0.02430901 -0.01843882
v 0.03520817 -0.02429999 -0.02385318
v 0.03140819 -0.02429997 -0.02867330
v 0.02695359 -0.02429996 -0.03289629
v 0.02193727 -0.02429995 -0.03643397
v 0.01646368 -0.02429995 -0.03921256
v 0.01064716 -0.02429996 -0.04117405
v 0.00302901 -0.02429111 -0.04247461
v -0.00461954 -0.02429889 -0.04227604
v -0.01064711 -0.02429996 -0.04117406
v -0.01646372 -0.02429995 -0.03921255
v -0.02193722 -0.02429995 -0.03643399
v -0.02695365 -0.02429996 -0.03289625
v -0.03140821 -0.02429997 -0.02867330
v -0.03520826 -0.02429999 -0.02385305
v -0.03827460 -0.02430002 -0.01853609
v -0.04054343 -0.02430005 -0.01283309
v -0.04196745 -0.02430009 -0.00686328
v -0.04251713 -0.02430012 -0.00075111
v -0.04218114 -0.02430016 0.00537637
v -0.04096662 -0.02430019 0.01139125
v -0.03889903 -0.02430022 0.01716819
v -0.03602161 -0.02430024 0.02258687
v -0.03239455 -0.02430025 0.02753445
v -0.02809346 -0.02430026 0.03190808
v -0.02320826 -0.02430025 0.03561666
v -0.01784077 -0.02430022 0.03858324
v -0.01210300 -0.02430017 0.04074620
v -0.00611439 -0.02430009 0.04206083
v -0.00000000 -0.02430000 0.04250000
v -0.04124914 -0.03919918 -0.01727642
v -0.03507376 -0.04012746 -0.02154763
v -0.04049875 -0.04016456 -0.00710730
v -0.04444465 -0.03832154 -0.01498462
v -0.03538009 -0.03963095 -0.02935802
v 0.03910541 -0.04015916 0.01227591
v 0.03500778 -0.04015952 0.02129698
v 0.02662181 -0.04015965 0.03149052
v 0.01252636 -0.04015908 0.03908692
v 0.00025688 -0.04015921 0.04111219
v -0.01199461 -0.04015905 0.03925953
v -0.02462295 -0.04015930 0.03298526
v -0.03310660 -0.04015925 0.02418597
v -0.03802034 -0.04015919 0.01530228
v -0.04057963 -0.04015907 0.00575572
v -0.01443875 -0.03995357 -0.04126873
v 0.03831857 -0.04015407 -0.01464453
v 0.04116441 -0.04016116 -0.00102504
v 0.03381867 -0.04004890 -0.02461948
v 0.03620077 -0.02969016 -0.05527737
v 0.03907255 -0.03009635 -0.05367352
v 0.03477577 -0.02854594 -0.05505290
v 0.03745710 -0.02824860 -0.05318863
v 0.03872934 -0.02917395 -0.05247934
v 0.03516002 -0.02935443 -0.05545806
v 0.04185043 -0.03035234 -0.05103637
v 0.04890735 -0.03056725 -0.04286529
v 0.05105833 -0.03175517 -0.04081811
v 0.04563745 -0.02998831 -0.04639481
v 0.04613041 -0.03101802 -0.04701666
v 0.04197173 -0.02935458 -0.04970746
v 0.04997020 -0.03199658 -0.04323694
v 0.05215287 -0.03142077 -0.03887449
v 0.05016876 -0.03322455 -0.04244152
v 0.05031443 -0.03267478 -0.04277474
v 0.04812404 -0.03319780 -0.05278457
v 0.04822591 -0.03250786 -0.05082190
v 0.05191438 -0.03211427 -0.03892257
v 0.04001768 -0.03922807 -0.02193995
v 0.04193763 -0.03859127 -0.02378604
v 0.04479579 -0.03835284 -0.01413820
v -0.02017240 -0.03978363 -0.04781319
v -0.02033114 -0.03983031 -0.04584783
v -0.01901350 -0.03987401 -0.04440433
v -0.01871776 -0.03976934 -0.04913955
v -0.01536044 -0.03985384 -0.04637640
v -0.01565477 -0.03982418 -0.04787490
v -0.01623645 -0.03988123 -0.04472649
v -0.01768143 -0.03988590 -0.04418258
v -0.04883395 -0.03574154 -0.01805062
v -0.04608681 -0.03818825 -0.00794605
v -0.00875406 -0.02380018 0.04220708
v -0.02033266 -0.02380017 0.03800979
v -0.03025045 -0.02380019 0.03071064
v -0.03769899 -0.02380022 0.02090641
v -0.04207158 -0.02380028 0.00939778
v -0.04301270 -0.02380043 -0.00287625
v -0.04044654 -0.02380073 -0.01491483
v -0.03458354 -0.02380053 -0.02573701
v -0.02590161 -0.02380057 -0.03446065
v -0.01786285 -0.02380000 -0.03911418
v -0.00925742 -0.02380097 -0.04210052
v -0.00000004 -0.02379931 -0.04301267
v 0.00925737 -0.02380145 -0.04210009
v 0.02071716 -0.02380088 -0.03780492
v 0.03055550 -0.02380048 -0.03041037
v 0.03766429 -0.02380312 -0.02090871
v 0.04192803 -0.02380192 -0.00994145
v 0.04303066 -0.02380146 0.00232668
v 0.04061683 -0.02380108 0.01440689
v 0.03488317 -0.02380061 0.02531153
v 0.02629743 -0.02380046 0.03414870
v 0.01556144 -0.02380029 0.04019570
v 0.00362333 -0.02380017 0.04294448
v 0.05537636 -0.03174812 -0.00879595
v 0.05616265 -0.03023281 -0.00905011
v 0.05552670 -0.03143909 -0.00340317
v 0.03757301 -0.03829629 0.02848974
v -0.05138914 -0.03501045 -0.00573524
v -0.04657430 -0.03822712 0.00124292
v -0.05514761 -0.03209893 -0.00755213
v -0.01813097 -0.03845596 0.04361351
v -0.01826919 -0.03790570 0.04479214
v -0.02505968 -0.03826125 0.04051934
v -0.01008123 -0.03827055 0.04680847
v -0.05604301 -0.02564411 -0.00088498
v -0.05670029 -0.02542346 -0.00839789
v -0.05634380 -0.02972821 -0.00874508
v -0.05439868 -0.02957487 0.00742347
v -0.05527275 -0.02524345 0.00351662
v -0.05374540 -0.02532964 0.01067661
v -0.04607223 -0.03106849 0.02956615
v -0.04857430 -0.02546677 0.02535646
v -0.04898662 -0.03101732 0.02384817
v -0.05155774 -0.02545030 0.01796855
v -0.05227050 -0.03065495 0.01526722
v -0.04251181 -0.03070285 0.03517247
v -0.04534571 -0.02529210 0.03131257
v -0.02798262 -0.02944518 0.04843275
v -0.03140234 -0.02547081 0.04639377
v -0.03355777 -0.02943615 0.04461925
v -0.03504173 -0.02531480 0.04353132
v -0.03822230 -0.02531442 0.04059868
v -0.03868165 -0.03058816 0.03978495
v -0.04206564 -0.02550103 0.03619625
v -0.02186867 -0.02946711 0.05154111
v -0.02378611 -0.02517263 0.05077690
v -0.02754709 -0.02529866 0.04879525
v -0.01038142 -0.03065208 0.05493897
v -0.01531742 -0.02546823 0.05404226
v -0.01503498 -0.03056250 0.05386627
v -0.01989311 -0.02546724 0.05247672
v 0.01493116 -0.02946693 0.05400737
v 0.01397668 -0.02533733 0.05439122
v 0.00786966 -0.02531601 0.05563942
v 0.00821227 -0.02943926 0.05546930
v 0.00314415 -0.02531324 0.05610042
v 0.00090698 -0.03058617 0.05596996
v -0.00161098 -0.02546756 0.05620958
v -0.00524503 -0.03071646 0.05569707
v -0.00870268 -0.02537011 0.05553005
v 0.02146429 -0.02943740 0.05171885
v 0.01983868 -0.02549482 0.05252654
v 0.03808676 -0.02932380 0.04060308
v 0.03523239 -0.02514351 0.04335443
v 0.03308461 -0.02943640 0.04498716
v 0.03175984 -0.02531482 0.04608993
v 0.02812471 -0.02531612 0.04848653
v 0.02753174 -0.02943844 0.04869696
v 0.02413300 -0.02515858 0.05058618
v 0.03926665 -0.02538538 0.03951806
v 0.05274520 -0.03073295 0.01351984
v 0.05168227 -0.02529915 0.01755450
v 0.05123103 -0.03111544 0.01811419
v 0.04895772 -0.02530115 0.02445198
v 0.04880833 -0.03110408 0.02416947
v 0.04564695 -0.02530651 0.03083452
v 0.04580636 -0.03107834 0.03001723
v 0.04263124 -0.02546459 0.03539990
v 0.04231857 -0.03073699 0.03541356
v 0.05397066 -0.02518437 0.00966170
v 0.05421167 -0.03067922 0.00778263
v 0.05572249 -0.02553814 0.00117261
v 0.05540030 -0.03019005 0.00163985
v 0.05641408 -0.02870409 -0.00616668
v 0.05660237 -0.02541774 -0.00666863
v 0.05633768 -0.02944702 -0.01455917
v 0.05681289 -0.02525840 -0.01454041
v -0.05607130 -0.02980760 -0.00366540
v -0.05523457 -0.03081468 0.00176648
v -0.05388926 -0.03165511 0.00779996
v -0.05526980 -0.03180606 -0.00353003
v 0.00296291 -0.03827887 0.04788763
v -0.00456378 -0.03827394 0.04771920
v -0.02960679 -0.03826227 0.03715147
v -0.03393362 -0.03824490 0.03298920
v -0.03708588 -0.03830340 0.02887981
v -0.05250196 -0.03254448 0.01151823
v -0.05255360 -0.03353637 0.00678520
v -0.04853562 -0.03472721 0.01695436
v -0.05044569 -0.03260054 0.01817866
v -0.04681676 -0.03318815 0.02551809
v -0.03862688 -0.03254922 0.03850644
v -0.04017638 -0.03360727 0.03520097
v -0.03370972 -0.03373329 0.04170695
v -0.03492950 -0.03246328 0.04222652
v -0.02833697 -0.03361141 0.04580103
v -0.05329582 -0.03354651 0.00090980
v -0.04597829 -0.03828024 0.00683567
v -0.04464817 -0.03826059 0.01314190
v -0.04217879 -0.03802247 0.02107898
v -0.04334371 -0.03329157 0.03138534
v -0.02261079 -0.03360868 0.04896458
v -0.01651237 -0.03360698 0.05140510
v -0.01014845 -0.03360692 0.05308360
v -0.04120309 -0.03857701 0.02024641
v 0.05366884 -0.03225195 0.00708897
v 0.05245884 -0.03256743 0.01161571
v 0.05426953 -0.03242850 0.00303359
v 0.00002905 -0.03254688 0.05506718
v -0.00363406 -0.03360913 0.05396091
v 0.00492126 -0.03353636 0.05390787
v 0.04810196 -0.03283879 0.02342261
v 0.04491504 -0.03316146 0.02906928
v 0.04747251 -0.03471515 0.01989503
v 0.05045199 -0.03284035 0.01749015
v 0.05078229 -0.03476916 0.00834011
v 0.05355552 -0.03353834 -0.00402016
v 0.04656769 -0.03824370 0.00230558
v 0.04657323 -0.03819416 -0.00467114
v 0.04563893 -0.03824301 0.00988275
v 0.04362462 -0.03826492 0.01666922
v 0.04141270 -0.03827015 0.02188794
v 0.03241447 -0.03828109 0.03465432
v 0.02703139 -0.03828051 0.03926545
v 0.02088755 -0.03827951 0.04293886
v 0.01560714 -0.03828096 0.04520246
v 0.01009408 -0.03827944 0.04681144
v 0.01142198 -0.03353586 0.05286964
v 0.01774097 -0.03353476 0.05104246
v 0.02377222 -0.03353332 0.04846480
v 0.02940956 -0.03353170 0.04517586
v 0.03454723 -0.03353026 0.04121504
v 0.03793161 -0.03352752 0.03787285
v 0.04101963 -0.03352872 0.03421267
v 0.05293738 -0.03352183 -0.01446222
v 0.05556685 -0.03091712 -0.01626030
v 0.05460104 -0.03213678 -0.01568117
v -0.05449141 -0.03220263 0.00197365
v -0.05010237 -0.03139133 0.02083261
v -0.04194190 -0.03211998 0.03496389
v 0.04197498 -0.03211585 0.03492513
v -0.03569536 -0.03107671 0.04248014
v -0.03029188 -0.03161287 0.04645438
v -0.01826879 -0.03161544 0.05249180
v -0.01167708 -0.03211866 0.05406027
v -0.00500656 -0.03211948 0.05511909
v 0.00510255 -0.03161830 0.05542670
v 0.03910756 -0.03162096 0.03884070
v -0.02448835 -0.03161361 0.04984010
v 0.01181822 -0.03161700 0.05435350
v 0.01834092 -0.03161513 0.05246640
v 0.02455795 -0.03161354 0.04980532
v 0.03035658 -0.03161327 0.04641069
v 0.03562399 -0.03161577 0.04232367
v 0.04690692 -0.03333006 -0.06480539
v 0.04726960 -0.03276694 -0.06925875
v 0.04675522 -0.03268512 -0.06481624
v 0.04724375 -0.03357879 -0.05928561
v 0.05666765 -0.02567535 -0.02352499
v 0.05530647 -0.02825072 -0.03408921
v 0.05607143 -0.02579151 -0.03285866
v 0.05590713 -0.02946471 -0.02128075
v 0.05364702 -0.03057897 -0.03658807
v 0.05158705 -0.02702471 -0.08149008
v 0.04806871 -0.03174992 -0.07267802
v 0.04933925 -0.03017528 -0.07626712
v 0.02239939 -0.02681967 -0.06106274
v 0.01686133 -0.02523440 -0.06280921
v 0.02476967 -0.02533686 -0.06007167
v 0.02825357 -0.02763712 -0.05859152
v 0.03409088 -0.02513185 -0.05526218
v 0.03833254 -0.02531488 -0.05245879
v 0.02969632 -0.02535406 -0.05780135
v 0.04666940 -0.02535040 -0.04521722
v 0.04256596 -0.02530603 -0.04908105
v 0.05320366 -0.02506389 -0.03724240
v 0.04999220 -0.02527025 -0.04146844
v 0.01149267 -0.02402105 -0.06631491
v 0.01463968 -0.02603809 -0.06527599
v 0.01159141 -0.02412297 -0.06534012
v 0.01506769 -0.02588334 -0.06396932
v 0.01245031 -0.02419365 -0.06429569
v 0.01373303 -0.02452147 -0.06372912
v 0.01780788 -0.02725025 -0.06395666
v 0.02496938 -0.02804444 -0.06044265
v 0.01922998 -0.02723182 -0.06273301
v 0.02235466 -0.02829186 -0.06242238
v 0.02819542 -0.02826223 -0.05887966
v -0.01907178 -0.02380000 -0.04894394
v -0.01735452 -0.02380001 -0.04917603
v -0.01588476 -0.02380000 -0.04825897
v 0.01162176 -0.02382925 -0.06398103
v 0.01426696 -0.02384871 -0.06225266
v -0.01532904 -0.02380000 -0.04641530
v 0.04321143 -0.02382818 -0.04659839
v 0.03340695 -0.02389663 -0.05436781
v -0.02029683 -0.02380000 -0.04576838
v -0.02021598 -0.02380000 -0.04770610
v -0.05467039 -0.02382184 -0.00253190
v -0.01893227 -0.02380000 -0.04436812
v -0.05525215 -0.02383116 -0.02075428
v 0.02491170 -0.02383567 -0.05843439
v 0.05506247 -0.02381713 -0.00589654
v 0.05474210 -0.02386406 -0.03243987
v -0.01607929 -0.02379998 -0.04494280
v 0.01083058 -0.02382826 -0.06568612
v -0.01723217 -0.02380000 -0.04423327
v -0.05155663 -0.02381313 0.01299598
v -0.04168706 -0.02380995 0.03423233
v 0.05079928 -0.02384593 -0.03839015
v 0.04927296 -0.02382903 0.01987091
v -0.02721094 -0.02383192 0.04733728
v -0.01620878 -0.02385350 0.05231645
v -0.00911299 -0.02385429 0.05407196
v 0.04157930 -0.02382019 0.03435135
v 0.00846605 -0.02384688 0.05422379
v -0.03568225 -0.02387631 0.04136029
v 0.03160792 -0.02381660 0.04443200
v 0.02265682 -0.02388953 0.05002062
v -0.00022081 -0.02382959 0.05476074
v 0.01594092 -0.02427671 -0.06248366
v 0.05579136 -0.02473242 -0.03281845
v 0.03990004 -0.02428863 -0.05055426
v 0.04778638 -0.02437035 -0.04328506
v 0.02664969 -0.02428615 -0.05862700
v 0.05591005 -0.02405759 -0.01717204
v 0.05620007 -0.02448740 -0.02324305
v 0.05340797 -0.02387051 0.00612599
v 0.05607150 -0.02437861 -0.00670096
v 0.05369664 -0.02426844 0.00827773
v 0.05112178 -0.02426056 0.01721533
v 0.02907599 -0.02428708 0.04721322
v 0.01339993 -0.02432580 0.05396806
v -0.04468029 -0.02426117 0.03118259
v -0.04814592 -0.02394643 0.02345903
v -0.05215503 -0.02423219 0.01383109
v -0.05392200 -0.02426190 0.00712389
v -0.05548481 -0.02436760 -0.00099419
v 0.00604985 -0.02441308 0.05539740
v -0.00684847 -0.02449147 0.05534483
v -0.01224357 -0.02461973 0.05447196
v -0.01727442 -0.02443497 0.05295509
v -0.03669948 -0.02441788 0.04144118
v -0.04155320 -0.02448994 0.03613412
v -0.05590540 -0.02410159 -0.01045920
v -0.05640923 -0.02454768 -0.01059399
v 0.04784015 -0.02440947 0.02574180
v 0.04531772 -0.02409426 0.02979750
v 0.04228982 -0.02449053 0.03513217
v 0.03963229 -0.02455084 0.03856395
v 0.01979433 -0.02449121 0.05207416
v -0.00155346 -0.02449082 0.05577703
v -0.02514991 -0.02412830 0.04925723
v -0.03115068 -0.02449135 0.04603973
v -0.04809972 -0.02451966 0.02538741
v -0.05063517 -0.02447020 0.01927422
v 0.05537004 -0.02461616 0.00127346
v 0.03539465 -0.02405345 0.04204616
v -0.05638751 -0.02462585 -0.02217288
f 1 2 3
f 3 2 4
f 5 6 7
f 7 6 8
f 9 10 1
f 10 2 1
f 11 12 10
f 11 10 9
f 3 4 13
f 3 13 14
f 15 16 17
f 17 16 6
f 17 6 5
f 7 8 18
f 7 18 19
f 20 21 22
f 23 24 25
f 26 27 28
f 29 26 30
f 13 4 31
f 6 16 32
f 31 16 13
f 33 6 32
f 6 33 34
f 6 34 8
f 8 34 35
f 8 36 18
f 37 10 12
f 37 12 36
f 38 4 37
f 4 2 37
f 39 40 41
f 41 40 42
f 43 39 44
f 45 46 43
f 47 46 48
f 49 50 51
f 49 51 48
f 48 51 47
f 38 52 4
f 52 53 4
f 4 53 54
f 53 55 54
f 37 56 57
f 37 57 58
f 37 58 59
f 37 59 38
f 32 60 61
f 61 33 32
f 8 35 62
f 63 62 64
f 63 64 32
f 32 64 60
f 62 63 8
f 8 63 65
f 8 65 36
f 18 36 12
f 29 66 67
f 67 66 68
f 69 67 68
f 70 71 69
f 69 71 67
f 2 10 37
f 72 37 73
f 72 73 74
f 74 73 75
f 75 76 77
f 77 76 70
f 70 76 71
f 41 49 78
f 79 78 80
f 79 80 81
f 81 80 82
f 81 82 83
f 84 83 85
f 86 29 30
f 30 28 87
f 87 28 88
f 28 27 89
f 30 26 28
f 28 89 88
f 88 89 85
f 39 41 44
f 89 27 85
f 85 27 90
f 85 90 84
f 84 90 83
f 83 90 91
f 83 91 81
f 81 91 79
f 78 79 41
f 92 93 94
f 95 96 97
f 95 97 98
f 92 98 99
f 92 99 93
f 97 100 101
f 97 101 99
f 102 100 103
f 104 105 80
f 99 98 97
f 103 100 97
f 103 97 96
f 96 95 88
f 88 106 96
f 96 106 103
f 103 107 102
f 103 106 107
f 102 107 108
f 78 49 104
f 78 104 80
f 82 80 105
f 48 46 45
f 42 50 49
f 41 42 49
f 83 82 107
f 83 107 85
f 4 54 31
f 16 31 109
f 16 109 32
f 110 111 112
f 113 24 114
f 114 24 115
f 114 115 111
f 25 24 113
f 116 21 25
f 25 21 20
f 25 20 23
f 23 20 117
f 94 93 117
f 118 119 116
f 116 119 120
f 121 122 92
f 121 92 123
f 123 92 22
f 123 22 124
f 124 22 21
f 125 110 126
f 125 126 118
f 118 126 119
f 127 87 121
f 127 121 128
f 128 121 123
f 128 123 129
f 129 123 124
f 129 124 130
f 110 72 74
f 110 74 126
f 119 126 77
f 119 77 131
f 119 131 120
f 87 122 121
f 130 124 21
f 130 21 132
f 132 21 116
f 55 56 54
f 54 56 37
f 54 37 72
f 126 74 75
f 126 75 77
f 77 70 131
f 131 70 132
f 132 70 69
f 132 69 130
f 130 69 68
f 130 68 129
f 129 68 66
f 129 66 128
f 128 66 86
f 128 86 127
f 87 88 95
f 87 95 122
f 122 95 98
f 122 98 92
f 22 92 94
f 22 94 20
f 20 94 117
f 66 29 86
f 86 30 127
f 127 30 87
f 45 43 133
f 133 43 44
f 133 44 134
f 105 108 82
f 82 108 107
f 107 106 85
f 85 106 88
f 131 132 120
f 120 132 116
f 116 25 113
f 116 113 118
f 118 113 114
f 118 114 125
f 125 114 111
f 125 111 110
f 72 110 112
f 72 112 54
f 135 136 137
f 138 139 140
f 141 139 142
f 142 139 138
f 136 143 144
f 145 146 143
f 145 147 146
f 148 149 147
f 150 149 148
f 151 152 153
f 151 153 154
f 151 154 155
f 156 157 158
f 159 160 161
f 161 160 162
f 161 162 142
f 142 162 141
f 156 159 157
f 157 159 161
f 162 160 163
f 163 160 159
f 163 159 137
f 137 136 163
f 163 136 144
f 163 144 162
f 164 150 148
f 152 151 165
f 152 165 166
f 152 166 140
f 166 138 140
f 167 168 169
f 170 171 172
f 173 174 175
f 176 177 178
f 176 178 179
f 179 178 180
f 180 178 181
f 180 181 182
f 181 183 182
f 184 185 183
f 173 186 187
f 187 186 188
f 188 186 189
f 171 170 175
f 175 170 173
f 174 173 190
f 190 191 192
f 190 192 174
f 193 191 194
f 195 196 178
f 197 181 178
f 197 178 196
f 178 177 195
f 181 197 184
f 181 184 183
f 198 199 185
f 198 185 184
f 169 168 200
f 200 168 187
f 200 187 188
f 201 167 169
f 177 176 193
f 195 201 196
f 168 167 194
f 194 191 168
f 168 191 190
f 168 190 187
f 187 190 173
f 202 173 170
f 193 194 177
f 177 194 195
f 195 194 167
f 195 167 201
f 203 204 205
f 206 207 208
f 209 210 211
f 203 212 213
f 203 213 204
f 214 215 216
f 213 212 217
f 205 210 203
f 203 210 209
f 218 211 219
f 214 216 219
f 214 219 211
f 213 217 220
f 221 222 172
f 172 222 223
f 218 209 211
f 224 225 226
f 226 225 222
f 215 227 228
f 226 222 221
f 170 223 227
f 214 220 227
f 227 220 217
f 170 172 223
f 208 229 230
f 230 229 218
f 218 229 209
f 227 202 170
f 227 215 214
f 225 224 207
f 207 224 231
f 206 208 230
f 207 231 208
f 232 233 234
f 227 234 228
f 230 233 206
f 234 223 232
f 223 234 227
f 233 232 206
f 200 188 235
f 236 237 238
f 239 240 241
f 241 240 242
f 241 242 243
f 243 242 244
f 245 237 246
f 246 237 236
f 238 247 236
f 248 249 250
f 250 249 251
f 250 251 252
f 252 251 253
f 253 251 235
f 254 249 248
f 254 248 238
f 238 248 247
f 255 196 201
f 255 201 256
f 201 169 256
f 256 169 257
f 257 169 200
f 258 241 198
f 241 199 198
f 198 184 258
f 258 184 197
f 259 197 196
f 197 245 239
f 197 239 258
f 258 239 241
f 245 260 239
f 243 261 199
f 243 199 241
f 259 196 255
f 200 235 251
f 200 251 257
f 257 251 249
f 257 249 256
f 256 249 254
f 256 254 255
f 255 254 238
f 255 238 259
f 259 238 237
f 259 237 197
f 197 237 245
f 262 263 264
f 263 265 264
f 262 266 263
f 267 265 263
f 24 268 115
f 267 269 270
f 270 269 271
f 270 271 272
f 273 274 275
f 271 276 272
f 271 273 275
f 271 275 276
f 277 271 269
f 24 23 278
f 278 23 117
f 268 24 279
f 280 281 282
f 281 283 282
f 282 283 284
f 282 284 279
f 99 101 285
f 285 101 286
f 101 100 286
f 287 288 289
f 285 93 99
f 285 287 290
f 290 287 278
f 278 287 279
f 278 117 290
f 290 117 93
f 290 93 285
f 287 285 288
f 288 285 286
f 288 291 289
f 291 292 280
f 280 289 291
f 289 280 282
f 24 278 279
f 282 279 287
f 282 287 289
f 288 286 293
f 286 100 293
f 293 100 102
f 281 273 271
f 281 271 277
f 281 277 294
f 281 294 283
f 280 292 273
f 280 273 281
f 295 262 264
f 295 296 262
f 297 298 295
f 262 296 299
f 299 296 298
f 296 295 298
f 300 231 301
f 300 208 231
f 302 208 300
f 303 304 305
f 303 305 306
f 307 306 305
f 308 305 304
f 307 305 309
f 309 305 308
f 301 307 309
f 301 309 310
f 311 301 310
f 300 301 311
f 300 311 302
f 312 313 314
f 314 313 315
f 314 315 179
f 179 315 176
f 191 193 316
f 316 193 315
f 315 193 176
f 174 192 317
f 317 192 316
f 316 192 191
f 171 175 318
f 318 175 317
f 317 175 174
f 319 224 320
f 320 224 226
f 320 226 321
f 321 226 221
f 321 221 318
f 318 221 172
f 318 172 171
f 313 312 322
f 322 312 323
f 323 324 322
f 325 306 307
f 231 326 301
f 301 326 325
f 301 325 307
f 326 231 224
f 326 224 319
f 327 328 329
f 328 327 330
f 331 332 333
f 334 335 336
f 337 338 339
f 340 341 342
f 340 343 341
f 344 345 346
f 347 348 349
f 350 351 352
f 352 351 353
f 354 355 356
f 356 355 357
f 358 309 308
f 358 308 304
f 359 360 310
f 310 360 311
f 311 360 361
f 311 361 302
f 361 209 229
f 332 362 363
f 364 252 365
f 366 364 365
f 364 366 367
f 367 366 368
f 369 370 368
f 371 372 373
f 374 375 371
f 371 375 372
f 376 377 378
f 377 376 379
f 380 381 382
f 382 381 338
f 382 338 383
f 383 338 337
f 383 337 384
f 351 385 353
f 353 385 386
f 353 386 387
f 387 386 388
f 388 386 389
f 388 389 390
f 390 389 391
f 390 391 392
f 392 391 393
f 392 393 394
f 394 393 384
f 394 384 395
f 395 384 396
f 397 380 398
f 397 398 399
f 399 398 400
f 380 397 381
f 384 401 383
f 356 402 403
f 339 338 404
f 404 338 381
f 404 381 405
f 405 381 397
f 405 397 406
f 406 397 399
f 406 399 407
f 407 399 400
f 407 400 408
f 408 400 409
f 408 409 410
f 411 412 413
f 414 415 411
f 416 417 409
f 409 417 410
f 410 417 357
f 418 415 419
f 419 415 414
f 419 414 420
f 411 413 414
f 421 411 415
f 422 423 413
f 413 423 424
f 425 424 426
f 416 402 417
f 417 402 357
f 357 402 356
f 356 403 354
f 354 403 421
f 354 421 418
f 418 421 415
f 425 303 424
f 424 303 414
f 414 303 420
f 335 427 428
f 336 335 428
f 336 428 426
f 429 430 431
f 432 428 433
f 424 414 413
f 422 413 412
f 425 304 303
f 423 334 336
f 423 336 424
f 424 336 426
f 304 425 434
f 428 427 431
f 428 431 433
f 433 431 430
f 309 435 359
f 309 359 310
f 304 434 358
f 428 432 426
f 426 432 425
f 425 432 436
f 425 436 434
f 434 436 358
f 358 437 435
f 435 437 438
f 309 358 435
f 360 438 439
f 360 439 361
f 440 439 438
f 440 438 441
f 441 438 437
f 441 437 442
f 442 437 443
f 443 437 358
f 359 435 438
f 359 438 360
f 436 444 443
f 436 443 358
f 441 442 445
f 441 445 440
f 440 445 446
f 432 447 436
f 448 440 449
f 449 440 446
f 449 446 450
f 439 203 361
f 361 203 209
f 229 208 302
f 432 433 430
f 432 430 447
f 436 447 444
f 443 444 451
f 443 451 442
f 442 451 452
f 442 452 445
f 445 452 453
f 445 453 446
f 446 453 166
f 446 166 165
f 446 165 454
f 455 456 457
f 455 457 203
f 455 203 448
f 448 203 439
f 448 439 440
f 456 455 458
f 456 458 459
f 460 461 462
f 462 461 463
f 462 463 464
f 449 463 461
f 465 466 467
f 465 467 459
f 468 469 470
f 471 472 473
f 470 466 468
f 471 473 470
f 470 473 466
f 469 462 474
f 473 297 467
f 473 467 466
f 462 464 474
f 462 469 460
f 460 469 468
f 454 463 450
f 450 463 449
f 458 461 460
f 458 460 465
f 458 465 459
f 475 476 477
f 363 362 478
f 363 478 479
f 479 478 480
f 479 480 481
f 479 481 365
f 477 482 475
f 483 475 482
f 362 484 485
f 486 487 483
f 484 486 485
f 483 485 486
f 362 332 484
f 488 486 489
f 332 331 484
f 333 332 490
f 490 332 363
f 491 492 488
f 488 492 493
f 488 493 487
f 488 487 486
f 494 495 491
f 494 491 488
f 494 488 489
f 496 495 331
f 486 484 489
f 489 484 331
f 489 331 494
f 494 331 495
f 490 497 498
f 498 333 490
f 333 498 496
f 333 496 331
f 499 500 501
f 499 501 502
f 503 500 504
f 505 506 507
f 508 509 506
f 506 509 510
f 510 509 511
f 507 512 513
f 499 506 505
f 499 505 500
f 507 513 514
f 507 514 505
f 515 504 505
f 505 504 500
f 500 503 501
f 510 511 516
f 508 506 517
f 512 510 516
f 518 519 374
f 518 374 371
f 520 521 371
f 506 510 507
f 507 510 512
f 512 516 373
f 373 516 520
f 373 520 371
f 502 517 499
f 499 517 506
f 371 521 518
f 519 518 522
f 523 330 327
f 503 504 524
f 524 504 525
f 524 525 526
f 526 525 527
f 528 527 529
f 529 527 525
f 514 530 505
f 505 530 515
f 525 515 369
f 525 369 529
f 529 369 368
f 531 528 368
f 368 528 529
f 515 525 504
f 477 476 532
f 477 532 528
f 528 532 527
f 528 533 477
f 477 533 534
f 477 534 482
f 482 485 483
f 370 367 368
f 368 366 531
f 531 366 365
f 531 365 481
f 362 485 482
f 362 482 478
f 478 482 480
f 480 482 534
f 480 534 481
f 481 534 533
f 481 533 531
f 531 533 528
f 518 535 330
f 330 535 536
f 518 521 535
f 520 537 521
f 522 518 330
f 522 330 523
f 538 340 539
f 539 340 329
f 540 541 542
f 543 541 540
f 536 328 330
f 544 349 545
f 545 349 546
f 545 546 346
f 545 346 543
f 543 346 541
f 541 346 345
f 541 345 542
f 542 345 547
f 542 547 548
f 548 547 549
f 548 549 538
f 538 549 343
f 538 343 340
f 329 340 342
f 329 342 327
f 544 550 551
f 543 550 545
f 545 550 544
f 544 551 552
f 552 551 553
f 548 540 542
f 554 351 553
f 553 351 350
f 553 350 552
f 552 350 347
f 376 378 555
f 555 378 556
f 557 337 339
f 557 339 558
f 554 555 556
f 385 351 556
f 556 351 554
f 544 552 347
f 544 347 349
f 385 378 386
f 389 386 377
f 389 377 391
f 557 396 337
f 337 396 384
f 401 384 393
f 401 393 559
f 559 393 391
f 559 391 379
f 379 391 377
f 377 386 378
f 556 378 385
f 448 449 455
f 455 449 461
f 455 461 458
f 465 460 466
f 466 460 468
f 470 469 560
f 560 469 474
f 229 302 361
f 450 446 454
f 561 562 563
f 561 564 565
f 561 566 562
f 563 564 561
f 562 272 563
f 567 568 569
f 568 570 569
f 570 568 571
f 561 572 566
f 570 572 569
f 569 572 561
f 569 561 567
f 567 561 565
f 570 566 572
f 252 364 250
f 250 364 367
f 250 367 370
f 250 370 248
f 248 370 247
f 247 573 236
f 236 573 246
f 246 574 245
f 245 574 260
f 260 575 239
f 239 575 576
f 239 576 240
f 513 512 577
f 240 576 242
f 576 575 513
f 574 246 514
f 514 246 573
f 514 573 530
f 530 573 247
f 530 247 515
f 515 247 370
f 515 370 369
f 577 576 513
f 513 574 514
f 577 244 242
f 577 242 576
f 575 260 513
f 513 260 574
f 578 579 580
f 580 579 581
f 579 578 582
f 583 261 580
f 583 580 581
f 199 261 324
f 324 261 583
f 199 324 185
f 323 185 324
f 185 323 584
f 584 323 312
f 582 585 586
f 585 582 587
f 587 582 578
f 588 587 578
f 588 578 243
f 588 243 244
f 261 243 580
f 580 243 578
f 589 133 134
f 590 45 133
f 591 45 590
f 45 591 592
f 593 594 595
f 596 593 595
f 594 597 595
f 593 598 594
f 593 599 598
f 600 593 596
f 600 601 599
f 600 599 593
f 602 603 600
f 600 603 601
f 604 600 596
f 604 596 605
f 600 604 602
f 603 606 601
f 607 608 602
f 609 607 604
f 604 607 602
f 604 610 609
f 609 611 607
f 612 609 610
f 610 604 605
f 609 612 613
f 612 610 614
f 612 614 615
f 614 616 615
f 610 605 614
f 605 617 614
f 614 617 618
f 617 595 619
f 617 596 595
f 617 605 596
f 595 597 619
f 65 63 620
f 32 621 622
f 32 622 63
f 32 623 621
f 32 624 623
f 625 626 627
f 589 628 133
f 629 630 626
f 630 629 631
f 625 627 632
f 632 627 628
f 632 628 633
f 633 628 634
f 628 635 634
f 634 635 636
f 634 636 637
f 637 636 638
f 633 634 637
f 632 639 640
f 632 640 629
f 629 640 631
f 641 642 643
f 641 643 644
f 644 643 645
f 646 647 643
f 643 647 631
f 643 648 645
f 591 649 650
f 591 650 651
f 590 652 591
f 591 652 653
f 646 642 653
f 653 642 649
f 649 642 650
f 631 648 643
f 646 643 642
f 642 641 650
f 650 641 651
f 627 626 133
f 627 133 628
f 635 628 589
f 635 589 636
f 636 589 654
f 654 589 134
f 655 652 656
f 657 656 590
f 657 590 133
f 652 590 656
f 656 657 655
f 632 629 625
f 625 629 626
f 626 658 657
f 658 655 657
f 649 591 653
f 638 659 637
f 637 659 639
f 637 639 633
f 633 639 632
f 636 654 638
f 631 640 648
f 630 631 626
f 626 631 658
f 658 631 647
f 658 647 655
f 655 647 646
f 655 646 652
f 652 646 653
f 626 657 133
f 594 660 597
f 597 661 619
f 597 660 661
f 662 594 598
f 660 594 662
f 601 663 599
f 606 603 664
f 606 665 601
f 601 665 663
f 603 666 667
f 666 602 608
f 666 603 602
f 603 667 664
f 608 668 666
f 608 611 669
f 611 609 613
f 608 607 611
f 608 669 668
f 613 670 671
f 613 671 611
f 611 671 669
f 615 672 612
f 613 612 673
f 612 672 673
f 616 674 672
f 616 672 615
f 675 674 616
f 676 675 618
f 618 675 616
f 617 619 618
f 614 618 616
f 619 676 618
f 677 678 679
f 680 681 677
f 677 681 678
f 661 682 683
f 683 682 684
f 679 674 677
f 677 674 675
f 677 675 680
f 680 675 683
f 680 683 684
f 654 134 685
f 686 687 688
f 689 41 79
f 689 79 690
f 691 688 692
f 689 688 691
f 44 41 691
f 691 41 689
f 688 689 693
f 687 692 688
f 689 690 693
f 688 693 686
f 686 693 694
f 686 694 695
f 696 697 698
f 699 700 701
f 701 700 702
f 700 659 638
f 700 703 659
f 704 703 699
f 700 699 703
f 702 134 701
f 700 638 654
f 700 654 685
f 702 700 685
f 705 44 706
f 134 44 701
f 701 44 705
f 701 705 699
f 699 705 706
f 699 706 704
f 685 134 702
f 696 698 687
f 696 687 686
f 704 698 697
f 704 697 703
f 706 44 691
f 706 691 692
f 706 692 704
f 704 692 698
f 698 692 687
f 686 695 696
f 696 695 707
f 708 65 709
f 710 711 712
f 712 713 156
f 156 713 159
f 156 158 710
f 156 710 712
f 711 714 712
f 715 710 716
f 716 710 158
f 717 711 718
f 714 713 712
f 719 711 717
f 717 37 36
f 720 708 721
f 721 708 709
f 722 723 724
f 722 724 725
f 720 724 723
f 720 723 726
f 722 36 723
f 723 36 726
f 726 36 65
f 726 65 708
f 726 708 720
f 721 135 727
f 713 728 137
f 135 137 728
f 135 728 727
f 727 728 724
f 724 728 713
f 724 713 725
f 720 721 727
f 720 727 724
f 722 725 719
f 37 717 729
f 37 729 73
f 730 718 710
f 730 710 715
f 719 717 36
f 719 36 722
f 729 717 730
f 730 717 718
f 710 718 711
f 711 719 714
f 714 719 725
f 714 725 713
f 713 137 159
f 731 732 733
f 65 620 709
f 732 147 145
f 732 734 735
f 145 143 736
f 143 136 736
f 721 737 136
f 721 136 135
f 738 739 736
f 739 145 736
f 740 741 742
f 145 742 734
f 736 737 743
f 736 743 738
f 145 739 742
f 742 739 738
f 620 740 744
f 738 743 744
f 744 743 709
f 744 709 620
f 63 740 620
f 63 745 740
f 740 745 741
f 746 747 748
f 749 750 751
f 746 752 753
f 746 753 747
f 750 621 752
f 752 746 751
f 752 621 623
f 752 623 753
f 754 755 756
f 755 622 756
f 756 622 621
f 756 621 750
f 750 752 751
f 63 622 745
f 745 622 733
f 745 733 757
f 733 755 731
f 749 758 732
f 748 758 746
f 758 749 746
f 746 749 751
f 732 148 147
f 749 732 759
f 759 760 749
f 742 741 734
f 734 741 757
f 734 757 735
f 735 757 732
f 750 749 760
f 750 760 756
f 756 760 731
f 756 731 754
f 742 738 744
f 742 744 740
f 709 743 721
f 721 743 737
f 737 736 136
f 733 622 755
f 731 755 754
f 745 757 741
f 758 148 732
f 760 759 731
f 731 759 732
f 732 757 733
f 145 734 732
f 268 761 762
f 269 267 763
f 763 267 263
f 266 763 263
f 102 764 293
f 764 765 766
f 293 764 766
f 766 288 293
f 269 763 277
f 767 268 279
f 268 767 761
f 768 105 104
f 769 770 771
f 771 770 772
f 48 45 773
f 770 48 772
f 772 48 773
f 774 775 776
f 777 775 774
f 765 764 776
f 776 764 774
f 774 768 777
f 48 770 49
f 49 770 768
f 49 768 104
f 778 773 45
f 770 769 779
f 770 779 768
f 105 768 774
f 105 774 108
f 108 774 102
f 102 774 764
f 591 651 592
f 651 780 592
f 592 780 781
f 782 783 784
f 782 784 785
f 782 786 644
f 782 644 783
f 644 787 783
f 644 645 787
f 45 592 785
f 45 785 778
f 788 786 780
f 780 786 781
f 785 592 781
f 641 788 780
f 641 780 651
f 788 641 644
f 788 644 786
f 786 782 785
f 786 785 781
f 785 784 778
f 789 639 659
f 789 659 703
f 639 789 790
f 639 790 640
f 640 790 791
f 640 791 648
f 648 791 792
f 648 792 645
f 707 524 696
f 697 793 794
f 703 795 789
f 703 697 795
f 524 793 696
f 696 793 697
f 697 794 795
f 662 598 599
f 796 599 663
f 668 667 666
f 664 665 606
f 796 662 599
f 662 797 660
f 663 665 798
f 663 798 796
f 676 619 661
f 670 613 673
f 799 672 800
f 661 683 676
f 674 800 672
f 676 683 675
f 799 673 672
f 661 801 802
f 801 803 804
f 801 804 805
f 802 682 661
f 801 661 660
f 805 802 801
f 803 801 660
f 806 807 674
f 679 808 806
f 674 679 806
f 679 678 808
f 809 806 808
f 681 810 678
f 678 810 811
f 812 684 682
f 812 682 813
f 812 814 684
f 684 814 680
f 680 814 681
f 681 814 810
f 690 79 815
f 816 817 818
f 818 817 819
f 819 820 818
f 818 820 821
f 821 820 822
f 822 820 823
f 822 823 824
f 694 825 824
f 825 826 821
f 821 826 818
f 818 826 827
f 818 827 816
f 816 827 828
f 816 828 829
f 830 695 824
f 824 695 694
f 831 832 833
f 834 833 832
f 832 835 829
f 831 833 26
f 831 26 29
f 834 836 27
f 833 834 27
f 833 27 26
f 828 837 838
f 828 838 829
f 839 837 840
f 837 839 838
f 840 837 826
f 840 841 815
f 842 839 840
f 841 840 826
f 841 690 815
f 841 693 690
f 843 91 842
f 842 91 90
f 842 90 839
f 839 90 836
f 836 90 27
f 844 729 730
f 845 846 847
f 847 846 848
f 849 850 851
f 852 851 848
f 848 851 847
f 853 832 831
f 834 832 838
f 838 832 829
f 853 851 852
f 853 852 832
f 832 852 854
f 855 76 75
f 855 75 844
f 844 75 73
f 73 729 844
f 76 855 856
f 857 851 850
f 851 857 847
f 847 857 858
f 847 858 845
f 845 858 856
f 845 856 855
f 845 855 844
f 849 851 853
f 850 67 857
f 849 853 29
f 849 29 67
f 67 71 857
f 857 71 858
f 858 71 856
f 856 71 76
f 850 849 67
f 839 836 838
f 838 836 834
f 859 860 861
f 860 862 863
f 860 863 861
f 864 715 865
f 864 860 859
f 824 825 822
f 862 860 864
f 862 864 865
f 716 865 715
f 861 866 859
f 859 866 867
f 867 866 868
f 816 869 817
f 846 864 859
f 859 867 870
f 870 867 871
f 835 832 854
f 859 870 848
f 822 825 821
f 869 816 829
f 869 829 872
f 872 829 835
f 872 835 854
f 872 854 873
f 873 854 871
f 873 871 874
f 874 871 867
f 874 867 868
f 843 840 815
f 843 815 91
f 91 815 79
f 842 840 843
f 693 841 825
f 693 825 694
f 853 831 29
f 825 841 826
f 826 837 827
f 827 837 828
f 854 852 871
f 871 852 870
f 870 852 848
f 859 848 846
f 846 845 864
f 864 845 844
f 864 844 715
f 715 844 730
f 54 112 875
f 876 748 747
f 748 876 877
f 748 877 758
f 878 879 880
f 881 882 151
f 883 884 885
f 753 885 886
f 883 885 624
f 753 623 885
f 885 623 624
f 887 888 889
f 889 888 890
f 32 891 892
f 32 892 624
f 883 624 892
f 893 879 894
f 894 879 895
f 889 895 887
f 887 895 879
f 894 896 897
f 897 893 894
f 889 31 898
f 109 31 889
f 898 899 895
f 54 899 31
f 31 899 898
f 889 898 895
f 900 887 878
f 164 900 155
f 155 900 878
f 155 878 880
f 155 880 151
f 881 151 880
f 901 880 879
f 880 901 881
f 887 879 878
f 902 888 900
f 900 888 887
f 758 877 148
f 877 903 148
f 148 903 164
f 904 905 903
f 903 905 164
f 902 900 164
f 902 164 905
f 906 905 904
f 903 877 907
f 907 908 903
f 904 903 908
f 877 876 886
f 886 876 747
f 902 905 888
f 888 905 906
f 892 884 883
f 886 885 877
f 877 885 884
f 877 884 907
f 907 884 908
f 753 886 747
f 884 892 908
f 908 892 891
f 908 891 904
f 904 891 906
f 899 54 875
f 899 875 895
f 32 109 909
f 909 109 890
f 890 109 889
f 894 895 875
f 894 875 896
f 893 910 879
f 897 910 893
f 891 32 909
f 891 909 906
f 906 909 890
f 906 890 888
f 879 910 901
f 762 911 912
f 896 875 912
f 115 268 912
f 912 268 762
f 875 112 111
f 875 111 912
f 912 111 115
f 266 262 913
f 767 279 761
f 761 279 284
f 914 283 915
f 294 277 916
f 916 277 763
f 917 918 915
f 915 918 914
f 917 915 916
f 266 917 763
f 919 920 921
f 922 914 923
f 922 923 921
f 911 761 921
f 921 761 284
f 921 284 922
f 762 761 911
f 920 911 921
f 917 916 763
f 283 294 915
f 915 294 916
f 284 283 922
f 922 283 914
f 917 266 913
f 274 292 924
f 924 292 925
f 291 288 765
f 288 766 765
f 291 765 926
f 291 926 927
f 926 765 928
f 926 929 927
f 565 930 931
f 932 931 924
f 924 931 930
f 924 930 275
f 276 275 933
f 930 565 933
f 930 933 275
f 926 928 929
f 934 924 925
f 275 274 924
f 924 934 932
f 273 292 274
f 292 291 925
f 925 291 927
f 925 927 929
f 565 564 933
f 933 564 563
f 563 272 276
f 933 563 276
f 483 487 935
f 936 937 938
f 939 940 941
f 532 942 943
f 794 793 944
f 527 944 526
f 526 944 793
f 944 527 532
f 476 942 532
f 777 779 938
f 945 946 779
f 779 946 938
f 938 946 936
f 947 948 949
f 946 947 936
f 947 935 936
f 492 937 936
f 776 775 950
f 775 951 950
f 937 492 952
f 777 938 937
f 777 937 775
f 775 937 951
f 951 937 952
f 950 951 952
f 950 952 953
f 950 953 776
f 492 936 493
f 949 475 483
f 777 768 779
f 787 645 954
f 954 645 955
f 939 955 956
f 939 956 940
f 955 939 954
f 957 783 954
f 954 783 787
f 957 772 783
f 773 778 784
f 784 783 773
f 773 783 772
f 957 954 958
f 949 942 475
f 483 935 949
f 949 935 947
f 958 954 959
f 948 946 941
f 935 487 493
f 935 493 936
f 948 947 946
f 769 771 958
f 769 958 959
f 771 772 958
f 958 772 957
f 943 942 941
f 939 959 954
f 789 795 790
f 790 795 960
f 792 955 645
f 794 961 795
f 940 956 962
f 962 956 960
f 962 960 961
f 961 960 795
f 790 960 791
f 791 960 956
f 791 956 792
f 792 956 955
f 941 946 939
f 939 946 945
f 939 945 959
f 942 476 475
f 941 942 949
f 941 949 948
f 959 945 769
f 769 945 779
f 794 944 961
f 961 944 532
f 961 532 962
f 962 532 943
f 962 943 940
f 940 943 941
f 793 524 526
f 707 830 503
f 695 830 707
f 707 503 524
f 823 963 964
f 830 964 503
f 964 830 824
f 964 824 823
f 963 502 964
f 964 502 501
f 503 964 501
f 965 966 805
f 805 966 509
f 805 509 813
f 966 511 509
f 802 805 682
f 682 805 813
f 966 967 511
f 511 967 516
f 805 804 965
f 965 804 967
f 804 968 967
f 520 516 969
f 969 516 967
f 969 967 968
f 965 967 966
f 970 804 803
f 398 971 400
f 400 971 409
f 972 973 382
f 974 668 975
f 975 668 669
f 975 669 976
f 976 669 671
f 673 977 670
f 978 799 807
f 807 799 800
f 977 673 978
f 978 673 799
f 670 977 979
f 670 979 671
f 671 979 976
f 980 981 379
f 980 379 376
f 982 401 559
f 982 559 981
f 981 559 379
f 383 972 382
f 983 380 973
f 973 380 382
f 972 383 401
f 984 985 986
f 416 987 402
f 409 971 416
f 988 412 411
f 411 421 988
f 988 421 987
f 987 421 403
f 987 403 402
f 983 398 380
f 804 970 989
f 804 989 968
f 968 989 990
f 989 991 990
f 990 991 537
f 968 990 969
f 969 990 537
f 969 537 520
f 991 521 537
f 535 521 991
f 992 991 989
f 548 538 993
f 548 993 994
f 548 994 540
f 540 994 995
f 550 996 551
f 997 553 998
f 998 553 551
f 998 551 996
f 987 416 971
f 982 972 401
f 999 980 376
f 999 376 555
f 996 550 1000
f 1000 550 543
f 1000 543 995
f 995 543 540
f 985 412 986
f 986 412 988
f 986 988 1001
f 1001 988 987
f 1001 987 1002
f 1002 987 971
f 1002 971 1003
f 1003 971 398
f 1003 398 1004
f 1004 398 983
f 1004 983 973
f 1004 973 1005
f 1005 973 972
f 1005 972 1006
f 1006 972 982
f 1006 982 981
f 1006 981 1007
f 1007 981 980
f 1007 980 999
f 1007 999 1008
f 1008 999 997
f 1008 997 998
f 1008 998 1009
f 1009 998 996
f 1009 996 1000
f 1009 1000 1010
f 1010 1000 995
f 1010 995 1011
f 1011 995 994
f 1011 994 993
f 1011 993 1012
f 1012 993 1013
f 1012 1013 1014
f 1014 1013 1015
f 1014 1015 991
f 1014 991 992
f 535 991 1015
f 535 1015 536
f 536 1015 328
f 328 1015 1013
f 328 1013 329
f 329 1013 539
f 539 1013 993
f 539 993 538
f 660 797 803
f 1016 662 1017
f 1016 797 662
f 989 970 992
f 992 970 1018
f 992 1018 1014
f 1014 1018 1019
f 1014 1019 1012
f 1012 1019 1020
f 1012 1020 1011
f 1011 1020 1021
f 1011 1021 1010
f 1010 1021 1022
f 1010 1022 1009
f 1009 1022 1023
f 1009 1023 1008
f 1008 1023 1024
f 1008 1024 1007
f 1007 1024 1025
f 1007 1025 1026
f 1007 1026 1006
f 1006 1026 1027
f 1006 1027 1005
f 1005 1027 1028
f 1005 1028 1004
f 1004 1028 1029
f 1004 1029 1003
f 1003 1029 1030
f 1003 1030 1002
f 1002 1030 1031
f 1002 1031 1001
f 1001 1031 1032
f 1001 1032 986
f 986 1032 984
f 1017 662 796
f 665 1033 798
f 664 1034 1033
f 1033 665 664
f 1034 664 667
f 1034 667 1035
f 1035 667 974
f 974 667 668
f 422 412 1036
f 1036 412 985
f 807 800 674
f 809 985 984
f 806 809 807
f 999 555 997
f 997 555 554
f 997 554 553
f 970 803 797
f 970 797 1016
f 970 1016 1018
f 1018 1016 1017
f 1018 1017 1019
f 1019 1017 1020
f 1020 1017 796
f 1020 796 798
f 1020 798 1021
f 1021 798 1022
f 1022 798 1033
f 1022 1033 1023
f 1023 1033 1034
f 1023 1034 1024
f 1024 1034 1035
f 1024 1035 1025
f 1025 1035 1026
f 1026 1035 974
f 1026 974 1027
f 1027 974 975
f 1027 975 1028
f 1028 975 976
f 1028 976 1029
f 1029 976 979
f 1029 979 1030
f 1030 979 1031
f 1031 979 977
f 1031 977 1032
f 1032 977 978
f 1032 978 984
f 984 978 807
f 984 807 809
f 985 1037 1036
f 334 423 1038
f 423 422 1038
f 334 1038 1037
f 334 1037 1039
f 1036 1037 1038
f 1036 1038 422
f 985 809 1037
f 1037 809 808
f 1037 808 1039
f 678 811 1039
f 678 1039 808
f 334 1039 335
f 811 335 1039
f 1040 1041 819
f 817 1042 819
f 819 1042 1040
f 1043 963 820
f 1043 502 963
f 963 823 820
f 1041 1043 820
f 1040 1043 1041
f 819 1041 820
f 1044 1045 1046
f 1044 1046 1047
f 1044 1047 1048
f 817 1048 1042
f 1049 1050 1051
f 429 1052 1053
f 1052 861 1053
f 1052 431 1049
f 1052 1049 866
f 866 861 1052
f 1051 866 1049
f 1049 431 427
f 861 863 1053
f 1050 1045 1051
f 1051 1045 874
f 1051 874 868
f 1051 868 866
f 811 810 1050
f 811 1050 335
f 335 1050 1054
f 427 1054 1049
f 1049 1054 1050
f 1054 427 335
f 509 508 1055
f 509 1055 813
f 813 1055 1042
f 1046 810 814
f 508 517 1056
f 1042 1056 1040
f 1040 1056 517
f 1040 517 1043
f 1043 517 502
f 813 1042 812
f 1048 817 869
f 1048 869 1044
f 1044 869 872
f 1044 872 873
f 1044 873 1045
f 1045 873 874
f 1052 429 431
f 1045 1050 810
f 1045 810 1046
f 1047 1046 814
f 1047 814 1048
f 1048 814 812
f 1048 812 1042
f 1056 1042 1055
f 1056 1055 508
f 865 716 1057
f 430 429 1053
f 1057 447 430
f 865 1057 862
f 862 1057 430
f 862 430 863
f 863 430 1053
f 1057 716 447
f 897 896 1058
f 897 1058 910
f 1059 464 463
f 463 882 1059
f 560 474 1060
f 1059 474 464
f 1061 1062 1063
f 1060 1063 560
f 1064 911 1061
f 1064 1061 1058
f 1058 1061 1063
f 1058 1063 1060
f 1058 1060 474
f 451 444 157
f 157 444 447
f 447 716 158
f 447 158 157
f 451 157 161
f 451 161 452
f 452 161 142
f 452 142 453
f 453 142 138
f 453 138 166
f 1064 896 912
f 1064 912 911
f 896 1064 1058
f 910 1058 474
f 910 474 901
f 901 474 1059
f 901 1059 881
f 881 1059 882
f 882 463 151
f 151 463 454
f 151 454 165
f 560 1063 1065
f 1066 917 913
f 1065 1062 919
f 1065 1063 1062
f 920 1062 1061
f 920 1061 911
f 1067 1068 1069
f 1068 1067 923
f 923 1067 919
f 919 1067 1065
f 1069 1068 1070
f 1062 920 919
f 1068 918 1066
f 1066 913 1071
f 262 299 913
f 299 298 1071
f 913 299 1071
f 1071 298 297
f 471 470 1065
f 1065 470 560
f 471 1069 472
f 472 297 473
f 919 921 923
f 923 914 1068
f 1068 914 918
f 918 917 1066
f 1071 297 472
f 1071 472 1070
f 1070 472 1069
f 1066 1071 1070
f 1066 1070 1068
f 1069 471 1067
f 1067 471 1065
f 928 776 953
f 1072 1073 934
f 492 491 952
f 952 491 1074
f 934 1075 1072
f 1072 1076 1073
f 931 567 565
f 567 1077 568
f 1078 1077 567
f 1078 567 931
f 1079 1077 1076
f 1076 1077 1078
f 1077 571 568
f 765 776 928
f 929 928 953
f 934 925 1075
f 1075 925 929
f 953 952 1074
f 491 1080 1074
f 1075 1080 1072
f 1072 495 496
f 929 953 1074
f 1077 1079 498
f 498 1079 496
f 496 1079 1072
f 1072 1079 1076
f 491 495 1080
f 1078 931 1076
f 1076 931 1073
f 1073 931 932
f 1073 932 934
f 1075 929 1074
f 1075 1074 1080
f 1072 1080 495
f 1077 498 497
f 1077 497 571
f 1081 1082 1083
f 1082 1081 1084
f 1082 1084 1085
f 1086 1085 1084
f 1087 1088 1089
f 1087 1089 1090
f 1088 1087 1091
f 1088 1091 1092
f 1092 1091 1093
f 1092 1093 1094
f 1094 1093 1095
f 1096 1097 1098
f 1083 1082 1099
f 1099 1082 1096
f 1099 1096 1098
f 1100 1101 1102
f 1102 1101 1103
f 1104 1105 1106
f 1107 1108 1109
f 1107 1109 1106
f 1106 1109 1104
f 1108 1107 1110
f 1111 1112 1113
f 1094 1095 579
f 579 1095 1114
f 1097 1096 1115
f 1105 1104 1085
f 1105 1085 1086
f 1116 1117 1113
f 1113 1117 1118
f 1113 1118 1111
f 1101 1119 1103
f 1090 1089 1120
f 1121 326 319
f 1115 1096 1121
f 1121 1096 326
f 1111 1122 1112
f 1112 1122 1110
f 1110 1122 1108
f 1119 1101 1117
f 1119 1117 1116
f 1120 1089 1100
f 1120 1100 1102
f 1123 579 1114
f 1124 317 1125
f 1125 317 316
f 1125 316 1126
f 1126 316 315
f 1126 315 1127
f 1127 315 313
f 1127 313 1128
f 1128 313 322
f 1128 322 1129
f 1129 322 324
f 1129 324 583
f 1130 581 1123
f 1123 581 579
f 1121 319 1131
f 1131 319 320
f 1131 320 1132
f 1132 320 321
f 1132 321 1124
f 1124 321 318
f 1124 318 317
f 1129 583 1130
f 1130 583 581
f 585 1133 1134
f 1134 1133 372
f 1134 372 375
f 373 372 1133
f 587 1133 585
f 1133 587 588
f 512 373 577
f 577 373 1133
f 577 1133 244
f 244 1133 588
f 467 297 212
f 1135 1136 1137
f 1137 1136 212
f 467 212 459
f 212 456 459
f 497 1137 212
f 497 212 571
f 570 571 212
f 497 490 1137
f 1137 490 363
f 203 457 212
f 212 457 456
f 297 295 212
f 212 267 270
f 1137 363 479
f 212 566 570
f 1137 479 365
f 212 272 562
f 212 265 267
f 212 270 272
f 295 264 212
f 264 265 212
f 212 562 566
f 253 1138 1139
f 365 1140 1141
f 252 1142 365
f 1142 1140 365
f 1141 1143 365
f 365 1143 1137
f 1137 1143 1144
f 1144 1145 1137
f 253 1139 252
f 252 1139 1142
f 253 235 1138
f 1138 235 188
f 1138 188 1146
f 1146 188 189
f 1145 1144 1138
f 1145 1138 1146
f 1147 1146 189
f 1148 1140 1149
f 1149 1140 1142
f 1149 1142 1150
f 1150 1142 1139
f 1150 1139 1138
f 1150 1138 1151
f 1151 1138 1144
f 1151 1144 1152
f 1152 1144 1143
f 1152 1143 1153
f 1153 1143 1141
f 1153 1141 1148
f 1148 1141 1140
f 1148 1152 1153
f 1148 1151 1152
f 1148 1150 1151
f 1148 1149 1150
f 1154 213 220
f 1154 220 1155
f 1155 220 214
f 1155 214 1156
f 1156 214 1157
f 1157 214 211
f 1157 211 1158
f 1158 211 210
f 1158 210 1159
f 1159 210 205
f 1159 205 1160
f 1160 205 204
f 1160 204 1154
f 1154 204 213
f 1157 1160 1154
f 1157 1159 1160
f 1157 1158 1159
f 1157 1155 1156
f 1157 1154 1155
f 1161 223 1162
f 1162 223 222
f 1162 222 225
f 1162 225 1163
f 1163 225 207
f 1163 207 1164
f 1164 207 1165
f 1165 207 206
f 1165 206 1166
f 1166 206 1167
f 1167 206 232
f 1167 232 1161
f 1161 232 223
f 1165 1161 1162
f 1165 1167 1161
f 1166 1167 1165
f 1165 1163 1164
f 1162 1163 1165
f 219 216 1168
f 1168 216 1169
f 215 228 1170
f 1170 228 1171
f 234 233 1172
f 1172 233 1173
f 1174 1175 218
f 218 1175 230
f 1170 1171 1173
f 1171 1172 1173
f 1173 1175 1168
f 1173 1168 1170
f 1170 1168 1169
f 1175 1174 1168
f 173 1176 1177
f 173 1177 186
f 1178 1176 173
f 1179 1180 1178
f 1178 1180 1176
f 1179 1136 1180
f 1180 1136 1135
f 227 217 1178
f 1178 217 1179
f 1145 1146 1180
f 1180 1146 1176
f 189 186 1147
f 1147 186 1177
f 1147 1177 1176
f 1147 1176 1146
f 173 202 227
f 173 227 1178
f 230 1175 1173
f 230 1173 233
f 234 1172 1171
f 234 1171 228
f 215 1170 1169
f 215 1169 216
f 219 1168 218
f 218 1168 1174
f 1135 1137 1180
f 1180 1137 1145
f 212 1136 217
f 217 1136 1179
f 1094 582 586
f 579 582 1094
f 375 374 519
f 420 1181 419
f 419 1182 418
f 418 1182 354
f 406 1183 405
f 405 1184 404
f 547 1185 549
f 303 306 420
f 420 306 1181
f 419 1181 1182
f 354 1182 355
f 1183 1184 405
f 345 1186 547
f 547 1186 1185
f 519 1187 375
f 355 1188 357
f 357 1188 410
f 410 1189 408
f 407 1183 406
f 1184 1190 404
f 404 1190 1191
f 404 1191 339
f 339 1191 558
f 558 1192 557
f 557 1192 1193
f 557 1193 396
f 396 1193 395
f 395 1193 394
f 394 1194 392
f 392 1194 390
f 388 1195 387
f 387 1196 353
f 353 1196 1197
f 353 1197 352
f 352 1197 1198
f 352 1198 350
f 350 1198 347
f 347 1198 1199
f 347 1199 348
f 348 1199 1200
f 348 1200 349
f 349 1200 1201
f 349 1201 546
f 546 1201 346
f 344 1186 345
f 343 1202 341
f 341 1202 342
f 342 1203 327
f 327 1203 523
f 522 1204 519
f 519 1204 1187
f 306 1205 1181
f 1181 1206 1182
f 1182 1188 355
f 1188 1189 410
f 408 1207 407
f 407 1207 1183
f 1193 1208 394
f 394 1208 1194
f 1194 1195 390
f 390 1195 388
f 1201 1209 346
f 346 1209 344
f 344 1209 1186
f 1185 1210 549
f 549 1210 343
f 1205 1206 1181
f 1206 1211 1182
f 1183 1212 1184
f 1184 1213 1190
f 1191 1192 558
f 1210 1214 343
f 343 1214 1202
f 1202 1215 342
f 342 1215 1203
f 1203 1216 523
f 523 1216 522
f 522 1216 1204
f 1182 1211 1188
f 1189 1217 408
f 408 1217 1207
f 1207 1212 1183
f 1212 1213 1184
f 1186 1218 1185
f 306 325 1205
f 1188 1219 1189
f 1213 1191 1190
f 1193 1109 1208
f 1208 1220 1194
f 1194 1220 1195
f 1195 1221 1122
f 1195 1122 387
f 387 1122 1196
f 1196 1222 1197
f 1197 1222 1118
f 1197 1118 1198
f 1198 1118 1199
f 1199 1223 1200
f 1200 1101 1201
f 1201 1101 1209
f 1209 1218 1186
f 1214 1224 1202
f 1202 1224 1215
f 1215 1225 1203
f 1203 1225 1216
f 1216 586 1204
f 1205 325 1206
f 1206 1226 1211
f 1211 1219 1188
f 1219 1082 1189
f 1189 1082 1217
f 1217 1227 1207
f 1207 1227 1212
f 1192 1228 1193
f 1193 1228 1109
f 1109 1108 1208
f 1208 1108 1220
f 1220 1221 1195
f 1122 1111 1196
f 1196 1111 1222
f 1200 1223 1101
f 1101 1229 1209
f 1209 1229 1218
f 1218 1230 1185
f 1185 1230 1210
f 1210 1230 1214
f 325 1226 1206
f 1212 1227 1213
f 1213 1085 1191
f 1191 1085 1104
f 1191 1104 1192
f 1192 1104 1228
f 1118 1117 1199
f 1199 1117 1223
f 1224 1088 1215
f 1215 1088 1225
f 1225 1092 1216
f 1216 1092 586
f 1226 1096 1211
f 1211 1096 1219
f 1217 1082 1227
f 1227 1085 1213
f 1218 1100 1230
f 325 326 1096
f 325 1096 1226
f 1220 1108 1221
f 1222 1111 1118
f 1229 1100 1218
f 1230 1089 1214
f 1214 1089 1224
f 1224 1089 1088
f 1225 1088 1092
f 1092 1094 586
f 1219 1096 1082
f 1227 1082 1085
f 1228 1104 1109
f 1221 1108 1122
f 1117 1101 1223
f 1229 1101 1100
f 1230 1100 1089
f 1204 585 1187
f 586 585 1204
f 585 1134 375
f 585 375 1187
f 312 314 182
f 180 182 314
f 183 584 182
f 182 584 312
f 183 185 584
f 314 179 180
f 14 13 16
f 164 155 15
f 154 1231 155
f 155 1231 14
f 155 14 15
f 15 14 16
f 1232 150 15
f 15 150 164
f 18 12 19
f 19 12 11
f 144 1233 162
f 162 1233 19
f 1234 141 11
f 11 141 162
f 11 162 19
f 1235 1236 46
f 46 1236 43
f 1237 1238 39
f 39 1238 40
f 50 42 1239
f 1239 42 1240
f 47 51 1241
f 1241 51 1242
f 1240 1236 1239
f 1239 1236 1235
f 1235 1241 1239
f 1239 1241 1242
f 1240 1238 1236
f 1236 1238 1237
f 1235 1243 1241
f 47 1241 1243
f 47 1243 46
f 46 1243 1235
f 43 1236 1237
f 43 1237 39
f 50 1239 1242
f 50 1242 51
f 42 40 1240
f 1240 40 1238
f 17 1244 1245
f 17 1245 1246
f 1247 1248 1249
f 1250 1251 1233
f 1233 7 19
f 1249 1248 1252
f 1247 1253 1232
f 1247 1249 1253
f 1244 17 5
f 1232 15 17
f 1250 1233 1252
f 7 1233 1251
f 17 1246 1232
f 1232 1246 1247
f 1252 1248 1250
f 1251 1244 7
f 7 1244 5
f 147 1249 146
f 146 1249 1252
f 1231 1254 1255
f 3 1256 1
f 1255 1257 1231
f 1258 1259 1260
f 1258 1260 1261
f 1256 1262 1
f 9 1262 1263
f 1258 1264 1259
f 1231 3 14
f 1255 1254 1260
f 1260 1254 1261
f 1262 9 1
f 1264 1258 1234
f 1257 1256 1231
f 1231 1256 3
f 1234 11 9
f 9 1263 1234
f 1234 1263 1264
f 139 1258 140
f 140 1258 1261
f 152 140 1261
f 1252 143 146
f 143 1252 1233
f 143 1233 144
f 1253 149 1232
f 1232 149 150
f 1249 149 1253
f 1249 147 149
f 1258 139 1234
f 1234 139 141
f 152 1261 1254
f 152 1254 153
f 153 1254 1231
f 153 1231 154
f 1259 56 1260
f 1259 57 56
f 57 1259 1264
f 1264 58 57
f 58 1264 1263
f 1263 59 58
f 1262 59 1263
f 59 1262 38
f 1256 38 1262
f 38 1256 52
f 1257 52 1256
f 52 1257 53
f 1255 53 1257
f 53 1255 55
f 55 1255 1260
f 55 1260 56
f 34 1244 1251
f 34 1251 35
f 35 1251 1250
f 35 1250 62
f 62 1250 64
f 64 1250 1248
f 64 1248 60
f 60 1248 1247
f 60 1247 61
f 61 1247 1246
f 61 1246 33
f 33 1246 1245
f 33 1245 34
f 34 1245 1244
f 1265 1081 1266
f 1266 1081 1083
f 1266 1083 1267
f 1267 1083 1099
f 1267 1099 1268
f 1268 1099 1098
f 1268 1098 1269
f 1269 1098 1097
f 1269 1097 1270
f 1270 1097 1115
f 1270 1115 1271
f 1271 1115 1121
f 1271 1121 1272
f 1272 1121 1131
f 1272 1131 1273
f 1273 1131 1132
f 1273 1132 1274
f 1274 1132 1124
f 1274 1124 1275
f 1275 1124 1125
f 1275 1125 1276
f 1276 1125 1126
f 1276 1126 1277
f 1277 1126 1127
f 1277 1127 1278
f 1278 1127 1128
f 1278 1128 1279
f 1279 1128 1129
f 1279 1129 1280
f 1280 1129 1130
f 1280 1130 1281
f 1281 1130 1123
f 1281 1123 1282
f 1282 1123 1114
f 1282 1114 1283
f 1283 1114 1095
f 1283 1095 1284
f 1284 1095 1093
f 1284 1093 1285
f 1285 1093 1091
f 1285 1091 1286
f 1286 1091 1087
f 1286 1087 1287
f 1287 1087 1090
f 1287 1090 1288
f 1288 1090 1120
f 1288 1120 1289
f 1289 1120 1102
f 1289 1102 1290
f 1290 1102 1103
f 1290 1103 1291
f 1291 1103 1119
f 1291 1119 1292
f 1292 1119 1116
f 1292 1116 1293
f 1293 1116 1113
f 1293 1113 1294
f 1294 1113 1112
f 1294 1112 1295
f 1295 1112 1110
f 1295 1110 1296
f 1296 1110 1107
f 1296 1107 1297
f 1297 1107 1106
f 1297 1106 1298
f 1298 1106 1105
f 1298 1105 1299
f 1299 1105 1086
f 1299 1086 1300
f 1300 1086 1084
f 1300 1084 1265
f 1265 1084 1081
f 1299 1300 1281
f 1281 1300 1265
f 1281 1265 1266
f 1296 1297 1281
f 1281 1297 1298
f 1281 1298 1299
f 1293 1294 1281
f 1281 1294 1295
f 1281 1295 1296
f 1290 1291 1281
f 1281 1291 1292
f 1281 1292 1293
f 1287 1288 1281
f 1281 1288 1289
f 1281 1289 1290
f 1284 1285 1281
f 1281 1285 1286
f 1281 1286 1287
f 1281 1282 1283
f 1281 1283 1284
f 1278 1279 1281
f 1281 1279 1280
f 1275 1276 1281
f 1281 1276 1277
f 1281 1277 1278
f 1272 1273 1281
f 1281 1273 1274
f 1281 1274 1275
f 1269 1270 1281
f 1281 1270 1271
f 1281 1271 1272
f 1266 1267 1281
f 1281 1267 1268
f 1281 1268 1269
f 1301 1302 1303
f 1304 1305 1306
f 1306 1305 1307
f 1308 1304 1309
f 1305 1304 1308
f 1306 1307 1310
f 1310 1307 1311
f 1310 1311 1312
f 1312 1311 1313
f 1312 1313 1314
f 1312 1314 1315
f 1315 1314 1316
f 1315 1316 1317
f 1317 1316 1318
f 1317 1318 1302
f 1302 1318 1303
f 1301 1303 1319
f 1301 1319 1320
f 1320 1319 1321
f 1320 1321 1322
f 1322 1321 1323
f 1323 1324 1322
f 1324 1325 1326
f 1324 1323 1325
f 1327 1328 1329
f 1326 1325 1330
f 1326 1330 1329
f 1329 1330 1327
f 1331 1332 1327
f 1327 1332 1328
f 1332 1331 1333
f 1333 1331 1334
f 1335 1333 1334
f 1308 1309 1335
f 1333 1335 1309
f 1336 1337 1338
f 1338 1337 1339
f 1338 1339 1340
f 1340 1339 1341
f 1340 1341 1342
f 1342 1341 1343
f 1342 1343 1344
f 1344 1343 1345
f 1344 1345 1346
f 1346 1345 1347
f 1347 1345 1348
f 1348 1349 1347
f 1349 1348 1350
f 1350 1348 1351
f 1352 1353 1350
f 1352 1350 1351
f 1353 1352 1354
f 1353 1354 1355
f 1355 1354 1356
f 1355 1356 1357
f 1358 1356 1359
f 1357 1356 1358
f 1358 1359 1360
f 1360 1359 1361
f 1362 1363 1361
f 1361 1363 1360
f 1362 1364 1363
f 1364 1362 1365
f 1364 1365 1366
f 1366 1367 1364
f 1337 1336 1368
f 1337 1368 1369
f 1370 1369 1368
f 1367 1371 1372
f 1372 1371 1370
f 1370 1371 1369
f 1367 1366 1371
f 1373 1374 1375
f 1375 1374 1376
f 1377 1375 1376
f 1378 1375 1377
f 1379 1380 1381
f 1382 1379 1381
f 1383 1381 1380
f 1377 1384 1385
f 1377 1385 1381
f 1377 1381 1378
f 1378 1381 1383
f 1381 1385 1382
f 1386 1387 1388
f 1389 1382 1390
f 1390 1382 1391
f 1382 1385 1392
f 1392 1385 1384
f 1393 1391 1388
f 1388 1391 1386
f 1382 1392 1386
f 1382 1386 1391
f 1394 1395 1396
f 1396 1395 1397
f 1386 1396 1387
f 1396 1386 1392
f 1396 1392 1398
f 1384 1398 1392
f 1398 1394 1396
f 1397 1387 1396
f 1384 1377 1399
f 1376 1374 1400
f 1399 1376 1401
f 1377 1376 1399
f 1384 1399 1398
f 1402 1403 1404
f 1403 1402 1405
f 1406 1407 1402
f 1404 1406 1402
f 1408 1409 1410
f 1410 1409 1405
f 1410 1405 1402
f 1408 1411 1409
f 1409 1411 1412
f 1413 1414 1415
f 1413 1415 1416
f 1413 1416 1417
f 1415 1418 1419
f 1418 1420 1419
f 1421 1422 1416
f 1422 1417 1416
f 1420 1411 1423
f 1420 1423 1419
f 1424 1425 1426
f 1415 1414 1427
f 1428 1427 1425
f 1418 1415 1427
f 1415 1419 1416
f 1429 1427 1428
f 1430 1411 1431
f 1429 1418 1427
f 1430 1412 1411
f 1416 1419 1421
f 1420 1418 1431
f 1420 1431 1411
f 1432 1433 1434
f 1400 1374 1435
f 1413 1436 1437
f 1438 1436 1413
f 1417 1422 1439
f 1439 1438 1417
f 1437 1436 1440
f 1436 1441 1440
f 1395 1394 1434
f 1434 1394 1441
f 1434 1441 1436
f 1438 1442 1434
f 1413 1417 1438
f 1438 1439 1442
f 1394 1440 1441
f 1438 1434 1436
f 1434 1433 1443
f 1443 1397 1395
f 1440 1394 1401
f 1425 1427 1437
f 1400 1435 1444
f 1445 1425 1437
f 1437 1427 1414
f 1444 1425 1445
f 1437 1414 1413
f 1437 1440 1445
f 1425 1444 1426
f 1444 1445 1400
f 1440 1401 1445
f 1445 1401 1400
f 1442 1432 1434
f 1434 1443 1395
f 1376 1400 1401
f 1399 1401 1394
f 1399 1394 1398
f 1446 1447 1448
f 1446 1448 1449
f 1448 1450 1451
f 1446 1449 1452
f 1447 1446 1453
f 1453 1446 1452
f 1454 1455 1456
f 1457 1458 1459
f 1460 1458 1457
f 1455 1457 1449
f 1452 1449 1457
f 1457 1459 1452
f 1454 1461 1455
f 1457 1455 1462
f 1449 1456 1455
f 1455 1461 1463
f 1455 1463 1462
f 1460 1462 1464
f 1462 1460 1457
f 1465 1466 1467
f 1467 1466 1468
f 1456 1466 1454
f 1449 1468 1456
f 1466 1456 1468
f 1469 1454 1466
f 1469 1466 1465
f 1468 1449 1448
f 1467 1468 1470
f 1448 1451 1470
f 1448 1470 1468
f 1471 1472 1473
f 1471 1473 1474
f 1473 1475 1476
f 1477 1475 1472
f 1472 1475 1473
f 1475 1477 1478
f 1472 1479 1477
f 1479 1472 1480
f 1481 1480 1472
f 1471 1481 1472
f 1482 1483 1484
f 1482 1484 1485
f 1486 1487 1488
f 1483 1489 1484
f 1488 1490 1489
f 1490 1484 1489
f 1487 1491 1490
f 1490 1491 1484
f 1488 1487 1490
f 1492 1493 1494
f 1495 1486 1488
f 1494 1493 1489
f 1494 1489 1483
f 1496 1497 1495
f 1495 1497 1486
f 1493 1496 1495
f 1493 1495 1489
f 1489 1495 1488
f 1498 1494 1483
f 1498 1492 1494
f 1498 1499 1500
f 1499 1498 1482
f 1482 1498 1483
f 1501 1499 1482
f 1502 1503 1504
f 1502 1504 1505
f 1504 1506 1505
f 1507 1508 1503
f 1508 1504 1503
f 1509 1510 1511
f 1509 1507 1503
f 1509 1503 1510
f 1510 1503 1502
f 1510 1502 1511
f 1502 1505 1511
f 1482 1485 1505
f 1485 1511 1505
f 1512 1513 1501
f 1512 1501 1482
f 1512 1482 1505
f 1506 1514 1505
f 1513 1512 1515
f 1514 1512 1505
f 1516 1478 1517
f 1518 1516 1517
f 1516 1518 1519
f 1519 1518 1520
f 1520 1518 1521
f 1522 1520 1521
f 1523 1521 1524
f 1521 1518 1517
f 1521 1517 1524
f 1525 1526 1527
f 1528 1525 1529
f 1528 1526 1525
f 1525 1530 1529
f 1531 1532 1533
f 1531 1533 1530
f 1531 1534 1532
f 1531 1535 1534
f 1530 1535 1531
f 1535 1530 1527
f 1527 1530 1525
f 1536 1537 1538
f 1539 1540 1541
f 1542 1540 1539
f 1536 1538 1539
f 1539 1538 1542
f 1536 1539 1543
f 1544 1541 1540
f 1515 1540 1513
f 1501 1513 1545
f 1545 1513 1540
f 1545 1540 1546
f 1542 1546 1540
f 1542 1547 1546
f 1546 1547 1548
f 1549 1550 1538
f 1547 1542 1538
f 1549 1538 1537
f 1538 1550 1547
f 1551 1546 1548
f 1548 1552 1551
f 1551 1553 1554
f 1551 1554 1545
f 1545 1554 1499
f 1545 1499 1501
f 1545 1546 1551
f 1499 1554 1500
f 1500 1554 1555
f 1556 1555 1553
f 1553 1555 1554
f 1557 1553 1558
f 1557 1556 1553
f 1559 1557 1560
f 1557 1558 1560
f 1560 1558 1561
f 1551 1552 1553
f 1552 1562 1558
f 1558 1562 1561
f 1558 1553 1552
f 1563 1564 1565
f 1566 1563 1565
f 1563 1567 1564
f 1567 1568 1569
f 1569 1570 1567
f 1571 1569 1568
f 1572 1528 1573
f 1574 1571 1568
f 1573 1528 1574
f 1573 1574 1568
f 1573 1566 1572
f 1526 1572 1527
f 1568 1567 1563
f 1568 1563 1573
f 1566 1573 1563
f 1575 1576 1577
f 1578 1576 1579
f 1579 1576 1575
f 1580 1578 1579
f 1581 1541 1582
f 1543 1539 1581
f 1581 1539 1541
f 1581 1582 1583
f 1584 1543 1581
f 1585 1584 1586
f 1586 1581 1583
f 1586 1584 1581
f 1422 1421 1583
f 1582 1432 1583
f 1433 1432 1587
f 1583 1439 1422
f 1582 1587 1432
f 1583 1432 1442
f 1583 1442 1439
f 1588 1544 1589
f 1588 1397 1443
f 1582 1544 1587
f 1443 1433 1588
f 1588 1433 1587
f 1588 1587 1544
f 1541 1544 1582
f 1544 1540 1589
f 1589 1540 1515
f 1577 1576 1590
f 1590 1576 1529
f 1590 1533 1591
f 1590 1591 1577
f 1577 1591 1575
f 1591 1533 1592
f 1592 1533 1532
f 1590 1529 1530
f 1590 1530 1533
f 1523 1593 1594
f 1594 1593 1595
f 1594 1521 1523
f 1594 1522 1521
f 1596 1522 1594
f 1596 1594 1597
f 1594 1595 1597
f 1597 1595 1593
f 1598 1504 1508
f 1599 1514 1506
f 1598 1506 1504
f 1600 1589 1515
f 1514 1600 1515
f 1514 1515 1512
f 1397 1588 1600
f 1600 1588 1589
f 1387 1397 1600
f 1387 1600 1599
f 1599 1600 1514
f 1601 1390 1391
f 1601 1391 1393
f 1387 1599 1388
f 1602 1601 1393
f 1602 1393 1388
f 1602 1388 1599
f 1603 1598 1508
f 1598 1602 1506
f 1506 1602 1599
f 1598 1603 1602
f 1602 1603 1601
f 1604 1605 1606
f 1607 1606 1605
f 1607 1597 1593
f 1607 1593 1608
f 1607 1608 1606
f 1606 1608 1609
f 1606 1609 1604
f 1610 1611 1612
f 1612 1613 1614
f 1612 1614 1615
f 1611 1616 1617
f 1617 1616 1618
f 1619 1616 1611
f 1619 1611 1610
f 1619 1620 1616
f 1615 1619 1610
f 1615 1610 1612
f 1621 1622 1623
f 1622 1624 1625
f 1622 1625 1626
f 1622 1626 1623
f 1627 1628 1629
f 1627 1629 1625
f 1630 1625 1629
f 1631 1627 1624
f 1624 1627 1625
f 1626 1625 1630
f 1630 1629 1632
f 1633 1634 1635
f 1635 1628 1627
f 1635 1636 1633
f 1634 1637 1635
f 1635 1637 1628
f 1636 1635 1627
f 1636 1627 1631
f 1638 1639 1640
f 1636 1631 1633
f 1633 1631 1640
f 1633 1640 1639
f 1633 1639 1641
f 1631 1624 1640
f 1640 1624 1622
f 1621 1623 1642
f 1640 1622 1638
f 1638 1622 1621
f 1643 1644 1645
f 1644 1646 1645
f 1647 1648 1649
f 1643 1648 1644
f 1644 1648 1647
f 1647 1649 1650
f 1643 1651 1648
f 1648 1651 1652
f 1648 1652 1649
f 1653 1652 1654
f 1654 1652 1651
f 1651 1643 1654
f 1655 1656 1643
f 1632 1656 1630
f 1630 1656 1655
f 1630 1655 1626
f 1656 1632 1643
f 1643 1632 1654
f 1626 1657 1623
f 1643 1645 1655
f 1657 1658 1642
f 1642 1623 1657
f 1657 1659 1658
f 1626 1655 1657
f 1655 1645 1657
f 1657 1645 1646
f 1657 1646 1659
f 1660 1661 1662
f 1663 1661 1660
f 1663 1660 1664
f 1660 1662 1665
f 1665 1666 1660
f 1660 1666 1664
f 1667 1668 1664
f 1666 1665 1669
f 1664 1668 1670
f 1670 1668 1671
f 1670 1671 1672
f 1673 1663 1672
f 1663 1664 1670
f 1661 1663 1673
f 1663 1670 1672
f 1671 1674 1675
f 1675 1674 1676
f 1671 1668 1674
f 1668 1677 1676
f 1676 1674 1668
f 1677 1668 1667
f 1647 1676 1677
f 1667 1647 1677
f 1647 1650 1676
f 1666 1644 1664
f 1664 1644 1667
f 1669 1659 1666
f 1644 1647 1667
f 1646 1644 1666
f 1646 1666 1659
f 1678 1679 1680
f 1681 1682 1683
f 1684 1683 1685
f 1686 1687 1682
f 1682 1687 1683
f 1684 1685 1680
f 1680 1685 1678
f 1683 1687 1678
f 1683 1678 1685
f 1617 1679 1678
f 1618 1679 1617
f 1611 1617 1678
f 1612 1611 1687
f 1687 1611 1678
f 1686 1612 1687
f 1612 1686 1688
f 1612 1688 1613
f 1689 1690 1661
f 1661 1673 1689
f 1688 1686 1689
f 1689 1686 1690
f 1691 1661 1690
f 1686 1682 1691
f 1681 1691 1682
f 1690 1686 1691
f 1691 1681 1662
f 1681 1665 1662
f 1662 1661 1691
f 1692 1693 1694
f 1694 1693 1695
f 1692 1694 1696
f 1692 1696 1697
f 1698 1699 1700
f 1698 1700 1701
f 1702 1703 1704
f 1702 1701 1705
f 1706 1702 1705
f 1702 1706 1707
f 1702 1704 1701
f 1708 1709 1703
f 1704 1703 1710
f 1710 1703 1709
f 1711 1708 1703
f 1712 1713 1714
f 1714 1713 1715
f 1715 1698 1704
f 1713 1699 1715
f 1715 1699 1698
f 1704 1710 1715
f 1706 1705 1716
f 1707 1703 1702
f 1700 1705 1701
f 1701 1704 1698
f 1710 1709 1715
f 1715 1709 1714
f 1717 1718 1719
f 1720 1721 1722
f 1717 1722 1718
f 1719 1723 1717
f 1724 1720 1717
f 1720 1725 1721
f 1721 1725 1726
f 1721 1727 1728
f 1721 1728 1722
f 1722 1717 1720
f 1718 1729 1730
f 1731 1729 1718
f 1732 1718 1730
f 1718 1732 1719
f 1733 1730 1729
f 1729 1734 1733
f 1731 1735 1729
f 1736 1737 1734
f 1734 1735 1736
f 1729 1735 1734
f 1738 1739 1736
f 1738 1736 1735
f 1735 1731 1740
f 1735 1740 1738
f 1738 1740 1739
f 1740 1728 1727
f 1722 1728 1718
f 1718 1728 1731
f 1740 1731 1728
f 1741 1742 1743
f 1743 1742 1744
f 1743 1744 1745
f 1743 1746 1747
f 1748 1747 1749
f 1746 1749 1747
f 1743 1747 1741
f 1750 1746 1751
f 1746 1743 1745
f 1750 1749 1746
f 1752 1753 1754
f 1755 1756 1757
f 1756 1752 1757
f 1757 1752 1754
f 1757 1758 1755
f 1759 1755 1758
f 1760 1754 1761
f 1754 1762 1761
f 1760 1757 1754
f 1760 1758 1757
f 1760 1763 1758
f 1763 1760 1764
f 1758 1763 1765
f 1761 1766 1764
f 1760 1761 1764
f 1767 1761 1762
f 1766 1761 1767
f 1768 1766 1769
f 1769 1766 1767
f 1764 1766 1770
f 1766 1771 1770
f 1772 1771 1768
f 1771 1766 1768
f 1768 1769 1773
f 1774 1772 1773
f 1773 1772 1768
f 1771 1775 1770
f 1770 1775 1776
f 1770 1776 1777
f 1770 1777 1778
f 1778 1777 1779
f 1764 1770 1763
f 1780 1781 1426
f 1782 1781 1780
f 1780 1783 1782
f 1778 1784 1782
f 1782 1784 1781
f 1763 1778 1782
f 1781 1424 1426
f 1783 1765 1782
f 1782 1765 1763
f 1778 1785 1784
f 1778 1786 1785
f 1770 1778 1763
f 1779 1787 1786
f 1779 1786 1778
f 1788 1789 1790
f 1790 1789 1791
f 1790 1791 1792
f 1793 1794 1795
f 1791 1795 1796
f 1796 1795 1794
f 1793 1797 1794
f 1798 1799 1797
f 1797 1799 1800
f 1798 1801 1799
f 1802 1799 1803
f 1792 1795 1788
f 1788 1795 1794
f 1797 1798 1794
f 1794 1797 1788
f 1788 1797 1800
f 1804 1805 1803
f 1788 1806 1789
f 1807 1800 1805
f 1807 1805 1804
f 1800 1806 1759
f 1805 1800 1803
f 1803 1800 1802
f 1802 1800 1799
f 1808 1809 1810
f 1808 1810 1788
f 1788 1790 1792
f 1811 1808 1788
f 1811 1788 1759
f 1759 1788 1800
f 1796 1795 1792
f 1796 1792 1791
f 1812 1813 1814
f 1815 1813 1812
f 1816 1817 1815
f 1818 1815 1817
f 1819 1812 1814
f 1819 1814 1820
f 1812 1816 1815
f 1813 1815 1821
f 1822 1823 1824
f 1824 1825 1822
f 1824 1823 1826
f 1826 1823 1820
f 1827 1820 1823
f 1828 1826 1829
f 1824 1826 1828
f 1824 1828 1830
f 1825 1831 1832
f 1827 1819 1820
f 1831 1825 1830
f 1830 1825 1824
f 1833 1834 1835
f 1835 1834 1836
f 1837 1838 1833
f 1837 1839 1840
f 1837 1840 1841
f 1841 1840 1842
f 1838 1837 1841
f 1838 1841 1843
f 1838 1843 1844
f 1833 1838 1845
f 1833 1845 1834
f 1845 1838 1846
f 1835 1839 1837
f 1835 1837 1833
f 1847 1848 1849
f 1849 1850 1847
f 1851 1850 1852
f 1851 1852 1853
f 1848 1854 1849
f 1855 1849 1854
f 1850 1849 1852
f 1852 1849 1856
f 1856 1849 1855
f 1856 1855 1857
f 1858 1859 1860
f 1860 1859 1861
f 1857 1855 1862
f 1862 1855 1858
f 1858 1855 1859
f 1859 1854 1863
f 1854 1859 1855
f 1864 1861 1859
f 1864 1859 1863
f 1865 1835 1836
f 1865 1848 1847
f 1863 1854 1848
f 1835 1865 1847
f 1835 1847 1839
f 1865 1863 1848
f 1847 1850 1840
f 1851 1840 1850
f 1851 1842 1840
f 1839 1847 1840
f 1866 1867 1868
f 1869 1870 1871
f 1867 1869 1871
f 1872 1870 1869
f 1872 1869 1873
f 1868 1867 1874
f 1866 1868 1875
f 1864 1876 1861
f 1876 1875 1861
f 1869 1867 1866
f 1873 1869 1866
f 1873 1866 1877
f 1861 1875 1868
f 1861 1868 1860
f 1868 1874 1860
f 1866 1875 1878
f 1866 1878 1877
f 1815 1818 1821
f 1818 1879 1821
f 1879 1880 1821
f 1813 1821 1881
f 1880 1882 1881
f 1880 1881 1821
f 1880 1614 1883
f 1880 1615 1614
f 1619 1879 1818
f 1880 1879 1615
f 1615 1879 1619
f 1818 1620 1619
f 1884 1885 1886
f 1887 1888 1884
f 1884 1888 1889
f 1884 1889 1890
f 1891 1890 1892
f 1884 1893 1885
f 1885 1893 1894
f 1884 1890 1891
f 1884 1891 1893
f 1886 1887 1884
f 1895 1896 1897
f 1896 1898 1897
f 1899 1896 1900
f 1900 1896 1895
f 1901 1899 1900
f 1901 1900 1902
f 1899 1901 1902
f 1902 1903 1899
f 1900 1904 1905
f 1906 1907 1895
f 1900 1895 1904
f 1897 1906 1895
f 1908 1909 1890
f 1890 1909 1892
f 1908 1910 1911
f 1908 1911 1909
f 1909 1911 1912
f 1913 1912 1911
f 1911 1910 1914
f 1911 1914 1915
f 1911 1915 1913
f 1916 1914 1917
f 1916 1918 1915
f 1916 1915 1914
f 1919 1889 1888
f 1888 1917 1919
f 1919 1917 1914
f 1890 1889 1919
f 1890 1919 1908
f 1908 1919 1910
f 1919 1914 1910
f 1912 1913 1920
f 1921 1920 1913
f 1921 1913 1922
f 1921 1923 1924
f 1921 1924 1920
f 1923 1921 1925
f 1921 1926 1925
f 1927 1925 1928
f 1927 1929 1925
f 1925 1929 1923
f 1926 1922 1930
f 1931 1928 1925
f 1925 1926 1930
f 1925 1930 1931
f 1926 1921 1922
f 1932 1903 1933
f 1933 1903 1934
f 1933 1935 1932
f 1936 1932 1935
f 1936 1937 1938
f 1936 1938 1932
f 1939 1937 1940
f 1936 1940 1937
f 1936 1935 1940
f 1933 1934 1941
f 1935 1933 1942
f 1942 1933 1941
f 1943 1886 1885
f 1944 1945 1946
f 1946 1943 1885
f 1946 1885 1944
f 1947 1948 1949
f 1949 1948 1950
f 1949 1950 1951
f 1951 1950 1952
f 1943 1950 1948
f 1943 1946 1950
f 1950 1946 1952
f 1952 1946 1945
f 1953 1951 1954
f 1952 1945 1954
f 1952 1954 1951
f 1955 1954 1945
f 1956 1955 1945
f 1957 1958 1956
f 1955 1956 1959
f 1959 1956 1958
f 1957 1956 1944
f 1945 1944 1956
f 1944 1885 1894
f 1957 1944 1894
f 1960 1961 1962
f 1963 1960 1964
f 1964 1960 1965
f 1965 1960 1962
f 1962 1961 1966
f 1967 1968 1969
f 1969 1961 1960
f 1960 1963 1969
f 1961 1969 1968
f 1958 1967 1969
f 1959 1963 1955
f 1955 1963 1970
f 1963 1959 1969
f 1969 1959 1958
f 1971 1972 1970
f 1971 1970 1964
f 1970 1972 1953
f 1954 1955 1970
f 1953 1954 1970
f 1964 1970 1963
f 1965 1962 1973
f 1965 1973 1974
f 1965 1974 1964
f 1964 1974 1971
f 1975 1976 1977
f 1976 1975 1978
f 1975 1979 1978
f 1980 1981 1979
f 1981 1980 1982
f 1979 1983 1980
f 1983 1984 1985
f 1980 1983 1985
f 1979 1975 1983
f 1977 1984 1975
f 1984 1983 1975
f 1986 1987 1988
f 1989 1990 1987
f 1988 1987 1990
f 1991 1989 1987
f 1991 1987 1992
f 1992 1993 1991
f 1987 1986 1992
f 1990 1989 1994
f 1995 1990 1994
f 1996 1997 1998
f 1996 1998 1999
f 1996 2000 2001
f 1995 2000 1999
f 1999 2000 1996
f 2001 2002 1996
f 2003 2002 2001
f 2002 1997 1996
f 2003 2001 2004
f 2004 2001 2005
f 2005 2001 1994
f 1994 2001 2000
f 1995 1994 2000
f 2005 1994 1989
f 2006 2007 2008
f 2009 2010 2008
f 2011 2006 2012
f 2007 2013 2014
f 2015 2013 2011
f 2013 2007 2006
f 2013 2006 2011
f 2013 2015 2014
f 2016 2015 2011
f 2015 2017 2018
f 2018 2014 2015
f 2015 2016 2017
f 2019 2020 2011
f 2011 2020 2016
f 2019 2011 2021
f 2021 2022 2019
f 2019 2022 1977
f 2011 2012 2021
f 2012 2022 2021
f 2023 2024 2025
f 2025 2026 2027
f 2023 2028 2024
f 2024 2029 2025
f 2030 2031 2028
f 2028 2031 2024
f 2028 2023 2032
f 2028 2032 2033
f 2034 2030 2033
f 2033 2030 2028
f 2035 2034 2032
f 2032 2034 2033
f 2032 2023 2036
f 2037 2035 2036
f 2036 2035 2032
f 2038 2023 2027
f 2036 2023 2038
f 2038 2037 2036
f 2023 2025 2027
f 2027 2039 2038
f 2003 2040 2002
f 2002 2040 2041
f 2042 2041 2043
f 1968 2044 2043
f 1968 2043 1961
f 2042 2043 2044
f 2043 1966 1961
f 2041 1966 2043
f 2002 2041 2042
f 2002 2042 1997
f 1997 2042 2044
f 1997 2044 2045
f 2046 2047 2048
f 2046 2048 2049
f 1813 2046 1814
f 1820 1814 2049
f 2050 2049 2048
f 2049 1814 2046
f 1820 2051 2052
f 2053 2051 1820
f 1820 2050 2053
f 2049 2050 1820
f 2054 2055 2056
f 2056 2057 2058
f 2055 2059 2060
f 2054 2059 2055
f 2055 2061 2056
f 2059 2062 2060
f 2060 2063 2055
f 2059 2064 2062
f 2062 2065 2060
f 2059 2054 2066
f 2064 2066 2067
f 2059 2066 2064
f 2064 2068 2062
f 2069 2068 2064
f 2066 2070 2067
f 2067 2069 2064
f 2066 2054 2070
f 2070 2071 2067
f 2072 2071 2070
f 2054 2056 2058
f 2058 2070 2054
f 2058 2072 2070
f 2073 2074 2075
f 2075 2074 2076
f 2077 2074 2073
f 2078 2073 2075
f 2079 2078 2075
f 2079 2080 2078
f 1829 1826 2081
f 2082 2083 2081
f 2083 1829 2081
f 1829 2083 2084
f 2085 2084 2083
f 2082 1986 2085
f 2083 2082 2085
f 2085 1986 1988
f 2086 1992 1986
f 2086 1986 2082
f 2052 2086 1820
f 2086 2081 2087
f 2082 2081 2086
f 2086 2087 1820
f 1826 2087 2081
f 2087 1826 1820
f 2074 2077 2088
f 1981 2089 2088
f 2088 2089 2076
f 2088 2076 2074
f 2090 2089 1981
f 2091 2089 2090
f 1982 2091 1981
f 1981 2091 2090
f 2077 1978 2088
f 2088 1978 1979
f 1981 2088 1979
f 2092 2093 2094
f 1940 1935 2093
f 2093 1935 1942
f 2093 1942 2094
f 1940 2093 2095
f 2096 1939 2095
f 1939 1940 2095
f 2093 2092 2097
f 2093 2097 2095
f 1929 2098 1923
f 2098 2099 1923
f 1923 2099 1924
f 2100 2098 2101
f 2099 2098 2100
f 2102 2100 1834
f 1845 2103 2102
f 1834 1845 2102
f 2100 2102 2099
f 2101 1834 2100
f 1834 2101 1836
f 1836 2101 2104
f 2098 2104 2101
f 1927 2105 2104
f 2105 1836 2104
f 1929 1927 2104
f 1929 2104 2098
f 2106 2107 2108
f 2108 2092 2094
f 2106 2109 2107
f 2097 2092 2107
f 2108 2107 2092
f 2108 2110 2106
f 2111 2112 2113
f 2111 2113 2114
f 2115 2112 2116
f 2114 2117 2118
f 2111 2116 2112
f 2119 2120 2121
f 2120 2122 2121
f 2111 2114 2123
f 2123 2114 2122
f 2114 2118 2122
f 2121 2122 2124
f 2124 2122 2118
f 2120 2123 2122
f 2125 2126 2127
f 2125 2128 2126
f 2129 2127 2126
f 2128 2130 2126
f 2131 2125 2127
f 2132 2133 2127
f 2131 2127 2133
f 2131 2133 2134
f 2135 2134 2133
f 2125 2131 2136
f 2131 2134 2136
f 2134 2137 2136
f 2138 2125 2136
f 2125 2138 2139
f 2138 2140 2139
f 2136 2141 2138
f 2139 2128 2125
f 2139 2142 2128
f 2143 2144 2145
f 2146 2143 2147
f 2148 2149 2150
f 2147 2143 2151
f 2146 2144 2143
f 2149 2145 2150
f 2145 2149 2151
f 2145 2151 2143
f 2152 2153 2154
f 2154 2155 2152
f 2155 2156 2157
f 2157 2156 2158
f 2159 2160 2161
f 2160 2159 2155
f 2157 2162 2155
f 2159 2152 2155
f 2157 2158 2163
f 2154 2156 2155
f 2164 2165 2166
f 2167 2166 2165
f 2167 2168 2169
f 2152 2159 2153
f 2166 2161 2164
f 2159 2161 2166
f 2166 2153 2159
f 2153 2167 2169
f 2153 2166 2167
f 2124 2170 2121
f 2164 2161 2171
f 2170 2124 2161
f 2124 2171 2161
f 2124 2118 2171
f 2170 2172 2121
f 2160 2170 2161
f 2162 2157 2163
f 2173 2174 2170
f 2160 2155 2162
f 2162 2163 2173
f 2174 2172 2170
f 2170 2160 2162
f 2170 2162 2173
f 2175 2176 2177
f 2178 2179 2175
f 2175 2179 2176
f 2180 2181 2178
f 2180 2178 2182
f 2182 2178 2175
f 2175 2177 2183
f 2183 2182 2175
f 2184 2185 2186
f 2187 2184 2188
f 2184 2189 2188
f 2190 2189 2186
f 2186 2189 2184
f 2190 2191 2188
f 2190 2188 2189
f 2192 2193 2194
f 2195 2190 2192
f 2185 2192 2186
f 2196 2190 2195
f 2194 2195 2192
f 2192 2190 2186
f 2197 2193 2185
f 2185 2193 2192
f 2198 2199 2185
f 2199 2197 2185
f 2200 2198 2185
f 2201 2202 2203
f 2184 2203 2185
f 2185 2203 2200
f 2200 2203 2202
f 2201 2187 2204
f 2184 2187 2203
f 2201 2203 2187
f 2205 2179 2206
f 2205 2207 2179
f 2208 2205 2206
f 2209 2181 2210
f 2206 2209 2210
f 2206 2210 2208
f 2181 2209 2178
f 2209 2206 2179
f 2209 2179 2178
f 2179 2207 2176
f 2211 2212 2213
f 2211 2213 2214
f 2213 2212 2158
f 2158 2212 2163
f 2215 2216 2174
f 2163 2212 2173
f 2173 2212 2215
f 2173 2215 2174
f 2217 2218 2215
f 2215 2218 2216
f 2215 2212 2219
f 2215 2219 2217
f 2214 2217 2211
f 2211 2217 2219
f 2211 2219 2212
f 2220 2221 2222
f 2223 2222 2221
f 2223 2224 2225
f 2220 2222 2226
f 2222 2227 2226
f 2222 2223 2225
f 2222 2225 2227
f 2228 2225 2214
f 2229 2230 2225
f 2229 2225 2224
f 2225 2230 2214
f 2231 2230 2229
f 2231 2232 2230
f 2229 2224 2231
f 2221 2233 2223
f 2223 2233 2224
f 2233 2221 2234
f 2233 2234 2231
f 2231 2224 2233
f 2235 2236 2237
f 2238 2237 2239
f 2236 2240 2237
f 2235 2241 2236
f 2242 2243 2244
f 2240 2236 2242
f 2244 2245 2242
f 2240 2242 2245
f 2242 2236 2241
f 2205 2245 2246
f 2246 2245 2244
f 2243 2247 2244
f 2248 2249 2247
f 2248 2247 2243
f 2241 2248 2242
f 2243 2242 2248
f 2248 2241 2250
f 2251 2252 2253
f 2251 2254 2252
f 2255 2252 2254
f 2253 2256 2251
f 2257 2258 2253
f 2257 2253 2252
f 2253 2259 2260
f 2259 2261 2260
f 2258 2259 2253
f 2256 2253 2260
f 2261 2262 2260
f 2256 2260 2263
f 2262 2263 2260
f 2264 2256 2263
f 2256 2264 2265
f 2264 2266 2265
f 2263 2267 2264
f 2265 2251 2256
f 2251 2265 2254
f 2265 2268 2254
f 2188 2269 2270
f 2188 2270 2187
f 2270 2204 2187
f 2270 2221 2220
f 2220 2204 2270
f 2234 2221 2269
f 2234 2269 2271
f 2188 2271 2269
f 2270 2269 2221
f 2272 2273 2274
f 2274 2275 2276
f 2276 2272 2274
f 2277 2278 2279
f 2276 2275 2278
f 2276 2278 2277
f 2276 2277 2272
f 2280 2281 2282
f 2283 2275 2274
f 2280 2284 2274
f 2280 2274 2273
f 2285 2286 2287
f 2285 2288 2286
f 2286 2289 2287
f 2290 2286 2288
f 2291 2288 2285
f 2292 2288 2291
f 2291 2285 2293
f 2294 2292 2291
f 2294 2291 2293
f 2295 2294 2293
f 2296 2295 2293
f 2293 2285 2297
f 2296 2293 2297
f 2297 2298 2299
f 2297 2299 2296
f 2299 2300 2296
f 2298 2301 2299
f 2297 2285 2298
f 2285 2287 2298
f 2302 2298 2287
f 2303 2304 2305
f 2304 2303 2306
f 2307 2308 2306
f 2309 2310 2303
f 2309 2303 2279
f 2310 2307 2306
f 2305 2279 2303
f 2306 2303 2310
f 2311 2312 2313
f 2314 2315 2313
f 2316 2317 2318
f 2316 2318 2315
f 2319 2320 2317
f 2317 2320 2318
f 2318 2320 2313
f 2313 2320 2311
f 2313 2321 2314
f 2315 2314 2322
f 2318 2313 2315
f 2319 2323 2320
f 2311 2323 2324
f 2320 2323 2311
f 2282 2324 2323
f 2319 2280 2323
f 2282 2323 2280
f 2325 2283 2284
f 2326 2283 2325
f 2283 2274 2284
f 2284 2280 2319
f 2327 2317 2316
f 2316 2328 2327
f 2329 2327 2330
f 2331 2329 2330
f 2326 2325 2329
f 2326 2329 2332
f 2319 2317 2327
f 2325 2284 2327
f 2327 2284 2319
f 2325 2327 2329
f 2330 2327 2328
f 2333 2334 2335
f 2335 2336 2333
f 2334 2333 2337
f 2333 2338 2337
f 2337 2338 2339
f 2340 2341 2333
f 2341 2339 2338
f 2341 2338 2333
f 2333 2336 2340
f 2342 2343 2344
f 2342 2345 2343
f 2342 2346 2347
f 2342 2347 2348
f 2348 2345 2342
f 2349 2344 2350
f 2349 2350 2351
f 2351 2352 2349
f 2346 2342 2349
f 2349 2342 2344
f 2198 2200 2199
f 2350 2344 2200
f 2199 2200 2344
f 2202 2350 2200
f 2353 2354 2355
f 2355 2354 2199
f 2354 2197 2199
f 2199 2344 2355
f 2356 2357 2358
f 2355 2359 2353
f 2345 2356 2358
f 2345 2358 2359
f 2345 2359 2355
f 2344 2343 2355
f 2348 2356 2345
f 2343 2345 2355
f 2340 2336 2360
f 2340 2360 2361
f 2340 2361 2362
f 2362 2341 2340
f 2363 2341 2362
f 2364 2363 2362
f 2365 2364 2361
f 2361 2364 2362
f 2360 2365 2361
f 2360 2366 2365
f 2367 2368 2369
f 2369 2368 2370
f 2312 2367 2369
f 2371 2368 2367
f 2372 2373 2371
f 2371 2367 2372
f 2373 2372 2374
f 2374 2372 2324
f 2367 2312 2372
f 2312 2311 2372
f 2311 2324 2372
f 2375 2321 2313
f 2375 2313 2312
f 2369 2375 2312
f 2376 2377 2378
f 2376 2379 2380
f 2376 2380 2381
f 2376 2381 2377
f 2382 2383 2378
f 2378 2383 2384
f 2384 2383 2385
f 2384 2379 2376
f 2376 2378 2384
f 2383 2382 2386
f 2378 2387 2382
f 2388 2386 2382
f 2386 2388 2389
f 2388 2382 2387
f 2390 2387 2378
f 2388 2390 2368
f 2388 2387 2390
f 2370 2368 2390
f 2370 2390 2378
f 2370 2378 2377
f 2391 2392 2393
f 2394 2395 2391
f 2396 2391 2393
f 2397 2398 2394
f 2399 2394 2398
f 2400 2398 2397
f 2400 2399 2398
f 2401 2399 2400
f 2402 2399 2401
f 2403 2404 2400
f 2405 2366 2406
f 2407 2396 2403
f 2403 2396 2405
f 2400 2407 2403
f 2403 2405 2406
f 2397 2396 2407
f 2397 2407 2400
f 2397 2391 2396
f 2397 2394 2391
f 2408 2409 2410
f 2409 2411 2410
f 2411 2412 2410
f 2409 2413 2411
f 2414 2415 2409
f 2409 2415 2413
f 2414 2409 2416
f 2417 2415 2414
f 2416 2418 2414
f 2419 2417 2414
f 2418 2419 2414
f 2416 2408 2420
f 2416 2420 2418
f 2420 2421 2418
f 2416 2409 2408
f 2422 2420 2408
f 2410 2423 2408
f 2408 2423 2422
f 2424 2380 2379
f 2425 2384 2385
f 2347 2346 2425
f 2425 2346 2424
f 2425 2379 2384
f 2424 2349 2352
f 2346 2349 2424
f 2424 2426 2380
f 2379 2425 2424
f 2427 2428 2429
f 2430 2431 2428
f 2431 2432 2428
f 2428 2432 2429
f 2433 2434 2435
f 2433 2435 2429
f 2429 2435 2427
f 2433 2436 2437
f 2433 2437 2434
f 2438 2436 2433
f 2438 2433 2429
f 2310 2439 2307
f 2440 2441 2442
f 2440 2442 2443
f 2439 2310 2309
f 2439 2309 2441
f 2439 2441 2440
f 2444 2445 2439
f 2444 2439 2440
f 2445 2444 2446
f 2444 2440 2447
f 2448 2449 2450
f 2449 2443 2450
f 2443 2447 2440
f 2447 2443 2449
f 2283 2451 2450
f 2450 2451 2448
f 2443 2442 2450
f 2275 2283 2450
f 2450 2442 2275
f 2309 2279 2278
f 2442 2278 2275
f 2441 2309 2442
f 2309 2278 2442
f 2329 2331 2332
f 2452 2332 2331
f 2453 2454 2455
f 2455 2454 2452
f 2455 2452 2331
f 2456 2449 2452
f 2332 2448 2451
f 2448 2452 2449
f 2457 2453 2455
f 2457 2455 2458
f 2283 2326 2451
f 2451 2326 2332
f 2448 2332 2452
f 2456 2452 2454
f 2459 2460 2461
f 2462 2461 2460
f 2462 2463 2461
f 2464 2461 2463
f 2465 2466 2467
f 2468 2461 2465
f 2465 2467 2468
f 2468 2467 2469
f 2467 2466 2470
f 2471 2470 2466
f 2471 2466 2472
f 2472 2466 2464
f 2464 2465 2461
f 2473 2474 2464
f 2464 2474 2472
f 2464 2466 2465
f 2464 2463 2473
f 2472 2475 2471
f 2475 2472 2474
f 2471 2476 2477
f 2471 2475 2476
f 2477 2478 2479
f 2470 2471 2479
f 2478 2477 2480
f 2471 2477 2479
f 2481 2482 2483
f 2480 2483 2484
f 2480 2484 2478
f 2484 2485 2478
f 2437 2484 2482
f 2482 2484 2483
f 2486 2487 2488
f 2480 2481 2483
f 2476 2481 2480
f 2489 2481 2476
f 2489 2476 2490
f 2489 2491 2486
f 2489 2486 2481
f 2481 2486 2488
f 2490 2491 2489
f 2481 2488 2482
f 2492 2488 2487
f 2475 2493 2476
f 2490 2493 2494
f 2476 2480 2477
f 2494 2493 2475
f 2476 2493 2490
f 2495 2427 2496
f 2430 2428 2497
f 2498 2497 2495
f 2495 2497 2428
f 2495 2428 2427
f 2499 2500 2497
f 2437 2482 2488
f 2488 2496 2437
f 2435 2434 2496
f 2435 2496 2427
f 2501 2496 2492
f 2492 2496 2488
f 2496 2501 2495
f 2499 2497 2498
f 2496 2434 2437
f 2502 2503 2504
f 2504 2503 2505
f 2506 2502 2504
f 2507 2506 2504
f 2508 2509 2510
f 2511 2512 2510
f 2512 2508 2510
f 2511 2510 2513
f 2511 2513 2514
f 2511 2514 2515
f 2515 2514 2516
f 2517 2516 2518
f 2514 2513 2519
f 2514 2519 2518
f 2518 2516 2514
f 2520 2519 2521
f 2522 2518 2519
f 2520 2522 2519
f 2513 2510 2519
f 2519 2510 2509
f 2523 2521 2519
f 2523 2519 2509
f 2503 2502 2524
f 2525 2503 2524
f 2525 2505 2503
f 2505 2525 2526
f 2526 2525 2527
f 2527 2528 2526
f 2529 2525 2530
f 2529 2528 2527
f 2529 2527 2525
f 2525 2524 2530
f 2531 2532 2533
f 2531 2533 2534
f 2531 2534 2535
f 2532 2531 2536
f 2537 2532 2536
f 2536 2531 2538
f 2531 2535 2538
f 2539 2540 2541
f 2540 2542 2543
f 2544 2545 2541
f 2541 2545 2539
f 2546 2544 2541
f 2546 2541 2543
f 2540 2543 2541
f 2547 2548 2539
f 2547 2539 2545
f 2539 2548 2540
f 2547 2545 2549
f 2549 2548 2547
f 2550 2549 2545
f 2545 2544 2550
f 2544 2546 2551
f 2552 2544 2551
f 2550 2544 2552
f 2553 2538 2535
f 2553 2535 2554
f 2553 2554 2555
f 2555 2554 2556
f 2555 2556 2557
f 2558 2559 2560
f 2561 2558 2560
f 2560 2562 2561
f 2560 2563 2562
f 2560 2559 2564
f 2559 2565 2564
f 2563 2560 2564
f 2564 2566 2563
f 2566 2564 2565
f 2565 2567 2566
f 2565 2568 2567
f 2565 2559 2569
f 2568 2565 2569
f 2569 2570 2568
f 2569 2571 2570
f 2558 2569 2559
f 2571 2569 2558
f 2572 2573 2574
f 2574 2573 2548
f 2575 2572 2576
f 2576 2572 2574
f 2574 2548 2549
f 2575 2576 2577
f 2578 2572 2579
f 2579 2572 2575
f 2579 2575 2577
f 2580 2581 2582
f 2583 2581 2580
f 2582 2584 2585
f 2586 2585 2584
f 2581 2587 2582
f 2582 2587 2584
f 2585 2586 2588
f 2585 2588 2589
f 2585 2589 2582
f 2582 2589 2590
f 2582 2590 2580
f 2591 2592 2593
f 2593 2594 2595
f 2595 2591 2593
f 2596 2595 2594
f 2596 2597 2595
f 2596 2594 2598
f 2598 2599 2596
f 2600 2598 2594
f 2600 2601 2598
f 2600 2594 2602
f 2602 2603 2600
f 2602 2594 2604
f 2604 2605 2602
f 2604 2594 2593
f 2593 2606 2604
f 2592 2606 2593
f 2607 2608 2609
f 2610 2611 2609
f 2607 2609 2611
f 2611 2610 2612
f 2612 2613 2611
f 2611 2614 2607
f 2613 2614 2611
f 2615 2616 2613
f 2613 2612 2615
f 2615 2612 2616
f 2617 2618 2609
f 2619 2610 2609
f 2618 2619 2609
f 2617 2609 2608
f 2620 2621 2607
f 2620 2607 2614
f 2622 2623 2624
f 2625 2623 2622
f 2626 2627 2622
f 2622 2627 2625
f 2622 2624 2626
f 2624 2628 2626
f 2629 2630 2628
f 2631 2589 2632
f 2632 2628 2624
f 2629 2632 2588
f 2589 2588 2632
f 2632 2629 2628
f 2589 2631 2590
f 2631 2633 2634
f 2623 2633 2624
f 2624 2633 2632
f 2590 2631 2634
f 2631 2632 2633
f 2550 2552 2635
f 2635 2552 2627
f 2550 2635 2636
f 2550 2636 2549
f 2549 2636 2637
f 2636 2638 2637
f 2638 2636 2635
f 2638 2635 2627
f 2627 2552 2625
f 2616 2639 2533
f 2616 2533 2640
f 2640 2533 2641
f 2642 2640 2641
f 2532 2641 2533
f 2642 2641 2532
f 2642 2532 2537
f 2639 2643 2533
f 2533 2643 2534
f 2581 2644 2587
f 2644 2645 2587
f 2646 2645 2644
f 2646 2644 2647
f 2648 2649 2650
f 2651 2646 2648
f 2652 2649 2647
f 2647 2649 2646
f 2648 2650 2653
f 2651 2645 2646
f 2648 2646 2649
f 2654 2650 2649
f 2655 2652 2656
f 2650 2654 2657
f 2649 2652 2655
f 2658 2654 2659
f 2656 2659 2655
f 2649 2655 2654
f 2659 2654 2655
f 2660 2661 2662
f 2660 2656 2652
f 2663 2656 2660
f 2647 2660 2652
f 2644 2581 2661
f 2661 2660 2647
f 2647 2644 2661
f 2661 2581 2583
f 2664 2665 2666
f 2667 2666 2665
f 2665 2664 2668
f 2665 2668 2669
f 2665 2669 2670
f 2664 2671 2672
f 2672 2671 2673
f 2671 2674 2673
f 2671 2664 2666
f 2666 2674 2671
f 2656 2663 2675
f 2673 2674 2663
f 2663 2674 2675
f 2660 2662 2673
f 2660 2673 2663
f 2658 2659 2676
f 2674 2676 2675
f 2676 2677 2658
f 2659 2656 2675
f 2659 2675 2676
f 2665 2670 2667
f 2667 2670 2678
f 2679 2678 2670
f 2667 2678 2680
f 2676 2680 2677
f 2676 2674 2666
f 2676 2666 2667
f 2670 2681 2679
f 2667 2680 2676
f 2682 2683 2524
f 2682 2684 2683
f 2683 2530 2524
f 2685 2529 2530
f 2686 2529 2685
f 2687 2688 2530
f 2530 2688 2685
f 2688 2686 2685
f 2687 2530 2683
f 2687 2683 2684
f 2689 2690 2691
f 2689 2691 2692
f 2690 2689 2693
f 2692 2694 2689
f 2694 2692 2695
f 2692 2691 2512
f 2515 2695 2511
f 2512 2511 2692
f 2692 2511 2695
f 2690 2512 2691
f 2696 2697 2698
f 2699 2696 2700
f 2701 2700 2702
f 2698 2702 2700
f 2698 2700 2696
f 2703 2704 2705
f 2703 2705 2706
f 2704 2703 2697
f 2706 2702 2703
f 2703 2702 2698
f 2703 2698 2697
f 2704 2707 2705
f 2708 2707 2709
f 2709 2707 2697
f 2697 2707 2704
f 2710 2697 2696
f 2710 2693 2709
f 2709 2697 2710
f 2710 2690 2693
f 2696 2699 2711
f 2696 2690 2710
f 2711 2690 2696
f 2712 2713 2714
f 2715 2712 2714
f 2716 2717 2718
f 2717 2719 2712
f 2717 2716 2719
f 2720 2716 2718
f 2716 2721 2722
f 2722 2719 2716
f 2716 2720 2721
f 2718 2723 2720
f 2723 2718 2724
f 2718 2725 2724
f 2724 2725 2684
f 2712 2715 2717
f 2717 2715 2718
f 2718 2715 2725
f 2668 2664 2726
f 2727 2726 2728
f 2727 2728 2702
f 2727 2702 2706
f 2664 2728 2726
f 2702 2729 2701
f 2672 2729 2728
f 2728 2729 2702
f 2727 2668 2726
f 2728 2664 2672
f 2730 2499 2731
f 2499 2498 2731
f 2497 2500 2430
f 2732 2730 2733
f 2500 2499 2732
f 2732 2499 2730
f 2730 2734 2733
f 2735 2734 2730
f 2733 2734 2736
f 2736 2734 2737
f 2738 2735 2739
f 2739 2735 2730
f 2740 2734 2735
f 2731 2741 2739
f 2731 2739 2730
f 2742 2743 2744
f 2745 2743 2746
f 2743 2742 2746
f 2743 2745 2747
f 2748 2749 2750
f 2751 2746 2752
f 2752 2746 2742
f 2750 2743 2747
f 2743 2750 2749
f 2743 2749 2744
f 2459 2753 2754
f 2755 2756 2753
f 2757 2758 2756
f 2754 2756 2759
f 2759 2758 2760
f 2755 2753 2459
f 2755 2459 2468
f 2468 2459 2461
f 2754 2753 2756
f 2759 2756 2758
f 2460 2761 2762
f 2761 2763 2762
f 2762 2763 2462
f 2459 2761 2460
f 2462 2460 2762
f 2759 2761 2754
f 2761 2759 2763
f 2459 2754 2761
f 2462 2763 2764
f 2765 2766 2760
f 2766 2759 2760
f 2760 2767 2765
f 2752 2742 2768
f 2752 2768 2769
f 2770 2767 2769
f 2769 2767 2760
f 2768 2770 2769
f 2771 2769 2758
f 2758 2757 2771
f 2751 2752 2772
f 2771 2772 2769
f 2760 2758 2769
f 2752 2769 2772
f 2764 2763 2773
f 2764 2774 2463
f 2463 2462 2764
f 2766 2522 2775
f 2775 2522 2520
f 2773 2775 2520
f 2759 2766 2775
f 2523 2776 2521
f 2777 2774 2773
f 2776 2773 2520
f 2776 2520 2521
f 2473 2463 2774
f 2473 2774 2777
f 2763 2759 2775
f 2763 2775 2773
f 2773 2776 2777
f 2764 2773 2774
f 2778 2540 2548
f 2778 2548 2573
f 2487 2573 2501
f 2778 2487 2486
f 2490 2494 2491
f 2779 2494 2780
f 2781 2542 2778
f 2781 2778 2486
f 2778 2542 2540
f 2486 2491 2781
f 2779 2542 2781
f 2487 2778 2573
f 2487 2501 2492
f 2779 2781 2491
f 2779 2491 2494
f 2578 2741 2731
f 2578 2731 2498
f 2572 2501 2573
f 2572 2578 2498
f 2498 2495 2572
f 2572 2495 2501
f 1810 2782 1759
f 1792 1790 1806
f 1790 1789 1806
f 1799 1798 1806
f 1805 1806 1807
f 1807 1806 1800
f 1805 1803 1806
f 1806 1803 1802
f 1809 2783 1810
f 1810 1806 1788
f 2782 1755 1759
f 2784 2782 1810
f 2784 1810 2783
f 1796 1792 1794
f 1794 1792 1806
f 1806 1810 1759
f 1798 1794 1806
f 1802 1799 1806
f 2785 2786 2787
f 2788 2787 2789
f 2790 2791 2792
f 2793 2791 2794
f 2793 2789 2792
f 2795 2790 2792
f 2792 2789 2787
f 2791 2793 2792
f 2795 2792 2787
f 2795 2787 2796
f 2796 2787 2786
f 2469 2467 2788
f 2785 2787 2797
f 2788 2467 2787
f 2470 2797 2467
f 2467 2797 2787
f 2798 2799 2800
f 2801 2799 2802
f 2802 2799 2798
f 2803 2799 2801
f 2799 2804 2800
f 2800 2805 2806
f 2807 2800 2806
f 2808 2807 2809
f 2810 2151 2811
f 2811 2151 2149
f 2810 2812 2807
f 2805 2810 2806
f 2806 2810 2807
f 2810 2813 2151
f 2149 2148 2811
f 2811 2812 2810
f 2813 2810 2805
f 2147 2151 2813
f 2814 2113 2813
f 2813 2113 2147
f 2813 2805 2814
f 2814 2114 2113
f 2814 2805 2804
f 2815 2814 2804
f 2814 2815 2114
f 2114 2815 2117
f 2803 2804 2799
f 2803 2815 2804
f 2800 2804 2805
f 2816 2817 2818
f 2819 2803 2801
f 2819 2801 2816
f 2816 2818 2819
f 2803 2819 2797
f 2797 2819 2785
f 2819 2786 2785
f 2786 2819 2818
f 2820 2821 2817
f 2821 2820 1752
f 2821 2818 2817
f 2796 2786 2822
f 2821 2786 2818
f 2821 2822 2786
f 2822 2821 1752
f 2822 1752 1756
f 1756 2796 2822
f 1756 1755 2796
f 2438 2823 2824
f 2432 2431 2825
f 2823 2432 2824
f 2826 2438 2824
f 2438 2429 2823
f 2823 2429 2432
f 2432 2825 2827
f 2432 2827 2824
f 2824 2827 2168
f 2479 2828 2829
f 2479 2829 2470
f 2797 2829 2803
f 2815 2829 2117
f 2797 2470 2829
f 2829 2815 2803
f 2830 2118 2117
f 2829 2828 2830
f 2171 2830 2828
f 2117 2829 2830
f 2171 2828 2165
f 2171 2118 2830
f 2171 2165 2164
f 2826 2824 2831
f 2832 2833 2834
f 2832 2834 2831
f 2831 2824 2168
f 2167 2832 2168
f 2168 2832 2831
f 2832 2167 2165
f 2165 2828 2833
f 2165 2833 2832
f 2485 2835 2834
f 2834 2835 2436
f 2831 2834 2826
f 2826 2436 2438
f 2833 2485 2834
f 2834 2436 2826
f 2835 2485 2484
f 2479 2836 2828
f 2485 2833 2836
f 2836 2833 2828
f 2479 2478 2836
f 2436 2835 2484
f 2436 2484 2437
f 2836 2478 2485
f 2837 2838 2839
f 2840 2841 2842
f 2843 2842 2839
f 2843 2839 2844
f 2842 2841 2839
f 2839 2841 2837
f 2845 2846 2844
f 2845 2844 2839
f 2845 2839 2838
f 2446 2843 2844
f 2847 2848 2849
f 2847 2849 2850
f 2851 2852 2853
f 2850 2849 2851
f 2851 2854 2855
f 2851 2855 2850
f 2852 2851 2849
f 2856 2857 2852
f 2852 2857 2853
f 2849 2848 2856
f 2849 2856 2852
f 2858 2859 2860
f 2858 2860 2861
f 2862 2863 2858
f 2862 2858 2861
f 2862 2861 2864
f 2865 2866 2867
f 2867 2861 2860
f 2860 2859 2868
f 2860 2868 2865
f 2860 2865 2867
f 2869 2870 2871
f 2868 2859 2869
f 2868 2871 2872
f 2868 2869 2871
f 2873 2870 2874
f 2873 2874 2875
f 2874 2870 2869
f 2874 2869 2859
f 2859 2858 2876
f 2859 2876 2874
f 2877 2876 2863
f 2863 2876 2858
f 2874 2876 2875
f 2875 2876 2877
f 2878 2879 2880
f 2861 2881 2864
f 2864 2881 2882
f 2881 2880 2879
f 2881 2879 2882
f 2866 2883 2881
f 2866 2881 2861
f 2866 2861 2867
f 2883 2880 2881
f 2884 2885 2886
f 2887 2884 2888
f 2888 2884 2889
f 2884 2890 2889
f 2886 2891 2890
f 2891 2886 2892
f 2892 2893 2891
f 2890 2884 2886
f 2889 2893 2894
f 2889 2894 2895
f 2894 2896 2895
f 2895 2897 2898
f 2898 2897 2899
f 2900 2901 2898
f 2888 2898 2901
f 2895 2898 2889
f 2898 2899 2900
f 2884 2887 2902
f 2884 2902 2885
f 2889 2891 2893
f 2891 2889 2890
f 2888 2889 2898
f 2888 2901 2887
f 2903 2904 2905
f 2905 2906 2903
f 1816 2907 2908
f 2907 2909 2910
f 2908 2911 1816
f 2911 1817 1816
f 1620 1818 1817
f 1819 1827 2912
f 2912 1827 2913
f 2909 2907 2912
f 2912 2907 1819
f 2907 1816 1812
f 2907 1812 1819
f 2914 2915 2916
f 2916 2915 2917
f 2918 2917 2919
f 2919 2917 2920
f 1832 2918 2921
f 1825 2921 1822
f 2921 1825 1832
f 1832 2916 2918
f 2918 2916 2917
f 2922 2923 2924
f 2913 2923 2922
f 2924 2923 1823
f 2913 1823 2923
f 2921 2918 1822
f 2918 2919 2925
f 2922 2924 2925
f 1822 2918 2924
f 2924 2918 2925
f 2913 1827 1823
f 1822 2924 1823
f 2913 2922 2926
f 2909 2913 2926
f 2909 2912 2913
f 2926 2922 2927
f 2927 2922 2925
f 2919 2927 2925
f 2926 2910 2909
f 2910 2926 2927
f 2927 2919 2928
f 1841 1842 2929
f 2930 1843 1841
f 2929 2930 1841
f 2929 1853 2931
f 2929 1851 1853
f 2929 2931 2930
f 1842 1851 2929
f 2931 2932 2930
f 2932 2931 2920
f 1843 2930 2915
f 2932 2917 2915
f 2915 2914 1843
f 2917 2932 2920
f 2932 2915 2930
f 2928 2919 2920
f 2928 2920 1776
f 1779 2931 1852
f 1779 1852 1787
f 1852 2931 1853
f 1777 1776 2931
f 2931 1776 2920
f 1779 1777 2931
f 2933 2934 2935
f 1898 1906 1897
f 2936 2937 2935
f 2934 2933 2938
f 2938 2933 1898
f 2935 2934 2936
f 2939 2940 2941
f 2942 2943 2944
f 2945 2940 2946
f 2944 2946 2947
f 2943 2948 2944
f 2941 2945 1471
f 2941 1471 1474
f 2940 2945 2941
f 2940 2939 2947
f 2940 2947 2946
f 2947 2942 2944
f 2949 2950 2951
f 2949 2951 2952
f 2455 2949 2458
f 2458 2952 2953
f 2954 2950 2331
f 2950 2949 2455
f 2950 2455 2331
f 2430 2953 2952
f 2430 2952 2955
f 2956 2951 2954
f 2954 2951 2950
f 2951 2956 2955
f 2955 2825 2430
f 2430 2825 2431
f 2957 2827 2955
f 2956 2957 2955
f 2825 2955 2827
f 2458 2949 2952
f 2955 2952 2951
f 2958 2959 2960
f 2959 2961 2960
f 2457 2958 2960
f 2958 2962 2959
f 2959 2963 2964
f 2959 2964 2961
f 2963 2959 2962
f 2965 2966 2967
f 2967 2966 2968
f 2962 2965 2963
f 2965 2967 2963
f 2963 2967 2964
f 2964 2967 2969
f 2966 2965 2970
f 2970 2965 2962
f 2970 2962 2971
f 2970 2972 2966
f 2972 2973 2968
f 2972 2968 2966
f 2974 2971 2962
f 2975 2971 2974
f 2970 2971 2976
f 2971 2975 2976
f 2457 2458 2977
f 2958 2457 2977
f 2958 2977 2974
f 2958 2974 2962
f 2978 2979 2980
f 2968 2981 2982
f 2968 2982 2978
f 2979 2978 2982
f 2979 2982 2983
f 2983 2982 2984
f 2980 2969 2978
f 2978 2969 2967
f 2967 2968 2978
f 2982 2981 2984
f 2985 2986 2983
f 2987 2980 2979
f 2979 2983 2986
f 2984 2988 2989
f 2990 2991 2992
f 2992 2991 2989
f 2984 2989 2983
f 2983 2989 2985
f 2993 2985 2991
f 2988 2992 2989
f 2985 2989 2991
f 2994 2992 2988
f 2994 2995 2996
f 2988 2995 2994
f 2992 2994 2996
f 2992 2996 2990
f 2981 2968 2973
f 2988 2984 2981
f 2981 2973 2997
f 2981 2997 2995
f 2995 2997 2996
f 2995 2988 2981
f 2985 2998 2986
f 2999 2987 3000
f 3000 2986 2998
f 3000 2998 3001
f 2999 3002 2987
f 2986 3000 2979
f 2987 2979 3000
f 3003 3002 2999
f 3000 3004 2999
f 3000 3001 3004
f 3003 2999 3004
f 3005 3006 3007
f 3001 3008 3004
f 3005 3008 3009
f 3009 3008 3001
f 3008 3005 3007
f 3008 3007 3004
f 3009 3001 3010
f 3009 3010 3011
f 3012 3011 3010
f 2998 3010 3001
f 3010 2998 3012
f 3012 2998 2985
f 3012 2985 2993
f 3013 3014 3015
f 3013 3015 3016
f 3004 3013 3003
f 3003 3013 3016
f 1621 3016 3015
f 1621 3015 1638
f 1621 3003 3016
f 1638 3015 3017
f 3017 3015 3018
f 1642 3003 1621
f 3014 3018 3015
f 3019 3020 3021
f 3017 3020 1638
f 3020 1641 1639
f 3020 1639 1638
f 3018 3021 3020
f 3017 3018 3020
f 3022 3023 3021
f 3018 3014 3022
f 3018 3022 3021
f 3019 3021 3023
f 3019 3023 3024
f 3013 3007 3025
f 3022 3006 3023
f 3025 3014 3013
f 3006 3025 3007
f 3007 3013 3004
f 3022 3014 3025
f 3025 3006 3022
f 3026 2736 2975
f 2975 2974 3026
f 3027 3028 2953
f 2733 3027 2732
f 3027 2500 2732
f 2976 2975 2736
f 2976 2736 2737
f 2953 3028 2977
f 2953 2977 2458
f 2977 3028 2974
f 2974 3028 3026
f 3026 3028 3027
f 2736 3026 2733
f 2733 3026 3027
f 3027 2953 2500
f 2500 2953 2430
f 3029 3030 3031
f 3032 3033 3029
f 3034 3031 3035
f 3029 3031 3032
f 3032 3031 3034
f 3036 3037 3038
f 3039 3040 3036
f 3036 3040 3037
f 3041 3042 3043
f 3038 3042 3036
f 3044 3045 3041
f 3045 3036 3041
f 3041 3036 3042
f 3046 3047 3048
f 3049 3050 3043
f 3043 3046 3048
f 3049 3043 3038
f 3043 3050 3046
f 3041 3043 3048
f 3042 3038 3043
f 3051 3052 3053
f 3051 3053 3054
f 3051 3049 3038
f 3051 3038 3052
f 3053 3055 3054
f 3054 3049 3051
f 3052 3056 3053
f 3052 3038 3037
f 3035 3031 3057
f 3057 3031 3058
f 3057 3059 3060
f 3035 3057 3060
f 3035 3060 3034
f 3057 3061 3059
f 3060 3059 3062
f 3062 3059 3061
f 3061 3057 3063
f 3064 3061 3063
f 3057 3058 3063
f 3065 3066 3067
f 3068 3069 3066
f 3066 3069 3067
f 3068 3070 3071
f 3068 3072 3070
f 3068 3066 3072
f 3073 3066 3065
f 3073 3072 3066
f 3074 3075 3076
f 3077 3078 3074
f 3074 3076 3077
f 3076 3075 3079
f 3080 3079 3053
f 3076 3079 3080
f 3080 3053 3081
f 3081 3053 3056
f 3075 3082 3083
f 3083 3082 3084
f 3083 3053 3079
f 3075 3083 3079
f 3083 3084 3055
f 3083 3055 3053
f 3085 3086 3087
f 3084 3082 3088
f 3075 3074 3089
f 3075 3089 3087
f 3087 3089 3085
f 3085 3090 3086
f 3085 3089 3091
f 3087 3088 3082
f 3087 3082 3075
f 3078 3092 3091
f 3078 3093 3092
f 3089 3078 3091
f 3089 3074 3078
f 3094 3095 3096
f 3095 3097 3098
f 3073 3096 3098
f 3098 3096 3095
f 3073 3065 3096
f 3096 3065 3099
f 3096 3099 3094
f 3100 3101 3102
f 3101 3103 3102
f 3102 3104 3100
f 3103 3105 3102
f 3103 3106 3105
f 3107 3108 3106
f 3109 3106 3108
f 3106 3103 3107
f 3103 3110 3111
f 3103 3111 3112
f 3113 3114 3101
f 3103 3101 3110
f 3110 3101 3114
f 3113 3101 3100
f 3115 3104 3102
f 3115 3102 3105
f 3116 3117 3118
f 3118 3119 3116
f 3119 3120 3116
f 3121 3116 3120
f 3122 3123 3121
f 3122 3121 3120
f 3124 3122 3125
f 3125 3122 3120
f 3126 3125 3127
f 3126 3124 3125
f 3128 3120 3119
f 3129 3127 3125
f 3129 3125 3128
f 3128 3125 3120
f 3129 3128 3130
f 3131 3130 3132
f 3133 3131 3132
f 3132 3128 3119
f 3132 3130 3128
f 3133 3132 3118
f 3118 3132 3119
f 3134 3078 3077
f 3135 3076 3136
f 3134 3077 3137
f 3137 3077 3135
f 3135 3077 3076
f 3136 3138 3135
f 3139 3140 3141
f 3139 3141 3142
f 3140 3134 3141
f 3141 3134 3137
f 3141 3137 3135
f 3141 3135 3138
f 3141 3138 3142
f 3138 3118 3117
f 3138 3117 3142
f 3081 3143 3133
f 3138 3136 3081
f 3081 3133 3118
f 3081 3118 3138
f 3076 3080 3136
f 3143 3081 3056
f 3080 3081 3136
f 3144 3109 3145
f 3146 3144 3147
f 3145 3147 3144
f 3146 3148 3144
f 3071 3146 3147
f 3071 3147 3068
f 3067 3069 3149
f 3147 3069 3068
f 3145 3109 3069
f 3069 3109 3150
f 3069 3150 3149
f 3147 3145 3069
f 3151 3152 3153
f 3152 3151 3063
f 3152 3063 3058
f 3063 3151 3064
f 3154 3061 3064
f 3064 3155 3154
f 3156 3157 3158
f 3151 3157 3064
f 3156 3155 3064
f 3156 3064 3157
f 3158 3157 3151
f 3158 3151 3153
f 3040 3159 3037
f 3160 3159 3040
f 3040 3161 3160
f 3161 3040 3039
f 3052 3037 3159
f 3052 3159 3056
f 3056 3159 3143
f 3133 3143 3162
f 3162 3143 3159
f 3162 3159 3163
f 3160 3163 3159
f 3164 3165 3160
f 3160 3165 3163
f 3163 3165 3166
f 3167 3168 3164
f 3164 3168 3165
f 3160 3161 3164
f 3164 3161 3167
f 3169 3163 3166
f 3166 3170 3169
f 3169 3171 3172
f 3169 3172 3162
f 3162 3172 3133
f 3162 3163 3169
f 3133 3172 3173
f 3173 3172 3174
f 3175 3174 3171
f 3171 3174 3172
f 3131 3133 3173
f 3176 3171 3177
f 3178 3175 3176
f 3176 3175 3171
f 3179 3178 3176
f 3176 3177 3179
f 3179 3177 3180
f 3180 3177 3181
f 3169 3170 3171
f 3177 3170 3181
f 3177 3171 3170
f 3182 3183 3184
f 3185 3182 3184
f 3182 3186 3183
f 3187 3186 3182
f 3188 3189 3186
f 3186 3189 3183
f 3190 3191 3188
f 3188 3186 3187
f 3188 3187 3190
f 3192 3190 3187
f 3193 3153 3194
f 3192 3193 3194
f 3192 3194 3195
f 3193 3192 3187
f 3193 3187 3185
f 3182 3185 3187
f 3196 3197 3198
f 3197 3199 3200
f 3197 3200 3201
f 3201 3202 3198
f 3201 3198 3197
f 3203 1454 1469
f 3204 3200 1469
f 3204 1469 1465
f 3200 3204 3201
f 3200 3203 1469
f 1461 1454 3203
f 3205 3206 3207
f 3205 3207 1464
f 1463 1464 1462
f 3199 3203 3200
f 3199 1463 1461
f 3199 1461 3203
f 3199 3205 1463
f 1464 1463 3205
f 3206 3205 3208
f 3209 3197 3196
f 3205 3199 3209
f 3209 3199 3197
f 3196 3210 3209
f 3209 3208 3205
f 3211 3208 3210
f 3210 3208 3209
f 3212 3213 3214
f 3215 3084 3216
f 3214 3215 3216
f 3217 3218 3219
f 3214 3213 3215
f 3217 3220 3214
f 3090 3218 3086
f 3088 3221 3222
f 3216 3084 3088
f 3223 3224 3225
f 3223 3212 3226
f 3223 3226 3227
f 3217 3214 3222
f 3088 3222 3216
f 3216 3222 3214
f 3223 3227 2794
f 3223 2794 3224
f 3212 3223 3225
f 3222 3221 3217
f 3228 3055 3084
f 3228 3084 3215
f 3213 3225 3229
f 3088 3087 3221
f 3221 3087 3086
f 3086 3218 3221
f 3221 3218 3217
f 3213 3212 3225
f 3225 3224 3230
f 3217 3219 3231
f 3217 3231 3220
f 3220 3231 3226
f 3226 3212 3220
f 3220 3212 3214
f 3215 3213 3232
f 3233 3234 3235
f 3233 3219 3218
f 3233 3218 3090
f 3219 3233 3236
f 3237 3238 3236
f 3237 3236 3235
f 3239 3240 3227
f 3226 3239 3227
f 3239 3226 3231
f 3231 3236 3239
f 3235 3236 3233
f 3241 3237 3242
f 3231 3219 3236
f 3236 3238 3239
f 3238 3240 3239
f 3241 3242 3243
f 3243 3242 3244
f 3242 3237 3235
f 3245 3242 3246
f 3245 3246 3247
f 3248 3249 3250
f 3246 3249 3247
f 3248 3251 3249
f 3249 3251 3247
f 3242 3245 3244
f 1375 1378 3229
f 1378 3252 3229
f 3229 3252 3253
f 3230 1373 1375
f 3230 1375 3229
f 3213 3229 3254
f 3213 3254 3232
f 3229 3253 3254
f 3230 3229 3225
f 3050 3049 3255
f 3215 3232 3256
f 3215 3256 3228
f 3257 3256 3254
f 3255 3228 3256
f 3228 3054 3055
f 3049 3054 3255
f 3255 3054 3228
f 3232 3254 3256
f 3258 3259 3260
f 3046 3261 3047
f 3047 3261 3258
f 3259 3257 3254
f 3259 3258 3261
f 3259 3261 3257
f 3047 3258 3262
f 3046 3050 3255
f 3255 3256 3257
f 3255 3257 3046
f 3046 3257 3261
f 3262 3258 3260
f 3252 3263 3260
f 3260 3259 3264
f 3253 3264 3254
f 1383 3263 1378
f 1378 3263 3252
f 3264 3259 3254
f 3252 3260 3264
f 3252 3264 3253
f 3153 3152 3194
f 3194 3152 3195
f 3109 3108 3150
f 3112 3150 3107
f 3107 3150 3108
f 3107 3103 3112
f 3150 3112 3149
f 2724 2684 2682
f 2682 2723 2724
f 3265 2612 2610
f 3265 2643 2616
f 2643 2639 2616
f 2616 2612 3265
f 2019 1976 2020
f 1977 1976 2019
f 1905 1902 1900
f 1934 1902 1905
f 1903 1902 1934
f 1934 1905 1941
f 1572 1526 1528
f 1477 1524 1478
f 1478 1524 1517
f 1477 3266 1524
f 3095 3094 3097
f 3033 3267 3268
f 3029 3033 3268
f 3029 3268 3030
f 3269 3270 2557
f 2555 2557 3270
f 2556 3271 2557
f 2557 3271 3269
f 2506 2507 3272
f 3273 3272 3274
f 3274 3272 3275
f 2507 3275 3272
f 2506 3272 3273
f 3276 3277 2109
f 3276 2109 2106
f 2110 3276 2106
f 2080 2079 3278
f 2078 2080 3279
f 3280 3281 1604
f 3281 1605 1604
f 3282 3283 3284
f 3282 3284 1580
f 1580 3284 1578
f 2403 2406 2404
f 2406 2366 2360
f 2406 2360 2404
f 2207 2205 3285
f 2246 2244 3285
f 3285 2205 2246
f 3286 3287 3288
f 3287 3289 3288
f 3286 3290 3287
f 3287 3290 3291
f 3292 3191 3293
f 3110 3294 3295
f 3287 3291 3111
f 3295 3111 3110
f 3111 3295 3287
f 3289 3287 3295
f 3294 3289 3295
f 3296 3297 3298
f 3297 2721 3298
f 3297 2722 2721
f 3299 3300 3301
f 3301 2017 3299
f 3302 3303 3304
f 3304 3305 3306
f 3306 3302 3304
f 3304 1571 3305
f 3307 1569 1571
f 3307 1571 3304
f 3308 3309 3310
f 3306 3311 3302
f 3302 3311 3310
f 3311 3308 3310
f 3310 3309 3312
f 3310 3312 3302
f 3302 3312 3303
f 3313 3314 3315
f 3316 2402 2401
f 3316 2401 3317
f 3318 3314 3313
f 3314 3318 3319
f 3320 1748 1749
f 3321 3322 3323
f 3324 3325 3326
f 3327 3328 3329
f 3330 3331 3332
f 3333 3334 3335
f 3336 3337 3338
f 3333 3335 3339
f 3339 3335 3340
f 3340 3335 3341
f 3342 3341 3343
f 3342 3343 3332
f 3344 3341 3335
f 3341 3344 3345
f 3341 3345 3343
f 3343 3345 3346
f 3335 3334 3338
f 3335 3338 3337
f 3335 3337 3344
f 3344 3337 3347
f 3344 3347 3345
f 3345 3347 3348
f 3345 3348 3346
f 3346 3348 3349
f 3346 3349 3329
f 3337 3336 3350
f 3337 3350 3347
f 3347 3350 3348
f 3328 3351 3330
f 3330 3351 3331
f 3328 3327 3351
f 3329 3328 3330
f 3343 3330 3332
f 3330 3343 3346
f 3330 3346 3329
f 3352 3353 3324
f 3324 3353 3325
f 3353 3327 3325
f 3325 3327 3329
f 3354 3355 3356
f 3349 3356 3355
f 3324 3357 3358
f 3325 3355 3326
f 3326 3355 3354
f 3354 3357 3326
f 3326 3357 3324
f 3324 3358 3352
f 3352 3358 3359
f 3360 3361 3362
f 3360 3331 3361
f 3362 3361 3363
f 3362 3363 3364
f 3361 3365 3363
f 3366 3367 3368
f 3368 3367 3369
f 3368 3369 3364
f 3364 3369 3370
f 2857 3321 2853
f 2853 3321 3366
f 3366 3321 3323
f 3366 3323 3367
f 3371 3372 3366
f 3371 3366 3363
f 3371 3373 3372
f 3372 3373 3359
f 3359 2854 3372
f 3372 2854 2851
f 3371 3374 3373
f 3365 3374 3371
f 3365 3371 3363
f 3372 2851 2853
f 3372 2853 3366
f 3366 3368 3363
f 3375 3320 1749
f 3376 3377 3378
f 1749 3379 3375
f 3375 3379 3376
f 3376 3379 3377
f 3364 3378 3360
f 3380 3340 3381
f 1750 1751 3380
f 3380 1751 3333
f 3380 3339 3340
f 3381 3340 3342
f 3382 3383 3384
f 1749 1750 3379
f 3377 3379 3381
f 3377 3381 3383
f 3333 3339 3380
f 3383 3381 3342
f 3383 3342 3384
f 3384 3342 3332
f 3379 1750 3380
f 3379 3380 3381
f 3332 3331 3384
f 3384 3331 3360
f 3384 3360 3382
f 3382 3360 3378
f 3382 3378 3383
f 3383 3378 3377
f 3385 3358 3357
f 3325 3329 3355
f 3355 3329 3349
f 3349 3348 3356
f 3356 3348 3350
f 3352 3359 3373
f 3352 3373 3353
f 3353 3373 3374
f 3353 3374 3327
f 3327 3374 3365
f 3327 3365 3351
f 3351 3365 3361
f 3360 3362 3364
f 3368 3364 3363
f 3351 3361 3331
f 3341 3342 3340
f 3386 3387 3388
f 2902 2887 3389
f 2902 3390 3391
f 3389 3390 2902
f 3392 2900 2899
f 3393 2901 2900
f 3393 2900 3392
f 3393 3394 2887
f 2887 3394 3389
f 3393 2887 2901
f 1708 3395 3387
f 3387 3386 3396
f 3387 3396 1708
f 3386 3397 3396
f 3396 3397 3398
f 3398 3397 1712
f 3398 1712 1714
f 3398 1714 1709
f 3396 3398 1708
f 1708 3398 1709
f 3399 3400 3401
f 3399 3401 3402
f 3403 3404 3405
f 3405 3404 3406
f 3405 3406 3407
f 3407 3406 3400
f 3400 3399 3407
f 3407 3399 3408
f 3408 3399 3409
f 3409 3399 3410
f 3390 3389 3388
f 3388 3387 3411
f 3411 3387 3395
f 3411 3395 3410
f 3411 3410 3402
f 3402 3410 3399
f 3412 3401 3413
f 3413 3401 3414
f 3415 3416 3401
f 3415 3401 3412
f 3391 3416 3415
f 3391 3390 3416
f 3414 3417 3418
f 3418 3417 3419
f 3393 3392 3420
f 3393 3420 3394
f 3388 3389 3394
f 3388 3394 3386
f 3386 3394 3420
f 3395 1708 1711
f 3395 1711 3410
f 3410 1711 3409
f 3406 3404 3419
f 3406 3419 3417
f 3406 3417 3400
f 3400 3417 3414
f 3400 3414 3401
f 3402 3401 3416
f 3402 3416 3411
f 3411 3416 3388
f 3388 3416 3390
f 3308 1479 1480
f 3421 3422 3423
f 3424 1629 1628
f 3425 3284 3283
f 3426 3427 1407
f 3428 1406 3429
f 1653 3430 3429
f 3426 1407 3431
f 3431 1406 3428
f 3430 3428 3429
f 1407 1406 3431
f 3432 3433 3425
f 3434 3435 1578
f 3436 3434 3425
f 3436 3425 3433
f 3437 3438 3426
f 3426 3438 3427
f 3431 3430 3439
f 3439 3440 3426
f 1654 3430 1653
f 3430 3431 3428
f 3441 3430 1654
f 3441 1654 1632
f 3426 3431 3439
f 3442 3436 3433
f 3442 3433 3443
f 3443 1604 3442
f 3442 1604 1609
f 3440 3437 3426
f 3441 1632 3424
f 3424 1632 1629
f 3444 3445 3432
f 3425 3434 3284
f 3284 3434 1578
f 3425 3283 3432
f 3432 3438 3444
f 3444 3438 3437
f 3444 3437 3446
f 3446 3437 3440
f 1637 3447 3448
f 3449 1451 1450
f 3438 3432 3283
f 3438 3283 3427
f 3449 1450 3440
f 3440 1450 3446
f 3446 1450 3450
f 3439 3424 3448
f 3448 3424 1637
f 1637 3424 1628
f 3450 3280 3444
f 3444 3280 3445
f 3423 3451 3421
f 1524 3266 3422
f 3309 3308 1480
f 3423 3422 3266
f 3421 1593 1523
f 1523 1524 3422
f 3421 1523 3422
f 3436 3442 3452
f 3305 1571 1574
f 1574 3453 3305
f 3453 1528 3454
f 1574 1528 3453
f 3305 3453 3306
f 1477 1479 3266
f 3266 1479 3308
f 3266 3308 3311
f 3266 3311 3423
f 3423 3311 3306
f 3423 3306 3453
f 3454 1528 3455
f 3455 1528 1529
f 3435 1576 1578
f 1529 1576 3455
f 3451 3456 3421
f 3421 3456 1593
f 1608 1593 3456
f 3456 3451 3457
f 3457 3451 3455
f 3457 3435 3434
f 3457 3434 3436
f 3446 3450 3444
f 3432 3445 3443
f 3432 3443 3433
f 3455 3451 3454
f 3454 3451 3423
f 3454 3423 3453
f 3430 3441 3424
f 3430 3424 3439
f 3440 3439 3449
f 3449 3439 3448
f 3449 3448 1451
f 1451 3448 3447
f 3442 1609 3452
f 3457 3452 3456
f 3456 3452 1609
f 3456 1609 1608
f 3280 1604 3445
f 3445 1604 3443
f 3436 3452 3457
f 3435 3457 3455
f 3435 3455 1576
f 3458 3459 3460
f 3458 2943 2942
f 3459 3458 2942
f 3459 2942 2947
f 3459 2947 2939
f 3461 2939 3462
f 3463 3461 3462
f 2941 3464 3462
f 1486 3465 3466
f 1491 1487 3466
f 3465 3463 3466
f 3467 3468 3469
f 1497 3470 3467
f 3467 3470 3468
f 3469 3471 3467
f 3467 3465 1497
f 1497 3465 1486
f 3469 3472 3460
f 3471 3460 3459
f 3463 3465 3461
f 3469 3460 3471
f 3471 3461 3467
f 3467 3461 3465
f 3464 1473 1476
f 2941 1474 3464
f 3464 1474 1473
f 2939 2941 3462
f 1487 1486 3466
f 3461 3471 2939
f 2939 3471 3459
f 3469 3468 3473
f 3474 1520 1522
f 3475 1519 1520
f 3474 3476 3477
f 3478 1603 1508
f 3478 3479 3480
f 3480 3481 3478
f 1507 1509 3482
f 3479 1507 3482
f 3479 3482 3483
f 3474 1522 3476
f 3476 1522 1596
f 3481 1603 3478
f 3481 3480 3477
f 3477 3480 3474
f 3475 1520 3474
f 3475 3474 3483
f 3483 3474 3480
f 3483 3480 3479
f 1507 3479 3478
f 1507 3478 1508
f 3484 3485 3486
f 3487 3458 3460
f 3488 3489 3490
f 3488 3491 3492
f 3493 3492 3491
f 3494 3492 3493
f 3493 3495 3494
f 3496 3497 3498
f 3499 3484 3500
f 3500 3492 3494
f 3493 3491 3497
f 3493 3497 3496
f 3493 3496 3495
f 3495 3496 3501
f 3484 3499 3485
f 1564 3502 1565
f 3496 3503 3501
f 3495 3501 3504
f 3503 3496 3498
f 3503 3498 3505
f 3505 3498 3506
f 3506 3498 3507
f 3506 3507 3502
f 1565 3502 3507
f 1565 3507 3508
f 3494 3495 3504
f 3494 3504 3509
f 3510 3511 3504
f 3510 3504 3501
f 3509 3504 3511
f 3503 3512 3510
f 3513 3512 3503
f 3514 3515 3513
f 3503 3514 3513
f 3505 3506 3514
f 3505 3514 3503
f 3515 3514 3506
f 3502 1564 3516
f 3516 3515 3506
f 1567 1570 1564
f 3510 3501 3503
f 3502 3516 3506
f 3510 3512 3511
f 3517 3518 3519
f 3519 3518 3520
f 3520 3518 3486
f 3509 3521 3494
f 3494 3521 3499
f 3499 3521 3485
f 3485 3521 3522
f 3485 3522 3523
f 3485 3523 3486
f 2943 3524 2948
f 3524 3525 2948
f 3517 3519 3525
f 3526 3527 3528
f 3527 3529 3530
f 3527 3531 3528
f 3528 3531 3487
f 3524 2943 3458
f 3458 3487 3531
f 3531 3530 3517
f 3517 3530 3518
f 3532 3529 3533
f 3532 3533 3489
f 3489 3533 3490
f 3489 3484 3534
f 3489 3500 3484
f 3492 3489 3488
f 3532 3489 3534
f 3486 3534 3484
f 3520 3486 3523
f 3494 3499 3500
f 3489 3492 3500
f 3517 3525 3531
f 3531 3525 3524
f 3531 3524 3458
f 3531 3527 3530
f 3527 3526 3529
f 3529 3532 3530
f 3530 3532 3534
f 3530 3534 3486
f 3530 3486 3518
f 3535 3536 3537
f 3538 3535 3539
f 3540 1592 3541
f 1592 3542 3541
f 3541 3542 3543
f 1534 3543 3542
f 1534 3542 1532
f 1536 1543 1537
f 1537 1584 3535
f 1550 1549 3538
f 3535 3538 1537
f 1549 1537 3538
f 3537 3541 3539
f 3537 3539 3535
f 1585 3536 1584
f 3536 3535 1584
f 3541 3537 3540
f 1534 1535 3543
f 3539 3541 3543
f 1592 1532 3542
f 1584 1537 1543
f 3544 1616 1620
f 3545 3546 3547
f 3548 3549 3550
f 3550 3549 3551
f 3552 3550 3553
f 3551 3553 3550
f 3554 3555 3556
f 3556 3555 3557
f 1618 1616 3544
f 1618 3544 3558
f 3558 3544 3559
f 3559 3560 3561
f 3562 3552 3563
f 3562 3563 3564
f 3565 3548 3550
f 3565 3550 3555
f 3555 3550 3552
f 3566 3565 3555
f 3555 3552 3562
f 3567 3562 3564
f 3547 3567 3564
f 3546 3567 3547
f 3545 3568 1680
f 3568 3545 3547
f 3558 3559 3569
f 3569 3559 3561
f 3569 3561 3557
f 3557 3561 3556
f 3544 3570 3559
f 3559 3570 2911
f 3559 2911 3571
f 3559 3571 3560
f 3544 1620 3570
f 3566 3572 3573
f 3566 3573 3565
f 3565 3573 3548
f 1680 1679 1618
f 1680 1618 3545
f 3545 1618 3558
f 3545 3558 3546
f 3546 3558 3569
f 3546 3569 3567
f 3567 3569 3557
f 3567 3557 3562
f 3562 3557 3555
f 3555 3554 3566
f 3574 3575 3576
f 3577 3547 3564
f 3564 3563 3577
f 3553 3578 3552
f 3552 3578 3563
f 3561 3560 3574
f 3561 3574 3556
f 3556 3574 3554
f 3554 3574 3576
f 3554 3576 3566
f 3566 3576 3579
f 3566 3579 3572
f 3572 3579 3580
f 3581 3582 3583
f 3584 3585 3586
f 3587 3588 3589
f 3590 3591 3592
f 3593 3594 3590
f 3590 3594 3591
f 3595 3596 3593
f 3593 3596 3594
f 3597 3598 3599
f 3599 3598 3600
f 3599 3600 3586
f 3601 3599 3586
f 3601 3586 3585
f 3602 3601 3585
f 3601 3602 3603
f 3599 3601 3604
f 3605 3595 3606
f 3602 3590 3603
f 3603 3604 3601
f 3607 3602 3585
f 3607 3585 3606
f 3604 3608 3599
f 3604 3609 3608
f 3599 3608 3597
f 3606 3595 3607
f 3607 3593 3602
f 3602 3593 3590
f 3604 3603 3592
f 3604 3592 3610
f 3610 3611 3604
f 3604 3611 3609
f 3612 3613 3583
f 3613 3614 3583
f 3583 3614 3615
f 3583 3615 3581
f 3583 3582 3616
f 3583 3616 3612
f 3613 3612 3617
f 3618 3581 3615
f 3618 3615 3600
f 3600 3615 3614
f 3600 3614 3586
f 3619 3620 3621
f 3619 3613 3617
f 3614 3613 3622
f 3622 3613 3619
f 3622 3623 3624
f 3625 3626 3588
f 3625 3623 3626
f 3626 3623 3627
f 3584 3624 3625
f 3625 3624 3623
f 3627 3623 3621
f 3621 3623 3622
f 3607 3595 3593
f 3590 3592 3603
f 3589 3605 3606
f 3589 3606 3587
f 3587 3606 3585
f 3600 3598 3618
f 3619 3621 3622
f 3614 3622 3624
f 3614 3624 3584
f 3614 3584 3586
f 3585 3584 3625
f 3585 3625 3587
f 3587 3625 3588
f 3628 3629 3630
f 3631 3632 3628
f 1747 1748 3633
f 1747 3633 1741
f 1742 3634 3635
f 1742 3635 3629
f 3633 3636 1741
f 1741 3636 3634
f 1741 3634 1742
f 3629 3635 3637
f 3629 3637 3630
f 3630 3637 3638
f 3636 1725 3639
f 3634 3639 3637
f 3634 3637 3635
f 3639 1725 1720
f 3637 3639 1720
f 3637 1720 1724
f 3637 1724 3638
f 3634 3636 3639
f 3640 3641 3642
f 3643 3642 3641
f 3642 3643 3631
f 3643 3632 3631
f 3631 3628 3630
f 3629 3628 3644
f 3629 3645 1742
f 3645 3629 3644
f 3645 3644 3646
f 1697 1726 1725
f 1697 1725 3647
f 3647 1725 3636
f 3647 3636 3648
f 3648 3636 3633
f 3649 3650 3651
f 3652 3653 3650
f 3649 3651 3654
f 3654 3651 3655
f 3649 3654 3656
f 3649 3656 3650
f 3650 3656 3657
f 3650 3657 3652
f 3658 3656 3659
f 1695 3657 1694
f 3656 3658 3657
f 3657 1695 3652
f 3653 3660 3650
f 3659 3656 3654
f 3661 1719 1732
f 3630 3638 3662
f 3663 3664 3665
f 3666 3663 3665
f 3667 3640 3668
f 3668 3640 3665
f 3640 3667 3641
f 3641 3667 1716
f 3665 3640 3642
f 3665 3642 3631
f 3666 3665 3631
f 3666 3631 3669
f 3669 3631 3630
f 3638 1723 3662
f 3662 1723 1719
f 1717 1723 3638
f 3670 3671 1733
f 1733 3671 1730
f 3672 3673 3674
f 3675 3676 3674
f 3677 3675 3674
f 3677 3678 3675
f 3679 1730 3671
f 3678 3671 3670
f 3678 3670 3675
f 3673 3680 3674
f 3674 3680 3681
f 3674 3681 3677
f 3682 3663 3681
f 3677 3683 3671
f 3671 3683 3661
f 3663 3682 3664
f 3678 3677 3671
f 3671 3661 3679
f 1717 3638 1724
f 3662 3669 3630
f 3663 3666 3669
f 3663 3669 3683
f 3661 3662 1719
f 3680 3682 3681
f 3677 3681 3663
f 3677 3663 3683
f 3661 3683 3669
f 3661 3669 3662
f 3661 1732 3679
f 3679 1732 1730
f 3684 3685 3686
f 3687 3688 3689
f 3690 3691 3692
f 3693 3694 3695
f 3693 3695 3696
f 3697 3696 3695
f 3694 3698 3699
f 3694 3699 3700
f 3701 3695 3700
f 3696 3697 3702
f 3701 3697 3695
f 3700 3695 3694
f 3703 3696 3702
f 3704 3705 3706
f 3704 3706 3699
f 3697 3701 3707
f 3700 3699 3706
f 3708 3702 3707
f 3707 3702 3697
f 3709 3710 3711
f 3712 3710 3713
f 3711 3710 3712
f 3714 3715 3716
f 3716 3715 3717
f 3710 3718 3713
f 3713 3718 3719
f 3719 3718 3720
f 3720 3718 3715
f 3720 3715 3714
f 3709 3721 3722
f 3722 3721 3703
f 3722 3703 3702
f 3722 3702 3708
f 3722 3708 3709
f 3709 3708 3710
f 3723 3724 3725
f 3723 3725 3726
f 3727 3726 3728
f 3727 3728 3729
f 3729 3728 3730
f 3726 3725 3728
f 3731 3732 3733
f 3731 3733 3734
f 3734 3733 3735
f 3734 3735 3736
f 3737 3736 3735
f 3738 3733 3732
f 3739 3732 3740
f 3739 3740 3741
f 3742 3743 3744
f 3742 3744 3745
f 3746 3745 3747
f 3748 3736 3749
f 3749 3736 3737
f 3750 3751 3752
f 3753 3754 3755
f 3754 3698 3756
f 3754 3756 3755
f 3750 3757 3758
f 3750 3758 3759
f 3750 3759 3751
f 3752 3751 3753
f 3753 3751 3760
f 3761 3754 3760
f 3762 3748 3749
f 3691 3690 3743
f 3743 3690 3744
f 3744 3763 3745
f 3764 3765 3735
f 3735 3765 3737
f 3732 3739 3738
f 3733 3738 3764
f 3733 3764 3735
f 3747 3745 3763
f 3749 3766 3692
f 3762 3749 3691
f 3691 3749 3692
f 3747 3763 3767
f 3768 3747 3767
f 3690 3692 3769
f 3690 3769 3744
f 3744 3769 3763
f 3737 3765 3766
f 3760 3770 3761
f 3751 3759 3770
f 3768 3771 3759
f 3771 3418 3759
f 3770 3760 3751
f 3761 3770 3404
f 3761 3404 3403
f 3759 3418 3419
f 3759 3419 3770
f 3768 3767 3771
f 3758 3747 3768
f 2838 2837 3731
f 2837 3772 3732
f 3732 3772 3740
f 3740 3772 3773
f 3740 3773 3741
f 3774 2846 2845
f 2846 3774 3775
f 3775 3774 3776
f 2845 2838 3731
f 3731 2837 3732
f 3777 3775 3776
f 3777 3776 3689
f 3777 3689 3688
f 3778 3779 3687
f 3780 3781 3778
f 3778 3781 3779
f 3782 3783 3784
f 3734 3774 2845
f 3734 2845 3731
f 3741 3773 3785
f 3742 3786 3778
f 3742 3778 3787
f 3788 3781 3780
f 3780 3778 3786
f 3687 3787 3778
f 3784 3780 3746
f 3784 3746 3757
f 3783 3788 3784
f 3784 3788 3780
f 3746 3780 3786
f 3757 3746 3758
f 3687 3689 3787
f 3787 3689 3743
f 3787 3743 3742
f 3789 3790 3782
f 3790 3789 3791
f 3791 3789 3792
f 3782 3793 3789
f 3686 3685 3794
f 3795 3796 3797
f 3794 3798 3686
f 3789 3799 3800
f 3789 3793 3799
f 3782 3784 3793
f 3800 3799 3798
f 3798 3799 3752
f 3800 3798 3794
f 3800 3794 3791
f 3800 3791 3792
f 3798 3801 3686
f 3686 3802 3684
f 3803 3684 3802
f 3798 3753 3801
f 3802 3801 3755
f 3802 3755 3796
f 3802 3686 3801
f 3792 3789 3800
f 3798 3752 3753
f 3796 3795 3803
f 3793 3784 3757
f 3793 3757 3799
f 3799 3757 3750
f 3799 3750 3752
f 3770 3419 3404
f 3693 3804 3805
f 3805 3804 3806
f 3805 3806 3807
f 3807 3806 3796
f 3796 3806 3797
f 3573 3572 3808
f 3808 3572 3721
f 3721 3572 3580
f 3809 3810 3693
f 3693 3810 3804
f 3548 3811 3549
f 3720 3812 3811
f 3812 3720 3714
f 3813 3814 3714
f 3714 3814 3812
f 3812 3549 3811
f 3811 3548 3712
f 3548 3573 3808
f 3721 3580 3815
f 3815 3580 3816
f 3813 3716 3817
f 3817 3716 3723
f 3726 3818 3819
f 3726 3819 3723
f 3723 3819 3817
f 3729 3785 3820
f 3729 3820 3821
f 3727 3821 3822
f 3727 3822 3726
f 3726 3822 3818
f 3716 3813 3714
f 3796 3756 3807
f 3712 3548 3808
f 3809 3815 3816
f 3803 3802 3796
f 3796 3755 3756
f 3716 3717 3724
f 3716 3724 3723
f 3719 3720 3811
f 3719 3811 3713
f 3713 3811 3712
f 3711 3712 3808
f 3711 3808 3709
f 3709 3808 3721
f 3703 3721 3815
f 3703 3815 3696
f 3696 3815 3809
f 3761 3403 3705
f 3704 3761 3705
f 3729 3730 3741
f 3741 3730 3739
f 3816 3810 3809
f 3809 3693 3696
f 3693 3805 3694
f 3694 3805 3807
f 3694 3807 3698
f 3698 3807 3756
f 3755 3801 3753
f 3753 3760 3754
f 3754 3761 3698
f 3698 3761 3704
f 3698 3704 3699
f 3701 3700 3706
f 3701 3706 3707
f 3766 3749 3737
f 3727 3729 3821
f 3741 3785 3729
f 3774 3734 3736
f 3774 3736 3776
f 3776 3736 3748
f 3776 3748 3762
f 3776 3762 3689
f 3689 3762 3691
f 3689 3691 3743
f 3786 3742 3745
f 3786 3745 3746
f 3746 3747 3758
f 3758 3768 3759
f 3823 3824 3825
f 3826 3827 3806
f 3810 3828 3804
f 3804 3828 3826
f 3804 3826 3806
f 3828 3829 3830
f 3831 3579 3576
f 2911 2908 3571
f 3571 2908 3832
f 3571 3832 3833
f 3830 3834 3835
f 1817 3570 1620
f 2911 3570 1817
f 3833 3575 3574
f 3834 3576 3575
f 3833 3574 3560
f 3833 3560 3571
f 3834 3575 3835
f 3835 3833 3823
f 2928 1776 1775
f 3836 2927 2928
f 3836 2910 2927
f 3836 3837 3838
f 3836 3838 3824
f 2908 2907 2910
f 3836 3824 2910
f 3833 3832 3823
f 3823 3832 3824
f 3824 3832 2910
f 3835 3575 3833
f 3832 2908 2910
f 1775 1771 1772
f 3837 1775 1772
f 2928 1775 3837
f 3797 3806 1774
f 1774 3806 3839
f 1774 3839 1772
f 3830 3835 3840
f 3840 3835 3823
f 3840 3823 3825
f 3841 3827 3826
f 3824 3838 3825
f 3825 3838 3841
f 3841 3826 3840
f 3840 3826 3830
f 3841 3840 3825
f 3838 3837 3839
f 3838 3839 3841
f 3841 3839 3827
f 3826 3828 3830
f 3829 3810 3816
f 3829 3816 3831
f 3831 3816 3579
f 3579 3816 3580
f 3837 1772 3839
f 3827 3839 3806
f 3829 3828 3810
f 3836 2928 3837
f 3830 3829 3834
f 3834 3829 3831
f 3834 3831 3576
f 3842 3843 3844
f 3845 3300 3299
f 3299 2016 3845
f 2017 2016 3299
f 2016 2020 3845
f 3845 2020 3842
f 3842 2020 3843
f 3843 1976 1978
f 3846 1978 2077
f 3843 2020 1976
f 3847 3846 3848
f 3849 3850 3851
f 3851 3850 3852
f 3850 3853 3852
f 3854 3855 3856
f 3854 3856 3857
f 3857 3856 3853
f 3854 3858 1673
f 3858 1689 1673
f 3848 2078 3859
f 3859 2078 3279
f 3850 3849 3860
f 3849 3279 3860
f 3857 3861 3854
f 3854 3861 1883
f 3854 1883 3858
f 3858 1883 1614
f 3860 3862 3853
f 3853 3862 3857
f 3857 3862 3861
f 1613 1688 1614
f 3858 1614 1688
f 1688 1689 3858
f 3863 3864 2110
f 3865 3276 3864
f 3849 3851 3866
f 3852 3277 3851
f 3851 3277 3865
f 3865 3277 3276
f 3852 3867 3277
f 3868 1877 1878
f 3868 1878 3867
f 3869 1671 1675
f 1873 3869 1872
f 3852 3868 3867
f 3868 3856 3869
f 1672 1671 3855
f 3855 1671 3869
f 3868 3869 1877
f 1877 3869 1873
f 3869 3856 3855
f 3869 1675 1872
f 3865 3864 3866
f 3865 3866 3851
f 3868 3852 3853
f 3868 3853 3856
f 3870 1941 1905
f 3870 1905 3871
f 1895 3872 1904
f 1905 1904 3871
f 3870 1942 1941
f 3873 3300 3871
f 3871 3300 3845
f 1895 1907 3872
f 3872 3873 1904
f 1904 3873 3871
f 3871 3844 3870
f 3843 3846 3847
f 3843 3847 3844
f 3844 3847 3874
f 3844 3874 3870
f 1978 3846 3843
f 3870 3874 1942
f 3276 2110 3864
f 3845 3842 3871
f 3871 3842 3844
f 3863 2110 2108
f 3863 2108 3874
f 3874 2108 2094
f 3846 2077 2073
f 3846 2073 3848
f 3848 2073 2078
f 3850 3860 3853
f 3855 3854 1673
f 3855 1673 1672
f 3279 3849 3859
f 3859 3849 3866
f 3859 3866 3864
f 3859 3864 3848
f 3848 3864 3863
f 3848 3863 3847
f 3847 3863 3874
f 3874 2094 1942
f 3875 2934 3876
f 2936 2934 3875
f 3877 3878 3879
f 1898 1896 3880
f 3880 1896 1899
f 1888 3881 1917
f 1917 3881 3882
f 1917 3882 1918
f 1916 1917 1918
f 1886 1943 1887
f 1888 1887 3883
f 3883 1887 3884
f 3884 1887 1948
f 1948 1887 1943
f 1948 1947 3876
f 3876 1947 3875
f 3876 3884 1948
f 3883 3878 3882
f 3883 3882 3881
f 2934 2938 3876
f 3876 2938 3878
f 3876 3878 3884
f 3884 3878 3883
f 3881 1888 3883
f 1898 3880 3879
f 2938 1898 3878
f 3878 1898 3879
f 3878 3877 3882
f 3885 3886 3887
f 3886 1937 1939
f 3886 3888 3887
f 3886 2096 3888
f 3889 2105 1927
f 3887 1928 1931
f 1937 3890 1938
f 1939 2096 3886
f 1931 3885 3887
f 3887 3888 3891
f 3889 1927 1928
f 3890 1937 3886
f 3890 3886 3885
f 1928 3887 3891
f 1928 3891 3889
f 1953 1972 3892
f 3893 2937 3894
f 3895 3896 3897
f 3898 3899 1972
f 3898 1971 1974
f 3900 3895 3898
f 3900 3898 1974
f 3901 3897 3896
f 3895 3902 3896
f 3902 3895 3903
f 3903 3895 3900
f 3903 3900 3904
f 3905 3904 3906
f 3906 3904 3900
f 3900 1974 3906
f 3906 3907 3905
f 3905 3907 3908
f 3907 3909 3908
f 3908 3909 3910
f 2008 2007 3911
f 1974 1973 3906
f 3906 1973 3907
f 3910 3909 2009
f 3910 2009 3911
f 3911 2009 2008
f 3903 3912 3902
f 3903 3913 3912
f 3902 3912 3914
f 3915 3913 3904
f 3915 3904 3905
f 3910 3916 3908
f 3917 2007 2014
f 3917 3916 3911
f 3915 3905 3908
f 3915 3908 3916
f 3916 3910 3911
f 3904 3913 3903
f 3918 3919 3920
f 3920 3893 3894
f 3918 3921 3919
f 3922 1949 1951
f 3923 3924 3922
f 3923 3922 1951
f 3925 3923 3926
f 1949 3927 1947
f 3925 3928 3924
f 3924 3928 3927
f 2936 3875 3894
f 3875 3927 3928
f 3928 3925 3920
f 3920 3925 3918
f 3927 1949 3922
f 3927 3922 3924
f 3924 3923 3925
f 3875 3928 3894
f 3894 3928 3920
f 2936 3894 2937
f 3926 3923 3892
f 3901 3926 3899
f 3899 3926 3892
f 3892 1972 3899
f 3899 3898 3897
f 3897 3898 3895
f 3897 3901 3899
f 3929 3926 3901
f 3929 3921 3926
f 3929 3901 3896
f 3921 3896 3914
f 3893 3920 3919
f 1972 1971 3898
f 1953 3892 1951
f 1951 3892 3923
f 3925 3926 3921
f 3925 3921 3918
f 3927 3875 1947
f 3921 3929 3896
f 3914 3896 3902
f 3917 3911 2007
f 3930 3931 3932
f 3933 3934 3935
f 3935 3934 3936
f 3936 3937 3938
f 3938 3937 3939
f 3939 3940 3941
f 3937 3940 3939
f 3934 3937 3936
f 3940 3942 3941
f 3941 3942 3943
f 3943 3942 3944
f 3942 3945 3944
f 3944 3945 3946
f 3946 3945 3947
f 3945 3948 3947
f 3947 3948 3949
f 3950 3951 3948
f 3948 3951 3949
f 3952 3953 2035
f 3935 3936 2034
f 3935 2034 2035
f 3953 3935 2035
f 3941 2030 3954
f 3954 2030 2034
f 3954 2034 3936
f 3938 3954 3936
f 3947 3955 3946
f 3941 3943 3956
f 3941 3956 2030
f 3957 2029 2024
f 3957 2024 3955
f 2024 2031 3955
f 3955 2031 3946
f 3946 2031 3956
f 3956 2031 2030
f 3958 3959 3960
f 3960 3932 3961
f 3962 3932 3963
f 3963 3964 3965
f 3961 3932 3962
f 3962 3963 3966
f 3967 3964 3968
f 3967 3968 3969
f 3970 3969 3971
f 3971 3972 3973
f 3972 3952 3973
f 3967 3969 3970
f 3963 3965 3966
f 3958 3960 3961
f 3961 3962 2026
f 2026 2025 3961
f 3961 2025 3958
f 3958 2025 2029
f 3964 3967 2038
f 3967 2037 2038
f 3971 3973 3970
f 3973 3952 2035
f 2035 2037 3973
f 3973 2037 3970
f 3967 3970 2037
f 2038 2039 3964
f 3964 2039 3965
f 3965 2039 3966
f 3966 2039 2027
f 3966 2027 3962
f 3962 2027 2026
f 3950 3959 3951
f 3950 3930 3959
f 3959 3930 3960
f 3932 3960 3930
f 3931 3974 3963
f 3932 3931 3963
f 3964 3974 3968
f 3964 3963 3974
f 3971 3969 3975
f 3971 3975 3976
f 3974 3975 3968
f 3968 3975 3969
f 3976 3972 3971
f 3946 3956 3944
f 3952 3933 3953
f 3953 3933 3935
f 3938 3939 3954
f 3954 3939 3941
f 3943 3944 3956
f 3955 3947 3949
f 3955 3949 3957
f 3957 3949 3951
f 3957 3951 3958
f 3972 3933 3952
f 3958 3951 3959
f 3933 3972 3976
f 3933 3976 3934
f 3957 3958 2029
f 1982 3977 3978
f 3979 2052 3980
f 2052 3979 2086
f 1982 3981 2091
f 1985 3977 1980
f 1980 3977 1982
f 1993 1992 3982
f 3982 1992 3979
f 3982 3979 3978
f 3978 3979 3981
f 3978 3981 1982
f 3979 3980 3981
f 3981 3980 2091
f 1992 2086 3979
f 3983 3984 3985
f 3986 2051 3987
f 3987 2051 3988
f 3983 3989 3984
f 3984 3989 3990
f 3990 3989 3986
f 3986 3989 2051
f 3991 2053 2050
f 2053 3991 3992
f 2053 3992 3988
f 2053 3988 2051
f 3993 2048 2047
f 2048 3993 3994
f 2048 3994 2050
f 2050 3994 3995
f 2047 3996 3993
f 3995 3991 2050
f 3996 3997 3998
f 3998 3997 3999
f 3998 3999 4000
f 4000 3999 4001
f 4000 4001 4002
f 4002 4001 4003
f 4003 4004 4005
f 4005 4004 4006
f 4006 4004 4007
f 4006 4007 4008
f 4008 4007 4009
f 4008 4009 4010
f 4008 4010 4011
f 4011 4010 4012
f 4011 4012 4013
f 4013 4012 4014
f 4012 4015 4014
f 4004 4003 4016
f 4016 4003 4001
f 4017 3997 2047
f 4001 4018 4019
f 4001 4019 4016
f 3997 4017 3999
f 3999 4017 4018
f 3999 4018 4001
f 4007 4020 4009
f 4009 4020 4021
f 4009 4021 4010
f 4010 4021 4022
f 4010 4022 4012
f 4016 4019 4004
f 4004 4019 4020
f 4004 4020 4007
f 4000 2060 3998
f 3998 2060 2065
f 2063 4003 2055
f 2055 4003 4005
f 2055 4005 2061
f 4002 2063 4000
f 2065 3996 3998
f 2063 4002 4003
f 2061 4005 4006
f 4008 2056 4006
f 4006 2056 2061
f 2057 4011 2058
f 2058 4011 4013
f 2058 4013 4014
f 2058 4014 2072
f 4008 2057 2056
f 4000 2063 2060
f 2057 4008 4011
f 2072 3985 2071
f 2071 3985 4023
f 2071 4024 2067
f 2067 4024 3987
f 2067 3987 4025
f 2067 4025 2069
f 4024 2071 4023
f 2069 4026 2068
f 2068 4026 3992
f 2068 3992 4027
f 4028 2062 4029
f 4029 2062 2068
f 4026 2069 4025
f 2072 4014 3985
f 3984 4023 3985
f 3985 4014 4015
f 4023 3984 3990
f 3988 4025 3987
f 4028 2065 2062
f 2068 4027 4029
f 3992 4025 3988
f 4024 3990 3986
f 3993 4029 3994
f 4029 3995 3994
f 4023 3990 4024
f 4024 3986 3987
f 4025 3992 4026
f 3992 3991 4027
f 4027 3991 3995
f 4027 3995 4029
f 4029 3993 4028
f 4028 3993 3996
f 4028 3996 2065
f 4012 4022 4030
f 4012 4030 4015
f 4015 4030 3983
f 3983 3985 4015
f 3997 3996 2047
f 4031 4032 4033
f 2238 4034 4035
f 4036 4037 4038
f 4039 4040 4041
f 4042 4040 4039
f 4041 4043 4037
f 4037 4043 4038
f 4042 4039 4044
f 4044 4039 4034
f 4034 2238 4044
f 2235 2250 2241
f 4045 4046 4047
f 4038 4043 4048
f 4047 4046 4049
f 4046 4050 4049
f 4049 4050 4051
f 4049 4051 4052
f 4050 4048 2194
f 4050 2194 4051
f 4048 4053 2194
f 4038 4048 4050
f 4051 2194 2193
f 4050 4036 4038
f 4040 4043 4041
f 4048 4043 4054
f 4043 4040 4054
f 2235 2238 4035
f 2235 4035 2250
f 4044 2238 4055
f 4048 4054 4053
f 4042 4055 4040
f 4040 4055 4054
f 4054 2196 2195
f 4054 4055 2196
f 4055 2238 4056
f 4055 4056 4057
f 4055 4057 2196
f 2238 2235 2237
f 4053 2195 2194
f 4031 4058 4032
f 2392 2391 2395
f 2395 4059 2392
f 4060 4061 4062
f 4062 4061 4063
f 4061 4064 4063
f 4065 4060 4066
f 4060 4067 4066
f 4066 4067 4059
f 4066 4059 4068
f 4068 4059 2395
f 4069 2392 4059
f 2356 4060 4062
f 2356 4062 2357
f 4060 2356 4067
f 4063 2359 2357
f 4063 2357 4062
f 4070 4058 4071
f 4071 4049 4052
f 2353 4070 4071
f 4072 4070 2353
f 2197 4071 4052
f 4073 4072 4063
f 4072 4073 4070
f 4071 4058 4049
f 2358 2357 2359
f 4068 4074 4075
f 4076 4064 4077
f 4077 4064 4061
f 4068 2395 4074
f 2394 2399 4074
f 4074 2395 2394
f 4068 4075 4066
f 4031 4045 4047
f 4031 4047 4058
f 4032 4070 4073
f 4078 4073 4064
f 4060 4065 4061
f 4063 4064 4073
f 4070 4032 4058
f 4058 4047 4049
f 4077 4079 4076
f 4077 4061 4080
f 4080 4061 4065
f 4076 4079 4078
f 4078 4079 4073
f 4073 4079 4032
f 4066 4075 4080
f 4066 4080 4065
f 4076 4078 4064
f 4032 4079 4033
f 2239 4056 2238
f 2195 4053 4054
f 4055 4042 4044
f 2359 4063 4072
f 2359 4072 2353
f 2354 2353 4071
f 2354 4071 2197
f 2197 4052 2193
f 2193 4052 4051
f 4050 4046 4036
f 4036 4046 4045
f 4081 2377 2381
f 4082 4083 4084
f 4081 4084 4085
f 4086 4087 4088
f 2954 2331 2330
f 4089 2957 2956
f 2954 2330 2328
f 4088 4090 4091
f 4088 4091 2321
f 4092 4093 2322
f 2315 2322 4093
f 4093 2316 2315
f 2322 4091 4092
f 2314 2321 4091
f 2316 4093 2328
f 2375 4094 4086
f 2321 2375 4088
f 4083 4082 2426
f 4084 4081 4095
f 4095 4081 2381
f 2426 2352 4096
f 4095 4082 4084
f 4082 4095 2381
f 4082 2381 2380
f 4082 2380 2426
f 2426 2424 2352
f 4096 2350 4097
f 4096 4097 4098
f 2225 2228 2227
f 2228 4085 4084
f 2228 4084 2227
f 2226 2227 4083
f 2226 4083 4098
f 4097 2201 2204
f 4097 2204 4098
f 2202 2201 4097
f 2227 4084 4083
f 4098 2204 2220
f 4098 2220 2226
f 2153 2169 4099
f 2153 4099 4100
f 2153 4100 2154
f 4100 4099 4101
f 2156 4100 4102
f 2156 4102 2158
f 2158 4103 2213
f 2228 2214 4104
f 4104 2214 2213
f 2168 2827 2957
f 2957 2169 2168
f 4101 2169 2957
f 4089 2956 2954
f 4089 2954 2328
f 4099 2169 4101
f 4089 4101 2957
f 4089 4093 4101
f 4101 4093 4092
f 4101 4092 4105
f 4100 4101 4105
f 4106 4100 4105
f 4106 4105 4107
f 4107 4087 4103
f 4108 4107 4105
f 4107 4108 4087
f 4087 4108 4090
f 4091 2322 2314
f 4092 4090 4105
f 4093 4089 2328
f 4087 4104 4103
f 4088 2375 4086
f 4086 4094 4109
f 4109 4104 4086
f 4086 4104 4087
f 4085 2228 4109
f 4104 2213 4103
f 4103 2158 4102
f 4100 2156 2154
f 2352 2351 4096
f 4096 2351 2350
f 2426 4096 4098
f 2426 4098 4083
f 4094 2375 2369
f 4094 2369 2370
f 4092 4091 4090
f 4105 4090 4108
f 4087 4090 4088
f 2350 2202 4097
f 2377 4081 2370
f 2370 4081 4094
f 4094 4081 4085
f 4094 4085 4109
f 4100 4106 4102
f 4102 4106 4107
f 4102 4107 4103
f 4104 4109 2228
f 4110 4111 4112
f 4113 4114 2336
f 4115 4116 4117
f 4118 4119 4115
f 4115 4119 4120
f 4115 4120 4116
f 4117 4116 4121
f 4113 2336 2335
f 4122 4116 4123
f 4122 4123 4110
f 4124 2176 4125
f 4126 4122 4110
f 4127 4128 4120
f 4120 4128 4129
f 4120 4129 4116
f 4116 4129 4123
f 4123 4129 4111
f 4123 4111 4110
f 4112 4124 4126
f 4126 4124 4130
f 4126 4130 4122
f 4129 4131 4111
f 4112 2177 4124
f 4124 2177 2176
f 4113 4130 4124
f 3319 2247 2249
f 3318 4132 2244
f 2207 3285 4125
f 4133 4125 4132
f 4132 4125 3285
f 4132 3285 2244
f 2401 2400 3317
f 3317 2400 2404
f 3317 2404 4134
f 3315 4134 4133
f 3315 4133 3313
f 3313 4133 4132
f 3313 4132 3318
f 3318 2244 3319
f 3319 2244 2247
f 4134 2404 4135
f 4135 2404 4114
f 4119 4127 4120
f 4121 4116 4122
f 4121 4122 4136
f 4136 4122 2335
f 2335 4122 4130
f 2335 4130 4113
f 2404 2360 4114
f 4114 2360 2336
f 4137 2150 4138
f 4128 4127 4139
f 4128 4139 4137
f 4128 4137 4138
f 4128 4138 4129
f 4129 4138 4131
f 4126 4110 4112
f 2176 2207 4125
f 4135 4125 4133
f 4135 4133 4134
f 4134 3315 3316
f 4124 4125 4113
f 4113 4125 4114
f 4114 4125 4135
f 4134 3316 3317
f 2148 4140 4141
f 4141 4140 4142
f 2148 2150 4137
f 4143 4144 4145
f 4140 4137 4143
f 4143 4127 4144
f 4144 4127 4146
f 4143 4137 4139
f 4143 4139 4127
f 4146 4119 4147
f 4148 2307 2439
f 4119 2308 4147
f 2307 4147 2308
f 4149 4150 4151
f 4151 4150 4152
f 4153 4152 4154
f 2446 4155 4154
f 4154 4155 4153
f 2446 4154 2445
f 4154 4150 4156
f 4157 4147 2307
f 4157 2307 4148
f 4148 4156 4158
f 4148 4158 4157
f 4146 4157 4144
f 4154 4156 2445
f 2809 2807 4159
f 4159 4160 2809
f 4151 4161 4162
f 4162 4161 4160
f 4162 4160 4159
f 4162 4159 4163
f 2811 4164 2812
f 2812 4164 4159
f 2807 2812 4159
f 4163 4159 4164
f 4164 2811 2148
f 2148 4141 4164
f 4164 4142 4163
f 4149 4151 4162
f 4163 4142 4149
f 4164 4141 4142
f 4142 4145 4149
f 4149 4165 4150
f 4150 4165 4158
f 4152 4150 4154
f 4149 4145 4144
f 4149 4144 4165
f 4147 4157 4146
f 4119 4146 4127
f 2148 4137 4140
f 2439 2445 4156
f 2439 4156 4148
f 2308 4119 4118
f 4156 4150 4158
f 4157 4158 4165
f 4157 4165 4144
f 4145 4142 4143
f 4143 4142 4140
f 4163 4149 4162
f 2174 2216 2218
f 2210 2181 4166
f 4166 2181 4167
f 2180 4168 2181
f 2181 4168 4167
f 4167 4168 4169
f 4167 4170 4166
f 2172 2174 2218
f 2172 2218 4169
f 4169 2218 4170
f 2121 2172 2119
f 2119 2172 4169
f 2119 4169 4168
f 4170 4167 4169
f 4171 4172 4173
f 4174 2115 4175
f 4172 4174 4176
f 2115 2116 4177
f 2111 2123 4178
f 2120 4179 4180
f 4176 4174 4181
f 4181 4174 4175
f 4177 2116 4182
f 4182 2116 4183
f 4175 2115 4184
f 4177 4184 2115
f 4183 2111 4185
f 4185 2111 4178
f 4178 2123 4186
f 4186 2120 4187
f 4187 2120 4180
f 2116 2111 4183
f 2123 2120 4186
f 4188 4189 4179
f 4179 4189 4180
f 4190 4191 2132
f 4191 2133 2132
f 4181 4175 2135
f 4181 2135 2133
f 4191 4181 2133
f 4183 2137 4182
f 4182 2137 2134
f 4182 2134 4192
f 2134 2135 4192
f 4192 2135 4175
f 4184 4192 4175
f 4187 4193 4186
f 4183 4185 4194
f 4183 4194 2137
f 4195 2140 2138
f 4195 2138 4193
f 2138 2141 4193
f 4193 2141 4186
f 4186 2141 4194
f 4194 2141 2136
f 4194 2136 2137
f 4196 4197 4198
f 4198 4199 4200
f 4201 4199 4202
f 4203 4204 4205
f 4200 4199 4201
f 4206 4207 4208
f 4208 4209 4206
f 4204 4209 4205
f 4207 4206 4210
f 4210 4173 4211
f 4203 4205 4202
f 4173 4190 4211
f 4196 4198 4200
f 4200 4201 2142
f 2142 2139 4200
f 4200 2139 4196
f 4196 2139 2140
f 4209 4208 2126
f 4208 2129 2126
f 4210 4211 4207
f 4211 4190 2132
f 2132 2127 4211
f 4211 2127 4207
f 4207 2127 2129
f 4208 4207 2129
f 2126 2130 4209
f 4209 2130 4205
f 4205 2130 4202
f 4202 2130 2128
f 4202 2128 4201
f 4201 2128 2142
f 4188 4212 4197
f 4188 4197 4189
f 4212 4213 4199
f 4199 4213 4202
f 4197 4212 4198
f 4199 4198 4212
f 4202 4213 4203
f 4204 4214 4209
f 4204 4203 4214
f 4214 4203 4213
f 4214 4215 4209
f 4209 4215 4206
f 4210 4206 4215
f 4210 4215 4171
f 4171 4173 4210
f 4190 4176 4191
f 4191 4176 4181
f 4184 4177 4192
f 4192 4177 4182
f 4185 4178 4194
f 4194 4178 4186
f 4187 4180 4193
f 4193 4180 4189
f 4193 4189 4195
f 4195 4189 4196
f 4173 4176 4190
f 4196 4189 4197
f 4176 4173 4172
f 4195 4196 2140
f 4216 4217 4218
f 4219 4220 4221
f 4221 4220 4222
f 4221 4222 4223
f 4218 4224 4216
f 4216 4224 4225
f 4225 4224 4219
f 4219 4224 4220
f 4226 4227 4228
f 4228 4227 4229
f 4228 4229 4222
f 4230 4231 4232
f 4232 4231 4233
f 4232 4233 4234
f 4232 4234 4228
f 4226 4228 4234
f 4223 4222 4229
f 4235 4236 4237
f 4237 4236 4238
f 4237 4238 4239
f 4239 4238 4240
f 4239 4240 4241
f 4241 4242 4243
f 4243 4242 4244
f 4243 4244 4245
f 4245 4244 4246
f 4245 4246 4247
f 4245 4247 4248
f 4248 4247 4249
f 4248 4249 4250
f 4250 4249 4251
f 4249 4217 4251
f 4251 4217 4216
f 4231 4252 4235
f 4242 4241 4240
f 4236 4235 4252
f 4240 4238 4253
f 4240 4253 4254
f 4230 4255 4252
f 4252 4255 4236
f 4236 4255 4238
f 4238 4255 4253
f 4246 4244 4256
f 4217 4249 4218
f 4246 4256 4247
f 4247 4256 4257
f 4247 4257 4249
f 4249 4257 4218
f 4240 4254 4242
f 4242 4254 4244
f 4244 4254 4256
f 4237 2264 4235
f 4235 2264 2267
f 2266 4239 2265
f 2265 4239 4241
f 2265 4241 2268
f 4239 2266 4237
f 2268 4241 4243
f 4245 2254 4243
f 4243 2254 2268
f 2255 4248 2252
f 2252 4248 4250
f 2252 4250 4251
f 2252 4251 2257
f 4245 2255 2254
f 4237 2266 2264
f 2255 4245 4248
f 2257 4216 2258
f 2258 4216 4258
f 2258 4259 2259
f 2259 4259 4260
f 2259 4260 2261
f 4259 2258 4258
f 2261 4261 2262
f 2262 4261 4262
f 4263 2263 4264
f 4264 2263 2262
f 4264 2262 4262
f 4261 2261 4260
f 2257 4251 4216
f 4258 4225 4219
f 4221 4259 4219
f 4223 4260 4221
f 4263 2267 2263
f 4260 4223 4229
f 4227 4261 4229
f 4226 4262 4227
f 4262 4226 4234
f 4233 4264 4234
f 4216 4225 4258
f 4258 4219 4259
f 4259 4221 4260
f 4260 4229 4261
f 4261 4227 4262
f 4262 4234 4264
f 4264 4233 4263
f 4263 4233 4231
f 4263 4231 4235
f 4263 4235 2267
f 4252 4231 4230
f 2363 4265 4266
f 2374 4267 4268
f 2324 4267 2374
f 4269 2373 2374
f 4268 4266 4269
f 4267 2282 4270
f 2324 2282 4267
f 4268 4267 4270
f 2364 4265 2363
f 2341 2363 2339
f 4269 2374 4268
f 4266 4268 4271
f 4266 4271 2363
f 2363 4271 2339
f 4270 4272 4268
f 4268 4272 4271
f 4271 4272 2339
f 4273 4274 4275
f 4276 4277 4278
f 4278 4277 4279
f 4275 4280 4273
f 4273 4280 4281
f 4281 4280 4276
f 4276 4280 4277
f 4282 4283 4284
f 4282 4284 4285
f 4285 4284 4286
f 2281 4287 4288
f 2281 4288 4282
f 4283 4282 4288
f 4289 4287 2281
f 4277 4285 4279
f 4279 4285 4286
f 4289 4290 4291
f 4291 4290 4292
f 4291 4292 4293
f 4293 4292 4294
f 4293 4294 4295
f 4295 4294 4296
f 4295 4296 4297
f 4297 4296 4298
f 4297 4298 4299
f 4299 4298 4300
f 4299 4300 4301
f 4301 4300 4302
f 4301 4302 4303
f 4301 4303 4304
f 4304 4303 4305
f 4305 4303 4306
f 4305 4306 4307
f 4307 4306 4308
f 4306 4274 4308
f 4308 4274 4273
f 4309 4302 4300
f 4290 2281 2280
f 4292 4290 2280
f 2280 2273 4292
f 4292 2273 4294
f 4294 2273 2272
f 4294 2272 4296
f 4296 2272 4298
f 4298 2272 2277
f 4300 4298 4310
f 4300 4310 4309
f 4274 4306 4311
f 4302 4309 4303
f 4303 4309 4311
f 4303 4311 4306
f 4298 2277 4310
f 4293 2294 4291
f 4291 2294 2295
f 2294 4295 2292
f 2292 4295 4297
f 4295 2294 4293
f 2295 4289 4291
f 2292 4297 4299
f 4301 2288 4299
f 4299 2288 2292
f 2290 4305 2286
f 2286 4305 4307
f 2286 4307 2289
f 4301 2290 2288
f 2290 4301 4304
f 2289 4307 4308
f 2289 4308 2287
f 2287 4308 4312
f 2287 4312 2302
f 2302 4313 2298
f 2298 4313 4314
f 2298 4314 2301
f 4313 2302 4312
f 2301 4315 2299
f 2299 4315 4316
f 2299 4316 2300
f 4317 2296 4318
f 4318 2296 2300
f 4318 2300 4316
f 4315 2301 4314
f 4281 4312 4273
f 4312 4281 4276
f 4278 4313 4276
f 4279 4314 4278
f 4317 2295 2296
f 4314 4279 4286
f 4284 4315 4286
f 4283 4316 4284
f 4316 4283 4288
f 4287 4318 4288
f 4308 4273 4312
f 4312 4276 4313
f 4313 4278 4314
f 4314 4286 4315
f 4315 4284 4316
f 4316 4288 4318
f 4318 4287 4317
f 4317 4287 4289
f 2290 4304 4305
f 4317 4289 2295
f 4274 4311 4275
f 4290 4289 2281
f 2388 2368 4319
f 2393 2392 4320
f 4321 4322 4323
f 4324 4325 4326
f 4327 4328 4329
f 4330 2371 4331
f 2368 2371 4330
f 4331 2373 4269
f 4332 4331 4269
f 2371 2373 4331
f 4332 4266 4265
f 2364 4333 4265
f 4333 2364 2365
f 4269 4266 4332
f 4334 4330 4335
f 4335 4330 4331
f 4336 4332 4265
f 4336 4265 4325
f 4325 4265 4333
f 4337 4333 2365
f 4337 2365 2366
f 4338 4334 4339
f 4328 4340 4329
f 4341 4335 4342
f 4341 4342 4328
f 4328 4342 4340
f 4324 4326 4327
f 4327 4329 4343
f 4327 4343 4324
f 4344 4345 4346
f 4347 4323 4322
f 4345 4344 4348
f 4349 4350 4351
f 4349 4351 4352
f 4353 4354 4349
f 4355 4352 4356
f 4356 4338 4355
f 4357 4353 4358
f 4357 4358 4359
f 4359 4358 4360
f 4360 4358 4348
f 4360 4348 4344
f 2405 2396 4337
f 4337 2366 2405
f 4333 4337 4323
f 4350 4349 4354
f 4359 4360 4361
f 4360 4344 4361
f 4361 4344 4346
f 4357 4359 4320
f 4320 4359 4361
f 4320 4361 2393
f 2393 4337 2396
f 4356 4352 4362
f 4363 4357 4320
f 2393 4361 4337
f 4362 4352 4351
f 4363 4354 4357
f 4361 4346 4337
f 4069 2389 4364
f 4319 2389 2388
f 4351 4350 4363
f 4365 4335 4341
f 4365 4341 4339
f 4069 4364 2392
f 4364 4363 4320
f 4364 4320 2392
f 4338 4356 4319
f 4346 4321 4323
f 4333 4347 4325
f 4325 4324 4343
f 4325 4343 4336
f 4336 4343 4329
f 4336 4329 4332
f 4332 4329 4340
f 4332 4340 4342
f 4332 4342 4331
f 4331 4342 4335
f 4335 4365 4334
f 4319 4351 4364
f 4319 4364 2389
f 4365 4339 4334
f 4356 4362 4319
f 4319 4362 4351
f 4351 4363 4364
f 4319 2368 4330
f 4339 4355 4338
f 4350 4354 4363
f 4346 4345 4348
f 4346 4348 4321
f 4321 4348 4366
f 4321 4366 4322
f 4322 4366 4367
f 4322 4367 4347
f 4347 4367 4326
f 4347 4326 4325
f 4346 4323 4337
f 4354 4353 4357
f 4323 4347 4333
f 4334 4338 4330
f 4330 4338 4319
f 4368 4369 4370
f 3104 3115 4371
f 4372 4373 4374
f 4374 4373 4375
f 3100 3104 4376
f 4377 4378 4372
f 4379 4380 4381
f 4380 4379 4382
f 4379 4376 4382
f 4383 4384 4385
f 4378 4373 4372
f 4381 4386 4373
f 4387 4386 4380
f 4380 4386 4381
f 4382 4387 4380
f 4388 4389 4390
f 4372 4391 4377
f 4388 4392 4393
f 4392 4388 4394
f 4394 4395 4392
f 4369 4395 4370
f 4370 4395 4394
f 4389 4377 4390
f 4390 4377 4391
f 4373 4386 4375
f 4375 4386 4387
f 4374 4391 4372
f 3104 4382 4376
f 4396 4368 4397
f 4374 4375 4397
f 4397 4375 4398
f 4397 4368 4374
f 4374 4368 4391
f 4375 4382 4399
f 4375 4399 4398
f 4400 4401 4402
f 4402 4401 4403
f 3184 3183 4404
f 4405 4406 4407
f 4393 4408 4409
f 4409 4384 4388
f 4388 4384 4389
f 4410 4408 4411
f 4410 4411 4406
f 4412 4404 4413
f 4390 4370 4394
f 4390 4394 4388
f 4411 4414 4406
f 4414 4411 4415
f 4415 4411 4393
f 4416 4417 4418
f 4407 4417 4419
f 4416 4414 4415
f 4420 4416 4415
f 4414 4416 4418
f 4418 4417 4407
f 4393 4392 4420
f 4393 4420 4415
f 4421 4401 4419
f 4419 4401 4407
f 4411 4408 4393
f 4393 4409 4388
f 4370 4390 4391
f 4370 4391 4368
f 4397 4398 4422
f 4423 4424 4425
f 4402 4426 4400
f 4403 4426 4402
f 4423 4425 4427
f 4427 4425 4426
f 4404 4423 4427
f 3183 3189 4428
f 4404 3183 4428
f 4424 4423 4404
f 4424 4404 4428
f 4400 4426 4405
f 4405 4426 4429
f 4429 4430 4405
f 4403 4427 4426
f 4431 4399 4371
f 4371 4399 3104
f 3104 4399 4382
f 4382 4375 4387
f 4414 4418 4406
f 4406 4418 4407
f 4406 4405 4430
f 4378 4381 4373
f 4432 4377 4389
f 4432 4389 4383
f 4383 4389 4384
f 4385 4384 4409
f 4385 4409 4408
f 4385 4408 4433
f 4433 4408 4434
f 4434 4408 4410
f 4434 4410 4430
f 4430 4410 4406
f 4400 4405 4407
f 4400 4407 4401
f 4403 4401 4421
f 4403 4421 4427
f 4427 4421 4413
f 4427 4413 4404
f 3184 4404 4412
f 3184 4412 4435
f 2620 4436 2621
f 4437 4438 4439
f 4437 4439 4440
f 4440 4441 4437
f 4442 4443 4444
f 4443 4442 4445
f 4441 4445 4437
f 4438 4437 4446
f 4447 4438 4446
f 4445 4446 4437
f 4438 4447 4448
f 4449 4448 4450
f 4448 4447 4450
f 4451 2608 2621
f 4452 4453 4454
f 4455 4456 4457
f 4453 4458 4459
f 4453 4459 4454
f 4460 4461 4454
f 4462 4463 4464
f 4458 4462 4459
f 4465 4460 4451
f 2608 2607 2621
f 4459 4460 4454
f 4463 4462 4458
f 2657 2654 4466
f 2654 2658 4466
f 2650 2657 2653
f 4467 4468 2657
f 4466 4469 2657
f 2657 4469 4467
f 4470 4471 4467
f 4472 4464 4473
f 4473 4467 4471
f 4473 4471 4472
f 4474 2651 2648
f 2653 4474 2648
f 4475 4474 2653
f 4476 4474 4475
f 4476 4475 4473
f 4477 4476 4452
f 4436 4452 4465
f 2620 4478 4436
f 4436 4478 4479
f 4436 4479 4452
f 4452 4479 4477
f 4453 4452 4476
f 4474 4476 4477
f 4474 4477 2651
f 4458 4453 4476
f 4475 4468 4473
f 4473 4464 4476
f 4476 4464 4463
f 4476 4463 4458
f 2621 4436 4465
f 4454 4461 4465
f 4454 4465 4452
f 4461 4460 4465
f 4465 4451 2621
f 4464 4472 4462
f 4480 4481 2679
f 4480 2681 4482
f 4481 4480 4439
f 4483 2677 2680
f 4484 4485 2677
f 4484 2677 4483
f 4470 4467 4469
f 2677 4485 2658
f 2658 4485 4466
f 4481 4486 4487
f 4486 4488 4487
f 2679 2681 4480
f 2678 2679 4487
f 4483 4487 4488
f 4484 4483 4488
f 4488 4457 4484
f 4488 4489 4457
f 4485 4484 4457
f 4485 4457 4466
f 4466 4457 4469
f 2680 2678 4487
f 2680 4487 4483
f 4444 2712 2719
f 4444 4443 4490
f 2712 4444 2713
f 2713 4444 4490
f 2713 4490 2714
f 4441 4440 4482
f 4440 4439 4482
f 4482 4439 4480
f 4482 4490 4441
f 4441 4490 4443
f 4441 4443 4445
f 4481 4438 4448
f 4449 4489 4448
f 4489 4449 4455
f 4439 4438 4481
f 4481 4487 2679
f 4482 2681 4491
f 4482 4491 4490
f 4475 2653 4468
f 4468 2653 2657
f 4473 4468 4467
f 4457 4470 4469
f 4455 4457 4489
f 4488 4486 4489
f 4486 4481 4448
f 4486 4448 4489
f 4470 4457 4456
f 4470 4456 4471
f 2474 4492 2780
f 2474 2473 4492
f 2777 4492 2473
f 4492 2777 4493
f 2777 2776 4493
f 4493 2776 4494
f 4494 2776 2523
f 4494 2523 4495
f 4495 4496 4494
f 2780 4492 4497
f 4497 4492 4493
f 4497 4493 4498
f 4498 4493 4494
f 4498 4494 4499
f 4499 4494 4496
f 4500 4501 4496
f 4500 4496 4495
f 4495 2509 2508
f 4499 4496 4501
f 4495 2508 4500
f 2508 4502 4503
f 4504 2673 2662
f 2512 2690 4502
f 4502 2690 2711
f 2729 2672 4504
f 2729 4504 4505
f 2700 2701 2699
f 2699 2701 4506
f 2672 2673 4504
f 4507 2623 4508
f 4508 2623 2625
f 2523 2509 4495
f 4500 2508 4503
f 4509 4503 4510
f 4509 4510 4508
f 4508 4510 4507
f 2623 4507 4511
f 2634 2633 4511
f 4511 2633 2623
f 2634 4511 4512
f 4512 2590 2634
f 4512 2580 2590
f 4512 4511 4513
f 4512 4514 2580
f 2580 4514 2583
f 2661 2583 2662
f 2662 2583 4514
f 4515 4505 4514
f 4507 4515 4511
f 4511 4515 4513
f 4513 4514 4512
f 4514 4513 4515
f 4515 4507 4506
f 4506 4507 4510
f 4497 4498 2542
f 2543 2542 4498
f 4497 2542 2779
f 4497 2779 2780
f 2475 2780 2494
f 2543 4516 2546
f 2546 4516 4517
f 2546 4517 2551
f 4499 4516 2543
f 4499 2543 4498
f 4516 4501 4517
f 2552 2551 4517
f 4516 4499 4501
f 4501 4509 4517
f 2625 2552 4509
f 2475 2474 2780
f 4517 4509 2552
f 2701 2729 4505
f 2508 2512 4502
f 4503 4502 2711
f 4503 2711 4510
f 4510 2711 2699
f 4510 2699 4506
f 4506 2701 4515
f 4515 2701 4505
f 4514 4505 4504
f 4514 4504 2662
f 4509 4501 4500
f 4509 4500 4503
f 4509 4508 2625
f 4518 2972 2970
f 2737 2734 4519
f 4520 2556 2554
f 4520 2554 4521
f 4522 4521 2534
f 4521 2535 2534
f 2554 2535 4521
f 3265 4522 2643
f 3265 2610 4523
f 4522 2534 2643
f 4523 4524 4525
f 4526 4522 4523
f 4524 4523 2619
f 4523 4525 4526
f 4521 4526 4527
f 4528 4529 4527
f 4527 4529 4520
f 4527 4520 4521
f 2502 4529 4528
f 4530 2524 4528
f 4520 4529 4531
f 4532 4530 4526
f 4525 4532 4526
f 2720 4533 4532
f 3298 2720 4532
f 3298 4532 3296
f 2723 4533 2720
f 2723 2682 4533
f 4533 2682 4530
f 4532 4533 4530
f 4530 2682 2524
f 4534 4535 4536
f 4534 4536 4537
f 4537 4536 4538
f 4539 4538 4540
f 4541 4542 4535
f 2996 4543 2990
f 4543 2748 2990
f 4540 4538 4544
f 4540 4544 4545
f 4545 4544 2749
f 2748 4543 2749
f 2749 4543 4545
f 4535 3273 3274
f 4535 3274 4536
f 4542 2506 3273
f 3273 4535 4542
f 4536 3274 4544
f 4536 4544 4538
f 2970 2976 4518
f 2737 4518 2976
f 4518 4519 4546
f 2740 4547 4546
f 4547 4548 4549
f 4547 4549 4546
f 4550 2972 4518
f 4546 4550 4518
f 2740 4546 4519
f 2740 4519 2734
f 2737 4519 4518
f 4546 4549 4551
f 4539 4551 4549
f 4539 4549 4548
f 4552 4534 4537
f 4547 4553 4548
f 4548 4553 4537
f 4537 4553 4552
f 3271 4531 4554
f 2973 2972 4550
f 4551 4550 4546
f 4552 3271 4534
f 4534 3271 4554
f 2610 2619 4523
f 3265 4523 4522
f 4522 4526 4521
f 4539 4540 4545
f 4539 4545 4543
f 2997 4543 2996
f 4531 3271 2556
f 4531 2556 4520
f 2720 3298 2721
f 4524 3296 4525
f 4525 3296 4532
f 4526 4530 4527
f 4527 4530 4528
f 4529 2502 2506
f 4535 4531 4541
f 4541 4529 4542
f 4542 4529 2506
f 2524 2502 4528
f 4529 4541 4531
f 4554 4531 4535
f 4554 4535 4534
f 4548 4537 4538
f 4548 4538 4539
f 4551 4539 4543
f 4551 4543 4550
f 4550 4543 2997
f 4550 2997 2973
f 2515 2516 4555
f 2694 2695 4556
f 4557 4558 4559
f 4556 2695 2515
f 4559 4555 2517
f 2516 2517 4555
f 2688 4557 2686
f 2529 2686 2528
f 4557 4559 4560
f 4557 4560 2686
f 2686 4560 2528
f 2517 4560 4559
f 4556 2515 4555
f 4556 4555 4559
f 4556 4559 4558
f 4561 4562 4563
f 4564 4565 4566
f 4567 4568 4569
f 4570 4571 4572
f 4573 4574 4575
f 2574 4570 4576
f 4577 2576 4578
f 2576 2574 4579
f 4579 2574 4580
f 4580 2574 4576
f 4576 4570 4581
f 4578 2576 4579
f 4581 4570 4572
f 4572 4571 4582
f 4571 4573 4582
f 4582 4573 4583
f 4583 4573 4575
f 4575 4574 4584
f 4585 4586 4584
f 4585 4584 4574
f 4587 4580 4588
f 4589 4590 2567
f 4587 4588 2566
f 4590 4587 2566
f 4590 2566 2567
f 4572 2563 4591
f 4591 2563 4592
f 4592 2563 2566
f 4592 2566 4588
f 4580 4592 4588
f 4572 4593 2563
f 4594 2561 4595
f 4595 2561 2562
f 4595 2562 4575
f 4575 2562 4583
f 4583 2562 4593
f 4593 2562 2563
f 4596 4597 4598
f 4598 4566 4599
f 4600 4566 4601
f 4601 4563 4602
f 4599 4566 4600
f 4600 4601 4603
f 4604 4568 4567
f 4563 4605 4602
f 4605 4606 4567
f 4569 4568 4607
f 4604 4567 4606
f 4606 4605 4563
f 4577 4608 4607
f 4577 4589 4608
f 4601 4602 4603
f 4596 2558 2561
f 4596 4598 4599
f 4599 4600 2571
f 4599 2571 4596
f 4596 2571 2558
f 4567 2568 4605
f 4605 2568 2570
f 4567 4569 2568
f 4569 4607 4608
f 4608 4589 2567
f 4608 2567 2568
f 4608 2568 4569
f 4605 2570 4602
f 4602 2570 4603
f 4603 2570 2571
f 4603 2571 4600
f 4585 4564 4597
f 4585 4597 4586
f 4566 4565 4601
f 4597 4564 4598
f 4566 4598 4564
f 4562 4609 4604
f 4601 4561 4563
f 4563 4562 4606
f 4565 4561 4601
f 4606 4562 4604
f 4568 4609 2579
f 4568 2579 2577
f 4607 4568 2577
f 4604 4609 4568
f 4577 4607 2577
f 4580 4587 4579
f 4579 4587 4578
f 4589 4578 4590
f 4590 4578 4587
f 4580 4576 4592
f 4592 4576 4581
f 4592 4581 4591
f 4591 4581 4572
f 4572 4582 4593
f 4593 4582 4583
f 4575 4584 4595
f 4595 4584 4594
f 4594 4584 4586
f 4594 4586 4596
f 4589 4577 4578
f 4596 4586 4597
f 4577 2577 2576
f 4594 4596 2561
f 2537 2536 4610
f 4611 4610 4612
f 2537 4610 4611
f 2537 4611 4613
f 2537 4613 2642
f 4614 4612 2549
f 4611 4612 4614
f 2549 2637 4614
f 4614 2637 4615
f 4614 4615 4611
f 4611 4615 4613
f 4616 4617 4618
f 4619 4620 4621
f 4621 4620 4622
f 4621 4622 4623
f 4618 4624 4616
f 4616 4624 4625
f 4625 4624 4619
f 4619 4624 4620
f 4626 4627 4628
f 4628 4627 4629
f 4628 4629 4622
f 4630 4631 4632
f 4632 4631 4633
f 4632 4633 4634
f 4632 4634 4628
f 4626 4628 4634
f 4623 4622 4629
f 4635 4636 4637
f 4635 4637 4638
f 4638 4637 4639
f 4638 4639 4640
f 4640 4639 4641
f 4640 4641 4642
f 4642 4641 4643
f 4642 4643 4644
f 4644 4643 4645
f 4644 4645 4646
f 4646 4645 4647
f 4646 4647 4648
f 4646 4648 4649
f 4649 4648 4650
f 4649 4650 4651
f 4651 4650 4652
f 4650 4617 4652
f 4652 4617 4616
f 4631 4636 4635
f 4639 4653 4654
f 4641 4639 4654
f 4630 4653 4636
f 4636 4653 4637
f 4637 4653 4639
f 4647 4645 4655
f 4647 4655 4656
f 4617 4650 4618
f 4647 4656 4648
f 4648 4656 4657
f 4648 4657 4650
f 4650 4657 4618
f 4641 4654 4655
f 4641 4655 4643
f 4643 4655 4645
f 4638 2598 4635
f 4635 2598 2601
f 2599 4640 2596
f 2596 4640 4642
f 2596 4642 2597
f 4640 2599 4638
f 2597 4642 4644
f 4646 2595 4644
f 4644 2595 2597
f 2591 4649 2592
f 2592 4649 4651
f 2592 4651 4652
f 4646 2591 2595
f 4638 2599 2598
f 2591 4646 4649
f 2592 4616 2606
f 2606 4616 4658
f 2606 4659 2604
f 2604 4659 4660
f 2604 4660 2605
f 4659 2606 4658
f 2605 4661 2602
f 2602 4661 4662
f 2602 4662 2603
f 4663 2600 4664
f 4664 2600 2603
f 4664 2603 4662
f 4661 2605 4660
f 2592 4652 4616
f 4658 4625 4619
f 4621 4659 4619
f 4623 4660 4621
f 4663 2601 2600
f 4660 4623 4629
f 4627 4661 4629
f 4626 4662 4627
f 4662 4626 4634
f 4633 4664 4634
f 4616 4625 4658
f 4658 4619 4659
f 4659 4621 4660
f 4660 4629 4661
f 4661 4627 4662
f 4662 4634 4664
f 4664 4633 4663
f 4663 4633 4631
f 4663 4631 4635
f 4663 4635 2601
f 4636 4631 4630
f 4665 4666 4667
f 2855 4668 4669
f 2855 4669 4670
f 4670 4671 4672
f 4670 4672 2855
f 3358 4668 3359
f 4673 4674 4671
f 4671 4670 4673
f 4675 4674 4676
f 4677 4665 4678
f 2878 4679 4675
f 4680 2878 4675
f 4681 4674 4675
f 4667 4675 4676
f 2855 2854 3359
f 2855 3359 4668
f 4674 4681 4671
f 4671 4681 2847
f 4671 2847 4672
f 4672 2847 2850
f 4672 2850 2855
f 2892 4665 4677
f 4673 4682 4674
f 4679 4681 4675
f 4675 4667 4680
f 4665 4667 4678
f 4678 4667 4683
f 4683 4667 4676
f 2892 4684 4665
f 4665 4684 4685
f 4665 4685 4666
f 4686 4687 4688
f 4689 4690 4691
f 4684 4687 4685
f 4685 4686 4666
f 4666 4686 4689
f 4666 4689 4680
f 4690 4692 4691
f 4690 4686 4693
f 4686 4688 4693
f 4693 4694 4695
f 4688 4694 4693
f 4696 4697 4698
f 4692 4693 4699
f 4699 4693 4695
f 4699 4695 4700
f 4699 4700 4701
f 4690 4693 4692
f 4698 4702 4703
f 4703 4702 4704
f 4705 2863 2862
f 4689 4691 4706
f 2864 4706 2862
f 4706 4691 2862
f 2862 4691 4705
f 4703 4707 4705
f 4705 4707 2863
f 4705 4692 4703
f 4703 4692 4698
f 4698 4692 4699
f 4699 4701 4696
f 4680 2879 2878
f 4680 4667 4666
f 2882 2879 4708
f 4708 2879 4680
f 4708 4680 4689
f 4696 4701 4709
f 4691 4692 4705
f 4703 4704 4707
f 4699 4696 4698
f 4707 2877 2863
f 4685 4687 4686
f 4686 4690 4689
f 4708 4689 4706
f 4708 4706 2882
f 2882 4706 2864
f 1846 4710 1845
f 1998 1997 2045
f 1995 1999 4711
f 1998 4712 4711
f 4711 1999 1998
f 4712 1998 2045
f 4712 2045 4713
f 4714 2045 2044
f 4715 4714 1967
f 4715 1967 1958
f 4715 1958 4716
f 1967 4714 1968
f 1968 4714 2044
f 4717 1909 1912
f 4718 4712 4719
f 4719 4712 4713
f 4717 4718 4719
f 4718 4711 4712
f 4713 4714 4715
f 4713 4715 4716
f 4716 1958 1894
f 1958 1957 1894
f 4720 4716 1894
f 1893 1891 4720
f 4720 1891 1892
f 1892 1909 4719
f 4719 1909 4717
f 2914 1844 1843
f 1844 1846 1838
f 1924 2099 2103
f 2103 2099 2102
f 1924 4721 4722
f 4722 4723 1920
f 4710 2103 1845
f 4721 4724 4722
f 4722 4724 4723
f 1920 4723 4717
f 1920 4717 1912
f 4725 1831 1830
f 1829 4726 1828
f 1828 4726 1830
f 1830 4726 4725
f 1831 4725 4727
f 1831 4727 1832
f 4727 2916 1832
f 4726 1829 4728
f 4728 1829 2084
f 2084 2085 4728
f 4728 2085 4729
f 4728 4730 4726
f 4726 4730 4731
f 1844 2914 4727
f 1844 4727 1846
f 4710 4725 4731
f 4710 4731 4730
f 4710 4730 4721
f 4721 4730 4724
f 4730 4728 4724
f 4724 4728 4729
f 4711 4729 1990
f 4711 1990 1995
f 2085 1988 4729
f 4729 1988 1990
f 4726 4731 4725
f 4725 1846 4727
f 2916 4727 2914
f 4723 4718 4717
f 4719 4713 1892
f 1892 4713 4716
f 1892 4716 4720
f 4720 1894 1893
f 4713 2045 4714
f 1920 1924 4722
f 1846 4725 4710
f 2103 4710 4721
f 2103 4721 1924
f 4724 4729 4723
f 4723 4729 4718
f 4718 4729 4711
f 4732 4733 4734
f 4735 3094 4736
f 4737 3006 3005
f 3009 4738 3005
f 3005 4738 4737
f 4739 4740 4741
f 3011 4738 3009
f 3011 4742 4738
f 4738 4742 4743
f 4738 4743 4744
f 4738 4744 4737
f 4742 3248 4743
f 4745 4743 3250
f 4740 4745 4741
f 4741 4745 3250
f 4741 3250 4746
f 4743 3248 3250
f 4739 4735 4736
f 4739 4736 4747
f 4748 4749 3094
f 4748 4750 4734
f 4739 4741 4746
f 4739 4746 4735
f 4751 4752 4753
f 4753 4752 4754
f 4732 4750 4755
f 4755 4750 3099
f 4755 3099 3065
f 3149 4754 4752
f 3149 4752 3067
f 3291 4753 4754
f 3291 4754 3111
f 3111 4754 3112
f 3149 3112 4754
f 3114 3294 3110
f 4756 3031 3030
f 3058 3031 4756
f 3030 4733 4732
f 3030 4732 4756
f 4736 3094 4749
f 4734 4750 4732
f 3058 4756 4751
f 4751 4755 4752
f 4752 4755 3065
f 4752 3065 3067
f 4757 3152 3058
f 4757 3195 3152
f 3195 3290 3192
f 3192 3290 3190
f 3195 4757 3290
f 3290 4757 3291
f 3291 4757 4753
f 3290 3286 3293
f 3190 3293 3191
f 4753 4757 4751
f 4751 4757 3058
f 4758 3202 4759
f 3202 4758 3198
f 4760 4761 4762
f 4762 4761 3198
f 4763 3198 4758
f 3024 4758 4759
f 4761 4760 3267
f 3267 4760 4747
f 4764 3268 3267
f 3267 4747 4764
f 3198 4763 4762
f 3023 3006 4765
f 4763 4758 4765
f 4744 4743 4745
f 4744 4745 4763
f 4744 4763 4737
f 4737 4763 4765
f 4766 4764 4747
f 4740 4760 4762
f 4765 4758 3024
f 4765 3024 3023
f 4764 4733 3268
f 3268 4733 3030
f 4765 3006 4737
f 4762 4763 4745
f 4762 4745 4740
f 4760 4740 4739
f 4760 4739 4747
f 4756 4732 4751
f 4751 4732 4755
f 4748 3094 4750
f 4750 3094 3099
f 3290 3293 3190
f 4766 4749 4748
f 4766 4748 4734
f 4734 4733 4764
f 4734 4764 4766
f 4766 4747 4749
f 4749 4747 4736
f 3062 3061 4767
f 4768 4769 4767
f 3167 3161 4770
f 3161 3039 4770
f 4770 4771 4772
f 4772 4771 4773
f 4772 4773 4768
f 4774 3167 4770
f 3167 4774 3168
f 4774 4770 4772
f 4767 4775 4776
f 4767 4776 4768
f 4768 4776 4772
f 3039 3036 4771
f 4771 3036 3045
f 4771 3045 4773
f 4768 4773 4769
f 4775 4767 3154
f 4775 3154 3155
f 4775 3155 3156
f 3061 3154 4767
f 4771 4770 3039
f 3071 3070 4777
f 3093 3078 4778
f 4778 3078 4779
f 4778 4779 4780
f 4778 4781 3093
f 3093 4781 3092
f 4780 4781 4778
f 3140 3139 4782
f 4779 3134 3140
f 4779 3140 4780
f 4780 3140 4782
f 3146 3071 3148
f 3148 3071 4777
f 3148 4777 4783
f 4783 4777 4784
f 4784 4777 4785
f 4785 4777 3070
f 4781 4780 4784
f 4781 4784 4785
f 4783 4784 4782
f 4782 4784 4780
f 3134 4779 3078
f 4786 4787 4788
f 4789 1464 3207
f 1464 4789 4790
f 4791 4788 4789
f 4791 3206 3211
f 4791 3211 4792
f 4788 4787 4793
f 4789 3206 4791
f 4788 4791 4786
f 4794 4787 3263
f 4795 4787 4786
f 3260 3263 4795
f 3260 4795 3262
f 4795 3263 4787
f 4792 4786 4791
f 3262 4786 4796
f 4792 4796 4786
f 4786 3262 4795
f 4797 4798 4799
f 4794 4793 4787
f 4800 4801 4793
f 4797 4802 4798
f 1389 4802 4797
f 1389 1390 4802
f 1380 4800 4794
f 1379 4799 4800
f 4801 4800 4799
f 1389 4797 1379
f 1389 1379 1382
f 4803 1452 1459
f 1453 1452 4803
f 1464 4790 1460
f 1460 4790 1458
f 1383 1380 4794
f 1458 4804 4801
f 1458 4801 1459
f 4794 3263 1383
f 4788 4793 4804
f 4789 4788 4804
f 3207 3206 4789
f 4790 4789 4804
f 4790 4804 1458
f 4800 1380 1379
f 1379 4797 4799
f 4799 4798 4801
f 4801 4798 1459
f 1459 4798 4803
f 4796 3047 3262
f 3206 3208 3211
f 4800 4793 4794
f 4801 4804 4793
f 4805 4806 3473
f 4805 3473 3468
f 1492 4805 1493
f 3470 1497 1496
f 4805 3470 1496
f 4805 1496 1493
f 4807 4805 1492
f 4808 4809 1555
f 4808 1555 1556
f 4808 1556 4810
f 4810 1556 1557
f 4811 4810 4812
f 4806 4805 4813
f 4806 4813 4814
f 4814 4813 4815
f 4814 4815 4816
f 4814 4816 4817
f 4817 4816 4808
f 4817 4808 4818
f 4818 4808 4810
f 4818 4810 4811
f 3470 4805 3468
f 4807 1492 1498
f 4807 1498 4809
f 4809 1498 1500
f 4809 1500 1555
f 4813 4805 4807
f 4813 4807 4815
f 4815 4807 4809
f 4815 4809 4816
f 4816 4809 4808
f 4812 4810 1557
f 4812 1557 1559
f 3521 3509 4819
f 3509 4820 4819
f 4820 3509 3511
f 4821 3516 1564
f 1570 4821 1564
f 3521 4819 4822
f 3521 4822 3522
f 3512 4820 3511
f 3522 4822 4823
f 4820 3512 4824
f 4824 3516 4825
f 1570 1569 4821
f 3515 3516 4824
f 3515 4824 3513
f 3513 4824 3512
f 2945 4826 4827
f 1481 4827 4828
f 4828 1480 1481
f 4826 4828 4827
f 4829 3523 4823
f 4827 1471 2945
f 4830 2948 3525
f 3520 4829 3519
f 3519 4829 3525
f 2948 4830 4826
f 1481 1471 4827
f 4826 2945 2946
f 4826 2946 2944
f 4826 2944 2948
f 4825 3516 4821
f 4825 4821 1569
f 3525 4829 4830
f 3520 3523 4829
f 3523 3522 4823
f 4823 3304 3303
f 4825 3307 3304
f 1480 4828 3309
f 4823 3303 3312
f 4828 4826 4830
f 4828 4830 4829
f 4828 4829 3309
f 4820 4824 4819
f 4819 4824 4825
f 4819 4825 3304
f 4819 3304 4822
f 1569 3307 4825
f 3309 4829 3312
f 3312 4829 4823
f 3304 4823 4822
f 4831 3533 4832
f 4833 4834 4835
f 4833 4836 4834
f 4835 4834 4837
f 4835 4837 4832
f 4838 4832 4839
f 4818 4811 4833
f 4835 4817 4818
f 4835 4818 4833
f 3490 4831 3488
f 3497 4840 3498
f 4831 4837 3488
f 3488 4837 3491
f 3497 4836 4840
f 4836 3497 4834
f 4832 4837 4831
f 3472 3487 3460
f 4841 3526 3528
f 3529 3526 4842
f 3529 4842 3533
f 3526 4841 4842
f 4831 3490 3533
f 3469 4843 3472
f 3473 4844 4843
f 3469 3473 4843
f 4841 3528 3472
f 3472 3528 3487
f 4842 4841 4839
f 4842 4839 3533
f 4844 3473 4806
f 4841 3472 4843
f 4839 4843 4844
f 4844 4806 4838
f 4838 4806 4814
f 4841 4843 4839
f 4839 4844 4838
f 4832 4838 4814
f 4832 4814 4817
f 4832 4817 4835
f 3497 3491 4834
f 4834 3491 4837
f 4839 4832 3533
f 4845 4846 4847
f 4847 4836 4848
f 4848 4833 4811
f 4849 4847 4848
f 4849 4848 4812
f 4848 4811 4812
f 4812 1559 4849
f 4849 1559 4845
f 4845 4850 4846
f 4845 4851 4850
f 4845 1561 4851
f 1559 1560 1561
f 1559 1561 4845
f 4848 4836 4833
f 3508 3507 4846
f 1561 1562 4851
f 4851 1562 4850
f 4849 4845 4847
f 4836 4847 4840
f 4840 4847 3498
f 4846 3507 4847
f 4847 3507 3498
f 1410 4852 4853
f 3427 4852 1407
f 1407 4852 1402
f 1410 4853 1408
f 4852 3427 4853
f 3283 3282 4854
f 1410 1402 4852
f 4854 4853 3427
f 4854 3427 3283
f 4855 3450 1450
f 3281 3280 4856
f 1448 4855 1450
f 1447 4855 1448
f 4856 3280 3450
f 1453 4857 1447
f 1447 4857 4855
f 4855 4857 3450
f 3450 4857 4856
f 3767 4858 4709
f 3767 4709 3771
f 3763 4859 3767
f 3767 4859 4858
f 3769 4860 4859
f 3769 4859 3763
f 3771 4861 3418
f 4862 3765 3764
f 4862 3764 4863
f 4863 3738 3739
f 3739 4864 4863
f 4863 3764 3738
f 2870 3730 2871
f 3728 3654 3655
f 3728 3655 2871
f 3728 2871 3730
f 3730 2870 3739
f 3739 2870 2873
f 3739 2873 4864
f 3769 3692 4860
f 4860 3692 4865
f 4865 3692 3766
f 4865 3766 4862
f 4862 3766 3765
f 3717 1739 3724
f 3659 3724 1739
f 3715 1737 3717
f 3717 1737 1736
f 1737 3715 4866
f 4866 3715 3718
f 4866 3718 4867
f 4867 3718 3710
f 1736 1739 3717
f 3707 4868 3708
f 3708 4868 4869
f 4870 3707 3706
f 4870 3706 4871
f 3705 3672 3706
f 3672 4871 3706
f 4868 3707 4870
f 3705 3403 4872
f 3705 4872 3672
f 3708 4869 3710
f 3710 4869 4867
f 3654 3728 3725
f 3654 3725 3659
f 3659 3725 3724
f 3357 3627 3385
f 3385 3627 4669
f 3626 3357 3354
f 4873 3596 3334
f 3334 3596 3595
f 3334 3595 3338
f 3338 3595 3336
f 3644 3591 3646
f 3646 3591 3594
f 4874 3610 3592
f 4874 3592 4875
f 4876 3646 3594
f 4876 3594 3596
f 4876 3596 4873
f 1699 3611 1700
f 1712 3608 1713
f 3386 3420 3598
f 3597 3397 3386
f 3420 3392 3618
f 3392 2899 3581
f 3581 2899 2897
f 4877 3617 4878
f 3582 2897 2895
f 3609 3611 1699
f 3608 3609 1699
f 3597 1712 3397
f 1712 3597 3608
f 1699 1713 3608
f 3386 3598 3597
f 3581 3618 3392
f 2895 3616 3582
f 4878 3616 2896
f 4878 3612 3616
f 3617 3612 4878
f 2896 3616 2895
f 2897 3582 3581
f 3420 3618 3598
f 3621 4670 4669
f 3621 4669 3627
f 4670 3621 3620
f 4670 3620 4673
f 3588 3354 3356
f 3589 3356 3350
f 3356 3589 3588
f 3354 3588 3626
f 3357 3626 3627
f 3592 3644 4875
f 3591 3644 3592
f 3595 3605 3336
f 3336 3605 3350
f 3350 3605 3589
f 3617 4877 4682
f 3617 4682 3619
f 3619 4682 4673
f 4874 4879 3610
f 3610 4879 3611
f 3611 4879 1700
f 4673 3620 3619
f 4875 3644 3628
f 1705 1700 4880
f 1700 4879 4880
f 4880 4879 4874
f 3632 4874 4875
f 1716 1705 4880
f 1716 4880 3641
f 3641 4880 3643
f 3643 4880 4874
f 3643 4874 3632
f 3632 4875 3628
f 4881 4882 4883
f 4884 4881 4883
f 4883 4885 4884
f 3633 1748 4886
f 4886 1748 4881
f 3648 4887 3647
f 4884 4885 1692
f 3648 3633 4886
f 3648 4886 4887
f 4887 4886 4881
f 1697 4884 1692
f 4881 4884 4887
f 3647 4887 4884
f 3647 4884 1697
f 2906 3660 4888
f 4888 3660 4889
f 2906 4890 4891
f 2906 4888 4890
f 4892 4891 4890
f 4893 4894 4895
f 4896 4897 4894
f 4896 4894 4893
f 4898 3369 4897
f 4898 4897 4896
f 4898 4899 3370
f 4900 4899 4901
f 3370 4899 4900
f 3370 3369 4898
f 4891 4892 4902
f 4902 4892 4895
f 4902 4895 4894
f 4903 4904 4905
f 4905 4904 4901
f 4905 4906 4903
f 4906 4907 4882
f 4906 4882 4903
f 4885 4908 4909
f 4882 4907 4883
f 4883 4907 4908
f 4883 4908 4885
f 4910 1695 4911
f 4909 4911 1692
f 1692 4911 1693
f 1693 4911 1695
f 4912 3652 4913
f 4913 3652 4910
f 4910 3652 1695
f 4885 4909 1692
f 4901 4904 4914
f 4901 4914 4900
f 4889 3660 4912
f 4912 3660 3653
f 4912 3653 3652
f 4904 4903 4915
f 4914 4904 4916
f 4904 4915 4916
f 4903 4882 4915
f 4882 4881 4915
f 3364 4900 3378
f 4900 3364 3370
f 4915 4881 3320
f 3320 4881 1748
f 3376 4916 3375
f 3375 4916 4915
f 3375 4915 3320
f 4914 3376 3378
f 4914 3378 4900
f 4917 3322 4918
f 4919 2857 2856
f 2857 4918 3321
f 3321 4918 3322
f 4894 4897 4917
f 4919 4917 4918
f 4919 4918 2857
f 3323 3322 4917
f 4917 4897 3323
f 3323 4897 3367
f 4914 4916 3376
f 4897 3369 3367
f 4920 3665 4921
f 4921 3665 3664
f 1707 4922 1703
f 1707 1706 3667
f 1706 1716 3667
f 4921 4923 4924
f 4921 4924 4920
f 4920 4924 4925
f 4920 4925 3668
f 3668 4925 1707
f 4925 4922 1707
f 4920 3668 3665
f 3680 3673 4872
f 4926 3682 3680
f 4872 4926 3680
f 3682 4926 4927
f 3682 4927 3664
f 3672 4872 3673
f 4926 4872 3403
f 4927 3407 4923
f 4923 3407 3408
f 4924 3408 3409
f 3409 1711 4922
f 3403 3405 4926
f 4926 3405 3407
f 4926 3407 4927
f 3667 3668 1707
f 1711 1703 4922
f 4923 4921 4927
f 4927 4921 3664
f 4923 3408 4924
f 4924 3409 4925
f 4925 3409 4922
f 1697 1696 1726
f 1726 1696 1721
f 4928 1721 1696
f 1739 1740 4929
f 4929 1740 1727
f 4929 1727 4930
f 4930 1727 4928
f 4928 1727 1721
f 3657 3658 4930
f 3657 4930 1694
f 1696 1694 4928
f 4928 1694 4930
f 4929 4930 3658
f 4929 3658 1739
f 1739 3658 3659
f 4931 1734 1737
f 1737 4866 4932
f 4869 4933 4932
f 4868 4870 4933
f 4933 4869 4868
f 3670 1733 4932
f 3675 4933 4934
f 3675 4934 3676
f 4871 3672 4934
f 4931 4932 1733
f 4867 4932 4866
f 4931 1737 4932
f 3672 3674 3676
f 4870 4934 4933
f 4870 4871 4934
f 3676 4934 3672
f 4931 1733 1734
f 4932 4867 4869
f 4932 4933 3670
f 3670 4933 3675
f 1751 1746 4935
f 4935 1746 1745
f 4935 3333 1751
f 1744 1742 3645
f 1744 3645 1745
f 4936 3334 3333
f 3334 4936 4873
f 4873 4936 4935
f 4873 4935 4876
f 4876 4935 1745
f 4876 1745 3645
f 4876 3645 3646
f 4935 4936 3333
f 4937 2816 2801
f 4937 2801 2802
f 2798 2800 2808
f 2808 2800 2807
f 4151 4152 4153
f 3775 4153 4155
f 2446 2844 4155
f 3783 3782 4937
f 4937 3782 2816
f 2808 2809 3687
f 4160 3688 3687
f 4160 3687 2809
f 4153 3775 4151
f 4155 2846 3775
f 3775 3777 4151
f 4151 3777 4161
f 4161 3777 3688
f 4161 3688 4160
f 3687 3779 2808
f 2808 3779 3781
f 2808 3781 2798
f 2798 3781 3788
f 2798 3788 2802
f 2802 3788 3783
f 2802 3783 4937
f 3795 1773 3803
f 3803 1773 1769
f 1767 3684 1769
f 1769 3684 3803
f 3685 1762 3794
f 3794 1762 1753
f 3794 1753 3791
f 3685 3684 1767
f 1767 1762 3685
f 1774 1773 3795
f 1774 3795 3797
f 1762 1754 1753
f 2844 2846 4155
f 3791 1753 2820
f 3791 2820 3790
f 2820 1753 1752
f 2816 3782 3790
f 2816 3790 2817
f 2817 3790 2820
f 1759 1758 4938
f 1765 4938 1758
f 1780 1435 4939
f 1374 1373 1809
f 1780 1426 1435
f 1435 1426 1444
f 1435 1374 4939
f 1811 4938 1783
f 1783 4938 1765
f 1783 1780 4939
f 1783 4939 1811
f 1759 4938 1811
f 1808 1811 4939
f 1808 4939 1374
f 1808 1374 1809
f 4940 1675 1676
f 1676 1650 4940
f 1650 1649 4941
f 1649 1652 4941
f 1406 1404 4942
f 4941 4942 1650
f 4943 4944 4940
f 4940 4944 4945
f 4940 4945 1872
f 3429 4941 1652
f 3429 1652 1653
f 4942 4941 3429
f 1872 1675 4940
f 4943 4940 1650
f 4943 1650 4942
f 4942 3429 1406
f 1429 1428 1424
f 1425 1424 1428
f 1418 1429 1431
f 4946 1430 1431
f 4946 1431 4947
f 4947 1431 1429
f 4947 1429 1781
f 1781 1429 1424
f 4947 1781 1784
f 4947 1784 4946
f 4948 4949 4950
f 4942 4951 4943
f 4943 4951 4944
f 4952 4950 4953
f 4954 4952 4955
f 4948 4956 4949
f 4948 1412 4956
f 4950 4949 4953
f 4957 4942 1404
f 4951 4942 4957
f 1405 4950 1403
f 1403 4950 4954
f 4954 4950 4952
f 4954 4951 4957
f 4954 4957 1404
f 4954 1404 1403
f 1409 1412 4948
f 1409 4948 1405
f 1405 4948 4950
f 1787 1856 1786
f 4956 4958 4949
f 4959 1874 1867
f 4960 1860 1874
f 4959 4961 1874
f 1874 4961 4960
f 1867 1871 4959
f 4958 4961 4953
f 4955 4952 4961
f 4952 4953 4961
f 4945 4944 4951
f 4962 4945 4951
f 4962 4954 4955
f 1785 4963 4964
f 4965 4964 4963
f 4965 1430 4964
f 4964 1784 1785
f 4966 4967 4956
f 4958 4953 4949
f 1412 4965 4966
f 1852 1856 1787
f 1856 1785 1786
f 4963 1857 1862
f 1785 1857 4963
f 1785 1856 1857
f 4963 1862 1858
f 4966 1858 4967
f 4955 4959 4962
f 4967 4960 4958
f 4965 1858 4966
f 4959 4955 4961
f 4961 4958 4960
f 4960 4967 1858
f 4960 1858 1860
f 4954 4962 4951
f 4959 1871 4962
f 4962 1871 1870
f 4962 1870 4945
f 4945 1870 1872
f 1412 4966 4956
f 4964 1430 4946
f 4964 4946 1784
f 1412 1430 4965
f 4965 4963 1858
f 4967 4958 4956
f 3447 1637 1634
f 4968 4759 3202
f 3019 3024 4759
f 3020 4969 1641
f 3019 4968 4969
f 3020 3019 4969
f 1465 4970 3204
f 3204 4970 4971
f 3204 4971 3201
f 1470 1451 1467
f 4969 4971 4970
f 4970 4972 4973
f 1451 3447 1467
f 1467 3447 4974
f 1634 1633 4974
f 1633 1641 4973
f 1633 4973 4974
f 4972 1467 4973
f 4973 1467 4974
f 4969 4968 4971
f 4971 4968 3202
f 4971 3202 3201
f 3019 4759 4968
f 4970 1465 4972
f 4972 1465 1467
f 1641 4969 4970
f 1641 4970 4973
f 1634 4974 3447
f 2937 4975 2935
f 4976 3921 3914
f 3915 3916 4977
f 4978 3914 3912
f 4978 4979 3914
f 4980 3913 3915
f 3916 4981 4977
f 4977 4981 4980
f 3916 3917 4981
f 4981 3917 2014
f 4977 4980 3915
f 3913 4980 4978
f 3913 4978 3912
f 4982 4983 2933
f 1906 4983 1907
f 4975 4984 4982
f 4975 3893 4984
f 4984 3893 4985
f 4976 3914 4979
f 4975 2937 3893
f 3893 3919 4985
f 4985 3919 3921
f 4983 1906 1898
f 4983 1898 2933
f 4982 2933 4975
f 2018 4981 2014
f 2933 2935 4975
f 4985 3921 4976
f 4984 4985 3872
f 4976 4979 3301
f 3301 4979 2017
f 2017 4979 2018
f 3872 1907 4984
f 4984 1907 4983
f 3873 4976 3300
f 4984 4983 4982
f 3872 4985 4976
f 4980 4981 2018
f 4980 2018 4978
f 4978 2018 4979
f 3873 3872 4976
f 3301 3300 4976
f 4986 2003 2004
f 1973 1962 4987
f 2009 4987 2040
f 2009 2040 4986
f 2010 4986 2004
f 4987 1962 1966
f 1966 2041 4987
f 4987 2041 2040
f 4986 2040 2003
f 3907 1973 4987
f 3907 4987 3909
f 3909 4987 2009
f 2010 2009 4986
f 2012 2006 3974
f 3974 2006 2008
f 2010 3976 3975
f 2010 3975 2008
f 2008 3975 3974
f 2004 2005 3934
f 1989 3940 3937
f 3940 1989 1991
f 3934 2005 3937
f 3937 2005 1989
f 2004 3934 3976
f 2004 3976 2010
f 3945 3978 3948
f 3948 3978 3977
f 3978 3945 3982
f 3950 1985 1984
f 3950 1984 3930
f 2022 3931 1977
f 3931 2012 3974
f 3931 2022 2012
f 3930 1984 3931
f 3931 1984 1977
f 3948 3977 1985
f 3948 1985 3950
f 3940 1991 1993
f 3940 1993 3942
f 3942 1993 3982
f 3942 3982 3945
f 4017 2047 2046
f 2089 4022 2076
f 2089 2091 4030
f 3980 3983 2091
f 2076 4022 4021
f 3983 4030 2091
f 2089 4030 4022
f 3980 2051 3989
f 3989 3983 3980
f 4020 2075 4021
f 4988 4019 4018
f 4017 2046 1813
f 1813 4989 4017
f 4017 4989 4018
f 4019 4988 3278
f 3278 2079 4020
f 4020 4019 3278
f 4989 4988 4018
f 2051 3980 2052
f 4020 2079 2075
f 4021 2075 2076
f 1883 3861 1880
f 1880 3861 1882
f 3860 4990 3862
f 4988 4989 4990
f 3860 4988 4990
f 1882 3861 4990
f 1882 4990 4989
f 4988 3860 3278
f 3278 3860 3279
f 3278 3279 2080
f 3861 3862 4990
f 1813 1881 4989
f 4989 1881 1882
f 4991 1875 1876
f 4992 4993 3867
f 3867 1878 4992
f 4992 1878 4991
f 1876 4994 4991
f 4991 4994 4992
f 2109 3277 4995
f 4995 3277 3867
f 4993 4995 3867
f 4994 4993 4992
f 1878 1875 4991
f 2146 2147 2113
f 4212 2180 4213
f 4213 2180 2182
f 2146 4996 2144
f 4997 2144 4171
f 4998 4215 4214
f 4999 4215 4998
f 2112 2115 4174
f 4997 4171 4999
f 4999 4171 4215
f 4996 4174 4172
f 2119 4179 2120
f 4168 4188 2119
f 4179 2119 4188
f 4212 4168 2180
f 4168 4212 4188
f 4213 2182 2183
f 4213 2183 4214
f 2112 4174 4996
f 2144 4996 4172
f 2144 4172 4171
f 4998 4214 2183
f 2113 2112 2146
f 2146 2112 4996
f 2145 4138 2150
f 4997 5000 4131
f 2144 4997 5001
f 4998 2183 2177
f 2177 4112 4998
f 4998 4112 4999
f 4131 4138 5001
f 5001 4138 2145
f 5001 2145 2144
f 4131 5001 4997
f 5000 4997 4999
f 4999 4112 4111
f 4999 4111 5000
f 5000 4111 4131
f 2250 4035 5002
f 5002 4035 4034
f 5003 4039 4041
f 5004 5005 4036
f 4041 4037 4036
f 4041 4036 5005
f 4080 4075 5006
f 4033 5007 4031
f 2402 4074 2399
f 4077 5006 4079
f 4079 5006 4033
f 4033 5006 5007
f 4075 5008 5006
f 4077 4080 5006
f 2248 2250 2249
f 4041 5005 5003
f 2250 5002 2249
f 2402 5008 4075
f 2402 4075 4074
f 4036 4045 5004
f 5002 4034 5003
f 5003 4034 4039
f 5007 5004 4045
f 5007 4045 4031
f 5009 2234 2271
f 2191 2271 2188
f 5010 5011 5009
f 5010 5009 2191
f 2239 5011 5010
f 4057 5010 2191
f 4057 2191 2196
f 5012 5011 2239
f 5011 2231 2234
f 2231 5011 2232
f 5011 5012 2232
f 5010 4057 4056
f 5010 4056 2239
f 2190 2196 2191
f 5011 2234 5009
f 5009 2271 2191
f 4166 4224 2210
f 2210 4224 4218
f 2218 4222 4170
f 4170 4222 4220
f 4170 4220 4166
f 4166 4220 4224
f 2217 4228 4222
f 4222 2218 2217
f 2230 4232 2214
f 2214 4232 4228
f 4228 2217 2214
f 4230 2232 4255
f 4255 2232 5012
f 2239 4253 4255
f 2239 4255 5012
f 4254 2240 4256
f 2240 2245 4256
f 4257 2205 2208
f 2205 4257 4256
f 4256 2245 2205
f 2240 4254 2237
f 2237 4254 4253
f 2237 4253 2239
f 2232 4230 2230
f 4232 2230 4230
f 4257 2208 2210
f 4257 2210 4218
f 3314 5004 3315
f 5003 5005 5002
f 5007 5013 3315
f 5013 3316 3315
f 5002 3319 2249
f 5004 3314 5005
f 5005 3314 3319
f 3319 5002 5005
f 2402 5013 5008
f 5013 5006 5008
f 3315 5004 5007
f 5013 5007 5006
f 2402 3316 5013
f 2337 4277 2334
f 4277 2337 2339
f 4282 2339 4272
f 4285 4277 2339
f 4270 2281 4282
f 2339 4282 4285
f 5014 4311 4309
f 5015 4275 4311
f 4309 2305 5014
f 2277 2279 4310
f 4310 2279 4309
f 4309 2279 2305
f 2281 4270 2282
f 4282 4272 4270
f 4311 5014 5015
f 4275 5015 5016
f 4275 5016 4280
f 5016 2334 4280
f 4280 2334 4277
f 2308 4118 2306
f 4117 5017 4115
f 4136 2335 5016
f 5016 5017 4117
f 2305 2304 5014
f 5014 5018 5015
f 5015 5018 5017
f 5018 2304 2306
f 5018 2306 4118
f 2335 2334 5016
f 5014 2304 5018
f 5015 5017 5016
f 4118 4115 5018
f 5018 4115 5017
f 4117 4121 5016
f 5016 4121 4136
f 4355 2417 4352
f 2412 4327 4326
f 4327 2413 4328
f 4327 2412 2411
f 4327 2411 2413
f 4367 2410 2412
f 4367 2412 4326
f 2421 2420 4358
f 4358 2420 4348
f 4348 2420 2422
f 2410 4367 2423
f 2423 4367 4366
f 2423 4366 2422
f 2422 4366 4348
f 4352 2419 4349
f 4349 2419 2418
f 4352 2417 2419
f 4341 2415 4339
f 4339 2415 4355
f 4355 2415 2417
f 4328 2413 4341
f 4341 2413 2415
f 2421 4358 4353
f 2421 4353 2418
f 2418 4353 4349
f 5019 2347 5020
f 2389 4069 2385
f 2383 2386 2385
f 4059 4067 4069
f 2347 5019 2348
f 5020 2347 2425
f 5020 2425 2385
f 4069 5020 2385
f 2356 2348 5019
f 2356 5019 4067
f 4067 5019 5020
f 4067 5020 4069
f 2389 2385 2386
f 4544 5021 2749
f 4544 3274 5022
f 3274 5023 5022
f 2742 5024 2768
f 2742 2744 5024
f 5024 2744 5021
f 5021 4544 5022
f 5021 5022 5025
f 2744 2749 5021
f 5024 5021 5025
f 3274 3275 5023
f 5022 5023 5026
f 5022 5026 5025
f 5024 5025 2768
f 4547 2738 5027
f 2738 2739 5027
f 5027 2739 2741
f 4547 5027 4553
f 3269 3271 4552
f 2735 2738 4547
f 2735 4547 2740
f 5028 3269 4552
f 4552 4553 5028
f 5028 4553 5027
f 2549 4612 2574
f 4574 4610 2536
f 3270 4564 2555
f 5027 4609 4562
f 4562 5028 5027
f 4565 3270 3269
f 4561 3269 5028
f 4564 2553 2555
f 2553 4564 4585
f 3270 4565 4564
f 5028 4562 4561
f 3269 4561 4565
f 4612 4570 2574
f 4612 4571 4570
f 4610 4574 4573
f 2538 4585 2536
f 4585 4574 2536
f 4610 4573 4571
f 4610 4571 4612
f 4609 5027 2741
f 4609 2741 2579
f 2579 2741 2578
f 4585 2538 2553
f 2584 2587 2645
f 2586 5029 4479
f 2586 4479 5030
f 5030 4479 4478
f 5029 2645 2651
f 2630 2629 2588
f 2588 2586 5030
f 2588 5030 2630
f 2584 2645 5029
f 4479 5029 4477
f 2651 4477 5029
f 2586 2584 5029
f 2617 2608 4451
f 4446 5031 5032
f 4455 5033 4456
f 4462 4472 4471
f 4460 4459 5034
f 5034 4459 4462
f 4455 4449 5035
f 4442 4444 2719
f 4450 4447 5032
f 5031 4446 4445
f 5032 4447 4446
f 5035 4450 5032
f 5031 4442 2719
f 5031 2719 2722
f 5035 4449 4450
f 4445 4442 5031
f 5034 5036 4451
f 4451 5036 2617
f 5035 5037 4455
f 4455 5037 5033
f 4456 5033 5038
f 4456 5038 4471
f 4451 4460 5034
f 5034 4462 5036
f 5036 4462 5038
f 5038 4462 4471
f 5036 5038 2619
f 5037 3297 5033
f 3297 5037 2722
f 2619 2618 5036
f 5036 2618 2617
f 4524 5033 3296
f 2619 5038 5033
f 5032 5031 2722
f 5032 2722 5035
f 5035 2722 5037
f 4524 2619 5033
f 3297 3296 5033
f 4618 2616 2640
f 4618 2640 4624
f 4613 4622 4620
f 4613 4620 2642
f 2642 4620 4624
f 4624 2640 2642
f 2638 4630 4632
f 4632 2637 2638
f 4632 4628 2637
f 2637 4628 4615
f 4615 4628 4622
f 4615 4622 4613
f 2626 4630 2627
f 4630 2626 4653
f 2626 2628 4653
f 4653 2628 2630
f 4653 2630 4654
f 4654 2630 5030
f 4656 4655 2620
f 2613 4657 2614
f 4656 2620 2614
f 4656 2614 4657
f 2620 4655 4478
f 4478 4655 5030
f 5030 4655 4654
f 4630 2638 2627
f 4657 2613 4618
f 4618 2613 2616
f 5039 5040 5041
f 5039 5041 5042
f 5043 2705 2708
f 2668 2727 5040
f 5042 5041 2705
f 5042 2705 5043
f 2706 2705 5041
f 5044 2681 2670
f 5044 4491 2681
f 5042 5045 2714
f 5039 2714 4490
f 5039 4490 4491
f 2669 5044 2670
f 5039 5044 2669
f 5039 2669 5040
f 5040 2669 2668
f 2714 5039 5042
f 2707 2708 2705
f 2706 5041 5040
f 2706 5040 2727
f 5043 5045 5042
f 5039 4491 5044
f 2750 2747 5046
f 5046 2747 5047
f 5046 2748 2750
f 5048 5047 2747
f 2745 5048 2747
f 2755 2789 5049
f 5050 2771 5051
f 5051 2771 5049
f 5049 2771 2757
f 2755 5049 2757
f 2756 2755 2757
f 2755 2469 2788
f 2789 2755 2788
f 3243 5052 5053
f 5052 5054 5055
f 5056 5053 5050
f 5053 5052 5050
f 3241 5053 5056
f 5057 3241 5056
f 5058 5057 2789
f 5055 5050 5052
f 5057 5056 5051
f 5057 5051 2789
f 5049 2789 5051
f 5053 3241 3243
f 5059 5060 5061
f 5062 5063 5064
f 3243 5065 5052
f 5066 5067 5068
f 5063 5066 5068
f 5054 5065 5062
f 5046 5047 5061
f 5067 5059 5047
f 5064 5063 5068
f 5048 5067 5047
f 5048 5068 5067
f 5068 5069 5064
f 5048 2745 5069
f 5048 5069 5068
f 5061 5047 5059
f 5069 5062 5064
f 5065 5054 5052
f 2469 2755 2468
f 5050 5055 2772
f 5056 5050 5051
f 2772 5055 2751
f 2772 2771 5050
f 2745 2746 5069
f 5069 2746 2751
f 5069 2751 5055
f 5069 5055 5062
f 5062 5055 5054
f 5070 5071 5072
f 2991 5073 2993
f 2993 5073 5074
f 2991 2990 5073
f 5073 5061 5060
f 2748 5046 5061
f 2990 2748 5073
f 5073 5060 5074
f 5075 4742 3011
f 4742 5075 5072
f 3011 3012 5075
f 2993 5075 3012
f 5075 2993 5074
f 5072 5074 5070
f 5075 5074 5072
f 5072 5071 3251
f 4742 5072 3248
f 3248 5072 3251
f 2748 5061 5073
f 5074 5060 5070
f 5076 2793 3227
f 3227 2793 2794
f 3238 3237 3240
f 5077 3244 5078
f 5071 5078 3251
f 3247 3251 5078
f 3247 5078 3245
f 5077 5078 5063
f 5059 5070 5060
f 5071 5059 5067
f 5071 5067 5066
f 5070 5059 5071
f 2789 2793 5058
f 5062 5065 5077
f 5057 3237 3241
f 5077 5065 3243
f 5057 5058 5076
f 2793 5076 5058
f 5062 5077 5063
f 5057 3240 3237
f 3227 3240 5076
f 5076 3240 5057
f 5078 5071 5066
f 5078 5066 5063
f 5077 3243 3244
f 5078 3244 3245
f 3224 2794 5079
f 5080 2790 2795
f 5080 2795 2796
f 2782 5080 1755
f 5080 2784 2790
f 5080 2782 2784
f 3224 5079 3230
f 3230 5079 2783
f 3230 2783 1373
f 2783 1809 1373
f 2791 2790 5079
f 5080 2796 1755
f 5079 2790 2784
f 2794 2791 5079
f 2783 5079 2784
f 5081 2456 2454
f 2446 2444 2843
f 2447 5082 5083
f 5081 5084 5085
f 5084 5081 5086
f 5086 5081 5087
f 5082 2456 5083
f 5083 2456 5081
f 5086 5087 5088
f 5086 5088 5089
f 2960 5089 5088
f 2842 2843 2840
f 5090 2840 2843
f 5090 2843 2444
f 5090 2444 2447
f 2449 2456 5082
f 2449 5082 2447
f 2447 5083 5090
f 5090 5083 5085
f 2457 2960 5088
f 2457 5088 2453
f 2453 5088 2454
f 2454 5088 5087
f 2454 5087 5081
f 5083 5081 5085
f 5090 5085 5091
f 5090 5091 2840
f 4696 4709 4697
f 5092 4865 5093
f 5092 4860 4865
f 5094 2875 2877
f 2873 2875 4864
f 4864 2875 5094
f 2877 4707 4704
f 4859 5092 4858
f 4858 4697 4709
f 4859 4860 5092
f 5092 4702 4858
f 4858 4702 4697
f 5093 4865 4862
f 5094 4863 4864
f 4862 4863 5094
f 4862 5094 5093
f 5093 5094 2877
f 5093 2877 4704
f 5093 4704 5092
f 5092 4704 4702
f 4697 4702 4698
f 2905 5095 2906
f 2905 2883 5096
f 5096 2883 2866
f 2905 2904 2883
f 5095 5096 3651
f 3651 5096 2865
f 3651 2865 2872
f 5096 2866 2865
f 2872 2865 2868
f 3650 3660 5095
f 3650 5095 3651
f 5095 2905 5096
f 2872 2871 3655
f 2872 3655 3651
f 5095 3660 2906
f 5097 3771 4709
f 5098 3391 3415
f 2885 2902 5098
f 5098 2902 3391
f 5097 4701 4700
f 5099 4861 5097
f 3413 4861 5099
f 4700 5099 5097
f 4701 5097 4709
f 5100 4687 5101
f 5101 4687 4684
f 4694 4688 5100
f 5100 4688 4687
f 5101 4684 2886
f 2886 4684 2892
f 5102 4695 4694
f 2886 5098 5101
f 5101 5103 5100
f 5100 5103 5104
f 2885 5098 2886
f 5101 5098 5103
f 5104 3413 5102
f 4694 5100 5104
f 4694 5104 5102
f 3418 4861 3414
f 3414 4861 3413
f 3771 5097 4861
f 3412 3413 5104
f 4700 4695 5099
f 5099 4695 5102
f 5099 5102 3413
f 3412 5104 5103
f 3412 5103 3415
f 3415 5103 5098
f 2883 2904 5105
f 5106 5107 5108
f 5107 5106 2848
f 5106 5109 2848
f 5109 2856 2848
f 5105 5106 5108
f 4679 2878 5110
f 2883 5105 2880
f 2880 5105 5110
f 2880 5110 2878
f 2904 5111 5105
f 5107 2848 4681
f 4681 2848 2847
f 4681 4679 5110
f 5105 5108 5110
f 5110 5108 5107
f 5110 5107 4681
f 4676 4674 4682
f 2896 2894 4878
f 4878 2894 5112
f 2894 2893 4677
f 2894 4677 5112
f 5112 4677 4678
f 5112 4678 4683
f 4668 3358 3385
f 4669 4668 3385
f 4682 4877 4676
f 4676 4877 4683
f 4683 4877 4878
f 4683 4878 5112
f 2892 4677 2893
f 5113 4891 4902
f 4902 4894 5113
f 5113 4919 5109
f 5113 5109 5106
f 2906 4891 2903
f 5113 5111 2903
f 2903 4891 5113
f 4919 2856 5109
f 4894 4917 5113
f 5113 4917 4919
f 2903 5111 2904
f 5106 5105 5111
f 5106 5111 5113
f 3196 5114 3210
f 5115 3267 3033
f 3198 4761 3196
f 3196 4761 5114
f 5115 5114 4761
f 5115 4761 3267
f 3097 3094 4735
f 3097 4735 5116
f 5117 4746 5118
f 5118 4746 3249
f 3249 4746 3250
f 5119 5116 4735
f 4735 4746 5119
f 5119 4746 5117
f 5118 3249 5117
f 5117 3249 3246
f 5120 5121 3126
f 5122 5123 5124
f 5124 5123 5125
f 5124 5125 5126
f 5126 5125 5127
f 5126 5127 5128
f 5129 3127 3129
f 5129 3129 3130
f 5129 3130 5124
f 5130 5131 3174
f 5130 3174 3175
f 5130 3175 5132
f 5132 3178 5133
f 5132 3175 3178
f 5132 5134 5135
f 5122 5135 5123
f 5135 5122 5130
f 5135 5130 5132
f 5134 5132 5133
f 5120 3126 3127
f 3127 5129 5120
f 5124 3130 3131
f 5124 3131 5131
f 5131 3131 3173
f 5131 3173 3174
f 5131 5130 5122
f 5131 5122 5124
f 5129 5124 5126
f 5129 5126 5120
f 5120 5126 5128
f 5120 5128 5136
f 5120 5136 5121
f 5137 5138 5136
f 5137 5136 5128
f 4431 5139 5140
f 4431 5140 4399
f 5140 5136 4422
f 4422 5136 5138
f 5138 5137 4396
f 4422 5138 4396
f 4422 4398 4399
f 3123 5139 4431
f 3124 3126 5141
f 5121 5140 5141
f 5141 5140 5139
f 3122 3124 5142
f 5142 3124 5141
f 5121 5141 3126
f 4422 4396 4397
f 5140 5121 5136
f 5142 5139 3123
f 5142 3123 3122
f 5139 5142 5141
f 4399 5140 4422
f 3113 3100 5143
f 3100 4376 5143
f 5143 4379 5144
f 4376 4379 5143
f 5144 4379 4381
f 4432 4383 5145
f 5146 4377 4432
f 5145 4383 4385
f 5144 4381 4378
f 4426 5147 4429
f 4433 4434 5148
f 4430 5148 4434
f 5149 4426 5150
f 5150 4426 4425
f 5151 4433 5148
f 5148 4430 4429
f 5148 4429 5147
f 4426 5149 5147
f 3191 3292 3189
f 3189 3292 4424
f 4424 3292 5150
f 5150 3292 5149
f 3188 3191 3189
f 4424 5150 4425
f 3113 5143 5152
f 5152 3114 3113
f 5144 5152 5143
f 4432 5145 5146
f 5146 5144 4378
f 5146 4378 4377
f 3189 4424 4428
f 4433 5151 4385
f 4385 5151 5145
f 5152 5144 5146
f 5146 3294 5152
f 5146 5145 3294
f 3294 5145 3289
f 3289 5151 3288
f 5147 5149 3292
f 5147 3292 5148
f 3286 3288 3293
f 5148 3288 5151
f 5145 5151 3289
f 3292 3293 5148
f 5148 3293 3288
f 5152 3294 3114
f 5153 5154 5155
f 5155 5156 5157
f 5156 5135 5134
f 5153 4416 4420
f 4420 5158 5153
f 5153 5158 5154
f 5156 5159 5157
f 5160 4417 5153
f 5160 5157 4417
f 5157 5161 4419
f 4421 4419 5161
f 5155 5160 5153
f 5153 4417 4416
f 5162 4368 4396
f 4369 4368 5162
f 4369 5162 5163
f 5163 5162 5137
f 5137 5162 4396
f 5164 5158 4392
f 5164 4392 4395
f 5164 4395 5163
f 5137 5128 5127
f 5123 5165 5125
f 5125 5165 5127
f 5159 5156 5134
f 5135 5156 5154
f 5135 5154 5123
f 5123 5154 5165
f 5127 5165 5163
f 5127 5163 5137
f 5161 5157 5159
f 4419 4417 5157
f 5157 5160 5155
f 5164 5154 5158
f 5158 4420 4392
f 5156 5155 5154
f 5165 5154 5164
f 5165 5164 5163
f 5163 4395 4369
f 4413 5166 5167
f 4413 4421 5166
f 4421 5161 5166
f 5159 5166 5161
f 5168 5167 5166
f 5168 5166 5133
f 5168 5133 3178
f 5168 3178 5169
f 5170 5171 5172
f 5171 3181 3170
f 5171 3180 3181
f 5169 3179 3180
f 3178 3179 5169
f 5170 5169 3180
f 5167 5169 5170
f 5166 5159 5133
f 5133 5159 5134
f 5167 5168 5169
f 3180 5171 5170
f 5170 5172 4435
f 5170 4435 5167
f 5167 4435 4412
f 5167 4412 4413
f 5173 5174 5175
f 1659 1669 5176
f 1642 5177 5178
f 2840 5179 5180
f 5181 5182 5183
f 5181 5184 5185
f 5185 5184 5186
f 5183 5182 3821
f 3821 5182 5187
f 5188 5187 5189
f 5188 5189 5190
f 5191 5190 5189
f 5190 5191 5185
f 3821 5187 5188
f 5192 5193 3817
f 5194 5195 5193
f 5175 5194 5192
f 5192 5194 5193
f 5196 3817 3819
f 5197 5198 5175
f 5175 5198 5199
f 5200 5196 5201
f 5196 5200 5202
f 5196 5202 5203
f 5196 5203 3817
f 5173 5201 5204
f 5173 5204 5205
f 5203 5206 5207
f 5203 5207 5199
f 5199 5208 5203
f 5203 5208 3817
f 5199 5207 5209
f 5210 3817 5208
f 5211 5192 3817
f 5211 3817 5210
f 5212 5213 5214
f 5215 5214 3821
f 5214 5216 5212
f 3821 5214 5213
f 3821 5213 3822
f 5188 5215 3821
f 5217 5218 5219
f 5220 5217 5219
f 5217 5220 5213
f 5213 5220 5221
f 5213 5221 3822
f 5221 5222 3822
f 3822 5222 5223
f 5217 5224 5190
f 5215 5225 5224
f 5224 5225 5190
f 5190 5225 5226
f 5227 3818 5228
f 5227 5228 5229
f 5230 3819 5231
f 5231 3819 3818
f 5231 3818 5227
f 5230 5232 3819
f 3819 5232 5196
f 5173 5205 5233
f 5231 5234 5233
f 5231 5233 5230
f 5235 5236 5234
f 5234 5236 5237
f 5234 5237 5238
f 3818 5235 5228
f 5239 5240 5241
f 5242 5243 5236
f 3818 5244 5239
f 5241 5245 5239
f 5239 5245 5242
f 5239 5242 3818
f 3818 5242 5236
f 3818 5236 5235
f 5241 5234 5245
f 5245 5234 5238
f 5246 5241 5247
f 5241 5246 5218
f 5246 5248 5218
f 5249 3822 5223
f 5244 5250 5251
f 5252 5253 5254
f 5253 5255 5254
f 5255 5256 5254
f 5246 5249 5248
f 5248 5249 5223
f 5248 5223 5256
f 5256 5223 5257
f 5256 5257 5254
f 5258 5259 5174
f 5260 5195 5259
f 5259 5195 5261
f 5260 5193 5195
f 5193 5260 5262
f 5262 5260 5263
f 5264 5265 5266
f 5264 5266 5195
f 5195 5266 5261
f 5261 5266 5267
f 5266 5268 5267
f 5259 5261 5174
f 5194 5175 5174
f 5258 5269 5259
f 5193 5262 5270
f 5271 5193 5270
f 5271 5272 5269
f 5271 5269 5258
f 5273 5272 5270
f 5270 5272 5271
f 3551 5274 5275
f 3551 5275 3553
f 5276 5277 5274
f 3551 3549 5274
f 5274 3549 3812
f 5274 3812 3814
f 5274 3814 5276
f 3813 3817 5193
f 5180 5278 2840
f 3820 5183 3821
f 3822 5249 3818
f 3818 5249 5244
f 5244 5249 5250
f 3772 5278 3773
f 5279 3785 3773
f 5180 3773 5278
f 2840 5278 2841
f 1642 5280 3003
f 3002 3003 5280
f 3002 5281 2987
f 5280 5281 3002
f 1642 5178 5280
f 5280 5178 5281
f 5281 5282 5283
f 5283 2987 5281
f 5284 5285 2969
f 5284 2969 2980
f 5285 2964 2969
f 5285 2961 2964
f 2960 2961 5089
f 5286 5287 5285
f 5285 5287 2961
f 5283 5282 5284
f 5284 5282 5288
f 5284 5288 5289
f 5288 5290 5289
f 5285 5284 5289
f 5289 5290 5291
f 5292 5086 5286
f 5286 5086 5287
f 5287 5086 5089
f 5089 2961 5287
f 5292 5286 5291
f 5290 5288 5186
f 5186 5288 5282
f 5186 5282 5293
f 5293 5282 5178
f 2980 5283 5284
f 5285 5289 5286
f 5286 5289 5291
f 5291 5290 5294
f 5294 5295 5292
f 5183 5180 5179
f 5091 5084 5292
f 5091 5292 5295
f 5295 5294 5183
f 5183 5294 5184
f 5179 5295 5183
f 5279 5183 3820
f 5181 5183 5184
f 5091 5085 5084
f 5190 5185 5186
f 5190 5186 5217
f 5217 5186 5218
f 5218 5186 5296
f 5218 5296 5241
f 5241 5296 5234
f 5297 1683 1684
f 1681 1683 5297
f 5298 1681 5297
f 1681 5298 1665
f 1665 5298 5299
f 5176 1669 5299
f 1665 5299 1669
f 3577 5300 3547
f 3547 5300 5301
f 3547 5301 3568
f 1658 1659 5176
f 1658 5176 5302
f 5302 5176 5303
f 5302 5177 1658
f 1658 5177 1642
f 5304 5177 5302
f 5303 5258 5304
f 5303 5304 5302
f 5300 3577 3563
f 5300 3563 5305
f 5306 5307 5308
f 5306 5308 5309
f 5176 5299 5310
f 5176 5310 5308
f 5176 5308 5303
f 5303 5308 5307
f 5303 5307 5258
f 5305 5311 5307
f 5305 5307 5306
f 5275 5274 5277
f 5275 5277 5305
f 5275 5305 3578
f 3578 5305 3563
f 5275 3578 3553
f 5309 5301 5300
f 5309 5300 5306
f 5306 5300 5305
f 5310 5309 5308
f 5307 5311 5258
f 5258 5311 5271
f 5271 5276 3813
f 3814 3813 5276
f 5276 5271 5277
f 5277 5271 5305
f 5305 5271 5311
f 1680 3568 1684
f 1684 3568 5301
f 1684 5301 5297
f 5297 5301 5309
f 5297 5309 5298
f 5298 5309 5310
f 5298 5310 5299
f 5193 5271 3813
f 5258 5174 5304
f 5304 5174 5173
f 5209 5201 5173
f 5173 5296 5293
f 5175 5199 5209
f 5175 5209 5173
f 5304 5173 5293
f 5304 5293 5177
f 5177 5293 5178
f 5178 5282 5281
f 5283 2980 2987
f 2837 2841 3772
f 3772 2841 5278
f 5279 3773 5180
f 2840 5091 5179
f 5179 5091 5295
f 5180 5183 5279
f 5279 3820 3785
f 5173 5233 5234
f 5173 5234 5296
f 5293 5296 5186
f 5186 5184 5290
f 5290 5184 5294
f 5291 5294 5292
f 5292 5084 5086
f 5312 5313 5314
f 5315 5312 5314
f 5316 5317 5318
f 5318 5317 5319
f 5320 5321 5322
f 5323 5324 5322
f 5322 5321 5323
f 5325 5326 5327
f 5328 5329 5325
f 5328 5325 5327
f 5330 5331 5332
f 5333 5334 5335
f 5336 5181 5185
f 5336 5185 5337
f 5337 5185 5191
f 5337 5191 5338
f 5339 5182 5181
f 5339 5181 5336
f 5338 5191 5340
f 5340 5191 5189
f 5340 5189 5341
f 5341 5189 5187
f 5341 5187 5182
f 5341 5182 5339
f 5342 5313 5312
f 5342 5312 5343
f 5343 5312 5344
f 5344 5312 5315
f 5344 5315 5314
f 5344 5314 5345
f 5345 5314 5313
f 5345 5313 5342
f 5316 5346 5339
f 5316 5339 5317
f 5342 5319 5317
f 5342 5317 5339
f 5346 5316 5347
f 5347 5316 5318
f 5347 5318 5348
f 5348 5318 5319
f 5348 5319 5342
f 5338 5343 5337
f 5337 5343 5344
f 5337 5344 5336
f 5344 5345 5336
f 5336 5345 5339
f 5339 5345 5342
f 5341 5339 5346
f 5348 5338 5340
f 5348 5340 5347
f 5347 5340 5341
f 5347 5341 5346
f 5342 5343 5338
f 5342 5338 5348
f 5197 5349 5198
f 5198 5349 5350
f 5351 5199 5350
f 5350 5199 5198
f 5352 5208 5351
f 5351 5208 5199
f 5350 5210 5208
f 5350 5208 5352
f 5353 5211 5350
f 5350 5211 5210
f 5354 5192 5353
f 5353 5192 5211
f 5355 5175 5354
f 5354 5175 5192
f 5349 5197 5175
f 5349 5175 5355
f 5352 5351 5350
f 5355 5354 5353
f 5353 5350 5349
f 5349 5355 5353
f 5200 5356 5357
f 5200 5357 5202
f 5358 5203 5202
f 5358 5202 5357
f 5357 5206 5358
f 5358 5206 5203
f 5206 5357 5359
f 5206 5359 5207
f 5359 5209 5207
f 5209 5359 5356
f 5209 5356 5201
f 5356 5200 5201
f 5359 5357 5356
f 5360 5188 5361
f 5361 5188 5190
f 5188 5360 5215
f 5215 5360 5362
f 5362 5225 5215
f 5226 5225 5362
f 5361 5190 5226
f 5361 5226 5360
f 5360 5226 5362
f 5363 5235 5234
f 5363 5234 5364
f 5365 5228 5363
f 5363 5228 5235
f 5229 5228 5365
f 5366 5227 5229
f 5366 5231 5227
f 5364 5234 5231
f 5364 5231 5366
f 5367 5330 5332
f 5367 5332 5368
f 5365 5331 5330
f 5365 5330 5367
f 5368 5332 5331
f 5368 5331 5365
f 5366 5229 5367
f 5367 5229 5365
f 5368 5364 5367
f 5367 5364 5366
f 5365 5363 5368
f 5368 5363 5364
f 5224 5369 5370
f 5224 5370 5215
f 5370 5214 5215
f 5371 5216 5214
f 5371 5214 5370
f 5372 5212 5216
f 5372 5216 5371
f 5373 5213 5372
f 5372 5213 5212
f 5369 5217 5373
f 5373 5217 5213
f 5369 5224 5217
f 5372 5333 5374
f 5374 5333 5335
f 5333 5372 5371
f 5333 5371 5334
f 5374 5335 5334
f 5374 5334 5371
f 5373 5372 5369
f 5369 5372 5374
f 5369 5374 5370
f 5370 5374 5371
f 5375 5205 5376
f 5376 5205 5204
f 5205 5375 5377
f 5205 5377 5233
f 5378 5233 5377
f 5379 5230 5233
f 5379 5233 5378
f 5378 5232 5379
f 5379 5232 5230
f 5232 5380 5196
f 5380 5232 5378
f 5376 5201 5196
f 5376 5196 5380
f 5376 5204 5201
f 5378 5377 5380
f 5380 5377 5375
f 5380 5375 5376
f 5381 5241 5382
f 5241 5381 5383
f 5241 5383 5247
f 5384 5246 5247
f 5384 5247 5383
f 5385 5249 5384
f 5384 5249 5246
f 5383 5250 5385
f 5385 5250 5249
f 5386 5251 5250
f 5386 5250 5383
f 5387 5244 5251
f 5387 5251 5386
f 5387 5239 5244
f 5386 5240 5239
f 5382 5241 5240
f 5382 5240 5386
f 5385 5384 5383
f 5386 5383 5381
f 5386 5381 5382
f 5386 5239 5387
f 5388 5256 5389
f 5389 5256 5255
f 5389 5255 5390
f 5391 5248 5388
f 5388 5248 5256
f 5392 5223 5393
f 5393 5223 5222
f 5393 5222 5394
f 5394 5222 5221
f 5394 5221 5395
f 5395 5221 5220
f 5395 5220 5396
f 5248 5391 5397
f 5248 5397 5218
f 5218 5397 5398
f 5218 5398 5219
f 5219 5398 5396
f 5219 5396 5220
f 5399 5257 5392
f 5392 5257 5223
f 5390 5255 5253
f 5390 5253 5400
f 5400 5253 5252
f 5400 5252 5401
f 5401 5252 5254
f 5401 5254 5399
f 5399 5254 5257
f 5397 5391 5388
f 5397 5388 5389
f 5397 5389 5398
f 5389 5390 5398
f 5398 5390 5396
f 5396 5390 5400
f 5396 5400 5395
f 5395 5400 5401
f 5395 5401 5394
f 5394 5401 5399
f 5394 5399 5393
f 5399 5392 5393
f 5402 5194 5403
f 5403 5194 5174
f 5194 5402 5404
f 5194 5404 5195
f 5405 5264 5404
f 5404 5264 5195
f 5406 5265 5264
f 5406 5264 5405
f 5265 5406 5407
f 5265 5407 5266
f 5406 5268 5266
f 5406 5266 5407
f 5408 5267 5268
f 5408 5268 5406
f 5267 5408 5409
f 5267 5409 5261
f 5403 5174 5409
f 5409 5174 5261
f 5403 5409 5408
f 5408 5406 5403
f 5403 5406 5402
f 5402 5406 5405
f 5402 5405 5404
f 5410 5273 5411
f 5411 5273 5270
f 5412 5259 5269
f 5412 5269 5413
f 5413 5269 5272
f 5413 5272 5414
f 5414 5272 5273
f 5414 5273 5415
f 5415 5273 5410
f 5416 5260 5259
f 5416 5259 5412
f 5417 5263 5260
f 5417 5260 5416
f 5410 5262 5263
f 5410 5263 5417
f 5411 5270 5262
f 5411 5262 5410
f 5417 5326 5325
f 5417 5325 5418
f 5418 5325 5419
f 5419 5325 5329
f 5419 5329 5328
f 5419 5328 5420
f 5420 5328 5327
f 5420 5327 5421
f 5421 5327 5417
f 5417 5327 5326
f 5421 5412 5420
f 5420 5412 5413
f 5421 5416 5412
f 5420 5413 5419
f 5419 5413 5414
f 5419 5414 5415
f 5419 5415 5418
f 5418 5415 5410
f 5418 5410 5417
f 5421 5417 5416
f 5422 5245 5238
f 5422 5238 5423
f 5423 5238 5237
f 5423 5237 5424
f 5425 5242 5245
f 5425 5245 5422
f 5426 5243 5242
f 5426 5242 5425
f 5424 5237 5236
f 5424 5236 5427
f 5427 5236 5243
f 5427 5243 5426
f 5428 5321 5426
f 5426 5321 5320
f 5426 5320 5322
f 5426 5322 5429
f 5429 5322 5324
f 5429 5324 5430
f 5430 5324 5431
f 5431 5324 5323
f 5431 5323 5321
f 5431 5321 5428
f 5426 5425 5428
f 5428 5425 5422
f 5428 5422 5423
f 5428 5423 5431
f 5427 5429 5430
f 5427 5430 5424
f 5424 5430 5423
f 5423 5430 5431
f 5429 5427 5426
f 5432 5433 4898
f 5434 5432 4912
f 5435 5434 4913
f 5436 5437 4905
f 5436 4905 5438
f 5436 4913 4910
f 5435 4913 5436
f 4912 4913 5434
f 5439 4890 4888
f 4899 5440 5441
f 5432 4898 4896
f 5439 5432 4896
f 4896 4893 5439
f 5433 5440 4898
f 5439 4888 5432
f 5432 4888 4889
f 5432 4889 4912
f 4893 4895 4892
f 4893 4892 5439
f 5439 4892 4890
f 4905 5437 4906
f 4910 4911 5436
f 5436 4911 5437
f 4907 4906 4908
f 4911 4909 4908
f 4911 4908 5437
f 5437 4908 4906
f 4905 4901 5438
f 5438 4901 5441
f 5441 4901 4899
f 5440 4899 4898
f 5442 5441 5443
f 5443 5441 5440
f 5441 5442 5438
f 5444 5432 5434
f 5445 5433 5444
f 5444 5433 5432
f 5445 5443 5440
f 5445 5440 5433
f 5446 5447 5448
f 5449 5450 5451
f 5451 5450 5452
f 5446 5453 5450
f 5450 5453 5452
f 5450 5447 5446
f 5450 5442 5443
f 5450 5443 5447
f 5449 5438 5450
f 5450 5438 5442
f 5451 5436 5438
f 5438 5449 5451
f 5436 5451 5452
f 5452 5435 5436
f 5453 5434 5435
f 5453 5435 5452
f 5446 5444 5434
f 5446 5434 5453
f 5444 5446 5448
f 5444 5448 5445
f 5447 5443 5448
f 5448 5443 5445
f 5454 5455 5456
f 5454 5456 5457
f 5455 5454 5458
f 5458 5454 5459
f 5458 5459 5460
f 5461 5462 5460
f 5461 5460 5459
f 5463 5462 5461
f 5463 5464 5462
f 5464 5463 5465
f 5464 5465 5466
f 5466 5465 5467
f 5466 5467 5468
f 5466 5468 5469
f 5469 5468 5470
f 5469 5470 5471
f 5471 5470 5472
f 5471 5472 5473
f 5473 5472 5474
f 5473 5474 5475
f 5473 5475 5476
f 5477 5478 5476
f 5477 5476 5475
f 5478 5477 5479
f 5479 5477 5480
f 5479 5480 5481
f 5482 5481 5483
f 5481 5482 5479
f 5482 5483 5484
f 5484 5483 5485
f 5485 5483 5486
f 5485 5486 5457
f 5485 5457 5456
f 5487 5488 5489
f 5487 5490 5488
f 5490 5491 5492
f 5492 5491 5493
f 5487 5491 5490
f 5487 5489 5494
f 5494 5489 5495
f 5494 5495 5496
f 5495 5497 5496
f 5498 5497 5495
f 5497 5498 5499
f 5499 5498 5500
f 5499 5500 5501
f 5501 5500 5502
f 5502 5503 5501
f 5501 5503 5504
f 5503 5505 5504
f 5506 5505 5503
f 5506 5507 5505
f 5507 5506 5508
f 5507 5508 5509
f 5509 5508 5510
f 5510 5511 5509
f 5512 5511 5510
f 5511 5512 5513
f 5513 5512 5514
f 5513 5514 5515
f 5515 5514 5516
f 5515 5516 5517
f 5517 5516 5518
f 5517 5518 5519
f 5519 5518 5520
f 5519 5520 5493
f 5492 5493 5520
f 5481 5521 5483
f 5454 5522 5459
f 5523 5524 5525
f 5526 5475 5474
f 5522 5454 5457
f 5475 5526 5477
f 5524 5522 5457
f 5486 5524 5457
f 5477 5526 5480
f 5526 5527 5480
f 5480 5527 5481
f 5486 5525 5524
f 5525 5486 5483
f 5527 5523 5521
f 5521 5523 5525
f 5521 5525 5483
f 5481 5527 5521
f 5487 5528 5491
f 5528 5529 5493
f 5493 5529 5519
f 5529 5530 5531
f 5531 5530 5515
f 5515 5530 5532
f 5515 5532 5533
f 5533 5532 5534
f 5533 5534 5511
f 5517 5519 5531
f 5513 5533 5511
f 5517 5531 5515
f 5513 5515 5533
f 5511 5534 5535
f 5535 5509 5511
f 5493 5491 5528
f 5519 5529 5531
f 5535 5507 5509
f 5455 5458 5536
f 5456 5536 5485
f 5485 5536 5537
f 5538 5537 5539
f 5538 5539 5540
f 5482 5540 5479
f 5540 5539 5541
f 5540 5541 5479
f 5479 5541 5478
f 5484 5485 5538
f 5484 5538 5482
f 5482 5538 5540
f 5478 5541 5542
f 5542 5476 5478
f 5456 5455 5536
f 5485 5537 5538
f 5542 5473 5476
f 1348 5543 1351
f 5543 1352 1351
f 1362 5544 5545
f 1366 5545 5546
f 1366 5546 1371
f 1354 5547 1356
f 1359 1356 5547
f 5548 1362 1361
f 1352 5543 1354
f 1354 5543 5549
f 1354 5549 5547
f 5547 5550 1359
f 5547 5549 5550
f 1359 5550 1361
f 1361 5550 5544
f 1361 5544 5548
f 5545 1366 1365
f 5545 1365 1362
f 5544 1362 5548
f 5488 5490 5551
f 5552 5551 5492
f 5553 5508 5554
f 5506 5554 5508
f 5551 5490 5492
f 5508 5553 5510
f 5510 5553 5512
f 5520 5552 5492
f 5518 5552 5520
f 5553 5555 5512
f 5512 5555 5514
f 5514 5555 5556
f 5555 5552 5516
f 5516 5552 5518
f 5516 5556 5555
f 5556 5516 5514
f 1367 1372 5557
f 5557 5558 1364
f 1364 5558 1363
f 5558 1360 1363
f 1360 5558 5559
f 1360 5559 5560
f 5560 5559 5561
f 5560 5561 1357
f 1357 5561 1355
f 5560 1358 1360
f 1355 5561 5562
f 1355 5562 1353
f 1358 5560 1357
f 5562 1350 1353
f 1364 1367 5557
f 1349 1350 5562
f 5532 5530 1478
f 1509 5504 3482
f 3482 5504 5505
f 3482 5505 3483
f 5504 1509 5501
f 1509 1511 5501
f 5501 1511 5499
f 1511 1485 5499
f 1485 1484 5497
f 5499 1485 5497
f 1484 1491 5497
f 5497 1491 5496
f 5496 1491 3466
f 3462 5487 3463
f 3463 5487 5494
f 3463 5494 3466
f 3466 5494 5496
f 3475 5507 5535
f 5505 5507 3483
f 3483 5507 3475
f 5487 3462 5528
f 1475 5529 1476
f 5529 1475 5530
f 5530 1475 1478
f 5528 3462 3464
f 5528 3464 1476
f 5528 1476 5529
f 3475 5535 1519
f 1519 5535 5534
f 1478 1516 5532
f 5532 1516 5534
f 5534 1516 1519
f 4846 5461 3508
f 3508 5461 5459
f 1562 5461 4850
f 4850 5461 4846
f 5461 1562 5463
f 5463 1562 5465
f 1562 1552 5465
f 5465 1552 5467
f 5467 1552 1548
f 5467 1548 5468
f 5468 1548 1547
f 5468 1547 5470
f 5470 1547 1550
f 5470 3538 5472
f 5470 1550 3538
f 3539 5472 3538
f 1566 5524 5523
f 1566 5523 1572
f 1565 5522 1566
f 1566 5522 5524
f 3508 5459 1565
f 1565 5459 5522
f 3539 5474 5472
f 3543 5526 5474
f 3543 5474 3539
f 5526 1535 5527
f 5526 3543 1535
f 1535 1527 5527
f 5527 1527 5523
f 5523 1527 1572
f 1931 5471 3885
f 3885 5471 5473
f 1930 5469 1931
f 1931 5469 5471
f 5469 1922 5466
f 5469 1930 1922
f 1913 5466 1922
f 1918 5462 5464
f 1918 5464 1915
f 1915 5464 5466
f 1915 5466 1913
f 3877 5460 3882
f 3882 5460 5462
f 3882 5462 1918
f 3880 5536 3879
f 5536 5458 3879
f 3879 5458 3877
f 3877 5458 5460
f 1899 5537 5536
f 5537 1899 1903
f 5536 3880 1899
f 3885 5473 3890
f 3890 5473 5542
f 3890 5542 1938
f 1938 5542 5541
f 1903 1932 5539
f 5539 1932 5541
f 5541 1932 1938
f 1903 5539 5537
f 5045 1369 1371
f 5043 1369 5045
f 1369 5043 1337
f 1337 5043 2708
f 2709 1337 2708
f 1341 1339 2693
f 2693 1339 2709
f 2709 1339 1337
f 2689 1341 2693
f 1341 2689 2694
f 1341 2694 1343
f 4556 1345 1343
f 4556 1343 2694
f 4558 1345 4556
f 4558 1348 1345
f 5544 5550 2684
f 2684 2725 5544
f 5544 2725 2715
f 2714 5546 5545
f 2714 5545 2715
f 2715 5545 5544
f 5045 1371 5546
f 5045 5546 2714
f 5543 2688 5549
f 5549 2688 2687
f 5549 2687 5550
f 1348 4558 4557
f 1348 4557 5543
f 5543 4557 2688
f 5550 2687 2684
f 5561 5559 3109
f 4371 1370 4431
f 4431 1370 1368
f 4431 1368 3123
f 1346 4782 1344
f 1344 4782 3139
f 1344 3139 1342
f 3139 3142 1342
f 1342 3142 3117
f 1342 3117 1340
f 1340 3117 3116
f 3116 3121 1338
f 1340 3116 1338
f 3123 1368 1336
f 3123 1336 3121
f 3121 1336 1338
f 4783 1349 3148
f 1346 1347 4782
f 4782 1347 4783
f 4783 1347 1349
f 1370 4371 1372
f 1372 4371 3115
f 1372 3115 5557
f 5558 3105 3106
f 5559 3106 3109
f 5558 3106 5559
f 5557 3115 3105
f 5557 3105 5558
f 1349 5562 3148
f 5561 3109 3144
f 5561 3144 5562
f 5562 3144 3148
f 5171 5495 5172
f 5172 5495 5489
f 5172 5489 4435
f 5495 5171 3170
f 5495 3170 5498
f 5498 3170 3166
f 5498 3166 5500
f 5500 3166 3165
f 5500 3165 5502
f 5502 3165 3168
f 5502 3168 5503
f 5503 3168 4774
f 4776 5506 4772
f 4772 5506 5503
f 4772 5503 4774
f 5554 4775 5553
f 5506 4776 5554
f 5554 4776 4775
f 5553 3156 5555
f 5553 4775 3156
f 3193 5552 3153
f 3153 5552 5555
f 5552 3193 3185
f 3184 5488 3185
f 3185 5488 5551
f 3185 5551 5552
f 5555 3158 3153
f 3156 3158 5555
f 4435 5489 5488
f 4435 5488 3184
f 5563 5564 5565
f 5565 5564 5566
f 5565 5566 5567
f 5567 5566 5568
f 5567 5568 5569
f 5569 5568 5570
f 5569 5570 5571
f 5571 5570 5572
f 5571 5572 5573
f 5564 5563 5574
f 5574 5563 5575
f 5574 5575 5576
f 5576 5575 5577
f 5576 5577 5578
f 5578 5577 5579
f 5578 5579 5580
f 5580 5579 5581
f 5580 5581 5582
f 5582 5581 5583
f 5582 5583 5584
f 5585 5584 5583
f 5585 5586 5584
f 5586 5585 5587
f 5588 5589 5586
f 5588 5586 5587
f 5590 5589 5588
f 5590 5588 5591
f 5591 5592 5590
f 5593 5592 5591
f 5591 5594 5593
f 5595 5593 5594
f 5593 5595 5596
f 5596 5595 5573
f 5596 5573 5572
f 5597 5598 5599
f 5600 5601 5602
f 5601 5600 5603
f 5601 5603 5604
f 5605 5604 5603
f 5604 5605 5606
f 5606 5605 5607
f 5606 5607 5608
f 5608 5607 5609
f 5608 5609 5610
f 5610 5609 5597
f 5610 5597 5599
f 5598 5611 5612
f 5598 5612 5599
f 5611 5598 5613
f 5611 5613 5614
f 5614 5613 5615
f 5616 5617 5615
f 5615 5617 5614
f 5617 5616 5618
f 5618 5616 5619
f 5618 5619 5620
f 5620 5619 5621
f 5620 5621 5622
f 5622 5621 5623
f 5624 5625 5623
f 5623 5625 5622
f 5625 5624 5626
f 5600 5602 5627
f 5627 5602 5628
f 5627 5628 5629
f 5629 5628 5630
f 5629 5630 5631
f 5629 5631 5632
f 5626 5632 5631
f 5632 5626 5624
f 5577 5575 1411
f 5579 5577 1411
f 1421 1419 1423
f 1421 1423 5633
f 5633 1423 5563
f 1423 1411 5575
f 5575 5563 1423
f 5563 5565 1585
f 5633 1585 1586
f 1583 1421 5633
f 5633 5563 1585
f 1585 5565 3536
f 5633 1586 1583
f 5634 1312 1315
f 1603 5634 5635
f 1603 5635 1601
f 3481 5634 1603
f 1390 1601 5635
f 5634 1315 5636
f 3481 1312 5634
f 5635 5634 5636
f 4802 1390 5635
f 4802 5635 5636
f 5636 1315 1317
f 5636 4798 4802
f 4798 5636 1317
f 4798 1317 4803
f 4803 1317 1453
f 1453 1317 1302
f 5637 2105 3889
f 1865 1836 2105
f 1865 2105 5637
f 5564 1865 5637
f 5564 5637 5566
f 1863 1865 5574
f 1876 5576 5578
f 1876 1864 5576
f 5564 5574 1865
f 5576 1864 1863
f 5576 1863 5574
f 5603 2767 2770
f 5603 2770 5605
f 5638 2765 5600
f 2766 2765 5638
f 5605 2770 5607
f 5603 5600 2765
f 5603 2765 2767
f 2522 2766 5638
f 2522 5638 2518
f 5638 5627 2517
f 5638 2517 2518
f 5638 5600 5627
f 3048 3047 4796
f 4796 4792 5639
f 4796 5639 3048
f 1316 5639 4792
f 1316 4792 1318
f 1318 4792 3211
f 1318 3211 1303
f 5640 1314 1313
f 1316 1314 5639
f 5639 1314 5640
f 3044 3041 3048
f 5640 1313 3044
f 5639 5640 3044
f 5639 3044 3048
f 5628 5602 5641
f 3091 3092 5641
f 5642 5602 3234
f 3234 5602 5601
f 5642 3090 5641
f 5602 5642 5641
f 5641 3092 5628
f 3090 3085 3091
f 3090 3091 5641
f 3234 3233 5642
f 3234 5601 5604
f 3090 5642 3233
f 3235 3234 5604
f 3242 3235 5604
f 3242 5604 5606
f 1320 1322 5643
f 5643 1322 5644
f 1306 5645 1304
f 1324 5644 1322
f 1304 5645 1309
f 5646 5644 1324
f 5645 5647 1309
f 1309 5647 1333
f 5648 5644 5646
f 1326 5646 1324
f 5649 1332 1333
f 5650 5648 5646
f 5650 5646 1326
f 1333 5647 5649
f 5651 5648 5650
f 1329 5650 1326
f 5647 5651 5649
f 5649 5651 1328
f 5649 1328 1332
f 1328 5651 5650
f 1328 5650 1329
f 5571 5652 5569
f 5653 5652 5573
f 5573 5652 5571
f 5585 5654 5587
f 5654 5655 5587
f 5583 5654 5585
f 5653 5573 5595
f 5653 5595 5656
f 5657 5656 5658
f 5659 5658 5660
f 5588 5655 5660
f 5591 5588 5660
f 5595 5594 5656
f 5658 5656 5594
f 5653 5656 5657
f 5657 5658 5659
f 5659 5660 5655
f 5658 5594 5591
f 5658 5591 5660
f 5587 5655 5588
f 5661 5582 5584
f 5586 5661 5584
f 5662 5661 5586
f 5589 5662 5586
f 5663 5662 5589
f 5664 5663 5589
f 5665 5662 5664
f 5664 5662 5663
f 5664 5589 5590
f 5664 5590 5666
f 5666 5665 5664
f 5592 5666 5590
f 5593 5596 5667
f 5668 5572 5570
f 5572 5668 5596
f 5668 2096 5596
f 2096 5665 5667
f 5596 2096 5667
f 5667 5665 5592
f 5667 5592 5593
f 5666 5592 5665
f 5613 5669 5615
f 5615 5669 5616
f 5616 5670 5619
f 5619 5670 5621
f 5621 5670 5623
f 5598 5597 5671
f 5597 5609 5672
f 5597 5672 5671
f 5598 5671 5673
f 5598 5673 5613
f 5613 5673 5669
f 5669 5673 5674
f 5669 5674 5616
f 5616 5674 5670
f 5670 5674 5623
f 5623 5674 5675
f 5623 5675 5624
f 5624 5675 5632
f 5610 5599 5676
f 5676 5599 5677
f 5677 5599 5612
f 5631 5678 5626
f 5626 5678 5625
f 5625 5678 5622
f 5679 5677 5680
f 5680 5677 5612
f 5680 5612 5611
f 5622 5678 5618
f 5622 5618 5620
f 5611 5614 5680
f 5681 5679 5614
f 5614 5679 5680
f 5678 5681 5618
f 5618 5681 5682
f 5682 5681 5614
f 5682 5614 5617
f 5682 5617 5618
f 1307 1305 5683
f 1327 1330 5684
f 1327 5684 5685
f 1327 5685 1331
f 1331 5685 1334
f 1323 1321 5686
f 1321 1319 5686
f 1323 5686 5687
f 1323 5687 1325
f 1325 5687 1330
f 1330 5687 5688
f 1330 5688 5684
f 5684 5688 5685
f 5685 5688 5689
f 5685 5689 1334
f 1334 5689 5690
f 1334 5690 1335
f 1335 5690 1308
f 1308 5690 5683
f 1308 5683 1305
f 3537 5567 5569
f 3537 5569 3540
f 5567 3537 5565
f 5565 3537 3536
f 5581 4853 5583
f 5652 1592 3540
f 5653 5657 1591
f 1591 5657 1575
f 1575 5657 5659
f 1592 5652 5653
f 1592 5653 1591
f 3540 5569 5652
f 4854 5583 4853
f 1575 5659 1579
f 1579 5659 5655
f 1580 5655 3282
f 4854 5654 5583
f 5579 1411 1408
f 5579 1408 4853
f 5579 4853 5581
f 3282 5655 5654
f 5654 4854 3282
f 5655 1580 1579
f 1310 1312 3481
f 1310 3481 3477
f 1310 3477 1306
f 4857 1301 1320
f 1597 5647 1596
f 3476 1306 3477
f 1605 5648 1607
f 3281 4856 5643
f 5643 4856 1320
f 1320 4856 4857
f 3281 5644 1605
f 1605 5644 5648
f 3281 5643 5644
f 3476 1596 5647
f 3476 5647 5645
f 1597 5651 5647
f 3476 5645 1306
f 1301 4857 1302
f 1302 4857 1453
f 1607 5648 5651
f 1607 5651 1597
f 5637 5568 5566
f 5570 5568 3891
f 4993 5580 5582
f 5570 3891 3888
f 3891 5568 3889
f 3889 5568 5637
f 2096 5668 3888
f 5582 4995 4993
f 5580 4993 4994
f 2107 5662 5665
f 2107 5665 2097
f 2109 5661 5662
f 2109 5662 2107
f 4995 5582 5661
f 4994 5578 5580
f 4995 5661 2109
f 2095 5665 2096
f 3888 5668 5570
f 5665 2095 2097
f 1876 5578 4994
f 2517 5629 5632
f 5627 5629 2517
f 5675 2526 2528
f 5674 2505 2526
f 5632 2528 4560
f 2526 5675 5674
f 2528 5632 5675
f 3275 5673 5671
f 5672 5609 5023
f 2770 2768 5607
f 5607 2768 5025
f 3275 5671 5023
f 5023 5671 5672
f 5026 5023 5609
f 5025 5026 5609
f 5025 5609 5607
f 5632 4560 2517
f 5673 3275 2507
f 5673 2507 2504
f 5673 2504 5674
f 5674 2504 2505
f 4769 1311 1307
f 1311 3044 1313
f 4769 4773 1311
f 1311 4773 3044
f 3044 4773 3045
f 5688 3034 3060
f 5683 5690 4767
f 4767 5690 3062
f 3062 5690 5689
f 3062 5689 3060
f 3060 5689 5688
f 4769 1307 5683
f 4769 5683 4767
f 5686 1319 5115
f 3032 5688 5687
f 5687 5686 3033
f 3210 1303 3211
f 3210 5114 1303
f 1303 5114 1319
f 5686 5115 3033
f 5687 3033 3032
f 5114 5115 1319
f 5688 3032 3034
f 3092 4781 5628
f 5628 4781 5630
f 5630 4781 5631
f 5631 4781 4785
f 5117 5608 5610
f 5678 3070 3072
f 3098 5679 3073
f 5677 3097 5116
f 3097 5677 3098
f 3098 5677 5679
f 5119 5610 5116
f 5610 5676 5116
f 5116 5676 5677
f 3072 5681 5678
f 5678 5631 3070
f 3070 5631 4785
f 3246 3242 5606
f 3246 5606 5117
f 5117 5606 5608
f 5119 5117 5610
f 5681 3072 3073
f 3073 5679 5681
f 5691 5692 5693
f 5691 5693 5694
f 5695 5696 5694
f 5695 5694 5693
f 5697 5698 5691
f 5691 5698 5699
f 5691 5699 5692
f 5700 5701 5702
f 5703 5704 5705
f 5706 5707 5708
f 5709 5710 5703
f 5703 5710 5704
f 5711 5702 5712
f 5712 5702 5713
f 5702 5711 5700
f 5700 5711 5714
f 5715 5706 5708
f 5716 5717 5718
f 5719 5720 5714
f 5714 5720 5700
f 5721 5722 5716
f 5703 5705 5712
f 5703 5712 5713
f 5707 5723 5708
f 5724 5708 5723
f 5725 5726 5727
f 5715 5698 5706
f 5698 5728 5699
f 5721 5716 5718
f 5725 5729 5703
f 5719 5730 5731
f 5713 5732 5703
f 5703 5732 5725
f 5725 5732 5726
f 5719 5731 5733
f 5734 5735 5736
f 5699 5722 5721
f 5718 5717 5737
f 5738 5739 5737
f 5727 5740 5741
f 5719 5733 5720
f 5715 5728 5698
f 5728 5722 5699
f 5738 5737 5742
f 5738 5742 5743
f 5743 5742 5724
f 5743 5724 5744
f 5708 5724 5742
f 5727 5726 5740
f 5707 5745 5723
f 5710 5730 5719
f 5736 5735 5746
f 5745 5707 5747
f 5747 5707 5748
f 5709 5730 5710
f 5737 5739 5749
f 5747 5748 5746
f 5747 5746 5750
f 5750 5746 5735
f 5751 5718 5749
f 5749 5718 5737
f 5718 5751 5709
f 5709 5751 5730
f 5752 5753 5754
f 5752 5754 5755
f 5755 5754 5756
f 5755 5756 5757
f 5758 5759 5760
f 5756 5759 5761
f 5761 5757 5756
f 5756 5754 5759
f 5759 5762 5760
f 5763 5758 5760
f 5764 5762 5754
f 5762 5759 5754
f 5765 5766 5767
f 5768 5769 5770
f 5771 5769 5768
f 5769 5757 5772
f 5772 5757 5761
f 5771 5757 5769
f 5772 5759 5758
f 5769 5772 5770
f 5772 5758 5773
f 5752 5755 5767
f 5757 5774 5755
f 5767 5755 5774
f 5766 5752 5767
f 5767 5774 5771
f 5767 5771 5768
f 5765 5767 5768
f 5761 5759 5772
f 5770 5772 5773
f 5757 5771 5774
f 5775 5776 5777
f 5777 5766 5765
f 5775 5777 5778
f 5765 5778 5777
f 5778 5779 5775
f 5780 5778 5765
f 5780 5765 5768
f 5778 5780 5779
f 5781 5779 5782
f 5782 5779 5780
f 5780 5768 5770
f 5783 5782 5780
f 5783 5780 5770
f 5783 5770 5773
f 5784 5785 5786
f 5786 5787 5784
f 5788 5789 5781
f 5790 5791 5792
f 5790 5792 5793
f 5790 5793 5794
f 5795 5796 5797
f 5789 5788 5796
f 5789 5796 5795
f 5798 5799 5800
f 5800 5799 5801
f 5748 5801 5746
f 5802 5803 5804
f 5804 5803 5798
f 5798 5803 5799
f 5805 5802 5804
f 5698 5697 5706
f 5706 5697 5806
f 5706 5806 5707
f 5707 5806 5800
f 5707 5800 5748
f 5748 5800 5801
f 5807 5808 5809
f 5810 5811 5812
f 5813 5814 5815
f 5814 5816 5815
f 5813 5812 5814
f 5812 5808 5810
f 5817 5813 5818
f 5818 5813 5815
f 5814 5811 5816
f 5813 5817 5819
f 5819 5809 5808
f 5819 5808 5813
f 5813 5808 5812
f 5814 5812 5811
f 5820 5821 5822
f 5823 5824 5825
f 5825 5824 5821
f 5820 5822 5826
f 5823 5827 5824
f 5828 5829 5830
f 5829 5831 5832
f 5827 5823 5833
f 5824 5834 5835
f 5834 5815 5836
f 5837 5838 5816
f 5815 5816 5838
f 5815 5838 5836
f 5815 5834 5818
f 5834 5839 5818
f 5835 5834 5836
f 5811 5810 5816
f 5834 5827 5839
f 5824 5827 5834
f 5840 5841 5842
f 5837 5840 5838
f 5837 5843 5840
f 5840 5843 5841
f 5844 5826 5845
f 5846 5835 5847
f 5826 5846 5845
f 5847 5835 5836
f 5847 5836 5842
f 5848 5847 5842
f 5844 5849 5850
f 5845 5849 5844
f 5840 5842 5838
f 5838 5842 5836
f 5850 5851 5844
f 5824 5835 5821
f 5821 5835 5846
f 5821 5846 5822
f 5822 5846 5826
f 5826 5844 5820
f 5820 5844 5851
f 5816 5810 5843
f 5816 5843 5837
f 5829 5832 5818
f 5829 5818 5830
f 5830 5818 5839
f 5847 5845 5846
f 5839 5827 5830
f 5830 5827 5852
f 5853 5841 5854
f 5854 5855 5853
f 5855 5856 5853
f 5856 5855 5857
f 5856 5848 5853
f 5847 5848 5856
f 5847 5856 5845
f 5842 5841 5853
f 5853 5848 5842
f 5854 5858 5855
f 5721 5859 5699
f 5692 5699 5859
f 5860 5692 5861
f 5861 5692 5859
f 5693 5692 5860
f 5693 5860 5862
f 5862 5860 5861
f 5863 5864 5865
f 5865 5866 5867
f 5868 5792 5867
f 5868 5867 5866
f 5866 5865 5869
f 5869 5865 5864
f 5864 5863 5870
f 5871 5872 5873
f 5874 5875 5871
f 5871 5875 5872
f 5876 5877 5878
f 5805 5879 5802
f 5802 5879 5803
f 5880 5881 5882
f 5880 5882 5883
f 5883 5882 5803
f 5736 5746 5881
f 5881 5746 5882
f 5882 5746 5801
f 5882 5801 5799
f 5882 5799 5803
f 5883 5803 5879
f 5884 5885 5886
f 5886 5885 5887
f 5886 5887 5888
f 5888 5887 5889
f 5888 5889 5890
f 5890 5889 5891
f 5890 5891 5892
f 5893 5894 5873
f 5873 5894 5895
f 5873 5895 5871
f 5874 5896 5897
f 5898 5897 5899
f 5898 5899 5900
f 5898 5900 5884
f 5884 5900 5885
f 5888 5880 5886
f 5886 5880 5883
f 5886 5883 5884
f 5884 5883 5879
f 5884 5879 5898
f 5898 5879 5876
f 5898 5876 5878
f 5898 5878 5897
f 5897 5878 5901
f 5897 5901 5874
f 5874 5901 5875
f 5888 5890 5902
f 5888 5902 5881
f 5888 5881 5880
f 5876 5879 5805
f 5876 5805 5877
f 5903 5904 5905
f 5905 5904 5906
f 5906 5904 5907
f 5870 5908 5864
f 5864 5908 5909
f 5864 5909 5869
f 5869 5909 5910
f 5869 5910 5866
f 5910 5868 5866
f 5911 5912 5868
f 5911 5868 5910
f 5908 5913 5909
f 5912 5911 5914
f 5912 5914 5915
f 5915 5914 5916
f 5916 5914 5917
f 5916 5917 5918
f 5897 5896 5899
f 5899 5919 5900
f 5874 5920 5896
f 5896 5920 5899
f 5899 5920 5917
f 5899 5917 5919
f 5904 5871 5895
f 5907 5904 5921
f 5922 5923 5921
f 5894 5922 5921
f 5894 5921 5895
f 5895 5921 5904
f 5900 5919 5885
f 5919 5917 5914
f 5919 5914 5885
f 5885 5914 5924
f 5913 5892 5925
f 5925 5892 5891
f 5925 5891 5926
f 5926 5891 5889
f 5926 5889 5924
f 5924 5889 5887
f 5924 5887 5885
f 5909 5913 5925
f 5909 5925 5926
f 5909 5926 5910
f 5910 5926 5924
f 5910 5924 5911
f 5911 5924 5914
f 5918 5917 5920
f 5918 5920 5903
f 5903 5920 5904
f 5904 5920 5874
f 5904 5874 5871
f 5863 5865 5927
f 5928 5929 5930
f 5928 5930 5931
f 5931 5930 5932
f 5927 5933 5934
f 5927 5934 5932
f 5932 5934 5931
f 5935 5933 5927
f 5936 5865 5937
f 5937 5865 5867
f 5865 5936 5935
f 5937 5867 5938
f 5938 5867 5792
f 5938 5792 5791
f 5927 5865 5935
f 5870 5863 5939
f 5939 5940 5870
f 5863 5927 5939
f 5941 5942 5729
f 5729 5942 5943
f 5729 5944 5945
f 5932 5930 5943
f 5943 5930 5946
f 5947 5944 5943
f 5943 5944 5729
f 5943 5940 5939
f 5729 5948 5949
f 5943 5807 5950
f 5950 5947 5943
f 5943 5810 5808
f 5729 5945 5948
f 5729 5949 5703
f 5943 5946 5951
f 5939 5927 5943
f 5943 5927 5932
f 5943 5854 5841
f 5843 5810 5943
f 5858 5854 5943
f 5943 5841 5843
f 5951 5858 5943
f 5808 5807 5943
f 5861 5763 5952
f 5861 5952 5862
f 5758 5763 5861
f 5758 5861 5859
f 5782 5783 5953
f 5954 5955 5956
f 5957 5945 5958
f 5958 5945 5959
f 5945 5944 5959
f 5959 5944 5960
f 5945 5957 5948
f 5948 5957 5955
f 5948 5955 5961
f 5948 5961 5949
f 5718 5709 5962
f 5721 5718 5962
f 5859 5773 5758
f 5963 5962 5709
f 5963 5709 5703
f 5703 5949 5963
f 5963 5949 5961
f 5964 5953 5783
f 5782 5965 5781
f 5781 5965 5788
f 5953 5965 5782
f 5796 5788 5966
f 5966 5788 5967
f 5966 5967 5968
f 5968 5967 5956
f 5962 5964 5773
f 5962 5773 5859
f 5859 5721 5962
f 5962 5963 5964
f 5964 5963 5961
f 5964 5961 5954
f 5954 5961 5955
f 5953 5956 5965
f 5965 5956 5967
f 5965 5967 5788
f 5956 5953 5954
f 5954 5953 5964
f 5773 5964 5783
f 5940 5969 5970
f 5971 5969 5940
f 5970 5870 5940
f 5972 5973 5974
f 5975 5976 5974
f 5975 5974 5977
f 5977 5974 5973
f 5978 5979 5908
f 5975 5979 5976
f 5908 5975 5980
f 5979 5975 5908
f 5978 5908 5870
f 5970 5978 5870
f 5981 5982 5983
f 5908 5980 5913
f 5913 5980 5984
f 5890 5985 5986
f 5890 5986 5902
f 5902 5986 5987
f 5987 5988 5902
f 5940 5989 5973
f 5943 5981 5940
f 5972 5971 5973
f 5973 5971 5940
f 5985 5890 5892
f 5985 5892 5984
f 5984 5892 5913
f 5981 5983 5990
f 5981 5990 5989
f 5981 5989 5940
f 5946 5991 5951
f 5946 5992 5991
f 5930 5929 5946
f 5992 5946 5929
f 5993 5994 5995
f 5993 5995 5996
f 5997 5994 5993
f 5998 5999 6000
f 6001 5998 6000
f 6001 6000 5850
f 5857 6001 5856
f 5857 5996 5995
f 5994 5999 5998
f 5994 5998 5995
f 5995 5998 5857
f 6001 5850 5849
f 6001 5849 5845
f 6001 5845 5856
f 5998 6001 5857
f 6002 6003 6004
f 6003 6005 6006
f 6007 6002 5951
f 5951 5991 6007
f 6002 5855 5858
f 6002 5858 5951
f 6005 6003 6007
f 6007 6003 6002
f 6006 5794 5793
f 6006 5793 6003
f 6002 5857 5855
f 6004 5996 6002
f 6002 5996 5857
f 6008 5947 6009
f 6009 5947 5950
f 6008 5960 5944
f 5947 6008 5944
f 6010 6011 6009
f 6010 6009 5950
f 6012 6011 6013
f 5809 6010 5807
f 6013 6011 6010
f 6010 5809 6013
f 5809 5784 6013
f 5784 5787 6013
f 5795 5797 6014
f 6010 5950 5807
f 6013 5787 6012
f 6012 5787 6014
f 5819 5784 5809
f 6012 6014 6015
f 6015 6014 5797
f 6016 5785 6017
f 5785 5784 6017
f 6017 5784 6018
f 6017 6018 6019
f 6020 5818 5832
f 5817 5818 6020
f 5831 6021 5832
f 5832 6021 6018
f 5819 5817 5784
f 5784 5817 6018
f 6018 5817 6020
f 6018 6020 5832
f 5831 6022 6021
f 6021 6019 6018
f 5696 6023 6024
f 5696 6024 6025
f 6023 5862 5952
f 6023 5696 5862
f 5862 5696 5695
f 6026 6027 6028
f 6026 6028 6029
f 6028 5696 6029
f 6029 5696 6025
f 6030 6031 6032
f 6033 6030 6016
f 6016 6030 6032
f 6025 6034 6035
f 6029 6035 6026
f 6030 6034 6031
f 6031 6034 6025
f 6025 6035 6029
f 5695 5693 5862
f 6036 5716 6037
f 6037 5716 5722
f 6037 5722 6038
f 6038 5722 5728
f 6038 5728 6039
f 6039 5728 5715
f 6039 5715 6040
f 6040 5715 5708
f 6040 5708 5742
f 6040 5742 6041
f 6041 5742 6042
f 6042 5742 5737
f 6042 5737 6043
f 6043 5737 5717
f 6043 5717 5716
f 6043 5716 6036
f 6044 5710 6045
f 6045 5710 5719
f 6045 5719 6046
f 6046 5719 5714
f 6046 5714 5711
f 6046 5711 6047
f 6047 5711 6048
f 6048 5711 5712
f 6048 5712 6049
f 6049 5712 5705
f 6049 5705 6050
f 6050 5705 5704
f 6050 5704 6051
f 6051 5704 6044
f 6044 5704 5710
f 6052 5974 5976
f 6052 5976 5979
f 6052 5979 6053
f 6053 5979 5978
f 6053 5978 6054
f 6054 5978 5970
f 6054 5970 6055
f 6055 5970 5969
f 6055 5969 6056
f 6056 5969 5971
f 6056 5971 6057
f 6057 5971 5972
f 6057 5972 6058
f 6058 5972 5974
f 6058 5974 6052
f 6057 6059 6060
f 6057 6060 6056
f 6056 6060 6061
f 6056 6061 6055
f 6055 6061 6062
f 6055 6062 6054
f 6054 6062 6063
f 6054 6063 6064
f 6054 6064 6053
f 6053 6064 6065
f 6053 6065 6066
f 6053 6066 6052
f 6052 6066 6067
f 6052 6067 6058
f 6058 6067 6068
f 6058 6068 6059
f 6058 6059 6057
f 6069 6066 6065
f 6069 6065 6070
f 6064 6070 6065
f 6064 6071 6070
f 6063 6072 6064
f 6064 6072 6071
f 6063 6073 6072
f 6062 6074 6073
f 6062 6073 6063
f 6075 6074 6062
f 6075 6062 6076
f 6076 6062 6061
f 6076 6061 6077
f 6061 6078 6077
f 6060 6078 6061
f 6060 6079 6078
f 6060 6080 6079
f 6080 6060 6059
f 6059 6081 6080
f 6081 6059 6007
f 6007 6059 6068
f 6082 6007 6068
f 6067 6005 6068
f 6068 6005 6082
f 6067 6006 6005
f 6083 6067 6066
f 6067 6083 6006
f 6066 6084 6083
f 6066 6069 6084
f 6051 6085 6050
f 6050 6085 6086
f 6050 6086 6049
f 6049 6086 6087
f 6049 6087 6048
f 6048 6087 6088
f 6048 6088 6047
f 6047 6088 6089
f 6047 6089 6046
f 6046 6089 6090
f 6046 6090 6045
f 6045 6090 6091
f 6045 6091 6092
f 6045 6092 6093
f 6045 6093 6044
f 6044 6093 6094
f 6044 6094 6051
f 6051 6094 6085
f 6095 6088 6096
f 6087 6097 6088
f 6097 6096 6088
f 6087 6098 6097
f 6086 6099 6087
f 6099 6100 6087
f 6087 6100 6098
f 6086 6101 6099
f 6085 6102 6086
f 6086 6102 6101
f 6085 6103 6102
f 6085 6104 6103
f 6094 6105 6104
f 6094 6104 6085
f 6105 6094 6106
f 6106 6094 6093
f 6106 6093 6107
f 6107 6093 6108
f 6109 6108 6093
f 6109 6093 6092
f 6109 6092 6110
f 6110 6092 6091
f 6110 6091 6111
f 6091 6112 6111
f 6090 6112 6091
f 6090 6015 6112
f 6090 6012 6015
f 6012 6090 6089
f 6089 6011 6012
f 6113 6011 6089
f 6088 6095 6089
f 6095 6113 6089
f 6039 6114 6038
f 6038 6114 6115
f 6038 6115 6116
f 6038 6116 6037
f 6037 6116 6117
f 6037 6117 6036
f 6036 6117 6118
f 6036 6118 6043
f 6043 6118 6119
f 6043 6119 6120
f 6043 6120 6042
f 6042 6120 6121
f 6042 6121 6041
f 6041 6121 6122
f 6041 6122 6040
f 6040 6122 6123
f 6040 6123 6124
f 6040 6124 6039
f 6039 6124 6114
f 6119 5777 6120
f 6120 5777 5776
f 6119 5766 5777
f 5752 5766 6118
f 6118 5766 6119
f 5753 5752 6118
f 6125 5753 6118
f 6125 6118 6117
f 6126 6127 6117
f 6117 6127 6125
f 6116 6126 6117
f 6126 6116 6128
f 6115 6128 6116
f 6115 6129 6128
f 6114 6129 6115
f 6114 6130 6129
f 6130 6114 6131
f 6131 6114 6132
f 6132 6114 6124
f 6124 6133 6132
f 6134 6133 6123
f 6123 6133 6124
f 6122 6134 6123
f 6122 6135 6134
f 6121 6136 6122
f 6122 6136 6135
f 6120 6137 6121
f 6121 6137 6136
f 5776 6137 6120
f 6082 6005 6007
f 6007 5991 6081
f 6083 5794 6006
f 6083 6084 5790
f 5794 6083 5790
f 6084 6069 5790
f 6069 5791 5790
f 6080 6081 5991
f 5929 6079 6080
f 6080 5991 5992
f 5992 5929 6080
f 6138 6073 6074
f 6139 6071 6072
f 6140 6072 6073
f 6140 6073 6138
f 6141 6074 6075
f 6142 6076 6077
f 6143 6070 6071
f 6143 6071 6139
f 6138 6074 6141
f 6141 6075 6144
f 6144 6075 6145
f 6145 6075 6076
f 6139 6072 6140
f 6145 6076 6142
f 6142 6077 6078
f 6142 6078 6146
f 6146 6078 6147
f 6147 6078 6079
f 6069 6070 6143
f 6148 6143 6139
f 6140 6138 6141
f 6139 6140 6149
f 6149 6140 6141
f 6150 6141 6144
f 6143 6148 6151
f 6149 6141 6150
f 6144 6145 6152
f 6145 6142 6153
f 6148 6139 6149
f 6152 6145 6153
f 6153 6142 6146
f 5791 6069 6143
f 5791 6143 5938
f 5938 6143 6151
f 6149 6150 6154
f 6150 6144 6155
f 6155 6144 6152
f 5937 6151 6148
f 6148 6149 5936
f 5936 6149 6154
f 6154 6150 6155
f 6147 6079 5929
f 5938 6151 5937
f 5937 6148 5936
f 5933 6155 6152
f 6153 6146 5928
f 5928 6146 6147
f 5928 6147 5929
f 6154 6155 5933
f 5933 6152 5934
f 5934 6152 6153
f 5934 6153 5931
f 5935 5936 6154
f 5935 6154 5933
f 6153 5928 5931
f 6132 6133 5785
f 6132 5785 6016
f 6133 6134 5786
f 6156 6136 6157
f 5785 6133 5786
f 6014 6158 6156
f 6137 5776 5775
f 6157 6137 5775
f 6137 6157 6136
f 6135 6136 6158
f 6135 6158 6134
f 5786 6134 6158
f 6158 6136 6156
f 6157 5775 5779
f 6157 5779 5781
f 5786 6158 5787
f 5787 6158 6014
f 6014 6156 5795
f 6156 6157 5789
f 5789 6157 5781
f 5789 5795 6156
f 6159 6160 6023
f 5952 6159 6023
f 6160 6126 6161
f 6161 6126 6128
f 6131 6132 6016
f 6160 6161 6023
f 6023 6161 6024
f 6024 6161 6025
f 6025 6161 6128
f 6025 6128 6129
f 6025 6129 6032
f 6032 6129 6130
f 6032 6130 6131
f 6032 6131 6016
f 6031 6025 6032
f 5754 5753 6125
f 5754 6125 5764
f 6162 5762 5764
f 6125 6163 5764
f 5764 6163 6162
f 5763 5760 6159
f 6125 6127 6163
f 6127 6160 6163
f 5952 5763 6159
f 6127 6126 6160
f 6163 6160 6159
f 6163 6159 6162
f 5762 6162 5760
f 6162 6159 5760
f 5797 5796 6112
f 6112 5796 6111
f 5796 6110 6111
f 6015 5797 6112
f 6095 6009 6113
f 6113 6009 6011
f 6103 6104 6164
f 6164 6104 6105
f 6165 6105 6106
f 6102 6103 6166
f 6166 6103 6164
f 6164 6105 6165
f 6167 6102 6166
f 6168 6109 6110
f 6099 6101 6169
f 6169 6101 6102
f 6169 6102 6167
f 6165 6106 6170
f 6170 6106 6107
f 6171 6166 6164
f 6171 6164 6165
f 6100 6099 5959
f 5959 6099 6169
f 6167 6166 6172
f 6172 6166 6171
f 6171 6165 6173
f 6173 6165 6170
f 6170 6107 6174
f 6174 6107 6108
f 6174 6108 6168
f 6168 6108 6109
f 6175 6167 6172
f 6168 6110 5796
f 6098 6100 5960
f 5960 6100 5959
f 6169 6167 6175
f 6176 6170 6174
f 6172 6171 6173
f 5968 6174 6168
f 6177 6173 6170
f 6177 6170 6176
f 5957 6175 6172
f 6178 6172 6173
f 6178 6173 6177
f 6176 6174 5968
f 5966 6168 5796
f 5958 5959 6169
f 5958 6169 6175
f 5958 6175 5957
f 5957 6172 6178
f 5968 6168 5966
f 5956 6176 5968
f 5957 6178 5955
f 5955 6178 6177
f 5955 6177 6176
f 5955 6176 5956
f 6009 6095 6096
f 6009 6096 6097
f 6009 6097 6008
f 6097 6098 5960
f 6097 5960 6008
f 6179 6180 5988
f 5988 6180 5902
f 5981 6179 5982
f 5982 6179 5988
f 5982 5988 6181
f 6181 5988 6182
f 5902 6180 6183
f 5902 6183 5881
f 6183 5736 5881
f 5734 5736 6183
f 6184 5727 5741
f 6185 6186 5741
f 5741 6186 5734
f 5741 5734 6184
f 6184 5734 6183
f 6187 6183 6180
f 6180 5942 5941
f 6180 6188 5942
f 5941 6187 6180
f 5726 5732 6189
f 6189 5732 6190
f 6191 5702 6192
f 6192 5702 5701
f 5724 6192 5744
f 5744 6192 5701
f 5744 5701 6193
f 6193 5701 6194
f 6195 5745 5747
f 6195 5747 6196
f 6196 5747 6197
f 6197 5747 5750
f 6197 5750 5735
f 6197 5735 6198
f 6191 6192 6195
f 6186 6185 6189
f 6195 6196 6191
f 6191 6196 6197
f 6197 6190 6199
f 6197 6199 6191
f 6195 6192 6200
f 6190 6197 6189
f 6189 6197 6198
f 6189 6198 6186
f 5989 5990 6201
f 6201 5990 6202
f 6203 5986 5985
f 6203 5985 6204
f 6204 5985 5984
f 6204 5984 6205
f 6205 5984 5980
f 6205 5980 6206
f 5975 5977 6207
f 6207 5977 6208
f 6207 6208 6202
f 6202 6204 6205
f 6202 6205 6206
f 6202 6208 6201
f 6203 6182 6209
f 6202 6206 6207
f 6202 6181 6204
f 6204 6181 6182
f 6204 6182 6203
f 5730 5751 6210
f 6210 5751 6211
f 6212 6213 5733
f 5733 6213 5720
f 5739 5738 6214
f 6214 5738 6215
f 6214 6212 6216
f 6213 6215 6217
f 6215 6213 6214
f 6214 6213 6212
f 6217 6218 6213
f 6219 6214 6216
f 6190 5732 5713
f 6190 5713 6199
f 6199 5713 6191
f 6191 5713 5702
f 6192 5724 6200
f 6200 5724 5723
f 6200 5723 6195
f 6195 5723 5745
f 6198 5735 6186
f 6186 5735 5734
f 5726 6189 5740
f 5740 6189 6185
f 5740 6185 5741
f 6202 5990 5983
f 6202 5983 6181
f 6181 5983 5982
f 6182 5988 5987
f 6182 5987 6209
f 6209 5987 6203
f 6203 5987 5986
f 5989 6201 5973
f 5973 6201 6208
f 5973 6208 5977
f 6206 5980 6207
f 6207 5980 5975
f 6194 6218 6193
f 6193 6218 6217
f 6211 6219 6210
f 6210 6219 6216
f 6188 6180 6179
f 6184 6183 6187
f 6193 6217 5744
f 5744 6217 5743
f 5743 6217 6215
f 5743 6215 5738
f 6211 5751 5749
f 6211 5749 6219
f 6219 5749 5739
f 6219 5739 6214
f 6194 5701 5700
f 6194 5700 6218
f 6218 5700 6213
f 6213 5700 5720
f 6210 6216 5730
f 5730 6216 5731
f 5731 6216 6212
f 5731 6212 5733
f 6179 5981 6188
f 6188 5981 5942
f 5942 5981 5943
f 6184 6187 5725
f 5727 6184 5725
f 5725 6187 5941
f 5725 5941 5729
f 6220 6221 6222
f 6222 6221 6223
f 6222 6223 6224
f 6224 6223 6225
f 6224 6225 6226
f 6226 6225 6227
f 6226 6227 6228
f 6226 6228 6229
f 6229 6228 6230
f 6230 6228 6231
f 6230 6231 6232
f 6232 6231 6221
f 6232 6221 6220
f 6233 6234 6235
f 6233 6235 6236
f 6236 6235 6237
f 6237 6235 6238
f 6237 6238 6239
f 6239 6238 6240
f 6239 6240 6241
f 6241 6240 6242
f 6241 6242 6243
f 6243 6242 6244
f 6243 6244 6245
f 6245 6244 6246
f 6246 6244 6234
f 6246 6234 6233
f 6247 6248 6249
f 6249 6248 6250
f 6249 6250 6251
f 6251 6250 6252
f 6251 6252 6253
f 6253 6252 6254
f 6253 6254 6255
f 6253 6255 6256
f 6256 6255 6257
f 6256 6257 6258
f 6258 6257 6259
f 6258 6259 6260
f 6260 6259 6261
f 6260 6261 6247
f 6247 6261 6248
f 6222 6262 6263
f 6222 6263 6220
f 6220 6263 6264
f 6220 6264 6232
f 6232 6264 6265
f 6232 6265 6266
f 6232 6266 6230
f 6230 6266 6267
f 6230 6267 6229
f 6229 6267 6268
f 6229 6268 6226
f 6226 6268 6269
f 6226 6269 6270
f 6226 6270 6224
f 6224 6270 6271
f 6224 6271 6222
f 6222 6271 6262
f 6245 6272 6243
f 6243 6272 6273
f 6243 6273 6241
f 6241 6273 6274
f 6241 6274 6239
f 6239 6274 6275
f 6239 6275 6276
f 6239 6276 6237
f 6237 6276 6277
f 6237 6277 6236
f 6236 6277 6278
f 6236 6278 6279
f 6236 6279 6233
f 6233 6279 6246
f 6246 6279 6280
f 6246 6280 6245
f 6245 6280 6272
f 6281 6282 6221
f 6282 6283 6221
f 6284 6285 6286
f 6286 6285 6287
f 6287 6285 6288
f 6287 6288 6289
f 6286 6290 6284
f 6287 6289 6291
f 6281 6291 6292
f 6221 6283 6293
f 6221 6293 6290
f 6281 6292 6282
f 6294 6287 6281
f 6281 6287 6291
f 6295 6296 6297
f 6297 6298 6299
f 6300 6301 6302
f 6303 6301 6300
f 6297 6299 6303
f 6303 6299 6301
f 6304 6300 6244
f 6244 6300 6302
f 6244 6305 6304
f 6306 6307 6308
f 6306 6309 6310
f 6306 6311 6309
f 6309 6311 6312
f 6313 6314 6309
f 6313 6309 6312
f 6314 6313 6315
f 6314 6315 6281
f 6281 6315 6316
f 6228 6227 6281
f 6281 6227 6317
f 6317 6227 6225
f 6223 6221 6318
f 6281 6231 6228
f 6317 6225 6319
f 6225 6223 6319
f 6319 6223 6318
f 6320 6321 6221
f 6221 6321 6318
f 6290 6286 6221
f 6221 6286 6322
f 6221 6322 6320
f 6297 6323 6298
f 6244 6302 6324
f 6281 6325 6297
f 6297 6325 6323
f 6244 6324 6326
f 6281 6327 6325
f 6326 6327 6244
f 6244 6327 6281
f 6281 6316 6328
f 6306 6329 6311
f 6306 6330 6329
f 6317 6314 6281
f 6328 6330 6281
f 6281 6330 6306
f 6308 6240 6238
f 6331 6242 6308
f 6308 6242 6240
f 6281 6235 6234
f 6244 6281 6234
f 6308 6238 6281
f 6308 6281 6306
f 6238 6235 6281
f 6331 6244 6242
f 6255 6281 6297
f 6255 6297 6257
f 6332 6294 6296
f 6296 6294 6248
f 6248 6294 6250
f 6281 6255 6254
f 6296 6261 6259
f 6296 6259 6297
f 6297 6259 6257
f 6281 6254 6252
f 6252 6250 6294
f 6281 6252 6294
f 6248 6261 6296
f 6221 6231 6281
f 6331 6305 6244
f 6247 6333 6334
f 6247 6334 6260
f 6260 6334 6335
f 6260 6335 6258
f 6258 6335 6336
f 6258 6336 6256
f 6256 6336 6337
f 6256 6337 6253
f 6253 6337 6338
f 6253 6338 6339
f 6253 6339 6251
f 6251 6339 6340
f 6251 6340 6249
f 6249 6340 6341
f 6249 6341 6247
f 6247 6341 6342
f 6247 6342 6333
f 6287 6343 6286
f 6286 6343 6344
f 6286 6344 6322
f 6322 6344 6345
f 6322 6345 6320
f 6320 6345 6346
f 6320 6346 6321
f 6321 6346 6347
f 6321 6347 6318
f 6318 6347 6348
f 6318 6348 6319
f 6319 6348 6349
f 6319 6349 6317
f 6317 6349 6350
f 6317 6350 6314
f 6314 6350 6309
f 6309 6350 6351
f 6309 6351 6310
f 6310 6351 6352
f 6310 6352 6353
f 6310 6353 6306
f 6306 6353 6354
f 6306 6354 6307
f 6307 6354 6355
f 6307 6355 6308
f 6308 6355 6356
f 6308 6356 6331
f 6331 6356 6357
f 6331 6357 6305
f 6305 6357 6358
f 6305 6358 6304
f 6304 6358 6359
f 6304 6359 6300
f 6300 6359 6360
f 6300 6360 6303
f 6303 6360 6361
f 6303 6361 6297
f 6297 6361 6362
f 6297 6362 6363
f 6297 6363 6295
f 6295 6363 6364
f 6295 6364 6296
f 6296 6364 6332
f 6332 6364 6365
f 6332 6365 6294
f 6294 6365 6366
f 6294 6366 6287
f 6287 6366 6343
f 6367 6368 6369
f 6370 6371 6372
f 6373 6370 6372
f 6374 6375 6376
f 6367 6375 6373
f 6367 6373 6372
f 6377 6374 6376
f 6378 6379 6380
f 6381 6376 6369
f 6369 6376 6367
f 6381 6382 6383
f 6377 6384 6378
f 6377 6378 6380
f 6367 6376 6375
f 6284 6385 6285
f 6285 6385 6371
f 6385 6284 6290
f 6290 6379 6385
f 6293 6379 6290
f 6379 6293 6380
f 6377 6380 6283
f 6283 6380 6293
f 6282 6377 6283
f 6377 6282 6374
f 6292 6374 6282
f 6374 6292 6375
f 6373 6375 6291
f 6291 6375 6292
f 6289 6373 6291
f 6289 6370 6373
f 6288 6370 6289
f 6288 6371 6370
f 6285 6371 6288
f 6386 6387 6384
f 6384 6388 6386
f 6389 6390 6388
f 6384 6387 6391
f 6389 6388 6384
f 6381 6389 6376
f 6376 6389 6384
f 6377 6376 6384
f 6392 6384 6391
f 6263 6393 6264
f 6264 6393 6391
f 6262 6394 6263
f 6263 6394 6393
f 6271 6395 6262
f 6262 6395 6394
f 6270 6396 6271
f 6271 6396 6395
f 6269 6396 6270
f 6396 6269 6397
f 6390 6397 6268
f 6268 6397 6269
f 6390 6268 6388
f 6388 6268 6267
f 6386 6388 6267
f 6266 6386 6267
f 6387 6386 6265
f 6265 6386 6266
f 6391 6387 6265
f 6264 6391 6265
f 6398 6397 6390
f 6398 6396 6397
f 6398 6390 6389
f 6399 6400 6398
f 6401 6381 6383
f 6389 6381 6401
f 6389 6401 6398
f 6399 6398 6401
f 6396 6398 6400
f 6402 6403 6315
f 6313 6404 6402
f 6312 6404 6313
f 6312 6405 6404
f 6406 6405 6312
f 6311 6406 6312
f 6311 6407 6406
f 6329 6407 6311
f 6329 6408 6407
f 6330 6408 6329
f 6328 6409 6330
f 6330 6409 6408
f 6409 6328 6410
f 6411 6410 6316
f 6316 6410 6328
f 6403 6411 6316
f 6315 6403 6316
f 6313 6402 6315
f 6410 6411 6399
f 6411 6403 6399
f 6399 6403 6402
f 6409 6410 6401
f 6407 6408 6412
f 6408 6409 6401
f 6406 6407 6413
f 6412 6413 6407
f 6399 6401 6410
f 6401 6383 6414
f 6412 6408 6401
f 6412 6401 6414
f 6415 6416 6417
f 6414 6418 6415
f 6415 6418 6416
f 6414 6419 6420
f 6414 6420 6418
f 6421 6422 6419
f 6423 6424 6425
f 6424 6423 6426
f 6414 6421 6419
f 6383 6421 6414
f 6427 6426 6421
f 6421 6426 6422
f 6383 6427 6421
f 6274 6428 6275
f 6275 6428 6417
f 6429 6428 6273
f 6273 6428 6274
f 6425 6429 6272
f 6272 6429 6273
f 6272 6423 6425
f 6280 6423 6272
f 6280 6426 6423
f 6426 6280 6279
f 6426 6279 6422
f 6279 6419 6422
f 6419 6279 6278
f 6420 6419 6278
f 6418 6420 6277
f 6277 6420 6278
f 6276 6416 6418
f 6276 6418 6277
f 6275 6417 6416
f 6275 6416 6276
f 6382 6427 6383
f 6430 6431 6432
f 6432 6433 6430
f 6430 6434 6431
f 6433 6435 6430
f 6427 6424 6426
f 6430 6427 6382
f 6424 6427 6430
f 6435 6424 6430
f 6324 6302 6433
f 6302 6436 6433
f 6301 6437 6302
f 6302 6437 6436
f 6301 6438 6437
f 6438 6301 6299
f 6299 6439 6438
f 6439 6299 6298
f 6298 6440 6439
f 6440 6298 6323
f 6323 6441 6440
f 6441 6323 6325
f 6325 6434 6441
f 6434 6325 6327
f 6431 6434 6327
f 6432 6431 6326
f 6326 6431 6327
f 6433 6432 6326
f 6324 6433 6326
f 6440 6441 6442
f 6442 6441 6434
f 6430 6382 6442
f 6382 6443 6442
f 6444 6442 6445
f 6445 6442 6443
f 6444 6446 6442
f 6446 6440 6442
f 6442 6434 6430
f 6445 6447 6444
f 6443 6448 6445
f 6369 6449 6448
f 6450 6449 6369
f 6451 6452 6453
f 6369 6448 6443
f 6382 6381 6369
f 6382 6369 6443
f 6368 6450 6369
f 6447 6445 6454
f 6335 6455 6454
f 6335 6454 6336
f 6334 6456 6335
f 6335 6456 6455
f 6333 6457 6334
f 6334 6457 6456
f 6333 6451 6457
f 6342 6452 6451
f 6342 6451 6333
f 6341 6452 6342
f 6452 6341 6368
f 6340 6368 6341
f 6450 6368 6340
f 6450 6340 6449
f 6449 6340 6339
f 6449 6339 6448
f 6448 6339 6338
f 6445 6448 6338
f 6337 6445 6338
f 6445 6337 6454
f 6454 6337 6336
f 6364 6458 6459
f 6364 6459 6365
f 6365 6459 6460
f 6365 6460 6366
f 6366 6460 6461
f 6366 6461 6343
f 6343 6461 6462
f 6343 6462 6344
f 6344 6462 6463
f 6344 6463 6345
f 6345 6463 6346
f 6346 6463 6464
f 6346 6464 6347
f 6347 6464 6465
f 6347 6465 6348
f 6348 6465 6466
f 6348 6466 6349
f 6349 6466 6467
f 6349 6467 6350
f 6350 6467 6468
f 6350 6468 6351
f 6351 6468 6469
f 6351 6469 6352
f 6352 6469 6470
f 6352 6470 6353
f 6353 6470 6471
f 6353 6471 6354
f 6354 6471 6355
f 6355 6471 6472
f 6355 6472 6356
f 6356 6472 6473
f 6356 6473 6357
f 6357 6473 6474
f 6357 6474 6358
f 6358 6474 6475
f 6358 6475 6359
f 6359 6475 6476
f 6359 6476 6360
f 6360 6476 6477
f 6360 6477 6361
f 6361 6477 6478
f 6361 6478 6362
f 6362 6478 6363
f 6363 6478 6479
f 6363 6479 6364
f 6364 6479 6458
f 6372 6480 6367
f 6453 6367 6481
f 6453 6368 6367
f 6453 6452 6368
f 6482 6453 6481
f 6367 6480 6481
f 6385 6378 6372
f 6378 6385 6379
f 6372 6371 6385
f 6378 6384 6392
f 6483 6484 6392
f 6372 6378 6484
f 6480 6372 6484
f 6392 6484 6378
f 6395 6396 6400
f 6485 6394 6395
f 6391 6393 6485
f 6393 6394 6485
f 6395 6400 6486
f 6486 6485 6395
f 6483 6392 6485
f 6391 6485 6392
f 6405 6406 6413
f 6399 6402 6404
f 6413 6404 6405
f 6404 6413 6399
f 6399 6413 6487
f 6486 6400 6399
f 6399 6487 6486
f 6415 6488 6489
f 6414 6415 6412
f 6412 6415 6489
f 6487 6413 6489
f 6489 6413 6412
f 6429 6425 6490
f 6415 6417 6428
f 6490 6428 6429
f 6425 6424 6490
f 6424 6435 6491
f 6424 6491 6490
f 6428 6490 6415
f 6488 6415 6490
f 6488 6490 6491
f 6438 6439 6446
f 6433 6436 6435
f 6436 6437 6435
f 6435 6437 6438
f 6435 6438 6492
f 6446 6439 6440
f 6491 6435 6493
f 6493 6435 6492
f 6446 6492 6438
f 6451 6453 6457
f 6447 6455 6456
f 6447 6456 6457
f 6454 6455 6447
f 6457 6482 6447
f 6447 6482 6494
f 6447 6494 6444
f 6453 6482 6457
f 6492 6446 6494
f 6494 6446 6444
f 6495 6467 6466
f 6467 6495 6496
f 6467 6496 6497
f 6467 6497 6468
f 6468 6497 6498
f 6468 6498 6499
f 6468 6499 6469
f 6469 6499 6500
f 6469 6500 6501
f 6469 6501 6470
f 6470 6501 6502
f 6470 6502 6503
f 6470 6503 6471
f 6471 6503 6504
f 6471 6504 6505
f 6471 6505 6472
f 6472 6505 6506
f 6472 6506 6507
f 6472 6507 6473
f 6473 6507 6508
f 6473 6508 6509
f 6473 6509 6474
f 6474 6509 6510
f 6474 6510 6511
f 6474 6511 6475
f 6475 6511 6512
f 6475 6512 6513
f 6475 6513 6476
f 6476 6513 6514
f 6476 6514 6515
f 6476 6515 6477
f 6515 6516 6477
f 6477 6516 6478
f 6516 6517 6478
f 6517 6518 6478
f 6478 6518 6479
f 6518 6519 6479
f 6519 6520 6479
f 6479 6520 6458
f 6520 6521 6458
f 6521 6522 6458
f 6458 6522 6459
f 6522 6523 6459
f 6523 6524 6459
f 6459 6524 6460
f 6524 6525 6460
f 6525 6526 6460
f 6460 6526 6461
f 6526 6527 6461
f 6527 6528 6461
f 6461 6528 6462
f 6528 6529 6462
f 6529 6530 6462
f 6462 6530 6463
f 6530 6531 6463
f 6531 6532 6463
f 6463 6532 6464
f 6532 6533 6464
f 6533 6534 6464
f 6464 6534 6465
f 6534 6535 6465
f 6535 6536 6465
f 6465 6536 6466
f 6466 6536 6537
f 6466 6537 6495
f 6538 6539 6540
f 6022 6538 6021
f 6021 6538 6541
f 5852 6542 5828
f 5831 5829 5828
f 5831 5828 6542
f 5831 6542 6022
f 6022 6542 6538
f 6538 6542 6539
f 6539 6542 5852
f 6487 6543 6544
f 6544 6545 6487
f 6487 6545 6486
f 6485 6546 6547
f 6486 6546 6485
f 6485 6547 6548
f 6485 6548 6483
f 6486 6545 6546
f 6483 6549 6484
f 6484 6550 6551
f 6484 6551 6480
f 6484 6549 6550
f 6480 6552 6481
f 6481 6552 6540
f 6480 6551 6552
f 6483 6548 6549
f 5852 6553 6494
f 6494 6553 6492
f 5852 6494 6482
f 5852 6482 6539
f 6539 6482 6540
f 6492 5825 6493
f 5825 6492 6553
f 5820 6491 5825
f 5825 6491 6493
f 6488 6554 6555
f 6488 6555 6489
f 5820 6556 6491
f 6491 6556 6488
f 6488 6556 6554
f 6481 6540 6482
f 6555 6543 6489
f 6489 6543 6487
f 6557 6558 5893
f 6559 6560 6561
f 6562 6559 6561
f 6557 6562 6561
f 6558 6557 6563
f 6564 6565 6566
f 6566 6565 6567
f 6566 6567 6568
f 6568 6567 6563
f 6568 6563 6561
f 6561 6563 6557
f 6565 6569 6567
f 6560 6568 6561
f 6570 6565 6564
f 6571 5993 6572
f 6572 5993 6573
f 6572 6573 6569
f 6569 6573 6574
f 6572 6569 6565
f 6565 6570 6575
f 6572 6565 6575
f 6571 6572 6575
f 6576 6577 6578
f 6576 6556 5851
f 6576 6554 6556
f 5922 6563 5923
f 5923 6563 6574
f 6569 6574 6567
f 6574 6563 6567
f 6558 5894 5893
f 6563 5922 5894
f 6563 5894 6558
f 6579 6580 5852
f 5852 6580 6581
f 5827 6579 5852
f 5827 6582 6579
f 5827 5833 6582
f 5823 6583 6584
f 5823 6585 6583
f 6581 6586 6553
f 6553 6586 6585
f 6553 6585 5823
f 5852 6581 6553
f 5821 5820 5825
f 5851 6556 5820
f 5823 5825 6553
f 5830 5852 5828
f 5823 6584 5833
f 6021 6587 6019
f 6017 6033 6016
f 6587 6033 6017
f 6541 6588 6587
f 6017 6019 6587
f 6587 6021 6541
f 6536 6535 6589
f 6589 6535 6590
f 6535 6534 6590
f 6534 6533 6590
f 6590 6533 6591
f 6533 6532 6591
f 6532 6531 6591
f 6591 6531 6592
f 6531 6530 6592
f 6530 6529 6592
f 6592 6529 6593
f 6529 6528 6593
f 6528 6527 6593
f 6593 6527 6594
f 6527 6526 6594
f 6526 6525 6594
f 6594 6525 6595
f 6525 6524 6595
f 6524 6523 6595
f 6595 6523 6596
f 6523 6522 6596
f 6522 6521 6596
f 6596 6521 6597
f 6521 6520 6597
f 6520 6519 6597
f 6597 6519 6598
f 6519 6518 6598
f 6598 6518 6599
f 6518 6517 6599
f 6517 6516 6599
f 6599 6516 6600
f 6600 6516 6515
f 6600 6515 6601
f 6513 6602 6601
f 6601 6515 6514
f 6601 6514 6513
f 6511 6603 6602
f 6602 6513 6512
f 6602 6512 6511
f 6509 6604 6603
f 6603 6511 6510
f 6603 6510 6509
f 6604 6509 6508
f 6604 6508 6605
f 6508 6507 6605
f 6507 6506 6605
f 6605 6506 6606
f 6506 6505 6606
f 6505 6504 6606
f 6606 6504 6607
f 6504 6503 6607
f 6503 6502 6607
f 6607 6502 6608
f 6502 6501 6608
f 6501 6500 6608
f 6608 6500 6609
f 6500 6499 6609
f 6499 6498 6609
f 6609 6498 6610
f 6498 6497 6610
f 6497 6496 6610
f 6610 6496 6611
f 6496 6495 6611
f 6611 6495 6537
f 6611 6537 6589
f 6589 6537 6536
f 6612 6613 6614
f 6545 6544 6615
f 6616 6588 6617
f 6618 6030 6033
f 6619 6620 6621
f 6619 6622 6620
f 6623 6624 6625
f 6626 6627 6623
f 6626 6628 6627
f 6629 6630 6631
f 6631 6630 6632
f 6631 6632 6633
f 6633 6632 6628
f 6633 6628 6626
f 6634 6635 6629
f 6629 6635 6630
f 6636 6637 6638
f 6638 6637 6639
f 6638 6639 6640
f 6638 6640 6641
f 6641 6640 6642
f 6641 6642 6634
f 6634 6642 6635
f 6643 6644 6636
f 6636 6644 6645
f 6636 6645 6637
f 6646 6647 6648
f 6648 6647 6649
f 6648 6649 6643
f 6643 6649 6644
f 6650 6651 6652
f 6650 6652 6653
f 6653 6652 6654
f 6653 6654 6655
f 6655 6654 6656
f 6655 6656 6657
f 6657 6656 6658
f 6657 6658 6646
f 6646 6658 6647
f 6659 6660 6650
f 6650 6660 6651
f 6661 6662 6663
f 6663 6662 6664
f 6663 6664 6665
f 6663 6665 6666
f 6666 6665 6667
f 6666 6667 6659
f 6659 6667 6660
f 6661 6668 6662
f 6669 6670 6671
f 6671 6670 6672
f 6671 6672 6673
f 6673 6672 6674
f 6673 6674 6675
f 6675 6674 6676
f 6675 6676 6677
f 6677 6676 6668
f 6677 6668 6661
f 6678 6679 6680
f 6680 6679 6681
f 6682 6683 6681
f 6681 6683 6680
f 6684 6685 6682
f 6682 6685 6683
f 6026 6625 6027
f 6027 6625 6624
f 6623 6625 6686
f 6623 6686 6687
f 6623 6687 6626
f 6633 6626 6688
f 6688 6626 6687
f 6625 6026 6035
f 6625 6618 6689
f 6618 6034 6030
f 6618 6035 6034
f 6035 6618 6625
f 6690 6691 6547
f 6622 6548 6691
f 6691 6548 6547
f 6622 6619 6548
f 6692 6549 6621
f 6692 6693 6549
f 6693 6694 6550
f 6693 6550 6549
f 6621 6549 6619
f 6619 6549 6548
f 6695 6696 6697
f 6695 6697 6698
f 6698 6697 6699
f 6700 6701 6702
f 6703 6702 6704
f 6616 6618 6033
f 6033 6587 6588
f 6705 6616 6617
f 6705 6617 6696
f 6696 6617 6706
f 6696 6706 6697
f 6697 6706 6707
f 6697 6707 6708
f 6697 6708 6699
f 6699 6708 6709
f 6709 6708 6694
f 6709 6694 6701
f 6701 6694 6693
f 6701 6693 6702
f 6702 6693 6692
f 6702 6692 6621
f 6702 6621 6704
f 6704 6621 6620
f 6704 6620 6710
f 6710 6620 6711
f 6711 6620 6622
f 6711 6622 6712
f 6712 6622 6691
f 6713 6551 6550
f 6713 6550 6694
f 6706 6552 6707
f 6552 6551 6707
f 6707 6551 6713
f 6541 6538 6588
f 6706 6617 6540
f 6706 6540 6552
f 6588 6540 6617
f 6705 6618 6616
f 6616 6033 6588
f 6708 6707 6713
f 6708 6713 6694
f 6714 6715 6716
f 6717 6718 6719
f 6720 6721 6722
f 6720 6722 6723
f 6723 6722 6715
f 6715 6722 6724
f 6715 6724 6716
f 6716 6724 6725
f 6576 6578 6554
f 6578 6555 6554
f 6726 6555 6727
f 6578 6727 6555
f 6728 6729 6543
f 6729 6730 6543
f 6730 6615 6544
f 6730 6544 6543
f 6728 6543 6555
f 6726 6728 6555
f 6615 6731 6545
f 6731 6732 6545
f 6733 6546 6545
f 6733 6734 6546
f 6735 6690 6547
f 6735 6547 6546
f 6734 6735 6546
f 6732 6733 6545
f 6718 6691 6690
f 6718 6690 6719
f 6719 6690 6736
f 6736 6690 6735
f 6736 6735 6737
f 6737 6735 6734
f 6737 6734 6738
f 6738 6734 6733
f 6738 6733 6739
f 6739 6733 6732
f 6739 6732 6740
f 6740 6732 6731
f 6740 6731 6741
f 6741 6731 6742
f 6742 6731 6615
f 6742 6615 6721
f 6721 6615 6730
f 6721 6730 6722
f 6722 6730 6729
f 6722 6729 6728
f 6722 6728 6724
f 6724 6728 6726
f 6724 6726 6725
f 6725 6726 6727
f 6725 6727 6743
f 6682 6681 6614
f 6682 6614 6613
f 6613 6684 6682
f 6669 6679 6678
f 6669 6678 6670
f 6612 6744 6613
f 6613 6744 6684
f 6745 6744 6612
f 6716 6614 6681
f 6716 6681 6679
f 6679 6714 6716
f 6687 6689 6746
f 6687 6746 6688
f 6747 6698 6631
f 6631 6698 6699
f 6631 6699 6629
f 6629 6699 6709
f 6629 6709 6748
f 6675 6749 6721
f 6675 6721 6673
f 6673 6721 6720
f 6673 6720 6671
f 6671 6720 6723
f 6671 6723 6715
f 6686 6625 6689
f 6686 6689 6687
f 6688 6695 6633
f 6633 6695 6698
f 6633 6698 6747
f 6634 6629 6748
f 6634 6748 6641
f 6641 6748 6700
f 6641 6700 6750
f 6750 6700 6703
f 6750 6703 6751
f 6648 6752 6753
f 6648 6753 6646
f 6646 6753 6657
f 6657 6753 6754
f 6657 6754 6655
f 6655 6754 6717
f 6655 6717 6755
f 6677 6756 6749
f 6677 6749 6675
f 6669 6671 6715
f 6669 6715 6679
f 6679 6715 6714
f 6633 6747 6631
f 6641 6750 6638
f 6638 6750 6751
f 6638 6751 6636
f 6636 6751 6757
f 6636 6757 6643
f 6643 6757 6752
f 6643 6752 6648
f 6655 6755 6653
f 6653 6755 6758
f 6653 6758 6650
f 6650 6758 6759
f 6650 6759 6659
f 6659 6759 6760
f 6659 6760 6666
f 6666 6760 6761
f 6666 6761 6663
f 6663 6761 6762
f 6663 6762 6661
f 6661 6762 6756
f 6661 6756 6677
f 6540 6588 6538
f 6718 6712 6691
f 6689 6618 6705
f 6689 6705 6746
f 6746 6705 6696
f 6746 6696 6688
f 6688 6696 6695
f 6748 6709 6701
f 6748 6701 6700
f 6703 6700 6702
f 6751 6703 6704
f 6751 6704 6757
f 6757 6704 6710
f 6757 6710 6752
f 6752 6710 6711
f 6752 6711 6753
f 6753 6711 6712
f 6753 6712 6754
f 6754 6712 6718
f 6754 6718 6717
f 6755 6717 6719
f 6755 6719 6758
f 6758 6719 6736
f 6758 6736 6759
f 6759 6736 6737
f 6759 6737 6760
f 6760 6737 6738
f 6760 6738 6761
f 6761 6738 6739
f 6761 6739 6762
f 6762 6739 6740
f 6762 6740 6756
f 6756 6740 6741
f 6756 6741 6749
f 6749 6741 6742
f 6749 6742 6721
f 6614 6716 6725
f 6614 6725 6612
f 6612 6725 6745
f 6745 6725 6743
f 6743 6727 6578
f 6763 5996 6764
f 6763 6764 6765
f 6765 6764 5906
f 6765 5906 5907
f 6766 5996 6763
f 6765 5907 5921
f 5993 5996 6766
f 6766 6763 5923
f 5923 6763 6765
f 5923 6765 5921
f 5923 6573 6766
f 5993 6766 6573
f 5923 6574 6573
f 6767 6768 6769
f 6571 5997 5993
f 6685 6684 6767
f 6684 6770 6767
f 6767 6770 6768
f 5997 6571 6743
f 6575 6771 6745
f 6745 6743 6571
f 6745 6571 6575
f 6770 6684 6744
f 6768 6770 6771
f 6771 6770 6744
f 6771 6744 6745
f 5997 6743 6578
f 5999 5997 6577
f 5850 6576 5851
f 6000 5999 6577
f 6000 6577 5850
f 5850 6577 6576
f 5999 5994 5997
f 6577 5997 6578
f 5792 5912 6772
f 5868 5912 5792
f 5912 5915 5916
f 5912 5916 6772
f 6772 5793 5792
f 6004 6773 6764
f 6004 6764 5996
f 5903 5905 6774
f 6774 5905 6773
f 5918 5903 6774
f 5916 5918 6774
f 5916 6774 6772
f 6764 6773 5906
f 6003 6772 6004
f 6004 6774 6773
f 5793 6772 6003
f 6004 6772 6774
f 6773 5905 5906
f 6771 6575 6570
f 6775 6776 6777
f 6777 6778 6775
f 6560 6779 6780
f 6779 6560 6559
f 6779 6559 6781
f 6781 6559 6778
f 6781 6778 6777
f 6782 6566 6783
f 6783 6566 6568
f 6783 6568 6780
f 6780 6568 6560
f 6784 6570 6785
f 6785 6570 6564
f 6785 6564 6782
f 6782 6564 6566
f 6784 6769 6768
f 6768 6771 6784
f 6784 6771 6570
f 5901 5878 6786
f 5901 6786 6787
f 6787 6786 6788
f 6787 6788 6789
f 6789 6788 6790
f 6791 6789 6790
f 6789 6792 6787
f 6787 6792 5875
f 6787 5875 5901
f 6791 6775 6793
f 6791 6793 6794
f 6794 6795 6792
f 6792 6795 5872
f 6792 5872 5875
f 6794 6792 6789
f 6794 6789 6791
f 6791 6776 6775
f 6795 6794 5893
f 5893 6794 6793
f 5873 5872 6795
f 6796 6793 6775
f 6796 6775 6778
f 5893 5873 6795
f 5893 6793 6796
f 6778 6559 6796
f 6796 6559 6562
f 6796 6562 5893
f 5893 6562 6557
f 6797 6798 5805
f 6799 5805 6798
f 6800 6799 6801
f 6802 6803 6804
f 5806 6805 6806
f 6807 6808 6805
f 6807 6805 6809
f 6804 6810 6802
f 6802 6810 6799
f 6799 6810 6801
f 6605 6811 6604
f 6604 6811 6812
f 6599 6600 6802
f 6599 6802 6813
f 6807 6595 6596
f 5806 6806 5800
f 6799 6800 6814
f 6799 6814 5805
f 6802 6600 6601
f 6599 6813 6815
f 6599 6815 6598
f 6594 6816 6593
f 6816 6594 6807
f 6807 6594 6595
f 6808 6807 6596
f 6808 6596 6597
f 6808 6597 6598
f 6808 6598 6815
f 6805 5806 5697
f 6805 5697 6809
f 6809 5697 5691
f 5805 6814 5877
f 6802 6601 6803
f 6803 6601 6602
f 6606 6811 6605
f 6592 6817 6591
f 6816 6592 6593
f 6797 5805 5804
f 6803 6602 6603
f 6803 6603 6818
f 6604 6812 6818
f 6604 6818 6603
f 6607 6819 6606
f 6606 6819 6811
f 6590 6820 6821
f 6590 6821 6589
f 6589 6821 6822
f 6592 6816 6817
f 5800 6806 6797
f 5800 6797 5798
f 5798 6797 5804
f 6608 6823 6607
f 6607 6823 6819
f 6824 6610 6611
f 6591 6817 6825
f 6591 6825 6590
f 6590 6825 6820
f 6610 6826 6609
f 6824 6827 6610
f 6610 6827 6826
f 6589 6822 6828
f 6589 6828 6611
f 6609 6826 6608
f 6608 6826 6823
f 6611 6828 6824
f 6786 5878 5877
f 6786 5877 6814
f 6788 6786 6814
f 6800 6788 6814
f 6790 6788 6800
f 6791 6790 6801
f 6801 6790 6800
f 6776 6791 6829
f 6829 6791 6801
f 6784 6830 6769
f 6818 6830 6784
f 6818 6812 6830
f 6831 6803 6832
f 6831 6832 6783
f 6783 6832 6782
f 6801 6810 6829
f 6829 6810 6833
f 6829 6833 6776
f 6776 6833 6777
f 6777 6833 6781
f 6779 6781 6833
f 6779 6833 6804
f 6804 6833 6810
f 6780 6779 6831
f 6831 6779 6804
f 6804 6803 6831
f 6780 6831 6783
f 6803 6818 6832
f 6782 6832 6785
f 6784 6785 6832
f 6784 6832 6818
f 6834 6812 6811
f 6835 6830 6812
f 6769 6830 6767
f 6812 6834 6835
f 6834 6685 6835
f 6835 6767 6830
f 6835 6685 6767
f 6836 6811 6819
f 6834 6811 6837
f 6838 6836 6819
f 6838 6819 6839
f 6840 6826 6827
f 6827 6824 6841
f 6842 6817 6843
f 6843 6816 6844
f 6844 6816 6845
f 6845 6816 6807
f 6845 6807 6846
f 6841 6824 6847
f 6848 6822 6849
f 6849 6822 6850
f 6851 6825 6852
f 6846 6853 6854
f 6685 6837 6683
f 6678 6838 6839
f 6678 6839 6670
f 6670 6839 6855
f 6670 6855 6672
f 6672 6855 6674
f 6674 6855 6856
f 6674 6856 6857
f 6668 6858 6662
f 6662 6840 6664
f 6664 6840 6665
f 6665 6840 6667
f 6859 6841 6651
f 6841 6847 6652
f 6652 6847 6654
f 6654 6847 6860
f 6848 6849 6658
f 6644 6861 6645
f 6645 6861 6862
f 6862 6851 6639
f 6639 6851 6640
f 6640 6851 6852
f 6852 6842 6635
f 6635 6842 6863
f 6864 6844 6628
f 6628 6844 6845
f 6628 6845 6627
f 6627 6845 6846
f 6846 6854 6624
f 6680 6865 6678
f 6676 6858 6668
f 6809 6853 6807
f 6816 6843 6817
f 6820 6861 6821
f 6826 6866 6823
f 6823 6856 6819
f 6853 6846 6807
f 6844 6864 6843
f 6843 6864 6863
f 6843 6863 6842
f 6842 6852 6817
f 6817 6852 6825
f 6825 6851 6862
f 6825 6862 6820
f 6820 6862 6861
f 6861 6850 6821
f 6821 6850 6822
f 6822 6848 6860
f 6822 6860 6828
f 6828 6860 6847
f 6828 6847 6824
f 6841 6859 6827
f 6826 6840 6866
f 6866 6858 6823
f 6823 6858 6857
f 6823 6857 6856
f 6856 6855 6819
f 6819 6855 6839
f 6836 6838 6865
f 6836 6865 6811
f 6811 6865 6837
f 6861 6644 6850
f 6859 6667 6827
f 6827 6667 6840
f 6840 6662 6866
f 6866 6662 6858
f 6838 6678 6865
f 6837 6685 6834
f 6027 6624 6854
f 6624 6623 6846
f 6846 6623 6627
f 6628 6632 6864
f 6864 6632 6630
f 6864 6630 6863
f 6863 6630 6635
f 6635 6642 6852
f 6852 6642 6640
f 6639 6637 6862
f 6862 6637 6645
f 6644 6649 6850
f 6850 6649 6647
f 6850 6647 6849
f 6849 6647 6658
f 6848 6658 6656
f 6848 6656 6860
f 6860 6656 6654
f 6652 6651 6841
f 6651 6660 6859
f 6859 6660 6667
f 6858 6676 6857
f 6857 6676 6674
f 6865 6680 6683
f 6865 6683 6837
f 5694 5696 6867
f 5691 5694 6809
f 6027 6867 6028
f 6028 6867 5696
f 6027 6854 6867
f 6867 6854 6853
f 6853 6809 6867
f 6867 6809 5694
f 6583 6585 6802
f 6808 6581 6805
f 6805 6581 6580
f 6815 6586 6808
f 6808 6586 6581
f 6586 6815 6585
f 6585 6815 6813
f 6802 6585 6813
f 6584 6583 6802
f 6799 6584 6802
f 6799 5833 6584
f 6798 5833 6799
f 6798 6582 5833
f 6797 6582 6798
f 6579 6582 6797
f 6579 6797 6806
f 6579 6806 6580
f 6580 6806 6805

