# https://github.com/mikedh/trimesh

o L11
v 0.03343539 0.04412315 -0.02257580
v 0.03344885 0.04548290 -0.02187227
v 0.03345204 0.04276353 -0.02685738
v 0.03344000 0.04014440 -0.02895992
v 0.03343539 0.04945022 -0.00334599
v 0.03345484 0.04944380 -0.01022548
v 0.03343000 0.04776442 -0.01323175
v 0.03345547 0.04757772 -0.01689786
v 0.03344000 0.04932358 0.00417541
v 0.03345751 0.05048601 0.00046730
v 0.03344838 0.05023652 -0.00481942
v 0.03343539 0.04818406 0.01161102
v 0.03343799 0.04917969 0.01150183
v 0.03346946 0.05006700 0.00629580
v 0.03343539 0.03649471 0.03353589
v 0.03344898 0.03636112 0.03499914
v 0.03345073 0.04008060 0.03072251
v 0.03344167 0.04249838 0.02550308
v 0.03345581 0.04407303 0.02463186
v 0.03343000 0.04581162 0.01874955
v 0.03345437 0.04703007 0.01836942
v 0.03343539 0.02031210 0.04520993
v 0.03345346 0.02353134 0.04467246
v 0.03343000 0.02899693 0.04019574
v 0.03345041 0.02819181 0.04185836
v 0.03345606 0.03245226 0.03867804
v 0.03344000 0.01321485 0.04770344
v 0.03345694 0.01719639 0.04746964
v 0.03343539 0.00584630 0.04921728
v 0.03344122 0.00308131 0.05040435
v 0.03344961 0.01020042 0.04946062
v 0.03343539 -0.01403657 0.04753414
v 0.03347034 -0.00646787 0.05004364
v 0.03343000 -0.00418072 0.04938665
v 0.03347111 -0.00190601 0.05042569
v 0.03343539 -0.02762284 0.04115213
v 0.03344996 -0.02938410 0.04103076
v 0.03344826 -0.02465319 0.04407609
v 0.03344000 -0.02104580 0.04480317
v 0.03344000 -0.01321485 -0.04770344
v 0.03345694 -0.01719639 -0.04746964
v 0.03343000 -0.02031210 -0.04520993
v 0.03345122 -0.02205496 -0.04539106
v 0.03343539 -0.02899693 -0.04019574
v 0.03343539 -0.00584630 -0.04921728
v 0.03344122 -0.00308131 -0.05040435
v 0.03344961 -0.01020042 -0.04946062
v 0.03343539 0.02762284 -0.04115213
v 0.03344996 0.02938410 -0.04103076
v 0.03344826 0.02465319 -0.04407609
v 0.03344000 0.02104580 -0.04480317
v 0.03345801 -0.01807248 0.04714264
v 0.03343715 -0.01150334 0.04917169
v 0.03343539 0.01403657 -0.04753414
v 0.03347034 0.00646787 -0.05004364
v 0.03343637 0.00418072 -0.04938665
v 0.03347111 0.00190601 -0.05042569
v 0.03345801 0.01807248 -0.04714264
v 0.03343715 0.01150334 -0.04917169
v 0.03344000 -0.04014440 0.02895992
v 0.03345637 -0.03847388 0.03269372
v 0.03343000 -0.03534126 0.03474931
v 0.03345389 -0.03363965 0.03765212
v 0.03344167 -0.04412315 0.02257580
v 0.03344885 -0.04548290 0.02187227
v 0.03345205 -0.04276353 0.02685738
v 0.03344000 -0.04932358 -0.00417541
v 0.03345751 -0.05048601 -0.00046730
v 0.03343539 -0.04945022 0.00334599
v 0.03343539 -0.04818406 -0.01161102
v 0.03343799 -0.04917969 -0.01150183
v 0.03346946 -0.05006700 -0.00629580
v 0.03343539 -0.03649471 -0.03353589
v 0.03344898 -0.03636112 -0.03499914
v 0.03345073 -0.04008060 -0.03072251
v 0.03344000 -0.04109960 -0.02758755
v 0.03345328 -0.02685031 -0.04276003
v 0.03345606 -0.03245226 -0.03867804
v 0.03345637 0.03847388 -0.03269372
v 0.03343000 0.03534126 -0.03474931
v 0.03345389 0.03363965 -0.03765212
v 0.03344838 -0.05023652 0.00481942
v 0.03345484 -0.04944380 0.01022548
v 0.03343000 -0.04776442 0.01323175
v 0.03345547 -0.04757772 0.01689786
v 0.03345581 -0.04407303 -0.02463186
v 0.03343000 -0.04486044 -0.02107273
v 0.03345437 -0.04703007 -0.01836942
v 0.03343000 0.03942269 0.02370340
v 0.03343000 0.04275137 0.01715509
v 0.03343539 0.04541161 0.00773058
v 0.03344000 0.04599819 0.00040821
v 0.03343000 0.04554167 -0.00692338
v 0.03343539 0.04304909 -0.01639365
v 0.03344000 0.03983716 -0.02300002
v 0.03343000 0.03572186 -0.02908479
v 0.03344000 0.03059755 -0.03434807
v 0.03343539 0.02477941 -0.03883243
v 0.03343000 0.01601097 -0.04319289
v 0.03343539 0.00651894 -0.04560132
v 0.03343000 -0.00081645 -0.04599275
v 0.03342462 -0.04211557 0.01866160
v 0.03343539 -0.03721920 0.02714236
v 0.03344000 -0.03238228 0.03267091
v 0.03343000 -0.02681100 0.03745860
v 0.03343539 -0.01828710 0.04227953
v 0.03344000 -0.01131316 0.04458714
v 0.03343000 -0.00408270 0.04588364
v 0.03344000 0.00326311 0.04588412
v 0.03343539 0.01053491 0.04484409
v 0.03343000 0.01977607 0.04160389
v 0.03343539 0.02812354 0.03648347
v 0.03343539 0.03520002 0.02971423
v 0.03343000 -0.00813328 -0.04534122
v 0.03343539 -0.01753383 -0.04259744
v 0.03343539 -0.02614198 -0.03792853
v 0.03344000 -0.03179733 -0.03324049
v 0.03343000 -0.03673159 -0.02779870
v 0.03344000 -0.04062836 -0.02157167
v 0.03343539 -0.04360380 -0.01485548
v 0.03343000 -0.04575869 -0.00530274
v 0.03343539 -0.04584560 0.00448973
v 0.03344000 -0.04448498 0.01170839
v 0.03343624 0.04062760 -0.01947954
v 0.03344891 0.04235922 -0.01531166
v 0.03344738 0.04498822 0.00198157
v 0.03345269 0.04450201 0.00712199
v 0.03344971 0.03134524 0.03233493
v 0.03345219 0.02749467 0.03570848
v 0.03344450 0.01238413 0.04332590
v 0.03345231 0.00566233 0.04471028
v 0.03344572 0.04397902 -0.00981483
v 0.03344655 0.04494797 -0.00318599
v 0.03344449 0.03872121 0.02304696
v 0.03345271 0.03479337 0.02864615
v 0.03344452 -0.03132763 -0.03238961
v 0.03345421 -0.02610242 -0.03674399
v 0.03344951 0.04338898 0.01206037
v 0.03345332 0.04177758 0.01690387
v 0.03344985 0.02324091 0.03857387
v 0.03345378 0.01879674 0.04096254
v 0.03344960 0.00055960 0.04503055
v 0.03345377 -0.00449371 0.04484439
v 0.03344436 -0.04503648 0.00147170
v 0.03345338 -0.04474702 -0.00536859
v 0.03344454 -0.04340709 -0.01209629
v 0.03345272 -0.04108253 -0.01853088
v 0.03344985 -0.02178550 -0.03941415
v 0.03345229 -0.01717816 -0.04166509
v 0.03344454 -0.01122782 0.04363980
v 0.03345239 -0.01772361 0.04143620
v 0.03344960 -0.03871780 -0.02299990
v 0.03345327 -0.03588983 -0.02725841
v 0.03344944 -0.02227436 0.03913955
v 0.03344461 -0.02651499 0.03643800
v 0.03344807 -0.03014199 0.03346991
v 0.03344971 -0.01233025 -0.04331324
v 0.03345379 -0.00741015 -0.04445583
v 0.03344951 0.01124989 -0.04360615
v 0.03345373 0.01608377 -0.04210115
v 0.03343703 0.03022253 -0.03342691
v 0.03344452 0.03513460 -0.02821908
v 0.03344792 0.03785844 -0.02440302
v 0.03343552 -0.03410880 0.02943822
v 0.03343701 -0.03792226 0.02434492
v 0.03344930 -0.04432199 0.00813555
v 0.03344502 0.02078170 -0.03994857
v 0.03343488 0.02520970 -0.03734250
v 0.03344442 -0.04130011 0.01802892
v 0.03344778 -0.04292957 0.01363151
v 0.03344452 -0.00059922 -0.04505707
v 0.03345234 0.00624893 -0.04463214
v 0.02855094 0.03514120 -0.02816096
v 0.02854622 0.03814511 -0.02400704
v 0.02855591 0.01772678 -0.04142689
v 0.02854622 0.02379674 -0.03827449
v 0.02855035 0.02791188 -0.03534112
v 0.02854770 0.03176265 -0.03197193
v 0.02855587 -0.00565868 -0.04470351
v 0.02854629 0.00117885 -0.04505328
v 0.02855052 0.00622448 -0.04460168
v 0.02854764 0.01123519 -0.04364460
v 0.02855270 -0.02465513 -0.03771795
v 0.02855437 -0.01879065 -0.04095615
v 0.02854752 -0.01237629 -0.04333507
v 0.02855140 -0.03587766 -0.02721591
v 0.02854777 -0.03258051 -0.03113801
v 0.02855288 -0.02878531 -0.03463034
v 0.02855129 -0.04471307 -0.00535352
v 0.02854771 -0.04385300 -0.01039256
v 0.02855546 -0.04177288 -0.01689737
v 0.02854653 -0.03873118 -0.02304407
v 0.02854662 -0.04506696 -0.00029582
v 0.02855545 -0.04458208 0.00655378
v 0.02854627 -0.04310196 0.01317552
v 0.02855108 -0.04128852 0.01797750
v 0.02854771 -0.03902949 0.02253370
v 0.02855022 -0.03619155 0.02680017
v 0.02854477 -0.03297173 0.03073046
v 0.02856825 -0.02803722 0.03526627
v 0.02855588 -0.00625257 0.04462433
v 0.02854624 -0.01293966 0.04317140
v 0.02855523 -0.01931058 0.04071269
v 0.02855266 -0.02447822 0.03781530
v 0.02855364 0.01872619 0.04095208
v 0.02855218 0.01391777 0.04285845
v 0.02855440 0.00740844 0.04444792
v 0.02854758 0.00059133 0.04506373
v 0.02855141 0.02750076 0.03565979
v 0.02854782 0.02328619 0.03858506
v 0.02855135 0.04175170 0.01687335
v 0.02854773 0.03959946 0.02151653
v 0.02856306 0.03566273 0.02755092
v 0.02855556 0.03131039 0.03240992
v 0.02855120 0.04455506 -0.00654000
v 0.02854771 0.04504422 -0.00145710
v 0.02855547 0.04474096 0.00536131
v 0.02854658 0.04341543 0.01209236
v 0.02854770 0.04356983 -0.01152128
v 0.02855428 0.04130962 -0.01800202
v 0.02856000 -0.03855659 0.02508764
v 0.02857000 -0.03412324 0.03094481
v 0.02856462 -0.02681100 0.03745860
v 0.02856462 0.01977607 0.04160389
v 0.02856000 0.02610514 0.03787508
v 0.02856000 0.03667982 0.02775952
v 0.02857000 0.04068570 0.02160209
v 0.02857000 -0.00326769 -0.04594887
v 0.02856462 -0.01290665 -0.04421985
v 0.02856000 -0.02048246 0.04118821
v 0.02856462 -0.00408270 0.04588364
v 0.02856000 0.00326311 0.04588412
v 0.02857000 0.01053491 0.04484409
v 0.02857000 -0.01368941 0.04398382
v 0.02857000 0.03184220 0.03328740
v 0.02856462 0.01601097 -0.04319289
v 0.02856462 0.00651894 -0.04560132
v 0.02857000 -0.02196229 -0.04049240
v 0.02856000 -0.02808392 -0.03643204
v 0.02857000 0.04433264 0.01251373
v 0.02856000 0.04569420 0.00529523
v 0.02856462 0.04601957 -0.00204336
v 0.02856462 0.04454776 -0.01172490
v 0.02856462 -0.03356870 -0.03154551
v 0.02856462 -0.04510865 0.00933738
v 0.02857000 -0.04211557 0.01866160
v 0.02856462 0.03572186 -0.02908479
v 0.02856000 0.03059755 -0.03434807
v 0.02857000 0.02477941 -0.03883243
v 0.02856000 -0.04269112 -0.01713092
v 0.02856462 -0.04493583 -0.01013648
v 0.02857000 -0.04606310 -0.00040878
v 0.02857000 0.04106268 -0.02087662
v 0.02857000 -0.03947832 -0.02373686
v 0.02856000 0.04109960 0.02758755
v 0.02856462 0.03649471 0.03353589
v 0.02856462 0.02899693 0.04019574
v 0.02857000 0.02031210 0.04520993
v 0.02856000 0.01321485 0.04770344
v 0.02856462 0.00584630 0.04921728
v 0.02857000 -0.00418072 0.04938665
v 0.02856462 -0.01403657 0.04753414
v 0.02856000 -0.02104580 0.04480317
v 0.02856462 -0.02762284 0.04115213
v 0.02857000 -0.03534126 0.03474931
v 0.02856000 -0.04014440 0.02895992
v 0.02857000 0.00418072 -0.04938665
v 0.02856462 0.01403657 -0.04753414
v 0.02856000 0.02104580 -0.04480317
v 0.02856462 0.02762284 -0.04115213
v 0.02857000 0.03534126 -0.03474931
v 0.02856000 0.04014440 -0.02895992
v 0.02853818 0.04405484 -0.02269337
v 0.02857000 0.04776442 -0.01323175
v 0.02856462 0.04945022 -0.00334599
v 0.02856000 0.04932358 0.00417541
v 0.02856462 0.04818406 0.01161102
v 0.02856364 0.04486044 0.02107273
v 0.02853889 -0.04395125 0.02292164
v 0.02857000 -0.04776442 0.01323175
v 0.02856462 -0.04945022 0.00334599
v 0.02856000 -0.04932358 -0.00417541
v 0.02856462 -0.04818406 -0.01161102
v 0.02857000 -0.04486044 -0.02107273
v 0.02856000 -0.04109960 -0.02758755
v 0.02856462 -0.03649471 -0.03353589
v 0.02857000 -0.02899693 -0.04019574
v 0.02856462 -0.02031210 -0.04520993
v 0.02856000 -0.01321485 -0.04770344
v 0.02855833 -0.00584630 -0.04921728
v 0.02855083 0.04121322 0.02912928
v 0.02855039 0.03773390 0.03356418
v 0.02853894 -0.04285089 0.02669099
v 0.02854305 0.03251170 0.03862734
v 0.02855098 0.05014344 0.00571818
v 0.02854879 0.04921223 0.01133263
v 0.02855004 0.05022573 -0.00493201
v 0.02854336 0.05048724 0.00039055
v 0.02855102 0.01212958 0.04898923
v 0.02854927 0.00656614 0.05007207
v 0.02853894 0.04285089 -0.02669099
v 0.02854517 -0.03357742 0.03770684
v 0.02855320 -0.03863633 0.03252444
v 0.02854654 0.02692183 0.04271496
v 0.02852905 0.02166043 0.04557877
v 0.02855428 0.01722661 0.04746572
v 0.02854470 0.04705921 0.01829306
v 0.02854510 0.04411279 0.02456176
v 0.02854786 0.04613142 -0.02052850
v 0.02854747 0.04805479 -0.01540983
v 0.02854611 0.04942751 -0.01030674
v 0.02854822 0.01467389 -0.04832179
v 0.02854305 -0.03251170 -0.03862734
v 0.02854654 -0.02692183 -0.04271496
v 0.02855083 -0.04121322 -0.02912928
v 0.02855039 -0.03773390 -0.03356418
v 0.02855098 -0.05014344 -0.00571818
v 0.02854879 -0.04921223 -0.01133263
v 0.02854249 -0.02483831 0.04395581
v 0.02855162 -0.02929200 0.04109639
v 0.02855257 0.01999469 -0.04633814
v 0.02854249 0.02483831 -0.04395581
v 0.02855102 -0.01212958 -0.04898923
v 0.02854927 -0.00656614 -0.05007207
v 0.02855004 -0.05022573 0.00493201
v 0.02854336 -0.05048724 -0.00039055
v 0.02854822 -0.01467389 0.04832179
v 0.02855257 -0.01999469 0.04633814
v 0.02855162 0.02929200 -0.04109639
v 0.02854517 0.03357742 -0.03770684
v 0.02855320 0.03863633 -0.03252444
v 0.02852905 -0.02166043 -0.04557877
v 0.02855428 -0.01722661 -0.04746572
v 0.02854470 -0.04705921 -0.01829306
v 0.02854510 -0.04411279 -0.02456176
v 0.02854786 -0.04613142 0.02052850
v 0.02854747 -0.04805479 0.01540983
v 0.02854611 -0.04942751 0.01030674
v 0.02854419 -0.00070471 0.05048430
v 0.02854563 -0.00760662 0.04991395
v 0.02854419 0.00070471 -0.05048430
v 0.02854563 0.00760662 -0.04991395
v 0.02868242 0.04685799 -0.02259547
v 0.02850135 0.04430208 -0.02795046
v 0.02864456 0.05100765 -0.01024223
v 0.02858604 0.04939396 -0.01664670
v 0.02850000 0.04879160 -0.00880065
v 0.02850000 0.04657028 -0.01677673
v 0.02850000 0.03901458 -0.03055784
v 0.02853970 0.05132324 0.00907492
v 0.02850000 0.04742641 0.01445014
v 0.02852489 0.04917347 0.01725716
v 0.02855801 0.05198100 -0.00381882
v 0.02850000 0.04270543 0.02518567
v 0.02857039 0.04697891 0.02243142
v 0.02854954 0.04315298 0.02919489
v 0.02853133 -0.00095584 0.05211596
v 0.02850000 -0.00143809 0.04955808
v 0.02852578 -0.00961362 0.05120988
v 0.02850153 -0.03796610 0.03592461
v 0.02850151 -0.02671802 0.04482923
v 0.02850000 -0.03344197 0.03660199
v 0.02850000 -0.02683648 0.04159391
v 0.02853480 -0.02938507 -0.04354959
v 0.02850000 -0.02892877 -0.04026410
v 0.02856877 -0.02417838 -0.04665471
v 0.02850000 -0.01866195 -0.04593259
v 0.02850000 0.01584917 -0.04697739
v 0.02848818 0.01632755 -0.05003595
v 0.02850000 0.00779180 -0.04888290
v 0.02852165 0.00513609 -0.05227824
v 0.02850000 -0.00150032 -0.04955624
v 0.02852478 -0.00334325 -0.05247303
v 0.02850000 -0.00971692 -0.04853691
v 0.02854962 -0.01460509 -0.05056829
v 0.02850264 0.03908708 -0.03492761
v 0.02850194 0.03282430 -0.04091852
v 0.02850000 0.03377084 -0.03619089
v 0.02850000 0.02644010 -0.04194035
v 0.02861893 0.05188362 0.00452639
v 0.02850000 0.04949370 0.00290607
v 0.02850000 0.03559491 0.03451194
v 0.02856472 0.03915438 0.03430568
v 0.02856928 0.03471669 0.03885261
v 0.02850000 -0.01067397 0.04833546
v 0.02850000 -0.01860429 0.04595598
v 0.02849975 -0.04547725 0.02577070
v 0.02850000 -0.03964011 0.02964645
v 0.02850000 -0.03757694 -0.03234262
v 0.02856482 -0.03914771 -0.03504821
v 0.02855930 -0.04251136 -0.03087303
v 0.02855735 -0.03471237 -0.03947456
v 0.02850152 0.02551904 -0.04588888
v 0.02853403 0.01417905 0.05008958
v 0.02850000 0.01590814 0.04695746
v 0.02852513 0.00806399 0.05148087
v 0.02850000 0.00682449 0.04902730
v 0.02852102 -0.01735420 0.04913722
v 0.02850566 -0.04973121 0.01609188
v 0.02850000 -0.04646543 0.01729265
v 0.02850000 -0.04880354 0.00827434
v 0.02850794 -0.05177675 0.00751632
v 0.02850817 -0.05232649 -0.00031845
v 0.02850000 -0.04957893 0.00003112
v 0.02856349 0.02038421 0.04794709
v 0.02850000 0.02649272 0.04190713
v 0.02855089 0.02784509 0.04404119
v 0.02850000 -0.04819916 -0.01161519
v 0.02859426 -0.05182885 -0.00865850
v 0.02859951 -0.04577273 -0.02586838
v 0.02857599 -0.04874754 -0.01962035
v 0.02850000 -0.04412246 -0.02261150
v 0.03350487 -0.04365882 0.02924684
v 0.03271848 -0.04133972 0.03243095
v 0.03350000 -0.04546633 0.02625000
v 0.03271554 -0.04548712 0.02626362
v 0.03350000 -0.03818712 0.03602769
v 0.03273471 -0.03562870 0.03862853
v 0.03277047 -0.02654203 0.04544538
v 0.03349842 -0.03122397 0.04229705
v 0.03350000 -0.02356196 0.04691571
v 0.03279372 -0.01681120 0.04978177
v 0.03349820 -0.01453608 0.05054669
v 0.03280707 -0.00877106 0.05180968
v 0.03350125 -0.00339011 0.05243076
v 0.03283808 0.00027239 0.05255068
v 0.03349900 0.00338987 0.05248517
v 0.03285526 0.00911699 0.05175510
v 0.03349840 0.01559206 0.05023192
v 0.03288431 0.01949112 0.04886500
v 0.03349750 0.02639969 0.04546629
v 0.03291218 0.02895350 0.04385543
v 0.03350331 0.03546994 0.03876394
v 0.03292957 0.03591162 0.03837021
v 0.03349834 0.04057772 0.03346343
v 0.03295001 0.04313514 0.03011794
v 0.03349771 0.04702964 0.02350397
v 0.03298640 0.04825219 0.02081800
v 0.03350119 0.05114746 0.01222435
v 0.03300443 0.05106145 0.01243654
v 0.03302064 0.05236723 0.00422021
v 0.03350000 0.05241118 0.00305260
v 0.03349779 0.05221499 -0.00615685
v 0.03307501 0.05221726 -0.00670869
v 0.03350078 0.04946556 -0.01785681
v 0.03307900 0.04949042 -0.01768724
v 0.03309935 0.04490162 -0.02740770
v 0.03350000 0.04546633 -0.02625000
v 0.03349734 0.04027094 -0.03380213
v 0.03313119 0.03858538 -0.03567329
v 0.03325450 0.03374742 -0.04029569
v 0.03316331 0.02880128 -0.04395729
v 0.03349921 0.02607150 -0.04567663
v 0.03318065 0.02098701 -0.04818088
v 0.03353351 0.01390932 -0.05068285
v 0.03320530 0.01279780 -0.05096431
v 0.03327407 0.00499696 -0.05233164
v 0.03335601 -0.01609381 -0.05009437
v 0.03325484 -0.00876755 -0.05181950
v 0.03336859 -0.00289456 -0.05253134
v 0.02361832 0.04399417 -0.02262759
v 0.01500000 0.04385132 -0.02270824
v 0.01500000 0.04657028 -0.01677673
v 0.02362962 -0.00727296 -0.04900247
v 0.01500000 -0.00805222 -0.04871678
v 0.01500000 -0.00046335 -0.04958634
v 0.02360985 -0.03508892 -0.03484184
v 0.01500000 -0.03514807 -0.03468579
v 0.01500000 -0.03080809 -0.03874418
v 0.02361509 -0.02246650 0.04409500
v 0.01500000 -0.02212472 0.04414610
v 0.01500000 -0.02683648 0.04159391
v 0.02361152 0.04888287 0.00774402
v 0.01500000 0.04882152 0.00739806
v 0.01500000 0.04716735 0.01532304
v 0.02361750 -0.04403605 0.02260623
v 0.01500000 -0.04403955 0.02260558
v 0.02370000 -0.04818455 0.01167565
v 0.01500000 -0.04748236 0.01398841
v 0.01500000 -0.04930264 0.00513749
v 0.02370000 -0.04943962 0.00244411
v 0.02361121 -0.04938074 -0.00280979
v 0.01500000 -0.04929876 -0.00289652
v 0.02361758 -0.04887031 -0.00751283
v 0.01500000 -0.04888120 -0.00751928
v 0.02370000 -0.04719672 -0.01492380
v 0.01500000 -0.04611471 -0.01820729
v 0.02370000 -0.04412246 -0.02261150
v 0.01500000 -0.04237090 -0.02559212
v 0.02361606 -0.03827953 -0.03130018
v 0.01500000 -0.03825994 -0.03129776
v 0.02370840 -0.02881123 -0.04034074
v 0.01500000 -0.02304632 -0.04389691
v 0.02370000 -0.02084571 -0.04489662
v 0.02361904 -0.01312227 -0.04778352
v 0.01500000 -0.01260554 -0.04782414
v 0.02370000 0.00437144 -0.04938585
v 0.01500000 0.01079534 -0.04837564
v 0.02370000 0.01351865 -0.04761823
v 0.02361139 0.01793233 -0.04609742
v 0.01500000 0.01799022 -0.04598912
v 0.02361981 0.02226193 -0.04415797
v 0.01500000 0.02228195 -0.04416799
v 0.02370000 0.03121491 -0.03851884
v 0.01500000 0.02925339 -0.03993106
v 0.01500000 0.03585868 -0.03419617
v 0.02370000 0.03781421 -0.03194268
v 0.01500000 0.04158697 -0.02668333
v 0.02361200 0.04159819 -0.02674191
v 0.02370282 0.04741551 -0.01448196
v 0.01500000 0.04896575 -0.00777348
v 0.02370000 0.04920800 -0.00536865
v 0.02361881 0.04939185 0.00278696
v 0.01500000 0.04944426 0.00241917
v 0.02371402 0.04729314 0.01482402
v 0.02371811 0.04269339 0.02521914
v 0.01500000 0.04381258 0.02303710
v 0.01500000 0.03834886 0.03126688
v 0.02361199 0.03830204 0.03130044
v 0.02361668 0.03508649 0.03483965
v 0.01500000 0.03511482 0.03486795
v 0.02370000 0.02649272 0.04190713
v 0.01500000 0.02845876 0.04050122
v 0.01500000 0.02054765 0.04511465
v 0.02370000 0.01814939 0.04605268
v 0.02361978 0.01298464 0.04776536
v 0.01500000 0.01248146 0.04778160
v 0.02361086 0.00793718 0.04878188
v 0.01500000 0.00797077 0.04879688
v 0.02370000 -0.00143809 0.04955808
v 0.01500000 -0.00247909 0.04951692
v 0.02370000 -0.01067397 0.04833546
v 0.01500000 -0.01067397 0.04833546
v 0.02361337 -0.01792700 0.04609498
v 0.01500000 -0.01793381 0.04607124
v 0.02371189 -0.02909207 0.04013157
v 0.01500000 -0.03420369 0.03589121
v 0.02370000 -0.03585550 0.03412672
v 0.02361794 -0.04159633 0.02683191
v 0.01500000 -0.04158764 0.02678761
v -0.03043741 0.05495987 0.01136818
v -0.03165586 0.05493413 0.00728194
v -0.03028718 0.05500002 0.00827063
v -0.01124077 0.05495128 -0.03049441
v -0.00734464 0.05495163 -0.03163737
v -0.00824311 0.05500001 -0.03014576
v 0.03098696 0.05495362 -0.00968789
v 0.03160340 0.05495939 -0.00739818
v 0.03014576 0.05500001 -0.00824311
v 0.02782427 0.05494921 0.01679813
v 0.03033308 0.05500000 0.00827502
v 0.03045842 0.05496152 0.01130481
v 0.02925219 0.05495397 -0.01415319
v 0.02689391 0.05494866 -0.01819075
v 0.03163876 0.05494573 0.00730367
v 0.00960611 0.05494915 0.03101225
v 0.00731631 0.05494715 0.03163355
v 0.00827063 0.05500001 0.03028718
v -0.03099186 0.05495491 -0.00966993
v -0.03020826 0.05500000 -0.00824414
v -0.03160157 0.05496257 -0.00738669
v 0.00792646 0.05502699 -0.03114677
v 0.01123043 0.05495299 -0.03049619
v 0.00813378 0.05500000 -0.02980556
v 0.01544118 0.05495161 -0.02855834
v 0.01949095 0.05495330 -0.02600559
v -0.02780087 0.05495148 0.01683168
v -0.02710155 0.05497111 -0.01786302
v -0.02928496 0.05494052 -0.01410035
v -0.00824414 0.05500000 0.03020826
v -0.00738265 0.05498195 0.03160407
v -0.01129565 0.05493326 0.03049126
v -0.01691642 0.05495606 0.02774352
v -0.02076552 0.05495145 0.02496180
v 0.02486076 0.05497358 0.02087379
v 0.02576718 0.05500000 -0.00609293
v 0.02399738 0.05495430 -0.02190983
v 0.01932937 0.05499995 -0.00413907
v 0.00609293 0.05500000 0.02576717
v 0.01498046 0.05500000 0.00356531
v 0.01482659 0.05499999 -0.00353042
v 0.00556167 0.05499998 -0.02439040
v -0.01498046 0.05500000 -0.00356531
v -0.00609293 0.05500000 -0.02576717
v -0.02401448 0.05495353 -0.02189291
v 0.00229057 0.05500000 0.01389004
v 0.01390809 0.05500000 -0.00254194
v 0.00346137 0.05499999 0.01458312
v 0.02074748 0.05499999 0.00438875
v 0.01407256 0.05495005 0.02929746
v 0.01840339 0.05497659 0.02673402
v -0.02576717 0.05500000 0.00609293
v -0.02416738 0.05495632 0.02172224
v -0.01932943 0.05499995 0.00413909
v 0.01392235 0.05500000 0.00269666
v -0.01470643 0.05500000 0.00349978
v 0.00342157 0.05499998 -0.01474512
v 0.00256383 0.05500000 -0.01389723
v -0.02074747 0.05499999 -0.00438874
v -0.01544092 0.05495250 -0.02855678
v -0.01946429 0.05495583 -0.02602406
v 0.00413908 0.05499995 0.01932939
v -0.00438874 0.05499998 0.02074746
v -0.00269666 0.05500000 0.01392235
v -0.01389645 0.05500000 0.00242038
v -0.00356531 0.05500000 0.01498045
v -0.00388441 0.05500005 -0.01821810
v -0.01392235 0.05500000 -0.00269666
v -0.00352585 0.05500000 -0.01481699
v -0.00254193 0.05500000 -0.01390809
v 0.01446873 -0.05500251 0.00804516
v 0.01540864 -0.05436545 0.00611304
v 0.01636729 -0.05499398 0.00259610
v 0.01415809 -0.05416768 0.00855743
v 0.01265350 -0.05360916 0.01068913
v 0.01115722 -0.05500017 0.01223283
v 0.01068926 -0.05329457 0.01261923
v 0.00659360 -0.05500007 0.01518767
v 0.00843304 -0.05284974 0.01422196
v 0.00599559 -0.05243212 0.01541898
v 0.00127784 -0.05500003 0.01650718
v 0.00382516 -0.05205536 0.01615177
v -0.00080866 -0.05209091 0.01655657
v -0.00402561 -0.05500003 0.01605806
v -0.00458521 -0.05233334 0.01588470
v -0.00916800 -0.05500058 0.01380478
v -0.00714100 -0.05264547 0.01490992
v -0.00956087 -0.05306095 0.01349272
v -0.01385634 -0.05500873 0.00917785
v -0.01163204 -0.05351316 0.01174929
v -0.01350238 -0.05364654 0.00971266
v -0.01583066 -0.05492929 0.00462725
v -0.01485550 -0.05436546 0.00728171
v -0.01437972 -0.05406834 -0.00824589
v -0.01561882 -0.05494690 -0.00541430
v -0.01300299 -0.05500012 -0.01024657
v -0.01265223 -0.05376171 -0.01065345
v -0.00903121 -0.05500010 -0.01387624
v -0.01074226 -0.05330713 -0.01256846
v -0.00853936 -0.05287077 -0.01415995
v -0.00605066 -0.05228162 -0.01543700
v -0.00269653 -0.05500013 -0.01643234
v -0.00333952 -0.05202351 -0.01623838
v -0.00053757 -0.05198078 -0.01654954
v 0.00227702 -0.05218482 -0.01637036
v 0.00407032 -0.05500004 -0.01604487
v 0.00490636 -0.05222452 -0.01581419
v 0.00917962 -0.05499991 -0.01377496
v 0.00740356 -0.05269920 -0.01477988
v 0.00967663 -0.05294215 -0.01343441
v 0.01320493 -0.05499925 -0.00996548
v 0.01352467 -0.05382192 -0.00958378
v 0.01172795 -0.05353420 -0.01166029
v 0.01562749 -0.05499211 -0.00542960
v 0.01605243 -0.05443843 -0.00441804
v 0.01489166 -0.05438212 -0.00720726
v 0.01874015 0.04707125 -0.02695499
v 0.01347322 0.04524153 -0.02991563
v 0.03350000 0.04354345 -0.03227395
v 0.00724395 0.04383642 -0.03194094
v 0.03350023 0.03801658 -0.03885101
v -0.00047929 0.04342156 -0.03257487
v -0.03450000 0.00103190 -0.05419018
v -0.03405442 -0.00016130 -0.05420572
v -0.03450000 0.00720239 -0.05371932
v -0.03285943 0.00237146 -0.05414862
v -0.03114789 0.00303116 -0.05411504
v -0.02882841 0.00221063 -0.05415504
v -0.03450017 0.03837203 -0.03844175
v -0.03450000 0.02805817 -0.04646601
v 0.03350000 0.02711187 -0.04702444
v -0.03450000 0.01680461 -0.05161352
v 0.03350000 0.01575641 -0.05194311
v 0.03350000 0.00720239 -0.05371932
v 0.03349957 -0.00241971 -0.05414642
v -0.02805247 -0.00028168 -0.05420056
v -0.02926594 -0.00252000 -0.05414056
v -0.03450000 -0.00515204 -0.05395458
v -0.03216568 -0.00288677 -0.05412128
v -0.03450353 -0.04452257 -0.03095677
v -0.03284682 -0.04570463 -0.02913015
v -0.03045982 -0.04531727 -0.02972060
v 0.03350000 -0.04228319 -0.03390829
v 0.03350000 -0.03634488 -0.04031627
v -0.03450000 -0.03552136 -0.04104369
v 0.03350000 -0.02626883 -0.04750052
v -0.03450000 -0.02530195 -0.04802252
v 0.03350000 -0.01482742 -0.05221589
v -0.03450000 -0.01376744 -0.05250533
v 0.03349977 -0.04750247 -0.02615662
v -0.02819364 -0.04635006 -0.02810313
v -0.02835723 -0.04762504 -0.02587760
v -0.02972277 -0.04824535 -0.02469900
v -0.03216527 -0.04831337 -0.02456067
v -0.03450780 -0.05039492 -0.02038986
v -0.03404848 -0.04701212 -0.02696702
v 0.03349975 -0.05244123 -0.01391367
v -0.01001485 -0.05250496 -0.01370456
v -0.00509049 -0.05169218 -0.01634341
v 0.00014871 -0.05148723 -0.01699898
v 0.00376640 -0.05165936 -0.01651900
v 0.00767890 -0.05212338 -0.01505076
v 0.01129307 -0.05274891 -0.01271595
v 0.01446705 -0.05344443 -0.00923272
v 0.01595720 -0.05391746 -0.00613476
v 0.03349977 -0.05418995 -0.00265384
v 0.01694996 -0.05423082 -0.00217595
v 0.01708307 -0.05418010 0.00263361
v 0.03349904 -0.05353366 0.00875355
v 0.01522566 -0.05372034 0.00772941
v 0.01203751 -0.05290891 0.01203854
v 0.03350048 -0.05020032 0.02077428
v 0.00744549 -0.05207426 0.01524152
v 0.00056056 -0.05158024 0.01682372
v -0.00361525 -0.05167195 0.01652196
v -0.03450175 -0.05009497 0.02106019
v -0.00813699 -0.05218567 0.01484089
v -0.02882137 -0.04797101 0.02522383
v -0.02811365 -0.04640360 0.02800594
v 0.03350000 -0.04531492 0.02973547
v -0.03125083 -0.04838875 0.02441381
v -0.03023389 -0.04539245 0.02961490
v -0.03450014 -0.04478151 0.03065833
v -0.03272371 -0.04560048 0.02929431
v -0.03394581 -0.04677289 0.02739436
v -0.03335977 -0.04785601 0.02544448
v -0.03218888 0.00288050 0.05411937
v -0.03404906 0.00015063 0.05419773
v -0.03450116 0.00417368 0.05405134
v -0.03450793 -0.00687980 0.05389434
v -0.03285880 -0.00237142 0.05414823
v -0.02818825 -0.00112030 0.05419041
v -0.02836475 0.00143344 0.05418585
v 0.03350000 0.00206343 0.05416071
v -0.03045899 -0.00308210 0.05410824
v 0.03350000 -0.03926194 0.03748135
v -0.03450000 -0.03740228 0.03922639
v -0.03450000 -0.03066511 0.04478841
v 0.03350000 -0.02975223 0.04539996
v -0.03450000 -0.01972374 0.05057000
v 0.03350000 -0.01869607 0.05095889
v 0.03350009 -0.00618645 0.05394867
v 0.03350027 0.01029246 0.05338695
v -0.02972334 0.00273143 0.05412985
v -0.03450777 0.04293280 0.03318673
v 0.03350000 0.03398400 0.04232539
v -0.03450000 0.03312029 0.04300462
v 0.03350000 0.02351424 0.04892271
v -0.03450000 0.02574857 0.04769330
v -0.03450000 0.01674245 0.05163373
v -0.00706183 0.04394111 0.03183667
v -0.00119179 0.04324049 0.03272318
v 0.03349991 0.04319672 0.03278008
v 0.00543422 0.04377167 0.03212057
v 0.00948509 0.04441368 0.03119068
v 0.01684623 0.04659063 0.02792202
v 0.02247134 0.04865020 0.02405620
v 0.03350004 0.04921465 0.02289318
v 0.02687318 0.05081125 0.01905324
v 0.02934770 0.05213181 0.01504878
v 0.03350709 0.05310776 0.01126487
v 0.03100598 0.05308234 0.01130877
v 0.03234341 0.05372213 0.00745812
v 0.03339179 0.05415954 0.00222634
v 0.03349901 0.05383432 -0.00651792
v 0.03295042 0.05433274 -0.00019584
v 0.03251028 0.05385089 -0.00686561
v 0.03350005 0.05124076 -0.01784422
v 0.03011010 0.05258361 -0.01349590
v 0.02790433 0.05124249 -0.01775833
v 0.02423926 0.04945550 -0.02234335
v 0.03350000 0.04693858 -0.02710000
v -0.00683734 0.04372631 -0.03206206
v -0.01382214 0.04533374 -0.02977452
v -0.02839671 0.04621301 -0.02828679
v -0.02805240 0.04711217 -0.02681622
v -0.02970256 0.04551527 -0.02942806
v -0.03450000 0.04354345 -0.03227395
v -0.03205255 0.04541265 -0.02958359
v -0.03438736 0.04692464 -0.02718376
v -0.03388157 0.04745178 -0.02618167
v -0.03450576 0.05078568 -0.01930983
v -0.03176623 0.04834394 -0.02450342
v -0.02927766 0.04816519 -0.02484523
v -0.02493532 0.04980704 -0.02148255
v -0.02070028 0.04784036 -0.02558407
v -0.03450259 0.04920255 0.02285846
v -0.03395462 0.04711360 0.02680572
v -0.03322686 0.04584882 0.02891061
v -0.03114809 0.04534929 0.02968202
v -0.02928444 0.04564306 0.02922918
v -0.02796906 0.04687035 0.02724585
v -0.01236048 0.04513128 0.03018591
v -0.02134709 0.04813635 0.02499203
v -0.01754733 0.04662132 0.02772006
v -0.02425114 0.04949232 0.02221154
v -0.02892287 0.04797697 0.02521137
v -0.02640253 0.05057323 0.01964764
v -0.03050237 0.04836275 0.02446690
v -0.03272475 0.04814206 0.02489518
v -0.03449957 0.05385760 -0.00663337
v -0.03200443 0.05356830 -0.00866100
v -0.03280289 0.05412269 -0.00401717
v -0.03006314 0.05254734 -0.01356913
v -0.02779849 0.05129540 -0.01771108
v -0.02848695 0.05166508 0.01661993
v -0.03054084 0.05282026 0.01246938
v -0.03450121 0.05316879 0.01090672
v -0.03221573 0.05364874 0.00805118
v -0.03450000 0.05413861 0.00257894
v -0.03305928 0.05413496 0.00332774
v -0.03299128 0.05428602 -0.00068800
v -0.03449972 -0.05413219 0.00352594
v -0.01636700 -0.05411406 0.00448993
v -0.01701799 -0.05423240 0.00156757
v -0.03450000 -0.05267219 0.01277814
v -0.01179492 -0.05289283 0.01218404
v -0.01532975 -0.05375314 0.00739950
v -0.01639723 -0.05396979 -0.00542817
v -0.01376092 -0.05333374 -0.01004170
v -0.03449897 -0.05364267 -0.00799592
v -0.01687650 -0.05429025 -0.00139608
v 0.02360000 0.04775858 0.00453737
v 0.02360000 0.04792139 0.00612699
v 0.02360000 0.03580622 0.03182805
v 0.02360000 0.01114663 0.04707996
v 0.02360000 0.00975402 0.04697508
v 0.02360000 -0.02032046 0.04360859
v 0.02360000 -0.01883965 0.04429748
v 0.02360000 -0.04127901 0.02476373
v 0.02360000 -0.04201463 0.02339380
v 0.02360000 -0.04775858 -0.00453737
v 0.02360000 -0.04789567 -0.00607817
v 0.02360000 -0.03580622 -0.03182805
v 0.02360000 -0.00844693 -0.04820614
v 0.02360000 -0.01114663 -0.04707996
v 0.02360000 -0.00975402 -0.04697508
v 0.02360000 0.02024002 -0.04362156
v 0.02360000 0.01883965 -0.04429748
v 0.02360000 0.04127901 -0.02476373
v 0.02360000 0.04201463 -0.02339380
v -0.01200000 -0.02026657 0.01870124
v -0.01197174 -0.02290656 0.01819445
v -0.01200000 -0.02505366 0.01152322
v -0.01190515 -0.02575756 0.01416534
v -0.01200000 -0.01349565 0.02404866
v -0.01192032 -0.01920787 0.02225015
v -0.01200000 0.01152322 0.02505366
v -0.01191226 0.01392914 0.02589441
v -0.01196570 0.00874980 0.02793589
v -0.01200000 0.00321721 0.02738832
v -0.01200000 0.02404866 0.01349565
v -0.01191792 0.02659883 0.01251266
v -0.01188316 0.02479003 0.01582433
v -0.01200000 0.01870124 0.02026657
v -0.01200000 -0.00540368 0.02704201
v -0.01197274 -0.00659173 0.02850087
v -0.01196570 -0.01285915 0.02629858
v -0.01188519 0.00429920 0.02909162
v -0.01192657 -0.00164310 0.02932678
v -0.01200000 0.02738832 -0.00321721
v -0.01191633 0.02923620 0.00309159
v -0.01200000 0.02704201 0.00540368
v -0.01189855 0.02858108 0.00682345
v -0.01193099 0.02066711 0.02090600
v -0.01200000 0.02505366 -0.01152322
v -0.01191513 0.02798317 -0.00900029
v -0.01191368 0.02894818 -0.00514494
v -0.01200000 0.02026657 -0.01870124
v -0.01196715 0.02457551 -0.01590287
v -0.01200000 0.00540368 -0.02704201
v -0.01191811 0.00496834 -0.02897166
v -0.01189876 0.00827050 -0.02819621
v -0.01200000 0.01349565 -0.02404866
v -0.01198510 0.01576603 -0.02462363
v -0.01200000 -0.00321721 -0.02738832
v -0.01197274 -0.00285371 -0.02911368
v -0.01192507 -0.02800296 0.00885774
v -0.01200000 -0.02738832 0.00321721
v -0.01196798 -0.02913671 0.00265723
v -0.01192673 0.01957933 -0.02189280
v -0.01200000 -0.01152322 -0.02505366
v -0.01189866 -0.01342880 -0.02613688
v -0.01196570 -0.00874980 -0.02793589
v -0.01200000 -0.02404866 -0.01349565
v -0.01192507 -0.02639946 -0.01287415
v -0.01191776 -0.02323749 -0.01800242
v -0.01200000 -0.01870124 -0.02026657
v -0.01189850 -0.02096960 -0.02058420
v -0.01191700 -0.01835078 -0.02297231
v -0.01191361 -0.02924665 -0.00301242
v -0.01200000 -0.02704201 -0.00540368
v -0.01189491 -0.02846451 -0.00741387
v 0.00569970 0.02800862 -0.01342411
v -0.00600664 0.02976413 -0.00895465
v -0.00594321 0.02572916 -0.01748037
v 0.00569990 0.03019909 -0.00702011
v 0.00570030 0.03108559 -0.00048751
v -0.00600571 0.03108175 0.00020721
v 0.00570011 0.02988243 0.00859257
v -0.00600486 0.02964301 0.00935081
v 0.00569962 0.02608461 0.01692906
v -0.00600407 0.02557552 0.01766533
v 0.00569884 0.02002129 0.02379756
v -0.00600335 0.01924004 0.02441343
v 0.00569775 0.01221875 0.02860108
v -0.00600271 0.01119839 0.02899676
v 0.00569637 0.00335448 0.03092214
v -0.00600214 0.00216372 0.03100893
v 0.00569468 -0.00580159 0.03055899
v -0.00600166 -0.00706292 0.03027157
v 0.00569270 -0.01445428 0.02754326
v -0.00600125 -0.01566335 0.02685009
v 0.00569041 -0.02185223 0.02213714
v -0.00600000 -0.02108536 0.02272461
v -0.00597335 -0.02567957 0.01751707
v 0.00570225 -0.02679975 0.01570999
v -0.00600000 -0.02885709 0.01132557
v 0.00569922 -0.03003811 0.00808041
v -0.00600048 -0.03075437 0.00452444
v 0.00569901 -0.03108896 -0.00102812
v -0.00600035 -0.03072310 -0.00473286
v 0.00569879 -0.02943813 -0.01004701
v -0.00600028 -0.02796699 -0.01357060
v 0.00569856 -0.02522937 -0.01819223
v -0.00600026 -0.02273033 -0.02120491
v 0.00569832 -0.01882887 -0.02475583
v -0.00600030 -0.01547747 -0.02695859
v 0.00569808 -0.01079340 -0.02916755
v -0.00600039 -0.00685159 -0.03032116
v 0.00569784 -0.00182172 -0.03104445
v -0.00600054 0.00238227 -0.03099419
v 0.00569759 0.00730623 -0.03022409
v -0.00600073 0.01140498 -0.02891778
v 0.00569735 0.01579709 -0.02677864
v -0.00600097 0.01941614 -0.02427593
v 0.00568174 0.02296880 -0.02094655
v -0.00600234 0.02493411 -0.00925693
v -0.00500018 0.02452717 -0.01033031
v -0.00600229 0.02069841 -0.01665555
v -0.00500000 0.02005199 -0.01741140
v -0.00600000 0.01452532 -0.02225725
v -0.00500000 0.01591967 -0.02118523
v -0.00500000 0.01006603 -0.02459767
v -0.00600000 0.00839170 -0.02513622
v -0.00600000 0.00251806 -0.02645808
v -0.00500000 0.00175871 -0.02651937
v -0.00600000 -0.00425090 -0.02615683
v -0.00500000 -0.00672964 -0.02571152
v -0.00600000 -0.01006604 -0.02459767
v -0.00500000 -0.01231516 -0.02346458
v -0.00600000 -0.01733729 -0.02014420
v -0.00500000 -0.01790752 -0.01963902
v -0.00600000 -0.02282408 -0.01361733
v -0.00500000 -0.02320499 -0.01295757
v -0.00600000 -0.02545373 -0.00737276
v -0.00500000 -0.02545373 -0.00737276
v -0.00600000 -0.02653801 -0.00145066
v -0.00500000 -0.02656868 -0.00068945
v -0.00600000 -0.02563165 0.00702773
v -0.00500000 -0.02596445 0.00530068
v -0.00500000 -0.02384581 0.01173660
v -0.00600000 -0.02208710 0.01478277
v -0.00500000 -0.02052703 0.01675980
v -0.00600000 -0.01626919 0.02101628
v -0.00500000 -0.01566016 0.02147393
v -0.00600000 -0.00877673 0.02508664
v -0.00500000 -0.00805411 0.02532788
v -0.00600000 -0.00038091 0.02657490
v -0.00500000 -0.00213236 0.02641407
v -0.00500000 0.00463888 0.02616966
v -0.00600000 0.00805412 0.02532788
v -0.00500000 0.01038712 0.02437946
v -0.00600000 0.01566015 0.02147394
v -0.00500000 0.01626919 0.02101628
v -0.00600000 0.02052703 0.01675980
v -0.00500000 0.02208710 0.01478277
v -0.00600000 0.02384581 0.01173660
v -0.00500000 0.02563165 0.00702772
v -0.00600000 0.02596445 0.00530068
v -0.00600000 0.02656868 -0.00068946
v -0.00500000 0.02653801 -0.00145066
v 0.02580000 -0.04167709 0.02685315
v 0.02580000 -0.04681852 0.01631249
v 0.02580000 -0.04880354 0.00827434
v 0.02580000 -0.04956864 -0.00101065
v 0.02580000 -0.04863053 -0.00923694
v 0.02580000 -0.04611471 -0.01820729
v 0.02580000 -0.04054790 -0.02852962
v 0.02580000 -0.03271227 -0.03725559
v 0.02580000 -0.02600946 -0.04211601
v 0.02580000 -0.01769268 -0.04631458
v 0.02580000 -0.00971692 -0.04853691
v 0.02580000 -0.00045870 -0.04957682
v 0.02580000 0.00779180 -0.04888290
v 0.02580000 0.01683277 -0.04663400
v 0.02580000 0.02731553 -0.04137552
v 0.02580000 0.03626981 -0.03380196
v 0.02580000 0.04316395 -0.02439936
v 0.02580000 0.04657028 -0.01677673
v 0.02580000 0.04896575 -0.00777348
v 0.02580000 0.04942171 0.00394540
v 0.02580000 0.04711232 0.01544348
v 0.02580000 0.04216679 0.02607744
v 0.02580000 0.03486188 0.03525225
v 0.02580000 0.02560630 0.04245455
v 0.02580000 0.01491795 0.04728135
v 0.02580000 0.00682449 0.04902730
v 0.02580000 -0.00247909 0.04951692
v 0.02580000 -0.01404057 0.04754928
v 0.02580000 -0.02481644 0.04292104
v 0.02580000 -0.03420369 0.03589121
v 0.01496871 0.03668607 0.00092180
v 0.01500000 0.04765831 0.00549136
v 0.01500000 0.04823209 0.00392234
v 0.01500000 0.04193225 -0.02346341
v 0.01497059 0.03001330 -0.02111891
v 0.01486340 0.03450131 -0.01105749
v 0.01497985 -0.03367896 -0.01428735
v 0.01500000 -0.04786025 -0.00599748
v 0.01486340 -0.03563990 -0.00651196
v 0.01500000 -0.04779874 -0.00443194
v 0.01497919 -0.03629742 0.00622960
v 0.01496582 -0.00081862 0.03677034
v 0.01500000 0.00921801 0.04724645
v 0.01500000 0.01072830 0.04687646
v 0.01498021 0.01316133 0.03438151
v 0.01500000 0.03532865 0.03245545
v 0.01496963 0.02451319 0.02726477
v 0.01500000 0.03656542 0.03152634
v 0.01493386 0.03409853 0.01300497
v 0.01500000 0.04126980 -0.02486395
v 0.01498251 0.02114880 -0.03015809
v 0.01500000 0.02013246 -0.04362946
v 0.01496045 0.00800725 -0.03588072
v 0.01500000 0.01877329 -0.04437316
v 0.01497580 -0.00214705 -0.03651120
v 0.01497629 -0.02051587 0.03063085
v 0.01500000 -0.02013246 0.04362946
v 0.01500000 -0.01877329 0.04437316
v 0.01498107 -0.01033052 0.03511519
v 0.01500000 -0.00921801 -0.04724645
v 0.01496520 -0.00977712 -0.03535958
v 0.01500000 -0.01072830 -0.04687646
v 0.01494451 -0.01988178 -0.03034716
v 0.01500000 -0.03532865 -0.03245545
v 0.01496402 -0.02789859 -0.02395786
v 0.01500000 -0.04193225 0.02346341
v 0.01496584 -0.03152545 0.01884613
v 0.01500000 -0.04126980 0.02486395
v 0.01495157 0.03003545 0.02069063
v 0.01500000 -0.03656542 -0.03152634
v 0.00800000 0.02512568 -0.01394958
v -0.00500000 0.02531311 -0.01383217
v 0.00800000 0.02681521 -0.01302125
v -0.00500000 0.02679387 -0.01299748
v 0.00800000 0.02716584 -0.01165257
v -0.00500000 0.02716097 -0.01156882
v 0.00800000 0.02684514 -0.01037975
v -0.00500000 0.02683648 -0.01028077
v 0.00800000 0.02232165 -0.01810068
v -0.00500000 0.02229493 -0.01810722
v 0.00800000 0.02389969 -0.01760474
v -0.00500000 0.02367434 -0.01770002
v -0.00500000 0.02469118 -0.01660535
v 0.00800000 0.02466405 -0.01688652
v 0.00800000 0.02463556 -0.01500573
v -0.00500000 0.02464353 -0.01478469
v 0.00800000 0.02725901 -0.00928928
v -0.00500000 0.02733048 -0.00922645
v 0.00800000 0.02836272 -0.00848762
v -0.00500000 0.02842245 -0.00841280
v 0.00800000 0.02882458 -0.00698568
v -0.00500000 0.02884844 -0.00699212
v -0.00500000 0.02821400 -0.00546447
v 0.00800000 0.02830802 -0.00462267
v -0.00500000 0.02851743 -0.00434039
v 0.00800000 0.02950011 -0.00329631
v -0.00500000 0.02945152 -0.00334949
v -0.00500000 0.02962433 -0.00187641
v 0.00800000 0.02977267 -0.00217288
v 0.00800000 0.02871800 -0.00045997
v -0.00500000 0.02873427 -0.00048215
v 0.00800000 0.02885286 0.00069788
v -0.00500000 0.02916685 0.00113469
v 0.00800000 0.02962433 0.00187641
v -0.00500000 0.02958825 0.00315075
v 0.00800000 0.02967699 0.00304403
v 0.00800000 0.02851743 0.00434039
v -0.00500000 0.02838145 0.00451483
v 0.00800000 0.02821401 0.00546448
v -0.00500000 0.02828212 0.00567491
v 0.00800000 0.02888148 0.00715905
v -0.00500000 0.02882097 0.00692553
v -0.00500000 0.02847954 0.00836887
v 0.00800000 0.02878192 0.00806624
v 0.00800000 0.02733049 0.00922644
v -0.00500000 0.02716628 0.00937463
v 0.00800000 0.02683648 0.01028077
v -0.00500000 0.02701979 0.01104190
v 0.00800000 0.02716097 0.01156883
v 0.00800000 0.02684844 0.01297756
v -0.00500000 0.02672624 0.01308051
v 0.00800000 0.02510050 0.01396066
v -0.00500000 0.02501979 0.01402580
v 0.00800000 0.02469200 0.01596762
v -0.00500000 0.02470566 0.01621985
v 0.00800000 0.02402946 0.01753426
v -0.00500000 0.02389969 0.01760474
v -0.00500000 0.02220413 0.01815736
v 0.00800000 0.02173721 0.01871381
v -0.00500000 0.02146998 0.02046207
v 0.00800000 0.02153185 0.02031902
v 0.00800000 0.02057160 0.02144230
v -0.00500000 0.02001275 0.02154412
v 0.00800000 0.01905567 0.02165558
v 0.00800000 0.01810068 0.02232165
v -0.00500000 0.01810722 0.02229493
v 0.00800000 0.01760474 0.02389969
v -0.00500000 0.01770002 0.02367434
v -0.00500000 0.01660535 0.02469118
v 0.00800000 0.01636521 0.02471418
v 0.00800000 0.01500573 0.02463556
v -0.00500000 0.01478469 0.02464353
v 0.00800000 0.01394958 0.02512568
v -0.00500000 0.01383217 0.02531311
v 0.00800000 0.01304461 0.02679431
v -0.00500000 0.01299748 0.02679387
v 0.00800000 0.01165257 0.02716584
v -0.00500000 0.01156882 0.02716097
v 0.00800000 0.01037975 0.02684514
v -0.00500000 0.01028077 0.02683648
v 0.00800000 0.00928928 0.02725901
v -0.00500000 0.00922645 0.02733048
v 0.00800000 0.00822580 0.02863921
v -0.00500000 0.00841280 0.02842245
v 0.00800000 0.00698568 0.02882458
v -0.00500000 0.00699212 0.02884844
v -0.00500000 0.00546447 0.02821400
v 0.00800000 0.00462267 0.02830802
v -0.00500000 0.00434039 0.02851743
v 0.00800000 0.00316048 0.02961296
v -0.00500000 0.00334949 0.02945152
v -0.00500000 0.00187641 0.02962433
v 0.00800000 0.00214537 0.02974339
v 0.00800000 0.00045997 0.02871800
v -0.00500000 0.00048215 0.02873427
v 0.00800000 -0.00069788 0.02885286
v -0.00500000 -0.00113469 0.02916685
v 0.00800000 -0.00187641 0.02962433
v -0.00500000 -0.00315075 0.02958825
v 0.00800000 -0.00305665 0.02965311
v 0.00800000 -0.00434039 0.02851743
v -0.00500000 -0.00451483 0.02838145
v 0.00800000 -0.00546448 0.02821401
v -0.00500000 -0.00567491 0.02828212
v 0.00800000 -0.00715905 0.02888148
v -0.00500000 -0.00692553 0.02882097
v -0.00500000 -0.00836887 0.02847954
v 0.00800000 -0.00808751 0.02874705
v 0.00800000 -0.00922644 0.02733049
v -0.00500000 -0.00937463 0.02716628
v 0.00800000 -0.01028077 0.02683648
v -0.00500000 -0.01104190 0.02701979
v 0.00800000 -0.01156883 0.02716097
v 0.00800000 -0.01296344 0.02685211
v -0.00500000 -0.01308051 0.02672624
v 0.00800000 -0.01396066 0.02510050
v -0.00500000 -0.01402580 0.02501979
v 0.00800000 -0.01596762 0.02469200
v -0.00500000 -0.01621985 0.02470566
v 0.00800000 -0.01759060 0.02387942
v -0.00500000 -0.01760474 0.02389969
v -0.00500000 -0.01815736 0.02220413
v 0.00800000 -0.01871381 0.02173721
v -0.00500000 -0.02046207 0.02146998
v 0.00800000 -0.02031902 0.02153185
v 0.00800000 -0.02144230 0.02057160
v -0.00500000 -0.02154412 0.02001275
v 0.00800000 -0.02165558 0.01905567
v 0.00800000 -0.02232165 0.01810068
v -0.00500000 -0.02229493 0.01810722
v 0.00800000 -0.02389969 0.01760474
v -0.00500000 -0.02367434 0.01770002
v -0.00500000 -0.02469118 0.01660535
v 0.00800000 -0.02471418 0.01636521
v 0.00800000 -0.02463556 0.01500573
v -0.00500000 -0.02464353 0.01478469
v 0.00800000 -0.02512568 0.01394958
v -0.00500000 -0.02531311 0.01383217
v 0.00800000 -0.02672624 0.01308051
v -0.00500000 -0.02679387 0.01299748
v 0.00800000 -0.02716584 0.01165257
v -0.00500000 -0.02716097 0.01156882
v 0.00800000 -0.02684514 0.01037975
v -0.00500000 -0.02683648 0.01028077
v 0.00800000 -0.02725901 0.00928928
v -0.00500000 -0.02733048 0.00922645
v 0.00800000 -0.02882206 0.00803608
v -0.00500000 -0.02842245 0.00841280
v 0.00800000 -0.02882458 0.00698568
v -0.00500000 -0.02884844 0.00699212
v -0.00500000 -0.02821400 0.00546447
v 0.00800000 -0.02830802 0.00462267
v -0.00500000 -0.02851743 0.00434039
v 0.00800000 -0.02950011 0.00329631
v -0.00500000 -0.02945152 0.00334949
v -0.00500000 -0.02962433 0.00187641
v 0.00800000 -0.02972892 0.00214017
v 0.00800000 -0.02871800 0.00045997
v -0.00500000 -0.02873427 0.00048215
v 0.00800000 -0.02885286 -0.00069788
v -0.00500000 -0.02916685 -0.00113469
v 0.00800000 -0.02962433 -0.00187641
v -0.00500000 -0.02958825 -0.00315075
v 0.00800000 -0.02964971 -0.00304419
v 0.00800000 -0.02851743 -0.00434039
v -0.00500000 -0.02838145 -0.00451483
v 0.00800000 -0.02821401 -0.00546448
v -0.00500000 -0.02828212 -0.00567491
v 0.00800000 -0.02891074 -0.00724996
v -0.00500000 -0.02882097 -0.00692553
v -0.00500000 -0.02847954 -0.00836887
v 0.00800000 -0.02779595 -0.00890940
v -0.00500000 -0.02716628 -0.00937463
v 0.00800000 -0.02683648 -0.01028077
v -0.00500000 -0.02701979 -0.01104190
v 0.00800000 -0.02724719 -0.01220967
v 0.00800000 -0.02679387 -0.01299748
v -0.00500000 -0.02672624 -0.01308051
v 0.00800000 -0.02510050 -0.01396066
v -0.00500000 -0.02501979 -0.01402580
v 0.00800000 -0.02463837 -0.01503082
v -0.00500000 -0.02470566 -0.01621985
v 0.00800000 -0.02470823 -0.01665413
v 0.00800000 -0.02387942 -0.01759060
v -0.00500000 -0.02389969 -0.01760474
v -0.00500000 -0.02220413 -0.01815736
v 0.00800000 -0.02173721 -0.01871381
v -0.00500000 -0.02146998 -0.02046207
v 0.00800000 -0.02144629 -0.02068963
v 0.00800000 -0.02072529 -0.02142012
v -0.00500000 -0.02001275 -0.02154412
v 0.00800000 -0.01905567 -0.02165558
v 0.00800000 -0.01810068 -0.02232165
v -0.00500000 -0.01810722 -0.02229493
v 0.00800000 -0.01760474 -0.02389969
v -0.00500000 -0.01770002 -0.02367434
v -0.00500000 -0.01660535 -0.02469118
v 0.00800000 -0.01672221 -0.02468255
v 0.00800000 -0.01500573 -0.02463556
v -0.00500000 -0.01478469 -0.02464353
v 0.00800000 -0.01394958 -0.02512568
v -0.00500000 -0.01383217 -0.02531311
v 0.00800000 -0.01308051 -0.02672624
v -0.00500000 -0.01299748 -0.02679387
v 0.00800000 -0.01228641 -0.02722233
v -0.00500000 -0.01156882 -0.02716097
v 0.00800000 -0.01037975 -0.02684514
v -0.00500000 -0.01028077 -0.02683648
v 0.00800000 -0.00928928 -0.02725901
v -0.00500000 -0.00922645 -0.02733048
v 0.00800000 -0.00848762 -0.02836272
v -0.00500000 -0.00841280 -0.02842245
v 0.00800000 -0.00698568 -0.02882458
v -0.00500000 -0.00699212 -0.02884844
v -0.00500000 -0.00546447 -0.02821400
v 0.00800000 -0.00462267 -0.02830802
v -0.00500000 -0.00434039 -0.02851743
v 0.00800000 -0.00329631 -0.02950011
v -0.00500000 -0.00334949 -0.02945152
v -0.00500000 -0.00187641 -0.02962433
v 0.00800000 -0.00181560 -0.02958572
v 0.00800000 -0.00045997 -0.02871800
v -0.00500000 -0.00048215 -0.02873427
v 0.00800000 0.00069788 -0.02885286
v -0.00500000 0.00113469 -0.02916685
v 0.00800000 0.00205816 -0.02971157
v -0.00500000 0.00315075 -0.02958825
v 0.00800000 0.00334949 -0.02945152
v 0.00800000 0.00434039 -0.02851743
v -0.00500000 0.00451483 -0.02838145
v 0.00800000 0.00546448 -0.02821401
v -0.00500000 0.00567491 -0.02828212
v 0.00800000 0.00722646 -0.02891114
v -0.00500000 0.00692553 -0.02882097
v -0.00500000 0.00836887 -0.02847954
v 0.00800000 0.00890940 -0.02779595
v -0.00500000 0.00937463 -0.02716628
v 0.00800000 0.01028077 -0.02683648
v -0.00500000 0.01104190 -0.02701979
v 0.00800000 0.01220203 -0.02725363
v 0.00800000 0.01299748 -0.02679387
v -0.00500000 0.01308051 -0.02672624
v 0.00800000 0.01396066 -0.02510050
v -0.00500000 0.01402580 -0.02501979
v 0.00800000 0.01503082 -0.02463837
v -0.00500000 0.01621985 -0.02470566
v 0.00800000 0.01665757 -0.02471695
v 0.00800000 0.01759060 -0.02387942
v -0.00500000 0.01760474 -0.02389969
v -0.00500000 0.01815736 -0.02220413
v 0.00800000 0.01871381 -0.02173721
v -0.00500000 0.02046207 -0.02146998
v 0.00800000 0.02091948 -0.02138375
v 0.00800000 0.02144230 -0.02057160
v -0.00500000 0.02154412 -0.02001275
v 0.00800000 0.02165558 -0.01905567
v 0.01297031 -0.02758943 0.02586787
v 0.01292145 -0.03680931 0.03657908
v 0.01297270 -0.04145023 0.03099062
v 0.01287706 -0.03064591 0.02175585
v 0.01296889 -0.03383520 0.01689156
v 0.01292094 -0.04673275 0.02256823
v 0.01288906 -0.03555517 0.01221930
v 0.01297032 -0.00477652 0.03752294
v 0.01298690 -0.01746229 0.04870510
v 0.01297772 -0.01203737 0.03589046
v 0.01295291 -0.01885397 0.03274240
v 0.01296705 -0.02514970 0.04525489
v 0.01289837 -0.03079275 0.04175876
v 0.01296780 0.01309585 0.03547500
v 0.01293027 0.01484600 0.04970378
v 0.01297043 0.00590331 0.03736287
v 0.01298578 0.00818891 0.05108686
v 0.01287994 0.00045171 0.03758394
v 0.01292787 -0.00338305 0.05176047
v 0.01289321 0.02955291 0.02325756
v 0.01291442 0.04244465 0.02987546
v 0.01296705 0.03769620 0.03548956
v 0.01296644 0.02550467 0.02791681
v 0.01297270 0.03099062 0.04145023
v 0.01296644 0.01966595 0.03229686
v 0.01292505 0.02583287 0.04497918
v 0.01289333 -0.00309705 -0.03747911
v 0.01298529 -0.00818652 -0.05108804
v 0.01296644 0.00307352 -0.03768807
v 0.01293006 0.00337229 -0.05175952
v 0.01297772 0.01028930 -0.03643012
v 0.01292935 0.01515907 -0.04960421
v 0.01288057 0.01535546 -0.03430426
v 0.01297171 -0.02403368 -0.02921239
v 0.01297270 -0.03099062 -0.04145023
v 0.01296644 -0.01808264 -0.03320925
v 0.01292758 -0.02583608 -0.04497546
v 0.01296898 -0.01148145 -0.03603901
v 0.01293027 -0.01484600 -0.04970378
v 0.01297878 -0.03617283 -0.01116640
v 0.01298529 -0.05097811 -0.00884528
v 0.01291852 -0.04771539 -0.02040063
v 0.01296644 -0.03332467 -0.01786906
v 0.01291684 -0.04243758 -0.02988254
v 0.01297042 -0.02919484 -0.02405190
v 0.01296559 -0.03769701 -0.03549159
v 0.01289289 -0.04863488 0.01808327
v 0.01292036 -0.05006680 0.01364824
v 0.01289013 -0.03715767 0.00578488
v 0.01292775 -0.05155593 0.00568230
v 0.01288598 -0.03756699 0.00152047
v 0.01297043 -0.03760136 -0.00411955
v 0.01288836 -0.05182766 -0.00284905
v 0.01296559 0.02132833 -0.04717859
v 0.01297043 0.02035749 -0.03188112
v 0.01296705 0.02880093 -0.04302346
v 0.01288588 0.02446809 -0.02854638
v 0.01292373 0.03681589 -0.03657025
v 0.01296772 0.03076025 -0.02202146
v 0.01296559 0.04121220 -0.03134120
v 0.01289401 0.03747722 0.00319979
v 0.01288836 0.05182766 0.00284905
v 0.01298579 0.05097777 0.00884264
v 0.01290611 0.03684639 0.00753375
v 0.01296898 0.03420929 0.01613564
v 0.01291852 0.04771539 0.02040063
v 0.01292827 0.04526164 -0.02534831
v 0.01296644 0.03443185 -0.01562961
v 0.01289836 0.04863298 -0.01807893
v 0.01289806 0.03609022 -0.01052252
v 0.01292036 0.05006680 -0.01364823
v 0.01288054 0.03745209 -0.00317884
v 0.01292523 0.05155817 -0.00567682
v -0.03449989 -0.04764417 0.02339132
v -0.03449978 -0.05170196 0.01202232
v -0.03449966 -0.05308023 -0.00004046
v -0.03449952 -0.05168143 -0.01210021
v -0.03449935 -0.04757905 -0.02352615
v -0.03449916 -0.04098804 -0.03372054
v -0.03449892 -0.03225355 -0.04215019
v -0.03449866 -0.02183284 -0.04837438
v -0.03449836 -0.01027120 -0.05206789
v -0.03449780 0.00128079 -0.05304791
v -0.03449973 0.01290243 -0.05149464
v -0.03449971 0.02425789 -0.04722008
v -0.03449970 0.03434602 -0.04047888
v -0.03449970 0.04263995 -0.03162320
v -0.03449884 0.04997282 -0.01833633
v -0.03449970 0.05297277 -0.00347433
v -0.03449972 0.05237796 0.00864436
v -0.03449974 0.04904692 0.02031163
v -0.03449976 0.04315348 0.03091799
v -0.03449978 0.03500534 0.03990926
v -0.03449981 0.02502799 0.04681555
v -0.03449983 0.01374250 0.05127579
v -0.03449985 0.00173850 0.05305659
v -0.03449987 -0.01035690 0.05206451
v -0.03449987 -0.02191147 0.04835093
v -0.03449987 -0.03232105 0.04210953
v -0.03449985 -0.04104125 0.03366612
v 0.00550000 0.04820635 -0.02079419
v 0.00549891 0.04324899 -0.02969853
v -0.02940427 0.04524645 -0.02663306
v -0.02999300 0.04609488 -0.02513328
v -0.03137450 0.04625919 -0.02496793
v -0.03402064 0.04860086 -0.01996218
v -0.03395357 0.04548660 -0.02623377
v -0.03225444 0.04600775 -0.02552156
v -0.03258616 0.04537145 -0.02641555
v -0.03190944 0.04490278 -0.02742022
v -0.03402258 0.04159923 -0.03209773
v -0.03073473 0.04473617 -0.02761269
v -0.02936690 0.00000137 -0.05250236
v -0.03024154 0.00136608 -0.05256999
v 0.00549886 0.00446777 -0.05227227
v -0.03396339 0.00475342 -0.05227216
v -0.03132911 0.00152749 -0.05256475
v -0.03235079 0.00078616 -0.05258040
v -0.03397873 -0.00105997 -0.05249801
v -0.03243299 -0.00071904 -0.05249744
v -0.03212764 -0.00108251 -0.05261470
v -0.03400544 -0.00683100 -0.05208927
v -0.03101798 -0.00157639 -0.05251561
v -0.03037018 -0.00144648 -0.05259863
v 0.00550000 -0.00609488 -0.05214501
v -0.02936690 -0.04546769 -0.02625236
v -0.03024360 -0.04484419 -0.02746922
v 0.00550000 -0.04211147 -0.03135082
v -0.03391423 -0.04439558 -0.02806852
v -0.03169676 -0.04472438 -0.02749611
v -0.03249840 -0.04520726 -0.02669780
v -0.03230830 -0.04594492 -0.02540532
v -0.03400334 -0.04837061 -0.02045529
v -0.03101795 -0.04626805 -0.02489260
v -0.03037021 -0.04627502 -0.02504662
v 0.00549892 -0.04738143 -0.02248865
v -0.03391922 -0.04668010 0.02406537
v -0.03258147 -0.04540719 0.02635371
v -0.03200632 -0.04481334 0.02735320
v -0.03399828 -0.04214195 0.03130959
v -0.03062633 -0.04475280 0.02757837
v 0.00549885 -0.04313914 0.02987844
v -0.02974405 -0.04511100 0.02708660
v -0.02940802 -0.04557016 0.02607279
v 0.00550000 -0.04820635 0.02079419
v -0.03009069 -0.04619849 0.02517703
v -0.03126741 -0.04628039 0.02493659
v -0.03227258 -0.04592378 0.02544127
v -0.02936690 -0.00000137 0.05250236
v -0.03024154 -0.00136608 0.05256999
v 0.00549883 -0.00429379 0.05227552
v -0.03400454 -0.00644993 0.05211831
v -0.03132676 -0.00152921 0.05256933
v -0.03235145 -0.00078427 0.05257809
v -0.03390581 0.00220106 0.05247388
v -0.03243298 0.00071901 0.05249710
v -0.03212856 0.00108207 0.05261957
v -0.03101798 0.00157639 0.05251561
v -0.03037018 0.00144648 0.05259863
v 0.00550000 0.00609488 0.05214501
v -0.02936690 0.04546769 0.02625236
v -0.03024154 0.04484390 0.02746805
v 0.00550000 0.04211147 0.03135082
v -0.03132675 0.04476177 0.02760900
v -0.03401225 0.04172675 0.03191131
v -0.03225059 0.04509099 0.02708470
v -0.03390601 0.04635102 0.02470769
v -0.03258243 0.04556372 0.02608385
v -0.03212917 0.04610758 0.02537130
v -0.03101795 0.04626805 0.02489260
v -0.03037021 0.04627502 0.02504662
v 0.00549895 0.04747101 0.02232510
v -0.03400047 -0.05104748 0.01263910
v 0.00550000 -0.05125870 0.01173152
v -0.03400058 -0.05258854 0.00063740
v 0.00550000 -0.05258329 -0.00037453
v -0.03400053 -0.05134532 -0.01139996
v 0.00550000 -0.05108761 -0.01246014
v -0.03399972 -0.03683655 -0.03755102
v 0.00550000 -0.03589627 -0.03842882
v -0.03399912 -0.02727930 -0.04497866
v 0.00550000 -0.02609527 -0.04565514
v -0.03399836 -0.01627679 -0.05002505
v 0.00550000 -0.01489517 -0.05043334
v -0.03399926 0.01390266 -0.05073881
v 0.00550000 0.01518834 -0.05034642
v -0.03399938 0.02513479 -0.04621676
v 0.00550000 0.02636029 -0.04550382
v -0.03399947 0.03503530 -0.03924632
v 0.00550000 0.03611895 -0.03822163
v 0.00550000 0.05116037 -0.01216913
v -0.03399947 0.05150597 -0.01071827
v 0.00550000 0.05258761 -0.00007673
v -0.03399938 0.05259228 0.00134105
v 0.00550000 0.05119544 0.01201973
v -0.03399926 0.05089242 0.01332937
v 0.00550000 0.03622897 0.03811627
v -0.03399888 0.03539295 0.03892044
v 0.00550000 0.02649088 0.04542673
v -0.03399869 0.02555627 0.04598017
v 0.00550000 0.01533222 0.05030148
v -0.03399849 0.01436622 0.05060348
v 0.00550000 -0.01475304 0.05047323
v -0.03399792 -0.01554713 0.05024673
v 0.00550000 -0.02596734 0.04572570
v -0.03399767 -0.02662206 0.04535845
v 0.00550000 -0.03578909 0.03852562
v -0.03399743 -0.03628509 0.03806781
v 0.00550016 -0.04891191 0.01787231
v 0.00550000 -0.05121000 0.00902970
v 0.00549991 -0.05208886 -0.00010253
v 0.00550017 -0.05069122 -0.01192416
v 0.00550000 -0.04774724 -0.02059615
v 0.00549988 -0.04347577 -0.02868841
v 0.00550018 -0.03581519 -0.03780273
v 0.00550000 -0.02857447 -0.04344537
v 0.00549985 -0.02058001 -0.04784907
v 0.00550019 -0.00917169 -0.05126050
v 0.00550000 0.00000000 -0.05200000
v 0.00549983 0.00907675 -0.05128921
v 0.00550020 0.02048550 -0.04787575
v 0.00550015 0.03068475 -0.04209905
v 0.00550000 0.03782343 -0.03568457
v 0.00549996 0.04359745 -0.02850843
v 0.00550016 0.04891191 -0.01787231
v 0.00550000 0.05121000 -0.00902970
v 0.00549991 0.05208886 0.00010253
v 0.00550017 0.05069122 0.01192416
v 0.00550000 0.04774724 0.02059615
v 0.00549988 0.04347577 0.02868841
v 0.00550018 0.03581519 0.03780273
v 0.00550000 0.02857447 0.04344537
v 0.00549985 0.02058001 0.04784907
v 0.00550019 0.00917169 0.05126050
v 0.00550000 -0.00000000 0.05200000
v 0.00549983 -0.00907675 0.05128921
v 0.00550020 -0.02048550 0.04787575
v 0.00550015 -0.03068475 0.04209905
v 0.00550000 -0.03782343 0.03568457
v 0.00549996 -0.04359745 0.02850843
v 0.01259379 0.04157366 -0.03131121
v 0.01271537 0.03414448 -0.03918682
v 0.01260347 0.02906034 -0.04317212
v 0.01261433 0.02148994 -0.04740377
v 0.01280922 0.01137177 -0.05068167
v 0.01271347 0.00713556 -0.05148431
v 0.01280494 -0.00134749 -0.05192653
v 0.01264009 -0.00785712 -0.05144742
v 0.01272313 -0.01819756 -0.04868125
v 0.01280318 -0.02216128 -0.04698208
v 0.01267631 -0.03138383 -0.04149824
v 0.01259295 -0.03777675 -0.03580130
v 0.01260209 -0.04535510 -0.02552155
v 0.01280648 -0.04955430 -0.01557704
v 0.01263366 -0.05118266 -0.00939510
v 0.01280149 -0.05192691 0.00146827
v 0.01271766 -0.05102085 0.00990635
v 0.01273447 -0.04501233 0.02596360
v 0.01263304 -0.04149159 0.03140832
v 0.01271537 -0.03414448 0.03918682
v 0.01264900 -0.02553524 0.04533802
v 0.01263298 -0.01753219 0.04899645
v 0.01280922 -0.01137177 0.05068167
v 0.01271347 -0.00713556 0.05148431
v 0.01280494 0.00134749 0.05192653
v 0.01264009 0.00785712 0.05144742
v 0.01272313 0.01819756 0.04868125
v 0.01280318 0.02216128 0.04698208
v 0.01267631 0.03138383 0.04149824
v 0.01259295 0.03777675 0.03580130
v 0.01260209 0.04535510 0.02552155
v 0.01280648 0.04955430 0.01557704
v 0.01263366 0.05118266 0.00939510
v 0.01280148 0.05192691 -0.00146827
v 0.01271766 0.05102085 -0.00990635
v 0.01265537 0.04708854 -0.02204344
v 0.00769953 0.02992275 0.01410394
v 0.00769870 0.02677785 0.02362397
v 0.00769938 0.02456840 0.02214933
v 0.00769931 0.01711828 0.02830316
v 0.00769964 0.01741250 0.03102192
v 0.00769922 0.00820884 0.03204090
v 0.00769964 0.00839718 0.03456938
v 0.00769913 -0.00139936 0.03304451
v 0.00769964 -0.00124088 0.03555299
v 0.00769902 -0.01088633 0.03122936
v 0.00769870 -0.01329260 0.03314290
v 0.00769890 -0.01944308 0.02675133
v 0.00769964 -0.02339966 0.02679572
v 0.00769840 -0.02770540 0.01825614
v 0.00769964 -0.02976133 0.01948893
v 0.00769870 -0.03474234 0.00825320
v 0.00769958 -0.03221457 0.00755337
v 0.00769958 -0.03302253 -0.00208242
v 0.00769964 -0.03538543 -0.00366422
v 0.00769959 -0.03101022 -0.01154023
v 0.00769964 -0.03308464 -0.01307521
v 0.00769959 -0.02634958 -0.02001228
v 0.00769870 -0.02677785 -0.02362397
v 0.00769960 -0.01943878 -0.02677501
v 0.00769964 -0.01741250 -0.03102192
v 0.00769960 -0.01086819 -0.03125092
v 0.00769964 -0.00839718 -0.03456938
v 0.00769966 -0.00136985 -0.03305796
v 0.00769956 0.00124088 -0.03555292
v 0.00769960 0.00824497 -0.03204185
v 0.00769870 0.01329260 -0.03314290
v 0.00769960 0.01715517 -0.02828979
v 0.00769964 0.02339966 -0.02679572
v 0.00769876 0.02588264 -0.02074993
v 0.00769964 0.02976133 -0.01948893
v 0.00770000 0.03067670 -0.01216305
v 0.00769870 0.03474234 -0.00825320
v 0.00769955 0.03273038 -0.00481314
v 0.00769951 0.03272331 0.00485323
v 0.00769964 0.03538543 0.00366422
v 0.00769956 0.03308457 0.01307519
v 0.01262043 0.03421237 -0.01546573
v 0.00970159 0.03563933 -0.01194047
v 0.00967254 0.03114852 -0.02098620
v 0.01268048 0.03059356 -0.02180427
v 0.00968476 0.03751258 -0.00200393
v 0.01280023 0.03691223 -0.00690043
v 0.01271900 0.03752489 0.00034576
v 0.00970000 0.03702486 0.00595060
v 0.01280787 0.03589133 0.01105606
v 0.00970388 0.03519181 0.01320567
v 0.01263868 0.03393931 0.01606954
v 0.01271805 0.03120267 0.02084741
v 0.00968750 0.03037060 0.02211386
v 0.00970000 0.02496525 0.02798189
v 0.01260020 0.02532412 0.02771755
v 0.01266786 0.01951059 0.03210313
v 0.00967349 0.01880455 0.03251365
v 0.01261522 0.01295325 0.03523963
v 0.00969031 0.00961342 0.03632029
v 0.01264159 0.00618983 0.03703457
v 0.00970000 0.00170680 0.03746114
v 0.01265001 -0.00470022 0.03725566
v 0.00967208 -0.00591852 0.03708873
v 0.01269114 -0.01176985 0.03567803
v 0.00970235 -0.01559175 0.03420048
v 0.01259699 -0.01834686 0.03275748
v 0.01280076 -0.02310925 0.02959826
v 0.00968566 -0.02413828 0.02878567
v 0.01269102 -0.02692431 0.02618336
v 0.00970000 -0.02962034 0.02299750
v 0.00970681 -0.03366473 0.01672487
v 0.01272448 -0.03340118 0.01721875
v 0.01271875 -0.03651599 0.00864970
v 0.00968843 -0.03689135 0.00710537
v 0.00970000 -0.03749028 -0.00085362
v 0.01270022 -0.03737420 -0.00385878
v 0.00967302 -0.03659765 -0.00844464
v 0.01267075 -0.03631896 -0.00940832
v 0.01264535 -0.03464545 -0.01447806
v 0.00970083 -0.03304785 -0.01790353
v 0.01263485 -0.03212722 -0.01936582
v 0.01263513 -0.02907437 -0.02375950
v 0.00968387 -0.02706659 -0.02604893
v 0.01268022 -0.02528893 -0.02771516
v 0.00970000 -0.02092253 -0.03112070
v 0.01260273 -0.02106569 -0.03107977
v 0.01264397 -0.01634569 -0.03376401
v 0.00970311 -0.01436084 -0.03473587
v 0.01263906 -0.01135286 -0.03579406
v 0.01271741 -0.00598601 -0.03704562
v 0.00968658 -0.00456489 -0.03728935
v 0.00970000 0.00341006 -0.03734463
v 0.01259947 0.00304599 -0.03742055
v 0.01267661 0.01000391 -0.03620055
v 0.00968918 0.01090019 -0.03595885
v 0.01270253 0.02014966 -0.03171646
v 0.00968937 0.01998506 -0.03181379
v 0.00970000 0.02621297 -0.02681661
v 0.01279933 0.02714031 -0.02595147
v 0.00950000 0.02512568 -0.01394958
v 0.00899000 0.02547828 -0.01378551
v 0.00950000 0.02672624 -0.01308051
v 0.00899000 0.02720338 -0.01228065
v 0.00950000 0.02716584 -0.01165257
v 0.00950000 0.02684514 -0.01037975
v 0.00899000 0.02683648 -0.01028077
v 0.00950000 0.02232165 -0.01810068
v 0.00899000 0.02229493 -0.01810722
v 0.00950000 0.02389969 -0.01760474
v 0.00899000 0.02427310 -0.01735111
v 0.00950000 0.02471418 -0.01636521
v 0.00899000 0.02475483 -0.01689837
v 0.00950000 0.02463556 -0.01500573
v 0.00899000 0.02464353 -0.01478469
v 0.00950000 0.02165558 -0.01905567
v 0.00949969 0.02089432 -0.02772083
v 0.00949973 0.03036303 -0.01682576
v 0.00950000 0.01871381 -0.02173721
v 0.00950000 0.02031902 -0.02153185
v 0.00950000 -0.00848762 -0.02836272
v 0.00949994 -0.00911774 -0.03335224
v 0.00950000 -0.00928928 -0.02725901
v 0.00950000 0.02144230 -0.02057160
v 0.00950000 0.02683648 0.01028077
v 0.00950000 0.02716097 0.01156883
v 0.00949991 0.03189532 0.01334883
v 0.00950000 0.02679387 0.01299748
v 0.00949994 0.02698036 0.02162325
v 0.00949992 -0.01222756 0.03234177
v 0.00950000 -0.01156883 0.02716097
v 0.00950000 -0.01299748 0.02679387
v 0.00950000 -0.02389969 0.01760474
v 0.00950000 -0.02471418 0.01636521
v 0.00949970 -0.03146274 0.01466675
v 0.00950000 -0.02512568 0.01394958
v 0.00950000 -0.02672624 0.01308051
v 0.00950000 -0.02836272 0.00848762
v 0.00950000 -0.02882458 0.00698568
v 0.00949975 -0.03470820 0.00060169
v 0.00954141 -0.02689208 -0.02215257
v 0.00950000 -0.01760474 -0.02389969
v 0.00949991 -0.01795761 -0.02954703
v 0.00950000 0.01759060 -0.02387942
v 0.00950000 -0.00715905 0.02888148
v 0.00950000 -0.00890940 0.02779595
v 0.00949973 -0.02277716 0.02619581
v 0.00950000 -0.01596762 0.02469200
v 0.00950000 -0.01759060 0.02387942
v 0.00950000 -0.02232165 0.01810068
v 0.00950000 -0.02144230 0.02057160
v 0.00950000 -0.02716584 0.01165257
v 0.00950000 0.00546448 -0.02821401
v 0.00950000 0.00715905 -0.02888148
v 0.00949994 0.00994172 -0.03311597
v 0.00950000 0.01299748 -0.02679387
v 0.00950000 -0.02830802 0.00462267
v 0.00950000 -0.02950011 0.00329631
v 0.00950000 -0.02958572 0.00181560
v 0.00950000 -0.02153185 -0.02031902
v 0.00950000 -0.02057160 -0.02144230
v 0.00950000 -0.01165257 -0.02716584
v 0.00950000 -0.01037975 -0.02684514
v 0.00950000 0.01596762 -0.02469200
v 0.00950000 0.02836272 -0.00848762
v 0.00949985 0.03412252 -0.00558147
v 0.00950000 0.02882458 -0.00698568
v 0.00950000 0.02888148 0.00715905
v 0.00950000 0.02779595 0.00890940
v 0.00950000 0.00698568 0.02882458
v 0.00949973 -0.00060998 0.03470803
v 0.00953257 0.01334540 0.03217919
v 0.00950000 0.00848762 0.02836272
v 0.00950000 -0.00546448 0.02821401
v 0.00950000 -0.00334949 0.02945152
v 0.00950000 -0.00434039 0.02851743
v 0.00950000 -0.02031902 0.02153185
v 0.00950000 -0.02463556 0.01500573
v 0.00950000 -0.02725901 0.00928928
v 0.00950000 -0.02885286 -0.00069788
v 0.00950000 -0.02962433 -0.00187641
v 0.00950000 -0.02945152 -0.00334949
v 0.00950000 -0.02888148 -0.00715905
v 0.00949973 -0.03195223 -0.01356741
v 0.00950000 -0.02851743 -0.00434039
v 0.00950000 -0.02779595 -0.00890940
v 0.00950000 -0.02469200 -0.01596762
v 0.00950000 -0.02387942 -0.01759060
v 0.00950000 -0.01636521 -0.02471418
v 0.00950000 -0.01308051 -0.02672624
v 0.00950000 0.00069788 -0.02885286
v 0.00950000 0.00187641 -0.02962433
v 0.00950000 -0.00045997 -0.02871800
v 0.00955583 0.00193996 -0.03476247
v 0.00950000 0.00334949 -0.02945152
v 0.00950000 0.00434039 -0.02851743
v 0.00950000 0.00890940 -0.02779595
v 0.00950000 0.01156883 -0.02716097
v 0.00950000 0.01396066 -0.02510050
v 0.00949994 0.03433923 0.00404015
v 0.00950000 -0.01396066 0.02510050
v 0.00950000 -0.01871381 0.02173721
v 0.00950000 -0.02165558 0.01905567
v 0.00950000 -0.02821401 -0.00546448
v 0.00950000 -0.02173721 -0.01871381
v 0.00950000 0.02950011 -0.00329631
v 0.00950000 0.02830802 -0.00462267
v 0.00950000 0.02958572 -0.00181560
v 0.00950000 0.02387942 0.01759060
v 0.00950000 0.02469200 0.01596762
v 0.00950000 0.01308051 0.02672624
v 0.00950000 0.01165257 0.02716584
v 0.00950000 0.00928928 0.02725901
v 0.00950000 -0.01028077 0.02683648
v 0.00950000 -0.02716097 -0.01156883
v 0.00950000 -0.02679387 -0.01299748
v 0.00950000 -0.01500573 -0.02463556
v 0.00950000 -0.00698568 -0.02882458
v 0.00950000 -0.00329631 -0.02950011
v 0.00950000 -0.00181560 -0.02958572
v 0.00950000 0.02885286 0.00069788
v 0.00950000 0.02962433 0.00187641
v 0.00950000 0.01810068 0.02232165
v 0.00950000 0.01760474 0.02389969
v 0.00949994 0.01997497 0.02822243
v 0.00950000 0.01636521 0.02471418
v 0.00950000 0.01037975 0.02684514
v 0.00950000 0.00329631 0.02950011
v 0.00950000 0.00181560 0.02958572
v 0.00950000 -0.02871800 0.00045997
v 0.00950000 0.02173721 0.01871381
v 0.00950000 0.02153185 0.02031902
v 0.00950000 0.00462267 0.02830802
v 0.00950000 -0.00187641 0.02962433
v 0.00950000 -0.02684514 0.01037975
v 0.00950000 -0.01905567 -0.02165558
v 0.00950000 -0.01810068 -0.02232165
v 0.00950000 0.01028077 -0.02683648
v 0.00950000 0.02725901 -0.00928928
v 0.00950000 0.02945152 0.00334949
v 0.00950000 0.02057160 0.02144230
v 0.00950000 0.01394958 0.02512568
v 0.00950000 -0.02683648 -0.01028077
v 0.00950000 -0.02510050 -0.01396066
v 0.00950000 -0.00462267 -0.02830802
v 0.00950000 0.02871800 -0.00045997
v 0.00950000 0.02510050 0.01396066
v 0.00950000 -0.01394958 -0.02512568
v 0.00950000 0.00045997 0.02871800
v 0.00950000 0.02851743 0.00434039
v 0.00950000 0.01905567 0.02165558
v 0.00950000 0.01500573 0.02463556
v 0.00950000 -0.00069788 0.02885286
v 0.00950000 0.02821401 0.00546448
v 0.00899000 0.02733048 -0.00922645
v 0.00899000 0.02842245 -0.00841280
v 0.00899000 0.02884844 -0.00699212
v 0.00899000 0.02821400 -0.00546447
v 0.00899000 0.02851743 -0.00434039
v 0.00899000 0.02945152 -0.00334949
v 0.00899000 0.02971411 -0.00202904
v 0.00899000 0.02873427 -0.00048215
v 0.00899000 0.02916685 0.00113469
v 0.00899000 0.02958825 0.00315075
v 0.00899000 0.02838145 0.00451483
v 0.00899000 0.02828212 0.00567491
v 0.00899000 0.02882097 0.00692553
v 0.00899000 0.02847954 0.00836887
v 0.00899000 0.02716628 0.00937463
v 0.00899000 0.02701979 0.01104190
v 0.00899000 0.02672624 0.01308051
v 0.00899000 0.02501979 0.01402580
v 0.00899000 0.02470566 0.01621985
v 0.00899000 0.02389969 0.01760474
v 0.00899000 0.02220413 0.01815736
v 0.00899000 0.02143918 0.02062137
v 0.00899000 0.02001275 0.02154412
v 0.00899000 0.01810722 0.02229493
v 0.00899000 0.01743202 0.02425151
v 0.00899000 0.01660535 0.02469118
v 0.00899000 0.01478469 0.02464353
v 0.00899000 0.01383217 0.02531311
v 0.00899000 0.01292588 0.02702739
v 0.00899000 0.01223894 0.02719274
v 0.00899000 0.01028077 0.02683648
v 0.00899000 0.00922645 0.02733048
v 0.00899000 0.00815433 0.02868997
v 0.00899000 0.00715959 0.02890612
v 0.00899000 0.00546447 0.02821400
v 0.00899000 0.00434039 0.02851743
v 0.00899000 0.00334949 0.02945152
v 0.00899000 0.00203934 0.02970858
v 0.00899000 0.00048215 0.02873427
v 0.00899000 -0.00113469 0.02916685
v 0.00899000 -0.00308933 0.02964122
v 0.00899000 -0.00451483 0.02838145
v 0.00899000 -0.00567491 0.02828212
v 0.00899000 -0.00692553 0.02882097
v 0.00899000 -0.00821184 0.02863496
v 0.00899000 -0.00937463 0.02716628
v 0.00899000 -0.01049983 0.02686701
v 0.00899000 -0.01223537 0.02719151
v 0.00899000 -0.01337022 0.02632096
v 0.00899000 -0.01402580 0.02501979
v 0.00899000 -0.01621985 0.02470566
v 0.00899000 -0.01760474 0.02389969
v 0.00899000 -0.01815736 0.02220413
v 0.00899000 -0.02046207 0.02146998
v 0.00899000 -0.02154412 0.02001275
v 0.00899000 -0.02229493 0.01810722
v 0.00899000 -0.02367434 0.01770002
v 0.00899000 -0.02469118 0.01660535
v 0.00899000 -0.02464353 0.01478469
v 0.00899000 -0.02531311 0.01383217
v 0.00899000 -0.02679387 0.01299748
v 0.00899000 -0.02716097 0.01156882
v 0.00899000 -0.02683648 0.01028077
v 0.00899000 -0.02733048 0.00922645
v 0.00899000 -0.02842245 0.00841280
v 0.00899000 -0.02890250 0.00717859
v 0.00899000 -0.02821400 0.00546447
v 0.00899000 -0.02851743 0.00434039
v 0.00899000 -0.02945152 0.00334949
v 0.00899000 -0.02971516 0.00207187
v 0.00899000 -0.02873427 0.00048215
v 0.00899000 -0.02883788 -0.00067755
v 0.00899000 -0.02973633 -0.00219939
v 0.00899000 -0.02930651 -0.00356159
v 0.00899000 -0.02838145 -0.00451483
v 0.00899000 -0.02828212 -0.00567491
v 0.00899000 -0.02890480 -0.00727118
v 0.00899000 -0.02847954 -0.00836887
v 0.00899000 -0.02716628 -0.00937463
v 0.00899000 -0.02686701 -0.01049983
v 0.00899000 -0.02722638 -0.01229716
v 0.00899000 -0.02679310 -0.01306448
v 0.00899000 -0.02501979 -0.01402580
v 0.00899000 -0.02470566 -0.01621985
v 0.00899000 -0.02406533 -0.01754354
v 0.00899000 -0.02220413 -0.01815736
v 0.00899000 -0.02146998 -0.02046207
v 0.00899000 -0.02068939 -0.02144336
v 0.00899000 -0.01908087 -0.02165399
v 0.00899000 -0.01810722 -0.02229493
v 0.00899000 -0.01770002 -0.02367434
v 0.00899000 -0.01668225 -0.02469412
v 0.00899000 -0.01478469 -0.02464353
v 0.00899000 -0.01378551 -0.02547828
v 0.00899000 -0.01226946 -0.02720432
v 0.00899000 -0.01028077 -0.02683648
v 0.00899000 -0.00922645 -0.02733048
v 0.00899000 -0.00814010 -0.02867410
v 0.00899000 -0.00699212 -0.02884844
v 0.00899000 -0.00546447 -0.02821400
v 0.00899000 -0.00434039 -0.02851743
v 0.00899000 -0.00305164 -0.02964840
v 0.00899000 -0.00187641 -0.02962433
v 0.00899000 -0.00048215 -0.02873427
v 0.00899000 0.00067755 -0.02883788
v 0.00899000 0.00224003 -0.02978748
v 0.00899000 0.00315075 -0.02958825
v 0.00899000 0.00451483 -0.02838145
v 0.00899000 0.00567491 -0.02828212
v 0.00899000 0.00727539 -0.02891697
v 0.00899000 0.00836887 -0.02847954
v 0.00899000 0.00937463 -0.02716628
v 0.00899000 0.01049983 -0.02686701
v 0.00899000 0.01236790 -0.02724388
v 0.00899000 0.01305369 -0.02679017
v 0.00899000 0.01402580 -0.02501979
v 0.00899000 0.01621985 -0.02470566
v 0.00899000 0.01760474 -0.02389969
v 0.00899000 0.01815736 -0.02220413
v 0.00899000 0.02046207 -0.02146998
v 0.00899000 0.02154412 -0.02001275
v 0.01360854 0.02945348 -0.01910253
v 0.01000939 0.02587857 -0.02369662
v 0.01000000 0.03031089 -0.01750000
v 0.01355865 0.02515498 -0.02445604
v 0.01357306 0.02132801 -0.02781252
v 0.00999565 0.01818316 -0.02999041
v 0.01355588 0.01700367 -0.03068920
v 0.01356951 0.01237391 -0.03278953
v 0.00997603 0.00942530 -0.03376493
v 0.01355814 0.00739974 -0.03429717
v 0.01359740 0.00047547 -0.03509723
v 0.01001059 -0.00520167 -0.03470188
v 0.01355800 -0.00635394 -0.03450379
v 0.01357267 -0.01126220 -0.03318960
v 0.00999711 -0.01471453 -0.03183771
v 0.01355670 -0.01606544 -0.03119124
v 0.01360046 -0.02190746 -0.02742776
v 0.00999158 -0.02270695 -0.02672864
v 0.01355993 -0.02680799 -0.02263168
v 0.01357453 -0.02977522 -0.01849118
v 0.01001167 -0.03169034 -0.01506794
v 0.01355756 -0.03221682 -0.01389171
v 0.01357178 -0.03384933 -0.00908667
v 0.00997446 -0.03456168 -0.00585534
v 0.01355837 -0.03486013 -0.00397783
v 0.01000000 -0.03497868 0.00122148
v 0.01361019 -0.03498074 0.00296978
v 0.01000874 -0.03397739 0.00876020
v 0.01355904 -0.03371249 0.00971260
v 0.01357306 -0.03191718 0.01448196
v 0.00999490 -0.03013894 0.01793438
v 0.01355549 -0.02946090 0.01905223
v 0.01357040 -0.02636713 0.02308829
v 0.00997550 -0.02417613 0.02538472
v 0.01355843 -0.02268308 0.02676838
v 0.01000000 -0.01854718 0.02968168
v 0.01360690 -0.01697641 0.03072715
v 0.01001000 -0.01171162 0.03307707
v 0.01355830 -0.01065866 0.03342559
v 0.01357293 -0.00570627 0.03458096
v 0.00999639 -0.00196496 0.03501777
v 0.01355629 -0.00053201 0.03508117
v 0.01356852 0.00454018 0.03475089
v 0.00997658 0.00753365 0.03423724
v 0.01355798 0.00963228 0.03373821
v 0.01359786 0.01611394 0.03118310
v 0.01001114 0.02089564 0.02818993
v 0.01355776 0.02186649 0.02743628
v 0.01357229 0.02557326 0.02396612
v 0.00999782 0.02794589 0.02119520
v 0.01355714 0.02887044 0.01993768
v 0.01360186 0.03224653 0.01387098
v 0.00999163 0.03259981 0.01293337
v 0.01355947 0.03431065 0.00732409
v 0.01000000 0.03446827 0.00607769
v 0.01357410 0.03497550 0.00227665
v 0.01001217 0.03505453 -0.00158735
v 0.01355743 0.03496164 -0.00293233
v 0.01357115 0.03413675 -0.00793746
v 0.00997497 0.03326438 -0.01105953
v 0.01355839 0.03262112 -0.01291984
v 0.00899000 -0.02595478 0.01498500
v 0.00800000 -0.02595478 0.01498500
v 0.00899000 -0.02793805 0.01084740
v 0.00800000 -0.00494065 -0.02964058
v 0.00899000 0.01997360 -0.02245060
v 0.00899000 0.02925324 -0.00687181
v 0.00800000 0.02942959 -0.00607234
v 0.00899000 0.02955792 0.00495277
v 0.00899000 0.02845548 0.00940672
v 0.00899000 0.02584273 0.01533386
v 0.00800000 0.01939373 0.02295337
v 0.00899000 -0.01819642 0.02391369
v 0.00800000 -0.01884112 0.02340911
v 0.00899000 -0.02336315 0.01877136
v 0.00800000 -0.02336315 0.01877136
v -0.00600000 -0.02472200 0.01221855
v -0.00600000 -0.02728776 0.00398101
v -0.00600000 -0.02718241 -0.00464620
v -0.00600000 -0.02441625 -0.01281862
v -0.00600000 -0.01926006 -0.01973627
v -0.00600000 -0.01221855 -0.02472200
v -0.00600000 -0.00398101 -0.02728776
v -0.00600000 0.00464620 -0.02718241
v -0.00600000 0.01281862 -0.02441625
v -0.00600000 0.01973627 -0.01926006
v -0.00600000 0.02472200 -0.01221855
v -0.00600000 0.02728776 -0.00398101
v -0.00600000 0.02718241 0.00464620
v -0.00600000 0.02441625 0.01281862
v -0.00600000 0.01926006 0.01973627
v -0.00600000 0.01221855 0.02472200
v -0.00600000 0.00398101 0.02728776
v -0.00600000 -0.00464620 0.02718241
v -0.00600000 -0.01281862 0.02441625
v -0.00600000 -0.01973627 0.01926006
v -0.02951659 0.04535498 -0.02692536
v -0.02962992 0.04607615 -0.02566970
v -0.03061955 0.04638796 -0.02500980
v -0.03257470 0.04561401 -0.02650975
v -0.03257242 -0.00001675 -0.05276172
v -0.02962090 -0.00080545 -0.05273613
v -0.02946646 0.00039771 -0.05275404
v -0.03130172 -0.04483220 -0.02769192
v -0.03228604 -0.04521060 -0.02715790
v -0.03257242 -0.04570136 -0.02636635
v -0.03219779 -0.04618523 -0.02545222
v -0.02962090 -0.04607356 -0.02567052
v -0.02946665 -0.04548621 -0.02672159
v -0.03248258 -0.04599779 0.02581483
v -0.03237007 -0.04526869 0.02706827
v -0.03138044 -0.04485310 0.02766825
v -0.02942529 -0.04576509 0.02624805
v -0.03257242 0.00001675 0.05276172
v -0.02962081 0.00080531 0.05273631
v -0.02946665 -0.00039847 0.05275301
v -0.03257242 0.04570136 0.02636635
v -0.02962125 0.04607459 0.02567038
v -0.02946665 0.04548621 0.02672159
v 0.01467006 -0.02686870 0.02370842
v 0.01454524 -0.02315155 0.02723022
v 0.01454524 -0.03005917 0.01933715
v 0.01454838 -0.03250157 0.01477620
v 0.01454524 -0.00412152 0.03550341
v 0.01454524 0.00288405 0.03562530
v 0.01451567 0.00984060 0.03432869
v 0.01454524 0.02482985 0.02570910
v 0.01445756 0.03032941 0.01888514
v 0.01451567 0.03401040 0.01088985
v 0.01451567 0.03319885 -0.01315800
v 0.01454524 0.02315155 -0.02723022
v 0.01454524 0.01739435 -0.03122364
v 0.01454838 0.01253372 -0.03343043
v 0.01454524 0.00758161 -0.03492848
v 0.01463499 -0.01315322 -0.03333496
v 0.01454524 -0.02219037 -0.02801904
v 0.01451567 -0.03548140 -0.00404550
v 0.01454524 -0.01739435 0.03122364
v 0.01451567 -0.01088984 0.03401041
v 0.01454524 0.01629773 0.03180980
v 0.01467006 0.02096065 0.02906315
v 0.01454524 0.03550341 0.00412152
v 0.01451567 0.03558889 -0.00295431
v 0.01454838 0.03089674 -0.01789076
v 0.01454524 0.02801905 -0.02219037
v 0.01454524 0.00062169 -0.03573643
v 0.01451567 -0.00642841 -0.03512794
v 0.01454524 -0.02723022 -0.02315155
v 0.01454839 -0.03034287 -0.01881484
v 0.01451566 -0.03277925 -0.01417100
v 0.01454524 -0.03562530 0.00288405
v 0.01454524 -0.03437811 0.00977880
v -0.00751606 -0.02446433 0.01664287
v -0.01163782 -0.02280462 0.01876836
v -0.00750030 -0.01997983 0.02170938
v -0.01171154 -0.01694849 0.02411839
v -0.00750874 -0.01451769 0.02577482
v -0.01160726 -0.01280319 0.02662041
v -0.00750114 -0.00843269 0.02827860
v -0.01164243 -0.00675675 0.02875815
v -0.00751007 -0.00177351 0.02953327
v -0.01171847 0.00108907 0.02945477
v -0.00750156 0.00479966 0.02912082
v -0.01161692 0.00902383 0.02812352
v -0.00751212 0.01133078 0.02733320
v -0.00750237 0.01705487 0.02409080
v -0.01164756 0.01757025 0.02373316
v -0.00751437 0.02215395 0.01961463
v -0.01181840 0.02304197 0.01830884
v -0.00750364 0.02587397 0.01420718
v -0.00751347 0.02849548 0.00798466
v -0.01171026 0.02779312 0.00982616
v -0.00749929 0.02948673 0.00148797
v -0.01168730 0.02949806 -0.00104870
v -0.00750148 0.02912010 -0.00533736
v -0.00750409 0.02622099 -0.01372205
v -0.01179938 0.02689998 -0.01198918
v -0.01162737 0.02468162 -0.01621402
v -0.00750016 0.02168790 -0.02008977
v -0.01180409 0.02172173 -0.01988332
v -0.00751320 0.01557376 -0.02517600
v -0.01165553 0.01571268 -0.02500984
v -0.01179764 0.01126046 -0.02721448
v -0.00750875 0.00727731 -0.02869571
v -0.01171310 0.00207319 -0.02940439
v -0.00750107 -0.00171793 -0.02955740
v -0.01164839 -0.00264291 -0.02941150
v -0.01160206 -0.00911612 -0.02810961
v -0.00751537 -0.01033595 -0.02772788
v -0.00750564 -0.01620857 -0.02466631
v -0.01171996 -0.01610438 -0.02468445
v -0.00749734 -0.02154196 -0.02030383
v -0.01171837 -0.02498294 -0.01564047
v -0.00751098 -0.02655134 -0.01305339
v -0.01165203 -0.02773290 -0.01004255
v -0.00750230 -0.02871163 -0.00681262
v -0.00749473 -0.02959501 0.00003389
v -0.01160298 -0.02951740 0.00105491
v -0.01180334 -0.02887029 0.00580473
v -0.00749009 -0.02828452 0.00865451
v -0.01165365 -0.02702674 0.01181008
v 0.03333385 -0.02446158 -0.04652254
v 0.03338952 -0.03150611 -0.04212061
v 0.03336771 -0.03835692 -0.03593796
v 0.03340827 -0.04390011 -0.02896435
v 0.03340312 -0.04808356 -0.02121113
v 0.03343213 -0.05030449 -0.01511237
v 0.03344385 -0.05177725 -0.00896386
v 0.03345574 -0.05257791 -0.00036555
v 0.03346128 -0.05187709 0.00832590
v 0.03348066 -0.04936922 0.01816251
v -0.03219888 0.05450511 0.00499716
v -0.03238782 0.06517526 0.00257429
v -0.03163987 0.06515719 0.00719542
v -0.03139332 0.05398566 0.00877829
v -0.03008103 0.05343134 0.01239642
v -0.02842960 0.05246902 0.01582640
v -0.02628682 0.05129434 0.01916760
v -0.02383245 0.05000630 0.02214839
v -0.02009336 0.04811206 0.02565040
v -0.01542094 0.04642873 0.02865196
v -0.00453269 0.04399438 0.03219274
v -0.00731414 0.06515487 0.03159313
v -0.00412957 0.06514654 0.03220814
v 0.00000840 0.06516273 0.03248721
v -0.00072517 0.06318194 0.03249845
v -0.00256649 0.06186265 0.03239514
v -0.00303956 0.05964454 0.03235803
v -0.00175705 0.05771130 0.03245604
v 0.00009784 0.05714210 0.03251346
v 0.00041536 0.04367469 0.03253455
v 0.00190301 0.05782360 0.03244684
v 0.00306843 0.05980406 0.03235554
v 0.00412941 0.06514651 0.03220828
v 0.00245294 0.06202281 0.03240770
v 0.00107351 0.06302582 0.03248587
v 0.00742247 0.06516336 0.03154069
v 0.01369424 0.04568807 0.02953244
v 0.02188717 0.05487903 0.02406829
v 0.02035335 0.04825012 0.02540222
v 0.02644198 0.05134039 0.01899980
v 0.02337821 0.04981320 0.02261641
v 0.03087735 0.05386333 0.01039109
v 0.02890814 0.05276487 0.01491936
v 0.03224221 0.06514133 0.00392364
v 0.03238292 0.05464235 0.00347622
v 0.03178822 0.05427886 0.00707103
v 0.03159911 0.06516038 0.00730333
v 0.03247969 0.06517827 -0.00028787
v 0.03249643 0.06313362 -0.00080813
v 0.03248914 0.06307905 0.00097815
v 0.03240014 0.06185665 0.00257021
v 0.03235902 0.06026549 0.00302405
v 0.03240077 0.05849966 0.00256093
v 0.03250814 0.05713066 0.00040057
v 0.03253641 0.05473226 -0.00130421
v 0.03245011 0.05773596 -0.00181128
v 0.03209838 0.05484268 -0.00514222
v 0.03236004 0.05964598 -0.00302215
v 0.03239827 0.06190238 -0.00255963
v 0.03218827 0.06509614 -0.00436578
v 0.03158670 0.06516192 -0.00731786
v 0.02883982 0.05272880 -0.01509964
v 0.03080118 0.05368981 -0.01057336
v 0.02721889 0.05163049 -0.01786437
v 0.02149340 0.04874038 -0.02449135
v 0.02497798 0.05060652 -0.02084252
v 0.01754600 0.04723014 -0.02738285
v 0.01051387 0.04498812 -0.03078085
v 0.01435158 0.04596800 -0.02920867
v 0.00709421 0.05488432 -0.03171584
v 0.00662455 0.04423517 -0.03183769
v 0.00278258 0.04373077 -0.03240555
v 0.00306094 0.06037339 -0.03235526
v 0.00257565 0.05860756 -0.03239867
v 0.00727288 0.06513955 -0.03162796
v 0.00104047 0.05731267 -0.03248812
v -0.00097360 0.05731949 -0.03248429
v -0.00239176 0.05834183 -0.03241310
v -0.00270348 0.06516100 -0.03237980
v -0.00716763 0.06515787 -0.03165424
v -0.00256217 0.06188725 -0.03240118
v -0.00302995 0.05986905 -0.03235834
v -0.00482180 0.04396531 -0.03216297
v -0.01002040 0.04482126 -0.03099807
v -0.01520440 0.04625800 -0.02877047
v -0.01864042 0.04752890 -0.02668322
v -0.02165769 0.04898159 -0.02426820
v -0.02446157 0.05031829 -0.02145880
v -0.03111479 0.05405437 -0.00953359
v -0.02958260 0.05313059 -0.01355368
v -0.02728513 0.05182179 -0.01775855
v -0.03176873 0.05425593 -0.00720431
v -0.03169868 0.06514262 -0.00709575
v -0.03236010 0.06075386 -0.00302214
v -0.03239456 0.05849545 -0.00255829
v -0.03240215 0.05480145 -0.00315624
v -0.03249556 0.05726644 -0.00080832
v -0.03253883 0.05472261 0.00134937
v -0.03248860 0.05732114 0.00097862
v -0.03238701 0.05876908 0.00273474
v -0.03237833 0.06152102 0.00283708
v -0.03251363 0.06333143 0.00014193
v -0.03239308 0.06514308 -0.00263167
v -0.03243515 0.06245888 -0.00201491
v 0.00097692 0.06307942 -0.03248823
v 0.00239635 0.06205227 -0.03241540
v 0.00272407 0.06514780 -0.03238424
v -0.00081622 0.06313332 -0.03249488
v 0.01459741 -0.05500000 -0.00366908
v 0.01641157 -0.05495224 -0.00166404
v 0.01497198 -0.05500000 0.00154480
v 0.01354070 -0.05500000 0.00657236
v -0.01459741 -0.05500000 0.00366908
v -0.01641157 -0.05495224 0.00166406
v 0.01181314 -0.05500000 -0.00947651
v 0.00657237 -0.05500000 -0.01354070
v 0.00154479 -0.05500000 -0.01497198
v -0.00486469 -0.05500000 -0.01434187
v -0.01047623 -0.05500000 -0.01080718
v -0.01354071 -0.05500000 -0.00657235
v -0.01246218 -0.05500000 0.00844042
v -0.00882383 -0.05500000 0.01219371
v -0.00295800 -0.05500000 0.01485277
v 0.00366908 -0.05500000 0.01459741
v 0.00947651 -0.05500000 0.01181313
v -0.01497198 -0.05500000 -0.00154480
v -0.01646758 -0.05499585 -0.00132881
v 0.00123347 -0.06550589 -0.01500327
v -0.00257658 -0.06589708 -0.01456486
v -0.00643343 -0.06550589 -0.01360994
v -0.01002225 -0.06590232 -0.01088743
v -0.01237648 -0.06550589 -0.00856984
v -0.01456115 -0.06550589 -0.00382002
v -0.01498953 -0.06550589 0.00139056
v -0.01360995 -0.06550589 0.00643342
v -0.01149067 -0.06550000 0.00964181
v -0.00856985 -0.06550589 0.01237648
v -0.00441766 -0.06590232 0.01412324
v -0.00123347 -0.06550589 0.01500327
v 0.00397234 -0.06550589 0.01452033
v 0.00869902 -0.06550589 0.01228603
v 0.01237648 -0.06550589 0.00856986
v 0.01456115 -0.06550589 0.00382002
v 0.01478243 -0.06590232 -0.00067919
v 0.01452034 -0.06550589 -0.00397233
v 0.01228604 -0.06550589 -0.00869901
v 0.00898168 -0.06590232 -0.01176057
v 0.00629050 -0.06550589 -0.01367659
v -0.00865633 -0.06600000 -0.00986603
v -0.01190671 -0.06600000 -0.00532841
v -0.01386246 -0.06600142 -0.00470206
v -0.01301107 -0.06600000 -0.00093472
v -0.01447252 -0.06600039 0.00149326
v -0.01254610 -0.06600000 0.00357170
v -0.01308899 -0.06600039 0.00635311
v -0.00986603 -0.06600000 0.00865634
v -0.00915974 -0.06600142 0.01141824
v -0.00532839 -0.06600000 0.01190672
v -0.00093473 -0.06600000 0.01301107
v 0.00149326 -0.06600039 0.01447252
v 0.00475991 -0.06600000 0.01223167
v 0.00759683 -0.06600142 0.01251261
v 0.00936623 -0.06600000 0.00907939
v 0.01204645 -0.06600039 0.00815885
v 0.01190671 -0.06600000 0.00532840
v 0.01411045 -0.06600039 0.00354668
v 0.01301107 -0.06600000 0.00093473
v 0.01223167 -0.06600000 -0.00475992
v 0.01251261 -0.06600142 -0.00759683
v 0.00821297 -0.06600000 -0.01023805
v 0.00199362 -0.06600000 -0.01297290
v 0.00354668 -0.06600039 -0.01411045
v -0.00357169 -0.06600000 -0.01254610
v -0.00635311 -0.06600039 -0.01308899
v 0.00256360 -0.06000000 -0.01287240
v -0.00421606 -0.06000000 -0.01242962
v -0.00986603 -0.06000000 -0.00865634
v -0.01254610 -0.06000000 -0.00357170
v -0.01301107 -0.06000000 0.00093472
v -0.01190671 -0.06000001 0.00532841
v -0.00936623 -0.06000000 0.00907939
v -0.00569604 -0.06000000 0.01173528
v -0.00133883 -0.06000000 0.01297572
v 0.00421606 -0.06000000 0.01242962
v 0.00907939 -0.06000000 0.00936623
v 0.01173528 -0.06000001 0.00569604
v 0.01297572 -0.06000000 0.00133883
v 0.01242962 -0.06000000 -0.00421605
v 0.00865634 -0.06000000 -0.00986602
v 0.01667614 -0.05451849 0.00139931
v 0.01620407 -0.05445362 0.00396352
v -0.01608236 -0.05437950 -0.00456936
v 0.03215126 0.05432220 -0.00591215
v 0.01391314 0.06516236 0.00217432
v 0.01404574 0.06516434 -0.00001185
v 0.01390747 0.06515256 -0.00228287
v 0.01786628 0.06515664 0.00380687
v 0.01509465 0.06516230 -0.00353978
v 0.01816012 0.06515666 -0.00384951
v 0.02990072 0.06515660 -0.00813165
v 0.02700545 0.06515746 -0.00662822
v 0.02747872 0.06515580 0.00684520
v 0.02979275 0.06515051 0.00808999
v 0.02338159 0.06514943 -0.00522837
v 0.02276390 0.06515192 0.00499667
v 0.01497407 0.06514955 0.00352548
v 0.01419064 0.06516250 0.00295537
v 0.01436003 0.06515937 -0.00315283
v 0.03081964 0.06516814 0.00801601
v 0.03093453 0.06514930 -0.00795197
v -0.00240721 0.06515875 0.01392354
v 0.00002155 0.06516425 0.01404631
v 0.00228589 0.06512318 0.01389349
v -0.00808785 0.06516036 0.02980090
v -0.00684518 0.06515581 0.02747869
v -0.00380283 0.06515370 0.01783561
v -0.00325794 0.06518406 0.01450520
v 0.00808460 0.06516393 0.02979814
v 0.00522836 0.06514943 0.02338157
v 0.00384351 0.06515644 0.01813118
v 0.00295412 0.06518175 0.01421068
v 0.00352714 0.06515054 0.01498149
v 0.00675784 0.06515089 0.02729450
v -0.00492669 0.06515500 0.02256400
v -0.00803864 0.06516048 0.03077217
v -0.01390940 0.06515382 -0.00228069
v -0.01404548 0.06516427 0.00002709
v -0.01389409 0.06509712 0.00241655
v -0.01733257 0.06516113 -0.00373056
v -0.01508588 0.06516354 0.00353782
v -0.01814722 0.06515685 0.00384565
v -0.01406526 0.06519656 0.00262425
v -0.02971469 0.06516805 -0.00804567
v -0.02747869 0.06515580 -0.00684519
v -0.02336976 0.06513848 0.00522977
v -0.01485338 0.06515560 -0.00349444
v -0.02684800 0.06515607 0.00656056
v -0.02990765 0.06515756 0.00813147
v -0.02020919 0.06514755 -0.00430045
v -0.01419179 0.06516643 -0.00291503
v -0.03105570 0.06515712 0.00789118
v -0.03115215 0.06516108 -0.00780616
v 0.00216770 0.06512330 -0.01389164
v -0.00002351 0.06516363 -0.01404581
v -0.00229284 0.06515598 -0.01391236
v 0.00382680 0.06515552 -0.01799941
v 0.00292722 0.06517506 -0.01417821
v 0.00352013 0.06515574 -0.01496980
v 0.00685997 0.06515526 -0.02751156
v 0.00809226 0.06516746 -0.02982543
v -0.00808891 0.06515079 -0.02978894
v -0.00618729 0.06515669 -0.02602189
v -0.00452712 0.06514478 -0.02105342
v -0.00373250 0.06515764 -0.01728892
v -0.00354496 0.06515501 -0.01509920
v -0.00315682 0.06516078 -0.01436561
v 0.00518517 0.06515608 -0.02331499
v 0.00799301 0.06517062 -0.03086841
v -0.00804719 0.06516764 -0.03068681
v -0.02413119 0.06510411 -0.00550647
v -0.00354718 0.06509687 0.01496428
v 0.00804661 0.06514270 0.03074159
v -0.03041385 0.06513087 -0.00813051
v -0.01444959 0.06509916 0.00325351
v -0.00771490 0.06512431 -0.03127192
v 0.00021684 0.06331410 -0.02800002
v 0.00271091 0.06170102 -0.02799998
v 0.00297352 0.05963776 -0.02800002
v 0.00216059 0.05803561 -0.02799996
v -0.00021683 0.05708591 -0.02800002
v -0.00271099 0.05869911 -0.02799998
v -0.00297356 0.06076211 -0.02800002
v -0.00216074 0.06236424 -0.02799996
v 0.00201484 0.05859829 -0.02800000
v 0.00252989 0.06048516 -0.02800000
v 0.00175472 0.06204462 -0.02800000
v -0.00006814 0.06277302 -0.02800000
v -0.00166468 0.06209731 -0.02800000
v -0.00254576 0.06057970 -0.02800000
v -0.00179300 0.05830619 -0.02800000
v 0.00028513 0.05767011 -0.02800000
v 0.00005793 0.06277277 -0.02199704
v -0.00193362 0.06189813 -0.02199704
v 0.00000000 0.06020000 -0.02049785
v -0.00253311 0.05958409 -0.02199514
v -0.00130262 0.05803806 -0.02199883
v 0.00016807 0.05765983 -0.02199817
v 0.00193361 0.05850188 -0.02199704
v 0.00254374 0.06058970 -0.02199704
v 0.00165825 0.06210291 -0.02199883
v -0.02800000 0.05752819 -0.00156449
v -0.02800002 0.05724176 0.00074508
v -0.02799997 0.05869087 0.00271091
v -0.02800004 0.06098820 0.00294127
v -0.02800000 0.06287191 0.00156326
v -0.02800002 0.06315861 -0.00073875
v -0.02799997 0.06170899 -0.00271101
v -0.02800004 0.05941202 -0.00294133
v -0.02800000 0.06199299 0.00189381
v -0.02800000 0.05991485 0.00252989
v -0.02800000 0.05802362 0.00143690
v -0.02800000 0.05794477 -0.00138727
v -0.02800000 0.06004151 -0.00254098
v -0.02800000 0.06190610 -0.00192725
v -0.02800000 0.06274098 -0.00015849
v 0.00048453 0.05715583 0.02800002
v 0.00271091 0.05869086 0.02799997
v 0.00294126 0.06098825 0.02800004
v 0.00156330 0.06287188 0.02800000
v -0.00074510 0.06315824 0.02800002
v -0.00271100 0.06170901 0.02799997
v -0.00294132 0.05941197 0.02800004
v -0.00177364 0.05770333 0.02799999
v 0.00209461 0.05864632 0.02800000
v 0.00015849 0.05765903 0.02800000
v -0.00207495 0.05855525 0.02800000
v -0.00244195 0.06092013 0.02800000
v -0.00122750 0.06246237 0.02800000
v 0.00116636 0.06253258 0.02800000
v 0.00247485 0.06079732 0.02800000
v 0.02799997 0.06170912 0.00271093
v 0.02800004 0.05941172 0.00294125
v 0.02799999 0.05770338 0.00177371
v 0.02800002 0.05715602 -0.00047710
v 0.02799997 0.05869092 -0.00271095
v 0.02800004 0.06098811 -0.00294129
v 0.02800000 0.06287181 -0.00156452
v 0.02800002 0.06315822 0.00074524
v 0.02800000 0.05793763 -0.00122750
v 0.02800000 0.05775806 0.00072014
v 0.02800000 0.05897251 0.00226237
v 0.02800000 0.06158727 0.00225524
v 0.02800000 0.06274098 0.00015849
v 0.02800000 0.06212725 -0.00170610
v 0.02800000 0.05990177 -0.00259083
v 0.02199817 0.06203784 -0.00176154
v 0.02199704 0.06025793 -0.00257277
v 0.02049785 0.06020000 -0.00000000
v 0.02199514 0.05809993 -0.00154458
v 0.02199817 0.05772761 0.00060662
v 0.02199883 0.05854177 0.00190292
v 0.02199816 0.05992442 0.00253076
v 0.02199704 0.06180936 0.00200810
v 0.02199704 0.06277277 0.00005794
v 0.00005793 0.05762723 0.02199704
v -0.00210008 0.05865543 0.02199514
v 0.00000000 0.06020000 0.02049785
v -0.00247239 0.06080661 0.02199816
v -0.00150404 0.06225391 0.02199816
v -0.00004712 0.06272361 0.02199883
v 0.00160937 0.06220809 0.02199704
v 0.00257277 0.06025794 0.02199704
v 0.00183785 0.05843847 0.02199816
v -0.02199883 0.05784470 0.00090742
v -0.02199704 0.05776258 -0.00082550
v -0.02049785 0.06020000 -0.00000000
v -0.02199933 0.05873430 -0.00203593
v -0.02199514 0.06036669 -0.00260158
v -0.02199816 0.06225391 -0.00150404
v -0.02199817 0.06274017 0.00016807
v -0.02199816 0.06203784 0.00176155
v -0.02199883 0.06068464 0.00247709
v -0.02199704 0.05896380 0.00225705
v 0.02580000 -0.04238367 0.02850657
v 0.02370000 -0.04587924 0.02245206
v 0.02580000 -0.04682902 0.02020007
v 0.02580000 -0.04957746 0.01229128
v 0.02370000 -0.04982036 0.01126638
v 0.02580000 -0.05091372 0.00296539
v 0.02370000 -0.05107566 -0.00052665
v 0.02580000 -0.05079144 -0.00540641
v 0.02370000 -0.04957744 -0.01229132
v 0.02580000 -0.04885747 -0.01462697
v 0.02580000 -0.04587924 -0.02245206
v 0.02370000 -0.04682902 -0.02020007
v 0.02370000 -0.04238367 -0.02850656
v 0.02580000 -0.04090828 -0.03045509
v 0.02580000 -0.03543333 -0.03678966
v 0.02370000 -0.03709606 -0.03499832
v 0.02370000 -0.03007783 -0.04128346
v 0.02580000 -0.02802496 -0.04260988
v 0.02580000 -0.02071363 -0.04668988
v 0.02370000 -0.01974650 -0.04710707
v 0.02580000 -0.00938784 -0.05020825
v 0.02370000 -0.00835056 -0.05039115
v 0.02580000 -0.00000000 -0.05100000
v 0.02370000 -0.00000000 -0.05100000
v 0.02580000 0.00835056 -0.05039115
v 0.02370000 0.00938784 -0.05020825
v 0.02580000 0.01974649 -0.04710707
v 0.02370000 0.01744303 -0.04792432
v 0.02370000 0.02599390 -0.04396950
v 0.02580000 0.02802496 -0.04260988
v 0.02580000 0.03466718 -0.03751249
v 0.02370000 0.03543330 -0.03678969
v 0.02580000 0.04238367 -0.02850657
v 0.02370000 0.04090828 -0.03045509
v 0.02370000 0.04587924 -0.02245206
v 0.02580000 0.04682902 -0.02020007
v 0.02580000 0.04957746 -0.01229128
v 0.02370000 0.04982036 -0.01126638
v 0.02580000 0.05091372 -0.00296539
v 0.02370000 0.05107566 0.00052665
v 0.02580000 0.05079144 0.00540641
v 0.02370000 0.04957744 0.01229132
v 0.02580000 0.04885747 0.01462697
v 0.02580000 0.04587924 0.02245206
v 0.02370000 0.04682902 0.02020007
v 0.02370000 0.04238367 0.02850656
v 0.02580000 0.04090828 0.03045509
v 0.02580000 0.03543333 0.03678966
v 0.02370000 0.03709606 0.03499832
v 0.02370000 0.03007783 0.04128346
v 0.02580000 0.02802496 0.04260988
v 0.02580000 0.02071363 0.04668988
v 0.02370000 0.01974650 0.04710707
v 0.02580000 0.00938784 0.05020825
v 0.02370000 0.00835056 0.05039115
v 0.02580000 0.00000000 0.05100000
v 0.02370000 0.00000000 0.05100000
v 0.02580000 -0.00835056 0.05039115
v 0.02370000 -0.00938784 0.05020825
v 0.02580000 -0.01974649 0.04710707
v 0.02370000 -0.01744303 0.04792432
v 0.02370000 -0.02599390 0.04396950
v 0.02580000 -0.02802496 0.04260988
v 0.02580000 -0.03466718 0.03751249
v 0.02370000 -0.03543330 0.03678969
v 0.02370000 -0.04090828 0.03045509
v 0.03315817 -0.04505067 0.02601001
v 0.03098446 -0.03475160 -0.03944807
v 0.03098712 -0.03912447 -0.03507535
v 0.03056963 -0.03797014 -0.03566805
v 0.02866441 -0.05064382 -0.01406871
v 0.02869055 -0.05258635 -0.00058072
v 0.02883359 -0.02223899 0.04763186
v 0.02884826 -0.01482283 0.05045221
v 0.02888373 0.00044100 0.05253173
v 0.02886858 -0.00590558 0.05224296
v 0.02890103 0.00702581 0.05210105
v 0.02892505 0.01529712 0.05031421
v 0.02894249 0.02901437 0.04378087
v 0.02894301 0.02366006 0.04695016
v 0.02897354 0.03424702 0.03988897
v 0.02899427 0.04036272 0.03371367
v 0.02903360 0.04932839 0.01822220
v 0.02901638 0.04545840 0.02641486
v 0.02874788 0.05022408 0.01392148
v 0.02907874 0.05253081 0.00205645
v 0.02904912 0.05152168 0.01042799
v 0.02878955 0.05203139 -0.00306179
v 0.02909572 0.05221193 -0.00624879
v 0.02912879 0.04886432 -0.01936985
v 0.02882206 0.04965769 -0.01583353
v 0.02911761 0.05070995 -0.01374871
v 0.02915263 0.04511221 -0.02699181
v 0.02875106 0.04401102 -0.02786526
v 0.02916866 0.04029140 -0.03378958
v 0.02880066 0.03888396 -0.03465685
v 0.02879404 0.02535333 -0.04548683
v 0.02880072 0.03259054 -0.04063988
v 0.02919377 0.03386973 -0.04021169
v 0.02885961 0.01321775 -0.05036377
v 0.02886503 0.01849083 -0.04868391
v 0.02923585 0.01884575 -0.04907691
v 0.02926042 0.01068802 -0.05146361
v 0.02889475 0.00487450 -0.05186690
v 0.02927286 0.00286307 -0.05250834
v 0.02889706 -0.00346331 -0.05197679
v 0.02894188 -0.01647682 -0.04940431
v 0.02891989 -0.01108954 -0.05087728
v 0.02930134 -0.01082721 -0.05144131
v 0.02897203 -0.02798724 -0.04391851
v 0.02895263 -0.02321813 -0.04660754
v 0.02933120 -0.02331297 -0.04711501
v 0.02900083 -0.04055356 -0.03269715
v 0.02897128 -0.03459966 -0.03894380
v 0.02937149 -0.03377939 -0.04028846
v 0.02904801 -0.04748843 -0.02138019
v 0.02902643 -0.04492345 -0.02633251
v 0.02940394 -0.04525475 -0.02674475
v 0.02905870 -0.04999180 -0.01456706
v 0.02943985 -0.04891119 -0.01924939
v 0.02944935 -0.05073110 -0.01367443
v 0.02907850 -0.05125527 -0.00922372
v 0.02947024 -0.05220715 -0.00629746
v 0.02907730 -0.05208554 -0.00097113
v 0.02947854 -0.05253803 0.00178507
v 0.02915232 -0.05153278 0.00765146
v 0.02950888 -0.05156795 0.01018575
v 0.02910082 -0.05031551 0.01353704
v 0.02952578 -0.04934267 0.01818248
v 0.02914975 -0.04792478 0.02038550
v 0.02955638 -0.04314420 0.03002433
v 0.02916449 -0.04462370 0.02683562
v 0.02954715 -0.04619616 0.02503078
v 0.02919975 -0.03904822 0.03449002
v 0.02923637 -0.02740385 0.04424566
v 0.02920393 -0.03279343 0.04047660
v 0.02959930 -0.03137824 0.04220012
v 0.02931835 -0.01473525 0.04996954
v 0.02923907 -0.02262382 0.04690106
v 0.02962468 -0.02357768 0.04699266
v 0.02930938 0.00108674 0.05203358
v 0.02929856 -0.00541357 0.05181614
v 0.02965576 -0.00547301 0.05224337
v 0.02930015 0.00756945 0.05154308
v 0.02969527 0.00131556 0.05255178
v 0.02970086 0.00743591 0.05201287
v 0.02932929 0.01520425 0.04980259
v 0.02938208 0.02092712 0.04769788
v 0.02972327 0.01488303 0.05043702
v 0.02973882 0.02257528 0.04746842
v 0.02937805 0.02631121 0.04490541
v 0.02936173 0.03142523 0.04154575
v 0.02976831 0.02977558 0.04332292
v 0.02977339 0.03457205 0.03956275
v 0.02943048 0.03823369 0.03537416
v 0.02979627 0.03948300 0.03469956
v 0.02943414 0.04340992 0.02879506
v 0.02980085 0.04433912 0.02828647
v 0.02943033 0.04753545 0.02127571
v 0.02984275 0.04862955 0.01996935
v 0.02948539 0.05039739 0.01323100
v 0.02984761 0.05058536 0.01419294
v 0.02948790 0.05189302 0.00453582
v 0.02986916 0.05201726 0.00756948
v 0.02988264 0.05258771 -0.00035389
v 0.02952002 0.05195069 -0.00382859
v 0.02952912 0.05059119 -0.01238805
v 0.02991846 0.05172728 -0.00936963
v 0.02992144 0.05010987 -0.01578621
v 0.02953517 0.04787277 -0.02050447
v 0.02954975 0.04499770 -0.02616660
v 0.02994373 0.04767620 -0.02213953
v 0.02995577 0.04385337 -0.02902019
v 0.02959043 0.04146019 -0.03153532
v 0.02998629 0.03824828 -0.03606822
v 0.02959849 0.03569867 -0.03792986
v 0.02998128 0.03345511 -0.04049442
v 0.02960894 0.02893011 -0.04330663
v 0.03002103 0.02802323 -0.04447959
v 0.02961301 0.02169550 -0.04735730
v 0.03003713 0.02067241 -0.04835668
v 0.02964523 0.01540996 -0.04974353
v 0.03005356 0.01217656 -0.05114616
v 0.02966005 0.00922154 -0.05126030
v 0.02967538 0.00284616 -0.05200007
v 0.02970877 -0.00401115 -0.05193654
v 0.03008624 -0.00053403 -0.05257385
v 0.03009893 -0.00690055 -0.05208366
v 0.02971390 -0.01223419 -0.05062338
v 0.03012254 -0.01365277 -0.05076329
v 0.02972030 -0.02036048 -0.04793996
v 0.03013295 -0.02109995 -0.04816856
v 0.02984581 -0.03223094 -0.04093335
v 0.02971153 -0.02759438 -0.04417504
v 0.03015916 -0.02914614 -0.04375790
v 0.03017960 -0.03602975 -0.03831436
v 0.02974578 -0.03481851 -0.03876488
v 0.03019948 -0.04186461 -0.03180672
v 0.02978958 -0.04064693 -0.03258695
v 0.02981208 -0.04437987 -0.02716612
v 0.03023239 -0.04833789 -0.02068193
v 0.02978610 -0.04729276 -0.02182722
v 0.02984416 -0.04970840 -0.01555947
v 0.03024699 -0.05043151 -0.01471672
v 0.02986323 -0.05122650 -0.00928814
v 0.02987460 -0.05200131 -0.00301166
v 0.03027216 -0.05189688 -0.00840385
v 0.03027698 -0.05249341 -0.00221929
v 0.02989015 -0.05193852 0.00357976
v 0.02989297 -0.05122958 0.00932135
v 0.03030541 -0.05237901 0.00448488
v 0.03030956 -0.05146442 0.01060124
v 0.03033044 -0.04954484 0.01765207
v 0.02990325 -0.04927449 0.01691995
v 0.03001635 -0.04757337 0.02123846
v 0.03034631 -0.04608916 0.02529472
v 0.02993437 -0.04539179 0.02551695
v 0.03037110 -0.04156413 0.03219575
v 0.02994516 -0.04140893 0.03158477
v 0.02996595 -0.03781832 0.03579729
v 0.03039321 -0.03592134 0.03841402
v 0.03002379 -0.03386871 0.03951484
v 0.03040920 -0.03009055 0.04307673
v 0.02998771 -0.02883606 0.04336944
v 0.03041328 -0.02488607 0.04630845
v 0.03000953 -0.02402712 0.04619935
v 0.03004804 -0.01723223 0.04913651
v 0.03045213 -0.01704587 0.04973225
v 0.03003979 -0.01207180 0.05065371
v 0.03046224 -0.00895249 0.05182768
v 0.03005056 -0.00486266 0.05185265
v 0.03048404 -0.00014429 0.05257979
v 0.03007187 0.00066434 0.05206964
v 0.03050774 0.00883388 0.05184989
v 0.03009770 0.00839816 0.05141225
v 0.03012763 0.01677351 0.04932021
v 0.03054572 0.02309146 0.04719186
v 0.03012617 0.02436351 0.04602849
v 0.03052513 0.01711693 0.04971292
v 0.03055530 0.02858202 0.04412995
v 0.03014535 0.02900938 0.04324339
v 0.03057375 0.03369411 0.04030745
v 0.03017079 0.03504514 0.03854190
v 0.03020075 0.04093423 0.03222247
v 0.03058845 0.03841401 0.03590209
v 0.03060085 0.04248428 0.03090950
v 0.03021898 0.04573100 0.02491723
v 0.03024346 0.04918900 0.01714862
v 0.03063067 0.04609046 0.02529161
v 0.03066163 0.05177903 0.00913879
v 0.03022947 0.05085362 0.01106389
v 0.03063977 0.04953110 0.01769188
v 0.03029603 0.05187285 0.00473153
v 0.03069510 0.05244873 -0.00370319
v 0.03027040 0.05193805 -0.00396548
v 0.03031741 0.05056902 -0.01251335
v 0.03071374 0.05114156 -0.01228938
v 0.03030364 0.04858140 -0.01866321
v 0.03073523 0.04833327 -0.02070026
v 0.03037127 0.04598150 -0.02446762
v 0.03037954 0.03863773 -0.03494062
v 0.03033253 0.04263354 -0.02984626
v 0.03076388 0.04411738 -0.02863090
v 0.03041226 0.02879122 -0.04341474
v 0.03036434 0.03396134 -0.03943401
v 0.03079508 0.03433574 -0.03976959
v 0.03076588 0.03913241 -0.03510767
v 0.03082448 0.02362944 -0.04692223
v 0.03043372 0.02122078 -0.04757432
v 0.03080666 0.02924177 -0.04369876
v 0.03045405 0.01319636 -0.05039160
v 0.03084019 0.01776066 -0.04948857
v 0.03085090 0.01168931 -0.05122067
v 0.03048524 0.00050909 -0.05209057
v 0.03043859 0.00693539 -0.05157796
v 0.03087158 0.00535618 -0.05230460
v 0.03088948 -0.00325560 -0.05249694
v 0.03049303 -0.00813486 -0.05145151
v 0.03091196 -0.01211053 -0.05116706
v 0.03052874 -0.01655928 -0.04939036
v 0.03091400 -0.01832440 -0.04922944
v 0.03053947 -0.02239998 -0.04695288
v 0.03095470 -0.02950516 -0.04347413
v 0.03055034 -0.02806254 -0.04388580
v 0.03095272 -0.02422531 -0.04665942
v 0.03060216 -0.03318849 -0.04007860
v 0.03059109 -0.04336904 -0.02886284
v 0.03101025 -0.04367733 -0.02930608
v 0.03062814 -0.04660493 -0.02317143
v 0.03102321 -0.04780072 -0.02189284
v 0.03064317 -0.04911615 -0.01734900
v 0.03104550 -0.05010039 -0.01582793
v 0.03063976 -0.05081936 -0.01124965
v 0.03104869 -0.05164176 -0.00985785
v 0.03067527 -0.05185649 -0.00494126
v 0.03107553 -0.05242630 -0.00339906
v 0.03108837 -0.05249017 0.00308119
v 0.03069614 -0.05196073 0.00370081
v 0.03110644 -0.05119617 0.01204527
v 0.03071212 -0.05105083 0.01013428
v 0.03072756 -0.04942920 0.01643993
v 0.03112870 -0.04857543 0.02011940
v 0.03074740 -0.04607814 0.02429248
v 0.03076677 -0.04152130 0.03145478
v 0.03115024 -0.04573744 0.02585166
v 0.03116033 -0.04232550 0.03119407
v 0.03118081 -0.03632822 0.03803166
v 0.03078726 -0.03577477 0.03786611
v 0.03080833 -0.02898575 0.04328413
v 0.03119432 -0.02987087 0.04326319
v 0.03082598 -0.02134344 0.04750411
v 0.03123554 -0.02241443 0.04755527
v 0.03084853 -0.01341881 0.05033112
v 0.03124344 -0.01469357 0.05050192
v 0.03126644 -0.00597793 0.05223808
v 0.03086816 -0.00504599 0.05184596
v 0.03088885 0.00359468 0.05196796
v 0.03128390 0.00300016 0.05250848
v 0.03130056 0.01138890 0.05132680
v 0.03090993 0.01217942 0.05064826
v 0.03132776 0.01767634 0.04947329
v 0.03134036 0.02358492 0.04699145
v 0.03093037 0.02035947 0.04794733
v 0.03135835 0.03121484 0.04232768
v 0.03097119 0.02784592 0.04402516
v 0.03100150 0.03777178 0.03587741
v 0.03096454 0.03304805 0.04020886
v 0.03137162 0.03745963 0.03688775
v 0.03102917 0.04320172 0.02910608
v 0.03141873 0.04825226 0.02075781
v 0.03102626 0.04742665 0.02154659
v 0.03140840 0.04531405 0.02665973
v 0.03144785 0.05044595 0.01481341
v 0.03104671 0.05029980 0.01353956
v 0.03146286 0.05223199 0.00614798
v 0.03104426 0.05182781 0.00518381
v 0.03113835 0.05108351 -0.00993908
v 0.03108864 0.05197763 -0.00346879
v 0.03147912 0.05252458 -0.00227644
v 0.03152369 0.05131347 -0.01154393
v 0.03112140 0.04950309 -0.01622026
v 0.03152189 0.04891958 -0.01924868
v 0.03116922 0.04707476 -0.02218825
v 0.03154906 0.04603479 -0.02532668
v 0.03115217 0.04407509 -0.02776446
v 0.03155107 0.04279829 -0.03052956
v 0.03117647 0.03898499 -0.03452938
v 0.03161463 0.02661378 -0.04536176
v 0.03120552 0.02918031 -0.04315430
v 0.03158098 0.03378983 -0.04027204
v 0.03118909 0.03433527 -0.03911712
v 0.03124095 0.02164590 -0.04737983
v 0.03165419 0.01286138 -0.05094040
v 0.03124756 0.01364222 -0.05027327
v 0.03162535 0.01910978 -0.04897438
v 0.03131490 -0.00122374 -0.05202809
v 0.03126792 0.00527905 -0.05182497
v 0.03165752 0.00677509 -0.05213445
v 0.03170047 -0.00248966 -0.05253711
v 0.03131250 -0.00680025 -0.05162882
v 0.03170201 -0.01053286 -0.05150145
v 0.03131670 -0.01652483 -0.04938357
v 0.03138511 -0.02944363 -0.04291359
v 0.03134291 -0.02399355 -0.04623735
v 0.03173145 -0.02286709 -0.04733803
v 0.03175943 -0.03384738 -0.04022292
v 0.03137349 -0.03451021 -0.03902354
v 0.03179048 -0.04011700 -0.03401069
v 0.03139516 -0.04049978 -0.03276675
v 0.03146215 -0.04817169 -0.01969723
v 0.03141700 -0.04537742 -0.02558790
v 0.03180381 -0.04499177 -0.02719479
v 0.03145919 -0.05151187 -0.00731148
v 0.03144811 -0.05024483 -0.01374986
v 0.03183324 -0.05033916 -0.01514369
v 0.03187697 -0.05249943 -0.00285168
v 0.03147905 -0.05208337 -0.00109216
v 0.03187602 -0.05240668 0.00359471
v 0.03150387 -0.05153669 0.00749798
v 0.03152256 -0.04957474 0.01600639
v 0.03191902 -0.05157749 0.01017644
v 0.03192682 -0.04936580 0.01813429
v 0.03156639 -0.04713970 0.02205427
v 0.03195020 -0.04551802 0.02631165
v 0.03155324 -0.04419497 0.02757643
v 0.03156086 -0.03910357 0.03440447
v 0.03160460 -0.02736742 0.04425213
v 0.03159551 -0.03286010 0.04042500
v 0.03198133 -0.03454943 0.03962542
v 0.03202345 -0.02372422 0.04692015
v 0.03162801 -0.02185425 0.04728892
v 0.03165640 -0.01388651 0.05020586
v 0.03205388 -0.00548778 0.05224305
v 0.03168171 -0.00127718 0.05206309
v 0.03169436 -0.00757790 0.05148898
v 0.03170107 0.00744665 0.05156106
v 0.03209686 0.00112190 0.05256005
v 0.03210938 0.00944342 0.05173955
v 0.03171495 0.01588944 0.04960582
v 0.03175786 0.02301005 0.04671511
v 0.03213081 0.01821426 0.04932103
v 0.03212802 0.02402420 0.04671344
v 0.03174795 0.02761444 0.04414555
v 0.03216923 0.02961485 0.04343703
v 0.03177402 0.03433077 0.03918300
v 0.03218197 0.03611112 0.03823599
v 0.03178896 0.04033841 0.03295665
v 0.03183145 0.04886561 0.01803509
v 0.03180440 0.04523842 0.02581234
v 0.03220357 0.04563804 0.02600994
v 0.03224323 0.04856116 0.02014324
v 0.03225792 0.05116613 0.01216566
v 0.03185845 0.05121537 0.00949533
v 0.03226642 0.05245171 0.00357402
v 0.03187533 0.05197542 0.00287407
v 0.03188934 0.05200106 -0.00226285
v 0.03191885 0.05061513 -0.01218420
v 0.03191558 0.05159567 -0.00698469
v 0.03232041 0.05176331 -0.00917131
v 0.03193767 0.04874290 -0.01832260
v 0.03232942 0.04943570 -0.01794596
v 0.03233954 0.04587079 -0.02568366
v 0.03196182 0.04235288 -0.03025474
v 0.03196134 0.04591379 -0.02460033
v 0.03239053 0.03843584 -0.03586521
v 0.03199759 0.03849426 -0.03509326
v 0.03197555 0.03293565 -0.04035656
v 0.03239327 0.03350709 -0.04046609
v 0.03201130 0.02784144 -0.04397805
v 0.03202468 0.02339749 -0.04650028
v 0.03242121 0.02819204 -0.04437625
v 0.03243370 0.02069095 -0.04834994
v 0.03203694 0.01754282 -0.04903761
v 0.03245384 0.01241629 -0.05109082
v 0.03205528 0.01141022 -0.05078866
v 0.03215921 0.00400136 -0.05194608
v 0.03206375 -0.00188031 -0.05201139
v 0.03248858 -0.00030717 -0.05257851
v 0.03208330 -0.00847773 -0.05140276
v 0.03251225 -0.00900267 -0.05181982
v 0.03220244 -0.01319215 -0.05040300
v 0.03252747 -0.01755148 -0.04956319
v 0.03211162 -0.01769226 -0.04897880
v 0.03214512 -0.02262842 -0.04685214
v 0.03216891 -0.02835096 -0.04368923
v 0.03256551 -0.02903178 -0.04383348
v 0.03218409 -0.03511517 -0.03847314
v 0.03257181 -0.03405272 -0.04001014
v 0.03219895 -0.04100754 -0.03213079
v 0.03260098 -0.03879824 -0.03548179
v 0.03261625 -0.04400747 -0.02880465
v 0.03221207 -0.04554211 -0.02523498
v 0.03263449 -0.04825265 -0.02088754
v 0.03231158 -0.04762245 -0.02116706
v 0.03226579 -0.05061082 -0.01220611
v 0.03227190 -0.05189172 -0.00459515
v 0.03266748 -0.05185644 -0.00868421
v 0.03268401 -0.05259282 0.00002003
v 0.03229168 -0.05191663 0.00411162
v 0.03270549 -0.05184521 0.00876235
v 0.03231522 -0.05054323 0.01262258
v 0.03272326 -0.05032823 0.01508339
v 0.03234650 -0.04592239 0.02459273
v 0.03230313 -0.04857727 0.01867677
v 0.03274050 -0.04814615 0.02112903
v 0.03236447 -0.04266614 0.02977677
v 0.03237711 -0.03856678 0.03502118
v 0.03239666 -0.03216150 0.04096192
v 0.03242052 -0.02498776 0.04571106
v 0.03243905 -0.01931419 0.04831082
v 0.03245136 -0.01309823 0.05041883
v 0.03246866 -0.00702690 0.05155163
v 0.03250414 0.00824865 0.05143808
v 0.03248237 -0.00040624 0.05209329
v 0.03252574 0.01665591 0.04935985
v 0.03254354 0.02242248 0.04694775
v 0.03256386 0.03492222 0.03865136
v 0.03255619 0.02814667 0.04383350
v 0.03259855 0.04085668 0.03232039
v 0.03263089 0.04757074 0.02123085
v 0.03258372 0.04449438 0.02699365
v 0.03265113 0.05038951 0.01320754
v 0.03267223 0.05185514 0.00488605
v 0.03270386 0.05145530 -0.00813476
v 0.03272237 0.05201568 -0.00162548
v 0.03271783 0.05002109 -0.01430953
v 0.03273593 0.04786480 -0.02055679
v 0.03271686 0.04497112 -0.02618938
v 0.03276608 0.04145693 -0.03154258
v 0.03278734 0.03569365 -0.03794354
v 0.03280875 0.02889357 -0.04334601
v 0.03280566 0.02130122 -0.04753216
v 0.03285244 0.01333030 -0.05035626
v 0.03287264 0.00495363 -0.05185623
v 0.03289399 -0.00368824 -0.05196254
v 0.03292625 -0.01642734 -0.04943428
v 0.03291042 -0.01008614 -0.05106134
v 0.03294667 -0.02428053 -0.04608533
v 0.03298886 -0.03140868 -0.04155094
v 0.03300928 -0.04327382 -0.02899797
v 0.03298770 -0.03785656 -0.03578402
v 0.03303050 -0.04747116 -0.02144444
v 0.03305066 -0.05032709 -0.01343126
v 0.03304703 -0.05183792 -0.00506818
v 0.03309219 -0.05196784 0.00358170
v 0.03311375 -0.05064981 0.01216837
v 0.03313458 -0.04795498 0.02034207
v 0.02871583 -0.05198073 0.00776270
v 0.02874758 -0.05010708 0.01585938
v 0.02875192 -0.04690373 0.02377456
v 0.02878261 -0.04221548 0.03131767
v 0.02878730 -0.03632609 0.03802874
v 0.02880419 -0.02966676 0.04340635
v 0.02921971 0.02633829 -0.04551207
v 0.02929507 -0.00475736 -0.05232590
v 0.02934065 -0.01739891 -0.04956361
v 0.02935817 -0.02867833 -0.04399868
v 0.02939696 -0.04026428 -0.03382570
v 0.02959218 -0.03787097 0.03645606
v 0.02963789 -0.01772776 0.04943823
v 0.02966544 -0.01179953 0.05122537
v 0.03006996 0.00589624 -0.05218916
v 0.03022892 -0.04538815 -0.02643793
v 0.03067604 0.05245107 0.00274462
v 0.03141587 0.04177509 0.03184775
v 0.03159323 0.03859381 -0.03563568
v 0.03172857 -0.01711188 -0.04967568
v 0.03177852 -0.02854782 -0.04409447
v 0.03184631 -0.04801354 -0.02130869
v 0.03186160 -0.05171210 -0.00920264
v 0.03197034 -0.04038431 0.03369090
v 0.03203084 -0.02923094 0.04364625
v 0.03203785 -0.01783218 0.04940532
v 0.03206750 -0.01200169 0.05117904
v 0.03221205 0.04196430 0.03166467
v 0.03230280 0.05244644 -0.00295952
v 0.03237944 0.04234917 -0.03107984
v 0.03248231 0.00614295 -0.05217061
v 0.03255804 -0.02342193 -0.04702046
v 0.03265652 -0.05035987 -0.01495292
v 0.02915866 -0.01811193 0.04884810
v 0.02917726 -0.01004669 0.05111945
v 0.02876470 0.00903967 -0.05132096
v 0.02908308 -0.04193113 0.03091838
v 0.02929510 0.03415300 0.03934412
v 0.02937091 0.05112972 0.01001034
v 0.03122551 -0.01212524 -0.05068256
v 0.03196638 0.00516372 -0.05188238
v 0.03215190 -0.04941372 -0.01651093
v 0.02882088 0.04098191 -0.03288050
v 0.02872884 0.04466093 -0.02781048
v 0.02875451 0.03653593 -0.03784471
v 0.02859997 0.02912246 -0.04376930
v 0.02886350 0.02815494 -0.04442478
v 0.02883284 0.01986562 -0.04867766
v 0.02879894 0.01318192 -0.05093226
v 0.02860058 0.00383575 -0.05243309
v 0.02891722 0.00257130 -0.05253436
v 0.02888467 -0.00664400 -0.05216150
v 0.02860160 -0.01251280 -0.05104915
v 0.02896778 -0.01464525 -0.05045621
v 0.02860000 -0.02019492 -0.04846045
v 0.02899224 -0.02344954 -0.04707802
v 0.02860014 -0.02759517 -0.04474654
v 0.02901450 -0.03167716 -0.04192081
v 0.02860118 -0.03629641 -0.03803549
v 0.02903563 -0.03737870 -0.03690950
v 0.02860147 -0.04314083 -0.03002356
v 0.02903526 -0.04349174 -0.02960924
v 0.02859904 -0.04831635 -0.02071457
v 0.02908112 -0.04820281 -0.02091087
v 0.02912076 -0.05123787 -0.01182826
v 0.02860000 -0.05088185 -0.01293396
v 0.02860124 -0.05238551 -0.00446876
v 0.02912561 -0.05246878 -0.00265287
v 0.02913141 -0.05228685 0.00533731
v 0.02860150 -0.05220645 0.00605215
v 0.02918836 -0.05042242 0.01493124
v 0.02860000 -0.05065232 0.01380552
v 0.02860114 -0.04779245 0.02190946
v 0.02919729 -0.04616934 0.02517216
v 0.02860177 -0.04249857 0.03092445
v 0.02921576 -0.04085620 0.03303432
v 0.02859879 -0.03539502 0.03886679
v 0.02923851 -0.03544171 0.03878858
v 0.02925764 -0.02934515 0.04357503
v 0.02860000 -0.02893284 0.04380800
v 0.02860129 -0.02174728 0.04784875
v 0.02926492 -0.02240362 0.04754231
v 0.02931704 -0.01330698 0.05087277
v 0.02859904 -0.01167097 0.05125583
v 0.02860000 -0.00360227 0.05237627
v 0.02932858 -0.00234597 0.05253435
v 0.02860050 0.00507262 0.05233021
v 0.02934861 0.00715380 0.05204820
v 0.02860000 0.01249675 0.05099099
v 0.02936032 0.01476959 0.05043818
v 0.02860153 0.02042732 0.04843839
v 0.02938792 0.02217507 0.04762653
v 0.02872344 0.02605771 0.04513977
v 0.02934374 0.02626738 0.04549235
v 0.03480604 0.05050370 -0.01985550
v 0.03350000 0.05073467 -0.01924828
v 0.03480000 0.05289868 -0.01180550
v 0.03350000 0.05357077 -0.00864149
v 0.03480604 0.05413157 -0.00382600
v 0.03350000 0.05421369 0.00231918
v 0.03480000 0.05400684 0.00457183
v 0.03480604 0.05279443 0.01255443
v 0.03350000 0.05263711 0.01318475
v 0.03480000 0.05016141 0.02052982
v 0.03350000 0.05016141 0.02052982
v 0.03480604 0.04661488 0.02778341
v 0.03350000 0.04627609 0.02833772
v 0.03480000 0.04171510 0.03460478
v 0.03350000 0.04171510 0.03460478
v 0.03480604 0.03615974 0.04046404
v 0.03350000 0.03567054 0.04089150
v 0.03480604 0.02727420 0.04691464
v 0.03350000 0.02944262 0.04550574
v 0.03350000 0.02179327 0.04969463
v 0.03480000 0.01967969 0.05050099
v 0.03480604 0.01197888 0.05292799
v 0.03350000 0.01134370 0.05306433
v 0.03480604 0.00107934 0.05425588
v 0.03350000 0.00042970 0.05426157
v 0.03480604 -0.00986435 0.05336253
v 0.03350000 -0.00730136 0.05370596
v 0.03350000 -0.01583392 0.05190173
v 0.03480000 -0.01796283 0.05113684
v 0.03480604 -0.02538673 0.04796227
v 0.03350000 -0.02595751 0.04765197
v 0.03480000 -0.03244753 0.04341426
v 0.03350000 -0.03244753 0.04341426
v 0.03480604 -0.03858063 0.03816281
v 0.03350000 -0.03903233 0.03769588
v 0.03480604 -0.04547302 0.02961536
v 0.03350000 -0.04582149 0.02906706
v 0.03480604 -0.05050370 0.01985550
v 0.03350000 -0.05073467 0.01924828
v 0.03480000 -0.05289868 0.01180550
v 0.03350000 -0.05357077 0.00864149
v 0.03480604 -0.05413157 0.00382600
v 0.03350000 -0.05421369 -0.00231918
v 0.03480000 -0.05400684 -0.00457183
v 0.03480604 -0.05279443 -0.01255443
v 0.03350000 -0.05263711 -0.01318475
v 0.03480000 -0.05016141 -0.02052982
v 0.03350000 -0.05016141 -0.02052982
v 0.03480604 -0.04661488 -0.02778341
v 0.03350000 -0.04627609 -0.02833772
v 0.03480000 -0.04171510 -0.03460478
v 0.03350000 -0.04171510 -0.03460478
v 0.03480604 -0.03615974 -0.04046404
v 0.03350000 -0.03567054 -0.04089150
v 0.03480604 -0.02727420 -0.04691464
v 0.03350000 -0.02944262 -0.04550574
v 0.03350000 -0.02179327 -0.04969463
v 0.03480000 -0.01967969 -0.05050099
v 0.03480604 -0.01197888 -0.05292799
v 0.03350000 -0.01134370 -0.05306433
v 0.03480604 -0.00107934 -0.05425588
v 0.03350000 -0.00042970 -0.05426157
v 0.03480604 0.00986435 -0.05336253
v 0.03350000 0.00730136 -0.05370596
v 0.03350000 0.01583392 -0.05190173
v 0.03480000 0.01796283 -0.05113684
v 0.03480604 0.02538673 -0.04796227
v 0.03350000 0.02595751 -0.04765197
v 0.03480000 0.03244753 -0.04341426
v 0.03350000 0.03244753 -0.04341426
v 0.03480604 0.03858063 -0.03816281
v 0.03350000 0.03903233 -0.03769588
v 0.03480604 0.04547302 -0.02961536
v 0.03350000 0.04395609 -0.03170966
v 0.02860000 -0.04373429 0.02525000
v 0.02860000 -0.04737056 0.01768163
v 0.02860000 -0.04939646 0.01049954
v 0.02860000 -0.05051600 0.00217801
v 0.02860000 -0.04986494 -0.00837244
v 0.02860000 -0.04703452 -0.01855706
v 0.02860000 -0.04214847 -0.02793057
v 0.02860000 -0.03752881 -0.03379110
v 0.02860000 -0.03145463 -0.03958808
v 0.02860000 -0.02525000 -0.04373429
v 0.02860000 -0.01768163 -0.04737056
v 0.02860000 -0.01049954 -0.04939646
v 0.02860000 -0.00217801 -0.05051600
v 0.02860000 0.00837244 -0.04986494
v 0.02860000 0.01855706 -0.04703452
v 0.02860000 0.02793057 -0.04214847
v 0.02860000 0.03379110 -0.03752881
v 0.02860000 0.03958808 -0.03145463
v 0.02860000 0.04373429 -0.02525000
v 0.02860000 0.04737056 -0.01768163
v 0.02873680 0.04933326 -0.01829448
v 0.02860000 0.04939646 -0.01049954
v 0.02870364 0.05188347 -0.00852863
v 0.02860000 0.05051600 -0.00217801
v 0.02870986 0.05254548 -0.00065797
v 0.02860000 0.04986494 0.00837244
v 0.02868606 0.05193738 0.00836476
v 0.02860000 0.04703452 0.01855706
v 0.02866029 0.04937070 0.01805247
v 0.02860000 0.04214847 0.02793057
v 0.02865566 0.04617830 0.02505919
v 0.02863870 0.04118269 0.03272285
v 0.02860000 0.03752881 0.03379110
v 0.02860000 0.03145463 0.03958808
v 0.02861993 0.03381456 0.04025799
v 0.02860000 0.02525000 0.04373429
v 0.02860000 0.01768163 0.04737056
v 0.02860000 0.01049954 0.04939646
v 0.02860000 0.00217801 0.05051600
v 0.02860000 -0.00837244 0.04986494
v 0.02860000 -0.01855706 0.04703452
v 0.02860000 -0.02793057 0.04214847
v 0.02860000 -0.03379110 0.03752881
v 0.02860000 -0.03958808 0.03145463
v 0.03979860 0.02499282 0.03865894
v 0.03900057 0.02316540 0.04064425
v 0.03807010 0.02595870 0.04003429
v 0.03579786 0.02192810 0.04481704
v 0.03759249 0.02164954 0.04301820
v 0.03980119 0.01718890 0.04274587
v 0.03979848 -0.01380376 0.04395123
v 0.03783139 -0.00995405 0.04688417
v 0.03980065 -0.00280241 0.04601854
v 0.03579943 -0.00962197 0.04893387
v 0.03803347 -0.01477600 0.04541201
v 0.03896756 -0.01226608 0.04517202
v 0.03579926 -0.01613806 0.04716235
v 0.03870250 -0.04106087 0.02291128
v 0.03876364 -0.04051571 0.02373376
v 0.03979860 -0.03865894 0.02499282
v 0.03807010 -0.04003429 0.02595870
v 0.03579761 -0.04481731 0.02192813
v 0.03759249 -0.04301820 0.02164954
v 0.03980099 -0.04274604 0.01718901
v 0.03979848 -0.04395123 -0.01380376
v 0.03783139 -0.04688417 -0.00995405
v 0.03980078 -0.04601841 -0.00280239
v 0.03579942 -0.04893389 -0.00962197
v 0.03817066 -0.04533821 -0.01455972
v 0.03896756 -0.04517202 -0.01226608
v 0.03579816 -0.04718974 -0.01615162
v 0.03979860 -0.02499282 -0.03865894
v 0.03900057 -0.02316540 -0.04064425
v 0.03807010 -0.02595870 -0.04003429
v 0.03579786 -0.02192809 -0.04481705
v 0.03759249 -0.02164954 -0.04301820
v 0.03980119 -0.01718890 -0.04274587
v 0.03979848 0.01380376 -0.04395123
v 0.03783139 0.00995405 -0.04688417
v 0.03980065 0.00280241 -0.04601854
v 0.03579945 0.00962197 -0.04893386
v 0.03803347 0.01477600 -0.04541201
v 0.03896756 0.01226608 -0.04517202
v 0.03579924 0.01613809 -0.04716237
v 0.03870250 0.04106087 -0.02291128
v 0.03876364 0.04051571 -0.02373376
v 0.03979860 0.03865894 -0.02499282
v 0.03807010 0.04003429 -0.02595870
v 0.03579766 0.04481724 -0.02192814
v 0.03759249 0.04301820 -0.02164954
v 0.03980099 0.04274604 -0.01718901
v 0.03979848 0.04395123 0.01380376
v 0.03783139 0.04688417 0.00995405
v 0.03980078 0.04601841 0.00280239
v 0.03579943 0.04893387 0.00962197
v 0.03817066 0.04533821 0.01455972
v 0.03896756 0.04517202 0.01226608
v 0.03579812 0.04718978 0.01615163
v 0.03580026 0.02295910 -0.04450424
v 0.03980020 0.02472528 -0.03885768
v 0.03580063 0.03406011 -0.03684235
v 0.03980016 0.03226398 -0.03286788
v 0.03580385 0.04129664 -0.02808336
v 0.03580063 -0.00978603 -0.04921060
v 0.03980016 -0.00762640 -0.04542136
v 0.03580037 0.00303280 -0.04997259
v 0.03580026 -0.04450424 -0.02295910
v 0.03980016 -0.03885771 -0.02472530
v 0.03580063 -0.03684235 -0.03406011
v 0.03980016 -0.03286788 -0.03226398
v 0.03580385 -0.02808336 -0.04129664
v 0.03580063 -0.04921060 0.00978603
v 0.03980016 -0.04542136 0.00762640
v 0.03580031 -0.04997265 -0.00303281
v 0.03580026 -0.02295910 0.04450424
v 0.03980020 -0.02472528 0.03885768
v 0.03580063 -0.03406011 0.03684235
v 0.03980016 -0.03226398 0.03286788
v 0.03580385 -0.04129664 0.02808336
v 0.03580063 0.00978603 0.04921060
v 0.03980016 0.00762640 0.04542136
v 0.03580037 -0.00303280 0.04997259
v 0.03580026 0.04450424 0.02295910
v 0.03980016 0.03885771 0.02472530
v 0.03580063 0.03684235 0.03406011
v 0.03980016 0.03286788 0.03226398
v 0.03580385 0.02808336 0.04129664
v 0.03580063 0.04921060 -0.00978603
v 0.03980016 0.04542136 -0.00762640
v 0.03580031 0.04997265 0.00303281
v 0.03980000 -0.01665215 -0.03753500
v 0.03980000 -0.02485943 -0.03268300
v 0.03980000 -0.02982232 -0.02813591
v 0.03980000 -0.03453847 -0.02220956
v 0.03980000 -0.03872935 -0.01364579
v 0.03980000 -0.04037712 -0.00711958
v 0.03980000 -0.04106082 0.00042334
v 0.03980000 0.02016373 -0.03577141
v 0.03980000 0.01137079 -0.03945726
v 0.03980000 0.00196479 -0.04101597
v 0.03980000 -0.00754707 -0.04036349
v 0.03980000 0.01665215 0.03753500
v 0.03980000 0.02485943 0.03268300
v 0.03980000 0.02982232 0.02813591
v 0.03980000 0.03453847 0.02220956
v 0.03980000 0.03872935 0.01364579
v 0.03980000 0.04037712 0.00711958
v 0.03980000 0.04106082 -0.00042334
v 0.03980000 0.04037712 -0.00711958
v 0.03980000 0.03843974 -0.01444148
v 0.03980000 0.03550704 -0.02050000
v 0.03980000 0.03118227 -0.02671771
v 0.03980000 0.02635429 -0.03140782
v 0.03980000 -0.04037712 0.00711958
v 0.03980000 -0.03843974 0.01444148
v 0.03980000 -0.03550704 0.02050000
v 0.03980000 -0.03118227 0.02671771
v 0.03980000 -0.02635429 0.03140782
v 0.03980000 -0.02016373 0.03577141
v 0.03980000 -0.01137079 0.03945726
v 0.03980000 -0.00196479 0.04101597
v 0.03980000 0.00754707 0.04036349
v 0.03790000 0.03688330 -0.01804972
v 0.03790000 0.04005167 -0.00905726
v 0.03790000 0.04106082 0.00042342
v 0.03790000 0.04037712 0.00711958
v 0.03790000 0.03843974 0.01444148
v 0.03790000 0.03407317 0.02291701
v 0.03790000 0.02982232 0.02813591
v 0.03790000 0.02418023 0.03318866
v 0.03790000 0.01587465 0.03787038
v 0.03790000 0.00671318 0.04051053
v 0.03790000 -0.00281012 0.04096673
v 0.03790000 -0.01218197 0.03921441
v 0.03790000 -0.02089705 0.03534804
v 0.03790000 -0.02635429 0.03140782
v 0.03790000 -0.03172655 0.02606906
v 0.03790000 -0.03688330 0.01804972
v 0.03790000 -0.04005167 0.00905726
v 0.03790000 -0.04106082 -0.00042342
v 0.03790000 -0.04037712 -0.00711958
v 0.03790000 -0.03843974 -0.01444148
v 0.03790000 -0.03407317 -0.02291701
v 0.03790000 -0.02982232 -0.02813591
v 0.03790000 -0.02418023 -0.03318866
v 0.03790000 -0.01587465 -0.03787038
v 0.03790000 -0.00671318 -0.04051053
v 0.03790000 0.00281012 -0.04096673
v 0.03790000 0.01218197 -0.03921441
v 0.03790000 0.02089705 -0.03534804
v 0.03790000 0.02635429 -0.03140782
v 0.03790000 0.03172655 -0.02606906
v 0.03420065 -0.03345163 0.03466433
v 0.03420073 -0.04264608 0.02240382
v 0.03420259 -0.04061984 0.02291991
v 0.03420019 -0.04509674 0.01161467
v 0.03420019 -0.04696998 0.01018550
v 0.03420019 -0.04654007 0.00162260
v 0.03420065 -0.04811564 -0.00234785
v 0.03420018 -0.04579599 -0.00844574
v 0.03420065 -0.04494347 -0.01734105
v 0.03420018 -0.04289946 -0.01811707
v 0.03420018 -0.03798666 -0.02693680
v 0.03420019 -0.03859559 -0.02864095
v 0.03420017 -0.03128849 -0.03449045
v 0.03420019 -0.03166927 -0.03615218
v 0.03420016 -0.02311971 -0.04042299
v 0.03420019 -0.02331169 -0.04202961
v 0.03420016 -0.01386434 -0.04445555
v 0.03420065 -0.01164273 -0.04674478
v 0.03420015 -0.00395750 -0.04639856
v 0.03420019 0.00125269 -0.04804533
v 0.03420015 0.00613528 -0.04616075
v 0.03420019 0.01138032 -0.04669488
v 0.03420015 0.01593961 -0.04375330
v 0.03420019 0.02099366 -0.04323412
v 0.03420015 0.02499453 -0.03928939
v 0.03420065 0.03155931 -0.03639557
v 0.03420016 0.03287453 -0.03297887
v 0.03420053 0.04067912 -0.02292527
v 0.03420065 0.04139332 -0.02464183
v 0.03420018 0.04518577 -0.01124595
v 0.03420019 0.04636132 -0.01267091
v 0.03420022 0.04654696 -0.00124246
v 0.03420019 0.04799212 -0.00258462
v 0.03420026 0.04572015 0.00881851
v 0.03420019 0.04745400 0.00761847
v 0.03420030 0.04274451 0.01846445
v 0.03420019 0.04477130 0.01747725
v 0.03420036 0.03776025 0.02724186
v 0.03420019 0.04006522 0.02654622
v 0.03420042 0.03100187 0.03473847
v 0.03420019 0.03354848 0.03441545
v 0.03420048 0.02278726 0.04060217
v 0.03420019 0.02551553 0.04072937
v 0.03420055 0.01350264 0.04455769
v 0.03420065 0.01411407 0.04605888
v 0.03420063 0.00358451 0.04641949
v 0.03420065 -0.00106614 0.04816109
v 0.03420072 -0.00650111 0.04610052
v 0.03420081 -0.01628046 0.04361617
v 0.03420019 -0.01384940 0.04602301
v 0.03420091 -0.02529423 0.03908353
v 0.03420019 -0.02326492 0.04205552
v 0.03420102 -0.03311922 0.03271591
v 0.03790019 -0.03971821 0.01788642
v 0.03790019 -0.04266831 0.00876787
v 0.03790019 -0.04355295 -0.00077508
v 0.03790019 -0.04232931 -0.01028052
v 0.03790019 -0.03905664 -0.01928831
v 0.03790019 -0.03389333 -0.02736242
v 0.03790067 -0.02537640 -0.03553748
v 0.03790019 -0.01454545 -0.04105959
v 0.03790023 -0.00521443 -0.04324657
v 0.03790019 0.00436900 -0.04334018
v 0.03790019 0.01374093 -0.04133578
v 0.03790019 0.02244771 -0.03733042
v 0.03790019 0.03006785 -0.03151800
v 0.03790019 0.03623247 -0.02417991
v 0.03790067 0.04149237 -0.01361091
v 0.03790019 0.04352951 -0.00162531
v 0.03790067 0.04247582 0.01013305
v 0.03790076 0.03688410 0.02337584
v 0.03790019 0.02892737 0.03256788
v 0.03790019 0.02110524 0.03810550
v 0.03790019 0.01226145 0.04179852
v 0.03790019 0.00282414 0.04346820
v 0.03790067 -0.00895878 0.04273891
v 0.03790019 -0.02035719 0.03851032
v 0.03790019 -0.02828592 0.03312652
v 0.03790023 -0.03484542 0.02613912
v 0.03589881 0.04280245 -0.01562414
v 0.03545862 0.04010445 -0.02163691
v 0.03519937 0.04406751 -0.01160161
v 0.03591507 0.04513929 -0.00610815
v 0.03519950 0.04533572 -0.00393282
v 0.03590649 0.04542420 0.00358859
v 0.03520334 0.04542695 0.00365568
v 0.03590710 0.04354443 0.01341954
v 0.03520381 0.04355437 0.01342390
v 0.03590771 0.03956341 0.02260318
v 0.03520437 0.03960682 0.02255403
v 0.03590830 0.03367306 0.03069618
v 0.03520501 0.03377197 0.03061089
v 0.03590889 0.02615747 0.03730791
v 0.03520574 0.02632743 0.03721043
v 0.03590946 0.01737920 0.04211910
v 0.03520655 0.01762760 0.04203785
v 0.03591002 0.00776178 0.04489733
v 0.03520745 0.00808674 0.04486278
v 0.03591055 -0.00223048 0.04550825
v 0.03520842 -0.00184053 0.04555015
v 0.03591106 -0.01211540 0.04392212
v 0.03520949 -0.01168120 0.04406676
v 0.03590071 -0.02154800 0.04015842
v 0.03520722 -0.01861855 0.04154165
v 0.03522174 -0.02489986 0.03817141
v 0.03589839 -0.03005023 0.03425565
v 0.03520733 -0.03252110 0.03194357
v 0.03589855 -0.03680318 0.02687008
v 0.03520565 -0.03941890 0.02301384
v 0.03589875 -0.04178108 0.01818855
v 0.03520059 -0.04385583 0.01243620
v 0.03589899 -0.04474384 0.00862981
v 0.03520076 -0.04550923 0.00262797
v 0.03589927 -0.04554861 -0.00134514
v 0.03520091 -0.04499567 -0.00730533
v 0.03589960 -0.04415658 -0.01125520
v 0.03520105 -0.04233966 -0.01689062
v 0.03589997 -0.04063489 -0.02062242
v 0.03520117 -0.03766779 -0.02567136
v 0.03590037 -0.03515337 -0.02899501
v 0.03520127 -0.03120261 -0.03322949
v 0.03590081 -0.02797640 -0.03596918
v 0.03520136 -0.02325213 -0.03920510
v 0.03590127 -0.01945008 -0.04120853
v 0.03520145 -0.01419503 -0.04331375
v 0.03590178 -0.00998572 -0.04446031
v 0.03520152 -0.00446287 -0.04535989
v 0.03590230 -0.00003962 -0.04556770
v 0.03520160 0.00548092 -0.04524636
v 0.03590284 0.00990842 -0.04447721
v 0.03520168 0.01516281 -0.04297881
v 0.03590340 0.01937852 -0.04124139
v 0.03520176 0.02412166 -0.03866560
v 0.03590396 0.02791391 -0.03601626
v 0.03520186 0.03193129 -0.03251228
v 0.03590452 0.03510303 -0.02905364
v 0.03521654 0.03802282 -0.02507431
v 0.03580041 -0.05043083 0.01747853
v 0.03580059 -0.05335029 0.00157982
v 0.03580004 -0.05188976 -0.01201250
v 0.03580003 -0.04445690 0.02933313
v 0.03580053 -0.04741338 -0.02450973
v 0.03580005 0.00936892 -0.05243158
v 0.03580008 0.01973152 -0.04947232
v 0.03580005 -0.00936892 0.05243158
v 0.03580008 -0.01973152 0.04947232
v 0.03580017 0.02928629 -0.04448761
v 0.03580017 0.03764205 -0.03768170
v 0.03580003 0.04445690 -0.02933313
v 0.03580004 0.05188976 0.01201250
v 0.03580053 0.04741338 0.02450973
v 0.03580018 -0.02956133 -0.04444008
v 0.03580017 -0.03953985 -0.03568521
v 0.03580011 0.04121889 -0.02732306
v 0.03580041 0.05043083 -0.01747853
v 0.03580059 0.05335029 -0.00157982
v 0.03580017 -0.02928629 0.04448761
v 0.03580017 -0.03764205 0.03768170
v 0.03580009 -0.02732308 -0.04121891
v 0.03580059 -0.01490178 -0.05125121
v 0.03580017 -0.00137728 -0.05324413
v 0.03580017 0.03953985 0.03568521
v 0.03580018 0.02956133 0.04444008
v 0.03580009 0.02732308 0.04121891
v 0.03580059 0.01490178 0.05125121
v 0.03580017 0.00137728 0.05324413
v 0.03580011 -0.04121890 0.02732307
v 0.03579994 -0.04674450 -0.01032674
v 0.03579965 -0.04548956 -0.01420347
v 0.03579992 0.02575126 0.04035546
v 0.03579986 0.04674450 0.01032674
v 0.03579978 0.04548956 0.01420347
v 0.03579979 0.01420347 -0.04548956
v 0.03579989 0.01032674 -0.04674450
v 0.03579988 0.04035546 -0.02575126
v 0.03579976 0.04220938 -0.02212259
v 0.03579989 -0.04541735 -0.01188953
v 0.03579988 -0.02575126 -0.04035546
v 0.03579973 -0.02212259 -0.04220938
v 0.03579994 -0.02370775 -0.04052208
v 0.03579992 0.04052208 -0.02370775
v 0.03579976 0.02212259 0.04220938
v 0.03579992 -0.01032674 0.04674450
v 0.03579971 -0.01420347 0.04548956
v 0.03579978 -0.04220938 0.02212259
v 0.03579986 -0.04035546 0.02575126
v 0.03579992 -0.04052208 0.02370775
v 0.03579988 0.02370775 0.04052208
v 0.03579989 0.01188953 -0.04541735
v 0.03579992 0.04541735 0.01188953
v 0.03579991 -0.01188953 0.04541735
v 0.03667753 0.04323164 -0.02196952
v 0.03790714 0.04206955 -0.02222326
v 0.03802254 0.04024164 -0.02519972
v 0.03683480 0.04064759 -0.02651730
v 0.03679177 0.01509422 -0.04612977
v 0.03790716 0.01403343 -0.04546187
v 0.03857073 0.01233922 -0.04530057
v 0.03813498 0.01063393 -0.04625524
v 0.03663227 0.00993651 -0.04769250
v 0.03667753 0.04610417 0.01503458
v 0.03790716 0.04546187 0.01403343
v 0.03857073 0.04530057 0.01233922
v 0.03813498 0.04625524 0.01063393
v 0.03663227 0.04769250 0.00993651
v 0.03667753 0.02196952 0.04323164
v 0.03790714 0.02222326 0.04206955
v 0.03864444 0.02331256 0.04074489
v 0.03802254 0.02519972 0.04024164
v 0.03683480 0.02651730 0.04064759
v 0.03679177 -0.01509422 0.04612977
v 0.03790716 -0.01403343 0.04546187
v 0.03857073 -0.01233922 0.04530057
v 0.03813498 -0.01063393 0.04625524
v 0.03663227 -0.00993651 0.04769250
v 0.03667754 -0.04323161 0.02196952
v 0.03790714 -0.04206955 0.02222326
v 0.03802254 -0.04024164 0.02519972
v 0.03683480 -0.04064759 0.02651730
v 0.03667754 -0.04610416 -0.01503456
v 0.03790716 -0.04546187 -0.01403343
v 0.03857073 -0.04530057 -0.01233922
v 0.03813498 -0.04625524 -0.01063393
v 0.03663227 -0.04769250 -0.00993651
v 0.03667754 -0.02196952 -0.04323161
v 0.03790714 -0.02222326 -0.04206955
v 0.03864444 -0.02331256 -0.04074489
v 0.03802254 -0.02519972 -0.04024164
v 0.03683480 -0.02651730 -0.04064759
v 0.03683348 -0.04626299 -0.01557723
v 0.03683348 0.04626299 0.01557723
v 0.03350270 0.04133266 -0.03246382
v 0.03349811 0.02146896 0.04800536
v 0.03349923 0.04060504 0.03332746
v 0.03349941 0.02972993 0.04331450
v 0.03349987 0.04861531 0.01992084
v 0.03349541 -0.01927570 0.04893098
v 0.03350122 -0.01037611 0.05149762
v 0.03349963 0.00489481 0.05230873
v 0.03350446 0.01251453 0.05103075
v 0.03350197 0.04544601 0.02637181
v 0.03344430 0.05116045 0.01212700
v 0.03345239 0.05251570 0.00226080
v 0.03346997 0.05205937 -0.00743223
v 0.03348014 0.04913269 -0.01876243
v 0.03351318 -0.05035497 0.01498020
v 0.03349878 -0.04765918 0.02211236
v 0.03350135 -0.03938101 0.03477148
v 0.03349270 -0.03250444 0.04135394
v 0.03350045 -0.02612992 0.04553578
v 0.03350061 -0.05254861 -0.00092186
v 0.03350151 -0.05197055 0.00766509
v 0.03350174 -0.03984849 -0.03430594
v 0.03349789 -0.04976045 -0.01702014
v 0.03363175 -0.04526251 -0.02667113
v 0.03360686 -0.01539172 -0.05024529
v 0.03356964 -0.00156993 -0.05249328
v 0.03361062 -0.00706104 -0.05204541
v 0.03349772 -0.02592202 -0.04575681
v 0.03364576 -0.03390951 -0.04009653
v 0.03355286 0.01792359 -0.04934165
v 0.03357853 0.00515935 -0.05227108
v 0.03351402 0.03589020 -0.03836599
v 0.03353115 0.02362149 -0.04693496
v 0.03352717 0.02997504 -0.04314351
v 0.03360000 -0.03899801 0.03218330
v 0.03360000 -0.04483709 0.02337188
v 0.03360016 -0.04467437 0.01929342
v 0.03360000 -0.04802836 0.01560536
v 0.03360019 -0.04774314 0.00941408
v 0.03360000 -0.04986494 0.00837247
v 0.03360065 -0.04863616 -0.00367836
v 0.03360000 -0.05051600 -0.00217803
v 0.03360000 -0.04939645 -0.01049954
v 0.03360065 -0.04501976 -0.01876772
v 0.03360000 -0.04737053 -0.01768170
v 0.03360000 -0.04265914 -0.02714421
v 0.03360019 -0.03852419 -0.02973079
v 0.03360000 -0.03752881 -0.03379110
v 0.03360019 -0.03136910 -0.03720232
v 0.03360000 -0.03218330 -0.03899801
v 0.03360019 -0.02279633 -0.04299256
v 0.03360000 -0.02337188 -0.04483709
v 0.03360019 -0.01319329 -0.04683983
v 0.03360000 -0.01560536 -0.04802836
v 0.03360000 -0.00837247 -0.04986494
v 0.03360019 -0.00299405 -0.04857024
v 0.03360000 0.00217803 -0.05051600
v 0.03360019 0.00734049 -0.04810561
v 0.03360000 0.01049954 -0.04939645
v 0.03360019 0.01734330 -0.04546694
v 0.03360000 0.01768170 -0.04737053
v 0.03360019 0.02656233 -0.04077347
v 0.03360000 0.02714421 -0.04265914
v 0.03360019 0.03458093 -0.03423728
v 0.03360000 0.03379110 -0.03752881
v 0.03360000 0.03899801 -0.03218330
v 0.03360019 0.04103667 -0.02615386
v 0.03360000 0.04483709 -0.02337188
v 0.03360019 0.04563786 -0.01688842
v 0.03360000 0.04802836 -0.01560536
v 0.03360019 0.04817652 -0.00685974
v 0.03360000 0.04986494 -0.00837247
v 0.03360019 0.04853792 0.00347892
v 0.03360000 0.05051600 0.00217803
v 0.03360065 0.04595482 0.01634505
v 0.03360000 0.04939645 0.01049954
v 0.03360000 0.04737053 0.01768170
v 0.03360019 0.04005191 0.02763832
v 0.03360000 0.04265914 0.02714421
v 0.03360019 0.03330461 0.03548008
v 0.03360000 0.03752881 0.03379110
v 0.03360000 0.03218330 0.03899801
v 0.03360019 0.02505216 0.04171836
v 0.03360000 0.02337188 0.04483709
v 0.03360019 0.01566749 0.04607128
v 0.03360000 0.01560536 0.04802836
v 0.03360019 0.00557483 0.04834205
v 0.03360000 0.00837247 0.04986494
v 0.03360019 -0.00476982 0.04842811
v 0.03360000 -0.00217803 0.05051600
v 0.03360019 -0.01489887 0.04632555
v 0.03360000 -0.01049954 0.04939645
v 0.03360000 -0.01768170 0.04737053
v 0.03360065 -0.02678436 0.04076277
v 0.03360000 -0.02714421 0.04265914
v 0.03360065 -0.03823166 0.03028773
v 0.03360000 -0.03379110 0.03752881
v 0.03369150 -0.02183810 -0.04779387
v 0.03370341 -0.02842818 -0.04418205
v 0.03374455 -0.03988159 -0.03421659
v 0.03377823 -0.04713799 -0.02322088
v 0.03379194 -0.04996221 -0.01624539
v 0.03381371 -0.05212221 -0.00704654
v 0.03415290 0.04306084 0.03009240
v 0.03419312 0.04998881 0.01615699
v 0.03355758 0.05152301 -0.01028256
v 0.03424348 0.05230648 -0.00450656
v 0.03426537 0.05108846 -0.01254835
v 0.03420652 0.05183064 0.00854184
v 0.03417574 0.04711863 0.02324149
v 0.03413761 0.03833661 0.03592805
v 0.03411883 0.03267841 0.04114117
v 0.03410098 0.02641929 0.04541378
v 0.03407804 0.01785473 0.04947646
v 0.03405314 0.00849434 0.05185194
v 0.03403370 0.00078429 0.05253762
v 0.03401495 -0.00688268 0.05209004
v 0.03399903 -0.01624350 0.05003877
v 0.03396399 -0.02692615 0.04518763
v 0.03394021 -0.03468228 0.03947059
v 0.03392116 -0.04008768 0.03396607
v 0.03390298 -0.04456868 0.02782443
v 0.03388524 -0.04810370 0.02113535
v 0.03386373 -0.05118030 0.01213499
v 0.03384208 -0.05247963 0.00266431
v 0.03429984 0.04546609 -0.02624986
v 0.03358015 0.04558085 -0.02629972
v 0.03428917 0.04812149 -0.02106852
v 0.03357850 0.04952510 -0.01752669
v 0.03354017 0.05248218 -0.00239820
v 0.03422863 0.05252082 0.00123735
v 0.03352117 0.05226909 0.00529620
v 0.03394187 0.04505073 -0.02601005
v 0.03391309 0.04761966 -0.02104373
v 0.03390501 0.05022277 -0.01371688
v 0.03386560 0.05141254 -0.00804481
v 0.03385116 0.05202178 -0.00232815
v 0.03383203 0.05179733 0.00535147
v 0.03381249 0.05047373 0.01280097
v 0.03342894 0.04772609 0.02216420
v 0.03379101 0.04462850 0.02683825
v 0.03340881 0.04285012 0.03045306
v 0.03322917 -0.02198516 0.04776023
v 0.03360196 -0.02208532 0.04716247
v 0.03322216 -0.02887640 0.04391972
v 0.03310518 -0.05176109 0.00914383
v 0.03347681 -0.05181261 0.00526368
v 0.03310715 -0.05261467 -0.00016099
v 0.03304432 -0.05130787 -0.01167259
v 0.03342275 -0.05123010 -0.00928967
v 0.03298406 -0.04131802 -0.03243222
v 0.03337865 -0.04013421 -0.03315598
v 0.03299306 -0.03746902 -0.03686623
v 0.03294729 -0.02528466 -0.04608729
v 0.03297166 -0.03194129 -0.04176193
v 0.03333915 -0.02810760 -0.04384268
v 0.03283570 0.01572472 -0.05015444
v 0.03319547 0.01590713 -0.04959233
v 0.03283634 0.02279300 -0.04736416
v 0.03280148 0.02919173 -0.04372557
v 0.03320738 0.02953393 -0.04287334
v 0.03278979 0.03559240 -0.03868647
v 0.03268671 0.05139670 -0.01084051
v 0.03272448 0.04996449 -0.01634063
v 0.03302648 0.05057619 -0.01248189
v 0.03270404 0.05233077 -0.00494808
v 0.03267624 0.05252351 0.00237119
v 0.03307174 0.05208610 0.00098447
v 0.03265794 0.05152386 0.01042398
v 0.03263861 0.04805673 0.02129661
v 0.03263157 0.05005909 0.01591479
v 0.03306143 0.04998561 0.01456909
v 0.03261553 0.04452728 0.02795879
v 0.03300041 0.04403074 0.02776948
v 0.03256764 0.03409247 0.04002775
v 0.03259206 0.03978152 0.03436487
v 0.03295441 0.03270851 0.04056048
v 0.03254602 0.02815993 0.04438332
v 0.03294487 0.02727991 0.04434464
v 0.03255779 0.02308719 0.04718172
v 0.03248004 0.00271501 0.05249388
v 0.03288502 -0.00113692 0.05204313
v 0.03249135 -0.00317786 0.05243094
v 0.03243855 -0.01657231 0.04989824
v 0.03246003 -0.00882851 0.05182136
v 0.03284204 -0.01318068 0.05036769
v 0.03241478 -0.02328308 0.04712456
v 0.03280374 -0.02647368 0.04482277
v 0.03241271 -0.02841697 0.04418901
v 0.03234821 -0.04348554 0.02952575
v 0.03274829 -0.04357721 0.02848966
v 0.03234681 -0.04646065 0.02452861
v 0.03232330 -0.04880610 0.01951887
v 0.03271743 -0.04991649 0.01484950
v 0.03231821 -0.05064212 0.01397481
v 0.03221871 -0.04606054 -0.02535297
v 0.03223734 -0.04999672 -0.01641274
v 0.03260562 -0.04814824 -0.01986212
v 0.03219093 -0.04192520 -0.03170739
v 0.03257442 -0.04091494 -0.03224690
v 0.03218661 -0.03809595 -0.03617511
v 0.03212532 -0.02102978 -0.04817330
v 0.03253980 -0.01894469 -0.04849590
v 0.03212344 -0.01554394 -0.05018410
v 0.03243877 -0.01456728 -0.05001389
v 0.03209455 -0.00970421 -0.05165907
v 0.03208227 -0.00194503 -0.05254411
v 0.03250876 -0.00882045 -0.05135126
v 0.03205856 0.00548329 -0.05227728
v 0.03247180 0.00548512 -0.05173905
v 0.03205693 0.01121364 -0.05132527
v 0.03199307 0.03036127 -0.04290879
v 0.03239793 0.03198595 -0.04108692
v 0.03200617 0.03497450 -0.03919170
v 0.03195159 0.04397119 -0.02882884
v 0.03197318 0.03907630 -0.03516531
v 0.03237028 0.04243517 -0.03016577
v 0.03192752 0.04748878 -0.02252980
v 0.03235083 0.04598574 -0.02449681
v 0.03192640 0.04968408 -0.01708324
v 0.03188252 0.05219634 -0.00588844
v 0.03227540 0.05125853 -0.00924285
v 0.03188193 0.05256994 -0.00010491
v 0.03185858 0.05200996 0.00771769
v 0.03224518 0.05203381 0.00229978
v 0.03172510 0.02234899 0.04753758
v 0.03175103 0.02734659 0.04489608
v 0.03213969 0.02144067 0.04744992
v 0.03087715 0.00685696 0.05207782
v 0.03091664 0.01250515 0.05106106
v 0.03127433 0.00496909 0.05183992
v 0.03089670 0.00093884 0.05255613
v 0.03067227 -0.05254884 -0.00127587
v 0.03105001 -0.05203940 -0.00250901
v 0.03068301 -0.05203801 -0.00715934
v 0.03052979 -0.02466617 -0.04637581
v 0.03056107 -0.02949004 -0.04351678
v 0.03094824 -0.02599701 -0.04511387
v 0.03054192 -0.01939036 -0.04885622
v 0.03044917 0.01098303 -0.05140360
v 0.03084645 0.01117672 -0.05085057
v 0.03045147 0.01993363 -0.04869524
v 0.03040296 0.02695744 -0.04508325
v 0.03082286 0.02518564 -0.04557339
v 0.03031802 0.04962267 -0.01733536
v 0.03072736 0.04832101 -0.01950493
v 0.03032309 0.05199295 -0.00808868
v 0.03027770 0.05253885 0.00200592
v 0.03067823 0.05204004 -0.00165030
v 0.03025141 0.05171832 0.00938480
v 0.03065011 0.05113871 0.00977479
v 0.03025235 0.04983803 0.01670002
v 0.03021774 0.04708769 0.02338355
v 0.03063202 0.04892939 0.01792149
v 0.03059786 0.04360126 0.02851813
v 0.03021056 0.04375899 0.02908142
v 0.03018572 0.04046368 0.03355015
v 0.03058519 0.03972982 0.03365131
v 0.03019654 0.03639525 0.03787638
v 0.03014524 0.02415126 0.04674823
v 0.03016540 0.03211864 0.04161477
v 0.03056501 0.02841851 0.04362490
v 0.03010987 0.01723423 0.04962010
v 0.03052959 0.02087159 0.04774606
v 0.03012060 0.01155845 0.05127731
v 0.03009220 0.00433461 0.05239847
v 0.03048222 0.00312033 0.05197237
v 0.03007408 -0.00387808 0.05242512
v 0.03004332 -0.00947947 0.05166580
v 0.03045374 -0.00835892 0.05138921
v 0.03005461 -0.01514600 0.05033328
v 0.02994837 -0.04195611 0.03174037
v 0.03035092 -0.04291207 0.02948291
v 0.02994283 -0.04680252 0.02393528
v 0.02991496 -0.04906944 0.01874159
v 0.03032518 -0.04897944 0.01755463
v 0.02992284 -0.05088929 0.01316672
v 0.02985683 -0.05077803 -0.01358469
v 0.02985060 -0.05243056 -0.00440928
v 0.03026941 -0.05162933 -0.00675206
v 0.02982686 -0.04829840 -0.02078044
v 0.03023126 -0.04809127 -0.01986197
v 0.02978843 -0.03994407 -0.03419244
v 0.02981097 -0.04471688 -0.02763875
v 0.03020838 -0.04254762 -0.02997069
v 0.02976421 -0.03473239 -0.03945366
v 0.03016889 -0.03281661 -0.04042498
v 0.02976229 -0.03011942 -0.04304524
v 0.02972036 -0.02025136 -0.04846595
v 0.03014246 -0.02006266 -0.04804354
v 0.02971973 -0.01485836 -0.05042559
v 0.02969501 -0.00711599 -0.05209632
v 0.03010422 -0.00880450 -0.05131959
v 0.02965293 0.00631192 -0.05214633
v 0.02967859 0.00060595 -0.05256547
v 0.03007499 0.00423572 -0.05185807
v 0.02965347 0.01191417 -0.05120014
v 0.02958971 0.03102965 -0.04238234
v 0.03000543 0.02834372 -0.04366281
v 0.02958734 0.03552914 -0.03874606
v 0.02956317 0.04095799 -0.03297040
v 0.02996025 0.03935281 -0.03409236
v 0.02954111 0.04518154 -0.02686208
v 0.02994371 0.04340081 -0.02883162
v 0.02953913 0.04782407 -0.02174488
v 0.02947486 0.05255225 -0.00116326
v 0.02985630 0.05209517 0.00008825
v 0.02947141 0.05232586 0.00468864
v 0.02944862 0.05150572 0.01049490
v 0.02985019 0.05090152 0.01106476
v 0.02943362 0.04941721 0.01795877
v 0.02979458 0.04962216 0.01581733
v 0.02940952 0.04641675 0.02466719
v 0.02983493 0.04634477 0.02370365
v 0.02942308 0.04333152 0.02969073
v 0.02936121 0.03583749 0.03840327
v 0.02979026 0.03791263 0.03570180
v 0.02936562 0.03145329 0.04211975
v 0.02974817 0.02583687 0.04520459
v 0.02974023 0.01562085 0.04968279
v 0.02961582 -0.02529631 0.04551211
v 0.02949779 -0.05203522 0.00185969
v 0.02934532 -0.03986450 -0.03351806
v 0.02921275 0.00818215 -0.05143466
v 0.02893482 0.03077902 0.04200741
v 0.03383347 0.04810707 0.01995260
v 0.03379506 0.04020033 0.03311278
v 0.03339191 0.03796975 0.03637265
v 0.03377576 0.03487045 0.03868483
v 0.03336778 0.03205145 0.04166800
v 0.03375716 0.02885856 0.04335356
v 0.03336708 0.02733901 0.04485135
v 0.03373938 0.02230301 0.04706428
v 0.03334304 0.02240507 0.04755456
v 0.03372510 0.01696750 0.04920393
v 0.03332705 0.01523730 0.05032383
v 0.03371104 0.01146715 0.05080510
v 0.03330237 0.00754117 0.05202587
v 0.03368186 -0.00004030 0.05208311
v 0.03330160 0.00177002 0.05249734
v 0.03369601 0.00568166 0.05173647
v 0.03327650 -0.00396455 0.05241894
v 0.03366299 -0.00767164 0.05151400
v 0.03325852 -0.00959885 0.05165341
v 0.03364515 -0.01503330 0.04986457
v 0.03325725 -0.01524487 0.05030295
v 0.03360758 -0.02881992 0.04338352
v 0.03358808 -0.03492554 0.03863845
v 0.03319298 -0.03370296 0.04030159
v 0.03319093 -0.03802972 0.03628587
v 0.03356894 -0.04023196 0.03307616
v 0.03316704 -0.04272140 0.03064983
v 0.03355078 -0.04460247 0.02689114
v 0.03314523 -0.04684268 0.02385725
v 0.03350936 -0.04801119 0.02017441
v 0.03312276 -0.04993946 0.01644578
v 0.03351381 -0.05046127 0.01289984
v 0.03347700 -0.05202878 -0.00239126
v 0.03346341 -0.04997284 -0.01474931
v 0.03303778 -0.04835032 -0.02065859
v 0.03345777 -0.04772737 -0.02085451
v 0.03302063 -0.04475722 -0.02756461
v 0.03341267 -0.04419789 -0.02755589
v 0.03330010 -0.03736867 -0.03629332
v 0.03339960 -0.03413409 -0.03934111
v 0.03331048 -0.01688444 -0.04929511
v 0.03294895 -0.01690705 -0.04982312
v 0.03335802 -0.02217411 -0.04711152
v 0.03326220 -0.00952089 -0.05122418
v 0.03290109 -0.00715423 -0.05208826
v 0.03327221 -0.00175269 -0.05207792
v 0.03288105 0.00069301 -0.05256419
v 0.03318325 0.00433652 -0.05191214
v 0.03286276 0.00881328 -0.05183227
v 0.03330439 0.00976784 -0.05117957
v 0.03326080 0.02287857 -0.04678199
v 0.03312933 0.03833129 -0.03526040
v 0.03323726 0.03504768 -0.03850381
v 0.03276922 0.04093286 -0.03299682
v 0.03314989 0.04359892 -0.02853614
v 0.03275475 0.04632072 -0.02497188
v 0.03312284 0.04890560 -0.01795792
v 0.03300675 0.05192849 -0.00430277
v 0.03307838 0.05146316 0.00815336
v 0.03302948 0.04740548 0.02157589
v 0.03300177 0.03800513 0.03562930
v 0.03293589 0.02070840 0.04779040
v 0.03252667 0.01788566 0.04943217
v 0.03291830 0.01355680 0.05027337
v 0.03250819 0.01017589 0.05158357
v 0.03289771 0.00589240 0.05175133
v 0.03285510 -0.00677047 0.05166369
v 0.03283305 -0.02023452 0.04799331
v 0.03239437 -0.03310287 0.04083731
v 0.03278610 -0.03615995 0.03746536
v 0.03285323 -0.03034866 0.04232653
v 0.03237223 -0.03900023 0.03526447
v 0.03278755 -0.04085412 0.03228365
v 0.03273939 -0.04719326 0.02203490
v 0.03269187 -0.05163407 0.00690674
v 0.03229609 -0.05192610 0.00816860
v 0.03227848 -0.05257809 0.00040693
v 0.03226225 -0.05206886 -0.00722626
v 0.03269767 -0.05180490 -0.00532900
v 0.03272612 -0.05204253 0.00160280
v 0.03265072 -0.05046646 -0.01281030
v 0.03262231 -0.04528620 -0.02576666
v 0.03255884 -0.03571702 -0.03792331
v 0.03216386 -0.03380230 -0.04025451
v 0.03257797 -0.03140270 -0.04151933
v 0.03214507 -0.02752099 -0.04479986
v 0.03254904 -0.02568206 -0.04531112
v 0.03249243 -0.00099654 -0.05210115
v 0.03203973 0.01665526 -0.04986020
v 0.03245511 0.01135076 -0.05083148
v 0.03240785 0.01850982 -0.04868393
v 0.03201834 0.02405861 -0.04675309
v 0.03242806 0.02463676 -0.04591829
v 0.03237998 0.03766086 -0.03597939
v 0.03190785 0.05128121 -0.01156681
v 0.03232523 0.04935780 -0.01663204
v 0.03233198 0.05186354 -0.00460557
v 0.03230285 0.05160571 0.00691323
v 0.03224970 0.05027425 0.01360598
v 0.03184536 0.04978645 0.01703803
v 0.03181684 0.04591214 0.02560703
v 0.03225758 0.04775582 0.02077294
v 0.03221634 0.04423656 0.02748037
v 0.03179037 0.04150519 0.03227972
v 0.03177594 0.03636730 0.03795982
v 0.03219331 0.03964582 0.03377970
v 0.03176561 0.03200975 0.04165787
v 0.03217413 0.03422966 0.03925698
v 0.03215577 0.02815466 0.04381715
v 0.03172621 0.01708676 0.04971496
v 0.03170425 0.00972474 0.05167577
v 0.03209476 0.01447563 0.05003356
v 0.03168524 0.00174565 0.05254157
v 0.03212001 0.01000999 0.05108305
v 0.03209032 0.00295725 0.05200076
v 0.03208507 -0.00467116 0.05185768
v 0.03166194 -0.00622116 0.05221043
v 0.03164551 -0.01355705 0.05078856
v 0.03206415 -0.01073556 0.05097793
v 0.03163808 -0.01892313 0.04901093
v 0.03195309 -0.01573873 0.04966993
v 0.03201296 -0.02184039 0.04730789
v 0.03162034 -0.02416329 0.04668761
v 0.03199343 -0.02855950 0.04358366
v 0.03160341 -0.03094555 0.04251441
v 0.03197378 -0.03469146 0.03888040
v 0.03157956 -0.03680050 0.03753840
v 0.03155669 -0.04508441 0.02713632
v 0.03157179 -0.04064391 0.03328936
v 0.03196823 -0.04014263 0.03322711
v 0.03195034 -0.04503062 0.02616831
v 0.03193239 -0.04834450 0.01937687
v 0.03152970 -0.04915965 0.01862575
v 0.03188690 -0.05064399 0.01216876
v 0.03150971 -0.05138230 0.01117659
v 0.03188108 -0.05180437 0.00561433
v 0.03148815 -0.05245901 0.00340782
v 0.03147427 -0.05238960 -0.00452636
v 0.03190621 -0.05207127 -0.00008961
v 0.03186717 -0.05160412 -0.00704562
v 0.03145055 -0.05120610 -0.01188387
v 0.03184923 -0.05004258 -0.01443103
v 0.03144536 -0.04900065 -0.01902908
v 0.03183106 -0.04742185 -0.02153627
v 0.03141698 -0.04583333 -0.02577737
v 0.03183726 -0.04371995 -0.02829694
v 0.03140160 -0.04142993 -0.03235988
v 0.03179242 -0.03906638 -0.03444612
v 0.03138064 -0.03612969 -0.03820575
v 0.03177318 -0.03356520 -0.03982466
v 0.03136023 -0.03018631 -0.04303823
v 0.03175486 -0.02742694 -0.04427458
v 0.03136177 -0.02537311 -0.04599439
v 0.03133577 -0.02028619 -0.04849795
v 0.03173701 -0.02074292 -0.04777319
v 0.03133336 -0.01484242 -0.05038662
v 0.03171814 -0.01351904 -0.05029798
v 0.03131033 -0.00928143 -0.05174315
v 0.03170399 -0.00790237 -0.05144411
v 0.03129240 -0.00169588 -0.05255334
v 0.03168896 -0.00207293 -0.05204187
v 0.03126956 0.00629140 -0.05219197
v 0.03167490 0.00365443 -0.05191886
v 0.03166062 0.00936196 -0.05123305
v 0.03126732 0.01190799 -0.05115927
v 0.03124491 0.01730124 -0.04963957
v 0.03164285 0.01665440 -0.04934549
v 0.03122856 0.02429060 -0.04663337
v 0.03162424 0.02366989 -0.04639181
v 0.03120456 0.03103548 -0.04243194
v 0.03160495 0.03026018 -0.04238920
v 0.03118882 0.03549863 -0.03872806
v 0.03161000 0.03621326 -0.03742397
v 0.03117881 0.03952901 -0.03465458
v 0.03156654 0.04130382 -0.03172367
v 0.03116243 0.04410826 -0.02861893
v 0.03154859 0.04545668 -0.02541623
v 0.03113915 0.04784587 -0.02177855
v 0.03153046 0.04866184 -0.01855917
v 0.03113987 0.04989643 -0.01641557
v 0.03111388 0.05142763 -0.01089930
v 0.03151137 0.05086384 -0.01119702
v 0.03109725 0.05248142 -0.00323150
v 0.03149685 0.05175696 -0.00547650
v 0.03148212 0.05208052 0.00031771
v 0.03107256 0.05236258 0.00466023
v 0.03139093 0.04855250 0.01886456
v 0.03104713 0.04959159 0.01760170
v 0.03145006 0.05027404 0.01347159
v 0.03146324 0.05147367 0.00793734
v 0.03107221 0.05150227 0.01032364
v 0.03102918 0.04549963 0.02632086
v 0.03141399 0.04569573 0.02502600
v 0.03100386 0.04135339 0.03247529
v 0.03138864 0.03845089 0.03512880
v 0.03140316 0.04208479 0.03062099
v 0.03098190 0.03587120 0.03842946
v 0.03136954 0.03286298 0.04040352
v 0.03097412 0.03151461 0.04202745
v 0.03135141 0.02665840 0.04473950
v 0.03096271 0.02664111 0.04531114
v 0.03133347 0.01990833 0.04812541
v 0.03093970 0.02010743 0.04858284
v 0.03131450 0.01262915 0.05052727
v 0.03127576 -0.00269716 0.05201143
v 0.03087276 -0.00645675 0.05218147
v 0.03125716 -0.01024955 0.05106167
v 0.03085042 -0.01606970 0.05010826
v 0.03123938 -0.01750879 0.04905012
v 0.03122069 -0.02448326 0.04596935
v 0.03082536 -0.02476684 0.04636862
v 0.03120579 -0.02945560 0.04291043
v 0.03081083 -0.03122470 0.04230398
v 0.03119154 -0.03402887 0.03942980
v 0.03079139 -0.03717010 0.03716784
v 0.03117231 -0.03946986 0.03398145
v 0.03076800 -0.04109318 0.03273058
v 0.03076476 -0.04446286 0.02803573
v 0.03115396 -0.04398941 0.02788208
v 0.03114127 -0.04675338 0.02281529
v 0.03073765 -0.04801951 0.02141055
v 0.03112683 -0.04898064 0.01770659
v 0.03071894 -0.05064517 0.01409228
v 0.03110759 -0.05105555 0.01029794
v 0.03070648 -0.05222262 0.00612935
v 0.03106822 -0.05196548 0.00331322
v 0.03106982 -0.05114478 -0.00995883
v 0.03065315 -0.05056441 -0.01456977
v 0.03109282 -0.04950910 -0.01616455
v 0.03062765 -0.04711805 -0.02331006
v 0.03102342 -0.04664063 -0.02318075
v 0.03060952 -0.04426764 -0.02829341
v 0.03100697 -0.04272189 -0.02979179
v 0.03060741 -0.04082230 -0.03311271
v 0.03098657 -0.03784679 -0.03578225
v 0.03058239 -0.03580618 -0.03850372
v 0.03096761 -0.03217912 -0.04095311
v 0.03083175 -0.01749313 -0.04914688
v 0.03051396 -0.01225594 -0.05112910
v 0.03089074 -0.00643641 -0.05169992
v 0.03049533 -0.00435628 -0.05238830
v 0.03087413 -0.00018366 -0.05206592
v 0.03047399 0.00353487 -0.05245785
v 0.03088456 0.00664665 -0.05164312
v 0.03083802 0.01832297 -0.04875370
v 0.03040965 0.03180132 -0.04185355
v 0.03078393 0.03111674 -0.04175000
v 0.03038683 0.03742386 -0.03693264
v 0.03077117 0.04003645 -0.03331409
v 0.03081487 0.03477909 -0.03877299
v 0.03036322 0.04258718 -0.03081782
v 0.03075650 0.04439206 -0.02721057
v 0.03034452 0.04679193 -0.02397334
v 0.03069636 0.05149328 -0.00792596
v 0.03068854 0.05181000 0.00519548
v 0.03057477 0.03442912 0.03908265
v 0.03050160 0.00941356 0.05124255
v 0.03049260 -0.00372813 0.05193670
v 0.03044489 -0.01558556 0.04969677
v 0.03042809 -0.02119557 0.04751709
v 0.03002935 -0.02206614 0.04772199
v 0.03039301 -0.02600829 0.04512050
v 0.03000131 -0.02916561 0.04373061
v 0.03036368 -0.03182843 0.04120709
v 0.02998160 -0.03536865 0.03890464
v 0.03038109 -0.03618652 0.03748712
v 0.03034215 -0.04668861 0.02308431
v 0.03031412 -0.05060453 0.01233226
v 0.03030133 -0.05177530 0.00540117
v 0.02990034 -0.05226538 0.00572042
v 0.03023581 -0.05207646 0.00076982
v 0.03024826 -0.05011020 -0.01420000
v 0.03022075 -0.04582965 -0.02474918
v 0.03018886 -0.03847053 -0.03511315
v 0.02974495 -0.02535914 -0.04604632
v 0.03015174 -0.02668564 -0.04472750
v 0.03010322 -0.01563485 -0.04966781
v 0.03008589 -0.00118538 -0.05207205
v 0.03005785 0.01021384 -0.05107239
v 0.03003687 0.01752348 -0.04903121
v 0.02962983 0.01939049 -0.04887290
v 0.02961328 0.02622515 -0.04555972
v 0.03006760 0.02439004 -0.04601857
v 0.02999258 0.03400201 -0.03945601
v 0.02952204 0.04993963 -0.01641950
v 0.02995129 0.04692288 -0.02262606
v 0.02983747 0.05032606 -0.01344922
v 0.02949855 0.05186709 -0.00863082
v 0.02990394 0.05152955 -0.00772025
v 0.02975028 0.04804166 0.02013929
v 0.02938971 0.03983742 0.03430183
v 0.02980602 0.04273809 0.02977150
v 0.02976765 0.03219331 0.04094323
v 0.02971069 0.01943555 0.04831858
v 0.02970303 0.00799185 0.05146840
v 0.02968198 0.00019499 0.05206887
v 0.02966481 -0.00735112 0.05156229
v 0.02964525 -0.01480162 0.04991895
v 0.02963355 -0.02002287 0.04804352
v 0.02960003 -0.03169847 0.04132850
v 0.02958069 -0.03746062 0.03618688
v 0.02954452 -0.04574665 0.02493339
v 0.02959877 -0.04229717 0.03039051
v 0.02951544 -0.04816316 0.01978635
v 0.02952555 -0.05033574 0.01331062
v 0.02948723 -0.05133433 0.00872135
v 0.02947342 -0.05188023 -0.00489009
v 0.02944821 -0.05030787 -0.01341916
v 0.02943239 -0.04788623 -0.02048323
v 0.02941343 -0.04435847 -0.02729607
v 0.02940621 -0.03675660 -0.03688331
v 0.02936717 -0.03150766 -0.04147160
v 0.02934923 -0.02518122 -0.04558969
v 0.02933106 -0.01830384 -0.04876077
v 0.02931192 -0.01092718 -0.05092465
v 0.02929784 -0.00526909 -0.05178067
v 0.02928272 0.00059131 -0.05208006
v 0.02923477 0.01445130 -0.05006048
v 0.02921603 0.02156576 -0.04743416
v 0.02919643 0.02830436 -0.04375030
v 0.02921833 0.03292765 -0.04033721
v 0.02917932 0.03806620 -0.03554681
v 0.02916062 0.04284716 -0.02960730
v 0.02914284 0.04666901 -0.02311603
v 0.02912425 0.04954110 -0.01606683
v 0.02910495 0.05137090 -0.00857635
v 0.02908550 0.05207426 -0.00087860
v 0.02906653 0.05163824 0.00677418
v 0.02904859 0.05011472 0.01417066
v 0.02903046 0.04753242 0.02128585
v 0.02903516 0.04390891 0.02799994
v 0.02899684 0.04046994 0.03272551
v 0.02898215 0.03660161 0.03705142
v 0.03322352 0.04683804 -0.02282754
v 0.03318346 0.05132222 -0.00892362
v 0.03308646 0.04143902 0.03158967
v 0.03099635 -0.01176660 -0.05075979
v 0.03079591 0.05040156 -0.01321890
v 0.03071515 0.04626955 0.02396215
v 0.03059914 0.01463417 0.05000924
v 0.03044899 -0.04017122 0.03316325
v 0.03001474 0.04894923 -0.01786011
v 0.02995982 0.05180543 0.00546918
v 0.03102380 -0.01900179 -0.04851627
v -0.02710924 -0.01341419 -0.04289857
v -0.02701969 -0.00519808 -0.04446449
v -0.02700000 -0.01113794 -0.04216576
v -0.02700000 -0.00993156 -0.04045360
v -0.02700681 0.01816796 -0.04082352
v -0.02700004 -0.00985527 -0.03832638
v -0.02703450 0.00924884 -0.04379816
v -0.02698540 -0.01063460 -0.03699053
v -0.02699902 -0.00065504 -0.03858494
v -0.02708863 0.00153973 -0.04487052
v -0.02708520 0.04463679 0.00484869
v -0.02702772 0.04380656 0.00905545
v -0.02700000 0.04188167 0.00673556
v -0.02708797 0.04471203 -0.00409747
v -0.02700000 0.00396475 -0.03666275
v -0.02699402 0.00833872 -0.03738622
v -0.02701466 0.00623293 -0.03594426
v -0.02700081 0.00257187 -0.03631418
v -0.02699931 0.00171113 -0.03760329
v -0.02702932 0.04030482 -0.01946047
v -0.02703450 0.04279657 -0.01312529
v -0.02700000 0.03975841 0.00643457
v -0.02710743 0.04418912 -0.00790409
v -0.02699962 0.03451422 -0.01717202
v -0.02699964 0.03006301 -0.02413306
v -0.02705675 0.03490110 -0.02822890
v -0.02699964 0.03861341 0.00093555
v -0.02699972 0.03745018 -0.00919135
v -0.02700774 0.02747625 -0.03535476
v -0.02699980 0.02389692 -0.03025549
v -0.02702237 0.03785319 0.00735462
v -0.02699983 0.01650801 -0.03484477
v -0.02692747 0.02067325 0.03234748
v -0.02700009 0.02026540 0.03487726
v -0.02699830 0.01338219 0.03629408
v -0.02701004 -0.00485915 0.04444513
v -0.02702021 -0.01109750 0.04331554
v -0.02700000 -0.00897733 0.04221232
v -0.02700000 -0.00396475 0.03666275
v -0.02699922 -0.00617010 0.03601958
v -0.02700000 -0.00811141 0.03929221
v -0.02708827 0.00563942 0.04454452
v -0.02703612 0.01061055 0.04348868
v -0.02702063 0.01980904 0.04012173
v -0.02700000 0.02221692 0.03718653
v -0.02710832 0.02486085 0.03743220
v -0.02700081 -0.00257187 0.03631418
v -0.02699917 -0.00171103 0.03760318
v -0.02699853 0.00065510 0.03858445
v -0.02700572 -0.00919024 0.03732862
v -0.02702085 -0.01973026 0.04013887
v -0.02700000 -0.01514027 0.04066002
v -0.02711759 -0.01371465 0.04279750
v -0.02701680 -0.03633015 -0.02611703
v -0.02700000 -0.03408206 -0.01430000
v -0.02710164 -0.04061591 -0.01910781
v -0.02704682 -0.04354822 -0.01084608
v -0.02700000 -0.01486719 0.03823726
v -0.02703450 -0.02498269 0.03714449
v -0.02700739 -0.03338117 0.02979269
v -0.02702539 -0.01559951 -0.04200457
v -0.02700000 -0.01681383 -0.03993493
v -0.02708732 -0.02488645 -0.03737214
v -0.02703374 -0.03064073 -0.03270734
v -0.02700000 -0.01609878 -0.03707612
v -0.02699944 -0.03417917 -0.01254362
v -0.02699623 -0.03659064 -0.01134997
v -0.02699848 -0.03292766 -0.02022511
v -0.02699917 -0.03345282 -0.01748716
v -0.02700056 -0.03273681 -0.01593533
v -0.02699944 -0.03862565 -0.00171196
v -0.02699880 -0.02305611 -0.03112992
v -0.02701315 -0.04470089 -0.00084820
v -0.02699860 -0.03365302 0.01896688
v -0.02699971 -0.02715390 0.02736774
v -0.02699982 -0.02033321 0.03275868
v -0.02702482 -0.01280736 0.03643126
v -0.02692465 -0.01384475 -0.03581523
v -0.02699984 -0.03745029 0.00919137
v -0.02702780 -0.04380186 0.00913592
v -0.02710748 -0.04466469 0.00449705
v -0.02713930 -0.03720631 0.02521317
v -0.02701722 -0.04016389 0.01961883
v -0.02710710 -0.04251461 0.01440707
v -0.02030000 -0.02331930 0.01186656
v -0.02030000 -0.01780023 0.01903186
v -0.02025709 -0.01820765 0.01333160
v -0.02030000 -0.02596053 -0.00421792
v -0.02028635 -0.02077745 0.00907738
v -0.02027971 -0.01943870 0.00508482
v -0.02030000 -0.00976942 0.02424615
v -0.02027966 -0.01317149 0.01389380
v -0.02020598 -0.01515010 0.01403954
v -0.02027844 0.01630610 -0.00210988
v -0.02020805 0.01540017 0.00458478
v -0.02030000 0.02182725 0.00750436
v -0.02019506 0.01257591 0.00997370
v -0.02023506 0.00860787 0.01355342
v -0.02030000 -0.00918546 0.02536508
v -0.02025082 0.00497413 0.01540390
v -0.02022742 -0.00118661 0.01600374
v -0.02026994 -0.01049849 0.01234001
v -0.02022297 -0.00537238 0.01515614
v -0.02030000 -0.02589512 0.00291595
v -0.02023026 -0.01284218 -0.00961735
v -0.02030000 -0.01439981 -0.01285733
v -0.02027867 -0.01617529 -0.00285169
v -0.02030000 -0.00397698 -0.01885382
v -0.02022451 0.00017247 -0.01605308
v -0.02021743 0.00450501 -0.01538727
v -0.02030000 -0.00388945 -0.03680010
v -0.02030000 -0.00329921 -0.03366916
v -0.02030000 -0.00218032 -0.03204593
v -0.02029927 0.01010406 -0.01328715
v -0.02024059 -0.01579249 0.00297466
v -0.02029987 -0.03626898 -0.00761060
v -0.02030000 -0.03347841 -0.00568346
v -0.02030000 -0.03188920 -0.00686293
v -0.02029990 -0.03346670 -0.01591673
v -0.02021057 -0.00746012 -0.01420446
v -0.02030000 -0.00977875 -0.01636206
v -0.02030000 -0.02716254 -0.01833144
v -0.02030000 -0.02727120 -0.02023364
v -0.02029938 -0.02754694 -0.02494794
v -0.02030000 -0.01036516 -0.03243246
v -0.02029978 -0.01084550 -0.03543627
v -0.02030000 -0.01731623 -0.02931637
v -0.02030000 -0.02340055 -0.02473288
v -0.02029988 -0.01882232 -0.03192648
v -0.02030000 0.00836464 -0.01739641
v -0.02030000 0.01923943 0.00146609
v -0.02030000 0.01225141 -0.03180066
v -0.02029938 0.01680466 -0.03314871
v -0.02029956 0.00480458 -0.03681437
v -0.02030000 0.01008763 -0.03117827
v -0.02030000 0.01267452 -0.01422199
v -0.02030000 0.01854196 -0.00437083
v -0.02023320 0.01362282 -0.00846721
v -0.02030000 0.01636699 -0.00974833
v -0.02029992 0.03012345 0.02158570
v -0.02029951 0.03526668 0.01172625
v -0.02030000 0.03192623 0.00685055
v -0.02030000 0.02112819 -0.02671199
v -0.02029978 0.02579667 -0.02660612
v -0.02030000 0.02697145 -0.02079596
v -0.02029978 0.03132434 -0.01980252
v -0.02030000 0.03202713 -0.01188740
v -0.02029924 0.03580096 -0.00997572
v -0.02030161 0.03402470 -0.00151413
v -0.02029978 0.03704320 0.00107493
v -0.02030000 0.03347841 0.00568346
v -0.02030000 0.00397698 0.01885382
v -0.02030000 0.01439981 0.01285733
v -0.02030000 0.00977875 0.01636206
v -0.02030000 0.02716254 0.01833144
v -0.02030000 0.02727120 0.02023364
v -0.02030000 0.00329921 0.03366916
v -0.02030000 0.00218032 0.03204593
v -0.02030000 -0.01008763 0.03117827
v -0.02029986 0.00872718 0.03601660
v -0.02029986 -0.01288217 0.03474779
v -0.02030000 -0.01188815 0.03180968
v -0.02029924 -0.02237665 0.02967765
v -0.02029978 -0.01936060 0.02815105
v -0.02029978 -0.03009622 0.02162341
v -0.02030000 -0.02697145 0.02079596
v -0.02029924 -0.03514711 0.01207907
v -0.02030000 -0.03120694 0.01364031
v -0.02030000 -0.03395319 0.00377213
v -0.02029978 -0.03704182 0.00112141
v -0.02029938 -0.00201572 0.03711025
v -0.02029978 0.02421042 0.02805725
v -0.02030000 0.02340055 0.02473288
v -0.02029982 0.01694283 0.03295901
v -0.02030000 0.01731623 0.02931637
v -0.02030000 0.01036516 0.03243246
v -0.01680000 -0.01040254 0.01149074
v -0.01975879 -0.01043273 0.01160092
v -0.01679995 -0.00710186 0.01384454
v -0.01957362 -0.00685139 0.01396695
v -0.01953735 -0.00309553 0.01523327
v -0.01680013 -0.00209431 0.01540760
v -0.01958044 0.00084355 0.01553609
v -0.01679993 0.00315122 0.01523776
v -0.01965902 0.00476808 0.01481665
v -0.01957563 0.00831287 0.01314900
v -0.01679952 0.00929166 0.01258547
v -0.01969353 0.01070542 0.01126646
v -0.01953352 0.01265437 0.00902520
v -0.01679957 0.01427587 0.00640015
v -0.01969748 0.01413060 0.00647268
v -0.01953447 0.01509239 0.00372014
v -0.01970068 0.01552893 0.00071420
v -0.01679964 0.01557989 -0.00143592
v -0.01956721 0.01539258 -0.00225403
v -0.01953588 0.01432050 -0.00604239
v -0.01679969 0.01286740 -0.00890257
v -0.01955222 0.01290939 -0.00861087
v -0.01953229 0.01106889 -0.01091250
v -0.01958032 0.00797484 -0.01335780
v -0.01679982 0.00683755 -0.01407492
v -0.01953105 0.00433338 -0.01492700
v -0.01955950 0.00142042 -0.01545522
v -0.01679992 -0.00095540 -0.01561957
v -0.01953895 -0.00146384 -0.01547563
v -0.01957325 -0.00531002 -0.01462260
v -0.01680004 -0.00850278 -0.01313825
v -0.01953758 -0.00882740 -0.01279500
v -0.01958091 -0.01177760 -0.01016742
v -0.01679992 -0.01315682 -0.00830735
v -0.01985650 -0.01394329 -0.00703272
v -0.01953263 -0.01473180 -0.00495639
v -0.01679951 -0.01550922 -0.00204608
v -0.01968429 -0.01553882 -0.00107491
v -0.01963187 -0.01522831 0.00325716
v -0.01680000 -0.01515254 0.00326350
v -0.03312431 0.02312098 0.03867204
v -0.02738173 0.01997373 0.04035200
v -0.03313138 0.01658013 0.04197919
v -0.02719592 0.01533167 0.04225261
v -0.03315175 -0.00253323 0.04509005
v -0.02718648 0.00075765 0.04495954
v -0.03312642 0.00725193 0.04454036
v -0.02737070 0.01055628 0.04376470
v -0.03302079 -0.00722943 0.04450193
v -0.02730475 -0.00611082 0.04459986
v -0.02690809 -0.01276760 0.04315309
v -0.02727321 -0.01127772 0.04354018
v -0.03305405 -0.01637830 0.04203614
v -0.02731001 -0.01929953 0.04067238
v -0.03301711 -0.03272898 0.03099843
v -0.02719632 -0.02938891 0.03400720
v -0.03300795 -0.02527281 0.03731893
v -0.02733510 -0.02536123 0.03718713
v -0.03314913 -0.03660482 0.02637355
v -0.02728466 -0.03315863 0.03042440
v -0.03312704 -0.04415018 0.00931757
v -0.03312549 -0.04111034 0.01859801
v -0.02730586 -0.04072702 0.01918516
v -0.03314063 -0.04512986 -0.00028183
v -0.02734037 -0.04399651 0.00956329
v -0.03302041 -0.04259805 -0.01473285
v -0.03301172 -0.04476354 -0.00523133
v -0.02720000 -0.04453212 -0.00612044
v -0.02732821 -0.04501626 -0.00069496
v -0.03314655 -0.04034258 -0.02017815
v -0.02728402 -0.04264361 -0.01440693
v -0.03312716 -0.02867113 -0.03483159
v -0.02738338 -0.03419108 -0.02929821
v -0.03312480 -0.03549334 -0.02784498
v -0.02721509 -0.03833928 -0.02354501
v -0.03316019 -0.02241152 -0.03909215
v -0.02734048 -0.02946516 -0.03402870
v -0.03310937 -0.01596418 -0.04216260
v -0.02737099 -0.02071069 -0.03998401
v -0.02717697 -0.01508534 -0.04239494
v -0.03312723 0.00095569 -0.04503623
v -0.02738277 -0.00411421 -0.04483797
v -0.03312620 -0.00635017 -0.04466245
v -0.02728335 -0.00924699 -0.04401480
v -0.03312943 0.01542869 -0.04232557
v -0.02722149 0.01298128 -0.04307929
v -0.03312800 0.00832392 -0.04434010
v -0.02738940 0.00609746 -0.04461396
v -0.03312686 0.02216214 -0.03930231
v -0.02728678 0.01935039 -0.04062975
v -0.03312756 0.03015484 -0.03356822
v -0.02728289 0.03046443 -0.03313410
v -0.02729869 0.02492693 -0.03747258
v -0.03312848 0.03671803 -0.02623324
v -0.02728440 0.03713234 -0.02544084
v -0.03312929 0.04153551 -0.01764729
v -0.02738690 0.04062431 -0.01942081
v -0.03313002 0.04510976 0.00139695
v -0.03312688 0.04434923 -0.00833541
v -0.02737881 0.04314553 -0.01289501
v -0.03311398 0.04395999 0.00985548
v -0.02722168 0.04395517 0.00949846
v -0.02737498 0.04502096 0.00042485
v -0.03302259 0.04206182 0.01623358
v -0.02710671 0.04334116 0.01184310
v -0.02694024 0.04368047 0.01082600
v -0.02730928 0.04171838 0.01690776
v -0.03301545 0.03749572 0.02502387
v -0.02733692 0.03883799 0.02275330
v -0.03313423 0.02847396 0.03497794
v -0.02730629 0.03095046 0.03268543
v -0.03316343 0.03509511 0.02846263
v -0.02737296 0.03524015 0.02801397
v -0.02692022 0.02581010 0.03686302
v -0.02721517 0.02688138 0.03604310
v -0.02895717 0.00098943 0.05249126
v -0.03090726 0.00126695 0.05248355
v -0.02895201 0.00633042 0.05209060
v -0.03447557 0.00535091 0.05215759
v -0.03440519 -0.00164605 0.05247618
v -0.03243888 -0.00061527 0.05249633
v -0.03153072 -0.00125925 0.05248503
v -0.02893001 -0.00383109 0.05232921
v -0.03041831 -0.00097633 0.05249120
v -0.03002095 0.00019231 0.05250048
v -0.02895506 0.04668501 0.02404143
v -0.03042392 0.04497308 0.02709091
v -0.03002103 0.04556411 0.02608371
v -0.03060962 0.04599261 0.02531736
v -0.03174505 0.04607566 0.02516570
v -0.03444229 0.04620516 0.02490677
v -0.03198083 0.04486482 0.02726596
v -0.03447348 0.04235452 0.03092141
v -0.02894061 0.04282967 0.03033863
v -0.02894702 0.00098917 -0.05248985
v -0.03027842 -0.00075937 -0.05249548
v -0.02894900 -0.00480776 -0.05224345
v -0.03113184 -0.00127806 -0.05248224
v -0.03447499 -0.00543225 -0.05215118
v -0.03442915 0.00159137 -0.05246981
v -0.03243888 0.00061527 -0.05249633
v -0.03153072 0.00125925 -0.05248503
v -0.03059169 0.00106715 -0.05248964
v -0.03002104 0.00016628 -0.05250059
v -0.02895147 -0.04499682 -0.02699657
v -0.03042545 -0.04497337 -0.02709255
v -0.03002096 -0.04556271 -0.02608358
v -0.02895234 -0.04679105 -0.02374326
v -0.03093191 -0.04608621 -0.02514354
v -0.03236446 -0.04586568 -0.02554733
v -0.03443594 -0.04624696 -0.02483525
v -0.03447674 -0.04245936 -0.03076231
v -0.03153075 -0.04482379 -0.02733308
v -0.02893119 -0.04264611 -0.03055689
v -0.02894431 0.03254885 0.04118773
v -0.02894973 0.02770461 0.04455416
v -0.03446114 0.03055951 0.04260330
v -0.03445897 0.02376108 0.04682084
v -0.03442386 0.03660347 0.03766484
v -0.02894618 0.03820680 0.03599694
v -0.03443713 0.04943607 0.01751602
v -0.02894542 0.04971429 0.01684817
v -0.03440861 0.05162780 0.00972152
v -0.02894195 0.05216354 0.00582982
v -0.02894806 0.05123887 0.01127235
v -0.03448020 0.05234759 0.00340419
v -0.02894958 0.05246976 -0.00185591
v -0.03445257 0.05214310 -0.00613248
v -0.02894562 0.05165407 -0.00934109
v -0.03440665 0.04983458 -0.01659022
v -0.02894230 0.04846016 -0.02016583
v -0.02894780 0.05028579 -0.01496011
v -0.03435828 0.04293810 -0.03033708
v -0.03185038 0.04486398 -0.02726725
v -0.03445109 0.04619928 -0.02486529
v -0.03198821 0.04604687 -0.02522085
v -0.02902800 0.04600374 -0.02529193
v -0.03041832 0.04594712 -0.02540019
v -0.03002096 0.04537025 -0.02641659
v -0.02893285 0.04424310 -0.02820915
v -0.03070387 0.04488615 -0.02723083
v -0.02894581 0.04066535 -0.03319271
v -0.03441770 0.03552293 -0.03868272
v -0.02894412 0.03541943 -0.03874653
v -0.02896111 0.02946263 -0.04345537
v -0.03447106 0.02923875 -0.04351541
v -0.03447428 0.02386975 -0.04668897
v -0.02892679 0.02491063 -0.04616726
v -0.03439294 0.01765723 -0.04948162
v -0.02894841 0.02109809 -0.04803460
v -0.02894521 0.01569876 -0.05008978
v -0.03447929 0.00979171 -0.05150953
v -0.02894298 0.00863110 -0.05177459
v -0.02894493 -0.01052927 -0.05142514
v -0.03442657 -0.01402314 -0.05060795
v -0.02894331 -0.01752696 -0.04947665
v -0.03446069 -0.02396388 -0.04671068
v -0.02894486 -0.02449784 -0.04642930
v -0.03445193 -0.03279767 -0.04098953
v -0.02894969 -0.02950265 -0.04338499
v -0.02894463 -0.03412145 -0.03988873
v -0.03442384 -0.03856335 -0.03555523
v -0.02895703 -0.03926693 -0.03484198
v -0.02894432 -0.04917278 -0.01836834
v -0.03443949 -0.05035642 -0.01488133
v -0.02894392 -0.05123558 -0.01140655
v -0.03445690 -0.05232456 -0.00434405
v -0.02894587 -0.05235730 -0.00384659
v -0.02896170 -0.05237309 0.00367239
v -0.03445527 -0.05213439 0.00613847
v -0.02892720 -0.05167401 0.00903376
v -0.03441512 -0.04992300 0.01632386
v -0.02894421 -0.05034937 0.01483795
v -0.03444488 -0.04625773 0.02476575
v -0.02895547 -0.04755442 0.02228267
v -0.03438399 -0.04300782 0.03022509
v -0.03093239 -0.04481928 0.02734094
v -0.03205901 -0.04494667 0.02713055
v -0.03198821 -0.04604687 0.02522085
v -0.03041827 -0.04594754 0.02540047
v -0.03002095 -0.04537146 0.02641739
v -0.02895133 -0.04406096 0.02855000
v -0.02894597 -0.04055301 0.03328362
v -0.03440379 -0.03573474 0.03850062
v -0.02894448 -0.03686180 0.03736927
v -0.03446871 -0.02925569 0.04351621
v -0.02894064 -0.02801445 0.04438632
v -0.02894896 -0.03252425 0.04116736
v -0.03445819 -0.02237918 0.04748383
v -0.02895119 -0.02125476 0.04800916
v -0.03442399 -0.01496172 0.05027352
v -0.02894473 -0.01414828 0.05054810
v -0.03447640 -0.00872178 0.05170318
v -0.02894876 -0.00850954 0.05177010
v -0.03442389 0.01373620 0.05069277
v -0.02894498 0.01210661 0.05107586
v -0.02894853 0.01763526 0.04941185
v -0.02894231 0.02274825 0.04730285
v -0.02702393 0.04113843 0.01755748
v -0.02700000 0.04051382 0.01357183
v -0.02701870 0.03857253 0.02265219
v -0.02701403 0.03474330 0.02820485
v -0.02700000 0.02729612 0.03345806
v -0.02700001 0.03756127 0.01224974
v -0.02700000 0.02638590 0.03153820
v -0.02699738 0.03280244 0.01590724
v -0.02700000 0.03408206 0.01430000
v -0.02699818 0.03343286 0.01894614
v -0.02701670 0.02689147 0.03578502
v -0.02702273 0.03688342 0.01103080
v -0.02699933 0.03417915 0.01254351
v -0.02702027 0.02387779 0.03041501
v -0.02699979 0.02892885 0.02548633
v -0.02214911 0.00925396 -0.03528000
v -0.02503177 0.00999104 -0.03528402
v -0.02218777 0.01381532 -0.03381299
v -0.02211031 0.01909188 -0.03113072
v -0.02499085 0.01926162 -0.03107954
v -0.02499517 0.02589539 -0.02583045
v -0.02200787 0.02401320 -0.02745772
v -0.02500038 0.03398172 -0.01353082
v -0.02202105 0.03154797 -0.01833686
v -0.02499344 0.03046110 -0.02017427
v -0.02209504 0.02807525 -0.02332892
v -0.02499676 0.03577187 -0.00731188
v -0.02191180 0.03525420 -0.00911315
v -0.02214212 0.03417708 -0.01285942
v -0.02499844 0.03612522 0.00524467
v -0.02218089 0.03618134 0.00498842
v -0.02499101 0.03654497 -0.00112025
v -0.02199541 0.03644555 0.00042975
v -0.02218039 0.03629910 -0.00404861
v -0.02497047 0.03497827 0.01006662
v -0.02213058 0.03513407 0.00973867
v -0.02199559 -0.03140018 -0.01837679
v -0.02500297 -0.03145697 -0.01842051
v -0.02210205 -0.02873573 -0.02251768
v -0.02499450 -0.02773920 -0.02379941
v -0.02208477 -0.02553090 -0.02605118
v -0.02500668 -0.02182523 -0.02933171
v -0.02207475 -0.02198516 -0.02913972
v -0.02193881 -0.01680104 -0.03234144
v -0.02501523 -0.01461943 -0.03351041
v -0.02207475 -0.01118736 -0.03474642
v -0.02496552 -0.00712561 -0.03584865
v -0.02207727 -0.00523091 -0.03612382
v -0.02497168 0.00013756 -0.03634775
v -0.02214610 -0.00035697 -0.03645469
v -0.02214252 -0.00899964 0.03530752
v -0.02499794 -0.00925931 0.03529779
v -0.02218777 -0.01381532 0.03381299
v -0.02499815 -0.01356623 0.03389052
v -0.02211031 -0.01909188 0.03113072
v -0.02499085 -0.01926162 0.03107954
v -0.02499517 -0.02589539 0.02583045
v -0.02209932 -0.02625469 0.02537470
v -0.02185821 -0.02377390 0.02753645
v -0.02500038 -0.03398172 0.01353082
v -0.02199349 -0.03230108 0.01687802
v -0.02499344 -0.03046110 0.02017427
v -0.02216757 -0.03006356 0.02073341
v -0.02499676 -0.03577187 0.00731188
v -0.02207921 -0.03547462 0.00847583
v -0.02214212 -0.03417708 0.01285942
v -0.02499893 -0.03612610 -0.00523908
v -0.02210254 -0.03618513 -0.00483612
v -0.02499101 -0.03654497 0.00112025
v -0.02189490 -0.03639726 -0.00069013
v -0.02218039 -0.03629910 0.00404861
v -0.02499006 -0.03503260 -0.00997117
v -0.02213058 -0.03513407 -0.00973867
v -0.02199559 0.03140018 0.01837679
v -0.02500297 0.03145697 0.01842051
v -0.02208514 0.02946368 0.02150319
v -0.02499450 0.02773920 0.02379941
v -0.02207728 0.02652584 0.02507334
v -0.02500000 0.02326266 0.02812647
v -0.02187408 0.02298393 0.02819115
v -0.02208514 0.02076021 0.02999183
v -0.02499804 0.01842958 0.03156339
v -0.02193881 0.01680104 0.03234144
v -0.02500000 0.01272691 0.03420929
v -0.02207475 0.01118736 0.03474642
v -0.02499450 0.00697297 0.03587830
v -0.02207727 0.00523091 0.03612382
v -0.02497168 -0.00013756 0.03634775
v -0.02214610 0.00035697 0.03645469
v -0.02183943 -0.01275983 0.00090294
v -0.02180742 -0.01956879 0.00444402
v -0.02182919 -0.02770159 -0.01074036
v -0.02180000 -0.02372669 0.01102948
v -0.02185338 -0.02100460 0.00932066
v -0.02191051 -0.01967606 0.01200295
v -0.02180000 -0.01708779 0.01981446
v -0.02184795 -0.01805709 0.01382803
v -0.02183981 -0.01332935 0.01431108
v -0.02180000 -0.00932504 0.02459366
v -0.02183860 -0.02939586 -0.00944311
v -0.02180000 -0.02596015 0.00226513
v -0.02180000 -0.02599221 -0.00427575
v -0.02181948 -0.03182279 -0.00937343
v -0.02180000 -0.03187142 -0.00684711
v -0.02180000 -0.03360502 -0.00552326
v -0.02183254 -0.03359491 -0.01034024
v -0.02181546 -0.03503919 -0.00934152
v -0.02179945 -0.01830631 0.02872394
v -0.02180000 -0.02630837 0.02179260
v -0.02180000 -0.03149555 0.01295998
v -0.02181748 -0.03426202 0.01182528
v -0.02180000 -0.03369736 0.00494157
v -0.02182322 -0.03602314 0.00404347
v -0.02182249 -0.02978574 0.02065796
v -0.02184460 -0.00720672 0.01054751
v -0.02180000 -0.00251430 0.01262485
v -0.02180000 0.00311871 0.01240780
v -0.02180000 0.00805504 0.01004116
v -0.02180000 0.01150960 0.00558650
v -0.02180000 0.01986096 0.00190604
v -0.02180000 -0.01433940 -0.01287107
v -0.02180000 0.00131308 -0.01272618
v -0.02180000 -0.00413497 -0.01219059
v -0.02180000 0.00558650 -0.01150960
v -0.02180000 0.00982239 -0.03058130
v -0.02180000 0.00839511 -0.01734057
v -0.02180000 0.00918611 -0.00890479
v -0.02180000 0.01305623 -0.01387239
v -0.02180000 -0.01199645 -0.00466838
v -0.02184002 -0.02744877 -0.01500073
v -0.02183415 -0.02873633 -0.01632503
v -0.02180000 0.01741488 -0.00794296
v -0.02180000 0.01219059 -0.00413497
v -0.02180000 0.01912248 0.00097770
v -0.02180000 0.01272618 0.00131308
v -0.02182931 0.01360709 -0.03360507
v -0.02180888 0.00779834 -0.03178596
v -0.02182117 0.00793074 -0.03434220
v -0.02184109 -0.02689283 -0.01282331
v -0.02183782 0.00582765 -0.02978644
v -0.02184371 0.00113353 -0.03071295
v -0.02180000 -0.00393487 -0.01889926
v -0.02183579 0.00029778 -0.03251408
v -0.02183613 0.00236533 -0.02975290
v -0.02180000 0.01130138 -0.03188870
v -0.02182898 0.00888920 -0.03504476
v -0.02180000 -0.00229422 -0.03268917
v -0.02180000 -0.00388724 -0.03373437
v -0.02181175 -0.00543791 -0.03576247
v -0.02181748 0.00050804 -0.03546531
v -0.02183182 -0.00040547 -0.03620668
v -0.02180000 0.03284209 -0.00901821
v -0.02181080 0.03291272 -0.01504910
v -0.02180029 0.03405821 -0.00084804
v -0.02180000 0.01833636 -0.02870033
v -0.02182517 0.01951215 -0.03052846
v -0.02180000 0.02474464 -0.02340158
v -0.02181168 0.02714745 -0.02408577
v -0.02180000 0.02967789 -0.01670789
v -0.02182115 -0.03104798 -0.01862801
v -0.02182281 -0.02801275 -0.02297342
v -0.02180000 -0.02731510 -0.02017157
v -0.02180000 -0.02706164 -0.01821232
v -0.02180000 -0.00890479 -0.00918611
v -0.02180000 -0.00928059 -0.01664967
v -0.02181292 -0.01279117 -0.03389563
v -0.02180000 -0.00971903 -0.03263191
v -0.02180000 -0.01673061 -0.02965448
v -0.02180000 -0.02290476 -0.02519272
v -0.02181292 -0.02322025 -0.02780913
v -0.02181241 0.00543725 0.03576411
v -0.02182822 -0.00059955 0.03495404
v -0.02180000 0.00388724 0.03373437
v -0.02180000 0.01673061 0.02965448
v -0.02181292 0.01279117 0.03389563
v -0.02180000 0.00971903 0.03263191
v -0.02183644 0.03047128 0.00927960
v -0.02184258 0.02867691 0.00986868
v -0.02180000 0.00229422 0.03268917
v -0.02180000 0.00393487 0.01889926
v -0.02183160 -0.00090530 0.03101118
v -0.02184468 -0.00205187 0.02990359
v -0.02181166 0.02845486 0.01629935
v -0.02180000 0.02731510 0.02017157
v -0.02180000 0.02706164 0.01821232
v -0.02183522 0.02732943 0.01473147
v -0.02180000 0.01433940 0.01287107
v -0.02182646 0.03219168 0.00956056
v -0.02180000 0.03343321 0.00577016
v -0.02182017 0.03594602 0.00465417
v -0.02181519 0.03382640 0.01027839
v -0.02182322 0.03489388 0.00958202
v -0.02183833 -0.00029175 0.03252441
v -0.02181934 0.02683289 0.01244879
v -0.02181115 0.02646342 0.02465998
v -0.02182041 0.03098155 0.01877932
v -0.02180909 0.03085890 0.01721779
v -0.02182963 0.03601870 -0.00414103
v -0.02180000 0.03183461 0.00685802
v -0.02180000 0.02290476 0.02519272
v -0.02180000 0.00928059 0.01664967
v -0.02181075 -0.03085445 -0.01720483
v -0.02183340 -0.00355214 0.02937675
v -0.02180053 -0.00765843 0.03107094
v -0.02180000 -0.00982239 0.03058130
v -0.02183584 -0.00550009 0.02958299
v -0.02182931 -0.01360709 0.03360507
v -0.02180000 -0.01130138 0.03188870
v -0.02182193 -0.00799417 0.03442663
v -0.02182937 -0.00888910 0.03504530
v -0.02182517 -0.01951215 0.03052846
v -0.02183235 0.00040502 0.03620729
v -0.02183598 -0.00029395 0.03577016
v -0.02645205 0.02626336 0.04545195
v -0.02647633 0.03280701 0.04097732
v -0.02550026 0.02809526 0.04443592
v -0.02550000 0.03486497 0.03925155
v -0.02643853 0.03825128 0.03596084
v -0.02550050 0.04032005 0.03370934
v -0.02645291 0.04181135 0.03169154
v -0.02550046 0.04612501 0.02522637
v -0.02645319 0.04499648 0.02703506
v -0.02644583 0.04841818 0.02030192
v -0.02550000 0.04953292 0.01739942
v -0.02647607 0.05009168 0.01555520
v -0.02550054 0.05161139 0.00991256
v -0.02645157 0.05124104 0.01126480
v -0.02645831 0.05216175 0.00584136
v -0.02550044 0.05257162 -0.00031840
v -0.02644994 0.05247020 -0.00185931
v -0.02550000 0.05175291 -0.00882530
v -0.02645380 0.05165497 -0.00933985
v -0.02550096 0.04993854 -0.01637393
v -0.02645277 0.04972534 -0.01684431
v -0.02550057 0.04581597 -0.02578302
v -0.02645302 0.04678784 -0.02380121
v -0.02647294 0.04366592 -0.02907259
v -0.02550038 0.03960176 -0.03457762
v -0.02643991 0.04063401 -0.03324313
v -0.02645277 0.03533995 -0.03882562
v -0.02550000 0.03351939 -0.04040669
v -0.02550054 0.02755457 -0.04477279
v -0.02645291 0.02939744 -0.04349028
v -0.02645416 0.02451372 -0.04638498
v -0.02550000 0.01988589 -0.04858808
v -0.02645338 0.01950007 -0.04873680
v -0.02550077 0.01253161 -0.05103780
v -0.02645234 0.01399725 -0.05056238
v -0.02645719 0.00864421 -0.05177199
v -0.02550042 0.00237283 -0.05251875
v -0.02645093 0.00095469 -0.05249404
v -0.02550000 -0.00619273 -0.05213348
v -0.02645319 -0.00654771 -0.05208344
v -0.02550051 -0.01380614 -0.05070755
v -0.02645261 -0.01224768 -0.05101424
v -0.02645683 -0.01751370 -0.04948095
v -0.02550024 -0.02334504 -0.04709940
v -0.02644997 -0.02282564 -0.04724087
v -0.02645557 -0.02795597 -0.04443217
v -0.02550000 -0.03071507 -0.04257739
v -0.02645482 -0.03412338 -0.03988793
v -0.02550076 -0.03667555 -0.03763956
v -0.02647036 -0.03845616 -0.03568214
v -0.02550032 -0.04330314 -0.02981002
v -0.02643770 -0.04189534 -0.03164137
v -0.02645349 -0.04596552 -0.02536299
v -0.02550000 -0.04751851 -0.02232131
v -0.02645513 -0.04917414 -0.01836656
v -0.02550035 -0.05033184 -0.01511637
v -0.02645023 -0.05083633 -0.01297852
v -0.02550017 -0.05232760 -0.00505844
v -0.02644058 -0.05196320 -0.00749532
v -0.02647342 -0.05240788 -0.00239147
v -0.02550000 -0.05238023 0.00354426
v -0.02645317 -0.05235932 0.00375152
v -0.02550077 -0.05134432 0.01120390
v -0.02645339 -0.05159865 0.00948644
v -0.02645581 -0.05035351 0.01482302
v -0.02550001 -0.04821076 0.02096308
v -0.02645048 -0.04839461 0.02026352
v -0.02645998 -0.04601120 0.02525584
v -0.02550079 -0.04293931 0.03033372
v -0.02647102 -0.04272348 0.03044276
v -0.02644425 -0.03934913 0.03475752
v -0.02550000 -0.03743529 0.03680828
v -0.02645272 -0.03389281 0.04008681
v -0.02550092 -0.03160816 0.04198863
v -0.02645240 -0.02779537 0.04453755
v -0.02550042 -0.02283155 0.04735643
v -0.02647600 -0.02234247 0.04745112
v -0.02644411 -0.01758864 0.04946810
v -0.02550000 -0.01486829 0.05035061
v -0.02645290 -0.01023239 0.05148739
v -0.02550067 -0.00726615 0.05205086
v -0.02645347 -0.00466784 0.05225635
v -0.02550060 0.00300969 0.05248662
v -0.02645325 0.00095277 0.05248485
v -0.02645403 0.00668951 0.05203506
v -0.02550000 0.01143521 0.05123949
v -0.02645450 0.01210597 0.05107663
v -0.02550103 0.01890063 0.04903901
v -0.02645263 0.01948361 0.04875195
v -0.02549991 -0.01388808 -0.04287218
v -0.02550007 -0.01392630 0.04254431
v -0.02550000 -0.01201981 0.04337305
v -0.02549992 0.04351588 0.00839007
v -0.02550002 0.02633639 0.03650302
v -0.02549999 0.04372239 0.01089415
v -0.02549991 0.04214890 0.01301257
v -0.02549781 0.03242476 0.02205247
v -0.02551425 0.02448249 0.03049975
v -0.02550000 0.02645966 0.03166426
v -0.02550000 -0.00965267 -0.03974432
v -0.02549984 0.02742716 0.03401651
v -0.02549978 -0.00937402 0.04262568
v -0.02550000 -0.01681985 -0.03891931
v -0.02550000 -0.01593423 -0.03698796
v -0.02550000 0.03915277 0.01334488
v -0.02550544 0.03725718 0.01171806
v -0.02549996 -0.01621923 -0.04133683
v -0.02549991 -0.01129072 -0.04227500
v -0.02550012 0.02445616 0.03746039
v -0.02550000 -0.00811811 0.04004567
v -0.02550000 -0.01509420 0.04083196
v -0.02550000 -0.01502191 0.03868868
v -0.02549890 -0.01945969 0.03395096
v -0.02552833 -0.01358007 0.03679810
v -0.02550000 0.04199409 0.00682878
v -0.02550000 0.03989594 0.00638542
v -0.02549992 0.00414843 0.03885872
v -0.02550000 0.02045107 0.03531649
v -0.02549983 0.01315233 0.03677771
v -0.02541564 0.02034727 0.03316562
v -0.02549884 -0.02932659 -0.02579044
v -0.02549942 -0.02256784 -0.03187487
v -0.02550411 -0.00851646 0.03826362
v -0.02549970 -0.02780240 0.02744410
v -0.02549969 -0.03339727 0.02026774
v -0.02544750 -0.01470045 -0.03604957
v -0.02549948 0.00017363 -0.03913984
v -0.02548372 -0.01016904 -0.03764351
v -0.02549610 0.03707173 -0.01252321
v -0.02549938 0.03901062 -0.00178931
v -0.02550000 0.02237823 0.03726175
v -0.02549969 0.03220565 -0.02210835
v -0.02550233 0.03843424 0.00695868
v -0.02549870 -0.03449481 -0.01830883
v -0.02549977 0.01086297 -0.03752162
v -0.02549974 0.01910179 -0.03407414
v -0.02549751 -0.03911729 0.00120387
v -0.02549883 -0.03779275 -0.00983573
v -0.02549981 0.02634225 -0.02884534
v -0.02549979 -0.03718022 0.01199174
v -0.02128730 0.02078711 0.03187020
v -0.02454661 0.02267444 0.03059513
v -0.02130000 0.02619829 0.02752543
v -0.02449630 0.02903102 0.02458943
v -0.02129843 0.03058293 0.02265792
v -0.02447934 0.03331636 0.01839112
v -0.02130000 0.03414319 0.01668059
v -0.02457474 0.03673453 0.01010115
v -0.02129426 0.03661660 0.01038637
v -0.02461894 0.03726563 0.00804440
v -0.02447936 0.03802431 0.00239305
v -0.02129048 0.03801339 0.00172941
v -0.02130704 0.03739757 -0.00711645
v -0.02447923 0.03755474 -0.00622399
v -0.02449533 0.03549395 -0.01370874
v -0.02130084 0.03458636 -0.01589774
v -0.02449984 0.03187664 -0.02083274
v -0.02130110 0.02990743 -0.02354732
v -0.02449954 0.02621721 -0.02761693
v -0.02130118 0.02356848 -0.02989016
v -0.02449925 0.01914676 -0.03291296
v -0.02130108 0.01592114 -0.03457408
v -0.02449896 0.01104702 -0.03643570
v -0.02130083 0.00738957 -0.03733883
v -0.02449868 0.00235500 -0.03799601
v -0.02129682 -0.00156372 -0.03802983
v -0.02459085 -0.01126162 -0.03642035
v -0.02131317 -0.01058183 -0.03657676
v -0.02449981 -0.00416473 -0.03777240
v -0.02455862 -0.01316808 -0.03575256
v -0.02128951 -0.01772132 -0.03363679
v -0.02448794 -0.02201588 -0.03106221
v -0.02133135 -0.02312434 -0.03022583
v -0.02449553 -0.02858737 -0.02515900
v -0.02130000 -0.02778291 -0.02592509
v -0.02129113 -0.03184789 -0.02082694
v -0.02449732 -0.03270018 -0.01940535
v -0.02129579 -0.03575357 -0.01303350
v -0.02449344 -0.03568717 -0.01331382
v -0.02129524 -0.03781261 -0.00428273
v -0.02449291 -0.03780841 -0.00463268
v -0.02130000 -0.03788138 0.00300016
v -0.02449308 -0.03794545 0.00280321
v -0.02130149 -0.03685166 0.00953773
v -0.02449948 -0.03653650 0.01073904
v -0.02130164 -0.03358842 0.01791152
v -0.02449936 -0.03303098 0.01895263
v -0.02130176 -0.02845291 0.02528687
v -0.02449924 -0.02770884 0.02612381
v -0.02130000 -0.02335567 0.02997520
v -0.02449911 -0.02086294 0.03185809
v -0.02131984 -0.01780667 0.03364423
v -0.02454778 -0.01173069 0.03623827
v -0.02129830 -0.00955509 0.03684204
v -0.02445756 -0.00465131 0.03777911
v -0.02130000 -0.00262578 0.03790917
v -0.02131714 0.00400646 0.03787050
v -0.02450057 0.00417088 0.03781654
v -0.02450104 0.01240007 0.03599355
v -0.02129641 0.01295002 0.03579373
v -0.02461668 0.02101308 0.03185419
v -0.01680000 -0.00437821 0.01290768
v -0.01680000 -0.01024549 0.00898927
v -0.01680000 -0.01336749 0.00266220
v -0.01680000 -0.01290768 -0.00437821
v -0.01680000 -0.00898927 -0.01024549
v -0.01680000 -0.00266220 -0.01336749
v -0.01680000 0.00437821 -0.01290768
v -0.01680000 0.00942860 -0.00972647
v -0.01680000 0.01270212 -0.00494300
v -0.01680000 -0.01837188 0.00519586
v -0.01680000 -0.01621727 0.00602140
v -0.01680000 -0.01446255 0.00587917
v -0.01680000 -0.01232371 0.00969655
v -0.01680000 -0.01261014 0.00718920
v -0.01680000 -0.01403015 0.01343078
v -0.01680000 -0.01429288 0.01164963
v -0.01680000 -0.01748769 0.01304850
v -0.01680000 -0.01678842 0.01121072
v -0.01680000 -0.01979514 0.01011825
v -0.01680000 -0.01808107 0.00934613
v -0.01680000 -0.01969704 0.00720952
v -0.01680000 -0.01761615 0.00711701
v -0.01680000 0.01350000 0.00000000
v -0.01680000 0.01290768 0.00437821
v -0.01680000 0.00898927 0.01024549
v -0.01680000 0.00266220 0.01336749
v -0.02080000 -0.00437821 -0.01290768
v -0.02080000 -0.01024549 -0.00898927
v -0.02080000 -0.01336749 -0.00266220
v -0.02080000 -0.01290768 0.00437821
v -0.02080000 -0.00898927 0.01024549
v -0.02080000 -0.00266220 0.01336749
v -0.02080000 0.00437821 0.01290768
v -0.02080000 0.01024549 0.00898927
v -0.02080000 0.01336749 0.00266220
v -0.02080000 0.01290768 -0.00437821
v -0.02080000 0.00898927 -0.01024549
v -0.02080000 0.00266220 -0.01336749
v -0.02079923 -0.01275658 -0.00096209
v -0.02080084 -0.01241114 0.00304328
v -0.02079932 -0.01022088 0.00773102
v -0.02080000 -0.00819554 0.00976707
v -0.02079924 -0.00528788 0.01165823
v -0.02080000 -0.00091675 0.01276086
v -0.02080000 0.00466838 0.01199645
v -0.02080000 0.00918611 0.00890479
v -0.02080000 0.01167773 0.00522593
v -0.02080000 0.01276086 0.00091675
v -0.02080000 0.01199645 -0.00466838
v -0.02080000 0.00890479 -0.00918611
v -0.02080000 0.00522593 -0.01167773
v -0.02080000 0.00091675 -0.01276086
v -0.02080000 -0.00466838 -0.01199645
v -0.02080000 -0.00918611 -0.00890479
v -0.02080000 -0.01167773 -0.00522593
v -0.02260350 -0.01260057 0.00209154
v -0.02479997 -0.01275702 0.00207077
v -0.02260490 -0.00809664 0.00989812
v -0.02480000 -0.00818283 0.01001653
v -0.02480000 -0.01155375 0.00545313
v -0.02480000 -0.01444568 0.01359256
v -0.02286475 -0.01331532 0.01318244
v -0.02286258 -0.01474092 0.01354001
v -0.02286258 -0.01640420 0.01339291
v -0.02480000 -0.01802805 0.01264192
v -0.02258053 -0.01784306 0.01281620
v -0.02286258 -0.01855835 0.01214650
v -0.02286258 -0.01951481 0.01077780
v -0.02480000 -0.01999239 0.00947142
v -0.02266250 -0.01998304 0.00928447
v -0.02259914 -0.01996289 0.00803836
v -0.02286258 -0.01951097 0.00671398
v -0.02480000 -0.01894523 0.00570275
v -0.02287412 -0.01837446 0.00515299
v -0.02291023 -0.01293471 0.00202366
v -0.02315613 -0.00824501 0.01017012
v -0.02480000 -0.01430722 0.01230122
v -0.02480000 -0.01165589 0.00979102
v -0.02480000 -0.01443598 0.00521907
v -0.02480000 -0.01218562 0.00677915
v -0.02480000 -0.01766564 0.00609867
v -0.02480000 -0.01871951 0.00928158
v -0.02480000 -0.01727210 0.01161773
v -0.02505887 -0.00748853 0.03418775
v -0.02199347 -0.00757987 0.03397706
v -0.02195063 -0.00756193 0.03235880
v -0.03030004 -0.00754336 0.03259836
v -0.03029997 -0.00728899 0.03457803
v -0.03030000 -0.00538147 0.03647912
v -0.03029995 -0.00262068 0.03639389
v -0.02506134 -0.00095729 0.03499585
v -0.03029997 -0.00077845 0.03456335
v -0.02216582 -0.00088233 0.03488870
v -0.03030000 -0.00439186 0.02958182
v -0.03030000 -0.00658451 0.03062976
v -0.02215897 -0.00541108 0.02988216
v -0.02215890 -0.00423495 0.02961092
v -0.02215883 -0.00303633 0.02975242
v -0.03030000 -0.00203708 0.03018246
v -0.02215880 -0.00195581 0.03029000
v -0.02216009 -0.00094415 0.03140685
v -0.03030000 -0.00063078 0.03211649
v -0.02216025 -0.00049752 0.03316163
v -0.02215912 -0.00716280 0.03149119
v -0.02195840 -0.00665296 0.03066759
v -0.03030000 -0.00524648 0.03252661
v -0.03030000 -0.00412191 0.03185941
v -0.03030000 -0.00300519 0.03230752
v -0.03030000 -0.00291505 0.03382353
v -0.03030000 -0.00407674 0.03441641
v -0.03030000 -0.00505009 0.03393075
v -0.03029998 0.03132317 0.01653419
v -0.02507536 0.03075294 0.01663874
v -0.03030016 0.02932589 0.01637743
v -0.03029995 0.03316980 0.01564163
v -0.03030000 0.03426251 0.01343401
v -0.03029995 0.03348438 0.01078109
v -0.02505096 0.03332569 0.01060404
v -0.03030000 0.02869570 0.01012398
v -0.02217220 0.02881672 0.01007215
v -0.02218228 0.03024361 0.00957616
v -0.03030000 0.03104822 0.00951433
v -0.02213491 0.03176181 0.00967376
v -0.02202729 0.03313796 0.01039835
v -0.02207773 0.03054057 0.01665773
v -0.02203821 0.02897635 0.01618766
v -0.02216605 0.02767920 0.01489585
v -0.03030000 0.02745996 0.01452303
v -0.02202866 0.02718236 0.01346095
v -0.03030000 0.02728042 0.01209954
v -0.02206794 0.02726679 0.01225056
v -0.02200765 0.02771679 0.01114219
v -0.03030000 0.02934157 0.01302485
v -0.03030000 0.03051920 0.01175423
v -0.03030000 0.03180086 0.01234545
v -0.03030000 0.03190994 0.01353592
v -0.03030000 0.03067362 0.01443500
v -0.03029998 -0.03132317 -0.01653419
v -0.02507536 -0.03075294 -0.01663874
v -0.03030016 -0.02932589 -0.01637743
v -0.03029995 -0.03316980 -0.01564163
v -0.03030000 -0.03426251 -0.01343401
v -0.03029995 -0.03348438 -0.01078109
v -0.02506834 -0.03337803 -0.01064617
v -0.02207824 -0.03054278 -0.01665897
v -0.02215949 -0.02925080 -0.01627017
v -0.02215994 -0.02825521 -0.01558910
v -0.03030000 -0.02745996 -0.01452303
v -0.02216056 -0.02754773 -0.01461216
v -0.02216135 -0.02721127 -0.01345394
v -0.03030000 -0.02728042 -0.01209954
v -0.02216228 -0.02728521 -0.01225019
v -0.02212264 -0.02791320 -0.01088020
v -0.03030000 -0.02869570 -0.01012398
v -0.02212499 -0.02935658 -0.00978359
v -0.03030000 -0.03104822 -0.00951433
v -0.02216723 -0.03084830 -0.00954534
v -0.02211557 -0.03193630 -0.00974954
v -0.02215851 -0.03308992 -0.01041379
v -0.03030000 -0.03190994 -0.01353592
v -0.03030000 -0.03067362 -0.01443500
v -0.03030000 -0.02934157 -0.01302485
v -0.03030000 -0.03051920 -0.01175423
v -0.03030000 -0.03180086 -0.01234545
v -0.02505887 0.00748853 -0.03418775
v -0.02207860 0.00756981 -0.03419752
v -0.02204066 0.00752758 -0.03234429
v -0.03030004 0.00754336 -0.03259836
v -0.03029997 0.00728899 -0.03457803
v -0.03030000 0.00538147 -0.03647912
v -0.03029995 0.00262068 -0.03639389
v -0.02506134 0.00095729 -0.03499585
v -0.03029997 0.00077845 -0.03456335
v -0.02209438 0.00086597 -0.03486355
v -0.03030000 0.00658451 -0.03062976
v -0.02200652 0.00685400 -0.03094505
v -0.02217357 0.00594647 -0.03016676
v -0.03030000 0.00439186 -0.02958182
v -0.02213806 0.00454628 -0.02961730
v -0.02210294 0.00274613 -0.02981949
v -0.03030000 0.00203708 -0.03018246
v -0.02217305 0.00150237 -0.03069035
v -0.03030000 0.00063078 -0.03211649
v -0.02211584 0.00082188 -0.03168297
v -0.02203019 0.00046975 -0.03321914
v -0.03030000 0.00291505 -0.03382353
v -0.03030000 0.00407674 -0.03441641
v -0.03030000 0.00505009 -0.03393075
v -0.03030000 0.00524648 -0.03252661
v -0.03030000 0.00412191 -0.03185941
v -0.03030000 0.00300519 -0.03230752
v -0.03450000 0.02549854 0.04477253
v -0.03450000 0.02577500 0.04464361
v -0.03450000 0.02549854 -0.04148360
v -0.03450000 0.02577500 -0.04161252
v -0.03445960 0.02888418 -0.03801877
v -0.03441311 0.01202546 0.04618294
v -0.03442404 0.02152623 0.04259841
v -0.03441311 0.03003414 0.03708673
v -0.03442404 0.03720469 0.02989672
v -0.03443252 -0.00307332 0.04763369
v -0.03443471 0.00486167 0.04742125
v -0.03450000 -0.02338446 0.04400307
v -0.03450000 -0.02325554 0.04372660
v -0.03450000 -0.02325554 0.04252953
v -0.03450000 -0.02338446 0.04225307
v -0.03446924 -0.01984266 0.04336360
v -0.03450000 -0.02355942 0.04425294
v -0.03450000 -0.02377512 0.04446865
v -0.03450000 -0.02402500 0.04464361
v -0.03450000 -0.02662341 0.04282418
v -0.03450000 -0.02665000 0.04312807
v -0.03450000 -0.02662341 0.04343195
v -0.03450000 -0.02654446 0.04372660
v -0.03450000 -0.02641555 0.04400307
v -0.03441311 -0.01308493 0.04589401
v -0.03450000 -0.02549854 0.04148360
v -0.03450000 -0.02577500 0.04161252
v -0.03444946 -0.03086951 0.03641848
v -0.03450000 -0.02549853 0.04477252
v -0.03450000 -0.02520388 0.04485148
v -0.03450000 -0.02654446 0.04252953
v -0.03445670 -0.03786961 0.02907706
v -0.03450000 -0.02641555 0.04225307
v -0.03450000 -0.02624058 0.04200319
v -0.03450000 -0.02624058 0.04425294
v -0.03450000 -0.02602488 0.04446865
v -0.03450000 -0.02577500 0.04464361
v -0.03450000 -0.02490000 0.04487807
v -0.03450000 -0.02459612 0.04485148
v -0.03450000 -0.02430146 0.04477253
v -0.03450000 -0.02317659 0.04343195
v -0.03450000 -0.02315000 0.04312807
v -0.03450000 -0.02317659 0.04282418
v -0.03450000 -0.02355942 0.04200319
v -0.03450000 -0.02377512 0.04178749
v -0.03446099 -0.02434871 0.04099831
v -0.03450000 -0.02402500 0.04161252
v -0.03450000 -0.02430146 0.04148360
v -0.03450000 -0.02602488 0.04178749
v -0.03450000 -0.02459612 0.04140465
v -0.03450000 -0.02490000 0.04137807
v -0.03450000 -0.02520389 0.04140465
v -0.03443252 -0.04315739 0.02039248
v -0.03447218 -0.04570093 0.01362737
v -0.03450000 -0.05144446 -0.00059854
v -0.03450000 -0.05152341 -0.00030388
v -0.03450000 -0.04867512 0.00134058
v -0.03450000 -0.04845942 0.00112488
v -0.03445960 -0.04738932 0.00582883
v -0.03450000 -0.04828446 0.00087500
v -0.03450000 -0.04815554 0.00059854
v -0.03450000 -0.04807658 0.00030388
v -0.03450000 -0.04805000 -0.00000000
v -0.03444946 -0.04754475 -0.00432771
v -0.03450000 -0.04807659 -0.00030388
v -0.03450000 -0.04815554 -0.00059853
v -0.03450000 -0.04828446 -0.00087500
v -0.03450000 -0.05092488 0.00134058
v -0.03450000 -0.05114058 0.00112488
v -0.03450000 -0.05131555 0.00087500
v -0.03450000 -0.05131555 -0.00087500
v -0.03450000 -0.05155000 0.00000000
v -0.03450000 -0.05152341 0.00030388
v -0.03450000 -0.05144446 0.00059854
v -0.03450000 -0.05067500 0.00151554
v -0.03450000 -0.05039853 0.00164446
v -0.03450000 -0.05010388 0.00172341
v -0.03450000 -0.04980000 0.00175000
v -0.03450000 -0.04949612 0.00172341
v -0.03450000 -0.04920146 0.00164446
v -0.03450000 -0.04892500 0.00151554
v -0.03450000 -0.04845942 -0.00112488
v -0.03450000 -0.04867512 -0.00134058
v -0.03446560 -0.04628609 -0.01146949
v -0.03450000 -0.04892500 -0.00151554
v -0.03450000 -0.05039854 -0.00164446
v -0.03450000 -0.05067500 -0.00151554
v -0.03450000 -0.05092488 -0.00134058
v -0.03450000 -0.05114058 -0.00112488
v -0.03450000 -0.04920146 -0.00164446
v -0.03450000 -0.04949612 -0.00172341
v -0.03450000 -0.04980000 -0.00175000
v -0.03450000 -0.05010388 -0.00172341
v -0.03442404 -0.02376284 -0.04139240
v -0.03441311 -0.03196536 -0.03543573
v -0.03443252 -0.00454256 -0.04751609
v -0.03441311 -0.01446636 -0.04547747
v -0.03443252 -0.03875052 -0.02787132
v -0.03442404 -0.04375980 -0.01905475
v -0.03445670 0.03626840 -0.03105134
v -0.03450000 0.02654446 -0.04252953
v -0.03450000 0.02662341 -0.04282418
v -0.03450000 0.02665000 -0.04312807
v -0.03450000 0.02662341 -0.04343195
v -0.03450000 0.02654446 -0.04372660
v -0.03450000 0.02641555 -0.04400307
v -0.03450000 0.02325554 -0.04372660
v -0.03450000 0.02317659 -0.04343195
v -0.03450000 0.02315000 -0.04312807
v -0.03450000 0.02317659 -0.04282418
v -0.03450000 0.02325554 -0.04252953
v -0.03450000 0.02338446 -0.04225307
v -0.03450000 0.02602488 -0.04178749
v -0.03450000 0.02624058 -0.04200319
v -0.03450000 0.02641555 -0.04225307
v -0.03450000 0.02402500 -0.04464361
v -0.03450000 0.02377512 -0.04446865
v -0.03443252 0.02020863 -0.04324378
v -0.03441311 0.01062385 -0.04652536
v -0.03450000 0.02459612 -0.04140465
v -0.03450000 0.02490000 -0.04137807
v -0.03450000 0.02520389 -0.04140465
v -0.03450000 0.02355942 -0.04425294
v -0.03450000 0.02338446 -0.04400307
v -0.03450000 0.02355942 -0.04200319
v -0.03450000 0.02377512 -0.04178749
v -0.03450000 0.02402500 -0.04161252
v -0.03450000 0.02430146 -0.04148360
v -0.03443471 0.00274321 -0.04759082
v -0.03450000 0.02624058 -0.04425294
v -0.03450000 0.02602488 -0.04446865
v -0.03450000 0.02577500 -0.04464361
v -0.03450000 0.02549853 -0.04477252
v -0.03450000 0.02520388 -0.04485148
v -0.03450000 0.02490000 -0.04487807
v -0.03450000 0.02459612 -0.04485148
v -0.03450000 0.02430146 -0.04477253
v -0.03442404 0.04201032 -0.02265252
v -0.03447461 0.04491076 -0.01604449
v -0.03450000 0.05131555 0.00087500
v -0.03450000 0.05144446 0.00059854
v -0.03450000 0.05152341 0.00030388
v -0.03450000 0.05067500 0.00151554
v -0.03450000 0.05092488 0.00134058
v -0.03450000 0.05155000 -0.00000000
v -0.03450000 0.05152341 -0.00030388
v -0.03450000 0.05144446 -0.00059854
v -0.03450000 0.05131555 -0.00087500
v -0.03450000 0.05114058 -0.00112488
v -0.03450000 0.05092488 -0.00134058
v -0.03450000 0.04867512 0.00134058
v -0.03446924 0.04752356 0.00395534
v -0.03450000 0.04845942 0.00112488
v -0.03450000 0.04828446 0.00087500
v -0.03450000 0.05114058 0.00112488
v -0.03450000 0.04807658 -0.00030388
v -0.03450000 0.04805000 0.00000000
v -0.03446924 0.04767475 -0.00111847
v -0.03450000 0.04807659 0.00030388
v -0.03450000 0.04815554 0.00059853
v -0.03443930 0.04624407 0.01184176
v -0.03450000 0.04920146 0.00164446
v -0.03450000 0.04949612 0.00172341
v -0.03450000 0.04845942 -0.00112488
v -0.03450000 0.04828446 -0.00087500
v -0.03450000 0.04815554 -0.00059854
v -0.03450000 0.04892500 0.00151554
v -0.03450000 0.04867512 -0.00134058
v -0.03443930 0.04700461 -0.00832511
v -0.03450000 0.04892500 -0.00151554
v -0.03450000 0.04980000 0.00175000
v -0.03450000 0.05010388 0.00172341
v -0.03450000 0.05039854 0.00164446
v -0.03450000 0.05067500 -0.00151554
v -0.03450000 0.05039853 -0.00164446
v -0.03450000 0.05010388 -0.00172341
v -0.03450000 0.04980000 -0.00175000
v -0.03450000 0.04949612 -0.00172341
v -0.03450000 0.04920146 -0.00164446
v -0.03443252 0.04269049 0.02135265
v -0.03450000 0.02402500 0.04161252
v -0.03450000 0.02654446 0.04372660
v -0.03450000 0.02662341 0.04343195
v -0.03450000 0.02602488 0.04446864
v -0.03450000 0.02624058 0.04425294
v -0.03450000 0.02641555 0.04400307
v -0.03450000 0.02377512 0.04178749
v -0.03450000 0.02355942 0.04200319
v -0.03450000 0.02338446 0.04225307
v -0.03450000 0.02577500 0.04161252
v -0.03450000 0.02549853 0.04148360
v -0.03450000 0.02520388 0.04140465
v -0.03450000 0.02490000 0.04137807
v -0.03450000 0.02459612 0.04140465
v -0.03450000 0.02430146 0.04148360
v -0.03450000 0.02325554 0.04252953
v -0.03450000 0.02317659 0.04282418
v -0.03450000 0.02315000 0.04312807
v -0.03450000 0.02490000 0.04487807
v -0.03450000 0.02520389 0.04485148
v -0.03450000 0.02402500 0.04464361
v -0.03450000 0.02430147 0.04477253
v -0.03450000 0.02459612 0.04485148
v -0.03450000 0.02665000 0.04312807
v -0.03450000 0.02662341 0.04282418
v -0.03450000 0.02654446 0.04252953
v -0.03450000 0.02641555 0.04225307
v -0.03450000 0.02624058 0.04200318
v -0.03450000 0.02602488 0.04178749
v -0.03450000 0.02317659 0.04343195
v -0.03450000 0.02325554 0.04372660
v -0.03450000 0.02338446 0.04400307
v -0.03450000 0.02355942 0.04425294
v -0.03450000 0.02377512 0.04446865
v -0.03450000 -0.02377512 -0.04178749
v -0.03450000 -0.02355942 -0.04200319
v -0.03450000 -0.02549854 -0.04477253
v -0.03450000 -0.02577500 -0.04464361
v -0.03450000 -0.02402500 -0.04161252
v -0.03450000 -0.02338446 -0.04225307
v -0.03450000 -0.02325554 -0.04252953
v -0.03450000 -0.02317659 -0.04282418
v -0.03450000 -0.02490000 -0.04137807
v -0.03450000 -0.02459612 -0.04140465
v -0.03450000 -0.02430146 -0.04148360
v -0.03450000 -0.02377512 -0.04446865
v -0.03450000 -0.02402500 -0.04464361
v -0.03450000 -0.02430147 -0.04477253
v -0.03450000 -0.02654446 -0.04372660
v -0.03450000 -0.02662341 -0.04343195
v -0.03450000 -0.02315000 -0.04312807
v -0.03450000 -0.02317659 -0.04343195
v -0.03450000 -0.02325554 -0.04372660
v -0.03450000 -0.02459612 -0.04485148
v -0.03450000 -0.02490000 -0.04487807
v -0.03450000 -0.02520389 -0.04485148
v -0.03450000 -0.02602488 -0.04446864
v -0.03450000 -0.02624058 -0.04425294
v -0.03450000 -0.02641555 -0.04400307
v -0.03450000 -0.02577500 -0.04161252
v -0.03450000 -0.02549853 -0.04148360
v -0.03450000 -0.02520388 -0.04140465
v -0.03450000 -0.02355942 -0.04425294
v -0.03450000 -0.02338446 -0.04400307
v -0.03450000 -0.02665000 -0.04312807
v -0.03450000 -0.02662341 -0.04282418
v -0.03450000 -0.02654446 -0.04252953
v -0.03450000 -0.02641555 -0.04225307
v -0.03450000 -0.02624058 -0.04200318
v -0.03450000 -0.02602488 -0.04178749
v -0.02648872 -0.01193424 -0.03606616
v -0.02470627 -0.00954293 0.03699979
v -0.02638461 -0.01073302 0.03635398
v -0.02640943 0.03681305 0.00913662
v -0.02649734 0.02229935 0.03077042
v -0.03220331 -0.04191126 0.02539480
v -0.03253187 -0.04259012 0.02422796
v -0.03193057 -0.04300123 0.02352382
v -0.03039669 -0.04294818 0.02359881
v -0.03006814 -0.04227708 0.02477019
v -0.03066940 -0.04187285 0.02547822
v -0.03130000 -0.04178479 0.02412446
v -0.03219969 0.00103432 0.04899130
v -0.03253187 -0.00031303 0.04899811
v -0.03193057 -0.00112839 0.04900207
v -0.03050638 -0.00108936 0.04899533
v -0.03003225 0.00020474 0.04899717
v -0.03066882 0.00112792 0.04900202
v -0.03130000 -0.00000000 0.04824892
v -0.03256866 0.04249043 0.02440369
v -0.03197556 0.04299859 0.02351443
v -0.03213678 0.04191801 0.02539882
v -0.03051011 0.04188564 0.02543923
v -0.03003225 0.04253516 0.02432127
v -0.03066940 0.04300122 0.02352384
v -0.03130000 0.04178479 0.02412446
v -0.03220331 0.04191126 -0.02539480
v -0.03253187 0.04259012 -0.02422796
v -0.03193057 0.04300123 -0.02352382
v -0.03039669 0.04294818 -0.02359881
v -0.03006814 0.04227708 -0.02477019
v -0.03066940 0.04187285 -0.02547822
v -0.03130000 0.04178479 -0.02412446
v -0.03219969 -0.00103432 -0.04899130
v -0.03253187 0.00031303 -0.04899811
v -0.03193057 0.00112839 -0.04900207
v -0.03050638 0.00108936 -0.04899533
v -0.03003225 -0.00020474 -0.04899717
v -0.03066882 -0.00112792 -0.04900202
v -0.03130000 0.00000000 -0.04824892
v -0.03197556 -0.04299859 -0.02351443
v -0.03256866 -0.04249043 -0.02440369
v -0.03213678 -0.04191801 -0.02539882
v -0.03051011 -0.04188564 -0.02543923
v -0.03003225 -0.04253516 -0.02432127
v -0.03066940 -0.04300122 -0.02352384
v -0.03130000 -0.04178479 -0.02412446
v -0.02884660 0.02729877 0.04339048
v -0.02884749 0.03321994 0.03904241
v -0.02885118 0.03855881 0.03378990
v -0.02883199 0.04304776 0.02782393
v -0.02884706 0.04560736 0.02335226
v -0.02884640 0.04807807 0.01778566
v -0.02885282 0.05016663 0.01058074
v -0.02884837 0.05098936 0.00499403
v -0.02884609 0.05125777 -0.00070552
v -0.02883275 0.05063056 -0.00798342
v -0.02884656 0.04955108 -0.01304116
v -0.02885288 0.04761786 -0.01900751
v -0.02884692 0.04435327 -0.02570342
v -0.02883220 0.04024078 -0.03174727
v -0.02884665 0.03682733 -0.03562463
v -0.02884847 0.03236027 -0.03975860
v -0.02885024 0.02623299 -0.04404920
v -0.02883199 0.01954709 -0.04738311
v -0.02884685 0.01467935 -0.04909047
v -0.02884708 0.00875909 -0.05050873
v -0.02885171 0.00130244 -0.05125301
v -0.02883203 -0.00615267 -0.05088656
v -0.02884719 -0.01122354 -0.04999395
v -0.02884614 -0.01708446 -0.04833163
v -0.02885542 -0.02399907 -0.04531135
v -0.02884840 -0.02878312 -0.04238404
v -0.02884632 -0.03333108 -0.03894738
v -0.02883252 -0.03852504 -0.03380850
v -0.02884658 -0.04172079 -0.02974477
v -0.02885233 -0.04507295 -0.02443654
v -0.02884730 -0.04812870 -0.01765001
v -0.02883210 -0.05014403 -0.01062056
v -0.02884670 -0.05094021 -0.00551880
v -0.02884796 -0.05126000 0.00055939
v -0.02885069 -0.05063814 0.00801843
v -0.02883198 -0.04892398 0.01528750
v -0.02884695 -0.04712327 0.02011852
v -0.02884672 -0.04442576 0.02557718
v -0.02885226 -0.04022581 0.03178815
v -0.02883208 -0.03517602 0.03728223
v -0.02884735 -0.03124919 0.04060612
v -0.02883303 -0.02625263 0.04402257
v -0.02884654 -0.02167302 0.04642917
v -0.02885336 -0.01585632 0.04875803
v -0.02884660 -0.00861520 0.05053360
v -0.02883234 -0.00134093 0.05123867
v -0.02884661 0.00382495 0.05109540
v -0.02884903 0.00986017 0.05030656
v -0.02884588 0.01529939 0.04889255
v -0.02885362 0.02068814 0.04691117
v -0.02655187 0.02280062 0.04588656
v -0.02655251 0.01720172 0.04829052
v -0.02654883 0.00998355 0.05028785
v -0.02656801 0.00257237 0.05119241
v -0.02655295 -0.00258000 0.05117326
v -0.02655360 -0.00863624 0.05052965
v -0.02654718 -0.01592011 0.04873594
v -0.02655164 -0.02116975 0.04665508
v -0.02655392 -0.02623989 0.04403777
v -0.02656726 -0.03222913 0.03985564
v -0.02655345 -0.03606948 0.03639195
v -0.02654712 -0.04026994 0.03173450
v -0.02655308 -0.04443645 0.02555934
v -0.02655462 -0.04763408 0.01894318
v -0.02655574 -0.04988696 0.01180902
v -0.02654888 -0.05078239 0.00687098
v -0.02654977 -0.05126422 0.00069382
v -0.02656801 -0.05080852 -0.00676326
v -0.02655316 -0.04985327 -0.01183253
v -0.02655292 -0.04812139 -0.01766878
v -0.02654829 -0.04503762 -0.02449858
v -0.02655463 -0.04097761 -0.03080214
v -0.02654678 -0.03601573 -0.03648895
v -0.02655035 -0.03181003 -0.04016288
v -0.02654458 -0.02724125 -0.04343947
v -0.02655160 -0.02231406 -0.04611894
v -0.02655368 -0.01706385 -0.04833927
v -0.02655405 -0.01112309 -0.05001780
v -0.02656946 -0.00613611 -0.05088872
v -0.02654767 0.00137383 -0.05125258
v -0.02655271 0.00877901 -0.05050568
v -0.02655467 0.01591136 -0.04873078
v -0.02655255 0.02120001 -0.04663846
v -0.02655204 0.02611445 -0.04411276
v -0.02655983 0.03222664 -0.03986805
v -0.02654984 0.03603230 -0.03643692
v -0.02655448 0.04023770 -0.03176164
v -0.02655328 0.04436336 -0.02568525
v -0.02654774 0.04764227 -0.01894246
v -0.02656792 0.04987536 -0.01182222
v -0.02655265 0.05079052 -0.00675954
v -0.02656697 0.05125098 -0.00072417
v -0.02655347 0.05104536 0.00444514
v -0.02654699 0.05049874 0.00864766
v -0.02655437 0.04927325 0.01414706
v -0.02654664 0.04666318 0.02124036
v -0.02655459 0.04305715 0.02782118
v -0.02655097 0.03863669 0.03369242
v -0.02655017 0.03332967 0.03895669
v -0.02656797 0.02730451 0.04337853
v -0.03322000 0.02380000 0.04122281
v -0.03322000 0.01520758 0.04528689
v -0.03322000 0.00256307 0.04759237
v -0.03322000 -0.00755504 0.04705873
v -0.03322000 -0.01954450 0.04359112
v -0.03322000 -0.03224646 0.03524683
v -0.03322000 -0.04168491 0.02333541
v -0.03322000 -0.04629336 0.01133699
v -0.03322000 -0.04764373 0.00129527
v -0.03322000 -0.04645768 -0.01112912
v -0.03322000 -0.04170520 -0.02307117
v -0.03322000 -0.03437595 -0.03317329
v -0.03322000 -0.02221744 -0.04229135
v -0.03322000 -0.01010067 -0.04657874
v -0.03322000 -0.00002649 -0.04766133
v -0.03322000 0.01236191 -0.04614495
v -0.03322000 0.02417323 -0.04107624
v -0.03322000 0.03407666 -0.03348065
v -0.03322000 0.04167955 -0.02311747
v -0.03322000 0.04562436 -0.01378481
v -0.03322000 0.04750727 -0.00382911
v -0.03322000 0.04698415 0.00864077
v -0.03322000 0.04189278 0.02296015
v -0.03322000 0.03256166 0.03495585
v -0.03321977 0.04075737 0.01969459
v -0.03321980 -0.01296976 0.04336844
v -0.03321982 -0.02200811 0.03955594
v -0.03321986 -0.03001329 0.03388544
v -0.03322000 -0.04396674 -0.01076366
v -0.01955122 -0.01834639 0.00515379
v -0.01956156 -0.01949364 0.00672117
v -0.01956156 -0.01992591 0.00832728
v -0.01988568 -0.02000924 0.00928125
v -0.01956156 -0.01949816 0.01076915
v -0.01986815 -0.01858662 0.01220900
v -0.01970865 -0.01684835 0.01329275
v -0.01956156 -0.01474336 0.01352140
v -0.01979801 -0.01320945 0.01318297
v -0.01980000 -0.01414726 0.01216872
v -0.01980000 -0.01629053 0.01209644
v -0.01980000 -0.01802317 0.01086666
v -0.01980000 -0.01868829 0.00882792
v -0.01980000 -0.01780678 0.00623981
v -0.01980000 -0.01462387 0.00518594
v -0.01980000 -0.01228772 0.00663334
v -0.01980000 -0.01162260 0.00867209
v -0.01980000 -0.01218562 0.01072085
v -0.01980000 -0.01753156 0.00699620
v -0.01980000 -0.01609595 0.00597724
v -0.01980000 -0.01380247 0.00604420
v -0.01980000 -0.01213567 0.00856881
v -0.01980000 -0.01348864 0.01127461
v -0.01980000 -0.01599080 0.01158265
v -0.01980000 -0.01761616 0.01038298
v -0.01980000 -0.01808266 0.00868544
v -0.02499126 -0.00809200 0.03499773
v -0.02215011 -0.00797556 0.03483195
v -0.02215008 -0.00049590 0.03592209
v -0.02202174 -0.03460774 -0.01024048
v -0.02215007 -0.03387434 -0.01055864
v -0.02215011 -0.03125837 -0.01731441
v -0.02499762 -0.03117520 -0.01712891
v -0.02215008 0.00049590 -0.03592209
v -0.02215010 0.00839873 -0.03513444
v -0.02499126 0.00809200 -0.03499773
v -0.02202174 0.03460774 0.01024048
v -0.02215007 0.03387434 0.01055864
v -0.02215011 0.03125837 0.01731441
v -0.02499762 0.03117520 0.01712891
v -0.02204892 0.00404267 -0.03312990
v -0.02279757 0.00440924 -0.03187905
v -0.02279604 0.00304973 -0.03225568
v -0.02279908 0.00280647 -0.03343320
v -0.02279757 0.00346445 -0.03429809
v -0.02279852 0.00466077 -0.03425843
v -0.02279370 0.00538491 -0.03304502
v -0.02204892 -0.03071267 -0.01306390
v -0.02279026 -0.03067931 -0.01169524
v -0.02279852 -0.03191157 -0.01259671
v -0.02279370 -0.03168632 -0.01399169
v -0.02279370 -0.02996804 -0.01418388
v -0.02279757 -0.02944611 -0.01275594
v -0.02279370 0.03168632 0.01399169
v -0.02279370 0.02996804 0.01418388
v -0.02204892 0.03071267 0.01306390
v -0.02279757 0.02944611 0.01275594
v -0.02279026 0.03067931 0.01169524
v -0.02279852 0.03191157 0.01259671
v -0.02279757 -0.00346445 0.03429809
v -0.02279852 -0.00466077 0.03425843
v -0.02204892 -0.00404267 0.03312990
v -0.02279370 -0.00538491 0.03304502
v -0.02279757 -0.00440924 0.03187905
v -0.02279604 -0.00304973 0.03225568
v -0.02279908 -0.00280647 0.03343320
v -0.02215285 -0.01316661 0.00157701
v -0.02207449 -0.01876798 0.00477061
v -0.02195242 -0.01603995 0.01421613
v -0.02205621 -0.02015625 0.00670541
v -0.02223348 -0.01394883 0.01388324
v -0.02230484 -0.00809987 0.01049282
v -0.02186321 0.00405929 -0.02938224
v -0.02007026 -0.00690773 0.01428845
v -0.02011011 0.00294276 0.01563586
v -0.02011011 0.01574855 -0.00226348
v -0.02007026 0.01463352 -0.00614302
v -0.02011010 0.01131969 -0.01118054
v -0.02016310 0.00831372 -0.01364062
v -0.02007026 -0.00356986 -0.01546391
v -0.02007026 -0.01065496 -0.01176215
v -0.02007026 -0.01555965 -0.00312630
v -0.02009060 -0.01891500 0.00516056
v -0.02011006 -0.02012976 0.00742492
v -0.02012793 -0.01983869 0.01093143
v -0.03250000 0.02477276 0.04422486
v -0.03250000 0.02463422 0.04491010
v -0.03250000 0.02336404 0.04406992
v -0.03250000 0.02379778 0.04319321
v -0.03250000 0.02326968 0.04224644
v -0.03250000 0.02439672 0.04220050
v -0.03250000 0.02485231 0.04132695
v -0.03250000 0.02555859 0.04224183
v -0.03250000 0.02647867 0.04215698
v -0.03250000 0.02590937 0.04352764
v -0.03250000 0.02635246 0.04427940
v -0.03250000 0.04875624 0.00015567
v -0.03250000 0.04822589 -0.00103725
v -0.03250000 0.04919247 -0.00092198
v -0.03250000 0.05038512 -0.00175864
v -0.03250000 0.05035167 -0.00089963
v -0.03250000 0.05089907 0.00032851
v -0.03250000 0.05156547 -0.00035973
v -0.03250000 0.05103047 0.00138605
v -0.03250000 0.04948424 0.00105804
v -0.03250000 0.04938187 0.00173239
v -0.03250000 0.04826405 0.00094187
v -0.03250000 0.02380321 -0.04325530
v -0.03250000 0.02304729 -0.04307641
v -0.03250000 0.02384168 -0.04456193
v -0.03250000 0.02493203 -0.04425237
v -0.03250000 0.02548513 -0.04488671
v -0.03250000 0.02600222 -0.04319322
v -0.03250000 0.02660936 -0.04363215
v -0.03250000 0.02642347 -0.04212223
v -0.03250000 0.02532524 -0.04214701
v -0.03250000 0.02446368 -0.04129413
v -0.03250000 0.02434835 -0.04222842
v -0.03250000 -0.02555859 -0.04224183
v -0.03250000 -0.02485231 -0.04132695
v -0.03250000 -0.02647867 -0.04215698
v -0.03250000 -0.02590937 -0.04352764
v -0.03250000 -0.02635246 -0.04427940
v -0.03250000 -0.02477276 -0.04422486
v -0.03250000 -0.02463422 -0.04491010
v -0.03250000 -0.02336404 -0.04406992
v -0.03250000 -0.02379778 -0.04319321
v -0.03250000 -0.02326968 -0.04224644
v -0.03250000 -0.02439672 -0.04220050
v -0.03250000 -0.05089907 -0.00032851
v -0.03250000 -0.05156547 0.00035973
v -0.03250000 -0.05103047 -0.00138605
v -0.03250000 -0.04948424 -0.00105804
v -0.03250000 -0.04938187 -0.00173239
v -0.03250000 -0.04826405 -0.00094187
v -0.03250000 -0.04875624 -0.00015567
v -0.03250000 -0.04822589 0.00103725
v -0.03250000 -0.04919247 0.00092198
v -0.03250000 -0.05038512 0.00175864
v -0.03250000 -0.05035167 0.00089963
v -0.03250000 -0.02493203 0.04425237
v -0.03250000 -0.02548513 0.04488671
v -0.03250000 -0.02600222 0.04319322
v -0.03250000 -0.02660936 0.04363215
v -0.03250000 -0.02642347 0.04212223
v -0.03250000 -0.02532524 0.04214701
v -0.03250000 -0.02446368 0.04129413
v -0.03250000 -0.02434835 0.04222842
v -0.03250000 -0.02380321 0.04325530
v -0.03250000 -0.02304729 0.04307641
v -0.03250000 -0.02384168 0.04456193
v -0.02838412 0.02490000 0.04312807
v -0.02899201 0.02588562 0.04366552
v -0.02899484 0.02445816 0.04413852
v -0.02899801 0.02383335 0.04305972
v -0.02899879 0.02435201 0.04222643
v -0.02899483 0.02551059 0.04220968
v -0.02899484 0.05045416 0.00088788
v -0.02899879 0.04929316 0.00092539
v -0.02838412 0.04980000 0.00000000
v -0.02899201 0.04869000 -0.00016794
v -0.02899801 0.04968208 -0.00106231
v -0.02899484 0.05078798 -0.00049005
v -0.02899801 0.02537415 -0.04217016
v -0.02899879 0.02439317 -0.04220266
v -0.02838412 0.02490000 -0.04312807
v -0.02899801 0.02383769 -0.04301015
v -0.02899878 0.02420376 -0.04392084
v -0.02899801 0.02515253 -0.04416664
v -0.02899484 0.02599601 -0.04325065
v -0.02899879 -0.02435201 -0.04222643
v -0.02899483 -0.02551059 -0.04220968
v -0.02838412 -0.02490000 -0.04312807
v -0.02899201 -0.02588562 -0.04366552
v -0.02899484 -0.02445816 -0.04413852
v -0.02899801 -0.02383335 -0.04305972
v -0.02899801 -0.04968208 0.00106231
v -0.02899484 -0.05078798 0.00049005
v -0.02838412 -0.04980000 -0.00000000
v -0.02899484 -0.05045416 -0.00088788
v -0.02899879 -0.04929316 -0.00092539
v -0.02899201 -0.04869000 0.00016794
v -0.02838412 -0.02490000 0.04312807
v -0.02899878 -0.02420376 0.04392084
v -0.02899801 -0.02515253 0.04416664
v -0.02899484 -0.02599601 0.04325065
v -0.02899801 -0.02537415 0.04217016
v -0.02899879 -0.02439317 0.04220266
v -0.02899801 -0.02383769 0.04301015
v 0.02850000 -0.03962268 -0.00585766
v 0.02590000 -0.04000185 0.00202982
v 0.02850000 -0.03995555 0.00279697
v 0.02590000 -0.03863028 0.01058160
v 0.02850000 -0.03842014 0.01132085
v 0.02590000 -0.03545240 0.01863857
v 0.02850000 -0.03398751 0.02137383
v 0.02590000 -0.03061678 0.02582405
v 0.02850000 -0.02708406 0.02950800
v 0.02590000 -0.02434959 0.03180199
v 0.02850000 -0.01810306 0.03583673
v 0.02590000 -0.01694382 0.03629291
v 0.02590000 -0.00874576 0.03908683
v 0.02850000 -0.00799419 0.03924744
v 0.02590000 -0.00013876 0.04005308
v 0.02850000 0.00062976 0.04004837
v 0.02590000 0.00847471 0.03914649
v 0.02850000 0.00922426 0.03897668
v 0.02590000 0.01854101 0.03561211
v 0.02850000 0.01950248 0.03509481
v 0.02590000 0.02744374 0.02917379
v 0.02850000 0.02799844 0.02864185
v 0.02590000 0.03424696 0.02095563
v 0.02850000 0.03350102 0.02195338
v 0.02850000 0.03743710 0.01423840
v 0.02590000 0.03914540 0.00892356
v 0.02850000 0.03962268 0.00585766
v 0.02590000 0.04000185 -0.00202982
v 0.02850000 0.03995555 -0.00279697
v 0.02590000 0.03863028 -0.01058160
v 0.02850000 0.03842014 -0.01132085
v 0.02590000 0.03545240 -0.01863857
v 0.02850000 0.03398751 -0.02137383
v 0.02590000 0.03061678 -0.02582405
v 0.02850000 0.02708406 -0.02950800
v 0.02590000 0.02434959 -0.03180199
v 0.02850000 0.01810306 -0.03583673
v 0.02590000 0.01694382 -0.03629291
v 0.02590000 0.00874576 -0.03908683
v 0.02850000 0.00799419 -0.03924744
v 0.02590000 0.00013876 -0.04005308
v 0.02850000 -0.00062976 -0.04004837
v 0.02590000 -0.00847471 -0.03914649
v 0.02850000 -0.00922426 -0.03897668
v 0.02590000 -0.01854101 -0.03561211
v 0.02850000 -0.01950248 -0.03509481
v 0.02590000 -0.02744374 -0.02917379
v 0.02850000 -0.02799844 -0.02864185
v 0.02590000 -0.03424696 -0.02095563
v 0.02850000 -0.03350102 -0.02195338
v 0.02850000 -0.03743710 -0.01423840
v 0.02590000 -0.03914540 -0.00892356
v 0.03350000 -0.04501532 -0.00187291
v 0.02850000 -0.04497368 -0.00269354
v 0.02850000 -0.04430624 0.00869956
v 0.03350000 -0.04406662 0.00984168
v 0.02850000 -0.04046660 0.01980759
v 0.03350000 -0.04009864 0.02054228
v 0.02850000 -0.03555929 0.02766628
v 0.03350000 -0.03350301 0.03027001
v 0.02850000 -0.02914823 0.03435502
v 0.03350000 -0.02271060 0.03902505
v 0.02850000 -0.02150449 0.03959095
v 0.02850000 -0.01295136 0.04315262
v 0.03350000 -0.01216224 0.04338164
v 0.02850000 -0.00385058 0.04488941
v 0.03350000 -0.00303130 0.04495217
v 0.02850000 0.00541307 0.04472790
v 0.03350000 0.00622787 0.04462174
v 0.02850000 0.01650189 0.04202872
v 0.03350000 0.01522365 0.04240433
v 0.03350000 0.02357561 0.03839371
v 0.02850000 0.02674155 0.03625984
v 0.03350000 0.03093065 0.03275945
v 0.02850000 0.03359314 0.03002311
v 0.03350000 0.03842735 0.02370790
v 0.02850000 0.04014044 0.02067536
v 0.03350000 0.04381718 0.01089866
v 0.02850000 0.04402344 0.00958242
v 0.02850000 0.04511724 -0.00177765
v 0.03350000 0.04505624 -0.00294302
v 0.02850000 0.04303276 -0.01334422
v 0.03350000 0.04278224 -0.01412678
v 0.02850000 0.03838930 -0.02376945
v 0.03350000 0.03776219 -0.02475363
v 0.02850000 0.03087811 -0.03280898
v 0.03350000 0.02844568 -0.03506521
v 0.02850000 0.02351406 -0.03843144
v 0.03350000 0.01869340 -0.04099321
v 0.02850000 0.01515569 -0.04242866
v 0.03350000 0.00991292 -0.04395020
v 0.02850000 0.00615630 -0.04463167
v 0.03350000 -0.00178191 -0.04511708
v 0.02850000 -0.00310332 -0.04494726
v 0.02850000 -0.01223176 -0.04336208
v 0.03350000 -0.01302052 -0.04313180
v 0.02850000 -0.02084296 -0.03994318
v 0.03350000 -0.02156793 -0.03955643
v 0.02850000 -0.02857273 -0.03483512
v 0.03350000 -0.02920326 -0.03430825
v 0.02850000 -0.03509416 -0.02825397
v 0.03350000 -0.03560359 -0.02760926
v 0.02850000 -0.04013151 -0.02047800
v 0.03350000 -0.04049829 -0.01974271
v 0.02850000 -0.04347178 -0.01183600
v 0.03350000 -0.04368040 -0.01104125
v 0.03939947 0.02302011 0.02825967
v 0.03940069 0.02051554 0.03096877
v 0.03950018 0.02807620 0.02371002
v 0.03949893 0.03267166 0.01683079
v 0.03940018 0.03580201 0.00954567
v 0.03939778 0.03611685 0.00542845
v 0.03940018 0.03702849 0.00133963
v 0.03939983 0.03616636 -0.00461451
v 0.03940062 0.03600684 -0.00913597
v 0.03939983 0.03417329 -0.01270756
v 0.03940062 0.03096884 -0.02051559
v 0.03939983 0.03039425 -0.02013653
v 0.03950221 0.02401897 -0.02780645
v 0.03939985 -0.00580336 -0.03599370
v 0.03950538 0.00137501 -0.03670846
v 0.03940062 -0.00913597 -0.03600684
v 0.03939985 -0.01382601 -0.03373494
v 0.03940062 -0.02051559 -0.03096884
v 0.03939985 -0.02112596 -0.02971322
v 0.03950784 -0.02787625 -0.02391285
v 0.03939983 -0.03578062 0.00698397
v 0.03950458 -0.03671155 -0.00142878
v 0.03940062 -0.03600684 0.00913597
v 0.03939980 -0.03325893 0.01492744
v 0.03940062 -0.03096884 0.02051559
v 0.03939977 -0.02899942 0.02209010
v 0.03950691 -0.02384981 0.02793310
v 0.03939952 0.00815090 0.03552779
v 0.03950460 -0.00116668 0.03671727
v 0.03940062 0.00913597 0.03600684
v 0.03939946 0.01600379 0.03274867
v 0.03732306 0.01960586 0.02695482
v 0.03733431 0.01878046 0.02685401
v 0.03740042 0.01593423 0.03166793
v 0.03738476 -0.02064446 -0.02697346
v 0.03733082 -0.01878240 -0.02684805
v 0.03739998 -0.01971894 -0.02946870
v 0.03733354 -0.03226360 -0.00454112
v 0.03740001 -0.03402874 -0.00996021
v 0.03739997 -0.03543874 -0.00158141
v 0.03732742 -0.03253805 -0.00088608
v 0.03733741 -0.03249195 0.00178150
v 0.03733961 -0.03148998 -0.00824809
v 0.03732704 -0.02847871 -0.01083590
v 0.03733617 -0.02949418 -0.00918301
v 0.03733677 -0.02529358 -0.00880291
v 0.03733655 -0.02706363 -0.00766012
v 0.03737997 -0.03044729 -0.00927753
v 0.03740000 -0.03082519 -0.01752133
v 0.03737441 -0.03004646 -0.01259421
v 0.03733994 -0.02986049 -0.01345640
v 0.03733219 -0.02796020 -0.01711706
v 0.03739999 -0.02596844 -0.02414242
v 0.03731231 -0.02494092 -0.02126223
v 0.03733367 -0.02247481 -0.02385051
v 0.03733286 -0.02218400 -0.02534443
v 0.03739997 -0.01241200 -0.03321452
v 0.03738505 -0.01403923 -0.02979807
v 0.03732997 -0.00721357 -0.03195002
v 0.03739999 -0.00443960 -0.03517915
v 0.03737683 0.00856668 -0.03144782
v 0.03739997 0.01177901 -0.03344502
v 0.03733670 0.00561830 -0.03207514
v 0.03739996 0.00377084 -0.03525734
v 0.03733822 -0.00178219 -0.03249232
v 0.03732708 0.00216066 -0.03250186
v 0.03739998 0.01915549 -0.02983948
v 0.03734018 0.00917523 -0.03044011
v 0.03733537 0.00762840 -0.02701291
v 0.03733677 0.00880291 -0.02529358
v 0.03733617 0.00918301 -0.02949418
v 0.03732704 0.01083590 -0.02847871
v 0.03737547 0.01259404 -0.03004822
v 0.03732851 0.01346167 -0.02985123
v 0.03733219 0.01711706 -0.02796020
v 0.03733259 0.02385002 -0.02247412
v 0.03731485 0.02555609 -0.02207292
v 0.03739998 0.02550488 -0.02463409
v 0.03731541 0.02126087 -0.02494416
v 0.03733118 0.02655292 -0.02107256
v 0.03739998 0.03048682 -0.01810799
v 0.03739336 0.02711401 -0.01948305
v 0.03733049 0.02358309 -0.00076910
v 0.03734829 0.02695346 -0.00167134
v 0.03739205 0.02220162 -0.00235969
v 0.03739999 0.03383424 -0.01061107
v 0.03733020 0.03195038 -0.00721226
v 0.03738072 0.03201000 -0.00650870
v 0.03732463 0.03068271 -0.00297795
v 0.03734228 0.02907059 -0.00437671
v 0.03734621 0.03208444 -0.00250136
v 0.03737807 0.03176917 -0.00585901
v 0.03732747 0.02362549 -0.00275261
v 0.03738450 0.02979905 -0.01403431
v 0.03739998 0.03536772 -0.00254529
v 0.03732440 0.03250021 -0.00168221
v 0.03733354 0.03226360 0.00454112
v 0.03739977 0.03495168 0.00599473
v 0.03732742 0.03253805 0.00088608
v 0.03737725 0.03144841 0.00856688
v 0.03740030 0.03254167 0.01405871
v 0.03733219 0.02796020 0.01711706
v 0.03731275 0.02491874 0.02129013
v 0.03740067 0.02843188 0.02117281
v 0.03736649 0.02246188 0.02443397
v 0.03740041 0.02279510 0.02714944
v 0.03732974 0.02213485 0.02542315
v 0.03731904 0.02138542 0.02633362
v 0.03733049 0.00076910 0.02358309
v 0.03734829 0.00167134 0.02695346
v 0.03739205 0.00235969 0.02220162
v 0.03740025 0.00821786 0.03448582
v 0.03734621 0.00250136 0.03208444
v 0.03740038 0.00006043 0.03545204
v 0.03732463 0.00297795 0.03068271
v 0.03734228 0.00437671 0.02907059
v 0.03737807 0.00585901 0.03176917
v 0.03732900 0.00721084 0.03194983
v 0.03738074 0.00650801 0.03200999
v 0.03732747 0.00275261 0.02362549
v 0.03732822 0.01377420 0.02973694
v 0.03733952 0.01677430 0.02814873
v 0.03732596 0.00168218 0.03250112
v 0.03732708 -0.00216066 0.03250186
v 0.03740029 -0.00810003 0.03451498
v 0.03733670 -0.00561830 0.03207514
v 0.03733961 -0.00824809 0.03148998
v 0.03740014 -0.01582552 0.03172522
v 0.03737997 -0.00927753 0.03044729
v 0.03732493 -0.01083833 0.02847979
v 0.03733695 -0.00918333 0.02949381
v 0.03733677 -0.00880291 0.02529358
v 0.03733655 -0.00766012 0.02706363
v 0.03733523 -0.01216200 0.02976921
v 0.03736195 -0.01341991 0.02988763
v 0.03733219 -0.01711706 0.02796020
v 0.03740019 -0.02270149 0.02723270
v 0.03733557 -0.02384480 0.02248569
v 0.03731485 -0.02555609 0.02207292
v 0.03731555 -0.02128991 0.02492093
v 0.03740019 -0.02814934 0.02153872
v 0.03733881 -0.02644437 0.02122536
v 0.03732911 -0.02686187 0.02030392
v 0.03740000 -0.03477501 0.00691913
v 0.03739999 -0.03225112 0.01473325
v 0.03732997 -0.03195002 0.00721357
v 0.03738495 -0.02981338 0.01400119
v 0.03733509 -0.02685461 0.01878056
v 0.03737839 -0.03183298 0.00284222
v 0.03734228 -0.02907059 0.00437671
v 0.03739331 -0.03068384 0.00309302
v 0.03738857 -0.03196577 0.00600457
v 0.03732747 -0.02362549 0.00275261
v 0.03734199 0.01474083 -0.00157259
v 0.03733565 0.01411192 -0.00062480
v 0.03740000 0.01596450 0.00078422
v 0.03733585 0.01398581 0.00147239
v 0.03740000 0.02088232 0.00095693
v 0.03740000 0.02067938 0.00343757
v 0.03736372 0.02094948 0.00678300
v 0.03740000 0.01599061 0.00304666
v 0.03739195 0.01389597 0.00393937
v 0.03732995 0.01830808 -0.00195517
v 0.03733839 0.01558844 -0.00193227
v 0.03740000 0.01768085 -0.00069005
v 0.03737746 0.01405131 0.00442316
v 0.03740000 0.01796565 0.00456413
v 0.03733647 0.01757886 0.00564386
v 0.03740000 0.01970426 -0.00041875
v 0.03739223 -0.00235972 -0.02220331
v 0.03740000 0.00095693 -0.02088232
v 0.03740000 0.00343757 -0.02067938
v 0.03736312 0.00678513 -0.02095372
v 0.03733924 -0.00133860 -0.01452704
v 0.03733693 -0.00062987 -0.01411463
v 0.03740000 0.00078422 -0.01596450
v 0.03739195 0.00393937 -0.01389597
v 0.03740000 0.00304666 -0.01599061
v 0.03733674 0.00147334 -0.01398619
v 0.03740000 -0.00069005 -0.01768085
v 0.03740000 -0.00041875 -0.01970426
v 0.03737514 -0.00181273 -0.01552179
v 0.03733647 0.00564386 -0.01757886
v 0.03740000 0.00456413 -0.01796565
v 0.03737746 0.00442316 -0.01405131
v 0.03737800 -0.00284174 -0.03183273
v 0.03738857 -0.00600437 -0.03196558
v 0.03734228 -0.00437671 -0.02907059
v 0.03739331 -0.00309302 -0.03068384
v 0.03732747 -0.00275261 -0.02362549
v 0.03733693 -0.01411463 0.00062987
v 0.03733674 -0.01398619 -0.00147334
v 0.03740000 -0.01596450 -0.00078422
v 0.03740000 -0.01599061 -0.00304666
v 0.03739195 -0.01389597 -0.00393937
v 0.03737746 -0.01405131 -0.00442316
v 0.03737514 -0.01552179 0.00181273
v 0.03733924 -0.01452704 0.00133860
v 0.03733647 -0.01757886 -0.00564386
v 0.03736312 -0.02095372 -0.00678513
v 0.03740000 -0.01796565 -0.00456413
v 0.03733741 -0.02297120 -0.00558706
v 0.03740000 -0.02067938 -0.00343757
v 0.03740000 -0.01768085 0.00069005
v 0.03740000 -0.01970426 0.00041875
v 0.03739223 -0.02220331 0.00235972
v 0.03740000 -0.02088232 -0.00095693
v 0.03733924 0.00133860 0.01452704
v 0.03733693 0.00062987 0.01411463
v 0.03740000 -0.00078422 0.01596450
v 0.03733674 -0.00147334 0.01398619
v 0.03740000 -0.00304666 0.01599061
v 0.03739195 -0.00393937 0.01389597
v 0.03740000 -0.00095693 0.02088232
v 0.03740000 -0.00343757 0.02067938
v 0.03736372 -0.00678300 0.02094948
v 0.03737514 0.00181273 0.01552179
v 0.03733647 -0.00564386 0.01757886
v 0.03740000 -0.00456413 0.01796565
v 0.03737746 -0.00442316 0.01405131
v 0.03740000 0.00069005 0.01768085
v 0.03740000 0.00041875 0.01970426
v 0.03733864 0.03044081 0.00917393
v 0.03736195 0.02988763 0.01341991
v 0.03733655 0.02706363 0.00766012
v 0.03737862 0.02283369 0.00560280
v 0.03733677 0.02529358 0.00880291
v 0.03733695 0.02949381 0.00918333
v 0.03732493 0.02847979 0.01083833
v 0.03733523 0.02976921 0.01216200
v 0.03738380 -0.02225612 -0.00443689
v 0.03737881 -0.02271285 -0.00031966
v 0.03733049 -0.02358309 0.00076910
v 0.03733272 -0.02295378 -0.00233823
v 0.03733741 -0.00558706 0.02297120
v 0.03738444 -0.00444024 0.02225443
v 0.03737844 -0.00031974 0.02271337
v 0.03733272 -0.00233823 0.02295378
v 0.03733800 0.00558914 -0.02297234
v 0.03738380 0.00443689 -0.02225612
v 0.03737844 0.00031974 -0.02271337
v 0.03733049 -0.00076910 -0.02358309
v 0.03733390 0.00233808 -0.02295310
v 0.03737844 0.02271337 0.00031974
v 0.03733835 0.02243280 0.00413682
v 0.03733243 0.02295382 0.00235182
v 0.02870000 0.00825839 0.00476123
v 0.02846000 0.00936508 0.00179593
v 0.02830000 0.00810636 0.00501570
v 0.02870000 0.00555721 0.00781755
v 0.02830000 0.00520717 0.00805494
v 0.02846000 0.00151543 0.00941454
v 0.02870000 -0.00781755 0.00555721
v 0.02846000 -0.00489066 0.00818606
v 0.02830000 -0.00805494 0.00520717
v 0.02846000 -0.00941454 0.00151543
v 0.02870000 -0.00555721 -0.00781755
v 0.02846000 -0.00818606 -0.00489066
v 0.02830000 -0.00520717 -0.00805494
v 0.02846000 -0.00151543 -0.00941454
v 0.02870000 0.00781755 -0.00555721
v 0.02846000 0.00489066 -0.00818606
v 0.02830000 0.00805494 -0.00520717
v 0.02846000 0.00941454 -0.00151543
v 0.02368475 -0.00048565 -0.02293744
v 0.02366956 0.00188008 -0.02171781
v 0.02359939 0.00195077 -0.01902086
v 0.02373868 -0.00173241 -0.02763540
v 0.02371774 -0.00188010 -0.02551196
v 0.02360000 -0.00435540 -0.03191113
v 0.02359743 -0.00235425 -0.01887435
v 0.02360121 0.00497630 -0.02203541
v 0.02360061 0.00701653 -0.02415289
v 0.02358944 0.00621339 -0.01810442
v 0.02360000 0.01114154 -0.03087476
v 0.02375731 0.00734004 -0.02628999
v 0.02370211 0.00134452 -0.03082917
v 0.02360695 -0.00774476 -0.03532115
v 0.02371774 0.00425959 -0.03075624
v 0.02361602 0.01106512 -0.03456020
v 0.02360104 0.00703010 -0.02863447
v 0.02370133 -0.00082896 -0.02940337
v 0.02359994 0.01338012 -0.03104918
v 0.02359988 -0.00586613 -0.03313559
v 0.02362429 0.02106983 -0.02953680
v 0.02359989 0.01928241 -0.02757839
v 0.02361028 0.02864997 -0.02217958
v 0.02360000 0.02491266 -0.02094700
v 0.02360000 0.02368221 -0.02117700
v 0.02360000 0.02564979 -0.01992965
v 0.02360000 0.01759609 -0.02305163
v 0.02360000 0.02242577 -0.02007776
v 0.02360333 0.01615877 -0.01804835
v 0.02360000 0.01948484 -0.02564430
v 0.02360000 0.02411764 -0.01787664
v 0.02360000 0.02614345 -0.01255069
v 0.02360000 0.02074408 -0.01206993
v 0.02360000 0.02275335 -0.01857282
v 0.02360000 0.02971001 -0.01395349
v 0.02360000 0.02541979 -0.01869919
v 0.02359995 0.03141626 -0.01249391
v 0.02362932 0.03312753 -0.01472829
v 0.02360000 0.03087476 0.01114154
v 0.02375731 0.02628999 0.00734004
v 0.02360515 0.02941207 0.00666774
v 0.02360000 0.03287526 -0.00535487
v 0.02359994 0.03312070 -0.00641179
v 0.02361903 0.03578745 -0.00646348
v 0.02361261 0.02921165 -0.00127510
v 0.02360000 0.03191113 -0.00435540
v 0.02369481 0.03078329 0.00122154
v 0.02360745 0.03370557 0.01315487
v 0.02359994 0.03104918 0.01338012
v 0.02371203 0.03091964 0.00364402
v 0.02365761 0.02600424 -0.00208091
v 0.02359743 0.01887435 -0.00235425
v 0.02359939 0.01902086 0.00195077
v 0.02368475 0.02293744 -0.00048565
v 0.02366956 0.02171781 0.00188008
v 0.02358944 0.01810442 0.00621339
v 0.02360121 0.02203541 0.00497630
v 0.02360061 0.02415289 0.00701653
v 0.02367910 0.02701487 0.02437503
v 0.02359989 0.02757839 0.01928241
v 0.02367885 0.03178938 0.01771254
v 0.02360000 0.02564430 0.01948484
v 0.02360000 0.02007776 0.02242577
v 0.02360000 0.02305163 0.01759609
v 0.02360000 0.02117700 0.02368221
v 0.02361343 0.02324817 0.02779394
v 0.02360333 0.01804835 0.01615877
v 0.02360000 0.01787664 0.02411764
v 0.02360000 0.01255069 0.02614345
v 0.02360000 0.01206993 0.02074408
v 0.02360000 0.01857282 0.02275335
v 0.02360000 0.01395349 0.02971001
v 0.02360000 0.01869919 0.02541979
v 0.02360000 0.01992965 0.02564979
v 0.02360000 0.02094700 0.02491266
v 0.02359997 0.01250705 0.03140560
v 0.02361979 0.01463879 0.03321021
v 0.02367491 0.00000059 0.03639016
v 0.02370270 -0.00363691 0.03092631
v 0.02361236 0.00400798 0.03598763
v 0.02360463 -0.00666816 0.02941239
v 0.02360000 -0.01114154 0.03087476
v 0.02375731 -0.00734004 0.02628999
v 0.02359994 -0.01338012 0.03104918
v 0.02361752 -0.01026673 0.03477437
v 0.02360000 0.00435540 0.03191113
v 0.02359987 0.00586613 0.03313559
v 0.02371645 -0.00110384 0.03074412
v 0.02368475 0.00122244 0.02890793
v 0.02358944 -0.00621339 0.01810442
v 0.02360121 -0.00497630 0.02203541
v 0.02360061 -0.00701653 0.02415289
v 0.02368475 0.00048565 0.02293744
v 0.02366956 -0.00188008 0.02171781
v 0.02359939 -0.00195077 0.01902086
v 0.02365761 0.00208091 0.02600424
v 0.02359743 0.00235425 0.01887435
v 0.02359989 -0.01928241 0.02757839
v 0.02360886 -0.02495383 0.02624791
v 0.02360000 -0.01948484 0.02564430
v 0.02362087 -0.01648442 0.03224633
v 0.02360000 -0.02242577 0.02007776
v 0.02360333 -0.01615877 0.01804835
v 0.02360000 -0.01759609 0.02305163
v 0.02360000 -0.02411764 0.01787664
v 0.02360000 -0.02074408 0.01206993
v 0.02360000 -0.02275335 0.01857282
v 0.02360000 -0.02368221 0.02117700
v 0.02360000 -0.02971001 0.01395349
v 0.02360000 -0.02541979 0.01869919
v 0.02362091 -0.02962567 0.02100048
v 0.02360000 -0.02614345 0.01255069
v 0.02360000 -0.02564979 0.01992965
v 0.02360000 -0.02491266 0.02094700
v 0.02370270 -0.03092631 -0.00363691
v 0.02371645 -0.03074412 -0.00110384
v 0.02361683 -0.03623849 -0.00056057
v 0.02367145 -0.03596563 0.00551095
v 0.02361347 -0.03476063 -0.01015274
v 0.02369999 -0.03017380 -0.00535017
v 0.02359997 -0.03105093 -0.01336330
v 0.02360000 -0.03087476 -0.01114154
v 0.02368475 -0.02890793 0.00122244
v 0.02360000 -0.03191113 0.00435540
v 0.02359987 -0.03313559 0.00586613
v 0.02360047 -0.02899245 -0.00677310
v 0.02360121 -0.02616675 -0.00758666
v 0.02359998 -0.03140560 0.01250705
v 0.02368054 -0.03376437 0.01358873
v 0.02365761 -0.02600424 0.00208091
v 0.02359743 -0.01887435 0.00235425
v 0.02368475 -0.02293744 0.00048565
v 0.02360248 -0.02142754 -0.00293005
v 0.02359939 -0.01902086 -0.00195077
v 0.02358944 -0.01810442 -0.00621339
v 0.02368862 -0.02320697 -0.00619814
v 0.02360000 -0.02564430 -0.01948484
v 0.02359989 -0.02757839 -0.01928241
v 0.02361767 -0.02661072 -0.02467378
v 0.02368005 -0.03211272 -0.01708832
v 0.02361648 -0.02044383 -0.02994307
v 0.02360000 -0.01992965 -0.02564979
v 0.02360000 -0.02094700 -0.02491266
v 0.02360000 -0.01787664 -0.02411764
v 0.02360000 -0.01255069 -0.02614345
v 0.02360000 -0.01206993 -0.02074408
v 0.02360000 -0.01395349 -0.02971001
v 0.02360000 -0.01869919 -0.02541979
v 0.02360000 -0.02117700 -0.02368221
v 0.02360333 -0.01804835 -0.01615877
v 0.02360000 -0.01857282 -0.02275335
v 0.02360000 -0.02007776 -0.02242577
v 0.02360000 -0.02305163 -0.01759609
v 0.02368448 -0.01264390 -0.03412704
v 0.02359997 -0.01250705 -0.03140560
v 0.02362058 0.03591178 0.00481004
v 0.02375544 -0.00210479 -0.03639907
v 0.02362272 0.00310902 -0.03613030
v 0.02939996 -0.02682179 0.01886544
v 0.02520000 -0.02690747 0.01925686
v 0.02940000 -0.02613935 0.01751744
v 0.02520000 -0.02633675 0.01783307
v 0.02520000 -0.02492538 0.01680479
v 0.02940000 -0.02431350 0.01670489
v 0.02520000 -0.02319533 0.01681957
v 0.02940000 -0.02261646 0.01704159
v 0.02520000 -0.02157110 0.01798745
v 0.02940000 -0.02144320 0.01833494
v 0.02940000 -0.02117916 0.02004480
v 0.02520000 -0.02124191 0.02044566
v 0.02940000 -0.02199324 0.02158967
v 0.02520000 -0.02269064 0.02213767
v 0.02939997 -0.02367673 0.02245624
v 0.02520000 -0.02487118 0.02238264
v 0.03722725 -0.02691201 0.01941966
v 0.02520000 -0.02657345 0.02098912
v 0.03721075 -0.02448921 0.02240543
v 0.02939996 -0.01886544 -0.02682179
v 0.02520000 -0.01925686 -0.02690747
v 0.02940000 -0.01751744 -0.02613935
v 0.02520000 -0.01783307 -0.02633675
v 0.02520000 -0.01680479 -0.02492538
v 0.02940000 -0.01670489 -0.02431350
v 0.02520000 -0.01681957 -0.02319533
v 0.02940000 -0.01704159 -0.02261646
v 0.02520000 -0.01798745 -0.02157110
v 0.02940000 -0.01833494 -0.02144320
v 0.02940000 -0.02004480 -0.02117916
v 0.02520000 -0.02044566 -0.02124191
v 0.02940000 -0.02158967 -0.02199324
v 0.02520000 -0.02213767 -0.02269064
v 0.02939997 -0.02245624 -0.02367673
v 0.02520000 -0.02238264 -0.02487118
v 0.03721156 -0.02240620 -0.02448472
v 0.03721577 -0.02013937 -0.02687259
v 0.02520000 -0.02098912 -0.02657345
v 0.03720984 -0.02138839 -0.02627953
v 0.02939996 0.02682179 -0.01886544
v 0.02520000 0.02690747 -0.01925686
v 0.02940000 0.02613935 -0.01751744
v 0.02520000 0.02633675 -0.01783307
v 0.02520000 0.02492538 -0.01680479
v 0.02940000 0.02431350 -0.01670489
v 0.02520000 0.02319533 -0.01681957
v 0.02940000 0.02261646 -0.01704159
v 0.02520000 0.02157110 -0.01798745
v 0.02940000 0.02144320 -0.01833494
v 0.02940000 0.02117916 -0.02004480
v 0.02520000 0.02124191 -0.02044566
v 0.02940000 0.02199324 -0.02158967
v 0.02520000 0.02269064 -0.02213767
v 0.02939997 0.02367673 -0.02245624
v 0.02520000 0.02487118 -0.02238264
v 0.03725805 0.02680005 -0.01877710
v 0.03720256 0.02693094 -0.01990533
v 0.02520000 0.02657345 -0.02098912
v 0.03721156 0.02448472 -0.02240620
v 0.02939996 0.01886544 0.02682179
v 0.02520000 0.01925686 0.02690747
v 0.02940000 0.01751744 0.02613935
v 0.02520000 0.01783307 0.02633675
v 0.02520000 0.01680479 0.02492538
v 0.02940000 0.01670489 0.02431350
v 0.02520000 0.01681957 0.02319533
v 0.02940000 0.01704159 0.02261646
v 0.02520000 0.01798745 0.02157110
v 0.02940000 0.01833494 0.02144320
v 0.02940000 0.02004480 0.02117916
v 0.02520000 0.02044566 0.02124191
v 0.02940000 0.02158967 0.02199324
v 0.02520000 0.02213767 0.02269064
v 0.02939997 0.02245624 0.02367673
v 0.02520000 0.02238264 0.02487118
v 0.03722802 0.02035908 0.02680542
v 0.02520000 0.02098912 0.02657345
v 0.03727493 0.02245034 0.02382905
v 0.02940001 -0.01504796 0.00190895
v 0.03722830 -0.01530488 0.00194197
v 0.02939999 -0.01921285 0.00208170
v 0.03726273 -0.01923668 0.00208479
v 0.02940005 -0.02820675 0.00398455
v 0.03726346 -0.02627071 0.00345804
v 0.03723243 -0.03111234 0.00548079
v 0.02939996 -0.03188408 0.00630501
v 0.03725840 -0.03186733 0.00631375
v 0.03716723 -0.02987896 -0.01277195
v 0.03725723 -0.02975161 -0.01219552
v 0.02940000 -0.02989120 -0.01262345
v 0.02940002 -0.02887758 -0.01116929
v 0.02939992 -0.02114335 -0.00683024
v 0.02939999 -0.01473294 -0.00508404
v 0.03727717 -0.01476769 -0.00505791
v 0.03716723 0.01277195 -0.02987896
v 0.03725723 0.01219552 -0.02975161
v 0.02940000 0.01262345 -0.02989120
v 0.02940003 0.01116929 -0.02887758
v 0.02939992 0.00683024 -0.02114335
v 0.02939999 0.00508404 -0.01473294
v 0.03727717 0.00505791 -0.01476769
v 0.02940001 0.01504796 -0.00190895
v 0.02939999 0.01921285 -0.00208170
v 0.02940005 0.02820675 -0.00398455
v 0.03726346 0.02627071 -0.00345804
v 0.03723243 0.03111234 -0.00548079
v 0.02939996 0.03188409 -0.00630502
v 0.03719079 0.03184615 -0.00630344
v 0.03727943 0.02991291 0.01274836
v 0.02940000 0.02989120 0.01262345
v 0.02940002 0.02887758 0.01116929
v 0.02939992 0.02114335 0.00683024
v 0.02939999 0.01473294 0.00508404
v 0.03727717 0.01476769 0.00505791
v 0.02940001 0.00190895 0.01504796
v 0.03722830 0.00194197 0.01530488
v 0.02939999 0.00208170 0.01921285
v 0.03726273 0.00208479 0.01923668
v 0.02940003 0.00398455 0.02820675
v 0.03726346 0.00345804 0.02627071
v 0.03723243 0.00548079 0.03111234
v 0.02939998 0.00630502 0.03188409
v 0.03719079 0.00630344 0.03184615
v 0.03727943 -0.01274836 0.02991291
v 0.02940000 -0.01262345 0.02989120
v 0.02940003 -0.01116929 0.02887758
v 0.02939997 -0.00683024 0.02114335
v 0.02939999 -0.00508404 0.01473294
v 0.03727717 -0.00505791 0.01476769
v 0.02520000 0.01806863 0.02336342
v 0.02520000 0.01826406 0.02516765
v 0.02520000 0.02015980 0.02560355
v 0.02520000 0.02103841 0.02471459
v 0.02520000 0.02113076 0.02345206
v 0.02520000 0.01954663 0.02231893
v 0.02520000 0.02231893 -0.01954663
v 0.02520000 0.02336342 -0.01806863
v 0.02520000 0.02516765 -0.01826406
v 0.02520000 0.02560355 -0.02015980
v 0.02520000 0.02471459 -0.02103841
v 0.02520000 0.02345206 -0.02113076
v 0.02520000 -0.02113076 -0.02345206
v 0.02520000 -0.01954663 -0.02231893
v 0.02520000 -0.01806863 -0.02336342
v 0.02520000 -0.01826406 -0.02516765
v 0.02520000 -0.02015980 -0.02560355
v 0.02520000 -0.02103841 -0.02471459
v 0.02520000 -0.02560355 0.02015980
v 0.02520000 -0.02471459 0.02103841
v 0.02520000 -0.02345206 0.02113076
v 0.02520000 -0.02231893 0.01954663
v 0.02520000 -0.02336342 0.01806863
v 0.02520000 -0.02516765 0.01826406
v 0.02410030 -0.00158443 -0.01092312
v 0.02409989 -0.00097141 -0.01233717
v 0.02410108 0.00326881 -0.01061284
v 0.02409976 0.00439501 -0.01148400
v 0.02410277 0.00885946 -0.00685069
v 0.02410006 0.00804546 -0.00929224
v 0.02409982 0.01073797 -0.00599505
v 0.02410030 0.01092312 -0.00158443
v 0.02409999 0.01234505 -0.00082117
v 0.02410108 0.01061284 0.00326881
v 0.02410007 0.01147877 0.00439455
v 0.02410277 0.00685069 0.00885946
v 0.02409978 0.00929696 0.00804914
v 0.02410006 0.00599180 0.01073189
v 0.02410030 0.00158443 0.01092312
v 0.02409989 0.00097141 0.01233717
v 0.02410108 -0.00326881 0.01061284
v 0.02409976 -0.00439501 0.01148400
v 0.02410277 -0.00885946 0.00685069
v 0.02410006 -0.00804546 0.00929224
v 0.02409982 -0.01073797 0.00599505
v 0.02410030 -0.01092312 0.00158443
v 0.02409999 -0.01234505 0.00082117
v 0.02410108 -0.01061284 -0.00326881
v 0.02410007 -0.01147877 -0.00439455
v 0.02410277 -0.00685069 -0.00885946
v 0.02409978 -0.00929696 -0.00804914
v 0.02410006 -0.00599180 -0.01073189
v 0.02830000 -0.00676747 0.00807522
v 0.02830000 -0.00912123 0.00527362
v 0.02830000 -0.01055393 0.00099906
v 0.02846000 -0.00936508 -0.00179593
v 0.02830000 -0.00990283 -0.00359745
v 0.02830000 -0.00807522 -0.00676747
v 0.02830000 -0.00527362 -0.00912123
v 0.02830000 -0.00099906 -0.01055393
v 0.02846000 0.00179593 -0.00936508
v 0.02830000 0.00359745 -0.00990283
v 0.02830000 0.00676747 -0.00807522
v 0.02830000 0.00912123 -0.00527362
v 0.02830000 0.01055393 -0.00099906
v 0.02830000 0.00990283 0.00359745
v 0.02830000 0.00807522 0.00676747
v 0.02830000 0.00527362 0.00912123
v 0.02830000 0.00099906 0.01055393
v 0.02846000 -0.00179593 0.00936508
v 0.02830000 -0.00359745 0.00990283
v 0.02980000 0.00190682 0.02590469
v 0.02980000 0.00103650 0.02894112
v 0.02980000 -0.00075429 0.03046562
v 0.02980000 -0.00345407 0.03088251
v 0.02980000 -0.00618441 0.02934247
v 0.02390582 -0.00628194 0.02922401
v 0.02980000 -0.00722675 0.02678989
v 0.02980000 -0.00652923 0.02374829
v 0.02390582 -0.00614381 0.02333481
v 0.02980000 -0.00354466 0.02185691
v 0.02390582 -0.00339330 0.02183167
v 0.02980000 -0.00009020 0.02253613
v 0.02390336 0.00171054 0.02528432
v 0.02980000 -0.02185691 -0.00354466
v 0.02390582 -0.02183167 -0.00339330
v 0.02980000 -0.02253613 -0.00009020
v 0.02390177 -0.02214993 -0.00107373
v 0.02980000 -0.02590469 0.00190682
v 0.02390336 -0.02528432 0.00171054
v 0.02980000 -0.02894112 0.00103650
v 0.02980000 -0.03046562 -0.00075429
v 0.02980000 -0.03088251 -0.00345407
v 0.02980000 -0.02934247 -0.00618441
v 0.02390582 -0.02782754 -0.00704510
v 0.02980000 -0.02678989 -0.00722675
v 0.02390582 -0.02469396 -0.00697160
v 0.02980000 -0.02374829 -0.00652923
v 0.02980000 0.00722675 -0.02678989
v 0.02980000 0.00652923 -0.02374829
v 0.02390582 0.00614381 -0.02333481
v 0.02980000 0.00354466 -0.02185691
v 0.02390582 0.00339330 -0.02183167
v 0.02980000 0.00009020 -0.02253613
v 0.02980000 -0.00190682 -0.02590469
v 0.02980000 -0.00103650 -0.02894112
v 0.02980000 0.00075429 -0.03046562
v 0.02980000 0.00345407 -0.03088251
v 0.02980000 0.00618441 -0.02934247
v 0.02390582 0.00628194 -0.02922401
v 0.02980000 0.03088251 0.00345407
v 0.02980000 0.02934247 0.00618441
v 0.02390582 0.02922401 0.00628194
v 0.02980000 0.02678989 0.00722675
v 0.02980000 0.02374829 0.00652923
v 0.02390582 0.02333481 0.00614381
v 0.02980000 0.02185691 0.00354466
v 0.02390582 0.02183167 0.00339330
v 0.02980000 0.02253613 0.00009020
v 0.02980000 0.02590469 -0.00190682
v 0.02390336 0.02528432 -0.00171054
v 0.02980000 0.02894112 -0.00103650
v 0.02390336 0.02905063 -0.00095909
v 0.02980000 0.03046562 0.00075429
v 0.02622129 0.01192854 -0.00293123
v 0.02648915 0.01237865 0.00042890
v 0.02625934 0.01071512 -0.00603047
v 0.02622090 0.00869785 -0.00867346
v 0.02648596 0.00741762 -0.00990590
v 0.02631315 0.00446361 -0.01146606
v 0.02622102 0.00124627 -0.01222000
v 0.02625809 -0.00207977 -0.01211824
v 0.02631689 -0.00450009 -0.01142050
v 0.02622069 -0.00676675 -0.01025109
v 0.02625991 -0.00928096 -0.00806472
v 0.02622089 -0.01109121 -0.00527888
v 0.02625897 -0.01211474 -0.00210676
v 0.02648915 -0.01237865 -0.00042890
v 0.02622129 -0.01192854 0.00293123
v 0.02625934 -0.01071512 0.00603047
v 0.02622090 -0.00869785 0.00867346
v 0.02648596 -0.00741762 0.00990590
v 0.02631315 -0.00446361 0.01146606
v 0.02622102 -0.00124627 0.01222000
v 0.02625809 0.00207977 0.01211824
v 0.02631689 0.00450009 0.01142050
v 0.02622069 0.00676675 0.01025109
v 0.02625991 0.00928096 0.00806472
v 0.02622089 0.01109121 0.00527888
v 0.02625897 0.01211474 0.00210676
v 0.02460785 0.01057981 -0.00068723
v 0.02460412 0.00982750 0.00380312
v 0.02460412 0.00793409 0.00693497
v 0.02460412 0.00508371 0.00923036
v 0.02460785 0.00068723 0.01057981
v 0.02460412 -0.00380312 0.00982750
v 0.02460412 -0.00693497 0.00793409
v 0.02460412 -0.00923036 0.00508371
v 0.02460785 -0.01057981 0.00068723
v 0.02460412 -0.00982750 -0.00380312
v 0.02460412 -0.00793409 -0.00693497
v 0.02460412 -0.00508371 -0.00923036
v 0.02460785 -0.00068723 -0.01057981
v 0.02460412 0.00380312 -0.00982750
v 0.02460412 0.00693497 -0.00793409
v 0.02460412 0.00923036 -0.00508371
v 0.02625572 -0.00425292 -0.03146275
v 0.02629930 -0.00257213 -0.01931908
v 0.02631269 -0.00952901 -0.03236351
v 0.02629722 -0.01296188 -0.03109594
v 0.02635141 -0.00658873 -0.03305298
v 0.02649912 -0.01244120 -0.02617497
v 0.02632757 -0.01374729 -0.02876897
v 0.02624245 -0.02538403 -0.01932659
v 0.02649076 -0.02307086 -0.01748704
v 0.02640072 -0.02965928 -0.01601041
v 0.02630765 -0.03118990 -0.01262647
v 0.02626210 -0.02769243 -0.01913777
v 0.02624730 -0.01838407 -0.00641661
v 0.02631392 -0.03020736 -0.01068881
v 0.02634524 -0.03169243 0.00433422
v 0.02624132 -0.01931169 0.00255331
v 0.02640023 -0.03231799 0.00956892
v 0.02637061 -0.03124168 0.01263279
v 0.02626210 -0.03311395 0.00604906
v 0.02650091 -0.02619507 0.01244190
v 0.02626222 -0.02892859 0.01381771
v 0.02641463 -0.01919768 0.02527714
v 0.02650218 -0.01747983 0.02307068
v 0.02631078 -0.01261844 0.03118798
v 0.02639837 -0.01598402 0.02967628
v 0.02625184 -0.01888050 0.02793198
v 0.02624730 -0.00641661 0.01838407
v 0.02631392 -0.01068881 0.03020736
v 0.02624609 0.00428276 0.03160870
v 0.02629930 0.00257213 0.01931908
v 0.02631251 0.00952955 0.03236338
v 0.02622279 0.01296418 0.03111204
v 0.02629987 0.00608912 0.03311186
v 0.02649382 0.01244095 0.02618365
v 0.02629191 0.01376550 0.02879106
v 0.02631322 0.02566946 0.01946604
v 0.02650355 0.02308700 0.01747719
v 0.02631078 0.03118798 0.01261844
v 0.02639837 0.02967628 0.01598402
v 0.02625184 0.02793198 0.01888050
v 0.02624730 0.01838407 0.00641661
v 0.02631392 0.03020736 0.01068881
v 0.02651166 0.03149598 -0.00436397
v 0.02624132 0.01931169 -0.00255331
v 0.02628315 0.03099599 -0.01311690
v 0.02639793 0.03231134 -0.00959984
v 0.02628760 0.03310629 -0.00604545
v 0.02649779 0.02617902 -0.01243795
v 0.02628488 0.02891600 -0.01380991
v 0.02630455 0.01946783 -0.02566607
v 0.02650763 0.01748126 -0.02309633
v 0.02624803 0.01298965 -0.03111416
v 0.02639837 0.01598402 -0.02967628
v 0.02625184 0.01888050 -0.02793198
v 0.02624310 0.00643666 -0.01840830
v 0.02626339 0.01067739 -0.03021701
v 0.02650163 0.03009084 -0.01359674
v 0.02631753 0.03231913 -0.00467847
v 0.02641615 0.03084462 0.01147953
v 0.02631753 0.02704861 0.01942337
v 0.02644022 0.01376066 0.02952579
v 0.02630774 0.01359771 0.03028017
v 0.02629369 0.00484069 0.03247904
v 0.02641615 -0.01147953 0.03084462
v 0.02633162 -0.01941230 0.02706966
v 0.02631753 -0.01950603 0.02598527
v 0.02642140 -0.03000987 0.01366592
v 0.02631753 -0.03075130 0.01329849
v 0.02627371 -0.03247764 0.00483227
v 0.02641615 -0.03084462 -0.01147953
v 0.02634429 -0.02646317 -0.01953022
v 0.02640970 -0.01372280 -0.02995088
v 0.02626126 -0.00556141 -0.03296821
v 0.02642398 -0.00468250 -0.03224431
v 0.02624855 0.01943191 -0.02707417
v 0.02636149 0.01185019 -0.03106025
v 0.02626944 -0.01802339 0.00106389
v 0.02455155 -0.01802519 0.00099321
v 0.02648659 -0.01783288 -0.00176880
v 0.02460276 -0.01791959 -0.00192236
v 0.02623781 -0.01743867 -0.00470287
v 0.02450459 -0.01744446 -0.00483263
v 0.02626944 0.00106389 0.01802339
v 0.02455155 0.00099321 0.01802519
v 0.02648370 -0.00176964 0.01783436
v 0.02460276 -0.00192236 0.01791959
v 0.02623781 -0.00470287 0.01743867
v 0.02450459 -0.00483263 0.01744446
v 0.02626944 0.01802339 -0.00106389
v 0.02455155 0.01802519 -0.00099321
v 0.02648659 0.01783288 0.00176880
v 0.02460276 0.01791959 0.00192236
v 0.02623781 0.01743867 0.00470287
v 0.02450459 0.01744446 0.00483263
v 0.02626944 -0.00106389 -0.01802339
v 0.02455155 -0.00099321 -0.01802519
v 0.02648370 0.00176964 -0.01783436
v 0.02460276 0.00192236 -0.01791959
v 0.02623781 0.00470287 -0.01743867
v 0.02450459 0.00483263 -0.01744446
v 0.02654639 0.01481055 0.01495099
v 0.02656473 -0.01493552 0.01480438
v 0.02653905 -0.01481781 -0.01495713
v 0.02654862 0.01495109 -0.01480609
v 0.02655580 -0.01161952 -0.01753303
v 0.02655351 -0.01753534 0.01162138
v 0.02655157 0.01162243 0.01753624
v 0.02654924 0.01753872 -0.01162435
v 0.02657243 0.01323957 0.01633322
v 0.02650399 -0.01639161 0.01331275
v 0.02657202 -0.01324899 -0.01632845
v 0.02657145 0.01633414 -0.01324073
v 0.02639089 -0.00194664 -0.01846340
v 0.02624560 0.00564645 -0.01772680
v 0.02624455 0.01850684 -0.00193340
v 0.02640780 0.01774676 0.00579316
v 0.02639089 0.00194664 0.01846340
v 0.02632375 -0.00571869 0.01774374
v 0.02624560 -0.01772680 -0.00564645
v 0.02624455 -0.01850684 0.00193340
v 0.02940000 -0.01405226 0.00065976
v 0.02940000 -0.01364349 -0.00390515
v 0.03725545 -0.01365191 -0.00347299
v 0.02940001 -0.00190895 -0.01504796
v 0.02940000 -0.00390515 0.01364349
v 0.02940000 0.00390515 -0.01364349
v 0.02939997 0.01386241 -0.02969606
v 0.02939999 -0.00208170 -0.01921285
v 0.02940005 -0.00398455 -0.02820675
v 0.02939998 -0.00630501 -0.03188408
v 0.02940000 0.02034038 -0.02564467
v 0.02940000 0.00065976 0.01405226
v 0.02940000 -0.03043235 0.01205174
v 0.02940000 0.03043235 -0.01205174
v 0.02940000 0.01205174 0.03043235
v 0.02940000 -0.00065976 -0.01405226
v 0.02940000 0.01405226 -0.00065976
v 0.02940000 -0.02034038 0.02564467
v 0.02940000 -0.01205174 -0.03043235
v 0.02939997 -0.01386241 0.02969606
v 0.02939997 0.02969606 0.01386241
v 0.02940000 0.02564467 0.02034038
v 0.02939997 -0.02969606 -0.01386241
v 0.02940000 0.01364349 0.00390515
v 0.02940000 -0.02564467 -0.02034038
v 0.03725545 -0.00347299 0.01365191
v 0.03725545 0.01365191 0.00347299
v 0.03725545 0.00347299 -0.01365191
v 0.03722830 -0.00194197 -0.01530488
v 0.03726273 -0.00208479 -0.01923668
v 0.03726346 -0.00345804 -0.02627071
v 0.03723243 -0.00548079 -0.03111234
v 0.03725843 -0.00631402 -0.03186740
v 0.02657443 0.02588857 0.01924335
v 0.02658880 0.02755343 0.01888039
v 0.02656336 0.01828280 0.00665093
v 0.02656249 0.01718128 0.00476209
v 0.02658057 -0.00385851 0.01204361
v 0.02656333 0.00042547 0.01253684
v 0.02657386 0.00460274 0.01176853
v 0.02656946 0.01198904 0.00372945
v 0.02656333 0.01048758 0.00688216
v 0.02656250 -0.01201058 0.00377900
v 0.02658057 0.00385851 -0.01204361
v 0.02656333 -0.00042547 -0.01253684
v 0.02657386 -0.00460274 -0.01176853
v 0.02658043 0.03018124 0.01101736
v 0.02656946 -0.01198904 -0.00372945
v 0.02656333 -0.01048758 -0.00688216
v 0.02656780 -0.01000070 0.00758237
v 0.02656250 0.01201058 -0.00377900
v 0.02656780 0.01000070 -0.00758237
v 0.02658417 0.03101846 -0.01252632
v 0.02658060 0.02908011 -0.01355493
v 0.02656643 0.00824556 0.00945888
v 0.02656837 0.00281526 0.01922371
v 0.02657564 0.01224402 0.03119746
v 0.02655707 0.00455149 0.03168864
v 0.02658189 0.00585586 0.03282137
v 0.02657115 -0.01789705 -0.00642899
v 0.02657981 -0.02767740 -0.01877169
v 0.02657468 -0.02589148 -0.01928084
v 0.02658158 0.01243993 -0.03096138
v 0.02657969 0.01865655 -0.02777663
v 0.02657363 0.01917845 -0.02571155
v 0.02657798 -0.01863844 0.02779172
v 0.02659516 -0.01925321 0.02650245
v 0.02656837 -0.00281526 -0.01922371
v 0.02658489 -0.01254048 -0.03105048
v 0.02657417 -0.00454612 -0.03156128
v 0.02657953 -0.00601388 -0.03280160
v 0.02656513 0.01784743 -0.00151331
v 0.02657778 0.03089634 0.01274403
v 0.02658226 -0.01102018 0.03018012
v 0.02656539 -0.00646364 0.01793946
v 0.02657481 -0.03090228 -0.01273952
v 0.02656513 -0.01784743 0.00151331
v 0.02657581 -0.03283441 0.00639182
v 0.02656563 -0.03259623 0.00537589
v 0.02658356 -0.03163302 0.00462712
v 0.02656643 -0.00824556 -0.00945888
v 0.02656500 -0.00127042 -0.01779485
v 0.02656333 0.01919909 -0.00278462
v 0.02657481 -0.01273952 0.03090228
v 0.02656500 0.00127042 0.01779485
v 0.02656305 -0.00472117 0.01718173
v 0.02656526 0.01352374 0.02879065
v 0.02656333 -0.01919909 0.00278462
v 0.02656388 -0.01718058 -0.00472132
v 0.02659800 -0.03080089 0.01277110
v 0.02657004 -0.02898281 0.01357499
v 0.02657733 -0.01358403 -0.02931703
v 0.02656305 0.00472117 -0.01718173
v 0.02655684 0.00611511 -0.01770557
v 0.02656386 0.00680097 -0.01860392
v 0.02656768 0.01923387 -0.02690725
v 0.02655703 0.01085358 -0.03005184
v 0.02657736 0.03285237 -0.00587920
v 0.02657242 0.01316301 0.03053767
v 0.02657974 -0.03018167 -0.01101629
v 0.02381544 -0.03608589 -0.00535904
v 0.02440032 -0.03611411 -0.00570007
v 0.02389498 -0.03477000 -0.01111046
v 0.02428002 -0.03364904 -0.01434236
v 0.02439838 -0.03203487 -0.01760001
v 0.02379846 -0.03038095 -0.02013765
v 0.02419965 -0.02788335 -0.02366673
v 0.02395826 -0.02125802 -0.02969749
v 0.02432398 -0.02456086 -0.02711133
v 0.02439874 -0.01721710 -0.03225641
v 0.02389952 -0.01634223 -0.03264143
v 0.02439830 -0.00968044 -0.03524593
v 0.02388705 -0.00793791 -0.03563086
v 0.02440023 -0.00159090 -0.03652607
v 0.02395891 0.00377684 -0.03631966
v 0.02428001 0.00734509 -0.03583306
v 0.02439814 0.01855147 -0.03149312
v 0.02379733 0.01622502 -0.03263879
v 0.02427998 0.01197199 -0.03458694
v 0.02399616 0.02016537 -0.03045783
v 0.02440097 0.02511268 -0.02656948
v 0.02381876 0.02488899 -0.02667943
v 0.02420539 0.02878054 -0.02257318
v 0.02428086 0.03323152 -0.01534149
v 0.02379741 0.03117122 -0.01889095
v 0.02440009 0.03547962 -0.00882635
v 0.02380404 0.03523011 -0.00943982
v 0.02394023 0.03632569 -0.00378539
v 0.02440650 0.03661827 0.00188722
v 0.02379812 0.03644144 0.00073699
v 0.02439819 0.03455219 0.01192156
v 0.02379727 0.03522348 0.00937220
v 0.02394337 0.03613022 0.00528661
v 0.02390581 0.03382193 0.01374833
v 0.02440081 0.03103217 0.01932910
v 0.02379897 0.03037590 0.02014587
v 0.02428285 0.02852008 0.02290670
v 0.02427789 0.02350664 0.02805113
v 0.02439992 0.01570887 0.03301455
v 0.02381667 0.01898832 0.03115606
v 0.02399609 0.01363276 0.03388908
v 0.02440140 0.00773319 0.03573097
v 0.02381851 0.00800263 0.03559666
v 0.02428162 0.00325399 0.03643405
v 0.02439848 -0.00481596 0.03623239
v 0.02380841 -0.00363284 0.03629879
v 0.02440063 -0.01277351 0.03425600
v 0.02397153 -0.00935418 0.03530710
v 0.02391370 -0.01482657 0.03336420
v 0.02440068 -0.02193061 0.02936479
v 0.02379385 -0.02015841 0.03040030
v 0.02395539 -0.02476013 0.02684502
v 0.02439976 -0.02922950 0.02196332
v 0.02391257 -0.02891746 0.02229665
v 0.02440127 -0.03348061 0.01468263
v 0.02394854 -0.03204108 0.01750639
v 0.02394300 -0.03526932 0.00945444
v 0.02440182 -0.03634678 0.00469157
v 0.02395855 -0.03651326 0.00076513
v 0.02919692 -0.02078502 -0.00310854
v 0.02919809 -0.02092244 -0.00107239
v 0.02763776 -0.01840347 -0.00188744
v 0.02919809 -0.01980920 0.00035609
v 0.02919692 -0.01780805 0.00072184
v 0.02919878 -0.01630498 -0.00031040
v 0.02919809 -0.01575765 -0.00179180
v 0.02919809 -0.01631517 -0.00351488
v 0.02919878 -0.01763926 -0.00439875
v 0.02919809 -0.01921852 -0.00440641
v 0.02919878 -0.00439875 0.01763926
v 0.02919809 -0.00440641 0.01921852
v 0.02763776 -0.00188744 0.01840347
v 0.02919692 -0.00310854 0.02078502
v 0.02919809 -0.00107239 0.02092244
v 0.02919809 0.00035609 0.01980920
v 0.02919692 0.00072184 0.01780805
v 0.02919878 -0.00031040 0.01630498
v 0.02919809 -0.00179180 0.01575765
v 0.02919809 -0.00351488 0.01631517
v 0.02919809 0.01575765 0.00179180
v 0.02919809 0.01631517 0.00351488
v 0.02763776 0.01840347 0.00188744
v 0.02919878 0.01763926 0.00439875
v 0.02919809 0.01921852 0.00440641
v 0.02919692 0.02078502 0.00310854
v 0.02919809 0.02092244 0.00107239
v 0.02919809 0.01980920 -0.00035609
v 0.02919692 0.01780805 -0.00072184
v 0.02919878 0.01630498 0.00031040
v 0.02763776 0.00188744 -0.01840347
v 0.02919692 -0.00072184 -0.01780805
v 0.02919878 0.00031040 -0.01630498
v 0.02919809 0.00179180 -0.01575765
v 0.02919809 0.00351488 -0.01631517
v 0.02919878 0.00439875 -0.01763926
v 0.02919809 0.00440641 -0.01921852
v 0.02919692 0.00310854 -0.02078502
v 0.02919809 0.00107239 -0.02092244
v 0.02919809 -0.00035609 -0.01980920
v 0.03725220 -0.02657112 0.00151776
v 0.03139998 -0.03098980 0.00294972
v 0.03718141 -0.03089541 0.00297482
v 0.03140002 -0.02359060 0.00070734
v 0.03139996 -0.03127421 -0.00857771
v 0.03140001 -0.03236730 -0.00326971
v 0.03139995 -0.03233532 0.00213830
v 0.03139994 -0.02297080 -0.00544177
v 0.03140002 -0.02975605 -0.00921450
v 0.03140000 -0.02287195 -0.00034351
v 0.03717327 -0.02287912 -0.00022426
v 0.03140000 -0.02300240 -0.00244716
v 0.03723146 -0.02247467 -0.00417185
v 0.03140000 -0.02245670 -0.00441336
v 0.03718305 -0.02271455 -0.00517239
v 0.03726983 -0.03080347 -0.00899834
v 0.03718413 -0.03203864 0.00245697
v 0.03139998 0.00294972 0.03098980
v 0.03140002 0.00070734 0.02359060
v 0.03139998 -0.00857771 0.03127421
v 0.03140001 -0.00326971 0.03236730
v 0.03139997 0.00213830 0.03233532
v 0.03139992 -0.00544177 0.02297080
v 0.03140004 -0.00921450 0.02975605
v 0.03140000 -0.00034351 0.02287195
v 0.03717327 -0.00022426 0.02287912
v 0.03140000 -0.00244716 0.02300240
v 0.03723007 -0.00416613 0.02247535
v 0.03140000 -0.00441336 0.02245670
v 0.03139998 0.03098980 -0.00294972
v 0.03140002 0.02359060 -0.00070734
v 0.03139996 0.03127421 0.00857771
v 0.03717575 0.03133672 0.00845528
v 0.03140001 0.03236730 0.00326971
v 0.03139995 0.03233532 -0.00213830
v 0.03139990 0.02297080 0.00544177
v 0.03723197 0.02303691 0.00556505
v 0.03140002 0.02975605 0.00921450
v 0.03140000 0.02287195 0.00034351
v 0.03717327 0.02287912 0.00022426
v 0.03140000 0.02300240 0.00244716
v 0.03140000 0.02245670 0.00441336
v 0.03725220 -0.00151776 -0.02657112
v 0.03139998 -0.00294972 -0.03098980
v 0.03718141 -0.00297482 -0.03089541
v 0.03140002 -0.00070734 -0.02359060
v 0.03139996 0.00857771 -0.03127421
v 0.03717575 0.00845528 -0.03133672
v 0.03140001 0.00326971 -0.03236730
v 0.03139995 -0.00213830 -0.03233532
v 0.03139993 0.00544855 -0.02297670
v 0.03140003 0.00921450 -0.02975605
v 0.03140000 0.00034351 -0.02287195
v 0.03717327 0.00022426 -0.02287912
v 0.03140000 0.00244716 -0.02300240
v 0.03723146 0.00417185 -0.02247467
v 0.03140000 0.00441336 -0.02245670
v 0.03718305 0.00517239 -0.02271455
v 0.03718413 -0.00245697 -0.03203864
v 0.03725684 0.02253668 0.00478975
v 0.03726137 0.03126227 -0.00290803
v 0.03718305 -0.00517239 0.02271455
v 0.03726983 -0.00899834 0.03080347
v 0.03726137 0.00290803 0.03126227
v 0.03723450 -0.01101133 -0.03083376
v 0.03726104 -0.01566864 -0.02876310
v 0.03723450 0.01101133 0.03083376
v 0.03723450 0.03083376 -0.01101133
v 0.03726104 0.02876310 -0.01566864
v 0.03723450 -0.03083376 0.01101133
v 0.03726091 -0.02875432 0.01568636
v 0.03839178 0.03247609 0.01428766
v 0.03838041 0.03504468 0.00573899
v 0.03839257 0.02834574 0.02133706
v 0.03839331 0.02271272 0.02725422
v 0.03839400 0.01587607 0.03172556
v 0.03839463 0.00819853 0.03451430
v 0.03839520 0.00008738 0.03547294
v 0.03839573 -0.00802730 0.03455105
v 0.03839620 -0.01571536 0.03179792
v 0.03839662 -0.02256942 0.02735985
v 0.03840056 -0.02696965 0.02294439
v 0.03840045 -0.03069671 0.01775846
v 0.03840047 -0.03394061 0.01027267
v 0.03840036 -0.03538760 0.00224422
v 0.03838557 -0.03495936 -0.00581687
v 0.03839992 -0.03346135 -0.01156161
v 0.03839834 -0.03106588 -0.01710196
v 0.03839845 -0.02633529 -0.02375229
v 0.03839854 -0.02020897 -0.02914538
v 0.03839864 -0.01301135 -0.03299517
v 0.03839873 -0.00512372 -0.03509742
v 0.03839883 0.00303615 -0.03534053
v 0.03839893 0.01103581 -0.03371136
v 0.03839904 0.01845129 -0.03029607
v 0.03839915 0.02488957 -0.02527555
v 0.03839927 0.03000943 -0.01891573
v 0.03839939 0.03353948 -0.01155355
v 0.03839953 0.03529256 -0.00357922
v 0.02440000 -0.04032445 -0.00893806
v 0.02440000 -0.03752390 -0.01725998
v 0.02440000 -0.03302754 -0.02480185
v 0.02440000 -0.02703857 -0.03122284
v 0.02440000 -0.01982761 -0.03623281
v 0.02440000 -0.01172056 -0.03960529
v 0.02440000 -0.00072659 -0.04139276
v 0.02440000 -0.00350687 0.04115400
v 0.02440000 -0.01212692 0.03948276
v 0.02440000 -0.02019883 0.03602718
v 0.02440000 -0.02735792 0.03094341
v 0.02440000 -0.03470468 0.02257153
v 0.02440000 -0.03927926 0.01277069
v 0.02440000 -0.04135875 0.00182821
v 0.02440000 0.01000835 -0.04007223
v 0.02440000 0.02038770 -0.03603096
v 0.02440000 0.02896603 -0.02944350
v 0.02440000 0.03453534 -0.02265525
v 0.02440000 0.03854389 -0.01484315
v 0.02440000 0.04081051 -0.00636024
v 0.02440000 0.04112300 0.00477368
v 0.02440000 0.03838934 0.01523839
v 0.02440000 0.03300622 0.02498956
v 0.02440000 0.02533846 0.03261768
v 0.02440000 0.01575029 0.03828599
v 0.02440000 0.00527156 0.04096536
v 0.03840000 -0.03712995 -0.00808498
v 0.03601284 -0.03762336 -0.00608654
v 0.03838084 -0.03801448 -0.00214041
v 0.03840370 -0.03510820 -0.01466822
v 0.03600626 -0.03502290 -0.01495160
v 0.03840325 -0.03097104 -0.02210394
v 0.03600578 -0.03085686 -0.02231397
v 0.03840282 -0.02528494 -0.02843424
v 0.03600533 -0.02516853 -0.02857449
v 0.03840240 -0.01833444 -0.03334257
v 0.03600490 -0.01823895 -0.03342435
v 0.03840916 -0.01070508 -0.03650965
v 0.03600074 -0.01232247 -0.03596661
v 0.03840057 -0.00249866 -0.03797694
v 0.03600182 -0.00586981 -0.03761614
v 0.03840097 0.00599890 -0.03758319
v 0.03600116 0.00257247 -0.03798330
v 0.03840140 0.01419687 -0.03531178
v 0.03600062 0.01088753 -0.03647896
v 0.03840186 0.02168544 -0.03127623
v 0.03600020 0.01866561 -0.03317735
v 0.03840235 0.02809064 -0.02567807
v 0.03599989 0.02552331 -0.02824138
v 0.03840285 0.03309239 -0.01879697
v 0.03599970 0.03112276 -0.02191454
v 0.03840339 0.03644073 -0.01097673
v 0.03599963 0.03518824 -0.01450876
v 0.03840396 0.03796833 -0.00260809
v 0.03599967 0.03751957 -0.00638948
v 0.03840000 0.03780171 0.00387691
v 0.03599998 0.03800346 0.00169720
v 0.03839909 0.03658558 0.01047686
v 0.03600018 0.03713980 0.00804523
v 0.03600179 0.03537675 0.01403964
v 0.03839889 0.03334443 0.01834250
v 0.03600167 0.03140893 0.02150053
v 0.03839872 0.02843687 0.02529166
v 0.03600156 0.02589213 0.02790239
v 0.03839858 0.02210835 0.03097692
v 0.03600144 0.01909813 0.03292936
v 0.03839846 0.01467507 0.03511431
v 0.03600132 0.01136183 0.03633333
v 0.03839836 0.00650857 0.03749710
v 0.03600122 0.00306456 0.03794621
v 0.03839830 -0.00198317 0.03800632
v 0.03600110 -0.00538445 0.03768823
v 0.03839827 -0.01037581 0.03661657
v 0.03600099 -0.01356861 0.03557190
v 0.03839826 -0.01824999 0.03339738
v 0.03600088 -0.02108411 0.03170149
v 0.03839829 -0.02521242 0.02850955
v 0.03600077 -0.02756033 0.02626772
v 0.03839835 -0.03091520 0.02219738
v 0.03600066 -0.03267775 0.01953855
v 0.03839844 -0.03507345 0.01477622
v 0.03600055 -0.03618393 0.01184580
v 0.03839857 -0.03747944 0.00661687
v 0.03600044 -0.03790588 0.00356885
v 0.03950819 -0.03549641 -0.00942760
v 0.03950809 -0.03250347 -0.01709968
v 0.03950443 0.00952866 -0.03547974
v 0.03950338 0.01720573 -0.03246240
v 0.03950548 -0.00933087 0.03552856
v 0.03950625 -0.01702067 0.03254982
v 0.03400515 -0.04625232 -0.00224637
v 0.03350000 -0.04621927 -0.00279974
v 0.03350000 -0.04583675 0.00656141
v 0.03400515 -0.04575773 0.00711013
v 0.03358594 -0.04395600 0.01468297
v 0.03400515 -0.04153074 0.02048222
v 0.03357669 -0.03908299 0.02495539
v 0.03350000 -0.03387280 0.03157045
v 0.03400515 -0.03349448 0.03197567
v 0.03350000 -0.02682434 0.03774274
v 0.03400515 -0.02637220 0.03806351
v 0.03350000 -0.01867769 0.04236984
v 0.03400515 -0.01817024 0.04259303
v 0.03350000 -0.00976634 0.04526232
v 0.03400516 -0.00922434 0.04537879
v 0.03364087 -0.00276506 0.04623957
v 0.03350000 0.00423144 0.04611024
v 0.03400515 0.00478343 0.04605912
v 0.03364087 0.01120419 0.04494675
v 0.03350000 0.01784105 0.04272887
v 0.03400515 0.01835245 0.04251484
v 0.03364087 0.02414575 0.03953134
v 0.03350000 0.02981427 0.03542837
v 0.03400515 0.03023813 0.03507106
v 0.03358594 0.03571177 0.02953624
v 0.03400515 0.03935039 0.02441046
v 0.03357669 0.04185174 0.01996706
v 0.03350000 0.04470958 0.01204631
v 0.03400515 0.04485335 0.01151090
v 0.03350000 0.04621927 0.00279974
v 0.03400515 0.04625232 0.00224637
v 0.03350000 0.04583675 -0.00656141
v 0.03400515 0.04575773 -0.00711013
v 0.03358594 0.04395600 -0.01468297
v 0.03400515 0.04153074 -0.02048222
v 0.03357669 0.03908299 -0.02495539
v 0.03350000 0.03387280 -0.03157045
v 0.03400515 0.03349448 -0.03197567
v 0.03350000 0.02682434 -0.03774274
v 0.03400515 0.02637220 -0.03806351
v 0.03350000 0.01867769 -0.04236984
v 0.03400515 0.01817024 -0.04259303
v 0.03350000 0.00976634 -0.04526232
v 0.03400516 0.00922434 -0.04537879
v 0.03364087 0.00276506 -0.04623957
v 0.03350000 -0.00423144 -0.04611024
v 0.03400515 -0.00478343 -0.04605912
v 0.03364087 -0.01120419 -0.04494675
v 0.03350000 -0.01784105 -0.04272887
v 0.03400515 -0.01835245 -0.04251484
v 0.03364087 -0.02414575 -0.03953134
v 0.03350000 -0.02981427 -0.03542837
v 0.03400515 -0.03023813 -0.03507106
v 0.03358594 -0.03571177 -0.02953624
v 0.03400515 -0.03935039 -0.02441046
v 0.03357669 -0.04185174 -0.01996706
v 0.03350000 -0.04470958 -0.01204631
v 0.03400515 -0.04485335 -0.01151090
v 0.03500013 -0.02100400 0.03293090
v 0.03500050 -0.01526114 0.04275570
v 0.03500015 -0.01327275 0.03673461
v 0.03500015 -0.00489571 0.03875067
v 0.03500050 -0.00176178 0.04536352
v 0.03500015 0.00371947 0.03888098
v 0.03500015 0.00947899 0.04429991
v 0.03500014 0.01215354 0.03711921
v 0.03500015 0.01820247 0.04148497
v 0.03500014 0.01999605 0.03355115
v 0.03500015 0.02618072 0.03697165
v 0.03500012 0.02686537 0.02835046
v 0.03500017 0.03308710 0.03094469
v 0.03500014 0.03242719 0.02177026
v 0.03500050 0.03995169 0.02155956
v 0.03500015 0.03641095 0.01413073
v 0.03500015 0.04394716 0.01099912
v 0.03500050 0.03900448 0.00358320
v 0.03500050 0.04539452 -0.00053810
v 0.03500017 0.03840795 -0.00708374
v 0.03500015 0.04376294 -0.01171059
v 0.03500017 0.03591983 -0.01533213
v 0.03500039 -0.00617291 -0.03856003
v 0.03500017 -0.00947898 -0.04429988
v 0.03500051 -0.01447434 -0.03626849
v 0.03500015 -0.01820247 -0.04148497
v 0.03500058 -0.02207112 -0.03221346
v 0.03500015 -0.02618072 -0.03697165
v 0.03500065 -0.02859391 -0.02659245
v 0.03500015 -0.03308713 -0.03094471
v 0.03500073 -0.03372584 -0.01967902
v 0.03500050 -0.03995169 -0.02155956
v 0.03500082 -0.03721762 -0.01180961
v 0.03500015 -0.04394716 -0.01099912
v 0.03499972 -0.03886671 -0.00380493
v 0.03500050 -0.04539452 0.00053810
v 0.03500017 -0.03878390 0.00463109
v 0.03500015 -0.04376294 0.01171059
v 0.03500017 -0.03682481 0.01302181
v 0.03500050 -0.03942942 0.02250053
v 0.03500016 -0.03307372 0.02077879
v 0.03500016 -0.02771313 0.02752459
v 0.03500015 -0.03258081 0.03147735
v 0.03500017 -0.02557755 0.03739143
v 0.03500057 0.03942936 -0.02250050
v 0.03500022 0.03168384 -0.02283402
v 0.03500015 0.03258081 -0.03147735
v 0.03500026 0.02590656 -0.02922427
v 0.03500015 0.02557757 -0.03739145
v 0.03500030 0.01886926 -0.03419219
v 0.03500050 0.01526114 -0.04275570
v 0.03500035 0.01091452 -0.03749629
v 0.03500040 0.00242955 -0.03897610
v 0.03500050 0.00176178 -0.04536352
v 0.02590000 0.03952768 0.01230652
v 0.02590000 0.03366230 0.02409850
v 0.02590000 0.02594910 0.03213401
v 0.02590000 0.01857018 0.03689307
v 0.02590000 0.01035206 0.03998481
v 0.02590000 -0.00037116 0.04139747
v 0.02590000 -0.01335439 0.03918608
v 0.02590000 -0.02172954 0.03506265
v 0.02590000 -0.02835312 0.03016603
v 0.02590000 -0.03529381 0.02145455
v 0.02590000 -0.03903142 0.01350920
v 0.02590000 -0.04100505 0.00495340
v 0.02590000 -0.04112554 -0.00382625
v 0.02590000 -0.03938745 -0.01243300
v 0.02590000 -0.03489718 -0.02227275
v 0.02590000 -0.02762261 -0.03070736
v 0.02590000 -0.02050741 -0.03585243
v 0.02590000 -0.01246542 -0.03937720
v 0.02590000 -0.00386009 -0.04112238
v 0.02590000 0.00695130 -0.04081137
v 0.02590000 0.01755077 -0.03738877
v 0.02590000 0.02670746 -0.03163227
v 0.02590000 0.03410194 -0.02330254
v 0.02590000 0.03825710 -0.01556743
v 0.02590000 0.04068330 -0.00712878
v 0.02590000 0.04127090 0.00163207
v -0.04800000 0.01804893 -0.02770323
v -0.04787458 0.02877774 -0.03374513
v -0.04800000 0.02460405 -0.02208786
v -0.04800021 0.03420761 -0.02777337
v -0.04800000 0.02948244 -0.01496726
v -0.04800021 0.03953011 -0.01946513
v -0.04800000 0.03235168 -0.00682658
v -0.04800025 0.04287036 -0.01018084
v -0.04800000 -0.02770323 -0.01804893
v -0.04800021 -0.03468897 -0.02716977
v -0.04800000 -0.02208786 -0.02460405
v -0.04800021 -0.02777337 -0.03420761
v -0.04800000 -0.01496726 -0.02948244
v -0.04800021 -0.01946513 -0.03953011
v -0.04800000 -0.00682658 -0.03235168
v -0.04800000 -0.01804893 0.02770323
v -0.04800025 -0.02716974 0.03468894
v -0.04800000 -0.02460405 0.02208786
v -0.04788436 -0.03327946 0.02933004
v -0.04800000 -0.02948244 0.01496726
v -0.04800021 -0.03953011 0.01946513
v -0.04800000 -0.03235168 0.00682658
v -0.04800000 0.00682658 0.03235168
v -0.04785740 0.00844202 0.04354731
v -0.04800021 0.00038600 0.04406100
v -0.04800000 -0.00177920 0.03301617
v -0.04800021 -0.00942819 0.04304219
v -0.04800000 -0.01026383 0.03143067
v -0.04800021 -0.01876956 0.03986508
v -0.04800025 -0.04287036 0.01018084
v -0.04800021 -0.04406100 0.00038600
v -0.04800000 -0.03301617 -0.00177920
v -0.04787482 -0.04288340 -0.01130993
v -0.04800000 -0.03143067 -0.01026383
v -0.04800025 -0.03986504 -0.01876954
v -0.04800000 0.02770323 0.01804893
v -0.04800025 0.03468894 0.02716974
v -0.04800000 0.02208786 0.02460405
v -0.04800021 0.02777337 0.03420761
v -0.04800000 0.01496726 0.02948244
v -0.04800021 0.01946513 0.03953011
v -0.04786808 -0.01197425 -0.04272162
v -0.04800021 -0.00038600 -0.04406100
v -0.04800000 0.00177920 -0.03301617
v -0.04800021 0.00942819 -0.04304219
v -0.04800000 0.01026383 -0.03143067
v -0.04800025 0.01876954 -0.03986504
v -0.04800021 0.04406100 -0.00038600
v -0.04800000 0.03301617 0.00177920
v -0.04800021 0.04304219 0.00942819
v -0.04800000 0.03143067 0.01026383
v -0.04788461 0.04085913 0.01726943
v -0.03600000 -0.05263711 -0.01318475
v -0.03605635 -0.04918379 -0.00411887
v -0.03599827 -0.05419763 -0.00167870
v -0.03604148 -0.04412147 -0.01326011
v -0.03601095 -0.04651475 -0.00313310
v -0.03608181 -0.02659871 -0.03939043
v -0.03600000 -0.05016141 -0.02052982
v -0.03600000 -0.04627607 -0.02833774
v -0.03600575 -0.02848967 -0.04612068
v -0.03607279 -0.02900115 -0.04276252
v -0.03600000 -0.03567053 -0.04089151
v -0.03600000 -0.04171510 -0.03460478
v -0.03604938 -0.03957596 -0.02360235
v -0.03603687 -0.03224035 -0.03284670
v -0.03602470 -0.02513427 -0.03874176
v -0.03600000 -0.03244753 0.04341426
v -0.03604295 -0.02942747 0.04286702
v -0.03602633 -0.02704066 0.04699415
v -0.03600000 -0.03903234 0.03769588
v -0.03602700 -0.04986866 0.00445681
v -0.03600792 -0.04615535 0.00275777
v -0.03604719 -0.04428181 0.01251192
v -0.03602474 -0.04015406 0.02297083
v -0.03600000 -0.04582150 0.02906705
v -0.03600000 -0.05073467 0.01924826
v -0.03600000 -0.05343108 0.00931308
v -0.03598589 -0.05414960 0.00245846
v -0.03605171 -0.03440823 0.03061200
v -0.03600936 -0.02557895 0.03853326
v -0.03604552 0.01416750 0.04381654
v -0.03601991 0.02081417 0.04116959
v -0.03602055 0.02103489 0.04584041
v -0.03604610 -0.00717063 0.04549738
v -0.03603534 -0.02065143 0.04452585
v -0.03602238 -0.02085204 0.04139525
v -0.03600000 0.00042970 0.05426157
v -0.03600000 0.01134370 0.05306433
v -0.03596376 0.02287669 0.04923483
v -0.03600000 -0.01583392 0.05190173
v -0.03598913 -0.02434172 0.04845915
v -0.03600000 -0.00730136 0.05370596
v -0.03604787 0.00380941 0.04589016
v -0.03606585 0.04970377 0.00424403
v -0.03600306 0.05422432 0.00186135
v -0.03600000 0.05263711 0.01318475
v -0.03600575 0.02848967 0.04612068
v -0.03606332 0.02904497 0.04262735
v -0.03600000 0.03567053 0.04089151
v -0.03600000 0.04171510 0.03460478
v -0.03599661 0.02705273 0.03890873
v -0.03604436 0.03067960 0.03449442
v -0.03600000 0.04627607 0.02833774
v -0.03604861 0.03833378 0.02545550
v -0.03610370 0.04380281 0.01310064
v -0.03600000 0.05016141 0.02052982
v -0.03600937 0.04616025 0.00288540
v -0.03606069 0.05392630 -0.00142427
v -0.03600000 0.05343109 -0.00931304
v -0.03607763 0.03106970 -0.03377956
v -0.03601719 0.02533873 -0.03857918
v -0.03605996 0.02867991 -0.04145319
v -0.03600000 0.04582149 -0.02906705
v -0.03600000 0.03903234 -0.03769588
v -0.03599026 0.02990793 -0.04528551
v -0.03603222 0.02922053 -0.04403120
v -0.03600000 0.05073467 -0.01924828
v -0.03604045 0.05070247 -0.00442092
v -0.03604557 0.03811822 -0.02583961
v -0.03606529 0.04518398 -0.00845196
v -0.03601236 0.04607797 -0.00264081
v -0.03605068 0.04290942 -0.01673082
v -0.03597423 0.02543410 -0.04788176
v -0.03606086 0.02267442 -0.04674940
v -0.03600000 0.01583392 -0.05190173
v -0.03607427 -0.02079455 -0.04338818
v -0.03604949 -0.00947593 -0.04517781
v -0.03604204 -0.02130964 -0.04100528
v -0.03605059 0.00078481 -0.04599582
v -0.03600000 -0.00042970 -0.05426157
v -0.03601400 -0.02177593 -0.04655034
v -0.03600000 -0.01967969 -0.05050099
v -0.03600000 -0.01134370 -0.05306433
v -0.03598483 -0.02591723 -0.04757688
v -0.03600000 0.00730136 -0.05370596
v -0.03603106 0.02055870 -0.04404095
v -0.03609240 0.00901827 -0.04497273
v -0.03602258 0.02092411 -0.04119189
v -0.03450000 0.03463122 -0.04174697
v -0.03450000 0.03897114 -0.02250000
v -0.03450000 0.04203683 -0.03431338
v -0.03450108 0.02562741 -0.04783043
v -0.03450000 0.02778742 -0.03547750
v -0.03450000 0.02102709 -0.03978520
v -0.03450000 0.01451060 -0.04266422
v -0.03450000 0.00465306 -0.04482346
v -0.03450000 0.01490020 -0.05217746
v -0.03450000 0.03498521 -0.02840473
v -0.03450000 0.00409194 -0.05410877
v -0.03450000 -0.01990760 -0.04042872
v -0.03450000 -0.01326398 -0.04300078
v -0.03450000 -0.00543771 -0.04473505
v -0.03450000 -0.05135579 -0.01752384
v -0.03450000 -0.03978520 -0.02102709
v -0.03450000 -0.04677704 -0.02750294
v -0.03450000 -0.03547750 -0.02778742
v -0.03450000 -0.02840473 -0.03498521
v -0.03450000 -0.05419227 0.00091541
v -0.03450000 -0.03897114 0.02250000
v -0.03449940 -0.05379241 -0.00707003
v -0.03450000 -0.04266422 -0.01451060
v -0.03450000 -0.04482346 -0.00465306
v -0.03450000 -0.04473505 0.00543771
v -0.03450000 -0.04240344 0.01525588
v -0.03449912 -0.05349899 0.00920882
v -0.03450000 -0.05038117 0.02015541
v -0.03450000 -0.04203683 0.03431338
v -0.03450000 -0.03463122 0.04174697
v -0.03450108 -0.02562741 0.04783043
v -0.03450000 -0.02102709 0.03978520
v -0.03450000 -0.01451060 0.04266422
v -0.03450000 -0.01490020 0.05217746
v -0.03450000 -0.03498521 0.02840473
v -0.03450000 -0.02778742 0.03547750
v -0.03450000 -0.00465306 0.04482346
v -0.03450000 -0.00409194 0.05410877
v -0.03450000 0.00543771 0.04473505
v -0.03450000 0.01326398 0.04300078
v -0.03450000 0.04677704 0.02750294
v -0.03450000 0.02840473 0.03498521
v -0.03450000 0.01990760 0.04042872
v -0.03450000 0.05135579 0.01752384
v -0.03450000 0.03978520 0.02102709
v -0.03450000 0.03547750 0.02778742
v -0.03450000 0.04266422 0.01451060
v -0.03450000 0.04482346 0.00465306
v -0.03450000 0.04473505 -0.00543771
v -0.03450000 0.05419227 -0.00091541
v -0.03449940 0.05379241 0.00707003
v -0.03450000 0.04240344 -0.01525588
v -0.03449912 0.05349899 -0.00920880
v -0.03450000 0.05038117 -0.02015541
v -0.03450000 0.02944262 0.04550574
v -0.03449937 0.02274518 0.04927443
v -0.03450000 0.03639843 0.04024496
v -0.03450000 0.01229389 0.05285228
v -0.03450000 0.00365903 0.05407635
v -0.03450000 0.04171510 0.03460478
v -0.03449943 -0.02274519 -0.04927443
v -0.03450000 -0.02944262 -0.04550574
v -0.03450000 -0.03639843 -0.04024496
v -0.03450000 -0.04171510 -0.03460478
v -0.03450000 -0.01229389 -0.05285228
v -0.03450000 -0.00365903 -0.05407635
v -0.03737278 -0.04018006 0.01934549
v -0.04749786 -0.04172080 0.01567782
v -0.04750925 -0.03723716 0.02447296
v -0.03753111 -0.04268959 0.01279318
v -0.03748069 -0.04387223 0.00768855
v -0.04750042 -0.04416665 0.00596288
v -0.03763859 -0.04447069 0.00270579
v -0.03737181 -0.04438677 -0.00428541
v -0.04750306 -0.04438094 -0.00404922
v -0.03750191 -0.04314769 -0.01115898
v -0.03749195 -0.04151516 -0.01612415
v -0.04750916 -0.04053550 -0.01850418
v -0.03764541 -0.03942383 -0.02075423
v -0.03733163 -0.03572339 -0.02670251
v -0.04749744 -0.03547591 -0.02697975
v -0.03764643 -0.03114271 -0.03185636
v -0.04749998 -0.02855189 -0.03422087
v -0.03734918 -0.02722248 -0.03527594
v -0.03764813 -0.02297681 -0.03816840
v -0.04750262 -0.02018864 -0.03973053
v -0.03762798 -0.01835353 -0.04056328
v -0.03754673 -0.01361331 -0.04243067
v -0.03734979 -0.00848825 -0.04374148
v -0.04750906 -0.00590388 -0.04416646
v -0.03764594 -0.00345226 -0.04441902
v -0.03706249 0.00009187 -0.04466652
v -0.04749703 0.00396340 -0.04439329
v -0.03764321 0.00682367 -0.04402764
v -0.03736846 0.01354955 -0.04248376
v -0.04749955 0.01377921 -0.04238444
v -0.03764793 0.02004219 -0.03978767
v -0.04750217 0.02289511 -0.03823534
v -0.03739645 0.02592699 -0.03626588
v -0.03746472 0.03116383 -0.03187680
v -0.04750897 0.03425223 -0.02850116
v -0.03733643 0.03476802 -0.02787870
v -0.03757385 0.03760287 -0.02392658
v -0.04749502 0.03969120 -0.02027900
v -0.03734779 0.04024298 -0.01913259
v -0.03764567 0.04217634 -0.01434688
v -0.04749912 0.04321769 -0.01088887
v -0.03762239 0.04355350 -0.00925428
v -0.03764768 0.04434668 -0.00425557
v -0.04750173 0.04455594 -0.00096237
v -0.03705981 0.04461085 0.00084066
v -0.03754824 0.04415043 0.00603086
v -0.04750441 0.04364418 0.00900851
v -0.03735091 0.04273276 0.01273477
v -0.03749780 0.04025635 0.01914200
v -0.04750947 0.03820008 0.02294084
v -0.03749802 0.03676441 0.02519453
v -0.03733156 0.03239630 0.03065361
v -0.04749870 0.03221776 0.03079578
v -0.03764740 0.02724282 0.03524990
v -0.04750129 0.02452515 0.03721164
v -0.03754784 0.02167599 0.03892972
v -0.03746383 0.01529817 0.04187238
v -0.04750396 0.01559753 0.04174587
v -0.03746699 0.00528250 0.04426476
v -0.03733848 0.01015517 0.04339143
v -0.04750937 0.00090473 0.04455009
v -0.03749826 -0.00172008 0.04453562
v -0.03750066 -0.00862661 0.04373293
v -0.04749827 -0.00892840 0.04366550
v -0.03764710 -0.01529845 0.04184105
v -0.04750085 -0.01845454 0.04056660
v -0.03766124 -0.02140002 0.03906977
v -0.03746345 -0.02727331 0.03526334
v -0.04750351 -0.02704483 0.03542047
v -0.03750130 -0.03244453 0.03055528
v -0.03763053 -0.03662768 0.02536273
v -0.03049996 0.03457256 -0.02568563
v -0.03049975 0.03958007 -0.02047710
v -0.03066320 0.03576218 -0.02703258
v -0.03049979 0.03059580 -0.03240052
v -0.03050005 0.02796044 -0.03274670
v -0.03049979 0.02261895 -0.03839635
v -0.03050000 0.02185354 -0.03703273
v -0.03049996 0.01519757 -0.04029947
v -0.03049979 0.01350782 -0.04246688
v -0.03050005 0.00581762 -0.04266483
v -0.03049979 0.00371937 -0.04440792
v -0.03050000 -0.00163704 -0.04296883
v -0.03049979 -0.00625555 -0.04412216
v -0.03049996 -0.00900254 -0.04211850
v -0.03066320 -0.01370407 -0.04268363
v -0.03050005 -0.01817224 -0.03903719
v -0.03049979 -0.02047712 -0.03958011
v -0.03050000 -0.02460787 -0.03526263
v -0.03066320 -0.02703258 -0.03576218
v -0.03049996 -0.03034437 -0.03056522
v -0.03049979 -0.03240052 -0.03059580
v -0.03050005 -0.03639255 -0.02301553
v -0.03049979 -0.03839635 -0.02261895
v -0.03050000 -0.03976587 -0.01636079
v -0.03049979 -0.04246688 -0.01350782
v -0.03049996 -0.04205211 -0.00930773
v -0.03049979 -0.04440792 -0.00371937
v -0.03050005 -0.04305850 0.00031337
v -0.03049979 -0.04412216 0.00625555
v -0.03050000 -0.04229849 0.00773548
v -0.03049996 -0.04040861 0.01490496
v -0.03066320 -0.04268363 0.01370407
v -0.03049979 -0.03958011 0.02047712
v -0.03050005 -0.03605369 0.02354281
v -0.03066320 -0.03576218 0.02703258
v -0.03050000 -0.03140164 0.02937579
v -0.03049979 -0.03059580 0.03240052
v -0.03049996 -0.02593562 0.03438542
v -0.03049979 -0.02261895 0.03839635
v -0.03050005 -0.01760211 0.03929756
v -0.03049979 -0.01350782 0.04246688
v -0.03050000 -0.01053499 0.04168950
v -0.03049996 -0.00322831 0.04294871
v -0.03049979 -0.00371937 0.04440792
v -0.03050005 0.00643806 0.04257563
v -0.03049979 0.00625555 0.04412216
v -0.03050000 0.01367645 0.04076708
v -0.03066320 0.01370407 0.04268363
v -0.03049996 0.02050403 0.03787609
v -0.03049979 0.02047712 0.03958011
v -0.03050005 0.02843422 0.03233617
v -0.03066320 0.02703258 0.03576218
v -0.03049979 0.03240052 0.03059580
v -0.03050000 0.03354571 0.02690141
v -0.03049996 0.03772643 0.02077811
v -0.03049979 0.03839635 0.02261895
v -0.03050005 0.04140261 0.01183030
v -0.03049979 0.04246688 0.01350782
v -0.03050000 0.04276444 0.00449473
v -0.03049979 0.04440792 0.00371937
v -0.03049996 0.04297099 -0.00291683
v -0.03049979 0.04412216 -0.00625555
v -0.03050005 0.04122601 -0.01243177
v -0.03066320 0.04268363 -0.01370407
v -0.03050000 0.03840577 -0.01933900
v -0.03099373 0.04016404 -0.02044372
v -0.03099373 0.04466230 -0.00603116
v -0.03099373 0.04488458 0.00405830
v -0.03099373 0.04285616 0.01394435
v -0.03099373 0.03867877 0.02313112
v -0.03099373 0.03256185 0.03115801
v -0.03099373 0.02044372 0.04016404
v -0.03099373 0.00603116 0.04466230
v -0.03099373 -0.00405830 0.04488458
v -0.03099373 -0.01394435 0.04285616
v -0.03099373 -0.02313112 0.03867877
v -0.03099373 -0.03115801 0.03256185
v -0.03099373 -0.04016404 0.02044372
v -0.03099373 -0.04466230 0.00603116
v -0.03099373 -0.04488458 -0.00405830
v -0.03099373 -0.04285616 -0.01394435
v -0.03099373 -0.03867877 -0.02313112
v -0.03099373 -0.03256185 -0.03115801
v -0.03099373 -0.02044372 -0.04016404
v -0.03099373 -0.00603116 -0.04466230
v -0.03099373 0.00405830 -0.04488458
v -0.03099373 0.01394435 -0.04285616
v -0.03099373 0.02313112 -0.03867877
v -0.03099373 0.03115801 -0.03256185
v -0.04650000 -0.01588389 -0.01761230
v -0.04643083 -0.04223434 0.00473707
v -0.04650000 -0.01449207 -0.01545016
v -0.04649044 -0.04047956 0.01209813
v -0.04650000 -0.01219464 -0.01410286
v -0.04646591 -0.03817716 0.01859883
v -0.04645227 -0.03236160 0.02757212
v -0.04650000 0.00857293 0.02347897
v -0.04646045 -0.00564667 0.04215470
v -0.04644828 0.00397446 0.04229134
v -0.04650000 0.01157030 0.02411235
v -0.04650000 0.00644041 0.02131902
v -0.04646620 -0.01543715 0.03945208
v -0.04642563 -0.04236251 -0.00390576
v -0.04650000 -0.00644041 -0.02131902
v -0.04646979 0.01379762 -0.04017048
v -0.04650000 -0.00857293 -0.02347897
v -0.04649044 0.00409925 -0.04204944
v -0.04649270 0.04186159 -0.00667818
v -0.04650000 0.01449207 0.01545016
v -0.04650000 0.01588389 0.01761230
v -0.04649250 -0.03948923 -0.01541535
v -0.04646592 0.03539601 -0.02353462
v -0.04646689 0.02597889 -0.03364060
v -0.04650000 0.01219464 0.01410286
v -0.04645944 0.04203253 0.00650527
v -0.04650000 -0.01578062 -0.02067412
v -0.04649288 -0.03012921 -0.02981915
v -0.04650000 0.00830896 0.01466410
v -0.04650000 -0.00605030 -0.01785792
v -0.04650000 0.01578062 0.02067412
v -0.04643614 0.03853787 0.01798867
v -0.04642836 -0.00389030 -0.04236031
v -0.04650000 -0.01157030 -0.02411235
v -0.04646805 -0.01335956 -0.04019929
v -0.04646133 -0.02007832 -0.03737094
v -0.04650000 -0.01432936 -0.02284718
v -0.04643245 -0.02447224 0.03478761
v -0.04650000 0.00605030 0.01785792
v -0.04650000 -0.00830896 -0.01466410
v -0.04645091 0.01164291 0.04089119
v -0.04650000 0.01432936 0.02284718
v -0.04642370 0.02154890 0.03670082
v -0.04643376 0.02878085 0.03126505
v -0.04644177 0.03312188 0.02657197
v -0.04576109 -0.03326161 0.02728299
v -0.04605390 -0.03613199 0.02312194
v -0.04605347 -0.02956740 0.03107918
v -0.04577969 -0.02568904 0.03450458
v -0.04584806 -0.02104118 0.03746578
v -0.04600624 -0.01639715 0.03970186
v -0.04600507 -0.01009652 0.04175153
v -0.04598735 -0.00308795 0.04285884
v -0.04576639 0.00413308 0.04281651
v -0.04576112 0.01100011 0.04158958
v -0.04605347 0.01598787 0.03980622
v -0.04575067 0.02061152 0.03776358
v -0.04582979 0.02651926 0.03385304
v -0.04584403 0.03403225 0.02627778
v -0.04577919 0.03053434 0.03024541
v -0.04602711 0.03688326 0.02195228
v -0.04571875 0.03953222 0.01699178
v -0.04601252 0.04162897 0.01059205
v -0.04600301 0.04276647 0.00400727
v -0.04598735 0.04286206 -0.00304290
v -0.04602636 0.04204010 -0.00865639
v -0.04605391 0.04118258 -0.01200580
v -0.04576112 0.03960078 -0.01680695
v -0.04599489 0.03612201 -0.02325102
v -0.04597853 0.03187115 -0.02882561
v -0.04600006 0.02667856 -0.03366594
v -0.04600316 0.02114104 -0.03739021
v -0.04583200 0.01501420 -0.04030245
v -0.04599416 0.00795202 -0.04221649
v -0.04583190 -0.00206895 -0.04295048
v -0.04602954 0.00278613 -0.04282996
v -0.04598759 -0.00938094 -0.04193269
v -0.04584805 -0.01453567 -0.04043674
v -0.04601252 -0.01925627 -0.03839738
v -0.04578416 -0.02516864 -0.03487560
v -0.04585398 -0.02921674 -0.03150539
v -0.04604873 -0.03273966 -0.02778133
v -0.04574933 -0.03692092 -0.02209573
v -0.04585838 -0.03937065 -0.01720233
v -0.04574063 -0.04119553 -0.01239309
v -0.04586548 -0.04235232 -0.00721135
v -0.04582163 -0.04296753 -0.00177275
v -0.04578265 -0.04271604 0.00506958
v -0.04605347 -0.04167635 0.01016014
v -0.04602711 -0.04074383 0.01349878
v -0.04575651 -0.03879198 0.01860854
v -0.03800000 0.05155865 -0.00058512
v -0.03800000 0.05114907 0.00119427
v -0.03800000 0.04975230 0.00180111
v -0.03800000 0.04850876 0.00122830
v -0.03800000 0.04798642 -0.00020876
v -0.03800000 0.04881458 -0.00148491
v -0.03800000 0.05015973 -0.00176547
v -0.03800000 0.02675271 -0.04307641
v -0.03800000 0.02548513 -0.04136942
v -0.03800000 0.02384168 -0.04169420
v -0.03800000 0.02304729 -0.04317972
v -0.03800000 0.02391458 -0.04461299
v -0.03800000 0.02558220 -0.04485138
v -0.03800000 -0.02322501 -0.04385407
v -0.03800000 -0.02325343 -0.04248731
v -0.03800000 -0.02417399 -0.04145309
v -0.03800000 -0.02613047 -0.04174201
v -0.03800000 -0.02667093 -0.04332766
v -0.03800000 -0.02602119 -0.04453846
v -0.03800000 -0.02454028 -0.04489353
v -0.03800000 -0.04850876 -0.00122830
v -0.03800000 -0.04798642 0.00020876
v -0.03800000 -0.04881458 0.00148491
v -0.03800000 -0.05015973 0.00176547
v -0.03800000 -0.05155865 0.00058512
v -0.03800000 -0.05114907 -0.00119427
v -0.03800000 -0.04975230 -0.00180111
v -0.03800000 -0.02304729 0.04317972
v -0.03800000 -0.02391458 0.04461299
v -0.03800000 -0.02558220 0.04485138
v -0.03800000 -0.02675271 0.04307641
v -0.03800000 -0.02548513 0.04136942
v -0.03800000 -0.02384168 0.04169420
v -0.03800000 0.02673394 0.04269174
v -0.03800000 0.02602119 0.04453846
v -0.03800000 0.02454028 0.04489353
v -0.03800000 0.02322501 0.04385407
v -0.03800000 0.02336404 0.04218620
v -0.03800000 0.02495167 0.04127536
v -0.03796860 -0.02673657 0.04510852
v -0.03795181 -0.02756590 0.04371179
v -0.03794242 -0.02742180 0.04212510
v -0.03797243 -0.02668818 0.04113099
v -0.03794219 -0.02488710 0.04041390
v -0.03797352 -0.02370530 0.04072911
v -0.03794546 -0.02236833 0.04215546
v -0.03796353 -0.02222171 0.04330773
v -0.03795815 -0.02251334 0.04439055
v -0.03797099 -0.02406359 0.04567373
v -0.03796824 0.02746014 0.04398969
v -0.03795803 0.02644459 0.04532077
v -0.03795853 0.02480100 0.04583269
v -0.03794317 0.02345906 0.04542822
v -0.03797430 0.02263514 0.04455991
v -0.03794547 0.02223554 0.04262217
v -0.03796353 0.02271750 0.04156531
v -0.03795815 0.02353550 0.04079822
v -0.03796280 0.02550601 0.04051218
v -0.03795703 0.02657554 0.04100520
v -0.03795103 0.02750782 0.04231777
v -0.03795654 0.05249509 -0.00010005
v -0.03797365 0.05198363 0.00155426
v -0.03794471 0.05086301 0.00251987
v -0.03795941 0.04924999 0.00264703
v -0.03796403 0.04744679 0.00132478
v -0.03797277 0.04722624 -0.00074828
v -0.03795103 0.04858255 -0.00244441
v -0.03794242 0.05016662 -0.00268905
v -0.03797919 0.05187792 -0.00169822
v -0.03799649 0.02659322 -0.04511273
v -0.03795181 0.02756590 -0.04371179
v -0.03794242 0.02742180 -0.04212510
v -0.03797243 0.02668818 -0.04113099
v -0.03794219 0.02488710 -0.04041390
v -0.03797352 0.02370530 -0.04072911
v -0.03794546 0.02236833 -0.04215546
v -0.03796353 0.02222171 -0.04330773
v -0.03795815 0.02251334 -0.04439055
v -0.03797099 0.02406359 -0.04567373
v -0.03796498 -0.05243924 0.00060987
v -0.03797337 -0.05198617 -0.00155203
v -0.03794471 -0.05086301 -0.00251987
v -0.03795941 -0.04924999 -0.00264703
v -0.03796569 -0.04744881 -0.00129981
v -0.03797277 -0.04722624 0.00074828
v -0.03795103 -0.04858255 0.00244441
v -0.03794242 -0.05016662 0.00268905
v -0.03797919 -0.05187792 0.00169822
v -0.03796824 -0.02746014 -0.04398969
v -0.03795803 -0.02644459 -0.04532077
v -0.03795853 -0.02480100 -0.04583269
v -0.03794317 -0.02345906 -0.04542822
v -0.03797430 -0.02263514 -0.04455991
v -0.03794547 -0.02223554 -0.04262217
v -0.03796353 -0.02271750 -0.04156531
v -0.03795815 -0.02353550 -0.04079822
v -0.03796280 -0.02550601 -0.04051218
v -0.03795703 -0.02657554 -0.04100520
v -0.03795103 -0.02750782 -0.04231777
v -0.03721115 -0.02604554 0.04583781
v -0.03788692 -0.02589868 0.04566557
v -0.03703530 -0.02747907 0.04466666
v -0.03657745 -0.02677130 0.04583431
v -0.03615547 -0.02762212 0.04598287
v -0.03633111 -0.02547889 0.04671739
v -0.03789679 -0.02518761 0.04583909
v -0.03787426 0.02711085 0.04474197
v -0.03713207 0.02709744 0.04509296
v -0.03782954 0.02581429 0.04571444
v -0.03703532 0.02494292 0.04613089
v -0.03657745 0.02630801 0.04610179
v -0.03625399 0.02537565 0.04685167
v -0.03608671 0.02553362 0.04736637
v -0.03622993 0.02767136 0.04562881
v -0.03791158 0.05233125 -0.00100090
v -0.03702811 0.05260289 -0.00106676
v -0.03777717 0.05247355 0.00068302
v -0.03657746 0.05307933 0.00026748
v -0.03667982 0.05271753 0.00141532
v -0.03618154 0.05327182 0.00190614
v -0.03632702 0.05316489 -0.00159557
v -0.03703530 0.02747907 -0.04466666
v -0.03781766 0.02681404 -0.04512528
v -0.03657745 0.02677130 -0.04583431
v -0.03615547 0.02762212 -0.04598287
v -0.03788692 0.02589868 -0.04566557
v -0.03670241 0.02561912 -0.04624317
v -0.03618454 0.02540363 -0.04705230
v -0.03789679 0.02518761 -0.04583909
v -0.03787426 -0.02711085 -0.04474197
v -0.03713207 -0.02709744 -0.04509296
v -0.03782954 -0.02581429 -0.04571444
v -0.03703532 -0.02494292 -0.04613089
v -0.03657745 -0.02630801 -0.04610179
v -0.03619295 -0.02503144 -0.04700479
v -0.03622993 -0.02767136 -0.04562881
v -0.03621657 -0.02485729 0.03928350
v -0.03616747 -0.02276948 0.03964206
v -0.03644507 -0.02288195 0.04027443
v -0.03695330 -0.02348815 0.04583044
v -0.03787808 -0.02306237 0.04517625
v -0.03730572 -0.02222188 0.04428972
v -0.03697792 -0.02188464 0.04300371
v -0.03784769 -0.02278423 0.04137608
v -0.03696809 -0.02365980 0.04034469
v -0.03697253 -0.02512907 0.04012857
v -0.03697515 -0.02628345 0.04044428
v -0.03787940 -0.02600295 0.04062582
v -0.03730573 -0.02723794 0.04137998
v -0.03697956 -0.02791779 0.04305457
v -0.03648094 -0.02419488 0.04647948
v -0.03650118 -0.02191054 0.04485295
v -0.03653109 -0.02170129 0.04194256
v -0.03653019 -0.02802485 0.04172662
v -0.03645764 -0.02818235 0.04422230
v -0.03614586 -0.02307884 0.04674046
v -0.03625677 -0.02718863 0.04005182
v -0.03649194 0.02175518 0.04174066
v -0.03647071 0.02325499 0.04010865
v -0.03609050 0.02425925 0.03893311
v -0.03698175 0.02791190 0.04303556
v -0.03698175 0.02770621 0.04203021
v -0.03695330 0.02699477 0.04091265
v -0.03697792 0.02582431 0.04025517
v -0.03787183 0.02441970 0.04043538
v -0.03728615 0.02345262 0.04061200
v -0.03698415 0.02258736 0.04119797
v -0.03728615 0.02205135 0.04257067
v -0.03699156 0.02210388 0.04428372
v -0.03788141 0.02224254 0.04376845
v -0.03698175 0.02285437 0.04534064
v -0.03648512 0.02818266 0.04409040
v -0.03647133 0.02456209 0.03972081
v -0.03647328 0.02148569 0.04335888
v -0.03698175 0.02371548 0.04589881
v -0.03622219 0.02845664 0.04169180
v -0.03622258 0.02682058 0.03972774
v -0.03622219 0.02152153 0.04494425
v -0.03621407 0.02282944 0.04637400
v -0.03621657 0.04644917 0.00188531
v -0.03614220 0.04580118 0.00018487
v -0.03697253 0.05182444 -0.00222511
v -0.03788021 0.05106840 -0.00241950
v -0.03697956 0.04914510 -0.00294679
v -0.03697254 0.04802615 -0.00242959
v -0.03697514 0.04721089 -0.00155343
v -0.03788141 0.04754164 -0.00154012
v -0.03693501 0.04674378 -0.00026251
v -0.03705648 0.04685842 0.00052363
v -0.03790247 0.04708758 0.00023606
v -0.03697253 0.04731690 0.00169814
v -0.03705649 0.04826619 0.00256408
v -0.03790247 0.04819936 0.00220248
v -0.03697254 0.04945351 0.00298821
v -0.03681766 0.05070819 0.00297449
v -0.03647603 0.05131910 -0.00307843
v -0.03639879 0.04917899 -0.00354724
v -0.03647328 0.04779161 0.00277077
v -0.03698175 0.05160728 0.00241119
v -0.03631620 0.04673943 -0.00212344
v -0.03627801 0.05058656 0.00368169
v -0.03648277 0.02360908 -0.03995484
v -0.03611172 0.02207233 -0.04020735
v -0.03698349 0.02420835 -0.04606028
v -0.03787183 0.02307407 -0.04516453
v -0.03730572 0.02222188 -0.04428972
v -0.03697792 0.02188464 -0.04300371
v -0.03700115 0.02237805 -0.04145880
v -0.03787027 0.02314473 -0.04102905
v -0.03705037 0.02486039 -0.04013688
v -0.03697515 0.02628345 -0.04044428
v -0.03787940 0.02600295 -0.04062582
v -0.03695331 0.02734976 -0.04131291
v -0.03697956 0.02791779 -0.04305457
v -0.03650118 0.02266271 -0.04575611
v -0.03648123 0.02166878 -0.04426263
v -0.03647328 0.02516587 -0.03971630
v -0.03648123 0.02823581 -0.04235322
v -0.03645764 0.02818235 -0.04422230
v -0.03633298 0.02128810 -0.04244831
v -0.03624129 0.02701872 -0.03992861
v -0.03617088 -0.02288845 -0.03956689
v -0.03646560 -0.02326016 -0.04010055
v -0.03698175 -0.02791190 -0.04303556
v -0.03698175 -0.02770621 -0.04203021
v -0.03730572 -0.02691482 -0.04101565
v -0.03697792 -0.02582431 -0.04025517
v -0.03787183 -0.02441970 -0.04043538
v -0.03728615 -0.02345262 -0.04061200
v -0.03698415 -0.02258736 -0.04119797
v -0.03706134 -0.02193359 -0.04271512
v -0.03699156 -0.02210388 -0.04428372
v -0.03788141 -0.02224254 -0.04376845
v -0.03698175 -0.02285437 -0.04534064
v -0.03648512 -0.02818266 -0.04409040
v -0.03635161 -0.02777770 -0.04095646
v -0.03647134 -0.02456212 -0.03972081
v -0.03648163 -0.02167638 -0.04195620
v -0.03698175 -0.02371548 -0.04589881
v -0.03622219 -0.02152153 -0.04494425
v -0.03621407 -0.02282944 -0.04637400
v -0.03646843 -0.01417612 -0.04290419
v -0.03643294 0.04150015 -0.01792517
v -0.03668224 0.04357032 -0.01120873
v -0.03668224 0.04477899 -0.00434166
v -0.03665034 0.04459682 0.00617595
v -0.03639782 0.04075559 0.01962934
v -0.03668224 0.02754937 0.03556741
v -0.03665033 0.02167752 0.03946016
v -0.03668223 -0.01207810 0.04333737
v -0.03668224 -0.01862949 0.04095058
v -0.03665857 -0.02471122 0.03762602
v -0.03665033 -0.03509640 0.02820040
v -0.03643977 -0.03922213 0.02246168
v -0.03643294 -0.04216401 0.01630249
v -0.03661200 -0.04445948 0.00770674
v -0.03669705 -0.04497899 -0.00078016
v -0.03665034 -0.04130707 -0.01790936
v -0.03668056 -0.03895764 -0.02243676
v -0.03668224 -0.03149221 -0.03212862
v -0.03643294 -0.02630460 -0.03676470
v -0.03668224 -0.02017867 -0.04020981
v -0.03657042 -0.00664488 -0.04458573
v -0.03665033 0.00357238 -0.04488048
v -0.03668056 0.00861659 -0.04412325
v -0.03668224 0.01702761 -0.04164215
v -0.03668224 0.02325761 -0.03851094
v -0.03657043 0.03635098 -0.02665797
v -0.03668056 0.03890961 -0.02251995
v -0.03657601 0.03718139 0.02553687
v -0.03657601 0.01539948 0.04239627
v -0.03646365 0.00861583 0.04439000
v -0.03648769 0.00175148 0.04515223
v -0.03657601 -0.00526594 0.04479796
v -0.03657601 -0.03033377 0.03338337
v -0.03657601 -0.04367319 -0.01128005
v -0.03657601 0.03160539 -0.03218209
v -0.03629605 0.03306038 0.03117200
v -0.03607994 -0.04588051 -0.00171220
v -0.03629606 -0.03645568 -0.02712315
v -0.03612506 -0.04582787 0.00060627
v -0.03728835 -0.05175313 -0.00217452
v -0.03778632 -0.05249888 -0.00059496
v -0.03662278 -0.05299561 -0.00090269
v -0.03690498 -0.05266920 0.00109099
v -0.03651317 -0.04639066 -0.00017533
v -0.03697253 -0.05182444 0.00222511
v -0.03788021 -0.05106840 0.00241950
v -0.03697956 -0.04914510 0.00294679
v -0.03697254 -0.04802615 0.00242959
v -0.03697514 -0.04721089 0.00155343
v -0.03786962 -0.04740647 0.00135235
v -0.03705648 -0.04685842 -0.00052363
v -0.03790247 -0.04708758 -0.00023606
v -0.03705649 -0.04826619 -0.00256408
v -0.03790247 -0.04819936 -0.00220248
v -0.03698353 -0.04996156 -0.00304093
v -0.03647603 -0.05131910 0.00307843
v -0.03639879 -0.04917899 0.00354724
v -0.03648203 -0.04730821 -0.00240329
v -0.03650827 -0.05193327 -0.00266488
v -0.03623266 -0.05328581 0.00166051
v -0.03632802 -0.04674405 0.00210137
v -0.03613343 -0.05125260 -0.00380047
v -0.03614855 -0.05366378 -0.00102306
v -0.04624328 -0.04098065 -0.01209093
v -0.04628975 0.03922613 -0.01683193
v -0.04631862 -0.03654772 -0.02195892
v -0.04631862 -0.02483503 -0.03465763
v -0.04900000 0.01150272 -0.02993055
v -0.04890289 0.01857565 -0.02723484
v -0.04900000 0.01751805 -0.02677906
v -0.04900000 0.02227456 -0.02306500
v -0.04890214 0.02344786 -0.02307403
v -0.04891265 0.02758334 -0.01804513
v -0.04900000 0.02760549 -0.01631854
v -0.04890214 0.03049304 -0.01234453
v -0.04900000 0.03091936 -0.00849372
v -0.04890289 0.03239291 -0.00612294
v -0.04900000 0.03206477 -0.00002315
v -0.04890289 0.03287388 0.00246957
v -0.04900000 0.03093161 0.00844903
v -0.04890289 0.03111456 0.01089382
v -0.04900000 0.02839805 0.01474960
v -0.04890289 0.02723484 0.01857565
v -0.04900000 0.02517877 0.01985397
v -0.04890214 0.02307403 0.02344786
v -0.04900000 0.01903880 0.02580067
v -0.04890289 0.01805311 0.02758398
v -0.04900000 0.01154593 0.02991391
v -0.04890214 0.01234453 0.03049304
v -0.04890289 0.00612294 0.03239291
v -0.04900000 0.00497069 0.03161158
v -0.04900000 -0.00104830 0.03204764
v -0.04890289 -0.00246957 0.03287388
v -0.04900000 -0.00947789 0.03063201
v -0.04890289 -0.01089382 0.03111456
v -0.04900000 -0.01723397 0.02703961
v -0.04890289 -0.01857565 0.02723484
v -0.04900000 -0.02376537 0.02152574
v -0.04890214 -0.02344786 0.02307403
v -0.04890289 -0.02758398 0.01805311
v -0.04900000 -0.02771281 0.01600000
v -0.04900000 -0.03028300 0.01053993
v -0.04890214 -0.03049304 0.01234453
v -0.04890289 -0.03239291 0.00612294
v -0.04900000 -0.03199162 0.00216479
v -0.04890289 -0.03287388 -0.00246957
v -0.04900000 -0.03142686 -0.00636418
v -0.04890289 -0.03111456 -0.01089382
v -0.04900000 -0.02862885 -0.01444088
v -0.04890289 -0.02723484 -0.01857565
v -0.04900000 -0.02489109 -0.02011054
v -0.04900000 -0.02071961 -0.02447137
v -0.04890214 -0.02307403 -0.02344786
v -0.04890289 -0.01805311 -0.02758398
v -0.04900000 -0.01351820 -0.02907591
v -0.04890214 -0.01234453 -0.03049304
v -0.04900000 -0.00707101 -0.03120899
v -0.04890289 -0.00612294 -0.03239291
v -0.04900000 -0.00109458 -0.03204609
v -0.04890289 0.00246957 -0.03287388
v -0.04900000 0.00567373 -0.03149300
v -0.04889067 0.01088837 -0.03112297
v -0.04849965 -0.02802275 0.00551277
v -0.04850000 -0.01502969 -0.01584915
v -0.04849981 -0.02549640 0.01286887
v -0.04850000 -0.01237373 -0.01422714
v -0.04849896 0.00211591 -0.02858973
v -0.04850000 -0.00633294 -0.02108856
v -0.04850000 -0.00873354 -0.02361215
v -0.04849978 -0.00741230 -0.02758135
v -0.04849981 0.01457881 0.02455876
v -0.04850000 0.01176678 0.02404214
v -0.04850000 0.01415884 0.02299027
v -0.04850000 -0.01415884 -0.02299027
v -0.04849981 -0.01457881 -0.02455876
v -0.04850000 -0.01176678 -0.02404214
v -0.04849978 -0.02066404 -0.01971472
v -0.04850000 -0.01604419 -0.02008037
v -0.04850000 0.01237373 0.01422714
v -0.04849965 0.02549626 -0.01286880
v -0.04850000 0.01502969 0.01584915
v -0.04849965 0.02802275 -0.00551277
v -0.04849883 0.02837856 0.00406200
v -0.04849922 0.01333105 -0.02538007
v -0.04849965 0.02107883 -0.01927040
v -0.04849978 0.00741230 0.02758135
v -0.04850000 0.00873354 0.02361215
v -0.04850000 0.01604419 0.02008037
v -0.04849978 0.02066404 0.01971472
v -0.04849975 -0.02521671 -0.01340854
v -0.04850000 -0.00720538 -0.01572319
v -0.04850000 0.00980536 0.01410286
v -0.04850000 -0.00980536 -0.01410286
v -0.04850000 0.00720538 0.01572319
v -0.04850000 0.00604908 0.01806656
v -0.04849975 0.02521671 0.01340854
v -0.04850000 -0.00604908 -0.01806656
v -0.04849883 -0.02837856 -0.00406200
v -0.04850000 0.00633294 0.02108856
v -0.04849883 -0.01968388 0.02084196
v -0.04849896 -0.00211591 0.02858973
v -0.04849965 -0.01165639 0.02607286
v -0.05049336 0.02898910 -0.00969617
v -0.05050000 0.03030263 -0.00346420
v -0.05049335 0.03045210 0.00265583
v -0.05049336 0.02860631 0.01077324
v -0.05050000 0.02569230 0.01643641
v -0.05049335 0.02194597 0.02127811
v -0.05049335 0.01539138 0.02641002
v -0.05049335 0.00769529 0.02958321
v -0.05049335 -0.00057153 0.03056234
v -0.05049335 -0.00879594 0.02927482
v -0.05049335 -0.01636803 0.02581610
v -0.05049335 -0.02272615 0.02044274
v -0.05050000 -0.02641378 0.01525000
v -0.05049336 -0.02898910 0.00969617
v -0.05050000 -0.03030263 0.00346420
v -0.05049335 -0.03045210 -0.00265583
v -0.05049336 -0.02860631 -0.01077324
v -0.05050000 -0.02569230 -0.01643641
v -0.05049335 -0.02194597 -0.02127811
v -0.05049335 -0.01539138 -0.02641002
v -0.05049335 -0.00769529 -0.02958321
v -0.05049335 0.00057153 -0.03056234
v -0.05049335 0.00879594 -0.02927482
v -0.05049335 0.01636803 -0.02581610
v -0.05049335 0.02272615 -0.02044274
v -0.05050000 0.02641378 -0.01525000
v -0.06000000 0.02556985 -0.01674418
v -0.06000000 0.02913918 -0.00922458
v -0.06000000 0.03030263 -0.00346420
v -0.06000000 0.03040187 0.00314816
v -0.06000000 0.02842512 0.01123376
v -0.06000000 0.02434020 0.01848619
v -0.06000000 0.02030507 0.02275860
v -0.06000000 0.01496019 0.02665291
v -0.06000000 0.00721457 0.02970076
v -0.06000000 -0.00106614 0.03054583
v -0.06000000 -0.00688356 0.02971307
v -0.06000000 -0.01314736 0.02759224
v -0.06000000 -0.02010413 0.02302193
v -0.06000000 -0.02556985 0.01674418
v -0.06000000 -0.02913918 0.00922458
v -0.06000000 -0.03030263 0.00346420
v -0.06000000 -0.03040187 -0.00314816
v -0.06000000 -0.02842512 -0.01123376
v -0.06000000 -0.02434020 -0.01848619
v -0.06000000 -0.02030507 -0.02275860
v -0.06000000 -0.01496019 -0.02665291
v -0.06000000 -0.00721457 -0.02970076
v -0.06000000 0.00106614 -0.03054583
v -0.06000000 0.00688356 -0.02971307
v -0.06000000 0.01314736 -0.02759224
v -0.06000000 0.02010413 -0.02302193
v -0.05988453 0.02782424 -0.01576055
v -0.05990293 0.03100064 -0.00780157
v -0.05990293 0.03196030 0.00066588
v -0.05990293 0.03064881 0.00908597
v -0.05990293 0.02715935 0.01686042
v -0.05990214 0.02324014 0.02184751
v -0.05990293 0.01842212 0.02612527
v -0.05990214 0.01286699 0.02918660
v -0.05990293 0.00676131 0.03124402
v -0.05990293 -0.00173345 0.03192020
v -0.05990214 -0.00799037 0.03087995
v -0.05995104 -0.01305093 0.02910737
v -0.05993818 -0.02202834 0.02306185
v -0.05990214 -0.02540869 0.01928253
v -0.05990293 -0.02882549 0.01382011
v -0.05990293 -0.03145250 0.00571351
v -0.05990214 -0.03189107 -0.00061412
v -0.05990293 -0.03118724 -0.00701858
v -0.05990214 -0.02912076 -0.01301533
v -0.05995104 -0.02653115 -0.01771056
v -0.05993818 -0.01907666 -0.02555734
v -0.05990214 -0.01478771 -0.02826201
v -0.05990293 -0.00883307 -0.03072265
v -0.05990293 -0.00040244 -0.03196470
v -0.05990293 0.00805677 -0.03093530
v -0.05990214 0.01398112 -0.02866959
v -0.05990293 0.01949427 -0.02533530
v -0.05990214 0.02406402 -0.02093658
v -0.05970664 -0.02345542 -0.02186788
v -0.05970664 -0.01766194 0.02676596
v 0.03732945 -0.01395266 0.00129658
v 0.03736366 -0.01471227 0.00218650
v 0.03738967 -0.01343772 0.00616999
v 0.03738365 0.00160083 0.01389422
v 0.03734010 0.00215133 0.01504710
v 0.03735514 0.00646669 0.01375157
v 0.03738115 -0.01332707 -0.00438237
v 0.03733197 -0.01389288 -0.00137029
v 0.03738115 -0.00438237 0.01332707
v 0.03733171 -0.00139294 0.01388949
v 0.03733350 -0.01080530 0.00883599
v 0.03734192 -0.00897279 0.01072984
v 0.03738413 0.00634116 0.01243161
v 0.03734357 -0.01356712 -0.01068929
v 0.03735563 -0.02154576 -0.00720111
v 0.03735479 -0.01407084 -0.00511082
v 0.03733916 0.01072469 0.00898401
v 0.03733730 0.00769605 0.00248991
v 0.03733286 0.00664836 0.00457714
v 0.03734452 0.01213105 0.00908514
v 0.03737967 0.01332996 0.00438197
v 0.03734317 0.01388574 0.00137342
v 0.03734192 -0.01213068 -0.00908689
v 0.03734792 -0.00203731 -0.01714654
v 0.03738284 -0.00618230 -0.01338395
v 0.03733708 -0.00660478 -0.01233949
v 0.03734110 0.00203358 0.01715489
v 0.03735975 0.00982267 0.01955167
v 0.03734192 -0.00908689 0.01213068
v 0.03735435 0.01407172 0.00511069
v 0.03734110 0.01356830 0.01069238
v 0.03735975 0.02077079 0.00687944
v 0.03738295 -0.02995192 0.01209826
v 0.03730406 -0.02893966 0.01245677
v 0.03733679 -0.03110494 0.00925701
v 0.03735103 -0.02561383 0.01192234
v 0.03734687 -0.02734455 0.00387967
v 0.03733673 -0.01072540 -0.00898525
v 0.03735146 -0.00972452 -0.01929789
v 0.03733928 -0.01231153 0.00663515
v 0.03733804 -0.00807591 -0.00028242
v 0.03733248 -0.00723560 -0.00357656
v 0.03733677 -0.00135773 0.00796470
v 0.03731804 -0.00458229 0.00663622
v 0.03733603 -0.00626858 0.00509025
v 0.03730840 -0.00742627 0.00313378
v 0.03735417 -0.02032636 0.01014386
v 0.03735536 -0.02008671 0.00228254
v 0.03732201 -0.01680075 0.00201982
v 0.03735882 0.00516569 -0.01430586
v 0.03733515 0.00898566 -0.01072642
v 0.03737961 0.00880689 -0.01197060
v 0.03730840 0.00742627 -0.00313378
v 0.03732372 0.00801727 -0.00091063
v 0.03738422 -0.00160148 -0.01389344
v 0.03733807 -0.00509065 -0.00626960
v 0.03730840 -0.00313378 -0.00742627
v 0.03734035 0.00028315 -0.00807714
v 0.03733521 0.00139211 -0.01388754
v 0.03733682 0.00883524 0.01080344
v 0.03732979 0.00509381 0.00626136
v 0.03733242 0.00203053 0.00781160
v 0.03734072 -0.00215171 -0.01504788
v 0.03734357 -0.01068929 0.01356711
v 0.03735563 -0.00720111 0.02154576
v 0.03735479 -0.00511082 0.01407084
v 0.03734556 -0.03105152 0.00555051
v 0.03738236 -0.03168496 0.00637872
v 0.03735951 -0.02659273 -0.00972104
v 0.03738293 -0.02431989 -0.01753238
v 0.03738113 -0.02685370 -0.01794428
v 0.03738295 -0.02973397 -0.01262444
v 0.03730406 -0.02927170 -0.01165516
v 0.03733264 -0.02854263 -0.01544915
v 0.03735931 -0.01641744 -0.01304212
v 0.03733350 -0.00883599 -0.01080530
v 0.03734325 0.01500718 -0.00214819
v 0.03733292 0.01292111 -0.00635365
v 0.03734070 0.01233917 -0.00660194
v 0.03733209 0.00396860 -0.01340494
v 0.03733248 0.00357656 -0.00723560
v 0.03734311 0.00476060 -0.01367546
v 0.03733707 0.00626909 -0.00509045
v 0.03735951 0.01193008 0.02567770
v 0.03733645 0.00444871 0.02897931
v 0.03732987 0.00575588 0.03137260
v 0.03738837 0.01208251 0.02996332
v 0.03730406 0.01245677 0.02893966
v 0.03735931 0.00238672 0.02083105
v 0.03735951 0.02659273 0.00972104
v 0.03733645 0.02363720 0.01734577
v 0.03734139 0.02587070 0.01803133
v 0.03738317 0.02973313 0.01262233
v 0.03730406 0.02927170 0.01165516
v 0.03733257 0.02854182 0.01545068
v 0.03735931 0.01641744 0.01304212
v 0.03733171 0.01080631 -0.00883639
v 0.03734110 0.01069238 -0.01356830
v 0.03735152 0.00678365 -0.02056153
v 0.03738325 0.01390466 -0.00154197
v 0.03735951 -0.01193008 -0.02567770
v 0.03735521 -0.00408184 -0.02788765
v 0.03734414 -0.00549044 -0.03098947
v 0.03735931 -0.00238672 -0.02083106
v 0.03738336 -0.01210290 -0.02994295
v 0.03730406 -0.01245677 -0.02893966
v 0.03733371 -0.00924959 -0.03110871
v 0.03733420 0.00638243 0.03178411
v 0.03735951 -0.00972104 0.02659273
v 0.03735521 -0.01683325 0.02260585
v 0.03738905 -0.01794386 0.02682263
v 0.03738335 -0.01261482 0.02973091
v 0.03730406 -0.01165516 0.02927170
v 0.03733371 -0.01545674 0.02853763
v 0.03735931 -0.01304212 0.01641745
v 0.03738373 0.02679915 0.01794077
v 0.03738471 -0.00643971 -0.03167399
v 0.03737557 0.01134571 -0.02889857
v 0.03733645 0.01734577 -0.02363720
v 0.03734139 0.01803133 -0.02587070
v 0.03738317 0.01262233 -0.02973313
v 0.03733257 0.01545068 -0.02854182
v 0.03735931 0.01304212 -0.01641744
v 0.03738317 0.02994983 -0.01209917
v 0.03730455 0.02893780 -0.01245621
v 0.03733541 0.03110623 -0.00925528
v 0.03739541 0.02406284 -0.01136731
v 0.03732961 0.01359975 -0.00638657
v 0.03739426 0.03111017 -0.00571249
v 0.03733831 0.02619795 -0.00351831
v 0.03738102 0.03168281 -0.00640127
v 0.03738373 0.01794077 -0.02679915
v 0.03735384 0.01644555 -0.00830298
v 0.03733419 0.02098639 -0.00236999
v 0.03733425 0.01683995 -0.00203584
v 0.02946316 -0.01228237 0.00667037
v 0.02947613 -0.01302161 0.00631944
v 0.02946572 -0.00807326 -0.00028317
v 0.02944892 -0.01492985 0.00214870
v 0.02946102 -0.01547519 0.00773260
v 0.02940750 -0.02475699 0.00320338
v 0.02947563 -0.01433476 0.00184800
v 0.02946198 -0.01392919 0.00116808
v 0.02945434 -0.01370477 0.00641897
v 0.02945036 -0.01204267 -0.00901298
v 0.02946102 -0.01641039 -0.00547484
v 0.02943023 -0.01543378 -0.01229271
v 0.02945396 -0.01387880 -0.00143050
v 0.02943809 -0.02432141 0.01156853
v 0.02942767 -0.02955057 0.01235517
v 0.02941640 -0.03013955 0.00509199
v 0.02941222 -0.02986292 0.01213461
v 0.02947360 -0.00509572 -0.00625771
v 0.02946449 -0.00322845 -0.00740030
v 0.02946161 -0.01340344 -0.00394527
v 0.02947132 -0.00661493 -0.00462851
v 0.02947834 -0.00632369 -0.01310862
v 0.02945817 -0.00642350 -0.01370739
v 0.02946421 -0.00185499 -0.01433469
v 0.02941855 -0.01403421 -0.00520348
v 0.02946950 -0.00770854 -0.00239484
v 0.02946924 -0.00116552 -0.01393223
v 0.02945617 0.00145684 -0.01387590
v 0.02946223 -0.00214243 -0.01500401
v 0.02944002 -0.02559713 -0.00913100
v 0.02945800 -0.02827168 -0.01084583
v 0.02940519 -0.02677636 -0.01797805
v 0.02941222 -0.02969674 -0.01253581
v 0.02946598 -0.03108292 0.00933590
v 0.02946909 -0.00660697 -0.01234277
v 0.02945982 -0.00203120 -0.01694315
v 0.02946102 -0.00773260 -0.01547520
v 0.02944505 -0.00224154 -0.01982114
v 0.02945803 -0.02222500 -0.01665759
v 0.02941431 -0.03167094 0.00635771
v 0.02942246 0.00618059 0.01347292
v 0.02946756 -0.00462327 0.00662185
v 0.02941503 -0.00197297 0.00800475
v 0.02945964 0.00669233 0.01226259
v 0.02942488 -0.00873084 0.01174362
v 0.02947122 -0.00897955 0.01074107
v 0.02945950 0.00213753 0.01479071
v 0.02943404 0.00218416 0.01924591
v 0.02946102 0.00773260 0.01547519
v 0.02947727 0.00715176 -0.00368790
v 0.02947360 0.00625771 -0.00509572
v 0.02945755 0.00394397 -0.01340124
v 0.02947060 -0.00715157 0.00369529
v 0.02947360 -0.00625771 0.00509572
v 0.02945878 -0.01084275 0.00878292
v 0.02942303 -0.00508809 0.01378348
v 0.02946563 -0.00396823 0.01340307
v 0.02947801 -0.01123548 -0.00884175
v 0.02945825 -0.01067039 -0.00902200
v 0.02946598 -0.02858036 -0.01537759
v 0.02947499 -0.00780685 0.00203413
v 0.02944002 0.01164332 0.02455651
v 0.02945800 0.01232194 0.02766026
v 0.02940541 0.00418387 0.02797441
v 0.02941222 0.01213461 0.02986292
v 0.02947254 0.00603886 0.03161863
v 0.02940640 0.00660048 0.03166955
v 0.02940378 -0.01122809 -0.02359621
v 0.02948252 -0.01243255 -0.02871511
v 0.02945108 -0.00476900 -0.02963732
v 0.02941160 -0.01212140 -0.02991289
v 0.02944387 -0.00381956 -0.02709968
v 0.02946930 -0.00083838 -0.00803295
v 0.02944352 -0.00638187 -0.03177206
v 0.02946472 -0.00934251 -0.03108004
v 0.02946939 0.00462582 -0.00661848
v 0.02941457 0.00197321 -0.00800539
v 0.02946189 0.00541801 -0.01612958
v 0.02945025 0.00772518 -0.02280054
v 0.02945036 0.00901298 -0.01204267
v 0.02947489 0.01362483 0.00465344
v 0.02946251 0.01419165 0.00513644
v 0.02945665 0.01333369 0.01045669
v 0.02946278 -0.01046056 0.01333287
v 0.02946102 -0.00547484 0.01641040
v 0.02943582 -0.01265244 0.01590737
v 0.02946650 -0.00878681 -0.01084533
v 0.02941189 0.01788309 -0.02697268
v 0.02947095 0.01806172 -0.02597306
v 0.02941452 0.01667301 -0.02241910
v 0.02946117 0.00963431 -0.02647004
v 0.02946827 0.01212108 0.00909611
v 0.02941752 0.00517267 -0.01399602
v 0.02946563 0.01340307 0.00396823
v 0.02942010 0.01190448 -0.01503895
v 0.02941997 0.00141281 0.01385651
v 0.02945906 0.01393645 -0.00123607
v 0.02946479 0.01388101 0.00145580
v 0.02946909 0.01234277 -0.00660697
v 0.02946965 0.01313987 -0.00631212
v 0.02945617 0.01375037 -0.00646068
v 0.02946650 -0.00145560 0.01388202
v 0.02942754 0.01089786 0.00876847
v 0.02947801 0.00884175 -0.01123548
v 0.02945825 0.00902200 -0.01067039
v 0.02945304 0.01499532 -0.00739716
v 0.02944758 0.02142121 -0.01059890
v 0.02943501 0.01715161 -0.00204569
v 0.02946843 0.01109964 -0.02861217
v 0.02942068 0.01255150 -0.02974448
v 0.02940996 -0.01765075 0.02469669
v 0.02946622 -0.01020811 0.02742897
v 0.02946764 -0.01177356 0.02932240
v 0.02944155 -0.00655758 0.01990032
v 0.02942233 0.00801769 -0.00172418
v 0.02946740 0.00084286 0.00803387
v 0.02946777 0.00323370 0.00739554
v 0.02946102 0.01641039 0.00547484
v 0.02943582 0.01590736 0.01265244
v 0.02946910 0.01488978 -0.00213258
v 0.02946117 0.02552963 -0.01190466
v 0.02941189 0.03171782 -0.00642730
v 0.02945726 0.02952472 -0.00471404
v 0.02947035 0.03114337 -0.00559962
v 0.02946650 0.01084533 -0.00878681
v 0.02946454 0.02638519 -0.00357044
v 0.02946844 0.00796174 0.00136177
v 0.02947504 0.00723453 0.00356996
v 0.02947430 0.00626836 0.00504621
v 0.02947022 0.00509706 0.00625872
v 0.02946318 0.00878514 0.01084422
v 0.02946843 0.02808050 -0.01238323
v 0.02941128 0.02999642 -0.01201584
v 0.02942237 -0.01262349 0.02973621
v 0.02946472 -0.01537077 0.02858305
v 0.02944002 0.02559714 0.00913100
v 0.02945800 0.02827167 0.01084583
v 0.02940996 0.02469669 0.01765075
v 0.02941341 0.02970261 0.01249442
v 0.02941173 -0.01796222 0.02669956
v 0.02946593 0.02857938 0.01537939
v 0.02941936 0.02688333 0.01792208
v 0.02959972 -0.01221499 -0.03005107
v 0.03718408 -0.01217197 -0.03009544
v 0.02955947 -0.01194144 -0.02542069
v 0.03723088 -0.01151193 -0.02394188
v 0.02952932 -0.00991640 -0.01961482
v 0.03720800 -0.00777092 -0.01543633
v 0.03724253 -0.00642229 -0.01359447
v 0.02955672 -0.01327663 -0.01046194
v 0.02958051 -0.02505158 -0.01791687
v 0.03722989 -0.02358445 -0.01736950
v 0.03726521 -0.01938658 -0.01512562
v 0.02953943 -0.01860423 -0.01463693
v 0.03720105 -0.02623247 -0.01815478
v 0.02956834 -0.02691909 -0.01807815
v 0.03719120 -0.02703198 -0.01799427
v 0.03717975 -0.02988888 -0.01267642
v 0.02956950 -0.02986878 -0.01272808
v 0.02959120 -0.02957050 -0.01196368
v 0.03723088 -0.02506962 -0.00878929
v 0.02952932 -0.02088172 -0.00685782
v 0.03729071 -0.01773040 -0.00579135
v 0.02960853 -0.01427811 -0.00509887
v 0.03724216 -0.01343857 -0.00406470
v 0.03724428 -0.01491156 0.00209520
v 0.02961385 -0.01685494 0.00197823
v 0.02949461 -0.01906281 0.00212731
v 0.02953160 -0.02273881 0.00266491
v 0.03722058 -0.02373048 0.00285279
v 0.02959143 -0.02677491 0.00364132
v 0.02958455 -0.03038468 0.00504354
v 0.03727502 -0.02974085 0.00478075
v 0.02956972 -0.03181417 0.00624403
v 0.03723205 -0.03182574 0.00627026
v 0.03717973 -0.03009821 0.01217105
v 0.02956951 -0.03012053 0.01212030
v 0.02956322 -0.02790927 0.01241555
v 0.03723088 -0.02394187 0.01151193
v 0.02952932 -0.01961482 0.00991640
v 0.03729071 -0.01663239 0.00844219
v 0.03721678 -0.01367146 0.00648123
v 0.02959992 -0.00894787 0.01185442
v 0.02958051 -0.01791687 0.02505157
v 0.03728742 -0.01776664 0.02473426
v 0.02955372 -0.01565219 0.02018924
v 0.03726521 -0.01512563 0.01938660
v 0.03717261 -0.01816231 0.02627316
v 0.02954627 -0.01806667 0.02691842
v 0.03718572 -0.01799779 0.02702683
v 0.03718408 -0.01267381 0.02988758
v 0.02959971 -0.01261201 0.02988662
v 0.03723088 -0.00878929 0.02506962
v 0.02952973 -0.00787163 0.02320547
v 0.03729071 -0.00579135 0.01773041
v 0.02956608 -0.00511862 0.01433145
v 0.03724216 -0.00406470 0.01343857
v 0.02959008 0.00124637 0.01399237
v 0.03721615 0.00122744 0.01398735
v 0.02955672 0.00199029 0.01678571
v 0.02965453 0.00433337 0.02885196
v 0.03726521 0.00301295 0.02440380
v 0.02956658 0.00288871 0.02390138
v 0.02953236 0.00533978 0.03080095
v 0.02961226 0.00643275 0.03183953
v 0.03725672 0.00926120 0.03114195
v 0.02957450 0.00938566 0.03111426
v 0.03718544 0.01216874 0.03009971
v 0.02956951 0.01212030 0.03012053
v 0.02959120 0.01244990 0.02936910
v 0.03723088 0.01151193 0.02394188
v 0.02952932 0.00991640 0.01961482
v 0.03720825 0.00845462 0.01659922
v 0.02956479 0.00643567 0.01363199
v 0.03720604 0.00670897 0.01231845
v 0.02961429 0.01077653 0.00901748
v 0.02958051 0.02505158 0.01791687
v 0.02955372 0.02018924 0.01565219
v 0.03726521 0.01938657 0.01512562
v 0.02955279 0.02690467 0.01808132
v 0.03723893 0.02694519 0.01805486
v 0.03718546 0.02988830 0.01267911
v 0.02956936 0.02988193 0.01263622
v 0.02959487 0.02930475 0.01168654
v 0.03723088 0.02506962 0.00878929
v 0.02952932 0.02088172 0.00685782
v 0.03720825 0.01771575 0.00575910
v 0.03724216 0.01343857 0.00406470
v 0.03725460 0.01397827 -0.00124596
v 0.02958954 0.02137291 -0.00237429
v 0.03726104 0.02944314 -0.00463522
v 0.03719978 0.03137723 -0.00571202
v 0.02954773 0.03181995 -0.00632023
v 0.03719554 0.03183802 -0.00636783
v 0.02954921 0.03109266 -0.00943253
v 0.03718394 0.03009936 -0.01217004
v 0.02961018 0.03012680 -0.01212836
v 0.02952203 0.02966777 -0.01235363
v 0.03724844 0.02500672 -0.01183514
v 0.03726190 0.02036455 -0.01020927
v 0.02955954 0.01720069 -0.00875834
v 0.03719927 0.00913616 -0.01210043
v 0.02955672 0.01046194 -0.01327663
v 0.02955687 0.01763750 -0.02433272
v 0.02954642 0.01599236 -0.02082534
v 0.03726521 0.01512562 -0.01938658
v 0.02960400 0.01309711 -0.01635432
v 0.03723893 0.01805486 -0.02694519
v 0.02954672 0.01803046 -0.02696848
v 0.02954921 0.01531612 -0.02865559
v 0.03718396 0.01267794 -0.02988898
v 0.02960924 0.01270098 -0.02988412
v 0.02961232 0.00502461 -0.01406425
v 0.03721094 0.00541695 -0.01638800
v 0.02962651 0.01208975 -0.02964032
v 0.03728260 0.01190439 -0.02946831
v 0.03728129 0.00927625 -0.02596311
v 0.02952041 0.00621948 -0.01904560
v 0.03721615 -0.00122744 -0.01398735
v 0.03728741 -0.00492686 -0.03005268
v 0.03726521 -0.00301295 -0.02440380
v 0.02956658 -0.00288871 -0.02390138
v 0.02952226 -0.00585816 -0.03152101
v 0.03721838 -0.00626530 -0.03181593
v 0.03727926 -0.00779030 -0.00194057
v 0.02963275 -0.00718724 -0.00356043
v 0.03727802 -0.00626069 -0.00502521
v 0.02963239 -0.00200046 -0.00776740
v 0.03727768 -0.00144816 -0.00789665
v 0.02956942 0.00143474 -0.00790836
v 0.03727926 0.00194057 -0.00779030
v 0.02963275 0.00356043 -0.00718724
v 0.03727802 0.00502521 -0.00626069
v 0.02961398 0.00793295 -0.00140326
v 0.03728636 0.00795167 0.00126011
v 0.03727731 0.00363084 0.00715893
v 0.02963239 0.00200046 0.00776740
v 0.03728030 0.00028649 0.00802454
v 0.02956942 -0.00143474 0.00790836
v 0.03727609 -0.00303887 0.00742890
v 0.02963275 -0.00356043 0.00718724
v 0.03727768 -0.00789665 0.00144816
v 0.03719464 -0.00187238 -0.01445062
v 0.03721223 -0.00640699 -0.01287815
v 0.03728613 -0.01142729 -0.00885805
v 0.03721916 -0.01385509 -0.00487001
v 0.02952585 -0.01364521 -0.00464595
v 0.03719464 -0.01300466 0.00637542
v 0.03728117 -0.00884462 0.01129473
v 0.03721916 -0.00487001 0.01385509
v 0.02959814 -0.00472996 0.01372404
v 0.03719464 0.00187238 0.01445062
v 0.02959675 0.00190107 0.01449184
v 0.03725514 0.00634321 0.01305268
v 0.02958345 0.00641784 0.01282870
v 0.03728613 0.01142729 0.00885805
v 0.02957221 0.01152603 0.00889380
v 0.03721916 0.01385509 0.00487001
v 0.02952270 0.01425465 -0.00171578
v 0.03724563 0.01448393 -0.00190916
v 0.03720054 0.00889009 -0.01144200
v 0.02950928 0.00446427 -0.01355108
v -0.01286403 0.06298799 -0.00760472
v -0.01374278 0.06293494 -0.00268787
v -0.01461285 0.06294061 -0.00365066
v 0.00759122 0.06299471 -0.01287747
v 0.00268030 0.06293628 -0.01374206
v 0.00367042 0.06293613 -0.01472641
v -0.01359001 0.06299680 0.00303432
v -0.01396019 0.06293198 -0.00005428
v -0.00303432 0.06299680 -0.01359001
v 0.00003139 0.06293172 -0.01395912
v -0.00984744 0.06293351 -0.00989228
v -0.00775052 0.06293012 -0.01168352
v 0.00774118 0.06295016 -0.01167876
v 0.01470595 0.06293614 -0.00366067
v 0.01299881 0.06293775 -0.00780812
v 0.01701258 0.06294058 -0.00378260
v -0.01424964 0.06295782 0.00895069
v -0.02369425 0.06296306 0.00544905
v -0.01451350 0.06299268 0.00372467
v -0.00776140 0.06291772 0.01290408
v -0.00756972 0.06297939 0.01175500
v -0.00374723 0.06296163 0.01638174
v -0.00759677 0.06297286 -0.01286268
v 0.01225351 0.06294481 -0.00761308
v 0.00812277 0.06296516 0.00034488
v 0.00764125 0.06292076 -0.00257723
v 0.01158691 0.06292991 -0.00784859
v 0.00702419 0.06293046 -0.00397392
v 0.01407310 0.06293018 -0.00330539
v 0.01373845 0.06293464 -0.00257976
v 0.01395340 0.06294318 0.00005044
v -0.01209889 0.06295691 -0.00763484
v -0.01286268 0.06297286 0.00759677
v 0.00389037 0.06298292 -0.01697700
v 0.01290338 0.06296369 -0.02061243
v 0.01475545 0.06298292 -0.00925365
v 0.02211990 0.06293979 -0.00490362
v -0.02866010 0.06298705 -0.01499493
v -0.02767812 0.06293882 -0.01532299
v -0.02534441 0.06295083 -0.01483590
v -0.02941967 0.06295112 -0.00802065
v -0.01165713 0.06291605 0.00779761
v -0.01217416 0.06293891 0.01910842
v -0.00935972 0.06293696 0.01470696
v -0.01157655 0.06293928 -0.00785103
v -0.00829572 0.06295121 -0.00019262
v -0.00820933 0.06300763 0.00124723
v -0.00338608 0.06292719 0.01415451
v -0.00367921 0.06294001 0.01481351
v -0.00570757 0.06292641 -0.00570517
v -0.00705589 0.06293061 -0.00392644
v -0.01782124 0.06295533 -0.01139747
v -0.02324836 0.06295194 -0.00528117
v -0.01620901 0.06294663 -0.00371856
v 0.00364378 0.06293715 0.01459350
v 0.00780902 0.06293587 0.01299818
v 0.00378258 0.06294238 0.01698998
v -0.00392356 0.06293244 0.00705897
v -0.00264211 0.06293232 0.01374164
v -0.00019552 0.06295337 0.00829563
v -0.00003202 0.06293521 0.01395711
v -0.00124555 0.06300735 -0.00820946
v -0.00397945 0.06292663 -0.00701803
v 0.00989135 0.06293683 -0.00984566
v 0.00570604 0.06292979 -0.00570900
v 0.00392356 0.06293244 -0.00705897
v 0.00019106 0.06295007 -0.00829577
v 0.00761751 0.06293796 0.01225892
v 0.00756013 0.06292320 0.00281303
v -0.00717935 0.06298063 0.00392714
v -0.00570561 0.06292814 0.00570830
v -0.01085802 0.06296358 -0.01694829
v -0.00544905 0.06296306 -0.02369425
v -0.00372467 0.06299268 -0.01451350
v -0.03086771 0.06298167 -0.00947676
v -0.02209331 0.06298402 0.01354074
v -0.02671398 0.06293623 0.01519906
v -0.02656409 0.06295992 0.00656767
v -0.02849156 0.06298916 0.01509847
v -0.03084670 0.06299064 0.00974679
v -0.03040637 0.06293882 0.00873639
v -0.00989228 0.06293351 0.00984744
v 0.01391859 0.06293847 0.00310655
v 0.01265106 0.06298096 0.00746733
v 0.01160687 0.06293062 0.00782992
v 0.00298745 0.06299823 0.01355031
v 0.00124399 0.06300709 0.00820958
v 0.00397661 0.06292859 0.00702119
v 0.00619605 0.06294658 0.00528214
v 0.00604758 0.06298402 -0.02519708
v 0.00814228 0.06293623 -0.02963699
v 0.01413961 0.06295992 -0.02342769
v 0.00947034 0.06298916 -0.03082280
v 0.01501421 0.06298882 -0.02862351
v 0.01532299 0.06293882 -0.02767812
v 0.02209331 0.06298402 -0.01354074
v 0.02704514 0.06297035 -0.01518051
v 0.02656410 0.06295992 -0.00656767
v 0.02852086 0.06299481 -0.01504245
v 0.03084112 0.06299287 -0.00975181
v 0.03040638 0.06293882 -0.00873639
v 0.00984840 0.06293172 0.00989279
v 0.00784881 0.06292891 0.01158752
v 0.00925365 0.06298292 0.01475545
v 0.00449993 0.06296429 0.02050617
v 0.01373753 0.06293610 0.00249044
v -0.00604758 0.06298402 0.02519708
v -0.00779147 0.06293072 0.02905337
v -0.01503313 0.06295968 0.02605851
v -0.00945393 0.06298732 0.03085065
v -0.01510364 0.06298148 0.02854837
v -0.01237517 0.06293371 0.03000270
v -0.00779612 0.06295968 -0.02905617
v -0.01494852 0.06295253 -0.02575328
v -0.01512977 0.06298732 -0.02849964
v -0.00950685 0.06298148 -0.03086663
v -0.01246455 0.06293371 -0.02996567
v -0.01263130 0.06295019 -0.02006298
v 0.01354074 0.06298402 0.02209330
v 0.01518051 0.06297035 0.02704514
v 0.00762226 0.06296008 0.02874816
v 0.01504245 0.06299481 0.02852086
v 0.01245807 0.06293257 0.02996925
v 0.00873370 0.06293894 0.03040309
v 0.02865673 0.06298930 0.01499179
v 0.02767388 0.06293894 0.01532257
v 0.02344862 0.06295294 0.01415377
v 0.01459481 0.06292804 0.00364159
v 0.02908084 0.06295358 0.00781497
v 0.02550055 0.06294485 0.00609301
v 0.01912181 0.06293572 0.01218361
v 0.03086483 0.06298148 0.00950070
v 0.01665252 0.06295779 0.00376575
v 0.01469131 0.06293879 0.00934407
v 0.00959658 0.06298265 0.03086065
v -0.01158238 0.05506356 -0.00784785
v -0.01236504 0.05505932 -0.00760701
v -0.00830000 0.05500000 0.00000000
v -0.01750511 0.05505769 -0.00386391
v -0.01475543 0.05501708 -0.00925362
v -0.02108388 0.05505024 -0.00464098
v -0.01464280 0.05507265 -0.00363949
v -0.01304914 0.05506420 -0.00785169
v -0.01367444 0.05501717 -0.00307311
v -0.01395232 0.05505396 0.00000707
v -0.03036156 0.05500775 -0.00885323
v -0.02593766 0.05504461 -0.01499158
v -0.02852087 0.05500520 -0.01504246
v -0.02414084 0.05504367 -0.00561193
v -0.01917543 0.05504348 -0.01216730
v -0.00570757 0.05507360 0.00570517
v -0.00396661 0.05506450 0.00703230
v -0.01390813 0.05505955 0.00308771
v -0.00705263 0.05507133 0.00392948
v -0.01293214 0.05502076 0.00764867
v -0.01459014 0.05501712 0.00375844
v -0.01531438 0.05503865 0.00978221
v -0.01697697 0.05501708 0.00389037
v -0.00829871 0.05498742 0.00000633
v -0.00773004 0.05509146 0.00234977
v -0.00265314 0.05505595 0.01373658
v 0.00003356 0.05505617 0.01395213
v -0.00762368 0.05506285 0.01213892
v -0.00363746 0.05507106 0.01464687
v -0.00776797 0.05506161 0.01294833
v -0.02772904 0.05500775 0.01520868
v -0.02894134 0.05504461 0.00774005
v -0.03080392 0.05500520 0.00953067
v -0.02054637 0.05501093 0.01277032
v -0.02216266 0.05504348 0.00495550
v -0.02996826 0.05506598 -0.01245836
v -0.00788431 0.05506836 0.01154408
v -0.03086853 0.05502215 -0.00958486
v 0.00784027 0.05504280 -0.01156710
v -0.00285495 0.05502347 -0.00775087
v -0.00000636 0.05498691 -0.00829868
v -0.00000000 0.05500000 -0.00830000
v 0.00363902 0.05506705 -0.01464453
v 0.00776750 0.05505955 -0.01294965
v 0.00391184 0.05503865 -0.01774596
v 0.00928289 0.05506047 -0.01462068
v -0.00391250 0.05503682 0.01774219
v -0.00928289 0.05506047 0.01462069
v 0.00703230 0.05506450 0.00396661
v 0.00570517 0.05507360 0.00570757
v 0.00299469 0.05500106 0.01355690
v -0.00702703 0.05506778 -0.00397136
v -0.00570517 0.05507360 -0.00570757
v -0.00989011 0.05505878 -0.00984331
v -0.00753690 0.05500858 -0.01282255
v -0.00782574 0.05506139 -0.01160125
v -0.03000012 0.05506598 0.01238144
v -0.00820957 0.05497986 -0.00120628
v -0.00308665 0.05506053 -0.01390831
v -0.00365774 0.05506521 -0.01462099
v 0.00876715 0.05501079 -0.03029101
v 0.01482866 0.05506623 -0.02523221
v 0.01504246 0.05500520 -0.02852087
v 0.00549850 0.05501093 -0.02355845
v 0.01146342 0.05504243 -0.01792008
v -0.01168614 0.05500313 0.00748980
v -0.01312239 0.05503925 0.02104294
v -0.01530848 0.05504359 0.02764546
v -0.00790486 0.05504592 0.02925073
v -0.00549850 0.05501093 0.02355845
v -0.00121008 0.05497925 0.00820930
v -0.01497430 0.05501446 0.02867479
v -0.00944442 0.05501128 0.03083378
v -0.02860486 0.05502215 0.01504983
v 0.00392644 0.05506939 0.00705589
v 0.00234399 0.05508870 0.00773343
v 0.00000633 0.05498742 0.00829871
v 0.00000000 0.05500000 0.00830000
v 0.00372977 0.05505250 0.01631285
v 0.00498147 0.05503375 0.02215173
v 0.00966603 0.05505796 0.01513668
v 0.00327268 0.05506533 -0.01404757
v 0.00264673 0.05506727 -0.01374216
v -0.00949327 0.05501542 0.01006923
v 0.01405376 0.05505723 0.00328430
v 0.01374267 0.05506784 0.00265352
v 0.01495837 0.05501324 0.02868908
v 0.01512445 0.05500435 0.02699081
v 0.00810675 0.05504926 0.02955505
v 0.01245836 0.05506598 -0.02996826
v 0.01266667 0.05501491 -0.00745532
v 0.01531224 0.05503459 -0.00977711
v 0.01373452 0.05506252 -0.00258908
v 0.01395174 0.05506589 -0.00314783
v 0.01366885 0.05507184 0.02215946
v 0.01166737 0.05505124 0.01825603
v -0.00977906 0.05503682 -0.01531218
v -0.00389036 0.05501708 -0.01697697
v 0.01395711 0.05506480 -0.00003201
v 0.01154408 0.05506836 0.00788431
v 0.01216931 0.05506514 0.00761700
v 0.01291651 0.05506269 0.00775734
v -0.00003171 0.05506650 -0.01395809
v 0.00958486 0.05502215 -0.03086853
v 0.01601157 0.05502043 -0.00379168
v 0.00363997 0.05506864 0.01458918
v 0.00749685 0.05500862 0.01278488
v 0.00788792 0.05506059 0.01153555
v 0.01417228 0.05505251 0.00889758
v 0.01918607 0.05503375 0.01214121
v 0.01685340 0.05503501 0.00378489
v 0.00923306 0.05503751 0.03082583
v -0.00587259 0.05500979 -0.02465843
v -0.00792259 0.05504329 -0.02924599
v -0.01509381 0.05504592 -0.02627297
v -0.00968771 0.05501446 -0.03086457
v -0.01512456 0.05501128 -0.02848099
v -0.01277032 0.05501093 -0.02054636
v 0.00120628 0.05497986 -0.00820957
v 0.00397136 0.05506778 -0.00702703
v 0.01468113 0.05506565 0.00365762
v 0.02663093 0.05504926 0.01516624
v 0.03087535 0.05500940 0.00955143
v 0.02826732 0.05504794 0.00737866
v 0.00989228 0.05506650 0.00984744
v 0.02293440 0.05506248 0.00519229
v 0.00830000 0.05500000 -0.00000000
v 0.00820930 0.05497925 0.00121008
v 0.00829871 0.05498742 -0.00000633
v 0.01153685 0.05506028 -0.00788634
v 0.00773343 0.05508870 -0.00234399
v 0.00705897 0.05506757 -0.00392356
v 0.00570900 0.05507022 -0.00570604
v 0.00984566 0.05506318 -0.00989135
v 0.02832591 0.05503751 0.01526839
v 0.02732685 0.05500516 -0.01515434
v 0.02894134 0.05504461 -0.00774004
v 0.03082281 0.05501085 -0.00947035
v 0.02054637 0.05501093 -0.01277032
v 0.02216266 0.05504348 -0.00495550
v 0.02868940 0.05501365 -0.01495890
v -0.01536743 0.06282432 0.02776774
v -0.01521716 0.05519935 0.02864780
v -0.01517884 0.06278434 0.02869664
v -0.01484472 0.05517039 0.02514319
v -0.01399138 0.06290040 0.02296351
v -0.01115184 0.05512603 0.01733685
v -0.00786190 0.06283680 0.01163239
v -0.00993647 0.05517256 0.00986591
v -0.01151664 0.05512698 0.00795351
v -0.02672641 0.05520546 0.01526962
v -0.02258227 0.06277836 0.01390440
v -0.02413160 0.05509665 0.01444709
v -0.01962573 0.05521202 0.01250274
v -0.01693432 0.06284425 0.01095582
v -0.01285663 0.05522002 0.00779223
v -0.01296518 0.06278539 0.00785457
v -0.02796473 0.06281141 0.01538195
v -0.02862598 0.05519526 0.01524008
v -0.02871790 0.06283642 0.01513588
v -0.02996808 0.06285079 0.01255550
v -0.03100940 0.06284878 0.00954841
v -0.03100973 0.05515583 0.00950611
v -0.03034694 0.05509407 0.00868321
v -0.02869599 0.06278779 0.00752454
v -0.02601975 0.05518420 0.00623196
v -0.01880953 0.06284999 0.00402844
v -0.01735765 0.05522430 0.00376578
v -0.01468249 0.06284758 0.00361126
v -0.01463477 0.05521658 0.00360263
v -0.01376187 0.06288895 0.00257634
v -0.01376458 0.05512028 0.00253922
v -0.01377945 0.05514188 -0.00269825
v -0.01876518 0.06284001 -0.00404275
v -0.02721808 0.05510015 -0.00681327
v -0.02714567 0.06287939 -0.00677624
v -0.02969712 0.05520278 -0.00810443
v -0.03077364 0.06277841 -0.00905776
v -0.03101914 0.05519758 -0.00946559
v -0.03102192 0.06278449 -0.00962001
v -0.03006869 0.06285079 -0.01231261
v -0.02868914 0.06279955 -0.01518194
v -0.02864903 0.05515583 -0.01520535
v -0.02759848 0.05509407 -0.01531858
v -0.02280539 0.05518420 -0.01399208
v -0.02184149 0.06286420 -0.01355389
v -0.01493651 0.05522430 -0.00961090
v -0.01516582 0.06284977 -0.00972729
v -0.01286193 0.06279542 -0.00778977
v -0.01411140 0.06287195 -0.02319114
v -0.01444709 0.05509665 -0.02413160
v -0.01250274 0.05521202 -0.01962573
v -0.00923313 0.06286415 -0.01450640
v -0.00777619 0.05515886 -0.01285883
v -0.00779352 0.06278085 -0.01288265
v -0.01537372 0.05521060 -0.02785149
v -0.01537057 0.06285925 -0.02796257
v -0.01517095 0.05516971 -0.02868662
v -0.01514651 0.06278570 -0.02872200
v -0.01245883 0.05512578 -0.02999983
v -0.00955854 0.06278434 -0.03102465
v -0.00949689 0.05519935 -0.03101721
v -0.00885493 0.05510426 -0.03055677
v -0.00876835 0.06282432 -0.03050117
v -0.00623196 0.05518420 -0.02601975
v -0.00634425 0.06290040 -0.02613106
v -0.00464420 0.05511087 -0.02117820
v -0.00402844 0.06284999 -0.01880953
v -0.00376578 0.05522430 -0.01735766
v -0.00361126 0.06284758 -0.01468249
v -0.00257634 0.06288895 -0.01376187
v -0.00253921 0.05512028 -0.01376458
v 0.00809981 0.05521187 -0.02969672
v 0.00613618 0.06277837 -0.02579997
v 0.00684799 0.05509665 -0.02727927
v 0.00503671 0.05521202 -0.02271826
v 0.00463630 0.06288794 -0.02115275
v 0.00376376 0.06278337 -0.01731152
v 0.00889737 0.06281141 -0.03065073
v 0.00946526 0.05519525 -0.03101799
v 0.00960395 0.06283643 -0.03100930
v 0.01239011 0.06285672 -0.03003458
v 0.01517986 0.06280228 -0.02869144
v 0.01520535 0.05515583 -0.02864903
v 0.01531858 0.05509407 -0.02759849
v 0.01497048 0.06278779 -0.02561178
v 0.01301846 0.05512422 -0.02073402
v 0.01045180 0.06284999 -0.01614888
v 0.00777826 0.06284288 -0.01286640
v 0.02672641 0.05520546 -0.01526962
v 0.02698006 0.06279256 -0.01530704
v 0.02258228 0.06277836 -0.01390440
v 0.02413161 0.05509665 -0.01444709
v 0.01962573 0.05521202 -0.01250274
v 0.01823561 0.06288794 -0.01167889
v 0.01490247 0.06278337 -0.00957971
v 0.01284857 0.05516564 -0.00777529
v 0.02860359 0.05512805 -0.01523303
v 0.02864099 0.06284283 -0.01521283
v 0.02999434 0.06282549 -0.01251107
v 0.03006869 0.05514921 -0.01231260
v 0.03100965 0.06284934 -0.00954995
v 0.03101442 0.05516715 -0.00951644
v 0.03034694 0.05509407 -0.00868321
v 0.02869600 0.06278779 -0.00752454
v 0.02601975 0.05518420 -0.00623196
v 0.01735765 0.05522430 -0.00376578
v 0.01461652 0.05512027 -0.00362429
v 0.01966206 0.05517470 0.00424098
v 0.02053069 0.06287743 0.00444470
v 0.02622001 0.05518865 0.00633839
v 0.03000862 0.05510578 0.00839493
v 0.03063268 0.06282353 0.00889350
v 0.03101846 0.05520342 0.00946164
v 0.03102280 0.06279280 0.00958330
v 0.03005585 0.06282549 0.01236258
v 0.02996808 0.05514921 0.01255550
v 0.02869104 0.06280094 0.01518101
v 0.02871187 0.05513790 0.01513499
v 0.01293920 0.06280193 0.00783915
v 0.02561723 0.06278790 0.01497201
v 0.02307675 0.05514466 0.01409458
v 0.01617011 0.05515520 0.01043463
v 0.01525554 0.05516331 0.02669601
v 0.01530704 0.06279256 0.02698006
v 0.01390440 0.06277836 0.02258228
v 0.01167889 0.06288794 0.01823561
v 0.00957971 0.06278337 0.01490247
v 0.00777132 0.05513427 0.01286762
v 0.01523303 0.05512805 0.02860359
v 0.01521283 0.06284283 0.02864099
v 0.01231260 0.05514921 0.03006869
v 0.00955303 0.06280095 0.03102222
v 0.00960030 0.05513790 0.03100441
v 0.00635136 0.05514466 0.02628411
v 0.00592465 0.06287914 0.02517509
v 0.00405560 0.05515520 0.01881240
v 0.00252671 0.06287780 0.01376600
v 0.00257137 0.05512027 0.01376494
v -0.00613618 0.06277836 0.02579997
v -0.00684799 0.05509665 0.02727927
v -0.00503671 0.05521202 0.02271826
v -0.00422744 0.06284426 0.01972131
v -0.00882312 0.05521060 0.03056484
v -0.00890389 0.06285925 0.03064115
v -0.00955703 0.05516971 0.03101199
v -0.00959934 0.06278571 0.03101972
v -0.01240336 0.05512578 0.03002281
v -0.00791067 0.06270353 -0.00096506
v -0.00773275 0.05529397 -0.00220898
v -0.00794007 0.05529980 0.00096287
v -0.00768828 0.06270786 0.00233677
v -0.00675881 0.06278234 0.00429356
v -0.00280858 0.06276724 0.00751299
v -0.00220898 0.05529397 0.00773275
v -0.00096506 0.06270353 0.00791067
v 0.00096287 0.05529980 0.00794007
v 0.00233677 0.06270786 0.00768828
v 0.00566678 0.06279862 0.00569119
v 0.00773275 0.05529397 0.00220898
v 0.00792084 0.06270192 0.00096548
v 0.00794007 0.05529980 -0.00096287
v 0.00787912 0.06270441 -0.00121346
v 0.00280858 0.06276724 -0.00751299
v 0.00220898 0.05529397 -0.00773275
v 0.00096506 0.06270353 -0.00791067
v -0.00096287 0.05529980 -0.00794007
v -0.00233677 0.06270786 -0.00768828
v -0.00337775 0.05524153 -0.00730994
v -0.00751299 0.06276724 -0.00280858
v -0.00327297 0.05511214 0.01408553
v -0.00768073 0.06278678 0.01234073
v -0.01206033 0.05511655 0.00767255
v -0.01234026 0.06283491 0.00766959
v -0.01404660 0.06289216 0.00323489
v -0.01410729 0.06287137 -0.00327318
v -0.01422698 0.05522398 -0.00336661
v -0.00770483 0.06278519 -0.01204191
v -0.00769148 0.05516318 -0.01204526
v -0.00323489 0.06289216 -0.01404660
v 0.00331625 0.06284609 -0.01412884
v 0.00769148 0.06283683 -0.01204526
v 0.00765726 0.05511433 -0.01210702
v 0.01205140 0.05521480 -0.00770264
v 0.01237033 0.06283049 0.00767019
v 0.00767255 0.05511655 0.01206033
v 0.00310945 0.06288797 0.01395502
v 0.00316975 0.05511797 0.01400916
v 0.00795847 0.05529429 0.00003038
v 0.00003038 0.05529429 -0.00795847
v -0.00795847 0.05529429 -0.00003038
v -0.00003038 0.05529429 0.00795847
v 0.00799706 0.06270027 -0.00000813
v 0.00055217 0.06271274 0.00794512
v -0.00794512 0.06271274 0.00055217
v -0.00055217 0.06271274 -0.00794512
v -0.00000055 0.06300890 0.00829912
v -0.00829912 0.06300890 -0.00000055
v 0.00000055 0.06300890 -0.00829912
v -0.04900000 -0.03188911 0.00377594
v -0.04900000 -0.03458808 -0.00131350
v -0.04900000 -0.03376949 0.00725617
v -0.04900000 -0.02980406 0.01175889
v -0.04900000 -0.03161759 0.01390535
v -0.04900000 -0.02670795 0.01769856
v -0.04900000 -0.02817124 0.01998529
v -0.04900000 -0.02117163 0.02414406
v -0.04900000 -0.02221026 0.02654740
v -0.04900000 -0.01428049 0.02868137
v -0.04900000 -0.01493252 0.03114564
v -0.04900000 -0.00800522 0.03102370
v -0.04900000 -0.00653596 0.03399032
v -0.04900000 -0.00112909 0.03194523
v -0.04900000 -0.00000000 0.03200000
v -0.04900000 0.00205883 0.03447886
v -0.04900000 0.00581733 0.03168849
v -0.04900000 0.00895721 0.03335864
v -0.04900000 0.01641998 0.02759633
v -0.04900000 0.01718114 0.03004777
v -0.04900000 0.02414406 0.02117163
v -0.04900000 0.02538840 0.02352636
v -0.04900000 0.02868137 0.01428049
v -0.04900000 0.03034933 0.01649086
v -0.04900000 0.03149518 0.00626315
v -0.04900000 0.03304767 0.01004402
v -0.04900000 0.03458808 0.00131350
v -0.04900000 0.03188911 -0.00377594
v -0.04900000 0.03376949 -0.00725617
v -0.04900000 0.02980406 -0.01175889
v -0.04900000 0.03161759 -0.01390535
v -0.04900000 0.02670795 -0.01769856
v -0.04900000 0.02817124 -0.01998529
v -0.04900000 0.02117163 -0.02414406
v -0.04900000 0.02221026 -0.02654740
v -0.04900000 0.01428049 -0.02868137
v -0.04900000 0.01493252 -0.03114564
v -0.04900000 0.00800522 -0.03102370
v -0.04900000 0.00570349 -0.03420554
v -0.04900000 0.00112909 -0.03194523
v -0.04900000 -0.00000000 -0.03200000
v -0.04900000 -0.00000000 -0.03450000
v -0.04900000 -0.00581733 -0.03168849
v -0.04900000 -0.00231257 -0.03438717
v -0.04900000 -0.00895721 -0.03335864
v -0.04900000 -0.01641998 -0.02759633
v -0.04900000 -0.01718114 -0.03004777
v -0.04900000 -0.02414406 -0.02117163
v -0.04900000 -0.02538840 -0.02352636
v -0.04900000 -0.02868137 -0.01428049
v -0.04900000 -0.03034933 -0.01649086
v -0.04900000 -0.03149518 -0.00626315
v -0.04900000 -0.03304767 -0.01004402
v -0.06000000 -0.03197733 0.00293667
v -0.06000000 -0.03454350 -0.00219242
v -0.06000000 -0.03159758 -0.00530534
v -0.06000000 -0.03230297 -0.01243294
v -0.06000000 -0.02980406 -0.01175889
v -0.06000000 -0.02670795 -0.01769857
v -0.06000000 -0.02709956 -0.02153309
v -0.06000000 -0.02244458 -0.02286470
v -0.06000000 -0.02089643 -0.02750218
v -0.06000000 -0.01720028 -0.02703154
v -0.06000000 -0.01493252 -0.03114564
v -0.06000000 -0.01120422 -0.03001698
v -0.06000000 -0.00835728 -0.03351398
v -0.06000000 -0.00293667 -0.03197733
v -0.06000000 -0.00117821 -0.03444469
v -0.06000000 -0.00000000 -0.03450000
v -0.06000000 0.00530534 -0.03159758
v -0.06000000 0.00477428 -0.03425596
v -0.06000000 0.01175889 -0.02980406
v -0.06000000 0.01228611 -0.03228130
v -0.06000000 0.01769857 -0.02670795
v -0.06000000 0.02013287 -0.02815542
v -0.06000000 0.02286470 -0.02244458
v -0.06000000 0.02763825 -0.02083716
v -0.06000000 0.02703154 -0.01720028
v -0.06000000 0.03001698 -0.01120422
v -0.06000000 0.03186197 -0.01333587
v -0.06000000 0.03197733 -0.00293667
v -0.06000000 0.03389424 -0.00664914
v -0.06000000 0.03454350 0.00219242
v -0.06000000 0.03159758 0.00530534
v -0.06000000 0.03230297 0.01243294
v -0.06000000 0.02980406 0.01175889
v -0.06000000 0.02670795 0.01769857
v -0.06000000 0.02709956 0.02153309
v -0.06000000 0.02244458 0.02286470
v -0.06000000 0.02089643 0.02750218
v -0.06000000 0.01720028 0.02703154
v -0.06000000 0.01493252 0.03114564
v -0.06000000 0.01120422 0.03001698
v -0.06000000 0.00835728 0.03351398
v -0.06000000 0.00431127 0.03177258
v -0.06000000 0.00143992 0.03451025
v -0.06000000 -0.00000000 0.03200000
v -0.06000000 -0.00221624 0.03188825
v -0.06000000 -0.00553644 0.03409367
v -0.06000000 -0.00857912 0.03086993
v -0.06000000 -0.01228611 0.03228130
v -0.06000000 -0.01641998 0.02759633
v -0.06000000 -0.02013287 0.02815542
v -0.06000000 -0.02286470 0.02244458
v -0.06000000 -0.02763825 0.02083716
v -0.06000000 -0.02703154 0.01720028
v -0.06000000 -0.03001698 0.01120422
v -0.06000000 -0.03186197 0.01333587
v -0.06000000 -0.03389424 0.00664914
f 1 2 3
f 1 3 4
f 5 6 7
f 7 6 8
f 7 8 1
f 1 8 2
f 9 10 5
f 5 10 11
f 5 11 6
f 12 13 14
f 12 14 9
f 9 14 10
f 15 16 17
f 15 17 18
f 18 17 19
f 18 19 20
f 20 19 21
f 20 21 12
f 12 21 13
f 22 23 24
f 24 23 25
f 24 25 26
f 24 26 15
f 15 26 16
f 27 28 22
f 22 28 23
f 29 30 31
f 29 31 27
f 27 31 28
f 32 33 34
f 34 33 35
f 34 35 29
f 29 35 30
f 36 37 38
f 36 38 39
f 40 41 42
f 42 41 43
f 42 43 44
f 45 46 47
f 45 47 40
f 40 47 41
f 48 49 50
f 48 50 51
f 39 38 52
f 39 52 32
f 32 52 53
f 32 53 33
f 54 55 56
f 56 55 57
f 56 57 45
f 45 57 46
f 51 50 58
f 51 58 54
f 54 58 59
f 54 59 55
f 60 61 62
f 62 61 63
f 62 63 36
f 36 63 37
f 64 65 66
f 64 66 60
f 60 66 61
f 67 68 69
f 70 71 72
f 70 72 67
f 67 72 68
f 73 74 75
f 73 75 76
f 43 77 44
f 44 77 78
f 44 78 73
f 73 78 74
f 4 3 79
f 4 79 80
f 80 79 81
f 80 81 48
f 48 81 49
f 68 82 69
f 69 82 83
f 69 83 84
f 84 83 85
f 84 85 64
f 64 85 65
f 76 75 86
f 76 86 87
f 87 86 88
f 87 88 70
f 70 88 71
f 89 18 90
f 90 18 20
f 90 20 12
f 90 12 91
f 91 12 9
f 91 9 92
f 92 9 5
f 92 5 93
f 93 5 7
f 93 7 94
f 94 7 1
f 94 1 95
f 95 1 96
f 96 1 4
f 96 4 80
f 96 80 97
f 97 80 98
f 98 80 48
f 98 48 99
f 99 48 51
f 99 51 54
f 99 54 100
f 100 54 56
f 100 56 101
f 102 64 103
f 103 64 60
f 103 60 62
f 103 62 104
f 104 62 105
f 105 62 36
f 105 36 106
f 106 36 39
f 106 39 32
f 106 32 107
f 107 32 108
f 108 32 34
f 108 34 109
f 109 34 29
f 109 29 110
f 110 29 27
f 110 27 111
f 111 27 22
f 111 22 112
f 112 22 24
f 112 24 113
f 113 24 15
f 113 15 89
f 89 15 18
f 101 56 45
f 101 45 114
f 114 45 40
f 114 40 115
f 115 40 42
f 115 42 116
f 116 42 44
f 116 44 117
f 117 44 73
f 117 73 118
f 118 73 76
f 118 76 119
f 119 76 87
f 119 87 120
f 120 87 70
f 120 70 121
f 121 70 67
f 121 67 122
f 122 67 69
f 122 69 123
f 123 69 84
f 123 84 102
f 102 84 64
f 95 124 94
f 94 124 125
f 92 126 91
f 91 126 127
f 113 128 112
f 112 128 129
f 110 130 131
f 110 131 109
f 94 125 132
f 94 132 93
f 93 132 133
f 93 133 92
f 92 133 126
f 89 134 113
f 113 134 135
f 113 135 128
f 117 136 116
f 116 136 137
f 91 127 138
f 91 138 90
f 90 138 139
f 90 139 89
f 89 139 134
f 112 129 140
f 112 140 111
f 111 140 141
f 111 141 110
f 110 141 130
f 109 131 142
f 109 142 108
f 108 142 143
f 108 143 107
f 122 144 121
f 121 144 145
f 121 145 120
f 145 146 120
f 120 146 147
f 120 147 119
f 116 137 148
f 116 148 115
f 115 148 149
f 143 150 107
f 107 150 106
f 106 150 151
f 119 147 152
f 119 152 118
f 118 152 153
f 118 153 117
f 117 153 136
f 106 151 154
f 106 154 105
f 105 154 155
f 105 155 156
f 105 156 104
f 115 149 157
f 115 157 114
f 114 157 158
f 114 158 101
f 100 159 99
f 99 159 160
f 99 160 98
f 97 161 96
f 96 161 162
f 96 162 163
f 96 163 95
f 95 163 124
f 104 156 164
f 104 164 103
f 103 164 165
f 123 166 122
f 122 166 144
f 160 167 98
f 98 167 168
f 98 168 161
f 98 161 97
f 103 165 102
f 102 165 169
f 102 169 170
f 102 170 123
f 123 170 166
f 158 171 101
f 101 171 100
f 100 171 172
f 100 172 159
f 173 174 162
f 162 174 163
f 160 175 167
f 167 175 176
f 167 176 168
f 168 176 177
f 168 177 161
f 161 177 178
f 161 178 162
f 162 178 173
f 158 179 171
f 171 179 180
f 171 180 172
f 172 180 181
f 172 181 182
f 172 182 159
f 159 182 160
f 160 182 175
f 137 183 148
f 148 183 184
f 148 184 149
f 149 184 185
f 149 185 157
f 157 185 158
f 158 185 179
f 186 187 153
f 153 187 136
f 136 187 188
f 136 188 137
f 137 188 183
f 189 190 145
f 145 190 146
f 146 190 191
f 146 191 147
f 147 191 192
f 147 192 152
f 152 192 153
f 153 192 186
f 189 145 193
f 193 145 144
f 193 144 194
f 194 144 166
f 194 166 195
f 196 195 169
f 169 195 170
f 170 195 166
f 196 169 197
f 197 169 165
f 197 165 198
f 198 165 164
f 198 164 199
f 155 200 156
f 156 200 199
f 156 199 164
f 143 201 150
f 150 201 202
f 150 202 151
f 151 202 203
f 151 203 154
f 154 203 204
f 154 204 155
f 155 204 200
f 141 205 206
f 141 206 130
f 130 206 207
f 130 207 131
f 131 207 208
f 131 208 142
f 142 208 143
f 143 208 201
f 209 210 129
f 129 210 140
f 140 210 141
f 141 210 205
f 211 212 139
f 139 212 134
f 134 212 213
f 134 213 135
f 135 213 214
f 135 214 128
f 128 214 129
f 129 214 209
f 215 216 133
f 133 216 126
f 126 216 217
f 126 217 127
f 127 217 218
f 127 218 138
f 138 218 139
f 139 218 211
f 215 133 132
f 215 132 219
f 219 132 125
f 219 125 220
f 220 125 124
f 220 124 174
f 174 124 163
f 221 198 222
f 222 198 199
f 222 199 223
f 224 205 210
f 224 210 225
f 226 213 227
f 227 213 212
f 228 179 229
f 229 179 185
f 199 200 223
f 223 200 204
f 223 204 230
f 231 201 208
f 231 208 232
f 232 208 207
f 232 207 233
f 233 207 206
f 233 206 224
f 224 206 205
f 204 203 230
f 230 203 234
f 234 203 202
f 234 202 231
f 231 202 201
f 225 210 209
f 225 209 235
f 235 209 214
f 235 214 213
f 235 213 226
f 236 175 182
f 236 182 237
f 229 185 184
f 229 184 238
f 238 184 183
f 238 183 239
f 227 212 211
f 227 211 240
f 240 211 218
f 240 218 241
f 242 215 243
f 243 215 219
f 237 182 181
f 237 181 180
f 237 180 228
f 228 180 179
f 239 183 188
f 239 188 244
f 244 188 187
f 245 194 195
f 245 195 246
f 218 217 241
f 241 217 242
f 242 217 216
f 242 216 215
f 246 195 196
f 246 196 197
f 246 197 221
f 221 197 198
f 247 173 178
f 247 178 248
f 248 178 177
f 248 177 249
f 249 177 176
f 249 176 236
f 236 176 175
f 250 191 251
f 251 191 190
f 251 190 189
f 251 189 252
f 252 189 193
f 252 193 245
f 245 193 194
f 243 219 220
f 243 220 253
f 253 220 174
f 253 174 247
f 247 174 173
f 244 187 186
f 244 186 254
f 254 186 192
f 254 192 250
f 250 192 191
f 227 255 226
f 226 255 256
f 226 256 235
f 235 256 257
f 235 257 225
f 225 257 224
f 224 257 258
f 224 258 233
f 233 258 259
f 233 259 260
f 233 260 232
f 232 260 231
f 231 260 261
f 231 261 234
f 234 261 262
f 234 262 230
f 230 262 263
f 230 263 223
f 223 263 264
f 223 264 222
f 222 264 265
f 222 265 221
f 221 265 266
f 221 266 246
f 228 267 237
f 237 267 268
f 237 268 236
f 236 268 269
f 236 269 249
f 249 269 270
f 249 270 248
f 248 270 271
f 248 271 247
f 247 271 272
f 247 272 253
f 253 272 273
f 253 273 243
f 243 273 274
f 243 274 242
f 242 274 275
f 242 275 241
f 241 275 276
f 241 276 240
f 240 276 277
f 240 277 227
f 227 277 278
f 227 278 255
f 266 279 246
f 246 279 280
f 246 280 245
f 245 280 281
f 245 281 252
f 252 281 282
f 252 282 251
f 251 282 283
f 251 283 250
f 250 283 284
f 250 284 254
f 254 284 285
f 254 285 244
f 244 285 286
f 244 286 239
f 239 286 287
f 239 287 238
f 238 287 288
f 238 288 229
f 229 288 289
f 229 289 228
f 228 289 290
f 228 290 267
f 255 291 256
f 256 291 292
f 266 293 279
f 256 292 294
f 256 294 257
f 276 295 277
f 277 295 296
f 275 297 298
f 275 298 276
f 276 298 295
f 259 299 260
f 260 299 300
f 272 301 273
f 264 302 265
f 265 302 303
f 265 303 266
f 266 303 293
f 294 304 257
f 257 304 258
f 258 304 305
f 258 305 259
f 259 305 306
f 259 306 299
f 277 296 307
f 277 307 278
f 278 307 308
f 278 308 255
f 255 308 291
f 301 309 273
f 273 309 274
f 274 309 310
f 274 310 311
f 274 311 275
f 275 311 297
f 268 312 269
f 286 313 287
f 287 313 314
f 287 314 288
f 285 315 286
f 286 315 316
f 286 316 313
f 282 317 283
f 283 317 318
f 263 319 264
f 264 319 320
f 264 320 302
f 312 321 269
f 269 321 322
f 269 322 270
f 289 323 290
f 290 323 324
f 281 325 326
f 281 326 282
f 282 326 317
f 262 327 263
f 263 327 328
f 263 328 319
f 322 329 270
f 270 329 330
f 270 330 271
f 271 330 331
f 271 331 272
f 272 331 301
f 288 314 332
f 288 332 289
f 289 332 333
f 289 333 323
f 283 318 334
f 283 334 284
f 284 334 335
f 284 335 285
f 285 335 315
f 293 336 279
f 279 336 280
f 280 336 337
f 280 337 338
f 280 338 281
f 281 338 325
f 260 300 339
f 260 339 261
f 261 339 340
f 261 340 262
f 262 340 327
f 290 324 341
f 290 341 267
f 267 341 342
f 267 342 268
f 268 342 312
f 342 55 59
f 342 59 312
f 312 59 58
f 312 58 321
f 321 58 50
f 321 50 322
f 322 50 329
f 329 50 49
f 329 49 330
f 330 49 81
f 330 81 331
f 331 81 79
f 331 79 3
f 331 3 301
f 55 342 57
f 57 342 341
f 57 341 46
f 46 341 324
f 46 324 47
f 47 324 323
f 47 323 41
f 41 323 333
f 41 333 43
f 43 333 332
f 43 332 77
f 77 332 314
f 77 314 78
f 78 314 313
f 78 313 74
f 74 313 316
f 74 316 75
f 75 316 315
f 75 315 86
f 86 315 335
f 86 335 88
f 88 335 334
f 88 334 71
f 71 334 318
f 71 318 72
f 72 318 317
f 72 317 68
f 68 317 326
f 68 326 82
f 82 326 325
f 82 325 83
f 83 325 338
f 83 338 85
f 85 338 337
f 85 337 336
f 85 336 65
f 65 336 66
f 66 336 293
f 66 293 303
f 66 303 61
f 61 303 63
f 63 303 302
f 63 302 37
f 37 302 320
f 37 320 38
f 38 320 319
f 38 319 328
f 38 328 52
f 52 328 327
f 52 327 53
f 53 327 340
f 53 340 33
f 33 340 35
f 35 340 339
f 35 339 30
f 30 339 300
f 30 300 31
f 31 300 299
f 31 299 28
f 28 299 306
f 28 306 23
f 23 306 305
f 23 305 304
f 23 304 25
f 25 304 26
f 26 304 294
f 26 294 16
f 16 294 292
f 16 292 17
f 17 292 291
f 17 291 19
f 19 291 308
f 19 308 21
f 21 308 307
f 21 307 13
f 13 307 296
f 13 296 14
f 14 296 295
f 14 295 10
f 10 295 298
f 10 298 11
f 11 298 297
f 11 297 6
f 6 297 311
f 6 311 8
f 8 311 310
f 8 310 309
f 8 309 2
f 2 309 3
f 3 309 301
f 343 344 273
f 345 346 347
f 347 346 348
f 348 346 273
f 273 346 343
f 273 344 349
f 350 351 352
f 347 353 345
f 354 355 351
f 351 355 352
f 354 356 355
f 357 358 359
f 360 361 362
f 362 361 363
f 364 365 366
f 366 365 367
f 368 369 370
f 370 369 371
f 370 371 372
f 372 371 373
f 372 373 374
f 374 373 375
f 374 375 367
f 367 375 366
f 376 377 378
f 378 377 379
f 349 344 376
f 380 353 381
f 381 353 347
f 381 350 380
f 351 350 381
f 382 383 354
f 354 383 356
f 382 384 383
f 359 358 385
f 363 361 386
f 387 360 388
f 388 360 362
f 389 390 391
f 365 364 392
f 379 393 368
f 368 393 369
f 349 376 378
f 394 395 396
f 396 395 397
f 386 398 385
f 385 398 359
f 386 361 398
f 279 387 388
f 399 387 400
f 400 387 279
f 401 402 400
f 400 402 399
f 403 402 404
f 404 402 401
f 379 377 393
f 395 405 406
f 406 405 407
f 358 357 397
f 397 357 396
f 408 409 404
f 404 409 403
f 410 411 412
f 412 411 408
f 410 412 391
f 389 391 412
f 390 389 392
f 384 382 407
f 407 382 406
f 395 394 405
f 408 411 409
f 365 392 389
f 413 414 415
f 415 414 416
f 414 413 417
f 414 417 418
f 419 418 420
f 420 418 417
f 421 419 420
f 419 421 422
f 422 421 423
f 422 423 424
f 425 424 423
f 424 425 426
f 426 425 427
f 426 427 428
f 429 428 427
f 428 429 430
f 431 430 429
f 431 432 430
f 433 434 432
f 433 432 431
f 434 433 435
f 434 435 436
f 437 436 435
f 437 438 436
f 439 440 438
f 439 438 437
f 440 439 441
f 441 439 442
f 443 444 442
f 442 444 441
f 445 446 444
f 445 444 443
f 446 445 447
f 447 445 448
f 449 447 448
f 449 450 447
f 451 450 449
f 452 451 453
f 452 453 454
f 455 454 453
f 455 456 454
f 457 456 455
f 458 459 460
f 461 462 463
f 464 465 466
f 467 468 469
f 470 471 472
f 473 474 475
f 476 477 478
f 478 477 479
f 478 479 480
f 478 480 481
f 481 480 482
f 482 480 483
f 484 485 486
f 486 485 487
f 486 487 488
f 488 487 489
f 488 489 490
f 490 489 491
f 492 467 469
f 492 469 493
f 492 493 494
f 494 493 495
f 495 493 496
f 464 466 497
f 497 466 498
f 497 498 499
f 499 498 500
f 500 498 501
f 502 503 504
f 504 503 505
f 504 505 506
f 504 506 507
f 506 508 507
f 507 508 509
f 510 461 463
f 510 463 511
f 510 511 512
f 512 511 513
f 513 511 514
f 515 473 475
f 515 475 516
f 516 475 517
f 516 517 518
f 516 518 519
f 520 521 522
f 522 521 523
f 522 523 524
f 522 524 525
f 525 524 526
f 526 524 527
f 528 529 530
f 530 529 531
f 530 531 532
f 532 531 533
f 532 533 534
f 534 533 535
f 536 470 472
f 536 472 537
f 536 537 538
f 538 537 539
f 539 537 540
f 541 542 543
f 544 545 546
f 547 548 549
f 550 551 552
f 547 549 553
f 553 549 554
f 552 551 555
f 556 557 558
f 559 560 561
f 562 563 564
f 564 563 565
f 564 565 566
f 541 543 567
f 568 560 569
f 569 560 559
f 570 571 572
f 570 572 573
f 570 573 574
f 551 550 575
f 576 566 549
f 549 566 577
f 549 577 554
f 566 576 564
f 564 576 578
f 579 580 558
f 564 581 582
f 583 546 584
f 560 568 585
f 578 581 564
f 586 587 588
f 558 580 589
f 556 558 590
f 590 558 591
f 591 558 589
f 591 589 551
f 592 574 543
f 543 574 593
f 543 593 567
f 574 592 570
f 570 592 594
f 588 587 595
f 551 575 591
f 594 596 570
f 587 586 582
f 587 582 581
f 597 586 598
f 546 583 599
f 544 546 600
f 600 546 601
f 601 546 599
f 601 599 560
f 580 579 602
f 596 603 570
f 560 585 601
f 602 588 580
f 604 596 605
f 606 596 604
f 606 603 596
f 607 608 583
f 583 584 607
f 588 595 580
f 586 597 582
f 607 609 608
f 605 586 604
f 586 605 598
f 598 605 608
f 608 610 598
f 608 609 610
f 611 612 613
f 612 611 614
f 614 611 615
f 615 611 616
f 616 617 615
f 618 619 616
f 616 619 617
f 618 620 619
f 621 622 618
f 618 622 620
f 621 623 622
f 623 621 624
f 624 625 623
f 626 627 624
f 624 627 625
f 627 626 628
f 629 630 626
f 626 630 628
f 629 631 630
f 629 632 633
f 629 633 631
f 634 635 636
f 636 637 634
f 638 639 636
f 636 639 637
f 639 638 640
f 640 638 641
f 641 638 642
f 641 642 643
f 643 642 644
f 644 642 645
f 645 642 646
f 646 647 645
f 648 649 646
f 646 649 647
f 648 650 649
f 651 652 653
f 651 653 648
f 648 653 650
f 654 655 656
f 654 656 651
f 651 656 652
f 657 658 659
f 660 661 659
f 660 659 658
f 661 660 662
f 663 664 665
f 665 664 666
f 665 666 667
f 665 667 668
f 662 669 661
f 661 669 670
f 661 670 671
f 671 670 672
f 671 672 673
f 673 672 665
f 673 665 674
f 674 665 668
f 674 668 675
f 675 668 676
f 676 677 675
f 678 679 664
f 664 663 678
f 680 681 682
f 682 683 680
f 680 683 684
f 680 684 685
f 685 684 686
f 685 686 687
f 687 686 688
f 687 688 689
f 689 688 675
f 689 675 678
f 678 675 677
f 678 677 679
f 683 682 690
f 690 682 691
f 690 691 692
f 692 693 690
f 693 694 695
f 695 694 696
f 696 680 695
f 680 696 681
f 693 695 690
f 690 695 697
f 698 699 695
f 699 700 695
f 695 700 697
f 697 700 701
f 701 702 697
f 697 702 703
f 697 703 704
f 697 704 705
f 697 705 706
f 706 705 707
f 707 708 706
f 706 708 709
f 708 710 709
f 709 710 711
f 709 711 712
f 712 711 713
f 712 713 714
f 714 715 716
f 716 715 717
f 714 716 712
f 718 719 720
f 712 721 718
f 712 718 720
f 719 722 720
f 723 722 724
f 723 724 725
f 726 716 725
f 725 716 723
f 726 721 716
f 716 721 712
f 727 728 729
f 729 728 730
f 730 728 731
f 732 733 734
f 730 731 735
f 722 723 720
f 720 723 736
f 736 723 737
f 736 737 738
f 736 738 739
f 739 738 740
f 739 740 741
f 741 740 730
f 741 730 742
f 742 730 735
f 742 735 732
f 742 732 734
f 734 733 743
f 733 744 743
f 729 744 727
f 745 746 747
f 747 746 748
f 747 748 749
f 749 748 750
f 750 748 743
f 750 743 729
f 729 743 744
f 745 751 752
f 745 752 753
f 745 753 746
f 753 752 754
f 754 755 753
f 753 755 756
f 753 756 757
f 753 757 758
f 758 757 759
f 758 759 760
f 758 760 761
f 760 762 761
f 761 762 763
f 764 761 763
f 765 764 766
f 765 767 768
f 768 767 769
f 768 769 770
f 770 771 768
f 768 771 772
f 771 657 772
f 772 657 659
f 773 774 775
f 775 774 776
f 773 775 777
f 662 773 669
f 669 773 778
f 778 773 777
f 777 779 778
f 779 780 778
f 780 781 782
f 782 781 783
f 783 784 785
f 785 784 786
f 776 774 786
f 776 786 784
f 787 788 745
f 745 788 789
f 745 789 790
f 745 790 751
f 751 790 791
f 751 791 792
f 751 792 793
f 792 794 795
f 792 795 793
f 794 792 796
f 796 792 797
f 796 797 798
f 798 797 799
f 799 800 787
f 787 800 788
f 801 802 803
f 782 804 802
f 782 802 801
f 783 785 782
f 782 785 805
f 782 805 804
f 798 799 787
f 798 787 806
f 807 808 809
f 808 807 806
f 808 806 787
f 810 811 808
f 808 811 809
f 801 803 812
f 801 812 810
f 810 812 811
f 813 814 815
f 716 717 816
f 816 717 817
f 817 818 816
f 816 818 813
f 813 818 814
f 819 820 821
f 821 820 695
f 695 820 698
f 813 815 822
f 813 822 821
f 821 822 819
f 473 513 823
f 473 823 824
f 519 825 520
f 826 528 526
f 528 826 827
f 470 534 828
f 534 829 828
f 476 539 830
f 830 831 476
f 482 832 833
f 482 833 484
f 490 834 467
f 835 464 495
f 495 836 837
f 495 837 835
f 838 502 500
f 500 839 838
f 461 509 840
f 840 841 461
f 842 843 844
f 844 843 845
f 846 847 842
f 842 847 843
f 848 849 850
f 848 850 851
f 852 853 854
f 852 854 855
f 856 857 846
f 846 857 858
f 846 858 847
f 851 850 859
f 851 859 860
f 851 860 856
f 856 860 857
f 861 862 863
f 863 862 864
f 863 864 852
f 852 864 853
f 854 865 855
f 855 865 848
f 848 865 849
f 866 867 861
f 861 867 868
f 861 868 862
f 869 870 866
f 866 870 867
f 871 872 873
f 871 873 874
f 874 873 875
f 876 877 871
f 871 877 872
f 845 878 844
f 844 878 879
f 879 878 880
f 874 875 869
f 869 875 881
f 869 881 870
f 882 883 884
f 882 884 876
f 876 884 877
f 885 886 887
f 885 887 888
f 888 887 889
f 888 889 890
f 888 890 882
f 882 890 883
f 879 880 891
f 879 891 892
f 892 891 893
f 892 893 885
f 885 893 886
f 894 895 896
f 895 894 897
f 895 897 898
f 895 898 899
f 899 898 900
f 899 900 901
f 901 900 902
f 901 902 903
f 903 902 904
f 903 904 905
f 905 904 906
f 905 906 907
f 907 906 908
f 907 908 909
f 909 908 910
f 909 910 911
f 911 910 912
f 911 912 913
f 913 912 914
f 913 914 915
f 915 914 916
f 916 914 917
f 916 917 918
f 917 919 918
f 918 919 920
f 919 921 920
f 920 921 922
f 921 923 922
f 922 923 924
f 923 925 924
f 924 925 926
f 925 927 926
f 926 927 928
f 927 929 928
f 928 929 930
f 929 931 930
f 930 931 932
f 931 933 932
f 932 933 934
f 933 935 934
f 934 935 936
f 935 937 936
f 936 937 896
f 896 937 894
f 938 939 940
f 940 939 941
f 940 941 942
f 942 941 943
f 942 943 944
f 942 944 945
f 945 944 946
f 946 944 947
f 946 947 948
f 948 947 949
f 948 949 950
f 950 949 951
f 950 951 952
f 952 951 953
f 952 953 954
f 954 953 955
f 954 955 956
f 956 955 957
f 956 957 958
f 958 957 959
f 958 959 960
f 960 959 961
f 960 961 962
f 960 962 963
f 963 962 964
f 963 964 965
f 965 964 966
f 965 966 967
f 967 966 968
f 967 968 969
f 969 968 970
f 969 970 971
f 969 971 972
f 972 971 973
f 972 973 974
f 974 973 975
f 974 975 976
f 976 975 977
f 976 977 978
f 978 977 979
f 978 979 980
f 980 979 981
f 981 979 982
f 981 982 938
f 938 982 939
f 279 983 400
f 400 983 984
f 400 984 401
f 401 984 985
f 401 985 404
f 404 985 986
f 404 986 408
f 408 986 987
f 408 987 988
f 408 988 412
f 412 988 989
f 412 989 389
f 389 989 990
f 389 990 365
f 365 990 991
f 365 991 367
f 367 991 992
f 367 992 374
f 374 992 993
f 374 993 372
f 372 993 994
f 372 994 370
f 370 994 995
f 370 995 368
f 368 995 996
f 368 996 379
f 379 996 997
f 379 997 378
f 378 997 998
f 378 998 349
f 349 998 999
f 349 999 273
f 273 999 348
f 348 999 1000
f 348 1000 347
f 347 1000 1001
f 347 1001 381
f 381 1001 1002
f 381 1002 351
f 351 1002 1003
f 351 1003 354
f 354 1003 1004
f 354 1004 382
f 382 1004 1005
f 382 1005 406
f 406 1005 1006
f 406 1006 395
f 395 1006 1007
f 395 1007 397
f 397 1007 1008
f 397 1008 358
f 358 1008 1009
f 358 1009 385
f 385 1009 1010
f 385 1010 386
f 386 1010 1011
f 386 1011 363
f 363 1011 362
f 362 1011 1012
f 362 1012 388
f 388 1012 983
f 388 983 279
f 1013 1014 1015
f 462 1016 1013
f 1017 1018 1016
f 1019 1020 1021
f 1021 1020 1022
f 1021 1022 1023
f 1024 1025 1026
f 1024 1026 1027
f 1027 1026 527
f 1027 1028 1029
f 1014 1013 1030
f 1030 1013 1031
f 1016 1018 1013
f 1016 1032 1017
f 1017 1032 1033
f 1033 1034 1035
f 1035 1034 1036
f 1035 1036 1037
f 1038 1039 1040
f 1038 1040 1041
f 1041 1040 535
f 1041 1025 1024
f 475 474 517
f 1033 503 1034
f 1037 1036 501
f 1037 1042 1043
f 1019 485 1020
f 527 524 1027
f 1014 1030 518
f 1014 518 474
f 474 518 517
f 1044 1045 1043
f 1044 1043 1042
f 1045 1046 1047
f 1023 477 1048
f 1023 1048 1049
f 1048 1050 1049
f 1049 1050 1038
f 1029 1028 1051
f 1051 1028 1030
f 1051 1030 1031
f 508 506 1033
f 1023 1022 483
f 1027 524 523
f 1027 523 521
f 514 511 1013
f 1013 511 463
f 1033 506 505
f 1033 505 503
f 501 498 1037
f 1037 498 466
f 1037 466 465
f 1045 496 493
f 1019 491 489
f 489 487 1019
f 1019 487 485
f 535 533 1041
f 1041 533 531
f 531 529 1041
f 1027 521 1028
f 1032 508 1033
f 1037 465 1042
f 1045 493 469
f 1045 469 468
f 1046 1052 1047
f 1047 1052 1019
f 1019 1052 491
f 1041 529 1025
f 463 462 1013
f 1044 496 1045
f 1045 468 1046
f 1023 480 479
f 1023 479 477
f 1050 540 1038
f 1038 540 537
f 1013 1015 514
f 537 472 1038
f 1038 472 471
f 1023 483 480
f 1038 471 1039
f 1053 1054 1055
f 1055 1054 1056
f 1055 1056 1057
f 1057 1056 1058
f 1057 1058 1059
f 1059 1058 1060
f 1061 1062 1063
f 1063 1062 1064
f 1063 1064 1065
f 1063 1065 1066
f 1066 1065 1067
f 1067 1065 1068
f 1067 1068 1053
f 1053 1068 1054
f 1069 1070 1071
f 1071 1070 1072
f 1071 1072 1073
f 1073 1072 1074
f 1073 1074 1075
f 1076 1077 1078
f 1078 1077 1079
f 1078 1079 1080
f 1078 1080 1081
f 1081 1080 1082
f 1082 1080 1083
f 1084 1085 1086
f 1086 1085 1087
f 1086 1087 1088
f 1088 1087 1089
f 1089 1087 1090
f 1091 1092 1093
f 1093 1092 1094
f 1093 1094 1095
f 1093 1095 1096
f 1096 1095 1097
f 1097 1095 1098
f 1099 1100 1101
f 1101 1100 1102
f 1102 1100 1103
f 1102 1103 1104
f 1104 1103 1105
f 1106 1107 1108
f 1108 1107 1109
f 1108 1109 1110
f 1111 1112 1113
f 1113 1112 1114
f 1114 1112 1115
f 1114 1115 1116
f 1117 1118 1119
f 1119 1118 1120
f 1119 1120 1121
f 1119 1121 1122
f 1122 1121 1123
f 1123 1121 1124
f 1125 1126 1127
f 1127 1126 1128
f 1127 1128 1129
f 1129 1128 1130
f 1129 1130 1131
f 1131 1130 1132
f 1133 1134 1135
f 1135 1134 1136
f 1135 1136 1137
f 1137 1136 1138
f 1137 1138 1139
f 1140 1141 1142
f 1142 1141 1143
f 1142 1143 1144
f 1142 1144 1145
f 1145 1144 1146
f 1146 1144 1147
f 1148 1149 1150
f 1150 1149 1151
f 1150 1151 1152
f 1152 1151 1153
f 1153 1151 1154
f 1155 1156 1157
f 1157 1156 1158
f 1157 1158 1159
f 1157 1159 1160
f 1160 1159 1161
f 1161 1159 1162
f 1163 1164 1165
f 1165 1164 1166
f 1166 1164 1167
f 1166 1167 1168
f 1168 1167 1169
f 1170 1171 1172
f 1172 1171 1173
f 1172 1173 1174
f 1175 1176 1177
f 1177 1176 1178
f 1178 1176 1179
f 1178 1179 1180
f 1181 1182 1183
f 1183 1182 1184
f 1183 1184 1185
f 1183 1185 1186
f 1186 1185 1187
f 1187 1185 1188
f 1189 1190 1191
f 1191 1190 1192
f 1191 1192 1193
f 1193 1192 1194
f 1193 1194 1195
f 1195 1194 1196
f 1197 1198 1199
f 1199 1198 1200
f 1199 1200 1201
f 1201 1200 1202
f 1201 1202 1203
f 1204 1205 1206
f 1206 1205 1207
f 1206 1207 1208
f 1206 1208 1209
f 1209 1208 1210
f 1210 1208 1211
f 1212 1213 1214
f 1214 1213 1215
f 1214 1215 1216
f 1216 1215 1217
f 1217 1215 1218
f 1219 1220 1221
f 1221 1220 1222
f 1221 1222 1223
f 1221 1223 1224
f 1224 1223 1225
f 1226 1227 1228
f 1228 1227 1229
f 1229 1227 1230
f 1229 1230 1231
f 1231 1230 1232
f 1233 1234 1235
f 1235 1234 1236
f 1236 1234 1237
f 1236 1237 1238
f 1239 1240 1241
f 1241 1240 1242
f 1242 1240 1243
f 1242 1243 1244
f 1245 1246 1247
f 1247 1246 1248
f 1247 1248 1249
f 1247 1249 1250
f 1250 1249 1251
f 1251 1249 1252
f 1253 1254 1255
f 1255 1254 1256
f 1255 1256 1257
f 1257 1256 1258
f 1257 1258 1259
f 1259 1258 1260
f 1261 1262 1263
f 1263 1262 1264
f 1263 1264 1265
f 1265 1264 1266
f 1265 1266 1267
f 1268 1269 1270
f 1270 1269 1271
f 1270 1271 1272
f 1270 1272 1273
f 1273 1272 1274
f 1274 1272 1275
f 1276 1277 1278
f 1278 1277 1279
f 1278 1279 1280
f 1280 1279 1281
f 1281 1279 1282
f 1283 1284 1285
f 1285 1284 1286
f 1285 1286 1287
f 1285 1287 1288
f 1288 1287 1289
f 1290 1291 1292
f 1292 1291 1293
f 1293 1291 1294
f 1293 1294 1295
f 1295 1294 1296
f 1297 1298 1299
f 1299 1298 1300
f 1300 1298 1301
f 1300 1301 1302
f 1303 1304 1305
f 1305 1304 1306
f 1306 1304 1307
f 1306 1307 1308
f 1059 1060 1069
f 1069 1060 1070
f 1073 1075 1076
f 1076 1075 1077
f 1082 1083 1085
f 1082 1085 1084
f 1089 1090 1091
f 1091 1090 1092
f 1097 1098 1099
f 1099 1098 1100
f 1104 1105 1106
f 1106 1105 1107
f 1108 1110 1111
f 1111 1110 1112
f 1116 1115 1118
f 1116 1118 1117
f 1123 1124 1125
f 1125 1124 1126
f 1131 1132 1133
f 1133 1132 1134
f 1137 1139 1140
f 1140 1139 1141
f 1146 1147 1149
f 1146 1149 1148
f 1153 1154 1155
f 1155 1154 1156
f 1161 1162 1163
f 1163 1162 1164
f 1168 1169 1170
f 1170 1169 1171
f 1172 1174 1175
f 1175 1174 1176
f 1180 1179 1182
f 1180 1182 1181
f 1187 1188 1189
f 1189 1188 1190
f 1195 1196 1197
f 1197 1196 1198
f 1201 1203 1204
f 1204 1203 1205
f 1210 1211 1213
f 1210 1213 1212
f 1217 1218 1219
f 1219 1218 1220
f 1224 1225 1226
f 1226 1225 1227
f 1231 1232 1233
f 1233 1232 1234
f 1236 1238 1239
f 1239 1238 1240
f 1244 1243 1246
f 1244 1246 1245
f 1251 1252 1253
f 1253 1252 1254
f 1259 1260 1261
f 1261 1260 1262
f 1265 1267 1268
f 1268 1267 1269
f 1274 1275 1277
f 1274 1277 1276
f 1281 1282 1283
f 1283 1282 1284
f 1288 1289 1290
f 1290 1289 1291
f 1295 1296 1297
f 1297 1296 1298
f 1300 1302 1303
f 1303 1302 1304
f 1308 1307 1062
f 1308 1062 1061
f 1309 1310 1311
f 1309 1311 1312
f 1312 1311 1313
f 1313 1311 1314
f 1313 1314 1315
f 1316 1317 1318
f 1318 1317 1319
f 1319 1317 1320
f 1319 1320 1321
f 1319 1321 1309
f 1309 1321 1310
f 1322 1323 1324
f 1324 1323 1325
f 1324 1325 1326
f 1326 1325 1316
f 1316 1325 1327
f 1316 1327 1317
f 1328 1329 1330
f 1328 1330 1331
f 1331 1330 1332
f 1331 1332 1333
f 1333 1332 1334
f 1333 1334 1322
f 1322 1334 1323
f 1335 1336 1337
f 1337 1336 1338
f 1337 1338 1339
f 1339 1338 1340
f 1339 1340 1341
f 1342 1343 1344
f 1344 1343 1345
f 1344 1345 1346
f 1346 1345 1347
f 1346 1347 1335
f 1335 1347 1336
f 1348 1349 1350
f 1348 1350 1351
f 1351 1350 1352
f 1351 1352 1353
f 1353 1352 1354
f 1353 1354 1342
f 1342 1354 1343
f 1314 1355 1315
f 1315 1355 1356
f 1315 1356 1357
f 1357 1356 1358
f 1357 1358 1359
f 1359 1358 1360
f 1360 1358 1361
f 1360 1361 1349
f 1360 1349 1348
f 1340 1362 1341
f 1341 1362 1363
f 1363 1362 1364
f 1363 1364 1365
f 1365 1364 1366
f 1365 1366 1367
f 1367 1366 1368
f 1369 1370 1371
f 1369 1371 1372
f 1372 1371 1373
f 1373 1371 1374
f 1373 1374 1328
f 1328 1374 1329
f 1367 1368 1375
f 1367 1375 1376
f 1376 1375 1377
f 1376 1377 1378
f 1378 1377 1379
f 1378 1379 1380
f 1380 1379 1381
f 1380 1381 1369
f 1369 1381 1370
f 723 716 1382
f 1382 716 1383
f 1383 716 816
f 1383 816 813
f 1383 813 1384
f 1384 813 821
f 1384 821 1385
f 1385 821 695
f 1385 695 1386
f 1386 695 680
f 1386 680 1387
f 1387 680 685
f 1387 685 1388
f 1388 685 687
f 1388 687 1389
f 1389 687 689
f 1389 689 1390
f 1390 689 678
f 1390 678 1391
f 1391 678 663
f 1391 663 665
f 1391 665 1392
f 1392 665 672
f 1392 672 1393
f 1393 672 670
f 1393 670 1394
f 1394 670 669
f 1394 669 1395
f 1395 669 778
f 1395 778 780
f 1395 780 1396
f 1396 780 782
f 1396 782 801
f 1396 801 1397
f 1397 801 810
f 1397 810 1398
f 1398 810 808
f 1398 808 1399
f 1399 808 787
f 1399 787 1400
f 1400 787 745
f 1400 745 1401
f 1401 745 747
f 1401 747 1402
f 1402 747 749
f 1402 749 750
f 1402 750 1403
f 1403 750 729
f 1403 729 1404
f 1404 729 730
f 1404 730 1405
f 1405 730 740
f 1405 740 1406
f 1406 740 738
f 1406 738 1407
f 1407 738 737
f 1407 737 1408
f 1408 737 723
f 1408 723 1382
f 1409 1410 1411
f 1409 1411 1412
f 1412 1413 1414
f 1414 1413 1415
f 1413 1416 1415
f 1415 1416 1417
f 1417 1418 1415
f 1415 1418 1419
f 1419 1418 1420
f 1410 1420 1411
f 1421 1422 1423
f 1424 1422 1425
f 1424 1425 1426
f 1424 1426 1427
f 1427 1426 1428
f 1427 1428 1429
f 1427 1429 1430
f 1430 1429 1431
f 1432 1433 1431
f 1433 1432 1421
f 1433 1421 1423
f 1434 1435 1436
f 1437 1435 1438
f 1438 1439 1437
f 1439 1440 1437
f 1437 1440 1441
f 1441 1440 1442
f 1443 1444 1442
f 1444 1443 1434
f 1444 1434 1436
f 1445 1446 1447
f 1445 1447 1448
f 1448 1447 1449
f 1450 1449 1451
f 1451 1452 1450
f 1450 1452 1453
f 1452 1454 1453
f 1445 1454 1455
f 1445 1455 1456
f 1446 1445 1456
f 1457 1458 1459
f 1460 1458 1461
f 1461 1462 1460
f 1460 1462 1463
f 1464 1465 1463
f 1462 1464 1463
f 1463 1465 1466
f 1467 1468 1466
f 1468 1467 1457
f 1468 1457 1459
f 1469 1470 1471
f 1470 1472 1473
f 1473 1472 1474
f 1473 1474 1475
f 1474 1476 1475
f 1476 1477 1475
f 1475 1477 1478
f 1479 1480 1478
f 1480 1479 1469
f 1480 1469 1471
f 1454 1445 1453
f 1453 1445 1481
f 1453 1481 1482
f 1482 1481 1483
f 1482 1483 1484
f 1484 1483 1485
f 1484 1485 1486
f 1441 1442 1444
f 1441 1444 1486
f 1441 1486 1485
f 1435 1437 1436
f 1436 1437 1487
f 1436 1487 1488
f 1488 1487 1489
f 1488 1489 1490
f 1490 1489 1491
f 1490 1491 1492
f 1430 1431 1433
f 1430 1433 1492
f 1430 1492 1491
f 1422 1424 1423
f 1423 1424 1493
f 1423 1493 1494
f 1494 1493 1495
f 1494 1495 1496
f 1496 1495 1497
f 1496 1497 1498
f 1419 1420 1410
f 1419 1410 1498
f 1419 1498 1497
f 1412 1414 1409
f 1409 1414 1499
f 1414 1500 1499
f 1499 1500 1501
f 1500 1502 1501
f 1501 1502 1503
f 1502 1504 1503
f 1475 1478 1480
f 1475 1480 1504
f 1504 1480 1503
f 1470 1473 1471
f 1471 1473 1505
f 1473 1506 1505
f 1505 1506 1507
f 1506 1508 1507
f 1507 1508 1509
f 1508 1510 1509
f 1463 1466 1468
f 1463 1468 1510
f 1510 1468 1509
f 1458 1460 1459
f 1459 1460 1511
f 1460 1512 1511
f 1511 1512 1513
f 1512 1514 1513
f 1513 1514 1515
f 1514 1516 1515
f 1448 1449 1450
f 1448 1450 1516
f 1516 1450 1515
f 1517 1482 1518
f 1518 1482 1519
f 1519 1482 1484
f 1519 1484 1520
f 1520 1484 1486
f 1520 1486 1521
f 1521 1486 1444
f 1521 1444 1522
f 1522 1444 1436
f 1522 1436 1523
f 1523 1436 1488
f 1523 1488 1524
f 1524 1488 1490
f 1524 1490 1525
f 1525 1490 1492
f 1525 1492 1526
f 1526 1492 1433
f 1526 1433 1527
f 1527 1433 1423
f 1527 1423 1528
f 1528 1423 1494
f 1528 1494 1529
f 1529 1494 1496
f 1529 1496 1530
f 1530 1496 1498
f 1530 1498 1531
f 1531 1498 1532
f 1532 1498 1410
f 1532 1410 1533
f 1533 1410 1409
f 1533 1409 1499
f 1533 1499 1534
f 1534 1499 1535
f 1535 1499 1501
f 1535 1501 1536
f 1536 1501 1503
f 1536 1503 1537
f 1537 1503 1480
f 1537 1480 1538
f 1538 1480 1471
f 1538 1471 1539
f 1539 1471 1505
f 1539 1505 1540
f 1540 1505 1507
f 1540 1507 1541
f 1541 1507 1509
f 1541 1509 1542
f 1542 1509 1468
f 1542 1468 1543
f 1543 1468 1459
f 1543 1459 1544
f 1544 1459 1511
f 1544 1511 1545
f 1545 1511 1513
f 1545 1513 1546
f 1546 1513 1515
f 1546 1515 1547
f 1547 1515 1548
f 1548 1515 1450
f 1548 1450 1517
f 1517 1450 1453
f 1517 1453 1482
f 1366 1531 1549
f 1549 1531 1532
f 1531 1366 1550
f 1531 1550 1530
f 1551 1530 1550
f 1530 1551 1552
f 1530 1552 1529
f 1553 1528 1340
f 1340 1528 1529
f 1340 1529 1552
f 1528 1553 1554
f 1555 1527 1338
f 1338 1527 1528
f 1338 1528 1554
f 1527 1555 1556
f 1527 1556 1526
f 1557 1525 1347
f 1347 1525 1526
f 1347 1526 1556
f 1525 1557 1558
f 1559 1524 1345
f 1345 1524 1525
f 1345 1525 1558
f 1524 1559 1523
f 1523 1559 1560
f 1352 1522 1560
f 1560 1522 1523
f 1522 1352 1561
f 1350 1521 1561
f 1561 1521 1522
f 1521 1350 1562
f 1521 1562 1520
f 1520 1562 1563
f 1361 1519 1563
f 1563 1519 1520
f 1519 1361 1564
f 1565 1518 1358
f 1358 1518 1519
f 1358 1519 1564
f 1518 1565 1356
f 1518 1356 1517
f 1517 1356 1355
f 1355 1314 1517
f 1517 1314 1548
f 1314 1566 1548
f 1548 1566 1567
f 1310 1547 1567
f 1567 1547 1548
f 1547 1310 1568
f 1547 1568 1546
f 1569 1546 1321
f 1321 1546 1568
f 1546 1569 1545
f 1545 1569 1570
f 1571 1544 1570
f 1570 1544 1545
f 1544 1571 1572
f 1573 1543 1327
f 1327 1543 1544
f 1327 1544 1572
f 1543 1573 1574
f 1543 1574 1542
f 1575 1541 1323
f 1323 1541 1542
f 1323 1542 1574
f 1541 1575 1576
f 1577 1540 1334
f 1334 1540 1541
f 1334 1541 1576
f 1540 1577 1539
f 1539 1577 1578
f 1329 1538 1578
f 1578 1538 1539
f 1538 1329 1579
f 1374 1537 1579
f 1579 1537 1538
f 1537 1374 1580
f 1537 1580 1536
f 1536 1580 1581
f 1370 1535 1581
f 1581 1535 1536
f 1535 1370 1582
f 1583 1534 1381
f 1381 1534 1535
f 1381 1535 1582
f 1534 1583 1379
f 1534 1379 1533
f 1533 1379 1377
f 1377 1584 1533
f 1533 1584 1532
f 1532 1584 1375
f 1532 1375 1549
f 1585 1586 1587
f 1587 1586 1588
f 1588 1586 1589
f 1588 1589 1590
f 1590 1589 1591
f 1590 1591 1592
f 1592 1591 1593
f 1592 1593 1594
f 1594 1593 1595
f 1594 1595 1596
f 1596 1595 1597
f 1596 1597 1598
f 1598 1597 1599
f 1598 1599 1600
f 1598 1600 1601
f 1601 1600 1602
f 1602 1600 1603
f 1602 1603 1604
f 1604 1603 1605
f 1604 1605 1606
f 1606 1605 1607
f 1606 1607 1608
f 1608 1607 1609
f 1608 1609 1610
f 1610 1609 1611
f 1610 1611 1612
f 1611 1613 1612
f 1612 1613 1614
f 1614 1613 1615
f 1614 1615 1616
f 1616 1615 1617
f 1616 1617 1618
f 1618 1617 1619
f 1618 1619 1620
f 1620 1619 1621
f 1620 1621 1622
f 1622 1621 1623
f 1623 1621 1624
f 1623 1624 1585
f 1585 1624 1625
f 1585 1625 1586
f 1626 1627 1628
f 1626 1628 1629
f 1627 1626 1378
f 1380 1630 1631
f 1631 1630 1627
f 1631 1627 1378
f 1630 1380 1632
f 1630 1632 1633
f 1633 1632 1369
f 1634 1635 1372
f 1372 1635 1633
f 1372 1633 1369
f 1635 1634 1636
f 1637 1638 1636
f 1636 1638 1635
f 1638 1637 1328
f 1638 1328 1639
f 1639 1328 1640
f 1639 1640 1641
f 1639 1641 1642
f 1643 1644 1642
f 1643 1642 1641
f 1644 1643 1645
f 1644 1645 1646
f 1646 1645 1326
f 1646 1326 1647
f 1646 1647 1648
f 1649 1650 1648
f 1649 1648 1647
f 1650 1649 1651
f 1652 1653 1651
f 1651 1653 1650
f 1653 1652 1654
f 1653 1654 1655
f 1654 1312 1655
f 1655 1312 1656
f 1312 1657 1656
f 1658 1659 1315
f 1315 1659 1656
f 1315 1656 1657
f 1659 1658 1357
f 1659 1357 1660
f 1660 1357 1359
f 1660 1359 1661
f 1660 1661 1662
f 1662 1661 1663
f 1664 1665 1662
f 1664 1662 1663
f 1665 1664 1666
f 1667 1668 1665
f 1667 1665 1666
f 1668 1667 1669
f 1668 1669 1670
f 1670 1669 1671
f 1672 1673 1671
f 1671 1673 1670
f 1673 1672 1674
f 1675 1676 1674
f 1674 1676 1673
f 1676 1675 1335
f 1676 1335 1677
f 1677 1335 1678
f 1677 1678 1679
f 1677 1679 1680
f 1681 1682 1341
f 1341 1682 1680
f 1341 1680 1679
f 1682 1681 1683
f 1683 1681 1365
f 1683 1365 1684
f 1683 1684 1629
f 1683 1629 1628
f 939 1068 941
f 1098 1092 979
f 977 1105 979
f 939 1054 1068
f 979 1100 1098
f 1092 1090 979
f 979 1090 982
f 939 982 1075
f 944 1284 947
f 947 1284 1282
f 1282 1277 947
f 947 1277 1275
f 947 1275 949
f 949 1269 1267
f 1262 1260 949
f 949 1260 951
f 951 1260 953
f 1246 1243 953
f 1211 959 1213
f 959 1205 961
f 961 1205 1203
f 1182 1179 964
f 968 1164 1162
f 971 1134 973
f 973 1134 1132
f 1098 1095 1094
f 939 1070 1060
f 941 1304 1302
f 941 1302 943
f 1260 1254 1252
f 1260 1252 953
f 955 1227 1225
f 955 1225 957
f 961 1198 962
f 962 1198 1196
f 973 1126 975
f 975 1126 1124
f 1118 1115 975
f 977 1107 1105
f 979 1105 1100
f 1100 1105 1103
f 1098 1094 1092
f 1252 1246 953
f 953 1238 955
f 955 1232 1230
f 1190 1188 962
f 964 1179 966
f 966 1171 1169
f 977 1110 1107
f 1107 1110 1109
f 1085 1083 982
f 939 1072 1070
f 1064 1062 941
f 941 1062 1307
f 1279 1277 1282
f 1269 949 1275
f 953 1240 1238
f 1234 1232 955
f 957 1220 959
f 959 1220 1218
f 1188 964 962
f 966 1176 1174
f 1158 1156 968
f 968 1156 1154
f 968 1154 970
f 971 970 1147
f 971 1139 1138
f 971 1138 1136
f 1110 977 1112
f 1112 977 975
f 1112 975 1115
f 939 1075 1074
f 939 1056 1054
f 1296 944 943
f 944 1291 1289
f 944 1289 1287
f 1260 1256 1254
f 959 1211 1208
f 1196 1190 962
f 1164 968 1167
f 970 1149 1147
f 971 1141 1139
f 971 1136 1134
f 1132 1130 973
f 973 1128 1126
f 982 1090 1087
f 982 1077 1075
f 939 1060 1058
f 943 1298 1296
f 1287 1286 944
f 944 1286 1284
f 949 1264 1262
f 1260 1258 1256
f 1252 1248 1246
f 955 1230 1227
f 1184 1182 1185
f 966 1169 968
f 1130 1128 973
f 975 1124 1121
f 982 1079 1077
f 1074 1072 939
f 939 1058 1056
f 1068 1065 941
f 1271 1275 1272
f 1275 1271 1269
f 1252 1249 1248
f 955 1238 1237
f 959 1208 1207
f 959 1207 1205
f 961 1203 1202
f 1169 1167 968
f 975 1120 1118
f 1307 1304 941
f 1267 1266 949
f 1218 1215 959
f 1196 1192 1190
f 975 1121 1120
f 982 1087 1085
f 1065 1064 941
f 944 1296 1294
f 949 1266 1264
f 1243 1240 953
f 957 1225 1223
f 1223 1222 957
f 957 1222 1220
f 961 1202 1200
f 961 1200 1198
f 1194 1192 1196
f 964 1188 1182
f 1182 1188 1185
f 966 1179 1176
f 1162 1159 968
f 968 1159 1158
f 944 1294 1291
f 971 1144 1143
f 982 1083 1080
f 955 1237 1234
f 1215 1213 959
f 1174 1173 966
f 966 1173 1171
f 1149 970 1151
f 971 1147 1144
f 971 1143 1141
f 1080 1079 982
f 1302 1301 943
f 943 1301 1298
f 1154 1151 970
f 1685 1686 1687
f 1687 1686 1688
f 1687 1688 1689
f 1689 1688 1690
f 1690 1688 1691
f 1692 1693 1694
f 1694 1693 1695
f 1694 1695 1696
f 1696 1695 1697
f 1696 1697 1698
f 1698 1697 1699
f 1692 1694 1700
f 1701 1694 1702
f 1703 1704 1701
f 1702 1694 1696
f 1705 1706 1707
f 1701 1704 1708
f 1709 1710 1711
f 1711 1710 1712
f 1712 1713 1711
f 1714 1715 1716
f 1717 1718 1719
f 1720 1721 1719
f 1719 1722 1723
f 1719 1723 1724
f 1725 1726 1727
f 1701 1728 1703
f 1702 1685 1687
f 1729 1730 1714
f 1714 1716 1731
f 1731 1732 1733
f 1734 1717 1735
f 1735 1717 1719
f 1735 1719 1731
f 1721 1736 1719
f 1737 1738 1739
f 1739 1740 1701
f 1701 1708 1694
f 1694 1708 1700
f 1702 1696 1698
f 1724 1741 1742
f 1724 1742 1743
f 1725 1744 1745
f 1706 1746 1747
f 1701 1748 1728
f 1702 1698 1685
f 1702 1749 1750
f 1750 1749 1751
f 1711 1752 1753
f 1754 1755 1756
f 1754 1756 1757
f 1758 1729 1759
f 1759 1729 1714
f 1759 1714 1755
f 1759 1760 1758
f 1731 1761 1735
f 1719 1718 1720
f 1720 1718 1762
f 1719 1763 1722
f 1724 1764 1765
f 1765 1766 1724
f 1767 1768 1724
f 1767 1724 1766
f 1767 1766 1769
f 1768 1767 1770
f 1768 1771 1725
f 1725 1771 1772
f 1773 1727 1726
f 1727 1774 1706
f 1706 1774 1746
f 1775 1776 1777
f 1778 1776 1779
f 1778 1779 1739
f 1779 1780 1739
f 1739 1738 1781
f 1739 1782 1740
f 1701 1740 1783
f 1689 1702 1687
f 1784 1752 1711
f 1731 1716 1785
f 1731 1786 1761
f 1735 1787 1734
f 1769 1788 1767
f 1789 1744 1772
f 1772 1744 1725
f 1750 1751 1790
f 1790 1751 1791
f 1750 1790 1792
f 1750 1792 1784
f 1793 1713 1794
f 1756 1795 1796
f 1756 1797 1757
f 1714 1798 1715
f 1799 1800 1768
f 1727 1773 1801
f 1706 1747 1707
f 1706 1705 1802
f 1778 1803 1804
f 1805 1806 1784
f 1753 1709 1711
f 1807 1808 1809
f 1809 1808 1810
f 1795 1756 1809
f 1756 1796 1811
f 1755 1812 1813
f 1724 1743 1814
f 1815 1816 1713
f 1755 1817 1812
f 1755 1818 1759
f 1714 1730 1798
f 1736 1819 1719
f 1719 1819 1763
f 1724 1814 1764
f 1725 1745 1726
f 1726 1745 1820
f 1726 1820 1821
f 1803 1778 1706
f 1739 1780 1737
f 1739 1822 1782
f 1702 1689 1690
f 1702 1823 1749
f 1806 1824 1784
f 1713 1816 1825
f 1713 1825 1809
f 1809 1826 1795
f 1756 1811 1797
f 1755 1754 1817
f 1723 1741 1724
f 1768 1827 1799
f 1800 1828 1768
f 1706 1829 1803
f 1690 1823 1702
f 1792 1830 1784
f 1713 1712 1831
f 1828 1771 1768
f 1727 1801 1832
f 1727 1832 1774
f 1701 1783 1748
f 1830 1805 1784
f 1713 1831 1794
f 1755 1813 1833
f 1731 1785 1732
f 1776 1778 1804
f 1776 1804 1777
f 1739 1781 1822
f 1784 1824 1834
f 1825 1835 1809
f 1733 1786 1731
f 1768 1770 1827
f 1713 1793 1815
f 1810 1836 1809
f 1809 1836 1826
f 1755 1837 1818
f 1784 1834 1838
f 1784 1838 1752
f 1755 1833 1837
f 1802 1829 1706
f 1809 1835 1807
f 1698 1699 1685
f 1685 1699 1686
f 1823 1839 1749
f 1749 1839 1840
f 1749 1840 1751
f 1751 1840 1841
f 1751 1841 1842
f 1791 1843 1790
f 1790 1843 1844
f 1790 1844 1845
f 1790 1845 1792
f 1792 1845 1830
f 1830 1845 1846
f 1805 1847 1806
f 1806 1847 1848
f 1806 1848 1824
f 1824 1848 1834
f 1834 1848 1849
f 1838 1850 1752
f 1752 1850 1851
f 1752 1851 1852
f 1752 1852 1753
f 1753 1852 1853
f 1709 1854 1710
f 1710 1854 1712
f 1712 1854 1855
f 1712 1855 1831
f 1831 1855 1856
f 1794 1857 1793
f 1793 1857 1858
f 1793 1858 1859
f 1815 1860 1816
f 1816 1860 1825
f 1825 1860 1861
f 1825 1861 1835
f 1807 1862 1808
f 1808 1862 1863
f 1808 1863 1864
f 1808 1864 1810
f 1810 1864 1836
f 1836 1864 1865
f 1826 1866 1795
f 1795 1866 1867
f 1795 1867 1868
f 1795 1868 1796
f 1796 1868 1811
f 1811 1868 1869
f 1797 1870 1757
f 1757 1870 1871
f 1757 1871 1754
f 1754 1871 1872
f 1754 1872 1873
f 1817 1874 1812
f 1812 1874 1875
f 1812 1875 1876
f 1812 1876 1813
f 1813 1876 1833
f 1833 1876 1877
f 1837 1878 1818
f 1818 1878 1879
f 1818 1879 1759
f 1759 1879 1760
f 1760 1879 1880
f 1758 1881 1729
f 1729 1881 1882
f 1729 1882 1883
f 1729 1883 1730
f 1730 1883 1884
f 1798 1885 1715
f 1715 1885 1886
f 1715 1886 1716
f 1716 1886 1887
f 1716 1887 1785
f 1785 1887 1888
f 1732 1889 1733
f 1733 1889 1890
f 1733 1890 1891
f 1786 1892 1761
f 1761 1892 1735
f 1735 1892 1893
f 1735 1893 1787
f 1734 1894 1717
f 1717 1894 1895
f 1717 1895 1896
f 1717 1896 1718
f 1718 1896 1762
f 1762 1896 1897
f 1720 1898 1721
f 1721 1898 1899
f 1721 1899 1736
f 1736 1899 1900
f 1736 1900 1819
f 1819 1900 1901
f 1763 1902 1722
f 1722 1902 1903
f 1722 1903 1723
f 1723 1903 1904
f 1723 1904 1905
f 1741 1906 1742
f 1742 1906 1907
f 1742 1907 1908
f 1742 1908 1743
f 1743 1908 1814
f 1814 1908 1909
f 1764 1910 1765
f 1765 1910 1911
f 1765 1911 1766
f 1766 1911 1912
f 1766 1912 1769
f 1769 1912 1913
f 1788 1914 1767
f 1767 1914 1915
f 1767 1915 1916
f 1767 1916 1770
f 1770 1916 1917
f 1827 1918 1799
f 1799 1918 1919
f 1799 1919 1800
f 1800 1919 1920
f 1800 1920 1828
f 1828 1920 1921
f 1771 1922 1772
f 1772 1922 1923
f 1772 1923 1924
f 1789 1925 1744
f 1744 1925 1745
f 1745 1925 1926
f 1745 1926 1820
f 1820 1926 1927
f 1821 1928 1726
f 1726 1928 1929
f 1726 1929 1930
f 1726 1930 1773
f 1773 1930 1801
f 1801 1930 1931
f 1832 1932 1774
f 1774 1932 1933
f 1774 1933 1746
f 1746 1933 1747
f 1747 1933 1934
f 1707 1935 1705
f 1705 1935 1936
f 1705 1936 1802
f 1802 1936 1937
f 1802 1937 1938
f 1829 1939 1803
f 1803 1939 1940
f 1803 1940 1941
f 1803 1941 1804
f 1804 1941 1777
f 1777 1941 1942
f 1775 1943 1776
f 1776 1943 1944
f 1776 1944 1945
f 1776 1945 1779
f 1779 1945 1780
f 1780 1945 1946
f 1737 1947 1738
f 1738 1947 1948
f 1738 1948 1949
f 1738 1949 1781
f 1781 1949 1950
f 1822 1951 1782
f 1782 1951 1952
f 1782 1952 1740
f 1740 1952 1953
f 1740 1953 1783
f 1783 1953 1954
f 1748 1955 1728
f 1728 1955 1956
f 1728 1956 1957
f 1703 1958 1704
f 1704 1958 1708
f 1708 1958 1959
f 1708 1959 1700
f 1690 1691 1823
f 1823 1691 1839
f 1751 1842 1791
f 1791 1842 1843
f 1830 1846 1847
f 1830 1847 1805
f 1834 1849 1838
f 1838 1849 1850
f 1753 1853 1709
f 1709 1853 1854
f 1831 1856 1794
f 1794 1856 1857
f 1793 1859 1815
f 1815 1859 1860
f 1835 1861 1862
f 1835 1862 1807
f 1836 1865 1826
f 1826 1865 1866
f 1811 1869 1797
f 1797 1869 1870
f 1754 1873 1817
f 1817 1873 1874
f 1833 1877 1878
f 1833 1878 1837
f 1760 1880 1758
f 1758 1880 1881
f 1730 1884 1798
f 1798 1884 1885
f 1785 1888 1732
f 1732 1888 1889
f 1733 1891 1786
f 1786 1891 1892
f 1787 1893 1894
f 1787 1894 1734
f 1762 1897 1720
f 1720 1897 1898
f 1819 1901 1763
f 1763 1901 1902
f 1723 1905 1741
f 1741 1905 1906
f 1814 1909 1910
f 1814 1910 1764
f 1769 1913 1788
f 1788 1913 1914
f 1770 1917 1827
f 1827 1917 1918
f 1828 1921 1771
f 1771 1921 1922
f 1772 1924 1789
f 1789 1924 1925
f 1820 1927 1928
f 1820 1928 1821
f 1801 1931 1832
f 1832 1931 1932
f 1747 1934 1707
f 1707 1934 1935
f 1802 1938 1829
f 1829 1938 1939
f 1777 1942 1943
f 1777 1943 1775
f 1780 1946 1737
f 1737 1946 1947
f 1781 1950 1822
f 1822 1950 1951
f 1783 1954 1748
f 1748 1954 1955
f 1728 1957 1703
f 1703 1957 1958
f 1700 1959 1693
f 1700 1693 1692
f 1960 1961 1962
f 1963 1961 1960
f 1961 1963 1964
f 1961 1964 1965
f 1965 1964 1966
f 1965 1966 1967
f 1965 1967 1968
f 1968 1967 1969
f 1970 1778 1969
f 1969 1778 1968
f 1778 1970 1971
f 1972 1971 1970
f 1971 1972 1973
f 1971 1973 1974
f 1974 1973 1975
f 1974 1975 1976
f 1974 1976 1977
f 1978 1725 1977
f 1978 1977 1976
f 1725 1978 1979
f 1725 1979 1980
f 1981 1980 1979
f 1980 1981 1982
f 1980 1982 1983
f 1983 1982 1984
f 1983 1984 1985
f 1984 1986 1985
f 1985 1986 1987
f 1988 1987 1986
f 1987 1988 1989
f 1987 1989 1990
f 1990 1989 1991
f 1990 1991 1992
f 1990 1992 1993
f 1993 1992 1994
f 1993 1994 1995
f 1994 1996 1995
f 1995 1996 1997
f 1998 1997 1996
f 1997 1998 1999
f 1997 1999 2000
f 2000 1999 2001
f 2000 2001 2002
f 2000 2002 2003
f 2003 2002 2004
f 2005 1756 2004
f 2004 1756 2003
f 1756 2005 2006
f 2007 2006 2005
f 2006 2007 2008
f 2006 2008 2009
f 2009 2008 2010
f 2009 2010 2011
f 2009 2011 2012
f 2013 2014 2012
f 2013 2012 2011
f 2014 2013 2015
f 2014 2015 2016
f 2017 2016 2015
f 2016 2017 2018
f 2016 2018 2019
f 2019 2018 2020
f 2019 2020 1962
f 1962 2020 1960
f 2021 2022 2023
f 2023 2022 1199
f 2023 1199 1904
f 1904 1199 1908
f 1908 1199 1209
f 1908 1209 1911
f 1911 1209 1216
f 1911 1216 1915
f 1915 1216 1221
f 1915 1221 1919
f 1919 1221 1228
f 1919 1228 1920
f 1920 1228 1235
f 1920 1235 1923
f 1923 1235 1241
f 1923 1241 1926
f 1926 1241 1242
f 1926 1242 1930
f 1930 1242 1250
f 1930 1250 1933
f 1933 1250 1257
f 1933 1257 1936
f 1936 1257 2024
f 1936 2024 1940
f 1940 2024 1944
f 1944 2024 1278
f 1944 1278 1948
f 1948 1278 1285
f 1948 1285 1952
f 1952 1285 1292
f 1952 1292 1953
f 1953 1292 1299
f 1953 1299 2025
f 2025 1299 1305
f 2025 1305 1697
f 1697 1305 1066
f 1697 1066 1688
f 1688 1066 1055
f 1688 1055 2026
f 2026 1055 2027
f 2026 2027 1845
f 1845 2027 1081
f 1845 1081 2028
f 2028 1081 1088
f 2028 1088 2029
f 2029 1088 1096
f 2029 1096 2030
f 2030 1096 1102
f 2030 1102 1108
f 2030 1108 1860
f 1860 1108 2031
f 1860 2031 1863
f 1863 2031 1867
f 1867 2031 1127
f 1867 1127 1871
f 1871 1127 1135
f 1871 1135 1872
f 1872 1135 1142
f 1872 1142 1876
f 1876 1142 1145
f 1876 1145 1879
f 1879 1145 1152
f 1879 1152 1883
f 1883 1152 1160
f 1883 1160 1886
f 1886 1160 1166
f 1886 1166 2032
f 2032 1166 2033
f 2032 2033 2034
f 2034 2033 2035
f 2034 2035 2021
f 2021 2035 2022
f 1856 1855 2030
f 2030 1855 2029
f 2029 1855 1854
f 1688 1686 1697
f 1900 1899 2023
f 2023 1899 2021
f 2032 1890 1889
f 1887 1886 2032
f 1851 2028 1852
f 1852 2028 2029
f 2026 1844 1843
f 2025 1956 1953
f 1953 1956 1955
f 2026 1841 1840
f 1950 1949 1952
f 1952 1949 1948
f 1948 1946 1945
f 2034 1892 2032
f 2032 1889 1887
f 1887 1889 1888
f 1879 1882 1881
f 1926 1929 1928
f 2021 1899 1898
f 2034 1893 1892
f 1871 1868 1867
f 2026 1842 1841
f 1840 1688 2026
f 1697 1695 2025
f 1948 1945 1944
f 1903 2023 1904
f 2021 1896 2034
f 2034 1896 1895
f 2034 1895 1894
f 2032 1892 1890
f 1890 1892 1891
f 1883 1882 1879
f 2028 1849 1848
f 2026 1845 1844
f 1686 1699 1697
f 1883 1886 1885
f 1883 1885 1884
f 1867 1865 1864
f 1867 1864 1863
f 2026 1843 1842
f 1959 2025 1695
f 1959 1695 1693
f 1959 1958 2025
f 1915 1912 1911
f 1908 1911 1909
f 1909 1911 1910
f 1908 1907 1904
f 1903 1902 2023
f 2021 1897 1896
f 1876 1879 1878
f 2030 1858 1857
f 2029 1854 1853
f 2029 1853 1852
f 2028 1848 1845
f 1845 1848 1847
f 1688 1840 1839
f 1688 1839 1691
f 1952 1951 1950
f 1948 1947 1946
f 1933 1936 1935
f 1933 1932 1930
f 1926 1930 1929
f 1926 1928 1927
f 1916 1919 1917
f 1912 1915 1913
f 1913 1915 1914
f 2023 1901 1900
f 2021 1898 1897
f 1872 1876 1875
f 1860 1858 2030
f 2025 1957 1956
f 1953 1955 1954
f 1944 1943 1941
f 1937 1940 1938
f 1938 1940 1939
f 1920 1923 1922
f 2023 1902 1901
f 2034 1894 1893
f 1880 1879 1881
f 1872 1875 1874
f 1872 1874 1873
f 1861 1863 1862
f 1851 1850 2028
f 2028 1850 1849
f 2025 1958 1957
f 1941 1943 1942
f 1941 1940 1944
f 1926 1925 1923
f 1919 1916 1915
f 1905 1904 1907
f 1905 1907 1906
f 1871 1870 1869
f 1867 1866 1865
f 1863 1861 1860
f 1860 1859 1858
f 2030 1857 1856
f 1845 1847 1846
f 1940 1937 1936
f 1917 1919 1918
f 1935 1934 1933
f 1871 1869 1868
f 1878 1877 1876
f 1932 1931 1930
f 1920 1922 1921
f 1923 1925 1924
f 1101 1102 1096
f 1066 1053 1055
f 1299 1300 1305
f 1063 1066 1305
f 1299 1293 1295
f 1066 1067 1053
f 1088 1093 1096
f 1157 1152 1155
f 1293 1299 1292
f 1055 1057 1071
f 1055 1071 2027
f 1071 1073 2027
f 2027 1078 1081
f 1160 1165 1166
f 1170 1172 2033
f 2027 1073 1076
f 1084 1086 1081
f 1099 1101 1096
f 1152 1157 1160
f 1214 1209 1210
f 1292 1285 1288
f 1102 1106 1108
f 2031 1119 1122
f 2031 1122 1127
f 1135 1137 1142
f 1209 1214 1216
f 1219 1221 1217
f 1305 1306 1063
f 1063 1306 1061
f 1071 1057 1069
f 1069 1057 1059
f 1081 1086 1088
f 1135 1127 1129
f 1152 1153 1155
f 2033 1177 1178
f 2033 1178 2035
f 1199 1206 1209
f 1210 1212 1214
f 1299 1295 1297
f 1300 1303 1305
f 2027 1076 1078
f 1165 1160 1163
f 1163 1160 1161
f 2033 1166 1170
f 1170 1166 1168
f 2035 1183 2022
f 2022 1183 1186
f 2022 1191 1199
f 1199 1191 1193
f 1217 1221 1216
f 1088 1089 1091
f 1088 1091 1093
f 1106 1102 1104
f 1113 2031 1108
f 1113 1114 2031
f 1135 1129 1131
f 1172 1175 2033
f 2033 1175 1177
f 2022 1186 1187
f 1228 1221 1224
f 1306 1308 1061
f 1082 1084 1081
f 1113 1108 1111
f 1119 2031 1114
f 1119 1114 1117
f 1117 1114 1116
f 1145 1150 1152
f 1199 1201 1206
f 1242 1244 1245
f 1242 1247 1250
f 1278 1280 1285
f 1280 1281 1285
f 1292 1288 1290
f 1097 1099 1096
f 1142 1137 1140
f 1228 1229 1235
f 1235 1236 1241
f 1242 1245 1247
f 1250 1255 1257
f 1257 1263 2024
f 2024 1263 1265
f 1122 1123 1127
f 1193 1195 1199
f 1199 1195 1197
f 1201 1204 1206
f 1127 1123 1125
f 2035 1178 1180
f 2035 1180 1181
f 1187 1189 2022
f 2022 1189 1191
f 1224 1226 1228
f 1285 1281 1283
f 2035 1181 1183
f 2024 1270 1273
f 2024 1273 1278
f 1135 1131 1133
f 1145 1148 1150
f 1229 1231 1235
f 1263 1257 1261
f 1261 1257 1259
f 1270 1265 1268
f 2024 1265 1270
f 1145 1146 1148
f 1231 1233 1235
f 1250 1251 1253
f 1250 1253 1255
f 1278 1273 1276
f 1276 1273 1274
f 1241 1236 1239
f 509 508 1032
f 509 1032 840
f 840 1032 1016
f 840 1016 841
f 841 1016 462
f 841 462 461
f 513 1015 823
f 823 1015 1014
f 823 1014 824
f 824 1014 474
f 519 518 1030
f 519 1030 825
f 825 1030 1028
f 825 1028 520
f 520 1028 521
f 826 527 1026
f 826 1026 827
f 827 1026 1025
f 827 1025 528
f 528 1025 529
f 534 535 1040
f 534 1040 829
f 829 1040 1039
f 829 1039 828
f 828 1039 471
f 539 540 1050
f 539 1050 830
f 830 1050 1048
f 830 1048 831
f 831 1048 477
f 831 477 476
f 482 483 1022
f 482 1022 832
f 832 1022 1020
f 832 1020 833
f 833 1020 485
f 833 485 484
f 490 491 1052
f 490 1052 834
f 834 1052 1046
f 834 1046 467
f 467 1046 468
f 836 496 1044
f 836 1044 837
f 837 1044 1042
f 837 1042 835
f 835 1042 465
f 500 501 1036
f 500 1036 839
f 839 1036 1034
f 839 1034 838
f 838 1034 503
f 838 503 502
f 1015 513 514
f 824 474 473
f 527 826 526
f 828 471 470
f 496 836 495
f 835 465 464
f 2036 844 2037
f 2037 844 879
f 2037 879 2038
f 2038 879 892
f 2038 892 2039
f 2039 892 885
f 2039 885 2040
f 2040 885 888
f 2040 888 2041
f 2041 888 882
f 2041 882 2042
f 2042 882 876
f 2042 876 2043
f 2043 876 871
f 2043 871 2044
f 2044 871 874
f 2044 874 2045
f 2045 874 869
f 2045 869 2046
f 2046 869 866
f 2046 866 2047
f 2047 866 861
f 2047 861 2048
f 2048 861 863
f 2048 863 2049
f 2049 863 852
f 2049 852 2050
f 2050 852 855
f 2050 855 2051
f 2051 855 848
f 2051 848 2052
f 2052 848 851
f 2052 851 2053
f 2053 851 856
f 2053 856 2054
f 2054 856 846
f 2054 846 2055
f 2055 846 842
f 2055 842 2036
f 2036 842 844
f 2045 2046 938
f 938 2046 2047
f 938 2047 981
f 981 2047 2048
f 981 2048 980
f 980 2048 978
f 978 2048 2049
f 978 2049 976
f 976 2049 2050
f 976 2050 974
f 974 2050 2051
f 974 2051 972
f 972 2051 2052
f 972 2052 969
f 969 2052 2053
f 969 2053 967
f 967 2053 2054
f 967 2054 965
f 965 2054 2055
f 965 2055 963
f 963 2055 2036
f 963 2036 960
f 960 2036 2037
f 960 2037 958
f 958 2037 2038
f 958 2038 956
f 956 2038 954
f 954 2038 2039
f 954 2039 952
f 952 2039 2040
f 952 2040 950
f 950 2040 2041
f 950 2041 948
f 948 2041 2042
f 948 2042 946
f 946 2042 2043
f 946 2043 945
f 945 2043 942
f 942 2043 2044
f 942 2044 940
f 940 2044 2045
f 940 2045 938
f 2056 1411 1420
f 1411 2056 2057
f 1411 2057 1412
f 2057 2058 1412
f 1412 2058 1413
f 1417 1416 2059
f 1417 2059 1418
f 1426 2060 1428
f 1428 2060 1429
f 1432 2061 1421
f 1421 2061 2062
f 2062 1422 1421
f 2063 2064 1438
f 1438 2064 1439
f 1439 2064 2065
f 1439 2065 1440
f 1440 2065 2066
f 1440 2066 1442
f 1443 2067 1434
f 1434 2067 2068
f 2068 1435 1434
f 1435 2063 1438
f 2069 1456 1455
f 1456 2069 1446
f 1446 2069 2070
f 1446 2070 1447
f 2070 2071 1447
f 1447 2071 1449
f 1452 1451 2072
f 1452 2072 1454
f 1462 2073 1464
f 1464 2073 1465
f 1467 2074 1457
f 1457 2074 2075
f 2075 1458 1457
f 1476 1474 2076
f 1476 2076 1477
f 1479 2077 1469
f 1469 2077 2078
f 2078 1470 1469
f 799 1479 1478
f 799 1478 800
f 800 1478 1477
f 2076 788 1477
f 1477 788 800
f 788 2076 789
f 789 2076 1474
f 789 1472 790
f 789 1474 1472
f 790 1472 791
f 1472 1470 791
f 791 1470 2078
f 791 2078 792
f 797 792 2077
f 797 2077 1479
f 797 1479 799
f 792 2078 2077
f 1420 777 2056
f 775 2056 777
f 781 780 2059
f 780 1418 2059
f 779 1418 780
f 777 1420 779
f 779 1420 1418
f 781 2059 1416
f 783 781 1416
f 1416 1413 783
f 784 2057 776
f 2058 2057 784
f 783 1413 2058
f 783 2058 784
f 776 2057 2056
f 776 2056 775
f 679 1432 1431
f 679 1431 1429
f 679 1429 664
f 664 1429 2060
f 664 2060 1426
f 664 1426 666
f 666 1425 667
f 666 1426 1425
f 667 1425 668
f 1425 1422 668
f 676 2061 677
f 677 2061 1432
f 668 1422 2062
f 668 2062 676
f 676 2062 2061
f 677 1432 679
f 2064 2063 681
f 694 1443 1442
f 694 1442 2066
f 694 2066 696
f 696 2066 2065
f 681 2063 682
f 696 2065 2064
f 696 2064 681
f 2063 1435 682
f 691 1435 2068
f 682 1435 691
f 693 2067 1443
f 692 2067 693
f 691 2068 692
f 692 2068 2067
f 693 1443 694
f 1455 721 726
f 1455 726 2069
f 721 1454 718
f 719 718 2072
f 718 1454 2072
f 721 1455 1454
f 719 2072 1451
f 722 719 1451
f 1451 1449 722
f 724 2070 725
f 2071 2070 724
f 722 1449 2071
f 722 2071 724
f 2070 2069 725
f 725 2069 726
f 727 1467 1466
f 727 1466 1465
f 728 1465 2073
f 727 1465 728
f 728 2073 1462
f 728 1462 731
f 731 1461 735
f 731 1462 1461
f 1461 1458 735
f 732 1458 2075
f 735 1458 732
f 744 2074 1467
f 733 2074 744
f 732 2075 733
f 733 2075 2074
f 744 1467 727
f 1651 1319 1652
f 1657 1313 1315
f 1661 1360 1663
f 1664 1351 1666
f 1666 1351 1667
f 1667 1353 1669
f 1671 1669 1342
f 1671 1342 1344
f 1671 1344 1672
f 1672 1344 1674
f 1674 1344 1346
f 1678 1335 1337
f 1678 1337 1679
f 1681 1363 1365
f 1629 1367 1626
f 1626 1367 1376
f 1626 1376 1378
f 1636 1634 1373
f 1640 1328 1331
f 1640 1331 1641
f 1641 1331 1333
f 1641 1333 1643
f 1643 1333 1322
f 1643 1322 1645
f 1645 1324 1326
f 1647 1326 1316
f 1651 1649 1319
f 1654 1309 1312
f 1661 1359 1360
f 1663 1360 1348
f 1663 1348 1664
f 1664 1348 1351
f 1667 1351 1353
f 1669 1353 1342
f 1674 1346 1675
f 1679 1337 1339
f 1679 1339 1341
f 1681 1341 1363
f 1629 1684 1367
f 1636 1373 1637
f 1645 1322 1324
f 1647 1316 1649
f 1649 1316 1318
f 1649 1318 1319
f 1658 1315 1357
f 1675 1346 1335
f 1632 1380 1369
f 1637 1373 1328
f 1654 1652 1309
f 1657 1312 1313
f 1684 1365 1367
f 1631 1378 1380
f 1634 1372 1373
f 1652 1319 1309
f 1564 1361 1358
f 1565 1358 1356
f 1567 1566 1311
f 1311 1566 1314
f 1569 1320 1570
f 1320 1317 1570
f 1570 1317 1571
f 1573 1325 1574
f 1574 1325 1323
f 1575 1323 1576
f 1323 1334 1576
f 1577 1332 1330
f 1577 1330 1578
f 1578 1330 1329
f 1329 1374 1579
f 1374 1371 1580
f 1370 1381 1582
f 1381 1379 1583
f 1375 1368 1549
f 1549 1368 1366
f 1364 1362 1552
f 1552 1362 1340
f 1555 1336 1556
f 1556 1336 1347
f 1557 1347 1558
f 1347 1345 1558
f 1559 1343 1354
f 1559 1354 1560
f 1560 1354 1352
f 1352 1350 1561
f 1350 1349 1562
f 1567 1311 1310
f 1568 1310 1321
f 1321 1320 1569
f 1571 1327 1572
f 1571 1317 1327
f 1327 1325 1573
f 1332 1577 1334
f 1580 1371 1581
f 1581 1371 1370
f 1377 1375 1584
f 1364 1551 1550
f 1550 1366 1364
f 1551 1364 1552
f 1553 1338 1554
f 1553 1340 1338
f 1338 1336 1555
f 1343 1559 1345
f 1562 1349 1563
f 1563 1349 1361
f 1628 1619 1617
f 1628 1617 1683
f 1683 1617 1682
f 1682 1617 1615
f 1682 1615 1680
f 1680 1615 1613
f 1680 1613 1677
f 1677 1613 1676
f 1676 1613 1611
f 1676 1611 1673
f 1673 1611 1609
f 1673 1609 1670
f 1670 1609 1607
f 1670 1607 1668
f 1668 1607 1665
f 1665 1607 1605
f 1665 1605 1662
f 1662 1605 1603
f 1662 1603 1660
f 1660 1603 1600
f 1660 1600 1659
f 1659 1600 1656
f 1656 1600 1599
f 1656 1599 1655
f 1655 1599 1597
f 1655 1597 1653
f 1653 1597 1595
f 1653 1595 1650
f 1650 1595 1648
f 1648 1595 1593
f 1648 1593 1646
f 1646 1593 1591
f 1646 1591 1644
f 1644 1591 1589
f 1644 1589 1642
f 1642 1589 1586
f 1642 1586 1639
f 1639 1586 1638
f 1638 1586 1625
f 1638 1625 1635
f 1635 1625 1624
f 1635 1624 1633
f 1633 1624 1630
f 1630 1624 1621
f 1630 1621 1627
f 1627 1621 1619
f 1627 1619 1628
f 1702 1961 1701
f 1701 1961 1965
f 1701 1965 1739
f 1739 1965 1968
f 1739 1968 1778
f 1778 1971 1706
f 1706 1971 1974
f 1706 1974 1727
f 1727 1974 1977
f 1727 1977 1725
f 1768 1725 1980
f 1768 1980 1983
f 1768 1983 1724
f 1724 1983 1985
f 1724 1985 1987
f 1724 1987 1719
f 1719 1987 1990
f 1719 1990 1731
f 1731 1990 1993
f 1731 1993 1995
f 1731 1995 1714
f 1714 1995 1997
f 1714 1997 1755
f 1755 1997 2000
f 1755 2000 2003
f 1755 2003 1756
f 1809 1756 2006
f 1809 2006 1713
f 1713 2006 2009
f 1713 2009 1711
f 1711 2009 2012
f 1711 2012 1784
f 1784 2012 2014
f 1784 2014 2016
f 1784 2016 1750
f 1750 2016 2019
f 1750 2019 1702
f 1702 2019 1962
f 1702 1962 1961
f 1049 1038 2079
f 2079 1038 2080
f 1049 2079 2081
f 2081 2079 1991
f 2082 1049 2081
f 2082 2081 1989
f 1989 2081 1991
f 1994 1992 2080
f 1999 2083 2001
f 1024 1027 2084
f 2084 1027 2085
f 2084 2085 2002
f 2002 2085 2004
f 1029 1051 2086
f 2086 1051 2087
f 2086 2087 2008
f 2008 2087 2010
f 2087 1031 2088
f 2087 2088 2011
f 1018 2089 2018
f 2018 2089 2020
f 2090 1033 2091
f 2090 2091 1964
f 1964 2091 1966
f 2092 1035 2093
f 2092 2093 1967
f 1967 2093 1969
f 1973 2094 1975
f 1045 1047 2095
f 1021 2096 1982
f 1982 2096 1984
f 1996 1994 2097
f 2097 1994 2080
f 1998 1996 2098
f 2098 1996 2097
f 2098 2097 1041
f 1041 2097 1038
f 1041 1024 2098
f 2098 1024 2083
f 2098 2083 1998
f 1998 2083 1999
f 2084 2001 2083
f 2084 2083 1024
f 2001 2084 2002
f 2005 2004 2099
f 2099 2004 2085
f 2099 2085 1027
f 1027 1029 2100
f 1027 2100 2099
f 2099 2100 2005
f 2005 2100 2007
f 2086 2007 2100
f 2086 2100 1029
f 2007 2086 2008
f 1051 1031 2087
f 2010 2087 2011
f 2011 2088 2013
f 2101 2013 2088
f 2101 2088 1013
f 1013 2088 1031
f 2013 2101 2015
f 2101 1013 2102
f 2101 2102 2015
f 2015 2102 2017
f 1013 1018 2102
f 2102 1018 2017
f 2017 1018 2018
f 1018 1017 2089
f 2089 1017 2103
f 2089 2103 2020
f 2020 2103 1960
f 2103 1017 2104
f 2103 2104 1960
f 1960 2104 1963
f 2090 1963 2104
f 2090 2104 1033
f 1033 2104 1017
f 1963 2090 1964
f 1033 1035 2091
f 2091 1035 2092
f 2091 2092 1966
f 1966 2092 1967
f 1970 1969 2105
f 2105 1969 2093
f 2105 2093 1035
f 1035 1037 2105
f 2105 1037 2106
f 2105 2106 1970
f 1970 2106 1972
f 2106 1037 1043
f 2106 1043 2094
f 2106 2094 1972
f 1972 2094 1973
f 1045 1975 2094
f 1045 2094 1043
f 1045 2095 1975
f 1975 2095 1976
f 2095 1047 2107
f 2095 2107 1976
f 1976 2107 1978
f 2107 1047 2108
f 2107 2108 1978
f 1978 2108 1979
f 1047 1019 2108
f 2108 1019 2109
f 2108 2109 1979
f 1979 2109 1981
f 1019 1021 2109
f 2109 1021 1981
f 1981 1021 1982
f 1021 1023 2096
f 2096 1023 2110
f 2096 2110 1984
f 1984 2110 1986
f 2110 1023 2111
f 2110 2111 1986
f 1986 2111 1988
f 1023 1049 2111
f 2111 1049 2082
f 2111 2082 1988
f 1988 2082 1989
f 1038 2097 2080
f 2079 2080 1992
f 2079 1992 1991
f 1622 897 1620
f 1620 897 894
f 1622 1623 898
f 1622 898 897
f 1623 1585 900
f 1623 900 898
f 1585 1587 902
f 1585 902 900
f 1587 1588 904
f 1587 904 902
f 1588 1590 906
f 1588 906 904
f 1590 1592 908
f 1590 908 906
f 1592 1594 910
f 1592 910 908
f 1594 1596 912
f 1594 912 910
f 1596 1598 914
f 1596 914 912
f 1601 919 1598
f 1598 919 917
f 1598 917 914
f 1602 921 1601
f 1601 921 919
f 1604 923 1602
f 1602 923 921
f 1606 925 1604
f 1604 925 923
f 1608 927 1606
f 1606 927 925
f 1610 929 1608
f 1608 929 927
f 1612 931 1610
f 1610 931 929
f 1614 933 1612
f 1612 933 931
f 1616 935 1614
f 1614 935 933
f 1618 937 1616
f 1616 937 935
f 1620 894 1618
f 1618 894 937
f 2112 2113 2114
f 2114 2113 847
f 2114 847 2115
f 2114 2115 2116
f 2116 2115 2117
f 2116 2117 2118
f 2118 2117 2119
f 2118 2119 2120
f 2120 2119 860
f 2120 860 2121
f 2120 2121 2122
f 2122 2121 859
f 2122 859 2123
f 2122 2123 2124
f 2124 2123 849
f 2124 849 2125
f 2125 849 2126
f 2125 2126 2127
f 2127 2126 865
f 2127 865 2128
f 2127 2128 854
f 2127 854 2129
f 854 853 2129
f 2129 853 2130
f 2130 853 2131
f 2130 2131 864
f 2130 864 862
f 2130 862 2132
f 2132 862 2133
f 2132 2133 2134
f 2134 2133 868
f 868 867 2134
f 2134 867 2135
f 2135 867 2136
f 2135 2136 2137
f 2135 2137 2138
f 2138 2137 2139
f 2138 2139 881
f 2138 881 2140
f 2140 881 2141
f 2140 2141 2142
f 2140 2142 2143
f 2143 2142 873
f 2143 873 872
f 2143 872 2144
f 2143 2144 2145
f 2145 2144 2146
f 2145 2146 2147
f 2145 2147 2148
f 2148 2147 883
f 2148 883 2149
f 2149 883 2150
f 2149 2150 890
f 2149 890 2151
f 2151 890 889
f 2151 889 887
f 2151 887 2152
f 2151 2152 2153
f 2153 2152 886
f 2153 886 2154
f 2153 2154 2155
f 2155 2154 893
f 2155 893 891
f 2155 891 2156
f 2156 891 2157
f 2156 2157 2158
f 2156 2158 2159
f 2159 2158 878
f 2159 878 2160
f 2159 2160 2112
f 2112 2160 845
f 2112 845 2113
f 2134 895 899
f 2134 899 2132
f 2132 899 2130
f 2130 899 901
f 2130 901 2129
f 2129 901 903
f 2129 903 2127
f 2127 903 905
f 2127 905 2125
f 2125 905 2124
f 2124 905 907
f 2124 907 2122
f 2122 907 909
f 2122 909 2120
f 2120 909 911
f 2120 911 2118
f 2118 911 2116
f 2116 911 913
f 2116 913 2114
f 2114 913 915
f 2114 915 2112
f 2112 915 916
f 2112 916 918
f 2112 918 2159
f 920 2159 918
f 920 922 2156
f 920 2156 2159
f 922 924 2153
f 2153 2155 922
f 922 2155 2156
f 924 926 2151
f 2151 2153 924
f 926 928 2149
f 2149 2151 926
f 928 930 2148
f 928 2148 2149
f 930 932 2145
f 930 2145 2148
f 932 934 2143
f 932 2143 2145
f 934 936 2140
f 934 2140 2143
f 936 896 2138
f 936 2138 2140
f 2134 2135 895
f 895 2135 896
f 896 2135 2138
f 847 858 2115
f 2115 858 2117
f 860 859 2121
f 859 850 2123
f 850 849 2123
f 853 864 2131
f 862 868 2133
f 867 870 2136
f 2136 870 2137
f 870 881 2139
f 870 2139 2137
f 872 877 2144
f 2144 877 2146
f 887 886 2152
f 880 2158 2157
f 880 878 2158
f 845 843 2113
f 847 2113 843
f 858 857 2119
f 858 2119 2117
f 857 860 2119
f 2126 849 865
f 865 854 2128
f 2141 881 875
f 875 2142 2141
f 875 873 2142
f 877 884 2146
f 2146 884 2147
f 884 883 2147
f 2150 883 890
f 2154 886 893
f 880 2157 891
f 2160 878 845
f 1448 1516 1408
f 1408 1516 1407
f 1516 1514 1407
f 1407 1514 1406
f 1514 1512 1406
f 1406 1512 1405
f 1512 1460 1405
f 1405 1460 1404
f 1460 1463 1404
f 1404 1463 1403
f 1463 1510 1403
f 1403 1510 1402
f 1510 1508 1402
f 1402 1508 1401
f 1508 1506 1401
f 1401 1506 1400
f 1506 1473 1400
f 1473 1475 1400
f 1400 1475 1399
f 1475 1504 1399
f 1399 1504 1398
f 1504 1502 1398
f 1398 1502 1397
f 1502 1500 1397
f 1397 1500 1396
f 1500 1414 1396
f 1414 1415 1396
f 1396 1415 1395
f 1497 1394 1395
f 1395 1415 1419
f 1395 1419 1497
f 1495 1393 1394
f 1394 1497 1495
f 1493 1392 1393
f 1393 1495 1493
f 1424 1391 1392
f 1392 1493 1424
f 1391 1424 1427
f 1391 1427 1390
f 1427 1430 1390
f 1430 1491 1390
f 1390 1491 1389
f 1491 1489 1389
f 1389 1489 1388
f 1489 1487 1388
f 1388 1487 1387
f 1487 1437 1387
f 1387 1437 1386
f 1437 1441 1386
f 1386 1441 1385
f 1441 1485 1385
f 1385 1485 1384
f 1485 1483 1384
f 1384 1483 1383
f 1483 1481 1383
f 1383 1481 1382
f 1481 1445 1382
f 1382 1445 1408
f 1408 1445 1448
f 415 712 720
f 415 720 413
f 413 720 736
f 413 736 417
f 417 736 420
f 420 736 739
f 420 739 421
f 421 739 741
f 421 741 423
f 423 741 742
f 423 742 425
f 425 742 427
f 427 742 734
f 427 734 743
f 427 743 429
f 429 743 748
f 429 748 431
f 431 748 746
f 431 746 433
f 433 746 435
f 435 746 753
f 435 753 437
f 437 753 758
f 437 758 439
f 439 758 761
f 439 761 442
f 442 761 764
f 442 764 443
f 443 764 765
f 443 765 445
f 445 765 768
f 445 768 448
f 448 768 772
f 448 772 449
f 449 772 659
f 449 659 661
f 449 661 451
f 451 661 453
f 453 661 671
f 453 671 455
f 455 671 673
f 455 673 457
f 457 673 674
f 457 674 460
f 460 674 675
f 460 675 458
f 458 675 688
f 458 688 2161
f 2161 688 686
f 2161 686 2162
f 2162 686 684
f 2162 684 2163
f 2163 684 2164
f 2164 684 683
f 2164 683 690
f 2164 690 2165
f 2165 690 2166
f 2166 690 697
f 2166 697 2167
f 2167 697 2168
f 2168 697 706
f 2168 706 2169
f 2169 706 709
f 2169 709 2170
f 2170 709 712
f 2170 712 415
f 2171 2172 542
f 2172 2173 542
f 2174 542 541
f 2174 541 2175
f 567 2176 541
f 541 2176 2175
f 2176 567 2177
f 2177 567 593
f 574 2178 593
f 593 2178 2177
f 574 2179 2178
f 573 2180 2179
f 573 2179 574
f 572 2180 573
f 2181 751 571
f 571 751 572
f 572 751 793
f 572 793 2180
f 2182 2183 571
f 571 2183 2181
f 2184 2185 2183
f 2186 2183 2185
f 2187 2188 2181
f 2183 2186 2187
f 2183 2187 2181
f 2181 2188 2189
f 2181 2189 2190
f 2189 2191 754
f 2190 2189 754
f 754 2191 2192
f 2193 2192 2194
f 2193 2194 2195
f 2193 2195 2184
f 2184 2195 2185
f 754 2192 2193
f 754 2193 557
f 557 2193 2196
f 557 755 754
f 557 556 755
f 755 556 590
f 590 2197 755
f 2198 2199 591
f 591 2199 756
f 591 756 590
f 590 756 2197
f 575 2200 2198
f 2198 2200 2201
f 2198 2201 2199
f 552 2202 550
f 550 2202 2203
f 550 2203 2200
f 550 2200 575
f 2204 2205 2206
f 2202 552 555
f 2202 555 2206
f 2206 555 2207
f 2206 2207 2204
f 2208 2209 2210
f 2208 2210 2204
f 2204 2210 2211
f 2204 2211 2212
f 2213 2205 2212
f 2204 2212 2205
f 2205 2213 2214
f 2205 2214 2215
f 2214 2216 2215
f 2215 2216 2217
f 2217 2216 2218
f 2218 2219 2220
f 2220 2219 2209
f 2220 2209 2208
f 2217 2218 2220
f 548 2217 2221
f 2221 2217 2220
f 553 2222 2223
f 553 2223 547
f 547 2223 548
f 554 2224 2222
f 554 2222 553
f 566 2225 577
f 577 2225 2226
f 577 2226 554
f 554 2226 2224
f 565 2227 566
f 566 2227 2225
f 563 2228 2229
f 563 2229 565
f 565 2229 2227
f 2230 2231 563
f 563 2231 2228
f 2230 2232 2231
f 2233 2234 2230
f 2235 2233 2230
f 2234 2236 2232
f 2230 2234 2232
f 2232 2236 662
f 662 2236 2237
f 662 2237 2238
f 2239 2240 2241
f 545 2238 2242
f 545 2242 2240
f 2240 2242 2241
f 662 2238 545
f 662 545 2243
f 2243 545 2244
f 2244 545 544
f 2244 544 2245
f 2245 544 600
f 2245 600 601
f 2245 601 2246
f 2246 601 2247
f 2247 601 585
f 2247 585 2248
f 559 2249 569
f 569 2249 2250
f 569 2250 2251
f 569 2251 568
f 568 2251 585
f 585 2251 2248
f 2249 559 561
f 2249 561 2252
f 2252 561 2253
f 2253 2254 2252
f 2254 2255 2252
f 2252 2255 2256
f 2256 2255 2257
f 2256 2257 2258
f 2257 2259 2258
f 2258 2259 2171
f 2171 2259 2260
f 2171 2260 2261
f 2171 2261 2172
f 2172 2261 2262
f 2262 2263 2172
f 2263 2262 2264
f 2263 2264 2253
f 2253 2264 2254
f 2265 2266 2267
f 2241 2268 2239
f 2239 2268 2267
f 2267 2268 2265
f 2267 2266 2235
f 2235 2266 2233
f 2269 2270 654
f 2271 613 2270
f 2271 2270 2269
f 2272 613 2271
f 2273 2274 632
f 2269 654 2275
f 2275 654 651
f 2275 651 648
f 2275 648 2276
f 2276 648 646
f 2276 646 2277
f 2277 646 642
f 2277 642 2278
f 2278 642 638
f 2278 638 2279
f 2279 638 636
f 2279 636 2280
f 2273 632 629
f 2273 629 2281
f 2281 629 2282
f 2282 629 626
f 2282 626 2283
f 2283 626 624
f 2283 624 621
f 2283 621 2284
f 2284 621 618
f 2284 618 2285
f 2285 618 616
f 2285 616 2272
f 2272 616 611
f 2272 611 613
f 2286 2287 2274
f 2286 2274 2273
f 636 635 2280
f 2280 635 2286
f 2286 635 2287
f 2288 2278 2289
f 2289 2278 2290
f 2290 2278 2279
f 2290 2279 2291
f 2291 2279 2292
f 2292 2279 2280
f 2292 2280 2293
f 2293 2280 2286
f 2293 2286 2294
f 2294 2286 2273
f 2294 2273 2295
f 2295 2273 2281
f 2295 2281 2296
f 2296 2281 2282
f 2296 2282 2297
f 2297 2282 2283
f 2297 2283 2298
f 2298 2283 2299
f 2299 2283 2284
f 2299 2284 2300
f 2300 2284 2285
f 2300 2285 2301
f 2301 2285 2302
f 2302 2285 2272
f 2302 2272 2303
f 2303 2272 2271
f 2303 2271 2304
f 2304 2271 2269
f 2304 2269 2305
f 2305 2269 2275
f 2305 2275 2306
f 2306 2275 2307
f 2307 2275 2276
f 2307 2276 2308
f 2308 2276 2277
f 2308 2277 2288
f 2288 2277 2278
f 2309 2291 2310
f 2310 2291 2311
f 2310 2311 2312
f 2312 2311 2313
f 2312 2313 2314
f 2314 2313 2315
f 2314 2315 2316
f 2316 2315 2317
f 2316 2317 2318
f 2318 2317 2298
f 2318 2298 2319
f 2319 2298 2320
f 2319 2320 2321
f 2321 2320 2322
f 2321 2322 2323
f 2323 2322 2324
f 2323 2324 2325
f 2325 2324 2326
f 2325 2326 2327
f 2327 2326 2304
f 2327 2304 2328
f 2328 2304 2329
f 2328 2329 2330
f 2330 2329 2307
f 2330 2307 2331
f 2331 2307 2332
f 2331 2332 2289
f 2331 2289 2333
f 2333 2289 2334
f 2333 2334 2309
f 2309 2334 2291
f 2335 2331 2336
f 2336 2331 2333
f 2336 2333 2309
f 2336 2309 2337
f 2337 2309 2310
f 2337 2310 2338
f 2338 2310 2312
f 2338 2312 2339
f 2339 2312 2314
f 2339 2314 2340
f 2340 2314 2316
f 2340 2316 2341
f 2341 2316 2342
f 2342 2316 2318
f 2342 2318 2343
f 2343 2318 2319
f 2343 2319 2344
f 2344 2319 2321
f 2344 2321 2345
f 2345 2321 2323
f 2345 2323 2346
f 2346 2323 2325
f 2346 2325 2347
f 2347 2325 2327
f 2347 2327 2348
f 2348 2327 2328
f 2348 2328 2349
f 2349 2328 2330
f 2349 2330 2335
f 2335 2330 2331
f 2349 2335 2336
f 2346 2347 2349
f 2349 2347 2348
f 2349 2345 2346
f 2349 2344 2345
f 2342 2343 2349
f 2349 2343 2344
f 2349 2341 2342
f 2339 2340 2349
f 2349 2340 2341
f 2349 2338 2339
f 2349 2337 2338
f 2349 2336 2337
f 2270 613 2350
f 707 705 655
f 2270 655 654
f 707 655 2270
f 2270 2350 707
f 707 2350 708
f 613 2351 2350
f 2350 2351 708
f 705 656 655
f 652 656 705
f 652 705 704
f 703 653 652
f 652 704 703
f 653 703 650
f 650 702 649
f 650 703 702
f 649 702 647
f 647 702 701
f 701 700 644
f 644 700 643
f 645 647 701
f 645 701 644
f 699 643 700
f 698 640 641
f 641 643 699
f 639 640 698
f 698 641 699
f 637 639 698
f 820 637 698
f 634 637 820
f 634 820 819
f 2352 635 634
f 2352 634 819
f 633 632 814
f 818 633 814
f 631 633 818
f 817 630 631
f 628 630 817
f 817 631 818
f 627 628 717
f 717 628 817
f 625 627 717
f 715 625 717
f 625 715 623
f 622 714 713
f 620 622 713
f 623 715 714
f 619 620 713
f 623 714 622
f 617 619 713
f 711 617 713
f 615 617 711
f 710 615 711
f 612 614 710
f 710 614 615
f 613 612 2351
f 2351 612 708
f 708 612 710
f 2274 2287 822
f 815 814 632
f 815 632 2274
f 2274 822 815
f 2287 635 2352
f 2287 2352 822
f 822 2352 819
f 2205 766 764
f 2205 2215 766
f 2215 2217 2353
f 2215 2353 767
f 2215 767 766
f 766 767 765
f 2171 542 2174
f 807 2174 2175
f 807 2175 806
f 806 2175 2176
f 806 2176 798
f 798 2176 2177
f 798 2177 796
f 796 2177 2178
f 796 2178 794
f 794 2178 2179
f 795 2179 2180
f 795 2180 793
f 751 2181 752
f 752 2181 2190
f 809 811 2171
f 809 2171 2174
f 809 2174 807
f 794 2179 795
f 752 2190 754
f 756 755 2197
f 756 2199 757
f 2201 757 2199
f 759 757 2201
f 2203 2202 762
f 760 2203 762
f 2200 759 2201
f 760 759 2200
f 763 762 2206
f 2206 762 2202
f 2203 760 2200
f 764 763 2205
f 2205 763 2206
f 2217 548 2353
f 2353 548 2223
f 769 2223 2222
f 769 2222 2224
f 771 2224 2226
f 771 2226 2225
f 657 2225 2227
f 657 2227 2229
f 658 2229 2228
f 658 2228 660
f 660 2228 2231
f 660 2231 2232
f 767 2353 2223
f 767 2223 769
f 770 769 2224
f 770 2224 771
f 771 2225 657
f 658 657 2229
f 660 2232 662
f 2243 773 662
f 2244 773 2243
f 774 773 2244
f 786 774 2245
f 2245 774 2244
f 2246 786 2245
f 2247 786 2246
f 785 786 2247
f 2247 2248 785
f 805 785 2248
f 2251 805 2248
f 2250 2249 802
f 802 2249 2252
f 804 805 2251
f 804 2250 802
f 2250 804 2251
f 803 802 2252
f 803 2252 2256
f 2256 812 803
f 2256 2258 812
f 811 812 2258
f 2258 2171 811
f 2298 2317 2297
f 2297 2317 2296
f 2296 2317 2315
f 2296 2315 2295
f 2295 2315 2313
f 2295 2313 2294
f 2294 2313 2311
f 2294 2311 2293
f 2293 2311 2292
f 2292 2311 2291
f 2291 2334 2290
f 2290 2334 2289
f 2288 2289 2332
f 2288 2332 2308
f 2308 2332 2307
f 2307 2329 2306
f 2306 2329 2305
f 2305 2329 2304
f 2304 2326 2303
f 2303 2326 2324
f 2303 2324 2302
f 2302 2324 2322
f 2302 2322 2301
f 2301 2322 2300
f 2300 2322 2320
f 2300 2320 2299
f 2299 2320 2298
f 2354 595 2355
f 2355 595 587
f 2355 587 2356
f 2354 2355 2357
f 2358 2359 2356
f 2360 2208 2361
f 2362 2208 2363
f 2208 2204 2363
f 2363 2204 2207
f 2356 2359 2355
f 2355 2359 2208
f 2208 2359 2364
f 2364 2361 2208
f 2208 2362 2365
f 2357 2366 2354
f 2366 2367 2354
f 2208 2365 2355
f 2355 2365 2357
f 2358 2356 2368
f 2360 2221 2208
f 2207 2369 2363
f 2360 2370 2221
f 549 2360 576
f 2360 2361 576
f 576 2361 2364
f 576 2364 578
f 2364 2359 578
f 578 2359 581
f 581 2359 2358
f 580 2366 2357
f 580 2357 589
f 2357 2365 589
f 589 2365 2362
f 589 2362 551
f 551 2362 2363
f 548 2221 2370
f 548 2370 549
f 549 2370 2360
f 2207 551 2369
f 2369 551 2363
f 2207 555 551
f 581 2358 2368
f 581 2368 587
f 587 2368 2356
f 595 2354 2367
f 595 2367 2366
f 595 2366 580
f 2371 604 2372
f 2372 604 586
f 2372 586 2373
f 2374 2375 2184
f 2372 2376 2371
f 2371 2376 2377
f 2193 2184 2378
f 2374 2184 2183
f 2374 2183 2182
f 2379 2184 2380
f 2380 2184 2372
f 2380 2372 2381
f 2380 2381 2382
f 2379 2383 2184
f 2184 2383 2378
f 2184 2375 2384
f 2378 2196 2193
f 2384 2376 2184
f 2184 2376 2372
f 2182 2385 2374
f 2386 608 2387
f 2387 608 605
f 2387 605 2388
f 2386 2387 2389
f 2390 2391 2392
f 2393 2394 2172
f 2391 2395 2172
f 2393 2172 2263
f 2393 2263 2253
f 2389 2396 2386
f 2392 2391 2387
f 2387 2391 2172
f 2395 2397 2172
f 2172 2397 2398
f 2172 2394 2399
f 2172 2399 2387
f 2387 2399 2389
f 2396 2400 2386
f 2172 2398 2173
f 2173 2398 2401
f 2253 2402 2393
f 2403 598 2404
f 2404 598 610
f 2404 610 2405
f 2404 2406 2407
f 2407 2406 2408
f 2409 2239 2410
f 2410 2239 2267
f 2240 2239 2411
f 2412 2239 2413
f 2413 2239 2414
f 2414 2239 2404
f 2414 2404 2405
f 2414 2405 2415
f 2415 2405 2416
f 2239 2412 2411
f 2410 2267 2235
f 2239 2409 2417
f 2239 2417 2406
f 2239 2406 2404
f 2235 2418 2410
f 2240 2411 2419
f 546 2411 584
f 2411 2412 584
f 2412 2413 584
f 584 2413 607
f 607 2413 2414
f 607 2414 2415
f 607 2415 609
f 597 2408 2406
f 597 2406 582
f 2406 2417 582
f 582 2417 2409
f 582 2409 564
f 564 2409 2410
f 583 2396 2389
f 583 2389 599
f 599 2389 2399
f 599 2399 2420
f 599 2420 2394
f 599 2394 560
f 560 2394 2393
f 543 2398 592
f 2398 2397 592
f 592 2397 2395
f 592 2395 594
f 2395 2391 594
f 594 2391 596
f 596 2391 2390
f 606 2421 2376
f 606 2376 603
f 2376 2384 603
f 603 2384 2375
f 603 2375 570
f 570 2375 2374
f 558 2378 579
f 2378 2383 579
f 579 2383 2379
f 579 2379 602
f 2379 2380 602
f 602 2380 588
f 588 2380 2382
f 557 2196 558
f 558 2196 2422
f 558 2422 2378
f 2182 571 2385
f 2385 571 570
f 2385 570 2374
f 588 2382 2381
f 588 2381 2373
f 588 2373 586
f 604 2371 2377
f 604 2377 2421
f 604 2421 606
f 2173 2401 542
f 542 2401 543
f 543 2401 2398
f 2402 561 560
f 2402 560 2423
f 2423 560 2393
f 2253 561 2402
f 596 2390 2424
f 596 2424 2388
f 596 2388 605
f 608 2386 2400
f 608 2400 2396
f 608 2396 583
f 2240 2425 545
f 545 2425 2419
f 545 2419 546
f 546 2419 2411
f 2235 562 2418
f 2418 562 564
f 2418 564 2410
f 2235 2230 562
f 609 2415 2416
f 609 2416 610
f 610 2416 2405
f 598 2403 2407
f 598 2407 597
f 597 2407 2408
f 2208 2221 2220
f 2425 2240 2419
f 2403 2404 2407
f 2423 2393 2402
f 2394 2420 2399
f 2387 2388 2392
f 2390 2392 2424
f 2424 2392 2388
f 2376 2421 2377
f 2422 2196 2378
f 2372 2373 2381
f 562 2230 563
f 591 575 2198
f 2265 2426 2427
f 2265 2427 2266
f 2427 2233 2266
f 2233 2427 2428
f 2233 2428 2234
f 2234 2428 2429
f 2234 2429 2236
f 2236 2429 2430
f 2236 2430 2237
f 2237 2430 2431
f 2237 2431 2238
f 2431 2242 2238
f 2432 2242 2431
f 2432 2241 2242
f 2433 2241 2432
f 2426 2268 2433
f 2433 2268 2241
f 2265 2268 2426
f 2434 2428 2435
f 2435 2428 2427
f 2435 2427 2436
f 2436 2427 2426
f 2436 2426 2437
f 2437 2426 2438
f 2438 2426 2433
f 2438 2433 2439
f 2439 2433 2432
f 2439 2432 2431
f 2439 2431 2440
f 2440 2431 2430
f 2440 2430 2441
f 2441 2430 2434
f 2434 2430 2429
f 2434 2429 2428
f 2442 2443 2444
f 2444 2443 2445
f 2444 2445 2446
f 2444 2446 2447
f 2447 2448 2444
f 2444 2448 2449
f 2449 2450 2444
f 2450 2442 2444
f 2442 2437 2443
f 2443 2437 2438
f 2443 2438 2439
f 2443 2439 2445
f 2445 2439 2440
f 2445 2440 2446
f 2446 2440 2447
f 2447 2440 2441
f 2447 2441 2448
f 2448 2441 2434
f 2448 2434 2449
f 2449 2434 2435
f 2449 2435 2436
f 2449 2436 2450
f 2450 2436 2442
f 2442 2436 2437
f 2257 2451 2452
f 2257 2452 2259
f 2259 2452 2453
f 2259 2453 2260
f 2260 2453 2261
f 2261 2453 2454
f 2261 2454 2455
f 2261 2455 2262
f 2262 2455 2456
f 2262 2456 2264
f 2264 2456 2457
f 2264 2457 2254
f 2458 2254 2457
f 2458 2255 2254
f 2451 2257 2255
f 2451 2255 2458
f 2459 2455 2454
f 2459 2454 2460
f 2460 2454 2453
f 2460 2453 2461
f 2461 2453 2452
f 2461 2452 2462
f 2462 2452 2451
f 2462 2451 2458
f 2462 2458 2463
f 2463 2458 2457
f 2463 2457 2464
f 2464 2457 2456
f 2464 2456 2465
f 2465 2456 2455
f 2465 2455 2459
f 2189 2466 2191
f 2191 2466 2467
f 2191 2467 2192
f 2192 2467 2468
f 2192 2468 2194
f 2194 2468 2469
f 2194 2469 2195
f 2195 2469 2185
f 2185 2469 2470
f 2185 2470 2471
f 2185 2471 2186
f 2187 2186 2471
f 2472 2187 2471
f 2473 2188 2187
f 2473 2187 2472
f 2466 2189 2473
f 2473 2189 2188
f 2474 2467 2466
f 2474 2466 2475
f 2475 2466 2476
f 2476 2466 2473
f 2476 2473 2472
f 2476 2472 2477
f 2477 2472 2471
f 2477 2471 2478
f 2478 2471 2470
f 2478 2470 2479
f 2479 2470 2469
f 2479 2469 2480
f 2480 2469 2468
f 2480 2468 2474
f 2474 2468 2467
f 2481 2212 2211
f 2212 2481 2482
f 2212 2482 2213
f 2213 2482 2483
f 2213 2483 2214
f 2214 2483 2484
f 2214 2484 2216
f 2216 2484 2485
f 2216 2485 2218
f 2486 2218 2485
f 2486 2219 2218
f 2487 2219 2486
f 2487 2209 2219
f 2488 2209 2487
f 2488 2210 2209
f 2481 2211 2210
f 2481 2210 2488
f 2489 2485 2484
f 2489 2484 2490
f 2490 2484 2483
f 2490 2483 2491
f 2491 2483 2482
f 2491 2482 2492
f 2492 2482 2481
f 2492 2481 2488
f 2492 2488 2493
f 2493 2488 2487
f 2493 2487 2494
f 2494 2487 2486
f 2494 2486 2495
f 2495 2486 2485
f 2495 2485 2489
f 2496 2497 2498
f 2497 2499 2498
f 2499 2500 2498
f 2500 2501 2498
f 2501 2502 2498
f 2498 2502 2503
f 2503 2504 2498
f 2504 2496 2498
f 2496 2494 2497
f 2497 2494 2495
f 2497 2495 2499
f 2499 2495 2489
f 2499 2489 2500
f 2500 2489 2490
f 2500 2490 2501
f 2501 2490 2491
f 2501 2491 2502
f 2502 2491 2492
f 2502 2492 2503
f 2503 2492 2504
f 2504 2492 2493
f 2504 2493 2494
f 2504 2494 2496
f 2505 2506 2507
f 2506 2508 2507
f 2508 2509 2507
f 2507 2509 2510
f 2507 2510 2511
f 2511 2512 2507
f 2512 2513 2507
f 2513 2505 2507
f 2505 2475 2476
f 2505 2476 2506
f 2506 2476 2508
f 2508 2476 2477
f 2508 2477 2509
f 2509 2477 2478
f 2509 2478 2510
f 2510 2478 2479
f 2510 2479 2511
f 2511 2479 2480
f 2511 2480 2512
f 2512 2480 2474
f 2512 2474 2513
f 2513 2474 2505
f 2505 2474 2475
f 2514 2515 2516
f 2516 2515 2517
f 2517 2518 2516
f 2518 2519 2516
f 2516 2519 2520
f 2520 2521 2516
f 2521 2522 2516
f 2522 2523 2516
f 2523 2514 2516
f 2514 2461 2515
f 2515 2461 2462
f 2515 2462 2517
f 2517 2462 2518
f 2518 2462 2463
f 2518 2463 2464
f 2518 2464 2519
f 2519 2464 2465
f 2519 2465 2520
f 2520 2465 2459
f 2520 2459 2521
f 2521 2459 2522
f 2522 2459 2460
f 2522 2460 2523
f 2523 2460 2461
f 2523 2461 2514
f 2524 2525 2526
f 2526 2525 2527
f 2527 2525 2528
f 2527 2528 2529
f 2529 2528 2530
f 2529 2530 2531
f 2531 2530 2532
f 2531 2532 2533
f 2533 2532 2534
f 2534 2532 2535
f 2534 2535 2536
f 2534 2536 2537
f 2537 2536 2538
f 2538 2536 2539
f 2538 2539 2540
f 2538 2540 2541
f 2541 2540 2542
f 2542 2540 2543
f 2542 2543 2544
f 2544 2543 2545
f 2544 2545 2546
f 2546 2545 2547
f 2546 2547 2548
f 2548 2547 2549
f 2548 2549 2550
f 2550 2549 2551
f 2550 2551 2552
f 2550 2552 2553
f 2553 2552 2554
f 2554 2552 2555
f 2554 2555 2556
f 2556 2555 2557
f 2556 2557 2558
f 2556 2558 2559
f 2559 2558 2560
f 2560 2558 2561
f 2560 2561 2562
f 2562 2561 2563
f 2562 2563 2564
f 2564 2563 2565
f 2564 2565 2566
f 2566 2565 2567
f 2567 2565 2568
f 2567 2568 2569
f 2567 2569 2570
f 2570 2569 2571
f 2571 2569 2572
f 2571 2572 2573
f 2571 2573 2574
f 2574 2573 2575
f 2575 2573 2576
f 2575 2576 2577
f 2577 2576 2578
f 2577 2578 2579
f 2579 2578 2580
f 2579 2580 2581
f 2581 2580 2582
f 2581 2582 2583
f 2583 2582 2584
f 2583 2584 2585
f 2583 2585 2586
f 2586 2585 2587
f 2587 2585 2588
f 2587 2588 2524
f 2524 2588 2589
f 2524 2589 2525
f 1006 2574 2575
f 1006 2575 1007
f 1007 2575 2577
f 1007 2577 1008
f 1008 2577 1009
f 1009 2577 2579
f 1009 2579 2581
f 1009 2581 1010
f 1010 2581 2583
f 1010 2583 1011
f 1011 2583 2586
f 1011 2586 1012
f 1012 2586 2587
f 1012 2587 983
f 983 2587 2524
f 983 2524 984
f 984 2524 2526
f 984 2526 2527
f 984 2527 985
f 985 2527 986
f 986 2527 2529
f 986 2529 2531
f 986 2531 987
f 987 2531 988
f 988 2531 2533
f 988 2533 2534
f 988 2534 989
f 989 2534 2537
f 989 2537 990
f 990 2537 2538
f 990 2538 991
f 991 2538 2541
f 991 2541 992
f 992 2541 2542
f 992 2542 993
f 993 2542 2544
f 993 2544 994
f 994 2544 2546
f 994 2546 995
f 995 2546 2548
f 995 2548 996
f 996 2548 2550
f 996 2550 997
f 997 2550 2553
f 997 2553 998
f 998 2553 2554
f 998 2554 999
f 999 2554 2556
f 999 2556 2559
f 999 2559 1000
f 1000 2559 2560
f 1000 2560 1001
f 1001 2560 2562
f 1001 2562 1002
f 1002 2562 2564
f 1002 2564 1003
f 1003 2564 2566
f 1003 2566 2567
f 1003 2567 1004
f 1004 2567 2570
f 1004 2570 1005
f 1005 2570 2571
f 1005 2571 1006
f 1006 2571 2574
f 467 2539 490
f 490 2539 2536
f 490 2536 488
f 488 2536 2535
f 488 2535 486
f 486 2535 2532
f 486 2532 484
f 484 2532 482
f 482 2532 2530
f 482 2530 481
f 481 2530 478
f 478 2530 2528
f 478 2528 476
f 476 2528 2525
f 476 2525 539
f 539 2525 2589
f 539 2589 538
f 538 2589 2588
f 538 2588 536
f 536 2588 2585
f 536 2585 470
f 470 2585 534
f 534 2585 2584
f 534 2584 532
f 532 2584 2582
f 532 2582 530
f 530 2582 2580
f 530 2580 528
f 528 2580 2578
f 528 2578 526
f 526 2578 525
f 525 2578 2576
f 525 2576 522
f 522 2576 2573
f 522 2573 520
f 520 2573 519
f 519 2573 2572
f 519 2572 516
f 516 2572 2569
f 516 2569 515
f 515 2569 2568
f 515 2568 2565
f 515 2565 473
f 473 2565 513
f 513 2565 2563
f 513 2563 512
f 512 2563 510
f 510 2563 2561
f 510 2561 461
f 461 2561 2558
f 461 2558 509
f 509 2558 2557
f 509 2557 507
f 507 2557 2555
f 507 2555 504
f 504 2555 2552
f 504 2552 502
f 502 2552 500
f 500 2552 2551
f 500 2551 499
f 499 2551 2549
f 499 2549 497
f 497 2549 2547
f 497 2547 464
f 464 2547 2545
f 464 2545 495
f 495 2545 2543
f 495 2543 494
f 494 2543 492
f 492 2543 2540
f 492 2540 467
f 467 2540 2539
f 2590 415 416
f 2591 2592 2593
f 2594 409 411
f 409 2595 403
f 2596 398 361
f 398 2597 359
f 2598 357 2599
f 2599 357 359
f 2600 396 357
f 2600 357 2598
f 396 2600 2601
f 405 394 2601
f 2601 394 396
f 2602 407 2603
f 2603 407 405
f 2604 384 407
f 2604 407 2602
f 384 2604 2605
f 2605 356 383
f 2605 383 384
f 2606 355 2607
f 2607 355 356
f 2606 2608 355
f 2609 380 2610
f 2610 380 2608
f 2609 2611 380
f 2611 2612 345
f 2613 2614 2615
f 2615 2614 345
f 343 2614 2613
f 2616 2617 343
f 2617 2616 2618
f 2618 2619 2617
f 2620 2621 2622
f 2623 2624 2625
f 2626 2627 2623
f 2627 2628 2629
f 2630 2631 2632
f 2633 2634 2635
f 2636 2637 2638
f 2639 2640 2641
f 2642 2643 2644
f 2645 2642 2644
f 2646 2647 2645
f 2648 2649 2647
f 2650 2651 2649
f 2651 2652 2653
f 2654 2655 2656
f 2656 2655 2653
f 2657 2655 2654
f 2658 2659 2660
f 2661 2662 2663
f 2664 2665 2666
f 2667 2668 2669
f 2670 2667 2669
f 2671 2670 2672
f 2673 2674 2671
f 2675 2676 2677
f 2677 2678 2675
f 2678 2679 2680
f 2681 2682 2680
f 2682 2683 2684
f 2684 2683 2685
f 2686 2687 2688
f 2688 2689 2686
f 2690 2689 2691
f 2692 2693 2690
f 2694 2693 2695
f 2694 2696 2697
f 2698 2699 2697
f 2700 2701 2699
f 2701 2702 2703
f 2703 2702 2704
f 2704 2705 2703
f 2705 2706 2707
f 2706 2708 2707
f 2709 2708 2710
f 2709 2710 2711
f 2711 2712 2709
f 2712 2713 2714
f 2714 2713 2715
f 2716 2717 2718
f 2718 2717 2714
f 2716 2718 2719
f 2719 2720 2716
f 2721 2722 2719
f 2719 2722 2720
f 2722 2721 2723
f 2724 2725 2723
f 2724 2726 2725
f 2727 2726 2724
f 2727 2728 2726
f 2729 2730 2731
f 2731 2732 2729
f 2733 2734 2735
f 2736 2737 2735
f 2735 2737 2733
f 2736 2738 2737
f 2738 2739 2740
f 2741 2742 2739
f 2739 2742 2740
f 2743 2742 2741
f 2743 2744 2745
f 2746 2747 2745
f 2747 2748 2749
f 2748 2750 2749
f 2750 2751 2752
f 2752 2751 2753
f 2753 2754 2752
f 2754 2755 2756
f 2757 2758 2755
f 2755 2758 2756
f 2759 2758 2757
f 2760 2761 2762
f 2762 2761 2759
f 2761 2763 2764
f 2765 2766 2763
f 2763 2766 2764
f 2767 2766 2768
f 2768 2766 2765
f 2767 2768 2769
f 2769 2770 2767
f 2771 2770 2772
f 2773 2774 2775
f 2775 2774 2771
f 2773 2776 2774
f 2777 2778 2776
f 2778 2777 2779
f 2779 2777 2780
f 2781 2779 2780
f 2781 2782 2783
f 2784 2785 2786
f 2786 2785 2783
f 2787 2788 2789
f 2789 2788 2790
f 2790 2788 2784
f 2791 2792 2793
f 2793 2792 2787
f 2794 2792 2795
f 2795 2792 2791
f 2794 2795 2796
f 2797 2798 2799
f 2799 2798 2796
f 2796 2798 2794
f 2797 2799 2800
f 2800 2801 2797
f 2801 2802 2803
f 2803 2802 2804
f 2803 2804 2805
f 2806 2807 2808
f 2807 2806 2809
f 2593 2592 2810
f 2810 2592 2811
f 2810 2811 2812
f 2813 2814 2812
f 2815 2814 2813
f 2814 2815 2816
f 2816 2815 2817
f 2816 2817 2818
f 2819 2818 2817
f 2820 2821 2819
f 2819 2821 2818
f 2822 2823 2820
f 2820 2823 2821
f 2822 2824 2823
f 2825 2826 2824
f 2827 2826 2828
f 2828 2826 2825
f 2829 2830 2831
f 2827 2829 2831
f 2832 2831 2830
f 2833 2834 2832
f 2834 2835 2836
f 2836 2835 2837
f 2838 2839 2837
f 2837 2839 2836
f 2839 2838 2840
f 2840 2838 2841
f 2842 2843 2841
f 2841 2843 2840
f 2844 2845 2846
f 2843 2842 2846
f 2846 2842 2844
f 2845 2847 2848
f 2845 2848 2846
f 2849 2850 2847
f 2847 2850 2848
f 2851 2852 2849
f 2853 2854 2855
f 2855 2854 2852
f 2856 2857 2854
f 2856 2854 2853
f 2857 2856 2858
f 2858 2859 2857
f 2860 2861 2862
f 2863 2864 2860
f 2864 2865 2866
f 2867 2868 2866
f 2869 2870 2868
f 2871 2872 2873
f 2873 2872 2874
f 2875 2872 2871
f 2876 2877 2878
f 2878 2877 2875
f 2879 2880 2881
f 2882 2883 2879
f 2883 2884 2885
f 2886 2887 2888
f 2889 2890 2886
f 2891 2890 2889
f 2891 2892 2890
f 2893 2894 2895
f 2896 2897 2898
f 2899 2900 2896
f 2900 2899 2901
f 2901 2902 2900
f 2903 2904 2905
f 2906 2903 2905
f 2907 2908 2906
f 2908 2907 2909
f 2910 2911 2912
f 2913 2914 2910
f 2915 2914 2913
f 2916 2917 2918
f 2919 2920 2921
f 2922 2919 2921
f 2923 2924 2925
f 2926 2923 2925
f 2927 2928 2926
f 2928 2929 2930
f 2931 2932 2933
f 2931 2934 2935
f 2935 2936 2931
f 2936 2937 2938
f 2937 2939 2938
f 2940 2941 2942
f 2942 2941 2939
f 2943 2940 2944
f 2945 2946 2947
f 2948 2949 2946
f 2950 2949 2951
f 2951 2952 2950
f 2953 2952 2954
f 2953 2955 2956
f 2957 2958 2956
f 2957 2959 2958
f 2960 2959 2961
f 2960 2961 2962
f 2962 2961 2963
f 2963 2964 2962
f 2964 2965 2966
f 2965 2967 2966
f 2968 2969 2970
f 2970 2969 2971
f 2972 2973 2974
f 2974 2975 2972
f 2976 2977 2975
f 2977 2976 2978
f 2979 2978 2980
f 2979 2980 2981
f 2981 2982 2979
f 2982 2983 2984
f 2985 2984 2983
f 2986 2987 2988
f 2988 2987 2985
f 2985 2987 2984
f 2986 2988 416
f 416 2989 2986
f 2990 414 418
f 418 2991 2990
f 2992 2991 419
f 419 2993 2992
f 2994 422 424
f 424 2995 2994
f 428 2996 426
f 426 2996 2997
f 2998 2996 428
f 430 2999 2998
f 434 3000 432
f 432 3000 3001
f 3002 3000 434
f 3003 3004 436
f 436 3004 3002
f 440 3005 438
f 438 3005 3003
f 3006 3005 440
f 444 3007 3008
f 3007 444 3009
f 446 3010 3009
f 447 3010 446
f 447 3011 3010
f 447 3012 3011
f 3012 450 3013
f 3014 3013 451
f 451 3013 450
f 454 3015 452
f 452 3015 3014
f 3016 3015 454
f 457 3017 456
f 456 3017 3016
f 3018 3017 457
f 3018 460 459
f 3019 3020 459
f 459 3020 3018
f 2161 3021 458
f 458 3021 3019
f 3021 2161 3022
f 3022 2161 2162
f 2164 3023 2163
f 2163 3023 3024
f 3025 3023 2164
f 2166 3026 2165
f 2165 3026 3025
f 3026 2167 3027
f 2168 3027 2167
f 2168 3028 3027
f 3028 2169 3029
f 3030 3029 2170
f 2170 3029 2169
f 2170 2590 3030
f 403 2595 402
f 402 2595 3031
f 3032 399 3031
f 3031 399 402
f 3033 387 399
f 3033 399 3032
f 3033 3034 387
f 387 3034 360
f 360 3034 3035
f 3035 3036 360
f 360 3036 361
f 2597 398 2596
f 3036 2596 361
f 359 2597 2599
f 405 2601 2603
f 2605 2607 356
f 2606 2610 2608
f 2612 2611 2609
f 345 2612 2615
f 2613 2616 343
f 2619 2618 2622
f 2619 2622 2621
f 3037 2620 2622
f 3037 2625 2620
f 2620 2625 2624
f 2628 2627 2626
f 2625 2626 2623
f 2628 3038 2629
f 3038 2632 2629
f 2629 2632 2631
f 3039 2630 2632
f 2630 3039 2635
f 2630 2635 2634
f 3040 2633 2635
f 2633 3040 2638
f 2633 2638 2637
f 3041 2636 2638
f 3041 2641 2636
f 2636 2641 2640
f 2643 2639 2641
f 2639 2643 2642
f 2646 2645 2644
f 2646 2648 2647
f 2652 2651 2650
f 2648 2650 2649
f 2653 2652 2656
f 2654 3042 2657
f 3042 2659 2657
f 2660 2659 3042
f 2658 2660 2663
f 2658 2663 2662
f 3043 3044 2661
f 3043 2661 2663
f 3044 2665 2661
f 2668 2664 2666
f 2666 2665 3044
f 2664 2668 2667
f 2672 2670 2669
f 2676 2674 2673
f 2673 2671 2672
f 2674 2676 2675
f 2679 2678 2677
f 2679 2681 2680
f 2683 2682 2681
f 2687 2684 2685
f 2684 2687 2686
f 2688 2691 2689
f 2690 2691 2692
f 2696 2694 2695
f 2692 2695 2693
f 2697 2696 2698
f 2699 2698 2700
f 2702 2701 2700
f 2705 2704 2706
f 3045 2710 2708
f 3045 2708 2706
f 2713 2712 2711
f 2715 2718 2714
f 2721 3046 2723
f 2723 3046 2724
f 2730 2728 2727
f 2728 2730 2729
f 2734 2732 2731
f 2732 2734 2733
f 2736 2739 2738
f 2744 2743 2741
f 2744 2746 2745
f 2746 2748 2747
f 2751 2750 2748
f 2753 2755 2754
f 2757 2762 2759
f 2760 2763 2761
f 2775 2771 2772
f 2769 2772 2770
f 3047 2777 2776
f 3047 2776 2773
f 2780 2782 2781
f 2786 2783 2782
f 2786 2790 2784
f 2789 2793 2787
f 2800 2802 2801
f 2808 2805 2804
f 2805 2808 2807
f 2591 2809 2806
f 2809 2591 2593
f 2811 2813 2812
f 2822 2825 2824
f 2828 2829 2827
f 2830 2833 2832
f 2835 2834 2833
f 2847 2851 2849
f 3048 2852 2851
f 2852 3048 2855
f 2858 2862 2859
f 2859 2862 2861
f 2863 2860 2862
f 2863 2865 2864
f 2865 2867 2866
f 2867 2869 2868
f 3049 2870 2869
f 2870 3049 2873
f 2870 2873 2874
f 2875 2871 2878
f 2876 2881 2877
f 2877 2881 2880
f 2882 2879 2881
f 2882 2884 2883
f 2884 3050 2885
f 3050 2888 2885
f 2885 2888 2887
f 2886 2888 3051
f 2886 3051 2889
f 2891 2895 2892
f 2892 2895 2894
f 3052 2893 2895
f 2893 3052 2898
f 2893 2898 2897
f 3053 2899 2896
f 3053 2896 2898
f 2904 2902 2901
f 2902 2904 2903
f 2905 2907 2906
f 3054 2909 2907
f 3054 2912 2909
f 2909 2912 2911
f 2910 2912 3055
f 2910 3055 2913
f 3056 3057 2915
f 3056 2915 2913
f 3057 2918 2915
f 2920 2917 2916
f 2916 2918 3057
f 2917 2920 2919
f 2921 2924 2922
f 2922 2924 2923
f 2929 2928 2927
f 2925 2927 2926
f 2929 3058 2930
f 3058 2932 2930
f 2934 2931 2933
f 2933 2932 3058
f 2936 2935 2937
f 3059 2942 2939
f 3059 2939 2937
f 2944 2940 2942
f 2943 2944 2945
f 2943 2945 2947
f 3060 2948 2946
f 3060 2946 2945
f 2949 2948 2951
f 2955 2953 2954
f 2951 2954 2952
f 2956 2955 2957
f 3061 2961 2959
f 3061 2959 2957
f 2964 2963 2965
f 2969 2968 3062
f 3062 2968 2967
f 3062 2967 2965
f 2973 2970 2971
f 2970 2973 2972
f 2974 2976 2975
f 3063 2980 2978
f 3063 2978 2976
f 2982 2981 2983
f 414 2989 416
f 2989 414 2990
f 418 419 2991
f 422 2993 419
f 2993 422 2994
f 2995 424 426
f 2995 426 2997
f 428 430 2998
f 2999 430 432
f 2999 432 3001
f 434 436 3002
f 436 438 3003
f 440 441 3006
f 3006 441 3008
f 441 444 3008
f 444 446 3009
f 447 450 3012
f 451 452 3014
f 454 456 3016
f 460 3018 457
f 459 458 3019
f 3022 2162 2163
f 3022 2163 3024
f 2164 2165 3025
f 2166 2167 3026
f 2168 2169 3028
f 415 2590 2170
f 3064 2661 3065
f 2964 2966 2962
f 352 355 2608
f 352 2608 350
f 350 2608 380
f 353 380 2611
f 353 2611 345
f 345 2614 346
f 346 2614 343
f 2623 2627 3066
f 3067 2655 2657
f 3064 2662 2661
f 3065 2661 2665
f 2675 2678 3068
f 2684 2686 3069
f 2717 2716 2720
f 2737 2738 2740
f 3070 2883 2885
f 2959 3071 2958
f 2959 2960 3071
f 2975 2977 3072
f 2978 3072 2977
f 2988 2590 416
f 393 377 2620
f 369 393 2620
f 371 369 3066
f 3066 369 2623
f 3031 2651 3032
f 2602 2603 2675
f 2602 2675 2604
f 2610 3069 2609
f 2612 2690 2615
f 2613 2693 2616
f 2618 2699 2622
f 3037 2622 2701
f 2626 2625 2705
f 2628 2708 3038
f 2632 2712 3039
f 2714 2635 3039
f 3040 2635 2717
f 3040 2717 2638
f 2646 2644 2728
f 2648 2732 2650
f 2650 2733 2652
f 2652 2737 2656
f 2654 2742 3042
f 2660 2747 2663
f 3043 2750 3044
f 2666 3044 2754
f 2666 2754 2668
f 2672 2669 2758
f 2673 2761 2676
f 2681 2770 2683
f 2687 2685 2774
f 2691 2688 2778
f 2696 2785 2698
f 2700 2788 2702
f 3045 2706 2798
f 2713 2711 2801
f 2715 2805 2718
f 2748 2834 2751
f 2777 3047 2859
f 2790 2870 2789
f 2808 2804 2885
f 2817 2896 2819
f 2822 2820 2902
f 2833 2910 2835
f 2842 2922 2844
f 2847 2845 2926
f 2851 2930 3048
f 2855 2932 2853
f 2853 2931 2856
f 2858 2856 2936
f 2862 2939 2863
f 2865 2863 2940
f 2869 2946 3049
f 2950 2873 3049
f 2871 2873 2952
f 2878 2956 2876
f 2881 3071 2882
f 2884 2962 3050
f 2888 2967 3051
f 2895 2975 3052
f 3072 2898 3052
f 3053 2898 2978
f 3053 2978 2899
f 2901 2982 2904
f 2905 2987 2907
f 3054 2907 2989
f 2912 2991 3055
f 3056 2993 3057
f 2916 3057 2995
f 2916 2995 2920
f 2925 2999 2927
f 3058 2929 3000
f 2933 3058 3004
f 2933 3004 2934
f 2937 3006 3059
f 2944 2942 3009
f 2945 3011 3060
f 343 2617 344
f 344 2617 376
f 2617 2619 376
f 376 2619 377
f 2624 2623 369
f 2624 369 2620
f 2621 2620 377
f 2621 377 2619
f 2627 371 3066
f 371 2627 373
f 2629 373 2627
f 373 2629 375
f 2630 375 2631
f 2631 375 2629
f 2634 366 2630
f 2630 366 375
f 2633 364 366
f 2633 366 2634
f 364 2633 392
f 2637 392 2633
f 392 2637 390
f 2636 391 390
f 2636 390 2637
f 391 2636 410
f 2639 410 2640
f 2640 410 2636
f 410 2639 411
f 2642 2594 2639
f 2639 2594 411
f 2645 409 2594
f 2645 2594 2642
f 409 2645 2595
f 2647 2595 2645
f 2595 2647 3031
f 2649 2651 3031
f 2649 3031 2647
f 2653 3032 2651
f 3032 2653 3033
f 2655 3033 2653
f 3033 2655 3034
f 3067 3034 2655
f 3034 3067 3035
f 2659 3035 2657
f 2657 3035 3067
f 3035 2659 3036
f 2658 3036 2659
f 3036 2658 2596
f 3064 2596 2662
f 2662 2596 2658
f 2596 3064 2597
f 3064 3065 2597
f 3065 2599 2597
f 2665 2599 3065
f 2599 2665 2598
f 2667 2600 2664
f 2664 2600 2598
f 2664 2598 2665
f 2670 2601 2667
f 2667 2601 2600
f 2671 2603 2670
f 2670 2603 2601
f 2674 2675 2603
f 2674 2603 2671
f 3068 2604 2675
f 2604 3068 2605
f 2680 2605 2678
f 2678 2605 3068
f 2605 2680 2607
f 2682 2607 2680
f 2607 2682 2606
f 2684 2606 2682
f 2606 2684 2610
f 3069 2610 2684
f 2689 2609 2686
f 2686 2609 3069
f 2609 2689 2612
f 2689 2690 2612
f 2693 2613 2690
f 2690 2613 2615
f 2694 2616 2693
f 2697 2618 2616
f 2697 2616 2694
f 2618 2697 2699
f 2701 2622 2699
f 2703 2625 3037
f 2703 3037 2701
f 2705 2625 2703
f 2708 2628 2707
f 2707 2628 2626
f 2707 2626 2705
f 2709 3038 2708
f 3038 2709 2632
f 2712 2632 2709
f 2714 3039 2712
f 2717 2635 2714
f 2720 2638 2717
f 2638 2720 2722
f 2638 2722 3041
f 3041 2722 2723
f 3041 2723 2641
f 2725 2641 2723
f 2641 2725 2643
f 2726 2643 2725
f 2643 2726 2644
f 2726 2728 2644
f 2729 2648 2646
f 2729 2646 2728
f 2648 2729 2732
f 2650 2732 2733
f 2733 2737 2652
f 2654 2656 2740
f 2737 2740 2656
f 3042 2742 2743
f 2654 2740 2742
f 2660 3042 2745
f 3042 2743 2745
f 2663 2747 2749
f 2660 2745 2747
f 2750 3043 2663
f 2663 2749 2750
f 2750 2752 3044
f 2668 2754 2756
f 3044 2752 2754
f 2669 2668 2758
f 2668 2756 2758
f 2672 2758 2759
f 2672 2759 2673
f 2673 2759 2761
f 2761 2764 2676
f 2766 2679 2677
f 2676 2764 2766
f 2676 2766 2677
f 2681 2679 2767
f 2766 2767 2679
f 2681 2767 2770
f 2685 2683 2771
f 2683 2770 2771
f 2687 2774 2776
f 2685 2771 2774
f 2687 2776 2688
f 2688 2776 2778
f 2691 2778 2779
f 2781 2695 2692
f 2691 2779 2692
f 2692 2779 2781
f 2696 2695 2783
f 2781 2783 2695
f 2698 2785 2784
f 2696 2783 2785
f 2788 2700 2698
f 2698 2784 2788
f 2788 2787 2702
f 2702 2787 2792
f 2702 2792 2704
f 2704 2792 2794
f 2704 2794 2706
f 2710 3045 2798
f 2710 2798 2797
f 2706 2794 2798
f 2711 2710 2801
f 2710 2797 2801
f 2713 2801 2803
f 2713 2803 2715
f 2715 2803 2805
f 2805 2807 2718
f 2718 2807 2809
f 2718 2809 2719
f 2719 2809 2593
f 2719 2593 2721
f 2721 2593 2810
f 2724 3046 2812
f 2721 2810 3046
f 3046 2810 2812
f 2724 2812 2814
f 2724 2814 2727
f 2727 2814 2730
f 2730 2814 2816
f 2816 2818 2730
f 2730 2818 2731
f 2731 2818 2734
f 2818 2821 2734
f 2734 2821 2735
f 2821 2823 2735
f 2735 2823 2736
f 2736 2823 2824
f 2736 2824 2739
f 2739 2824 2826
f 2739 2826 2741
f 2741 2826 2827
f 2741 2827 2744
f 2744 2827 2831
f 2744 2831 2746
f 2746 2831 2832
f 2746 2832 2748
f 2748 2832 2834
f 2751 2834 2836
f 2751 2836 2753
f 2753 2836 2839
f 2753 2839 2755
f 2755 2839 2840
f 2755 2840 2757
f 2757 2840 2843
f 2757 2843 2762
f 2762 2843 2846
f 2762 2846 2760
f 2760 2846 2763
f 2763 2846 2848
f 2763 2848 2765
f 2848 2850 2765
f 2765 2850 2768
f 2768 2850 2849
f 2768 2849 2769
f 2769 2849 2852
f 2769 2852 2772
f 2854 2772 2852
f 2772 2854 2775
f 2857 2775 2854
f 2775 2857 2773
f 2859 2773 2857
f 2773 2859 3047
f 2861 2777 2859
f 2860 2780 2861
f 2861 2780 2777
f 2864 2782 2780
f 2864 2780 2860
f 2868 2786 2866
f 2866 2786 2782
f 2866 2782 2864
f 2870 2790 2868
f 2868 2790 2786
f 2874 2789 2870
f 2789 2874 2793
f 2872 2793 2874
f 2793 2872 2791
f 2875 2795 2791
f 2875 2791 2872
f 2877 2796 2795
f 2877 2795 2875
f 2796 2877 2799
f 2880 2799 2877
f 2799 2880 2800
f 2883 2800 2879
f 2879 2800 2880
f 2800 2883 2802
f 3070 2802 2883
f 2802 3070 2885
f 2802 2885 2804
f 2887 2808 2885
f 2886 2806 2887
f 2887 2806 2808
f 2806 2886 2591
f 2890 2591 2886
f 2591 2890 2592
f 2892 2811 2592
f 2892 2592 2890
f 2894 2813 2811
f 2894 2811 2892
f 2897 2815 2893
f 2893 2815 2813
f 2893 2813 2894
f 2815 2897 2817
f 2897 2896 2817
f 2900 2820 2819
f 2900 2819 2896
f 2902 2820 2900
f 2903 2825 2822
f 2903 2822 2902
f 2908 2828 2906
f 2906 2828 2825
f 2906 2825 2903
f 2828 2908 2829
f 2909 2829 2908
f 2829 2909 2830
f 2911 2830 2909
f 2830 2911 2833
f 2911 2910 2833
f 2914 2835 2910
f 2835 2914 2837
f 2915 2837 2914
f 2837 2915 2838
f 2917 2838 2918
f 2918 2838 2915
f 2838 2917 2841
f 2919 2841 2917
f 2841 2919 2842
f 2919 2922 2842
f 2923 2845 2922
f 2922 2845 2844
f 2926 2845 2923
f 2928 2851 2847
f 2928 2847 2926
f 2851 2928 2930
f 3048 2930 2855
f 2932 2855 2930
f 2932 2931 2853
f 2936 2856 2931
f 2939 2862 2938
f 2938 2862 2858
f 2938 2858 2936
f 2941 2863 2939
f 2863 2941 2940
f 2943 2865 2940
f 2865 2943 2867
f 2947 2867 2943
f 2867 2947 2869
f 2946 2869 2947
f 2949 2950 3049
f 2949 3049 2946
f 2950 2952 2873
f 2956 2878 2953
f 2953 2878 2871
f 2953 2871 2952
f 2958 2876 2956
f 2876 2958 2881
f 2958 3071 2881
f 2884 2882 2960
f 2884 2960 2962
f 2882 3071 2960
f 3050 2962 2966
f 3050 2966 2888
f 2888 2966 2967
f 2889 3051 2968
f 2967 2968 3051
f 2970 2891 2889
f 2968 2970 2889
f 2895 2891 2972
f 2970 2972 2891
f 2895 2972 2975
f 3052 2975 3072
f 2899 2978 2979
f 2898 3072 2978
f 2982 2901 2899
f 2899 2979 2982
f 2904 2982 2984
f 2904 2984 2905
f 2905 2984 2987
f 2987 2986 2907
f 3054 2989 2990
f 2907 2986 2989
f 3054 2990 2912
f 2912 2990 2991
f 2913 3055 2992
f 3055 2991 2992
f 2993 3056 2913
f 2913 2992 2993
f 2993 2994 3057
f 2920 2995 2997
f 3057 2994 2995
f 2921 2920 2996
f 2920 2997 2996
f 2924 2921 2998
f 2921 2996 2998
f 2999 2925 2924
f 2924 2998 2999
f 2999 3001 2927
f 2927 3001 3000
f 2927 3000 2929
f 3000 3002 3058
f 2934 3004 3003
f 3058 3002 3004
f 2935 2934 3005
f 2934 3003 3005
f 2937 2935 3006
f 2935 3005 3006
f 3059 3006 3008
f 3059 3008 3007
f 3059 3007 2942
f 2944 3009 3010
f 2942 3007 3009
f 2944 3010 2945
f 2945 3010 3011
f 2948 3060 3012
f 3011 3012 3060
f 2951 2948 3013
f 2948 3012 3013
f 2951 3013 3014
f 2951 3014 2954
f 2954 3014 3015
f 2954 3015 2955
f 2955 3015 2957
f 3015 3016 2957
f 2957 3016 3061
f 3016 3017 3061
f 3061 3017 2961
f 3017 3018 2961
f 2961 3018 2963
f 3018 3020 2963
f 2963 3020 2965
f 2965 3020 3019
f 2965 3019 3062
f 3062 3019 3021
f 3062 3021 2969
f 2969 3021 3022
f 2969 3022 2971
f 2971 3022 2973
f 2973 3022 3024
f 2973 3024 2974
f 2974 3024 3023
f 2974 3023 2976
f 2976 3023 3025
f 2976 3025 3063
f 3063 3025 3026
f 3063 3026 2980
f 2980 3026 3027
f 2980 3027 2981
f 2981 3027 3028
f 2981 3028 2983
f 2983 3028 3029
f 2983 3029 2985
f 3030 2590 2988
f 3030 2988 3029
f 3029 2988 2985
f 3073 3074 3075
f 3075 3076 3077
f 3078 3077 3076
f 3079 3080 3081
f 3082 3081 3080
f 3082 3083 3084
f 3084 3083 3085
f 3084 3085 3086
f 3087 3086 3085
f 3087 3088 3086
f 3088 3087 3089
f 3088 3089 3090
f 3091 3092 3089
f 3089 3092 3090
f 3093 3094 3092
f 3093 3092 3091
f 3094 3093 3095
f 3095 3093 3096
f 3097 3095 3096
f 3097 3098 3095
f 3098 3097 3099
f 3099 3097 3100
f 3099 3100 3101
f 3101 3100 3102
f 3103 3101 3102
f 3101 3103 3104
f 3105 3104 3103
f 3104 3105 3106
f 3106 3105 3107
f 3106 3107 3108
f 3108 3107 3109
f 3109 3107 3110
f 3111 3112 3110
f 3110 3112 3109
f 3112 3111 3113
f 3113 3111 3114
f 3115 3116 3114
f 3114 3116 3113
f 3116 3115 3117
f 3116 3117 3118
f 3119 3120 3117
f 3117 3120 3118
f 3120 3119 3121
f 3120 3121 3122
f 3121 3123 3124
f 3122 3121 3124
f 772 3125 3126
f 3126 3125 3127
f 3126 3127 3128
f 3128 3127 3129
f 3128 3129 3130
f 3130 3129 3131
f 3130 3131 3132
f 3130 3132 3133
f 3133 3132 3134
f 3133 3134 3135
f 3135 3134 3136
f 3135 3136 3137
f 3137 3136 3138
f 3137 3138 3139
f 3139 3138 3140
f 3139 3140 3141
f 3141 3140 3142
f 3141 3142 3143
f 3143 3142 3144
f 3144 3142 3145
f 3144 3145 3146
f 3144 3146 3147
f 3147 3146 3148
f 3147 3148 3149
f 3149 3148 3150
f 3149 3150 3151
f 3151 3150 3152
f 3152 3150 3153
f 3152 3153 3154
f 3152 3154 3155
f 3155 3154 3156
f 3155 3156 3157
f 3157 3156 3158
f 3157 3158 3159
f 3159 3158 3160
f 3159 3160 3161
f 3161 3160 3162
f 3161 3162 3163
f 3163 3162 3164
f 3163 3164 3165
f 3165 3164 3166
f 3165 3166 3167
f 3167 3166 3168
f 3167 3168 3169
f 3167 3169 3170
f 3170 3169 3171
f 3170 3171 3172
f 3172 3171 3173
f 3172 3173 3174
f 3174 3173 3175
f 3174 3175 3176
f 3176 3175 3177
f 3176 3177 3178
f 3178 3177 3179
f 3178 3179 3180
f 3180 3179 3181
f 3181 3179 3182
f 3181 3182 3183
f 3181 3183 3184
f 3184 3183 3185
f 3184 3185 3186
f 3186 3185 3187
f 3186 3187 3188
f 3188 3187 3189
f 3189 3187 3190
f 3189 3190 3191
f 3189 3191 3192
f 3192 3191 3193
f 3192 3193 3194
f 3194 3193 3195
f 3194 3195 3196
f 3196 3195 3197
f 3196 3197 3198
f 3198 3197 772
f 772 3197 3125
f 3199 3103 3200
f 3200 3103 3102
f 3200 3102 3201
f 3201 3102 3100
f 3201 3100 3202
f 3202 3100 3097
f 3202 3097 3203
f 3203 3097 3096
f 3203 3096 3204
f 3204 3096 3093
f 3204 3093 3205
f 3205 3093 3091
f 3205 3091 3206
f 3206 3091 3089
f 3206 3089 3207
f 3207 3089 3087
f 3207 3087 3208
f 3208 3087 3209
f 3209 3087 3085
f 3209 3085 3083
f 3209 3083 3210
f 3210 3083 3211
f 3211 3083 3082
f 3211 3082 3080
f 3211 3080 3212
f 3212 3080 3079
f 3212 3079 3213
f 3213 3079 3078
f 3213 3078 3214
f 3214 3078 3076
f 3214 3076 3215
f 3215 3076 3075
f 3215 3075 3216
f 3216 3075 3074
f 3216 3074 3217
f 3217 3074 3218
f 3218 3074 3219
f 3218 3219 3220
f 3220 3219 3221
f 3220 3221 3222
f 3222 3221 3223
f 3222 3223 3224
f 3224 3223 3225
f 3224 3225 3226
f 3226 3225 3227
f 3226 3227 3228
f 3228 3227 3229
f 3228 3229 3230
f 3228 3230 3231
f 3231 3230 3232
f 3232 3230 3233
f 3232 3233 3234
f 3233 3123 3234
f 3234 3123 3235
f 3235 3123 3121
f 3235 3121 3236
f 3236 3121 3119
f 3236 3119 3237
f 3237 3119 3117
f 3237 3117 3238
f 3238 3117 3115
f 3238 3115 3114
f 3238 3114 3239
f 3239 3114 3111
f 3239 3111 3240
f 3240 3111 3110
f 3240 3110 3241
f 3241 3110 3107
f 3241 3107 3242
f 3242 3107 3105
f 3242 3105 3199
f 3199 3105 3103
f 3243 3244 3245
f 3246 3247 3248
f 3247 3244 3248
f 3248 3244 3243
f 3249 3250 3251
f 3251 3250 3252
f 3249 3253 3254
f 3249 3254 3250
f 3255 3253 3249
f 3256 3257 3258
f 3258 3257 3259
f 3260 3261 3262
f 3261 3256 3262
f 3262 3256 3258
f 3263 3264 3265
f 3265 3264 3266
f 3263 3267 3268
f 3263 3268 3264
f 3269 3267 3263
f 3270 3271 3272
f 3273 3274 3275
f 3274 3271 3275
f 3275 3271 3270
f 3276 3277 3278
f 3278 3277 3279
f 3276 3280 3281
f 3276 3281 3277
f 3282 3280 3276
f 3283 3284 3285
f 3285 3284 3286
f 3287 3288 3289
f 3288 3283 3289
f 3289 3283 3285
f 3290 3291 3292
f 3292 3291 3293
f 3290 3294 3295
f 3290 3295 3291
f 3296 3294 3290
f 3282 3276 3297
f 3297 3276 3298
f 3297 3298 3299
f 3299 3298 3300
f 3299 3300 3285
f 3299 3285 3301
f 3301 3285 3286
f 3273 3275 3302
f 3302 3275 3303
f 3302 3303 3278
f 3302 3278 3304
f 3304 3278 3279
f 3269 3263 3305
f 3305 3263 3306
f 3305 3306 3307
f 3307 3306 3308
f 3307 3308 3270
f 3307 3270 3309
f 3309 3270 3272
f 3260 3262 3310
f 3310 3262 3311
f 3310 3311 3265
f 3310 3265 3312
f 3312 3265 3266
f 3255 3249 3313
f 3313 3249 3314
f 3313 3314 3315
f 3315 3314 3316
f 3315 3316 3258
f 3315 3258 3317
f 3317 3258 3259
f 3246 3248 3318
f 3318 3248 3319
f 3318 3319 3251
f 3318 3251 3320
f 3320 3251 3252
f 3296 3290 3321
f 3321 3290 3322
f 3321 3322 3323
f 3323 3322 3324
f 3323 3324 3243
f 3323 3243 3325
f 3325 3243 3245
f 3287 3289 3326
f 3326 3289 3327
f 3326 3327 3292
f 3326 3292 3328
f 3328 3292 3293
f 3329 3270 3330
f 3330 3270 3308
f 3330 3308 3331
f 3331 3308 3332
f 3332 3308 3306
f 3332 3306 3333
f 3333 3306 3263
f 3333 3263 3334
f 3334 3263 3335
f 3336 3298 3276
f 3336 3276 3337
f 3337 3276 3338
f 3338 3276 3278
f 3338 3278 3339
f 3339 3278 3303
f 3339 3303 3329
f 3329 3303 3275
f 3329 3275 3270
f 3340 3243 3341
f 3341 3243 3324
f 3341 3324 3342
f 3342 3324 3343
f 3343 3324 3322
f 3343 3322 3344
f 3344 3322 3290
f 3344 3290 3345
f 3345 3290 3346
f 3290 3292 3346
f 3346 3292 3327
f 3346 3327 3347
f 3347 3327 3348
f 3348 3327 3289
f 3348 3289 3349
f 3349 3289 3285
f 3349 3285 3350
f 3350 3285 3300
f 3350 3300 3351
f 3351 3300 3336
f 3336 3300 3298
f 3263 3265 3335
f 3335 3265 3311
f 3335 3311 3352
f 3352 3311 3353
f 3353 3311 3262
f 3353 3262 3354
f 3354 3262 3258
f 3354 3258 3355
f 3355 3258 3316
f 3355 3316 3356
f 3356 3316 3357
f 3316 3314 3357
f 3357 3314 3249
f 3357 3249 3358
f 3358 3249 3359
f 3359 3249 3251
f 3359 3251 3360
f 3360 3251 3319
f 3360 3319 3340
f 3340 3319 3248
f 3340 3248 3243
f 3349 3361 3348
f 3348 3361 3362
f 3348 3362 3347
f 3347 3362 3346
f 3346 3362 3363
f 3346 3363 3345
f 3345 3363 3364
f 3345 3364 3344
f 3344 3364 3365
f 3344 3365 3343
f 3343 3365 3366
f 3343 3366 3342
f 3342 3366 3367
f 3342 3367 3341
f 3341 3367 3368
f 3341 3368 3340
f 3340 3368 3369
f 3340 3369 3360
f 3360 3369 3370
f 3360 3370 3359
f 3359 3370 3371
f 3359 3371 3358
f 3358 3371 3372
f 3358 3372 3357
f 3357 3372 3373
f 3357 3373 3356
f 3356 3373 3374
f 3356 3374 3355
f 3355 3374 3375
f 3355 3375 3354
f 3354 3375 3376
f 3354 3376 3353
f 3353 3376 3377
f 3353 3377 3352
f 3352 3377 3335
f 3335 3377 3378
f 3335 3378 3334
f 3334 3378 3379
f 3334 3379 3333
f 3333 3379 3380
f 3333 3380 3332
f 3332 3380 3381
f 3332 3381 3331
f 3331 3381 3382
f 3331 3382 3330
f 3330 3382 3383
f 3330 3383 3329
f 3329 3383 3384
f 3329 3384 3339
f 3339 3384 3385
f 3339 3385 3338
f 3338 3385 3386
f 3338 3386 3337
f 3337 3386 3387
f 3337 3387 3336
f 3336 3387 3388
f 3336 3388 3351
f 3351 3388 3389
f 3351 3389 3350
f 3350 3389 3390
f 3350 3390 3349
f 3349 3390 3361
f 3391 3392 3393
f 3393 3392 3394
f 3394 3392 3395
f 3394 3395 3396
f 3396 3395 3397
f 3396 3397 3398
f 3398 3397 3399
f 3398 3399 3400
f 3400 3399 3401
f 3401 3399 3402
f 3401 3402 3403
f 3403 3402 3404
f 3403 3404 3405
f 3405 3404 3406
f 3405 3406 3407
f 3407 3406 3408
f 3407 3408 3409
f 3409 3408 3410
f 3409 3410 3411
f 3411 3410 3412
f 3411 3412 3413
f 3413 3412 3414
f 3413 3414 3415
f 3415 3414 3416
f 3415 3416 3417
f 3417 3416 3418
f 3418 3416 3419
f 3418 3419 3420
f 3420 3419 3421
f 3420 3421 3422
f 3422 3421 3423
f 3422 3423 3424
f 3424 3423 3425
f 3424 3425 3426
f 3426 3425 3427
f 3426 3427 3428
f 3428 3427 3429
f 3428 3429 3430
f 3430 3429 3431
f 3430 3431 3432
f 3432 3431 3433
f 3432 3433 3434
f 3434 3433 3435
f 3434 3435 3436
f 3436 3435 3437
f 3436 3437 3438
f 3438 3437 3439
f 3439 3437 3440
f 3439 3440 3441
f 3441 3440 3442
f 3441 3442 3443
f 3443 3442 3391
f 3443 3391 3393
f 3376 3444 3377
f 3377 3444 3445
f 3377 3445 3378
f 3378 3445 3446
f 3378 3446 3379
f 3379 3446 3447
f 3379 3447 3380
f 3380 3447 3448
f 3380 3448 3381
f 3381 3448 3449
f 3381 3449 3382
f 3382 3449 3383
f 3383 3449 3450
f 3383 3450 3384
f 3384 3450 3451
f 3384 3451 3385
f 3385 3451 3452
f 3385 3452 3386
f 3386 3452 3453
f 3386 3453 3387
f 3387 3453 3454
f 3387 3454 3388
f 3388 3454 3455
f 3388 3455 3389
f 3389 3455 3456
f 3389 3456 3390
f 3390 3456 3457
f 3390 3457 3361
f 3361 3457 3458
f 3361 3458 3362
f 3362 3458 3363
f 3363 3458 3459
f 3363 3459 3364
f 3364 3459 3460
f 3364 3460 3365
f 3365 3460 3366
f 3460 3461 3366
f 3366 3461 3367
f 3367 3461 3462
f 3367 3462 3368
f 3368 3462 3463
f 3368 3463 3369
f 3369 3463 3464
f 3369 3464 3370
f 3370 3464 3465
f 3370 3465 3371
f 3371 3465 3466
f 3371 3466 3372
f 3372 3466 3373
f 3373 3466 3467
f 3373 3467 3374
f 3374 3467 3468
f 3374 3468 3375
f 3375 3468 3469
f 3375 3469 3376
f 3376 3469 3444
f 3470 3471 3472
f 3470 3472 3473
f 3473 3472 3474
f 3473 3474 3475
f 3474 3476 3475
f 3475 3476 3477
f 3476 3478 3477
f 3477 3478 3479
f 3478 3480 3479
f 3479 3480 3481
f 3480 3482 3481
f 3481 3482 3483
f 3482 3484 3483
f 3483 3484 3485
f 3484 3486 3485
f 3485 3486 3487
f 3486 3488 3487
f 3487 3488 3489
f 3488 3490 3489
f 3489 3490 3491
f 3490 3492 3491
f 3491 3492 3493
f 3492 3494 3493
f 3493 3494 3495
f 3493 3495 3496
f 3497 3498 3496
f 3496 3495 3497
f 3499 3500 3498
f 3498 3497 3499
f 3499 3501 3500
f 3500 3501 3502
f 3501 3503 3502
f 3502 3503 3504
f 3503 3505 3504
f 3504 3505 3506
f 3505 3507 3506
f 3506 3507 3508
f 3507 3509 3508
f 3508 3509 3510
f 3509 3511 3510
f 3510 3511 3512
f 3511 3513 3512
f 3512 3513 3514
f 3513 3515 3514
f 3514 3515 3516
f 3515 3517 3516
f 3516 3517 3518
f 3517 3519 3518
f 3518 3519 3520
f 3519 3521 3520
f 3520 3521 3522
f 3521 3523 3522
f 3522 3523 3524
f 3523 3525 3524
f 3524 3525 3526
f 3525 3527 3526
f 3526 3527 3471
f 3528 3260 3310
f 3528 3310 3529
f 3529 3310 3312
f 3529 3312 3530
f 3530 3312 3266
f 3531 3260 3528
f 3532 3530 3269
f 3533 3282 3534
f 3535 3255 3536
f 3530 3266 3269
f 3534 3282 3297
f 3534 3297 3537
f 3537 3297 3299
f 3537 3299 3538
f 3538 3299 3539
f 3539 3299 3301
f 3540 3296 3541
f 3309 3542 3307
f 3307 3542 3543
f 3307 3543 3532
f 3307 3532 3305
f 3305 3532 3269
f 3539 3301 3544
f 3545 3287 3326
f 3545 3326 3546
f 3546 3326 3328
f 3546 3328 3540
f 3540 3328 3293
f 3536 3255 3313
f 3536 3313 3547
f 3547 3313 3315
f 3547 3315 3548
f 3548 3315 3531
f 3531 3315 3317
f 3542 3309 3549
f 3542 3273 3550
f 3550 3273 3302
f 3550 3302 3551
f 3551 3302 3304
f 3551 3304 3533
f 3533 3304 3279
f 3279 3282 3533
f 3539 3287 3545
f 3540 3293 3296
f 3541 3296 3321
f 3541 3321 3323
f 3541 3323 3552
f 3552 3323 3553
f 3553 3323 3325
f 3553 3325 3554
f 3553 3246 3555
f 3555 3246 3318
f 3555 3318 3556
f 3556 3318 3320
f 3556 3320 3535
f 3535 3320 3252
f 3252 3255 3535
f 3531 3317 3557
f 3273 3542 3549
f 3246 3553 3554
f 3544 3287 3539
f 3269 3266 3558
f 3269 3558 3559
f 3246 3554 3560
f 3557 3260 3531
f 3561 3562 3293
f 3293 3562 3296
f 3282 3279 3563
f 3563 3279 3564
f 3287 3544 3565
f 3287 3565 3566
f 3558 3567 3559
f 3273 3549 3568
f 3273 3568 3569
f 3569 3568 3570
f 3566 3565 3571
f 3560 3572 3246
f 3255 3252 3573
f 3255 3573 3574
f 3260 3557 3575
f 3575 3557 3576
f 3575 3576 3577
f 3572 3560 3578
f 3564 3579 3563
f 3561 3580 3562
f 3574 3573 3581
f 3582 3287 3566
f 3582 3566 3583
f 3571 3283 3566
f 3566 3283 3583
f 3571 3284 3283
f 3565 3584 3571
f 3571 3584 3284
f 3544 3585 3565
f 3565 3585 3584
f 3583 3288 3582
f 3582 3288 3287
f 3544 3301 3585
f 3585 3286 3584
f 3301 3286 3585
f 3584 3286 3284
f 3583 3283 3288
f 3586 3282 3563
f 3586 3563 3587
f 3579 3588 3563
f 3563 3588 3587
f 3564 3589 3579
f 3579 3589 3588
f 3279 3590 3564
f 3564 3590 3589
f 3591 3296 3562
f 3591 3562 3592
f 3580 3593 3562
f 3562 3593 3592
f 3561 3594 3580
f 3580 3594 3593
f 3293 3595 3561
f 3561 3595 3594
f 3596 3246 3572
f 3596 3572 3597
f 3578 3598 3572
f 3572 3598 3597
f 3560 3599 3578
f 3578 3599 3598
f 3554 3600 3560
f 3560 3600 3599
f 3601 3255 3574
f 3601 3574 3602
f 3581 3603 3574
f 3574 3603 3602
f 3573 3604 3581
f 3581 3604 3603
f 3252 3605 3573
f 3573 3605 3604
f 3606 3260 3575
f 3606 3575 3607
f 3577 3256 3575
f 3575 3256 3607
f 3577 3257 3256
f 3576 3608 3577
f 3577 3608 3257
f 3557 3609 3576
f 3576 3609 3608
f 3610 3269 3559
f 3610 3559 3611
f 3567 3612 3559
f 3559 3612 3611
f 3558 3613 3567
f 3567 3613 3612
f 3266 3614 3558
f 3558 3614 3613
f 3615 3273 3569
f 3615 3569 3616
f 3570 3617 3569
f 3569 3617 3616
f 3568 3618 3570
f 3570 3618 3617
f 3549 3619 3568
f 3568 3619 3618
f 3590 3277 3589
f 3588 3281 3587
f 3589 3281 3588
f 3281 3280 3587
f 3587 3280 3586
f 3586 3280 3282
f 3590 3279 3277
f 3589 3277 3281
f 3617 3271 3616
f 3616 3274 3615
f 3615 3274 3273
f 3549 3309 3619
f 3619 3272 3618
f 3618 3271 3617
f 3309 3272 3619
f 3618 3272 3271
f 3616 3271 3274
f 3614 3264 3613
f 3612 3268 3611
f 3611 3620 3610
f 3610 3620 3269
f 3613 3268 3612
f 3268 3267 3611
f 3611 3267 3620
f 3614 3266 3264
f 3613 3264 3268
f 3620 3267 3269
f 3607 3261 3606
f 3606 3261 3260
f 3557 3317 3609
f 3609 3259 3608
f 3317 3259 3609
f 3608 3259 3257
f 3607 3256 3261
f 3605 3250 3604
f 3603 3254 3602
f 3604 3254 3603
f 3254 3253 3602
f 3602 3253 3601
f 3601 3253 3255
f 3605 3252 3250
f 3604 3250 3254
f 3598 3244 3597
f 3597 3247 3596
f 3596 3247 3246
f 3554 3325 3600
f 3600 3245 3599
f 3599 3244 3598
f 3325 3245 3600
f 3599 3245 3244
f 3597 3244 3247
f 3595 3291 3594
f 3593 3295 3592
f 3592 3621 3591
f 3591 3621 3296
f 3594 3295 3593
f 3295 3294 3592
f 3592 3294 3621
f 3595 3293 3291
f 3594 3291 3295
f 3621 3294 3296
f 3197 3545 3125
f 3125 3545 3127
f 3127 3545 3546
f 3127 3546 3129
f 3129 3546 3131
f 3131 3546 3540
f 3131 3540 3132
f 3132 3540 3541
f 3132 3541 3134
f 3134 3541 3136
f 3136 3541 3552
f 3136 3552 3138
f 3138 3552 3140
f 3140 3552 3553
f 3140 3553 3142
f 3142 3553 3555
f 3142 3555 3145
f 3145 3555 3146
f 3146 3555 3556
f 3146 3556 3148
f 3148 3556 3535
f 3148 3535 3150
f 3150 3535 3536
f 3150 3536 3153
f 3153 3536 3154
f 3154 3536 3547
f 3154 3547 3156
f 3156 3547 3548
f 3156 3548 3158
f 3158 3548 3531
f 3158 3531 3160
f 3160 3531 3528
f 3160 3528 3162
f 3162 3528 3164
f 3164 3528 3529
f 3164 3529 3166
f 3166 3529 3168
f 3168 3529 3530
f 3168 3530 3169
f 3169 3530 3532
f 3169 3532 3171
f 3171 3532 3173
f 3173 3532 3543
f 3173 3543 3175
f 3175 3543 3177
f 3177 3543 3542
f 3177 3542 3179
f 3179 3542 3550
f 3179 3550 3182
f 3182 3550 3183
f 3183 3550 3551
f 3183 3551 3185
f 3185 3551 3533
f 3185 3533 3187
f 3187 3533 3534
f 3187 3534 3190
f 3190 3534 3191
f 3191 3534 3537
f 3191 3537 3193
f 3193 3537 3538
f 3193 3538 3195
f 3195 3538 3539
f 3195 3539 3197
f 3197 3539 3545
f 3458 3470 3473
f 3458 3473 3459
f 3459 3473 3475
f 3459 3475 3460
f 3460 3475 3477
f 3460 3477 3461
f 3461 3477 3479
f 3461 3479 3481
f 3461 3481 3462
f 3462 3481 3483
f 3462 3483 3463
f 3463 3483 3485
f 3463 3485 3464
f 3464 3485 3487
f 3464 3487 3465
f 3465 3487 3489
f 3465 3489 3466
f 3466 3489 3491
f 3466 3491 3467
f 3467 3491 3493
f 3467 3493 3468
f 3468 3493 3496
f 3468 3496 3469
f 3469 3496 3498
f 3469 3498 3444
f 3444 3498 3500
f 3444 3500 3445
f 3445 3500 3502
f 3445 3502 3446
f 3446 3502 3504
f 3446 3504 3447
f 3447 3504 3506
f 3447 3506 3448
f 3448 3506 3508
f 3448 3508 3449
f 3449 3508 3510
f 3449 3510 3450
f 3450 3510 3512
f 3450 3512 3514
f 3450 3514 3451
f 3451 3514 3516
f 3451 3516 3452
f 3452 3516 3518
f 3452 3518 3453
f 3453 3518 3520
f 3453 3520 3454
f 3454 3520 3522
f 3454 3522 3455
f 3455 3522 3524
f 3455 3524 3456
f 3456 3524 3526
f 3456 3526 3457
f 3457 3526 3471
f 3457 3471 3458
f 3458 3471 3470
f 3198 772 3622
f 3143 3144 3623
f 3151 425 3149
f 3624 3137 3139
f 3625 3141 3143
f 3625 3143 3623
f 3135 3626 3133
f 3627 3628 3152
f 3152 3628 3151
f 3151 3628 425
f 425 3629 3149
f 3149 3629 3147
f 3147 3629 3630
f 3625 433 3141
f 3141 433 3139
f 3139 433 3624
f 3624 3631 3137
f 3137 3631 3135
f 3135 3631 3626
f 3147 3630 3144
f 3144 3630 3623
f 3626 3632 3133
f 3133 3632 3130
f 3130 3632 3633
f 3130 3633 3128
f 3128 3633 3634
f 3128 3634 3126
f 3126 3634 3635
f 3126 3635 772
f 772 3635 448
f 772 448 3622
f 3165 3636 3163
f 3163 3637 3161
f 3161 413 3159
f 3159 413 3638
f 3639 3157 3159
f 3639 3159 3638
f 3640 3627 3155
f 3155 3627 3152
f 3165 3167 3641
f 3641 3642 3165
f 3165 3642 3636
f 3637 413 3161
f 3157 3639 3155
f 3155 3639 3640
f 3178 3643 3176
f 2167 3167 3170
f 2167 3170 3644
f 2167 3641 3167
f 3163 3636 3637
f 3172 3174 3645
f 3645 3644 3172
f 3172 3644 3170
f 3184 3646 3181
f 3643 3174 3176
f 3643 3645 3174
f 3189 455 3188
f 3184 3186 3647
f 3647 3648 3184
f 3184 3648 3646
f 3649 3181 3646
f 3178 3180 3649
f 3649 3650 3178
f 3178 3650 3643
f 3189 3651 455
f 3652 3186 3188
f 3652 3188 455
f 3652 3647 3186
f 3181 3649 3180
f 3194 3196 3653
f 3192 3654 3189
f 3189 3654 3651
f 3622 3196 3198
f 3196 3622 3653
f 3653 3655 3194
f 3194 3655 3192
f 3192 3655 3654
f 3417 3418 3527
f 3527 3525 3417
f 3417 3525 3415
f 3525 3523 3415
f 3415 3523 3413
f 3523 3521 3413
f 3413 3521 3411
f 3521 3519 3411
f 3411 3519 3409
f 3519 3517 3409
f 3409 3517 3407
f 3517 3515 3407
f 3407 3515 3405
f 3515 3513 3405
f 3405 3513 3403
f 3513 3511 3403
f 3403 3511 3401
f 3511 3509 3401
f 3401 3509 3400
f 3509 3507 3400
f 3400 3507 3398
f 3507 3505 3398
f 3398 3505 3396
f 3505 3503 3396
f 3396 3503 3394
f 3503 3501 3394
f 3394 3501 3393
f 3501 3499 3393
f 3393 3499 3443
f 3499 3497 3443
f 3443 3497 3441
f 3497 3495 3441
f 3441 3495 3439
f 3495 3494 3439
f 3494 3492 3439
f 3439 3492 3438
f 3492 3490 3438
f 3438 3490 3436
f 3490 3488 3436
f 3436 3488 3434
f 3488 3486 3434
f 3434 3486 3432
f 3486 3484 3432
f 3432 3484 3430
f 3484 3482 3430
f 3430 3482 3428
f 3482 3480 3428
f 3428 3480 3426
f 3480 3478 3426
f 3426 3478 3424
f 3478 3476 3424
f 3424 3476 3422
f 3476 3474 3422
f 3422 3474 3420
f 3474 3472 3420
f 3420 3472 3418
f 3472 3471 3418
f 3418 3471 3527
f 3656 3657 3658
f 3658 3657 3659
f 3658 3659 3660
f 3660 3659 3661
f 3660 3661 3662
f 3662 3661 3663
f 3662 3663 3664
f 3662 3664 3665
f 3665 3664 3666
f 3665 3666 3667
f 3665 3667 3668
f 3668 3667 3669
f 3668 3669 3670
f 3670 3669 3671
f 3670 3671 3672
f 3672 3671 3673
f 3672 3673 3674
f 3674 3673 3675
f 3674 3675 3676
f 3674 3676 3677
f 3677 3676 3678
f 3677 3678 3679
f 3679 3678 3680
f 3679 3680 3681
f 3681 3680 3682
f 3681 3682 3683
f 3683 3682 3684
f 3683 3684 3685
f 3685 3684 3686
f 3685 3686 3687
f 3685 3687 3688
f 3688 3687 3689
f 3688 3689 3690
f 3690 3689 3691
f 3690 3691 3692
f 3692 3691 3693
f 3692 3693 3694
f 3694 3693 3695
f 3694 3695 3696
f 3696 3695 3697
f 3696 3697 3698
f 3696 3698 3699
f 3699 3698 3700
f 3699 3700 3701
f 3701 3700 3702
f 3701 3702 3703
f 3701 3703 3704
f 3704 3703 3705
f 3704 3705 3706
f 3706 3705 3707
f 3706 3707 3708
f 3708 3707 3709
f 3708 3709 3710
f 3710 3709 3711
f 3710 3711 3712
f 3712 3711 3713
f 3712 3713 3714
f 3712 3714 3715
f 3715 3714 3716
f 3715 3716 3717
f 3717 3716 3718
f 3717 3718 3656
f 3717 3656 3658
f 3689 3217 3218
f 3689 3218 3691
f 3691 3218 3693
f 3693 3218 3220
f 3693 3220 3222
f 3693 3222 3695
f 3695 3222 3224
f 3695 3224 3697
f 3697 3224 3698
f 3698 3224 3226
f 3698 3226 3700
f 3700 3226 3228
f 3700 3228 3702
f 3702 3228 3231
f 3702 3231 3703
f 3703 3231 3232
f 3703 3232 3705
f 3705 3232 3234
f 3705 3234 3235
f 3705 3235 3707
f 3707 3235 3709
f 3709 3235 3236
f 3709 3236 3237
f 3709 3237 3711
f 3711 3237 3238
f 3711 3238 3713
f 3713 3238 3714
f 3714 3238 3239
f 3714 3239 3716
f 3716 3239 3240
f 3716 3240 3718
f 3718 3240 3241
f 3718 3241 3656
f 3656 3241 3242
f 3656 3242 3657
f 3657 3242 3199
f 3657 3199 3200
f 3657 3200 3659
f 3659 3200 3661
f 3661 3200 3201
f 3661 3201 3202
f 3661 3202 3663
f 3663 3202 3203
f 3663 3203 3664
f 3664 3203 3666
f 3666 3203 3204
f 3666 3204 3667
f 3667 3204 3205
f 3667 3205 3669
f 3669 3205 3206
f 3669 3206 3671
f 3671 3206 3207
f 3671 3207 3673
f 3673 3207 3208
f 3673 3208 3209
f 3673 3209 3675
f 3675 3209 3676
f 3676 3209 3210
f 3676 3210 3211
f 3676 3211 3678
f 3678 3211 3212
f 3678 3212 3680
f 3680 3212 3682
f 3682 3212 3213
f 3682 3213 3684
f 3684 3213 3214
f 3684 3214 3686
f 3686 3214 3215
f 3686 3215 3687
f 3687 3215 3216
f 3687 3216 3689
f 3689 3216 3217
f 3419 3690 3421
f 3421 3690 3692
f 3421 3692 3423
f 3423 3692 3694
f 3423 3694 3425
f 3425 3694 3696
f 3425 3696 3427
f 3427 3696 3429
f 3429 3696 3699
f 3429 3699 3431
f 3431 3699 3701
f 3431 3701 3433
f 3433 3701 3704
f 3433 3704 3435
f 3435 3704 3706
f 3435 3706 3708
f 3435 3708 3437
f 3437 3708 3710
f 3437 3710 3440
f 3440 3710 3712
f 3440 3712 3442
f 3442 3712 3715
f 3442 3715 3391
f 3391 3715 3717
f 3391 3717 3392
f 3392 3717 3658
f 3392 3658 3395
f 3395 3658 3660
f 3395 3660 3397
f 3397 3660 3662
f 3397 3662 3399
f 3399 3662 3665
f 3399 3665 3402
f 3402 3665 3668
f 3402 3668 3404
f 3404 3668 3670
f 3404 3670 3406
f 3406 3670 3672
f 3406 3672 3408
f 3408 3672 3674
f 3408 3674 3677
f 3408 3677 3410
f 3410 3677 3679
f 3410 3679 3412
f 3412 3679 3681
f 3412 3681 3414
f 3414 3681 3683
f 3414 3683 3416
f 3416 3683 3685
f 3416 3685 3419
f 3419 3685 3688
f 3419 3688 3690
f 3646 3719 3649
f 3719 3720 3649
f 3649 3720 3650
f 3643 3650 3721
f 3643 3721 3645
f 3645 3722 3644
f 3644 3722 3723
f 3644 3723 3724
f 3644 3724 2167
f 2167 3724 3641
f 3725 3631 3624
f 3726 3632 3626
f 3727 3728 3729
f 3632 3726 3730
f 3731 3726 3626
f 3725 3731 3631
f 3631 3731 3626
f 3732 3725 3624
f 3733 3732 433
f 433 3732 3624
f 3734 3733 3625
f 3625 3733 433
f 3735 3734 3623
f 3623 3734 3625
f 3735 3623 3630
f 3736 3630 3629
f 3630 3736 3735
f 3737 3629 425
f 3629 3737 3736
f 3738 425 3628
f 425 3738 3737
f 3627 3739 3628
f 3628 3739 3738
f 3739 3627 3740
f 3627 3640 3740
f 3639 3740 3640
f 3740 3639 3741
f 3638 3742 3741
f 3638 3741 3639
f 3638 413 3742
f 413 3743 3742
f 413 3637 3743
f 3743 3637 3744
f 3636 3745 3744
f 3636 3744 3637
f 3636 3642 3745
f 3641 3724 3746
f 3641 3746 3642
f 3642 3746 3745
f 3747 3748 3749
f 3750 3749 3748
f 3749 3750 3729
f 3750 3727 3729
f 3751 3728 3727
f 3728 3751 3752
f 3753 3752 3751
f 3752 3753 3730
f 3730 3753 3632
f 3747 3754 3748
f 3748 3754 3755
f 3755 3750 3748
f 3750 3756 3727
f 3727 3757 3751
f 3751 3757 3758
f 3751 3758 3753
f 3753 3758 3759
f 3753 3759 3632
f 3632 3759 3760
f 3761 3632 3760
f 3761 3762 3763
f 3764 3765 3766
f 3767 3768 3769
f 3770 3769 3771
f 3772 3773 3774
f 3775 3776 3777
f 3778 3779 3780
f 3781 3782 3783
f 3784 3785 3786
f 3784 3786 3787
f 3788 3789 3790
f 3791 3792 3793
f 3794 3791 3795
f 3796 3797 3798
f 3799 3800 3801
f 3802 3803 3804
f 3805 3806 3807
f 3808 3809 3810
f 3811 3812 3813
f 3814 3815 3816
f 3817 3818 3819
f 3820 3821 3822
f 3823 3824 3825
f 3826 3827 3825
f 3828 3827 3829
f 3830 3831 3832
f 3833 3834 3835
f 3836 3837 3838
f 3839 3840 3841
f 3842 3843 3844
f 3845 3844 3846
f 3847 3848 3849
f 3850 3851 3852
f 3850 3852 3853
f 3854 3855 3856
f 3857 3858 3859
f 3857 3859 3860
f 3861 3862 3863
f 3864 3863 3865
f 3866 3867 3868
f 3869 3868 3870
f 3871 3872 3873
f 3874 3873 3875
f 3874 3876 3877
f 3878 3879 3880
f 3881 3882 3883
f 3884 3885 3886
f 3887 3888 3889
f 3890 3889 3891
f 3890 3891 3892
f 3893 3894 3895
f 3896 3895 3897
f 3896 3897 3898
f 3899 3900 3901
f 3902 3899 3903
f 3904 3905 3906
f 3907 3908 3909
f 3910 3911 3912
f 3913 3912 3914
f 3915 3916 3917
f 3915 3917 3918
f 3919 3920 3921
f 3922 3921 3923
f 3924 3925 3926
f 3927 3928 3929
f 3930 3929 3931
f 3932 3930 3933
f 3934 3935 3936
f 3937 3938 3939
f 3124 3939 3940
f 3124 3940 3122
f 3120 3941 3118
f 3112 3942 3109
f 3099 3943 3098
f 3944 3090 3092
f 3081 3945 3079
f 3946 3123 3233
f 3755 3756 3750
f 3756 3757 3727
f 3947 3761 3760
f 3947 3762 3761
f 3948 3763 3762
f 3763 3948 3949
f 3950 3949 3948
f 3949 3950 3951
f 3952 3951 3950
f 3951 3952 3953
f 3954 3955 3952
f 3952 3955 3953
f 3956 3957 3954
f 3954 3957 3955
f 3958 3959 3957
f 3958 3957 3956
f 3960 3961 3962
f 3962 3961 3959
f 3962 3959 3958
f 3961 3960 3963
f 3964 3963 3960
f 3963 3964 3965
f 3966 3967 3964
f 3964 3967 3965
f 3765 3764 3966
f 3966 3764 3967
f 3968 3766 3765
f 3969 3970 3968
f 3968 3970 3766
f 3970 3969 3971
f 3972 3971 3969
f 3971 3972 3973
f 3974 3973 3972
f 3973 3974 3975
f 3976 3975 3974
f 3975 3976 3977
f 3978 3977 3976
f 3977 3978 3767
f 3978 3768 3767
f 3979 3769 3768
f 3979 3771 3769
f 3980 3770 3771
f 3770 3980 3981
f 3982 3981 3980
f 3981 3982 3983
f 3984 3983 3982
f 3983 3984 3773
f 3983 3773 3772
f 3985 3774 3773
f 3986 3776 3985
f 3985 3776 3774
f 3776 3986 3777
f 3987 3988 3989
f 3989 3988 3775
f 3989 3775 3777
f 3990 3988 3987
f 3988 3990 3991
f 3992 3991 3990
f 3991 3992 3993
f 3994 3993 3992
f 3993 3994 3995
f 3996 3995 3994
f 3995 3996 3778
f 3779 3778 3996
f 3997 3780 3779
f 3780 3997 3782
f 3780 3782 3781
f 3998 3783 3999
f 3999 3783 3782
f 3783 3998 4000
f 4001 4000 3998
f 4000 4001 4002
f 4003 3785 4002
f 4003 4002 4001
f 3786 3785 4003
f 4004 3787 3786
f 3787 4004 3788
f 3789 3788 4004
f 4005 3790 3789
f 3790 4005 3793
f 3790 3793 3792
f 4006 3791 3793
f 4006 3795 3791
f 4007 3797 3795
f 3795 3797 3794
f 4007 3798 3797
f 3800 3799 3798
f 3798 3799 3796
f 4008 3801 3800
f 3801 4008 4009
f 4010 4009 4008
f 4009 4010 4011
f 4012 4011 4010
f 4011 4012 3802
f 4012 3803 3802
f 4013 3806 3804
f 4013 3804 3803
f 3807 3806 4013
f 4014 3808 3805
f 4014 3805 3807
f 3808 4014 3809
f 3810 3809 4015
f 4016 4015 4017
f 4017 4015 3809
f 4015 4016 4018
f 4019 4018 4016
f 4018 4019 3811
f 3812 3811 4019
f 4020 3814 3813
f 4020 3813 3812
f 3814 4020 3815
f 3816 3815 4021
f 3816 4021 4022
f 4021 4023 4022
f 4024 4023 4025
f 4021 4026 4023
f 4023 4026 4025
f 4027 3818 4024
f 4024 4025 4027
f 3818 4027 3819
f 3817 3819 4028
f 3817 4028 3820
f 3820 4028 3821
f 4029 4030 3822
f 3822 3821 4029
f 4031 4032 4030
f 4030 4029 4031
f 3823 4032 4033
f 4031 4033 4032
f 3825 3824 3826
f 3823 4033 3824
f 3827 3826 3829
f 3828 3829 4034
f 3828 4034 3830
f 3830 4034 3831
f 4035 3832 4036
f 3831 4036 3832
f 4037 4038 4035
f 4035 4036 4037
f 3833 4038 4039
f 4037 4039 4038
f 3833 4039 3834
f 3835 3834 4040
f 3835 4040 3837
f 3836 3838 3840
f 3837 4040 3838
f 3836 3840 3839
f 4041 3841 4042
f 3840 4042 3841
f 3843 3842 4041
f 4041 4042 3843
f 3843 4043 3844
f 3844 4043 3846
f 3845 3846 4044
f 3845 4044 4045
f 3845 4045 4046
f 4047 4046 4048
f 4046 4045 4048
f 4049 4050 4047
f 4047 4048 4049
f 4051 4050 4052
f 4049 4052 4050
f 4053 4051 4054
f 4051 4052 4054
f 4053 4054 4055
f 4053 4055 3848
f 4056 3847 3849
f 3848 4055 3849
f 4057 4056 4058
f 4056 3849 4058
f 4059 4057 4060
f 4059 4060 4061
f 4057 4058 4060
f 4062 4063 4059
f 4059 4061 4062
f 4064 4063 4065
f 4062 4065 4063
f 4066 4064 4067
f 4064 4065 4067
f 4066 4067 4068
f 4066 4068 4069
f 4069 4068 4070
f 4069 4070 4071
f 4071 4070 4072
f 4071 4072 4073
f 4074 4075 4076
f 4073 4072 4076
f 4073 4076 4075
f 4074 4076 4077
f 4074 4077 4078
f 4074 4078 4079
f 4079 4078 4080
f 4079 4080 4081
f 4081 4080 4082
f 4081 4082 4083
f 4083 4082 4084
f 4084 4082 4085
f 4085 4086 4084
f 4084 4086 4087
f 4086 4088 4087
f 4087 4088 4089
f 4088 4090 4089
f 4089 4090 4091
f 4090 4092 4091
f 4091 4092 4093
f 4092 4094 4093
f 4093 4094 4095
f 4094 4096 4095
f 4095 4096 4097
f 4096 4098 4097
f 4097 4098 4099
f 4099 4098 4100
f 4098 4101 4100
f 4100 4101 4102
f 4101 4103 4102
f 4102 4103 4104
f 4103 4105 4104
f 4104 4105 4106
f 4106 4105 4107
f 4106 4107 4108
f 4108 4107 4109
f 4109 4110 4108
f 4108 4110 4111
f 4111 4110 4112
f 4110 4113 4112
f 4112 4113 4114
f 4113 4115 4114
f 4114 4115 4116
f 4115 4117 4116
f 4116 4117 4118
f 4117 4119 4118
f 4118 4119 4120
f 4119 4121 4120
f 4120 4121 4122
f 4121 4123 4122
f 4122 4123 4124
f 4123 4125 4124
f 4124 4125 4126
f 4126 4125 4127
f 4125 4128 4127
f 4127 4128 4129
f 4128 4130 4129
f 4129 4130 4131
f 4129 4131 4132
f 4133 4134 4135
f 4135 4134 4136
f 4136 4134 4137
f 4136 4137 4132
f 4136 4132 4131
f 4134 4133 4138
f 4139 4138 4133
f 4138 4139 4140
f 4141 4140 4142
f 4142 4140 4139
f 4140 4141 4143
f 4144 4143 4141
f 4143 4144 4145
f 4146 4147 4144
f 4144 4147 4145
f 4148 4149 4146
f 4146 4149 4147
f 4150 3851 4148
f 4148 3851 4149
f 4150 3852 3851
f 4151 3853 3852
f 3853 4151 4152
f 4153 4152 4151
f 4152 4153 4154
f 4155 4154 4153
f 4156 4157 4155
f 4155 4157 4154
f 4158 4159 4156
f 4156 4159 4157
f 4160 4161 4159
f 4160 4159 4158
f 4162 4163 4161
f 4162 4161 4160
f 4163 4162 4164
f 4165 4164 4162
f 4164 4165 4166
f 4164 4166 4167
f 4168 4167 4166
f 4167 4168 4169
f 4170 4169 4168
f 4169 4170 4171
f 4172 4171 4170
f 4171 4172 3854
f 4172 3855 3854
f 4173 4174 3855
f 3855 4174 3856
f 4175 4174 4173
f 4174 4175 4176
f 4177 4176 4175
f 4176 4177 4178
f 4179 4180 4178
f 4179 4178 4177
f 4181 4182 4180
f 4181 4180 4179
f 4183 3858 4182
f 4183 4182 4181
f 3859 3858 4183
f 4184 3860 3859
f 3860 4184 4185
f 4186 4185 4184
f 4185 4186 4187
f 4188 4187 4186
f 4187 4188 4189
f 4190 4189 4188
f 4189 4190 3861
f 3862 3861 4190
f 4191 3863 3862
f 3865 3863 4191
f 3865 4192 3864
f 4193 4192 3865
f 4192 4193 4194
f 4195 4194 4196
f 4196 4194 4193
f 4194 4195 4197
f 4198 4197 4195
f 4197 4198 4199
f 3867 4199 4198
f 4199 3867 3866
f 4200 3868 3867
f 3870 3868 4200
f 3872 3871 4201
f 4201 3871 3869
f 4201 3869 3870
f 3875 3873 3872
f 3875 3876 3874
f 3877 3876 3878
f 3879 3878 3876
f 4202 3882 3880
f 4202 3880 3879
f 3883 3882 4202
f 3885 3881 3883
f 3881 3885 3884
f 4203 3886 3885
f 3888 3887 4203
f 4203 3887 3886
f 4204 3889 3888
f 3891 3889 4204
f 4205 3892 3891
f 3892 4205 4206
f 3892 4206 4207
f 4208 4207 4206
f 4207 4208 4209
f 4210 4209 4208
f 4209 4210 4211
f 4212 4211 4210
f 4211 4212 3893
f 3894 3893 4212
f 4213 3895 3894
f 4213 3897 3895
f 4214 3898 3897
f 3898 4214 4215
f 3898 4215 4216
f 4217 4216 4215
f 4216 4217 3900
f 3901 3900 4217
f 4218 3899 3901
f 4218 3903 3899
f 4219 3905 3902
f 4219 3902 3903
f 3904 3906 4220
f 4219 3906 3905
f 3904 4220 3907
f 3907 4220 3908
f 4221 3909 4222
f 3909 3908 4222
f 3911 3910 4221
f 4221 4222 3911
f 3911 4223 3912
f 3912 4223 3914
f 3913 3914 4224
f 3913 4224 3916
f 3918 3917 4225
f 3916 4224 3917
f 4226 4227 3918
f 3918 4225 4226
f 4228 4227 4229
f 4227 4226 4229
f 3920 3919 4228
f 4228 4229 3920
f 3920 4230 3921
f 3921 4230 3923
f 3922 3923 3925
f 3922 3925 3924
f 4231 3926 4232
f 3925 4232 3926
f 4233 4234 4231
f 4231 4232 4233
f 3927 4234 4235
f 4233 4235 4234
f 3927 4235 3928
f 3929 3928 3931
f 3932 3933 4236
f 3930 3931 3933
f 3932 4236 3934
f 3934 4236 3935
f 4237 3936 4238
f 3935 4238 3936
f 3938 3937 4237
f 4237 4238 3938
f 3938 4239 3939
f 3939 4239 3940
f 3120 3122 4240
f 3122 3940 4240
f 3118 3941 4241
f 3120 4240 3941
f 4242 3116 3118
f 3118 4241 4242
f 3116 4242 4243
f 3116 4243 3113
f 3113 4243 4244
f 3112 3113 4245
f 3113 4244 4245
f 3112 4245 3942
f 3108 3109 4246
f 3109 3942 4246
f 3106 3108 4247
f 3108 4246 4247
f 4248 3104 3106
f 3106 4247 4249
f 3106 4249 4248
f 3104 4248 4250
f 3104 4250 3101
f 3101 4250 4251
f 3099 3101 4252
f 4251 4252 3101
f 3098 3943 4253
f 3099 4252 3943
f 3095 3098 4253
f 3095 4253 4254
f 3095 4254 4255
f 3095 4255 3094
f 3094 4255 4256
f 3094 4256 3092
f 3092 4256 3944
f 3090 3944 4257
f 3090 4257 3088
f 4257 4258 3088
f 3088 4258 3086
f 4258 4259 3086
f 4259 4260 3086
f 3086 4260 3084
f 4260 4261 3084
f 3084 4261 3082
f 4261 4262 3082
f 3082 4262 3081
f 3081 4262 4263
f 3081 4263 3945
f 3079 3945 4264
f 3079 4264 3078
f 3078 4264 4265
f 3078 4265 3077
f 3077 4265 4266
f 3077 4266 3075
f 3075 4266 4267
f 4267 4268 3075
f 3075 4268 3073
f 4268 4269 3073
f 3073 4269 3074
f 4269 4270 3074
f 3074 4270 3219
f 4270 4271 3219
f 3219 4271 3221
f 4271 4272 3221
f 3221 4272 3223
f 4272 4273 3223
f 3223 4273 3225
f 4273 4274 3225
f 4274 4275 3225
f 3225 4275 3227
f 4275 4276 3227
f 3227 4276 3229
f 4276 4277 3229
f 3229 4277 3230
f 4277 4278 3230
f 3230 4278 4279
f 3230 4279 3233
f 3946 3233 4279
f 4001 4280 4003
f 3786 4281 4004
f 3795 4282 4007
f 4184 4283 4186
f 3867 4284 4200
f 3875 4285 3876
f 3885 4286 4203
f 4212 4287 3894
f 4288 4233 4232
f 4289 3931 3928
f 3985 3773 3986
f 3994 3992 3996
f 3786 4003 4281
f 4004 4281 3789
f 3829 3826 3824
f 4068 4067 4065
f 4290 4184 3859
f 4283 4184 4290
f 4235 4233 4288
f 3935 4236 3933
f 3756 3729 3757
f 3728 3758 3729
f 3729 3758 3757
f 3758 3752 3759
f 3759 3730 3760
f 3760 3726 3947
f 3947 3731 3762
f 3762 3725 3948
f 3948 3732 3950
f 3950 3733 3952
f 3952 3734 3954
f 3954 3735 3956
f 3956 3735 3958
f 3958 3735 3736
f 3958 3736 3962
f 3962 3736 3960
f 3960 3736 3737
f 3960 3737 3964
f 3964 3737 3738
f 3964 3738 3966
f 3966 3738 3739
f 3966 3739 3765
f 3765 3740 3968
f 3968 3740 3969
f 3969 3740 3741
f 3969 3741 3972
f 3972 3741 3742
f 3972 3742 3974
f 3974 3742 3743
f 3974 3743 3976
f 3976 3743 3744
f 3976 3744 3978
f 3978 3744 3745
f 3978 3745 3768
f 3746 3979 3768
f 3724 3771 3979
f 3723 3980 3724
f 3722 3982 3723
f 3645 3984 3722
f 3652 3992 3647
f 3651 3779 3996
f 3622 4001 3998
f 4001 3622 4280
f 4281 4003 3635
f 3789 3634 3633
f 4005 3789 3633
f 3632 3793 4005
f 3795 4006 3761
f 3763 4282 3795
f 4282 3763 3949
f 3949 4007 4282
f 3800 3798 3951
f 3955 4008 3800
f 4008 3955 3957
f 3957 4010 4008
f 3803 4012 3959
f 4013 3963 3965
f 3807 4013 3965
f 4014 3967 3764
f 3809 4014 3764
f 3766 4017 3809
f 3970 4016 4017
f 4019 3971 3973
f 3812 4019 3973
f 3975 4020 3812
f 4020 3975 3815
f 3767 4026 4021
f 4025 4026 3769
f 3770 4027 4025
f 4027 3770 3819
f 3819 3770 3981
f 3981 4028 3819
f 4028 3983 3821
f 3772 4029 3821
f 4029 3774 4031
f 4031 3774 3776
f 3775 4033 4031
f 3775 3824 4033
f 3829 3824 3988
f 3991 4034 3829
f 3993 3831 4034
f 3995 4036 3831
f 4036 3778 4037
f 3778 4039 4037
f 4039 3780 3781
f 3781 3834 4039
f 4040 3834 3783
f 4040 3783 4000
f 4000 3838 4040
f 3838 4002 3840
f 3785 4042 3840
f 4042 3785 3843
f 3843 3785 3784
f 3784 4043 3843
f 4043 3787 3846
f 3846 3787 3788
f 3788 4044 3846
f 4044 3790 4045
f 3792 4045 3790
f 3792 4048 4045
f 4048 3791 4049
f 4049 3791 3794
f 3797 4052 4049
f 4052 3797 4054
f 4054 3797 3796
f 4055 4054 3796
f 3799 3849 4055
f 3849 4009 4058
f 4011 4060 4009
f 4009 4060 4058
f 3802 4062 4061
f 4062 3806 4065
f 3805 4065 3806
f 3805 4068 4065
f 4068 3808 4070
f 4072 4070 3810
f 3810 4070 3808
f 4018 4076 4015
f 4015 4076 4072
f 4076 3811 4077
f 4078 4077 3813
f 3813 4077 3811
f 3816 4080 3814
f 3814 4080 4078
f 4022 4082 3816
f 3816 4082 4080
f 4082 4022 4085
f 4085 4022 4023
f 4086 4085 4023
f 3818 4088 4024
f 4024 4088 4086
f 4088 3818 4090
f 3817 4090 3818
f 3817 4092 4090
f 4092 3820 4094
f 3822 4094 3820
f 4030 4096 3822
f 3822 4096 4094
f 4096 4030 4098
f 4098 4030 4032
f 4101 4098 4032
f 3825 4103 3823
f 3823 4103 4101
f 4103 3827 4105
f 3828 4107 3827
f 3827 4107 4105
f 4109 4107 3828
f 4109 3830 4110
f 4113 4110 3832
f 3832 4110 3830
f 4038 4115 4035
f 4035 4115 4113
f 4117 4115 4038
f 3833 4119 4117
f 4119 3837 4121
f 3836 4121 3837
f 3836 4123 4121
f 4123 3839 4125
f 4128 4125 3841
f 3841 4125 3839
f 3842 4130 4041
f 4041 4130 4128
f 3844 4131 3842
f 3842 4131 4130
f 4131 3844 4136
f 4136 3844 3845
f 4136 3845 4135
f 4046 4139 4133
f 4050 4142 4047
f 4047 4142 4139
f 4050 4141 4142
f 4051 4144 4141
f 4146 4144 4053
f 4053 4144 4051
f 3848 3847 4148
f 4146 3848 4148
f 4150 4148 4056
f 4056 4148 3847
f 4057 4150 4056
f 4057 4059 3852
f 4057 3852 4150
f 4059 4063 4151
f 4059 4151 3852
f 4063 4153 4151
f 4064 4155 4153
f 4156 4155 4066
f 4066 4155 4064
f 4069 4071 4158
f 4156 4069 4158
f 4071 4160 4158
f 4073 4162 4160
f 4165 4162 4075
f 4075 4162 4073
f 4165 4074 4166
f 4079 4168 4166
f 4081 4170 4079
f 4079 4170 4168
f 4172 4170 4081
f 4083 4084 3855
f 4172 4083 3855
f 4084 4173 3855
f 4087 4175 4173
f 4091 4177 4089
f 4093 4179 4091
f 4091 4179 4177
f 4181 4093 4095
f 4097 4183 4095
f 4095 4183 4181
f 4100 4290 3859
f 4283 4290 4100
f 4186 4104 4106
f 4188 4186 4106
f 3862 4190 4108
f 4112 4191 3862
f 4191 4112 4114
f 4114 3865 4191
f 4118 4196 4116
f 4116 4196 4193
f 4120 4195 4196
f 4120 4196 4118
f 4195 4120 4122
f 4122 4198 4195
f 4284 3867 4124
f 4200 4127 4129
f 3870 4200 4129
f 3872 4201 4132
f 4134 3875 3872
f 3875 4134 4285
f 3876 4138 4140
f 3879 3876 4140
f 4143 4202 3879
f 4202 4143 3883
f 4147 3885 3883
f 3885 4149 4286
f 4203 3851 3850
f 3888 4203 3850
f 4204 3853 4152
f 3891 4204 4152
f 4206 4205 4154
f 4157 4208 4206
f 4208 4157 4159
f 4212 4210 4159
f 4159 4210 4208
f 4287 4212 4161
f 3894 4287 4163
f 4213 4164 4167
f 3897 4213 4167
f 4215 4214 4169
f 3854 3901 4217
f 3903 4218 4174
f 4176 4219 3903
f 4219 4176 4178
f 4178 3906 4219
f 4220 4180 4182
f 4182 3908 4220
f 4222 3908 3858
f 4222 3858 3857
f 3857 3911 4222
f 3911 3860 4223
f 4223 3860 4185
f 4185 3914 4223
f 4224 3914 4187
f 4224 4187 4189
f 4189 3917 4224
f 3861 4225 3917
f 4225 3861 4226
f 3863 4229 4226
f 3920 4229 3864
f 4230 3920 4192
f 4230 4194 3923
f 4197 3925 3923
f 4197 4232 3925
f 4288 4232 4199
f 3866 4235 4288
f 4235 3868 3928
f 3869 4289 3928
f 4289 3871 3931
f 3933 3873 3935
f 3935 3873 3874
f 3877 4238 3935
f 4238 3878 3938
f 3882 3940 4239
f 4240 3940 3881
f 4240 3881 3941
f 3941 3881 3884
f 4241 3886 3887
f 3887 4242 4241
f 4243 4242 3889
f 4243 3889 3890
f 3890 4244 4243
f 4245 4244 3892
f 4245 4207 3942
f 4246 3942 4209
f 4246 4209 4211
f 4211 4247 4246
f 4249 4247 3893
f 3893 4247 4211
f 3895 4248 4249
f 3896 4250 3895
f 3895 4250 4248
f 3896 4251 4250
f 4251 3898 4252
f 4252 3898 4216
f 4216 3943 4252
f 3900 4253 3943
f 3900 4254 4253
f 4254 3899 4255
f 4255 3899 3902
f 4256 4255 3902
f 3904 3944 3905
f 3905 3944 4256
f 3904 4257 3944
f 4257 3907 4258
f 4259 4258 3909
f 3909 4258 3907
f 3910 4260 4221
f 4221 4260 4259
f 4261 4260 3912
f 3912 4260 3910
f 4261 3912 3913
f 4263 4262 3913
f 3913 4262 4261
f 3915 3945 3916
f 3916 3945 4263
f 3918 4264 3915
f 3915 4264 3945
f 4264 3918 4265
f 4265 3918 4227
f 4266 4265 4227
f 3919 4267 4228
f 4228 4267 4266
f 4268 4267 3921
f 3921 4267 3919
f 4268 3921 3922
f 3922 4269 4268
f 4270 4269 3924
f 3924 4269 3922
f 4270 3924 3926
f 4231 4271 3926
f 3926 4271 4270
f 4234 4272 4231
f 4231 4272 4271
f 4272 4234 4273
f 4273 4234 3927
f 4273 3927 4274
f 4274 3927 3929
f 3930 4274 3929
f 3930 4275 4274
f 3932 4275 3930
f 3932 4276 4275
f 4276 3934 4277
f 4278 4237 4279
f 3946 4279 3937
f 3937 4279 4237
f 3946 3939 3123
f 3755 3754 3749
f 3749 3754 3747
f 3749 3729 3755
f 3755 3729 3756
f 3728 3752 3758
f 3752 3730 3759
f 3730 3726 3760
f 3726 3731 3947
f 3731 3725 3762
f 3725 3732 3948
f 3732 3733 3950
f 3733 3734 3952
f 3734 3735 3954
f 3740 3765 3739
f 3746 3768 3745
f 3724 3979 3746
f 3980 3771 3724
f 3982 3980 3723
f 3984 3982 3722
f 3773 3984 3721
f 3721 3984 3645
f 3721 3650 3773
f 3773 3650 3986
f 3650 3720 3986
f 3986 3720 3777
f 3720 3719 3777
f 3777 3719 3989
f 3719 3646 3989
f 3989 3646 3987
f 3646 3648 3987
f 3987 3648 3990
f 3648 3647 3990
f 3990 3647 3992
f 3992 3652 3996
f 455 3996 3652
f 455 3651 3996
f 3651 3997 3779
f 3654 3997 3651
f 3997 3654 3782
f 3655 3782 3654
f 3782 3655 3999
f 3653 3999 3655
f 3999 3653 3622
f 3999 3622 3998
f 3635 4280 448
f 448 4280 3622
f 4280 3635 4003
f 3634 4281 3635
f 4281 3634 3789
f 4005 3633 3632
f 3793 3632 3761
f 3793 3761 4006
f 3761 3763 3795
f 4007 3949 3951
f 4007 3951 3798
f 3953 3955 3800
f 3953 3800 3951
f 4010 3957 3959
f 4010 3959 4012
f 3961 3963 3803
f 3961 3803 3959
f 3803 3963 4013
f 3967 3807 3965
f 3807 3967 4014
f 3764 3766 3809
f 3971 4016 3970
f 3970 4017 3766
f 4016 3971 4019
f 3973 3975 3812
f 3977 3815 3975
f 3977 4021 3815
f 3977 3767 4021
f 3769 4026 3767
f 3770 4025 3769
f 4028 3981 3983
f 3821 3983 3772
f 3774 4029 3772
f 4031 3776 3775
f 3988 3824 3775
f 3991 3829 3988
f 4034 3991 3993
f 3995 3831 3993
f 3995 3778 4036
f 3780 4039 3778
f 3781 3783 3834
f 3838 4000 4002
f 4002 3785 3840
f 3787 4043 3784
f 4044 3788 3790
f 3791 4048 3792
f 3794 3797 4049
f 3796 3799 4055
f 3801 3849 3799
f 3849 3801 4009
f 4060 4011 3802
f 4060 3802 4061
f 3804 4062 3802
f 4062 3804 3806
f 3805 3808 4068
f 3810 4015 4072
f 4018 3811 4076
f 3813 3814 4078
f 4023 4024 4086
f 4092 3817 3820
f 4032 3823 4101
f 3825 3827 4103
f 3828 3830 4109
f 3832 4035 4113
f 4038 3833 4117
f 3835 4119 3833
f 4119 3835 3837
f 3836 3839 4123
f 3841 4041 4128
f 3845 4046 4135
f 4135 4046 4133
f 4046 4047 4139
f 4050 4051 4141
f 4053 3848 4146
f 4063 4064 4153
f 4066 4069 4156
f 4071 4073 4160
f 4075 4074 4165
f 4074 4079 4166
f 4081 4083 4172
f 4084 4087 4173
f 4089 4175 4087
f 4175 4089 4177
f 4179 4093 4181
f 3859 4183 4097
f 4097 4099 3859
f 3859 4099 4100
f 4102 4104 4283
f 4102 4283 4100
f 4283 4104 4186
f 4188 4106 4108
f 4188 4108 4190
f 4111 4112 3862
f 4111 3862 4108
f 3865 4114 4116
f 3865 4116 4193
f 4198 4122 4124
f 4198 4124 3867
f 4126 4127 4284
f 4126 4284 4124
f 4284 4127 4200
f 3870 4129 4132
f 3870 4132 4201
f 4137 4134 3872
f 4137 3872 4132
f 4138 4285 4134
f 4285 4138 3876
f 4140 4143 3879
f 4143 4145 3883
f 4149 3885 4147
f 4145 4147 3883
f 4149 3851 4286
f 4286 3851 4203
f 3853 3888 3850
f 3888 3853 4204
f 3891 4152 4154
f 3891 4154 4205
f 4154 4157 4206
f 4212 4159 4161
f 4287 4161 4163
f 4164 3894 4163
f 3894 4164 4213
f 3897 4167 4169
f 3897 4169 4214
f 4171 4215 4169
f 4171 3854 4215
f 4215 3854 4217
f 3856 3901 3854
f 3901 3856 4174
f 3901 4174 4218
f 4174 4176 3903
f 4180 3906 4178
f 3906 4180 4220
f 4182 3858 3908
f 3860 3911 3857
f 4185 4187 3914
f 3917 4189 3861
f 3861 3863 4226
f 4229 3863 3864
f 4194 4230 4192
f 3864 4192 3920
f 3923 4194 4197
f 4199 4232 4197
f 4199 3866 4288
f 3868 4235 3866
f 3928 3868 3869
f 4289 3869 3871
f 3873 3931 3871
f 3931 3873 3933
f 3874 3877 3935
f 3877 3878 4238
f 3880 3938 3878
f 3938 3880 3882
f 3938 3882 4239
f 3881 3940 3882
f 3886 3941 3884
f 3941 3886 4241
f 3887 3889 4242
f 4207 4245 3892
f 3890 3892 4244
f 4207 4209 3942
f 4249 3893 3895
f 3898 4251 3896
f 3943 4216 3900
f 3899 4254 3900
f 3902 3905 4256
f 3904 3907 4257
f 3909 4221 4259
f 3913 3916 4263
f 4227 4228 4266
f 3932 3934 4276
f 3936 4277 3934
f 4277 3936 4237
f 4277 4237 4278
f 3937 3939 3946
f 3123 3939 3124
f 4291 4292 4293
f 4292 4294 4293
f 4295 4296 4297
f 4297 4296 4294
f 4298 4296 4299
f 4294 4292 4300
f 4294 4300 4297
f 4301 4302 4303
f 4301 4303 4304
f 4305 4306 4307
f 4308 4309 4305
f 4310 4311 4312
f 4312 4311 4303
f 4303 4311 4313
f 4303 4313 4304
f 4309 4299 4295
f 4314 4315 4316
f 4295 4306 4305
f 4295 4305 4309
f 4296 4295 4299
f 4317 4318 4310
f 4316 4315 4319
f 4319 4315 4320
f 4310 4312 4317
f 4317 4312 4321
f 4310 4318 4314
f 4310 4314 4316
f 4319 4320 4322
f 4319 4322 4295
f 4295 4322 4306
f 4323 4324 4325
f 4326 4327 4328
f 4329 4326 4330
f 4330 4326 4328
f 4330 4328 4331
f 4332 4324 4333
f 4334 4335 4336
f 4337 4338 4329
f 4326 4338 4339
f 4331 4340 4330
f 4329 4338 4326
f 4326 4339 4325
f 4335 4334 4324
f 4324 4334 4333
f 4332 4326 4324
f 4324 4326 4325
f 4341 4342 4343
f 4344 4345 4346
f 4346 4345 4347
f 4342 4341 4348
f 4348 4341 4349
f 4348 4349 4350
f 4351 4352 4353
f 4353 4352 4354
f 4354 4352 4355
f 4356 4357 4347
f 4344 4358 4359
f 4345 4356 4347
f 4344 4359 4345
f 4345 4359 4360
f 4347 4357 4361
f 4358 4344 4362
f 4355 4344 4354
f 4361 4363 4347
f 4350 4364 4365
f 4348 4350 4365
f 4348 4365 4366
f 4348 4366 4367
f 4362 4344 4355
f 4362 4355 4368
f 4369 4370 4361
f 4361 4370 4371
f 4361 4371 4363
f 4350 4372 4364
f 4364 4372 4373
f 4364 4373 4369
f 4369 4373 4374
f 4369 4374 4370
f 4375 4376 4377
f 4378 4379 4380
f 4381 4382 4376
f 4376 4382 4383
f 4376 4383 4377
f 4384 4385 4386
f 4386 4385 4387
f 4377 4379 4375
f 4387 4388 4386
f 4389 4388 4390
f 4390 4391 4389
f 4392 4382 4393
f 4389 4393 4382
f 4389 4382 4381
f 4378 4394 4379
f 4379 4394 4375
f 4395 4396 4397
f 4393 4389 4391
f 4398 4399 4400
f 4401 4402 4403
f 4401 4403 4404
f 4397 4380 4405
f 4406 4407 4408
f 4406 4408 4409
f 4398 4400 4404
f 4399 4398 4410
f 4410 4398 4411
f 4410 4411 4395
f 4395 4411 4396
f 4409 4412 4413
f 4409 4413 4414
f 4402 4401 4415
f 4415 4401 4416
f 4415 4416 4417
f 4404 4403 4398
f 4414 4413 4418
f 4414 4418 4419
f 4419 4418 4417
f 4419 4417 4416
f 4408 4412 4409
f 4380 4397 4396
f 4380 4396 4378
f 4412 4408 4378
f 4412 4378 4396
f 4420 4401 4404
f 4386 4421 4384
f 4422 4423 4424
f 4422 4424 4425
f 4404 4426 4420
f 4401 4425 4424
f 4384 4421 4427
f 4384 4427 4428
f 4428 4427 4429
f 4428 4429 4404
f 4404 4429 4426
f 4420 4425 4401
f 4430 4431 4432
f 4430 4432 4386
f 4386 4432 4421
f 4423 4422 4433
f 4423 4433 4434
f 4434 4433 4435
f 4434 4435 4436
f 4436 4435 4437
f 4436 4437 4438
f 4438 4437 4439
f 4438 4439 4440
f 4440 4439 4441
f 4440 4441 4431
f 4441 4432 4431
f 4386 4388 4389
f 4386 4389 4442
f 4443 4386 4442
f 4443 4442 4444
f 4386 4443 4445
f 4386 4445 4430
f 4430 4445 4446
f 4447 4448 4449
f 4450 4447 4449
f 4451 4452 4453
f 4453 4452 4454
f 4453 4454 4455
f 4455 4454 4456
f 4455 4456 4457
f 4457 4456 4458
f 4457 4458 4459
f 4457 4459 4460
f 4460 4459 4406
f 4406 4459 4407
f 4449 4461 4450
f 4461 4449 4451
f 4451 4449 4452
f 4430 4446 4462
f 4462 4446 4463
f 4462 4463 4464
f 4463 4465 4464
f 4464 4465 4466
f 4464 4466 4450
f 4450 4466 4447
f 4442 4389 4448
f 4448 4389 4449
f 4467 4468 4469
f 4470 4469 4468
f 4469 4470 4471
f 4469 4471 4472
f 4471 4473 4472
f 4472 4473 4474
f 4474 4473 4475
f 4476 4477 4475
f 4475 4477 4474
f 4477 4476 4478
f 4479 4480 4477
f 4479 4477 4478
f 4480 4479 4481
f 4480 4481 4482
f 4483 4484 4482
f 4482 4484 4480
f 4484 4483 4485
f 4486 4487 4484
f 4486 4484 4485
f 4487 4486 4488
f 4487 4488 4489
f 4490 4491 4489
f 4489 4491 4487
f 4491 4490 4492
f 4493 4494 4492
f 4492 4494 4491
f 4494 4493 4495
f 4496 4497 4494
f 4496 4494 4495
f 4497 4496 4498
f 4498 4499 4497
f 4497 4499 4500
f 4500 4499 4501
f 4502 4503 4500
f 4502 4500 4501
f 4503 4502 4504
f 4505 4506 4503
f 4505 4503 4504
f 4336 4507 4508
f 4508 4507 4509
f 4508 4509 4510
f 4511 4512 4513
f 4513 4512 4332
f 4513 4332 4514
f 4513 4514 4509
f 4509 4514 4510
f 4515 4516 4511
f 4511 4516 4512
f 4517 4518 4519
f 4519 4518 4515
f 4515 4518 4516
f 4519 4520 4343
f 4519 4343 4517
f 4521 4522 4523
f 4523 4522 4524
f 4523 4524 4520
f 4523 4520 4519
f 4525 4372 4521
f 4521 4372 4526
f 4521 4526 4522
f 4527 4374 4528
f 4528 4374 4529
f 4528 4529 4525
f 4525 4529 4372
f 4530 4371 4527
f 4527 4371 4531
f 4527 4531 4374
f 4532 4347 4533
f 4533 4347 4534
f 4533 4534 4535
f 4533 4535 4530
f 4530 4535 4371
f 4536 4346 4532
f 4532 4346 4537
f 4532 4537 4347
f 4538 4539 4540
f 4540 4539 4541
f 4540 4541 4536
f 4536 4541 4346
f 4542 4353 4538
f 4538 4353 4543
f 4538 4543 4539
f 4544 4545 4542
f 4542 4545 4353
f 4544 4546 4545
f 4544 4291 4546
f 4547 4548 4549
f 4549 4548 4550
f 4549 4550 4544
f 4544 4550 4291
f 4551 4552 4553
f 4553 4552 4554
f 4553 4554 4547
f 4547 4554 4300
f 4547 4300 4548
f 4555 4556 4551
f 4551 4556 4552
f 4557 4558 4559
f 4557 4559 4555
f 4555 4559 4556
f 4560 4561 4316
f 4560 4316 4557
f 4557 4316 4558
f 4562 4563 4560
f 4560 4563 4561
f 4564 4304 4565
f 4565 4304 4313
f 4565 4313 4566
f 4565 4566 4562
f 4562 4566 4563
f 4567 4568 4301
f 4567 4301 4564
f 4564 4301 4569
f 4564 4569 4304
f 4567 4570 4571
f 4567 4571 4572
f 4567 4572 4568
f 4570 4573 4571
f 4574 4575 4570
f 4570 4575 4573
f 4576 4577 4578
f 4578 4577 4579
f 4578 4579 4574
f 4574 4579 4575
f 4507 4336 4576
f 4576 4336 4580
f 4576 4580 4581
f 4576 4581 4577
f 4582 4583 4584
f 4585 4583 1464
f 1464 4586 4585
f 4586 1464 4587
f 4586 4587 4588
f 4586 4588 4589
f 4589 4588 4590
f 4589 4590 4582
f 4582 4590 4591
f 4582 4591 4583
f 4592 4593 4594
f 4592 4594 4595
f 4592 4595 4596
f 4597 4596 1476
f 1476 4598 4597
f 4597 4598 4599
f 4599 4598 4600
f 4600 4598 4593
f 4600 4593 4592
f 4601 4602 4603
f 4602 4604 4603
f 4605 4604 1428
f 1428 4606 4605
f 4606 1428 4607
f 4607 4608 4606
f 4601 4608 4609
f 4601 4609 4610
f 4601 4610 4602
f 4611 4612 4613
f 4613 4614 4611
f 4613 4615 4614
f 4615 4616 4617
f 4617 4616 1439
f 4617 1439 4618
f 1439 4619 4618
f 4619 4612 4620
f 4612 4611 4620
f 4621 4622 4623
f 4623 4622 4624
f 4621 4623 4625
f 4625 4626 4621
f 4599 4600 4626
f 4599 4626 4625
f 4592 4596 4597
f 4592 4597 4627
f 4592 4627 4628
f 4629 4628 4627
f 4629 4630 4631
f 4629 4631 4628
f 4630 4629 4632
f 4630 4632 4633
f 4633 4632 4634
f 4633 4634 4635
f 4636 4635 4634
f 4636 4637 4638
f 4636 4638 4635
f 4639 4640 1417
f 4639 1417 4641
f 1417 4642 4641
f 4637 4636 4641
f 4637 4641 4643
f 4643 4641 4642
f 4643 4642 4644
f 4644 4645 4643
f 4643 4645 4646
f 4646 4645 4647
f 4647 4640 4646
f 4646 4640 4639
f 4646 4639 4648
f 4649 4648 4639
f 4649 4650 4648
f 4650 4649 4651
f 4651 4649 4652
f 4651 4652 4653
f 4651 4653 4654
f 4654 4653 4655
f 4654 4655 4656
f 4655 4657 4656
f 4658 4659 4657
f 4658 4657 4655
f 4659 4658 4606
f 4659 4606 4601
f 4601 4606 4608
f 4603 4604 4605
f 4603 4605 4660
f 4660 4605 4661
f 4660 4661 4662
f 4663 4662 4661
f 4663 4664 4662
f 4665 4666 4663
f 4663 4666 4664
f 4665 4667 4666
f 4668 4669 4667
f 4668 4667 4665
f 4669 4668 4618
f 4669 4618 4620
f 4620 4618 4619
f 4614 4615 4617
f 4614 4617 4670
f 4670 4617 4671
f 4670 4671 4672
f 4673 4672 4671
f 4673 4674 4672
f 4674 4673 4675
f 4675 4673 4676
f 4675 4676 4677
f 4677 4676 4678
f 4677 4678 4679
f 4680 4681 4678
f 4678 4681 4679
f 4682 4683 4684
f 4682 4684 1446
f 4682 1446 4680
f 1446 4685 4680
f 4680 4685 4681
f 4681 4685 4686
f 4686 4687 4681
f 4681 4687 4688
f 4688 4687 4683
f 4688 4683 4682
f 4688 4682 4689
f 4689 4682 4690
f 4689 4690 4691
f 4692 4693 4694
f 4692 4694 4690
f 4690 4694 4691
f 4693 4692 4695
f 4693 4695 4696
f 4696 4695 4697
f 4696 4697 4698
f 4699 4698 4697
f 4586 4589 4700
f 4586 4700 4699
f 4699 4700 4698
f 4584 4583 4585
f 4584 4585 4701
f 4584 4701 4702
f 4702 4701 4703
f 4703 4701 4624
f 4703 4624 4704
f 4624 4622 4704
f 4705 4706 4571
f 4706 4705 4707
f 4706 4707 4708
f 4706 4709 4710
f 4710 4709 4711
f 4712 4713 4710
f 4712 4710 4714
f 4715 4709 4708
f 4708 4709 4706
f 4710 4713 4716
f 4716 4713 4717
f 4718 4719 4711
f 4711 4719 4714
f 4711 4714 4710
f 4720 4721 4722
f 4722 4721 4723
f 4721 4724 4723
f 4725 4726 4724
f 4724 4726 4723
f 4727 4728 4729
f 4729 4728 4730
f 4729 4730 4725
f 4725 4730 4726
f 4731 4732 4727
f 4727 4732 4733
f 4727 4733 4728
f 4734 4735 4736
f 4736 4735 4737
f 4736 4737 4738
f 4736 4738 4731
f 4731 4738 4732
f 4739 4740 4734
f 4734 4740 4735
f 4741 4742 4743
f 4743 4742 4744
f 4743 4744 4745
f 4745 4744 4746
f 4745 4746 4747
f 4747 4746 4748
f 4748 4746 4749
f 4748 4749 4750
f 4750 4749 4751
f 4750 4751 4752
f 4752 4751 4753
f 4752 4753 4754
f 4755 4756 4757
f 4757 4756 4758
f 4757 4758 4759
f 4758 4760 4759
f 4761 4762 4763
f 4761 4763 4760
f 4760 4763 4759
f 4764 4765 4766
f 4766 4765 4767
f 4766 4767 4761
f 4761 4767 4762
f 4768 4769 4764
f 4764 4769 4770
f 4764 4770 4765
f 4771 4772 4773
f 4773 4772 4774
f 4773 4774 4775
f 4773 4775 4768
f 4768 4775 4769
f 4776 4777 4771
f 4771 4777 4772
f 4778 4779 4780
f 4780 4779 4781
f 4780 4781 4782
f 4782 4781 4783
f 4782 4783 4784
f 4784 4783 4785
f 4785 4783 4786
f 4785 4786 4787
f 4787 4786 4788
f 4787 4788 4789
f 4789 4788 4790
f 4789 4790 4791
f 4791 4790 4792
f 4791 4792 4793
f 4794 4795 4796
f 4797 4798 4799
f 4797 4799 4800
f 4800 4799 4801
f 4801 4802 4800
f 4800 4802 4803
f 4795 4798 4797
f 4795 4804 4796
f 4795 4797 4805
f 4795 4805 4806
f 4807 4808 4809
f 4804 4806 4808
f 4804 4808 4807
f 4807 4809 4774
f 4807 4774 4810
f 4810 4774 4811
f 4795 4806 4804
f 4812 4763 4813
f 4814 4815 4816
f 4774 4809 4817
f 4817 4809 4816
f 4817 4816 4815
f 4813 4763 4818
f 4813 4818 4814
f 4814 4818 4815
f 4802 4819 4803
f 4803 4819 4820
f 4803 4820 4821
f 4822 4823 4824
f 4825 4826 4827
f 4803 4821 4822
f 4803 4822 4824
f 4828 4829 4830
f 4828 4830 4831
f 4831 4830 4832
f 4833 4794 4796
f 4834 4835 4833
f 4831 4832 4836
f 4831 4836 4837
f 4837 4836 4838
f 4837 4838 4839
f 4839 4838 4824
f 4840 4841 4842
f 4833 4796 4843
f 4824 4823 4839
f 4833 4843 4834
f 4828 4826 4844
f 4845 4846 4847
f 4826 4848 4844
f 4828 4844 4829
f 4840 4849 4841
f 4842 4850 4840
f 4841 4849 4829
f 4841 4829 4844
f 4846 4851 4847
f 4847 4851 4852
f 4847 4852 4853
f 4847 4853 4854
f 4854 4853 4855
f 4856 4857 4732
f 4856 4732 4858
f 4849 4840 4859
f 4859 4840 4860
f 4848 4826 4846
f 4848 4846 4845
f 4861 4862 4863
f 4863 4862 4857
f 4863 4857 4856
f 4864 4865 4866
f 4864 4866 4867
f 4835 4867 4833
f 4833 4867 4825
f 4833 4825 4868
f 4868 4825 4827
f 4826 4825 4869
f 4859 4860 4862
f 4859 4862 4861
f 4853 4852 4870
f 4870 4852 4871
f 4870 4871 4872
f 4873 4866 4865
f 4826 4869 4846
f 4873 4865 4874
f 4873 4874 4872
f 4872 4874 4748
f 4872 4748 4870
f 4875 4876 4877
f 4878 4879 4880
f 4880 4879 4877
f 4877 4879 4875
f 4824 4881 4882
f 4876 4883 4877
f 4884 4885 4886
f 4887 4888 4889
f 4887 4889 4890
f 4890 4889 4891
f 4892 4893 4894
f 4892 4894 4895
f 4895 4894 4896
f 4885 4884 4883
f 4885 4883 4897
f 4897 4883 4876
f 4890 4891 4898
f 4899 4888 4887
f 4899 4887 4900
f 4900 4887 4901
f 4894 4893 4858
f 4894 4858 4902
f 4902 4858 4732
f 4892 4903 4893
f 4888 4899 4904
f 4904 4899 4784
f 4904 4784 4878
f 4878 4784 4787
f 4878 4787 4879
f 4824 4903 4881
f 4881 4903 4892
f 4824 4882 4898
f 4824 4898 4891
f 4905 4884 4891
f 4824 4891 4803
f 4803 4891 4884
f 4867 4835 4864
f 4864 4835 4906
f 4907 4803 4884
f 4907 4884 4886
f 4908 4909 4803
f 4907 4910 4803
f 4911 4912 4908
f 4911 4908 4913
f 4911 4913 4914
f 4908 4803 4910
f 4908 4912 4909
f 4912 4911 4812
f 4812 4911 4915
f 4812 4915 4763
f 4876 4875 4916
f 4917 4876 4916
f 4918 4919 4920
f 4920 4919 4921
f 4921 4919 4922
f 4921 4922 4923
f 4922 4924 4923
f 4923 4924 4925
f 4925 4924 4926
f 4926 4927 4925
f 4925 4927 4928
f 4928 4927 4929
f 4928 4929 4930
f 4929 4931 4930
f 4931 4932 4930
f 4930 4932 4933
f 4932 4934 4933
f 4933 4934 4935
f 4935 4934 4936
f 4935 4936 4937
f 4936 4938 4937
f 4937 4938 4939
f 4939 4938 4940
f 4940 4941 4939
f 4939 4941 4942
f 4942 4941 4943
f 4943 4944 4942
f 4942 4944 4945
f 4945 4944 4946
f 4946 4944 4947
f 4947 4948 4946
f 4946 4948 4949
f 4949 4948 4950
f 4949 4950 4951
f 4950 4952 4951
f 4952 4953 4951
f 4951 4953 4954
f 4953 4955 4954
f 4954 4955 4956
f 4956 4955 4957
f 4956 4957 4958
f 4957 4959 4958
f 4959 4960 4958
f 4958 4960 4961
f 4960 4962 4961
f 4961 4962 4963
f 4961 4963 4964
f 4964 4963 4965
f 4964 4965 4966
f 4965 4967 4966
f 4966 4967 4968
f 4968 4967 4969
f 4969 4970 4968
f 4968 4970 4971
f 4971 4970 4972
f 4971 4972 4973
f 4972 4974 4973
f 4973 4974 4975
f 4975 4974 4976
f 4976 4977 4975
f 4975 4977 4978
f 4978 4977 4979
f 4978 4979 4980
f 4979 4981 4980
f 4981 4982 4980
f 4980 4982 4983
f 4982 4984 4983
f 4984 4985 4983
f 4983 4985 4986
f 4985 4987 4986
f 4987 4988 4986
f 4986 4988 4989
f 4989 4988 4990
f 4989 4990 4991
f 4990 4992 4991
f 4991 4992 4993
f 4993 4992 4994
f 4994 4995 4993
f 4993 4995 4996
f 4996 4995 4997
f 4996 4997 4998
f 4997 4999 4998
f 4998 4999 5000
f 5000 4999 5001
f 5001 5002 5000
f 5000 5002 5003
f 5003 5002 5004
f 5003 5004 5005
f 5004 5006 5005
f 5005 5006 4920
f 4920 5006 4918
f 4956 4958 5007
f 5008 4993 5009
f 5009 4993 4996
f 4933 5010 4930
f 4921 5011 4920
f 5009 4996 4998
f 4930 5010 5012
f 4930 5012 4928
f 4928 5012 5013
f 4928 5013 4925
f 5014 5015 5016
f 5017 4945 4946
f 4923 5018 4921
f 4921 5018 5011
f 5009 4998 5019
f 5020 4968 5021
f 5013 4923 4925
f 5022 5016 5018
f 5022 5018 4923
f 5022 4923 5013
f 5022 5023 5014
f 5022 5014 5016
f 4968 5020 4966
f 4966 5020 4964
f 4964 5020 4961
f 4961 5020 5024
f 4961 5024 4958
f 4958 5024 5007
f 5007 5025 4956
f 4956 5025 4954
f 4954 5025 4951
f 4951 5025 5017
f 4951 5017 4949
f 4949 5017 4946
f 4920 5011 5026
f 5019 4998 5000
f 5019 5000 5003
f 5019 5003 5027
f 5027 5003 5005
f 5027 5005 4920
f 5008 5028 4993
f 4993 5028 4991
f 4991 5028 4989
f 4989 5028 5029
f 4989 5029 4986
f 5030 4983 5029
f 5029 4983 4986
f 5031 5030 5029
f 5010 4933 5032
f 5032 4933 4935
f 5032 4935 4937
f 5032 4937 5033
f 5033 4937 4939
f 5034 5035 5036
f 5036 5035 5037
f 4973 5038 5039
f 5040 5027 5034
f 5030 5041 4983
f 4983 5041 5042
f 4968 4971 5021
f 5021 4971 4973
f 5021 4973 5039
f 5021 5039 5043
f 5044 4945 5017
f 5044 5017 5045
f 4942 5046 5047
f 4920 5026 5048
f 4920 5048 5027
f 5027 5048 5034
f 5034 5048 5035
f 5049 5046 4942
f 4939 4942 5033
f 5033 4942 5047
f 5033 5047 5050
f 4973 5051 5038
f 5044 5052 4945
f 4945 5052 5053
f 5054 5055 4973
f 4973 5055 5051
f 4945 5053 5056
f 4945 5056 4942
f 4942 5056 5049
f 4983 5042 5057
f 4983 5057 4980
f 4980 5057 5054
f 4980 5054 4978
f 4978 5054 4975
f 4975 5054 4973
f 5058 5059 5060
f 5060 5059 5061
f 5060 5061 5062
f 5063 5064 5062
f 5063 5062 5061
f 5064 5063 5065
f 5064 5065 5066
f 5065 5067 5066
f 5066 5067 5068
f 5066 5068 5069
f 5069 5068 5070
f 5068 5071 5070
f 5070 5071 5072
f 5070 5072 5073
f 5072 5074 5073
f 5073 5074 5075
f 5074 5076 5075
f 5075 5076 5077
f 5076 5078 5077
f 5077 5078 5079
f 5078 5080 5079
f 5079 5080 5081
f 5080 5082 5081
f 5081 5082 5083
f 5084 5085 5086
f 5086 5085 5083
f 5086 5083 5082
f 5085 5084 5087
f 5085 5087 5088
f 5088 5087 5089
f 5088 5089 5090
f 5090 5089 5091
f 5090 5091 5092
f 5092 5091 5093
f 5093 5091 5094
f 5093 5094 5095
f 5094 5096 5095
f 5095 5096 5097
f 5096 5098 5097
f 5097 5098 5099
f 5099 5098 5100
f 5099 5100 5101
f 5100 5102 5101
f 5101 5102 5103
f 5102 5104 5103
f 5103 5104 5105
f 5104 5106 5105
f 5105 5106 5107
f 5106 5108 5107
f 5107 5108 5109
f 5108 5110 5109
f 5109 5110 5111
f 5110 5112 5111
f 5111 5112 5113
f 5113 5112 5114
f 5112 5115 5114
f 5114 5115 5116
f 5114 5116 5117
f 5117 5116 5118
f 5117 5118 5058
f 5058 5118 5059
f 4467 5119 5120
f 5120 5121 4506
f 4506 5121 4503
f 4503 5121 5122
f 4503 5122 4500
f 4500 5122 5123
f 4500 5123 4497
f 4497 5123 5124
f 4497 5124 4494
f 4494 5124 5125
f 4494 5125 4491
f 4491 5125 5126
f 4491 5126 4487
f 4487 5126 5127
f 5128 5129 4506
f 4506 5129 5130
f 5131 4467 5120
f 5131 5120 5132
f 5133 5134 5135
f 5135 5134 5136
f 5135 5136 5137
f 5137 5136 5138
f 5137 5138 5139
f 5139 5138 5140
f 5139 5140 5128
f 5128 5140 5129
f 4487 5127 4484
f 4484 5127 5141
f 4484 5141 4480
f 4480 5141 5142
f 4480 5142 4477
f 4477 5142 5143
f 4477 5143 4474
f 4474 5143 5144
f 4474 5144 4472
f 4472 5144 5119
f 4472 5119 4469
f 5130 5132 4506
f 4506 5132 5120
f 4467 5131 5133
f 5133 5131 5134
f 5119 4467 4469
f 5145 5123 5146
f 5146 5123 5122
f 5146 5122 5147
f 5147 5122 5121
f 5147 5121 5148
f 5148 5121 5120
f 5148 5120 5149
f 5149 5120 5119
f 5149 5119 5150
f 5150 5119 5144
f 5150 5144 5151
f 5151 5144 5143
f 5151 5143 5152
f 5152 5143 5142
f 5152 5142 5153
f 5153 5142 5141
f 5153 5141 5154
f 5154 5141 5127
f 5154 5127 5155
f 5155 5127 5126
f 5155 5126 5125
f 5155 5125 5156
f 5156 5125 5124
f 5156 5124 5145
f 5145 5124 5123
f 5157 5147 5158
f 5158 5147 5148
f 5158 5148 5159
f 5159 5148 5149
f 5159 5149 5160
f 5160 5149 5161
f 5161 5149 5150
f 5161 5150 5162
f 5162 5150 5163
f 5163 5150 5151
f 5163 5151 5164
f 5164 5151 5152
f 5164 5152 5165
f 5165 5152 5153
f 5165 5153 5166
f 5166 5153 5167
f 5167 5153 5154
f 5167 5154 5168
f 5168 5154 5155
f 5168 5155 5169
f 5169 5155 5156
f 5169 5156 5170
f 5170 5156 5171
f 5171 5156 5145
f 5171 5145 5172
f 5172 5145 5146
f 5172 5146 5173
f 5173 5146 5147
f 5173 5147 5157
f 5158 5174 4794
f 5158 4794 5157
f 5175 5174 5158
f 5161 4819 5160
f 5160 4819 5176
f 5160 5176 5159
f 5157 4794 4833
f 5157 4833 5173
f 5173 4833 5172
f 5172 4833 4868
f 5172 4868 5171
f 5171 4868 4827
f 5171 4827 5170
f 5170 4827 4826
f 5170 4826 5169
f 5169 4826 4828
f 5169 4828 5168
f 5168 4828 4831
f 5168 4831 5167
f 5167 4831 4837
f 5167 4837 5166
f 5166 4837 4839
f 5166 4839 5165
f 5165 4839 4823
f 5165 4823 5164
f 5164 4823 4822
f 5164 4822 5163
f 5163 4822 4821
f 5163 4821 5162
f 5162 4821 4820
f 5162 4820 5161
f 5161 4820 4819
f 5159 5176 5177
f 5159 5177 5178
f 5159 5178 5158
f 5158 5178 5175
f 5179 5180 5181
f 5179 5181 5182
f 5179 5182 5183
f 5183 5182 5184
f 5183 5184 5185
f 5183 5185 5186
f 5183 5186 5187
f 5187 5186 5188
f 5187 5188 5189
f 5187 5189 5190
f 5187 5190 5191
f 5191 5190 5192
f 5193 5175 5192
f 5192 5175 5191
f 5180 5179 5194
f 5194 5179 5177
f 5179 5195 5177
f 5177 5195 5196
f 5175 5197 5191
f 5198 5178 5196
f 5196 5178 5177
f 5178 5198 5175
f 5175 5198 5197
f 5197 5199 5191
f 5191 5199 5187
f 5187 5199 5200
f 5187 5200 5183
f 5183 5200 5201
f 5183 5201 5179
f 5179 5201 5195
f 5202 5203 5204
f 5202 5205 5206
f 5207 5202 5206
f 5207 4330 5202
f 4330 5207 4329
f 4329 5207 5208
f 4329 5208 4337
f 4337 5208 5209
f 5209 5208 5210
f 5209 5210 5211
f 5212 5213 5214
f 5214 5215 5212
f 5215 5216 5212
f 5212 5216 5217
f 5216 5218 5217
f 5218 5219 5217
f 5217 5219 5220
f 5219 5221 5220
f 5220 5221 5210
f 5210 5221 5211
f 5202 5204 5205
f 5204 5222 5205
f 5205 5222 5213
f 5222 5223 5213
f 5213 5223 5214
f 5224 5205 5213
f 5224 5213 5225
f 5225 5213 5212
f 5225 5212 5226
f 5226 5212 5217
f 5226 5217 5220
f 5226 5220 5227
f 5227 5220 5210
f 5227 5210 5208
f 5227 5208 5228
f 5228 5208 5207
f 5228 5207 5229
f 5229 5207 5206
f 5229 5206 5224
f 5224 5206 5205
f 5230 5231 5232
f 5233 5231 5230
f 5233 4712 5231
f 4712 5233 4713
f 4713 5233 5234
f 4713 5234 4717
f 4717 5234 5235
f 4717 5235 5236
f 5237 5238 5239
f 5237 5239 5240
f 5240 5239 5241
f 5242 5236 5241
f 5241 5236 5235
f 5241 5235 5240
f 5231 5243 5232
f 5232 5243 5244
f 5232 5244 5245
f 5232 5245 5246
f 5246 5245 5247
f 5246 5247 5248
f 5248 5247 5249
f 5248 5249 5250
f 5248 5250 5237
f 5237 5250 5238
f 5251 5248 5237
f 5251 5237 5252
f 5252 5237 5240
f 5252 5240 5253
f 5253 5240 5235
f 5253 5235 5234
f 5253 5234 5254
f 5254 5234 5233
f 5254 5233 5255
f 5255 5233 5230
f 5255 5230 5232
f 5255 5232 5251
f 5251 5232 5246
f 5251 5246 5248
f 5256 5257 5258
f 5259 5257 5256
f 5259 4360 5257
f 4360 5259 4345
f 4345 5259 5260
f 4345 5260 4356
f 4356 5260 5261
f 4356 5261 5262
f 5257 5263 5258
f 5258 5263 5264
f 5258 5264 5265
f 5258 5265 5266
f 5266 5265 5267
f 5266 5267 5268
f 5266 5268 5269
f 5269 5268 5270
f 5269 5270 5271
f 5269 5271 5272
f 5272 5271 5273
f 5272 5273 5274
f 5274 5273 5275
f 5274 5275 5276
f 5277 5262 5276
f 5276 5262 5261
f 5276 5261 5274
f 5278 5260 5259
f 5278 5259 5279
f 5279 5259 5256
f 5279 5256 5258
f 5279 5258 5280
f 5280 5258 5266
f 5280 5266 5269
f 5280 5269 5272
f 5280 5272 5281
f 5281 5272 5274
f 5281 5274 5282
f 5282 5274 5261
f 5282 5261 5260
f 5282 5260 5278
f 5283 5284 5285
f 5283 5286 5287
f 5288 5283 5287
f 5288 4307 5283
f 4307 5288 4305
f 4305 5288 5289
f 4305 5289 4308
f 4308 5289 5290
f 5290 5289 5291
f 5290 5291 5292
f 5283 5285 5286
f 5286 5285 5293
f 5285 5294 5293
f 5294 5295 5293
f 5293 5295 5296
f 5295 5297 5296
f 5297 5298 5296
f 5296 5298 5299
f 5298 5300 5299
f 5299 5300 5301
f 5300 5302 5301
f 5302 5303 5301
f 5301 5303 5291
f 5291 5303 5292
f 5304 5301 5291
f 5304 5291 5289
f 5304 5289 5305
f 5305 5289 5288
f 5305 5288 5306
f 5306 5288 5287
f 5306 5287 5307
f 5307 5287 5286
f 5307 5286 5293
f 5307 5293 5308
f 5308 5293 5296
f 5308 5296 5309
f 5309 5296 5299
f 5309 5299 5301
f 5309 5301 5304
f 5310 5311 4624
f 5312 5313 5314
f 4585 5315 5316
f 4599 5316 5317
f 4599 5317 5318
f 4599 5318 4597
f 4699 5319 4586
f 4586 5319 5320
f 4586 5320 4585
f 4585 5320 5315
f 4699 5321 5322
f 5323 5324 5325
f 5321 4699 5326
f 5326 4699 4697
f 5326 4697 5327
f 5327 4697 4695
f 5327 4695 5328
f 4692 5329 5330
f 5330 5331 4692
f 4692 5331 5332
f 4692 5332 5333
f 5325 5334 4699
f 4699 5334 5319
f 5335 5336 5337
f 4695 5338 5339
f 5340 5341 5342
f 5342 5341 5343
f 5333 5344 4692
f 4692 5344 5345
f 4692 5345 4695
f 4695 5345 5346
f 4695 5346 5338
f 5339 5347 4695
f 4695 5347 5348
f 4695 5348 5349
f 4695 5349 5328
f 5322 5350 4699
f 4699 5350 5351
f 4699 5351 5325
f 5325 5351 5352
f 5325 5352 5323
f 5324 5353 5325
f 5325 5353 5354
f 5325 5354 5355
f 5355 5354 5356
f 5355 5356 5357
f 5341 5337 5343
f 5343 5337 5358
f 5358 5337 5336
f 5357 5359 5355
f 5355 5359 5360
f 5355 5360 5337
f 5337 5360 5361
f 5337 5361 5335
f 4690 5341 4692
f 4692 5341 5340
f 4692 5340 5329
f 5341 4690 4682
f 5341 4682 4680
f 5341 4680 5362
f 5362 4680 4678
f 5362 4678 5363
f 5363 4678 4676
f 5364 5365 4673
f 5366 5367 5368
f 5368 5367 5369
f 5368 5369 5370
f 5370 5371 5368
f 5368 5371 5372
f 5368 5372 5373
f 5373 5372 5374
f 5373 5374 5375
f 5373 5375 5376
f 5377 4676 5378
f 5378 4676 5379
f 5364 4673 5380
f 5365 5381 4673
f 4673 5381 5382
f 4673 5382 4676
f 4676 5382 5383
f 4676 5383 5379
f 5377 5384 4676
f 4676 5384 5385
f 4676 5385 5363
f 5363 5385 5386
f 5386 5387 5363
f 5363 5387 5388
f 5363 5388 5368
f 5368 5388 5389
f 5368 5389 5390
f 5368 5390 5366
f 5376 5391 5373
f 5373 5391 5392
f 5373 5392 5393
f 5393 5392 5394
f 5395 5396 4673
f 4673 5396 5397
f 4673 5397 5398
f 4673 5398 5380
f 5394 5399 5393
f 5393 5399 5400
f 5393 5400 5401
f 5395 4673 5402
f 5402 4673 4671
f 5402 4671 5401
f 5401 4671 5393
f 5403 5404 4618
f 5405 5406 4605
f 4605 5406 5403
f 4618 5404 5407
f 4618 5407 4617
f 4617 5407 5408
f 4617 5408 4671
f 4671 5408 5393
f 5409 5410 4652
f 4652 5410 5411
f 4652 5411 5412
f 5412 5413 4652
f 4652 5413 5414
f 4652 5414 5415
f 5416 5417 4658
f 4658 5417 5418
f 5418 5419 4658
f 4658 5419 5420
f 4658 5420 5421
f 5313 5422 5314
f 5314 5422 5423
f 5314 5423 5409
f 5409 5423 5424
f 5409 5424 5410
f 4653 5425 5426
f 4658 5427 5428
f 5429 5430 5314
f 5314 5430 5431
f 5314 5431 5312
f 4653 5426 4655
f 4655 5426 5432
f 4655 5432 4658
f 4658 5432 5433
f 4658 5433 5416
f 5421 5434 4658
f 4658 5434 5435
f 4658 5435 5427
f 5427 5435 5436
f 5427 5436 5314
f 5314 5436 5437
f 5314 5437 5429
f 4605 4606 5405
f 5405 4606 5438
f 5438 4606 4658
f 5438 4658 5428
f 5415 5439 4652
f 4652 5439 5440
f 4652 5440 4653
f 5440 5441 4653
f 4653 5441 5442
f 4653 5442 5443
f 5443 5444 4653
f 4653 5444 5445
f 4653 5445 5446
f 4653 5446 5425
f 4641 5447 5409
f 4652 4649 5409
f 5409 4649 4639
f 5409 4639 4641
f 4636 5448 4641
f 4641 5448 5447
f 5448 4636 4634
f 5449 5450 4632
f 4632 5450 5451
f 4632 5452 5453
f 5451 5454 4632
f 4632 5454 5455
f 4632 5455 4634
f 4634 5455 5456
f 5456 5457 4634
f 4634 5457 5458
f 4634 5458 5459
f 5460 5461 5462
f 5462 5461 5463
f 4632 5453 5464
f 4632 5464 5449
f 5465 5466 5467
f 5467 5466 5468
f 5467 5468 5461
f 5461 5468 5469
f 5461 5469 5463
f 5470 5471 5472
f 5473 5474 5467
f 5467 5474 5475
f 5467 5475 5465
f 5471 5470 5461
f 5471 5461 5476
f 5476 5461 5460
f 5473 5467 5477
f 5477 5467 5478
f 5477 5478 5479
f 4627 5480 4629
f 4629 5480 5481
f 4629 5481 4632
f 4632 5481 5482
f 4632 5482 5452
f 5459 5483 4634
f 4634 5483 5484
f 4634 5484 5448
f 5448 5484 5485
f 5485 5486 5448
f 5448 5486 5487
f 5448 5487 5478
f 5478 5487 5488
f 5478 5488 5479
f 4597 5318 5489
f 4597 5489 4627
f 4627 5489 5470
f 4627 5470 5480
f 5480 5470 5472
f 4585 5316 4599
f 4585 4599 5490
f 5491 5492 4623
f 5311 5493 4624
f 4624 5493 5494
f 4624 5494 4623
f 4623 5494 5495
f 4623 5495 5491
f 5490 5496 4585
f 4585 5496 5497
f 4585 5497 5498
f 5499 5500 4599
f 4599 5500 5501
f 4599 5501 5502
f 5502 5503 4599
f 4599 5503 5504
f 4599 5504 5490
f 5498 5505 4585
f 4585 5505 5506
f 4585 5506 5507
f 4624 5508 5509
f 4624 5509 5310
f 5510 5511 4624
f 4624 5511 5512
f 4624 5512 5508
f 5492 5513 4623
f 4623 5513 5514
f 4623 5514 4625
f 4625 5514 5515
f 4625 5515 5516
f 4625 5516 4599
f 4599 5516 5517
f 4599 5517 5518
f 4599 5518 5499
f 5507 5519 4585
f 4585 5519 5520
f 4585 5520 4701
f 4701 5520 5521
f 4701 5521 5522
f 4701 5522 4624
f 4624 5522 5523
f 4624 5523 5510
f 5524 5525 4605
f 5526 5527 4663
f 5403 4618 4605
f 4605 4618 5528
f 4605 5528 5524
f 5525 5529 4605
f 4605 5529 5530
f 4605 5530 5531
f 5532 5533 4618
f 4618 5533 5534
f 4618 5534 5528
f 5535 5536 4663
f 4663 5536 5537
f 4665 5538 5539
f 5531 5540 4605
f 4605 5540 5541
f 4605 5541 5542
f 5537 5543 4663
f 4663 5543 5544
f 4663 5544 5545
f 4663 5545 5526
f 5527 5546 4663
f 4663 5546 5547
f 4663 5547 4665
f 4665 5547 5548
f 4665 5548 5538
f 5549 5550 4618
f 4618 5550 5551
f 4618 5551 5532
f 5535 4663 5552
f 5552 4663 4661
f 5552 4661 5553
f 5553 4661 5542
f 5542 4661 4605
f 5539 5554 4665
f 4665 5554 5555
f 4665 5555 5556
f 4665 5556 4668
f 4668 5556 5557
f 4668 5557 4618
f 4618 5557 5558
f 4618 5558 5559
f 4618 5559 5549
f 4368 5043 5087
f 4368 5087 5560
f 5560 5087 5084
f 5560 5084 4298
f 4298 5084 5045
f 4298 5045 4296
f 5043 4368 4355
f 5043 4355 5021
f 5021 4355 5020
f 5020 4355 4352
f 5020 4352 5024
f 4351 5024 4352
f 4546 5007 4351
f 4351 5007 5024
f 4291 5007 4546
f 5007 4291 5025
f 5025 4291 4293
f 5025 4293 5017
f 5017 4293 4294
f 5017 4294 4296
f 5017 4296 5045
f 4340 5561 5562
f 5562 5561 5110
f 4327 5019 4328
f 4328 5019 5027
f 4328 5027 4331
f 4331 5027 5040
f 4331 5040 4340
f 4340 5040 5561
f 4327 5009 5019
f 5009 4327 4517
f 5009 4517 5008
f 5008 4517 4343
f 5008 4343 5028
f 5028 4343 4342
f 5028 4342 5029
f 5029 4342 4348
f 5029 4348 5031
f 5031 4348 4367
f 5031 4367 5110
f 5110 4367 5562
f 4321 5067 5563
f 5563 5067 5065
f 4302 5010 4303
f 4303 5010 5032
f 4303 5032 5033
f 4303 5033 4312
f 4312 5033 4321
f 4321 5033 5050
f 4321 5050 5067
f 4302 5012 5010
f 5012 4302 4572
f 4571 5012 4572
f 4571 5013 5012
f 5013 4571 4706
f 5013 4706 5022
f 5022 4706 4710
f 5022 4710 5023
f 5023 4710 5065
f 5065 4710 4716
f 5065 4716 5563
f 4718 5059 5564
f 4715 5018 4709
f 4709 5018 4711
f 4711 5018 5016
f 4711 5016 5015
f 4711 5015 4718
f 4718 5015 5059
f 4715 5011 5018
f 5011 4715 4580
f 4336 5026 4580
f 4580 5026 5011
f 5026 4336 5048
f 5048 4336 4335
f 5048 4335 5035
f 5035 4335 4324
f 5035 4324 5037
f 5037 4324 4323
f 5037 4323 5118
f 5118 4323 5564
f 5118 5564 5059
f 5565 4684 4683
f 4684 5565 1446
f 1446 5565 5566
f 1446 5566 4685
f 4685 5566 5567
f 4685 5567 5568
f 4685 5568 4686
f 4686 5568 4687
f 4687 5568 5569
f 4687 5569 5570
f 4687 5570 4683
f 5565 4683 5570
f 5565 5570 5571
f 5570 5569 5571
f 5569 5568 5571
f 5568 5567 5571
f 5567 5566 5571
f 5566 5565 5571
f 5572 1464 4583
f 1464 5572 5573
f 1464 5573 4587
f 4587 5573 5574
f 4587 5574 4588
f 5575 4588 5574
f 5575 4590 4588
f 5576 4591 5575
f 5575 4591 4590
f 5577 4591 5576
f 5577 4583 4591
f 5572 4583 5577
f 5572 5577 5578
f 5577 5576 5578
f 5578 5576 5575
f 5575 5574 5578
f 5574 5573 5578
f 5573 5572 5578
f 5579 1476 5580
f 5580 1476 4596
f 5581 1476 5579
f 5581 4598 1476
f 4598 5581 5582
f 4598 5582 4593
f 4593 5582 4594
f 4594 5582 5583
f 4594 5583 5584
f 4594 5584 4595
f 4596 4595 5584
f 5580 4596 5584
f 5580 5584 5585
f 5584 5583 5585
f 5585 5583 5582
f 5582 5581 5585
f 5585 5581 5579
f 5579 5580 5585
f 4640 5586 1417
f 1417 5586 5587
f 1417 5587 4642
f 4642 5587 5588
f 4642 5588 5589
f 4642 5589 4644
f 4644 5589 4645
f 4645 5589 5590
f 4645 5590 5591
f 4645 5591 4647
f 5586 4640 5591
f 5591 4640 4647
f 5586 5591 5592
f 5591 5590 5592
f 5590 5589 5592
f 5589 5588 5592
f 5588 5587 5592
f 5587 5586 5592
f 5593 1428 4604
f 1428 5593 5594
f 1428 5594 4607
f 4607 5594 5595
f 4607 5595 4608
f 5596 4608 5595
f 5596 4609 4608
f 5596 4610 4609
f 5597 4610 5596
f 5598 4602 5597
f 5597 4602 4610
f 4602 5598 4604
f 5593 4604 5598
f 5593 5598 5599
f 5598 5597 5599
f 5599 5597 5596
f 5596 5595 5599
f 5595 5594 5599
f 5594 5593 5599
f 5600 4616 4615
f 5601 4616 5600
f 5601 1439 4616
f 5602 1439 5601
f 1439 5602 4619
f 4619 5602 5603
f 4619 5603 4612
f 4612 5603 4613
f 4613 5603 5604
f 4613 5604 5605
f 4613 5605 4615
f 5600 4615 5605
f 5600 5605 5606
f 5605 5604 5606
f 5606 5604 5603
f 5603 5602 5606
f 5606 5602 5601
f 5601 5600 5606
f 5607 4704 4622
f 5607 4622 4621
f 5607 4621 5608
f 5608 4621 4626
f 5608 4626 5609
f 5609 4626 4600
f 5609 4600 5610
f 5610 4600 5611
f 5611 4600 4592
f 5611 4592 5612
f 5612 4592 4628
f 5612 4628 5613
f 5613 4628 4631
f 5613 4631 4630
f 5613 4630 5614
f 5614 4630 5615
f 5615 4630 4633
f 5615 4633 5616
f 5616 4633 4635
f 5616 4635 5617
f 5617 4635 4638
f 5617 4638 5618
f 5618 4638 4637
f 5618 4637 5619
f 5619 4637 4646
f 5619 4646 5620
f 5620 4646 4648
f 5620 4648 5621
f 5621 4648 4650
f 5621 4650 5622
f 5622 4650 4651
f 5622 4651 5623
f 5623 4651 4654
f 5623 4654 5624
f 5624 4654 4656
f 5624 4656 5625
f 5625 4656 4657
f 5625 4657 5626
f 5626 4657 4659
f 5626 4659 5627
f 5627 4659 4601
f 5627 4601 5628
f 5628 4601 4603
f 5628 4603 5629
f 5629 4603 4660
f 5629 4660 5630
f 5630 4660 4662
f 5630 4662 5631
f 5631 4662 4664
f 5631 4664 5632
f 5632 4664 4666
f 5632 4666 5633
f 5633 4666 4667
f 5633 4667 5634
f 5634 4667 4669
f 5634 4669 5635
f 5635 4669 4620
f 5635 4620 5636
f 5636 4620 4611
f 5636 4611 4614
f 5636 4614 5637
f 5637 4614 4670
f 5637 4670 5638
f 5638 4670 4672
f 5638 4672 5639
f 5639 4672 4674
f 5639 4674 5640
f 5640 4674 4675
f 5640 4675 5641
f 5641 4675 4677
f 5641 4677 5642
f 5642 4677 4679
f 5642 4679 5643
f 5643 4679 4681
f 5643 4681 5644
f 5644 4681 4688
f 5644 4688 5645
f 5645 4688 4689
f 5645 4689 5646
f 5646 4689 4691
f 5646 4691 5647
f 5647 4691 4694
f 5647 4694 5648
f 5648 4694 4693
f 5648 4693 5649
f 5649 4693 4696
f 5649 4696 5650
f 5650 4696 4698
f 5650 4698 5651
f 5651 4698 4700
f 5651 4700 5652
f 5652 4700 4589
f 5652 4589 5653
f 5653 4589 4582
f 5653 4582 5654
f 5654 4582 4584
f 5654 4584 4702
f 5654 4702 5655
f 5655 4702 5656
f 5656 4702 4703
f 5656 4703 4704
f 5656 4704 5607
f 4919 4918 5657
f 5657 4918 5006
f 5657 5006 5658
f 5658 5006 5004
f 5658 5004 5659
f 5659 5004 5002
f 5659 5002 5660
f 5660 5002 5001
f 5660 5001 5661
f 5661 5001 4999
f 5661 4999 5662
f 5662 4999 4997
f 5662 4997 5663
f 5663 4997 4995
f 5663 4995 4994
f 5663 4994 5664
f 5664 4994 5665
f 5665 4994 4992
f 5665 4992 5666
f 5666 4992 4990
f 5666 4990 5667
f 5667 4990 4988
f 5667 4988 5668
f 5668 4988 4987
f 5668 4987 5669
f 5669 4987 4985
f 5669 4985 5670
f 5670 4985 4984
f 5670 4984 4982
f 5670 4982 5671
f 5671 4982 5672
f 5672 4982 4981
f 5672 4981 4979
f 5672 4979 5673
f 5673 4979 4977
f 5673 4977 5674
f 5674 4977 5675
f 5675 4977 4976
f 5675 4976 4974
f 5675 4974 5676
f 5676 4974 4972
f 5676 4972 5677
f 5677 4972 4970
f 5677 4970 5678
f 5678 4970 4969
f 5678 4969 4967
f 5678 4967 5679
f 5679 4967 4965
f 5679 4965 5680
f 5680 4965 5681
f 5681 4965 4963
f 5681 4963 5682
f 5682 4963 4962
f 5682 4962 5683
f 5683 4962 4960
f 5683 4960 5684
f 5684 4960 4959
f 5684 4959 4957
f 5684 4957 5685
f 5685 4957 5686
f 5686 4957 4955
f 5686 4955 5687
f 5687 4955 4953
f 5687 4953 5688
f 5688 4953 4952
f 5688 4952 4950
f 5688 4950 5689
f 5689 4950 5690
f 5690 4950 4948
f 5690 4948 4947
f 5690 4947 5691
f 5691 4947 5692
f 5692 4947 4944
f 5692 4944 5693
f 5693 4944 4943
f 5693 4943 4941
f 5693 4941 5694
f 5694 4941 4940
f 5694 4940 5695
f 5695 4940 4938
f 5695 4938 5696
f 5696 4938 5697
f 5697 4938 4936
f 5697 4936 5698
f 5698 4936 4934
f 5698 4934 5699
f 5699 4934 4932
f 5699 4932 5700
f 5700 4932 5701
f 5701 4932 4931
f 5701 4931 4929
f 5701 4929 5702
f 5702 4929 4927
f 5702 4927 5703
f 5703 4927 4926
f 5703 4926 5704
f 5704 4926 4924
f 5704 4924 4922
f 5704 4922 5705
f 5705 4922 4919
f 5705 4919 5706
f 5706 4919 5657
f 5638 5675 5637
f 5637 5675 5676
f 5637 5676 5636
f 5636 5676 5677
f 5636 5677 5635
f 5635 5677 5678
f 5635 5678 5634
f 5634 5678 5679
f 5634 5679 5633
f 5633 5679 5680
f 5633 5680 5632
f 5632 5680 5681
f 5675 5638 5674
f 5674 5638 5639
f 5674 5639 5673
f 5673 5639 5640
f 5673 5640 5641
f 5673 5641 5672
f 5672 5641 5671
f 5671 5641 5642
f 5671 5642 5670
f 5670 5642 5643
f 5670 5643 5669
f 5669 5643 5644
f 5669 5644 5668
f 5668 5644 5645
f 5668 5645 5667
f 5667 5645 5646
f 5667 5646 5666
f 5666 5646 5647
f 5666 5647 5665
f 5665 5647 5648
f 5665 5648 5664
f 5664 5648 5649
f 5664 5649 5663
f 5663 5649 5650
f 5663 5650 5662
f 5662 5650 5651
f 5662 5651 5661
f 5661 5651 5652
f 5661 5652 5660
f 5660 5652 5653
f 5660 5653 5659
f 5659 5653 5654
f 5659 5654 5655
f 5659 5655 5658
f 5658 5655 5656
f 5658 5656 5657
f 5657 5656 5706
f 5706 5656 5607
f 5706 5607 5705
f 5705 5607 5608
f 5705 5608 5609
f 5705 5609 5704
f 5704 5609 5703
f 5703 5609 5610
f 5703 5610 5702
f 5702 5610 5611
f 5702 5611 5612
f 5702 5612 5701
f 5701 5612 5613
f 5701 5613 5700
f 5700 5613 5699
f 5699 5613 5614
f 5699 5614 5698
f 5698 5614 5615
f 5698 5615 5697
f 5697 5615 5616
f 5697 5616 5696
f 5696 5616 5617
f 5696 5617 5695
f 5695 5617 5618
f 5695 5618 5694
f 5694 5618 5619
f 5694 5619 5693
f 5693 5619 5620
f 5693 5620 5692
f 5692 5620 5621
f 5692 5621 5691
f 5691 5621 5622
f 5691 5622 5623
f 5691 5623 5690
f 5690 5623 5689
f 5689 5623 5624
f 5689 5624 5688
f 5688 5624 5625
f 5688 5625 5687
f 5687 5625 5626
f 5687 5626 5686
f 5686 5626 5627
f 5686 5627 5685
f 5685 5627 5628
f 5685 5628 5684
f 5684 5628 5629
f 5684 5629 5683
f 5683 5629 5630
f 5683 5630 5682
f 5682 5630 5631
f 5682 5631 5681
f 5681 5631 5632
f 5707 5316 5708
f 5708 5316 5315
f 5708 5315 5709
f 5709 5315 5320
f 5709 5320 5319
f 5709 5319 5710
f 5710 5319 5334
f 5710 5334 5711
f 5711 5334 5325
f 5711 5325 5355
f 5711 5355 5712
f 5712 5355 5337
f 5712 5337 5341
f 5712 5341 5713
f 5713 5341 5362
f 5713 5362 5714
f 5714 5362 5363
f 5714 5363 5368
f 5714 5368 5715
f 5715 5368 5373
f 5715 5373 5716
f 5716 5373 5393
f 5716 5393 5408
f 5716 5408 5717
f 5717 5408 5407
f 5717 5407 5718
f 5718 5407 5404
f 5718 5404 5719
f 5719 5404 5403
f 5719 5403 5406
f 5719 5406 5720
f 5720 5406 5405
f 5720 5405 5721
f 5721 5405 5438
f 5721 5438 5722
f 5722 5438 5428
f 5722 5428 5427
f 5722 5427 5723
f 5723 5427 5314
f 5723 5314 5724
f 5724 5314 5409
f 5724 5409 5725
f 5725 5409 5447
f 5725 5447 5726
f 5726 5447 5448
f 5726 5448 5478
f 5726 5478 5727
f 5727 5478 5467
f 5727 5467 5728
f 5728 5467 5461
f 5728 5461 5470
f 5728 5470 5729
f 5729 5470 5489
f 5729 5489 5318
f 5729 5318 5730
f 5730 5318 5317
f 5730 5317 5707
f 5707 5317 5316
f 5718 5719 4542
f 4542 5719 4544
f 4544 5719 5720
f 4544 5720 4549
f 4549 5720 5721
f 4549 5721 4547
f 4547 5721 4553
f 4553 5721 5722
f 4553 5722 4551
f 4551 5722 4555
f 4555 5722 5723
f 4555 5723 4557
f 4557 5723 5724
f 4557 5724 4560
f 4560 5724 5725
f 4560 5725 4562
f 4562 5725 5726
f 4562 5726 4565
f 4565 5726 5727
f 4565 5727 4564
f 4564 5727 5728
f 4564 5728 4567
f 4567 5728 5731
f 5731 5728 5729
f 5731 5729 4578
f 4578 5729 5730
f 4578 5730 4576
f 4576 5730 4507
f 4507 5730 5707
f 4507 5707 4509
f 4509 5707 5708
f 4509 5708 4513
f 4513 5708 5709
f 4513 5709 4511
f 4511 5709 5710
f 4511 5710 5732
f 5732 5710 5711
f 5732 5711 5733
f 5733 5711 5734
f 5734 5711 5712
f 5734 5712 4525
f 4525 5712 5713
f 4525 5713 4528
f 4528 5713 4527
f 4527 5713 5714
f 4527 5714 4530
f 4530 5714 5715
f 4530 5715 5735
f 5735 5715 5716
f 5735 5716 4536
f 4536 5716 5717
f 4536 5717 4540
f 4540 5717 5718
f 4540 5718 4538
f 4538 5718 4542
f 5128 5736 5737
f 5128 5737 5139
f 5139 5737 5738
f 5139 5738 5137
f 5137 5738 5739
f 5137 5739 5740
f 5137 5740 5741
f 5137 5741 5135
f 5135 5741 5742
f 5135 5742 5743
f 5135 5743 5133
f 5133 5743 5744
f 4468 4467 5744
f 5744 4467 5133
f 5736 5128 4505
f 4505 5128 4506
f 5745 5195 5746
f 5746 5195 5201
f 5746 5201 5747
f 5747 5201 5200
f 5747 5200 5748
f 5748 5200 5749
f 5749 5200 5199
f 5749 5199 5750
f 5750 5199 5197
f 5750 5197 5751
f 5751 5197 5198
f 5751 5198 5752
f 5752 5198 5196
f 5752 5196 5753
f 5753 5196 5195
f 5753 5195 5745
f 5754 5749 5755
f 5755 5749 5750
f 5755 5750 5756
f 5756 5750 5751
f 5756 5751 5757
f 5757 5751 5752
f 5757 5752 5753
f 5757 5753 5758
f 5758 5753 5745
f 5758 5745 5759
f 5759 5745 5746
f 5759 5746 5760
f 5760 5746 5747
f 5760 5747 5761
f 5761 5747 5748
f 5761 5748 5754
f 5754 5748 5749
f 4756 4755 5762
f 5762 4755 5763
f 5762 5763 5203
f 5762 5203 5202
f 4793 4792 5764
f 5764 4792 5209
f 5764 5209 5211
f 4777 4776 5765
f 5765 4776 5262
f 5765 5262 5766
f 5766 5262 5277
f 4742 4741 5767
f 4742 5767 5768
f 5768 5767 5263
f 5768 5263 5257
f 4754 4753 5769
f 5769 4753 5290
f 5769 5290 5292
f 4721 4720 5770
f 4721 5770 5771
f 5771 5770 5284
f 5771 5284 5283
f 4740 4739 5772
f 5772 4739 5773
f 5773 4739 5236
f 5773 5236 5242
f 4779 4778 5774
f 4779 5774 5775
f 5775 5774 5243
f 5775 5243 5231
f 4753 4299 4309
f 4753 4309 4308
f 4753 4308 5290
f 4368 5560 4749
f 4749 5560 4751
f 4751 5560 4298
f 4751 4298 4299
f 4751 4299 4753
f 4742 4358 4744
f 4744 4358 4362
f 4744 4362 4746
f 4746 4362 4749
f 4749 4362 4368
f 5257 4360 5768
f 5768 4360 4359
f 5768 4359 4742
f 4742 4359 4358
f 4776 4357 5262
f 5262 4357 4356
f 4756 5562 4758
f 4367 4758 5562
f 4361 4357 4776
f 4776 4771 4361
f 4771 4773 4361
f 4361 4773 4369
f 4773 4768 4369
f 4768 4764 4369
f 4369 4764 4364
f 4364 4764 4766
f 4364 4766 4365
f 4766 4761 4365
f 4365 4761 4366
f 4761 4760 4366
f 4366 4760 4367
f 4367 4760 4758
f 5562 4756 4340
f 5762 5202 4330
f 5762 4330 4340
f 5762 4340 4756
f 4792 4339 4338
f 4792 4338 4337
f 4792 4337 5209
f 5564 4783 4718
f 5564 4786 4783
f 4786 5564 4323
f 4786 4323 4325
f 4786 4325 4788
f 4788 4325 4790
f 4790 4325 4339
f 4790 4339 4792
f 4779 4714 4781
f 4781 4714 4719
f 4781 4719 4783
f 4783 4719 4718
f 5231 4712 5775
f 5775 4712 4779
f 4779 4712 4714
f 5563 4716 4739
f 4739 4716 4717
f 4739 4717 5236
f 4321 5563 4734
f 4734 5563 4739
f 4321 4734 4317
f 4734 4736 4317
f 4317 4736 4318
f 4736 4731 4318
f 4731 4727 4318
f 4318 4727 4314
f 4314 4727 4729
f 4314 4729 4315
f 4729 4725 4315
f 4315 4725 4320
f 4725 4724 4320
f 4320 4724 4322
f 4721 4306 4322
f 4721 4322 4724
f 5771 5283 4307
f 5771 4307 4306
f 5771 4306 4721
f 5043 5039 5089
f 5087 5043 5089
f 5039 5038 5091
f 5091 5089 5039
f 5038 5051 5094
f 5094 5091 5038
f 5051 5055 5096
f 5051 5096 5094
f 5054 5098 5055
f 5055 5098 5096
f 5098 5054 5100
f 5100 5054 5102
f 5102 5054 5057
f 5102 5057 5104
f 5104 5057 5042
f 5104 5042 5106
f 5106 5042 5041
f 5106 5041 5108
f 5108 5041 5030
f 5108 5030 5110
f 5110 5030 5031
f 5110 5561 5112
f 5561 5040 5112
f 5112 5040 5034
f 5112 5034 5115
f 5036 5116 5034
f 5034 5116 5115
f 5037 5118 5036
f 5036 5118 5116
f 5050 5047 5068
f 5068 5067 5050
f 5047 5046 5071
f 5047 5071 5068
f 5046 5072 5071
f 5049 5074 5046
f 5046 5074 5072
f 5056 5076 5049
f 5049 5076 5074
f 5053 5078 5056
f 5056 5078 5076
f 5052 5080 5053
f 5053 5080 5078
f 5044 5082 5052
f 5052 5082 5080
f 5045 5084 5086
f 5045 5086 5044
f 5044 5086 5082
f 5014 5061 5015
f 5015 5061 5059
f 5014 5063 5061
f 5023 5065 5063
f 5023 5063 5014
f 5755 5129 5754
f 5754 5129 5140
f 5754 5140 5761
f 5761 5140 5138
f 5761 5138 5760
f 5760 5138 5136
f 5760 5136 5759
f 5759 5136 5134
f 5759 5134 5758
f 5758 5134 5131
f 5758 5131 5757
f 5757 5131 5132
f 5757 5132 5756
f 5756 5132 5130
f 5756 5130 5755
f 5755 5130 5129
f 5776 5777 5778
f 5778 5779 5776
f 5779 5780 5776
f 5780 5781 5776
f 5781 5782 5776
f 5776 5782 5777
f 5777 5307 5308
f 5777 5308 5778
f 5778 5308 5309
f 5778 5309 5779
f 5779 5309 5304
f 5779 5304 5780
f 5780 5304 5305
f 5780 5305 5781
f 5781 5305 5306
f 5781 5306 5782
f 5782 5306 5307
f 5782 5307 5777
f 5783 5784 5785
f 5785 5786 5783
f 5786 5787 5783
f 5783 5787 5788
f 5783 5788 5784
f 5784 5281 5282
f 5784 5282 5785
f 5785 5282 5278
f 5785 5278 5786
f 5786 5278 5279
f 5786 5279 5787
f 5787 5279 5280
f 5787 5280 5788
f 5788 5280 5784
f 5784 5280 5281
f 5789 5790 5791
f 5791 5790 5792
f 5791 5792 5793
f 5791 5793 5794
f 5794 5789 5791
f 5789 5255 5790
f 5790 5255 5251
f 5790 5251 5792
f 5792 5251 5793
f 5793 5251 5252
f 5793 5252 5253
f 5793 5253 5794
f 5794 5253 5254
f 5794 5254 5789
f 5789 5254 5255
f 5795 5796 5797
f 5796 5798 5797
f 5797 5798 5799
f 5797 5799 5800
f 5800 5801 5797
f 5801 5795 5797
f 5795 5227 5228
f 5795 5228 5796
f 5796 5228 5229
f 5796 5229 5798
f 5798 5229 5224
f 5798 5224 5799
f 5799 5224 5225
f 5799 5225 5800
f 5800 5225 5226
f 5800 5226 5801
f 5801 5226 5227
f 5801 5227 5795
f 5177 5176 5194
f 5175 5193 5174
f 5802 4794 5174
f 5174 5193 5802
f 5193 5192 5803
f 5193 5803 5802
f 5802 5803 4794
f 4794 5803 4795
f 4801 5804 4802
f 4795 5803 5805
f 4795 5805 4798
f 5805 5189 4798
f 4798 5189 5188
f 4798 5188 4799
f 4801 4799 5184
f 4801 5184 5804
f 5804 5806 4802
f 5803 5192 5805
f 5805 5192 5190
f 5805 5190 5189
f 5188 5186 4799
f 4799 5186 5185
f 4799 5185 5184
f 5804 5184 5182
f 5804 5182 5806
f 5806 5182 5181
f 5806 5181 5180
f 5180 5194 5807
f 5180 5807 5806
f 5806 5807 4802
f 4802 5807 4819
f 4819 5807 5176
f 5176 5807 5194
f 4580 4715 4581
f 4705 4573 4575
f 4715 4577 4581
f 4707 4705 4575
f 4705 4571 4573
f 4708 4579 4577
f 4575 4579 4708
f 4708 4577 4715
f 4707 4575 4708
f 4572 4302 4568
f 4569 4301 4304
f 4566 4313 4311
f 4566 4311 4563
f 4563 4311 4310
f 4563 4310 4561
f 4559 4558 4319
f 4552 4297 4554
f 4554 4297 4300
f 4548 4300 4292
f 4548 4292 4550
f 4556 4295 4552
f 4561 4310 4316
f 4558 4316 4319
f 4559 4319 4556
f 4556 4319 4295
f 4550 4292 4291
f 4568 4302 4301
f 4552 4295 4297
f 4545 4546 4351
f 4545 4351 4353
f 4543 4353 4354
f 4543 4354 4539
f 4539 4354 4344
f 4539 4344 4541
f 4531 4371 4370
f 4524 4522 4349
f 4524 4349 4520
f 4520 4349 4341
f 4535 4534 4363
f 4535 4363 4371
f 4531 4370 4374
f 4529 4373 4372
f 4526 4350 4522
f 4537 4346 4347
f 4529 4374 4373
f 4372 4350 4526
f 4520 4341 4343
f 4541 4344 4346
f 4534 4347 4363
f 4522 4350 4349
f 5767 4741 4906
f 5767 4906 5263
f 4741 4864 4906
f 4754 4855 4752
f 4743 4745 4865
f 4741 4743 4864
f 4752 4855 4853
f 4752 4853 4750
f 4750 4853 4870
f 4750 4870 4748
f 4747 4748 4874
f 4747 4874 4745
f 4745 4874 4865
f 4743 4865 4864
f 4906 4835 5263
f 5263 4835 5264
f 4835 5265 5264
f 4835 4834 5265
f 4834 5267 5265
f 4834 4843 5268
f 4834 5268 5267
f 4843 5270 5268
f 4843 4796 5271
f 4843 5271 5270
f 4804 5273 4796
f 4796 5273 5271
f 4804 5275 5273
f 4804 4807 5276
f 4804 5276 5275
f 4807 4810 5277
f 4807 5277 5276
f 5292 4854 5769
f 5769 4854 4754
f 4754 4854 4855
f 5292 5303 4854
f 5277 4810 5766
f 5766 4810 5765
f 4777 5765 4811
f 5765 4810 4811
f 4844 4848 5808
f 4842 4841 5285
f 4847 4854 5303
f 4841 5294 5285
f 4841 4844 5294
f 5294 4844 5295
f 4844 5297 5295
f 4844 5808 5297
f 5808 5298 5297
f 5808 4848 5298
f 4848 4845 5300
f 4848 5300 5298
f 4845 5302 5300
f 4845 4847 5302
f 4847 5303 5302
f 4772 4777 4811
f 4775 4774 4817
f 4775 4817 4769
f 4770 4769 4815
f 4767 4765 4818
f 4767 4818 4762
f 4759 4763 4915
f 4757 4759 4911
f 4757 4911 4755
f 4755 4911 4914
f 4770 4815 4765
f 4772 4811 4774
f 4769 4817 4815
f 4762 4818 4763
f 4759 4915 4911
f 4765 4815 4818
f 4720 4850 5770
f 5770 4850 4842
f 5770 4842 5284
f 5284 4842 5285
f 4755 4914 5763
f 5763 4914 4913
f 5763 4913 5203
f 4738 4737 4902
f 4738 4902 4732
f 4730 4728 4862
f 4723 4726 4860
f 4722 4723 4840
f 4722 4840 4720
f 4720 4840 4850
f 4733 4732 4857
f 4733 4857 4728
f 4726 4730 4862
f 4723 4860 4840
f 4737 4894 4902
f 4728 4857 4862
f 4726 4862 4860
f 4737 4735 4894
f 4735 4740 4894
f 4894 4740 4896
f 4913 4908 5204
f 4913 5204 5203
f 4908 5223 5204
f 5204 5223 5222
f 4908 4910 5223
f 4910 5214 5223
f 4910 5215 5214
f 4910 4907 5215
f 4907 5216 5215
f 4907 4886 5216
f 4886 5218 5216
f 4886 4885 5219
f 4886 5219 5218
f 4885 4897 5219
f 4897 5221 5219
f 4897 4876 5221
f 4876 5211 5221
f 5773 5242 4895
f 5773 4895 5772
f 4740 5772 4896
f 5772 4895 4896
f 5211 4876 5764
f 5764 4876 4917
f 5764 4917 4793
f 4793 4917 4916
f 4901 4887 5244
f 4892 4895 5242
f 4892 5242 5241
f 5244 4887 5245
f 4887 4890 5245
f 4890 4898 5247
f 4890 5247 5245
f 5247 4898 5249
f 4898 5250 5249
f 4898 4882 5250
f 5250 4882 5238
f 4882 4881 5239
f 4882 5239 5238
f 4881 5241 5239
f 4881 4892 5241
f 4793 4916 4791
f 4778 4780 4900
f 4791 4916 4875
f 4791 4875 4789
f 4789 4875 4879
f 4789 4879 4787
f 4785 4787 4784
f 4782 4784 4899
f 4782 4899 4780
f 4780 4899 4900
f 5774 4778 4901
f 5774 4901 5243
f 5243 4901 5244
f 4778 4900 4901
f 4517 4327 4518
f 4518 4327 4516
f 4516 4326 4512
f 4514 4332 4333
f 4514 4333 4510
f 4508 4510 4334
f 4508 4334 4336
f 4516 4327 4326
f 4512 4326 4332
f 4510 4333 4334
f 4401 5083 5085
f 4401 5085 4416
f 4416 5085 5088
f 4416 5088 4419
f 5107 4453 5105
f 5105 4453 4455
f 5105 4455 5103
f 5103 4455 4457
f 5103 4457 5101
f 5101 4457 4460
f 5101 4460 5099
f 5099 4460 5097
f 5097 4460 4406
f 5097 4406 5095
f 5095 4406 4409
f 5095 4409 5093
f 5093 4409 4414
f 5093 4414 5092
f 5092 4414 5090
f 5090 4414 4419
f 5090 4419 5088
f 4401 4424 5083
f 5083 4424 5081
f 5081 4424 4423
f 5081 4423 5079
f 5079 4423 5077
f 5077 4423 4434
f 5077 4434 5075
f 5075 4434 4436
f 5075 4436 5073
f 5073 4436 4438
f 5073 4438 5070
f 5070 4438 4440
f 5070 4440 5069
f 5069 4440 4431
f 5069 4431 5066
f 5066 4431 5064
f 5064 4431 4430
f 5064 4430 5062
f 5062 4430 4462
f 5062 4462 5060
f 5060 4462 5058
f 5058 4462 4464
f 5058 4464 5117
f 5117 4464 4450
f 5117 4450 5114
f 5114 4450 4461
f 5114 4461 5113
f 5113 4461 5111
f 5111 4461 4451
f 5111 4451 5109
f 5109 4451 4453
f 5109 4453 5107
f 4574 5731 4578
f 4570 4567 5731
f 5731 4574 4570
f 4536 4532 5735
f 4532 4533 5735
f 5735 4533 4530
f 4525 4521 5734
f 4521 4523 5734
f 5734 4523 5733
f 4523 4519 5733
f 5733 4519 5732
f 4519 4515 5732
f 5732 4515 4511
f 5744 4392 4468
f 4382 4392 5744
f 4470 4468 5809
f 4470 5809 4471
f 4471 5809 4393
f 4471 4393 4391
f 4471 4391 4473
f 4473 4391 5810
f 4473 5810 4475
f 4476 4475 4388
f 4476 4388 4478
f 4479 4478 4387
f 4479 4387 4481
f 4482 4481 4385
f 4482 4385 4483
f 4485 4483 5811
f 4485 5811 4486
f 4486 5811 5812
f 4486 5812 4488
f 4488 5812 4428
f 4488 4428 4489
f 4489 4428 5813
f 4489 5813 4490
f 4490 5813 5814
f 4490 5814 4492
f 4492 5814 4400
f 4492 4400 4493
f 4493 4400 4399
f 4493 4399 4495
f 4495 4399 5815
f 4495 5815 4496
f 4496 5815 4410
f 4496 4410 4498
f 4498 4410 5816
f 4498 5816 4499
f 4499 5816 4395
f 4499 4395 4501
f 4502 4501 5817
f 4502 5817 4504
f 4505 4504 4405
f 4468 4392 5809
f 4475 5810 4390
f 4475 4390 4388
f 4478 4388 4387
f 4481 4387 4385
f 4483 4385 4384
f 4483 4384 5811
f 4504 5817 4397
f 4504 4397 4405
f 5809 4392 4393
f 5811 4384 5812
f 5812 4384 4428
f 5815 4399 4410
f 5816 4410 4395
f 4501 4395 4397
f 4501 4397 5817
f 5810 4391 4390
f 5813 4428 4404
f 5813 4404 5814
f 5814 4404 4400
f 5736 5818 5737
f 5737 5818 5819
f 5737 5819 5738
f 5738 5819 5739
f 5740 5739 5820
f 5740 5820 5741
f 5742 4383 5743
f 5743 4383 5744
f 5742 5741 4377
f 5742 4377 4383
f 5744 4383 4382
f 5818 4380 5819
f 5819 4379 5739
f 5739 4379 5820
f 5741 5820 4377
f 5819 4380 4379
f 5820 4379 4377
f 5818 4405 4380
f 5736 4505 5818
f 5818 4505 4405
f 4413 4866 4418
f 4418 4866 4873
f 4418 4873 4417
f 4417 4873 4872
f 4417 4872 4415
f 4415 4872 4871
f 4415 4871 4402
f 4402 4871 4852
f 4412 4396 4867
f 4867 4396 4825
f 4398 4846 4869
f 4398 4869 4411
f 4411 4869 4825
f 4411 4825 4396
f 4851 4846 4403
f 4403 4846 4398
f 4422 4849 4859
f 4422 4859 4433
f 4433 4859 4861
f 4433 4861 4435
f 4435 4861 4863
f 4435 4863 4437
f 4437 4863 4856
f 4437 4856 4439
f 4856 4858 4439
f 4439 4858 4441
f 4441 4858 4893
f 4830 4829 4420
f 4420 4829 4425
f 4421 4838 4427
f 4427 4838 4836
f 4427 4836 4429
f 4429 4836 4832
f 4429 4832 4426
f 4426 4832 4830
f 4426 4830 4420
f 4432 4903 4421
f 4421 4903 4824
f 4446 4888 4463
f 4463 4888 4904
f 4463 4904 4465
f 4465 4904 4878
f 4465 4878 4466
f 4466 4878 4880
f 4466 4880 4447
f 4447 4880 4877
f 4445 4443 4889
f 4889 4443 4891
f 4442 4884 4905
f 4442 4905 4444
f 4444 4905 4891
f 4444 4891 4443
f 4883 4884 4448
f 4448 4884 4442
f 4378 4806 4805
f 4378 4805 4394
f 4394 4805 4797
f 4394 4797 4375
f 4375 4797 4800
f 4375 4800 4376
f 4376 4800 4381
f 4381 4800 4803
f 4378 4408 4806
f 4806 4408 4808
f 4452 4912 4454
f 4454 4912 4812
f 4809 4407 4459
f 4809 4459 4816
f 4816 4459 4814
f 4814 4459 4458
f 4814 4458 4813
f 4813 4458 4456
f 4813 4456 4454
f 4813 4454 4812
f 4803 4909 4389
f 4389 4909 4449
f 4447 4877 4883
f 4447 4883 4448
f 4445 4889 4888
f 4445 4888 4446
f 4441 4893 4432
f 4432 4893 4903
f 4421 4824 4838
f 4425 4829 4849
f 4425 4849 4422
f 4402 4852 4851
f 4402 4851 4403
f 4412 4867 4866
f 4412 4866 4413
f 4407 4809 4408
f 4408 4809 4808
f 4381 4803 4389
f 4449 4909 4912
f 4449 4912 4452
f 5821 5822 5823
f 5821 5823 5824
f 5824 5823 5825
f 5824 5825 5826
f 5826 5825 5827
f 5826 5827 5828
f 5828 5827 5829
f 5828 5829 5830
f 5830 5829 5831
f 5830 5831 5821
f 5821 5831 5822
f 5831 5311 5310
f 5831 5310 5822
f 5822 5310 5509
f 5822 5509 5508
f 5822 5508 5512
f 5822 5512 5511
f 5822 5511 5510
f 5822 5510 5823
f 5823 5510 5523
f 5823 5523 5522
f 5823 5522 5521
f 5823 5521 5520
f 5823 5520 5519
f 5823 5519 5825
f 5825 5519 5507
f 5825 5507 5506
f 5825 5506 5505
f 5825 5505 5498
f 5825 5498 5497
f 5825 5497 5496
f 5825 5496 5490
f 5825 5490 5827
f 5827 5490 5504
f 5827 5504 5503
f 5827 5503 5502
f 5827 5502 5501
f 5827 5501 5500
f 5827 5500 5829
f 5829 5500 5499
f 5829 5499 5518
f 5829 5518 5517
f 5829 5517 5516
f 5829 5516 5515
f 5829 5515 5514
f 5829 5514 5513
f 5829 5513 5831
f 5831 5513 5492
f 5831 5492 5491
f 5831 5491 5495
f 5831 5495 5494
f 5831 5494 5493
f 5831 5493 5311
f 5832 5833 5834
f 5834 5833 5835
f 5834 5835 5836
f 5836 5835 5837
f 5837 5835 5838
f 5837 5838 5839
f 5837 5839 5840
f 5840 5839 5841
f 5840 5841 5842
f 5840 5842 5832
f 5832 5842 5833
f 5839 5452 5482
f 5839 5482 5481
f 5839 5481 5841
f 5841 5481 5480
f 5841 5480 5472
f 5841 5472 5471
f 5841 5471 5476
f 5841 5476 5842
f 5842 5476 5460
f 5842 5460 5462
f 5842 5462 5463
f 5842 5463 5469
f 5842 5469 5468
f 5842 5468 5833
f 5833 5468 5466
f 5833 5466 5465
f 5833 5465 5475
f 5833 5475 5474
f 5833 5474 5473
f 5833 5473 5477
f 5833 5477 5479
f 5833 5479 5488
f 5833 5488 5835
f 5835 5488 5487
f 5835 5487 5486
f 5835 5486 5485
f 5835 5485 5484
f 5835 5484 5483
f 5835 5483 5459
f 5835 5459 5458
f 5835 5458 5838
f 5838 5458 5457
f 5838 5457 5456
f 5838 5456 5455
f 5838 5455 5454
f 5838 5454 5451
f 5838 5451 5839
f 5839 5451 5450
f 5839 5450 5449
f 5839 5449 5464
f 5839 5464 5453
f 5839 5453 5452
f 5843 5844 5845
f 5843 5845 5846
f 5846 5845 5847
f 5846 5847 5848
f 5848 5847 5849
f 5848 5849 5850
f 5848 5850 5851
f 5851 5850 5852
f 5851 5852 5853
f 5853 5852 5843
f 5843 5852 5844
f 5850 5313 5852
f 5852 5313 5312
f 5852 5312 5431
f 5852 5431 5430
f 5852 5430 5429
f 5852 5429 5437
f 5852 5437 5436
f 5852 5436 5435
f 5852 5435 5434
f 5852 5434 5844
f 5844 5434 5421
f 5844 5421 5420
f 5844 5420 5419
f 5844 5419 5418
f 5844 5418 5417
f 5844 5417 5416
f 5844 5416 5433
f 5844 5433 5845
f 5845 5433 5432
f 5845 5432 5426
f 5845 5426 5425
f 5845 5425 5446
f 5845 5446 5847
f 5847 5446 5445
f 5847 5445 5444
f 5847 5444 5443
f 5847 5443 5442
f 5847 5442 5441
f 5847 5441 5440
f 5847 5440 5439
f 5847 5439 5849
f 5849 5439 5415
f 5849 5415 5414
f 5849 5414 5413
f 5849 5413 5412
f 5849 5412 5850
f 5850 5412 5411
f 5850 5411 5410
f 5850 5410 5424
f 5850 5424 5423
f 5850 5423 5422
f 5850 5422 5313
f 5854 5855 5856
f 5854 5856 5857
f 5857 5856 5858
f 5857 5858 5859
f 5859 5858 5860
f 5859 5860 5861
f 5859 5861 5862
f 5862 5861 5863
f 5862 5863 5864
f 5864 5863 5855
f 5864 5855 5854
f 5863 5528 5855
f 5855 5528 5534
f 5855 5534 5533
f 5855 5533 5532
f 5855 5532 5551
f 5855 5551 5550
f 5855 5550 5856
f 5856 5550 5549
f 5856 5549 5559
f 5856 5559 5558
f 5856 5558 5557
f 5856 5557 5556
f 5856 5556 5555
f 5856 5555 5554
f 5856 5554 5858
f 5858 5554 5539
f 5858 5539 5538
f 5858 5538 5548
f 5858 5548 5547
f 5858 5547 5546
f 5858 5546 5527
f 5858 5527 5526
f 5858 5526 5860
f 5860 5526 5545
f 5860 5545 5544
f 5860 5544 5543
f 5860 5543 5537
f 5860 5537 5536
f 5860 5536 5861
f 5861 5536 5535
f 5861 5535 5552
f 5861 5552 5553
f 5861 5553 5542
f 5861 5542 5541
f 5861 5541 5863
f 5863 5541 5540
f 5863 5540 5531
f 5863 5531 5530
f 5863 5530 5529
f 5863 5529 5525
f 5863 5525 5524
f 5863 5524 5528
f 5865 5866 5867
f 5865 5867 5868
f 5868 5867 5869
f 5868 5869 5870
f 5868 5870 5871
f 5871 5870 5872
f 5871 5872 5873
f 5873 5872 5874
f 5873 5874 5875
f 5875 5874 5865
f 5865 5874 5866
f 5872 5390 5389
f 5872 5389 5874
f 5874 5389 5388
f 5874 5388 5387
f 5874 5387 5386
f 5874 5386 5385
f 5874 5385 5384
f 5874 5384 5377
f 5874 5377 5378
f 5874 5378 5866
f 5866 5378 5379
f 5866 5379 5383
f 5866 5383 5382
f 5866 5382 5381
f 5866 5381 5365
f 5866 5365 5867
f 5867 5365 5364
f 5867 5364 5380
f 5867 5380 5398
f 5867 5398 5397
f 5867 5397 5396
f 5867 5396 5395
f 5867 5395 5402
f 5867 5402 5869
f 5869 5402 5401
f 5869 5401 5400
f 5869 5400 5399
f 5869 5399 5394
f 5869 5394 5870
f 5870 5394 5392
f 5870 5392 5391
f 5870 5391 5376
f 5870 5376 5375
f 5870 5375 5374
f 5870 5374 5872
f 5872 5374 5372
f 5872 5372 5371
f 5872 5371 5370
f 5872 5370 5369
f 5872 5369 5367
f 5872 5367 5366
f 5872 5366 5390
f 5876 5877 5878
f 5878 5877 5879
f 5878 5879 5880
f 5878 5880 5881
f 5881 5880 5882
f 5881 5882 5883
f 5883 5882 5884
f 5884 5882 5885
f 5884 5885 5886
f 5884 5886 5876
f 5876 5886 5877
f 5886 5328 5349
f 5886 5349 5877
f 5877 5349 5348
f 5877 5348 5347
f 5877 5347 5339
f 5877 5339 5338
f 5877 5338 5346
f 5877 5346 5345
f 5877 5345 5344
f 5877 5344 5879
f 5879 5344 5333
f 5879 5333 5332
f 5879 5332 5331
f 5879 5331 5330
f 5879 5330 5880
f 5880 5330 5329
f 5880 5329 5340
f 5880 5340 5342
f 5880 5342 5343
f 5880 5343 5358
f 5880 5358 5336
f 5880 5336 5882
f 5882 5336 5335
f 5882 5335 5361
f 5882 5361 5360
f 5882 5360 5359
f 5882 5359 5357
f 5882 5357 5356
f 5882 5356 5354
f 5882 5354 5353
f 5882 5353 5885
f 5885 5353 5324
f 5885 5324 5323
f 5885 5323 5352
f 5885 5352 5351
f 5885 5351 5350
f 5885 5350 5322
f 5885 5322 5321
f 5885 5321 5886
f 5886 5321 5326
f 5886 5326 5327
f 5886 5327 5328
f 5887 5888 5889
f 5889 5890 5887
f 5890 5891 5887
f 5891 5892 5887
f 5887 5892 5888
f 5888 5821 5889
f 5889 5821 5824
f 5889 5824 5890
f 5890 5824 5891
f 5891 5824 5826
f 5891 5826 5892
f 5892 5826 5828
f 5892 5828 5888
f 5888 5828 5830
f 5888 5830 5821
f 5893 5894 5895
f 5894 5896 5895
f 5896 5897 5895
f 5897 5898 5895
f 5895 5898 5893
f 5893 5837 5840
f 5893 5840 5894
f 5894 5840 5896
f 5896 5840 5832
f 5896 5832 5834
f 5896 5834 5897
f 5897 5834 5836
f 5897 5836 5898
f 5898 5836 5837
f 5898 5837 5893
f 5899 5900 5901
f 5900 5902 5901
f 5902 5903 5901
f 5901 5903 5904
f 5901 5904 5905
f 5905 5899 5901
f 5899 5851 5900
f 5900 5851 5853
f 5900 5853 5902
f 5902 5853 5843
f 5902 5843 5903
f 5903 5843 5846
f 5903 5846 5904
f 5904 5846 5905
f 5905 5846 5848
f 5905 5848 5899
f 5899 5848 5851
f 5906 5907 5908
f 5908 5907 5909
f 5908 5909 5910
f 5910 5911 5908
f 5911 5906 5908
f 5906 5864 5907
f 5907 5864 5854
f 5907 5854 5909
f 5909 5854 5857
f 5909 5857 5859
f 5909 5859 5910
f 5910 5859 5862
f 5910 5862 5911
f 5911 5862 5906
f 5906 5862 5864
f 5912 5913 5914
f 5914 5913 5915
f 5915 5916 5914
f 5916 5917 5914
f 5917 5912 5914
f 5912 5873 5875
f 5912 5875 5913
f 5913 5875 5865
f 5913 5865 5915
f 5915 5865 5868
f 5915 5868 5916
f 5916 5868 5917
f 5917 5868 5871
f 5917 5871 5873
f 5917 5873 5912
f 5918 5919 5920
f 5918 5920 5921
f 5921 5922 5918
f 5922 5923 5918
f 5923 5924 5918
f 5924 5919 5918
f 5919 5876 5920
f 5920 5876 5921
f 5921 5876 5878
f 5921 5878 5922
f 5922 5878 5881
f 5922 5881 5923
f 5923 5881 5883
f 5923 5883 5924
f 5924 5883 5884
f 5924 5884 5919
f 5919 5884 5876
f 4646 4637 4643
f 5925 5926 5927
f 5927 5926 5928
f 5927 5928 5929
f 5929 5928 5930
f 5929 5930 5931
f 5931 5930 5932
f 5931 5932 5933
f 5933 5932 5934
f 5933 5934 5935
f 5935 5934 5936
f 5935 5936 5937
f 5935 5937 5938
f 5938 5937 5939
f 5938 5939 5940
f 5940 5939 5941
f 5940 5941 5942
f 5942 5941 5943
f 5942 5943 5944
f 5944 5943 5945
f 5944 5945 5946
f 5946 5945 5947
f 5946 5947 5948
f 5948 5947 5949
f 5949 5947 5950
f 5949 5950 5951
f 5951 5950 5952
f 5951 5952 5953
f 5953 5952 5954
f 5953 5954 5955
f 5955 5954 5956
f 5955 5956 5957
f 5957 5956 5958
f 5957 5958 5959
f 5959 5958 5960
f 5959 5960 5961
f 5961 5960 5962
f 5961 5962 5963
f 5961 5963 5964
f 5964 5963 5965
f 5964 5965 5966
f 5966 5965 5967
f 5966 5967 5968
f 5968 5967 5969
f 5968 5969 5970
f 5970 5969 5971
f 5970 5971 5972
f 5972 5971 5973
f 5972 5973 5974
f 5974 5973 5975
f 5975 5973 5976
f 5975 5976 5925
f 5925 5976 5926
f 5977 5978 5979
f 5977 5979 5980
f 5980 5979 5981
f 5980 5981 5982
f 5982 5981 5983
f 5982 5983 5984
f 5984 5983 5985
f 5984 5985 5986
f 5986 5985 5987
f 5986 5987 5988
f 5986 5988 5989
f 5989 5988 5990
f 5989 5990 5991
f 5991 5990 5992
f 5991 5992 5993
f 5993 5992 5994
f 5993 5994 5995
f 5995 5994 5996
f 5996 5994 5997
f 5996 5997 5998
f 5998 5997 5999
f 5998 5999 6000
f 6000 5999 6001
f 6000 6001 6002
f 6002 6001 6003
f 6002 6003 6004
f 6002 6004 6005
f 6005 6004 6006
f 6005 6006 6007
f 6007 6006 6008
f 6007 6008 6009
f 6009 6008 6010
f 6009 6010 6011
f 6011 6010 6012
f 6011 6012 6013
f 6013 6012 6014
f 6013 6014 6015
f 6015 6014 6016
f 6015 6016 6017
f 6017 6016 6018
f 6017 6018 6019
f 6017 6019 6020
f 6020 6019 6021
f 6020 6021 6022
f 6022 6021 6023
f 6022 6023 6024
f 6024 6023 6025
f 6024 6025 6026
f 6026 6025 6027
f 6026 6027 6028
f 6028 6027 6029
f 6028 6029 6030
f 6030 6029 5978
f 6030 5978 5977
f 6031 6032 6033
f 6034 6035 6036
f 6036 6035 6037
f 6036 6037 6038
f 6038 6037 6039
f 6038 6039 6040
f 6040 6039 6041
f 6040 6041 6042
f 6042 6041 6043
f 6044 6045 6046
f 6044 6046 6047
f 6047 6046 6048
f 6047 6048 6049
f 6049 6048 6050
f 6051 6052 6053
f 6051 6053 6054
f 6054 6053 6055
f 6054 6055 6056
f 6056 6055 6057
f 6058 6059 6060
f 6058 6060 6061
f 6061 6060 6032
f 6061 6032 6031
f 6062 6063 6064
f 6065 6066 6067
f 6068 6069 6070
f 6068 6070 6071
f 6071 6070 6072
f 6068 6073 6069
f 6074 6075 6076
f 6076 6075 6077
f 6073 6078 6069
f 6069 6078 6079
f 6074 6078 6075
f 6074 6080 6078
f 6081 6082 6079
f 6079 6082 6083
f 6078 6080 6079
f 6079 6080 6081
f 6082 6084 6083
f 6083 6084 6085
f 6085 6086 6083
f 6083 6086 6067
f 6067 6086 6065
f 6087 6088 6089
f 6087 6089 6090
f 6067 6066 6088
f 6067 6088 6087
f 6091 6092 6093
f 6093 6092 6094
f 6090 6095 6094
f 6094 6095 6096
f 6094 6096 6093
f 6092 6091 6097
f 6097 6091 6098
f 6099 6100 6101
f 6101 6100 6102
f 6101 6102 6098
f 6098 6102 6103
f 6104 6097 6103
f 6097 6104 6105
f 6098 6103 6097
f 6106 6107 6108
f 6106 6108 6109
f 6109 6108 6097
f 6109 6097 6105
f 6108 6107 6110
f 6108 6110 6111
f 6111 6110 6112
f 6113 6114 6115
f 6116 6117 6118
f 6114 6119 6120
f 6120 6119 6121
f 6120 6121 6122
f 6114 6120 6123
f 6114 6123 6115
f 6116 6111 6124
f 6121 6116 6118
f 6121 6118 6122
f 6116 6124 6117
f 6111 6112 6124
f 6116 6121 6125
f 6125 6121 6126
f 6127 6128 6129
f 6129 6128 6125
f 6129 6125 6126
f 6127 6130 6128
f 6128 6130 6131
f 6132 6133 6134
f 6134 6133 6135
f 6134 6135 6136
f 6136 6135 6137
f 6136 6137 6138
f 6136 6138 6064
f 6064 6138 6062
f 6139 6140 6141
f 6142 6143 6144
f 6140 6145 6146
f 6146 6145 6143
f 6146 6143 6147
f 6142 6148 6149
f 6140 6146 6150
f 6140 6150 6141
f 6064 6151 6142
f 6142 6151 6148
f 6143 6142 6149
f 6143 6149 6147
f 6064 6063 6152
f 6064 6152 6151
f 6143 6153 6144
f 6144 6153 6154
f 6144 6154 6155
f 6155 6154 6156
f 6155 6156 6157
f 6155 6157 6158
f 6158 6157 6159
f 6160 6161 6162
f 6162 6161 6163
f 6161 6160 6164
f 6161 6164 6159
f 6165 6158 6164
f 6164 6158 6159
f 6158 6165 6166
f 6158 6166 6167
f 6168 6169 6167
f 6168 6167 6170
f 6170 6167 6166
f 6167 6169 6171
f 6171 6169 6172
f 6171 6172 6173
f 6174 6175 6176
f 6175 6177 6176
f 6173 6178 6171
f 6171 6178 6175
f 6175 6178 6177
f 6179 6072 6174
f 6174 6072 6070
f 6180 6181 6182
f 6182 6181 6179
f 6174 6176 6182
f 6183 6181 6180
f 6179 6174 6182
f 6184 6185 6186
f 6185 6187 6186
f 6115 6188 6189
f 6115 6189 6190
f 6186 6187 6191
f 6191 6187 6192
f 6193 6194 6195
f 6186 6194 6184
f 6194 6186 6195
f 6196 6191 6192
f 6190 6197 6198
f 6195 6199 6193
f 6193 6199 6115
f 6115 6199 6188
f 6198 6197 6196
f 6196 6197 6191
f 6200 6201 6202
f 6200 6202 6203
f 6204 6205 6206
f 6207 6208 6209
f 6209 6208 6206
f 6209 6206 6205
f 6210 6211 6212
f 6212 6211 6200
f 6200 6211 6201
f 6206 6212 6204
f 6213 6214 6215
f 6215 6214 6208
f 6210 6212 6206
f 6202 6214 6203
f 6203 6214 6213
f 6208 6207 6215
f 6090 6216 6095
f 6090 6089 6217
f 6218 6219 6217
f 6217 6219 6216
f 6220 6219 6218
f 6216 6090 6217
f 6221 6222 6223
f 6223 6222 6224
f 6224 6222 6225
f 6226 6224 6225
f 6227 6228 6223
f 6223 6228 6221
f 6229 6230 6231
f 6077 6232 6076
f 6076 6232 6230
f 6230 6233 6231
f 6224 6226 6231
f 6231 6226 6229
f 6234 6227 6223
f 6234 6235 6227
f 6227 6235 6236
f 6236 6235 6237
f 6238 6239 6240
f 6239 6241 6240
f 6240 6241 6242
f 6242 6241 6243
f 6141 6244 6245
f 6141 6245 6246
f 6240 6247 6238
f 6248 6249 6250
f 6250 6249 6242
f 6242 6243 6250
f 6251 6247 6240
f 6246 6249 6248
f 6246 6245 6249
f 6251 6252 6247
f 6247 6252 6141
f 6141 6252 6244
f 6131 6130 6253
f 6132 6134 6254
f 6254 6134 6131
f 6255 6256 6257
f 6257 6256 6190
f 6190 6189 6197
f 6258 6259 6260
f 6258 6260 6253
f 6259 6258 6257
f 6257 6258 6255
f 6253 6260 6131
f 6131 6260 6254
f 6237 6233 6236
f 6236 6233 6230
f 6236 6230 6261
f 6236 6262 6263
f 6230 6232 6261
f 6183 6236 6181
f 6181 6236 6263
f 6262 6236 6261
f 6262 6261 6264
f 6162 6163 6265
f 6162 6265 6246
f 6265 6266 6246
f 6141 6267 6139
f 6266 6268 6267
f 6246 6266 6267
f 6246 6267 6141
f 6269 6203 6100
f 6269 6100 6099
f 6203 6269 6270
f 6271 6272 6200
f 6220 6200 6219
f 6219 6200 6272
f 6203 6270 6200
f 6200 6270 6271
f 6271 6270 6273
f 6115 6274 6113
f 6190 6256 6275
f 6190 6275 6274
f 6190 6274 6115
f 6275 6276 6274
f 6277 6278 6279
f 6277 6279 6280
f 6280 6279 6281
f 6280 6281 6282
f 6283 6284 6285
f 6283 6285 6286
f 6287 6288 6289
f 6287 6289 6290
f 6291 6292 6293
f 6291 6293 6294
f 6295 6296 6297
f 6298 6299 6300
f 6300 6299 6301
f 6302 6303 6304
f 6299 6295 6301
f 6297 6301 6295
f 6297 6296 6304
f 6304 6296 6302
f 6304 6303 6305
f 6305 6303 6306
f 6307 6308 6309
f 6309 6308 6310
f 6311 6309 6310
f 6300 6312 6298
f 6305 6306 6311
f 6305 6310 6313
f 6312 6300 6314
f 6312 6314 6307
f 6307 6314 6308
f 6310 6305 6311
f 6315 6316 6310
f 6310 6316 6313
f 6317 6318 6319
f 6317 6320 6318
f 6321 6322 6323
f 6316 6315 6324
f 6324 6315 6317
f 6324 6317 6319
f 6322 6321 6324
f 6322 6324 6319
f 6325 6326 6327
f 6323 6322 6328
f 6329 6330 6317
f 6317 6330 6320
f 6323 6328 6327
f 6327 6328 6325
f 6326 6325 6329
f 6329 6325 6330
f 6331 6329 6332
f 6332 6329 6317
f 6333 6334 6335
f 6336 6337 6338
f 6339 6340 6336
f 6339 6336 6341
f 6341 6336 6338
f 6338 6337 6331
f 6338 6331 6332
f 6342 6343 6333
f 6335 6344 6342
f 6342 6344 6338
f 6338 6344 6341
f 6342 6333 6335
f 6339 6345 6340
f 6340 6345 6346
f 6347 6346 6348
f 6345 6348 6346
f 6348 6349 6347
f 6347 6349 6350
f 6350 6349 6351
f 6350 6351 6352
f 6350 6352 6333
f 6333 6352 6334
f 6353 6354 6355
f 6355 6354 6343
f 6355 6343 6342
f 6354 6353 6356
f 6357 6358 6356
f 6357 6356 6359
f 6356 6353 6360
f 6356 6360 6359
f 6358 6357 6361
f 6362 6363 6364
f 6357 6365 6361
f 6361 6365 6364
f 6364 6365 6362
f 6363 6362 6366
f 6366 6362 6367
f 6366 6367 6360
f 6360 6367 6368
f 6360 6369 6359
f 6360 6368 6369
f 6370 6366 6371
f 6371 6366 6360
f 6372 6373 6374
f 6375 6376 6377
f 6378 6376 6379
f 6379 6375 6372
f 6372 6375 6373
f 6379 6376 6375
f 6380 6381 6374
f 6374 6381 6371
f 6371 6381 6370
f 6373 6382 6374
f 6374 6382 6383
f 6374 6383 6380
f 6384 6385 6386
f 6387 6388 6389
f 6389 6388 6384
f 6384 6388 6385
f 6383 6390 6380
f 6380 6390 6391
f 6384 6386 6376
f 6376 6386 6377
f 6390 6387 6391
f 6389 6391 6387
f 6392 6393 6394
f 6393 6392 6395
f 6395 6392 6378
f 6395 6378 6379
f 6396 6397 6398
f 6399 6400 6401
f 6401 6400 6397
f 6394 6402 6396
f 6394 6396 6398
f 6397 6396 6401
f 6403 6404 6405
f 6399 6406 6400
f 6406 6399 6403
f 6403 6399 6404
f 6404 6407 6405
f 6408 6402 6393
f 6393 6402 6394
f 6407 6393 6405
f 6407 6408 6393
f 6409 6410 6411
f 6411 6410 6412
f 6409 6411 6413
f 6409 6413 6414
f 6415 6416 6413
f 6412 6410 6417
f 6417 6418 6412
f 6412 6418 6419
f 6414 6413 6420
f 6420 6413 6416
f 6420 6416 6421
f 6412 6419 6422
f 6412 6422 6423
f 6423 6422 6405
f 6405 6422 6403
f 6417 6424 6418
f 6418 6424 6425
f 6426 6427 6428
f 6428 6427 6429
f 6428 6425 6426
f 6430 6429 6427
f 6429 6430 6421
f 6429 6421 6416
f 6424 6426 6425
f 6431 6432 6433
f 6433 6432 6434
f 6434 6432 6415
f 6434 6415 6413
f 6435 6436 6437
f 6438 6439 6440
f 6439 6438 6441
f 6441 6438 6442
f 6441 6442 6435
f 6435 6442 6436
f 6435 6437 6433
f 6433 6437 6443
f 6444 6445 6440
f 6440 6445 6438
f 6431 6433 6443
f 6446 6444 6447
f 6444 6446 6445
f 6431 6443 6446
f 6431 6446 6447
f 6448 6449 6441
f 6448 6441 6435
f 6308 6314 6449
f 6308 6449 6448
f 6450 6342 6338
f 6308 6451 6452
f 6308 6452 6310
f 6453 6454 6455
f 6455 6454 6456
f 6455 6456 6457
f 6455 6457 6458
f 6458 6457 6459
f 6458 6459 6460
f 6460 6459 6461
f 6460 6461 6462
f 6462 6461 6463
f 6463 6461 6464
f 6463 6464 6465
f 6465 6464 6466
f 6465 6466 6467
f 6467 6466 6468
f 6454 6469 6173
f 6454 6173 6470
f 6470 6173 6172
f 6172 6169 6470
f 6470 6169 6468
f 6169 6471 6468
f 6168 6467 6468
f 6168 6468 6471
f 6469 6454 6178
f 6178 6454 6453
f 6472 6473 6474
f 6474 6473 6475
f 6474 6475 6476
f 6474 6476 6477
f 6477 6476 6478
f 6477 6478 6479
f 6479 6478 6480
f 6479 6480 6481
f 6481 6480 6482
f 6482 6480 6483
f 6482 6483 6484
f 6484 6483 6485
f 6484 6485 6486
f 6486 6485 6487
f 6085 6486 6487
f 6085 6487 6488
f 6472 6066 6473
f 6473 6066 6489
f 6473 6489 6490
f 6490 6489 6491
f 6490 6491 6487
f 6491 6086 6487
f 6086 6488 6487
f 6492 6493 6494
f 6494 6493 6495
f 6494 6495 6496
f 6494 6496 6497
f 6497 6496 6498
f 6497 6498 6499
f 6499 6498 6500
f 6499 6500 6501
f 6501 6500 6502
f 6502 6500 6503
f 6502 6503 6504
f 6504 6503 6505
f 6504 6505 6506
f 6506 6505 6507
f 6492 6508 6493
f 6493 6508 6509
f 6493 6509 6510
f 6510 6509 6110
f 6110 6107 6510
f 6510 6107 6507
f 6107 6511 6507
f 6106 6506 6507
f 6106 6507 6511
f 6512 6513 6514
f 6514 6513 6515
f 6514 6515 6516
f 6514 6516 6517
f 6517 6516 6518
f 6517 6518 6519
f 6519 6518 6520
f 6519 6520 6521
f 6521 6520 6522
f 6522 6520 6523
f 6522 6523 6524
f 6524 6523 6525
f 6524 6525 6526
f 6526 6525 6527
f 6512 6063 6513
f 6513 6063 6062
f 6513 6062 6528
f 6513 6528 6529
f 6529 6528 6138
f 6529 6138 6527
f 6138 6137 6527
f 6137 6135 6527
f 6530 6526 6527
f 6530 6527 6135
f 6531 6532 6533
f 6533 6532 6534
f 6534 6183 6533
f 6533 6183 6535
f 6535 6183 6536
f 6536 6180 6535
f 6180 6537 6535
f 6535 6537 6538
f 6539 6538 6537
f 6540 6541 6542
f 6542 6541 6543
f 6074 6543 6541
f 6074 6076 6543
f 6543 6076 6544
f 6076 6230 6544
f 6544 6230 6229
f 6544 6229 6545
f 6545 6229 6546
f 6547 6548 6549
f 6549 6548 6550
f 6102 6550 6548
f 6102 6100 6550
f 6550 6100 6551
f 6100 6203 6551
f 6551 6203 6213
f 6551 6213 6552
f 6552 6213 6553
f 6554 6194 6193
f 6554 6193 6555
f 6193 6123 6555
f 6555 6123 6556
f 6556 6123 6557
f 6557 6120 6556
f 6120 6558 6556
f 6556 6558 6559
f 6560 6559 6558
f 6561 6260 6562
f 6562 6260 6563
f 6259 6563 6260
f 6259 6257 6563
f 6563 6257 6564
f 6257 6190 6564
f 6564 6190 6198
f 6564 6198 6565
f 6565 6198 6566
f 6567 6568 6569
f 6569 6568 6570
f 6570 6150 6569
f 6569 6150 6571
f 6571 6150 6572
f 6572 6146 6571
f 6146 6573 6571
f 6571 6573 6574
f 6575 6574 6573
f 6576 6164 6577
f 6577 6164 6578
f 6160 6578 6164
f 6160 6162 6578
f 6578 6162 6579
f 6162 6246 6579
f 6579 6246 6248
f 6579 6248 6580
f 6580 6248 6581
f 6362 6582 6583
f 6362 6583 6367
f 6367 6583 6368
f 6368 6583 6584
f 6368 6584 6369
f 6369 6584 6585
f 6369 6585 6359
f 6359 6585 6586
f 6359 6586 6357
f 6357 6586 6587
f 6357 6587 6365
f 6365 6587 6582
f 6365 6582 6362
f 6322 6588 6328
f 6328 6588 6589
f 6328 6589 6325
f 6325 6589 6590
f 6325 6590 6330
f 6330 6590 6320
f 6320 6590 6591
f 6320 6591 6318
f 6318 6591 6592
f 6318 6592 6319
f 6319 6592 6593
f 6319 6593 6322
f 6322 6593 6588
f 6443 6594 6446
f 6446 6594 6595
f 6446 6595 6445
f 6445 6595 6596
f 6445 6596 6438
f 6438 6596 6597
f 6438 6597 6442
f 6442 6597 6436
f 6436 6597 6598
f 6436 6598 6437
f 6437 6598 6599
f 6437 6599 6443
f 6443 6599 6594
f 6407 6600 6408
f 6408 6600 6601
f 6408 6601 6402
f 6402 6601 6602
f 6402 6602 6396
f 6396 6602 6603
f 6396 6603 6401
f 6401 6603 6604
f 6401 6604 6399
f 6399 6604 6605
f 6399 6605 6404
f 6404 6605 6407
f 6407 6605 6600
f 6606 6607 6608
f 6608 6607 6609
f 6608 6609 6610
f 6610 6609 6611
f 6610 6611 6612
f 6610 6612 6613
f 6613 6612 6614
f 6613 6614 6615
f 6615 6614 6616
f 6615 6616 6617
f 6617 6616 6618
f 6617 6618 6619
f 6617 6619 6620
f 6620 6619 6621
f 6620 6621 6622
f 6622 6621 6623
f 6622 6623 6624
f 6624 6623 6625
f 6624 6625 6626
f 6624 6626 6627
f 6627 6626 6628
f 6627 6628 6629
f 6629 6628 6630
f 6629 6630 6631
f 6631 6630 6632
f 6631 6632 6633
f 6631 6633 6606
f 6606 6633 6607
f 6284 6634 6285
f 6285 6634 6635
f 6285 6635 6286
f 6286 6635 6636
f 6286 6636 6637
f 6637 6636 6638
f 6637 6638 6288
f 6288 6638 6639
f 6288 6639 6289
f 6289 6639 6640
f 6289 6640 6290
f 6290 6640 6641
f 6290 6641 6642
f 6642 6641 6643
f 6642 6643 6292
f 6292 6643 6644
f 6292 6644 6293
f 6293 6644 6645
f 6293 6645 6294
f 6294 6645 6646
f 6294 6646 6278
f 6278 6646 6647
f 6278 6647 6279
f 6279 6647 6648
f 6279 6648 6281
f 6281 6648 6649
f 6281 6649 6282
f 6282 6649 6650
f 6282 6650 6651
f 6651 6650 6652
f 6651 6652 6284
f 6284 6652 6634
f 6653 6390 6654
f 6654 6390 6383
f 6654 6383 6655
f 6655 6383 6382
f 6655 6382 6656
f 6656 6382 6373
f 6656 6373 6657
f 6657 6373 6658
f 6657 6658 6659
f 6659 6658 6377
f 6659 6377 6660
f 6660 6377 6661
f 6660 6661 6662
f 6662 6661 6663
f 6662 6663 6664
f 6664 6663 6388
f 6664 6388 6387
f 6664 6387 6653
f 6653 6387 6665
f 6653 6665 6390
f 6666 6667 6668
f 6668 6667 6669
f 6668 6669 6426
f 6668 6426 6670
f 6670 6426 6671
f 6670 6671 6424
f 6670 6424 6672
f 6672 6424 6417
f 6672 6417 6673
f 6673 6417 6410
f 6673 6410 6674
f 6674 6410 6409
f 6674 6409 6675
f 6675 6409 6414
f 6675 6414 6676
f 6675 6676 6677
f 6677 6676 6678
f 6677 6678 6679
f 6679 6678 6430
f 6679 6430 6666
f 6666 6430 6667
f 6680 6306 6681
f 6681 6306 6682
f 6681 6682 6683
f 6683 6682 6684
f 6683 6684 6685
f 6685 6684 6296
f 6685 6296 6295
f 6685 6295 6686
f 6686 6295 6299
f 6686 6299 6298
f 6686 6298 6687
f 6687 6298 6312
f 6687 6312 6688
f 6688 6312 6307
f 6688 6307 6689
f 6689 6307 6309
f 6689 6309 6690
f 6690 6309 6691
f 6690 6691 6680
f 6680 6691 6306
f 6692 6344 6693
f 6693 6344 6694
f 6693 6694 6695
f 6695 6694 6334
f 6695 6334 6696
f 6696 6334 6697
f 6696 6697 6698
f 6698 6697 6699
f 6698 6699 6700
f 6700 6699 6349
f 6700 6349 6348
f 6700 6348 6701
f 6701 6348 6702
f 6701 6702 6345
f 6701 6345 6703
f 6703 6345 6704
f 6703 6704 6705
f 6705 6704 6339
f 6705 6339 6341
f 6705 6341 6692
f 6692 6341 6344
f 6614 6706 6707
f 6612 6706 6614
f 6612 6708 6706
f 6708 6612 6709
f 6709 6612 6611
f 6709 6611 6710
f 6710 6611 6609
f 6710 6609 6711
f 6607 6712 6609
f 6609 6712 6711
f 6607 6713 6712
f 6713 6607 6714
f 6714 6607 6633
f 6714 6633 6715
f 6715 6633 6632
f 6715 6632 6716
f 6630 6717 6632
f 6632 6717 6716
f 6628 6718 6630
f 6630 6718 6717
f 6628 6719 6718
f 6628 6720 6719
f 6626 6720 6628
f 6626 6721 6720
f 6721 6626 6722
f 6722 6626 6625
f 6722 6625 6723
f 6723 6625 6623
f 6723 6623 6724
f 6621 6725 6623
f 6623 6725 6724
f 6621 6726 6725
f 6726 6621 6727
f 6727 6621 6619
f 6727 6619 6728
f 6728 6619 6618
f 6728 6618 6729
f 6616 6730 6618
f 6618 6730 6729
f 6707 6731 6614
f 6614 6731 6616
f 6616 6731 6730
f 6646 6732 6647
f 6647 6732 6733
f 6647 6733 6648
f 6648 6733 6734
f 6648 6734 6649
f 6649 6734 6735
f 6649 6735 6650
f 6650 6735 6736
f 6650 6736 6652
f 6652 6736 6737
f 6652 6737 6634
f 6634 6737 6738
f 6634 6738 6635
f 6635 6738 6739
f 6635 6739 6636
f 6636 6739 6740
f 6636 6740 6638
f 6638 6740 6741
f 6638 6741 6639
f 6639 6741 6742
f 6639 6742 6640
f 6640 6742 6743
f 6640 6743 6641
f 6641 6743 6744
f 6641 6744 6643
f 6643 6744 6745
f 6643 6745 6644
f 6644 6745 6746
f 6644 6746 6645
f 6645 6746 6747
f 6645 6747 6646
f 6646 6747 6732
f 6748 6300 6749
f 6749 6300 6301
f 6750 6751 6449
f 6750 6449 6314
f 6750 6314 6752
f 6753 6439 6754
f 6754 6439 6441
f 6755 6431 6756
f 6756 6431 6447
f 6757 6758 6415
f 6757 6415 6432
f 6757 6432 6759
f 6760 6429 6761
f 6761 6429 6416
f 6762 6418 6763
f 6763 6418 6425
f 6764 6765 6422
f 6764 6422 6419
f 6764 6419 6766
f 6767 6406 6768
f 6768 6406 6403
f 6769 6394 6770
f 6770 6394 6398
f 6771 6378 6772
f 6772 6378 6392
f 6772 6392 6773
f 6774 6384 6775
f 6775 6384 6376
f 6776 6380 6777
f 6777 6380 6391
f 6778 6779 6370
f 6778 6370 6381
f 6778 6381 6780
f 6781 6363 6782
f 6782 6363 6366
f 6783 6356 6784
f 6784 6356 6358
f 6785 6343 6786
f 6786 6343 6354
f 6786 6354 6787
f 6788 6350 6789
f 6789 6350 6333
f 6790 6340 6791
f 6791 6340 6346
f 6792 6331 6793
f 6793 6331 6337
f 6793 6337 6794
f 6795 6326 6796
f 6796 6326 6329
f 6797 6324 6798
f 6798 6324 6321
f 6799 6313 6800
f 6800 6313 6316
f 6800 6316 6801
f 6802 6304 6803
f 6803 6304 6305
f 6796 6329 6804
f 6804 6329 6792
f 6792 6329 6331
f 6794 6337 6336
f 6794 6336 6805
f 6805 6336 6340
f 6805 6340 6790
f 6789 6333 6806
f 6806 6333 6785
f 6785 6333 6343
f 6787 6354 6807
f 6807 6354 6783
f 6783 6354 6356
f 6782 6366 6808
f 6808 6366 6809
f 6809 6366 6779
f 6779 6366 6370
f 6780 6381 6810
f 6810 6381 6380
f 6810 6380 6776
f 6775 6376 6811
f 6811 6376 6771
f 6771 6376 6378
f 6773 6392 6812
f 6812 6392 6813
f 6813 6392 6394
f 6813 6394 6769
f 6768 6403 6814
f 6814 6403 6815
f 6815 6403 6422
f 6815 6422 6765
f 6766 6419 6816
f 6816 6419 6418
f 6816 6418 6762
f 6761 6416 6817
f 6817 6416 6758
f 6758 6416 6415
f 6759 6432 6818
f 6818 6432 6431
f 6818 6431 6755
f 6754 6441 6819
f 6819 6441 6751
f 6751 6441 6449
f 6752 6314 6820
f 6820 6314 6821
f 6821 6314 6300
f 6821 6300 6748
f 6801 6316 6822
f 6822 6316 6797
f 6797 6316 6324
f 6803 6305 6823
f 6823 6305 6799
f 6799 6305 6313
f 6824 6825 6826
f 6826 6825 6827
f 6826 6827 6828
f 6828 6827 6829
f 6830 6831 6832
f 6832 6831 6833
f 6832 6833 6834
f 6834 6833 6835
f 6836 6837 6838
f 6838 6837 6839
f 6838 6839 6840
f 6840 6839 6841
f 6842 6843 6844
f 6844 6843 6845
f 6844 6845 6846
f 6846 6845 6847
f 6784 6358 6848
f 6848 6358 6361
f 6770 6398 6849
f 6849 6398 6397
f 6756 6447 6850
f 6850 6447 6444
f 6798 6321 6851
f 6851 6321 6323
f 6852 6440 6753
f 6753 6440 6439
f 6853 6400 6767
f 6767 6400 6406
f 6854 6364 6781
f 6781 6364 6363
f 6855 6327 6795
f 6795 6327 6326
f 6364 6854 6856
f 6856 6848 6361
f 6856 6361 6364
f 6400 6853 6857
f 6857 6849 6397
f 6857 6397 6400
f 6440 6852 6858
f 6858 6850 6444
f 6858 6444 6440
f 6327 6855 6859
f 6859 6851 6323
f 6859 6323 6327
f 6304 6847 6297
f 6843 6301 6297
f 6847 6845 6297
f 6297 6845 6843
f 6350 6841 6347
f 6837 6346 6347
f 6841 6839 6347
f 6347 6839 6837
f 6384 6835 6389
f 6831 6391 6389
f 6835 6833 6389
f 6389 6833 6831
f 6825 6425 6428
f 6429 6829 6428
f 6829 6827 6428
f 6428 6827 6825
f 6843 6842 6301
f 6301 6842 6860
f 6301 6860 6749
f 6802 6861 6304
f 6304 6861 6847
f 6846 6847 6861
f 6837 6836 6346
f 6346 6836 6862
f 6346 6862 6791
f 6788 6863 6350
f 6350 6863 6841
f 6840 6841 6863
f 6831 6830 6391
f 6391 6830 6864
f 6391 6864 6777
f 6774 6865 6384
f 6384 6865 6835
f 6834 6835 6865
f 6760 6866 6429
f 6429 6866 6829
f 6828 6829 6866
f 6825 6824 6425
f 6425 6824 6867
f 6425 6867 6763
f 6733 6615 6734
f 6734 6615 6617
f 6734 6617 6735
f 6735 6617 6736
f 6736 6617 6620
f 6736 6620 6622
f 6736 6622 6737
f 6737 6622 6738
f 6738 6622 6624
f 6738 6624 6739
f 6739 6624 6740
f 6740 6624 6627
f 6740 6627 6629
f 6740 6629 6741
f 6741 6629 6742
f 6742 6629 6631
f 6742 6631 6743
f 6743 6631 6744
f 6744 6631 6606
f 6744 6606 6608
f 6744 6608 6745
f 6745 6608 6746
f 6746 6608 6610
f 6746 6610 6747
f 6747 6610 6732
f 6732 6610 6613
f 6732 6613 6615
f 6732 6615 6733
f 6583 6516 6515
f 6583 6515 6513
f 6583 6513 6584
f 6584 6513 6529
f 6584 6529 6585
f 6585 6529 6527
f 6585 6527 6586
f 6586 6527 6525
f 6586 6525 6587
f 6587 6525 6523
f 6587 6523 6520
f 6587 6520 6582
f 6582 6520 6518
f 6582 6518 6583
f 6583 6518 6516
f 6588 6500 6589
f 6589 6500 6498
f 6589 6498 6590
f 6590 6498 6496
f 6590 6496 6495
f 6590 6495 6493
f 6590 6493 6591
f 6591 6493 6510
f 6591 6510 6592
f 6592 6510 6507
f 6592 6507 6593
f 6593 6507 6505
f 6593 6505 6588
f 6588 6505 6503
f 6588 6503 6500
f 6594 6485 6595
f 6595 6485 6483
f 6595 6483 6480
f 6595 6480 6596
f 6596 6480 6478
f 6596 6478 6597
f 6597 6478 6476
f 6597 6476 6475
f 6597 6475 6473
f 6597 6473 6598
f 6598 6473 6490
f 6598 6490 6599
f 6599 6490 6487
f 6599 6487 6594
f 6594 6487 6485
f 6600 6470 6601
f 6601 6470 6468
f 6601 6468 6602
f 6602 6468 6466
f 6602 6466 6603
f 6603 6466 6464
f 6603 6464 6461
f 6603 6461 6604
f 6604 6461 6459
f 6604 6459 6605
f 6605 6459 6457
f 6605 6457 6456
f 6605 6456 6454
f 6605 6454 6600
f 6600 6454 6470
f 6221 6868 6222
f 6222 6868 6869
f 6222 6869 6870
f 6554 6555 6556
f 6579 6580 6871
f 6531 6533 6535
f 6549 6502 6504
f 6871 6580 6872
f 6551 6552 6574
f 6574 6552 6873
f 6549 6504 6874
f 6574 6550 6551
f 6875 6876 6871
f 6877 6578 6579
f 6506 6878 6504
f 6562 6564 6565
f 6873 6879 6567
f 6458 6538 6455
f 6542 6544 6545
f 6562 6563 6564
f 6574 6569 6571
f 6453 6455 6880
f 6477 6877 6474
f 6542 6543 6544
f 6492 6494 6881
f 6512 6514 6882
f 6878 6874 6504
f 6872 6883 6871
f 6873 6567 6574
f 6574 6567 6569
f 6531 6538 6458
f 6501 6884 6499
f 6455 6538 6880
f 6885 6465 6467
f 6494 6497 6559
f 6517 6574 6514
f 6460 6868 6531
f 6458 6460 6531
f 6472 6474 6886
f 6577 6463 6465
f 6577 6465 6887
f 6554 6559 6497
f 6499 6884 6554
f 6497 6499 6554
f 6514 6574 6882
f 6521 6522 6565
f 6565 6522 6562
f 6562 6522 6524
f 6562 6524 6888
f 6526 6889 6524
f 6524 6889 6888
f 6474 6877 6886
f 6482 6542 6545
f 6482 6545 6481
f 6494 6559 6881
f 6574 6517 6519
f 6549 6884 6502
f 6502 6884 6501
f 6542 6482 6484
f 6542 6484 6890
f 6519 6521 6891
f 6549 6550 6574
f 6879 6873 6872
f 6872 6873 6883
f 6486 6892 6484
f 6885 6887 6465
f 6577 6578 6877
f 6556 6559 6554
f 6891 6884 6549
f 6891 6549 6574
f 6891 6574 6519
f 6521 6565 6891
f 6535 6538 6531
f 6481 6545 6869
f 6479 6481 6869
f 6462 6868 6460
f 6892 6890 6484
f 6871 6876 6579
f 6579 6876 6877
f 6877 6477 6479
f 6577 6868 6463
f 6463 6868 6462
f 6869 6868 6577
f 6869 6577 6877
f 6869 6877 6479
f 6239 6879 6241
f 6241 6879 6872
f 6241 6872 6893
f 6185 6884 6187
f 6187 6884 6891
f 6187 6891 6894
f 6205 6883 6209
f 6209 6883 6873
f 6209 6873 6895
f 6871 6896 6875
f 6875 6896 6897
f 6897 6220 6875
f 6875 6220 6876
f 6876 6220 6898
f 6898 6218 6876
f 6218 6899 6876
f 6876 6899 6877
f 6900 6877 6899
f 6883 6205 6204
f 6883 6204 6871
f 6871 6204 6896
f 6552 6553 6215
f 6552 6215 6873
f 6873 6215 6895
f 6868 6221 6228
f 6868 6228 6531
f 6531 6228 6532
f 6545 6546 6226
f 6545 6226 6869
f 6869 6226 6870
f 6884 6185 6184
f 6884 6184 6554
f 6554 6184 6194
f 6565 6566 6196
f 6565 6196 6891
f 6891 6196 6894
f 6580 6581 6250
f 6580 6250 6872
f 6872 6250 6893
f 6879 6239 6238
f 6879 6238 6567
f 6567 6238 6568
f 6901 6784 6902
f 6903 6848 6904
f 6905 6906 6854
f 6854 6906 6907
f 6908 6848 6909
f 6910 6853 6719
f 6911 6912 6852
f 6852 6912 6913
f 6914 6784 6903
f 6903 6784 6848
f 6905 6849 6723
f 6915 6850 6916
f 6908 6904 6848
f 6853 6910 6917
f 6853 6917 6849
f 6707 6918 6855
f 6919 6710 6851
f 6920 6795 6921
f 6854 6907 6856
f 6856 6907 6922
f 6856 6922 6848
f 6848 6922 6909
f 6923 6924 6925
f 6925 6924 6926
f 6927 6928 6929
f 6930 6931 6798
f 6798 6931 6932
f 6851 6710 6911
f 6908 6838 6904
f 6770 6933 6934
f 6849 6917 6723
f 6935 6936 6937
f 6937 6936 6938
f 6707 6939 6908
f 6908 6939 6838
f 6902 6784 6940
f 6940 6784 6914
f 6941 6770 6942
f 6942 6770 6849
f 6928 6927 6943
f 6719 6944 6915
f 6945 6946 6947
f 6852 6913 6858
f 6858 6913 6948
f 6858 6948 6850
f 6850 6948 6916
f 6935 6949 6852
f 6852 6949 6911
f 6855 6918 6919
f 6855 6919 6859
f 6859 6919 6851
f 6795 6920 6790
f 6795 6790 6855
f 6855 6790 6950
f 6855 6950 6939
f 6855 6939 6707
f 6941 6951 6770
f 6770 6951 6933
f 6952 6905 6854
f 6952 6854 6923
f 6905 6953 6942
f 6905 6942 6849
f 6954 6924 6781
f 6781 6924 6923
f 6781 6923 6854
f 6767 6947 6853
f 6853 6947 6955
f 6853 6955 6944
f 6853 6944 6719
f 6944 6826 6915
f 6915 6826 6956
f 6945 6947 6957
f 6957 6947 6767
f 6957 6767 6958
f 6959 6936 6753
f 6753 6936 6935
f 6753 6935 6852
f 6911 6960 6961
f 6911 6961 6851
f 6851 6961 6962
f 6905 6952 6832
f 6915 6956 6850
f 6850 6956 6927
f 6850 6927 6756
f 6756 6927 6929
f 6932 6931 6963
f 6851 6962 6798
f 6798 6962 6964
f 6798 6964 6930
f 6920 6965 6790
f 6905 6832 6953
f 6954 6966 6924
f 6911 6949 6844
f 6967 6943 6927
f 6911 6844 6960
f 6731 6908 6730
f 6730 6908 6909
f 6730 6909 6729
f 6729 6909 6922
f 6729 6922 6728
f 6728 6922 6907
f 6728 6907 6727
f 6726 6727 6907
f 6726 6907 6906
f 6726 6906 6725
f 6725 6906 6905
f 6725 6905 6724
f 6724 6905 6723
f 6722 6723 6917
f 6722 6917 6721
f 6721 6917 6910
f 6721 6910 6720
f 6720 6910 6719
f 6718 6719 6915
f 6718 6915 6717
f 6717 6915 6916
f 6717 6916 6716
f 6716 6916 6948
f 6716 6948 6715
f 6715 6948 6913
f 6715 6913 6714
f 6713 6714 6913
f 6713 6913 6912
f 6713 6912 6712
f 6712 6912 6911
f 6712 6911 6711
f 6711 6911 6710
f 6709 6710 6919
f 6709 6919 6708
f 6708 6919 6918
f 6708 6918 6706
f 6706 6918 6707
f 6731 6707 6908
f 6954 6808 6966
f 6808 6954 6782
f 6966 6808 6809
f 6966 6809 6779
f 6966 6779 6924
f 6926 6924 6778
f 6926 6778 6780
f 6779 6778 6924
f 6781 6782 6954
f 6926 6810 6925
f 6926 6780 6810
f 6925 6810 6776
f 6776 6777 6925
f 6925 6777 6923
f 6830 6952 6864
f 6777 6864 6923
f 6864 6952 6923
f 6832 6834 6953
f 6832 6952 6830
f 6783 6784 6901
f 6774 6942 6865
f 6834 6865 6953
f 6865 6942 6953
f 6902 6807 6901
f 6902 6787 6807
f 6901 6807 6783
f 6774 6775 6942
f 6942 6775 6941
f 6902 6786 6787
f 6902 6940 6786
f 6786 6940 6785
f 6941 6811 6951
f 6951 6811 6771
f 6941 6775 6811
f 6914 6806 6940
f 6940 6806 6785
f 6914 6789 6806
f 6933 6772 6773
f 6933 6951 6772
f 6772 6951 6771
f 6788 6789 6903
f 6903 6789 6914
f 6934 6933 6812
f 6934 6813 6769
f 6933 6773 6812
f 6934 6812 6813
f 6788 6903 6863
f 6840 6863 6904
f 6863 6903 6904
f 6770 6934 6769
f 6838 6840 6904
f 6838 6939 6836
f 6836 6939 6862
f 6862 6939 6791
f 6791 6939 6950
f 6857 6853 6849
f 6790 6791 6950
f 6965 6805 6790
f 6965 6794 6805
f 6768 6958 6767
f 6965 6920 6793
f 6965 6793 6794
f 6793 6920 6792
f 6957 6958 6814
f 6957 6814 6815
f 6957 6815 6765
f 6958 6768 6814
f 6921 6804 6920
f 6804 6792 6920
f 6921 6796 6804
f 6945 6957 6764
f 6945 6764 6766
f 6957 6765 6764
f 6795 6796 6921
f 6947 6946 6762
f 6945 6766 6946
f 6946 6766 6816
f 6946 6816 6762
f 6762 6763 6955
f 6762 6955 6947
f 6824 6944 6867
f 6867 6944 6763
f 6763 6944 6955
f 6826 6828 6956
f 6826 6944 6824
f 6932 6797 6798
f 6760 6927 6866
f 6866 6927 6828
f 6828 6927 6956
f 6931 6801 6963
f 6963 6801 6822
f 6963 6822 6797
f 6963 6797 6932
f 6760 6761 6927
f 6927 6761 6967
f 6931 6800 6801
f 6931 6930 6800
f 6800 6930 6799
f 6967 6817 6943
f 6943 6817 6758
f 6967 6761 6817
f 6930 6964 6823
f 6964 6803 6823
f 6823 6799 6930
f 6928 6757 6759
f 6928 6943 6757
f 6757 6943 6758
f 6802 6803 6962
f 6962 6803 6964
f 6929 6928 6818
f 6928 6759 6818
f 6929 6818 6755
f 6961 6802 6962
f 6861 6802 6961
f 6846 6861 6961
f 6960 6846 6961
f 6755 6756 6929
f 6844 6846 6960
f 6844 6949 6842
f 6842 6949 6860
f 6749 6860 6935
f 6860 6949 6935
f 6748 6749 6937
f 6937 6749 6935
f 6938 6821 6937
f 6938 6820 6821
f 6937 6821 6748
f 6938 6752 6820
f 6753 6754 6959
f 6938 6936 6752
f 6752 6936 6750
f 6936 6751 6750
f 6959 6819 6936
f 6936 6819 6751
f 6959 6754 6819
f 6968 6969 6970
f 6970 6969 6971
f 6971 6972 6434
f 6434 6972 6973
f 6973 6972 6974
f 6975 6976 6977
f 6975 6977 6978
f 6979 6448 6977
f 6977 6448 6978
f 6979 6980 6448
f 6981 6451 6980
f 6981 6980 6979
f 6451 6981 6982
f 6982 6981 6983
f 6984 6985 6986
f 6984 6987 6985
f 6988 6989 6987
f 6988 6987 6984
f 6989 6988 6990
f 6991 6992 6990
f 6993 6994 6991
f 6994 6993 6995
f 6995 6993 6996
f 6996 6997 6995
f 6996 6998 6999
f 6999 7000 6996
f 6996 7000 6997
f 6998 7001 6999
f 7002 6355 7001
f 7002 7001 6998
f 6355 7002 7003
f 7003 7002 7004
f 7004 7005 6353
f 7006 7007 7005
f 7007 7006 7008
f 7008 7006 7009
f 7008 7009 7010
f 7010 7009 7011
f 7012 7013 7011
f 7011 7013 6372
f 7014 7015 7012
f 7012 7015 7013
f 7015 7014 7016
f 7016 7014 7017
f 7016 7017 7018
f 7018 7017 7019
f 7019 7017 7020
f 7019 7020 7021
f 7022 7023 7020
f 7020 7023 7021
f 7023 7022 6423
f 6423 7022 7024
f 7024 7022 7025
f 7025 6412 7024
f 7025 7026 6412
f 6969 6968 7026
f 6969 7026 7025
f 6705 6692 6698
f 6703 6705 6698
f 6701 6703 6698
f 6698 6700 6701
f 6698 6695 6696
f 6698 6693 6695
f 6698 6692 6693
f 6683 6680 6681
f 6683 6690 6680
f 6683 6689 6690
f 6688 6689 6683
f 6687 6688 6683
f 6686 6687 6683
f 6683 6685 6686
f 6666 6677 6679
f 6666 6675 6677
f 6666 6674 6675
f 6673 6674 6666
f 6672 6673 6666
f 6670 6672 6666
f 6666 6668 6670
f 6653 6662 6664
f 6653 6660 6662
f 6653 6659 6660
f 6653 6657 6659
f 6653 6656 6657
f 6655 6656 6653
f 6654 6655 6653
f 6373 6375 6658
f 6658 6375 6377
f 6377 6386 6661
f 6661 6386 6385
f 6661 6385 6663
f 6663 6385 6388
f 6665 6387 6390
f 6669 6427 6426
f 6671 6426 6424
f 6414 6420 6676
f 6676 6420 6421
f 6676 6421 6678
f 6678 6421 6430
f 6667 6430 6427
f 6667 6427 6669
f 6344 6335 6694
f 6694 6335 6334
f 6334 6352 6697
f 6697 6352 6351
f 6697 6351 6699
f 6699 6351 6349
f 6702 6348 6345
f 6345 6339 6704
f 6306 6303 6682
f 6682 6303 6302
f 6682 6302 6684
f 6684 6302 6296
f 6691 6309 6311
f 6691 6311 6306
f 7027 7028 7029
f 7029 7028 7030
f 7030 7031 7029
f 7029 7031 7032
f 7029 7032 7033
f 7033 7034 7029
f 7034 7035 7029
f 7035 7036 7029
f 7029 7036 7027
f 7027 6233 7028
f 7028 6233 6237
f 7028 6237 7030
f 7030 6237 6235
f 7030 6235 7031
f 7031 6235 6234
f 7031 6234 7032
f 7032 6234 6223
f 7032 6223 7033
f 7033 6223 6224
f 7033 6224 7034
f 7034 6224 6231
f 7034 6231 7035
f 7035 6231 7036
f 7036 6231 6233
f 7036 6233 7027
f 7037 7038 7039
f 7039 7038 7040
f 7040 7041 7039
f 7039 7041 7042
f 7042 7043 7039
f 7039 7043 7044
f 7039 7044 7045
f 7045 7046 7039
f 7046 7037 7039
f 7037 6249 7038
f 7038 6249 6245
f 7038 6245 7040
f 7040 6245 7041
f 7041 6245 6244
f 7041 6244 7042
f 7042 6244 6252
f 7042 6252 7043
f 7043 6252 6251
f 7043 6251 7044
f 7044 6251 6240
f 7044 6240 7045
f 7045 6240 6242
f 7045 6242 7046
f 7046 6242 6249
f 7046 6249 7037
f 7047 7048 7049
f 7048 7050 7049
f 7050 7051 7049
f 7049 7051 7052
f 7052 7053 7049
f 7049 7053 7054
f 7054 7055 7049
f 7049 7055 7056
f 7049 7056 7047
f 7047 6186 6191
f 7047 6191 7048
f 7048 6191 6197
f 7048 6197 7050
f 7050 6197 7051
f 7051 6197 6189
f 7051 6189 7052
f 7052 6189 7053
f 7053 6189 6188
f 7053 6188 7054
f 7054 6188 6199
f 7054 6199 7055
f 7055 6199 6195
f 7055 6195 7056
f 7056 6195 6186
f 7056 6186 7047
f 7057 7058 7059
f 7057 7059 7060
f 7060 7061 7057
f 7061 7062 7057
f 7062 7063 7057
f 7057 7063 7064
f 7064 7065 7057
f 7057 7065 7066
f 7066 7058 7057
f 7058 6210 7059
f 7059 6210 6206
f 7059 6206 7060
f 7060 6206 6208
f 7060 6208 7061
f 7061 6208 6214
f 7061 6214 7062
f 7062 6214 7063
f 7063 6214 6202
f 7063 6202 7064
f 7064 6202 7065
f 7065 6202 6201
f 7065 6201 7066
f 7066 6201 6211
f 7066 6211 7058
f 7058 6211 6210
f 7067 7068 7069
f 6263 7070 7067
f 7067 7070 7068
f 7071 6073 6068
f 7071 6068 7072
f 6072 7073 6071
f 6071 7073 7072
f 6071 7072 6068
f 6077 7074 6232
f 6075 7075 6077
f 6077 7075 7074
f 7076 7077 6264
f 7076 6264 7078
f 7078 6264 7079
f 7078 7079 7080
f 7072 7074 7075
f 7078 7072 7076
f 7076 7072 7068
f 7076 7068 7070
f 7075 7071 7072
f 7072 7073 7068
f 7072 7078 7080
f 7072 7080 7074
f 7080 7079 7081
f 7080 7081 7074
f 7074 7081 6232
f 7070 6263 7077
f 7070 7077 7076
f 7075 6075 7082
f 7075 7082 7071
f 7071 7082 6073
f 7073 6072 7083
f 7073 7083 7068
f 7068 7083 7069
f 6140 7084 6145
f 6139 7085 6140
f 6140 7085 7084
f 7086 6157 6156
f 7086 6156 7087
f 7087 6156 6154
f 6153 7088 6154
f 6154 7088 7087
f 6163 7089 6265
f 6161 7090 6163
f 6163 7090 7089
f 7091 7092 6268
f 7091 6268 7093
f 7093 6268 7094
f 7093 7094 7095
f 7091 7093 7087
f 7087 7089 7090
f 7087 7090 7086
f 7085 7091 7084
f 7084 7091 7087
f 7084 7087 7088
f 7087 7093 7095
f 7087 7095 7089
f 6114 7096 6119
f 6113 7097 6114
f 6114 7097 7096
f 7098 7099 6127
f 7098 6127 7100
f 6126 7101 6129
f 6129 7101 7100
f 6129 7100 6127
f 6255 7102 7103
f 6258 7104 6255
f 6255 7104 7102
f 7105 7106 6276
f 7105 6276 7107
f 7107 6276 6275
f 7107 6275 7108
f 7100 7107 7108
f 7100 7102 7104
f 7107 7100 7105
f 7105 7100 7096
f 7105 7096 7097
f 7102 7100 7108
f 7104 7098 7100
f 7100 7101 7096
f 7109 7110 7111
f 6272 7112 7109
f 7109 7112 7110
f 7113 7114 6093
f 7113 6093 7115
f 7115 6093 6096
f 6095 7116 6096
f 6096 7116 7115
f 7117 6269 6099
f 6101 7118 6099
f 6099 7118 7117
f 7119 7120 6273
f 7119 6273 7121
f 7121 6273 7122
f 7121 7122 7123
f 7115 7117 7118
f 7121 7115 7119
f 7119 7115 7110
f 7119 7110 7112
f 7118 7113 7115
f 7115 7116 7110
f 7115 7121 7123
f 7115 7123 7117
f 7123 7122 7124
f 7123 7124 7117
f 7117 7124 6269
f 7112 6272 7120
f 7112 7120 7119
f 7118 6101 6098
f 7118 6098 7113
f 7113 6098 7114
f 7116 6095 7125
f 7116 7125 7110
f 7110 7125 7111
f 7108 6275 7126
f 7108 7126 7102
f 7102 7126 7103
f 7097 6113 7106
f 7097 7106 7105
f 7104 6258 6253
f 7104 6253 7098
f 7098 6253 7099
f 7101 6126 6121
f 7101 6121 7096
f 7096 6121 7127
f 7096 7127 6119
f 7095 7094 7128
f 7095 7128 7089
f 7089 7128 6265
f 7085 6139 7092
f 7085 7092 7091
f 7090 6161 7129
f 7090 7129 7086
f 7086 7129 6157
f 7088 6153 6143
f 7088 6143 7084
f 7084 6143 7130
f 7084 7130 6145
f 6877 6089 7131
f 6877 7131 6886
f 7131 7132 6886
f 6886 7132 6472
f 6472 7132 6066
f 6467 6168 6170
f 6467 6170 6885
f 6170 6166 6885
f 6885 6166 6887
f 6887 6166 6165
f 6574 6148 7133
f 6574 7133 6882
f 7133 6151 6882
f 6882 6151 6512
f 6512 6151 6152
f 6512 6152 6063
f 6526 6530 6133
f 6526 6133 6889
f 6133 6132 6889
f 6889 6132 6888
f 6888 6132 6254
f 6559 6117 7134
f 6559 7134 6881
f 7134 7135 6881
f 6881 7135 6492
f 6492 7135 6508
f 6506 6106 6109
f 6506 6109 6878
f 6109 6105 6878
f 6878 6105 6874
f 6874 6105 6104
f 6486 6085 6084
f 6486 6084 6892
f 6084 6082 6892
f 6892 6082 6890
f 6890 6082 6081
f 6538 6176 7136
f 6538 7136 6880
f 7136 7137 6880
f 6880 7137 6453
f 6453 7137 6178
f 6877 6900 6089
f 6890 6081 6540
f 6890 6540 6542
f 6538 6539 6176
f 6887 6165 6576
f 6887 6576 6577
f 6574 6575 6148
f 6888 6254 6561
f 6888 6561 6562
f 6559 6560 6117
f 6874 6104 6547
f 6874 6547 6549
f 6176 6539 6182
f 6539 6537 6182
f 6182 6537 6180
f 6180 6536 6183
f 6227 6236 6534
f 6534 6236 6183
f 6227 6534 6532
f 6178 7137 6177
f 6177 7137 7136
f 6177 7136 6176
f 6532 6228 6227
f 6471 6169 6168
f 6178 6173 6469
f 6222 6870 6225
f 6226 6225 6870
f 6540 6080 6541
f 6074 6541 6080
f 6546 6229 6226
f 6576 6165 6164
f 6581 6248 6250
f 6081 6080 6540
f 6250 6243 6893
f 6241 6893 6243
f 6066 6065 6489
f 6489 6065 6491
f 6488 6086 6085
f 6065 6086 6491
f 6568 6238 6247
f 6066 7132 6088
f 6088 7132 7131
f 6088 7131 6089
f 6149 6575 6147
f 6147 6575 6573
f 6147 6573 6146
f 6146 6572 6150
f 6247 6141 6570
f 6570 6141 6150
f 6247 6570 6568
f 6089 6900 6217
f 6148 6575 6149
f 6900 6899 6217
f 6217 6899 6218
f 6218 6898 6220
f 6212 6200 6897
f 6897 6200 6220
f 6212 6897 6896
f 6151 7133 6148
f 6896 6204 6212
f 6062 6138 6528
f 6209 6895 6207
f 6133 6530 6135
f 6215 6207 6895
f 6547 6103 6548
f 6102 6548 6103
f 6553 6213 6215
f 6561 6254 6260
f 6566 6198 6196
f 6104 6103 6547
f 6196 6192 6894
f 6187 6894 6192
f 6509 6112 6110
f 6511 6107 6106
f 6508 6112 6509
f 6508 7135 6124
f 6508 6124 6112
f 6124 7135 7134
f 6124 7134 6117
f 6118 6560 6122
f 6122 6560 6558
f 6115 6123 6193
f 6122 6558 6120
f 6120 6557 6123
f 6117 6560 6118
f 6274 7106 6113
f 6119 7127 6121
f 6274 6276 7106
f 6127 7099 6130
f 6256 7103 7126
f 6256 7126 6275
f 6130 7099 6253
f 6255 7103 6256
f 6269 7124 6270
f 7124 7122 6270
f 6271 6273 7120
f 6273 6270 7122
f 6271 7120 6272
f 6091 7114 6098
f 7109 7111 6219
f 6272 7109 6219
f 6093 7114 6091
f 6219 7111 6216
f 6216 7111 7125
f 6216 7125 6095
f 6145 7130 6143
f 6159 7129 6161
f 6157 7129 6159
f 6267 7092 6139
f 6267 6268 7092
f 6268 6266 7094
f 6265 7128 6266
f 7128 7094 6266
f 6262 7077 6263
f 7067 7069 6181
f 6263 7067 6181
f 6262 6264 7077
f 6264 6261 7079
f 6181 7069 6179
f 6179 7069 7083
f 6179 7083 6072
f 6232 7081 6261
f 7081 7079 6261
f 6078 7082 6075
f 6073 7082 6078
f 6433 6976 6975
f 7007 7008 6371
f 6433 6975 6435
f 6435 6975 6978
f 6451 6982 6452
f 6452 6982 6983
f 6452 6983 6310
f 6310 6983 6986
f 6317 6990 6992
f 6992 6991 6332
f 6332 6991 6994
f 6997 7000 6450
f 7010 7011 6374
f 6374 7011 6372
f 7013 7015 6379
f 6379 7015 7016
f 6395 7016 7018
f 6974 6433 6973
f 6971 6434 6970
f 6970 6413 6968
f 6968 6411 7026
f 7023 6423 6405
f 7023 6405 7021
f 6332 6994 6338
f 6994 6995 6338
f 6338 6995 6997
f 6450 7000 6999
f 6999 7001 6342
f 7005 7007 6360
f 7018 7019 6393
f 7026 6411 6412
f 6412 6423 7024
f 6435 6978 6448
f 6448 6980 6308
f 6308 6980 6451
f 6379 7016 6395
f 6434 6413 6970
f 6353 7005 6360
f 6317 6992 6332
f 6338 6997 6450
f 6450 6999 6342
f 7003 7004 6353
f 7003 6353 6355
f 6360 7007 6371
f 6371 7010 6374
f 6372 7013 6379
f 6395 7018 6393
f 6973 6433 6434
f 6968 6413 6411
f 6976 6433 6974
f 6986 6985 6310
f 6985 6987 6315
f 6985 6315 6310
f 6987 6989 6315
f 6315 6989 6317
f 6989 6990 6317
f 7001 6355 6342
f 7008 7010 6371
f 7019 7021 6393
f 6393 7021 6405
f 6131 7138 6128
f 6128 7138 7139
f 6134 7140 6131
f 6131 7140 7138
f 6136 7141 6134
f 6134 7141 7140
f 6064 7142 6136
f 6136 7142 7141
f 6142 7143 6064
f 6064 7143 7142
f 6144 7144 6142
f 6142 7144 7143
f 6155 7145 6144
f 6144 7145 7144
f 6158 7146 6155
f 6155 7146 7145
f 6167 7147 6158
f 6158 7147 7146
f 6171 7148 6167
f 6167 7148 7147
f 6175 7149 6171
f 6171 7149 7148
f 6174 7150 6175
f 6175 7150 7149
f 6070 7151 6174
f 6174 7151 7150
f 6069 7152 6070
f 6070 7152 7151
f 6069 7153 7152
f 6079 7154 6069
f 6069 7154 7153
f 6083 7155 6079
f 6079 7155 7154
f 6067 7156 6083
f 6083 7156 7155
f 6087 7157 6067
f 6067 7157 7156
f 6090 7158 6087
f 6087 7158 7157
f 6094 7159 6090
f 6090 7159 7158
f 6092 7160 6094
f 6094 7160 7159
f 6097 7161 6092
f 6092 7161 7160
f 6108 7162 6097
f 6097 7162 7161
f 6111 7163 6108
f 6108 7163 7162
f 6116 7164 6111
f 6111 7164 7163
f 6125 7165 6116
f 6116 7165 7164
f 6128 7139 6125
f 6125 7139 7165
f 6969 7166 6971
f 6971 7166 7167
f 6971 7167 6972
f 6972 7167 7168
f 6972 7168 6974
f 6974 7168 6976
f 6976 7168 7169
f 6976 7169 6977
f 6977 7169 7170
f 6977 7170 6979
f 6979 7170 7171
f 6979 7171 6981
f 6981 7171 7172
f 7012 7173 7174
f 7012 7174 7014
f 7014 7174 7175
f 7014 7175 7017
f 7017 7175 7176
f 7017 7176 7020
f 7020 7176 7177
f 7020 7177 7022
f 7022 7177 7178
f 7022 7178 7025
f 7025 7178 7179
f 7025 7179 6969
f 6969 7179 7166
f 6981 7172 6983
f 6983 7172 7180
f 6983 7180 6986
f 6986 7180 7181
f 6986 7181 6984
f 6984 7181 6988
f 6988 7181 7182
f 6988 7182 6990
f 6990 7182 7183
f 6990 7183 6991
f 6991 7183 7184
f 6991 7184 6993
f 6993 7184 7185
f 6993 7185 6996
f 6996 7185 7186
f 6996 7186 6998
f 6998 7186 7187
f 6998 7187 7002
f 7002 7187 7188
f 7002 7188 7004
f 7004 7188 7005
f 7005 7188 7189
f 7005 7189 7006
f 7006 7189 7190
f 7006 7190 7009
f 7009 7190 7191
f 7009 7191 7011
f 7011 7191 7012
f 7012 7191 7173
f 7192 7193 7194
f 7195 7196 7192
f 7192 7196 7193
f 7197 7198 7195
f 7195 7198 7196
f 7199 7200 7197
f 7197 7200 7198
f 7201 7202 7199
f 7199 7202 7200
f 7203 7204 7201
f 7201 7204 7202
f 7205 7206 7203
f 7203 7206 7204
f 7207 7208 7205
f 7205 7208 7206
f 7209 7210 7207
f 7207 7210 7208
f 7211 7212 7209
f 7209 7212 7210
f 7213 7214 7211
f 7211 7214 7212
f 7215 7216 7213
f 7213 7216 7214
f 7217 7218 7215
f 7215 7218 7216
f 7219 7220 7217
f 7217 7220 7218
f 7221 7222 7219
f 7219 7222 7220
f 7223 7224 7221
f 7221 7224 7222
f 7223 7225 7224
f 7226 7225 7223
f 7226 7227 7225
f 7228 7227 7226
f 7228 7229 7227
f 7230 7229 7228
f 7230 7231 7229
f 7232 7231 7230
f 7232 7233 7231
f 7234 7233 7232
f 7234 7235 7233
f 7236 7235 7234
f 7236 7237 7235
f 7238 7237 7236
f 7238 7239 7237
f 7240 7239 7238
f 7240 7241 7239
f 7242 7241 7240
f 7242 7243 7241
f 7244 7243 7242
f 7244 7245 7243
f 7246 7245 7244
f 7246 7247 7245
f 7248 7247 7246
f 7248 7249 7247
f 7194 7249 7248
f 7194 7193 7249
f 7152 7153 7250
f 7250 7153 7251
f 7153 7154 7251
f 7251 7154 6050
f 7154 7155 6050
f 6050 7155 6049
f 7155 7156 6049
f 6049 7156 6047
f 7156 7157 6047
f 6047 7157 6044
f 7157 7158 6044
f 6044 7158 6045
f 7158 7159 6045
f 6045 7159 7252
f 7159 7160 7252
f 7252 7160 7253
f 7160 7161 7253
f 7253 7161 6043
f 7161 7162 6043
f 6043 7162 6042
f 7162 7163 6042
f 6042 7163 6040
f 7163 7164 6040
f 6040 7164 6038
f 7164 7165 6038
f 6038 7165 6036
f 7165 7139 6036
f 6036 7139 6034
f 7139 7138 6034
f 6034 7138 6033
f 7138 7140 6033
f 6033 7140 6031
f 7140 7141 6031
f 6031 7141 6061
f 7141 7142 6061
f 6061 7142 6058
f 7142 7143 6058
f 6058 7143 6059
f 7143 7144 6059
f 6059 7144 7254
f 7144 7145 7254
f 7254 7145 7255
f 7145 7146 7255
f 7255 7146 6057
f 7146 7147 6057
f 6057 7147 6056
f 7147 7148 6056
f 7148 7149 6056
f 6056 7149 6054
f 7149 7150 6054
f 6054 7150 6051
f 7150 7151 6051
f 6051 7151 6052
f 6052 7151 7152
f 6052 7152 7250
f 6277 6294 6278
f 6277 6291 6294
f 6642 6292 6277
f 6277 6292 6291
f 6277 6290 6642
f 6277 6287 6290
f 6637 6288 6277
f 6277 6288 6287
f 6277 6286 6637
f 6277 6283 6286
f 6651 6284 6277
f 6277 6284 6283
f 6277 6282 6651
f 6277 6280 6282
f 5970 6021 6019
f 5970 6019 5968
f 5968 6019 6018
f 5968 6018 5966
f 5966 6018 6016
f 5966 6016 5964
f 5964 6016 6014
f 5964 6014 5961
f 5961 6014 6012
f 5961 6012 5959
f 5959 6012 6010
f 5959 6010 5957
f 5957 6010 6008
f 5957 6008 5955
f 5955 6008 6006
f 5955 6006 5953
f 5953 6006 6004
f 5953 6004 5951
f 5935 5985 5933
f 5933 5985 5983
f 5933 5983 5931
f 5931 5983 5981
f 5931 5981 5929
f 5929 5981 5979
f 5929 5979 5927
f 5927 5979 5978
f 5927 5978 5925
f 5925 5978 6029
f 5925 6029 5975
f 5975 6029 6027
f 5975 6027 5974
f 5974 6027 6025
f 5974 6025 5972
f 5972 6025 6023
f 5972 6023 5970
f 5970 6023 6021
f 5951 6004 6003
f 5951 6003 5949
f 5949 6003 6001
f 5949 6001 5948
f 5948 6001 5999
f 5948 5999 5946
f 5946 5999 5997
f 5946 5997 5944
f 5944 5997 5994
f 5944 5994 5942
f 5942 5994 5992
f 5942 5992 5940
f 5940 5992 5990
f 5940 5990 5938
f 5938 5990 5988
f 5938 5988 5935
f 5935 5988 5987
f 5935 5987 5985
f 7256 7257 7258
f 7256 7258 7259
f 7259 7258 7260
f 7261 7260 7262
f 7262 7263 7264
f 7264 7263 7265
f 7264 7265 7266
f 7266 7265 7267
f 7266 7267 7268
f 7268 7267 7269
f 7268 7269 7270
f 7270 7269 7271
f 7271 7272 7273
f 7273 7272 7274
f 7274 7275 7276
f 7276 7275 7277
f 7277 7278 7279
f 7279 7278 7280
f 7281 7280 7282
f 7282 7283 7284
f 7284 7283 7285
f 7284 7285 7286
f 7286 7285 7287
f 7286 7287 7288
f 7288 7287 7289
f 7290 7289 7291
f 7291 7292 7293
f 7293 7292 7294
f 7293 7294 7295
f 7295 7294 7296
f 7295 7296 7297
f 7297 7296 7298
f 7297 7298 7299
f 7299 7298 7300
f 7300 7301 7302
f 7302 7301 7303
f 7303 7304 7305
f 7305 7304 7306
f 7306 7307 7308
f 7308 7307 7309
f 7310 7309 7311
f 7311 7312 7313
f 7313 7312 7257
f 7313 7257 7256
f 6002 7285 7283
f 6002 7283 7282
f 6002 7282 6000
f 6000 7282 7280
f 6000 7280 5998
f 5998 7280 7278
f 5998 7278 5996
f 5996 7278 7277
f 5996 7277 7275
f 5996 7275 5995
f 5995 7275 7274
f 5995 7274 5993
f 5993 7274 7272
f 5993 7272 5991
f 5991 7272 7271
f 5991 7271 7269
f 5991 7269 5989
f 5989 7269 7267
f 5989 7267 5986
f 5986 7267 7265
f 5986 7265 5984
f 5984 7265 7263
f 5984 7263 7262
f 5984 7262 5982
f 5982 7262 7260
f 5982 7260 5980
f 5980 7260 7258
f 5980 7258 5977
f 5977 7258 7257
f 5977 7257 6030
f 6030 7257 7312
f 6030 7312 6028
f 6028 7312 7311
f 6028 7311 6026
f 6026 7311 7309
f 6026 7309 6024
f 6024 7309 7307
f 6024 7307 6022
f 6022 7307 7306
f 6022 7306 7304
f 6022 7304 6020
f 6020 7304 7303
f 6020 7303 6017
f 6017 7303 7301
f 6017 7301 7300
f 6017 7300 6015
f 6015 7300 7298
f 6015 7298 6013
f 6013 7298 7296
f 6013 7296 6011
f 6011 7296 7294
f 6011 7294 7292
f 6011 7292 6009
f 6009 7292 7291
f 6009 7291 6007
f 6007 7291 7289
f 6007 7289 6005
f 6005 7289 7287
f 6005 7287 7285
f 6005 7285 6002
f 7314 7315 7316
f 7316 7315 7317
f 7317 7315 7318
f 7317 7318 7319
f 7319 7318 7320
f 7319 7320 7321
f 7321 7320 7322
f 7321 7322 7323
f 7323 7322 7324
f 7323 7324 7325
f 7324 7326 7325
f 7325 7326 7327
f 7327 7326 7328
f 7327 7328 7329
f 7329 7328 7330
f 7329 7330 7331
f 7331 7330 7332
f 7331 7332 7333
f 7333 7332 7334
f 7333 7334 7335
f 7336 7337 7338
f 7338 7337 7339
f 7338 7339 7340
f 7340 7339 7341
f 7340 7341 7342
f 7342 7341 7343
f 7342 7343 7344
f 7344 7343 7345
f 7344 7345 7346
f 7346 7345 7347
f 7346 7347 7348
f 7348 7347 7349
f 7348 7349 7350
f 7350 7349 7351
f 7350 7351 7352
f 7352 7351 7353
f 7352 7353 7354
f 7354 7353 7355
f 7355 7353 7356
f 7355 7356 7314
f 7314 7356 7357
f 7314 7357 7315
f 7334 7358 7335
f 7335 7358 7359
f 7359 7358 7360
f 7359 7360 7361
f 7361 7360 7362
f 7361 7362 7363
f 7363 7362 7364
f 7363 7364 7365
f 7365 7364 7366
f 7366 7364 7367
f 7366 7367 7336
f 7336 7367 7337
f 7221 6035 7223
f 7223 6035 6034
f 7223 6034 7226
f 7226 6034 6033
f 7226 6033 7228
f 7228 6033 6032
f 7228 6032 7230
f 7230 6032 7232
f 7232 6032 6060
f 7232 6060 7234
f 7234 6060 6059
f 7234 6059 7236
f 7236 6059 7254
f 7236 7254 7238
f 7238 7254 7255
f 7238 7255 7240
f 7240 7255 6057
f 7240 6057 7242
f 7242 6057 6055
f 7242 6055 7244
f 7244 6055 7246
f 7246 6055 6053
f 7246 6053 7248
f 7248 6053 6052
f 7248 6052 7194
f 7194 6052 7250
f 7194 7250 7192
f 7192 7250 7195
f 7195 7250 7251
f 7195 7251 7197
f 7197 7251 6050
f 7197 6050 7199
f 7199 6050 6048
f 7199 6048 7201
f 7201 6048 6046
f 7201 6046 7203
f 7203 6046 7205
f 7205 6046 6045
f 7205 6045 7207
f 7207 6045 7252
f 7207 7252 7209
f 7209 7252 7253
f 7209 7253 7211
f 7211 7253 6043
f 7211 6043 7213
f 7213 6043 6041
f 7213 6041 7215
f 7215 6041 6039
f 7215 6039 7217
f 7217 6039 7219
f 7219 6039 6037
f 7219 6037 7221
f 7221 6037 6035
f 7222 7331 7220
f 7220 7331 7333
f 7335 7218 7333
f 7333 7218 7220
f 7359 7216 7335
f 7335 7216 7218
f 7361 7214 7359
f 7359 7214 7216
f 7363 7212 7361
f 7361 7212 7214
f 7365 7210 7363
f 7363 7210 7212
f 7366 7208 7365
f 7365 7208 7210
f 7336 7206 7366
f 7366 7206 7208
f 7202 7204 7338
f 7338 7204 7336
f 7336 7204 7206
f 7200 7202 7340
f 7340 7202 7338
f 7198 7200 7342
f 7342 7200 7340
f 7196 7198 7344
f 7344 7198 7342
f 7193 7196 7346
f 7346 7196 7344
f 7350 7249 7348
f 7348 7249 7193
f 7348 7193 7346
f 7352 7247 7350
f 7350 7247 7249
f 7354 7245 7352
f 7352 7245 7247
f 7355 7243 7354
f 7354 7243 7245
f 7314 7241 7355
f 7355 7241 7243
f 7316 7239 7314
f 7314 7239 7241
f 7317 7237 7316
f 7316 7237 7239
f 7319 7235 7317
f 7317 7235 7237
f 7321 7233 7319
f 7319 7233 7235
f 7323 7231 7321
f 7321 7231 7233
f 7325 7229 7323
f 7323 7229 7231
f 7327 7227 7325
f 7325 7227 7229
f 7329 7225 7327
f 7327 7225 7227
f 7331 7222 7224
f 7331 7224 7329
f 7329 7224 7225
f 7286 7330 7284
f 7284 7330 7328
f 7284 7328 7282
f 7282 7328 7281
f 7281 7328 7326
f 7281 7326 7280
f 7280 7326 7279
f 7279 7326 7324
f 7279 7324 7277
f 7277 7324 7322
f 7277 7322 7276
f 7276 7322 7320
f 7276 7320 7274
f 7274 7320 7273
f 7273 7320 7318
f 7273 7318 7271
f 7271 7318 7270
f 7270 7318 7315
f 7270 7315 7268
f 7268 7315 7357
f 7268 7357 7266
f 7266 7357 7356
f 7266 7356 7264
f 7264 7356 7353
f 7264 7353 7262
f 7262 7353 7261
f 7261 7353 7351
f 7261 7351 7260
f 7260 7351 7259
f 7259 7351 7349
f 7259 7349 7256
f 7256 7349 7347
f 7256 7347 7313
f 7313 7347 7345
f 7313 7345 7311
f 7311 7345 7310
f 7310 7345 7343
f 7310 7343 7309
f 7309 7343 7308
f 7308 7343 7341
f 7308 7341 7306
f 7306 7341 7339
f 7306 7339 7305
f 7305 7339 7337
f 7305 7337 7303
f 7303 7337 7302
f 7302 7337 7367
f 7302 7367 7300
f 7300 7367 7299
f 7299 7367 7364
f 7299 7364 7297
f 7297 7364 7362
f 7297 7362 7295
f 7295 7362 7360
f 7295 7360 7293
f 7293 7360 7358
f 7293 7358 7291
f 7291 7358 7290
f 7290 7358 7334
f 7290 7334 7289
f 7289 7334 7288
f 7288 7334 7332
f 7288 7332 7286
f 7286 7332 7330
f 7186 7368 7187
f 7187 7368 7369
f 7187 7369 7188
f 7188 7369 7370
f 7188 7370 7189
f 7189 7370 7371
f 7189 7371 7190
f 7190 7371 7372
f 7190 7372 7191
f 7191 7372 7373
f 7191 7373 7173
f 7173 7373 7374
f 7173 7374 7174
f 7174 7374 7175
f 7175 7374 7375
f 7175 7375 7376
f 7175 7376 7176
f 7176 7376 7177
f 7177 7376 7377
f 7177 7377 7378
f 7177 7378 7178
f 7178 7378 7379
f 7178 7379 7179
f 7179 7379 7380
f 7179 7380 7166
f 7166 7380 7381
f 7166 7381 7167
f 7167 7381 7382
f 7167 7382 7168
f 7168 7382 7383
f 7168 7383 7169
f 7169 7383 7384
f 7169 7384 7170
f 7170 7384 7385
f 7170 7385 7171
f 7171 7385 7386
f 7171 7386 7172
f 7172 7386 7387
f 7172 7387 7180
f 7180 7387 7388
f 7180 7388 7181
f 7181 7388 7389
f 7181 7389 7182
f 7182 7389 7390
f 7182 7390 7183
f 7183 7390 7391
f 7183 7391 7184
f 7184 7391 7392
f 7184 7392 7185
f 7185 7392 7393
f 7185 7393 7186
f 7186 7393 7368
f 7381 7380 5976
f 5976 7380 5926
f 5926 7380 7379
f 5926 7379 5928
f 5928 7379 7378
f 5928 7378 5930
f 5930 7378 7377
f 5930 7377 5932
f 5932 7377 7376
f 5932 7376 5934
f 5934 7376 7375
f 5934 7375 5936
f 5936 7375 7374
f 5936 7374 5937
f 5937 7374 7373
f 5937 7373 5939
f 5939 7373 5941
f 5941 7373 7372
f 5941 7372 5943
f 5943 7372 7371
f 5943 7371 7370
f 5943 7370 5945
f 5945 7370 7369
f 5945 7369 5947
f 5947 7369 7368
f 5947 7368 5950
f 5950 7368 7393
f 5950 7393 5952
f 5952 7393 7392
f 5952 7392 5954
f 5954 7392 7391
f 5954 7391 5956
f 5956 7391 7390
f 5956 7390 5958
f 5958 7390 7389
f 5958 7389 5960
f 5960 7389 5962
f 5962 7389 7388
f 5962 7388 5963
f 5963 7388 7387
f 5963 7387 5965
f 5965 7387 7386
f 5965 7386 5967
f 5967 7386 7385
f 5967 7385 5969
f 5969 7385 7384
f 5969 7384 5971
f 5971 7384 7383
f 5971 7383 5973
f 5973 7383 7382
f 5973 7382 5976
f 5976 7382 7381
f 7394 7395 7396
f 7396 7395 7397
f 7396 7397 7398
f 7398 7397 7399
f 7398 7399 7400
f 7400 7399 7401
f 7402 7403 7404
f 7404 7403 7405
f 7404 7405 7406
f 7406 7405 7407
f 7406 7407 7408
f 7409 7410 7411
f 7411 7410 7412
f 7411 7412 7413
f 7413 7412 7414
f 7413 7414 7415
f 7416 7417 7418
f 7416 7418 7419
f 7419 7418 7420
f 7419 7420 7421
f 7421 7420 7422
f 7421 7422 7409
f 7409 7422 7410
f 7414 7423 7415
f 7415 7423 7424
f 7415 7424 7425
f 7425 7424 7426
f 7425 7426 7427
f 7427 7426 7428
f 7427 7428 7402
f 7402 7428 7403
f 7429 7430 7431
f 7431 7430 7432
f 7431 7432 7433
f 7433 7432 7434
f 7433 7434 7416
f 7416 7434 7417
f 7407 7435 7408
f 7408 7435 7436
f 7408 7436 7437
f 7437 7436 7438
f 7437 7438 7439
f 7439 7438 7440
f 7439 7440 7394
f 7394 7440 7395
f 7400 7401 7441
f 7400 7441 7442
f 7442 7441 7443
f 7442 7443 7444
f 7444 7443 7445
f 7444 7445 7429
f 7429 7445 7430
f 7446 7447 7448
f 7449 7450 7447
f 7451 7452 7453
f 7454 7455 7456
f 7451 7453 7455
f 7456 7455 7457
f 7457 7455 7453
f 7458 7452 7459
f 7459 7452 7451
f 7459 7451 7460
f 7446 7452 7447
f 7447 7452 7458
f 7447 7458 7449
f 7461 7462 7463
f 7464 7462 7461
f 7465 7466 7467
f 7467 7468 7469
f 7465 7467 7469
f 7465 7469 7470
f 7465 7470 7471
f 7465 7471 7472
f 7464 7469 7462
f 7462 7469 7468
f 7462 7468 7473
f 7462 7473 7474
f 7475 7476 7477
f 7478 7479 7480
f 7481 7477 7482
f 7482 7477 7483
f 7484 7485 7479
f 7484 7479 7486
f 7481 7486 7477
f 7477 7486 7487
f 7477 7487 7475
f 7479 7478 7486
f 7486 7478 7487
f 7488 7489 7490
f 7491 7492 7493
f 7493 7492 7494
f 7495 7496 7497
f 7495 7497 7492
f 7492 7497 7494
f 7497 7496 7498
f 7497 7498 7499
f 7490 7500 7488
f 7488 7500 7497
f 7488 7497 7499
f 7488 7499 7501
f 7489 7502 7503
f 7504 7505 7506
f 7507 7506 7508
f 7508 7506 7509
f 7509 7506 7510
f 7503 7502 7511
f 7511 7502 7512
f 7507 7511 7506
f 7506 7511 7513
f 7506 7513 7504
f 7514 7512 7515
f 7514 7516 7512
f 7512 7516 7511
f 7511 7516 7513
f 7517 7518 7519
f 7520 7521 7522
f 7523 7521 7524
f 7525 7526 7527
f 7526 7525 7528
f 7524 7521 7520
f 7524 7520 7525
f 7524 7525 7527
f 7519 7518 7529
f 7529 7518 7524
f 7524 7518 7530
f 7531 7523 7524
f 7531 7524 7530
f 7531 7530 7532
f 7533 7534 7535
f 5415 5414 7536
f 5430 5429 7537
f 7537 5429 5437
f 7537 5437 7538
f 7538 5437 5436
f 7538 5436 5435
f 5435 5434 7538
f 7538 5434 5421
f 7538 5421 7539
f 7540 5417 5416
f 5414 5413 7536
f 7536 5413 7534
f 7536 7534 7533
f 5421 5420 7539
f 7539 5420 5419
f 5417 7540 7539
f 5417 7539 5418
f 5418 7539 5419
f 7541 5425 7536
f 7536 5425 5446
f 7536 5446 5445
f 5416 5433 7541
f 7541 5433 5432
f 7541 5432 5426
f 7541 5426 5425
f 5441 5440 7536
f 7536 5440 5439
f 7536 5439 5415
f 5413 5412 7534
f 7534 5412 5411
f 7534 5411 5410
f 5445 5444 7536
f 7536 5444 5443
f 7536 5443 5442
f 7536 5442 5441
f 5410 5424 7534
f 7534 5424 5423
f 7534 5423 7542
f 7542 5423 5422
f 7542 5422 5313
f 7542 5313 7537
f 7537 5313 5312
f 7537 5312 5431
f 7537 5431 5430
f 5416 7541 7540
f 7540 7541 7543
f 7544 7545 7543
f 7543 7545 7546
f 7547 7548 7549
f 7549 7548 7550
f 7549 7550 7551
f 5377 5378 7552
f 7553 5385 5384
f 5377 7552 5384
f 5378 5379 7552
f 7552 5379 5383
f 7552 5383 5382
f 5382 5381 7552
f 7552 5381 5365
f 7552 5365 7554
f 7554 5365 5364
f 7554 5364 5380
f 5380 5398 7554
f 7554 5398 5397
f 5397 5396 7554
f 7554 5396 5395
f 7554 5395 7547
f 7555 7548 5399
f 7556 5391 5376
f 7556 5376 5375
f 5375 5374 7556
f 7556 5374 5372
f 7556 5372 7557
f 7557 5372 5371
f 7557 5371 5370
f 5389 5388 7558
f 7558 5388 5387
f 7558 5387 7553
f 7553 5387 5386
f 7553 5386 5385
f 5395 5402 7547
f 7547 5402 5401
f 7547 5401 7548
f 7548 5401 5400
f 7548 5400 5399
f 7555 5399 5394
f 7555 5394 7556
f 7556 5394 5392
f 7556 5392 5391
f 5370 5369 7557
f 7557 5369 5367
f 7557 5367 5366
f 7557 5366 7558
f 7558 5366 5390
f 7558 5390 5389
f 7559 7560 7553
f 5384 7552 7553
f 7553 7552 7559
f 7560 723 7553
f 7553 723 7561
f 7561 7562 7553
f 7553 7562 7563
f 5329 5340 7553
f 5346 5345 7563
f 7563 5345 5344
f 7563 5344 5333
f 5333 5332 7563
f 7563 5332 5331
f 7563 5331 7553
f 7553 5331 5330
f 7553 5330 5329
f 7563 5339 5338
f 7563 5338 5346
f 5354 5353 7564
f 7564 5353 5324
f 7564 5324 7565
f 5324 5323 7565
f 7565 5323 5352
f 7565 5352 5351
f 7565 5351 5350
f 7566 5328 7563
f 7563 5328 5349
f 5349 5348 7563
f 7563 5348 5347
f 7563 5347 5339
f 5340 5342 7553
f 7553 5342 5343
f 7553 5343 7567
f 7567 5343 5358
f 7567 5358 5336
f 7567 5336 7568
f 7568 5336 5335
f 7568 5335 5361
f 7568 5361 5360
f 5322 7569 5350
f 5350 7569 7565
f 5360 5359 7568
f 7568 5359 5357
f 7568 5357 7564
f 7564 5357 5356
f 7564 5356 5354
f 5322 5321 7566
f 7566 5321 5326
f 7566 5326 5327
f 7566 5327 5328
f 5322 7566 7569
f 7569 7566 7570
f 7571 7570 7572
f 7573 7574 7575
f 7573 7575 7570
f 7570 7575 7572
f 7576 7577 7573
f 7573 7577 7578
f 7573 7578 7574
f 7579 7577 5471
f 7580 5462 5463
f 7580 5463 5469
f 5469 5468 7580
f 7580 5468 5466
f 7580 5466 7581
f 7581 5466 5465
f 7581 5465 5475
f 7579 5471 5476
f 7579 5476 7580
f 7580 5476 5460
f 7580 5460 5462
f 5458 5457 7582
f 7582 5457 5456
f 7582 5456 5455
f 7576 7583 5482
f 5475 5474 7581
f 7581 5474 5473
f 7581 5473 5477
f 7581 5477 7584
f 7584 5477 5479
f 7584 5479 5488
f 5488 5487 7584
f 7584 5487 5486
f 7584 5486 7534
f 7534 5486 5485
f 5485 5484 7534
f 7534 5484 5483
f 7534 5483 7582
f 7582 5483 5459
f 7582 5459 5458
f 5482 5481 7576
f 7576 5481 5480
f 7576 5480 7577
f 7577 5480 5472
f 7577 5472 5471
f 5455 5454 7582
f 7582 5454 5451
f 7582 5451 7583
f 7583 5451 5450
f 7583 5450 5449
f 5449 5464 7583
f 7583 5464 5453
f 7583 5453 5452
f 7583 5452 5482
f 7582 7585 7534
f 7534 7585 7586
f 7534 7586 780
f 7534 780 7535
f 5503 5502 7573
f 5495 5494 7587
f 5521 5520 7570
f 5520 5519 7570
f 7570 5519 5507
f 7570 5507 5506
f 5506 5505 7570
f 7570 5505 5498
f 7570 5498 5497
f 5497 5496 7570
f 7570 5496 5490
f 7570 5490 7573
f 7573 5490 5504
f 7573 5504 5503
f 5494 5493 7587
f 7587 5493 5311
f 7587 5311 7588
f 7588 5311 5310
f 7588 5310 5509
f 5511 7588 5512
f 5512 7588 5508
f 5508 7588 5509
f 5514 7589 5515
f 5515 7589 5516
f 5514 5513 7589
f 7589 5513 5492
f 7589 5492 7587
f 7587 5492 5491
f 7587 5491 5495
f 5511 5510 7588
f 7588 5510 5523
f 7588 5523 7590
f 7590 5523 5522
f 7590 5522 5521
f 7590 5521 7591
f 7591 5521 7570
f 7570 7571 7569
f 5502 5501 7573
f 7573 5501 5500
f 7573 5500 5499
f 7589 7592 5516
f 5516 7592 7573
f 5516 7573 5517
f 5517 7573 5518
f 5518 7573 5499
f 5526 5545 7593
f 5548 5547 7594
f 7594 5547 5546
f 7594 5546 7593
f 7593 5546 5527
f 7593 5527 5526
f 5537 7593 5543
f 5543 7593 5544
f 5544 7593 5545
f 5530 5529 7543
f 7543 5529 5525
f 7543 5525 5524
f 5555 7595 5556
f 5556 7595 5557
f 5555 5554 7595
f 7595 5554 5539
f 7595 5539 7594
f 7594 5539 5538
f 7594 5538 5548
f 5524 5528 7543
f 7543 5528 7549
f 7543 7549 7544
f 7544 7549 7551
f 5528 5534 7549
f 7549 5534 5533
f 7549 5533 5532
f 5532 5551 7549
f 7549 5551 5550
f 7549 5550 5549
f 5553 5542 7543
f 7543 5542 5541
f 7595 7596 5557
f 5557 7596 7549
f 5557 7549 5558
f 5558 7549 5559
f 5559 7549 5549
f 5541 5540 7543
f 7543 5540 5531
f 7543 5531 5530
f 5537 5536 7593
f 7593 5536 5535
f 7593 5535 7597
f 7597 5535 5552
f 7597 5552 5553
f 7597 5553 7598
f 7598 5553 7543
f 7543 7546 7540
f 7552 7472 7559
f 7552 7448 7472
f 7594 7456 7595
f 7595 7456 7457
f 7595 7457 7596
f 7596 7457 7453
f 7596 7453 7549
f 7549 7453 7452
f 7549 7452 7547
f 7547 7452 7446
f 7547 7446 7554
f 7554 7446 7448
f 7554 7448 7552
f 7593 7528 7454
f 7593 7454 7594
f 7594 7454 7456
f 7528 7593 7526
f 7526 7593 7597
f 7526 7597 7527
f 7527 7597 7598
f 7527 7598 7524
f 7524 7598 7543
f 7524 7543 7529
f 7529 7543 7541
f 7529 7541 7519
f 7519 7541 7536
f 7519 7536 7517
f 7536 7509 7517
f 7536 7533 7509
f 7509 7533 7508
f 7508 7533 7535
f 7508 7535 7507
f 7507 7535 780
f 7507 780 7586
f 7507 7586 7511
f 7511 7586 7585
f 7511 7585 7503
f 7503 7585 7489
f 7489 7585 7582
f 7587 7493 7589
f 7589 7493 7494
f 7589 7494 7592
f 7592 7494 7497
f 7592 7497 7573
f 7573 7497 7500
f 7573 7500 7576
f 7576 7500 7490
f 7576 7490 7583
f 7583 7490 7489
f 7583 7489 7582
f 7588 7483 7491
f 7588 7491 7587
f 7587 7491 7493
f 7483 7588 7590
f 7483 7590 7482
f 7482 7590 7591
f 7482 7591 7481
f 7481 7591 7570
f 7481 7570 7486
f 7486 7570 7566
f 7486 7566 7484
f 7484 7566 7563
f 7484 7563 7485
f 7563 7463 7485
f 7461 7463 7563
f 7472 7471 7559
f 7559 7471 7470
f 7559 7470 7560
f 7560 7470 7469
f 7560 7469 723
f 723 7469 7561
f 7561 7469 7464
f 7561 7464 7562
f 7562 7464 7461
f 7562 7461 7563
f 7599 7600 7601
f 7600 7599 7602
f 7603 7604 7602
f 7602 7604 7600
f 7604 7603 7605
f 7606 7607 7605
f 7605 7607 7604
f 7608 7426 7607
f 7608 7607 7606
f 7426 7608 7609
f 7426 7609 7610
f 7610 7609 7611
f 7612 7613 7611
f 7611 7613 7610
f 7614 7615 7613
f 7614 7613 7612
f 7615 7614 7616
f 7617 7618 7615
f 7617 7615 7616
f 7618 7617 7619
f 7620 7435 7618
f 7620 7618 7619
f 7435 7620 7621
f 7435 7621 7622
f 7622 7621 7623
f 7624 7625 7623
f 7623 7625 7622
f 7625 7624 7626
f 7627 7628 7626
f 7626 7628 7625
f 7629 7630 7628
f 7629 7628 7627
f 7630 7629 7631
f 7632 7395 7631
f 7631 7395 7630
f 7395 7632 7633
f 7633 7632 7634
f 7634 7635 7633
f 7633 7635 7636
f 7636 7635 7637
f 7638 7639 7636
f 7638 7636 7637
f 7639 7638 7640
f 7641 7642 7639
f 7641 7639 7640
f 7642 7641 7643
f 7644 7645 7642
f 7644 7642 7643
f 7645 7644 7646
f 7647 7445 7646
f 7646 7445 7645
f 7445 7647 7648
f 7648 7647 7649
f 7650 7651 7649
f 7649 7651 7648
f 7652 7653 7651
f 7652 7651 7650
f 7653 7652 7654
f 7655 7656 7654
f 7654 7656 7653
f 7657 7417 7658
f 7658 7417 7656
f 7658 7656 7655
f 7417 7657 7659
f 7659 7657 7660
f 7661 7662 7660
f 7660 7662 7659
f 7663 7664 7662
f 7663 7662 7661
f 7664 7663 7665
f 7666 7667 7665
f 7665 7667 7664
f 7668 7412 7667
f 7668 7667 7666
f 7412 7668 7669
f 7412 7669 7601
f 7601 7669 7599
f 7670 7671 7672
f 7670 7672 7673
f 7670 7673 7674
f 7674 7673 7675
f 7674 7675 7676
f 7676 7675 7677
f 7677 7675 7678
f 7677 7678 7679
f 7679 7678 7680
f 7679 7680 7681
f 7681 7680 7682
f 7681 7682 7683
f 7683 7682 7684
f 7683 7684 7685
f 7685 7684 7686
f 7685 7686 7687
f 7687 7686 7688
f 7687 7688 7689
f 7689 7688 7690
f 7689 7690 7691
f 7691 7690 7692
f 7691 7692 7693
f 7693 7692 7694
f 7693 7694 7695
f 7695 7694 7696
f 7695 7696 7697
f 7697 7696 7698
f 7697 7698 7699
f 7699 7698 7700
f 7700 7698 7701
f 7700 7701 7702
f 7700 7702 7703
f 7703 7702 7704
f 7703 7704 7705
f 7705 7704 7706
f 7705 7706 7707
f 7707 7706 7708
f 7707 7708 7709
f 7709 7708 7710
f 7709 7710 7711
f 7711 7710 7712
f 7712 7710 7713
f 7712 7713 7714
f 7714 7713 7715
f 7714 7715 7716
f 7716 7715 7717
f 7716 7717 7718
f 7718 7717 7719
f 7718 7719 7720
f 7720 7719 7721
f 7720 7721 7722
f 7720 7722 7723
f 7723 7722 7724
f 7724 7722 7725
f 7724 7725 7726
f 7726 7725 7727
f 7726 7727 7728
f 7728 7727 7729
f 7728 7729 7730
f 7730 7729 7731
f 7730 7731 7732
f 7732 7731 7733
f 7732 7733 7734
f 7734 7733 7671
f 7734 7671 7670
f 7534 7735 7584
f 7584 7735 7733
f 7584 7733 7736
f 7584 7736 7581
f 7581 7736 7737
f 7581 7737 7580
f 7580 7737 7738
f 7580 7738 7579
f 7579 7738 7739
f 7579 7739 7577
f 7577 7739 7578
f 7578 7739 7740
f 7578 7740 7574
f 7574 7740 7721
f 7574 7721 7741
f 7574 7741 7575
f 7575 7741 7717
f 7575 7717 7572
f 7572 7717 7742
f 7572 7742 7571
f 7571 7742 7743
f 7571 7743 7569
f 7569 7743 7744
f 7569 7744 7565
f 7565 7744 7745
f 7565 7745 7564
f 7564 7745 7568
f 7568 7745 7746
f 7568 7746 7567
f 7567 7746 7704
f 7567 7704 7747
f 7567 7747 7553
f 7553 7747 7558
f 7558 7747 7701
f 7558 7701 7748
f 7558 7748 7557
f 7557 7748 7749
f 7557 7749 7556
f 7556 7749 7750
f 7556 7750 7555
f 7555 7750 7751
f 7555 7751 7548
f 7548 7751 7550
f 7550 7751 7752
f 7550 7752 7551
f 7551 7752 7688
f 7551 7688 7753
f 7551 7753 7544
f 7544 7753 7684
f 7544 7684 7545
f 7545 7684 7754
f 7545 7754 7546
f 7546 7754 7755
f 7546 7755 7540
f 7540 7755 7756
f 7540 7756 7539
f 7539 7756 7757
f 7539 7757 7538
f 7538 7757 7537
f 7537 7757 7758
f 7537 7758 7542
f 7542 7758 7672
f 7542 7672 7735
f 7542 7735 7534
f 7759 7760 7761
f 7761 7760 7762
f 7763 7764 7765
f 7761 7762 7763
f 7763 7762 7764
f 7766 7767 7768
f 7766 7768 7769
f 7770 7767 7766
f 7770 7771 7767
f 7759 7772 7760
f 7773 7774 7775
f 7775 7774 7776
f 7777 7778 7779
f 7759 7780 7772
f 7781 7782 7783
f 7778 7777 7783
f 7783 7777 7781
f 7779 7784 7777
f 7785 7786 7759
f 7759 7786 7780
f 7787 7773 7788
f 7789 7790 7779
f 7779 7790 7784
f 7775 7776 7791
f 7775 7791 7792
f 7792 7791 7793
f 7792 7793 7794
f 7792 7794 7795
f 7795 7794 7786
f 7795 7786 7785
f 7783 7782 7774
f 7770 7796 7771
f 7770 7765 7796
f 7797 7763 7765
f 7797 7765 7770
f 7787 7798 7763
f 7788 7798 7787
f 7787 7783 7773
f 7773 7783 7774
f 7763 7797 7787
f 7769 7768 7799
f 7769 7799 7800
f 7800 7799 7801
f 7800 7801 7802
f 7800 7802 7789
f 7789 7802 7803
f 7789 7803 7790
f 7705 7804 7703
f 7703 7804 7805
f 7804 7705 7806
f 7806 7705 7707
f 7806 7707 7807
f 7709 7808 7707
f 7707 7808 7807
f 7709 7809 7808
f 7711 7810 7809
f 7711 7809 7709
f 7810 7711 7712
f 7810 7712 7811
f 7714 7812 7712
f 7712 7812 7811
f 7716 7813 7714
f 7714 7813 7812
f 7813 7716 7814
f 7814 7716 7718
f 7814 7718 7815
f 7720 7816 7718
f 7718 7816 7815
f 7723 7817 7818
f 7723 7818 7720
f 7720 7818 7816
f 7817 7723 7724
f 7817 7724 7819
f 7819 7724 7820
f 7726 7820 7724
f 7726 7821 7820
f 7728 7822 7821
f 7728 7821 7726
f 7822 7728 7730
f 7822 7730 7823
f 7732 7824 7730
f 7730 7824 7823
f 7732 7825 7824
f 7734 7826 7732
f 7732 7826 7825
f 7826 7734 7827
f 7827 7734 7670
f 7827 7670 7828
f 7674 7828 7670
f 7674 7829 7828
f 7676 7830 7829
f 7676 7829 7674
f 7830 7676 7677
f 7830 7677 7831
f 7679 7832 7677
f 7677 7832 7831
f 7681 7833 7834
f 7681 7834 7679
f 7679 7834 7832
f 7833 7681 7683
f 7833 7683 7835
f 7685 7836 7683
f 7683 7836 7835
f 7685 7837 7836
f 7687 7838 7837
f 7687 7837 7685
f 7838 7687 7689
f 7838 7689 7839
f 7839 7689 7840
f 7691 7840 7689
f 7691 7841 7840
f 7693 7842 7841
f 7693 7841 7691
f 7842 7693 7843
f 7843 7693 7695
f 7843 7695 7844
f 7697 7845 7695
f 7695 7845 7844
f 7699 7846 7697
f 7697 7846 7845
f 7846 7699 7847
f 7847 7699 7700
f 7847 7700 7848
f 7848 7700 7849
f 7805 7849 7703
f 7703 7849 7700
f 5457 7850 5456
f 5456 7850 5455
f 5455 7850 5454
f 5454 7850 5451
f 5451 7850 5450
f 5450 7850 7851
f 5450 7851 5449
f 5449 7851 5464
f 5464 7851 5453
f 5453 7851 5452
f 5452 7851 5482
f 5482 7851 7852
f 5482 7852 5481
f 5481 7852 5480
f 5480 7852 5472
f 5472 7852 5471
f 5471 7852 5476
f 5476 7852 7853
f 5476 7853 5460
f 5460 7853 5462
f 5462 7853 5463
f 5463 7853 5469
f 5469 7853 7854
f 5469 7854 5468
f 5468 7854 5466
f 5466 7854 5465
f 5465 7854 5475
f 5475 7854 5474
f 5474 7854 5473
f 5473 7854 7855
f 5473 7855 5477
f 5477 7855 5479
f 5479 7855 5488
f 5488 7855 5487
f 5487 7855 7856
f 5487 7856 5486
f 5486 7856 5485
f 5485 7856 5484
f 5484 7856 5483
f 5483 7856 5459
f 5459 7856 7850
f 5459 7850 5458
f 5458 7850 5457
f 5415 7857 5414
f 5414 7857 5413
f 5413 7857 5412
f 5412 7857 5411
f 5411 7857 5410
f 5410 7857 5424
f 5424 7857 5423
f 5423 7857 7858
f 5423 7858 5422
f 5422 7858 5313
f 5313 7858 5312
f 5312 7858 5431
f 5431 7858 5430
f 5430 7858 5429
f 5429 7858 5437
f 5437 7858 7859
f 5437 7859 5436
f 5436 7859 5435
f 5435 7859 5434
f 5434 7859 5421
f 5421 7859 7860
f 5421 7860 5420
f 5420 7860 5419
f 5419 7860 5418
f 5418 7860 5417
f 5417 7860 5416
f 5416 7860 5433
f 5433 7860 5432
f 5432 7860 7861
f 5432 7861 5426
f 5426 7861 5425
f 5425 7861 5446
f 5446 7861 5445
f 5445 7861 7862
f 5445 7862 5444
f 5444 7862 5443
f 5443 7862 5442
f 5442 7862 5441
f 5441 7862 5440
f 5440 7862 5439
f 5439 7862 5415
f 5415 7862 7857
f 5553 7863 5542
f 5542 7863 5541
f 5541 7863 5540
f 5540 7863 5531
f 5531 7863 7864
f 5531 7864 5530
f 5530 7864 5529
f 5529 7864 5525
f 5525 7864 7865
f 5525 7865 5524
f 5524 7865 5528
f 5528 7865 5534
f 5534 7865 5533
f 5533 7865 5532
f 5532 7865 5551
f 5551 7865 7866
f 5551 7866 5550
f 5550 7866 5549
f 5549 7866 5559
f 5559 7866 5558
f 5558 7866 5557
f 5557 7866 5556
f 5556 7866 5555
f 5555 7866 7867
f 5555 7867 5554
f 5554 7867 5539
f 5539 7867 5538
f 5538 7867 5548
f 5548 7867 7868
f 5548 7868 5547
f 5547 7868 5546
f 5546 7868 5527
f 5527 7868 5526
f 5526 7868 5545
f 5545 7868 7869
f 5545 7869 5544
f 5544 7869 5543
f 5543 7869 5537
f 5537 7869 5536
f 5536 7869 5535
f 5535 7869 7863
f 5535 7863 5552
f 5552 7863 5553
f 5376 7870 5375
f 5375 7870 7871
f 5375 7871 5374
f 5374 7871 5372
f 5372 7871 5371
f 5371 7871 5370
f 5370 7871 5369
f 5369 7871 5367
f 5367 7871 7872
f 5367 7872 5366
f 5366 7872 5390
f 5390 7872 5389
f 5389 7872 5388
f 5388 7872 7873
f 5388 7873 5387
f 5387 7873 5386
f 5386 7873 5385
f 5385 7873 5384
f 5384 7873 5377
f 5377 7873 7874
f 5377 7874 5378
f 5378 7874 5379
f 5379 7874 5383
f 5383 7874 5382
f 5382 7874 5381
f 5381 7874 5365
f 5365 7874 5364
f 5364 7874 7875
f 5364 7875 5380
f 5380 7875 5398
f 5398 7875 5397
f 5397 7875 5396
f 5396 7875 5395
f 5395 7875 7876
f 5395 7876 5402
f 5402 7876 5401
f 5401 7876 5400
f 5400 7876 5399
f 5399 7876 5394
f 5394 7876 7870
f 5394 7870 5392
f 5392 7870 5391
f 5391 7870 5376
f 5324 7877 5323
f 5323 7877 5352
f 5352 7877 5351
f 5351 7877 5350
f 5350 7877 5322
f 5322 7877 5321
f 5321 7877 5326
f 5326 7877 7878
f 5326 7878 5327
f 5327 7878 5328
f 5328 7878 5349
f 5349 7878 5348
f 5348 7878 7879
f 5348 7879 5347
f 5347 7879 5339
f 5339 7879 5338
f 5338 7879 5346
f 5346 7879 5345
f 5345 7879 5344
f 5344 7879 5333
f 5333 7879 7880
f 5333 7880 5332
f 5332 7880 5331
f 5331 7880 5330
f 5330 7880 5329
f 5329 7880 5340
f 5340 7880 5342
f 5342 7880 5343
f 5343 7880 7881
f 5343 7881 5358
f 5358 7881 5336
f 5336 7881 5335
f 5335 7881 5361
f 5361 7881 5360
f 5360 7881 5359
f 5359 7881 5357
f 5357 7881 7882
f 5357 7882 5356
f 5356 7882 5354
f 5354 7882 5353
f 5353 7882 5324
f 5324 7882 7877
f 5516 7883 5515
f 5515 7883 5514
f 5514 7883 5513
f 5513 7883 5492
f 5492 7883 5491
f 5491 7883 5495
f 5495 7883 7884
f 5495 7884 5494
f 5494 7884 5493
f 5493 7884 5311
f 5311 7884 5310
f 5310 7884 5509
f 5509 7884 7885
f 5509 7885 5508
f 5508 7885 5512
f 5512 7885 5511
f 5511 7885 5510
f 5510 7885 5523
f 5523 7885 7886
f 5523 7886 5522
f 5522 7886 5521
f 5521 7886 5520
f 5520 7886 5519
f 5519 7886 5507
f 5507 7886 5506
f 5506 7886 7887
f 5506 7887 5505
f 5505 7887 5498
f 5498 7887 5497
f 5497 7887 5496
f 5496 7887 5490
f 5490 7887 7888
f 5490 7888 5504
f 5504 7888 5503
f 5503 7888 5502
f 5502 7888 5501
f 5501 7888 5500
f 5500 7888 5499
f 5499 7888 5518
f 5518 7888 7883
f 5518 7883 5517
f 5517 7883 5516
f 7879 7889 7880
f 7880 7889 7890
f 7880 7890 7891
f 7880 7891 7892
f 7880 7892 7881
f 7881 7892 7893
f 7881 7893 7894
f 7881 7894 7882
f 7882 7894 7877
f 7877 7894 7895
f 7877 7895 7896
f 7877 7896 7897
f 7877 7897 7878
f 7878 7897 7898
f 7878 7898 7879
f 7879 7898 7889
f 7884 7899 7900
f 7884 7900 7901
f 7884 7901 7885
f 7885 7901 7902
f 7885 7902 7886
f 7886 7902 7903
f 7886 7903 7904
f 7886 7904 7887
f 7887 7904 7905
f 7887 7905 7888
f 7888 7905 7906
f 7888 7906 7907
f 7888 7907 7908
f 7888 7908 7883
f 7883 7908 7909
f 7883 7909 7899
f 7883 7899 7884
f 7850 7910 7911
f 7850 7911 7851
f 7851 7911 7912
f 7851 7912 7852
f 7852 7912 7913
f 7852 7913 7853
f 7853 7913 7914
f 7853 7914 7854
f 7854 7914 7915
f 7854 7915 7855
f 7855 7915 7916
f 7855 7916 7856
f 7856 7916 7917
f 7856 7917 7918
f 7856 7918 7850
f 7850 7918 7910
f 7862 7919 7857
f 7857 7919 7920
f 7857 7920 7921
f 7857 7921 7922
f 7857 7922 7858
f 7858 7922 7923
f 7858 7923 7924
f 7858 7924 7859
f 7859 7924 7860
f 7860 7924 7925
f 7860 7925 7926
f 7860 7926 7927
f 7860 7927 7861
f 7861 7927 7928
f 7861 7928 7862
f 7862 7928 7919
f 7874 7929 7930
f 7874 7930 7875
f 7875 7930 7931
f 7875 7931 7876
f 7876 7931 7932
f 7876 7932 7870
f 7870 7932 7933
f 7870 7933 7871
f 7871 7933 7934
f 7871 7934 7872
f 7872 7934 7935
f 7872 7935 7873
f 7873 7935 7936
f 7873 7936 7937
f 7873 7937 7874
f 7874 7937 7929
f 7868 7938 7939
f 7868 7939 7940
f 7868 7940 7869
f 7869 7940 7941
f 7869 7941 7863
f 7863 7941 7942
f 7863 7942 7943
f 7863 7943 7864
f 7864 7943 7944
f 7864 7944 7865
f 7865 7944 7945
f 7865 7945 7946
f 7865 7946 7866
f 7866 7946 7947
f 7866 7947 7948
f 7866 7948 7867
f 7867 7948 7938
f 7867 7938 7868
f 7735 7671 7733
f 7733 7731 7736
f 7736 7731 7729
f 7736 7729 7737
f 7737 7729 7727
f 7737 7727 7738
f 7738 7727 7725
f 7738 7725 7739
f 7739 7725 7722
f 7739 7722 7740
f 7740 7722 7721
f 7721 7719 7741
f 7741 7719 7717
f 7717 7715 7742
f 7742 7715 7713
f 7742 7713 7743
f 7743 7713 7710
f 7743 7710 7744
f 7744 7710 7708
f 7744 7708 7745
f 7745 7708 7706
f 7745 7706 7746
f 7746 7706 7704
f 7704 7702 7747
f 7747 7702 7701
f 7701 7698 7748
f 7748 7698 7696
f 7748 7696 7749
f 7749 7696 7694
f 7749 7694 7750
f 7750 7694 7692
f 7750 7692 7751
f 7751 7692 7690
f 7751 7690 7752
f 7752 7690 7688
f 7688 7686 7753
f 7753 7686 7684
f 7684 7682 7754
f 7754 7682 7680
f 7754 7680 7755
f 7755 7680 7678
f 7755 7678 7756
f 7756 7678 7675
f 7756 7675 7757
f 7757 7675 7673
f 7757 7673 7758
f 7758 7673 7672
f 7672 7671 7735
f 7412 7410 7667
f 7667 7410 7422
f 7667 7422 7664
f 7664 7422 7420
f 7664 7420 7662
f 7662 7420 7418
f 7662 7418 7659
f 7659 7418 7417
f 7656 7417 7434
f 7656 7434 7653
f 7653 7434 7432
f 7653 7432 7651
f 7651 7432 7430
f 7651 7430 7648
f 7648 7430 7445
f 7445 7443 7645
f 7645 7443 7441
f 7645 7441 7642
f 7642 7441 7401
f 7642 7401 7639
f 7639 7401 7399
f 7639 7399 7636
f 7636 7399 7397
f 7636 7397 7633
f 7633 7397 7395
f 7630 7395 7440
f 7630 7440 7628
f 7628 7440 7438
f 7628 7438 7625
f 7625 7438 7436
f 7625 7436 7622
f 7622 7436 7435
f 7435 7407 7618
f 7618 7407 7405
f 7618 7405 7615
f 7615 7405 7403
f 7615 7403 7613
f 7613 7403 7428
f 7613 7428 7610
f 7610 7428 7426
f 7607 7426 7424
f 7607 7424 7604
f 7604 7424 7423
f 7604 7423 7600
f 7600 7423 7414
f 7600 7414 7601
f 7601 7414 7412
f 7949 7889 7950
f 7889 7949 7951
f 7951 7949 7952
f 7951 7952 7953
f 7952 7949 7954
f 7952 7954 7953
f 7954 7463 7953
f 7955 7949 7950
f 7900 7956 7957
f 7958 7959 7901
f 7959 7958 7960
f 7959 7960 7961
f 7961 7960 7962
f 7962 7491 7483
f 7900 7957 7958
f 7958 7957 7960
f 7960 7957 7963
f 7960 7963 7962
f 7962 7963 7491
f 7910 7964 7965
f 7966 7967 7968
f 7968 7967 7969
f 7969 7967 7502
f 7969 7502 7489
f 7910 7965 7966
f 7966 7965 7967
f 7967 7965 7970
f 7967 7970 7502
f 7971 7972 7973
f 7971 7973 7974
f 7972 7975 7976
f 7972 7976 7973
f 7973 7976 7977
f 7973 7977 7974
f 7977 7517 7974
f 7974 7517 7509
f 7978 7976 7975
f 7939 7979 7980
f 7981 7982 7940
f 7982 7981 7983
f 7982 7983 7984
f 7984 7983 7528
f 7939 7980 7981
f 7981 7980 7983
f 7983 7980 7985
f 7983 7985 7528
f 7528 7985 7454
f 7986 7987 7988
f 7986 7474 7987
f 7989 7955 7898
f 7989 7898 7990
f 7989 7990 7991
f 7991 7990 7897
f 7991 7897 7896
f 7991 7896 7992
f 7992 7896 7895
f 7992 7895 7993
f 7994 7993 7894
f 7994 7894 7893
f 7994 7893 7995
f 7995 7893 7996
f 7996 7893 7997
f 7996 7997 7998
f 7998 7997 7892
f 7998 7892 7891
f 7998 7891 7999
f 7890 7889 7951
f 8000 7949 7955
f 8000 7955 7989
f 8001 7989 7991
f 8001 7991 7992
f 8002 7992 7993
f 8002 7993 7988
f 7988 7993 7994
f 7996 7998 8003
f 8003 7998 7999
f 7999 7890 7951
f 7954 7949 8000
f 7891 7890 7999
f 7999 7951 8004
f 8004 7951 7953
f 8000 7989 8005
f 8005 7989 8001
f 8001 7992 8002
f 7988 7994 7986
f 7986 7994 7995
f 7986 7995 8006
f 8006 7995 7996
f 8006 7996 8003
f 8003 7999 8004
f 7988 7987 8002
f 8002 7987 7480
f 8002 7480 7479
f 8002 7479 8001
f 8001 7479 8005
f 8000 8005 7954
f 8004 7953 7462
f 8004 7462 8003
f 8003 7462 8006
f 8006 7474 7986
f 7954 8005 7463
f 8006 7462 7474
f 7479 7485 8005
f 8005 7485 7463
f 7953 7463 7462
f 8007 7476 8008
f 8008 7476 8009
f 7956 7899 8010
f 8010 7899 7909
f 8010 7909 8011
f 8011 7909 8012
f 8012 7909 7908
f 8012 7908 8013
f 8013 7908 7907
f 8013 7907 8014
f 8015 8014 7906
f 8015 7906 8016
f 8016 7906 7905
f 8016 7905 8017
f 8017 7905 7904
f 8017 7904 8018
f 8018 7904 8019
f 8018 8019 7903
f 8018 7903 8020
f 7902 7901 7959
f 7957 7956 8021
f 8021 7956 8010
f 8022 8013 8014
f 8022 8014 8008
f 8008 8014 8015
f 8008 8015 8016
f 8007 8016 8017
f 8007 8017 8023
f 8023 8017 8018
f 8024 7902 7959
f 8024 7959 7961
f 8021 7963 7957
f 7492 8021 8010
f 7492 8010 8025
f 8025 8010 8011
f 8025 8011 8026
f 8026 8011 8012
f 8026 8012 8013
f 8026 8013 8022
f 8008 8016 8007
f 8027 8023 8018
f 8027 8018 8028
f 8028 8018 8020
f 8028 8020 8024
f 8028 8024 7962
f 7962 8024 7961
f 7903 7902 8020
f 8020 7902 8024
f 8008 8009 8022
f 8022 8009 8026
f 8021 7492 7491
f 8021 7491 7963
f 8027 7477 8023
f 8023 7477 7476
f 8023 7476 8007
f 8026 8009 7495
f 8026 7495 8025
f 8025 7495 7492
f 8028 7962 7477
f 8028 7477 8027
f 7962 7483 7477
f 7965 7964 7918
f 8029 7501 8030
f 7965 7918 8031
f 8031 7918 8032
f 8032 7917 8033
f 8033 7917 7916
f 8033 7916 8034
f 8034 7916 8035
f 8035 7916 8036
f 8035 8036 8037
f 8037 8036 7915
f 8037 7915 8038
f 8038 7915 8039
f 8038 8039 7914
f 8038 7914 8040
f 8040 7914 8041
f 8041 7914 8042
f 8041 8042 7913
f 8041 7913 8043
f 8043 7913 8044
f 8044 7913 7912
f 7912 7911 7968
f 7968 7911 7966
f 8045 8031 8032
f 8045 8032 8046
f 8046 8032 8033
f 8047 8040 8041
f 8048 7912 7968
f 7970 7965 8031
f 7970 8031 8045
f 8046 8033 8034
f 8046 8034 8049
f 8049 8034 8035
f 8049 8035 8030
f 8030 8035 8037
f 8030 8037 8029
f 8029 8037 8038
f 8029 8038 8040
f 8029 8040 8047
f 7488 8047 8041
f 7488 8041 8043
f 7488 8043 8050
f 8050 8043 8044
f 8044 8048 7969
f 7969 8048 7968
f 8044 7912 8048
f 8030 7515 8049
f 8049 7515 8046
f 8046 7512 8045
f 8045 7512 7970
f 7970 7512 7502
f 7969 7489 8044
f 8044 7489 8050
f 8047 7488 7501
f 8047 7501 8029
f 8046 7515 7512
f 8050 7489 7488
f 8051 7505 8052
f 8053 7978 7928
f 8053 7928 8054
f 8055 8054 7927
f 8055 7927 7926
f 8055 7926 8056
f 8056 7926 7925
f 8056 7925 8057
f 8057 7925 8058
f 8058 7924 8059
f 8059 7924 7923
f 8059 7923 8060
f 8060 7923 8061
f 8060 8061 8062
f 8062 8061 7922
f 8062 7922 7921
f 8062 7921 8063
f 7920 7972 7971
f 8053 7976 7978
f 8064 8053 8054
f 8064 8054 8055
f 8064 8055 8065
f 8065 8055 8056
f 8057 8058 8051
f 8051 8058 8059
f 8066 8059 8060
f 8067 8062 8063
f 8063 7920 7971
f 7921 7920 8063
f 8063 7971 8068
f 8068 7971 7974
f 7976 8053 7518
f 7518 8053 8064
f 8065 8056 8069
f 8069 8056 8057
f 8069 8057 8052
f 8052 8057 8051
f 8051 8059 8066
f 8070 8066 8060
f 8070 8060 8062
f 8070 8062 7506
f 7506 8062 8067
f 8067 8063 8068
f 8052 7532 8069
f 8069 7532 7530
f 8069 7530 8065
f 8065 7530 8064
f 8064 7530 7518
f 7518 7977 7976
f 8068 7974 7510
f 8068 7510 8067
f 8067 7510 7506
f 8070 7505 8066
f 8066 7505 8051
f 7977 7518 7517
f 8070 7506 7505
f 7974 7509 7510
f 8071 8072 7522
f 7979 7938 8073
f 8073 7938 7948
f 8073 7948 8074
f 8074 7948 8075
f 8075 7948 7947
f 8075 7947 8076
f 8076 7947 7946
f 8076 7946 8077
f 8078 8077 7945
f 8078 7945 8079
f 8079 7945 7944
f 8079 7944 8080
f 8080 7944 7943
f 8080 7943 8081
f 8081 7943 8082
f 8081 8082 7942
f 8081 7942 8083
f 7941 7940 7982
f 7980 7979 8084
f 8084 7979 8073
f 8074 8075 8085
f 8085 8075 8076
f 8086 8076 8077
f 8086 8077 8072
f 8072 8077 8078
f 8072 8078 8079
f 8087 8079 8080
f 8088 7941 7982
f 8088 7982 7984
f 8084 7985 7980
f 7455 8084 8073
f 7455 8073 8085
f 8085 8073 8074
f 7451 8085 8076
f 7451 8076 8086
f 8072 8079 7522
f 7522 8079 8087
f 7520 8087 8080
f 7520 8080 8089
f 8089 8080 8081
f 8089 8081 8090
f 8090 8081 8083
f 8090 8083 8088
f 8090 8088 7984
f 7942 7941 8083
f 8083 7941 8088
f 8072 8071 8086
f 8086 8071 7460
f 8086 7460 7451
f 8084 7455 7454
f 8084 7454 7985
f 8087 7520 7522
f 8085 7451 7455
f 8090 7984 7525
f 8090 7525 8089
f 8089 7525 7520
f 7984 7528 7525
f 8091 8071 7522
f 7638 7637 8092
f 7638 8092 8093
f 7638 8093 7640
f 7640 8093 7641
f 7641 8093 8094
f 7641 8094 7643
f 7644 8095 7646
f 7647 7646 8096
f 7652 7650 8097
f 7652 8097 7654
f 7654 8098 7655
f 7661 8099 7663
f 7663 8099 8100
f 7663 8100 7665
f 7665 8100 8101
f 7665 8101 7666
f 7669 7668 8102
f 7669 8102 8103
f 7669 8103 7599
f 7602 7599 8104
f 7605 7603 8105
f 7605 8105 8106
f 7605 8106 7606
f 7611 7609 8107
f 7611 8107 8108
f 7611 8108 7612
f 7614 7612 8109
f 7614 8109 7616
f 7617 7616 8110
f 7617 8110 8111
f 7617 8111 7619
f 7619 8111 7620
f 7620 8091 7621
f 7623 7621 8112
f 7623 8112 7624
f 7626 7624 8113
f 7626 8113 8114
f 7626 8114 7627
f 7627 8115 7629
f 7629 8115 8116
f 7629 8116 7631
f 7635 7634 8117
f 7635 8117 8118
f 7635 8118 7637
f 7644 7643 8095
f 7647 8096 7649
f 7649 8096 8119
f 7649 8119 7650
f 7654 8097 8098
f 7655 8098 8120
f 7655 8120 7658
f 7657 7658 8121
f 7657 8121 8122
f 7657 8122 7660
f 7660 8122 8123
f 7660 8123 7661
f 7661 8123 8099
f 7666 8101 8124
f 7666 8124 7668
f 7668 8124 8102
f 7602 8104 8105
f 7602 8105 7603
f 7608 7606 8125
f 7608 8125 7609
f 7609 8125 8107
f 7620 8111 8091
f 7632 7631 8126
f 7632 8126 7634
f 7646 8095 7499
f 7646 7499 8096
f 7650 8119 8127
f 7650 8127 8097
f 7658 8120 8121
f 7599 8103 8104
f 7606 8106 8128
f 7606 8128 8125
f 7612 8108 8129
f 7612 8129 8109
f 7616 8109 8110
f 7621 8091 8112
f 7627 8114 7531
f 7627 7531 8115
f 7631 8116 7504
f 7631 7504 8126
f 7634 8126 8117
f 7637 8118 8092
f 8092 7516 8093
f 8093 7516 7514
f 8093 7514 8094
f 8094 7514 7515
f 8094 7515 7643
f 7643 7515 8030
f 7643 8030 8095
f 8095 8030 7501
f 8095 7501 7499
f 8119 8096 7498
f 8119 7498 8127
f 8097 8127 7496
f 8097 7496 8098
f 8098 7496 8009
f 8098 8009 7476
f 8098 7476 8120
f 8120 7476 7475
f 8120 7475 8121
f 8121 7487 8122
f 8123 8122 7478
f 8123 7478 8099
f 8099 7478 7480
f 8099 7480 8100
f 8100 7480 7987
f 8100 7987 8101
f 8101 7987 7474
f 8101 7474 8124
f 8124 7474 7473
f 8124 7473 8102
f 8102 7473 8103
f 8104 7467 8105
f 8105 7467 7466
f 8105 7466 8106
f 8106 7466 8130
f 8106 8130 8128
f 8125 8128 7449
f 8125 7449 8107
f 8107 7449 7458
f 8107 7458 8108
f 8108 7458 8129
f 8109 8129 7459
f 8109 7459 8110
f 8110 8071 8111
f 8111 8071 8091
f 8091 7521 8112
f 8112 7521 7624
f 7624 7521 7523
f 7624 7523 8113
f 8113 7523 7531
f 8113 7531 8114
f 8115 7531 7532
f 8115 7532 8116
f 8116 7532 8052
f 8116 8052 7505
f 8116 7505 7504
f 8126 7504 8117
f 8117 7513 8118
f 8118 7513 8092
f 8071 8110 7460
f 8103 7468 8104
f 8121 7475 7487
f 8122 7487 7478
f 8127 7498 7496
f 8117 7504 7513
f 8091 7522 7521
f 8128 7450 7449
f 8129 7458 7459
f 8110 7459 7460
f 7473 7468 8103
f 8104 7468 7467
f 8096 7499 7498
f 7513 7516 8092
f 8009 7496 7495
f 8131 8132 8133
f 7931 7930 8131
f 8134 7929 7937
f 8135 8128 8130
f 8134 7937 8136
f 8136 7937 8137
f 8137 7936 8138
f 8138 7936 7935
f 8138 7935 8139
f 8139 7935 8140
f 8140 7935 8141
f 8141 7934 8142
f 8142 7934 8143
f 8142 8143 7933
f 8144 7933 8145
f 8144 8145 7932
f 8144 7932 8146
f 8146 7932 7931
f 7930 8132 8131
f 8147 8136 8137
f 8147 8137 8148
f 8148 8137 8138
f 8140 8141 8135
f 8135 8141 8142
f 8149 8142 7933
f 8149 7933 8144
f 8150 8146 8131
f 8150 8131 8133
f 8151 8134 8136
f 8151 8136 8147
f 8148 8138 8139
f 8148 8139 8152
f 8152 8139 8140
f 8152 8140 8130
f 8130 8140 8135
f 8135 8142 8149
f 7447 8149 8144
f 7447 8144 8146
f 7447 8146 8153
f 8153 8146 8150
f 8146 7931 8131
f 8150 8133 8154
f 8152 8130 7466
f 8152 7466 8148
f 8148 7465 8147
f 8147 7465 7472
f 8147 7472 8151
f 8150 8154 7448
f 8150 7448 8153
f 8149 7447 7450
f 8149 7450 8128
f 8149 8128 8135
f 8148 7466 7465
f 8153 7448 7447
f 7472 7448 8154
f 8133 8132 8134
f 8132 7929 8134
f 8133 8134 8151
f 8154 8133 8151
f 8154 8151 7472
f 7820 7790 7819
f 7815 7816 7801
f 7813 7814 7799
f 7804 7806 7765
f 7845 7772 7844
f 7843 7844 8155
f 7833 7835 7791
f 7826 7827 8156
f 7826 8156 7825
f 7821 7822 7784
f 7820 7821 7790
f 7817 7803 7818
f 7818 7803 7802
f 7818 7802 7816
f 7815 7801 7814
f 7813 7799 7812
f 7812 7799 7768
f 7812 7768 7811
f 7810 7811 7767
f 7807 7808 7796
f 7807 7796 7806
f 7804 7765 7805
f 7849 7805 7764
f 7849 7764 7848
f 7846 7847 7760
f 7846 7760 7845
f 7843 8155 7842
f 7841 7842 8157
f 7841 8157 7840
f 7838 7839 8158
f 7838 8158 7837
f 7837 8158 7794
f 7831 7832 7774
f 7823 7824 7777
f 7822 7823 7784
f 7817 7819 7803
f 7816 7802 7801
f 7811 7768 7767
f 7809 7810 7771
f 7808 7809 7796
f 7845 7760 7772
f 7844 7772 8155
f 7842 8155 7780
f 7842 7780 8157
f 7839 7840 7786
f 7839 7786 8158
f 7836 7837 7793
f 7836 7793 7835
f 7833 7791 7834
f 7831 7774 7830
f 7830 7782 7829
f 7829 7782 7828
f 7828 7781 7827
f 7827 7781 8156
f 7825 8156 7777
f 7825 7777 7824
f 7823 7777 7784
f 7821 7784 7790
f 7819 7790 7803
f 7814 7801 7799
f 7810 7767 7771
f 7809 7771 7796
f 7806 7796 7765
f 7805 7765 7764
f 7848 7764 7762
f 7848 7762 7847
f 7847 7762 7760
f 8155 7772 7780
f 7840 8157 7786
f 7837 7794 7793
f 7835 7793 7791
f 7834 7791 7776
f 7834 7776 7832
f 7832 7776 7774
f 7830 7774 7782
f 7828 7782 7781
f 8156 7781 7777
f 8157 7780 7786
f 8158 7786 7794
f 8159 8160 8161
f 8161 8160 8162
f 8162 8160 8163
f 8162 8163 8164
f 8162 8164 8165
f 8165 8164 8166
f 8165 8166 8167
f 8167 8166 8168
f 8167 8168 8169
f 8169 8168 8170
f 8169 8170 8171
f 8171 8170 8172
f 8171 8172 8173
f 8173 8172 8174
f 8173 8174 8175
f 8175 8174 8176
f 8175 8176 8177
f 8177 8176 8178
f 8177 8178 8179
f 8179 8178 8180
f 8179 8180 8181
f 8179 8181 8182
f 8182 8181 8183
f 8183 8181 8184
f 8183 8184 8185
f 8185 8184 8186
f 8185 8186 8187
f 8187 8186 8188
f 8187 8188 8189
f 8189 8188 8190
f 8189 8190 8191
f 8189 8191 8192
f 8192 8191 8193
f 8193 8191 8194
f 8193 8194 8195
f 8193 8195 8196
f 8196 8195 8197
f 8196 8197 8198
f 8198 8197 8199
f 8198 8199 8200
f 8200 8199 8201
f 8200 8201 8202
f 8202 8201 8203
f 8203 8201 8204
f 8203 8204 8205
f 8203 8205 8206
f 8206 8205 8207
f 8206 8207 8208
f 8208 8207 8209
f 8208 8209 8210
f 8210 8209 8211
f 8210 8211 8212
f 8212 8211 8159
f 8159 8211 8213
f 8159 8213 8160
f 7413 8191 7411
f 7411 8191 8190
f 7411 8190 8188
f 7411 8188 7409
f 7409 8188 8186
f 7409 8186 7421
f 7421 8186 8184
f 7421 8184 7419
f 7419 8184 8181
f 7419 8181 7416
f 7416 8181 8180
f 7416 8180 7433
f 7433 8180 8178
f 7433 8178 7431
f 7431 8178 8176
f 7431 8176 8174
f 7431 8174 7429
f 7429 8174 8172
f 7429 8172 7444
f 7444 8172 8170
f 7444 8170 7442
f 7442 8170 8168
f 7442 8168 7400
f 7400 8168 8166
f 7400 8166 7398
f 7398 8166 8164
f 7398 8164 7396
f 7396 8164 8163
f 7396 8163 8160
f 7396 8160 7394
f 7394 8160 8213
f 7394 8213 7439
f 7439 8213 8211
f 7439 8211 7437
f 7437 8211 8209
f 7437 8209 7408
f 7408 8209 8207
f 7408 8207 7406
f 7406 8207 8205
f 7406 8205 7404
f 7404 8205 8204
f 7404 8204 8201
f 7404 8201 7402
f 7402 8201 8199
f 7402 8199 7427
f 7427 8199 8197
f 7427 8197 7425
f 7425 8197 8195
f 7425 8195 7415
f 7415 8195 8194
f 7415 8194 7413
f 7413 8194 8191
f 8214 8215 8216
f 8216 8215 8217
f 8218 8219 8220
f 8218 8220 8221
f 8222 8223 8224
f 8225 8226 8227
f 8226 8225 8228
f 8228 8225 8229
f 8221 8220 8227
f 8221 8227 8226
f 8230 8231 8232
f 8232 8231 8233
f 8232 8233 8234
f 8235 8236 8230
f 8230 8236 8231
f 8223 8222 8237
f 8223 8237 8238
f 8239 8240 8224
f 8224 8240 8222
f 8228 8229 8241
f 8242 8230 8243
f 8242 8243 8244
f 8244 8243 8245
f 8216 8245 8246
f 8240 8239 8247
f 8230 8242 8235
f 8235 8242 8248
f 8235 8248 8219
f 8216 8217 8245
f 8245 8217 8244
f 8247 8239 8232
f 8247 8232 8234
f 8241 8229 8215
f 8215 8214 8249
f 8215 8249 8241
f 8219 8218 8235
f 8250 8251 8246
f 8246 8251 8216
f 8252 8250 8238
f 8252 8238 8237
f 8250 8252 8253
f 8250 8253 8251
f 8231 8254 8233
f 8233 8254 8255
f 8233 8255 8234
f 8234 8255 8256
f 8234 8256 8257
f 8234 8257 8247
f 8247 8257 8258
f 8247 8258 8240
f 8240 8258 8259
f 8240 8259 8222
f 8222 8259 8260
f 8222 8260 8237
f 8237 8260 8261
f 8237 8261 8252
f 8252 8261 8262
f 8252 8262 8263
f 8252 8263 8253
f 8253 8263 8264
f 8253 8264 8251
f 8251 8264 8265
f 8251 8265 8216
f 8216 8265 8266
f 8216 8266 8267
f 8216 8267 8214
f 8214 8267 8268
f 8214 8268 8249
f 8249 8268 8269
f 8249 8269 8270
f 8249 8270 8241
f 8241 8270 8271
f 8241 8271 8228
f 8228 8271 8272
f 8228 8272 8226
f 8226 8272 8273
f 8226 8273 8221
f 8221 8273 8274
f 8221 8274 8218
f 8218 8274 8275
f 8218 8275 8276
f 8218 8276 8235
f 8235 8276 8277
f 8235 8277 8236
f 8236 8277 8278
f 8236 8278 8231
f 8231 8278 8279
f 8231 8279 8254
f 8279 8280 8254
f 8254 8280 8281
f 8254 8281 8255
f 8255 8281 8282
f 8255 8282 8256
f 8256 8282 8283
f 8256 8283 8257
f 8257 8283 8284
f 8257 8284 8258
f 8258 8284 8285
f 8258 8285 8259
f 8259 8285 8286
f 8259 8286 8260
f 8260 8286 8287
f 8260 8287 8261
f 8261 8287 8288
f 8261 8288 8262
f 8262 8288 8289
f 8262 8289 8263
f 8263 8289 8290
f 8263 8290 8291
f 8263 8291 8264
f 8264 8291 8292
f 8264 8292 8265
f 8265 8292 8293
f 8265 8293 8266
f 8266 8293 8267
f 8267 8293 8294
f 8267 8294 8268
f 8268 8294 8295
f 8268 8295 8269
f 8269 8295 8296
f 8269 8296 8270
f 8270 8296 8297
f 8270 8297 8271
f 8271 8297 8298
f 8271 8298 8272
f 8272 8298 8299
f 8272 8299 8273
f 8273 8299 8300
f 8273 8300 8274
f 8274 8300 8301
f 8274 8301 8275
f 8275 8301 8302
f 8275 8302 8276
f 8276 8302 8303
f 8276 8303 8304
f 8276 8304 8277
f 8277 8304 8305
f 8277 8305 8278
f 8278 8305 8280
f 8278 8280 8279
f 8280 8306 8281
f 8281 8306 8307
f 8281 8307 8282
f 8282 8307 8308
f 8282 8308 8283
f 8283 8308 8309
f 8283 8309 8284
f 8284 8309 8310
f 8284 8310 8285
f 8285 8310 8311
f 8285 8311 8286
f 8286 8311 8312
f 8286 8312 8287
f 8287 8312 8313
f 8287 8313 8288
f 8288 8313 8314
f 8288 8314 8289
f 8289 8314 8315
f 8289 8315 8290
f 8290 8315 8316
f 8290 8316 8291
f 8291 8316 8317
f 8291 8317 8292
f 8292 8317 8318
f 8292 8318 8293
f 8293 8318 8319
f 8293 8319 8320
f 8293 8320 8294
f 8294 8320 8321
f 8294 8321 8295
f 8295 8321 8296
f 8296 8321 8322
f 8296 8322 8323
f 8296 8323 8297
f 8297 8323 8324
f 8297 8324 8298
f 8298 8324 8325
f 8298 8325 8299
f 8299 8325 8326
f 8299 8326 8300
f 8300 8326 8327
f 8300 8327 8301
f 8301 8327 8328
f 8301 8328 8302
f 8302 8328 8329
f 8302 8329 8303
f 8303 8329 8330
f 8303 8330 8304
f 8304 8330 8331
f 8304 8331 8305
f 8305 8331 8332
f 8305 8332 8280
f 8280 8332 8333
f 8280 8333 8306
f 8165 8306 8333
f 8165 8333 8162
f 8162 8333 8332
f 8162 8332 8161
f 8161 8332 8331
f 8161 8331 8159
f 8159 8331 8330
f 8159 8330 8212
f 8212 8330 8329
f 8212 8329 8210
f 8210 8329 8328
f 8210 8328 8208
f 8208 8328 8206
f 8206 8328 8327
f 8206 8327 8326
f 8206 8326 8203
f 8203 8326 8334
f 8203 8334 8202
f 8202 8334 8325
f 8202 8325 8200
f 8200 8325 8324
f 8200 8324 8323
f 8200 8323 8198
f 8198 8323 8322
f 8198 8322 8196
f 8196 8322 8321
f 8196 8321 8193
f 8193 8321 8320
f 8193 8320 8192
f 8192 8320 8319
f 8192 8319 8189
f 8189 8319 8318
f 8189 8318 8335
f 8189 8335 8187
f 8187 8335 8317
f 8187 8317 8185
f 8185 8317 8316
f 8185 8316 8315
f 8185 8315 8183
f 8183 8315 8314
f 8183 8314 8182
f 8182 8314 8179
f 8179 8314 8313
f 8179 8313 8312
f 8179 8312 8177
f 8177 8312 8311
f 8177 8311 8175
f 8175 8311 8310
f 8175 8310 8173
f 8173 8310 8309
f 8173 8309 8171
f 8171 8309 8308
f 8171 8308 8169
f 8169 8308 8307
f 8169 8307 8167
f 8167 8307 8306
f 8167 8306 8165
f 8334 8326 8325
f 8335 8318 8317
f 7930 7929 8132
f 7934 8141 7935
f 7936 8137 7937
f 7932 8145 7933
f 7933 8143 7934
f 7939 7938 7979
f 7940 7939 7981
f 7942 8082 7943
f 7945 8077 7946
f 7889 7955 7950
f 7892 7997 7893
f 7894 7993 7895
f 7897 7990 7898
f 7898 7955 7889
f 7900 7899 7956
f 7901 7900 7958
f 7903 8019 7904
f 7906 8014 7907
f 7911 7910 7966
f 7915 8036 7916
f 7917 8032 7918
f 7913 8042 7914
f 7914 8039 7915
f 7918 7964 7910
f 7919 7978 7975
f 7919 7975 7972
f 7919 7972 7920
f 7922 8061 7923
f 7924 8058 7925
f 7927 8054 7928
f 7928 7978 7919
f 7779 8232 8239
f 7779 8239 7789
f 7789 8239 7800
f 7800 8239 8224
f 7800 8224 7769
f 7769 8224 8223
f 7769 8223 8238
f 7769 8238 7766
f 7766 8238 7770
f 7770 8238 8250
f 7770 8250 7797
f 7797 8250 8246
f 7797 8246 8245
f 7797 8245 7787
f 7787 8245 8243
f 7787 8243 7783
f 7783 8243 8230
f 7783 8230 8232
f 7783 8232 7778
f 7778 8232 7779
f 7773 8219 7788
f 7788 8219 8248
f 7788 8248 8242
f 7788 8242 7798
f 7798 8242 8244
f 7798 8244 7763
f 7763 8244 8217
f 7763 8217 8215
f 7763 8215 7761
f 7761 8215 7759
f 7759 8215 8229
f 7759 8229 7785
f 7785 8229 7795
f 7795 8229 8225
f 7795 8225 7792
f 7792 8225 8227
f 7792 8227 8220
f 7792 8220 7775
f 7775 8220 7773
f 7773 8220 8219
f 8336 8337 8338
f 8339 8340 8341
f 8342 8343 8336
f 8342 8336 8338
f 8344 8345 8339
f 8344 8339 8341
f 8346 8347 8348
f 8349 8350 8351
f 8352 8353 8354
f 8355 8356 8357
f 8355 8357 8352
f 8342 8338 8358
f 8359 8360 8361
f 8362 8363 8341
f 8344 8341 8348
f 8344 8348 8364
f 8355 8365 8356
f 8366 8367 8365
f 8368 8369 8370
f 8370 8369 8371
f 8370 8371 8372
f 8338 8373 8358
f 8359 8374 8360
f 8375 8376 8338
f 8338 8376 8377
f 8378 8379 8375
f 8375 8380 8381
f 8375 8381 8376
f 8372 8371 8382
f 8372 8382 8383
f 8383 8382 8338
f 8383 8338 8384
f 8351 8358 8349
f 8385 8386 8387
f 8388 8389 8357
f 8390 8391 8392
f 8390 8392 8393
f 8390 8393 8394
f 8341 8340 8362
f 8348 8347 8364
f 8375 8379 8380
f 8352 8354 8395
f 8395 8354 8396
f 8395 8396 8348
f 8348 8396 8397
f 8348 8397 8378
f 8365 8355 8366
f 8342 8358 8351
f 8353 8352 8357
f 8353 8357 8389
f 8377 8391 8390
f 8338 8377 8398
f 8398 8377 8390
f 8399 8400 8401
f 8348 8378 8375
f 8348 8375 8346
f 8372 8402 8370
f 8370 8402 8403
f 8338 8337 8384
f 8404 8405 8406
f 8407 8408 8409
f 8409 8408 8404
f 8350 8349 8410
f 8405 8404 8410
f 8410 8404 8350
f 8338 8361 8411
f 8412 8413 8414
f 8394 8393 8415
f 8415 8393 8416
f 8415 8416 8417
f 8417 8416 8418
f 8359 8361 8338
f 8359 8338 8398
f 8419 8420 8421
f 8422 8423 8419
f 8363 8362 8424
f 8420 8419 8424
f 8424 8419 8363
f 8364 8401 8344
f 8425 8426 8427
f 8428 8429 8430
f 8430 8429 8425
f 8367 8366 8431
f 8426 8425 8431
f 8431 8425 8367
f 8338 8411 8373
f 8414 8432 8386
f 8414 8386 8385
f 8433 8434 8385
f 8385 8417 8414
f 8414 8417 8412
f 8418 8388 8417
f 8417 8388 8357
f 8417 8357 8435
f 8417 8435 8412
f 8436 8437 8438
f 8374 8359 8439
f 8437 8436 8439
f 8439 8436 8374
f 8401 8364 8399
f 8440 8441 8442
f 8442 8441 8436
f 8385 8387 8433
f 8404 8406 8409
f 8419 8443 8422
f 8444 8445 8446
f 8447 8448 8449
f 8449 8448 8444
f 8400 8399 8450
f 8445 8444 8450
f 8450 8444 8400
f 8425 8451 8430
f 8436 8452 8442
f 8453 8454 8455
f 8456 8453 8457
f 8434 8433 8458
f 8454 8453 8458
f 8458 8453 8434
f 8459 8460 8461
f 8461 8460 8462
f 8412 8463 8413
f 8419 8421 8443
f 8425 8427 8451
f 8436 8438 8452
f 8464 8462 8465
f 8464 8466 8461
f 8464 8461 8462
f 8444 8446 8449
f 8453 8467 8457
f 8465 8462 8468
f 8465 8468 8469
f 8463 8412 8470
f 8463 8470 8468
f 8468 8470 8469
f 8453 8455 8467
f 8471 8472 8473
f 8474 8475 8476
f 8477 8478 8479
f 8474 8479 8475
f 8480 8481 8482
f 8479 8474 8477
f 8479 8478 8483
f 8479 8483 8472
f 8484 8485 8486
f 8486 8485 8487
f 8484 8476 8475
f 8488 8483 8489
f 8489 8483 8490
f 8476 8484 8486
f 8483 8488 8491
f 8492 8493 8494
f 8480 8495 8481
f 8473 8472 8483
f 8473 8483 8496
f 8496 8483 8491
f 8495 8497 8498
f 8494 8493 8499
f 8495 8494 8497
f 8500 8501 8502
f 8502 8501 8503
f 8500 8482 8481
f 8486 8487 8504
f 8494 8495 8505
f 8494 8505 8492
f 8506 8507 8508
f 8482 8500 8509
f 8509 8500 8502
f 8486 8504 8510
f 8511 8512 8513
f 8511 8513 8514
f 8515 8516 8511
f 8517 8511 8518
f 8518 8511 8519
f 8499 8493 8506
f 8506 8493 8507
f 8520 8521 8522
f 8523 8524 8525
f 8525 8524 8512
f 8526 8515 8527
f 8495 8528 8529
f 8502 8503 8530
f 8471 8473 8531
f 8471 8531 8523
f 8471 8523 8525
f 8532 8533 8534
f 8534 8533 8535
f 8536 8534 8537
f 8534 8518 8532
f 8532 8518 8519
f 8495 8480 8528
f 8538 8539 8540
f 8540 8539 8541
f 8542 8508 8538
f 8538 8508 8507
f 8498 8543 8489
f 8525 8512 8511
f 8525 8511 8516
f 8544 8540 8545
f 8542 8538 8540
f 8522 8546 8547
f 8522 8547 8498
f 8498 8547 8543
f 8489 8490 8498
f 8498 8490 8495
f 8522 8521 8546
f 8548 8549 8550
f 8551 8552 8553
f 8554 8555 8556
f 8495 8529 8557
f 8540 8541 8545
f 8558 8559 8560
f 8558 8560 8561
f 8527 8515 8511
f 8534 8535 8537
f 8495 8557 8505
f 8562 8563 8553
f 8563 8564 8553
f 8553 8564 8551
f 8561 8560 8549
f 8549 8560 8565
f 8549 8565 8550
f 8511 8517 8566
f 8515 8526 8554
f 8554 8526 8555
f 8567 8568 8563
f 8563 8568 8564
f 8567 8569 8570
f 8567 8570 8571
f 8566 8572 8511
f 8511 8572 8527
f 8563 8562 8573
f 8563 8550 8574
f 8574 8575 8563
f 8576 8577 8578
f 8561 8579 8558
f 8558 8579 8580
f 8550 8563 8548
f 8581 8582 8583
f 8584 8556 8555
f 8520 8522 8585
f 8585 8522 8563
f 8513 8586 8514
f 8514 8586 8587
f 8553 8588 8589
f 8569 8567 8563
f 8556 8584 8581
f 8581 8584 8582
f 8563 8573 8585
f 8571 8590 8567
f 8591 8592 8593
f 8593 8592 8594
f 8553 8552 8588
f 8575 8595 8563
f 8563 8595 8569
f 8591 8593 8596
f 8591 8596 8577
f 8577 8596 8578
f 8597 8585 8573
f 8597 8573 8598
f 8598 8573 8599
f 8599 8573 8600
f 8600 8573 8601
f 8600 8601 8587
f 8587 8601 8514
f 8591 8602 8592
f 8592 8602 8603
f 8581 8604 8605
f 8606 8607 8608
f 8608 8607 8609
f 8606 8589 8588
f 8590 8571 8578
f 8578 8571 8576
f 8589 8606 8608
f 8581 8583 8604
f 8581 8605 8610
f 8608 8609 8611
f 8608 8611 8612
f 8539 8441 8613
f 8613 8441 8614
f 8441 8539 8615
f 8441 8615 8436
f 8436 8615 8616
f 8616 8615 8617
f 8616 8617 8374
f 8507 8618 8617
f 8617 8618 8374
f 8493 8619 8618
f 8493 8618 8507
f 8361 8505 8557
f 8361 8557 8411
f 8411 8557 8529
f 8411 8529 8373
f 8358 8480 8620
f 8621 8622 8509
f 8509 8622 8623
f 8509 8623 8624
f 8624 8623 8410
f 8624 8410 8482
f 8482 8410 8349
f 8482 8349 8620
f 8620 8349 8358
f 8621 8625 8622
f 8625 8621 8626
f 8626 8627 8625
f 8627 8626 8409
f 8409 8626 8530
f 8409 8530 8628
f 8628 8530 8629
f 8630 8628 8629
f 8630 8408 8628
f 8408 8630 8501
f 8408 8501 8404
f 8404 8501 8500
f 8404 8500 8631
f 8631 8500 8632
f 8631 8632 8350
f 8350 8632 8633
f 8481 8633 8632
f 8633 8481 8351
f 8634 8351 8481
f 8635 8490 8483
f 8635 8483 8343
f 8343 8483 8478
f 8343 8478 8336
f 8636 8474 8384
f 8384 8474 8637
f 8384 8637 8638
f 8384 8638 8383
f 8383 8638 8639
f 8383 8639 8640
f 8640 8639 8641
f 8640 8641 8372
f 8372 8641 8642
f 8372 8642 8643
f 8643 8642 8402
f 8402 8642 8644
f 8402 8644 8645
f 8645 8644 8370
f 8370 8644 8504
f 8370 8504 8646
f 8646 8504 8647
f 8485 8646 8647
f 8648 8369 8485
f 8485 8369 8646
f 8369 8648 8371
f 8371 8648 8484
f 8371 8484 8649
f 8649 8484 8650
f 8649 8650 8382
f 8382 8650 8651
f 8475 8651 8650
f 8651 8475 8652
f 8479 8652 8475
f 8375 8471 8525
f 8375 8525 8346
f 8346 8525 8516
f 8346 8516 8347
f 8364 8653 8554
f 8654 8655 8445
f 8654 8445 8656
f 8656 8445 8657
f 8656 8657 8450
f 8656 8450 8556
f 8556 8450 8399
f 8556 8399 8554
f 8554 8399 8364
f 8654 8658 8655
f 8658 8654 8659
f 8659 8660 8658
f 8660 8659 8449
f 8449 8659 8605
f 8449 8605 8661
f 8661 8605 8662
f 8583 8448 8662
f 8662 8448 8661
f 8448 8583 8582
f 8448 8582 8444
f 8444 8582 8663
f 8663 8582 8664
f 8663 8664 8400
f 8400 8664 8584
f 8400 8584 8665
f 8555 8665 8584
f 8665 8555 8401
f 8666 8401 8555
f 8667 8527 8572
f 8667 8572 8345
f 8345 8572 8668
f 8345 8668 8669
f 8340 8517 8670
f 8671 8420 8672
f 8671 8672 8673
f 8673 8672 8424
f 8673 8424 8518
f 8518 8424 8362
f 8518 8362 8670
f 8670 8362 8340
f 8674 8421 8671
f 8671 8421 8420
f 8421 8674 8536
f 8536 8443 8421
f 8443 8536 8675
f 8443 8675 8676
f 8676 8675 8677
f 8676 8677 8678
f 8678 8677 8679
f 8680 8678 8679
f 8680 8423 8678
f 8423 8680 8533
f 8423 8533 8419
f 8419 8533 8532
f 8419 8532 8681
f 8681 8532 8682
f 8681 8682 8363
f 8363 8682 8683
f 8519 8683 8682
f 8683 8519 8341
f 8684 8341 8519
f 8685 8514 8601
f 8685 8601 8395
f 8395 8601 8686
f 8395 8686 8352
f 8355 8562 8553
f 8687 8426 8688
f 8688 8426 8689
f 8688 8689 8431
f 8688 8431 8589
f 8589 8431 8366
f 8589 8366 8553
f 8553 8366 8355
f 8687 8427 8426
f 8427 8687 8690
f 8427 8690 8691
f 8691 8690 8430
f 8430 8690 8611
f 8430 8611 8692
f 8692 8611 8693
f 8694 8429 8693
f 8693 8429 8692
f 8429 8694 8607
f 8429 8607 8425
f 8425 8607 8606
f 8425 8606 8695
f 8695 8606 8696
f 8695 8696 8367
f 8367 8696 8697
f 8588 8697 8696
f 8697 8588 8365
f 8552 8365 8588
f 8698 8564 8568
f 8698 8568 8357
f 8357 8568 8567
f 8357 8567 8699
f 8590 8578 8412
f 8412 8578 8470
f 8470 8578 8700
f 8470 8700 8469
f 8469 8700 8465
f 8465 8700 8596
f 8465 8596 8593
f 8465 8593 8701
f 8701 8593 8702
f 8702 8593 8594
f 8702 8594 8703
f 8702 8703 8704
f 8704 8703 8461
f 8461 8703 8705
f 8461 8705 8706
f 8706 8705 8707
f 8706 8707 8708
f 8706 8708 8460
f 8460 8708 8602
f 8460 8602 8709
f 8709 8602 8591
f 8709 8591 8577
f 8709 8577 8710
f 8710 8577 8711
f 8710 8711 8468
f 8711 8576 8468
f 8468 8576 8463
f 8463 8576 8571
f 8414 8569 8595
f 8414 8595 8432
f 8432 8595 8575
f 8432 8575 8386
f 8712 8550 8713
f 8714 8454 8715
f 8715 8454 8716
f 8715 8716 8717
f 8717 8716 8458
f 8717 8458 8433
f 8717 8433 8713
f 8713 8433 8712
f 8559 8455 8714
f 8714 8455 8454
f 8455 8559 8718
f 8718 8559 8719
f 8718 8719 8457
f 8457 8719 8720
f 8457 8720 8721
f 8721 8720 8722
f 8723 8385 8724
f 8721 8722 8725
f 8721 8725 8726
f 8726 8725 8453
f 8453 8725 8579
f 8453 8579 8727
f 8727 8579 8561
f 8727 8561 8549
f 8727 8549 8434
f 8434 8549 8728
f 8434 8728 8724
f 8724 8728 8548
f 8724 8548 8723
f 8415 8522 8498
f 8415 8498 8394
f 8394 8498 8497
f 8394 8497 8729
f 8398 8499 8506
f 8540 8730 8437
f 8540 8437 8542
f 8542 8437 8731
f 8542 8731 8732
f 8732 8731 8439
f 8732 8439 8508
f 8508 8439 8359
f 8508 8359 8506
f 8506 8359 8398
f 8733 8438 8540
f 8540 8438 8730
f 8438 8733 8734
f 8734 8733 8544
f 8734 8544 8442
f 8442 8544 8545
f 8442 8545 8614
f 8614 8545 8613
f 8376 8473 8735
f 8735 8473 8496
f 8735 8496 8377
f 8377 8496 8736
f 8377 8736 8737
f 8737 8736 8491
f 8737 8491 8391
f 8391 8491 8488
f 8391 8488 8392
f 8392 8488 8489
f 8392 8489 8738
f 8392 8738 8739
f 8739 8738 8393
f 8393 8738 8543
f 8393 8543 8740
f 8393 8740 8741
f 8741 8740 8416
f 8416 8740 8742
f 8416 8742 8743
f 8743 8742 8546
f 8743 8546 8418
f 8418 8546 8521
f 8418 8521 8388
f 8388 8521 8520
f 8388 8520 8744
f 8388 8744 8389
f 8389 8744 8745
f 8745 8744 8597
f 8745 8597 8353
f 8353 8597 8598
f 8353 8598 8354
f 8354 8598 8599
f 8354 8599 8396
f 8396 8599 8600
f 8396 8600 8746
f 8746 8600 8587
f 8746 8587 8397
f 8397 8587 8747
f 8397 8747 8748
f 8748 8747 8586
f 8748 8586 8378
f 8378 8586 8749
f 8378 8749 8750
f 8750 8749 8751
f 8750 8751 8379
f 8379 8751 8512
f 8379 8512 8380
f 8380 8512 8524
f 8380 8524 8381
f 8381 8524 8523
f 8381 8523 8531
f 8381 8531 8752
f 8752 8531 8376
f 8376 8531 8473
f 8729 8497 8494
f 8729 8494 8753
f 8753 8494 8499
f 8753 8499 8398
f 8619 8493 8492
f 8619 8492 8754
f 8754 8492 8505
f 8754 8505 8361
f 8373 8529 8528
f 8373 8528 8755
f 8755 8528 8480
f 8755 8480 8358
f 8351 8634 8756
f 8756 8634 8757
f 8756 8757 8635
f 8635 8757 8490
f 8336 8478 8477
f 8336 8477 8337
f 8337 8477 8636
f 8636 8477 8474
f 8652 8479 8472
f 8652 8472 8758
f 8758 8472 8375
f 8375 8472 8471
f 8347 8516 8759
f 8759 8516 8653
f 8759 8653 8364
f 8401 8666 8760
f 8760 8666 8761
f 8760 8761 8667
f 8667 8761 8527
f 8669 8668 8762
f 8762 8668 8763
f 8762 8763 8340
f 8340 8763 8517
f 8341 8684 8764
f 8764 8684 8765
f 8764 8765 8685
f 8685 8765 8514
f 8352 8686 8766
f 8766 8686 8767
f 8766 8767 8355
f 8355 8767 8562
f 8365 8552 8768
f 8768 8552 8551
f 8768 8551 8698
f 8698 8551 8564
f 8699 8567 8769
f 8699 8769 8770
f 8770 8769 8590
f 8770 8590 8412
f 8463 8571 8570
f 8463 8570 8413
f 8413 8570 8569
f 8413 8569 8414
f 8386 8575 8574
f 8386 8574 8771
f 8771 8574 8550
f 8771 8550 8712
f 8385 8723 8417
f 8417 8723 8772
f 8417 8772 8415
f 8415 8772 8522
f 8520 8585 8744
f 8586 8747 8587
f 8586 8513 8749
f 8749 8513 8751
f 8513 8512 8751
f 8496 8491 8736
f 8543 8738 8489
f 8543 8547 8740
f 8740 8547 8742
f 8547 8546 8742
f 8585 8597 8744
f 8765 8511 8514
f 8684 8511 8765
f 8535 8680 8679
f 8511 8684 8519
f 8533 8680 8535
f 8519 8682 8532
f 8686 8601 8573
f 8675 8537 8677
f 8679 8677 8537
f 8679 8537 8535
f 8767 8573 8562
f 8686 8573 8767
f 8534 8671 8673
f 8537 8675 8536
f 8674 8671 8534
f 8536 8674 8534
f 8534 8673 8518
f 8518 8670 8517
f 8608 8687 8688
f 8690 8687 8608
f 8612 8690 8608
f 8608 8688 8589
f 8668 8566 8763
f 8763 8566 8517
f 8611 8690 8612
f 8693 8611 8609
f 8668 8572 8566
f 8607 8694 8609
f 8694 8693 8609
f 8588 8696 8606
f 8761 8666 8526
f 8761 8526 8527
f 8583 8662 8604
f 8526 8666 8555
f 8584 8664 8582
f 8662 8605 8604
f 8605 8659 8610
f 8769 8567 8590
f 8610 8659 8654
f 8581 8654 8656
f 8610 8654 8581
f 8554 8653 8515
f 8581 8656 8556
f 8592 8703 8594
f 8596 8700 8578
f 8516 8515 8653
f 8707 8705 8603
f 8705 8703 8592
f 8603 8705 8592
f 8707 8603 8708
f 8576 8711 8577
f 8602 8708 8603
f 8487 8485 8647
f 8484 8648 8485
f 8475 8650 8484
f 8644 8510 8504
f 8647 8504 8487
f 8486 8642 8641
f 8476 8641 8639
f 8638 8637 8474
f 8644 8642 8486
f 8486 8641 8476
f 8510 8644 8486
f 8476 8639 8638
f 8476 8638 8474
f 8560 8714 8715
f 8565 8717 8713
f 8558 8719 8559
f 8715 8717 8565
f 8559 8714 8560
f 8560 8715 8565
f 8565 8713 8550
f 8722 8720 8580
f 8720 8719 8558
f 8580 8720 8558
f 8563 8723 8548
f 8579 8725 8580
f 8725 8722 8580
f 8548 8728 8549
f 8757 8495 8490
f 8634 8495 8757
f 8772 8563 8522
f 8723 8563 8772
f 8503 8630 8629
f 8495 8634 8481
f 8501 8630 8503
f 8481 8632 8500
f 8626 8502 8530
f 8629 8530 8503
f 8502 8626 8621
f 8502 8621 8509
f 8509 8624 8482
f 8482 8620 8480
f 8542 8732 8508
f 8544 8733 8540
f 8613 8545 8541
f 8617 8615 8538
f 8539 8613 8541
f 8538 8615 8539
f 8507 8617 8538
f 8743 8418 8416
f 8741 8416 8393
f 8739 8393 8392
f 8737 8391 8377
f 8735 8377 8376
f 8752 8376 8381
f 8750 8379 8378
f 8748 8378 8397
f 8746 8397 8396
f 8745 8353 8389
f 8422 8443 8676
f 8676 8678 8422
f 8422 8678 8423
f 8419 8681 8363
f 8363 8683 8341
f 8424 8672 8420
f 8348 8764 8685
f 8341 8764 8348
f 8339 8669 8762
f 8339 8762 8340
f 8395 8348 8685
f 8339 8345 8669
f 8345 8344 8667
f 8352 8766 8355
f 8401 8760 8344
f 8344 8760 8667
f 8427 8691 8451
f 8431 8689 8426
f 8447 8661 8448
f 8444 8663 8400
f 8400 8665 8401
f 8428 8430 8692
f 8691 8430 8451
f 8447 8449 8661
f 8449 8446 8660
f 8428 8692 8429
f 8425 8695 8367
f 8367 8697 8365
f 8446 8658 8660
f 8655 8658 8446
f 8450 8657 8445
f 8445 8655 8446
f 8365 8768 8356
f 8356 8768 8698
f 8347 8759 8364
f 8435 8357 8699
f 8357 8356 8698
f 8699 8770 8435
f 8435 8770 8412
f 8338 8652 8758
f 8338 8758 8375
f 8701 8702 8464
f 8702 8704 8466
f 8464 8702 8466
f 8465 8701 8464
f 8368 8646 8369
f 8371 8649 8382
f 8338 8651 8652
f 8382 8651 8338
f 8459 8461 8706
f 8704 8461 8466
f 8370 8403 8645
f 8368 8370 8646
f 8459 8706 8460
f 8462 8709 8710
f 8460 8709 8462
f 8462 8710 8468
f 8383 8640 8372
f 8402 8645 8403
f 8384 8337 8636
f 8372 8643 8402
f 8343 8342 8635
f 8386 8771 8387
f 8387 8771 8712
f 8351 8756 8342
f 8342 8756 8635
f 8387 8712 8433
f 8455 8718 8467
f 8458 8716 8454
f 8407 8628 8408
f 8404 8631 8350
f 8350 8633 8351
f 8456 8457 8721
f 8718 8457 8467
f 8409 8406 8627
f 8407 8409 8628
f 8456 8721 8726
f 8434 8724 8385
f 8456 8726 8453
f 8453 8727 8434
f 8623 8622 8405
f 8405 8622 8625
f 8405 8625 8406
f 8406 8625 8627
f 8410 8623 8405
f 8373 8755 8358
f 8390 8394 8729
f 8390 8729 8753
f 8390 8753 8398
f 8360 8619 8754
f 8360 8754 8361
f 8438 8734 8452
f 8439 8731 8437
f 8437 8730 8438
f 8440 8614 8441
f 8436 8616 8374
f 8374 8618 8360
f 8360 8618 8619
f 8440 8442 8614
f 8442 8452 8734
f 8773 8774 8775
f 8776 8777 8778
f 8779 8780 8774
f 8779 8774 8773
f 8781 8782 8777
f 8781 8777 8776
f 8783 8784 8785
f 8786 8787 8788
f 8789 8790 8791
f 8792 8793 8794
f 8785 8784 8795
f 8796 8797 8798
f 8796 8798 8799
f 8799 8798 8800
f 8787 8801 8796
f 8796 8801 8802
f 8796 8802 8803
f 8779 8773 8804
f 8779 8804 8805
f 8806 8807 8776
f 8781 8776 8785
f 8781 8785 8795
f 8787 8786 8801
f 8808 8809 8788
f 8810 8811 8812
f 8810 8812 8813
f 8804 8814 8805
f 8794 8815 8816
f 8817 8818 8804
f 8804 8818 8819
f 8820 8821 8804
f 8822 8823 8817
f 8817 8823 8818
f 8813 8812 8824
f 8813 8824 8825
f 8825 8824 8773
f 8825 8773 8826
f 8791 8805 8789
f 8827 8828 8829
f 8820 8830 8831
f 8831 8830 8832
f 8831 8832 8833
f 8776 8778 8806
f 8834 8835 8817
f 8817 8835 8822
f 8799 8800 8836
f 8836 8800 8837
f 8836 8837 8785
f 8785 8837 8838
f 8785 8838 8839
f 8788 8787 8808
f 8779 8805 8791
f 8827 8840 8828
f 8797 8796 8803
f 8797 8803 8841
f 8820 8842 8843
f 8820 8843 8830
f 8804 8819 8842
f 8804 8842 8820
f 8844 8845 8846
f 8839 8834 8785
f 8785 8834 8817
f 8785 8817 8783
f 8810 8813 8847
f 8773 8775 8826
f 8848 8849 8850
f 8850 8849 8851
f 8852 8853 8850
f 8790 8789 8848
f 8848 8850 8790
f 8804 8793 8854
f 8794 8816 8792
f 8855 8856 8857
f 8833 8832 8858
f 8858 8832 8859
f 8858 8859 8860
f 8858 8860 8861
f 8794 8793 8804
f 8794 8804 8821
f 8862 8863 8864
f 8864 8863 8865
f 8866 8867 8864
f 8807 8806 8862
f 8862 8864 8807
f 8795 8846 8781
f 8868 8869 8870
f 8870 8869 8871
f 8872 8873 8870
f 8809 8808 8868
f 8868 8870 8809
f 8804 8854 8814
f 8857 8874 8875
f 8857 8875 8827
f 8827 8875 8840
f 8876 8877 8829
f 8857 8827 8858
f 8857 8858 8855
f 8861 8841 8858
f 8858 8841 8803
f 8858 8803 8878
f 8878 8855 8858
f 8879 8880 8881
f 8881 8880 8882
f 8815 8794 8879
f 8879 8881 8815
f 8846 8795 8844
f 8883 8881 8884
f 8829 8828 8876
f 8850 8851 8852
f 8864 8865 8866
f 8885 8886 8887
f 8888 8885 8889
f 8845 8844 8890
f 8886 8885 8890
f 8890 8885 8845
f 8870 8871 8872
f 8881 8882 8884
f 8891 8892 8893
f 8893 8892 8894
f 8895 8896 8893
f 8877 8876 8891
f 8891 8893 8877
f 8897 8898 8899
f 8900 8856 8855
f 8901 8899 8902
f 8902 8899 8903
f 8901 8904 8897
f 8901 8897 8899
f 8885 8887 8889
f 8893 8894 8895
f 8902 8903 8905
f 8905 8903 8906
f 8856 8900 8905
f 8856 8905 8906
f 8895 8907 8896
f 8908 8909 8910
f 8911 8912 8913
f 8914 8915 8911
f 8911 8915 8912
f 8914 8916 8909
f 8909 8916 8917
f 8918 8919 8920
f 8921 8913 8922
f 8922 8913 8912
f 8923 8917 8924
f 8924 8917 8925
f 8915 8914 8909
f 8921 8922 8919
f 8921 8919 8918
f 8917 8923 8926
f 8927 8928 8929
f 8929 8928 8930
f 8910 8909 8917
f 8910 8917 8931
f 8931 8917 8932
f 8932 8917 8926
f 8925 8933 8934
f 8933 8935 8936
f 8936 8935 8937
f 8938 8939 8940
f 8941 8929 8942
f 8942 8929 8930
f 8918 8920 8943
f 8933 8925 8928
f 8933 8928 8944
f 8944 8935 8933
f 8941 8942 8939
f 8941 8939 8938
f 8918 8943 8945
f 8946 8947 8948
f 8946 8948 8949
f 8950 8951 8952
f 8952 8951 8953
f 8936 8937 8954
f 8954 8937 8955
f 8956 8957 8958
f 8959 8960 8961
f 8961 8960 8947
f 8946 8962 8963
f 8938 8940 8964
f 8910 8965 8908
f 8908 8965 8959
f 8908 8959 8961
f 8962 8966 8967
f 8968 8969 8970
f 8971 8952 8972
f 8972 8952 8953
f 8928 8927 8973
f 8974 8975 8976
f 8977 8954 8974
f 8974 8954 8955
f 8934 8978 8924
f 8961 8947 8946
f 8961 8946 8963
f 8971 8972 8969
f 8971 8969 8968
f 8979 8980 8976
f 8977 8974 8976
f 8938 8964 8981
f 8958 8982 8983
f 8958 8983 8984
f 8958 8984 8934
f 8934 8984 8985
f 8934 8985 8978
f 8924 8925 8934
f 8958 8957 8982
f 8986 8987 8988
f 8946 8989 8990
f 8928 8973 8991
f 8958 8992 8993
f 8994 8995 8996
f 8966 8962 8946
f 8968 8970 8997
f 8928 8991 8944
f 8998 8958 8999
f 8958 9000 8999
f 8999 9000 9001
f 8996 8995 9002
f 8996 9002 8987
f 8987 9002 9003
f 8987 9003 8988
f 8951 8950 8946
f 8946 8950 8989
f 8962 8967 9004
f 9004 8967 9005
f 8976 8975 8979
f 8993 9006 8958
f 8958 9006 9000
f 9007 9008 8992
f 8992 9008 9009
f 8990 9010 8946
f 8946 9010 8966
f 8968 8997 9011
f 8999 9001 9012
f 9013 9014 8958
f 8958 9014 9015
f 9016 9017 9018
f 8994 8996 9019
f 9014 9013 8988
f 8988 9013 8986
f 9020 9021 9022
f 9023 9024 9022
f 9025 9004 9020
f 9020 9004 9005
f 8949 9026 8946
f 8946 9026 9027
f 9007 8992 8958
f 9025 9020 9022
f 8958 8998 8956
f 9009 9028 8992
f 9029 9030 9031
f 9015 9032 8958
f 8958 9032 9007
f 9029 9031 9033
f 9029 9033 9017
f 9017 9033 9018
f 9034 9035 8998
f 8998 9035 8956
f 9034 8998 9036
f 9036 8998 9037
f 9036 9037 9038
f 9038 9037 9039
f 9039 9037 9040
f 9040 9037 9041
f 9040 9041 9027
f 9027 9041 8946
f 9030 9029 9042
f 9043 9044 9045
f 9046 8999 9047
f 9047 8999 9012
f 9028 9009 9018
f 9018 9009 9016
f 9046 9047 9044
f 9046 9044 9043
f 9022 9021 9023
f 9043 9045 9048
f 8975 9049 9050
f 9050 9049 9051
f 9052 8881 9049
f 9049 8975 9052
f 8881 9052 9053
f 9053 9052 8974
f 9053 8974 8815
f 8815 8974 9054
f 8955 8816 9054
f 9054 8816 8815
f 8937 8792 8816
f 8937 8816 8955
f 9055 8944 9056
f 9055 9056 8854
f 8854 9056 9057
f 8854 9057 8814
f 9058 8849 9059
f 9058 9059 9060
f 9060 9059 9061
f 9061 9059 9062
f 9061 9062 8929
f 8929 9062 8789
f 8929 8789 9063
f 9063 8789 9064
f 9058 9065 8849
f 9065 9058 9066
f 9066 9067 9065
f 9067 9066 9068
f 9068 9066 8964
f 9068 8964 9069
f 9069 8964 9070
f 9071 8853 9070
f 9070 8853 9069
f 8939 9072 8853
f 8853 9071 8939
f 9072 8939 9073
f 9072 9073 8850
f 8850 9073 8790
f 8790 9073 8942
f 8790 8942 9074
f 9075 9074 8942
f 9074 9075 9076
f 9077 9076 9075
f 9078 9079 8917
f 9078 8917 8780
f 8780 8917 9080
f 8780 9080 8774
f 8775 8914 8826
f 8826 8914 8911
f 8826 8911 9081
f 9081 8911 8913
f 9081 8913 8825
f 8825 8913 8921
f 8825 8921 9082
f 8825 9082 9083
f 9083 9082 9084
f 9083 9084 8813
f 8813 9084 9085
f 9085 9084 9086
f 9085 9086 9087
f 9087 9086 9088
f 9088 9086 8943
f 9088 8943 9089
f 9089 8943 9090
f 9091 8811 9090
f 9090 8811 9089
f 8919 8812 8811
f 8811 9091 8919
f 8812 8919 9092
f 8812 9092 9093
f 9093 9092 8922
f 9093 8922 8824
f 9094 9095 8824
f 9094 8824 8922
f 9095 9094 9096
f 8915 9096 9094
f 8817 8908 8961
f 8817 8961 8783
f 8783 8961 8963
f 8783 8963 8784
f 9022 8886 9097
f 9022 9097 9098
f 9098 9097 9099
f 9099 9097 8890
f 9099 8890 8844
f 9099 8844 9004
f 9004 8844 9100
f 9004 9100 9101
f 9101 9100 9102
f 9103 9104 9022
f 9022 9104 8886
f 9104 9103 9105
f 9105 9106 9104
f 9106 9105 8889
f 8889 9105 9107
f 8889 9107 9108
f 9108 9107 9109
f 9110 9111 9109
f 9109 9111 9108
f 9021 8885 9111
f 9111 9110 9021
f 8885 9021 9112
f 8885 9112 9113
f 9113 9112 8845
f 8845 9112 9114
f 8845 9114 9115
f 9116 9115 9114
f 9115 9116 9117
f 8967 9117 9116
f 9118 9119 9010
f 9118 9010 8782
f 8782 9010 8990
f 8782 8990 8777
f 9120 8863 9121
f 9120 9121 9122
f 9122 9121 9123
f 9123 9121 9124
f 9123 9124 9125
f 9123 9125 8952
f 8952 9125 8950
f 8950 9125 8778
f 9120 9126 8863
f 9126 9120 9127
f 9127 9128 9126
f 9128 9127 9129
f 9129 9127 8997
f 9129 8997 9130
f 9130 8997 9131
f 9132 8867 9131
f 9131 8867 9130
f 8969 9133 8867
f 8867 9132 8969
f 9133 8969 8864
f 8864 8969 9134
f 8864 9134 8807
f 8807 9134 9135
f 9135 9134 8972
f 8953 9135 8972
f 9135 8953 9136
f 8951 9136 8953
f 8785 8946 9041
f 8785 9041 8836
f 8836 9041 9037
f 8836 9037 8799
f 9137 9138 9139
f 9137 9139 9140
f 9140 9139 9141
f 9141 9139 9142
f 9141 9142 9143
f 9141 9143 8999
f 8999 9143 9144
f 9144 9143 8787
f 9138 9137 9145
f 9138 9145 9146
f 9146 9145 9147
f 9147 9145 9148
f 9147 9148 9149
f 9149 9148 9150
f 9151 8873 9150
f 9150 8873 9149
f 9044 9152 8873
f 8873 9151 9044
f 9152 9044 9153
f 9152 9153 8870
f 8870 9153 8809
f 8809 9153 9047
f 9154 8788 8809
f 9154 8809 9047
f 9155 8786 8788
f 9155 8788 9154
f 8802 9000 9006
f 8802 9006 8803
f 8803 9006 8993
f 8803 8993 8878
f 9028 9018 8900
f 8900 9018 8905
f 8905 9018 9156
f 8905 9156 9157
f 9157 9156 9033
f 9157 9033 8902
f 8902 9033 9158
f 8902 9158 9031
f 8902 9031 8901
f 8901 9031 9159
f 8901 9159 9160
f 9160 9159 9161
f 9160 9161 9162
f 9162 9161 9163
f 9163 9161 9164
f 9163 9164 9165
f 9165 9164 9166
f 9009 9167 8906
f 9165 9166 9042
f 9165 9042 8898
f 9029 9168 8898
f 8898 9042 9029
f 9168 9029 9169
f 9168 9169 8899
f 8899 9169 8903
f 8903 9169 9017
f 8903 9017 9170
f 8903 9170 8906
f 9170 9016 8906
f 8906 9016 9009
f 8857 9007 9032
f 8857 9032 8874
f 8874 9032 9015
f 8874 9015 8875
f 9171 9172 9173
f 9171 9173 9002
f 9002 9173 9003
f 9003 9173 9174
f 9003 9174 9175
f 9003 9175 8988
f 8988 9175 9176
f 9176 9175 8828
f 9172 9171 9177
f 9172 9177 9178
f 9178 9177 8895
f 8895 9177 9179
f 8895 9179 9180
f 9180 9179 9181
f 9013 8827 8829
f 9180 9181 9019
f 9180 9019 8896
f 8996 8893 8896
f 8896 9019 8996
f 8893 8996 9182
f 8893 9182 9183
f 9183 9182 8987
f 9183 8987 8877
f 8877 8987 9184
f 8877 9184 8829
f 9184 8986 8829
f 8829 8986 9013
f 9185 9186 8934
f 9185 8934 8833
f 8833 8934 8933
f 8833 8933 8831
f 8976 8880 9187
f 8976 9187 9188
f 9188 9187 9189
f 9189 9187 9190
f 9189 9190 8954
f 8954 9190 8794
f 8954 8794 8936
f 8936 8794 8821
f 9191 9192 8976
f 8976 9192 8880
f 9192 9191 9193
f 9193 9194 9192
f 9194 9193 8884
f 8884 9193 9195
f 8884 9195 9051
f 9051 9195 9050
f 9196 9197 9198
f 9196 9198 9199
f 9199 9198 8932
f 9199 8932 9200
f 9200 8932 8926
f 9200 8926 8843
f 8843 8926 8923
f 8843 8923 8830
f 8830 8923 8924
f 8830 8924 9201
f 9201 8924 9202
f 9201 9202 9203
f 9203 9202 9204
f 9203 9204 9205
f 9205 9204 8983
f 9205 8983 8860
f 8860 8983 8982
f 8860 8982 9206
f 9206 8982 8957
f 9206 8957 8861
f 8861 8957 8956
f 8861 8956 8841
f 8841 8956 9207
f 8841 9207 9208
f 9208 9207 9209
f 9208 9209 9210
f 9210 9209 8798
f 8798 9209 9038
f 8798 9038 8800
f 8800 9038 9039
f 8800 9039 8837
f 8837 9039 9040
f 8837 9040 8838
f 8838 9040 9027
f 8838 9027 9211
f 9211 9027 9212
f 9211 9212 9213
f 9213 9212 9214
f 9213 9214 9215
f 9215 9214 9216
f 9215 9216 8835
f 8835 9216 8822
f 8822 9216 8960
f 8822 8960 8823
f 8823 8960 8959
f 8823 8959 9217
f 9217 8959 9197
f 9217 9197 9196
f 8831 8933 8820
f 8820 8933 9218
f 8820 9218 8936
f 8820 8936 8821
f 8792 8937 9219
f 9219 8937 8935
f 9219 8935 9055
f 9055 8935 8944
f 8814 9057 9220
f 8814 9220 9221
f 9221 9220 9063
f 9221 9063 9064
f 9076 9077 9222
f 9222 9077 8925
f 9222 8925 9078
f 9078 8925 9079
f 8774 9080 9223
f 9223 9080 9224
f 9223 9224 8775
f 8775 9224 8914
f 9096 8915 8909
f 9096 8909 8804
f 8804 8909 8908
f 8804 8908 8817
f 8784 8963 9225
f 9225 8963 9226
f 9225 9226 9102
f 9102 9226 9101
f 9117 8967 9227
f 9227 8967 8966
f 9227 8966 9118
f 9118 8966 9119
f 8777 8990 9228
f 9228 8990 8989
f 9228 8989 8950
f 9228 8950 8778
f 9136 8951 9229
f 9229 8951 9230
f 9229 9230 8785
f 8785 9230 8946
f 8799 9037 9231
f 8799 9231 8796
f 8796 9231 9144
f 8796 9144 8787
f 8786 9155 8801
f 8801 9155 9001
f 8801 9001 8802
f 8802 9001 9000
f 8878 8993 8855
f 8855 8993 8992
f 8855 8992 8900
f 8900 8992 9028
f 9167 9009 9232
f 9232 9009 9008
f 9232 9008 8857
f 8857 9008 9007
f 8875 9015 9233
f 8875 9233 8840
f 8840 9233 9176
f 8840 9176 8828
f 8827 9013 9234
f 9234 9013 9235
f 9234 9235 9186
f 9234 9186 9185
f 9036 9038 9236
f 9236 9038 9209
f 9026 9212 9027
f 9026 8948 9237
f 9026 9237 9212
f 8948 8947 9237
f 9237 8947 9214
f 9214 8947 9216
f 8960 9216 8947
f 8965 9197 8959
f 8965 8931 9238
f 8965 9238 9197
f 8931 8932 9238
f 9238 8932 9198
f 8978 9202 8924
f 8978 8984 9239
f 8978 9239 9202
f 8984 8983 9239
f 9239 8983 9204
f 9035 9207 8956
f 9035 9036 9236
f 9035 9236 9207
f 9230 8951 8946
f 9132 9131 8970
f 8972 9134 8969
f 8969 9132 8970
f 9127 9011 8997
f 9131 8997 8970
f 9231 9037 8998
f 9231 8998 9144
f 9011 9127 8968
f 8968 9127 9120
f 8968 9120 9122
f 9122 9123 8971
f 8971 9123 8952
f 8968 9122 8971
f 9145 9137 9043
f 9140 9141 9046
f 9046 9141 8999
f 8999 9144 8998
f 9043 9137 9140
f 9048 9145 9043
f 9043 9140 9046
f 9148 9145 9048
f 9150 9148 9045
f 9045 9148 9048
f 9010 9119 8966
f 9047 9153 9044
f 9150 9045 9151
f 9154 9047 9012
f 9154 9012 9155
f 9044 9151 9045
f 9155 9012 9001
f 8967 9116 9005
f 9005 9116 9114
f 9020 9114 9112
f 9110 9109 9023
f 9020 9112 9021
f 9005 9114 9020
f 9021 9110 9023
f 9109 9107 9023
f 9107 9105 9024
f 9107 9024 9023
f 9105 9103 9024
f 9024 9103 9022
f 9098 9099 9025
f 9025 9099 9004
f 9004 9101 8962
f 9022 9098 9025
f 9030 9161 9159
f 9031 9158 9033
f 9033 9156 9018
f 9030 9159 9031
f 9226 8963 8962
f 9226 8962 9101
f 9164 9161 9030
f 9166 9164 9030
f 9166 9030 9042
f 9016 9170 9017
f 9017 9169 9029
f 8915 9094 8912
f 8912 9094 8922
f 8922 9092 8919
f 9091 9090 8920
f 8919 9091 8920
f 9086 8945 8943
f 9090 8943 8920
f 9233 9015 9014
f 9233 9014 9176
f 8945 9086 8918
f 8918 9086 9084
f 8918 9084 9082
f 8918 9082 8921
f 9177 9171 8995
f 8995 9171 9002
f 8988 9176 9014
f 8994 9177 8995
f 9224 9080 8916
f 9224 8916 8914
f 9179 9177 8994
f 9181 9179 8994
f 9181 8994 9019
f 9080 8917 8916
f 8917 9079 8925
f 8986 9184 8987
f 8987 9182 8996
f 9077 8928 8925
f 9235 8958 9186
f 9013 8958 9235
f 8928 9077 9075
f 8928 9075 8930
f 8930 9075 8942
f 8942 9073 8939
f 9071 9070 8940
f 8939 9071 8940
f 8934 9186 8958
f 9066 8981 8964
f 9070 8964 8940
f 9218 8933 8936
f 8981 9066 8938
f 8938 9066 9058
f 9060 9061 8941
f 8941 9061 8929
f 8929 9063 8927
f 8938 9058 9060
f 8938 9060 8941
f 9193 9191 8980
f 8980 9191 8976
f 9188 9189 8977
f 8977 9189 8954
f 8976 9188 8977
f 9057 8973 9220
f 9220 8973 8927
f 9220 8927 9063
f 9050 9195 8979
f 9195 9193 8980
f 9195 8980 8979
f 9057 9056 8973
f 8973 9056 8991
f 9056 8944 8991
f 8975 9050 8979
f 8974 9052 8975
f 8955 9054 8974
f 9210 8797 9240
f 9240 8797 9208
f 9206 8861 8860
f 9205 8860 8859
f 9205 8859 9241
f 9203 8832 9201
f 9201 8832 8830
f 8843 8842 9200
f 9200 8842 9199
f 9199 8842 8819
f 9199 8819 9242
f 9196 8818 9217
f 9217 8818 8823
f 9215 8835 8834
f 9215 8834 9243
f 9213 8839 9211
f 9211 8839 8838
f 9208 8797 8841
f 9210 8798 8797
f 9241 8859 9244
f 9241 9244 8832
f 9241 8832 9203
f 9242 8819 9245
f 9242 9245 8818
f 9242 8818 9196
f 9243 8834 9246
f 9243 9246 8839
f 9243 8839 9213
f 8866 8865 9129
f 9129 9130 8866
f 8865 9128 9129
f 8867 9133 8864
f 9135 9136 8776
f 8866 9130 8867
f 8807 9135 8776
f 9128 8865 9126
f 9126 8865 8863
f 8863 8862 9121
f 9121 8862 9124
f 9125 9124 8806
f 9125 8806 8778
f 8806 9124 8862
f 8776 9136 9229
f 8776 9229 8785
f 8777 9228 8778
f 8782 8781 9118
f 8846 9117 9227
f 8846 9227 8781
f 8781 9227 9118
f 8787 9143 8808
f 8808 9143 9142
f 8868 9142 9139
f 8868 9139 9138
f 8868 9138 8869
f 8869 9138 9146
f 8869 9146 8871
f 8808 9142 8868
f 8888 9108 9111
f 9115 9117 8846
f 8888 9111 8885
f 8885 9113 8845
f 8845 9115 8846
f 8872 9147 9149
f 9146 9147 8872
f 9146 8872 8871
f 8888 8889 9108
f 8889 8887 9106
f 8873 9152 8870
f 8872 9149 8873
f 8795 9102 9100
f 8887 9104 9106
f 8886 9104 8887
f 8795 9100 8844
f 8890 9097 8886
f 8784 9225 9102
f 8784 9102 8795
f 8773 9096 8804
f 8901 9160 8904
f 9160 9162 8904
f 8905 9157 8902
f 9095 9096 8773
f 8810 9089 8811
f 8824 9095 8773
f 8812 9093 8824
f 8897 9163 9165
f 9162 9163 8904
f 8904 9163 8897
f 8810 8847 9088
f 9088 8847 9087
f 8810 9088 9089
f 8898 9168 8899
f 8897 9165 8898
f 8906 9167 8856
f 9085 9087 8847
f 9085 8847 8813
f 8826 9081 8825
f 8825 9083 8813
f 8856 9167 9232
f 8856 9232 8857
f 8774 9223 8775
f 8780 8779 9078
f 8791 9076 9222
f 8791 9222 8779
f 8779 9222 9078
f 8828 9175 8876
f 8876 9175 9174
f 8891 9174 9173
f 8891 9173 9172
f 8891 9172 8892
f 8892 9172 9178
f 8892 9178 8894
f 8876 9174 8891
f 8853 9072 8850
f 9074 9076 8791
f 8852 9069 8853
f 8790 9074 8791
f 8907 8895 9180
f 9178 8895 8894
f 8852 8851 9068
f 8851 9067 9068
f 8852 9068 9069
f 8907 9180 8896
f 8893 9183 8877
f 9067 8851 9065
f 9065 8851 8849
f 8849 8848 9059
f 9059 8848 9062
f 8789 8805 9064
f 8789 9062 8848
f 8827 9234 8858
f 8858 9234 9185
f 9221 9064 8805
f 8814 9221 8805
f 8833 8858 9185
f 8854 8793 9055
f 8792 9219 8793
f 8793 9219 9055
f 8879 9190 9187
f 8879 9187 8880
f 8882 9192 9194
f 8880 9192 8882
f 8794 9190 8879
f 8883 9051 9049
f 8883 9049 8881
f 8881 9053 8815
f 8883 8884 9051
f 8884 8882 9194
f 9247 9248 9249
f 9247 9249 9250
f 9250 9249 9251
f 9250 9251 9252
f 9252 9251 9253
f 9252 9253 9254
f 9254 9253 9255
f 9254 9255 9256
f 9256 9255 9257
f 9256 9257 9258
f 9258 9257 9259
f 9258 9259 9260
f 9260 9259 9261
f 9261 9259 9262
f 9261 9262 9263
f 9263 9262 9264
f 9263 9264 9265
f 9265 9264 9266
f 9265 9266 9267
f 9267 9266 9268
f 9267 9268 9269
f 9269 9268 9270
f 9269 9270 9271
f 9271 9270 9272
f 9271 9272 9273
f 9271 9273 9274
f 9274 9273 9275
f 9274 9275 9276
f 9276 9275 9277
f 9276 9277 9278
f 9278 9277 9279
f 9278 9279 9280
f 9280 9279 9281
f 9280 9281 9282
f 9282 9281 9283
f 9282 9283 9284
f 9284 9283 9285
f 9284 9285 9286
f 9286 9285 9287
f 9287 9285 9288
f 9287 9288 9289
f 9289 9288 9290
f 9289 9290 9291
f 9289 9291 9292
f 9292 9291 9293
f 9292 9293 9294
f 9294 9293 9295
f 9294 9295 9296
f 9296 9295 9297
f 9296 9297 9298
f 9298 9297 9299
f 9298 9299 9248
f 9298 9248 9247
f 9300 9301 9302
f 9302 9301 9303
f 9302 9303 9304
f 9304 9303 9305
f 9305 9303 9306
f 9305 9306 9307
f 9307 9306 9308
f 9307 9308 9309
f 9309 9308 9310
f 9309 9310 9311
f 9311 9310 9312
f 9311 9312 9313
f 9313 9312 9314
f 9313 9314 9315
f 9313 9315 9316
f 9316 9315 9317
f 9316 9317 9318
f 9318 9317 9319
f 9318 9319 9320
f 9320 9319 9321
f 9320 9321 9322
f 9322 9321 9323
f 9322 9323 9324
f 9324 9323 9325
f 9325 9323 9326
f 9325 9326 9327
f 9327 9326 9328
f 9328 9329 9327
f 9327 9329 9330
f 9330 9329 9331
f 9330 9331 9332
f 9332 9331 9333
f 9333 9331 9334
f 9333 9334 9335
f 9335 9334 9336
f 9335 9336 9337
f 9337 9336 9338
f 9337 9338 9339
f 9339 9338 9340
f 9339 9340 9341
f 9341 9340 9342
f 9341 9342 9343
f 9343 9342 9344
f 9344 9342 9345
f 9344 9345 9346
f 9346 9345 9347
f 9346 9347 9348
f 9348 9347 9349
f 9348 9349 9350
f 9350 9349 9351
f 9350 9351 9352
f 9352 9351 9353
f 9353 9351 9354
f 9353 9354 9300
f 9300 9354 9355
f 9300 9355 9301
f 9342 9259 9345
f 9345 9259 9347
f 9347 9259 9257
f 9347 9257 9349
f 9349 9257 9255
f 9349 9255 9351
f 9351 9255 9253
f 9351 9253 9251
f 9351 9251 9354
f 9354 9251 9249
f 9354 9249 9355
f 9355 9249 9248
f 9355 9248 9301
f 9301 9248 9299
f 9301 9299 9303
f 9303 9299 9297
f 9303 9297 9306
f 9306 9297 9295
f 9306 9295 9308
f 9308 9295 9293
f 9308 9293 9310
f 9310 9293 9291
f 9310 9291 9312
f 9312 9291 9290
f 9312 9290 9314
f 9314 9290 9285
f 9314 9285 9317
f 9317 9285 9319
f 9319 9285 9283
f 9319 9283 9321
f 9321 9283 9281
f 9321 9281 9323
f 9323 9281 9279
f 9323 9279 9277
f 9323 9277 9326
f 9326 9277 9275
f 9326 9275 9328
f 9328 9275 9273
f 9328 9273 9329
f 9329 9273 9272
f 9329 9272 9331
f 9331 9272 9270
f 9331 9270 9334
f 9334 9270 9268
f 9334 9268 9336
f 9336 9268 9266
f 9336 9266 9338
f 9338 9266 9264
f 9338 9264 9340
f 9340 9264 9262
f 9340 9262 9342
f 9342 9262 9259
f 9260 9344 9258
f 9258 9344 9346
f 9258 9346 9256
f 9256 9346 9348
f 9256 9348 9254
f 9254 9348 9350
f 9254 9350 9252
f 9252 9350 9352
f 9252 9352 9250
f 9250 9352 9353
f 9250 9353 9247
f 9247 9353 9300
f 9247 9300 9298
f 9298 9300 9302
f 9298 9302 9304
f 9298 9304 9296
f 9296 9304 9305
f 9296 9305 9294
f 9294 9305 9307
f 9294 9307 9292
f 9292 9307 9309
f 9292 9309 9311
f 9292 9311 9289
f 9289 9311 9313
f 9289 9313 9286
f 9286 9313 9316
f 9286 9316 9284
f 9284 9316 9318
f 9284 9318 9282
f 9282 9318 9320
f 9282 9320 9280
f 9280 9320 9322
f 9280 9322 9278
f 9278 9322 9324
f 9278 9324 9276
f 9276 9324 9325
f 9276 9325 9274
f 9274 9325 9327
f 9274 9327 9271
f 9271 9327 9330
f 9271 9330 9332
f 9271 9332 9269
f 9269 9332 9333
f 9269 9333 9267
f 9267 9333 9335
f 9267 9335 9265
f 9265 9335 9337
f 9265 9337 9339
f 9265 9339 9263
f 9263 9339 9341
f 9263 9341 9260
f 9260 9341 9344

