# https://github.com/mikedh/trimesh

o L3
v 0.01932508 -0.02973742 -0.10056020
v 0.01983611 -0.02880231 -0.10069092
v 0.01745557 -0.02908426 -0.10814649
v 0.02073269 -0.02867889 -0.10094187
v 0.01900925 -0.02899113 -0.10865937
v 0.02135233 -0.02931441 -0.10110186
v 0.01932810 -0.03004184 -0.10867479
v 0.02118688 -0.03044137 -0.10107034
v 0.01798465 -0.03067417 -0.10833866
v 0.02000091 -0.03070573 -0.10074124
v 0.01918201 -0.02894850 -0.09842481
v 0.01917316 -0.03030466 -0.09842665
v 0.01999669 -0.02956574 -0.09876850
v 0.02279256 -0.02978211 -0.09939901
v 0.02231301 -0.02844900 -0.09926486
v 0.02154047 -0.02907584 -0.09903457
v 0.02126580 -0.02781435 -0.09897632
v 0.02013038 -0.02798220 -0.09867408
v 0.02121821 -0.03056135 -0.09909580
v 0.01988990 -0.03131111 -0.09860743
v 0.02110165 -0.03158870 -0.09894057
v 0.02212019 -0.03116116 -0.09920906
v 0.01889119 -0.02835331 -0.10039527
v 0.01886483 -0.03095409 -0.10038821
v 0.02111443 -0.02785973 -0.10099098
v 0.02239792 -0.02983696 -0.10133485
v 0.02090603 -0.03160463 -0.10093512
v 0.02108648 -0.02893672 -0.09999315
v -0.03619393 -0.04070688 -0.07631776
v -0.03550964 -0.04100000 -0.07753637
v -0.02612322 -0.04092574 -0.07987892
v 0.00918357 -0.04100000 -0.07072310
v -0.02685366 -0.04090640 -0.08257335
v -0.03697038 -0.04070688 -0.07921553
v -0.03628610 -0.04100000 -0.08043416
v -0.03774684 -0.04070688 -0.08211331
v -0.03706255 -0.04100000 -0.08333194
v -0.02669232 -0.04100000 -0.08559300
v -0.02854700 -0.04098536 -0.09156651
v -0.03929976 -0.04070688 -0.08790886
v -0.03861547 -0.04100000 -0.08912749
v -0.00972329 -0.04099996 -0.06508881
v -0.01170781 -0.04100000 -0.06559150
v -0.02549941 -0.04096592 -0.07711279
v -0.02746878 -0.04100000 -0.08849077
v -0.02939397 -0.04088137 -0.05443619
v -0.01040930 -0.04100000 -0.06318683
v 0.02929486 -0.04091358 -0.07016750
v 0.00715957 -0.04100003 -0.07034138
v -0.03852330 -0.04070688 -0.08501108
v -0.03783901 -0.04100000 -0.08622971
v 0.00748115 -0.04100003 -0.06866132
v 0.00934530 -0.04100000 -0.06858409
v 0.00979439 -0.04070688 -0.14661576
v 0.00911009 -0.04100000 -0.14539711
v -0.01073479 -0.04096322 -0.14059734
v 0.01057084 -0.04070688 -0.14371797
v 0.00988655 -0.04100000 -0.14249934
v -0.00995833 -0.04096322 -0.13769956
v -0.04654669 -0.04070688 -0.11495478
v -0.04586240 -0.04100000 -0.11617342
v -0.02600713 -0.04096681 -0.12097598
v -0.02679398 -0.04096322 -0.12387098
v -0.01228771 -0.04096322 -0.14639290
v -0.01458774 -0.04095310 -0.15509409
v 0.00591210 -0.04070688 -0.16110463
v 0.00522781 -0.04100000 -0.15988600
v -0.03303497 -0.04095309 -0.14704533
v -0.05353481 -0.04070688 -0.14103480
v -0.05285051 -0.04100000 -0.14225341
v -0.03482151 -0.04092543 -0.07461511
v -0.01213801 -0.04100000 -0.06380589
v 0.01134730 -0.04070688 -0.14082021
v 0.01066301 -0.04100000 -0.13960156
v -0.00918187 -0.04096322 -0.13480178
v 0.01212376 -0.04070688 -0.13792242
v 0.01143947 -0.04100000 -0.13670379
v -0.00840542 -0.04096322 -0.13190401
v 0.00901793 -0.04070688 -0.14951353
v 0.00833364 -0.04100000 -0.14829490
v -0.01073767 -0.04089207 -0.14357299
v 0.01290021 -0.04070688 -0.13502464
v 0.01221592 -0.04100000 -0.13380601
v -0.00762896 -0.04096322 -0.12900624
v 0.00746501 -0.04070688 -0.15530910
v 0.00678072 -0.04100000 -0.15409045
v -0.01305127 -0.04095877 -0.14929412
v -0.04809960 -0.04070688 -0.12075034
v -0.04741531 -0.04100000 -0.12196897
v -0.02753830 -0.04097432 -0.12677737
v 0.01367667 -0.04070688 -0.13212687
v 0.01299238 -0.04100000 -0.13090824
v -0.00695909 -0.04097768 -0.12633872
v -0.04732315 -0.04070688 -0.11785256
v -0.04663886 -0.04100000 -0.11907119
v -0.04965252 -0.04070688 -0.12654589
v -0.04896823 -0.04100000 -0.12776452
v -0.02913624 -0.04095877 -0.13256086
v 0.00824147 -0.04070688 -0.15241131
v 0.00755718 -0.04100000 -0.15119267
v -0.00771066 -0.04093570 -0.17610484
v -0.00484061 -0.04052642 -0.16745044
v -0.01438124 -0.04093850 -0.15773761
v -0.03070559 -0.04095310 -0.13835201
v -0.02992914 -0.04095310 -0.13545422
v -0.04974468 -0.04100000 -0.13066231
v -0.05042898 -0.04070688 -0.12944368
v -0.03234329 -0.04088863 -0.14136411
v -0.05198190 -0.04070688 -0.13523924
v -0.05129760 -0.04100000 -0.13645786
v -0.01381128 -0.04095310 -0.15219632
v 0.00409844 -0.04100742 -0.16426051
v 0.00526008 -0.04082238 -0.16300337
v -0.05052114 -0.04100000 -0.13356008
v -0.05120543 -0.04070688 -0.13234144
v 0.01080688 -0.04090640 -0.10172312
v -0.00070167 -0.04097272 -0.10342757
v 0.00957875 -0.04097043 -0.10411166
v 0.01974506 -0.04084845 -0.10890625
v 0.01946286 -0.04100000 -0.10676008
v 0.00668856 -0.04070688 -0.15820687
v 0.00600427 -0.04100000 -0.15698822
v -0.02837622 -0.04095310 -0.12965867
v -0.05431126 -0.04070688 -0.14393257
v -0.05362697 -0.04100000 -0.14515118
v -0.03455565 -0.04089207 -0.14987311
v -0.04887606 -0.04070688 -0.12364812
v -0.04819177 -0.04100000 -0.12486675
v 0.02092361 -0.04070688 -0.10508094
v 0.02023932 -0.04100000 -0.10386230
v 0.01100993 -0.04098083 -0.09905993
v -0.04111150 -0.04070688 -0.09467035
v -0.04042720 -0.04100000 -0.09588897
v -0.02052219 -0.04098398 -0.10070486
v -0.00294088 -0.04095310 -0.11162742
v 0.01755896 -0.04070688 -0.11763797
v 0.01687467 -0.04100000 -0.11641935
v -0.04188795 -0.04070688 -0.09756812
v -0.04120366 -0.04100000 -0.09878675
v -0.02137166 -0.04095877 -0.10358308
v -0.05491018 -0.04105258 -0.14744322
v -0.04825614 -0.04066665 -0.15578403
v -0.03445108 -0.04098925 -0.15235990
v -0.02362994 -0.04085240 -0.18187989
v -0.02166311 -0.04083735 -0.18078412
v 0.01445313 -0.04070688 -0.12922908
v 0.01376884 -0.04100000 -0.12801045
v -0.00606315 -0.04095877 -0.12321413
v -0.04266440 -0.04070688 -0.10046590
v -0.04198011 -0.04100000 -0.10168453
v -0.02213523 -0.04096322 -0.10648431
v -0.04435043 -0.04095826 -0.17036575
v -0.05047803 -0.04076254 -0.16464159
v -0.06007440 -0.04075243 -0.16615808
v -0.05861111 -0.04099852 -0.16348208
v -0.04344086 -0.04070688 -0.10336368
v -0.04275657 -0.04100000 -0.10458230
v -0.02291169 -0.04096322 -0.10938209
v -0.03224207 -0.04095877 -0.14415197
v -0.01562228 -0.04094338 -0.17806022
v 0.00011023 -0.04099900 -0.17921735
v -0.00066450 -0.04085226 -0.18206343
v 0.01911187 -0.04070688 -0.11184242
v 0.01842758 -0.04100000 -0.11062379
v -0.00140441 -0.04095877 -0.10582747
v -0.04421732 -0.04070688 -0.10626145
v -0.04353303 -0.04100000 -0.10748008
v -0.02368814 -0.04096322 -0.11227987
v -0.02007491 -0.04084364 -0.18236019
v -0.02080546 -0.04087187 -0.18422955
v -0.01874283 -0.04096887 -0.18787241
v -0.04499378 -0.04070688 -0.10915923
v -0.04430949 -0.04100000 -0.11037786
v -0.02446460 -0.04096322 -0.11517765
v -0.04577023 -0.04070688 -0.11205701
v -0.04508594 -0.04100000 -0.11327564
v -0.02514152 -0.04097525 -0.11784327
v -0.03938005 -0.04087809 -0.17745930
v -0.04042087 -0.04086117 -0.17911687
v -0.04007621 -0.04070688 -0.09080664
v -0.03965074 -0.04100000 -0.09299120
v -0.02889228 -0.04100000 -0.09380337
v -0.01974940 -0.04098088 -0.09832374
v -0.05207406 -0.04100000 -0.13935563
v -0.05275835 -0.04070688 -0.13813701
v -0.02341529 -0.04085601 -0.18375550
v 0.01264900 -0.04096731 -0.09302864
v 0.02325298 -0.04070688 -0.09638761
v 0.02256869 -0.04100000 -0.09516897
v -0.04670914 -0.04094030 -0.18034808
v -0.04286066 -0.04085352 -0.17849553
v -0.04245356 -0.04082586 -0.17604211
v -0.04027186 -0.04082657 -0.17587154
v 0.01334361 -0.04097811 -0.09036775
v -0.00527025 -0.04095310 -0.12032075
v -0.00216442 -0.04095310 -0.10872965
v 0.01172073 -0.04098718 -0.09562692
v 0.02179223 -0.04100000 -0.09806675
v 0.02247652 -0.04070688 -0.09928539
v 0.01833541 -0.04070688 -0.11474019
v 0.01765112 -0.04100000 -0.11352157
v 0.01522959 -0.04070688 -0.12633130
v 0.01454530 -0.04100000 -0.12511267
v -0.00449380 -0.04095310 -0.11742298
v 0.02402943 -0.04070688 -0.09348983
v 0.02334514 -0.04100000 -0.09227119
v 0.01362196 -0.04100000 -0.08759532
v 0.02466193 -0.04075441 -0.09055342
v 0.01600604 -0.04070688 -0.12343353
v 0.01532175 -0.04100000 -0.12221490
v -0.00371734 -0.04095310 -0.11452520
v 0.02170006 -0.04070688 -0.10218316
v 0.02101577 -0.04100000 -0.10096452
v 0.01609821 -0.04100000 -0.11931711
v 0.01678250 -0.04070688 -0.12053575
v -0.05056725 0.00992052 -0.09265432
v -0.05019023 0.03130788 -0.09223770
v -0.05073218 0.03033150 -0.09312776
v -0.05117666 0.01122314 -0.09525176
v -0.05096669 0.03130788 -0.09513548
v -0.05150864 0.03033150 -0.09602553
v -0.04573577 0.01997484 -0.07453749
v -0.04527267 0.03130788 -0.07388511
v -0.04581461 0.03033150 -0.07477517
v -0.05368730 0.01075322 -0.10458671
v -0.05329605 0.03130788 -0.10382881
v -0.05383801 0.03033150 -0.10471887
v -0.04871219 -0.01997484 -0.08564563
v -0.04991439 -0.01114841 -0.09024106
v -0.04940952 -0.02009872 -0.08830579
v -0.04980933 -0.03115956 -0.09026921
v -0.04943809 -0.03033150 -0.08829813
v -0.04128876 0.01009422 -0.05788431
v -0.04651223 0.01997484 -0.07743526
v -0.04806514 0.01997484 -0.08323081
v -0.04760204 0.03130789 -0.08257844
v -0.04814399 0.03033150 -0.08346850
v -0.05174315 0.03130788 -0.09803326
v -0.05228509 0.03033150 -0.09892332
v -0.05206041 0.00990516 -0.09820707
v -0.05291084 0.01075321 -0.10168893
v -0.04798300 -0.02019586 -0.08299400
v -0.04122218 -0.00958205 -0.05763595
v -0.04604913 0.03130788 -0.07678289
v -0.04659107 0.03033150 -0.07767295
v -0.04715227 0.02017811 -0.07985195
v -0.05251960 0.03130789 -0.10093103
v -0.05306155 0.03033150 -0.10182109
v -0.04722420 -0.02016581 -0.08009149
v -0.04682558 0.03130788 -0.07968067
v -0.04736753 0.03033150 -0.08057073
v -0.05407251 0.03130788 -0.10672659
v -0.05461447 0.03033150 -0.10761665
v -0.05428249 0.01122315 -0.10684288
v -0.05510170 0.01104594 -0.10994488
v -0.05484897 0.03130788 -0.10962437
v -0.05539092 0.03033150 -0.11051442
v -0.04646166 -0.01972942 -0.07718998
v -0.04560636 -0.01997484 -0.07405452
v -0.04056466 -0.01055464 -0.05518207
v -0.04837849 0.03130788 -0.08547622
v -0.04892045 0.03033150 -0.08636628
v -0.04879104 0.01972943 -0.08588332
v -0.04915495 0.03130788 -0.08837400
v -0.04995572 0.03033150 -0.09022998
v -0.04939517 0.02028427 -0.08830964
v -0.04994571 0.00970091 -0.09023267
v -0.05058495 -0.01119190 -0.09299466
v -0.05044905 -0.03130788 -0.09320363
v -0.05047336 -0.03033150 -0.09216183
v -0.05600245 0.00992054 -0.11293876
v -0.05562543 0.03130788 -0.11252214
v -0.05616738 0.03033150 -0.11341220
v -0.04106574 -0.01120693 -0.05705211
v -0.05128412 -0.01104594 -0.09569747
v -0.05122550 -0.03130788 -0.09610140
v -0.05124982 -0.03033150 -0.09505961
v -0.05672581 0.00988448 -0.11559194
v -0.05640189 0.03130788 -0.11541992
v -0.05694384 0.03033150 -0.11630999
v -0.05219648 -0.00988448 -0.09868824
v -0.05200196 -0.03130788 -0.09899919
v -0.05202628 -0.03033150 -0.09795739
v -0.05759231 0.01068980 -0.11906951
v -0.05717834 0.03130788 -0.11831770
v -0.05772029 0.03033150 -0.11920775
v -0.05289662 -0.00992054 -0.10134765
v -0.05277842 -0.03130788 -0.10189696
v -0.05280273 -0.03033150 -0.10085516
v -0.05836734 0.00911043 -0.12162257
v -0.05795480 0.03130788 -0.12121548
v -0.05849675 0.03033150 -0.12210553
v -0.05367307 -0.00992055 -0.10424542
v -0.05355487 -0.03130788 -0.10479474
v -0.05357919 -0.03033150 -0.10375295
v -0.05919144 0.00956499 -0.12476641
v -0.05873126 0.03130788 -0.12411326
v -0.05927321 0.03033150 -0.12500331
v -0.05440328 -0.00956499 -0.10689679
v -0.05433133 -0.03130788 -0.10769252
v -0.05435564 -0.03033150 -0.10665073
v -0.05972989 0.01119190 -0.12712406
v -0.05950771 0.03130788 -0.12701105
v -0.06004966 0.03033150 -0.12790109
v -0.04496235 0.02083774 -0.07189771
v -0.05526151 -0.00911044 -0.11003147
v -0.05510779 -0.03130788 -0.11059029
v -0.05513210 -0.03033150 -0.10954850
v -0.06074435 0.00956497 -0.13056196
v -0.06028417 0.03130788 -0.12990882
v -0.06082612 0.03033150 -0.13079886
v -0.05591229 -0.01065748 -0.11283351
v -0.05588425 -0.03130788 -0.11348807
v -0.05590856 -0.03033150 -0.11244628
v -0.06143764 0.00992053 -0.13322321
v -0.06106063 0.03130789 -0.13280660
v -0.06160258 0.03033150 -0.13369665
v -0.05671932 -0.01104594 -0.11598191
v -0.05666071 -0.03130788 -0.11638585
v -0.05668502 -0.03033150 -0.11534405
v -0.06221410 0.00992054 -0.13612099
v -0.06183709 0.03130788 -0.13570437
v -0.06237904 0.03033150 -0.13659443
v -0.05746521 -0.01065749 -0.11862906
v -0.05743716 -0.03130788 -0.11928362
v -0.05746147 -0.03033150 -0.11824183
v -0.06293748 0.00988448 -0.13877417
v -0.06261355 0.03130788 -0.13860215
v -0.06315549 0.03033150 -0.13949220
v -0.03948803 -0.03044065 -0.05172674
v -0.03952996 0.03038266 -0.05172282
v -0.05828557 -0.00956499 -0.12138566
v -0.05821362 -0.03130788 -0.12218140
v -0.05823793 -0.03033150 -0.12113961
v -0.06380396 0.01068980 -0.14225173
v -0.06339000 0.03130788 -0.14149992
v -0.06393195 0.03033150 -0.14238998
v -0.04069797 0.01116844 -0.05567956
v -0.04068322 0.00879034 -0.05562443
v -0.04081869 -0.00864547 -0.05613033
v -0.05904869 -0.01104595 -0.12467524
v -0.05899008 -0.03130788 -0.12507918
v -0.05901439 -0.03033150 -0.12403738
v -0.06375723 -0.00995092 -0.14191917
v -0.06364882 -0.03130788 -0.14246586
v -0.06367313 -0.03033150 -0.14142404
v -0.04496617 0.03042291 -0.07189686
v -0.04499521 -0.02028433 -0.07188891
v -0.04469884 -0.03128115 -0.07196817
v -0.06220417 -0.01126268 -0.13646874
v -0.06209590 -0.03130788 -0.13667029
v -0.06212022 -0.03033150 -0.13562849
v -0.06626132 -0.02085665 -0.15108331
v -0.06444456 -0.00968486 -0.14432319
v -0.06835876 -0.02227493 -0.15985301
v -0.06955189 -0.01489887 -0.16361132
v -0.06876022 -0.03104765 -0.16077720
v -0.06946820 -0.03038068 -0.16363169
v -0.06955582 0.01485635 -0.16361266
v -0.06298626 -0.00993387 -0.13901992
v -0.07061734 0.01112806 -0.16804168
v -0.07062376 0.00930438 -0.16741583
v -0.07154985 -0.00979482 -0.17130041
v -0.07223458 -0.01442737 -0.17354231
v -0.07132331 -0.01143077 -0.17057124
v -0.06465349 -0.03123871 -0.14559478
v -0.06427950 -0.03114891 -0.14437194
v -0.07222200 0.01453403 -0.17350815
v -0.07150693 0.01059007 -0.17125593
v -0.07100938 0.01181806 -0.16956584
v -0.06852807 0.02201500 -0.15980630
v -0.06138661 -0.00958102 -0.13297807
v -0.06131944 -0.03130788 -0.13377251
v -0.06134376 -0.03033150 -0.13273072
v -0.05973912 -0.01071776 -0.12712158
v -0.05976653 -0.03130788 -0.12797697
v -0.05979085 -0.03033150 -0.12693517
v -0.07078234 -0.01162085 -0.16857797
v -0.06287237 -0.03130788 -0.13956808
v -0.06289668 -0.03033150 -0.13852628
v -0.06937617 0.03111083 -0.16366731
v -0.06868464 0.03126949 -0.16081461
v -0.06054299 -0.03130787 -0.13087474
v -0.06056730 -0.03033150 -0.12983294
v -0.06069671 -0.00911043 -0.13031590
v -0.06436011 0.01126817 -0.14434582
v -0.06577075 0.02258791 -0.15109909
v -0.06469067 0.03108903 -0.14565255
v -0.07123835 -0.00783916 -0.16967949
v -0.07130221 0.00788534 -0.16992371
v -0.07063707 -0.00878567 -0.16809411
v -0.06444959 0.03033150 -0.14432183
v 0.01926437 0.01075321 -0.14829050
v 0.01887312 0.03130788 -0.14904839
v 0.01941507 0.03033150 -0.14815833
v 0.02316795 -0.00911043 -0.13415240
v 0.02301423 -0.03130788 -0.13359357
v 0.02303854 -0.03033150 -0.13463536
v 0.02161504 -0.00911044 -0.13994797
v 0.02146131 -0.03130788 -0.13938913
v 0.02148563 -0.03033150 -0.14043093
v 0.02456105 0.01104595 -0.12844343
v 0.02430832 0.03130788 -0.12876394
v 0.02485027 0.03033150 -0.12787388
v 0.01473786 0.00972812 -0.16554004
v 0.01540338 0.00911043 -0.16313018
v 0.02394441 -0.00911045 -0.13125463
v 0.01602003 0.01104594 -0.16031899
v 0.02619201 -0.00956499 -0.12279820
v 0.02700493 0.00995091 -0.11965138
v 0.02787953 0.00954759 -0.11652108
v 0.03416320 -0.02005695 -0.09309933
v 0.01997556 -0.00958103 -0.14597914
v 0.01990840 -0.03130788 -0.14518468
v 0.01993271 -0.03033150 -0.14622648
v 0.02948471 -0.03130788 -0.10944544
v 0.02925020 -0.03033150 -0.11145315
v 0.02976784 -0.01972942 -0.10952130
v 0.02923838 -0.00970670 -0.11144998
v 0.03041488 -0.01972942 -0.10710648
v 0.02508478 0.03130788 -0.12586617
v 0.02562673 0.03033150 -0.12497611
v 0.02546180 0.00992054 -0.12544955
v 0.02586124 0.03130788 -0.12296840
v 0.02640319 0.03033150 -0.12207833
v 0.02623826 0.00992054 -0.12255178
v 0.02663769 0.03130788 -0.12007062
v 0.02717965 0.03033150 -0.11918055
v 0.02463430 -0.00958102 -0.12859248
v 0.02075201 -0.00958103 -0.14308137
v 0.00760054 0.00856660 -0.19189097
v 0.01499084 0.03130788 -0.16353728
v 0.01553279 0.03033150 -0.16264722
v 0.01700393 0.00956498 -0.15708858
v 0.02687911 -0.01068980 -0.11996276
v 0.02456714 -0.03130788 -0.12779802
v 0.02459146 -0.03033150 -0.12883981
v 0.01846390 -0.00995091 -0.15152694
v 0.01835549 -0.03130788 -0.15098025
v 0.01837980 -0.03033150 -0.15202203
v 0.02534360 -0.03130788 -0.12490024
v 0.02536791 -0.03033150 -0.12594204
v 0.02549732 -0.00911043 -0.12545907
v 0.01773418 0.01068979 -0.15409213
v 0.02774492 -0.00956499 -0.11700264
v 0.02088142 0.00958103 -0.14259841
v 0.02042604 0.03130788 -0.14325283
v 0.02096799 0.03033150 -0.14236277
v 0.02353187 0.03130788 -0.13166173
v 0.02407382 0.03033150 -0.13077167
v 0.02387250 0.01068791 -0.13110596
v 0.03356894 -0.02017017 -0.09526948
v 0.03274425 -0.01972943 -0.09841315
v 0.03189208 -0.01996926 -0.10154945
v 0.02741415 0.03130788 -0.11717284
v 0.02795610 0.03033150 -0.11628278
v 0.02379069 -0.03130788 -0.13069580
v 0.02381500 -0.03033150 -0.13173759
v 0.02223777 -0.03130788 -0.13649136
v 0.02226208 -0.03033150 -0.13753314
v 0.02239149 -0.00911043 -0.13705018
v 0.01924036 -0.00995091 -0.14862916
v 0.01576729 0.03130788 -0.16063949
v 0.01630925 0.03033150 -0.15974943
v 0.02614437 -0.03033150 -0.12304426
v 0.02612006 -0.03130788 -0.12200247
v 0.01855205 0.00958102 -0.15129174
v 0.02865796 -0.00984096 -0.11362384
v 0.01986914 0.01113443 -0.14582121
v 0.02819061 0.03130788 -0.11427506
v 0.02873256 0.03033150 -0.11338500
v 0.02848061 0.01094651 -0.11396454
v 0.02974635 0.02008640 -0.10951554
v 0.03032904 0.02017811 -0.10734230
v 0.03864620 -0.00925503 -0.07638702
v 0.01654375 0.03130788 -0.15774173
v 0.01708570 0.03033150 -0.15685166
v 0.02692083 -0.03033150 -0.12014648
v 0.02689651 -0.03130788 -0.11910469
v 0.03123490 -0.02017811 -0.10396156
v 0.03943646 -0.03044095 -0.07287447
v 0.03829823 -0.01142722 -0.07768543
v 0.01768744 -0.00995091 -0.15442471
v 0.01732021 0.03130788 -0.15484394
v 0.01786216 0.03033150 -0.15395388
v 0.02769729 -0.03033150 -0.11724870
v 0.02767297 -0.03130788 -0.11620691
v 0.02159374 0.01075322 -0.13959716
v 0.02910381 0.03115956 -0.11141392
v 0.02976784 0.03033150 -0.10952130
v 0.02920474 0.01004933 -0.11144096
v 0.01540338 -0.00911044 -0.16313018
v 0.01524966 -0.03130788 -0.16257136
v 0.01527397 -0.03033150 -0.16361314
v 0.03403899 -0.03050922 -0.09306620
v 0.00814060 0.00845756 -0.18965568
v 0.01863862 0.03033150 -0.15105611
v 0.01809666 0.03130788 -0.15194617
v 0.03797435 -0.00929225 -0.07889471
v 0.03124366 0.01997171 -0.10396390
v 0.02068486 -0.03130788 -0.14228691
v 0.02070917 -0.03033150 -0.14332870
v 0.02243434 0.00958103 -0.13680285
v 0.02197895 0.03130788 -0.13745728
v 0.02252090 0.03033150 -0.13656722
v 0.03947488 0.03038233 -0.07289212
v 0.02019153 0.03033150 -0.14526054
v 0.01964958 0.03130788 -0.14615062
v 0.02174445 0.03033150 -0.13946499
v 0.02120249 0.03130788 -0.14035507
v 0.03194010 0.02018927 -0.10130350
v 0.03271268 0.02019586 -0.09840469
v 0.03838711 0.00864548 -0.07735347
v 0.03859426 0.01104046 -0.07658065
v 0.01913194 -0.03130788 -0.14808246
v 0.01915625 -0.03033150 -0.14912425
v 0.02275541 0.03130788 -0.13455950
v 0.02329736 0.03033150 -0.13366944
v 0.02312813 0.00993389 -0.13414173
v 0.03793414 0.01016892 -0.07904422
v 0.03393055 0.03115883 -0.09303694
v 0.03416776 0.01972942 -0.09310056
v 0.01757903 -0.03130788 -0.15387802
v 0.01760334 -0.03033150 -0.15491980
v 0.01691084 -0.01126267 -0.15697736
v 0.01251189 -0.02258786 -0.17207485
v 0.01043712 -0.02216895 -0.18096426
v 0.01469782 -0.01119115 -0.16552933
v 0.02844943 -0.03130788 -0.11330914
v 0.02847374 -0.03033150 -0.11435092
v 0.01429975 -0.03108903 -0.16681798
v 0.03343951 0.02017021 -0.09575243
v 0.01680257 -0.03130788 -0.15677580
v 0.01682688 -0.03033150 -0.15781759
v 0.01609604 -0.00957177 -0.16046877
v 0.01027057 0.02242331 -0.18092094
v 0.00953537 0.01489612 -0.18480727
v 0.01026177 0.03104765 -0.18195106
v 0.00949765 0.03032815 -0.18477760
v 0.01475633 -0.03033150 -0.16554499
v 0.01264980 0.02236871 -0.17213054
v 0.00835661 0.01000843 -0.18884857
v 0.00953823 -0.01485375 -0.18480188
v 0.00748704 -0.01128828 -0.19199558
v 0.00812280 -0.01155876 -0.18967105
v 0.01017762 -0.03126949 -0.18194567
v 0.00934476 -0.03111363 -0.18476380
v 0.00832049 -0.01014065 -0.18888231
v 0.01429644 0.03123871 -0.16674934
v 0.01458397 0.03114891 -0.16550335
v 0.00688957 -0.01453599 -0.19470732
v 0.00751588 -0.00869648 -0.19191746
v 0.00757924 0.01148587 -0.19183521
v 0.00688809 0.01442738 -0.19474316
v 0.00805733 0.01170074 -0.18989778
v 0.01605043 -0.03033150 -0.16071536
v 0.01602611 -0.03130788 -0.15967359
v 0.00811625 -0.00840686 -0.18967052
v -0.03375168 0.04087775 -0.14672388
v -0.05379363 0.04070688 -0.14200072
v -0.05259170 0.04100000 -0.14128749
v 0.02428825 0.04070688 -0.09252391
v 0.02308632 0.04100000 -0.09323712
v 0.01346870 0.04098083 -0.08988363
v -0.01213801 0.04100000 -0.06508606
v 0.01219846 0.04100000 -0.09290792
v 0.02351180 0.04070688 -0.09542168
v 0.02230987 0.04100000 -0.09613490
v 0.01394105 0.04099360 -0.08768082
v 0.00694979 0.04099996 -0.06968467
v 0.00844375 0.04100000 -0.07094390
v 0.02273534 0.04070688 -0.09831946
v 0.02153341 0.04100000 -0.09903268
v 0.01142200 0.04100000 -0.09580570
v 0.02395103 0.04092543 -0.09036317
v -0.00970726 0.04100002 -0.06405571
v -0.01141213 0.04100000 -0.06306242
v 0.02929128 0.04091893 -0.07019182
v -0.02935980 0.04090730 -0.05444993
v 0.01064554 0.04100000 -0.09870347
v -0.00138797 0.04095310 -0.10583187
v 0.01937069 0.04070688 -0.11087650
v 0.01816876 0.04100000 -0.11158971
v 0.00976351 0.04100000 -0.06966243
v 0.00840319 0.04100000 -0.06827637
v -0.01026879 0.04100003 -0.06567147
v 0.02195888 0.04070688 -0.10121723
v 0.02075695 0.04100000 -0.10193045
v 0.01123405 0.04088960 -0.10159725
v -0.00374668 0.04096322 -0.11451734
v 0.01704132 0.04070688 -0.11956982
v 0.01583939 0.04100000 -0.12028304
v -0.00226135 0.04089207 -0.11193891
v 0.01781778 0.04070688 -0.11667205
v 0.01661585 0.04100000 -0.11738527
v -0.02498238 0.04098501 -0.07725132
v -0.03571619 0.04058994 -0.07437501
v -0.00452313 0.04096322 -0.11741512
v 0.01626486 0.04070688 -0.12246761
v 0.01506293 0.04100000 -0.12318082
v 0.00922203 0.04100000 -0.10401607
v 0.02040597 0.04070688 -0.10701279
v 0.01894522 0.04100000 -0.10869193
v -0.02530637 0.04098860 -0.07949389
v -0.00607604 0.04096322 -0.12321067
v 0.01471195 0.04070688 -0.12826316
v 0.01351002 0.04100000 -0.12897637
v -0.02126180 0.04090338 -0.10037728
v -0.04137031 0.04070688 -0.09563627
v -0.04016838 0.04100000 -0.09492305
v -0.00216443 0.04095310 -0.10872965
v -0.02608283 0.04098860 -0.08239166
v -0.02718007 0.04098464 -0.08572113
v -0.00529959 0.04096322 -0.12031289
v -0.01998703 0.04097868 -0.09826007
v -0.02135877 0.04096322 -0.10358654
v -0.00685251 0.04096322 -0.12610845
v -0.02172710 0.04098233 -0.10633485
v -0.00762896 0.04096322 -0.12900624
v 0.01739231 0.04100000 -0.11448748
v 0.01859423 0.04070688 -0.11377428
v -0.02359117 0.04090338 -0.10907061
v -0.00840542 0.04096322 -0.13190401
v -0.00093362 0.04097338 -0.10336541
v -0.02869578 0.04096731 -0.09126782
v -0.03007010 0.04084651 -0.09348777
v -0.04045059 0.04084845 -0.09277688
v -0.03913311 0.04100000 -0.09105934
v -0.04214676 0.04070688 -0.09853404
v -0.04094484 0.04100000 -0.09782083
v 0.01273356 0.04100000 -0.13187416
v 0.01393549 0.04070688 -0.13116094
v -0.04292322 0.04070688 -0.10143182
v -0.04172130 0.04100000 -0.10071860
v 0.01195710 0.04100000 -0.13477193
v 0.01315903 0.04070688 -0.13405873
v -0.02368814 0.04096322 -0.11227987
v -0.00918187 0.04096322 -0.13480178
v 0.01998050 0.04100000 -0.10482823
v 0.02118243 0.04070688 -0.10411501
v -0.02764113 0.04098536 -0.08818577
v 0.01548841 0.04070688 -0.12536538
v 0.01428648 0.04100000 -0.12607859
v -0.04369969 0.04070688 -0.10432960
v -0.04249775 0.04100000 -0.10361638
v 0.01118065 0.04100000 -0.13766971
v 0.01238257 0.04070688 -0.13695650
v -0.02446460 0.04096322 -0.11517765
v -0.00995834 0.04096322 -0.13769956
v -0.04447614 0.04070688 -0.10722738
v -0.04327421 0.04100000 -0.10651416
v 0.01040419 0.04100000 -0.14056748
v 0.01160612 0.04070688 -0.13985427
v -0.02524106 0.04096322 -0.11807542
v -0.01073479 0.04096322 -0.14059736
v -0.04525260 0.04070688 -0.11012515
v -0.04405067 0.04100000 -0.10941193
v 0.00962773 0.04100000 -0.14346527
v 0.01082966 0.04070688 -0.14275205
v -0.02669700 0.04090338 -0.12066172
v -0.01083176 0.04090338 -0.14380659
v -0.04602905 0.04070688 -0.11302294
v -0.04482712 0.04100000 -0.11230971
v 0.00885128 0.04100000 -0.14636303
v 0.01005320 0.04070688 -0.14564982
v -0.02791339 0.04086804 -0.12370045
v -0.01228771 0.04096322 -0.14639290
v -0.04680551 0.04070688 -0.11592072
v -0.04560358 0.04100000 -0.11520749
v 0.00807482 0.04100000 -0.14926082
v 0.00927674 0.04070688 -0.14854760
v -0.02716230 0.04098233 -0.12661929
v -0.01306417 0.04096322 -0.14929067
v -0.02912335 0.04096322 -0.13256432
v -0.02834689 0.04096322 -0.12966654
v -0.01381075 0.04097525 -0.15193765
v -0.04758197 0.04070688 -0.11881849
v -0.04638004 0.04100000 -0.11810526
v 0.00729836 0.04100000 -0.15215860
v 0.00850029 0.04070688 -0.15144537
v -0.04835843 0.04070688 -0.12171627
v -0.04715649 0.04100000 -0.12100304
v 0.00652190 0.04100000 -0.15505637
v 0.00772383 0.04070688 -0.15434316
v -0.04913488 0.04070688 -0.12461405
v -0.04793295 0.04100000 -0.12390082
v 0.00574545 0.04100000 -0.15795416
v 0.00694738 0.04070688 -0.15724093
v 0.00617092 0.04070688 -0.16013873
v 0.00496899 0.04100000 -0.16085193
v -0.01407196 0.04095513 -0.15536170
v -0.03377171 0.04096681 -0.14995375
v -0.01520498 0.04097607 -0.15751688
v -0.03106008 0.04097737 -0.14110403
v -0.05224071 0.04070688 -0.13620515
v -0.05103878 0.04100000 -0.13549194
v -0.04991134 0.04070688 -0.12751183
v -0.04870941 0.04100000 -0.12679860
v 0.00493426 0.04105260 -0.16347852
v -0.00481119 0.04052206 -0.16743311
v -0.02992914 0.04095310 -0.13545422
v -0.01565288 0.04092500 -0.17805581
v -0.00757743 0.04081883 -0.17613715
v 0.00005033 0.04074735 -0.18227299
v 0.00011993 0.04099852 -0.17921904
v -0.05930180 0.04089826 -0.16634284
v -0.05860187 0.04099900 -0.16348550
v -0.04439365 0.04095567 -0.17035170
v -0.02094956 0.04082815 -0.18420802
v -0.02006590 0.04085238 -0.18251140
v -0.01862048 0.04094030 -0.18787442
v -0.05065012 0.04064677 -0.16459718
v -0.04824055 0.04066976 -0.15581511
v -0.03421118 0.04099156 -0.15242419
v -0.04306990 0.04083961 -0.17735825
v -0.04660217 0.04096887 -0.18040752
v -0.05068779 0.04070688 -0.13040960
v -0.04948587 0.04100000 -0.12969638
v -0.05457733 0.04100741 -0.14853832
v -0.05495478 0.04082238 -0.14686884
v -0.04233915 0.04081726 -0.17889223
v -0.04048879 0.04083567 -0.17914458
v -0.03297522 0.04087775 -0.14382611
v -0.04170390 0.04082182 -0.17564252
v -0.02302521 0.04081964 -0.18417135
v -0.05336815 0.04100000 -0.14418526
v -0.05457009 0.04070688 -0.14489849
v -0.03070559 0.04095310 -0.13835201
v -0.02193893 0.04084263 -0.18075848
v -0.03978391 0.04085667 -0.17630944
v -0.05181524 0.04100000 -0.13838971
v -0.05301717 0.04070688 -0.13910294
v -0.05026232 0.04100000 -0.13259415
v -0.05146425 0.04070688 -0.13330738
v -0.02372725 0.04086987 -0.18206406
v -0.03952075 0.04083462 -0.17793828
v 0.03112871 -0.03100584 -0.10395662
v 0.03190516 -0.03100584 -0.10105885
v 0.03268162 -0.03100585 -0.09816108
v 0.03345808 -0.03100585 -0.09526329
v 0.02859742 -0.03809831 -0.08647544
v 0.02959938 -0.03782875 -0.08390440
v 0.03142657 -0.03825881 -0.07521206
v 0.03473699 -0.03610049 -0.07163104
v 0.03209123 -0.03674904 -0.07912319
v 0.03147540 -0.03634676 -0.08298967
v 0.03485981 -0.03411956 -0.07860026
v 0.03314503 -0.03424212 -0.08457662
v 0.03573116 -0.03424004 -0.07491681
v 0.03227079 -0.03411856 -0.08825924
v 0.03406364 -0.03634676 -0.07333045
v 0.02984382 -0.03639048 -0.08890837
v -0.03841979 0.04087426 -0.08579174
v -0.03764334 0.04087426 -0.08289397
v -0.03686688 0.04087425 -0.07999619
v -0.03609042 0.04087425 -0.07709841
v -0.03690154 0.03809831 -0.06892504
v -0.03648375 0.03782875 -0.06619747
v -0.03371997 0.03825881 -0.05775610
v -0.03479639 0.03610047 -0.05299962
v -0.03919743 0.03639048 -0.07040882
v -0.04097468 0.03411857 -0.06863318
v -0.03730023 0.03424004 -0.05534811
v -0.03838735 0.03411956 -0.05897374
v -0.03989048 0.03424212 -0.06500681
v -0.03625115 0.03674903 -0.06081090
v -0.03765106 0.03634677 -0.06446729
v -0.03506293 0.03634677 -0.05480804
v 0.03101106 0.03100585 -0.10439569
v 0.03178751 0.03100585 -0.10149791
v 0.03256397 0.03100584 -0.09860013
v 0.03334043 0.03100584 -0.09570236
v 0.03264809 0.03390476 -0.08756081
v 0.03309758 0.03420715 -0.08484173
v 0.03580848 0.03372233 -0.07638620
v 0.03484070 0.03599313 -0.07165883
v 0.03202045 0.03578249 -0.08313572
v 0.03333055 0.03545588 -0.07950953
v 0.02939459 0.03801781 -0.08389985
v 0.03119322 0.03794297 -0.07749112
v 0.03228880 0.03780383 -0.07399444
v 0.02877037 0.03768526 -0.08763348
v 0.03460863 0.03578255 -0.07347648
v 0.03047371 0.03573838 -0.08907714
v -0.04795194 -0.03100585 -0.08323762
v -0.04717549 -0.03100585 -0.08033983
v -0.04639903 -0.03100585 -0.07744206
v -0.04562257 -0.03100585 -0.07454428
v -0.04095221 -0.03390476 -0.06783967
v -0.03998195 -0.03420715 -0.06526013
v -0.03810188 -0.03372233 -0.05658197
v -0.03490009 -0.03599311 -0.05297184
v -0.03982731 -0.03573838 -0.07024005
v -0.03730795 -0.03791464 -0.06961568
v -0.03385787 -0.03780383 -0.05627050
v -0.03472073 -0.03791552 -0.05995621
v -0.03644808 -0.03780596 -0.06592921
v -0.03757680 -0.03537663 -0.06045570
v -0.03819613 -0.03578248 -0.06432124
v -0.03560793 -0.03578254 -0.05466201
v 0.03035225 -0.03100584 -0.10685441
v -0.03919625 0.04087426 -0.08868952
v 0.03023460 0.03100585 -0.10729346
v -0.04872840 -0.03100585 -0.08613539
v -0.03845738 -0.03191393 -0.06675941
v -0.03890905 -0.03202418 -0.06887039
v -0.03778078 -0.03354679 -0.07054441
v -0.03614080 -0.03506908 -0.07030313
v -0.03537825 -0.03578794 -0.07023574
v -0.03455742 -0.03574963 -0.06702510
v 0.02969981 -0.03596808 -0.07466930
v 0.02924830 -0.03585800 -0.07678034
v 0.03037610 -0.03433492 -0.07845423
v 0.03201670 -0.03281326 -0.07821311
v 0.03277898 -0.03209414 -0.07814568
v 0.03359963 -0.03213225 -0.07493496
v -0.03784817 0.00864583 -0.05230061
v -0.03758328 0.01570201 -0.05227310
v -0.03874706 -0.00260161 -0.05193515
v -0.03756208 -0.01577681 -0.05224125
v -0.03773511 -0.00916533 -0.05229678
v -0.03558107 0.01625527 -0.05276271
v -0.01520097 -0.03887027 -0.05828072
v -0.01573282 -0.03684884 -0.05807590
v -0.01526459 0.03886086 -0.05821585
v -0.02516443 0.03538479 -0.05556376
v 0.03780843 -0.00824160 -0.07258417
v 0.03751229 -0.01576338 -0.07236432
v 0.03863116 0.00369020 -0.07267510
v 0.03751135 0.01577681 -0.07235712
v 0.03763285 0.00916533 -0.07249473
v 0.03413073 -0.02593876 -0.07146128
v -0.00830088 -0.03913934 -0.06022849
v 0.00295701 -0.04007192 -0.06311510
v 0.01517055 -0.03882699 -0.06639782
v 0.00882993 -0.03901364 -0.06477631
v 0.02506571 -0.03536685 -0.06903056
v -0.03380333 0.02504103 -0.05325121
v -0.03372631 0.02721285 -0.05332234
v -0.01571133 0.03678215 -0.05811197
v -0.02214002 0.03332711 -0.05636526
v 0.03415358 0.02602573 -0.07145797
v 0.03554367 -0.01621385 -0.07183854
v 0.03213640 -0.02279709 -0.07092172
v 0.02504851 0.03538490 -0.06899828
v 0.01507361 0.03887014 -0.06639346
v 0.01566401 0.03686175 -0.06650664
v -0.02430101 -0.03504252 -0.05578266
v -0.02572086 -0.03508420 -0.05543852
v -0.03221941 0.02287606 -0.05366903
v -0.03418918 -0.02597832 -0.05315326
v -0.03221487 -0.02289708 -0.05366569
v -0.03557086 -0.01623007 -0.05279053
v 0.00867681 0.03901441 -0.06474584
v 0.00455422 0.03980087 -0.06356896
v -0.00369896 0.04004690 -0.06129501
v 0.03007278 0.03113602 -0.07042252
v 0.03324113 -0.02789429 -0.07121906
v -0.02208933 -0.03331248 -0.05639395
v 0.01564586 -0.03682241 -0.06650344
v 0.02228669 -0.03343390 -0.06822913
v 0.03551640 0.01623063 -0.07183449
v 0.03213411 0.02282365 -0.07091796
v 0.02199636 0.03329590 -0.06820866
v -0.03015280 -0.03113600 -0.05428512
v -0.03074297 0.03316604 -0.08916637
v -0.04086896 0.02300231 -0.08645307
v -0.05824941 0.02338804 -0.15323003
v -0.04743096 0.03394300 -0.15612888
v -0.00866298 0.03900000 -0.06019387
v -0.00978724 0.03898425 -0.06368592
v -0.00993786 0.03901103 -0.06525305
v -0.01869978 0.03671593 -0.06961726
v -0.03201151 0.03994730 -0.16026051
v -0.01169117 0.03900000 -0.07149521
v 0.00716781 0.03899002 -0.07027099
v 0.00753793 0.03899779 -0.06852996
v 0.01251364 0.03668408 -0.07798087
v 0.00561088 0.03899196 -0.07613126
v -0.01308632 0.03789856 -0.16533157
v 0.01319763 0.03316066 -0.10094020
v 0.00075152 0.02846036 -0.16903937
v 0.02328101 0.02294469 -0.10364206
v 0.00730853 0.01818551 -0.17079492
v 0.03639343 0.00863091 -0.07720838
v 0.03234646 0.01614968 -0.08329502
v 0.01041596 0.01183844 -0.17162892
v 0.03454578 0.00940980 -0.08388436
v 0.03609445 -0.00907077 -0.07812517
v 0.03666126 -0.00909063 -0.07600725
v 0.03455056 -0.00914316 -0.08388564
v 0.01040380 -0.01195593 -0.17162566
v 0.03234795 -0.01613539 -0.08329546
v 0.00524289 -0.02245176 -0.17024283
v 0.02325575 -0.02288573 -0.10363527
v -0.00416519 -0.03279290 -0.16772197
v 0.01315754 -0.03317173 -0.10092948
v 0.02131873 -0.03342316 -0.06822491
v 0.00709656 -0.03903563 -0.06925637
v 0.01249455 -0.03669998 -0.07797573
v -0.01625166 -0.03867302 -0.16448334
v 0.00576752 -0.03898961 -0.07617325
v -0.01867329 -0.03675490 -0.06962436
v -0.01169117 -0.03900000 -0.07149521
v -0.03257397 -0.03991389 -0.16010985
v -0.04747592 -0.03381884 -0.15611675
v -0.04083531 -0.02271548 -0.08646212
v -0.03093704 -0.03318307 -0.08911431
v -0.05889772 -0.02241439 -0.15305640
v -0.03868400 -0.00921149 -0.05592227
v -0.03915750 -0.00876090 -0.05758613
v -0.03856029 -0.01614856 -0.06429564
v -0.06329377 -0.01118510 -0.15187849
v -0.04077369 -0.00899782 -0.06370256
v -0.06536988 -0.00237954 -0.15132232
v -0.04077397 0.00893475 -0.06370248
v -0.03925480 0.00929323 -0.05804211
v -0.03877490 0.00879210 -0.05617088
v -0.03858600 0.01612581 -0.06428876
v -0.06415661 0.01021732 -0.15164720
v -0.00956992 -0.03903631 -0.06461944
v 0.01204947 -0.00000001 -0.17206666
v -0.00327888 -0.02982149 -0.18141800
v -0.00142293 -0.02797540 -0.18191528
v -0.00273499 -0.02954126 -0.18156372
v -0.00153565 -0.03017230 -0.18188509
v -0.00164863 -0.02999889 -0.18185481
v -0.00135362 -0.02907677 -0.18193386
v -0.00185123 -0.02979105 -0.18180054
v -0.00197810 -0.02969797 -0.18176658
v 0.00004105 -0.02972685 -0.18230757
v -0.00136072 -0.03121648 -0.18193197
v -0.00232826 -0.02957612 -0.18167271
v 0.00441144 -0.02394360 -0.18347861
v 0.00253175 -0.02297982 -0.18297495
v -0.00218251 0.02945351 -0.18171176
v -0.00149237 0.02812217 -0.18189670
v -0.00327888 0.02982149 -0.18141800
v -0.00034022 0.02990966 -0.18220538
v -0.00136454 0.03121480 -0.18193094
v -0.00756533 0.03514291 -0.18026945
v -0.00778791 0.03377097 -0.18020982
v -0.00631252 0.03541517 -0.18060514
v -0.05822604 0.03168665 -0.16669495
v -0.05837138 0.03154134 -0.16665600
v -0.05916721 0.02949229 -0.16644277
v -0.05935179 0.02957737 -0.16639331
v -0.05851037 0.03017230 -0.16661876
v -0.05974939 0.02964256 -0.16628677
v -0.05995033 0.02962070 -0.16623293
v -0.05864143 0.03056635 -0.16658364
v -0.06014455 0.02956304 -0.16618088
v -0.05859255 0.03036339 -0.16659674
v -0.05863320 0.02805206 -0.16658585
v -0.05858432 0.02825502 -0.16659895
v -0.05731526 0.02956884 -0.16693899
v -0.05857022 0.02846369 -0.16660273
v -0.05859134 0.02867172 -0.16659707
v -0.05711922 0.02961945 -0.16699152
v -0.04850525 0.02583163 -0.16929963
v -0.05693464 0.02970453 -0.16704097
v -0.05676714 0.02982149 -0.16708586
v -0.05849014 0.03137212 -0.16662419
v -0.05860950 0.03110393 -0.16659220
v -0.05954783 0.02962797 -0.16634077
v -0.06331714 0.02282135 -0.16533080
v -0.06217168 0.02341326 -0.16563772
v -0.06269576 0.01458385 -0.16549769
v -0.05882836 0.02768756 -0.16653356
v -0.05871538 0.02786097 -0.16656382
v -0.06032614 0.02947135 -0.16613223
v -0.05865553 0.03077501 -0.16657987
v -0.05873561 0.02906079 -0.16655841
v -0.05791198 0.02963377 -0.16677910
v -0.05864704 0.02887279 -0.16658214
v -0.05771776 0.02957612 -0.16683114
v -0.05751682 0.02955425 -0.16688499
v -0.05899971 0.02937532 -0.16648765
v -0.05839739 0.02999889 -0.16664903
v -0.05885437 0.02923002 -0.16652659
v -0.05825704 0.02984842 -0.16668664
v -0.05809358 0.02972547 -0.16673045
v -0.06048960 0.02934840 -0.16608843
v -0.06062996 0.02919793 -0.16605082
v -0.06426608 0.02448397 -0.16507652
v -0.05864704 -0.02887279 -0.16658214
v -0.05855980 -0.02849058 -0.16660553
v -0.04850525 -0.02939515 -0.16929963
v -0.05857909 -0.02804543 -0.16660035
v -0.06038922 -0.02947926 -0.16611533
v -0.05974939 -0.02964256 -0.16628677
v -0.05954783 -0.02962797 -0.16634077
v -0.05916721 -0.02949229 -0.16644277
v -0.05899971 -0.02937532 -0.16648765
v -0.05797515 -0.02946431 -0.16676217
v -0.05935179 -0.02957737 -0.16639331
v -0.05865197 -0.03110520 -0.16658083
v -0.05885437 -0.02923002 -0.16652659
v -0.05873561 -0.02906079 -0.16655841
v -0.05676714 -0.02982149 -0.16708586
v -0.05221115 -0.03413932 -0.16830663
v -0.05223901 -0.03394324 -0.16829917
v -0.05229766 -0.03375458 -0.16828345
v -0.05238551 -0.03357850 -0.16825992
v -0.05822604 -0.03168665 -0.16669495
v -0.05409738 -0.03514791 -0.16780122
v -0.05393917 -0.03525949 -0.16784361
v -0.05250016 -0.03341978 -0.16822919
v -0.05263848 -0.03328276 -0.16819213
v -0.05376537 -0.03534259 -0.16789018
v -0.05358073 -0.03539494 -0.16793965
v -0.05253045 -0.03504495 -0.16822107
v -0.05240997 -0.03489093 -0.16825336
v -0.05231563 -0.03471848 -0.16827863
v -0.05222827 -0.03445368 -0.16830207
v -0.05339029 -0.03541511 -0.16799068
v -0.05319924 -0.03540256 -0.16804187
v -0.05285322 -0.03530211 -0.16813460
v -0.06382670 -0.02314975 -0.16519427
v -0.06423914 -0.02453062 -0.16508375
v -0.06246031 -0.02308426 -0.16556038
v -0.00649676 -0.03540056 -0.18055576
v -0.00630072 -0.03534995 -0.18060830
v -0.00740754 -0.03328276 -0.18031172
v -0.00755288 -0.03342806 -0.18027277
v -0.01594877 -0.03384397 -0.17802341
v -0.00767164 -0.03359729 -0.18024096
v -0.00776021 -0.03378529 -0.18021722
v -0.00781590 -0.03398636 -0.18020231
v -0.00784277 -0.03419428 -0.18019511
v -0.00747173 -0.03510422 -0.18029454
v -0.00709348 -0.03533563 -0.18039587
v -0.00689926 -0.03539329 -0.18044792
v -0.00669832 -0.03541515 -0.18050176
v -0.00775193 -0.03467412 -0.18021944
v -0.00611614 -0.03526488 -0.18065776
v -0.00594863 -0.03514791 -0.18070264
v 0.00266767 0.01457080 -0.18301170
v 0.00249529 0.02301279 -0.18296519
v 0.00387334 0.02320127 -0.18333443
v 0.00440537 0.02400823 -0.18347698
v -0.05374530 0.03534995 -0.16789556
v -0.05392988 0.03526488 -0.16784610
v -0.05263848 0.03328276 -0.16819213
v -0.05249314 0.03342806 -0.16823107
v -0.05237438 0.03359729 -0.16826290
v -0.05228581 0.03378529 -0.16828662
v -0.05223012 0.03398636 -0.16830155
v -0.05220900 0.03419439 -0.16830721
v -0.05222309 0.03440305 -0.16830343
v -0.05227197 0.03460601 -0.16829033
v -0.05235415 0.03479710 -0.16826832
v -0.05246713 0.03497052 -0.16823804
v -0.05409738 0.03514791 -0.16780122
v -0.05260748 0.03512098 -0.16820043
v -0.05277094 0.03524393 -0.16815664
v -0.05295254 0.03533563 -0.16810797
v -0.05314676 0.03539329 -0.16805594
v -0.05334770 0.03541515 -0.16800210
v -0.05354926 0.03540056 -0.16794808
v -0.06271397 -0.01457081 -0.16549315
v -0.06532526 -0.00336248 -0.16479154
v -0.06474783 0.00688714 -0.16495264
v -0.04411014 -0.03382522 -0.17047811
v -0.02677469 -0.03654788 -0.17512082
v -0.03667643 -0.03594843 -0.17247304
v 0.00264944 -0.01458386 -0.18300730
v 0.00527991 0.00336252 -0.18370982
v 0.00469954 -0.00688710 -0.18355969
v -0.04409749 0.03384397 -0.17048135
v -0.01593629 0.03382522 -0.17802727
v -0.03327056 0.03654788 -0.17338026
v -0.02337152 0.03594843 -0.17603807
v -0.01543166 0.00199398 -0.17805412
v -0.01788824 0.00885338 -0.17737408
v -0.02484748 0.01427381 -0.17550175
v -0.04325728 -0.00637218 -0.17057198
v -0.03991529 -0.01120752 -0.17148192
v -0.03368120 0.01488517 -0.17313942
v -0.04118629 0.00988360 -0.17112377
v -0.04476329 0.00150001 -0.17016998
v -0.03492586 -0.01432766 -0.17279841
v -0.02873950 -0.01509440 -0.17447886
v -0.02273171 -0.01325240 -0.17606866
v -0.01660539 -0.00663989 -0.17770538
v -0.00740754 0.03328276 -0.18031172
v -0.06070587 -0.02979807 -0.15264249
v 0.00476022 0.03252691 -0.17011347
v -0.05807694 0.03252691 -0.15327631
v 0.00476022 -0.03252691 -0.17011347
v -0.01007064 0.01024425 -0.17751873
v 0.00812674 0.00429774 -0.18240358
v 0.00352919 0.01936442 -0.18117251
v -0.00204432 0.02669734 -0.17967825
v -0.00727982 0.03145974 -0.17827255
v -0.02201102 0.02097009 -0.17432393
v -0.00869916 -0.00599946 -0.17789082
v 0.00748363 -0.00774814 -0.18223125
v -0.01532110 -0.01663485 -0.17611913
v -0.00299370 -0.02777334 -0.17941967
v 0.00318210 -0.01987448 -0.18107948
v -0.03775981 0.02089527 -0.17009944
v -0.05601498 0.02777330 -0.16521266
v -0.04907189 0.00946282 -0.16707300
v -0.06333948 0.01821494 -0.16325539
v -0.01723862 0.03708162 -0.17560695
v -0.03359649 0.03914546 -0.17122386
v -0.04823623 0.03399847 -0.16730230
v -0.02645386 -0.02213486 -0.17313348
v -0.02541425 -0.03914546 -0.17341630
v -0.01077508 -0.03399847 -0.17733999
v -0.04022941 -0.01940719 -0.16944233
v -0.04177212 -0.03708161 -0.16903321
v -0.05029933 -0.00679323 -0.16673948
v -0.05922316 -0.02420636 -0.16435945
v -0.05170159 -0.03148010 -0.16636965
v -0.06552458 -0.01165849 -0.16266876
v -0.06736103 0.00061907 -0.16217668
v 0.01133552 -0.00176913 -0.17187533
v 0.00080269 0.02669734 -0.16905306
v -0.00465804 0.03167749 -0.16759329
v -0.01552902 0.03746422 -0.16467698
v -0.03209909 0.03896895 -0.16023706
v -0.04562565 0.03380952 -0.15661088
v -0.05298651 0.02797819 -0.15464076
v -0.05849246 0.02105746 -0.15316364
v -0.06413847 0.00668505 -0.15165213
v -0.05821003 -0.02145449 -0.15323932
v -0.05411942 -0.02669734 -0.15433672
v -0.04865978 -0.03167830 -0.15580305
v -0.02843854 -0.03915261 -0.16121790
v -0.01083078 -0.03596149 -0.16593064
v -0.00033046 -0.02797821 -0.16874991
v 0.00381820 -0.02292362 -0.16986106
v -0.05223669 -0.02979284 -0.15984987
v -0.05057022 -0.03112135 -0.15999110
v -0.05009113 -0.03108395 -0.15805936
v -0.05095341 -0.03022878 -0.15719555
v -0.05233296 -0.02930839 -0.15801315
v -0.00333270 0.02961359 -0.17278467
v -0.00490175 0.03091070 -0.17247179
v -0.00480116 0.03122764 -0.17047930
v -0.00336927 0.03023000 -0.16994423
v -0.00262132 0.02939964 -0.17108430
v -0.00414788 -0.03083739 -0.16997561
v -0.00272572 -0.02961526 -0.17051123
v -0.00502872 -0.03127734 -0.17112556
v -0.00482076 -0.03082911 -0.17255287
v -0.00316025 -0.02949204 -0.17269348
v -0.05043318 0.03062732 -0.15727687
v -0.05032727 0.03122767 -0.15967202
v -0.05175872 0.03022994 -0.16020705
v -0.05252733 0.02936245 -0.15896602
v -0.05197842 0.02951299 -0.15763070
v 0.00119529 -0.02554857 -0.17170165
v 0.00070756 -0.02550341 -0.17363137
v 0.00137291 -0.02444595 -0.17444386
v 0.00254749 -0.02331354 -0.17356978
v 0.00256105 -0.02390582 -0.17176197
v -0.05793958 -0.02346615 -0.15796529
v -0.05632362 -0.02554843 -0.15844955
v -0.05586638 -0.02540363 -0.15627374
v -0.05709015 -0.02380647 -0.15583749
v -0.05610498 0.02568324 -0.15812384
v -0.05730865 0.02444594 -0.15872020
v -0.05788264 0.02337871 -0.15753116
v -0.05729688 0.02361612 -0.15608676
v -0.05603148 0.02505293 -0.15586163
v 0.00275416 0.02337870 -0.17262019
v 0.00216843 0.02361611 -0.17406452
v 0.00090374 0.02505225 -0.17429130
v 0.00097654 0.02568318 -0.17202736
v 0.00218001 0.02444603 -0.17143096
v -0.01397483 -0.00227818 -0.17337565
v -0.01908117 -0.01138387 -0.17200741
v -0.02587171 -0.01485276 -0.17018789
v -0.03462878 -0.01400117 -0.16784143
v -0.04123316 -0.00785955 -0.16607180
v -0.04345528 0.00095095 -0.16547638
v -0.03861672 0.01156348 -0.16677287
v -0.02781036 0.01524586 -0.16966842
v -0.01755945 0.01023660 -0.17241517
v -0.04004717 -0.00391678 -0.16638958
v -0.03963496 0.00439379 -0.16650003
v -0.03525585 0.01018226 -0.16767342
v -0.02847089 0.01211261 -0.16949144
v -0.02081868 0.00925079 -0.17154184
v -0.01679927 -0.00032707 -0.17261885
v -0.02059325 -0.00885420 -0.17160225
v -0.02799407 -0.01219669 -0.16961920
v -0.03480231 -0.01035627 -0.16779494
v -0.02714800 -0.01214350 -0.16881064
v -0.03096479 -0.01810972 -0.16778381
v -0.01833883 -0.01520486 -0.17116281
v -0.01991761 -0.00842266 -0.17074801
v -0.01124203 -0.00407052 -0.17306885
v -0.01719009 -0.00293528 -0.17147885
v -0.01736795 0.00453146 -0.17143118
v -0.01200652 0.00625171 -0.17286631
v -0.01686484 0.01361022 -0.17156452
v -0.02468679 0.01171752 -0.16947012
v -0.02744052 0.01843915 -0.16872343
v -0.03271416 0.01129077 -0.16731918
v -0.03964882 0.01416658 -0.16545728
v -0.03759858 0.00758122 -0.16601041
v -0.04517052 0.00553525 -0.16398005
v -0.04025119 0.00076076 -0.16529964
v -0.04519196 -0.00643308 -0.16396753
v -0.03847348 -0.00628765 -0.16577597
v -0.03409659 -0.01062339 -0.16694875
v -0.03897812 -0.01440966 -0.16564034
v -0.06040632 -0.03252691 -0.16196965
v -0.06107070 -0.03022846 -0.15614562
v -0.06167161 -0.02897473 -0.15429842
v -0.06252933 -0.02892485 -0.15734516
v -0.06307629 -0.02763329 -0.15551206
v -0.05419946 -0.03663606 -0.15698902
v -0.05507175 -0.03638161 -0.15896831
v -0.05637130 -0.03534763 -0.15884429
v -0.05668958 -0.03473157 -0.15723723
v -0.05559498 -0.03537495 -0.15606798
v 0.00243085 0.03252691 -0.17880681
v -0.00045413 0.03663606 -0.17139004
v -0.00068835 0.03638161 -0.17354029
v 0.00104605 0.03493025 -0.17396939
v 0.00146606 0.03513412 -0.17146765
v 0.00785730 0.02828671 -0.17305627
v 0.00644310 0.02991769 -0.17316863
v 0.00590184 0.02998016 -0.17498222
v 0.00734172 0.02801219 -0.17581059
v -0.06271451 0.02782063 -0.15470742
v -0.06302199 0.02815092 -0.15683804
v -0.06161101 0.02993738 -0.15718022
v -0.06040632 0.03252691 -0.16196965
v -0.06115453 0.02969546 -0.15468848
v -0.05532784 0.03557473 -0.15597750
v -0.05678783 0.03471831 -0.15754010
v -0.05591306 0.03577452 -0.15911798
v -0.05424390 0.03677726 -0.15787870
v 0.00806092 -0.02782063 -0.17367163
v 0.00726188 -0.02815092 -0.17567055
v 0.00620710 -0.02943825 -0.17561214
v 0.00243085 -0.03252691 -0.17880681
v 0.00599247 -0.03016166 -0.17403284
v 0.00697953 -0.02940700 -0.17283477
v 0.00162222 -0.03467602 -0.17294413
v 0.00083276 -0.03573455 -0.17104642
v -0.00003453 -0.03577446 -0.17409058
v -0.00086049 -0.03677726 -0.17218275
v -0.06110368 -0.02422526 -0.15277588
v -0.05949178 -0.02282778 -0.15320779
v -0.06073344 -0.02644833 -0.15783501
v -0.05915188 -0.02815903 -0.15728396
v -0.05658701 -0.02986206 -0.15398613
v -0.06031355 -0.02609690 -0.15516779
v -0.05884700 -0.02792060 -0.15540075
v -0.05518584 -0.02824144 -0.15436156
v -0.05726919 -0.02600206 -0.15544030
v -0.05732484 -0.02669000 -0.15780112
v -0.05888291 -0.02433748 -0.15625541
v -0.05878320 -0.02511604 -0.15831900
v -0.04891617 -0.03371531 -0.15604152
v -0.04989017 -0.03564115 -0.15578054
v -0.05131825 -0.03247495 -0.15941061
v -0.05306579 -0.03120040 -0.15985097
v -0.05330854 -0.03056992 -0.15774903
v -0.05401542 -0.02945761 -0.15467517
v -0.05138898 -0.03191790 -0.15701589
v -0.05558730 -0.03090847 -0.15425399
v -0.05459573 -0.03252795 -0.15716040
v -0.05485665 -0.03272086 -0.15905534
v -0.05305505 -0.03419777 -0.15937805
v -0.05269961 -0.03391299 -0.15669358
v -0.05969182 0.02271266 -0.15315419
v -0.06101206 0.02443120 -0.15280044
v -0.05729725 0.02673389 -0.15783535
v -0.05718959 0.02619238 -0.15573961
v -0.05526203 0.02809662 -0.15434115
v -0.05840454 0.02469523 -0.15558974
v -0.05906658 0.02466913 -0.15797801
v -0.05641967 0.02993440 -0.15403096
v -0.05881577 0.02815904 -0.15602964
v -0.05949332 0.02792062 -0.15781295
v -0.06087990 0.02609689 -0.15728138
v -0.05990989 0.02644835 -0.15476158
v -0.00461358 0.03379274 -0.16791236
v -0.00347838 0.03561778 -0.16821653
v -0.00416013 0.03247496 -0.17204657
v -0.00275194 0.03110928 -0.17330755
v -0.00160871 0.03062933 -0.17133056
v 0.00072604 0.02938187 -0.16934311
v -0.00301678 0.03199508 -0.17006958
v 0.00201555 0.03109338 -0.16968864
v -0.00019664 0.03252795 -0.17173660
v -0.00091829 0.03272094 -0.17350826
v -0.00263974 0.03419777 -0.17288680
v -0.00160531 0.03391299 -0.17038424
v 0.00578304 -0.02300261 -0.17069812
v 0.00770981 -0.02391396 -0.17121440
v 0.00219640 -0.02669000 -0.17235012
v 0.00180394 -0.02807315 -0.16963193
v 0.00208916 -0.02609742 -0.17460471
v 0.00373714 -0.02500243 -0.17188030
v 0.00362920 -0.02441084 -0.17413375
v 0.00290792 -0.02994119 -0.16992775
v 0.00518512 -0.02609688 -0.17498346
v 0.00560496 -0.02644836 -0.17231622
v 0.00402340 -0.02815904 -0.17286734
v 0.00371852 -0.02792062 -0.17475051
v -0.00359970 -0.03565454 -0.16818403
v -0.00453861 -0.03369846 -0.16793244
v -0.00207339 -0.03419776 -0.17077319
v -0.00242886 -0.03391303 -0.17345762
v -0.00053274 -0.03252796 -0.17299090
v 0.00182165 -0.03134982 -0.16963668
v -0.00027182 -0.03272086 -0.17109594
v 0.00105044 -0.02929331 -0.16943002
v -0.00416013 -0.03247496 -0.17204657
v -0.00301811 -0.03199598 -0.17007025
v -0.00160871 -0.03062933 -0.17133056
v -0.00275194 -0.03110928 -0.17330755
v 0.00741831 0.02464202 -0.17113629
v 0.00720943 0.02324990 -0.17108032
v 0.00571897 0.02306514 -0.17068096
v 0.00478148 0.02644832 -0.17538968
v 0.00368732 0.02815903 -0.17412166
v 0.00330520 0.02975440 -0.17003420
v 0.00575144 0.02609689 -0.17286985
v 0.00436488 0.02792060 -0.17233832
v 0.00163525 0.02843877 -0.16958673
v 0.00219640 0.02669000 -0.17235012
v 0.00199637 0.02629431 -0.17433454
v 0.00391103 0.02474600 -0.17203426
v 0.00327774 0.02469390 -0.17455958
v -0.04998109 0.03562978 -0.15575618
v -0.04887238 0.03378022 -0.15605325
v -0.05248871 0.03419776 -0.15726444
v -0.05352310 0.03391302 -0.15976702
v -0.05493181 0.03252796 -0.15841471
v -0.05558298 0.03091298 -0.15425515
v -0.05421027 0.03272088 -0.15664315
v -0.05401094 0.02945277 -0.15467638
v -0.05131825 0.03247495 -0.15941061
v -0.05119146 0.03215375 -0.15740503
v -0.05276445 0.03085961 -0.15710101
v -0.05339006 0.03090078 -0.15963076
v -0.02271977 -0.03532059 -0.18421431
v -0.01841925 -0.03386185 -0.18727867
v -0.02560714 -0.03590683 -0.18519394
v -0.02019586 -0.03463567 -0.18332542
v -0.02135771 -0.03518932 -0.18094845
v -0.02363305 -0.03567732 -0.18200581
v -0.04097595 -0.03515423 -0.17570092
v -0.04271168 -0.03469700 -0.17659472
v -0.04587908 -0.03394335 -0.17978418
v -0.04271774 -0.03485192 -0.17842209
v -0.04013057 -0.03559045 -0.17894456
v -0.03539782 -0.03659647 -0.18267667
v -0.03963602 -0.03557571 -0.17691943
v -0.04677410 -0.03422184 -0.17989859
v -0.03107215 -0.03792634 -0.18483756
v -0.06598882 -0.01020471 -0.17265438
v -0.06515987 -0.01459099 -0.17466110
v -0.06714603 -0.00709741 -0.17406362
v -0.06503281 -0.01180221 -0.17104608
v -0.06510695 -0.01010322 -0.16922587
v -0.06605883 -0.00812628 -0.17084622
v -0.06518520 0.00973696 -0.16910453
v -0.06497339 0.01164994 -0.17062962
v -0.06522328 0.01457754 -0.17472611
v -0.06584022 0.01076285 -0.17270570
v -0.06783872 0.00301116 -0.17398417
v -0.06610668 0.00823463 -0.17112356
v -0.06928935 0.00309802 -0.17459729
v -0.06653030 -0.01406371 -0.17532246
v -0.04273328 0.03484366 -0.17837666
v -0.04658553 0.03386185 -0.17973155
v -0.03931827 0.03590682 -0.18152003
v -0.04055703 0.03550138 -0.17912145
v -0.04269857 0.03469841 -0.17656267
v -0.04087562 0.03518932 -0.17571864
v -0.03950844 0.03563068 -0.17729998
v -0.02168641 0.03529631 -0.18076000
v -0.02018505 0.03464646 -0.18313643
v -0.01841871 0.03387812 -0.18726738
v -0.02227635 0.03518959 -0.18437631
v -0.02958066 0.03659647 -0.18423539
v -0.02370402 0.03566382 -0.18248531
v -0.03203076 0.03818004 -0.18457624
v 0.00209270 0.00963282 -0.19086277
v 0.00020565 0.01457994 -0.19226921
v 0.00222063 0.00709740 -0.19265036
v 0.00182240 0.01184069 -0.18922520
v 0.00287360 0.01010321 -0.18744121
v 0.00292822 0.00817908 -0.18912287
v 0.00240977 -0.01120970 -0.18783525
v 0.00308604 -0.00891475 -0.18785468
v 0.00181396 -0.01164558 -0.18949883
v 0.00031854 -0.01388395 -0.19216278
v 0.00195535 -0.01010309 -0.19086918
v 0.00286023 -0.00301116 -0.19292790
v 0.00268529 -0.00837338 -0.18984991
v 0.00049898 -0.01471885 -0.19256537
v 0.00389433 0.00172631 -0.19420679
v 0.01646508 -0.03532876 -0.10181634
v 0.02532218 -0.02629541 -0.10418927
v 0.02461419 -0.03207837 -0.08677640
v 0.02684809 -0.02984447 -0.08694949
v 0.02814954 -0.02935235 -0.08385299
v 0.02720145 -0.03207945 -0.07711630
v 0.02943612 -0.02984389 -0.07728998
v 0.03064637 -0.02927219 -0.07475464
v 0.02913295 -0.03145571 -0.07241955
v 0.02704661 -0.03286887 -0.07428391
v 0.02620413 -0.03173938 -0.08217978
v 0.02445827 -0.03286873 -0.08394323
v 0.01909043 -0.02917930 -0.10262220
v 0.02037891 -0.03046261 -0.10296220
v 0.01915444 -0.03033082 -0.10262442
v 0.02054730 -0.02899197 -0.10300826
v -0.04292497 -0.02615633 -0.08590282
v -0.03419308 -0.03532397 -0.08824222
v -0.03547946 -0.03013515 -0.07067436
v -0.03321530 -0.03233773 -0.07085555
v -0.03187702 -0.03279160 -0.06776888
v -0.03231442 -0.03078778 -0.06132971
v -0.03062668 -0.03233739 -0.06119635
v -0.02935940 -0.03285036 -0.05867615
v -0.03098610 -0.03078411 -0.05631070
v -0.03323983 -0.02916420 -0.05896417
v -0.03389636 -0.03048121 -0.06607591
v -0.03554504 -0.02925126 -0.06786540
v -0.03752548 -0.02874849 -0.08746549
v -0.03664495 -0.02941313 -0.08767650
v -0.03832775 -0.03018541 -0.08722669
v -0.03707696 -0.03053690 -0.08754863
v -0.03830170 -0.02921314 -0.08720536
v -0.03403205 0.03531790 -0.08828571
v -0.04292202 0.02629541 -0.08590330
v -0.03368586 0.03200251 -0.07118399
v -0.03562361 0.02984447 -0.07021024
v -0.03520245 0.02935235 -0.06687788
v -0.03101297 0.03207863 -0.06151799
v -0.03303515 0.02984389 -0.06055085
v -0.03281559 0.02927219 -0.05775006
v -0.03033738 0.03145571 -0.05648452
v -0.02946294 0.03286908 -0.05914230
v -0.03268227 0.03174295 -0.06640170
v -0.03205761 0.03288426 -0.06889360
v -0.03822948 0.03031160 -0.08727174
v -0.03805163 0.02890915 -0.08728499
v -0.03666801 0.02926888 -0.08768000
v -0.03708117 0.03052925 -0.08753268
v 0.02534001 0.02623875 -0.10419403
v 0.02641067 0.03021398 -0.08728679
v 0.01650513 0.03530891 -0.10182712
v 0.02443979 0.03233773 -0.08630419
v 0.02482574 0.03279340 -0.08296238
v 0.02907973 0.03013392 -0.07761979
v 0.02702747 0.03233751 -0.07664459
v 0.02719015 0.03285033 -0.07382856
v 0.02978167 0.03078410 -0.07259338
v 0.03054101 0.02925158 -0.07522032
v 0.02742275 0.03048234 -0.08250679
v 0.02794404 0.02923402 -0.08497100
v 0.01918611 0.03031744 -0.10261552
v 0.01915217 0.02908778 -0.10266515
v 0.02033581 0.03050999 -0.10295887
v 0.02052644 0.02898066 -0.10300330
v 0.01859259 0.02969849 -0.10756217
v 0.01819534 0.03049760 -0.10699647
v 0.01827449 0.02895057 -0.10698575
v 0.01960357 0.02951140 -0.10736357
v -0.03948197 0.02932766 -0.09152371
v -0.03812962 0.02901375 -0.09187231
v -0.03878048 0.02969849 -0.09218910
v -0.03832582 0.03060264 -0.09186460
v -0.03953824 -0.02967598 -0.09150259
v -0.03830293 -0.03054829 -0.09183962
v -0.03878048 -0.02969849 -0.09218910
v -0.03818766 -0.02889314 -0.09187845
v 0.01799629 -0.03019241 -0.10691445
v 0.01930916 -0.03034505 -0.10726622
v 0.01908280 -0.02932304 -0.10759359
v 0.01831020 -0.02892922 -0.10699531
v -0.06065611 -0.01986869 -0.14533828
v -0.04475358 -0.03666621 -0.14959937
v -0.05405758 -0.02939265 -0.14710636
v -0.05855918 -0.02286132 -0.14382961
v -0.04923396 -0.03337185 -0.14632830
v -0.00493967 0.03666621 -0.16026747
v 0.01096286 0.01986867 -0.16452853
v 0.00436434 0.02939263 -0.16276047
v 0.01217918 0.01870640 -0.16278389
v 0.00240254 0.03202791 -0.16016425
v -0.04403830 0.03707271 -0.14979103
v -0.05490574 0.02869222 -0.14687911
v -0.04423596 0.03666621 -0.14766751
v -0.05526557 0.02767452 -0.14471214
v -0.00019216 -0.03416506 -0.15946901
v -0.00172782 -0.03458752 -0.16112807
v 0.00666622 -0.02672288 -0.16337727
v 0.01182427 -0.01976779 -0.16268879
v -0.04702365 -0.01976780 -0.09308619
v -0.03500724 -0.03416506 -0.09630597
v -0.04041186 -0.02869223 -0.09278725
v -0.02954442 -0.03707271 -0.09569918
v -0.04745635 -0.01986866 -0.09607607
v -0.03155382 -0.03666621 -0.10033714
v -0.04085783 -0.02939264 -0.09784415
v -0.04118833 -0.02869222 -0.09568503
v -0.03032090 -0.03707270 -0.09859695
v -0.04943095 -0.01762313 -0.09865281
v -0.03233027 -0.03666621 -0.10323492
v -0.04163428 -0.02939264 -0.10074192
v -0.04196477 -0.02869224 -0.09858280
v -0.03109734 -0.03707271 -0.10149472
v -0.04900927 -0.01986866 -0.10187162
v -0.03310674 -0.03666621 -0.10613269
v -0.04241074 -0.02939264 -0.10363969
v -0.04809898 -0.02060919 -0.10004498
v -0.04107323 -0.03024142 -0.10192753
v -0.03187383 -0.03707270 -0.10439251
v -0.04978571 -0.01986868 -0.10476940
v -0.03388317 -0.03666622 -0.10903049
v -0.04318719 -0.02939264 -0.10653748
v -0.04768876 -0.02286134 -0.10326073
v -0.03651946 -0.03495255 -0.10625354
v -0.05056217 -0.01986869 -0.10766719
v -0.03465964 -0.03666621 -0.11192825
v -0.04396365 -0.02939264 -0.10943525
v -0.04965189 -0.02060919 -0.10584053
v -0.04262615 -0.03024142 -0.10772308
v -0.03342673 -0.03707270 -0.11018806
v -0.05253680 -0.01762310 -0.11024391
v -0.03543611 -0.03666620 -0.11482602
v -0.04474011 -0.02939263 -0.11233303
v -0.05151968 -0.01870639 -0.10844589
v -0.04340260 -0.03024142 -0.11062086
v -0.03420317 -0.03707271 -0.11308584
v -0.03621255 -0.03666621 -0.11772382
v -0.04724218 -0.02767453 -0.11476843
v -0.03488218 -0.03742860 -0.11600973
v -0.05229614 -0.01870639 -0.11134367
v -0.04582430 -0.02832305 -0.11307780
v -0.05289154 -0.01986868 -0.11636052
v -0.03698902 -0.03666621 -0.12062158
v -0.04629304 -0.02939263 -0.11812858
v -0.05198126 -0.02060919 -0.11453387
v -0.04495552 -0.03024142 -0.11641641
v -0.03575608 -0.03707271 -0.11888140
v -0.03776547 -0.03666621 -0.12351937
v -0.04879509 -0.02767453 -0.12056398
v -0.04739998 -0.02869223 -0.11886726
v -0.03653255 -0.03707271 -0.12177917
v -0.05239654 -0.02387436 -0.12270480
v -0.04071732 -0.03543769 -0.12583424
v -0.05234751 -0.02286134 -0.12064739
v -0.04117819 -0.03495255 -0.12364020
v -0.05317301 -0.02387434 -0.12560259
v -0.04149378 -0.03543769 -0.12873203
v -0.05441296 -0.02096364 -0.12319978
v -0.04195466 -0.03495255 -0.12653798
v -0.04009486 -0.03666620 -0.13221270
v -0.05112446 -0.02767453 -0.12925732
v -0.04972935 -0.02869223 -0.12756059
v -0.03886190 -0.03707271 -0.13047251
v -0.05711760 -0.01976779 -0.13075730
v -0.04510118 -0.03416506 -0.13397709
v -0.05788787 -0.01632980 -0.12848036
v -0.05050582 -0.02869222 -0.13045835
v -0.03963839 -0.03707270 -0.13337028
v -0.05550237 -0.02387436 -0.13429593
v -0.04199013 -0.03677216 -0.13791652
v -0.05674233 -0.02096365 -0.13189313
v -0.04428403 -0.03495255 -0.13523132
v -0.05867051 -0.01976780 -0.13655284
v -0.04665409 -0.03416506 -0.13977264
v -0.05751880 -0.02096364 -0.13479090
v -0.04690460 -0.03337184 -0.13763496
v -0.05910320 -0.01986868 -0.13954274
v -0.04320068 -0.03666621 -0.14380381
v -0.05250471 -0.02939261 -0.14131080
v -0.05283519 -0.02869222 -0.13915169
v -0.04196775 -0.03707271 -0.14206362
v -0.05987966 -0.01986867 -0.14244051
v -0.04397713 -0.03666621 -0.14670159
v -0.05328114 -0.02939263 -0.14420858
v -0.05896937 -0.02060922 -0.14061388
v -0.05194363 -0.03024142 -0.14249642
v -0.04274420 -0.03707271 -0.14496140
v 0.02493908 0.01986868 -0.11236855
v 0.00903656 0.03666621 -0.10810748
v 0.01834057 0.02939263 -0.11060048
v 0.02506408 0.02060920 -0.11033148
v 0.01074643 0.03607399 -0.10649507
v 0.01910681 0.02910034 -0.10869469
v 0.02416262 0.01986869 -0.11526632
v 0.00826010 0.03666621 -0.11100525
v 0.01756411 0.02939263 -0.11349826
v 0.01892989 0.02869223 -0.11179366
v 0.00806246 0.03707271 -0.10888173
v 0.02338618 0.01986866 -0.11816410
v 0.00748364 0.03666621 -0.11390303
v 0.01678766 0.02939263 -0.11639603
v 0.01648543 0.03024142 -0.11424449
v 0.00728600 0.03707271 -0.11177951
v 0.02460250 0.01870639 -0.11641946
v 0.02260972 0.01986867 -0.12106187
v 0.00670719 0.03666621 -0.11680080
v 0.01601120 0.02939263 -0.11929381
v 0.01222284 0.03337184 -0.11620817
v 0.02154805 0.02286132 -0.11870685
v 0.02183326 0.01986867 -0.12395966
v 0.00593072 0.03666621 -0.11969858
v 0.01523474 0.02939263 -0.12219159
v 0.00573309 0.03707270 -0.11757507
v 0.01493251 0.03024142 -0.12004004
v 0.02195826 0.02060919 -0.12192259
v 0.02105680 0.01986868 -0.12685743
v 0.00515427 0.03666621 -0.12259636
v 0.01445829 0.02939263 -0.12508936
v 0.00495663 0.03707270 -0.12047286
v 0.01415606 0.03024142 -0.12293782
v 0.02118180 0.02060919 -0.12482037
v 0.00437781 0.03666621 -0.12549414
v 0.01540743 0.02767453 -0.12844951
v 0.00418017 0.03707271 -0.12337063
v 0.01504761 0.02869222 -0.12628256
v 0.01950388 0.01986870 -0.13265297
v 0.00360136 0.03666621 -0.12839191
v 0.01290538 0.02939263 -0.13088493
v 0.00340371 0.03707271 -0.12626840
v 0.01260314 0.03024143 -0.12873338
v 0.01962887 0.02060921 -0.13061592
v 0.01872742 0.01986869 -0.13555077
v 0.00282490 0.03666621 -0.13128969
v 0.01212891 0.02939264 -0.13378270
v 0.00649644 0.03495255 -0.13020292
v 0.01766576 0.02286133 -0.13319574
v 0.00204846 0.03666620 -0.13418747
v 0.01307807 0.02767451 -0.13714285
v 0.00571998 0.03495255 -0.13310070
v 0.01817831 0.02096363 -0.13643891
v 0.01717451 0.01986869 -0.14134632
v 0.00127198 0.03666621 -0.13708524
v 0.01057599 0.02939264 -0.13957825
v 0.00107433 0.03707271 -0.13496174
v 0.01027377 0.03024142 -0.13742672
v 0.01839085 0.01870639 -0.13960168
v 0.00049552 0.03666621 -0.13998303
v 0.01639806 0.01986868 -0.14424409
v 0.00979955 0.02939263 -0.14247604
v 0.01662538 0.02096365 -0.14223446
v 0.00416707 0.03495255 -0.13889626
v -0.00028092 0.03666620 -0.14288081
v 0.01074870 0.02767452 -0.14583619
v 0.01038885 0.02869224 -0.14366920
v -0.00047857 0.03707271 -0.14075729
v -0.00105740 0.03666622 -0.14577858
v 0.01484516 0.01986865 -0.15003966
v 0.00824662 0.02939264 -0.14827159
v 0.00794441 0.03024141 -0.14612006
v -0.00125502 0.03707270 -0.14365508
v 0.01606148 0.01870638 -0.14829502
v -0.00183384 0.03666621 -0.14867637
v 0.00919578 0.02767453 -0.15163174
v 0.01429602 0.02096363 -0.15092778
v 0.00368182 0.03337184 -0.14808372
v -0.00261030 0.03666621 -0.15157413
v 0.01329224 0.01986866 -0.15583521
v 0.00669371 0.02939263 -0.15406714
v 0.00805949 0.02869223 -0.15236256
v -0.00280794 0.03707270 -0.14945063
v 0.01544154 0.01632980 -0.15434057
v -0.00338676 0.03666621 -0.15447192
v 0.01251577 0.01986868 -0.15873298
v 0.00591726 0.02939262 -0.15696493
v 0.00561502 0.03024142 -0.15481338
v -0.00358441 0.03707271 -0.15234840
v 0.01373210 0.01870640 -0.15698835
v 0.01208309 0.01976779 -0.16172287
v 0.00006666 0.03416506 -0.15850309
v 0.00650657 0.02869223 -0.15815811
v -0.00652991 0.03831313 -0.15466499
v -0.04628724 0.02060920 -0.09328351
v -0.03760194 0.03202791 -0.09561073
v -0.04411434 0.02387436 -0.09179518
v -0.03243512 0.03543769 -0.09492461
v -0.03083855 0.03707270 -0.10052880
v -0.04170597 0.02869223 -0.09761689
v -0.04693870 0.01986869 -0.09414422
v -0.03103618 0.03666621 -0.09840529
v -0.04034020 0.02939262 -0.09591228
v -0.04665349 0.02286133 -0.09939703
v -0.03548418 0.03495255 -0.10238983
v -0.04891332 0.01762311 -0.09672096
v -0.03181263 0.03666621 -0.10130306
v -0.04111664 0.02939264 -0.09881006
v -0.04871896 0.02096363 -0.10194941
v -0.03810473 0.03337185 -0.10479349
v -0.03293146 0.03677216 -0.10410912
v -0.04968978 0.01762310 -0.09961873
v -0.04326184 0.02769284 -0.10134109
v -0.05141740 0.01632977 -0.10433219
v -0.03316789 0.03707271 -0.10922214
v -0.04403533 0.02869224 -0.10631022
v -0.03336554 0.03666621 -0.10709863
v -0.04439517 0.02767453 -0.10414325
v -0.03394435 0.03707271 -0.11211991
v -0.04481180 0.02869222 -0.10920799
v -0.03414201 0.03666621 -0.10999640
v -0.04517163 0.02767451 -0.10704102
v -0.03472083 0.03707270 -0.11501768
v -0.04558825 0.02869223 -0.11210577
v -0.03914834 0.03416506 -0.11176079
v -0.05116476 0.01976779 -0.10854100
v -0.05172242 0.02060923 -0.11356795
v -0.04303714 0.03202790 -0.11589517
v -0.03569493 0.03666620 -0.11579195
v -0.05159744 0.01986871 -0.11153089
v -0.04499894 0.02939263 -0.11329895
v -0.05131223 0.02286134 -0.11678369
v -0.04014292 0.03495255 -0.11977650
v -0.04070126 0.03416506 -0.11755634
v -0.05140921 0.02184349 -0.11468716
v -0.05436670 0.01870638 -0.11907107
v -0.03705018 0.03707271 -0.12371103
v -0.04624962 0.03024142 -0.12124604
v -0.05434852 0.01762311 -0.11700539
v -0.04505544 0.03111948 -0.11949547
v -0.05415414 0.02096365 -0.12223386
v -0.04169583 0.03495255 -0.12557206
v -0.03618632 0.03779605 -0.12497777
v -0.04905392 0.02767452 -0.12152991
v -0.05591961 0.01870639 -0.12486663
v -0.03860310 0.03707271 -0.12950659
v -0.04780253 0.03024143 -0.12704161
v -0.03880074 0.03666622 -0.12738308
v -0.05590143 0.01762312 -0.12280095
v -0.04810475 0.02939264 -0.12489007
v -0.03937959 0.03707269 -0.13240434
v -0.05024699 0.02869223 -0.12949243
v -0.03957720 0.03666622 -0.13028085
v -0.05547974 0.01986868 -0.12601978
v -0.04888122 0.02939263 -0.12778784
v -0.05747252 0.01870640 -0.13066219
v -0.04015601 0.03707271 -0.13530214
v -0.04935544 0.03024142 -0.13283716
v -0.04035368 0.03666620 -0.13317862
v -0.05745434 0.01762313 -0.12859651
v -0.04965768 0.02939262 -0.13068561
v -0.05715765 0.02060918 -0.13385239
v -0.04093248 0.03707270 -0.13819991
v -0.05013190 0.03024142 -0.13573493
v -0.04113011 0.03666622 -0.13607641
v -0.05703265 0.01986868 -0.13181533
v -0.05043412 0.02939265 -0.13358340
v -0.05793409 0.02060920 -0.13675018
v -0.04924879 0.03202790 -0.13907738
v -0.04224894 0.03677216 -0.13888244
v -0.05576119 0.02387436 -0.13526185
v -0.05752388 0.02286135 -0.13996591
v -0.04819869 0.03337185 -0.14246459
v -0.04268302 0.03666621 -0.14187196
v -0.05858558 0.01986864 -0.13761088
v -0.05198705 0.02939263 -0.13937895
v -0.06151133 0.01632980 -0.14200331
v -0.04326184 0.03707271 -0.14689325
v -0.05412927 0.02869224 -0.14398132
v -0.04768937 0.03416505 -0.14363635
v -0.05970578 0.01976780 -0.14041655
v 0.00832128 -0.03707271 -0.10791581
v 0.01172959 -0.03543769 -0.10675851
v 0.01752070 -0.03024142 -0.11038079
v 0.02454643 -0.02060921 -0.11226334
v 0.02545672 -0.01986868 -0.11043669
v 0.01141401 -0.03495255 -0.11185034
v 0.01300762 -0.03416506 -0.11020679
v 0.02387233 -0.02096363 -0.11518853
v 0.02502404 -0.01976779 -0.11342657
v 0.00676836 -0.03707271 -0.11371136
v 0.00800128 -0.03666621 -0.11197118
v 0.01596779 -0.03024141 -0.11617635
v 0.01730530 -0.02939263 -0.11446417
v 0.02408487 -0.01870638 -0.11835131
v 0.02390382 -0.01986867 -0.11623225
v 0.00599190 -0.03707271 -0.11660914
v 0.00940022 -0.03543769 -0.11545185
v 0.01685934 -0.02869223 -0.11952107
v 0.01955259 -0.02578353 -0.11817217
v 0.02424139 -0.01632978 -0.12149908
v 0.00521544 -0.03707271 -0.11950692
v 0.00644837 -0.03666621 -0.11776673
v 0.01441488 -0.03024142 -0.12197190
v 0.01575238 -0.02939264 -0.12025973
v 0.02253195 -0.01870639 -0.12414687
v 0.02235089 -0.01986868 -0.12202781
v 0.00830817 -0.03495255 -0.12344144
v 0.00567191 -0.03666621 -0.12066451
v 0.01497593 -0.02939263 -0.12315750
v 0.02076649 -0.02096364 -0.12677965
v 0.02277260 -0.01762312 -0.12524663
v 0.00366252 -0.03707271 -0.12530248
v 0.00489545 -0.03666621 -0.12356229
v 0.01286196 -0.03024142 -0.12776746
v 0.01419947 -0.02939262 -0.12605529
v 0.02097904 -0.01870638 -0.12994242
v 0.02079798 -0.01986867 -0.12782335
v 0.00278862 -0.03742860 -0.12817414
v 0.00834888 -0.03416505 -0.12759346
v 0.01373074 -0.02832304 -0.13110608
v 0.02036529 -0.01976779 -0.13081324
v 0.02020258 -0.01870639 -0.13284020
v 0.00597881 -0.03495255 -0.13213478
v 0.00334253 -0.03666622 -0.12935784
v 0.01437217 -0.02767452 -0.13231322
v 0.01843712 -0.02096364 -0.13547298
v 0.02118596 -0.01554807 -0.13413897
v 0.00133317 -0.03707270 -0.13399582
v 0.00256609 -0.03666621 -0.13225563
v 0.01053260 -0.03024141 -0.13646080
v 0.01187009 -0.02939263 -0.13474862
v 0.01864966 -0.01870640 -0.13863574
v 0.01966676 -0.01762312 -0.13683774
v 0.00442590 -0.03495255 -0.13793033
v 0.00178962 -0.03666621 -0.13515340
v 0.01281924 -0.02767453 -0.13810878
v 0.01688420 -0.02096364 -0.14126852
v 0.01963306 -0.01554803 -0.13993454
v 0.00168775 -0.03607399 -0.14030248
v 0.00318856 -0.03543769 -0.13863407
v 0.01062491 -0.02832304 -0.14269719
v 0.01486779 -0.02387435 -0.14176351
v 0.01709676 -0.01870637 -0.14443132
v -0.00099621 -0.03707270 -0.14268914
v 0.00023670 -0.03666622 -0.14094895
v 0.00820322 -0.03024142 -0.14515412
v 0.00954072 -0.02939264 -0.14344196
v 0.01522896 -0.02060919 -0.14703667
v 0.01613925 -0.01986867 -0.14521003
v -0.00053974 -0.03666620 -0.14384674
v 0.00576720 -0.03202790 -0.14760722
v 0.00876427 -0.02939263 -0.14633974
v 0.01445251 -0.02060917 -0.14993444
v 0.01536279 -0.01986866 -0.14810781
v -0.00064162 -0.03607399 -0.14899582
v -0.00131621 -0.03666621 -0.14674450
v 0.00798781 -0.02939263 -0.14923751
v 0.01126011 -0.02498830 -0.15218487
v 0.01458633 -0.01986867 -0.15100557
v -0.00332560 -0.03707271 -0.15138248
v -0.00209267 -0.03666621 -0.14964229
v 0.00754185 -0.02869223 -0.15429439
v 0.00721136 -0.02939262 -0.15213530
v 0.01380987 -0.01986867 -0.15390337
v -0.00023285 -0.03495255 -0.15531699
v 0.00136076 -0.03416506 -0.15367346
v 0.01222546 -0.02096364 -0.15865520
v 0.01337717 -0.01976779 -0.15689325
v -0.00487851 -0.03707271 -0.15717803
v -0.00364559 -0.03666622 -0.15543784
v 0.00432093 -0.03024142 -0.15964301
v 0.00565844 -0.02939262 -0.15793084
v 0.01243800 -0.01870640 -0.16181798
v 0.01225696 -0.01986867 -0.15969890
v -0.03195317 0.03596808 -0.05814943
v -0.03261767 0.03585800 -0.06020340
v -0.03443131 0.03433492 -0.06108913
v -0.03573157 0.03281326 -0.06006002
v -0.03635801 0.03209414 -0.05962047
v -0.03546334 0.03213225 -0.05642959
v -0.03227174 0.03516126 -0.05622043
v -0.03375774 0.03352858 -0.05545917
v -0.03454136 0.03596808 -0.06780870
v -0.03520586 0.03585800 -0.06986266
v -0.03698747 0.03435333 -0.07069927
v -0.03879221 0.03191392 -0.06800899
v -0.03812791 0.03202415 -0.06595504
v -0.03634594 0.03352857 -0.06511843
v -0.03485993 0.03516126 -0.06587969
v -0.03847378 0.03272090 -0.06993795
v 0.02711162 -0.03596808 -0.08432856
v 0.02666011 -0.03585800 -0.08643959
v 0.02778790 -0.03433492 -0.08811348
v 0.02942851 -0.03281326 -0.08787237
v 0.03019080 -0.03209414 -0.08780493
v 0.03101144 -0.03213225 -0.08459422
v 0.02822322 -0.03523423 -0.08301590
v 0.03001620 -0.03354681 -0.08284241
v 0.03081141 -0.03523423 -0.07335664
v 0.03260439 -0.03354681 -0.07318315
v -0.03721713 -0.03272091 -0.06524808
v -0.03554931 -0.03435331 -0.06533188
v -0.03586918 -0.03191393 -0.05710015
v -0.03632086 -0.03202419 -0.05921113
v -0.03519259 -0.03354679 -0.06088515
v -0.03355261 -0.03506908 -0.06064387
v -0.03279007 -0.03578794 -0.06057649
v -0.03196923 -0.03574962 -0.05736583
v -0.03462894 -0.03272091 -0.05558882
v -0.03296112 -0.03435330 -0.05567262
v 0.03102762 0.03191393 -0.08537785
v 0.03036329 0.03202418 -0.08743186
v 0.02854918 0.03354678 -0.08831747
v 0.02724955 0.03506908 -0.08728853
v 0.02662286 0.03578794 -0.08684890
v 0.02751732 0.03574963 -0.08365798
v 0.03070921 0.03272091 -0.08344889
v 0.02922292 0.03435331 -0.08268756
v 0.02942602 0.03592955 -0.07583946
v 0.03002944 0.03585803 -0.07386497
v 0.03184317 0.03433488 -0.07297918
v 0.03361582 0.03191393 -0.07571860
v 0.03295148 0.03202419 -0.07777260
v 0.03133530 0.03337630 -0.07857827
v 0.03330960 0.03264792 -0.07402602
v 0.02979517 0.03505461 -0.07784278
v -0.03986714 -0.03369636 -0.09086266
v -0.04186568 -0.03109142 -0.08825660
v 0.02019689 0.03369636 -0.10695677
v 0.01966017 0.03467174 -0.10474240
v -0.04236085 0.03069699 -0.09019448
v -0.04280781 0.02999987 -0.08800416
v 0.02271306 -0.03109143 -0.10763098
v 0.02417284 -0.02999988 -0.10595157
v -0.03598484 -0.03369637 -0.07637378
v -0.03796092 -0.03069700 -0.07377373
v -0.04021962 -0.02999987 -0.07834490
v -0.04032242 -0.02897995 -0.07624680
v -0.03753776 -0.03369636 -0.08216933
v -0.04109889 -0.02897995 -0.07914458
v -0.03831422 -0.03369636 -0.08506711
v -0.03674223 -0.03467174 -0.08341777
v -0.03909068 -0.03369636 -0.08796488
v -0.03751868 -0.03467174 -0.08631555
v 0.02753749 0.02999987 -0.09339453
v 0.02711299 0.03109143 -0.09121022
v 0.02330272 0.03369636 -0.09536566
v 0.02276600 0.03467174 -0.09315129
v 0.02252626 0.03369636 -0.09826344
v 0.02198954 0.03467174 -0.09604908
v 0.02174980 0.03369636 -0.10116121
v 0.02121309 0.03467174 -0.09894685
v 0.02582778 0.02797277 -0.10535973
v 0.01847859 0.03611710 -0.10131996
v 0.02710262 0.02673009 -0.10363078
v -0.03850102 0.03109143 -0.07569957
v -0.03508621 0.03367311 -0.07454401
v -0.03927748 0.03109143 -0.07859734
v -0.03624367 0.03369636 -0.07733969
v -0.03648341 0.03467173 -0.08245184
v -0.03702012 0.03369636 -0.08023748
v -0.04083039 0.03109143 -0.08439290
v -0.04125489 0.02999988 -0.08220860
v -0.04160685 0.03109143 -0.08729067
v -0.03857305 0.03369636 -0.08603304
v 0.02302482 -0.03467174 -0.09218536
v 0.02459681 -0.03369637 -0.09053602
v 0.02581889 -0.03109143 -0.09603987
v 0.02727867 -0.02999988 -0.09436046
v 0.02504243 -0.03109143 -0.09893764
v 0.02650221 -0.02999988 -0.09725824
v 0.02069545 -0.03467173 -0.10087869
v 0.02226745 -0.03369636 -0.09922937
v 0.02494930 -0.02999987 -0.10305379
v 0.02505209 -0.02897996 -0.10515188
v -0.02082369 0.04062618 -0.18129931
v 0.00723489 0.01057911 -0.19215924
v -0.02178540 -0.04062313 -0.18438327
v -0.04173338 -0.04061545 -0.17913078
v -0.07038498 -0.01049025 -0.16794249
v -0.07106638 -0.00861391 -0.17062736
v -0.07119118 0.00896100 -0.17093901
v -0.07049917 0.00849694 -0.16857371
v -0.04063088 -0.01564243 -0.06374084
v -0.03924355 -0.01085141 -0.05797900
v -0.03871662 -0.01101711 -0.05601250
v -0.03872936 0.01102522 -0.05606003
v -0.04065389 0.01557715 -0.06373467
v -0.03920458 0.01097863 -0.05783359
v 0.03612078 -0.01087891 -0.07808440
v 0.03653315 -0.01120382 -0.07654539
v 0.03671598 0.00980654 -0.07586306
v 0.03651533 0.01123594 -0.07661193
v 0.03602627 0.01044954 -0.07843712
v 0.03441922 0.01564242 -0.08385045
v 0.03444223 -0.01557715 -0.08385661
v 0.01202652 0.03881807 -0.07785033
v 0.00917571 0.03900000 -0.06860091
v 0.00944696 0.03900000 -0.07064326
v -0.01137800 0.03900000 -0.06572378
v -0.01821525 0.03884879 -0.06974709
v -0.01219600 0.03900000 -0.06362844
v -0.01815220 -0.03887261 -0.06976398
v -0.01080125 -0.03900000 -0.06313086
v -0.01134594 -0.03900000 -0.06576024
v -0.01226763 -0.03900000 -0.06405339
v 0.00795609 -0.03900000 -0.07099031
v 0.00840319 -0.03900000 -0.06827637
v 0.01199343 -0.03882884 -0.07784146
v 0.00976351 -0.03900000 -0.06966243
v 0.01740701 0.02955314 -0.10820219
v 0.01944659 0.03008555 -0.10059094
v 0.01802603 0.03069757 -0.10832214
v 0.02003386 0.03071954 -0.10075427
v 0.02120030 0.03042525 -0.10106361
v 0.01918177 0.03022359 -0.10865408
v 0.02126069 0.02905636 -0.10109009
v 0.01820490 0.02861837 -0.10829369
v 0.02019075 0.02864064 -0.10078774
v 0.01945344 0.02923106 -0.10059836
v 0.02103590 0.03058380 -0.09889937
v 0.02031657 0.03152584 -0.09872664
v 0.01916050 0.03037852 -0.09841178
v 0.01936569 0.02856519 -0.09848000
v 0.02069854 0.02780342 -0.09882454
v 0.02012441 0.02935798 -0.09865514
v 0.02177384 0.03141439 -0.09912784
v 0.02257502 0.03051795 -0.09932875
v 0.02160558 0.02915367 -0.09905201
v 0.02186548 0.02804784 -0.09915060
v 0.02272978 0.02922760 -0.09936809
v 0.01948152 0.03152899 -0.10055345
v 0.01852465 0.02912411 -0.10029706
v 0.02172289 0.03113308 -0.10115401
v 0.02220587 0.02880387 -0.10128339
v 0.02018683 0.02773571 -0.10074241
v 0.01986157 0.03003495 -0.09966493
v 0.02134471 0.03024262 -0.10002529
v 0.02077458 0.02881357 -0.09987253
v -0.03558407 0.02725000 -0.22585130
v -0.03635830 0.02900000 -0.22750129
v -0.03872946 0.02725000 -0.22955155
v -0.04247747 0.02900000 -0.23082137
v -0.04350420 0.02725000 -0.23065992
v -0.04922177 0.02725000 -0.22813712
v -0.04775540 0.02900000 -0.22911261
v -0.05098738 0.02900000 -0.22452044
v -0.05103383 0.02725000 -0.22138613
v -0.04922179 0.02900000 -0.21706301
v -0.04836883 0.02725000 -0.21649188
v -0.04385906 0.02725000 -0.21457122
v -0.04277448 0.02900000 -0.21445566
v -0.03843381 0.02725000 -0.21573038
v -0.03758691 0.02900000 -0.21649185
v -0.03499252 0.02725000 -0.22098546
v -0.03492187 0.02900000 -0.22138613
v -0.03444216 0.02400623 -0.19367282
v -0.04199426 0.02400000 -0.18830073
v -0.02775207 0.02400000 -0.19201621
v -0.04058393 0.02401650 -0.19490744
v -0.01629081 0.02400000 -0.20103127
v -0.03134007 0.02400550 -0.19781022
v -0.03253188 0.02399005 -0.20240258
v -0.05833810 0.02400000 -0.19191660
v -0.02516704 0.02400411 -0.20874202
v -0.01047615 0.02400000 -0.21242052
v -0.02131852 0.02431112 -0.22045822
v -0.00881360 0.02400000 -0.22259724
v -0.04141691 0.02400316 -0.24511397
v -0.04184821 0.02400000 -0.25689486
v -0.05328687 0.02431112 -0.24176872
v -0.02237288 0.02400316 -0.23180597
v -0.01509147 0.02400000 -0.24233696
v -0.03018470 0.02400133 -0.24100815
v -0.02575790 0.02400000 -0.25227973
v -0.01056859 0.02400000 -0.23307016
v -0.05817926 0.02400316 -0.20591980
v -0.07102653 0.02400000 -0.20283435
v -0.04822988 0.02442625 -0.20164433
v -0.05629214 0.02400000 -0.25406310
v -0.06828646 0.02400000 -0.24577083
v -0.05982950 0.02429767 -0.23622391
v -0.04236128 0.02399633 -0.20012504
v -0.06484620 0.02400316 -0.22817577
v -0.07656089 0.02400000 -0.21632512
v -0.06379857 0.02426652 -0.21616445
v -0.07623699 0.02400000 -0.23104043
v -0.04115401 0.02795650 -0.20067149
v -0.04117773 0.02495752 -0.20069614
v -0.03974748 0.02502522 -0.19573998
v -0.04003154 0.02800877 -0.19632767
v -0.03751252 0.02800505 -0.19450586
v -0.03582684 0.02500877 -0.19439369
v -0.03377052 0.02802522 -0.19523282
v -0.03238318 0.02504071 -0.19726750
v -0.03245011 0.02800505 -0.19879866
v -0.03359306 0.02495649 -0.20269746
v -0.03358484 0.02795752 -0.20273066
v -0.02436577 -0.00599668 -0.19776799
v -0.02531755 -0.00797438 -0.19687034
v -0.02277176 -0.00650000 -0.19068876
v -0.02432852 -0.00813531 -0.19293679
v -0.02816618 -0.01296047 -0.18924469
v -0.02285361 -0.00589657 -0.19383346
v -0.02106279 -0.00174458 -0.19114614
v -0.02199455 -0.00000010 -0.19453324
v -0.02324330 0.00199795 -0.19869316
v -0.02284122 -0.00000117 -0.19867106
v -0.02199767 0.00199182 -0.19427931
v -0.02270142 0.00716300 -0.19070652
v -0.02373866 0.00739799 -0.19334748
v -0.02541610 0.00798639 -0.19694079
v -0.02395310 0.00999669 -0.19036758
v -0.02992880 0.01246701 -0.19006367
v -0.02575515 0.00992704 -0.19181158
v -0.02714170 0.00997555 -0.19587174
v -0.03610694 0.01310580 -0.18711892
v -0.03537624 0.01299176 -0.18841080
v -0.04219178 0.01022723 -0.18754666
v -0.04265290 0.00914282 -0.18536115
v -0.04331982 0.00999121 -0.19159795
v -0.04531376 0.00799820 -0.19167140
v -0.04488184 0.00764881 -0.18763191
v -0.04601225 0.00325720 -0.18446173
v -0.04736852 -0.00013840 -0.18786211
v -0.04827030 -0.00000049 -0.19192974
v -0.04811481 0.00199793 -0.19202752
v -0.04695983 0.00200023 -0.18782189
v -0.04581298 -0.00342195 -0.18451497
v -0.04452119 -0.00650000 -0.18486102
v -0.04564648 -0.00596575 -0.18739198
v -0.03971685 -0.01182396 -0.18614666
v -0.04422250 -0.00801127 -0.18762033
v -0.04547863 -0.00794701 -0.19143905
v -0.04667833 -0.00599873 -0.19179808
v -0.04015317 -0.01153824 -0.18765938
v -0.03192717 -0.01318320 -0.18927982
v -0.03015102 -0.01271489 -0.18871315
v -0.00947456 0.03000000 -0.23001222
v -0.01571585 0.03000000 -0.24319080
v -0.02680888 0.03000000 -0.25286514
v -0.04087744 0.03000000 -0.25669965
v -0.05113705 0.03000000 -0.25566679
v -0.06286283 0.03000000 -0.25056428
v -0.07256635 0.03000000 -0.23967977
v -0.07673820 0.03000000 -0.22783780
v -0.07596130 0.03000000 -0.21313944
v -0.07024873 0.03000000 -0.20219705
v -0.06271471 0.03000000 -0.19471364
v -0.04921103 0.03000000 -0.18885753
v -0.03686960 0.03000000 -0.18909374
v -0.02681253 0.03000000 -0.19250225
v -0.01555117 0.03000000 -0.20197996
v -0.00960396 0.03000000 -0.21529393
v -0.01730105 -0.00600000 -0.20493923
v -0.01469492 -0.00800000 -0.20916164
v -0.01201067 -0.00600000 -0.21795800
v -0.01195754 -0.00800000 -0.22106050
v -0.01335971 -0.00800000 -0.23276274
v -0.01375294 -0.00600000 -0.23384368
v -0.01972052 -0.00800000 -0.24318466
v -0.02019768 -0.00600000 -0.24371150
v -0.02726314 -0.00800000 -0.24951194
v -0.02814434 -0.00600000 -0.25000751
v -0.03858367 -0.00800000 -0.25345284
v -0.03958673 -0.00600000 -0.25357914
v -0.05055445 -0.00800000 -0.25282913
v -0.04941387 -0.00600000 -0.25298437
v -0.05889477 -0.00600000 -0.24939285
v -0.05981366 -0.00800000 -0.24869956
v -0.06720760 -0.00800000 -0.24219906
v -0.06783056 -0.00600000 -0.24140283
v -0.07212324 -0.00800000 -0.23333204
v -0.07236122 -0.00600000 -0.23266222
v -0.07427935 -0.00800000 -0.22174497
v -0.07414186 -0.00600000 -0.22268136
v -0.07250665 -0.00600000 -0.21297304
v -0.07060564 -0.00800000 -0.20818105
v -0.06674237 -0.00600000 -0.20220979
v -0.06168725 -0.00800000 -0.19749083
v -0.05546457 -0.00600000 -0.19404687
v -0.02784799 -0.01400128 -0.24984680
v -0.03050088 -0.01600010 -0.25110000
v -0.02909786 -0.01600000 -0.25049299
v -0.02788793 -0.01600000 -0.25112352
v -0.01720526 -0.01400075 -0.24041362
v -0.01509363 -0.01600049 -0.23650235
v -0.06686323 -0.01400050 -0.24283642
v -0.06879216 -0.01600018 -0.23988433
v -0.06834255 -0.01600000 -0.24222390
v -0.05359714 -0.01400000 -0.25206727
v -0.05206666 -0.01600000 -0.25247651
v -0.05021896 -0.01600000 -0.25295964
v -0.03941865 -0.01400000 -0.25356507
v -0.04959011 -0.01600000 -0.25435543
v -0.07413916 -0.01400128 -0.22207956
v -0.07375098 -0.01599994 -0.21965773
v -0.07529675 -0.01600000 -0.22149220
v -0.07250363 -0.01400000 -0.23224181
v -0.05224277 -0.01399795 -0.19265081
v -0.04550681 -0.01599985 -0.19178240
v -0.05537810 -0.01600000 -0.19400397
v -0.06465188 -0.01400000 -0.20020054
v -0.06494047 -0.01600000 -0.20091012
v -0.07132329 -0.01600000 -0.20927252
v -0.07157394 -0.01400000 -0.21019986
v -0.02694650 -0.01400115 -0.19587377
v -0.02533974 -0.01599989 -0.19729809
v -0.02582077 -0.01600000 -0.19527005
v -0.03840140 -0.01400000 -0.19176894
v -0.01387967 -0.01600000 -0.23464227
v -0.01176622 -0.01400000 -0.22523080
v -0.01243802 -0.01600000 -0.21550576
v -0.01345205 -0.01400000 -0.21295834
v -0.01316452 -0.01600000 -0.21392751
v -0.01726316 -0.01600000 -0.20471592
v -0.01794090 -0.01400000 -0.20403522
v -0.01690235 0.00200031 -0.20510568
v -0.05469279 0.00200016 -0.19372992
v -0.05708581 -0.00000000 -0.19492884
v -0.06322140 0.00200000 -0.19904311
v -0.06693678 -0.00000000 -0.20242512
v -0.07082489 0.00200000 -0.20826125
v -0.07251478 -0.00000000 -0.21299276
v -0.07414278 0.00200000 -0.22211666
v -0.07414181 -0.00000000 -0.22314198
v -0.07195871 0.00200000 -0.23407158
v -0.07156572 -0.00000000 -0.23501858
v -0.06405716 0.00200000 -0.24576728
v -0.06464349 -0.00000000 -0.24500734
v -0.05249029 -0.00000000 -0.25244251
v -0.05153897 0.00200000 -0.25256991
v -0.03745054 0.00200000 -0.25343034
v -0.03630628 -0.00000000 -0.25320312
v -0.02442933 0.00200000 -0.24764878
v -0.02361548 -0.00000000 -0.24702515
v -0.01516319 0.00200000 -0.23700154
v -0.01464614 -0.00000000 -0.23595567
v -0.01168836 0.00200000 -0.22117652
v -0.01176309 -0.00000000 -0.22001220
v -0.01525912 -0.00000000 -0.20858568
v 0.00131775 0.03199644 -0.19922590
v 0.00352623 0.03486219 -0.20404096
v 0.00071904 0.03495607 -0.20095120
v 0.00124190 0.03006958 -0.19736637
v 0.00611290 0.02192913 -0.19734021
v 0.00050220 0.02966489 -0.19627203
v 0.00346232 -0.03489327 -0.20405842
v 0.00622666 -0.02162451 -0.19721256
v 0.00073254 -0.03496560 -0.20095627
v 0.00132927 -0.03001697 -0.19730957
v 0.00064161 -0.02957643 -0.19604266
v 0.00146210 -0.03138730 -0.19875474
v -0.05280987 -0.03527894 -0.16814621
v -0.04526307 -0.03364330 -0.17017458
v -0.05932100 -0.04100000 -0.16640157
v -0.00818409 -0.02605380 -0.18010366
v -0.06968570 0.01546154 -0.16386327
v -0.06326873 0.01597318 -0.16534407
v -0.06339587 0.02279986 -0.16530970
v -0.05528443 0.02260787 -0.16748315
v -0.06139908 0.01415007 -0.16579902
v -0.04492206 0.04100000 -0.17028517
v -0.05183418 0.02614104 -0.16840765
v -0.04299248 0.03280279 -0.17073664
v -0.04535336 0.03390980 -0.17014793
v -0.02672656 0.03538126 -0.17506799
v -0.01854653 0.03324967 -0.17732704
v -0.01517852 0.03302859 -0.17827395
v -0.00822434 0.02615220 -0.18009289
v 0.00141730 0.01412946 -0.18263613
v 0.00312490 0.01594383 -0.18313423
v 0.00956712 0.01557026 -0.18491140
v 0.00280798 -0.02279598 -0.18304896
v 0.00289440 -0.01589896 -0.18307397
v 0.00145858 -0.01373850 -0.18264145
v 0.00957420 -0.01573334 -0.18488498
v -0.01657794 -0.03255709 -0.17780453
v -0.01462106 -0.03422242 -0.17837928
v -0.04497118 -0.04100000 -0.17063481
v -0.06428375 -0.02445142 -0.16507180
v -0.06964322 -0.01540001 -0.16370472
v -0.06936598 -0.03141299 -0.16371006
v -0.00295473 -0.02961749 -0.18150486
v -0.00168337 -0.02860019 -0.18184552
v 0.00431412 -0.02426390 -0.18345253
v 0.00012978 -0.02967339 -0.18233141
v 0.00909127 -0.03165729 -0.18473260
v -0.00134065 -0.03117661 -0.18193752
v -0.00782293 -0.03440306 -0.18020043
v -0.00734701 -0.03520038 -0.18032795
v -0.00769187 -0.03479711 -0.18023553
v -0.00072503 -0.04100000 -0.18210231
v -0.05869469 -0.03103125 -0.16656949
v -0.05788972 -0.02947426 -0.16678506
v -0.06036686 -0.02950083 -0.16612135
v -0.05515619 -0.02262052 -0.16751751
v -0.06305499 -0.02271429 -0.16540104
v -0.00111849 0.03070779 -0.18199688
v -0.00072503 0.04100000 -0.18210229
v 0.00944562 0.03127874 -0.18482758
v -0.00137612 0.02930926 -0.18192783
v 0.00017786 0.02963136 -0.18234423
v -0.00799848 0.03451451 -0.18015338
v -0.01681880 0.01482349 -0.17778999
v -0.01698547 0.01658796 -0.17774534
v -0.04612704 0.01336722 -0.16993687
v -0.04266355 0.01658186 -0.17086491
v -0.04953186 0.00530393 -0.16902454
v -0.02498535 0.01947831 -0.17560177
v -0.02416986 0.02027035 -0.17582028
v -0.03263384 0.01987564 -0.17355236
v -0.03509266 0.02064216 -0.17289352
v -0.04010243 0.01725444 -0.17155115
v -0.04995007 -0.00528437 -0.16891249
v -0.04946504 0.00121380 -0.16904245
v -0.04718255 -0.00985165 -0.16965404
v -0.04613737 -0.01339616 -0.16993411
v -0.04303978 -0.01665403 -0.17076410
v -0.03941691 -0.01766419 -0.17173484
v -0.03621074 -0.01991130 -0.17259394
v -0.02491870 -0.02063002 -0.17561963
v -0.02422502 -0.01925031 -0.17580549
v -0.01504056 -0.01311698 -0.17826645
v -0.01693484 -0.01666107 -0.17775889
v -0.01392601 -0.01341143 -0.17856511
v -0.00491043 -0.02266376 -0.18098083
v -0.00988141 -0.00433987 -0.17964886
v -0.01073836 -0.00282948 -0.17941923
v -0.01089036 0.00550962 -0.17937849
v -0.01400870 0.01360879 -0.17854296
v -0.05809358 0.02972547 -0.16673043
v -0.05861947 0.03106792 -0.16658953
v -0.06036567 0.04073083 -0.16612169
v -0.05857022 0.02846369 -0.16660272
v -0.06962597 0.03033150 -0.16364037
v -0.00128545 0.02777667 -0.18195213
v -0.05222199 -0.03441890 -0.16830374
v -0.05184388 -0.02620009 -0.16840504
v -0.05229766 -0.03375459 -0.16828345
v -0.06144813 -0.01413206 -0.16579415
v -0.06322735 -0.01596844 -0.16535522
v -0.04263123 -0.03277110 -0.17083044
v -0.00470245 0.02251354 -0.18103656
v -0.01532199 -0.04100000 -0.17850164
v -0.01526896 0.04100000 -0.17859350
v -0.07299062 0.02085665 -0.17619738
v -0.07275490 -0.02229384 -0.17625763
v -0.07247298 -0.01500000 -0.17426553
v -0.07066803 -0.02085973 -0.16753009
v -0.07247298 0.01500000 -0.17426553
v -0.07062029 0.02158804 -0.16747773
v -0.06992970 -0.03152129 -0.16665937
v -0.07040102 0.03035646 -0.16653708
v -0.05121421 0.04099981 -0.17274272
v -0.06124585 0.04051187 -0.16898739
v -0.01838113 0.04100000 -0.18875940
v -0.01349526 0.04099981 -0.19208291
v -0.04735890 0.04100000 -0.18099482
v -0.05432248 0.04092862 -0.18120037
v -0.00147701 0.04099891 -0.18500520
v -0.01021187 0.04096172 -0.18366706
v -0.06909178 0.02738980 -0.17723989
v -0.06284013 0.03486158 -0.17924336
v -0.06282034 -0.03486834 -0.17923391
v -0.05673772 -0.03483404 -0.18056779
v -0.05427697 -0.04094902 -0.18121208
v -0.01912047 0.03489478 -0.19075166
v -0.00565757 0.03587336 -0.19415934
v -0.00120249 -0.03157970 -0.19536857
v -0.04772298 0.03489569 -0.18308628
v -0.05718842 0.03488277 -0.18054001
v -0.01335506 -0.04099562 -0.19207002
v -0.01879488 -0.03486549 -0.19075958
v -0.00845336 -0.03797796 -0.19341303
v -0.00123954 0.03163042 -0.19534378
v -0.04789893 -0.03477541 -0.18302086
v -0.04727126 -0.03500586 -0.18311578
v -0.02080708 -0.03500000 -0.19447245
v -0.02045542 -0.03487862 -0.19381568
v -0.03641817 -0.03500000 -0.18739103
v -0.02026963 -0.03487115 -0.19160888
v -0.01006730 -0.03488377 -0.23821412
v -0.00452498 -0.03489956 -0.21362107
v -0.01642975 -0.03491085 -0.19766116
v -0.05798265 -0.03486861 -0.18099688
v -0.00722211 -0.03500000 -0.22054303
v -0.00649917 -0.03488673 -0.21406437
v -0.00777181 -0.03488535 -0.21311224
v -0.01131627 -0.03500000 -0.20618248
v -0.00975740 -0.03493328 -0.20763820
v -0.05976567 -0.03487878 -0.18666352
v -0.06097659 -0.03488834 -0.19075546
v -0.05650020 -0.03489477 -0.18768154
v -0.05881750 -0.03486745 -0.18261999
v -0.04714949 -0.03486500 -0.18498941
v -0.04889037 -0.03504207 -0.18722095
v -0.07463944 -0.03500000 -0.23901761
v -0.07416828 -0.03491908 -0.24140237
v -0.06676015 -0.03500000 -0.24917813
v -0.06673416 -0.03491756 -0.25022513
v -0.02303367 -0.03493111 -0.25307783
v -0.01362440 -0.03487074 -0.24428472
v -0.01044181 -0.03505925 -0.23772013
v -0.05373362 -0.03500000 -0.25676167
v -0.05565764 -0.03493658 -0.25673252
v -0.04207344 -0.03494018 -0.25905856
v -0.04116566 -0.03500000 -0.25811264
v -0.07873359 -0.03500000 -0.22465706
v -0.07894156 -0.03489040 -0.21645248
v -0.07936133 -0.03491753 -0.22423109
v -0.02932805 -0.03490632 -0.25637081
v -0.02837541 -0.03500000 -0.25530285
v -0.01867025 -0.03485892 -0.24975573
v -0.06189505 -0.03489987 -0.25376049
v -0.07710140 -0.03490866 -0.23538351
v -0.07629874 -0.03507281 -0.20963182
v -0.07219706 -0.03493924 -0.20087607
v -0.07076117 -0.03500000 -0.20040736
v -0.06464279 -0.03500000 -0.19440325
v -0.05465474 -0.03503736 -0.18868391
v -0.06709912 -0.03485800 -0.19519956
v -0.05987262 0.03487653 -0.18630977
v -0.04417543 -0.00432079 -0.17045981
v -0.04693335 0.00571135 -0.16972081
v -0.04726400 -0.00333912 -0.16963223
v -0.04442503 -0.01055011 -0.17039292
v -0.03713704 -0.01357421 -0.17234574
v -0.03625248 -0.01724871 -0.17258275
v -0.02584945 -0.01465166 -0.17537023
v -0.02440300 -0.01747164 -0.17575781
v -0.01861240 -0.00947651 -0.17730939
v -0.01606184 -0.01116720 -0.17799282
v -0.01529664 -0.00095095 -0.17819786
v -0.01257410 -0.00270015 -0.17892736
v -0.01399724 0.00799034 -0.17854603
v -0.01815153 0.00907138 -0.17743288
v -0.01980752 0.01476125 -0.17698917
v -0.02782246 0.01527455 -0.17484157
v -0.02667667 0.01793357 -0.17514858
v -0.03397719 0.01769139 -0.17319241
v -0.03878528 0.01229027 -0.17190410
v -0.04081569 0.01444888 -0.17136005
v -0.04387619 0.00486468 -0.17053998
v -0.06848730 -0.03000000 -0.24259256
v -0.06217933 -0.01600000 -0.24912238
v -0.06133317 -0.03000000 -0.24971487
v -0.05306780 -0.01600000 -0.25339094
v -0.05302938 -0.03000000 -0.25339743
v -0.07537017 -0.03000000 -0.22151805
v -0.07446793 -0.03000000 -0.23157255
v -0.07411559 -0.01600000 -0.23234673
v -0.07048943 -0.01600000 -0.23973323
v -0.07047392 -0.03000000 -0.23973124
v -0.06708142 -0.01600000 -0.20095448
v -0.06709634 -0.03000000 -0.20094982
v -0.07243147 -0.01600000 -0.20829567
v -0.07286803 -0.03000000 -0.20923188
v -0.07506594 -0.01600000 -0.21804075
v -0.07505278 -0.03000000 -0.21804918
v -0.04751486 -0.01600000 -0.19052912
v -0.04753717 -0.03000000 -0.19051196
v -0.05634603 -0.01600000 -0.19270988
v -0.05728222 -0.03000000 -0.19314644
v -0.06462430 -0.01600000 -0.19847979
v -0.06462342 -0.03000000 -0.19849649
v -0.02584466 -0.03000000 -0.19508848
v -0.03400545 -0.01600000 -0.19110996
v -0.03500323 -0.03000000 -0.19084260
v -0.04405983 -0.01600000 -0.19020772
v -0.04406584 -0.03000000 -0.19022214
v -0.01218046 -0.01600000 -0.21254854
v -0.01216896 -0.03000000 -0.21253794
v -0.01586313 -0.01600000 -0.20424458
v -0.01645562 -0.03000000 -0.20339844
v -0.02298530 -0.01600000 -0.19709060
v -0.02299918 -0.03000000 -0.19709779
v -0.01281667 -0.01600000 -0.23465553
v -0.01274916 -0.03000000 -0.23461951
v -0.01038438 -0.01600000 -0.22409093
v -0.01035550 -0.03000000 -0.22318232
v -0.01126552 -0.01600000 -0.21590963
v -0.01128078 -0.03000000 -0.21590622
v -0.02771874 -0.03000000 -0.25119361
v -0.02019286 -0.01600000 -0.24611548
v -0.01946243 -0.03000000 -0.24538504
v -0.01438428 -0.01600000 -0.23785917
v -0.01439377 -0.03000000 -0.23784676
v -0.04966827 -0.03000000 -0.25431237
v -0.04063891 -0.01600000 -0.25525981
v -0.03960980 -0.03000000 -0.25516975
v -0.03088230 -0.01600000 -0.25266883
v -0.03088158 -0.03000000 -0.25265324
v -0.04339006 0.01619919 -0.20488447
v -0.05290280 0.01600000 -0.20443141
v -0.05051195 0.01609346 -0.20641857
v -0.03028813 0.01600000 -0.25556457
v -0.01924219 0.01600000 -0.24840392
v -0.02241810 0.01600000 -0.24422282
v -0.04739328 0.01600000 -0.25764561
v -0.04372955 0.01600000 -0.25242758
v -0.04532044 0.01600000 -0.25018919
v -0.04874463 0.01600000 -0.24252872
v -0.03031661 0.01600000 -0.25011092
v -0.05021361 0.01600000 -0.24930146
v -0.05231143 0.01600000 -0.25086480
v -0.06344771 0.01600000 -0.25138673
v -0.07343660 0.01600000 -0.24018209
v -0.06460062 0.01600000 -0.24315979
v -0.05883538 0.01600000 -0.24813351
v -0.07799663 0.01600000 -0.21935222
v -0.07056698 0.01600000 -0.22025746
v -0.06290651 0.01600000 -0.21683325
v -0.07280539 0.01600000 -0.22184838
v -0.07087648 0.01600000 -0.23447198
v -0.07719246 0.01600000 -0.23025385
v -0.07011627 0.01600000 -0.21513166
v -0.07120109 0.01600000 -0.21273679
v -0.07445864 0.01600000 -0.20692128
v -0.06506380 0.01600000 -0.19503379
v -0.06552985 0.01600000 -0.20220524
v -0.06172884 0.01600000 -0.20095573
v -0.04222615 0.01600000 -0.19277252
v -0.03859870 0.01599975 -0.18774855
v -0.04981962 0.01600000 -0.19333217
v -0.05155338 0.01600000 -0.18849251
v -0.05636420 0.01600000 -0.19601399
v -0.01960367 0.01600010 -0.19629648
v -0.02163568 0.01600000 -0.20159978
v -0.02150727 0.01600000 -0.20434940
v -0.02901917 0.01599990 -0.19044782
v -0.03164534 0.01600000 -0.19447799
v -0.01308542 0.01600000 -0.22309570
v -0.01514164 0.01600000 -0.22491708
v -0.00869606 0.01600000 -0.22994719
v -0.00806178 0.01600000 -0.21725622
v -0.01507924 0.01600000 -0.21072806
v -0.06356324 0.01600000 -0.22134838
v -0.06025195 0.01610413 -0.21797262
v -0.06030912 0.01617110 -0.22671980
v -0.06114647 0.01600000 -0.23252499
v -0.06414277 0.01600000 -0.24045205
v -0.06770121 0.01600000 -0.23656282
v -0.05567079 0.01607972 -0.23509006
v -0.05841899 0.01600000 -0.23627105
v -0.04925642 0.01611028 -0.23934419
v -0.03873331 0.01617796 -0.23985294
v -0.04425731 0.01600000 -0.24328265
v -0.03190542 0.01610476 -0.23664649
v -0.03303861 0.01600000 -0.24076122
v -0.02304919 0.01600000 -0.22836684
v -0.02551685 0.01607671 -0.22656088
v -0.02930685 0.01600000 -0.23804118
v -0.02480879 0.01600000 -0.21262680
v -0.03207430 0.01616902 -0.20860833
v -0.02798990 0.01612305 -0.21306995
v -0.02570146 0.01621720 -0.21866813
v -0.02239246 0.01600000 -0.22385173
v -0.02753673 0.01600000 -0.20892905
v -0.03721106 0.01600000 -0.20267139
v -0.03738069 0.01605936 -0.20571542
v -0.04172618 0.01600000 -0.20201467
v -0.05581677 0.01623785 -0.21028818
v -0.05657304 0.01600000 -0.20686388
v -0.02512582 0.01600000 -0.24376498
v -0.02913585 0.01600000 -0.24682832
v -0.01471308 0.01600000 -0.23193364
v -0.01252196 0.01600000 -0.24018705
v -0.01744442 0.01600000 -0.23845762
v -0.01627646 0.01600000 -0.22983579
v -0.01269355 0.01600000 -0.20493419
v -0.01838970 0.01600000 -0.20861317
v -0.03536897 0.01600000 -0.19524482
v -0.04063527 0.01600000 -0.19501090
v -0.05674215 0.01600000 -0.19860283
v -0.00988034 0.03487510 -0.23782280
v -0.01310144 0.03494743 -0.24334030
v -0.01742217 0.03486767 -0.24865814
v -0.02349823 0.03487991 -0.25340545
v -0.03042412 0.03487385 -0.25686583
v -0.03466403 -0.03474216 -0.25813434
v -0.03915684 0.03491567 -0.25887823
v -0.04679169 0.03489069 -0.25882897
v -0.04983810 -0.03472469 -0.25845927
v -0.05411167 0.03486713 -0.25735685
v -0.06102653 0.03489755 -0.25425965
v -0.06616914 0.03491304 -0.25068048
v -0.07070563 0.03473154 -0.24634615
v -0.07086080 -0.03470685 -0.24617383
v -0.07507679 0.03487014 -0.23996659
v -0.07829577 0.03491044 -0.23176086
v -0.07876182 -0.03473376 -0.22977012
v -0.07937831 0.03493082 -0.22368358
v -0.07905543 0.03469023 -0.21669626
v -0.07727288 0.03499222 -0.21072637
v -0.07625677 -0.03472616 -0.20744579
v -0.07553492 0.03471537 -0.20607494
v -0.07127591 0.03490564 -0.19958058
v -0.06545974 0.03494129 -0.19403635
v -0.06122243 0.03488295 -0.19095834
v -0.04965137 0.01000189 -0.19214587
v -0.05646439 0.00800000 -0.19433959
v -0.06234209 0.01000000 -0.19799179
v -0.06865948 0.00800000 -0.20468374
v -0.07196747 0.01000000 -0.21076187
v -0.07415689 0.00800000 -0.21970044
v -0.07403240 0.01000000 -0.22661935
v -0.07276038 0.00800000 -0.23141113
v -0.06799838 0.01000000 -0.24142855
v -0.06728951 0.00800000 -0.24233538
v -0.05713849 0.01000000 -0.25036138
v -0.05622998 0.00800000 -0.25080636
v -0.04743962 0.01000000 -0.25333649
v -0.04673463 0.00800000 -0.25343058
v -0.03564949 0.01000000 -0.25304401
v -0.03453558 0.00800000 -0.25275412
v -0.02313522 0.01000000 -0.24663098
v -0.02236571 0.00800000 -0.24597429
v -0.01552863 0.01000000 -0.23735660
v -0.01506413 0.00800000 -0.23645790
v -0.01169398 0.01000000 -0.22396378
v -0.01166500 0.00800000 -0.22281314
v -0.01440179 0.01000000 -0.21016523
v -0.01564294 0.00800000 -0.20732449
v -0.01999955 0.01000000 -0.20170431
v -0.05098884 -0.02999999 -0.25230327
v -0.03002176 -0.02999999 -0.25050342
v -0.01511698 -0.02999999 -0.23564723
v -0.01324862 -0.02999999 -0.21468616
v -0.02529088 -0.02999999 -0.19742808
v -0.04560908 -0.02999999 -0.19194824
v -0.06469611 -0.02999999 -0.20081073
v -0.07362090 -0.02999999 -0.21986867
v -0.06820747 -0.02999999 -0.24020468
v -0.01674356 0.00120159 -0.18352427
v -0.02017246 0.00964869 -0.18259700
v -0.02634323 0.01419339 -0.18094355
v -0.03218893 0.01455421 -0.17988455
v -0.03981069 0.01258600 -0.17734344
v -0.04515918 0.00528631 -0.17590183
v -0.04573451 -0.00382746 -0.17575614
v -0.04093667 -0.01152940 -0.17703326
v -0.03286253 -0.01520414 -0.17920519
v -0.02554616 -0.01314114 -0.18172635
v -0.01943854 -0.00886715 -0.18280213
v -0.05997319 0.03491467 -0.18890984
v -0.06017601 -0.03469745 -0.18914576
v -0.01133121 -0.00363836 -0.18112388
v -0.01189239 0.00599546 -0.18097350
v -0.01671379 0.01425580 -0.17968163
v -0.02335945 0.01865124 -0.17790093
v -0.03240513 0.02021657 -0.17547715
v -0.04249813 0.01587539 -0.17277272
v -0.04824882 0.00827911 -0.17123184
v -0.04992359 -0.00279629 -0.17078309
v -0.04440321 -0.01432258 -0.17226227
v -0.03330161 -0.02010387 -0.17523693
v -0.02387873 -0.01885512 -0.17776178
v -0.01610528 -0.01381678 -0.17984468
v -0.03310452 -0.01806328 -0.17528974
v -0.02426316 -0.01709013 -0.17765877
v -0.01599800 -0.01067933 -0.17987342
v -0.01273409 0.00111571 -0.18074799
v -0.01652771 0.01116720 -0.17973149
v -0.02486888 0.01747164 -0.17749646
v -0.03529222 0.01757517 -0.17470355
v -0.04405276 0.01191312 -0.17235616
v -0.04772987 0.00333913 -0.17137089
v -0.04765375 -0.00422238 -0.17139129
v -0.04256137 -0.01352410 -0.17275578
v -0.05852037 0.03486339 -0.18169264
v -0.05874796 0.03488513 -0.18295574
v -0.04717644 0.03486039 -0.18482891
v -0.00979247 0.03500000 -0.20913026
v -0.00777491 0.03489615 -0.21310996
v -0.00741395 0.03500000 -0.22644968
v -0.00532884 0.03489159 -0.21401906
v -0.02055795 0.03487127 -0.19219857
v -0.00422778 0.03489491 -0.21318953
v -0.00939068 0.03490502 -0.20851773
v -0.02032812 0.03500000 -0.19445547
v -0.01608737 0.03493549 -0.19802567
v -0.03743133 0.03500000 -0.18736897
v -0.04826239 0.03500954 -0.18688390
v -0.05658163 0.03488686 -0.18756309
v -0.05775324 0.03504974 -0.19012141
v -0.02529868 0.03500000 -0.19162524
v -0.03567072 0.03500000 -0.25750849
v -0.05074388 0.03500000 -0.25756279
v -0.06697654 0.03509595 -0.24933854
v -0.02552932 0.03500000 -0.25358355
v -0.07512324 0.03500000 -0.23804890
v -0.07452987 0.03507613 -0.20565124
v -0.01713397 0.03500000 -0.24717821
v -0.07851253 0.03500000 -0.22564609
v -0.01800302 0.00136337 -0.18422073
v -0.02131393 0.00916713 -0.18332566
v -0.02713390 0.01331937 -0.18176620
v -0.03970401 0.01160767 -0.17840596
v -0.04403663 0.00587113 -0.17723200
v -0.04536213 -0.00010553 -0.17688195
v -0.04397655 -0.00600451 -0.17724809
v -0.04040663 -0.01089646 -0.17820978
v -0.03279329 -0.01421169 -0.18025768
v -0.01983230 -0.00697651 -0.18372266
v 0.00853753 0.02085973 -0.18875316
v 0.00833344 0.03152138 -0.18762991
v 0.00673294 0.01500000 -0.19548869
v 0.00851988 -0.02157307 -0.18868515
v 0.00673294 -0.01500000 -0.19548869
v 0.00880280 -0.03035646 -0.18775967
v -0.01838113 -0.04100000 -0.18875940
v -0.04735890 -0.04100000 -0.18099482
v -0.05190139 -0.04096725 -0.17249344
v -0.01091748 -0.04099983 -0.18354034
v -0.00035076 -0.04051194 -0.18530296
v -0.06012121 -0.04099891 -0.16929154
v -0.00979939 0.03900863 -0.19290568
v -0.00088639 0.03385058 -0.18620756
v -0.00394386 0.03562526 -0.18940698
v -0.00551159 0.03666379 -0.19011524
v -0.00553443 0.03628361 -0.19215901
v -0.00346268 0.03470947 -0.19176424
v 0.00480837 0.02721465 -0.18774574
v 0.00280273 0.02853213 -0.19120646
v 0.00099749 0.03022568 -0.19244741
v 0.00181122 0.02872862 -0.19427842
v 0.00291109 0.02774038 -0.19311659
v 0.00163694 -0.03123823 -0.18688369
v 0.00234659 -0.02911291 -0.19109251
v 0.00302937 -0.02763251 -0.19299145
v 0.00162326 -0.02897308 -0.19420475
v 0.00099212 -0.03018220 -0.19261114
v -0.00460694 -0.03699873 -0.18522334
v -0.00388799 -0.03557521 -0.18943112
v -0.00335643 -0.03473159 -0.19126666
v -0.00498084 -0.03578990 -0.19252519
v -0.00505908 -0.03547624 -0.19415042
v -0.00566615 -0.03673710 -0.19031857
v -0.06060708 -0.03594717 -0.17747882
v -0.06170865 -0.03483928 -0.17645200
v -0.06123378 -0.03385067 -0.17003752
v -0.06051952 -0.03534456 -0.17425254
v -0.05917048 -0.03676094 -0.17618540
v -0.06705665 -0.02838020 -0.17255385
v -0.06688961 -0.02727319 -0.16853462
v -0.06808456 -0.02787281 -0.17490214
v -0.06591955 -0.03015751 -0.17401849
v -0.06694350 -0.02950009 -0.17566177
v -0.05738991 0.03710259 -0.17107487
v -0.06375749 0.03123757 -0.16936025
v -0.06790332 0.02828664 -0.17544746
v -0.06615033 0.03018918 -0.17496736
v -0.06647617 0.02911292 -0.17265150
v -0.06776138 0.02778193 -0.17343548
v -0.06084652 0.03578654 -0.17755623
v -0.05914995 0.03673705 -0.17598762
v -0.06024616 0.03557524 -0.17432998
v -0.06162429 0.03473157 -0.17565382
v -0.06767590 0.02421942 -0.17731088
v -0.06607263 0.02282871 -0.17774047
v -0.06579746 0.02609690 -0.17563403
v -0.06482750 0.02644832 -0.17311420
v -0.06373334 0.02815903 -0.17438219
v -0.06344154 0.02969381 -0.17844547
v -0.06441101 0.02792051 -0.17616564
v -0.06164652 0.02853888 -0.17892645
v -0.06221163 0.02676530 -0.17627452
v -0.06227718 0.02590952 -0.17384161
v -0.06356592 0.02449881 -0.17423755
v -0.06394193 0.02470061 -0.17627218
v -0.06222442 0.03073079 -0.17877159
v -0.06044925 0.02953232 -0.17924725
v -0.05740628 0.03419777 -0.17561707
v -0.05844070 0.03391299 -0.17811958
v -0.05699242 0.03543699 -0.18017350
v -0.05984938 0.03252795 -0.17676727
v -0.05912785 0.03272087 -0.17499572
v -0.05520973 0.03422844 -0.18065117
v -0.05771086 0.03082682 -0.17540452
v -0.05815523 0.03105831 -0.17816748
v -0.05620411 0.03248171 -0.17767721
v -0.05606238 0.03221587 -0.17587988
v -0.00976644 0.03551664 -0.19282767
v -0.01133848 0.03405643 -0.19240646
v -0.00755730 0.03419776 -0.19123942
v -0.00652293 0.03391303 -0.18873689
v -0.00511421 0.03252796 -0.19008915
v -0.00468890 0.03127094 -0.19418819
v -0.00583575 0.03272089 -0.19186072
v -0.00562782 0.02931487 -0.19393662
v -0.00671645 0.03057276 -0.19066265
v -0.00702483 0.03124958 -0.18858427
v -0.00884468 0.03252653 -0.18928337
v -0.00849601 0.03176985 -0.19159247
v -0.06354659 -0.02960857 -0.17841733
v -0.06161983 -0.02869721 -0.17893361
v -0.06406942 -0.02815904 -0.17563650
v -0.06376455 -0.02792060 -0.17375332
v -0.06523114 -0.02609688 -0.17352042
v -0.06762901 -0.02433391 -0.17732345
v -0.06565098 -0.02644835 -0.17618759
v -0.06617308 -0.02276342 -0.17771356
v -0.06375564 -0.02430234 -0.17433083
v -0.06217230 -0.02672189 -0.17599191
v -0.06352591 -0.02536423 -0.17679588
v -0.06206915 -0.02624135 -0.17410348
v -0.00351020 0.02989852 -0.19450404
v -0.00483044 0.02817998 -0.19415027
v -0.00123025 0.02815904 -0.19247420
v -0.00055270 0.02792062 -0.19069092
v -0.00013613 0.02644836 -0.19374228
v 0.00083388 0.02609689 -0.19122247
v 0.00096572 0.02442701 -0.19570334
v -0.00034552 0.02271579 -0.19535200
v -0.00133515 0.02446275 -0.19249845
v -0.00102166 0.02470062 -0.19058427
v -0.00253339 0.02569512 -0.19311455
v -0.00284269 0.02683964 -0.19068797
v 0.00113284 -0.02390631 -0.19574812
v -0.00078409 -0.02300251 -0.19523449
v 0.00026753 -0.02609689 -0.19333608
v 0.00068743 -0.02644832 -0.19066887
v -0.00089415 -0.02815903 -0.19121993
v -0.00317848 -0.02969381 -0.19459291
v -0.00119902 -0.02792059 -0.19310312
v -0.00497350 -0.02853888 -0.19411193
v -0.00298157 -0.02678454 -0.19137862
v -0.00169123 -0.02570129 -0.18995228
v -0.00107471 -0.02422776 -0.19226173
v -0.00269980 -0.02594018 -0.19296888
v -0.00439560 -0.03073079 -0.19426678
v -0.00617078 -0.02953232 -0.19379112
v -0.00518941 -0.03272093 -0.18944837
v -0.00699097 -0.03419777 -0.18912581
v -0.00962761 -0.03543699 -0.19286487
v -0.00734641 -0.03391299 -0.19181028
v -0.00545028 -0.03252795 -0.19134346
v -0.01141029 -0.03422844 -0.19238719
v -0.00851587 -0.03179622 -0.19154076
v -0.00884036 -0.03253520 -0.18922591
v -0.00722096 -0.03140603 -0.18856981
v -0.00656947 -0.03049750 -0.19047323
v -0.05696548 -0.03545384 -0.18018073
v -0.05522757 -0.03420718 -0.18064639
v -0.05761715 -0.03391302 -0.17504621
v -0.05797263 -0.03419776 -0.17773066
v -0.05951329 -0.03252796 -0.17551298
v -0.06193112 -0.03127095 -0.17885019
v -0.05977415 -0.03272094 -0.17740808
v -0.06099220 -0.02931487 -0.17910177
v -0.05699203 -0.03200773 -0.17835626
v -0.05584041 -0.03249641 -0.17639002
v -0.05852063 -0.03054992 -0.17710552
v -0.05721822 -0.03118414 -0.17527089
v -0.00995814 -0.03134116 -0.18911380
v -0.00932898 -0.03041572 -0.19129249
v -0.00758496 -0.02924823 -0.19029270
v -0.00813988 -0.03010818 -0.18833929
v -0.00932247 -0.02960826 -0.18963374
v -0.00426035 -0.02553389 -0.19205135
v -0.00301619 -0.02384432 -0.19271488
v -0.00213904 -0.02349090 -0.19045702
v -0.00358590 -0.02540397 -0.18996125
v -0.00388241 -0.02397629 -0.19109140
v -0.00752876 0.02929345 -0.18992864
v -0.00861832 0.02986976 -0.19127370
v -0.01011331 0.03120500 -0.19034253
v -0.00861089 0.03050127 -0.18809311
v -0.00932247 0.02960826 -0.18963374
v -0.06074652 0.02535421 -0.17447402
v -0.06118863 0.02555336 -0.17663392
v -0.06262238 0.02389300 -0.17690307
v -0.06233777 0.02349427 -0.17450328
v -0.06108117 0.02397629 -0.17576504
v -0.05736770 -0.02930622 -0.17672099
v -0.05664648 -0.03026219 -0.17871904
v -0.05481875 -0.03130643 -0.17688020
v -0.05617760 -0.02998572 -0.17552160
v -0.05564111 -0.02960826 -0.17722270
v -0.00249968 0.02342832 -0.19211192
v -0.00369031 0.02461789 -0.19281039
v -0.00415496 0.02583378 -0.19059592
v -0.00229519 0.02381272 -0.19007321
v -0.00388241 0.02397629 -0.19109140
v -0.05490426 0.03127725 -0.17694890
v -0.05572334 0.03094851 -0.17840177
v -0.05714560 0.02980464 -0.17831284
v -0.05723248 0.02934994 -0.17641370
v -0.05590394 0.03018992 -0.17549179
v -0.05564111 0.02960826 -0.17722270
v -0.06273697 -0.02325976 -0.17527993
v -0.06227624 -0.02439932 -0.17710531
v -0.06071262 -0.02585280 -0.17590748
v -0.06139710 -0.02445959 -0.17401288
v -0.06108117 -0.02397629 -0.17576504
v -0.01870483 -0.03392913 -0.18867268
v -0.01615264 -0.03394130 -0.17904888
v -0.03150838 -0.03699964 -0.18524195
v -0.02631530 -0.03642136 -0.17627573
v -0.03589616 -0.03627799 -0.17370538
v -0.04700899 -0.03392010 -0.18108860
v -0.04445244 -0.03394658 -0.17146076
v -0.00009700 0.01466488 -0.19365862
v 0.00249167 0.01463929 -0.18404461
v 0.00286889 0.00140968 -0.19445333
v 0.00533033 0.00019208 -0.18474840
v 0.00249677 -0.01465073 -0.18404372
v -0.00010572 -0.01463774 -0.19365628
v -0.04703521 0.03392913 -0.18108156
v -0.04444253 0.03395401 -0.17148311
v -0.03433736 0.03662568 -0.17411947
v -0.03423163 0.03699964 -0.18451227
v -0.02273487 0.03580980 -0.17723511
v -0.01873105 0.03392009 -0.18866564
v -0.01613118 0.03394657 -0.17904942
v -0.06564304 -0.01466488 -0.17609560
v -0.06309378 -0.01464481 -0.16648553
v -0.06482071 -0.00804325 -0.16595824
v -0.06860892 -0.00140968 -0.17530091
v -0.06572468 0.00183316 -0.16571286
v -0.06308836 0.01465552 -0.16647895
v -0.06563431 0.01463774 -0.17609796
v 0.00100994 -0.03252937 -0.19971877
v 0.00096052 0.03015533 -0.19827957
v 0.00089688 -0.03005658 -0.19801040
v 0.00020268 -0.02953851 -0.19650586
v 0.00014358 0.02937790 -0.19655816
v -0.00662847 0.03481591 -0.21397048
v -0.02043123 0.03463633 -0.19370185
v -0.01240177 0.03476519 -0.20261411
v -0.01242394 -0.03462568 -0.20251913
v -0.02056899 -0.03463440 -0.19275622
v -0.05812034 0.02258058 -0.17811131
v -0.06455260 0.01307392 -0.17638780
v -0.06353482 0.00628863 -0.16521059
v -0.06679957 -0.00158833 -0.17578572
v -0.06388919 -0.00506163 -0.16509677
v -0.06405564 -0.01392919 -0.17652096
v -0.05813145 -0.02260787 -0.17810833
v -0.04897832 0.01344047 -0.18056090
v -0.04896697 -0.01341128 -0.18056396
v -0.05300049 -0.00438081 -0.17948318
v -0.05223766 0.00674573 -0.17968756
v -0.05352306 -0.02810417 -0.17934316
v -0.03949197 -0.03448756 -0.18310277
v -0.03609277 -0.03473986 -0.17255822
v -0.02915234 -0.03484594 -0.18587327
v -0.02766126 -0.03528708 -0.17481564
v -0.01941547 -0.03228574 -0.18848227
v -0.01100629 -0.02607777 -0.19073547
v -0.05446428 -0.02540580 -0.17909096
v -0.04585252 -0.01667654 -0.18139847
v -0.01991572 -0.01666479 -0.18834820
v -0.02863849 -0.02084060 -0.18601096
v -0.03938586 -0.02005088 -0.18313120
v -0.01110829 0.02616725 -0.19070815
v -0.02029943 0.03282288 -0.18824539
v -0.03444072 0.03512416 -0.18445624
v -0.04633826 0.03227900 -0.18126832
v -0.05470755 0.02615252 -0.17902577
v -0.01967200 0.01667548 -0.18841352
v -0.04578192 0.01667217 -0.18141739
v -0.03550181 0.02130810 -0.18417193
v -0.00776522 -0.02263018 -0.19160393
v -0.00119464 -0.01308973 -0.19336452
v 0.00373182 -0.00537479 -0.18322408
v 0.00105500 0.00153951 -0.19396706
v 0.00349466 0.00668467 -0.18314625
v -0.00165991 0.01386884 -0.19323985
v -0.00753811 0.02254019 -0.19166479
v -0.01675564 -0.01339625 -0.18919496
v -0.01685360 0.01353897 -0.18916871
v -0.01329036 0.00605963 -0.19012347
v -0.01293122 -0.00524849 -0.19021970
v -0.01420744 0.00999970 -0.20238477
v -0.00827055 0.01000000 -0.21603557
v -0.00854375 0.01000000 -0.22919658
v -0.01199210 0.01000000 -0.23923576
v -0.02163114 0.01000000 -0.25074264
v -0.03353432 0.01000000 -0.25636455
v -0.04616214 0.01000000 -0.25777885
v -0.06242608 0.01000000 -0.25208658
v -0.07406184 0.01000000 -0.23937723
v -0.07808004 0.01000000 -0.22476792
v -0.07594233 0.01000000 -0.20991023
v -0.06601652 0.01000000 -0.19582491
v -0.05260517 0.01000000 -0.18877433
v -0.07461689 0.00200000 -0.20724754
v -0.06698890 0.00200000 -0.19690572
v -0.05615472 0.00200000 -0.18999484
v -0.04518022 0.00200000 -0.25769818
v -0.03467705 0.00200000 -0.25666279
v -0.02460232 0.00200000 -0.25258455
v -0.01363435 0.00200000 -0.24225682
v -0.00827991 0.00200000 -0.22832558
v -0.00825238 0.00200000 -0.21777146
v -0.01129536 0.00200000 -0.20733739
v -0.05957989 0.00200000 -0.25377378
v -0.07095948 0.00200000 -0.24390164
v -0.07603152 0.00200000 -0.23428886
v -0.07828903 0.00200000 -0.22185819
v -0.02006049 0.00800043 -0.19603439
v -0.01160710 0.00800000 -0.20637333
v -0.00815571 0.00800000 -0.21852675
v -0.00847258 0.00800000 -0.22939083
v -0.01433721 0.00800000 -0.24326751
v -0.02743309 0.00800000 -0.25431424
v -0.04195657 0.00800000 -0.25775239
v -0.05465377 0.00800000 -0.25577235
v -0.06579199 0.00800000 -0.24936277
v -0.07502078 0.00800000 -0.23745537
v -0.07824173 0.00800000 -0.22062804
v -0.07503628 0.00800000 -0.20840743
v -0.06781624 0.00800000 -0.19749060
v -0.05291144 0.00800092 -0.18867230
v -0.01144932 -0.00600000 -0.23818417
v -0.01922789 -0.00600000 -0.24853943
v -0.03022734 -0.00600000 -0.25537714
v -0.04506255 -0.00600000 -0.25786245
v -0.06152759 -0.00600000 -0.25266150
v -0.07232305 -0.00600000 -0.24198490
v -0.07734979 -0.00600000 -0.23004872
v -0.06331293 -0.00600000 -0.19371636
v -0.07457417 -0.00600000 -0.20680587
v -0.07786389 -0.00600000 -0.21910676
v -0.01260793 -0.00600000 -0.20486361
v -0.00872736 -0.00600000 -0.21510720
v -0.00794633 -0.00600000 -0.22571544
v -0.01437455 -0.00000000 -0.20213631
v -0.00966356 -0.00000000 -0.21167316
v -0.00771755 -0.00000000 -0.22472003
v -0.01101903 -0.00000000 -0.23701784
v -0.01838730 -0.00000000 -0.24795921
v -0.03334533 -0.00000000 -0.25658530
v -0.04604375 -0.00000000 -0.25752625
v -0.05880375 -0.00000000 -0.25418049
v -0.07188196 -0.00000000 -0.24290608
v -0.07695986 -0.00000000 -0.23122916
v -0.07807442 -0.00000000 -0.22033198
v -0.07568338 -0.00000000 -0.20996727
v -0.06892983 -0.00000000 -0.19863595
v -0.05651661 -0.00000000 -0.19014060
v -0.05219650 -0.00800000 -0.18870483
v -0.06506380 -0.00800000 -0.19503379
v -0.03028813 -0.00800000 -0.25556457
v -0.01924219 -0.00800000 -0.24840392
v -0.01252196 -0.00800000 -0.24018705
v -0.00869606 -0.00800000 -0.22994719
v -0.00806178 -0.00800000 -0.21725622
v -0.01474449 -0.00800000 -0.20137350
v -0.07547726 -0.00800000 -0.20876251
v -0.07815666 -0.00800000 -0.22578424
v -0.07343660 -0.00800000 -0.24018209
v -0.06344771 -0.00800000 -0.25138673
v -0.04739328 -0.00800000 -0.25764561
v -0.02577696 -0.01400397 -0.19182268
v -0.04147488 -0.01400027 -0.18736406
v -0.01427462 -0.01400000 -0.20227793
v -0.00827055 -0.01400000 -0.21603557
v -0.00854375 -0.01400000 -0.22919658
v -0.01199210 -0.01400000 -0.23923576
v -0.02163114 -0.01400000 -0.25074264
v -0.03353432 -0.01400000 -0.25636455
v -0.04616214 -0.01400000 -0.25777885
v -0.06242608 -0.01400000 -0.25208658
v -0.07406184 -0.01400000 -0.23937723
v -0.07808004 -0.01400000 -0.22476792
v -0.07594233 -0.01400000 -0.20991021
v -0.06601651 -0.01400000 -0.19582491
v -0.05448215 -0.01400000 -0.18948098
v -0.02231585 0.02884488 -0.22566184
v -0.03372081 0.02900141 -0.19928533
v -0.03521637 0.02898020 -0.19945689
v -0.03520557 0.02896542 -0.19728953
v -0.03502050 0.02902367 -0.19547671
v -0.03661133 0.02898435 -0.20007004
v -0.03393342 0.02899607 -0.20405033
v -0.02519634 0.02900728 -0.21197627
v -0.03772077 0.02897691 -0.19724900
v -0.03916256 0.02900421 -0.19672543
v -0.03793211 0.02898160 -0.19925167
v -0.04064567 0.02898543 -0.20159036
v -0.06348994 0.02900341 -0.22364829
v -0.06286863 0.02879710 -0.21574011
v -0.05220854 0.02900728 -0.20405710
v -0.02624698 0.02900341 -0.23451318
v -0.03586035 0.02875508 -0.24228860
v -0.04725397 0.02900728 -0.24286729
v -0.05943879 0.02881150 -0.23551223
v -0.03487023 0.02399509 -0.19855598
v -0.03661755 0.02397347 -0.20021139
v -0.03650737 0.02306867 -0.19845189
v -0.03814675 0.02398185 -0.19790043
v -0.03597493 0.02399219 -0.19687147
v -0.02015171 0.00214698 -0.19139080
v -0.02869507 0.01317257 -0.18910162
v -0.03687750 0.01385916 -0.18690914
v -0.04472653 0.00846661 -0.18480600
v -0.04739109 -0.00088756 -0.18409204
v -0.04362438 -0.00982644 -0.18510133
v -0.03631321 -0.01386258 -0.18706034
v -0.02131464 -0.00634609 -0.19107920
v -0.02577363 0.02501854 -0.20961188
v -0.02796431 0.02800620 -0.20747675
v -0.02253428 0.02801855 -0.21576351
v -0.02342667 0.02501854 -0.23167910
v -0.02445999 0.02801126 -0.23335166
v -0.03230222 0.02501854 -0.24132726
v -0.02990385 0.02800619 -0.23942833
v -0.04348093 0.02501126 -0.24400695
v -0.04207129 0.02800620 -0.24389087
v -0.05184181 0.02801855 -0.24224967
v -0.06394133 0.02501854 -0.22762102
v -0.06401412 0.02801854 -0.22730672
v -0.06046106 0.02501126 -0.21023697
v -0.06029708 0.02801126 -0.21000828
v -0.05442585 0.02500620 -0.20462608
v -0.05138300 0.02801855 -0.20274983
v -0.05685902 0.02700000 -0.21754773
v -0.06082586 0.02675002 -0.22265950
v -0.05685902 0.02700000 -0.22765239
v -0.05648099 0.02675001 -0.23423409
v -0.05137806 0.02700000 -0.23459676
v -0.04591686 0.02675003 -0.24018094
v -0.04550536 0.02700000 -0.23693344
v -0.03792555 0.02700000 -0.23648123
v -0.03399232 0.02675004 -0.23799519
v -0.03129972 0.02705000 -0.23136984
v -0.02622386 0.02675004 -0.22868806
v -0.02890246 0.02700000 -0.22637154
v -0.02847940 0.02695000 -0.22084421
v -0.02620494 0.02675004 -0.21656483
v -0.03037325 0.02700000 -0.21532278
v -0.03420802 0.02705000 -0.21092194
v -0.03394436 0.02675003 -0.20723355
v -0.03920636 0.02700000 -0.20852464
v -0.04552392 0.02700000 -0.20816047
v -0.04586190 0.02675002 -0.20501088
v -0.05174771 0.02695000 -0.21092196
v -0.05644418 0.02674999 -0.21092512
v -0.05838184 0.01649988 -0.23105334
v -0.04360820 0.01650177 -0.24016750
v -0.02821080 0.01650626 -0.23214251
v -0.05851828 0.02200000 -0.23627844
v -0.06411958 0.02200000 -0.24044237
v -0.04880014 0.02200000 -0.24242073
v -0.05021258 0.02200000 -0.24932657
v -0.06464989 0.02200000 -0.24300435
v -0.05941730 0.02200000 -0.24776278
v -0.05247310 0.02200000 -0.25088584
v -0.04429451 0.02200000 -0.24326088
v -0.04531089 0.02200000 -0.25016594
v -0.03314369 0.02200000 -0.24072775
v -0.02919507 0.02200000 -0.24661426
v -0.04387429 0.02200000 -0.25235251
v -0.03680961 0.02200000 -0.25201726
v -0.02969093 0.02200000 -0.24931529
v -0.06363868 0.02200000 -0.22128339
v -0.07078602 0.02200000 -0.22029425
v -0.06110556 0.02200000 -0.23243420
v -0.06772538 0.02200000 -0.23659019
v -0.07280981 0.02200000 -0.22195935
v -0.07114522 0.02200000 -0.23405169
v -0.05665624 0.02200000 -0.20705961
v -0.06082016 0.02200000 -0.20145832
v -0.06279851 0.02200000 -0.21677774
v -0.07036950 0.02200000 -0.21499346
v -0.06338216 0.02200000 -0.20092802
v -0.07099272 0.02200000 -0.21078023
v -0.02929946 0.02200000 -0.23814048
v -0.02513549 0.02200000 -0.24374181
v -0.02315717 0.02200000 -0.22842234
v -0.01558619 0.02200000 -0.23020665
v -0.02257351 0.02200000 -0.24427208
v -0.01496298 0.02200000 -0.23441985
v -0.02231702 0.02200000 -0.22391671
v -0.01541194 0.02200000 -0.22493309
v -0.02484173 0.02200000 -0.21264890
v -0.01872894 0.02200000 -0.20873602
v -0.01322537 0.02200000 -0.22349645
v -0.01356065 0.02200000 -0.21643178
v -0.01609559 0.02200000 -0.20951775
v -0.02743743 0.02200000 -0.20892166
v -0.02140125 0.02200000 -0.20414324
v -0.03715554 0.02200000 -0.20277938
v -0.03537124 0.02200000 -0.19520839
v -0.02227996 0.02200000 -0.20044437
v -0.03271818 0.02200000 -0.19443741
v -0.04166119 0.02200000 -0.20193923
v -0.04077182 0.02200000 -0.19429216
v -0.05281202 0.02200000 -0.20447233
v -0.05676062 0.02200000 -0.19858581
v -0.04400872 0.02200000 -0.19229800
v -0.05626476 0.02200000 -0.19588478
v -0.00937156 -0.03000000 -0.23422097
v -0.01562889 -0.03000000 -0.24572445
v -0.02552940 -0.03000000 -0.25358358
v -0.03567072 -0.03000000 -0.25750849
v -0.04852434 -0.03000000 -0.25783113
v -0.05856485 -0.03000000 -0.25456053
v -0.06755605 -0.03000000 -0.24844389
v -0.07512324 -0.03000000 -0.23804888
v -0.07851253 -0.03000000 -0.22564608
v -0.07773985 -0.03000000 -0.21511462
v -0.07291470 -0.03000000 -0.20294070
v -0.06034952 -0.03000000 -0.19128025
v -0.04380470 -0.03000000 -0.18679473
v -0.03135701 -0.03000000 -0.18899374
v -0.01985337 -0.03000000 -0.19525112
v -0.01083247 -0.03000000 -0.20715120
v -0.00717253 -0.03000000 -0.22177325
v -0.07789221 0.03000000 -0.21586095
v -0.07840368 0.03000000 -0.22672342
v -0.07463943 0.03000000 -0.23901761
v -0.06514861 0.03000000 -0.25072762
v -0.05387615 0.03000000 -0.25644758
v -0.04315471 0.03000000 -0.25826463
v -0.02837539 0.03000000 -0.25530285
v -0.01639975 0.03000000 -0.24638231
v -0.00881622 0.03000000 -0.23335585
v -0.00746526 0.03000000 -0.22078778
v -0.01027506 0.03000000 -0.20799756
v -0.01759804 0.03000000 -0.19769435
v -0.02818276 0.03000000 -0.18998395
v -0.04280112 0.03000000 -0.18693548
v -0.05323623 0.03000000 -0.18855311
v -0.06498232 0.03000000 -0.19434217
v -0.07447506 0.03000000 -0.20586930
v -0.04805790 0.03466632 -0.18630567
v -0.04821133 -0.03469110 -0.18639177
v -0.05514081 0.03485717 -0.18817458
v -0.05504947 -0.03474873 -0.18809319
v -0.03401069 0.03500000 -0.25146076
v -0.03481609 0.03500000 -0.25737706
v -0.04546660 0.03500000 -0.25261322
v -0.05102644 0.03500000 -0.25754291
v -0.05667482 0.03500000 -0.24953969
v -0.06548287 0.03500000 -0.25034136
v -0.06686202 0.03500000 -0.24111752
v -0.07359524 0.03500000 -0.24079606
v -0.07293525 0.03500000 -0.22751197
v -0.06581404 0.03500000 -0.20259802
v -0.06419259 0.03500000 -0.19385999
v -0.05352120 0.03500000 -0.19427712
v -0.04936150 0.03500000 -0.18731505
v -0.04392614 0.03500000 -0.19257361
v -0.03390172 0.03500000 -0.19377342
v -0.03143549 0.03500000 -0.18865073
v -0.02115837 0.03500000 -0.20149358
v -0.07763833 0.03500000 -0.23079582
v -0.07842468 0.03500000 -0.21817544
v -0.07195721 0.03500000 -0.21440367
v -0.07380710 0.03500000 -0.20455529
v -0.01921187 0.03500000 -0.19607274
v -0.01236047 0.03500000 -0.20440403
v -0.01333652 0.03500000 -0.21604533
v -0.00831739 0.03500000 -0.21440418
v -0.01435591 0.03500000 -0.23260015
v -0.01214856 0.03500000 -0.24064474
v -0.02255129 0.03500000 -0.24487349
v -0.02176308 0.03500000 -0.25134009
v -0.02715377 0.03000000 -0.19669308
v -0.01852112 0.03000000 -0.19656307
v -0.02907223 0.03000000 -0.18981051
v -0.04137000 0.03000000 -0.19242115
v -0.04138080 0.03000000 -0.18691385
v -0.05103610 0.03000000 -0.19365959
v -0.05734279 0.03000000 -0.18974534
v -0.06024534 0.03000000 -0.19779713
v -0.07126076 0.03000000 -0.23325031
v -0.07488707 0.03000000 -0.23842157
v -0.06401040 0.03000000 -0.24430218
v -0.06743461 0.03000000 -0.24863699
v -0.05430920 0.03000000 -0.25050318
v -0.05518483 0.03000000 -0.25617155
v -0.04463514 0.03000000 -0.25267059
v -0.04475941 0.03000000 -0.25809681
v -0.07022015 0.03000000 -0.19949350
v -0.06917910 0.03000000 -0.20753866
v -0.07775142 0.03000000 -0.21384895
v -0.07310098 0.03000000 -0.22016123
v -0.07816008 0.03000000 -0.22814356
v -0.03381850 0.03000000 -0.25712776
v -0.03147455 0.03000000 -0.25069359
v -0.02416174 0.03000000 -0.25275213
v -0.02081950 0.03000000 -0.24299590
v -0.01573559 0.03000000 -0.24570665
v -0.01465729 0.03000000 -0.23312475
v -0.00952611 0.03000000 -0.23482709
v -0.00725656 0.03000000 -0.22238751
v -0.01287316 0.03000000 -0.22176848
v -0.01593022 0.03000000 -0.20881605
v -0.01023529 0.03000000 -0.20831788
v 0.02199946 -0.06951609 0.05495358
v 0.02209806 -0.07080425 0.05467137
v 0.02192301 -0.07088105 0.00782347
v 0.02188143 -0.06874019 -0.00737119
v 0.01974144 -0.06855109 -0.04265124
v 0.01988026 -0.06653694 -0.04360744
v 0.02124229 -0.07019809 -0.01763785
v 0.01726232 -0.06528181 -0.06974196
v 0.01743678 0.06789880 -0.06827262
v 0.01884203 0.06999517 -0.05342948
v 0.01984838 0.06898788 -0.04356717
v 0.02097472 0.07219169 -0.02498773
v 0.02186469 0.07117058 -0.00950165
v 0.02211193 0.07329331 0.05462057
v 0.02193834 0.07200190 0.05500148
v 0.02192280 0.07327530 0.00527493
v -0.01419649 -0.05315496 -0.01362631
v -0.01708504 -0.05463414 -0.00960808
v 0.00552608 -0.06029335 -0.02180850
v -0.04014912 -0.04544452 0.00300218
v -0.04097590 -0.04428175 0.00154136
v -0.05097785 -0.04216108 0.01269406
v -0.03865405 -0.04874056 0.00427763
v -0.03949382 -0.04677550 0.00386373
v -0.04441182 -0.04870009 0.00923986
v -0.03786083 -0.05090402 0.00377842
v -0.03149724 -0.05428351 -0.00123491
v -0.03648773 -0.05263166 0.00253040
v -0.03790108 -0.05557123 0.00289297
v -0.01854211 -0.05654900 -0.00867813
v -0.02425282 -0.05296278 -0.00523937
v -0.02332979 -0.05217855 -0.00638845
v -0.02502126 -0.05047437 -0.00668925
v -0.05103374 -0.04588827 0.01612775
v 0.00988421 -0.05862299 -0.02838219
v 0.00991078 -0.05742055 -0.03299702
v 0.00991293 -0.06530927 -0.02600063
v 0.00990215 -0.06361545 -0.02492056
v 0.00804053 -0.06528278 -0.02464231
v 0.00435979 -0.06410565 -0.02180310
v 0.00306001 -0.06254622 -0.02008632
v 0.00205376 -0.06082773 -0.01934574
v 0.00991201 -0.06104955 -0.02544818
v -0.03483433 -0.05655648 -0.00009383
v -0.01996871 -0.05873799 -0.00935404
v -0.02990811 -0.04785617 -0.00660268
v -0.04938738 -0.03955929 -0.00185665
v -0.02807531 -0.04745537 -0.01744153
v -0.04201852 -0.04220395 -0.02503636
v -0.03899950 -0.04427418 -0.00322386
v -0.04115745 -0.04370705 -0.00063100
v -0.05501823 -0.03841455 0.01200028
v -0.05814538 -0.03807545 0.01904450
v -0.00840904 -0.05302140 -0.02675208
v -0.01658038 -0.05097270 -0.04114684
v -0.02722417 -0.04789525 -0.04046080
v -0.05871442 -0.03441401 0.00296661
v -0.04786787 0.04716968 0.01130037
v -0.03892255 0.05049259 0.00420219
v -0.03812941 0.05281273 0.00404348
v -0.01627886 0.06076913 -0.01033409
v 0.00176411 0.06327651 -0.01914902
v 0.00233434 0.06520888 -0.01986838
v -0.01650051 0.05854020 -0.00966515
v -0.02345417 0.05461076 -0.00627213
v -0.02448716 0.05336654 -0.00652666
v -0.01637303 0.05508438 -0.01241876
v -0.01350333 0.05790852 -0.01163924
v -0.02362583 0.05535498 -0.00584069
v -0.02508532 0.05589255 -0.00470860
v -0.03112030 0.05681352 -0.00151435
v -0.04712316 0.05044921 0.01185784
v -0.05596340 0.04415182 0.02028501
v -0.05580621 0.04172327 0.01634501
v -0.04962368 0.04331971 0.00763809
v -0.03973238 0.04883977 0.00367924
v -0.02160335 0.06366157 -0.01061769
v -0.03486717 0.05907508 -0.00006836
v -0.03797838 0.05815566 0.00298611
v -0.01925178 0.06267744 -0.01108818
v -0.03659581 0.05496318 0.00265767
v -0.02835283 0.05110136 -0.00649924
v -0.04041591 0.04747396 0.00253360
v -0.04134605 0.04621333 0.00011902
v -0.03930629 0.04665855 -0.00301673
v -0.03077668 0.04917390 -0.03732911
v -0.01745469 0.05325345 -0.04294878
v -0.01985357 0.05253368 -0.02811623
v -0.05833791 0.03781059 0.00773088
v -0.05155021 0.04012201 -0.01590366
v -0.04181639 0.04514250 -0.00862176
v -0.01319005 0.05449030 -0.02316666
v -0.03448923 0.04846449 -0.00516481
v -0.07544167 0.00934894 -0.17459057
v -0.07517800 0.00631834 -0.15122765
v -0.07394455 0.01435819 -0.15106761
v -0.07395203 -0.01190092 -0.15106605
v -0.07540133 -0.00171962 -0.15132122
v -0.07540134 -0.00892647 -0.17460510
v -0.07477029 0.02271365 -0.17460658
v -0.07357552 -0.00206246 -0.15131854
v -0.07352357 -0.00809632 -0.17406589
v -0.07337907 0.00638414 -0.15130071
v -0.07226795 0.01362406 -0.15129597
v -0.07320624 0.01507228 -0.17442469
v -0.07232444 -0.01078224 -0.15134318
v -0.01341324 0.05214998 -0.19113277
v -0.01437248 0.05164479 -0.19253166
v -0.01388589 0.05393756 -0.19196209
v 0.00082515 0.05904058 -0.14841314
v 0.00486573 0.05836229 -0.13602889
v -0.00513771 0.05659156 -0.16737117
v 0.01367139 0.06442054 -0.09518144
v 0.01151694 0.06166694 -0.10713443
v 0.00998684 0.06279500 -0.11406842
v 0.00607852 0.06051493 -0.13079599
v 0.01151602 -0.05919296 -0.10712227
v 0.01319957 -0.06143625 -0.09862473
v 0.00593484 -0.05634319 -0.13195686
v 0.00714480 -0.05857305 -0.12672929
v -0.00158910 -0.05514769 -0.15691233
v -0.01334526 -0.04976761 -0.19104525
v -0.01401812 -0.05114260 -0.19227892
v -0.01392639 -0.04869347 -0.19212584
v 0.00989818 0.06301798 -0.10203277
v 0.00753175 0.07106671 -0.04121836
v 0.00996210 0.06816748 -0.06430607
v 0.00499311 0.07234760 -0.02040627
v 0.00404797 0.06696762 -0.07852030
v -0.00906697 0.05976138 -0.13839790
v 0.00990267 -0.06051932 -0.10219052
v 0.00276545 -0.06359787 -0.08598959
v 0.00995234 -0.06565607 -0.06432648
v 0.00563215 -0.06861615 -0.04282340
v 0.00817729 -0.06981324 -0.01705184
v 0.00990949 0.06372042 -0.02822119
v 0.00988176 0.06271563 -0.03220503
v 0.00463162 0.06138908 -0.02820088
v 0.00984449 -0.06612276 -0.04462860
v 0.00485540 -0.06630931 -0.04025077
v 0.00990394 -0.06601328 -0.04025146
v 0.00540048 -0.06545551 -0.05187505
v 0.00624083 -0.06596020 -0.04662963
v 0.00991067 -0.06551702 -0.04662953
v 0.00990220 -0.06557700 -0.05185359
v -0.00683414 -0.05552182 -0.04636544
v 0.00990953 -0.05902020 -0.05187567
v 0.00991081 -0.05934453 -0.04662953
v -0.00697501 -0.05530278 -0.05194996
v 0.00428466 -0.06547528 -0.02815099
v 0.00545607 -0.06622855 -0.03219691
v -0.01290010 -0.06384143 -0.02814487
v -0.00816150 -0.06486774 -0.03235504
v -0.00808102 -0.06506038 -0.03410387
v -0.01256856 -0.06514782 -0.03551752
v 0.00460234 -0.06636012 -0.03824708
v 0.00437347 -0.06625708 -0.03418827
v 0.00649637 -0.06497898 -0.02621638
v 0.00986344 -0.06582139 -0.03217923
v 0.00986368 -0.06478871 -0.02824374
v 0.00989781 -0.05974210 -0.03825313
v 0.00985562 -0.05985689 -0.03420277
v -0.00629713 -0.05574926 -0.03826001
v 0.00987941 -0.06616583 -0.03825074
v 0.00989151 -0.06605417 -0.03420169
v -0.00648521 -0.05569779 -0.04021152
v -0.00645732 -0.05562724 -0.04470187
v 0.00990522 -0.05940956 -0.04462953
v 0.00990606 -0.05959339 -0.04025162
v 0.00950004 -0.06429416 -0.06172745
v 0.00990808 -0.06281012 -0.06751409
v 0.00555983 -0.06378017 -0.06751478
v 0.00619227 -0.06175529 -0.08270169
v 0.00987338 -0.06100238 -0.07714069
v 0.00990116 -0.05941857 -0.08269823
v 0.00987440 -0.05762950 -0.07713915
v 0.00822059 -0.05675348 -0.08270249
v 0.00990732 -0.05810352 -0.08269817
v 0.00320920 -0.06346547 -0.06951475
v 0.00983297 -0.06264188 -0.06951105
v 0.00538010 -0.06282382 -0.07514389
v 0.00988852 -0.06138068 -0.07514147
v 0.00990802 0.06676998 -0.02517213
v 0.00991084 0.06846064 -0.02703287
v 0.00726761 0.06662993 -0.02323872
v 0.01133340 0.06908740 -0.03818603
v 0.00804992 0.06991854 -0.03804025
v 0.01005049 0.06937254 -0.03221716
v -0.00373322 0.06808697 -0.02355373
v 0.00257834 0.06960915 -0.02967539
v 0.00594502 0.06754133 -0.02361858
v 0.00989969 0.06081354 -0.02926463
v 0.00988736 0.06293277 -0.02586739
v 0.00243076 0.06087901 -0.02096642
v 0.00988436 0.06528621 -0.02470494
v 0.00991097 0.05976933 -0.03390075
v -0.02497843 -0.04821168 -0.12021673
v -0.02006073 -0.04933868 -0.06704798
v -0.01405734 -0.05054557 -0.09777941
v -0.03557647 -0.04412269 -0.11152780
v 0.00991146 -0.05772027 -0.08803073
v 0.00709015 -0.05582112 -0.09885061
v 0.00991154 -0.05656502 -0.08164024
v 0.00620236 -0.05470928 -0.09670851
v 0.00781004 -0.05732516 -0.09765688
v 0.00583138 -0.05782763 -0.10272891
v 0.00530957 -0.05619921 -0.10471489
v 0.00779281 -0.05945570 -0.09494681
v 0.00276531 -0.05440345 -0.10813227
v 0.00991635 -0.05961829 -0.08742173
v -0.01503911 -0.05093231 -0.11854986
v 0.00068504 -0.05282540 -0.10507474
v 0.00529878 -0.05522862 -0.06217023
v 0.00991189 -0.05664804 -0.06114534
v 0.00790569 -0.06290852 -0.08251394
v 0.00991268 -0.06434856 -0.06898021
v 0.00971786 -0.06555498 -0.06255662
v 0.00991200 -0.06305800 -0.07569582
v 0.00536430 -0.05980939 -0.09969394
v 0.00287983 -0.06291098 -0.08917437
v -0.00101083 -0.06069285 -0.10178759
v 0.00991204 -0.06555407 -0.05998467
v 0.00990601 -0.06649402 -0.04292341
v 0.00990228 -0.06672417 -0.03025046
v -0.00155199 -0.06609210 -0.02519871
v 0.00991241 -0.05681542 -0.04455999
v 0.00989275 -0.05667302 -0.03949306
v -0.01184333 -0.06200178 -0.06935407
v -0.01186438 -0.05364477 -0.06939159
v 0.00988760 -0.05801336 -0.06951394
v -0.01195146 -0.06219560 -0.06773397
v -0.01185168 -0.05368124 -0.06764670
v 0.00990383 -0.05815731 -0.06751459
v -0.01381830 -0.06081350 -0.07679089
v -0.01352327 -0.05308337 -0.07702440
v 0.00511558 -0.06263595 -0.07714417
v -0.01372851 -0.05309024 -0.07534121
v -0.01349818 -0.06105555 -0.07525335
v 0.00989579 -0.05754656 -0.07514227
v -0.01558740 -0.05250597 -0.08285827
v -0.01530988 -0.05983679 -0.08275610
v -0.00831234 -0.06354432 -0.05985091
v 0.00949031 -0.06445531 -0.05972913
v -0.00858302 -0.05466564 -0.05996800
v 0.00990106 -0.05857952 -0.05973226
v -0.00861906 -0.06332196 -0.06142605
v -0.00828206 -0.05467143 -0.06164760
v 0.00986644 -0.05840191 -0.06173532
v -0.00661269 -0.06534290 -0.03831701
v -0.00692761 -0.06530998 -0.04002672
v 0.00976761 -0.06093521 -0.02828898
v -0.01283193 -0.05408641 -0.02816386
v 0.00984603 -0.06020708 -0.03221155
v -0.00789535 -0.05538117 -0.03228302
v -0.00841659 -0.05525361 -0.03383766
v -0.00733810 -0.06448600 -0.05214567
v -0.00708273 -0.06434585 -0.05374211
v -0.00741784 -0.05514799 -0.05355757
v 0.00959903 -0.06532883 -0.05387180
v 0.00989037 -0.05886611 -0.05387554
v -0.00657855 -0.06515282 -0.04474863
v -0.00672693 -0.06503097 -0.04642671
v -0.06505658 0.04238370 -0.18293472
v -0.06843086 0.04084080 -0.18057829
v -0.06407409 0.04477809 -0.18253608
v -0.06050511 0.04459798 -0.18453756
v -0.05809283 0.04756549 -0.18391770
v -0.05614208 0.04626697 -0.18483269
v -0.04201469 0.05265964 -0.18373546
v -0.04297276 0.05104545 -0.18379433
v -0.03212309 0.05409001 -0.18466595
v -0.02825758 0.05581591 -0.18505791
v -0.02518510 0.05462331 -0.18646860
v -0.02059598 0.05413348 -0.18848623
v -0.01469365 0.05254946 -0.19246811
v -0.01912162 0.05407974 -0.18692784
v -0.01482893 0.05165832 -0.19051974
v -0.02175960 0.05357912 -0.18597770
v -0.03067183 0.05438951 -0.18283425
v -0.03167975 0.05330071 -0.18303652
v -0.04221703 0.05054880 -0.18230641
v -0.04678448 0.05000112 -0.18218668
v -0.06009412 0.04379318 -0.18336658
v -0.05646257 0.04629776 -0.18283165
v -0.06168347 0.04394076 -0.18207045
v -0.06698152 0.04100725 -0.17894699
v -0.06826078 0.03861230 -0.17870583
v -0.07055543 0.03696610 -0.17593235
v -0.07026444 0.03580027 -0.17713779
v -0.01921098 -0.05141573 -0.18924226
v -0.01481678 -0.04980030 -0.19250992
v -0.02328617 -0.05388900 -0.18620257
v -0.02417452 -0.05188465 -0.18685190
v -0.02939205 -0.05208897 -0.18522795
v -0.04104537 -0.05079349 -0.18347625
v -0.04394193 -0.04841059 -0.18387061
v -0.03429913 -0.05104345 -0.18435743
v -0.05889609 -0.04480534 -0.18378390
v -0.05790219 -0.04330097 -0.18489262
v -0.06313986 -0.04138953 -0.18373401
v -0.06885371 -0.03718497 -0.17739539
v -0.06852259 -0.03584620 -0.17871590
v -0.07067042 -0.03250756 -0.17640424
v -0.06234321 -0.04118071 -0.18175274
v -0.06419676 -0.03912605 -0.18177034
v -0.05701047 -0.04262890 -0.18338022
v -0.05583842 -0.04425974 -0.18277991
v -0.04202158 -0.04910840 -0.18196270
v -0.04147295 -0.04844598 -0.18214256
v -0.03059089 -0.05182556 -0.18294480
v -0.02734836 -0.05137544 -0.18387884
v -0.01883100 -0.05150857 -0.18711343
v -0.01836712 -0.05037095 -0.18790832
v -0.07343282 0.03127209 -0.17647187
v -0.07388286 0.01484619 -0.17657401
v -0.07443597 0.00353252 -0.17655398
v -0.07310347 -0.00242429 -0.17520247
v -0.07188142 0.02832299 -0.17564678
v -0.07223689 0.03070910 -0.17470130
v -0.07217807 -0.02930059 -0.17477258
v -0.07186364 -0.02662364 -0.17562717
v 0.02162992 0.07391451 0.05455762
v 0.00606946 0.07437317 -0.01352036
v 0.02134120 0.07316746 -0.00740855
v -0.04287517 0.06700459 0.03220101
v -0.04602561 0.06589014 0.05503997
v -0.04040190 0.06865063 0.05428396
v -0.03150382 0.07099871 0.05459319
v -0.03406899 0.06958260 0.02120265
v -0.00219712 0.07405744 -0.02078892
v -0.00788680 0.07391942 0.05495564
v -0.01449334 0.07271233 -0.01046684
v -0.02160717 0.07265304 0.05439179
v -0.02380281 0.07119785 -0.00091950
v 0.00830733 0.07441290 0.05496283
v -0.03502738 0.06786581 0.00780897
v -0.04272009 0.06490430 0.03025820
v -0.03587414 0.06668215 0.01786542
v -0.03380027 0.06786779 0.02703153
v -0.02471590 0.07029198 0.05520013
v -0.02091726 0.06976813 -0.00330992
v -0.00687208 0.07167459 -0.01709882
v -0.03955564 0.06694417 0.05519683
v 0.00198435 0.07266324 0.05519925
v -0.04391423 -0.06411675 0.03300928
v -0.03903859 -0.06662874 0.05462659
v -0.04524111 -0.06380339 0.05509390
v -0.00211534 -0.07168175 -0.01571632
v 0.00116679 -0.07196611 0.05468883
v -0.01645062 -0.07077727 0.05451816
v 0.02176717 -0.07137891 0.05456674
v 0.01255221 -0.07178140 0.05504841
v -0.03004510 -0.06695125 0.00316064
v -0.03313946 -0.06725151 0.01854537
v -0.01756947 -0.06982115 -0.00643236
v -0.02862614 -0.06906993 0.05442811
v 0.00729661 -0.07163624 -0.02437960
v 0.00077926 -0.07013598 0.05519908
v -0.04212252 -0.06292976 0.03590779
v -0.04106420 -0.06399790 0.05519917
v -0.03578119 -0.06506515 0.03264356
v -0.02480538 -0.06778333 0.05519991
v -0.02034542 -0.06740928 -0.00278775
v -0.03469562 -0.06452923 0.01622293
v -0.00158364 -0.06955514 -0.02592262
v -0.00962303 -0.06875536 -0.01866594
v -0.05261190 0.05984044 0.03588509
v -0.05556389 0.05734140 0.05501623
v -0.05055426 0.06297030 0.05464610
v -0.04518190 0.06511889 0.02635920
v -0.04497184 0.06283943 0.01446365
v -0.04869300 0.05790441 0.01330722
v -0.03820663 0.06170063 -0.00264484
v -0.04935664 0.06358780 0.04292770
v -0.05358307 0.05588715 0.02561244
v -0.05930565 0.05166980 0.04064331
v -0.07042487 0.03601507 0.05471130
v -0.06419507 0.04579329 0.05497801
v -0.07146539 0.03330167 0.04252175
v -0.06943782 0.03437404 0.03196075
v -0.06312168 0.04101569 0.02628608
v -0.05553756 0.04957489 0.02084391
v -0.04717119 0.05790390 0.01020443
v -0.05757125 0.04458021 0.01949553
v -0.04517799 0.05605645 0.00690916
v -0.04865766 0.05195976 0.01128452
v -0.05036004 0.06099799 0.05519851
v -0.04360073 0.06227922 0.01959289
v -0.05000467 0.06014507 0.03877957
v -0.05084896 0.05668779 0.02742627
v -0.04433393 0.05782009 0.01145848
v -0.03666870 0.06252898 0.00570625
v -0.03421898 0.06591279 0.00954613
v -0.04672911 0.05716585 0.01545760
v -0.05971006 0.04796709 0.04108313
v -0.06489157 0.03751018 0.03190790
v -0.06497070 0.04162054 0.05519895
v -0.05042200 -0.06027876 0.05508490
v -0.05331031 -0.05781196 0.05456373
v -0.05179411 -0.05848401 0.03730983
v -0.06237810 -0.04628385 0.05419088
v -0.04934609 -0.05504030 0.01458064
v -0.04355640 -0.06019472 0.01026698
v -0.04741192 -0.06061375 0.02421088
v -0.05386859 -0.05315860 0.02610799
v -0.04173439 -0.06366871 0.01887801
v -0.04734751 -0.05556574 0.01057180
v -0.05505809 -0.04702339 0.01968435
v -0.05956193 -0.03983195 0.01973168
v -0.05551229 -0.04443053 0.01835933
v -0.04922606 -0.04964411 0.01210237
v -0.06452946 -0.03615291 0.02458368
v -0.06681382 -0.03792714 0.03991014
v -0.06878373 -0.03648245 0.05443426
v -0.04214866 -0.05562846 0.00256483
v -0.04689930 -0.06036327 0.03728823
v -0.04453662 -0.05872300 0.01908905
v -0.04632789 -0.05485380 0.01476168
v -0.05071752 -0.05439666 0.02755510
v -0.05284434 -0.05457376 0.04080689
v -0.05133891 -0.05740770 0.05519989
v -0.03976978 -0.06182357 0.01664978
v -0.03789347 -0.05897459 0.00585158
v -0.04376609 -0.05538406 0.01058876
v -0.05753427 -0.04253631 0.02469409
v -0.06251301 -0.03576804 0.02511147
v -0.06494137 -0.03533209 0.03297002
v -0.06793366 -0.03465344 0.05520090
v -0.06503313 -0.03796197 0.04391163
v -0.06806793 -0.03127569 0.03512090
v -0.07414776 0.02796934 0.05474684
v -0.07858936 0.00601851 0.02277854
v -0.07835782 -0.00145750 0.05456352
v -0.07798345 0.01195881 0.05430938
v -0.07701425 0.01824008 0.02676099
v -0.07639045 0.02129605 0.05452525
v -0.07487418 0.02536708 0.03675629
v -0.07580000 -0.02105949 0.05452329
v -0.07740908 -0.01393469 0.02785898
v -0.07573997 -0.02087221 0.03779566
v -0.07163748 -0.03149769 0.05451803
v -0.07833232 -0.00697322 0.01828053
v -0.07764781 -0.01191829 0.05444125
v -0.07318904 -0.02491775 0.02413584
v -0.06924246 -0.02979559 0.01941422
v -0.05419653 0.04395803 0.01183698
v -0.07220368 0.02931686 0.02563141
v -0.06531177 0.03693209 0.02060532
v -0.07108992 0.02920683 0.03777592
v -0.07436518 -0.01853866 0.03821591
v -0.07620600 -0.00929795 0.02792871
v -0.07460491 -0.01843642 0.05519907
v -0.07173782 0.02926117 0.05519153
v -0.07020652 -0.02607072 0.02395911
v -0.07231079 -0.02434358 0.03937047
v -0.07647695 0.00166501 0.05519441
v -0.06398454 0.03630195 0.02377325
v -0.06961028 0.02962431 0.02558251
v -0.07394654 0.02224390 0.03479417
v -0.07545435 0.01671206 0.05519916
v -0.07596046 0.01308863 0.02294635
v -0.01253762 0.06315254 -0.12353339
v -0.03020468 0.05624142 -0.18370177
v -0.02168059 0.06176200 -0.11640085
v -0.02066602 0.05608229 -0.18702078
v 0.00435638 0.06485485 -0.10869634
v -0.02328251 0.05808967 -0.13936968
v -0.01346990 0.06146265 -0.11841772
v -0.01710419 0.06164833 -0.10743004
v -0.02046424 0.05998310 -0.11377889
v -0.07375117 0.03397979 -0.17495319
v -0.07181775 0.03662093 -0.17768992
v -0.05142111 0.05037721 -0.18302895
v -0.03829469 0.05466052 -0.18263280
v -0.07094979 0.03988359 -0.17715162
v -0.01398477 -0.05185740 -0.19118959
v -0.04040439 -0.05162268 -0.18251567
v -0.03057216 -0.05365523 -0.18368612
v -0.07377341 -0.03192152 -0.17494194
v -0.07150619 -0.03466433 -0.17800210
v -0.07144780 -0.03703750 -0.17639713
v -0.06737191 -0.03884951 -0.18145402
v -0.06517200 -0.04188189 -0.18141483
v -0.07340043 -0.02885778 -0.17644879
v -0.07438453 -0.01233943 -0.17628168
v 0.00248766 -0.05724972 -0.14245246
v -0.00370100 -0.05840346 -0.14234547
v -0.01052804 -0.05965094 -0.13456652
v -0.01456430 -0.06084455 -0.11768936
v -0.02134785 -0.05960141 -0.11292551
v -0.01247485 -0.05794553 -0.13066784
v -0.01813526 -0.05862767 -0.10838563
v -0.01681851 -0.05898952 -0.11088869
v -0.02436796 -0.05531338 -0.13969970
v 0.01374165 0.06559478 -0.09199189
v 0.00708034 0.07214728 -0.05130402
v 0.00604172 0.07365312 -0.03370089
v 0.01189834 -0.06210510 -0.10168563
v 0.00976453 -0.06866520 -0.05693950
v 0.01741893 -0.06630079 -0.06535088
v -0.02032549 0.06256693 -0.07875662
v -0.01586457 0.06219767 -0.08309153
v -0.01235531 0.06656353 -0.05202368
v -0.00754422 0.06692954 -0.05236937
v -0.00658598 0.06751873 -0.04651231
v -0.00672266 0.06764499 -0.04483653
v 0.00986305 0.06800475 -0.05187205
v 0.00624719 0.06842449 -0.04662947
v -0.00684605 0.06683856 -0.05383201
v -0.00840666 0.06600850 -0.05990723
v 0.00529178 0.06777273 -0.05387548
v 0.00952914 0.06695113 -0.05972946
v -0.00851474 0.06579764 -0.06152177
v -0.01185319 0.06469168 -0.06770242
v 0.00392680 0.06619722 -0.06751490
v 0.00957997 0.06666497 -0.06172762
v -0.01376938 0.06328867 -0.07688011
v -0.01355120 0.06352326 -0.07530035
v -0.01196133 0.06447919 -0.06928933
v 0.00433889 0.06530114 -0.07514385
v 0.00550974 0.06601059 -0.06951515
v -0.01766834 0.06095072 -0.09041985
v -0.01539881 0.06205256 -0.08461544
v 0.00557661 0.06434397 -0.08270154
v 0.00585985 0.06506139 -0.07714348
v -0.02022398 0.05937708 -0.09860893
v -0.01771637 0.06070683 -0.09203208
v 0.00357260 0.06322937 -0.09023224
v 0.00601964 0.06396586 -0.08470114
v -0.02226543 0.05794843 -0.10541613
v -0.01947373 0.05930852 -0.09968144
v -0.01938428 0.05962474 -0.09774801
v 0.00085456 0.06188658 -0.09772007
v 0.00506824 0.06289212 -0.09223150
v -0.00108729 0.06035703 -0.10515726
v 0.00159234 0.06147297 -0.09972116
v -0.02467698 0.05606762 -0.11275516
v -0.02207580 0.05766952 -0.10699686
v -0.00772331 0.05940359 -0.10715836
v -0.00898168 0.05781180 -0.11252151
v -0.03393978 0.05262081 -0.12037078
v -0.02462557 0.05562681 -0.11432892
v 0.00776583 0.06891114 -0.04027061
v -0.00706625 0.06778333 -0.03987343
v -0.00648848 0.06783442 -0.03829373
v -0.00824364 0.06751499 -0.03396155
v 0.00649578 0.06895360 -0.03824701
v -0.02569018 0.05937613 -0.09596214
v -0.02890298 0.05744150 -0.10477237
v -0.01328477 0.05667549 -0.11452493
v -0.03845100 0.05196156 -0.12288886
v -0.03790856 0.05093198 -0.12282946
v -0.03431921 0.05396530 -0.11741847
v -0.03673291 0.05272308 -0.12109183
v -0.03595361 0.05127238 -0.12200914
v -0.01227828 0.06785341 -0.03883477
v -0.01199588 0.06774195 -0.04172881
v -0.03224069 0.05544014 -0.11293747
v -0.01279348 0.06715682 -0.04916431
v -0.01428630 0.06626783 -0.05606447
v 0.00638186 0.06862465 -0.04462872
v -0.01271402 0.05550708 -0.11627380
v 0.00991498 0.06814309 -0.04463164
v 0.01150095 0.06783880 -0.03831704
v 0.00990931 0.06799631 -0.04662941
v -0.00661887 0.05803647 -0.04650730
v -0.00690807 0.05779693 -0.05193079
v -0.00742780 0.05762568 -0.05358516
v -0.00853621 0.05713148 -0.05990789
v -0.00668380 0.05805553 -0.04482165
v -0.01709463 0.05565086 -0.04183188
v -0.01835847 0.05456454 -0.06391515
v -0.01208658 0.05609481 -0.06781448
v -0.00831443 0.05714327 -0.06163289
v 0.00990914 0.06178381 -0.04662958
v 0.00990407 0.06150652 -0.05187551
v 0.00990483 0.06723380 -0.05387502
v 0.00991149 0.06115123 -0.05973209
v 0.00991068 0.06139451 -0.05387514
v -0.00798438 0.05783175 -0.03229881
v -0.01294289 0.05654435 -0.02812787
v -0.00825487 0.05776090 -0.03400999
v -0.01783236 0.05515568 -0.02200143
v -0.01333975 0.05642463 -0.02648716
v -0.00484965 0.05905505 -0.02210420
v 0.00505915 0.06181144 -0.02619973
v -0.00713962 0.05802760 -0.03929225
v -0.00641647 0.05818779 -0.04021477
v 0.00988920 0.06197872 -0.04025277
v -0.00642548 0.05820107 -0.03828698
v 0.00969629 0.06214077 -0.03826748
v -0.01296406 0.06637108 -0.02813317
v -0.00801890 0.06734890 -0.03228798
v -0.00198691 0.06729750 -0.02820474
v 0.00565474 0.06873617 -0.03217624
v 0.00572308 0.06744821 -0.02603711
v 0.00984137 0.06732859 -0.02825396
v 0.00985679 0.06831404 -0.03217257
v -0.01461379 0.06757708 -0.03200536
v 0.00446445 0.06876345 -0.03419760
v 0.00989833 0.06856269 -0.03416321
v 0.00990783 0.06254819 -0.03419746
v 0.00438381 0.06296837 -0.02213394
v 0.00982969 0.06503242 -0.02619337
v 0.00819171 0.06514536 -0.02435668
v 0.00851764 0.06697422 -0.02618313
v 0.00420211 0.06572855 -0.02215401
v 0.00537780 0.06466160 -0.02210302
v -0.01781258 0.06465252 -0.02204157
v 0.00306849 0.06740104 -0.02619806
v -0.01333652 0.06595752 -0.02645826
v -0.02073745 0.06553593 -0.02310989
v -0.01641586 0.06672570 -0.02835071
v -0.02237435 0.06273122 -0.01573184
v -0.01813973 0.06417684 -0.02029945
v -0.01088129 0.06266965 -0.01581290
v 0.00109768 0.06458395 -0.02010816
v -0.00672251 0.06162623 -0.01581226
v 0.00205316 0.06343733 -0.02009708
v -0.00724096 0.06016699 -0.01581291
v -0.01220942 0.05756921 -0.01581196
v -0.00138425 0.06078040 -0.02010493
v -0.02269892 0.05381540 -0.01560981
v -0.01822653 0.05507527 -0.02040380
v -0.02258367 0.05399482 -0.01397833
v -0.02680710 0.05306296 -0.00900572
v -0.01237863 0.05821605 -0.01381216
v -0.03652934 0.04957556 -0.00433798
v -0.04343713 0.04658535 -0.00677584
v -0.04003876 0.04822309 -0.00312841
v -0.04233051 0.04746271 -0.00138049
v -0.04249229 0.04777381 0.00085078
v -0.05779598 0.03988840 0.00425621
v -0.03942535 0.04788779 -0.02833650
v -0.04758096 0.04386158 -0.02785818
v -0.03060278 0.05215412 -0.00528682
v -0.02906769 0.05193195 -0.04009762
v -0.01973100 0.05743685 -0.00918378
v -0.01068937 0.06066407 -0.01381674
v -0.02672641 0.05357306 -0.00733565
v -0.03438796 0.05717151 -0.00220133
v -0.02634812 0.05874285 -0.00719113
v -0.02364682 0.05749891 -0.00717940
v -0.02713914 0.05969053 -0.00819589
v -0.04119004 0.04899784 0.00227042
v -0.03609195 0.05486239 0.00049629
v -0.02930999 0.05529894 -0.00360388
v -0.02745552 0.05449932 -0.00512106
v -0.02364938 0.05581352 -0.00718010
v -0.02770833 0.05412936 -0.00483157
v -0.04012880 0.05876373 -0.00014706
v -0.03624022 0.06025198 -0.00465857
v -0.04122457 0.05662918 0.00276237
v -0.02899680 0.06032284 -0.00874965
v -0.03843937 0.05324813 0.00250153
v -0.04341143 0.05273082 0.00632328
v -0.04900915 0.04941836 0.01129560
v -0.05031800 0.04684006 0.01105547
v -0.03972892 0.05079634 0.00303914
v -0.02177174 0.05550990 -0.00918159
v -0.02061596 0.05880042 -0.00918170
v -0.02629597 0.06009977 -0.00917262
v -0.02289451 0.06214988 -0.01415196
v -0.02941476 0.06356739 -0.01358123
v 0.00989486 0.06183990 -0.04463227
v 0.00988661 0.06542118 -0.06751180
v -0.00655958 0.05629141 -0.11457083
v 0.00301156 0.05845233 -0.10716225
v 0.00144805 0.05748247 -0.10913477
v 0.00171540 0.05671753 -0.10716081
v -0.00269019 0.05723495 -0.11252449
v 0.00056613 0.05786989 -0.11005492
v 0.00076541 0.05955103 -0.10722657
v -0.00312657 0.05619380 -0.11251014
v -0.00091012 0.05708484 -0.11140693
v -0.02420186 0.05294241 -0.11254536
v -0.02191474 0.05336616 -0.10707910
v -0.02466440 0.05347559 -0.11882872
v -0.00712425 0.05569759 -0.11452525
v -0.01194958 0.05525475 -0.11617119
v -0.02498540 0.05274752 -0.11353977
v -0.04178565 0.05010340 -0.12511462
v -0.03716866 0.04924761 -0.11574684
v -0.03017605 0.05236163 -0.12020024
v -0.03675364 0.05056131 -0.12192620
v -0.02422072 0.05294356 -0.11449232
v -0.01789460 0.05434512 -0.09055310
v -0.02244212 0.05322938 -0.10614538
v -0.01583735 0.05492367 -0.08302274
v -0.01357833 0.05556263 -0.07702356
v 0.00643776 0.05877979 -0.08270151
v 0.00985983 0.06028848 -0.07713875
v -0.01538367 0.05502288 -0.08463085
v -0.01168470 0.05614443 -0.06942695
v -0.01368417 0.05557980 -0.07535645
v 0.00986786 0.06036814 -0.06951438
v 0.00986559 0.06014093 -0.07513706
v 0.00990102 0.06090128 -0.06173358
v 0.00990645 0.06060952 -0.06751418
v -0.02188776 0.05343896 -0.10522005
v -0.01988068 0.05382815 -0.09953629
v 0.00311656 0.05715058 -0.09972095
v -0.00106538 0.05622671 -0.10515805
v -0.01979436 0.05387584 -0.09786154
v -0.01744524 0.05445310 -0.09215704
v 0.00505105 0.05783556 -0.09223166
v 0.00657094 0.05871315 -0.09772024
v 0.00841244 0.06012232 -0.09223239
v 0.00698558 0.05983213 -0.09771941
v 0.00380275 0.05738548 -0.09772055
v 0.00649281 0.05864735 -0.08470427
v 0.00611010 0.05826055 -0.09023178
v 0.00946727 0.06023208 -0.08470187
v 0.00875586 0.06021495 -0.09023119
v 0.00978121 0.06129092 -0.08470178
v 0.00784563 0.06176309 -0.09023173
v 0.00986850 0.06047606 -0.08269882
v 0.00549798 0.06117386 -0.09772018
v 0.00632026 0.05881444 -0.09972079
v 0.00635839 0.05974846 -0.09973572
v 0.00405835 0.05793476 -0.10513724
v -0.02842102 0.05082435 -0.07283188
v 0.00371687 0.05939987 -0.10512801
v 0.00421934 0.05865370 -0.10515091
v 0.00984832 0.06208108 -0.08269496
v 0.00989649 0.06342498 -0.07714108
v 0.00983755 0.06401505 -0.07513863
v 0.00989908 0.06497262 -0.06951322
v -0.03456601 -0.05149432 -0.11767840
v -0.03275864 -0.05269835 -0.11403876
v -0.02989707 -0.05330653 -0.11112956
v -0.01377601 -0.06356026 -0.05587975
v -0.01384592 -0.06403321 -0.05430569
v -0.00971002 -0.06503960 -0.04114696
v -0.01059404 -0.05518113 -0.11251978
v -0.02448965 -0.05361769 -0.11264258
v -0.00151843 -0.05735395 -0.10715728
v -0.02209274 -0.05550407 -0.10531364
v -0.02223342 -0.05518229 -0.10692438
v -0.01995290 -0.05680072 -0.09943879
v -0.00827182 -0.05732597 -0.10515781
v -0.00046815 -0.05898824 -0.09972068
v -0.00044930 -0.05936099 -0.09772106
v -0.01978976 -0.05706889 -0.09787647
v -0.01799177 -0.05823088 -0.09174931
v 0.00382522 -0.06046278 -0.09223136
v -0.01737170 -0.05852326 -0.09028926
v -0.02257572 -0.05782868 -0.09052461
v -0.01593499 -0.05955669 -0.08421927
v 0.00297071 -0.06074556 -0.09023180
v 0.00538755 -0.06159386 -0.08470145
v -0.01834671 -0.06044612 -0.07579303
v -0.01269708 -0.06476919 -0.04857865
v -0.01204751 -0.06533624 -0.04084116
v -0.01937745 -0.06067244 -0.07532495
v -0.02896578 -0.05500215 -0.10496926
v -0.02471839 -0.05752793 -0.09306907
v -0.02476064 -0.05317889 -0.11427731
v -0.03382122 -0.05022547 -0.12026252
v -0.03879719 -0.04943880 -0.12316528
v -0.03715985 -0.04993308 -0.12174030
v -0.03495246 -0.04897910 -0.12167304
v -0.03899365 -0.04823680 -0.12336927
v -0.00968380 -0.05430348 -0.11453261
v -0.01708402 -0.05237469 -0.06694318
v -0.02579738 -0.05061114 -0.04191333
v -0.00712253 -0.05562746 -0.03902684
v -0.02625869 -0.04925840 -0.06782454
v -0.01806843 -0.05261246 -0.02188085
v -0.01341782 -0.05392023 -0.02655787
v -0.00037862 -0.05808475 -0.02210642
v 0.00750361 -0.06034665 -0.02619942
v 0.00723958 -0.06498035 -0.02618903
v -0.01333168 -0.06347401 -0.02644377
v 0.00200048 -0.06343383 -0.02209904
v 0.00752984 -0.06323397 -0.02391111
v 0.00983238 -0.06258961 -0.02617648
v 0.00550280 -0.06199672 -0.02209607
v -0.01439952 -0.06492901 -0.03202679
v -0.01781790 -0.06309887 -0.02463803
v -0.01791758 -0.06165860 -0.02019171
v -0.01812237 -0.06218314 -0.02182553
v -0.03360245 -0.05763869 -0.00634891
v -0.02129409 -0.06293371 -0.02248935
v -0.01716045 -0.06435389 -0.02792267
v -0.02264057 -0.06020821 -0.01559742
v 0.00184541 -0.06058618 -0.02010099
v -0.00647856 -0.05884641 -0.01582296
v -0.00858510 -0.05662230 -0.01581221
v 0.00116089 -0.06207623 -0.02010498
v -0.00947860 -0.06008206 -0.01581782
v -0.00211204 -0.05797660 -0.02010386
v -0.04174630 -0.04450719 -0.01317048
v -0.04207501 -0.04506330 -0.00164098
v -0.04265924 -0.04507026 0.00013991
v -0.01802106 -0.05267724 -0.02027926
v -0.02279624 -0.05133335 -0.01549899
v -0.02249442 -0.05155011 -0.01393899
v -0.02685085 -0.05058427 -0.00892572
v -0.01383908 -0.05500398 -0.01381254
v -0.05017592 -0.04256092 0.00712283
v -0.04177226 -0.04589254 0.00168218
v -0.03987936 -0.04579555 -0.00324646
v -0.05864234 -0.03690029 0.00481628
v -0.04306662 -0.04353632 -0.03273954
v -0.05490629 -0.04142881 0.01345269
v -0.03510311 -0.04770580 -0.00484618
v -0.02935142 -0.05027778 -0.00568100
v -0.03809999 -0.05120759 0.00217018
v -0.03593848 -0.05240067 0.00038480
v -0.04150049 -0.05169444 0.00424491
v -0.03360654 -0.05279093 -0.00117322
v -0.02333098 -0.05468968 -0.00717808
v -0.02643802 -0.05629194 -0.00720108
v -0.02755605 -0.05195354 -0.00504504
v -0.02674705 -0.05107243 -0.00735210
v -0.02404616 -0.05296260 -0.00717854
v -0.01976211 -0.05482463 -0.00918370
v -0.01063900 -0.05742661 -0.01381019
v -0.02120725 -0.05668214 -0.00918498
v -0.02820024 -0.05221561 -0.00425665
v -0.03935658 -0.04893018 0.00305142
v -0.04679629 -0.04795782 0.00924257
v -0.04808493 -0.04519768 0.00919293
v -0.04064166 -0.04707848 0.00262427
v -0.02703743 -0.05758109 -0.00880057
v -0.01201136 -0.05869730 -0.01381083
v -0.02174483 -0.05303264 -0.00918066
v -0.04091525 -0.05428283 0.00234518
v -0.03905038 -0.05634167 -0.00119929
v -0.03132417 -0.05654437 -0.00563133
v -0.03748309 -0.05775185 -0.00339449
v -0.03849826 -0.05812033 -0.00238403
v -0.02977092 -0.06107228 -0.01319767
v -0.02264571 -0.05958732 -0.01396960
v -0.01763893 -0.05193048 -0.09037886
v -0.01564858 -0.05248063 -0.08450243
v 0.00725613 -0.05627492 -0.08470186
v 0.00584283 -0.05577700 -0.09023140
v -0.02637514 -0.04982474 -0.10304917
v -0.02018844 -0.05127994 -0.09873840
v -0.01770451 -0.05191269 -0.09203359
v -0.01946767 -0.05146265 -0.09775152
v 0.00338218 -0.05478091 -0.09772044
v 0.00592261 -0.05553345 -0.09223250
v -0.02175139 -0.05094269 -0.10518161
v -0.01946755 -0.05144309 -0.09968484
v 0.00498274 -0.05515160 -0.09972128
v 0.00153817 -0.05420200 -0.10515847
v -0.02172056 -0.05094950 -0.10714464
v -0.02249306 -0.05074864 -0.10617600
v -0.02467899 -0.05033344 -0.11271885
v -0.00515594 -0.05320512 -0.11252330
v 0.00068920 -0.05401069 -0.10716072
v -0.03832499 -0.04810990 -0.12299583
v -0.02958920 -0.05006829 -0.12006310
v -0.03689044 -0.04746096 -0.12049676
v -0.02458902 -0.05038176 -0.11434982
v -0.03258989 -0.04703473 -0.09132840
v -0.01230988 -0.05293783 -0.11626460
v -0.00654538 -0.05378243 -0.11454801
v -0.01047395 -0.05288408 -0.11573127
v -0.02499007 -0.05092556 -0.11888395
v -0.00775993 -0.05304322 -0.11452335
v -0.00355487 -0.05514185 -0.11251204
v 0.00054518 -0.05552800 -0.10999898
v -0.00241826 -0.05428493 -0.11251973
v -0.00055758 -0.05445610 -0.11101490
v 0.00312437 -0.05578011 -0.10716607
v 0.00179355 -0.05523956 -0.10882824
v 0.00410526 -0.05561358 -0.10515437
v 0.00642803 -0.05680647 -0.09972163
v 0.00524322 -0.05649309 -0.10297035
v 0.00398381 -0.05674438 -0.10512067
v 0.00514221 -0.05833516 -0.09972340
v 0.00157643 -0.05759570 -0.10515685
v 0.00697773 -0.05672765 -0.09771983
v 0.00840664 -0.05779777 -0.09223358
v 0.00612206 -0.05845428 -0.09772372
v 0.00869071 -0.05747161 -0.09023190
v 0.00984934 -0.05858878 -0.08470268
v 0.00794847 -0.05926017 -0.09023207
v -0.02831567 0.05805732 -0.10434500
v -0.02464630 0.06028286 -0.11880463
v -0.03519286 0.05404205 -0.11942444
v -0.01053964 0.06815486 -0.07574923
v -0.00383124 0.07216118 -0.04527155
v -0.00171422 0.07290305 -0.04325630
v -0.00910187 0.07005505 -0.04098931
v -0.01207942 0.06807116 -0.04096641
v -0.01231190 0.06755249 -0.04590944
v -0.01439463 0.06865175 -0.03153607
v -0.01301181 0.06800667 -0.03602371
v -0.00748472 0.07295428 -0.02733607
v -0.06723263 0.04369707 -0.16547494
v -0.07084829 0.03863011 -0.16681372
v -0.06808408 0.04106569 -0.15859310
v -0.07155987 0.02989379 -0.15972738
v -0.06242602 0.04600412 -0.15306598
v -0.06558203 0.04282331 -0.15309305
v -0.07297149 0.01821389 -0.14849938
v -0.07221700 0.01875222 -0.14254531
v -0.07099049 0.02148253 -0.13929999
v -0.07098476 0.01927386 -0.12787935
v -0.06660877 0.03317143 -0.14368770
v -0.06993362 0.02868612 -0.14969678
v -0.06840532 0.02451760 -0.13251983
v -0.06143915 0.04469033 -0.14593282
v -0.03216001 0.05669351 -0.12590535
v -0.05397942 0.04976993 -0.14693592
v -0.06337237 0.04600947 -0.16587687
v -0.06351348 0.02852084 -0.12083284
v -0.06025796 0.03094203 -0.09842882
v -0.04946383 0.03929587 -0.08838720
v -0.05506843 0.03628252 -0.11314810
v -0.06761948 0.02346650 -0.11858491
v -0.04060611 0.04500189 -0.08567369
v -0.04604696 0.04326900 -0.10906646
v -0.04470182 0.04608188 -0.12048727
v -0.05668089 0.03473019 -0.07570871
v -0.04221321 0.04431915 -0.06729077
v 0.00991208 0.05906992 -0.06410637
v 0.00605579 0.05711192 -0.09750485
v 0.00991022 0.05923286 -0.08356417
v 0.00687847 0.05816014 -0.09929653
v 0.00988278 0.06038019 -0.08869460
v 0.00703219 0.06014213 -0.10012333
v 0.00761294 0.06231618 -0.09455211
v 0.00277326 0.05641491 -0.10676461
v 0.00474813 0.05815292 -0.10572563
v 0.00148607 0.05549153 -0.10095193
v 0.00991072 0.06228306 -0.08698480
v -0.05948317 0.04497660 -0.15070648
v -0.05118931 0.04851425 -0.14331718
v -0.05680363 0.04485285 -0.14594795
v -0.04638011 0.04956114 -0.13801935
v -0.05113143 0.04625859 -0.14112745
v -0.04605466 0.04479142 -0.13710600
v -0.05760001 0.03961790 -0.14437099
v -0.04966765 0.04123434 -0.13717239
v -0.05801999 0.03529979 -0.14020093
v -0.06239503 0.03494597 -0.14742191
v -0.05537174 0.03491544 -0.13312428
v -0.04054143 0.04499844 -0.13194013
v -0.06344247 0.02797393 -0.13765307
v -0.04253359 0.04282123 -0.12751468
v -0.04990242 0.03767825 -0.12341605
v -0.06057357 0.02831374 -0.12491058
v -0.02838527 0.04960795 -0.11188015
v -0.03796745 0.04529329 -0.11289679
v -0.02955927 0.04900612 -0.12551166
v -0.06645606 0.02217404 -0.12905087
v -0.05753454 0.03050732 -0.10929878
v -0.03303703 0.05359121 -0.12879676
v -0.02874412 0.05515181 -0.12550613
v -0.02335794 0.05422277 -0.12523402
v -0.01764079 0.05474379 -0.12264759
v -0.02425185 0.05212322 -0.12640694
v -0.03512366 0.05030227 -0.13190272
v -0.01681648 0.05401806 -0.12191350
v -0.01946215 0.05267537 -0.12181718
v -0.03485542 0.05358715 -0.13124231
v -0.04192528 0.05056489 -0.13467965
v -0.04159670 0.04793859 -0.13536011
v -0.06768673 0.02458589 -0.14479052
v -0.06690695 0.03081213 -0.15281117
v -0.07166702 0.02213768 -0.16420498
v -0.07109683 0.01753977 -0.14877135
v -0.06978544 0.02763984 -0.15977852
v -0.06928814 0.01874199 -0.13593453
v -0.07079156 0.01818239 -0.14648549
v -0.06343848 0.04199389 -0.15376550
v -0.06710147 0.04094297 -0.16436638
v -0.06434417 0.04314104 -0.16063242
v -0.06806131 0.03746753 -0.16122699
v -0.07041293 0.01822590 -0.14304663
v -0.01347509 0.05520122 -0.12035248
v -0.01442668 0.05428137 -0.12016613
v 0.00251419 0.05720974 -0.05897711
v -0.00458202 0.05588371 -0.11565679
v -0.00011489 0.05607691 -0.11113422
v -0.00390121 0.05504054 -0.11283238
v -0.00568458 0.05626561 -0.11659936
v -0.00725827 0.05684822 -0.11728162
v -0.01588800 0.05270741 -0.11386361
v -0.01626652 0.05296925 -0.06037278
v -0.02595804 0.04965495 -0.06792115
v -0.00289785 0.06191697 -0.10680521
v -0.00094787 0.06477061 -0.09280668
v 0.00478228 0.06475639 -0.09096272
v 0.00439066 0.06158110 -0.10300487
v 0.00987736 0.06561740 -0.07613486
v 0.00645346 0.06744814 -0.07158127
v 0.00991257 0.06702563 -0.06784594
v 0.00991200 0.06803880 -0.05994930
v 0.00990592 0.06901405 -0.04190581
v 0.00435772 0.06899683 -0.05480522
v -0.02710240 0.05628169 -0.12396532
v -0.03040603 0.05495092 -0.12712677
v -0.02647552 0.05721190 -0.12590449
v -0.06392960 0.04375922 -0.16542873
v -0.02427987 0.05773152 -0.12046336
v -0.03603389 0.04505007 -0.07193466
v -0.04807725 0.03843239 -0.07285690
v -0.04772218 0.03817064 -0.09104841
v -0.05867223 0.03039013 -0.08134931
v -0.06615797 0.02187932 -0.11883508
v -0.06417738 0.02453523 -0.10235056
v -0.00070993 0.07049593 -0.04838841
v -0.00489306 0.07144323 -0.02711969
v -0.00566958 0.07112209 -0.02714524
v -0.00474515 0.07121748 -0.02915855
v -0.00344124 0.07124597 -0.03276467
v -0.00189868 0.07052973 -0.04573260
v -0.00182190 0.07150222 -0.03452030
v -0.00234353 0.07110917 -0.03751019
v -0.01024891 0.06561025 -0.08191679
v -0.01615725 0.06218691 -0.10255195
v -0.00402299 0.06904701 -0.05792782
v -0.01823413 0.06105233 -0.10864829
v -0.07605787 0.00134057 -0.09995668
v -0.07547233 -0.00066744 -0.13812424
v -0.07461656 -0.00783614 -0.11298464
v -0.07510340 0.00705201 -0.13826728
v -0.07454368 0.01047995 -0.11558937
v -0.07395248 0.01389992 -0.09994531
v -0.07139842 0.01819607 -0.11519723
v -0.07223509 -0.01780825 -0.06544447
v -0.07271137 -0.01450237 -0.09949888
v -0.07116278 -0.01607819 -0.12349574
v -0.00561371 -0.07066652 -0.03022742
v -0.00655025 -0.06955303 -0.03580607
v -0.00174343 -0.07068273 -0.04005289
v -0.00445863 -0.06914457 -0.05158423
v -0.03375376 -0.05245518 -0.11882553
v -0.01104469 -0.06598730 -0.04704657
v -0.01300787 -0.06555584 -0.03598190
v -0.01218084 -0.06511676 -0.04478763
v -0.01200571 -0.06554144 -0.04296845
v -0.01231457 -0.06560047 -0.03901539
v -0.01441381 -0.06561527 -0.03241666
v -0.01316190 -0.06655339 -0.03278687
v -0.07172925 -0.02894766 -0.16241208
v -0.07361167 -0.02016859 -0.16479878
v -0.06538682 -0.02966655 -0.13814139
v -0.06934036 -0.02602936 -0.14668827
v -0.06381670 -0.04121252 -0.14979692
v -0.07030148 -0.01871371 -0.13252810
v -0.07244023 -0.01499149 -0.14033955
v -0.07234304 -0.01652630 -0.14475997
v -0.07298116 -0.01554399 -0.14844073
v -0.06589732 -0.02574532 -0.13088124
v -0.06878118 -0.03715189 -0.15874173
v -0.06676324 -0.04090529 -0.15958345
v -0.05987002 -0.04446587 -0.14836349
v -0.06178249 -0.04436508 -0.16385004
v -0.05135690 -0.04810325 -0.14315630
v -0.02679316 -0.05689558 -0.13328595
v -0.02895365 -0.05559710 -0.12252681
v -0.03419506 -0.05341870 -0.12681551
v -0.07328489 -0.01201403 -0.13847080
v -0.07249776 0.01728360 -0.14021754
v -0.07331637 0.01448814 -0.13830116
v -0.07469931 -0.00591471 -0.13859788
v -0.04656185 -0.03959794 -0.10126887
v -0.04633628 -0.04232159 -0.11897464
v -0.05765387 -0.03204046 -0.11727875
v -0.03589626 -0.04507289 -0.06687866
v -0.04580639 -0.03937776 -0.07563548
v -0.06793892 -0.02070409 -0.12221862
v -0.06049280 -0.03066989 -0.12486406
v -0.06206339 -0.02682187 -0.11114443
v -0.05755843 -0.03130057 -0.08116973
v -0.06425934 -0.02480502 -0.10034132
v 0.00279762 -0.07028240 -0.04678242
v -0.07004908 0.01649793 -0.12702011
v -0.06885652 0.01884882 -0.10959156
v -0.07171001 0.01497710 -0.09123900
v -0.07259038 0.01021765 -0.11653273
v -0.07367158 -0.00027921 -0.13818535
v -0.07317264 0.00738517 -0.13828836
v -0.07407914 0.00342972 -0.09461880
v -0.07357535 -0.00382383 -0.10670438
v -0.04943783 -0.03791801 -0.13522677
v -0.04865775 -0.04155939 -0.13884754
v -0.05765933 -0.03725133 -0.14449157
v -0.03861048 -0.04725367 -0.13356054
v -0.04415482 -0.04718490 -0.13622685
v -0.04474099 -0.04426500 -0.13702393
v -0.03306299 -0.05091510 -0.12889861
v -0.03338158 -0.05116666 -0.12909840
v -0.04526497 -0.04744199 -0.13718046
v -0.02392871 -0.05149369 -0.12561113
v -0.02425029 -0.05033236 -0.12643492
v -0.04457588 -0.03904490 -0.12713812
v -0.03185068 -0.04559703 -0.12627538
v -0.05956763 -0.03324258 -0.14323466
v -0.06534695 -0.02410023 -0.14031099
v -0.06277082 -0.02390102 -0.12799759
v -0.05956326 -0.02981781 -0.13712633
v -0.06809078 -0.01782097 -0.13181001
v -0.05604050 -0.03008685 -0.12496555
v -0.04816142 -0.03639746 -0.12205143
v -0.05545209 -0.04381201 -0.14567412
v -0.05973568 -0.04102597 -0.14871439
v -0.05218256 -0.04418557 -0.14213651
v -0.02399714 -0.04978588 -0.12629107
v -0.04128795 -0.04289879 -0.13356835
v -0.01730138 -0.05138454 -0.12219703
v -0.06665899 -0.02855118 -0.15218373
v -0.06408794 -0.03241649 -0.15019594
v -0.06532055 -0.03814259 -0.15658453
v -0.07129271 -0.01462759 -0.14948541
v -0.07153863 -0.01955754 -0.16306920
v -0.06913210 -0.02069169 -0.14866877
v -0.06966718 -0.02609771 -0.16003747
v -0.06894747 -0.03554724 -0.16607420
v -0.07086392 -0.01565621 -0.14666072
v -0.07035378 -0.01564810 -0.14259689
v -0.07088759 -0.01339598 -0.13928673
v -0.06410611 -0.04051965 -0.15804927
v -0.02561684 -0.05496360 -0.12307777
v -0.03236930 -0.05211263 -0.13107467
v -0.02891915 -0.05287925 -0.12566395
v -0.06132287 -0.04249313 -0.16001339
v -0.05038816 -0.04637079 -0.14474985
v -0.02068750 -0.05733765 -0.11411811
v -0.07197119 0.01264232 -0.13843745
v -0.07093164 0.01570859 -0.13923383
v -0.06962530 -0.01456649 -0.11981655
v -0.07186462 -0.00949220 -0.12197097
v -0.07207223 -0.00992136 -0.13843302
v -0.06589381 -0.01965955 -0.11540932
v -0.05660538 -0.02891732 -0.10860116
v -0.03535741 -0.04313926 -0.07860270
v -0.04676060 -0.03616506 -0.08298206
v -0.05527956 -0.03071239 -0.07783232
v -0.03509806 -0.04338577 -0.06331849
v -0.06063056 -0.02593332 -0.08755112
v -0.00497995 -0.06874521 -0.02858612
v -0.00367186 -0.06876417 -0.03207612
v -0.00267664 -0.06870809 -0.03573986
v -0.00195998 -0.06841915 -0.04126272
v -0.01582597 -0.05989296 -0.10148508
v -0.01391473 -0.06105471 -0.09507377
v -0.00217147 -0.06780270 -0.04820259
v -0.00405241 -0.06655385 -0.05802212
v -0.01044811 -0.06301323 -0.08266422
v -0.06487102 0.02898506 -0.06410290
v -0.06354123 -0.03370158 0.00719749
v -0.06575922 -0.02639684 -0.05444910
v -0.06963305 -0.01880969 -0.10570522
v -0.07170446 0.02564878 -0.01321344
v -0.06560913 0.03428548 0.00587539
v -0.07353813 0.01802169 -0.06297889
v -0.06923450 0.02212771 -0.10055252
v -0.07511839 0.01540774 0.00540218
v -0.07251699 0.02247628 0.00516136
v -0.07644493 0.00135684 0.00539975
v -0.07458531 -0.01515296 0.00540171
v -0.06896866 -0.02455577 -0.00390305
v -0.06958357 -0.02450990 0.00330844
v -0.07144324 -0.02195522 0.00530064
v -0.06714188 -0.02243838 -0.05040419
v -0.07062603 -0.02207168 -0.00608713
v -0.06476804 -0.02988309 0.00504514
v -0.07117131 0.02458413 0.00257596
v -0.07083274 0.02470358 -0.00296595
v -0.06445188 0.03273913 0.00574351
v -0.07367875 0.01881268 -0.00634379
v -0.06489265 0.02609026 -0.06705491
v -0.06956083 0.02103449 -0.06243214
v -0.07150829 0.02319456 -0.00544024
v -0.07583835 0.00890878 -0.00620010
v -0.07584981 -0.00744535 -0.00620043
v -0.07162685 -0.01474967 -0.06672570
v -0.07344281 -0.01675666 -0.00620042
v -0.05115665 0.05011025 -0.13834034
v -0.05575163 0.04206385 -0.13258091
v -0.06242349 0.03768586 -0.13908698
v -0.05382750 0.04749378 -0.13734673
v -0.03909085 0.05232472 -0.12451685
v -0.04558659 0.04765902 -0.12632440
v -0.03610959 0.06481252 -0.00077558
v -0.01976595 0.06706437 -0.02433382
v -0.03284114 0.06362922 -0.00902491
v -0.01640926 0.06731592 -0.02916453
v -0.01956378 0.06637758 -0.02489151
v -0.03530210 0.05368378 -0.11894703
v -0.05461130 0.03985012 -0.12579283
v -0.06334985 0.03185483 -0.13137004
v -0.01373118 0.06346366 -0.09509803
v -0.01356433 0.06370620 -0.09381792
v -0.01335488 0.06383416 -0.09306743
v -0.01335737 0.06383249 -0.09307664
v -0.01315787 0.06394646 -0.09237977
v -0.00280152 0.06992750 -0.02690286
v -0.00834678 0.07082915 -0.02246802
v -0.01792230 0.06986906 -0.00870315
v -0.01221208 0.07021278 -0.01692901
v -0.01663041 0.06901065 -0.01187551
v -0.00658744 0.06934412 -0.02282587
v -0.01269172 0.06731605 -0.01719008
v -0.00968529 0.06897786 -0.01972911
v -0.03246718 0.06123439 -0.00192082
v -0.00603706 0.06835216 -0.02255806
v -0.01117028 0.06666471 -0.01832356
v -0.02580678 0.05660652 -0.12253119
v -0.02410506 0.05731566 -0.12050181
v -0.00779343 0.05835853 -0.11601261
v -0.02107265 0.05914735 -0.11522619
v -0.00276417 0.05975273 -0.11198755
v 0.00991245 0.05928124 -0.04524235
v 0.00657906 0.05845447 -0.03738657
v 0.00126985 0.06080563 -0.10772721
v 0.00450325 0.05920256 -0.10622967
v 0.00063252 0.05892713 -0.11108059
v -0.00359005 0.05748297 -0.11512401
v -0.00022830 0.05714910 -0.11254670
v 0.00191585 0.05761289 -0.11020724
v -0.00948513 0.06631908 -0.01889902
v -0.05134014 -0.04749780 -0.13820305
v -0.05920249 -0.04283613 -0.14272133
v -0.04920999 -0.04643444 -0.13302732
v -0.04195029 -0.04777290 -0.12539886
v -0.04535994 -0.04520904 -0.12608348
v -0.05214711 -0.04087380 -0.12857227
v -0.05898540 -0.03690881 -0.13444626
v -0.04037927 -0.05914372 0.00126365
v -0.03284222 -0.06185073 -0.00817143
v -0.02090859 -0.06362792 -0.02331966
v -0.01722526 -0.06496115 -0.02779831
v -0.03663161 -0.05057378 -0.12097667
v -0.06627738 -0.04189872 -0.16668415
v -0.06851768 -0.01742143 -0.10080770
v -0.00661038 -0.05342317 -0.11695597
v -0.01352072 -0.05293912 -0.12039019
v -0.01393776 -0.05202455 -0.12017316
v -0.00508457 -0.05275315 -0.11480461
v -0.00569380 -0.05424605 -0.11663426
v -0.00137994 -0.05344851 -0.11245767
v -0.00250679 -0.05395374 -0.11430140
v -0.01335492 -0.06135419 -0.09306743
v -0.01357272 -0.06117957 -0.09398621
v -0.01335741 -0.06135252 -0.09307664
v -0.01315790 -0.06146649 -0.09237977
v 0.00504306 -0.06758393 -0.04277239
v 0.01147738 -0.06678677 -0.03527676
v -0.00576207 -0.06858718 -0.02684428
v -0.00043814 -0.06832572 -0.03544040
v 0.00105769 -0.06763830 -0.03066757
v -0.00452007 -0.06752878 -0.02549440
v -0.03260976 -0.05877404 -0.00171546
v -0.02373737 -0.06406382 -0.00580154
v -0.02547215 -0.06059396 -0.00762721
v -0.00849253 -0.06686008 -0.02098856
v -0.00581609 -0.06627957 -0.02302413
v -0.01118353 -0.06507165 -0.01840249
v -0.00806218 -0.06503351 -0.02068203
v -0.01023738 -0.06813382 -0.01962963
v -0.01376673 -0.06736960 -0.01499195
v -0.01584055 -0.06757155 -0.01173463
v -0.01476964 -0.06526934 -0.01497119
v -0.00811182 -0.06842031 -0.02286143
v -0.02798525 -0.06505255 0.00221904
v -0.01300259 -0.05379792 -0.11980967
v -0.00431530 -0.05536428 -0.11529654
v -0.01010193 -0.05539658 -0.11719600
v -0.02689579 -0.05348447 -0.12377042
v -0.02560064 -0.05433249 -0.12220091
v -0.02178087 -0.05596592 -0.11724740
v -0.02404620 -0.05530238 -0.12011115
v -0.00542890 -0.05765981 -0.11212169
v -0.02058597 -0.05708995 -0.11416796
v -0.00079079 -0.05542351 -0.11299083
v 0.00091288 -0.05772969 -0.10922463
v 0.00341980 -0.05667238 -0.10785270
v 0.00141775 -0.05516737 -0.11086474
v -0.01324936 -0.06278931 -0.01622472
v -0.02029551 -0.06124144 -0.01147231
v -0.06572548 -0.04006259 -0.16671987
v -0.03800232 0.06888303 0.05517583
v 0.02149910 -0.07095256 0.05511469
v 0.02145744 0.07347300 0.05511191
v -0.07693435 0.01638801 0.05514620
v -0.07064165 0.03459299 0.05516855
v -0.02307381 -0.06943751 0.05515967
v -0.06718244 -0.03836699 0.05515077
v -0.07521178 -0.02107001 0.05514780
v -0.07765802 -0.00800997 0.05512864
v -0.06762162 0.03948001 -0.18016607
v -0.06072488 0.04348445 -0.18396761
v -0.04715036 0.04901413 -0.18346508
v -0.03305334 0.05308823 -0.18399338
v -0.02605876 0.05384268 -0.18557434
v -0.01876879 0.05303442 -0.18882611
v -0.07143886 0.03261639 -0.17645976
v -0.07268225 -0.01225380 -0.17591138
v -0.07315998 0.00076712 -0.17612027
v -0.07275639 0.01484135 -0.17615753
v -0.01908652 -0.05060871 -0.18876880
v -0.02631152 -0.05138497 -0.18553515
v -0.03531417 -0.05013556 -0.18350996
v -0.04710094 -0.04661698 -0.18356782
v -0.05698904 -0.04269777 -0.18432705
v -0.07005794 -0.03407231 -0.17790945
v -0.07109694 0.03602587 -0.17783515
v -0.07260999 0.03051355 -0.17670162
v -0.07339105 -0.01231533 -0.17656915
v -0.07253045 -0.02664633 -0.17660080
v -0.07145657 -0.03242538 -0.17746799
v -0.06236268 -0.04045521 -0.18373740
v 0.00998310 0.06901713 -0.04164081
v 0.00991333 -0.06306554 -0.08776992
v 0.00991249 0.06571482 -0.08652567
v -0.07212967 0.01838028 -0.14552425
v -0.07162265 0.01823908 -0.14398594
v -0.07222513 -0.01558399 -0.14671510
v -0.07116776 -0.01576195 -0.14468272
v 0.02196282 0.05323230 0.00407104
v 0.02190168 0.04805883 0.00326876
v -0.02943682 0.05015714 -0.00575941
v 0.02192535 0.04945331 -0.00562115
v 0.02194526 0.04604297 -0.00175930
v 0.02191658 0.05620126 0.00033881
v -0.03326032 0.05622817 0.00025641
v 0.02190962 0.05575593 -0.00316536
v -0.02717130 0.05597568 -0.00267572
v -0.02306580 0.05450693 -0.00473143
v 0.02193540 0.05332010 -0.00542537
v -0.02322357 0.05353860 -0.00537380
v -0.02562330 0.05210197 -0.00593985
v 0.02291245 0.05240619 0.00136128
v 0.02291465 0.05320301 0.00281777
v 0.02292013 0.04902447 0.00280136
v 0.02291245 0.04923703 0.00028311
v 0.02292535 0.04712438 -0.00202824
v 0.02291245 0.04943847 -0.00213602
v 0.02294393 0.05251188 -0.00505531
v 0.02291245 0.05169784 -0.00303059
v 0.02291245 0.05333937 -0.00150174
v 0.02291674 0.05538099 -0.00032328
v -0.02718259 -0.04863138 -0.00591632
v -0.03360163 -0.04615416 -0.00516367
v 0.02192194 -0.04566737 -0.00491205
v 0.02195527 -0.04606431 0.00372966
v 0.02191095 -0.04360612 -0.00091514
v 0.02190777 -0.04951552 -0.00584552
v -0.02393107 -0.05041878 -0.00564139
v 0.02192287 -0.05304953 -0.00377048
v -0.02288334 -0.05148422 -0.00508577
v -0.02360499 -0.05248101 -0.00419933
v -0.02695944 -0.05341688 -0.00300292
v 0.02191960 -0.05367230 0.00052900
v -0.03252083 -0.05384342 -0.00019652
v 0.02191339 -0.05131702 0.00367505
v 0.02291242 -0.04729554 0.00104970
v 0.02293301 -0.04668530 0.00304234
v 0.02291242 -0.04973489 0.00116049
v 0.02292533 -0.05234627 0.00156327
v 0.02291242 -0.05107202 -0.00066339
v 0.02291671 -0.05210771 -0.00328329
v 0.02291242 -0.04965203 -0.00285781
v 0.02292532 -0.04753161 -0.00491556
v 0.02291242 -0.04691017 -0.00226434
v 0.02291462 -0.04468909 -0.00140704
v -0.04102677 -0.02439057 0.00358918
v -0.04109040 -0.02470306 -0.00333467
v -0.04111690 -0.02260824 -0.00601439
v -0.04113683 0.02247175 -0.00603881
v -0.04008757 0.02142557 0.00227070
v -0.04006873 0.02308957 0.00370092
v -0.04008758 -0.02153331 0.00227370
v -0.04006874 -0.02311077 0.00379968
v -0.04008758 -0.02154943 -0.00307143
v -0.04006747 -0.02317881 -0.00447519
v -0.04008757 0.02140386 -0.00308857
v -0.04006745 0.02296519 -0.00456887
v -0.04110940 0.02175256 0.00535691
v -0.04111472 -0.02154445 0.00538285
v -0.04107295 0.02457012 -0.00334094
v -0.04109284 0.02443967 0.00319563
v -0.07255269 0.02148575 -0.00296421
v -0.07281436 0.02148822 0.00214804
v -0.07569054 -0.01057587 -0.00320039
v -0.07560470 0.01250536 -0.00320014
v -0.07112091 -0.02158751 -0.00298767
v -0.07144789 -0.02160425 0.00216733
v -0.07562269 -0.01132794 0.00239939
v -0.07586676 0.01229468 0.00239926
v -0.03071814 -0.05239858 -0.00222488
v 0.01791243 -0.05269672 0.00012208
v 0.01791244 -0.04502659 0.00060104
v 0.01791243 -0.04898146 0.00316316
v 0.01791241 -0.05028721 -0.00450658
v -0.02758953 -0.05153370 -0.00346009
v -0.02728926 -0.05103982 -0.00395828
v -0.02845727 -0.05046527 -0.00454091
v -0.03329484 -0.04795130 -0.00456571
v 0.01791242 -0.04595566 -0.00350079
v 0.01791242 -0.04716913 -0.00248317
v 0.01791242 -0.04957208 -0.00285923
v 0.01791242 -0.05107202 -0.00093661
v 0.01791242 -0.04965203 0.00125781
v 0.01791242 -0.04691019 0.00066436
v 0.01791241 0.05352543 -0.00389121
v -0.03036547 0.05146526 -0.00460948
v 0.01791245 0.05007483 -0.00449030
v -0.02725633 0.05343071 -0.00402058
v -0.02738821 0.05400318 -0.00348876
v 0.01791245 0.05510200 -0.00078205
v -0.03133217 0.05493449 -0.00177037
v 0.01791245 0.05323327 0.00262744
v 0.01791244 0.04933468 0.00255756
v 0.01791241 0.04722686 -0.00114536
v 0.01791245 0.05240618 -0.00296129
v 0.01791245 0.04923704 -0.00188314
v 0.01791245 0.04964902 0.00088313
v 0.01791245 0.05298938 0.00085200
v -0.02765530 0.05387722 -0.00429611
v -0.02773337 -0.05156785 -0.00449217
v -0.07324000 0.01247275 -0.13878833
v -0.07246998 0.01420267 -0.13911609
v -0.07165319 0.01569301 -0.13994667
v -0.07137945 0.01737260 -0.14170140
v -0.07477029 0.00396583 -0.13883129
v -0.07375975 -0.00366992 -0.13864721
v -0.07313882 -0.01024323 -0.13880970
v -0.07204024 -0.01570783 -0.14233017
v -0.07204909 -0.01313236 -0.13970730
v -0.07129806 -0.01534730 -0.14248890
v -0.07122821 -0.01368387 -0.14018309
v -0.07248681 0.01774548 -0.14764665
v -0.07298464 0.01600203 -0.14960085
v -0.07206753 0.01669042 -0.14880712
v -0.07237804 -0.01434674 -0.14868242
v -0.07336855 0.01315425 -0.15074983
v -0.07239968 0.01472127 -0.15040118
v -0.07196323 -0.01359440 -0.14961278
v -0.07290056 -0.01262072 -0.15011175
v -0.07338817 -0.01039524 -0.15071324
v -0.07474934 0.00092134 -0.15079157
v -0.02337966 0.05435950 -0.00533191
v -0.02359895 -0.05161505 -0.00589317
v -0.02352465 -0.05204674 -0.00545529
v 0.07076555 -0.03839089 0.00295304
v 0.06688893 -0.04543140 0.00587263
v 0.07212571 -0.03929305 0.03800107
v 0.06262974 -0.05155423 0.00798416
v 0.06044311 -0.05542193 0.03799986
v 0.06790906 -0.04237005 -0.00163157
v 0.05802624 -0.05587412 0.00584217
v 0.05354811 -0.05914205 0.00343589
v 0.04418762 -0.06545871 0.03800047
v 0.04960613 -0.06130746 -0.00001480
v 0.04382714 -0.06385890 -0.00501974
v 0.01998734 -0.06659323 -0.04368889
v 0.03435656 -0.06316057 -0.04297005
v 0.02709456 -0.06025553 -0.07639470
v 0.02194441 -0.06885479 -0.00253162
v 0.03277835 -0.06713978 -0.00196948
v 0.01494364 -0.06154023 -0.08749226
v 0.00839660 -0.05740365 -0.12214227
v 0.06694844 -0.04349009 -0.00509806
v 0.06362037 -0.04549035 -0.02096318
v 0.06272838 -0.04939224 -0.00919575
v 0.05159462 -0.05973284 -0.00530172
v 0.03584637 -0.06533497 -0.01873163
v 0.05713093 -0.04563173 -0.05022287
v 0.05435155 -0.05291176 -0.03741601
v 0.04586530 -0.05791571 -0.04357823
v 0.05918688 -0.05345655 -0.00977756
v 0.06827634 -0.03731457 -0.02002215
v 0.06215831 -0.03434151 -0.05315312
v 0.04398080 -0.04074701 -0.10500879
v 0.03195008 -0.04246345 -0.13387325
v 0.04118714 -0.04791455 -0.09682882
v 0.03594664 -0.03596512 -0.13454071
v 0.04427074 -0.02841011 -0.12226345
v 0.05453854 -0.03154453 -0.08649620
v 0.05052427 -0.04303351 -0.08027243
v 0.03607578 -0.05184415 -0.09677046
v 0.02433031 -0.04776881 -0.13741180
v 0.02316104 -0.05314201 -0.12019556
v 0.00740260 -0.05295401 -0.14772108
v 0.03110255 0.06981690 -0.00595334
v 0.03938602 0.06921741 0.03800025
v 0.02178897 0.07109973 -0.01354751
v 0.02217139 0.07184893 0.03799995
v 0.04249772 0.06678483 -0.00554696
v 0.05220467 0.06382519 0.03800000
v 0.05035719 0.06334167 0.00045552
v 0.06041774 0.05779945 0.03799816
v 0.05550236 0.06038813 0.00509358
v 0.06230343 0.05422085 0.00704095
v 0.05026853 0.06312480 -0.00347819
v 0.05312187 0.05929946 -0.02210051
v 0.05873974 0.05635300 -0.00894792
v 0.03248101 0.06573498 -0.04650379
v 0.04617338 0.06366310 -0.02083178
v 0.05934377 0.05279379 -0.02523901
v 0.06608914 0.04906790 0.00600527
v 0.07218115 0.04206527 0.03799707
v 0.07136643 0.04099306 0.01480017
v 0.06932086 0.03977455 -0.01421487
v 0.06721662 0.04558837 -0.00501587
v 0.06470756 0.04916404 -0.00795595
v 0.06798286 0.04516266 0.00104001
v 0.06094547 0.04801113 -0.03430508
v 0.04935807 -0.01060441 -0.10048580
v 0.05365884 -0.02155398 -0.08173025
v 0.05387310 -0.01926936 -0.08177923
v 0.06206130 -0.02154130 -0.04586869
v 0.06639354 -0.01059793 -0.02872514
v 0.06228395 -0.01925885 -0.04590786
v 0.04352513 -0.01930737 -0.11709581
v 0.04333226 -0.02159496 -0.11703726
v 0.04996645 0.01059010 -0.09877015
v 0.04937984 0.01157740 -0.10078648
v 0.04995102 -0.00929105 -0.09876829
v 0.03816482 0.01268713 -0.13443033
v 0.03974359 0.01300001 -0.12976076
v 0.04360052 0.02058271 -0.11711948
v 0.04346727 0.02286736 -0.11707596
v 0.05396885 0.02055242 -0.08180663
v 0.05373170 0.02283207 -0.08174666
v 0.05889429 0.01055472 -0.06505054
v 0.05913747 0.01211450 -0.06344014
v 0.06239852 0.02053632 -0.04593820
v 0.06214245 0.02280712 -0.04587500
v 0.06649722 0.01055603 -0.02892677
v 0.06669304 0.01227000 -0.02734197
v 0.06875680 0.02055934 -0.00976009
v 0.06848138 0.02284599 -0.00972277
v 0.06913596 0.01966380 -0.00622057
v 0.06869885 -0.01929522 -0.00975902
v 0.06681044 -0.00929354 -0.02696783
v 0.06919503 -0.01946791 -0.00607631
v 0.06913449 -0.01722994 -0.00618999
v 0.06836957 -0.02157856 -0.00970831
v 0.05875620 -0.01060180 -0.06485657
v 0.03932967 -0.01300078 -0.13063592
v 0.05929395 -0.00927408 -0.06310470
v 0.03667057 -0.01300000 -0.13780487
v 0.03528352 -0.01300000 -0.14153816
v 0.03085584 -0.02165482 -0.15169822
v 0.03100354 -0.01935922 -0.15174927
v 0.02738607 -0.01300035 -0.16224311
v 0.02591481 -0.01300000 -0.16598643
v 0.01776272 -0.02174535 -0.18636416
v 0.01782607 -0.01944983 -0.18639360
v 0.01194835 -0.01074292 -0.20500532
v 0.01258204 -0.00942625 -0.20324738
v 0.01197360 0.01164567 -0.20524542
v 0.01776064 0.02301023 -0.18637671
v 0.01254336 0.01065534 -0.20323968
v 0.02293877 0.01299999 -0.17394604
v 0.02488597 0.01273905 -0.16903715
v 0.01790576 0.02069773 -0.18640856
v 0.02198256 -0.01307912 -0.17616051
v 0.02348863 -0.01300000 -0.17224611
v 0.02466486 0.00999750 -0.17016922
v 0.02440075 -0.00977488 -0.17027919
v 0.02538793 -0.00986816 -0.16774131
v 0.02534682 0.00999761 -0.16828462
v 0.04345230 -0.01331539 -0.12732363
v 0.04631677 -0.01955288 -0.11801105
v 0.03380177 -0.01955844 -0.15281241
v 0.03008756 -0.01300014 -0.16358420
v 0.03821518 -0.01299998 -0.14231300
v 0.02068521 -0.01955706 -0.18740572
v 0.02538295 -0.01048426 -0.17596459
v 0.03793177 0.00999588 -0.13568217
v 0.03759672 -0.00983411 -0.13581565
v 0.03848232 -0.00979736 -0.13339247
v 0.03855670 0.00999481 -0.13378561
v 0.03909204 0.01300000 -0.14030239
v 0.03387576 0.02081835 -0.15284307
v 0.02941169 0.01300067 -0.16566916
v 0.04429230 -0.01000503 -0.12618291
v 0.04126629 -0.00975521 -0.13455389
v 0.04451357 0.00997856 -0.12614961
v 0.04139008 0.00999524 -0.13482243
v 0.04247770 0.01300000 -0.13103656
v 0.04419272 0.01300000 -0.12618999
v 0.04644641 0.02081492 -0.11806279
v 0.05226537 0.01073494 -0.10152974
v 0.05230988 -0.00946264 -0.10154006
v 0.07145718 0.02313508 -0.01006965
v 0.06962018 0.01247014 -0.02847281
v 0.06499667 -0.02182936 -0.04648948
v 0.05248225 -0.01120813 -0.10054752
v 0.04616909 -0.02184825 -0.11796631
v 0.03959578 -0.01300000 -0.13855799
v 0.04176736 -0.01300145 -0.13270520
v 0.03365480 -0.02186242 -0.15275778
v 0.03173235 -0.02574189 -0.15711717
v 0.02863119 -0.01300005 -0.16730322
v 0.01947440 -0.02506474 -0.18946293
v 0.02637373 -0.01300000 -0.17311086
v 0.02057534 -0.02187440 -0.18737026
v 0.01511379 -0.01122706 -0.20504956
v 0.01487579 -0.02298735 -0.20477210
v 0.01163197 -0.02071963 -0.21834823
v 0.01343935 -0.01404476 -0.21106207
v 0.01347628 0.01451127 -0.21105979
v 0.01162254 0.02308180 -0.21832103
v 0.01509009 0.01246884 -0.20506041
v 0.01767947 0.02649508 -0.19494997
v 0.02062031 0.02312766 -0.18738855
v 0.03374677 0.02311683 -0.15279505
v 0.04147421 0.03056030 -0.13040110
v 0.04630027 0.02310374 -0.11804072
v 0.05111711 0.03301882 -0.09913049
v 0.06510727 0.02310216 -0.04649351
v 0.06023623 0.03615950 -0.06234951
v 0.07246631 0.02456246 0.00310954
v 0.07371437 0.02310819 0.02683965
v 0.07442235 0.01744378 0.03634331
v 0.07390100 0.02081490 0.02682211
v 0.07407103 0.01070810 0.00926377
v 0.07530463 0.00176125 0.03800104
v 0.07388136 -0.00948067 0.00930925
v 0.07378108 -0.01951850 0.02686263
v 0.07447755 -0.01421039 0.03636754
v 0.07359598 -0.02181323 0.02687641
v 0.05656072 -0.02183652 -0.08248775
v 0.06186397 -0.01120401 -0.06473065
v 0.06953085 -0.01122396 -0.02844555
v 0.07132873 -0.02615825 -0.00558376
v 0.07160555 -0.02097523 -0.00835433
v 0.07132673 -0.02187597 -0.01004862
v 0.07197909 -0.02664581 0.00294191
v 0.07249838 -0.02402406 0.00679917
v 0.07372468 -0.01123287 0.00808136
v 0.07284300 0.02225420 0.00544684
v 0.07374447 0.01246662 0.00829942
v 0.07349729 0.01402043 0.00561000
v 0.07200275 0.02136721 -0.00635138
v 0.07193357 0.02452656 -0.00382457
v 0.05667503 0.02309548 -0.08253066
v 0.04064821 0.01283110 -0.13618466
v 0.02757683 0.01263752 -0.17035337
v 0.01484437 -0.00947665 -0.20602100
v 0.01489819 0.01072465 -0.20603923
v 0.06195426 0.01247134 -0.06476440
v 0.05252227 0.01246765 -0.10057276
v 0.02219065 -0.06939116 0.03799956
v 0.03097197 0.02292083 -0.15174778
v 0.02669458 0.01300015 -0.16435242
v 0.03618492 0.01300001 -0.13950218
v 0.03107782 0.02062489 -0.15177812
v 0.07220592 -0.01730938 -0.00618864
v 0.07154063 -0.01957418 -0.01007066
v 0.07225605 0.01856092 -0.00618999
v 0.07173676 0.02083529 -0.01010709
v 0.06983985 0.01072181 -0.02752515
v 0.07329829 0.00081728 -0.00620774
v 0.06974838 -0.00948663 -0.02749992
v -0.01390548 0.05281989 -0.19218543
v -0.01408032 0.05184587 -0.19323134
v 0.00122883 0.05824906 -0.14846969
v 0.00277398 0.05757023 -0.14279461
v 0.00893008 0.06159936 -0.12026110
v 0.01173989 0.06163495 -0.10716983
v 0.01176553 0.06304916 -0.10671686
v 0.01619474 0.06645901 -0.07883675
v 0.01907532 0.06802148 -0.05354963
v 0.02007953 0.07035619 -0.04317944
v 0.02208541 0.07255712 0.00252500
v 0.02240547 0.07190760 0.05497912
v 0.02227344 0.07329670 0.05452446
v 0.02217629 0.07183360 0.04200041
v 0.02204947 -0.07021777 -0.00588110
v 0.01930073 -0.06694823 -0.05106133
v 0.02217507 -0.06937741 0.04200001
v 0.02228761 -0.07072276 0.05465238
v 0.02244407 -0.06942953 0.05502222
v 0.01481310 -0.06274654 -0.08899190
v 0.00846176 -0.05863451 -0.12212742
v -0.00138409 -0.05496689 -0.15682130
v -0.00101826 -0.05371801 -0.15519135
v -0.01414964 -0.04939213 -0.19312951
v -0.01388702 -0.05040009 -0.19210745
v 0.01254223 -0.02199627 -0.21832088
v 0.01373404 0.02369129 -0.21798256
v 0.07151866 0.04400111 0.05519846
v 0.07514717 0.01342818 0.05520000
v 0.07676129 0.00941626 0.05515288
v 0.07593733 -0.02177666 0.05502555
v 0.07507566 -0.01220403 0.05520010
v 0.04959854 0.06704679 0.05517741
v 0.04163413 0.06901145 0.05520034
v 0.05852123 0.05991613 0.05520019
v 0.06476926 0.05567981 0.05517753
v 0.02280946 0.07320178 0.05513085
v 0.03362765 0.07229038 0.05500150
v 0.07385882 0.04246760 0.05497999
v 0.07343090 -0.03983922 0.05515504
v 0.07119409 -0.04191616 0.05520013
v 0.06526681 -0.05260938 0.05515458
v 0.02291128 -0.07082628 0.05512379
v 0.03623472 -0.06894041 0.05518049
v 0.03618431 -0.06749687 0.05520002
v 0.04711362 -0.06425051 0.05520000
v 0.05732083 -0.05997628 0.05517962
v 0.05916088 -0.05695968 0.05520003
v 0.05666280 -0.01278607 -0.09312468
v 0.05503269 -0.03172428 -0.09256760
v 0.04342557 -0.02831487 -0.13080530
v 0.07738915 -0.00323685 0.05461063
v 0.07543524 -0.01680589 0.00704771
v 0.07409287 -0.03993937 0.05441139
v 0.07579926 0.02002696 0.01680498
v 0.07664190 0.01959673 0.05444629
v 0.07324493 0.04264379 0.02088569
v 0.07246713 -0.03890939 0.00105552
v 0.07585940 0.00559822 0.00323492
v 0.07324015 0.02419580 -0.01195561
v 0.07334822 0.00546135 -0.02050034
v 0.06754625 0.02180985 -0.04580060
v 0.06610938 0.00503776 -0.05696685
v 0.07120432 0.04060800 -0.01421259
v 0.06348298 0.03684665 -0.05647783
v 0.05420279 0.03350104 -0.09598286
v 0.05701894 0.00469824 -0.09348352
v 0.04804701 0.03162728 -0.11700770
v 0.04497094 0.00717900 -0.13131787
v 0.02139514 0.00586132 -0.19281603
v 0.01952421 0.02685866 -0.19614869
v 0.02356684 0.02719943 -0.18455274
v 0.01390278 -0.02118411 -0.21769780
v 0.01741803 -0.02337227 -0.20298317
v 0.01548964 0.02488442 -0.21055895
v 0.04502285 -0.00848584 -0.13060792
v 0.02290411 -0.02413343 -0.18658234
v 0.07275787 -0.01475204 -0.02056409
v 0.06961505 -0.03719600 -0.02480252
v 0.06561803 -0.01379041 -0.05676334
v 0.02280890 -0.07138644 0.05429030
v 0.03006824 -0.06975038 -0.00067499
v 0.03490983 -0.06978768 0.05468048
v 0.04145927 -0.06754006 0.01389383
v 0.04487609 -0.06701075 0.05480943
v 0.02248122 -0.07036023 -0.01367762
v 0.05718347 0.06307681 0.05485619
v 0.06368349 0.05769784 0.05455852
v 0.05730050 0.06147894 -0.00055966
v 0.04969293 0.06618587 -0.00155887
v 0.04996587 0.06750704 0.05453276
v 0.04185091 0.07051540 0.05471973
v 0.04426033 0.06913167 0.01507416
v 0.03176207 0.07222283 0.00977390
v 0.02257626 0.07326998 0.00170431
v 0.02309401 0.07380563 0.05464050
v 0.03776019 0.06984943 -0.01165122
v 0.03944612 0.06679728 -0.03568614
v 0.02113473 0.07151708 -0.03548113
v 0.02904931 0.06889988 -0.04532992
v 0.06337258 0.05528888 -0.00303471
v 0.06390712 0.05679572 0.03039639
v 0.05579631 0.05699481 -0.03642449
v 0.04664807 0.06218918 -0.04398015
v 0.06667344 -0.05173364 0.05474870
v 0.06792433 -0.04824699 0.00982079
v 0.06200453 -0.05578636 0.01568512
v 0.06018244 -0.05491871 -0.01307941
v 0.05330240 -0.06266769 0.02153909
v 0.05127879 -0.06425120 0.05476208
v 0.05876275 -0.05959220 0.05462746
v 0.05511935 -0.05982637 -0.00644483
v 0.04846257 -0.06364319 -0.00833865
v 0.06965727 0.04979463 0.05469915
v 0.06582540 0.05050062 -0.01361875
v 0.06088567 0.04942517 -0.04112749
v 0.02171054 -0.03021852 -0.18431984
v 0.04220732 -0.04165009 -0.11555698
v 0.02972953 -0.03973977 -0.15037736
v 0.00852369 -0.03229267 -0.21424586
v 0.02956606 -0.04699201 -0.13592555
v 0.00348962 -0.03915609 -0.21009266
v 0.02193118 0.03294417 -0.18335061
v 0.00875739 0.03451954 -0.21434577
v 0.00205965 0.04356127 -0.20803408
v 0.02993910 0.04843756 -0.13749407
v 0.03439331 0.04282340 -0.13798843
v 0.03817293 0.03927341 -0.13387184
v 0.05872174 -0.04629788 -0.05192689
v 0.01202829 -0.06070491 -0.10933435
v 0.00371131 -0.05678461 -0.14400858
v 0.02353112 -0.05956542 -0.09839520
v 0.01988407 -0.06684338 -0.05890235
v 0.03573838 -0.06756015 -0.01797043
v 0.02042560 -0.06821926 -0.04449760
v 0.04070001 -0.06415530 -0.03433717
v 0.05044995 -0.05804056 -0.03972027
v 0.06532751 -0.04799026 -0.01664513
v 0.05367574 -0.05319306 -0.04949056
v 0.04307786 -0.04906442 -0.09654774
v 0.05236230 -0.04351822 -0.08121873
v 0.00793564 -0.05334319 -0.15484838
v 0.01841569 -0.05185663 -0.14332861
v 0.03683803 -0.05407073 -0.09576234
v 0.03840075 -0.05987269 -0.06598374
v 0.01539233 0.05943593 -0.12575006
v 0.00168787 0.05860105 -0.15029453
v 0.01246883 0.06337024 -0.10785124
v 0.04724169 0.05392209 -0.07717882
v 0.03729676 0.05519754 -0.10018048
v 0.03020731 0.06396216 -0.07554666
v 0.01874321 0.06837551 -0.06677341
v 0.02528068 0.05420040 -0.13061042
v 0.04666067 0.04665489 -0.09830168
v 0.05507862 0.04687269 -0.06992985
v -0.00779687 -0.04875122 -0.19691150
v -0.01322254 -0.05129682 -0.19209771
v 0.00058955 -0.04248958 -0.20626487
v 0.00690936 -0.02999181 -0.21551883
v 0.00598019 -0.03437192 -0.21361822
v 0.00142730 -0.03811039 -0.21068777
v -0.00361796 -0.04471934 -0.20345569
v -0.00583265 -0.04448567 -0.20237207
v -0.01363712 -0.05062107 -0.19293743
v 0.00674016 0.03279734 -0.21547459
v 0.00860806 0.03210752 -0.21578781
v 0.00365740 0.04003551 -0.21160308
v 0.00266640 0.03894547 -0.21189550
v -0.00327139 0.04519967 -0.20528422
v -0.00564321 0.04949500 -0.20034225
v -0.01362768 0.05310586 -0.19294141
v -0.01315923 0.05378290 -0.19212081
v 0.01065195 0.05409001 -0.15761617
v 0.07227565 0.04194054 0.04200781
v 0.07489385 0.01327876 0.04200000
v 0.07500643 -0.01005443 0.04200006
v 0.07200226 -0.03919998 0.04199959
v 0.03912419 -0.06686309 0.04200017
v 0.05086326 0.06479191 0.04199993
v 0.06208377 0.05628464 0.04200023
v 0.03677385 0.06978347 0.04200005
v 0.06376752 -0.05211442 0.04200002
v 0.05227693 -0.06138191 0.04199987
v 0.01843078 -0.02924760 -0.18785308
v 0.02078434 0.03152321 -0.18210089
v 0.03541276 0.03919109 -0.13498774
v 0.03164300 0.04509505 -0.13417943
v 0.04186061 0.05923377 -0.06128766
v 0.02633398 0.05995401 -0.09247252
v 0.00725546 0.05578081 -0.14636868
v 0.02908055 0.05492197 -0.11044119
v 0.01073305 0.05270291 -0.15423980
v 0.02258066 0.04939902 -0.14401728
v 0.04988745 0.05445432 -0.05731491
v 0.03897351 0.05054552 -0.10221893
v 0.04560507 0.04367860 -0.09945687
v 0.05297610 0.04620745 -0.07031488
v 0.01054253 0.01525919 -0.21032359
v 0.01052845 -0.01324958 -0.21033031
v 0.07087601 -0.00997450 0.00967562
v 0.07107960 -0.01278880 0.00545769
v 0.07060309 -0.02152750 0.02696594
v 0.07131657 -0.01607479 0.03644383
v 0.07149190 -0.01379856 0.03643325
v 0.07081692 -0.01924589 0.02695450
v 0.07087491 0.01001780 0.00845365
v 0.07091635 0.02055691 0.02691405
v 0.07158620 0.01512191 0.03640498
v 0.07141867 0.01739850 0.03641173
v 0.07069074 0.02283184 0.02692675
v 0.07078945 0.01229218 0.00847597
v 0.07056208 0.01279236 0.00561012
v 0.07092881 -0.00929061 0.00746091
v 0.07055736 -0.01038450 0.00561000
v 0.07378998 -0.01035118 0.00578018
v 0.07390840 0.01072206 0.00728414
v 0.07364321 0.01170840 0.00560999
v 0.06516708 -0.01954177 -0.04651048
v 0.06229360 -0.00949101 -0.06378741
v 0.06946642 -0.00946778 -0.02948456
v 0.06936070 0.01073469 -0.02947356
v 0.06532005 0.02080286 -0.04655084
v 0.06249190 0.01067926 -0.06386177
v 0.05676312 -0.01954010 -0.08254196
v 0.05290861 -0.00946808 -0.09963725
v 0.06178152 -0.00944926 -0.06573518
v 0.06173015 0.01073027 -0.06572744
v 0.05686849 0.02080674 -0.08257107
v 0.05285970 0.01073772 -0.09961654
v 0.04065559 0.00999988 -0.13668759
v 0.04056774 -0.00975276 -0.13676915
v 0.02807403 -0.00984694 -0.16916560
v 0.02829821 0.00999038 -0.16944164
v 0.01522348 -0.00948079 -0.20401391
v 0.02733205 0.01000000 -0.17121275
v 0.02728281 -0.00971625 -0.17129539
v 0.02556754 0.01315485 -0.17561351
v 0.02074119 0.02080822 -0.18744077
v 0.01544425 0.01072325 -0.20411651
v 0.02537585 0.01000001 -0.17619072
v 0.05824209 0.00073629 -0.08146583
v 0.04306360 -0.02442348 -0.00412829
v 0.06976710 -0.02452002 -0.00383360
v 0.04309287 -0.02439653 0.00361360
v 0.07039445 -0.02457218 0.00305120
v 0.04208047 -0.02310141 0.00392856
v 0.04210147 -0.02228394 0.00323296
v 0.04207932 -0.02305080 -0.00457100
v 0.04210147 -0.02233002 -0.00376734
v 0.04208199 0.02311932 -0.00446575
v 0.04210147 0.02226953 -0.00383416
v 0.04208322 0.02305129 0.00401020
v 0.04210147 0.02231200 0.00321542
v 0.06981330 -0.02216480 -0.00602372
v 0.04311173 -0.02185303 -0.00610301
v 0.04308560 0.02264062 -0.00589890
v 0.04309488 0.02281383 0.00528165
v 0.07093810 -0.02240434 0.00536226
v 0.04310803 -0.02177325 0.00554527
v 0.04308360 0.02466442 0.00253086
v 0.04311334 0.02464616 -0.00334581
v 0.03503091 -0.04676744 0.03800000
v 0.02217171 -0.05375056 0.03850000
v 0.05561592 -0.01682153 0.03800000
v 0.04879829 -0.03160534 0.03800002
v 0.05808597 -0.00072986 0.03800000
v 0.04956804 0.03036672 0.03800001
v 0.05601637 0.01541809 0.03800000
v 0.03663101 0.04550808 0.03800000
v 0.02217115 0.05374109 0.03800000
v 0.04300628 0.03412813 0.04200001
v 0.05097866 0.02027261 0.04200001
v 0.02217381 -0.05020888 0.04066667
v 0.03265926 -0.04419963 0.04200001
v 0.03150850 0.04502610 0.04200001
v 0.04387397 -0.03300747 0.04200003
v 0.02217463 0.05019877 0.04150001
v 0.05464095 0.00471239 0.04200001
v 0.05303562 -0.01491524 0.04200005
v 0.03298876 -0.04796199 0.04000000
v 0.04484619 -0.03703139 0.04000000
v 0.05512060 -0.01911515 0.04000000
v 0.05808597 0.00072022 0.04000000
v 0.05561594 0.01681180 0.04000000
v 0.04879832 0.03159564 0.04000000
v 0.03503091 0.04675778 0.04000000
v 0.02217321 0.05374023 0.04000000
v 0.03265890 0.04419026 0.04000000
v 0.04387395 0.03299782 0.04000000
v 0.05303562 0.01490554 0.04000000
v 0.05464094 -0.00472210 0.04000000
v 0.03150855 -0.04503572 0.04000000
v 0.04300630 -0.03413777 0.04000000
v 0.05097864 -0.02028233 0.04000000
v 0.07335307 0.00496633 -0.00260651
v 0.07382008 0.00066657 0.00174160
v 0.07237035 0.02110978 -0.00253542
v 0.07269638 0.02109748 0.00167485
v 0.07215642 -0.02106991 -0.00257713
v 0.07246206 -0.02111654 0.00167076
v 0.07085543 0.02151169 0.00352040
v 0.07074161 -0.02125573 0.00361552
v 0.07081467 0.02267183 0.00230452
v 0.07051884 0.02230986 -0.00373652
v 0.07160449 -0.00084729 -0.00418886
v 0.07029214 -0.02230598 -0.00373091
v 0.07057759 -0.02267373 0.00230901
v 0.02549891 0.01000000 -0.12618999
v 0.02549891 0.01299999 -0.12618999
v 0.01210145 0.01300000 -0.17619000
v 0.01210145 0.01000001 -0.17619000
v 0.01210145 -0.01300000 -0.17619000
v 0.01210145 -0.01000000 -0.17619000
v 0.02549891 -0.01300000 -0.12618999
v 0.02549891 -0.00999999 -0.12618999
v 0.02292660 0.04829955 -0.00019474
v 0.02310855 0.04637928 -0.00058024
v 0.02293088 0.04874515 0.00277321
v 0.02291773 0.05132103 0.00210581
v 0.02294525 0.05326895 0.00334738
v 0.02292660 0.05421015 -0.00036306
v 0.02293180 0.05557987 -0.00227783
v 0.02294442 0.05115068 -0.00390337
v 0.02293328 0.04944573 -0.00492064
v 0.02306516 0.04694149 -0.00289051
v 0.02320660 0.05331772 -0.00519480
v 0.05381109 0.05467089 -0.00473681
v 0.02345538 0.05085874 -0.00581707
v 0.05823439 0.05174134 -0.00590065
v 0.02362335 0.05543644 -0.00364888
v 0.05002637 0.05587203 -0.00313544
v 0.02356450 0.05625194 -0.00074859
v 0.04864636 0.05636848 -0.00103870
v 0.05011984 0.05627072 0.00045713
v 0.02335524 0.05537594 0.00201264
v 0.05325953 0.05542007 0.00225347
v 0.02362472 0.05295026 0.00392625
v 0.05997727 0.05215883 0.00433499
v 0.02339499 0.04992424 0.00402936
v 0.06392772 0.04860171 0.00358488
v 0.02349757 0.04714876 0.00214871
v 0.06575420 0.04678811 0.00171152
v 0.06602383 0.04608687 -0.00085973
v 0.02362347 0.04805894 -0.00469072
v 0.06412865 0.04724465 -0.00395811
v 0.06265249 0.04908184 -0.00548992
v 0.02292657 -0.04676558 0.00144387
v 0.02303063 -0.04614091 0.00318965
v 0.02306762 -0.04392933 -0.00079135
v 0.02291770 -0.04628399 -0.00232306
v 0.02307451 -0.04602731 -0.00473545
v 0.02291537 -0.04908771 -0.00364685
v 0.02301820 -0.05097668 -0.00512584
v 0.02295644 -0.05162130 -0.00428182
v 0.02292657 -0.05173013 -0.00123694
v 0.02313093 -0.05362661 -0.00082956
v 0.02307119 -0.05311115 0.00118516
v 0.02291393 -0.05010946 0.00168725
v 0.02305790 -0.05024137 0.00375445
v 0.02361408 -0.05202264 0.00301703
v 0.05771871 -0.05083130 0.00387463
v 0.05156133 -0.05310061 0.00193881
v 0.04841373 -0.05386390 -0.00071053
v 0.02350568 -0.05313478 -0.00323558
v 0.04974460 -0.05366608 -0.00257034
v 0.05344863 -0.05204347 -0.00473419
v 0.05818175 -0.04951381 -0.00586621
v 0.02336328 -0.04827123 -0.00577783
v 0.06294083 -0.04642059 -0.00545202
v 0.06465265 -0.04448557 -0.00363860
v 0.02335078 -0.04448560 -0.00330521
v 0.06618696 -0.04360402 -0.00084866
v 0.02349271 -0.04448463 0.00178677
v 0.06530930 -0.04446093 0.00194994
v 0.06291004 -0.04732488 0.00420453
v 0.02361596 -0.04792855 0.00415293
v 0.05583354 -0.05555551 0.00314667
v 0.06019219 -0.05119306 0.00460489
v 0.05524311 -0.05339278 0.00269721
v 0.05166164 -0.05866307 -0.00037098
v 0.05202222 -0.05547701 0.00016026
v 0.05099201 -0.05973046 -0.00146298
v 0.04973655 -0.05447218 -0.00110881
v 0.05100103 -0.05573121 -0.00129855
v 0.05150102 -0.05743688 -0.00139127
v 0.06688238 -0.04408171 0.00259516
v 0.06465816 -0.04758681 0.00529399
v 0.05225820 -0.05483933 -0.00319579
v 0.05783482 -0.05195111 -0.00618060
v 0.06105139 -0.04965590 -0.00700012
v 0.05298988 -0.05600737 -0.00372885
v 0.06387211 -0.04749051 -0.00783687
v 0.05281379 -0.05812615 -0.00444009
v 0.06618995 0.04628054 -0.00333013
v 0.06037874 0.05351051 0.00467101
v 0.06518859 0.04903554 0.00466018
v 0.05994174 0.05309603 -0.00687338
v 0.05649971 0.05499109 -0.00562705
v 0.05163309 0.05757102 -0.00251870
v 0.05073099 0.05778790 -0.00119999
v 0.05429104 0.05824108 -0.00468551
v 0.05139041 0.05945536 -0.00142302
v 0.05178077 0.06125779 -0.00296065
v 0.05132119 0.06157402 -0.00135380
v 0.05286548 0.06052313 0.00120708
v 0.05668063 0.05656484 0.00340399
v 0.05264418 0.05812516 0.00066107
v 0.03791242 -0.04830750 0.00110550
v 0.02393078 -0.04794875 0.00089485
v 0.03791242 -0.04705527 -0.00192174
v 0.02391636 -0.04695908 -0.00081642
v 0.02393078 -0.04798314 -0.00251088
v 0.03791242 -0.05005483 -0.00217008
v 0.02392379 -0.05018873 -0.00197513
v 0.03791242 -0.05043498 -0.00007398
v 0.02393078 -0.05028822 0.00029323
v 0.03791245 0.04981605 0.00054462
v 0.02395556 0.05075717 0.00108174
v 0.03791245 0.05224585 0.00072347
v 0.02393081 0.05305981 -0.00033203
v 0.03791245 0.05299918 -0.00174924
v 0.02394105 0.05187472 -0.00260171
v 0.03791245 0.05004804 -0.00230559
v 0.02394105 0.04943830 -0.00143470
f 1 2 3
f 3 2 4
f 3 4 5
f 5 4 6
f 5 6 7
f 6 8 7
f 7 8 9
f 9 8 10
f 9 10 1
f 9 1 3
f 11 12 13
f 14 15 16
f 17 18 16
f 19 20 21
f 16 18 13
f 16 15 17
f 13 12 20
f 13 20 19
f 13 18 11
f 19 21 22
f 19 22 14
f 19 14 16
f 11 23 24
f 11 24 12
f 23 11 18
f 17 25 23
f 17 23 18
f 17 15 25
f 15 26 25
f 14 26 15
f 26 14 22
f 26 22 27
f 27 22 21
f 21 20 27
f 27 20 24
f 24 20 12
f 25 2 23
f 23 2 1
f 23 1 24
f 24 1 10
f 24 10 27
f 27 10 8
f 27 8 26
f 26 8 6
f 26 6 25
f 25 6 4
f 25 4 2
f 13 28 16
f 28 19 16
f 28 13 19
f 5 7 9
f 5 9 3
f 29 30 31
f 32 31 33
f 34 35 33
f 36 37 38
f 39 40 41
f 42 43 44
f 33 38 32
f 32 38 45
f 46 47 48
f 49 42 44
f 50 51 45
f 32 45 39
f 42 49 52
f 47 42 48
f 48 42 53
f 31 32 44
f 44 32 49
f 54 55 56
f 57 58 59
f 60 61 62
f 62 63 64
f 65 66 67
f 68 69 70
f 44 43 71
f 46 72 47
f 73 74 75
f 71 43 72
f 71 72 46
f 42 52 53
f 76 77 78
f 79 80 81
f 82 83 84
f 85 86 87
f 88 89 90
f 91 92 93
f 94 95 63
f 96 97 98
f 64 99 100
f 101 102 103
f 104 101 105
f 106 105 107
f 108 109 110
f 90 65 111
f 112 113 103
f 112 103 102
f 108 101 104
f 114 104 115
f 116 117 118
f 118 117 119
f 118 119 120
f 121 122 111
f 65 90 103
f 103 90 123
f 124 125 126
f 127 128 123
f 103 123 98
f 103 98 101
f 101 98 105
f 129 130 116
f 117 116 131
f 132 133 134
f 135 136 137
f 138 139 140
f 64 63 87
f 87 63 90
f 87 90 111
f 141 142 143
f 144 145 143
f 146 147 148
f 149 150 151
f 143 142 152
f 152 142 153
f 152 153 154
f 154 153 155
f 156 157 158
f 108 159 101
f 101 159 160
f 101 160 161
f 161 160 162
f 163 164 165
f 166 167 168
f 169 170 171
f 172 173 174
f 175 176 177
f 160 169 171
f 171 178 179
f 180 181 182
f 182 181 183
f 68 160 159
f 184 159 185
f 171 170 186
f 187 188 189
f 134 140 93
f 93 140 151
f 93 151 84
f 84 151 158
f 84 158 78
f 78 158 168
f 78 168 75
f 75 168 174
f 75 174 59
f 59 174 177
f 59 177 56
f 56 177 62
f 56 62 81
f 81 62 64
f 178 171 186
f 171 179 190
f 190 179 191
f 192 193 152
f 152 144 143
f 187 194 32
f 93 148 134
f 134 148 195
f 135 196 134
f 39 182 32
f 32 182 183
f 32 183 197
f 197 183 131
f 187 32 197
f 198 197 199
f 145 169 143
f 143 169 126
f 126 169 160
f 126 160 68
f 190 191 192
f 190 192 152
f 200 201 196
f 202 203 195
f 134 195 204
f 144 178 186
f 205 206 194
f 32 194 207
f 32 207 208
f 152 193 144
f 144 193 178
f 209 210 204
f 134 204 211
f 212 213 131
f 117 131 183
f 117 183 165
f 165 183 134
f 165 134 196
f 135 134 211
f 214 211 215
f 53 32 48
f 48 32 208
f 216 217 218
f 219 220 221
f 222 223 224
f 225 226 227
f 228 229 230
f 230 229 231
f 230 231 232
f 233 222 234
f 235 236 237
f 238 239 240
f 229 240 241
f 229 228 242
f 229 243 219
f 229 219 240
f 244 245 234
f 233 234 246
f 247 248 241
f 229 241 225
f 229 242 249
f 250 251 246
f 233 246 235
f 252 253 254
f 255 256 257
f 258 259 260
f 261 262 263
f 264 265 266
f 266 265 267
f 266 267 263
f 263 267 233
f 263 233 235
f 268 269 270
f 271 272 273
f 229 249 274
f 229 274 243
f 225 254 229
f 229 254 268
f 268 254 255
f 275 276 277
f 278 279 280
f 268 255 275
f 275 255 271
f 281 282 283
f 284 285 286
f 258 260 274
f 258 274 249
f 275 271 281
f 281 271 278
f 287 288 289
f 290 291 292
f 281 278 287
f 287 278 284
f 293 294 295
f 296 297 298
f 219 243 216
f 287 284 293
f 293 284 290
f 299 300 301
f 302 303 304
f 222 233 305
f 293 290 299
f 299 290 296
f 306 307 308
f 309 310 311
f 299 296 306
f 306 296 302
f 312 313 314
f 315 316 317
f 306 302 312
f 312 302 309
f 318 319 320
f 321 322 323
f 312 309 318
f 318 309 315
f 324 325 326
f 327 328 329
f 260 330 331
f 318 315 324
f 324 315 321
f 332 333 334
f 335 336 337
f 338 339 331
f 331 339 260
f 260 339 340
f 324 321 332
f 332 321 327
f 341 342 343
f 344 345 346
f 233 347 305
f 260 259 348
f 260 348 349
f 260 349 330
f 332 327 341
f 341 327 335
f 216 243 267
f 350 351 352
f 347 233 331
f 331 233 338
f 353 354 355
f 355 354 356
f 355 356 357
f 357 356 358
f 359 344 360
f 340 339 243
f 361 362 354
f 363 364 365
f 339 233 243
f 243 233 267
f 366 367 354
f 366 354 353
f 368 369 370
f 371 350 372
f 373 374 372
f 375 376 377
f 364 378 365
f 350 371 360
f 379 380 360
f 359 360 371
f 359 371 381
f 381 371 382
f 383 384 385
f 386 387 371
f 341 335 375
f 375 335 386
f 368 370 359
f 359 370 361
f 344 359 354
f 354 359 361
f 387 386 388
f 364 363 368
f 368 363 389
f 368 389 369
f 356 378 364
f 389 390 369
f 354 391 356
f 356 391 378
f 391 354 362
f 391 362 389
f 392 388 386
f 372 385 371
f 371 385 386
f 386 385 375
f 389 362 390
f 393 394 395
f 396 397 398
f 399 400 401
f 402 403 404
f 405 406 407
f 406 408 409
f 410 411 412
f 413 414 415
f 416 417 418
f 418 417 419
f 418 419 420
f 421 422 423
f 424 425 426
f 410 427 428
f 407 406 429
f 399 430 431
f 432 433 406
f 434 435 408
f 408 435 409
f 429 436 437
f 438 439 440
f 441 442 443
f 444 445 434
f 434 445 435
f 446 447 448
f 449 450 451
f 410 412 426
f 426 412 452
f 426 452 423
f 423 452 453
f 423 453 402
f 402 453 454
f 455 456 411
f 429 406 443
f 443 406 409
f 457 458 407
f 459 460 461
f 413 462 431
f 463 464 408
f 465 409 466
f 467 468 444
f 444 468 445
f 393 469 468
f 470 471 472
f 473 474 475
f 476 477 434
f 478 435 479
f 402 454 419
f 419 454 480
f 475 481 482
f 399 431 461
f 438 483 431
f 484 485 444
f 486 445 487
f 446 488 468
f 420 419 480
f 489 490 473
f 489 473 491
f 491 473 475
f 492 493 494
f 481 495 412
f 475 472 491
f 461 496 396
f 393 468 467
f 497 467 498
f 412 482 481
f 472 475 499
f 472 499 411
f 411 499 412
f 475 474 500
f 461 431 496
f 501 502 430
f 431 430 413
f 503 504 505
f 412 499 482
f 481 475 506
f 446 468 469
f 507 469 508
f 503 468 488
f 509 488 510
f 475 500 511
f 475 511 512
f 513 514 475
f 475 514 506
f 515 516 462
f 431 462 438
f 517 518 519
f 520 513 475
f 521 520 522
f 523 524 483
f 431 483 525
f 526 527 528
f 529 530 468
f 526 528 531
f 503 519 468
f 468 519 451
f 468 451 419
f 419 451 402
f 522 520 532
f 532 520 475
f 532 475 512
f 506 514 521
f 521 514 520
f 533 534 525
f 431 525 535
f 536 537 538
f 538 537 539
f 540 531 528
f 536 541 537
f 537 541 405
f 537 405 542
f 542 405 407
f 542 407 496
f 496 407 396
f 543 544 545
f 546 547 527
f 527 547 543
f 527 543 528
f 528 543 545
f 528 545 548
f 549 550 405
f 549 405 541
f 551 544 543
f 552 544 551
f 553 431 554
f 554 431 551
f 551 431 552
f 542 555 537
f 554 555 553
f 537 555 554
f 492 431 535
f 556 535 557
f 548 558 528
f 528 558 492
f 492 558 431
f 431 558 552
f 559 560 561
f 562 563 564
f 565 564 566
f 567 568 566
f 569 570 571
f 572 573 574
f 569 571 575
f 576 577 578
f 578 577 579
f 566 574 565
f 565 574 580
f 581 582 583
f 578 584 585
f 586 570 569
f 587 588 580
f 565 580 589
f 590 591 592
f 564 565 569
f 569 565 586
f 593 594 595
f 571 584 575
f 575 584 578
f 570 586 576
f 596 597 579
f 598 599 600
f 578 585 576
f 576 585 570
f 601 602 603
f 596 593 604
f 604 593 590
f 605 606 607
f 608 609 610
f 579 577 565
f 581 611 596
f 604 590 612
f 612 590 598
f 612 598 613
f 613 598 614
f 615 614 608
f 608 614 605
f 616 617 618
f 618 617 619
f 593 596 611
f 620 611 621
f 617 616 605
f 605 616 608
f 618 619 622
f 622 619 623
f 579 565 624
f 579 624 596
f 596 624 581
f 625 615 626
f 626 615 627
f 626 627 628
f 629 630 616
f 631 617 632
f 633 634 618
f 635 619 636
f 622 623 637
f 637 623 638
f 603 624 601
f 601 624 565
f 601 565 589
f 639 589 640
f 615 625 641
f 642 643 614
f 613 614 615
f 613 615 641
f 644 645 622
f 646 623 647
f 637 638 648
f 648 638 649
f 650 651 637
f 652 638 653
f 648 649 654
f 654 649 655
f 656 657 648
f 658 649 659
f 654 655 660
f 660 655 661
f 662 663 654
f 664 655 665
f 660 661 666
f 666 661 667
f 668 669 660
f 670 661 671
f 666 667 672
f 672 667 673
f 674 675 676
f 677 678 666
f 679 667 680
f 672 673 675
f 675 673 676
f 681 682 672
f 683 673 684
f 685 686 675
f 687 676 688
f 689 690 691
f 692 691 693
f 694 695 696
f 697 698 674
f 699 700 693
f 676 691 674
f 674 691 701
f 702 703 704
f 704 703 705
f 706 707 708
f 709 710 711
f 707 712 708
f 708 712 713
f 708 713 714
f 708 715 716
f 701 717 718
f 719 720 714
f 719 714 713
f 716 715 721
f 716 721 722
f 559 723 691
f 708 724 715
f 716 725 711
f 711 725 709
f 700 703 693
f 693 703 702
f 693 702 692
f 692 702 710
f 692 710 714
f 559 691 692
f 726 692 727
f 711 710 702
f 694 728 691
f 710 729 714
f 708 730 724
f 694 691 723
f 731 723 732
f 701 691 728
f 733 728 734
f 729 735 714
f 714 735 708
f 708 735 730
f 725 716 735
f 735 716 722
f 735 722 736
f 735 736 730
f 213 212 737
f 198 199 738
f 189 188 739
f 206 205 740
f 208 741 48
f 48 741 742
f 742 743 48
f 743 744 48
f 743 742 745
f 746 745 742
f 747 745 748
f 748 745 746
f 744 749 481
f 481 749 747
f 747 748 481
f 481 748 495
f 495 748 750
f 495 750 208
f 744 743 751
f 751 749 744
f 752 741 208
f 208 750 752
f 236 753 237
f 250 754 251
f 244 755 245
f 223 756 224
f 597 757 579
f 579 757 758
f 758 759 579
f 759 760 579
f 761 757 597
f 597 762 761
f 760 763 331
f 331 763 764
f 764 765 331
f 331 765 347
f 347 765 762
f 347 762 597
f 759 758 766
f 767 766 758
f 764 766 765
f 765 766 767
f 760 759 768
f 768 763 760
f 587 769 588
f 572 770 573
f 567 771 568
f 562 772 563
f 521 773 506
f 506 773 774
f 774 775 506
f 775 776 506
f 777 778 774
f 774 778 775
f 779 780 778
f 779 778 777
f 776 781 578
f 578 781 780
f 780 779 578
f 578 779 575
f 575 779 782
f 575 782 521
f 776 775 783
f 783 781 776
f 784 773 521
f 521 782 784
f 50 785 51
f 36 786 37
f 34 787 35
f 29 788 30
f 349 789 330
f 330 789 790
f 790 791 330
f 791 792 330
f 793 789 349
f 349 794 793
f 792 795 46
f 46 795 796
f 796 797 46
f 46 797 71
f 71 797 794
f 71 794 349
f 791 790 798
f 799 798 790
f 796 798 797
f 797 798 799
f 792 791 800
f 800 795 792
f 130 129 801
f 261 802 262
f 640 803 639
f 40 804 41
f 805 806 807
f 808 807 809
f 808 809 810
f 811 812 813
f 814 813 815
f 814 815 816
f 122 121 557
f 557 121 556
f 86 85 533
f 533 85 534
f 100 99 523
f 523 99 524
f 80 79 439
f 439 79 440
f 55 54 515
f 515 54 516
f 58 57 414
f 414 57 415
f 74 73 501
f 501 73 502
f 77 76 400
f 400 76 401
f 83 82 459
f 459 82 460
f 92 91 397
f 397 91 398
f 147 146 457
f 457 146 458
f 203 202 436
f 436 202 437
f 210 209 441
f 441 209 442
f 214 215 466
f 466 215 465
f 137 136 479
f 479 136 478
f 201 200 487
f 487 200 486
f 164 163 529
f 529 163 530
f 120 119 416
f 416 119 417
f 561 560 328
f 328 560 329
f 731 732 322
f 322 732 323
f 696 695 316
f 316 695 317
f 733 734 310
f 310 734 311
f 718 717 303
f 303 717 304
f 698 697 297
f 297 697 298
f 686 685 291
f 291 685 292
f 682 681 285
f 285 681 286
f 678 677 279
f 279 677 280
f 669 668 272
f 272 668 273
f 663 662 256
f 256 662 257
f 657 656 252
f 252 656 253
f 651 650 226
f 226 650 227
f 645 644 247
f 247 644 248
f 634 633 238
f 238 633 239
f 630 629 220
f 220 629 221
f 610 609 217
f 217 609 218
f 628 627 264
f 264 627 265
f 464 463 688
f 688 463 687
f 477 476 684
f 684 476 683
f 485 484 680
f 680 484 679
f 497 498 671
f 671 498 670
f 395 394 665
f 665 394 664
f 507 508 659
f 659 508 658
f 448 447 653
f 653 447 652
f 509 510 647
f 647 510 646
f 505 504 636
f 636 504 635
f 518 517 632
f 632 517 631
f 450 449 606
f 606 449 607
f 404 403 642
f 642 403 643
f 422 421 599
f 599 421 600
f 425 424 591
f 591 424 592
f 428 427 594
f 594 427 595
f 456 455 621
f 621 455 620
f 471 470 582
f 582 470 583
f 490 489 602
f 602 489 603
f 380 379 69
f 69 379 70
f 352 351 185
f 185 351 184
f 374 373 109
f 109 373 110
f 384 383 115
f 115 383 114
f 377 376 107
f 107 376 106
f 343 342 96
f 96 342 97
f 334 333 127
f 127 333 128
f 326 325 88
f 88 325 89
f 320 319 94
f 94 319 95
f 314 313 60
f 60 313 61
f 308 307 175
f 175 307 176
f 301 300 172
f 172 300 173
f 295 294 166
f 166 294 167
f 289 288 156
f 156 288 157
f 283 282 149
f 149 282 150
f 277 276 138
f 138 276 139
f 270 269 132
f 132 269 133
f 232 231 180
f 180 231 181
f 67 66 493
f 493 66 494
f 726 727 336
f 336 727 337
f 433 432 689
f 689 432 690
f 346 345 124
f 124 345 125
f 817 818 331
f 817 331 819
f 819 331 330
f 819 330 820
f 819 820 821
f 331 818 822
f 46 823 824
f 825 579 826
f 827 828 481
f 827 481 829
f 829 481 506
f 829 506 830
f 829 830 831
f 828 832 481
f 833 823 46
f 833 46 834
f 834 46 48
f 834 48 835
f 834 835 836
f 837 835 48
f 822 838 331
f 331 838 839
f 840 825 841
f 841 825 826
f 506 842 830
f 832 843 844
f 845 846 847
f 846 845 578
f 848 849 46
f 838 822 850
f 832 828 843
f 824 848 46
f 851 852 820
f 820 852 853
f 854 846 855
f 855 846 578
f 855 578 856
f 856 578 579
f 856 579 825
f 330 851 820
f 842 506 857
f 857 506 776
f 857 776 845
f 845 776 578
f 832 858 481
f 481 858 744
f 744 858 48
f 48 858 837
f 848 824 859
f 331 839 760
f 760 839 579
f 579 839 826
f 860 835 861
f 861 835 837
f 862 830 863
f 863 830 842
f 845 847 864
f 46 849 792
f 792 849 865
f 792 865 330
f 330 865 851
f 840 841 866
f 850 822 867
f 867 822 868
f 867 868 869
f 867 869 866
f 866 869 840
f 870 871 856
f 856 871 872
f 873 840 869
f 873 869 874
f 873 874 875
f 876 877 855
f 877 854 855
f 864 847 878
f 879 880 878
f 878 880 864
f 881 864 880
f 881 880 882
f 881 882 883
f 883 882 884
f 883 884 863
f 863 884 862
f 829 831 885
f 886 862 884
f 886 884 887
f 886 887 888
f 888 887 885
f 889 890 827
f 891 892 893
f 893 892 894
f 893 894 843
f 843 894 844
f 895 844 894
f 895 894 896
f 895 896 897
f 897 896 898
f 836 899 834
f 860 898 900
f 900 898 896
f 900 896 901
f 900 901 902
f 902 901 899
f 859 824 903
f 904 905 903
f 903 905 906
f 903 906 859
f 853 852 907
f 908 859 906
f 908 906 909
f 908 909 907
f 907 909 853
f 821 910 819
f 819 910 911
f 912 853 909
f 912 909 913
f 912 913 914
f 914 913 915
f 914 915 911
f 916 917 918
f 916 918 817
f 868 822 919
f 868 919 920
f 920 919 916
f 819 911 915
f 904 921 833
f 904 833 905
f 905 833 834
f 834 899 901
f 834 901 905
f 891 889 827
f 891 827 892
f 892 827 922
f 922 827 829
f 829 885 887
f 829 887 922
f 879 876 855
f 879 855 880
f 880 855 874
f 855 856 874
f 874 856 875
f 875 856 872
f 920 916 817
f 920 817 915
f 915 817 819
f 923 924 925
f 926 927 928
f 929 928 927
f 930 924 928
f 930 928 929
f 928 931 926
f 926 931 932
f 930 933 924
f 924 933 925
f 932 931 547
f 547 934 543
f 543 934 935
f 934 547 931
f 936 937 938
f 939 940 704
f 939 936 940
f 937 936 939
f 702 941 942
f 704 943 941
f 704 941 702
f 943 704 940
f 381 944 945
f 946 947 948
f 949 950 951
f 951 950 952
f 948 947 953
f 954 955 956
f 956 955 957
f 956 957 958
f 956 959 960
f 960 959 961
f 960 961 962
f 945 963 381
f 381 963 964
f 953 947 951
f 951 947 965
f 951 965 949
f 966 967 968
f 968 967 969
f 968 969 970
f 952 971 951
f 951 971 381
f 951 381 972
f 972 381 964
f 973 974 975
f 975 974 976
f 975 976 958
f 958 976 977
f 958 977 956
f 946 948 978
f 978 948 979
f 978 979 980
f 980 979 981
f 980 981 973
f 973 981 982
f 973 982 974
f 971 983 381
f 381 983 984
f 381 984 985
f 381 985 359
f 985 966 359
f 359 966 968
f 986 987 988
f 988 987 989
f 154 990 991
f 154 991 992
f 993 994 995
f 996 997 992
f 992 997 154
f 993 995 996
f 996 995 997
f 995 994 998
f 995 998 999
f 995 999 986
f 1000 995 988
f 988 995 986
f 1001 1002 988
f 988 1002 1003
f 988 1003 1004
f 154 997 1005
f 154 1005 1006
f 154 1006 1007
f 1004 1008 988
f 988 1008 1009
f 988 1009 1000
f 1007 1010 154
f 154 1010 1011
f 154 1011 152
f 152 1012 1013
f 1013 1014 152
f 152 1014 1015
f 152 1015 988
f 988 1015 1001
f 1011 1016 152
f 152 1016 1017
f 152 1017 1018
f 152 1018 1012
f 356 1019 358
f 358 1019 1020
f 988 989 1021
f 358 1020 990
f 358 990 154
f 1022 1023 162
f 1024 1025 1026
f 1026 1025 1027
f 1026 1027 1028
f 1028 1029 1026
f 1026 1029 1030
f 1031 1032 160
f 160 1032 1033
f 160 1033 162
f 162 1033 1034
f 162 1034 1022
f 1030 1035 160
f 160 1035 1031
f 1023 1036 162
f 162 1036 1037
f 162 1037 932
f 162 932 547
f 1038 1039 1040
f 937 1039 1038
f 1041 539 537
f 1041 537 1040
f 939 704 539
f 939 539 1041
f 706 1042 1043
f 1044 1045 960
f 960 1045 1046
f 960 1046 1047
f 1047 1048 960
f 960 1048 1049
f 960 1049 1050
f 1050 1051 708
f 708 1051 1052
f 708 1052 1053
f 944 381 706
f 944 706 1054
f 1054 706 1043
f 1053 1055 708
f 708 1055 1056
f 708 1056 1057
f 1057 1058 708
f 708 1058 1059
f 708 1059 706
f 706 1059 1060
f 706 1060 1042
f 1061 968 1021
f 1019 356 1021
f 1021 356 1061
f 1061 1062 968
f 968 1062 1063
f 1026 1064 988
f 1064 152 988
f 1030 160 1026
f 1065 1066 1026
f 1026 1066 1064
f 935 1038 1067
f 1067 543 935
f 1040 537 1038
f 1038 1068 1069
f 1038 1069 1067
f 960 1070 942
f 942 1070 1071
f 1050 708 960
f 960 708 1070
f 1071 702 942
f 1070 1072 1073
f 1070 1073 1071
f 923 1024 924
f 924 1024 1026
f 924 1026 935
f 935 1026 1038
f 1038 1026 942
f 1074 1075 942
f 942 1075 1076
f 1021 1077 1078
f 942 1076 1079
f 942 1079 960
f 960 1079 1080
f 960 1080 1081
f 960 1081 1021
f 1021 1081 1077
f 1021 1078 1082
f 1083 1084 1026
f 1026 1085 1074
f 1026 1074 942
f 1082 1083 1021
f 1021 1083 1026
f 1021 1026 988
f 1084 1085 1026
f 960 1021 968
f 960 968 956
f 956 968 970
f 956 970 954
f 938 937 1038
f 938 1038 1086
f 1086 1038 942
f 960 962 1044
f 353 1087 366
f 142 141 366
f 142 366 1087
f 700 699 549
f 700 549 1088
f 1088 549 541
f 387 388 1089
f 1089 388 713
f 713 388 719
f 526 531 1090
f 1090 531 102
f 102 531 112
f 1091 1092 1093
f 1091 1093 1094
f 1091 1094 1095
f 1091 1095 1096
f 1097 1098 1092
f 1097 1092 1091
f 1099 1100 1101
f 1099 1101 1097
f 1097 1101 1098
f 1102 1103 1104
f 1104 1103 1105
f 1095 1106 1096
f 1096 1106 1107
f 1096 1107 1102
f 1102 1107 1108
f 1102 1108 1103
f 1109 1110 1111
f 1109 1111 1099
f 1099 1111 1100
f 1112 1113 1109
f 1109 1113 1110
f 1114 1115 1112
f 1112 1115 1116
f 1112 1116 1113
f 1114 1117 1115
f 1104 1105 1118
f 1104 1118 1114
f 1114 1118 1117
f 1119 922 887
f 1119 887 884
f 884 882 1120
f 1120 882 1121
f 1121 882 880
f 1121 880 1122
f 1122 880 1123
f 1123 880 874
f 1123 874 1124
f 1124 874 869
f 1124 869 1125
f 1125 869 868
f 1125 868 1126
f 1126 868 1127
f 1127 868 920
f 1127 920 915
f 1127 915 913
f 1128 913 909
f 1128 909 1129
f 1129 909 1130
f 1130 909 906
f 906 905 1131
f 1131 905 1132
f 1132 905 901
f 1132 901 896
f 1132 896 1133
f 1133 896 1134
f 1134 896 894
f 894 892 1119
f 1119 892 922
f 1116 1135 1136
f 1130 1136 1137
f 1130 1137 1138
f 1130 1138 1129
f 1129 1138 1139
f 1139 1135 1115
f 1129 1139 1115
f 1115 1135 1116
f 1140 1141 1095
f 1121 1142 1143
f 1121 1143 1120
f 1120 1143 1144
f 1120 1144 1094
f 1094 1144 1140
f 1094 1140 1095
f 1145 1133 1146
f 1133 1145 1132
f 1111 1147 1148
f 1132 1145 1147
f 1111 1148 1100
f 1148 1149 1100
f 1133 1149 1146
f 1125 1150 1124
f 1124 1150 1151
f 1151 1152 1108
f 1108 1152 1103
f 1103 1152 1153
f 1125 1153 1154
f 1125 1154 1150
f 1149 1133 1100
f 1100 1133 1155
f 1100 1155 1156
f 1100 1156 1157
f 1157 1101 1100
f 1101 1157 1158
f 1158 1159 1134
f 1134 1159 1133
f 1133 1159 1155
f 1132 1147 1111
f 1132 1111 1110
f 1132 1110 1131
f 1131 1110 1113
f 1131 1113 906
f 906 1113 1130
f 1130 1113 1116
f 1130 1116 1136
f 1115 1160 1161
f 1115 1161 1129
f 1129 1161 1162
f 1129 1162 1128
f 1128 1162 1163
f 1128 1163 1160
f 1153 1125 1103
f 1103 1125 1164
f 1103 1164 1165
f 1165 1105 1103
f 1105 1165 1166
f 1126 1166 1167
f 1105 1166 1126
f 1105 1126 1127
f 1105 1127 1118
f 1118 1127 913
f 1118 913 1117
f 1117 913 1115
f 1115 913 1128
f 1115 1128 1160
f 1126 1167 1168
f 1126 1168 1125
f 1168 1164 1125
f 1124 1151 1108
f 1124 1108 1123
f 1123 1108 1107
f 1123 1107 1122
f 1122 1107 1106
f 1122 1106 1121
f 1121 1106 1095
f 1121 1095 1142
f 1142 1095 1141
f 1169 1170 1093
f 1093 1170 1171
f 1093 1171 1094
f 1171 1172 1094
f 1094 1172 1120
f 1120 1172 1173
f 1120 1173 884
f 1173 1169 884
f 884 1169 1093
f 884 1093 1092
f 884 1092 1119
f 1119 1092 1098
f 1119 1098 894
f 894 1098 1101
f 894 1101 1134
f 1134 1101 1158
f 1174 1074 1085
f 1174 1085 1175
f 1175 1085 1084
f 1175 1084 1176
f 1176 1084 1083
f 1176 1083 1177
f 1177 1083 1082
f 1177 1082 1078
f 1177 1078 1178
f 1178 1078 1077
f 1178 1077 1179
f 1179 1077 1081
f 1179 1081 1180
f 1180 1081 1080
f 1180 1080 1079
f 1180 1079 1181
f 1181 1079 1076
f 1181 1076 1182
f 1182 1076 1075
f 1182 1075 1174
f 1174 1075 1074
f 1183 1179 1184
f 1184 1179 1180
f 1184 1180 1185
f 1185 1180 1186
f 1186 1180 1181
f 1186 1181 1187
f 1187 1181 1182
f 1187 1182 1188
f 1188 1182 1174
f 1188 1174 1189
f 1189 1174 1175
f 1189 1175 1190
f 1190 1175 1176
f 1190 1176 1177
f 1190 1177 1191
f 1191 1177 1183
f 1183 1177 1178
f 1183 1178 1179
f 1192 1193 1194
f 1192 1194 1195
f 1195 1194 1196
f 1195 1196 1197
f 1197 1196 1198
f 1198 1196 1199
f 1198 1199 1200
f 1198 1200 1201
f 1201 1200 1202
f 1201 1202 1203
f 1203 1202 1204
f 1203 1204 1205
f 1205 1204 1206
f 1205 1206 1207
f 1207 1206 1208
f 1207 1208 1209
f 1209 1208 1210
f 1210 1208 1211
f 1210 1211 1193
f 1210 1193 1192
f 1198 1188 1197
f 1197 1188 1195
f 1195 1188 1189
f 1195 1189 1192
f 1192 1189 1190
f 1192 1190 1210
f 1210 1190 1191
f 1210 1191 1209
f 1209 1191 1183
f 1209 1183 1207
f 1207 1183 1184
f 1207 1184 1205
f 1205 1184 1185
f 1205 1185 1203
f 1203 1185 1186
f 1203 1186 1201
f 1201 1186 1187
f 1201 1187 1198
f 1198 1187 1188
f 1097 1196 1194
f 1097 1194 1099
f 1099 1194 1109
f 1109 1194 1193
f 1109 1193 1112
f 1112 1193 1211
f 1112 1211 1208
f 1112 1208 1114
f 1114 1208 1206
f 1114 1206 1104
f 1104 1206 1204
f 1104 1204 1102
f 1102 1204 1202
f 1102 1202 1096
f 1096 1202 1200
f 1096 1200 1091
f 1091 1200 1199
f 1091 1199 1196
f 1091 1196 1097
f 357 358 154
f 357 154 155
f 381 382 706
f 706 382 707
f 538 539 704
f 538 704 705
f 547 546 162
f 162 546 161
f 355 357 1212
f 1212 357 153
f 153 357 155
f 1213 1087 1214
f 1087 1213 1212
f 1212 1213 1215
f 1212 1215 355
f 1215 1216 355
f 1216 1214 1087
f 153 1217 1218
f 1218 1219 153
f 153 1219 1212
f 1219 1220 1212
f 1212 1220 1087
f 1087 1220 1221
f 1221 142 1087
f 142 1221 1217
f 153 142 1217
f 355 1216 1087
f 355 1087 353
f 536 538 1222
f 1222 538 703
f 703 538 705
f 703 1223 1224
f 1224 1225 703
f 703 1225 1222
f 1222 1225 1088
f 1225 1226 1088
f 1226 700 1088
f 700 1226 1223
f 541 1227 1228
f 541 1228 1088
f 1228 1229 1088
f 1088 1229 1222
f 1222 1229 536
f 1229 1230 536
f 1230 1227 541
f 703 700 1223
f 536 1230 541
f 371 1231 1232
f 1232 1233 371
f 371 1233 1234
f 1234 1233 1089
f 1233 1235 1089
f 1235 387 1089
f 387 1235 1231
f 713 1236 1089
f 1236 1237 1089
f 1089 1237 1234
f 1234 1237 1238
f 1234 1238 712
f 1238 1239 712
f 1239 1236 713
f 371 387 1231
f 712 1239 713
f 712 707 382
f 712 382 1234
f 1234 382 371
f 527 1240 1241
f 1241 1242 527
f 527 1242 1243
f 1242 1244 1243
f 1243 1244 1090
f 1090 1244 1245
f 1245 526 1090
f 526 1245 1240
f 1246 1090 1247
f 102 1247 1090
f 1090 1246 1243
f 1243 1246 1248
f 1243 1248 101
f 1248 1249 101
f 1249 1247 102
f 526 1240 527
f 102 101 1249
f 101 161 546
f 101 546 1243
f 1243 546 527
f 112 531 113
f 113 531 540
f 719 388 720
f 720 388 392
f 550 549 699
f 367 366 141
f 1250 1020 1019
f 1250 1019 1251
f 1251 1019 1021
f 1250 1252 1020
f 1253 1254 990
f 990 1252 1253
f 1250 1255 1252
f 1020 1252 990
f 1253 1256 1254
f 1254 1256 1250
f 1250 1256 1255
f 1257 989 987
f 1257 987 986
f 1257 986 999
f 1257 999 1254
f 1254 999 998
f 1254 998 994
f 1254 994 993
f 1254 993 996
f 1254 996 992
f 1254 992 991
f 1254 991 990
f 1257 1258 1259
f 1257 1259 989
f 1251 1260 1258
f 1251 1258 1257
f 1261 1260 1021
f 1021 1260 1251
f 989 1261 1021
f 989 1259 1261
f 1250 1251 1254
f 1254 1251 1257
f 1262 1009 1008
f 1262 1008 1004
f 1262 1004 1003
f 1262 1003 1002
f 1262 1002 1001
f 1262 1001 1015
f 1262 1015 1263
f 1263 1015 1014
f 1263 1014 1013
f 1263 1013 1012
f 1263 1012 1018
f 1263 1018 1017
f 1263 1017 1016
f 1263 1016 1011
f 1263 1011 1010
f 1263 1010 1007
f 1263 1007 1006
f 1262 1264 1009
f 1000 1009 1265
f 1264 1265 1009
f 1266 1267 1000
f 1266 1000 1265
f 1267 1266 1268
f 1262 1268 1264
f 1267 1268 1262
f 1269 1005 997
f 1269 997 995
f 1269 995 1267
f 1267 995 1000
f 1269 1270 1271
f 1006 1272 1263
f 1263 1272 1273
f 1269 1271 1005
f 1005 1271 1006
f 1271 1272 1006
f 1263 1273 1269
f 1269 1273 1270
f 1262 1263 1267
f 1267 1263 1269
f 1274 967 966
f 1274 966 1275
f 1275 966 985
f 1276 1277 1278
f 1279 1280 1274
f 1274 1280 967
f 967 1280 969
f 969 1280 1276
f 969 1276 1278
f 1278 1277 1274
f 1274 1277 1279
f 1281 984 983
f 1281 983 971
f 1281 971 952
f 1281 952 950
f 1281 950 949
f 1281 949 965
f 1281 965 947
f 1281 947 946
f 1281 946 978
f 1281 978 980
f 1281 980 973
f 1281 973 975
f 1281 975 1278
f 1278 975 958
f 1278 958 957
f 1278 957 955
f 1278 955 954
f 1278 954 970
f 1278 970 969
f 1281 1282 1283
f 1281 1283 984
f 985 1284 1275
f 1281 1285 1282
f 984 1283 985
f 985 1283 1284
f 1275 1284 1285
f 1275 1285 1281
f 1274 1275 1278
f 1278 1275 1281
f 1286 1086 942
f 1286 942 941
f 1286 941 1287
f 1287 941 943
f 1286 1288 1086
f 938 1086 1289
f 1288 1289 1086
f 1290 1291 938
f 1290 938 1289
f 1286 1292 1288
f 1290 1292 1291
f 1291 1292 1286
f 1293 940 936
f 1293 936 1291
f 1291 936 938
f 1293 1294 1295
f 943 1296 1287
f 1287 1296 1297
f 1293 1295 940
f 940 1295 943
f 1295 1296 943
f 1287 1297 1293
f 1293 1297 1294
f 1293 1291 1287
f 1287 1291 1286
f 1298 935 1299
f 1299 935 934
f 1300 1301 924
f 1300 924 1302
f 1298 1303 1304
f 1298 1304 935
f 935 1302 924
f 935 1304 1302
f 1300 1303 1301
f 1301 1303 1298
f 1305 931 928
f 1305 928 1301
f 1301 928 924
f 1306 1307 1299
f 1305 1308 1309
f 1306 1299 934
f 1305 1309 931
f 1299 1307 1305
f 1307 1308 1305
f 931 1309 934
f 934 1309 1306
f 1305 1301 1299
f 1299 1301 1298
f 1310 1037 1036
f 1310 1036 1023
f 1310 1023 1022
f 1310 1022 1034
f 1310 1034 1033
f 1310 1033 1032
f 1310 1032 1031
f 1310 1031 1035
f 1310 1035 1311
f 1311 1035 1030
f 1311 1030 1029
f 1311 1029 1028
f 1311 1028 1027
f 1311 1027 1025
f 1311 1025 1024
f 1310 1312 1313
f 1310 1313 1037
f 932 1313 1314
f 932 1314 1315
f 1315 1314 1316
f 1312 1310 1316
f 1316 1310 1315
f 1037 1313 932
f 1317 923 925
f 1317 925 933
f 1317 933 930
f 1317 930 929
f 1317 929 927
f 1317 927 926
f 1317 926 932
f 1317 932 1315
f 1318 1311 1024
f 1311 1318 1319
f 923 1317 1320
f 1321 1318 1024
f 1320 1321 923
f 1317 1319 1320
f 1311 1319 1317
f 923 1321 1024
f 1317 1315 1311
f 1311 1315 1310
f 1322 1041 1323
f 1323 1041 1040
f 1323 1040 1324
f 1324 1040 1039
f 1322 1325 1041
f 1326 1327 939
f 939 1325 1326
f 1322 1328 1325
f 1041 1325 939
f 1326 1329 1327
f 1327 1329 1322
f 1322 1329 1328
f 1330 937 939
f 1330 939 1327
f 1330 1331 937
f 937 1331 1332
f 1324 1333 1330
f 937 1332 1039
f 1039 1332 1334
f 1039 1334 1324
f 1324 1334 1333
f 1333 1331 1330
f 1322 1324 1327
f 1327 1324 1330
f 1323 1324 1322
f 1335 1054 1043
f 1335 1043 1042
f 1335 1042 1060
f 1335 1060 1059
f 1335 1059 1058
f 1335 1058 1057
f 1335 1057 1056
f 1335 1056 1055
f 1335 1055 1053
f 1335 1053 1052
f 1335 1052 1336
f 1336 1052 1051
f 1336 1051 1050
f 1336 1050 1049
f 1336 1049 1048
f 1336 1048 1047
f 1336 1047 1046
f 1336 1046 1045
f 1336 1045 1044
f 1335 1337 1338
f 1335 1338 1054
f 944 1338 1339
f 944 1339 1340
f 1340 1339 1341
f 1054 1338 944
f 1340 1341 1335
f 1335 1341 1337
f 1342 962 961
f 1342 961 959
f 1342 959 956
f 1342 956 977
f 1342 977 976
f 1342 976 974
f 1342 974 982
f 1342 982 1340
f 1340 982 981
f 1340 981 979
f 1340 979 948
f 1340 948 953
f 1340 953 951
f 1340 951 972
f 1340 972 964
f 1340 964 963
f 1340 963 945
f 1340 945 944
f 1343 1344 1336
f 1345 1346 1342
f 1342 1346 962
f 1044 1346 1343
f 962 1346 1044
f 1044 1343 1336
f 1336 1344 1342
f 1342 1344 1345
f 1335 1336 1340
f 1340 1336 1342
f 1258 1162 1259
f 1259 1162 1161
f 1258 1163 1162
f 1260 1163 1258
f 1260 1160 1163
f 1261 1160 1260
f 1261 1161 1160
f 1259 1161 1261
f 1213 1253 1252
f 1213 1252 1215
f 1215 1252 1216
f 1216 1252 1255
f 1216 1255 1214
f 1214 1255 1256
f 1214 1256 1213
f 1253 1213 1256
f 1272 1218 1217
f 1218 1272 1219
f 1219 1272 1271
f 1219 1271 1220
f 1220 1271 1270
f 1220 1270 1221
f 1221 1270 1273
f 1221 1273 1217
f 1272 1217 1273
f 1268 1137 1264
f 1264 1137 1136
f 1268 1138 1137
f 1266 1139 1268
f 1268 1139 1138
f 1265 1139 1266
f 1265 1135 1139
f 1265 1136 1135
f 1264 1136 1265
f 1306 1241 1240
f 1241 1306 1242
f 1242 1306 1309
f 1242 1309 1244
f 1244 1309 1308
f 1244 1308 1245
f 1245 1308 1307
f 1245 1307 1240
f 1306 1240 1307
f 1303 1158 1304
f 1303 1159 1158
f 1303 1155 1159
f 1300 1155 1303
f 1302 1156 1300
f 1300 1156 1155
f 1302 1157 1156
f 1304 1157 1302
f 1304 1158 1157
f 1292 1142 1288
f 1292 1143 1142
f 1290 1143 1292
f 1290 1144 1143
f 1289 1140 1290
f 1290 1140 1144
f 1289 1141 1140
f 1288 1141 1289
f 1288 1142 1141
f 1296 1224 1223
f 1224 1296 1225
f 1225 1296 1295
f 1225 1295 1294
f 1225 1294 1226
f 1226 1294 1297
f 1226 1297 1223
f 1296 1223 1297
f 1166 1280 1279
f 1166 1279 1167
f 1279 1168 1167
f 1277 1168 1279
f 1276 1168 1277
f 1276 1164 1168
f 1280 1165 1276
f 1276 1165 1164
f 1280 1166 1165
f 1284 1232 1231
f 1232 1284 1233
f 1233 1284 1283
f 1233 1283 1282
f 1233 1282 1235
f 1235 1282 1285
f 1235 1285 1231
f 1284 1231 1285
f 1320 1146 1149
f 1319 1146 1320
f 1319 1145 1146
f 1319 1147 1145
f 1318 1147 1319
f 1318 1148 1147
f 1321 1148 1318
f 1321 1149 1148
f 1320 1149 1321
f 1246 1314 1313
f 1246 1313 1248
f 1248 1313 1249
f 1249 1313 1312
f 1249 1312 1247
f 1247 1312 1316
f 1247 1316 1246
f 1314 1246 1316
f 1172 1331 1333
f 1172 1333 1173
f 1173 1333 1169
f 1170 1169 1334
f 1334 1169 1333
f 1334 1171 1170
f 1332 1171 1334
f 1331 1172 1332
f 1332 1172 1171
f 1229 1326 1325
f 1229 1325 1230
f 1230 1325 1328
f 1230 1328 1227
f 1227 1328 1329
f 1227 1329 1228
f 1326 1229 1329
f 1329 1229 1228
f 1153 1346 1345
f 1153 1345 1154
f 1150 1154 1345
f 1344 1150 1345
f 1343 1151 1344
f 1344 1151 1150
f 1346 1151 1343
f 1346 1152 1151
f 1346 1153 1152
f 1237 1339 1338
f 1237 1338 1238
f 1238 1338 1239
f 1239 1338 1337
f 1239 1337 1236
f 1236 1337 1341
f 1236 1341 1237
f 1339 1237 1341
f 1347 1348 1349
f 1347 1350 1348
f 1348 1350 1026
f 1026 1350 1351
f 1026 1351 1065
f 1065 1351 1352
f 1352 1347 1349
f 1353 1064 1066
f 1064 1353 1354
f 1354 1355 1064
f 1355 1354 1356
f 1355 1356 1357
f 1355 1357 1358
f 1357 1359 1066
f 1066 1359 1353
f 1358 1357 1066
f 1358 1066 1065
f 1358 1065 1349
f 1349 1065 1352
f 171 1348 160
f 160 1348 1026
f 152 1064 190
f 190 1064 1360
f 1361 1348 171
f 1360 1361 190
f 190 1361 171
f 1362 1363 1364
f 1363 1362 1365
f 1363 1365 1061
f 1061 1365 1366
f 1061 1366 1062
f 1062 1366 1367
f 1364 1367 1362
f 1368 968 1063
f 968 1368 1369
f 968 1369 1370
f 1370 1369 1371
f 1370 1371 1372
f 1372 1371 1373
f 1063 1373 1368
f 1372 1373 1063
f 1372 1063 1062
f 1372 1062 1364
f 1364 1062 1367
f 364 1363 356
f 356 1363 1061
f 359 968 368
f 368 968 1370
f 368 1370 1374
f 368 1374 364
f 364 1374 1375
f 1376 1377 1378
f 1376 1378 1379
f 1377 1376 1380
f 1377 1380 1070
f 1070 1380 1381
f 1070 1381 1072
f 1072 1381 1382
f 1382 1379 1378
f 1383 1071 1073
f 1071 1383 1384
f 1071 1384 1385
f 1385 1384 1386
f 1385 1386 1387
f 1387 1386 1388
f 1073 1388 1383
f 1387 1388 1073
f 1387 1073 1072
f 1387 1072 1378
f 1378 1072 1382
f 716 1377 708
f 708 1377 1070
f 702 1071 711
f 711 1071 1385
f 1389 1377 716
f 711 1385 1389
f 711 1389 716
f 1390 1391 1392
f 1390 1393 1391
f 1391 1393 1038
f 1038 1393 1394
f 1038 1394 1068
f 1068 1394 1395
f 1395 1390 1392
f 1396 1067 1069
f 1396 1069 1397
f 1398 1399 1067
f 1398 1067 1396
f 1399 1398 1400
f 1399 1400 1401
f 1401 1400 1402
f 1402 1397 1069
f 1401 1402 1069
f 1401 1069 1068
f 1401 1068 1392
f 1392 1068 1395
f 554 1391 537
f 537 1391 1038
f 543 1067 551
f 551 1067 1403
f 1404 1391 554
f 1403 1404 551
f 551 1404 554
f 1403 1067 1399
f 1360 1064 1355
f 1392 1391 1404
f 1392 1404 1401
f 1401 1404 1399
f 1399 1404 1403
f 1378 1377 1389
f 1378 1389 1387
f 1387 1389 1385
f 1363 1375 1364
f 1364 1375 1374
f 1364 1374 1372
f 1372 1374 1370
f 364 1375 1363
f 1349 1348 1361
f 1349 1361 1358
f 1358 1361 1355
f 1355 1361 1360
f 837 1405 861
f 861 1405 897
f 1406 1407 1408
f 1406 1408 1409
f 1409 1410 1411
f 1409 1411 1406
f 1406 1411 1412
f 1406 1412 832
f 832 1412 858
f 858 1412 1413
f 858 1413 837
f 837 1413 1414
f 837 1414 1405
f 1405 1414 1410
f 1409 1415 1410
f 1410 1415 1416
f 1410 1416 1405
f 1405 1416 1407
f 1405 1407 1406
f 844 895 832
f 832 895 1406
f 1417 895 897
f 1406 1418 1405
f 1405 1418 1419
f 1406 1420 1418
f 1405 1419 897
f 895 1417 1420
f 1417 897 1419
f 1420 1406 895
f 851 1421 852
f 852 1421 907
f 1422 1423 1424
f 1422 1424 1425
f 1422 1425 849
f 1425 1426 1427
f 1425 1427 1428
f 1425 1428 849
f 849 1428 865
f 865 1428 1429
f 865 1429 851
f 851 1429 1430
f 851 1430 1421
f 1426 1431 1430
f 1425 1431 1426
f 1430 1431 1432
f 1430 1432 1421
f 1421 1432 1423
f 1421 1423 1422
f 859 908 848
f 848 908 1422
f 1433 1434 908
f 1422 1435 1421
f 1422 1436 1435
f 1436 1422 1434
f 1434 1422 908
f 1437 1421 1435
f 1421 1437 907
f 1433 908 907
f 1433 907 1437
f 826 1438 841
f 841 1438 866
f 1439 1440 1441
f 1439 1441 1442
f 1442 1443 1444
f 1442 1444 1439
f 1439 1444 1445
f 1439 1445 839
f 839 1445 1446
f 839 1446 826
f 826 1446 1447
f 1442 1448 1443
f 1449 826 1448
f 1448 826 1447
f 1448 1447 1443
f 826 1449 1438
f 1438 1449 1440
f 1438 1440 1439
f 850 867 838
f 838 867 1439
f 1450 1439 1451
f 867 1452 1451
f 1439 1450 1438
f 1438 1450 1453
f 1451 1439 867
f 866 1452 867
f 1452 866 1453
f 1453 866 1438
f 842 1454 863
f 863 1454 883
f 1454 1455 1456
f 1456 1455 1457
f 1456 1457 1458
f 1458 1459 1460
f 1458 1460 1456
f 1456 1460 1461
f 1456 1461 845
f 845 1461 857
f 857 1461 1462
f 857 1462 842
f 842 1462 1463
f 1458 1464 1459
f 1465 842 1464
f 1464 842 1463
f 1464 1463 1459
f 842 1465 1454
f 1454 1465 1455
f 864 881 845
f 845 881 1456
f 1466 881 1467
f 1467 881 883
f 1454 1468 1469
f 883 1469 1467
f 1466 1468 1456
f 1469 883 1454
f 1466 1456 881
f 1456 1468 1454
f 838 1439 839
f 848 1422 849
f 1470 1471 1472
f 1470 1472 1473
f 1473 1471 1470
f 1471 1467 1472
f 1472 1467 1469
f 1472 1469 1473
f 1473 1469 1468
f 1473 1468 1471
f 1471 1468 1466
f 1471 1466 1467
f 1474 1475 1476
f 1475 1477 1476
f 1477 1474 1476
f 1474 1450 1451
f 1474 1451 1475
f 1475 1451 1452
f 1475 1452 1477
f 1477 1452 1453
f 1477 1453 1450
f 1477 1450 1474
f 1478 1479 1480
f 1479 1481 1480
f 1481 1478 1480
f 1478 1437 1435
f 1478 1435 1479
f 1479 1435 1436
f 1479 1436 1434
f 1479 1434 1481
f 1481 1434 1433
f 1481 1433 1478
f 1478 1433 1437
f 1482 1483 1484
f 1484 1485 1482
f 1482 1419 1483
f 1483 1419 1418
f 1483 1418 1420
f 1483 1420 1484
f 1484 1420 1485
f 1485 1420 1417
f 1485 1417 1482
f 1482 1417 1419
f 897 898 861
f 354 367 1486
f 141 143 1487
f 141 1487 1488
f 141 1488 367
f 367 1488 1486
f 345 344 1489
f 1490 126 125
f 345 1489 1490
f 345 1490 125
f 344 354 1486
f 344 1486 1489
f 1489 1486 1488
f 1489 1488 1490
f 1490 1488 1487
f 1490 1487 126
f 126 1487 143
f 1491 699 693
f 405 550 1492
f 699 1491 1493
f 699 1493 550
f 550 1493 1492
f 406 1494 432
f 1495 691 690
f 432 1494 1495
f 432 1495 690
f 406 405 1494
f 1494 405 1492
f 1494 1492 1493
f 1494 1493 1495
f 1495 1493 1491
f 1495 1491 691
f 691 1491 693
f 720 1496 714
f 386 1497 392
f 392 1497 720
f 720 1497 1496
f 1498 727 692
f 727 1498 1499
f 727 1499 337
f 337 1499 335
f 692 714 1496
f 692 1496 1498
f 1498 1496 1497
f 1498 1497 1499
f 1499 1497 386
f 1499 386 335
f 65 103 1500
f 1500 103 1501
f 1500 1501 1502
f 1500 1502 1503
f 1503 1502 528
f 1503 528 492
f 1500 66 65
f 494 1503 492
f 66 1500 494
f 494 1500 1503
f 528 1502 540
f 540 1502 113
f 113 1502 1501
f 113 1501 103
f 268 270 1504
f 132 134 1505
f 132 1505 1504
f 132 1504 270
f 181 1506 1507
f 181 1507 183
f 229 1506 231
f 231 1506 181
f 229 268 1504
f 229 1504 1506
f 1506 1504 1505
f 1506 1505 1507
f 1507 1505 134
f 1507 134 183
f 275 277 1508
f 138 140 1509
f 138 1509 1510
f 138 1510 277
f 277 1510 1508
f 133 1511 1512
f 133 1512 134
f 268 1511 269
f 269 1511 133
f 268 275 1508
f 268 1508 1511
f 1511 1508 1510
f 1511 1510 1509
f 1511 1509 1512
f 1512 1509 140
f 1512 140 134
f 281 283 1513
f 149 151 1514
f 149 1514 1515
f 149 1515 283
f 283 1515 1513
f 139 1516 1517
f 139 1517 140
f 275 1516 276
f 276 1516 139
f 275 281 1513
f 275 1513 1516
f 1516 1513 1515
f 1516 1515 1514
f 1516 1514 1517
f 1517 1514 151
f 1517 151 140
f 287 289 1518
f 1519 156 158
f 156 1519 1520
f 156 1520 289
f 289 1520 1518
f 282 281 1521
f 1522 1523 150
f 150 1523 151
f 282 1521 1522
f 282 1522 150
f 281 287 1518
f 281 1518 1521
f 1521 1518 1520
f 1521 1520 1522
f 1522 1520 1519
f 1522 1519 1523
f 1523 1519 158
f 1523 158 151
f 293 295 1524
f 1525 166 168
f 166 1525 1526
f 166 1526 295
f 295 1526 1524
f 288 287 1527
f 157 1528 158
f 288 1527 1528
f 288 1528 157
f 287 293 1524
f 287 1524 1527
f 1527 1524 1526
f 1527 1526 1528
f 1528 1526 1525
f 1528 1525 168
f 1528 168 158
f 299 301 1529
f 1530 172 174
f 172 1530 1531
f 172 1531 301
f 301 1531 1529
f 294 293 1532
f 1533 1534 167
f 167 1534 168
f 294 1532 1533
f 294 1533 167
f 293 299 1529
f 293 1529 1532
f 1532 1529 1531
f 1532 1531 1533
f 1533 1531 1530
f 1533 1530 1534
f 1534 1530 174
f 1534 174 168
f 1535 306 308
f 1536 175 177
f 175 1536 1537
f 175 1537 308
f 308 1537 1535
f 299 1538 300
f 1539 1540 173
f 173 1540 174
f 300 1538 1539
f 300 1539 173
f 299 306 1535
f 299 1535 1538
f 1538 1535 1537
f 1538 1537 1539
f 1539 1537 1536
f 1539 1536 1540
f 1540 1536 177
f 1540 177 174
f 1541 60 62
f 60 1541 1542
f 60 1542 314
f 314 1542 312
f 1543 177 176
f 306 1544 307
f 1545 1543 176
f 307 1544 1545
f 307 1545 176
f 306 312 1544
f 1544 312 1542
f 1544 1542 1545
f 1545 1542 1543
f 1543 1542 1541
f 1543 1541 62
f 1543 62 177
f 318 320 1546
f 1547 94 63
f 94 1547 1548
f 94 1548 320
f 320 1548 1546
f 313 312 1549
f 1550 1551 61
f 61 1551 62
f 313 1549 1550
f 313 1550 61
f 312 318 1546
f 312 1546 1549
f 1549 1546 1548
f 1549 1548 1550
f 1550 1548 1547
f 1550 1547 1551
f 1551 1547 63
f 1551 63 62
f 1552 88 90
f 88 1552 1553
f 88 1553 326
f 326 1553 324
f 1554 1555 95
f 95 1555 63
f 318 1554 319
f 319 1554 95
f 318 324 1553
f 318 1553 1554
f 1554 1553 1552
f 1554 1552 1555
f 1555 1552 90
f 1555 90 63
f 332 334 1556
f 1557 127 123
f 127 1557 1556
f 127 1556 334
f 325 324 1558
f 89 1559 90
f 325 1558 1559
f 325 1559 89
f 324 332 1556
f 324 1556 1558
f 1558 1556 1559
f 1559 1556 1557
f 1559 1557 123
f 1559 123 90
f 341 343 1560
f 96 98 1561
f 96 1561 1560
f 96 1560 343
f 332 1562 333
f 128 1563 123
f 333 1562 1563
f 333 1563 128
f 332 341 1562
f 1562 341 1560
f 1562 1560 1563
f 1563 1560 1561
f 1563 1561 98
f 1563 98 123
f 107 105 1564
f 107 1564 1565
f 107 1565 377
f 377 1565 375
f 97 1566 1567
f 97 1567 98
f 341 1566 342
f 342 1566 97
f 341 375 1565
f 341 1565 1566
f 1566 1565 1564
f 1566 1564 1567
f 1567 1564 105
f 1567 105 98
f 1568 385 384
f 115 104 1569
f 115 1569 1568
f 115 1568 384
f 375 1570 376
f 106 1571 1572
f 106 1572 105
f 1570 1571 376
f 376 1571 106
f 375 385 1568
f 375 1568 1570
f 1570 1568 1571
f 1571 1568 1569
f 1571 1569 1572
f 1572 1569 104
f 1572 104 105
f 372 374 1573
f 108 1574 109
f 109 1574 1573
f 109 1573 374
f 385 1575 383
f 114 1576 104
f 383 1575 1576
f 383 1576 114
f 385 372 1575
f 1575 372 1573
f 1575 1573 1576
f 1576 1573 1574
f 1576 1574 104
f 104 1574 108
f 1577 350 352
f 185 159 1578
f 185 1578 1577
f 185 1577 352
f 372 1579 373
f 1580 108 110
f 373 1579 1580
f 373 1580 110
f 372 350 1577
f 372 1577 1579
f 1579 1577 1578
f 1579 1578 1580
f 1580 1578 108
f 108 1578 159
f 360 380 1581
f 69 68 1582
f 69 1582 1583
f 69 1583 380
f 380 1583 1581
f 184 1584 1585
f 184 1585 159
f 350 1584 351
f 351 1584 184
f 350 360 1581
f 350 1581 1584
f 1584 1581 1583
f 1584 1583 1582
f 1584 1582 1585
f 1585 1582 68
f 1585 68 159
f 344 346 1586
f 124 126 1587
f 124 1587 1588
f 124 1588 346
f 346 1588 1586
f 379 360 1589
f 70 1590 1591
f 70 1591 68
f 379 1589 1590
f 379 1590 70
f 360 344 1586
f 360 1586 1589
f 1589 1586 1588
f 1589 1588 1590
f 1590 1588 1587
f 1590 1587 1591
f 1591 1587 126
f 1591 126 68
f 472 471 1592
f 1593 582 581
f 582 1593 1594
f 582 1594 471
f 471 1594 1592
f 489 491 1595
f 1596 603 1597
f 603 1596 624
f 489 1595 1597
f 489 1597 603
f 491 472 1592
f 491 1592 1595
f 1595 1592 1594
f 1595 1594 1597
f 1597 1594 1596
f 1596 1594 1593
f 1596 1593 581
f 1596 581 624
f 411 456 1598
f 1599 621 611
f 621 1599 1600
f 621 1600 456
f 456 1600 1598
f 1601 1602 583
f 583 1602 581
f 472 1601 470
f 470 1601 583
f 472 411 1598
f 472 1598 1601
f 1601 1598 1600
f 1601 1600 1599
f 1601 1599 1602
f 1602 1599 611
f 1602 611 581
f 410 428 1603
f 1604 594 593
f 594 1604 1605
f 594 1605 428
f 428 1605 1603
f 1606 1607 620
f 411 1608 455
f 620 1607 611
f 455 1608 1606
f 455 1606 620
f 411 410 1608
f 1608 410 1603
f 1608 1603 1605
f 1608 1605 1606
f 1606 1605 1604
f 1606 1604 1607
f 1607 1604 593
f 1607 593 611
f 426 425 1609
f 1610 591 590
f 591 1610 1611
f 591 1611 425
f 425 1611 1609
f 595 1612 593
f 427 410 1613
f 427 1613 1612
f 427 1612 595
f 410 426 1609
f 410 1609 1613
f 1613 1609 1611
f 1613 1611 1612
f 1612 1611 1610
f 1612 1610 593
f 593 1610 590
f 423 422 1614
f 1615 599 598
f 599 1615 1616
f 599 1616 422
f 422 1616 1614
f 590 592 1617
f 592 1618 1617
f 424 426 1619
f 424 1619 1618
f 424 1618 592
f 426 423 1614
f 426 1614 1619
f 1619 1614 1616
f 1619 1616 1618
f 1618 1616 1615
f 1618 1615 1617
f 1617 1615 598
f 1617 598 590
f 402 404 1620
f 1621 642 614
f 642 1621 1622
f 642 1622 404
f 404 1622 1620
f 598 600 1623
f 600 1624 1623
f 421 423 1625
f 421 1625 1624
f 421 1624 600
f 423 402 1620
f 423 1620 1625
f 1625 1620 1622
f 1625 1622 1624
f 1624 1622 1621
f 1624 1621 1623
f 1623 1621 614
f 1623 614 598
f 1626 606 605
f 606 1626 1627
f 606 1627 450
f 450 1627 451
f 614 643 1628
f 643 1629 1628
f 402 1629 403
f 403 1629 643
f 402 451 1627
f 402 1627 1629
f 1629 1627 1626
f 1629 1626 1628
f 1628 1626 605
f 1628 605 614
f 519 518 1630
f 1631 632 617
f 632 1631 1632
f 632 1632 518
f 518 1632 1630
f 605 607 1633
f 607 1634 1633
f 449 451 1635
f 449 1635 1634
f 449 1634 607
f 451 519 1630
f 451 1630 1635
f 1635 1630 1632
f 1635 1632 1634
f 1634 1632 1631
f 1634 1631 1633
f 1633 1631 617
f 1633 617 605
f 503 505 1636
f 1637 636 619
f 636 1637 1638
f 636 1638 505
f 505 1638 1636
f 617 631 1639
f 517 519 1640
f 517 1640 1639
f 517 1639 631
f 519 503 1636
f 519 1636 1640
f 1640 1636 1638
f 1640 1638 1639
f 1639 1638 1637
f 1639 1637 619
f 1639 619 617
f 1641 647 623
f 647 1641 1642
f 647 1642 509
f 509 1642 488
f 619 635 1643
f 503 1644 504
f 504 1644 1643
f 504 1643 635
f 503 488 1644
f 1644 488 1642
f 1644 1642 1643
f 1643 1642 1641
f 1643 1641 623
f 1643 623 619
f 446 448 1645
f 1646 653 638
f 653 1646 1647
f 653 1647 448
f 448 1647 1645
f 623 646 1648
f 646 1649 1648
f 488 1650 510
f 510 1650 1649
f 510 1649 646
f 488 446 1650
f 1650 446 1645
f 1650 1645 1647
f 1650 1647 1649
f 1649 1647 1646
f 1649 1646 1648
f 1648 1646 638
f 1648 638 623
f 1651 659 649
f 469 507 1652
f 659 1651 1653
f 659 1653 507
f 507 1653 1652
f 446 1654 447
f 652 1655 638
f 447 1654 1655
f 447 1655 652
f 446 469 1654
f 1654 469 1652
f 1654 1652 1653
f 1654 1653 1655
f 1655 1653 1651
f 1655 1651 649
f 1655 649 638
f 1656 665 655
f 665 1656 1657
f 665 1657 395
f 395 1657 393
f 1658 1659 658
f 658 1659 649
f 469 1658 508
f 508 1658 658
f 469 393 1657
f 469 1657 1658
f 1658 1657 1656
f 1658 1656 1659
f 1659 1656 655
f 1659 655 649
f 1660 671 661
f 467 497 1661
f 671 1660 1662
f 671 1662 497
f 497 1662 1661
f 1663 1664 664
f 393 1665 394
f 664 1664 655
f 394 1665 1663
f 394 1663 664
f 393 467 1665
f 1665 467 1661
f 1665 1661 1662
f 1665 1662 1663
f 1663 1662 1660
f 1663 1660 1664
f 1664 1660 661
f 1664 661 655
f 1666 680 667
f 680 1666 1667
f 680 1667 485
f 485 1667 444
f 467 1668 498
f 1669 661 670
f 498 1668 1669
f 498 1669 670
f 467 444 1668
f 1668 444 1667
f 1668 1667 1669
f 1669 1667 1666
f 1669 1666 661
f 661 1666 667
f 1670 684 673
f 434 477 1671
f 684 1670 1672
f 684 1672 477
f 477 1672 1671
f 1673 1674 679
f 444 1675 484
f 679 1674 667
f 1675 1673 484
f 484 1673 679
f 444 434 1675
f 1675 434 1671
f 1675 1671 1673
f 1673 1671 1672
f 1673 1672 1670
f 1673 1670 1674
f 1674 1670 673
f 1674 673 667
f 1676 688 676
f 408 464 1677
f 688 1676 1678
f 688 1678 464
f 464 1678 1677
f 1679 1680 683
f 434 1681 476
f 683 1680 673
f 476 1681 1679
f 476 1679 683
f 434 408 1681
f 1681 408 1677
f 1681 1677 1678
f 1681 1678 1679
f 1679 1678 1676
f 1679 1676 1680
f 1680 1676 676
f 1680 676 673
f 1682 406 433
f 1683 689 691
f 689 1683 1682
f 689 1682 433
f 1684 1685 687
f 687 1685 676
f 408 1684 463
f 463 1684 687
f 408 406 1682
f 408 1682 1684
f 1684 1682 1683
f 1684 1683 1685
f 1685 1683 691
f 1685 691 676
f 217 216 1686
f 1687 608 610
f 217 1686 1687
f 217 1687 610
f 267 265 1688
f 1689 627 615
f 627 1689 1688
f 627 1688 265
f 615 608 1689
f 1689 608 1687
f 1689 1687 1688
f 1688 1687 1686
f 1688 1686 216
f 1688 216 267
f 630 1690 616
f 219 1691 220
f 220 1691 630
f 630 1691 1690
f 216 218 1692
f 1693 609 608
f 609 1693 1694
f 609 1694 218
f 218 1694 1692
f 608 616 1690
f 608 1690 1693
f 1693 1690 1691
f 1693 1691 1694
f 1694 1691 1692
f 1692 1691 219
f 1692 219 216
f 238 240 1695
f 634 1696 618
f 238 1695 1696
f 238 1696 634
f 1697 219 221
f 1698 629 616
f 629 1698 1699
f 629 1699 221
f 221 1699 1697
f 616 618 1696
f 616 1696 1698
f 1698 1696 1699
f 1699 1696 1695
f 1699 1695 1697
f 1697 1695 240
f 1697 240 219
f 1700 247 241
f 1701 622 645
f 247 1700 1701
f 247 1701 645
f 1702 633 618
f 240 239 1703
f 633 1702 1704
f 633 1704 239
f 239 1704 1703
f 618 622 1702
f 1702 622 1701
f 1702 1701 1704
f 1704 1701 1700
f 1704 1700 1703
f 1703 1700 241
f 1703 241 240
f 1705 226 225
f 651 1706 637
f 1705 1707 226
f 226 1707 651
f 651 1707 1706
f 1708 644 622
f 644 1708 1709
f 644 1709 248
f 248 1709 241
f 622 637 1706
f 622 1706 1708
f 1708 1706 1707
f 1708 1707 1709
f 1709 1707 1705
f 1709 1705 241
f 241 1705 225
f 657 1710 648
f 254 1711 252
f 252 1711 657
f 657 1711 1710
f 1712 650 637
f 650 1712 1713
f 650 1713 227
f 227 1713 225
f 637 648 1710
f 637 1710 1712
f 1712 1710 1711
f 1712 1711 1713
f 1713 1711 254
f 1713 254 225
f 663 1714 654
f 255 1715 256
f 256 1715 663
f 663 1715 1714
f 1716 656 648
f 254 253 1717
f 656 1716 1717
f 656 1717 253
f 648 654 1714
f 648 1714 1716
f 1716 1714 1715
f 1716 1715 1717
f 1717 1715 255
f 1717 255 254
f 1718 272 271
f 1719 660 669
f 272 1718 1719
f 272 1719 669
f 1720 662 654
f 255 257 1721
f 662 1720 1722
f 662 1722 257
f 257 1722 1721
f 654 660 1720
f 1720 660 1719
f 1720 1719 1722
f 1722 1719 1718
f 1722 1718 1721
f 1721 1718 271
f 1721 271 255
f 1723 279 278
f 678 1724 666
f 279 1723 1724
f 279 1724 678
f 1725 668 660
f 271 273 1726
f 668 1725 1726
f 668 1726 273
f 660 666 1724
f 660 1724 1725
f 1725 1724 1723
f 1725 1723 1726
f 1726 1723 278
f 1726 278 271
f 1727 285 284
f 682 1728 672
f 285 1727 1729
f 285 1729 682
f 682 1729 1728
f 278 280 1730
f 666 1731 677
f 677 1731 280
f 280 1731 1730
f 666 672 1728
f 666 1728 1731
f 1731 1728 1729
f 1731 1729 1727
f 1731 1727 1730
f 1730 1727 284
f 1730 284 278
f 1732 291 290
f 686 1733 675
f 291 1732 1733
f 291 1733 686
f 1734 681 672
f 681 1734 1735
f 681 1735 286
f 286 1735 284
f 672 675 1734
f 1734 675 1733
f 1734 1733 1735
f 1735 1733 1732
f 1735 1732 284
f 284 1732 290
f 1736 297 296
f 698 1737 674
f 297 1736 1738
f 297 1738 698
f 698 1738 1737
f 1739 685 675
f 290 292 1740
f 685 1739 1741
f 685 1741 292
f 292 1741 1740
f 675 674 1737
f 675 1737 1739
f 1739 1737 1738
f 1739 1738 1741
f 1741 1738 1736
f 1741 1736 1740
f 1740 1736 296
f 1740 296 290
f 718 1742 701
f 302 1743 303
f 303 1743 718
f 718 1743 1742
f 1744 697 674
f 296 298 1745
f 697 1744 1746
f 697 1746 298
f 298 1746 1745
f 674 701 1742
f 674 1742 1744
f 1744 1742 1743
f 1744 1743 1746
f 1746 1743 1745
f 1745 1743 302
f 1745 302 296
f 1747 310 309
f 733 1748 728
f 310 1747 1749
f 310 1749 733
f 733 1749 1748
f 1750 717 701
f 302 304 1751
f 717 1750 1752
f 717 1752 304
f 304 1752 1751
f 701 728 1748
f 701 1748 1750
f 1750 1748 1749
f 1750 1749 1752
f 1752 1749 1747
f 1752 1747 1751
f 1751 1747 309
f 1751 309 302
f 1753 316 315
f 696 1754 694
f 316 1753 1755
f 316 1755 696
f 696 1755 1754
f 1756 734 728
f 309 311 1757
f 734 1756 1758
f 734 1758 311
f 311 1758 1757
f 728 694 1754
f 728 1754 1756
f 1756 1754 1755
f 1756 1755 1758
f 1758 1755 1753
f 1758 1753 1757
f 1757 1753 315
f 1757 315 309
f 1759 322 321
f 1760 723 731
f 322 1759 1760
f 322 1760 731
f 1761 695 694
f 315 317 1762
f 695 1761 1762
f 695 1762 317
f 694 723 1761
f 1761 723 1760
f 1761 1760 1762
f 1762 1760 1759
f 1762 1759 321
f 1762 321 315
f 1763 328 327
f 1764 559 561
f 328 1763 1764
f 328 1764 561
f 1765 732 723
f 321 323 1766
f 732 1765 1767
f 732 1767 323
f 323 1767 1766
f 723 559 1765
f 1765 559 1764
f 1765 1764 1767
f 1767 1764 1763
f 1767 1763 1766
f 1766 1763 327
f 1766 327 321
f 1768 336 335
f 726 1769 692
f 1768 1770 336
f 336 1770 726
f 726 1770 1769
f 1771 560 559
f 327 329 1772
f 560 1771 1772
f 560 1772 329
f 559 692 1769
f 559 1769 1771
f 1771 1769 1770
f 1771 1770 1772
f 1772 1770 1768
f 1772 1768 335
f 1772 335 327
f 117 165 1773
f 117 1773 1774
f 1774 1773 1775
f 1774 1775 5
f 5 1775 1776
f 5 1776 1777
f 1777 1776 468
f 1777 468 419
f 1774 119 117
f 417 5 1777
f 119 1774 5
f 119 5 417
f 417 1777 419
f 165 164 1773
f 529 468 1776
f 529 1776 1775
f 529 1775 164
f 164 1775 1773
f 165 196 1778
f 165 1778 1779
f 1779 1778 1780
f 1779 1780 1781
f 1781 1780 445
f 1781 445 468
f 1779 163 165
f 1779 1781 530
f 163 1779 530
f 530 1781 468
f 196 201 1778
f 445 1780 487
f 487 1780 1778
f 487 1778 201
f 196 135 1782
f 196 1782 1783
f 1783 1782 1784
f 1783 1784 1785
f 1785 1784 1786
f 1785 1786 1787
f 1787 1786 445
f 445 1786 435
f 1783 200 196
f 486 1785 1787
f 200 1783 1785
f 200 1785 486
f 486 1787 445
f 135 137 1782
f 435 1786 479
f 479 1786 1784
f 479 1784 137
f 137 1784 1782
f 135 211 1788
f 135 1788 1789
f 1789 1788 1790
f 1789 1790 1791
f 1791 1790 1792
f 1791 1792 435
f 435 1792 409
f 1789 136 135
f 478 1791 435
f 136 1789 1791
f 136 1791 478
f 1792 466 409
f 211 214 1788
f 1792 1790 466
f 466 1790 214
f 214 1790 1788
f 211 204 1793
f 211 1793 1794
f 1794 1793 1795
f 1794 1795 1796
f 1796 1795 1797
f 1796 1797 1798
f 1798 1797 409
f 409 1797 443
f 1794 215 211
f 409 465 1798
f 465 1796 1798
f 215 1794 1796
f 215 1796 465
f 1797 441 443
f 204 210 1793
f 441 1797 1795
f 441 1795 210
f 210 1795 1793
f 204 195 1799
f 204 1799 1800
f 1800 1799 1801
f 1801 1799 1802
f 1801 1802 1803
f 1803 1802 429
f 1803 429 443
f 1800 209 204
f 443 442 1803
f 442 1801 1803
f 209 1800 1801
f 209 1801 442
f 1802 436 429
f 195 203 1799
f 436 1802 1799
f 436 1799 203
f 195 148 1804
f 195 1804 1805
f 1805 1804 1806
f 1805 1806 1807
f 1807 1806 1808
f 1807 1808 1809
f 1809 1808 429
f 429 1808 407
f 1805 202 195
f 429 437 1809
f 437 1807 1809
f 202 1805 1807
f 202 1807 437
f 1808 457 407
f 148 147 1804
f 457 1808 1806
f 457 1806 147
f 147 1806 1804
f 148 93 1810
f 148 1810 1811
f 1811 1810 1812
f 1811 1812 1813
f 1813 1812 1814
f 1813 1814 396
f 1813 396 407
f 1811 146 148
f 407 458 1813
f 1811 1813 458
f 146 1811 458
f 1814 397 396
f 93 92 1810
f 397 1814 1812
f 397 1812 1810
f 397 1810 92
f 93 84 1815
f 93 1815 1816
f 1816 1815 1817
f 1817 1815 1818
f 1817 1818 1819
f 1819 1818 461
f 1819 461 396
f 1816 91 93
f 396 398 1819
f 398 1817 1819
f 91 1816 1817
f 91 1817 398
f 1818 459 461
f 84 83 1815
f 459 1818 1815
f 459 1815 83
f 84 78 1820
f 84 1820 1821
f 1821 1820 1822
f 1821 1822 1823
f 1823 1822 1824
f 1823 1824 1825
f 1825 1824 399
f 1825 399 461
f 1821 82 84
f 461 460 1825
f 460 1823 1825
f 82 1821 1823
f 82 1823 460
f 1824 400 399
f 78 77 1820
f 400 1824 1822
f 400 1822 77
f 77 1822 1820
f 78 75 1826
f 78 1826 1827
f 1827 1826 1828
f 1828 1826 1829
f 1828 1829 1830
f 1830 1829 430
f 1830 430 399
f 1827 76 78
f 399 401 1830
f 401 1828 1830
f 76 1827 1828
f 76 1828 401
f 1829 501 430
f 75 74 1826
f 501 1829 1826
f 501 1826 74
f 75 59 1831
f 75 1831 1832
f 1832 1831 1833
f 1832 1833 1834
f 1834 1833 1835
f 1834 1835 430
f 430 1835 413
f 1832 73 75
f 502 1834 430
f 73 1832 1834
f 73 1834 502
f 1835 414 413
f 59 58 1831
f 414 1835 1833
f 414 1833 1831
f 414 1831 58
f 59 56 1836
f 59 1836 1837
f 1837 1836 1838
f 1837 1838 1839
f 1839 1838 1840
f 1839 1840 1841
f 1841 1840 462
f 1841 462 413
f 1837 57 59
f 415 1841 413
f 57 1837 1839
f 57 1839 415
f 415 1839 1841
f 1840 515 462
f 56 55 1836
f 515 1840 1838
f 515 1838 55
f 55 1838 1836
f 56 81 1842
f 1842 81 1843
f 1842 1843 1844
f 1844 1843 1845
f 1844 1845 1846
f 1846 1845 438
f 1846 438 462
f 1842 54 56
f 516 1846 462
f 54 1842 1844
f 54 1844 516
f 516 1844 1846
f 1845 439 438
f 439 1845 1843
f 439 1843 80
f 80 1843 81
f 81 64 1847
f 81 1847 1848
f 1848 1847 1849
f 1849 1847 1850
f 1849 1850 1851
f 1851 1850 483
f 1851 483 438
f 1848 79 81
f 440 1851 438
f 79 1848 1849
f 79 1849 440
f 440 1849 1851
f 1850 523 483
f 64 100 1847
f 523 1850 1847
f 523 1847 100
f 64 87 1852
f 64 1852 1853
f 1853 1852 1854
f 1853 1854 1855
f 1855 1854 1856
f 1856 1854 525
f 1856 525 483
f 1853 99 64
f 524 1856 483
f 99 1853 1855
f 99 1855 524
f 524 1855 1856
f 87 86 1852
f 525 1854 533
f 533 1854 86
f 86 1854 1852
f 87 111 1857
f 87 1857 1858
f 1858 1857 1859
f 1858 1859 1860
f 1860 1859 535
f 1860 535 525
f 1858 85 87
f 534 1860 525
f 85 1858 534
f 534 1858 1860
f 1859 557 535
f 111 122 1857
f 557 1859 1857
f 557 1857 122
f 111 65 1861
f 111 1861 1862
f 1862 1861 1863
f 1862 1863 1864
f 1864 1863 1865
f 1864 1865 1866
f 1866 1865 535
f 535 1865 492
f 1862 121 111
f 556 1866 535
f 121 1862 1864
f 121 1864 556
f 556 1864 1866
f 1865 493 492
f 65 67 1861
f 493 1865 1863
f 493 1863 67
f 67 1863 1861
f 1867 1868 1869
f 1870 1869 1871
f 1870 1871 1872
f 759 1867 1873
f 759 1873 768
f 768 1873 1874
f 768 1874 763
f 763 1874 1872
f 763 1872 764
f 764 1872 1871
f 764 1871 766
f 766 1871 1869
f 766 1869 1868
f 766 1868 759
f 1867 759 1868
f 1875 1876 1877
f 1878 1879 1880
f 758 1875 1881
f 758 1881 767
f 767 1881 1880
f 767 1880 765
f 765 1880 1879
f 765 1879 762
f 762 1879 1878
f 762 1878 1882
f 762 1882 761
f 761 1882 1877
f 761 1877 1876
f 761 1876 757
f 758 757 1875
f 1875 757 1876
f 1445 1872 1874
f 1445 1874 1446
f 1446 1874 1873
f 1446 1873 1447
f 1447 1873 1867
f 1447 1867 1443
f 1443 1867 1869
f 1870 1443 1869
f 1870 1444 1443
f 1872 1445 1870
f 1870 1445 1444
f 1442 1878 1880
f 1448 1442 1880
f 1448 1880 1881
f 1448 1881 1449
f 1449 1881 1875
f 1449 1875 1440
f 1440 1875 1877
f 1877 1441 1440
f 1882 1441 1877
f 1882 1442 1441
f 1878 1442 1882
f 1883 1884 1885
f 1886 1885 1887
f 1886 1887 1888
f 742 1883 1889
f 742 1889 746
f 746 1889 1890
f 746 1890 748
f 748 1890 1888
f 748 1888 750
f 750 1888 1887
f 750 1887 752
f 752 1887 1885
f 752 1885 1884
f 752 1884 741
f 742 741 1883
f 1883 741 1884
f 743 811 1891
f 743 1891 751
f 751 1891 1892
f 751 1892 749
f 749 1892 816
f 749 816 747
f 747 816 815
f 747 815 745
f 745 815 813
f 745 813 812
f 745 812 743
f 811 743 812
f 790 805 1893
f 790 1893 799
f 799 1893 1894
f 799 1894 797
f 797 1894 810
f 797 810 794
f 794 810 809
f 794 809 793
f 793 809 807
f 793 807 806
f 793 806 789
f 790 789 805
f 805 789 806
f 1895 1896 1897
f 1898 1897 1899
f 1898 1899 1900
f 791 1895 1901
f 791 1901 800
f 800 1901 1902
f 800 1902 795
f 795 1902 1900
f 795 1900 796
f 796 1900 1899
f 796 1899 798
f 798 1899 1897
f 798 1897 1896
f 798 1896 791
f 1895 791 1896
f 1903 1904 1905
f 1906 1905 1907
f 1906 1907 1908
f 774 1903 1909
f 774 1909 777
f 777 1909 1910
f 777 1910 779
f 779 1910 1908
f 779 1908 1907
f 779 1907 782
f 782 1907 784
f 784 1907 1905
f 784 1905 1904
f 784 1904 773
f 774 773 1903
f 1903 773 1904
f 1911 1912 1913
f 1914 1915 1916
f 775 1914 1917
f 775 1917 783
f 783 1917 1913
f 783 1913 781
f 781 1913 1912
f 781 1912 780
f 780 1912 1911
f 780 1911 1918
f 780 1918 778
f 778 1918 1916
f 778 1916 1915
f 778 1915 775
f 1914 775 1915
f 1461 1911 1913
f 1461 1913 1462
f 1462 1913 1917
f 1462 1917 1463
f 1463 1917 1914
f 1463 1914 1459
f 1459 1914 1916
f 1918 1459 1916
f 1918 1460 1459
f 1911 1461 1918
f 1918 1461 1460
f 1458 1908 1910
f 1464 1458 1910
f 1464 1910 1909
f 1464 1909 1465
f 1465 1909 1903
f 1465 1903 1455
f 1455 1903 1905
f 1906 1455 1905
f 1906 1457 1455
f 1908 1458 1906
f 1906 1458 1457
f 1412 816 1892
f 1412 1892 1413
f 1413 1892 1891
f 1413 1891 1414
f 1414 1891 811
f 1414 811 1410
f 1410 811 813
f 814 1410 813
f 814 1411 1410
f 816 1412 814
f 814 1412 1411
f 1409 1888 1890
f 1415 1409 1890
f 1415 1890 1889
f 1415 1889 1416
f 1416 1889 1883
f 1416 1883 1407
f 1407 1883 1885
f 1886 1407 1885
f 1886 1408 1407
f 1888 1409 1886
f 1886 1409 1408
f 1428 1900 1902
f 1428 1902 1429
f 1429 1902 1901
f 1429 1901 1430
f 1430 1901 1895
f 1430 1895 1897
f 1430 1897 1426
f 1898 1426 1897
f 1898 1427 1426
f 1900 1428 1898
f 1898 1428 1427
f 1425 810 1894
f 1431 1425 1894
f 1431 1894 1893
f 1431 1893 1432
f 1432 1893 805
f 1432 805 1423
f 1423 805 807
f 808 1423 807
f 808 1424 1423
f 810 1425 808
f 808 1425 1424
f 182 1919 180
f 180 1919 232
f 232 1919 230
f 228 1920 804
f 804 1920 41
f 41 1920 39
f 228 230 1920
f 1920 230 1919
f 1920 1919 39
f 39 1919 182
f 601 1921 602
f 602 1921 490
f 490 1921 473
f 639 1922 589
f 803 474 1922
f 803 1922 639
f 474 473 1921
f 474 1921 1922
f 1922 1921 601
f 1922 601 589
f 264 266 1923
f 264 1923 626
f 264 626 628
f 1924 263 262
f 802 625 1924
f 802 1924 262
f 625 626 1924
f 1924 626 1923
f 1924 1923 266
f 1924 266 263
f 116 118 1925
f 116 1925 1926
f 1926 1925 418
f 1926 418 420
f 129 116 1926
f 129 1926 801
f 801 1926 420
f 120 1925 118
f 418 1925 416
f 416 1925 120
f 31 1927 29
f 29 1927 788
f 788 1927 259
f 1928 349 348
f 44 71 1928
f 1928 71 349
f 348 259 1927
f 348 1927 1928
f 1928 1927 44
f 44 1927 31
f 34 33 1929
f 34 1929 787
f 787 1929 258
f 259 1930 788
f 788 1930 30
f 30 1930 31
f 259 258 1929
f 259 1929 1930
f 1930 1929 31
f 31 1929 33
f 38 1931 36
f 36 1931 786
f 786 1931 249
f 258 1932 787
f 787 1932 35
f 35 1932 33
f 258 249 1932
f 1932 249 1931
f 1932 1931 33
f 33 1931 38
f 45 1933 50
f 50 1933 785
f 785 1933 242
f 1934 38 37
f 786 249 1934
f 786 1934 37
f 249 242 1933
f 249 1933 1934
f 1934 1933 45
f 1934 45 38
f 39 1935 40
f 40 1935 804
f 804 1935 228
f 1936 45 51
f 785 242 1936
f 785 1936 51
f 242 228 1935
f 242 1935 1936
f 1936 1935 39
f 1936 39 45
f 562 564 1937
f 562 1937 772
f 772 1937 532
f 1938 521 522
f 575 521 1938
f 569 575 1938
f 522 532 1937
f 522 1937 1938
f 1938 1937 564
f 1938 564 569
f 566 1939 567
f 567 1939 771
f 771 1939 512
f 563 1940 564
f 772 532 1940
f 772 1940 563
f 532 512 1939
f 532 1939 1940
f 1940 1939 566
f 1940 566 564
f 574 1941 572
f 572 1941 770
f 770 1941 511
f 568 1942 566
f 771 512 1942
f 771 1942 568
f 512 511 1941
f 512 1941 1942
f 1942 1941 574
f 1942 574 566
f 580 1943 587
f 587 1943 769
f 769 1943 500
f 573 1944 574
f 770 511 1944
f 770 1944 573
f 511 500 1943
f 511 1943 1944
f 1944 1943 580
f 1944 580 574
f 640 589 1945
f 640 1945 803
f 803 1945 474
f 588 1946 580
f 500 1947 769
f 769 1947 1946
f 769 1946 588
f 500 474 1945
f 500 1945 1947
f 1947 1945 1946
f 1946 1945 589
f 1946 589 580
f 222 1948 223
f 223 1948 756
f 756 1948 604
f 1949 597 596
f 305 347 1949
f 1949 347 597
f 596 604 1948
f 596 1948 1949
f 1949 1948 305
f 305 1948 222
f 234 1950 244
f 244 1950 755
f 755 1950 612
f 604 1951 756
f 756 1951 224
f 224 1951 222
f 604 612 1951
f 1951 612 1950
f 1951 1950 222
f 222 1950 234
f 250 246 1952
f 250 1952 754
f 754 1952 613
f 612 1953 755
f 755 1953 245
f 245 1953 234
f 612 613 1952
f 612 1952 1953
f 1953 1952 246
f 1953 246 234
f 235 1954 236
f 236 1954 753
f 753 1954 641
f 1955 246 251
f 754 613 1955
f 754 1955 251
f 613 641 1954
f 613 1954 1955
f 1955 1954 235
f 1955 235 246
f 263 1956 261
f 261 1956 802
f 802 1956 625
f 641 1957 753
f 753 1957 237
f 237 1957 235
f 641 625 1957
f 1957 625 1956
f 1957 1956 235
f 235 1956 263
f 207 194 1958
f 207 1958 1959
f 1959 1958 452
f 1959 452 412
f 1959 208 207
f 412 495 1959
f 1959 495 208
f 206 1958 194
f 740 452 1958
f 740 1958 206
f 194 187 1960
f 194 1960 1961
f 1961 1960 453
f 1961 453 452
f 205 194 1961
f 205 1961 740
f 740 1961 452
f 189 1960 187
f 453 1960 739
f 739 1960 189
f 187 197 1962
f 187 1962 1963
f 1963 1962 454
f 1963 454 453
f 188 187 1963
f 188 1963 739
f 739 1963 453
f 198 1962 197
f 454 1962 738
f 738 1962 198
f 197 131 1964
f 197 1964 1965
f 1965 1964 480
f 1965 480 454
f 197 1965 199
f 199 1965 738
f 738 1965 454
f 213 1964 131
f 737 480 1964
f 737 1964 213
f 131 116 1966
f 1966 116 1967
f 1966 1967 420
f 1966 420 480
f 212 131 1966
f 212 1966 737
f 737 1966 480
f 1967 116 130
f 420 1967 801
f 801 1967 130
f 715 1376 721
f 1376 715 1380
f 1380 715 724
f 1380 724 1381
f 1381 724 730
f 1381 730 1382
f 736 1382 730
f 722 1379 736
f 736 1379 1382
f 721 1376 1379
f 721 1379 722
f 1388 725 735
f 729 1383 735
f 735 1383 1388
f 1968 1383 729
f 710 1384 1968
f 1968 1384 1383
f 709 1384 710
f 725 1388 1386
f 725 1386 709
f 709 1386 1384
f 1968 729 710
f 431 1395 496
f 1969 1393 1390
f 1969 1390 431
f 431 1390 1395
f 553 1393 1969
f 555 1393 553
f 496 1395 1394
f 496 1394 542
f 542 1394 555
f 555 1394 1393
f 1969 431 553
f 1396 545 1398
f 1398 545 544
f 1398 544 1400
f 1400 544 552
f 1400 552 1402
f 558 1402 552
f 558 1397 1402
f 545 1396 548
f 548 1396 1397
f 548 1397 558
f 1352 145 144
f 186 1352 144
f 1970 1350 1347
f 1970 1347 186
f 186 1347 1352
f 170 1350 1970
f 169 1350 170
f 145 1352 1351
f 145 1351 169
f 169 1351 1350
f 1970 186 170
f 1354 192 191
f 1354 191 1356
f 1356 191 1971
f 1356 1971 1357
f 1357 1971 179
f 179 178 1357
f 178 1359 1357
f 193 1359 178
f 192 1354 1353
f 192 1353 193
f 193 1353 1359
f 1971 191 179
f 1365 365 378
f 1365 378 1972
f 1365 1972 1366
f 1366 1972 391
f 1366 391 1367
f 1973 1367 391
f 365 1365 1362
f 365 1362 363
f 363 1362 1973
f 1973 1362 1367
f 1972 378 391
f 391 389 1973
f 1973 389 363
f 1974 1975 1373
f 1975 1368 1373
f 361 1368 1975
f 370 1369 361
f 361 1369 1368
f 370 1371 1369
f 369 1371 370
f 1974 1373 1371
f 1974 1371 369
f 1974 369 390
f 1974 390 1975
f 1975 390 362
f 1975 362 361
f 1976 912 914
f 853 912 820
f 820 912 1976
f 911 1977 914
f 914 1977 1976
f 1978 910 821
f 820 1978 821
f 1976 1977 820
f 820 1977 1978
f 817 918 1979
f 817 1979 818
f 1980 1981 916
f 916 1981 917
f 818 1979 1980
f 1980 1979 1981
f 818 919 822
f 919 1980 916
f 818 1980 919
f 340 911 910
f 340 910 260
f 260 910 1978
f 260 1978 274
f 274 1978 1977
f 274 1977 243
f 243 1977 911
f 243 911 340
f 475 890 499
f 499 890 889
f 499 889 1982
f 499 1982 482
f 482 1982 1983
f 482 1983 475
f 475 1983 890
f 339 918 917
f 339 917 233
f 233 917 1981
f 233 1981 338
f 338 1981 1979
f 338 1979 339
f 339 1979 918
f 513 885 1984
f 513 1984 514
f 514 1984 1985
f 514 1985 1986
f 514 1986 520
f 520 1986 885
f 520 885 513
f 885 1986 888
f 888 1986 1987
f 830 1985 1984
f 830 1984 831
f 1984 885 831
f 1987 1986 1985
f 1987 1985 830
f 886 888 1987
f 862 886 830
f 830 886 1987
f 828 893 843
f 1988 891 893
f 827 890 828
f 828 890 1983
f 1988 1982 891
f 891 1982 889
f 828 1983 1988
f 1988 1983 1982
f 879 878 1989
f 847 1989 878
f 877 1990 854
f 854 1990 846
f 879 1991 876
f 1989 1991 879
f 846 1990 1991
f 846 1991 1989
f 872 1992 875
f 875 1992 1993
f 825 1994 870
f 870 1994 871
f 1993 1992 1994
f 1993 1994 825
f 840 873 825
f 825 873 1993
f 875 1993 873
f 1995 904 903
f 823 903 824
f 833 921 1996
f 833 1996 823
f 1995 1997 904
f 904 1997 921
f 1996 1998 823
f 1995 1998 1997
f 823 1998 1995
f 902 899 1999
f 836 2000 899
f 902 1999 2001
f 835 2002 2000
f 835 2000 836
f 2001 1999 2002
f 2001 2002 835
f 860 900 835
f 835 900 2001
f 2001 900 902
f 823 1995 903
f 828 1988 893
f 846 1989 847
f 570 877 876
f 570 876 571
f 571 876 1991
f 571 1991 584
f 584 1991 1990
f 584 1990 585
f 585 1990 877
f 585 877 570
f 49 899 52
f 52 899 2000
f 52 2000 53
f 53 2000 2002
f 53 2002 32
f 32 2002 1999
f 32 1999 49
f 49 1999 899
f 586 872 576
f 576 872 871
f 576 871 577
f 577 871 1994
f 577 1994 565
f 565 1994 1992
f 565 1992 586
f 586 1992 872
f 42 921 1997
f 42 1997 43
f 43 1997 1998
f 43 1998 72
f 72 1998 1996
f 72 1996 47
f 47 1996 921
f 47 921 42
f 898 860 861
f 856 825 870
f 2003 2004 2005
f 2005 2004 2006
f 2005 2006 2007
f 2005 2007 2008
f 2008 2007 1597
f 2007 2009 1597
f 1597 2009 2010
f 2010 2009 2011
f 2010 2011 2012
f 2010 2012 2003
f 2003 2012 2004
f 2013 2014 2015
f 2016 2017 2018
f 2013 2015 2018
f 2019 2014 2013
f 2020 2019 2013
f 2021 2017 2022
f 2021 2023 2020
f 2018 2015 2016
f 2018 2017 2021
f 2021 2022 2023
f 2021 2020 2013
f 2015 2024 2025
f 2015 2014 2024
f 2024 2014 2019
f 2019 2026 2024
f 2020 2026 2019
f 2020 2027 2026
f 2027 2020 2023
f 2022 2027 2023
f 2027 2022 2028
f 2017 2028 2022
f 2028 2017 2016
f 2028 2016 2025
f 2025 2016 2015
f 2026 2006 2024
f 2006 2004 2024
f 2024 2004 2025
f 2025 2004 2012
f 2025 2012 2028
f 2028 2012 2011
f 2028 2011 2009
f 2028 2009 2027
f 2027 2009 2007
f 2027 2007 2026
f 2026 2007 2006
f 2018 2029 2013
f 2029 2030 2013
f 2013 2030 2021
f 2030 2031 2021
f 2021 2031 2018
f 2031 2029 2018
f 2029 2031 2030
f 2010 2003 1597
f 1597 2005 2008
f 2003 2005 1597
f 2032 2033 2034
f 2034 2033 2035
f 2034 2035 2036
f 2036 2035 2037
f 2037 2035 2038
f 2037 2038 2039
f 2037 2039 2040
f 2040 2039 2041
f 2040 2041 2042
f 2042 2041 2043
f 2043 2041 2044
f 2043 2044 2045
f 2045 2044 2046
f 2045 2046 2047
f 2047 2046 2048
f 2047 2048 2032
f 2032 2048 2033
f 2049 2050 2051
f 2050 2049 2052
f 2053 2054 2051
f 2051 2054 2049
f 2054 2053 2055
f 2050 2052 2056
f 2057 2053 2058
f 2057 2058 2059
f 2059 2058 2060
f 2061 2062 2063
f 2064 2065 2066
f 2066 2065 2067
f 2066 2067 2061
f 2061 2067 2062
f 2059 2060 2064
f 2064 2060 2068
f 2064 2068 2065
f 2069 2070 2056
f 2069 2056 2071
f 2062 2072 2063
f 2063 2072 2073
f 2063 2073 2074
f 2052 2075 2056
f 2056 2075 2071
f 2076 2077 2078
f 2078 2077 2070
f 2078 2070 2069
f 2074 2073 2076
f 2076 2073 2079
f 2076 2079 2077
f 2053 2057 2055
f 2080 2081 2082
f 2080 2082 2083
f 2083 2082 2084
f 2084 2082 2085
f 2084 2085 2086
f 2086 2085 2087
f 2086 2087 2088
f 2088 2087 2089
f 2088 2089 2090
f 2081 2052 2082
f 2082 2052 2085
f 2085 2052 2049
f 2085 2049 2087
f 2087 2049 2054
f 2087 2054 2055
f 2087 2055 2089
f 2091 2092 2093
f 2093 2092 2094
f 2093 2094 2095
f 2096 2091 2093
f 2096 2093 2097
f 2096 2097 2098
f 2099 2100 2098
f 2099 2098 2101
f 2101 2098 2097
f 2101 2097 2102
f 2101 2102 2103
f 2103 2102 2104
f 2105 2106 2102
f 2102 2106 2107
f 2102 2107 2108
f 2102 2108 2104
f 2109 2106 2105
f 2106 2109 2110
f 2110 2109 2111
f 2111 2109 2112
f 2113 2111 2112
f 2113 2112 2114
f 2115 2114 2112
f 2115 2112 2116
f 2117 2118 2119
f 2116 2120 2115
f 2121 2117 2116
f 2116 2117 2120
f 2120 2117 2119
f 2122 2123 2121
f 2121 2123 2117
f 2124 2125 2122
f 2122 2125 2126
f 2127 2123 2122
f 2127 2122 2126
f 2124 2128 2125
f 2129 2128 2124
f 2130 2129 2124
f 2095 2094 2130
f 2130 2094 2129
f 2068 2131 2065
f 2065 2131 2132
f 2065 2132 2067
f 2067 2132 2133
f 2067 2133 2062
f 2062 2133 2134
f 2062 2134 2135
f 2062 2135 2072
f 2072 2135 2136
f 2072 2136 2073
f 2073 2136 2137
f 2073 2137 2079
f 2079 2137 2138
f 2079 2138 2077
f 2077 2138 2139
f 2077 2139 2070
f 2070 2139 2140
f 2070 2140 2141
f 2070 2141 2056
f 2056 2141 2142
f 2056 2142 2050
f 2050 2142 2143
f 2050 2143 2051
f 2051 2143 2144
f 2051 2144 2053
f 2053 2144 2145
f 2053 2145 2058
f 2058 2145 2146
f 2058 2146 2060
f 2060 2146 2131
f 2060 2131 2068
f 2092 2091 2147
f 2092 2147 2148
f 2148 2147 2149
f 2148 2149 2150
f 2150 2149 2151
f 2151 2149 2152
f 2151 2152 2153
f 2153 2152 2154
f 2153 2154 2155
f 2155 2154 2156
f 2155 2156 2157
f 2157 2156 2158
f 2157 2158 2159
f 2159 2158 2160
f 2159 2160 2161
f 2159 2161 2162
f 2162 2161 2163
f 2163 2161 2164
f 2163 2164 2165
f 2165 2164 2166
f 2165 2166 2167
f 2167 2166 2168
f 2167 2168 2169
f 2167 2169 2170
f 2170 2169 2171
f 2170 2171 2172
f 2172 2171 2173
f 2172 2173 2126
f 2126 2173 2127
f 2174 2175 2176
f 2174 2176 2177
f 2174 2177 2178
f 2178 2177 2179
f 2180 2181 2182
f 2180 2182 2183
f 2183 2182 2184
f 2183 2184 2185
f 2183 2185 2186
f 2186 2185 2187
f 2186 2187 2175
f 2186 2175 2174
f 2188 2189 2190
f 2188 2190 2191
f 2191 2190 2181
f 2191 2181 2180
f 2192 2193 2194
f 2192 2194 2195
f 2195 2194 2196
f 2195 2196 2197
f 2195 2197 2198
f 2198 2197 2188
f 2188 2197 2189
f 2199 2200 2201
f 2199 2201 2202
f 2202 2201 2193
f 2202 2193 2192
f 2178 2179 2203
f 2178 2203 2204
f 2204 2203 2205
f 2204 2205 2206
f 2206 2205 2207
f 2206 2207 2208
f 2206 2208 2209
f 2209 2208 2199
f 2199 2208 2200
f 2099 2210 2100
f 2211 2119 2118
f 2211 2118 2212
f 2211 2212 2213
f 2213 2212 2214
f 2213 2214 2215
f 2215 2214 2216
f 2215 2216 2217
f 2217 2216 2218
f 2217 2218 2219
f 2219 2218 2220
f 2219 2220 2221
f 2221 2220 2222
f 2221 2222 2223
f 2221 2223 2224
f 2224 2223 2225
f 2225 2223 2226
f 2225 2226 2227
f 2227 2226 2228
f 2227 2228 2229
f 2229 2228 2230
f 2229 2230 2231
f 2231 2230 2232
f 2231 2232 2210
f 2210 2232 2233
f 2210 2233 2100
f 2234 2235 2236
f 2234 2237 2235
f 2238 2237 2239
f 2235 2237 2238
f 2240 2241 2242
f 2243 2241 2244
f 2241 2243 2245
f 2242 2241 2245
f 1012 2246 2247
f 1010 1007 2248
f 1025 1024 2249
f 2250 2251 2252
f 2252 2251 2253
f 2253 2251 2254
f 2255 2253 2256
f 2257 2258 2256
f 2256 2258 2255
f 2259 2260 2261
f 2262 2261 2260
f 1039 2263 2264
f 2264 2265 1039
f 2266 2267 2268
f 2266 2269 2267
f 2270 2271 2249
f 2247 2248 2272
f 2273 2274 2275
f 2276 2249 923
f 2249 2276 925
f 2249 925 2266
f 2266 925 2277
f 2277 925 930
f 2278 2279 2280
f 2281 2279 2277
f 2279 2281 2280
f 2277 930 927
f 2277 927 926
f 2277 926 2281
f 1035 2282 2271
f 1032 2283 2271
f 1030 1028 2249
f 2249 1028 1027
f 2249 1027 1025
f 2283 1031 2271
f 2271 1031 2284
f 2271 2284 1035
f 1036 1023 2285
f 2285 1023 1022
f 2285 1022 1034
f 2285 1034 1033
f 2280 2281 2285
f 2285 2281 1037
f 2285 1037 1036
f 2269 2266 2278
f 2269 2278 2280
f 2275 1005 2286
f 989 2287 1000
f 2275 2288 2273
f 2286 996 992
f 2275 2286 2288
f 992 991 2286
f 2286 991 2288
f 2289 2290 989
f 996 2286 993
f 993 2286 2287
f 993 2287 994
f 994 2287 998
f 998 2287 999
f 999 2287 986
f 986 2287 989
f 943 2291 2292
f 2292 2291 2293
f 937 2294 2262
f 2291 2294 939
f 2291 939 2295
f 2296 943 2292
f 2262 2294 938
f 2262 938 1086
f 2262 1086 2296
f 2297 2262 2298
f 2253 2299 2300
f 2300 2299 2301
f 2297 2298 2302
f 2302 2298 2303
f 2302 2303 2304
f 2304 2303 2305
f 2304 2305 2306
f 2306 2305 2300
f 2301 2307 2308
f 2308 2307 2309
f 2309 2307 2310
f 2309 2310 2311
f 2309 2311 2312
f 2312 2311 2313
f 2313 2314 2315
f 2315 2314 2316
f 2316 2314 2317
f 2318 2317 2319
f 2317 2318 2316
f 2316 2318 2320
f 2316 2320 2321
f 2321 2320 2322
f 2322 2323 2297
f 955 954 2253
f 951 972 947
f 958 976 974
f 958 974 975
f 975 974 2324
f 975 2324 973
f 972 2325 2326
f 2326 2325 963
f 955 2253 2327
f 2327 2253 961
f 2327 961 958
f 958 961 959
f 958 959 956
f 2328 985 984
f 2328 984 2326
f 984 983 2326
f 2326 983 971
f 2326 971 952
f 963 945 2326
f 2326 945 944
f 952 950 2326
f 2326 950 949
f 2326 949 972
f 972 949 965
f 972 965 947
f 973 2324 980
f 980 2324 981
f 980 981 978
f 978 981 979
f 978 979 946
f 946 979 948
f 946 948 947
f 947 948 953
f 947 953 951
f 2250 2252 2328
f 2328 2252 985
f 954 970 2253
f 2253 970 969
f 2253 969 967
f 2253 967 2252
f 1053 2255 1055
f 1055 2255 1056
f 1053 1052 2255
f 2255 1052 1051
f 2255 1051 1050
f 1050 1049 2255
f 2255 1049 1048
f 2255 1048 2253
f 2253 1048 1047
f 2253 1047 1046
f 1046 1045 2253
f 2253 1045 1044
f 2253 1044 962
f 2253 962 961
f 944 1054 2326
f 2326 1054 1043
f 2326 1043 2255
f 1056 2255 1057
f 1057 2255 1058
f 1043 1042 2255
f 2255 1042 1060
f 2255 1060 1059
f 2255 1059 1058
f 1039 2329 2262
f 2262 2329 937
f 2295 1041 2293
f 2293 1041 2265
f 2265 1041 1039
f 1005 2275 2248
f 1005 2248 1006
f 1006 2248 1007
f 2247 2246 2248
f 2246 1017 2248
f 2248 1017 1016
f 2248 1016 1011
f 2248 1011 1010
f 2330 1014 2247
f 2247 1014 1013
f 2247 1013 1012
f 2331 1004 2332
f 2332 1002 2331
f 2331 1002 1001
f 2331 1001 2247
f 2247 1001 2330
f 1000 1009 2331
f 2331 1009 1008
f 2331 1008 1004
f 2333 2334 2289
f 2289 2334 2290
f 2311 2310 2289
f 2331 2289 1000
f 1000 2289 989
f 2247 2335 2331
f 2289 2331 2311
f 2249 1024 923
f 2249 2319 2317
f 2296 2261 2262
f 2253 2300 2256
f 2266 2319 2249
f 2263 1039 2336
f 2297 2323 2262
f 2262 2323 2336
f 1033 1032 2285
f 2285 1032 2271
f 2285 2271 2337
f 2282 1030 2271
f 2271 1030 2249
f 2334 2274 2290
f 2290 2274 2273
f 2319 2266 2268
f 2262 2336 1039
f 2291 2295 2293
f 2296 2292 2261
f 2261 2292 2338
f 2339 2340 2341
f 2341 2340 2274
f 2274 2340 2342
f 2341 2343 2339
f 2339 2343 2250
f 2339 2250 2344
f 2345 2275 2342
f 2342 2275 2274
f 2328 2346 2344
f 2328 2344 2250
f 2347 2348 2326
f 2349 2350 2351
f 2351 2350 2352
f 2351 2352 2255
f 2255 2352 2347
f 2326 2255 2347
f 2292 2353 2354
f 2350 2338 2354
f 2354 2338 2292
f 2349 2338 2350
f 2355 2356 2357
f 2357 2340 2355
f 2355 2340 2339
f 2358 2359 2357
f 2360 2361 2362
f 2350 2360 2352
f 2352 2360 2363
f 2352 2364 2356
f 2365 2366 2367
f 2368 2362 2361
f 2359 2369 2370
f 2359 2370 2365
f 2365 2370 2366
f 2361 2360 2350
f 2362 2367 2360
f 2360 2367 2366
f 2369 2358 2363
f 2363 2358 2364
f 2363 2364 2352
f 2359 2358 2369
f 2371 2372 2373
f 2374 2366 2370
f 2375 2240 2376
f 2376 2240 2242
f 2371 2377 2372
f 2358 2357 2378
f 2379 2380 2381
f 2382 2383 2371
f 2371 2383 2377
f 2379 2381 2382
f 2382 2381 2383
f 2384 2385 2386
f 2357 2387 2378
f 2373 2388 2389
f 2384 2387 2357
f 2372 2374 2373
f 2373 2374 2370
f 2373 2370 2388
f 2390 2391 2392
f 2392 2391 2393
f 2394 2395 2396
f 2397 2398 2399
f 2397 2399 2400
f 2401 2402 2403
f 2386 2387 2384
f 2396 2375 2376
f 2396 2376 2379
f 2379 2376 2380
f 2404 2394 2405
f 2394 2406 2395
f 2400 2399 2405
f 2405 2399 2404
f 2393 2407 2392
f 2392 2407 2397
f 2397 2407 2398
f 2401 2403 2408
f 2401 2408 2390
f 2390 2408 2391
f 2409 2402 2401
f 2410 2411 2412
f 2413 2386 2412
f 2412 2386 2385
f 2412 2385 2410
f 2410 2385 2414
f 2411 2410 2409
f 2356 2415 2384
f 2356 2384 2357
f 2416 2417 2418
f 2416 2418 2419
f 2416 2419 2420
f 2420 2419 2421
f 2420 2421 2422
f 2422 2421 2423
f 2422 2423 2424
f 2424 2423 2425
f 2424 2425 2426
f 2426 2425 2427
f 2426 2427 2428
f 2426 2428 2429
f 2429 2428 2430
f 2429 2430 2431
f 2431 2430 2432
f 2431 2432 2433
f 2431 2433 2434
f 2434 2433 2435
f 2434 2435 2436
f 2436 2435 2417
f 2436 2417 2416
f 2182 2437 2438
f 2438 2437 2439
f 2438 2439 2440
f 2440 2439 2441
f 2190 2442 2443
f 2190 2443 2444
f 2444 2443 2445
f 2445 2443 2446
f 2445 2181 2444
f 2444 2181 2190
f 2447 2448 2449
f 2449 2448 2450
f 2449 2450 2451
f 2451 2450 2452
f 2189 2197 2451
f 2447 2449 2197
f 2197 2449 2451
f 2197 2196 2447
f 2453 2454 2455
f 2455 2454 2456
f 2455 2456 2457
f 2457 2456 2458
f 2194 2193 2453
f 2457 2196 2194
f 2457 2194 2455
f 2455 2194 2453
f 2201 2459 2460
f 2460 2459 2461
f 2460 2461 2462
f 2462 2461 2463
f 2201 2460 2193
f 2193 2460 2462
f 2464 2465 2466
f 2466 2465 2467
f 2466 2467 2468
f 2468 2467 2469
f 2468 2200 2208
f 2208 2207 2464
f 2466 2468 2208
f 2466 2208 2464
f 2470 2471 2472
f 2472 2471 2473
f 2472 2473 2474
f 2474 2473 2475
f 2203 2470 2472
f 2203 2472 2205
f 2205 2472 2474
f 2177 2476 2477
f 2477 2476 2478
f 2477 2478 2479
f 2479 2478 2480
f 2182 2438 2184
f 2184 2438 2440
f 2187 2481 2482
f 2482 2481 2483
f 2482 2483 2484
f 2484 2483 2485
f 2177 2477 2179
f 2179 2477 2479
f 2486 2487 2488
f 2489 2490 2491
f 2492 2493 2494
f 2492 2494 2495
f 2493 2492 2496
f 2496 2492 2489
f 2497 2492 2495
f 2492 2497 2498
f 2492 2498 2499
f 2500 2499 2501
f 2498 2502 2499
f 2499 2502 2501
f 2503 2504 2505
f 2506 2503 2507
f 2507 2503 2508
f 2503 2506 2504
f 2505 2509 2503
f 2503 2509 2510
f 2503 2510 2511
f 2512 2513 2514
f 2511 2510 2513
f 2511 2513 2512
f 2514 2487 2512
f 2515 2516 2517
f 2517 2516 2518
f 2517 2518 2519
f 2520 2521 2522
f 2523 2524 2520
f 2520 2524 2521
f 2525 2526 2527
f 2528 2525 2527
f 2528 2529 2525
f 2505 2504 2530
f 2505 2530 2531
f 2532 2531 2530
f 2532 2530 2533
f 2501 2534 2500
f 2507 2508 2500
f 2500 2535 2507
f 2532 2533 2536
f 2536 2533 2535
f 2536 2535 2500
f 2500 2534 2537
f 2500 2537 2536
f 2495 2538 2537
f 2537 2538 2536
f 2539 2540 2541
f 2540 2542 2541
f 2494 2540 2495
f 2495 2540 2538
f 2538 2540 2539
f 2543 2544 2545
f 2545 2544 2541
f 2546 2547 2548
f 2546 2548 2549
f 2546 2549 2544
f 2546 2544 2550
f 2546 2551 2547
f 2547 2551 2552
f 2547 2552 2553
f 2487 2486 2554
f 2554 2486 2553
f 2505 2531 2555
f 2505 2555 2556
f 2556 2555 2488
f 2487 2514 2488
f 2488 2514 2556
f 2489 2491 2557
f 2489 2557 2496
f 2496 2557 2558
f 2558 2557 2545
f 2558 2545 2542
f 2542 2545 2541
f 2527 2559 2560
f 2559 2561 2560
f 2560 2561 2491
f 2560 2491 2490
f 2526 2543 2527
f 2527 2543 2562
f 2527 2562 2559
f 2529 2528 2563
f 2520 2564 2563
f 2563 2564 2529
f 2526 2550 2543
f 2543 2550 2544
f 2551 2564 2522
f 2520 2522 2564
f 2565 2516 2552
f 2516 2565 2523
f 2523 2565 2524
f 2516 2515 2566
f 2516 2566 2552
f 2519 2518 2512
f 2567 2519 2512
f 2487 2567 2512
f 2566 2554 2552
f 2552 2554 2553
f 2546 2564 2551
f 2568 2375 2569
f 2569 2375 2395
f 2569 2395 2570
f 2570 2395 2406
f 2570 2406 2571
f 2571 2406 2394
f 2571 2394 2572
f 2572 2394 2404
f 2572 2404 2573
f 2572 2573 2574
f 2574 2573 2399
f 2574 2399 2575
f 2575 2399 2576
f 2575 2576 2577
f 2577 2576 2398
f 2577 2398 2578
f 2578 2398 2407
f 2578 2407 2579
f 2579 2407 2393
f 2579 2393 2580
f 2580 2393 2581
f 2580 2581 2582
f 2582 2581 2391
f 2582 2391 2408
f 2582 2408 2583
f 2583 2408 2584
f 2583 2584 2585
f 2585 2584 2403
f 2585 2403 2586
f 2586 2403 2402
f 2586 2402 2587
f 2587 2402 2588
f 2587 2588 2589
f 2589 2588 2590
f 2590 2588 2410
f 2590 2410 2414
f 2590 2414 2591
f 2591 2414 2592
f 2592 2414 2385
f 2187 2482 2175
f 2175 2482 2484
f 2113 2114 2593
f 2593 2114 2594
f 2593 2594 2595
f 2595 2594 2596
f 2595 2596 2597
f 2597 2596 2598
f 2597 2598 2599
f 2599 2598 2600
f 2599 2600 2601
f 2601 2600 2602
f 2601 2602 2603
f 2603 2602 2604
f 2603 2604 2605
f 2605 2604 2606
f 2605 2606 2607
f 2607 2606 2608
f 2607 2608 2609
f 2609 2608 2610
f 2609 2610 2611
f 2611 2610 2612
f 2611 2612 2613
f 2613 2612 2614
f 2613 2614 2615
f 2615 2614 2616
f 2615 2616 2617
f 2617 2616 2104
f 2617 2104 2108
f 2481 2187 2185
f 2481 2185 2618
f 2618 2185 2184
f 2618 2184 2440
f 2618 2440 2441
f 2476 2177 2176
f 2476 2176 2619
f 2619 2176 2175
f 2619 2175 2484
f 2619 2484 2485
f 2471 2470 2620
f 2620 2470 2203
f 2620 2203 2179
f 2620 2179 2479
f 2620 2479 2480
f 2465 2464 2207
f 2465 2207 2621
f 2621 2207 2205
f 2621 2205 2474
f 2621 2474 2475
f 2459 2201 2200
f 2459 2200 2622
f 2622 2200 2468
f 2622 2468 2469
f 2454 2453 2623
f 2623 2453 2193
f 2623 2193 2462
f 2623 2462 2463
f 2448 2447 2196
f 2448 2196 2624
f 2624 2196 2457
f 2624 2457 2458
f 2442 2190 2625
f 2625 2190 2189
f 2625 2189 2451
f 2625 2451 2452
f 2437 2182 2626
f 2626 2182 2181
f 2626 2181 2445
f 2626 2445 2446
f 2627 2426 2429
f 2627 2429 2628
f 2628 2429 2629
f 2629 2429 2431
f 2629 2431 2630
f 2630 2431 2631
f 2631 2431 2434
f 2631 2434 2632
f 2632 2434 2436
f 2632 2436 2633
f 2633 2436 2416
f 2633 2416 2634
f 2634 2416 2420
f 2634 2420 2635
f 2635 2420 2422
f 2635 2422 2636
f 2636 2422 2637
f 2637 2422 2424
f 2637 2424 2426
f 2637 2426 2627
f 2592 2385 2638
f 2638 2385 2639
f 2638 2639 2384
f 2638 2384 2415
f 2640 2321 2641
f 2641 2321 2322
f 2641 2322 2642
f 2642 2322 2297
f 2642 2297 2643
f 2643 2297 2302
f 2643 2302 2644
f 2644 2302 2304
f 2644 2304 2306
f 2644 2306 2645
f 2645 2306 2300
f 2645 2300 2646
f 2646 2300 2301
f 2646 2301 2308
f 2646 2308 2647
f 2647 2308 2309
f 2647 2309 2648
f 2648 2309 2312
f 2648 2312 2649
f 2649 2312 2313
f 2649 2313 2315
f 2649 2315 2650
f 2650 2315 2651
f 2651 2315 2316
f 2651 2316 2640
f 2640 2316 2321
f 2652 2649 2653
f 2653 2649 2650
f 2653 2650 2651
f 2653 2651 2654
f 2654 2651 2640
f 2654 2640 2655
f 2655 2640 2641
f 2655 2641 2656
f 2656 2641 2642
f 2656 2642 2657
f 2657 2642 2643
f 2643 2644 2657
f 2657 2644 2658
f 2658 2644 2645
f 2658 2645 2659
f 2659 2645 2646
f 2659 2646 2660
f 2660 2646 2647
f 2660 2647 2661
f 2661 2647 2662
f 2662 2647 2648
f 2662 2648 2652
f 2652 2648 2649
f 2427 2655 2428
f 2428 2655 2656
f 2428 2656 2430
f 2430 2656 2657
f 2430 2657 2432
f 2432 2657 2658
f 2432 2658 2433
f 2433 2658 2435
f 2435 2658 2659
f 2435 2659 2417
f 2417 2659 2660
f 2417 2660 2661
f 2417 2661 2418
f 2418 2661 2419
f 2419 2661 2662
f 2419 2662 2421
f 2421 2662 2652
f 2421 2652 2423
f 2423 2652 2653
f 2423 2653 2654
f 2423 2654 2425
f 2425 2654 2427
f 2427 2654 2655
f 2663 2664 2356
f 2665 2363 2360
f 2666 2667 2668
f 2668 2667 2669
f 2356 2364 2663
f 2670 2665 2360
f 2668 2669 2671
f 2664 2638 2415
f 2666 2672 2667
f 2356 2664 2415
f 2673 2674 2666
f 2666 2674 2672
f 2670 2675 2665
f 2665 2675 2676
f 2638 2664 2677
f 2638 2677 2678
f 2678 2592 2638
f 2675 2670 2679
f 2679 2670 2673
f 2680 2574 2681
f 2681 2574 2575
f 2575 2577 2681
f 2681 2577 2578
f 2681 2578 2682
f 2683 2571 2572
f 2683 2572 2680
f 2680 2572 2574
f 2678 2591 2592
f 2684 2682 2582
f 2685 2590 2591
f 2578 2579 2682
f 2686 2570 2683
f 2683 2570 2571
f 2671 2236 2235
f 2671 2235 2668
f 2668 2235 2568
f 2668 2568 2569
f 2684 2582 2583
f 2684 2583 2687
f 2686 2569 2570
f 2687 2583 2585
f 2687 2585 2587
f 2688 2627 2689
f 2689 2627 2628
f 2689 2628 2690
f 2690 2628 2629
f 2690 2629 2630
f 2691 2630 2631
f 2691 2631 2692
f 2692 2631 2632
f 2692 2632 2693
f 2693 2632 2633
f 2693 2633 2694
f 2694 2633 2695
f 2695 2633 2634
f 2695 2634 2696
f 2696 2634 2635
f 2696 2635 2636
f 2636 2637 2697
f 2697 2637 2688
f 2688 2637 2627
f 2698 2699 2293
f 2698 2265 2238
f 2238 2265 2700
f 2238 2700 2241
f 2698 2293 2265
f 2269 2701 2241
f 2269 2241 2702
f 2702 2241 2700
f 2269 2280 2703
f 2701 2269 2703
f 2359 2365 2704
f 2704 2705 2359
f 2359 2705 2272
f 2359 2272 2706
f 2704 2365 2337
f 2337 2365 2707
f 2337 2707 2285
f 2708 2285 2707
f 2248 2709 2706
f 2248 2706 2272
f 2240 2375 2241
f 2241 2375 2568
f 2238 2241 2568
f 2238 2568 2235
f 2350 2354 2710
f 2711 2712 2354
f 2354 2712 2713
f 2354 2713 2710
f 2710 2713 2714
f 2710 2714 2361
f 2361 2714 2715
f 2715 2368 2361
f 2368 2715 2711
f 2715 2712 2711
f 2716 2717 2711
f 2711 2717 2718
f 2711 2718 2368
f 2719 2239 2718
f 2718 2239 2368
f 2239 2719 2238
f 2238 2719 2720
f 2716 2720 2717
f 2238 2720 2716
f 2238 2716 2698
f 2716 2711 2699
f 2699 2711 2353
f 2353 2711 2354
f 2698 2716 2699
f 2353 2292 2293
f 2353 2293 2699
f 2721 2722 2701
f 2701 2722 2723
f 2701 2723 2241
f 2241 2723 2244
f 2244 2723 2724
f 2725 2244 2724
f 2244 2725 2362
f 2362 2725 2721
f 2725 2722 2721
f 2726 2727 2721
f 2727 2728 2721
f 2721 2728 2362
f 2362 2728 2729
f 2362 2729 2730
f 2730 2729 2367
f 2367 2729 2731
f 2726 2731 2727
f 2731 2726 2367
f 2367 2726 2365
f 2365 2726 2707
f 2726 2721 2708
f 2708 2721 2703
f 2703 2721 2701
f 2707 2726 2708
f 2708 2280 2285
f 2703 2280 2708
f 2732 2733 2357
f 2357 2733 2734
f 2734 2733 2735
f 2735 2706 2734
f 2735 2736 2706
f 2359 2736 2732
f 2359 2732 2357
f 2737 2738 2739
f 2738 2737 2740
f 2738 2740 2734
f 2734 2740 2357
f 2740 2741 2357
f 2741 2340 2357
f 2340 2741 2739
f 2342 2340 2738
f 2738 2340 2739
f 2706 2736 2359
f 2738 2734 2345
f 2345 2734 2709
f 2709 2734 2706
f 2342 2738 2345
f 2709 2248 2275
f 2709 2275 2345
f 2346 2328 2326
f 2346 2326 2348
f 2347 2742 2348
f 2348 2742 2743
f 2348 2743 2346
f 2346 2743 2344
f 2355 2744 2745
f 2355 2745 2356
f 2356 2745 2743
f 2745 2746 2743
f 2746 2344 2743
f 2746 2747 2344
f 2747 2744 2355
f 2356 2748 2352
f 2352 2748 2749
f 2742 2749 2750
f 2742 2750 2743
f 2750 2751 2743
f 2743 2751 2356
f 2356 2751 2748
f 2347 2352 2742
f 2742 2352 2749
f 2344 2747 2355
f 2344 2355 2339
f 2375 2396 2395
f 2404 2399 2573
f 2398 2576 2399
f 2393 2391 2581
f 2584 2408 2403
f 2588 2402 2409
f 2409 2410 2588
f 2384 2639 2385
f 2685 2587 2589
f 2589 2590 2685
f 2587 2585 2586
f 2580 2582 2682
f 2682 2579 2580
f 2752 985 2252
f 2752 2252 2753
f 2753 2252 967
f 2752 2754 2755
f 2752 2755 985
f 984 2755 2756
f 984 2756 2757
f 2757 2756 2758
f 985 2755 984
f 2757 2758 2752
f 2752 2758 2754
f 2759 969 970
f 2759 970 954
f 2759 954 955
f 2759 955 2327
f 2759 2327 958
f 2759 958 975
f 2759 975 973
f 2759 973 980
f 2759 980 978
f 2759 978 946
f 2759 946 2757
f 2757 946 947
f 2757 947 965
f 2757 965 949
f 2757 949 950
f 2757 950 952
f 2757 952 971
f 2757 971 983
f 2757 983 984
f 2760 2761 969
f 2759 2760 969
f 2761 2762 967
f 967 2762 2753
f 2753 2762 2763
f 2753 2763 2759
f 2759 2763 2760
f 969 2761 967
f 2752 2753 2757
f 2757 2753 2759
f 2764 944 945
f 2764 945 963
f 2764 963 2325
f 2764 2325 972
f 2764 972 951
f 2764 951 953
f 2764 953 948
f 2764 948 979
f 2764 979 981
f 2764 981 2324
f 2764 2324 974
f 2764 974 2765
f 2765 974 976
f 2765 976 977
f 2765 977 956
f 2765 956 959
f 2765 959 961
f 2765 961 962
f 2766 2767 2768
f 2764 2767 2769
f 2766 2768 1054
f 2764 2769 2770
f 2764 2770 944
f 2768 2767 2764
f 944 2770 1054
f 1054 2770 2766
f 2771 1044 1045
f 2771 1045 1046
f 2771 1046 1047
f 2771 1047 1048
f 2771 1048 1049
f 2771 1049 1050
f 2771 1050 1051
f 2771 1051 1052
f 2771 1052 1053
f 2771 1053 1055
f 2771 1055 1056
f 2771 1056 1057
f 2771 1057 2768
f 2768 1057 1058
f 2768 1058 1059
f 2768 1059 1060
f 2768 1060 1042
f 2768 1042 1043
f 2768 1043 1054
f 2772 2765 962
f 2772 2773 2765
f 2771 2774 1044
f 1044 2774 2775
f 1044 2772 962
f 1044 2775 2772
f 2771 2773 2774
f 2765 2773 2771
f 2771 2768 2765
f 2765 2768 2764
f 2776 943 2296
f 2776 2296 2777
f 2777 2296 1086
f 2776 2778 2779
f 2776 2779 943
f 2780 2781 2291
f 2780 2782 2781
f 2779 2780 2291
f 943 2779 2291
f 2781 2782 2776
f 2776 2782 2778
f 2783 938 2294
f 2783 2294 2291
f 2783 2291 2781
f 2783 2784 938
f 938 2784 2785
f 1086 2786 2777
f 2777 2786 2787
f 2783 2787 2784
f 1086 2785 2786
f 938 2785 1086
f 2777 2787 2783
f 2783 2781 2777
f 2777 2781 2776
f 2788 2288 991
f 2788 991 992
f 2788 992 2789
f 2789 992 996
f 2789 996 993
f 2789 993 994
f 2789 994 998
f 2789 998 999
f 2789 999 986
f 2789 986 989
f 2788 2790 2791
f 2788 2791 2288
f 2273 2792 2793
f 2793 2792 2794
f 2794 2790 2788
f 2793 2794 2788
f 2288 2791 2273
f 2273 2791 2792
f 2795 2290 2793
f 2793 2290 2273
f 2795 2796 2290
f 2789 2797 2798
f 989 2799 2797
f 989 2797 2789
f 2290 2796 989
f 989 2796 2799
f 2789 2798 2795
f 2795 2798 2796
f 2795 2793 2789
f 2789 2793 2788
f 2800 2295 939
f 2800 939 2294
f 2800 2294 2801
f 2801 2294 937
f 2801 937 2329
f 2800 2802 2803
f 2800 2803 2295
f 2800 2804 2802
f 1041 2805 2806
f 2806 2805 2804
f 2295 2803 1041
f 1041 2803 2805
f 2806 2804 2800
f 2807 1039 1041
f 2807 1041 2806
f 2807 2808 2809
f 2807 2809 1039
f 2808 2807 2810
f 1039 2809 2329
f 2329 2809 2811
f 2811 2810 2801
f 2801 2810 2807
f 2329 2811 2801
f 2807 2806 2801
f 2801 2806 2800
f 2812 2278 2266
f 2812 2266 2813
f 2812 2814 2815
f 2812 2815 2278
f 2279 2816 2817
f 2817 2816 2818
f 2815 2816 2279
f 2817 2818 2812
f 2812 2818 2814
f 2278 2815 2279
f 2819 2277 2817
f 2817 2277 2279
f 2820 2821 2277
f 2266 2822 2813
f 2819 2820 2277
f 2266 2821 2822
f 2823 2820 2819
f 2277 2821 2266
f 2813 2822 2823
f 2813 2823 2819
f 2812 2813 2817
f 2817 2813 2819
f 2824 2281 926
f 2824 926 927
f 2824 927 930
f 2824 930 2825
f 2825 930 925
f 2825 925 2276
f 2825 2276 923
f 2826 2281 2824
f 1037 2827 2828
f 2828 2827 2829
f 2824 2830 2826
f 2281 2826 1037
f 1037 2826 2827
f 2828 2829 2824
f 2829 2830 2824
f 2831 1024 1025
f 2831 1025 1027
f 2831 1027 1028
f 2831 1028 1030
f 2831 1030 2282
f 2831 2282 1035
f 2831 1035 2284
f 2831 2284 1031
f 2831 1031 2283
f 2831 2283 1032
f 2831 1032 2828
f 2828 1032 1033
f 2828 1033 1034
f 2828 1034 1022
f 2828 1022 1023
f 2828 1023 1036
f 2828 1036 1037
f 2831 2832 2833
f 1024 2833 2834
f 2831 2833 1024
f 923 2834 2835
f 2825 2835 2832
f 1024 2834 923
f 923 2835 2825
f 2825 2832 2831
f 2831 2828 2825
f 2825 2828 2824
f 2836 1006 1007
f 2836 1007 1010
f 2836 1010 1011
f 2836 1011 1016
f 2836 1016 1017
f 2836 1017 2246
f 2836 2246 2837
f 2837 2246 1012
f 2837 1012 1013
f 2837 1013 1014
f 2837 1014 2330
f 2837 2330 1001
f 2837 1001 1002
f 2837 1002 2332
f 2837 2332 1004
f 2837 1004 1008
f 2837 1008 1009
f 1006 2836 2838
f 2838 2836 2839
f 1005 2840 2841
f 2841 2840 2842
f 2838 2840 1005
f 1006 2838 1005
f 2841 2842 2836
f 2836 2842 2839
f 2843 1000 2287
f 2843 2287 2286
f 2843 2286 2841
f 2841 2286 1005
f 2844 2837 2845
f 2846 2847 1000
f 2837 2844 2843
f 2843 2844 2846
f 2843 2846 1000
f 1000 2847 1009
f 1009 2845 2837
f 2847 2845 1009
f 2836 2837 2841
f 2837 2843 2841
f 2731 2827 2727
f 2727 2827 2826
f 2727 2826 2728
f 2728 2826 2830
f 2728 2830 2729
f 2729 2830 2829
f 2729 2829 2731
f 2827 2731 2829
f 2848 2833 2832
f 2848 2832 2849
f 2849 2832 2850
f 2850 2832 2835
f 2850 2835 2851
f 2851 2835 2834
f 2851 2834 2848
f 2848 2834 2833
f 2852 2848 2849
f 2849 2850 2852
f 2852 2850 2851
f 2851 2848 2852
f 2725 2816 2722
f 2722 2816 2815
f 2722 2815 2723
f 2723 2815 2814
f 2723 2814 2724
f 2724 2814 2818
f 2724 2818 2725
f 2816 2725 2818
f 2853 2820 2823
f 2853 2823 2854
f 2854 2823 2822
f 2854 2822 2855
f 2855 2822 2821
f 2855 2821 2856
f 2856 2821 2820
f 2856 2820 2853
f 2853 2854 2857
f 2857 2854 2855
f 2855 2856 2857
f 2856 2853 2857
f 2715 2780 2712
f 2712 2780 2779
f 2712 2779 2713
f 2713 2779 2778
f 2713 2778 2714
f 2714 2778 2782
f 2714 2782 2715
f 2780 2715 2782
f 2858 2784 2859
f 2859 2784 2787
f 2859 2787 2860
f 2860 2787 2786
f 2860 2786 2861
f 2861 2786 2785
f 2861 2785 2858
f 2858 2785 2784
f 2858 2859 2862
f 2859 2860 2862
f 2860 2861 2862
f 2862 2861 2858
f 2745 2756 2746
f 2746 2756 2755
f 2746 2755 2747
f 2747 2755 2754
f 2747 2754 2744
f 2744 2754 2758
f 2744 2758 2745
f 2756 2745 2758
f 2863 2760 2864
f 2864 2760 2865
f 2865 2760 2763
f 2865 2763 2866
f 2866 2763 2762
f 2866 2762 2761
f 2866 2761 2863
f 2863 2761 2760
f 2863 2864 2867
f 2864 2865 2867
f 2865 2866 2867
f 2867 2866 2863
f 2735 2840 2838
f 2735 2838 2736
f 2736 2838 2839
f 2736 2839 2732
f 2732 2839 2842
f 2732 2842 2733
f 2735 2733 2840
f 2840 2733 2842
f 2868 2846 2869
f 2869 2846 2844
f 2869 2844 2870
f 2870 2844 2845
f 2870 2845 2871
f 2871 2845 2847
f 2871 2847 2868
f 2868 2847 2846
f 2868 2869 2872
f 2869 2870 2872
f 2872 2870 2871
f 2871 2868 2872
f 2805 2717 2720
f 2717 2805 2803
f 2717 2803 2718
f 2718 2803 2802
f 2718 2802 2804
f 2718 2804 2719
f 2719 2804 2720
f 2805 2720 2804
f 2873 2808 2874
f 2874 2808 2810
f 2874 2810 2875
f 2875 2810 2811
f 2875 2811 2876
f 2876 2811 2809
f 2876 2809 2873
f 2873 2809 2808
f 2873 2874 2877
f 2877 2874 2875
f 2877 2875 2876
f 2876 2873 2877
f 2749 2766 2750
f 2750 2766 2770
f 2750 2770 2751
f 2751 2770 2769
f 2751 2769 2748
f 2748 2769 2767
f 2748 2767 2749
f 2766 2749 2767
f 2878 2774 2879
f 2879 2774 2773
f 2879 2773 2880
f 2880 2773 2881
f 2881 2773 2772
f 2881 2772 2882
f 2882 2772 2775
f 2882 2775 2878
f 2878 2775 2774
f 2878 2879 2883
f 2883 2879 2880
f 2883 2880 2881
f 2883 2881 2882
f 2882 2878 2883
f 2737 2792 2791
f 2737 2791 2740
f 2740 2791 2790
f 2740 2790 2741
f 2741 2790 2794
f 2741 2794 2739
f 2737 2739 2792
f 2792 2739 2794
f 2884 2796 2798
f 2884 2798 2885
f 2885 2798 2886
f 2886 2798 2797
f 2886 2797 2799
f 2886 2799 2887
f 2887 2799 2796
f 2887 2796 2884
f 2888 2884 2885
f 2885 2886 2888
f 2886 2887 2888
f 2888 2887 2884
f 2889 2890 2891
f 2891 2890 2892
f 2891 2892 2893
f 2891 2893 2894
f 2894 2893 2895
f 2890 2889 2337
f 2337 2889 2704
f 2272 2705 2895
f 2895 2705 2894
f 2704 2891 2705
f 2704 2889 2891
f 2891 2894 2705
f 2896 2897 2898
f 2898 2897 2899
f 2898 2899 2900
f 2898 2900 2901
f 2897 2896 2265
f 2265 2896 2700
f 2269 2702 2900
f 2900 2702 2901
f 2898 2901 2702
f 2898 2700 2896
f 2700 2898 2702
f 2902 2903 2904
f 2902 2904 2905
f 2905 2904 2906
f 2905 2906 2907
f 2907 2906 2908
f 2903 2902 2255
f 2255 2902 2351
f 2338 2349 2908
f 2908 2349 2907
f 2905 2351 2902
f 2351 2905 2349
f 2905 2907 2349
f 2909 2910 2911
f 2909 2911 2912
f 2912 2911 2913
f 2912 2913 2914
f 2912 2914 2915
f 2910 2909 2274
f 2274 2909 2341
f 2250 2343 2914
f 2914 2343 2915
f 2341 2912 2343
f 2341 2909 2912
f 2912 2915 2343
f 2916 2917 2234
f 2917 2916 2918
f 2918 2919 2920
f 2917 2918 2920
f 2919 2362 2920
f 2920 2362 2368
f 2667 2381 2921
f 2921 2381 2380
f 2921 2380 2669
f 2669 2380 2376
f 2669 2376 2671
f 2922 2372 2674
f 2674 2372 2377
f 2674 2377 2923
f 2923 2377 2924
f 2923 2924 2672
f 2672 2924 2383
f 2672 2383 2667
f 2667 2383 2381
f 2360 2366 2374
f 2360 2374 2670
f 2670 2374 2925
f 2670 2925 2922
f 2922 2925 2372
f 2242 2916 2376
f 2376 2916 2234
f 2376 2234 2671
f 2671 2234 2236
f 2367 2362 2730
f 2919 2244 2362
f 2245 2918 2916
f 2244 2919 2918
f 2244 2918 2243
f 2243 2918 2245
f 2916 2242 2245
f 2377 2383 2924
f 2925 2374 2372
f 2350 2710 2361
f 2368 2239 2920
f 2920 2237 2917
f 2917 2237 2234
f 2237 2920 2239
f 2667 2921 2669
f 2672 2674 2923
f 2674 2673 2922
f 2670 2922 2673
f 2926 2253 2927
f 2927 2253 2254
f 2927 2254 2928
f 2927 2928 2929
f 2929 2928 2930
f 2929 2930 2931
f 2931 2930 2333
f 2931 2333 2932
f 2932 2333 2289
f 2299 2253 2933
f 2933 2253 2926
f 2934 2310 2307
f 2934 2307 2935
f 2935 2307 2301
f 2935 2301 2936
f 2936 2301 2299
f 2936 2299 2933
f 2310 2934 2289
f 2289 2934 2932
f 2933 2927 2936
f 2936 2927 2935
f 2931 2934 2935
f 2931 2935 2929
f 2929 2935 2927
f 2931 2932 2934
f 2927 2933 2926
f 2937 2331 2335
f 2937 2335 2938
f 2938 2335 2939
f 2938 2939 2940
f 2940 2939 2941
f 2940 2941 2942
f 2942 2941 2270
f 2942 2270 2943
f 2943 2270 2249
f 2331 2944 2311
f 2311 2944 2945
f 2946 2317 2314
f 2946 2314 2947
f 2947 2314 2313
f 2947 2313 2948
f 2948 2313 2311
f 2948 2311 2945
f 2317 2946 2943
f 2317 2943 2249
f 2944 2937 2945
f 2948 2938 2947
f 2947 2938 2940
f 2947 2940 2942
f 2947 2942 2946
f 2945 2937 2948
f 2948 2937 2938
f 2943 2946 2942
f 2949 2262 2950
f 2950 2262 2260
f 2950 2260 2951
f 2951 2260 2259
f 2951 2259 2257
f 2951 2257 2952
f 2952 2257 2953
f 2953 2257 2256
f 2262 2949 2954
f 2262 2954 2298
f 2955 2300 2305
f 2955 2305 2956
f 2956 2305 2303
f 2956 2303 2954
f 2954 2303 2298
f 2955 2953 2300
f 2300 2953 2256
f 2954 2950 2956
f 2950 2954 2949
f 2950 2951 2956
f 2956 2951 2952
f 2956 2952 2955
f 2955 2952 2953
f 2957 2319 2958
f 2958 2319 2268
f 2958 2268 2959
f 2958 2959 2960
f 2960 2959 2961
f 2960 2961 2962
f 2962 2961 2263
f 2962 2263 2963
f 2963 2263 2336
f 2964 2318 2957
f 2957 2318 2319
f 2965 2323 2966
f 2966 2323 2322
f 2966 2322 2320
f 2966 2320 2967
f 2967 2320 2318
f 2967 2318 2964
f 2323 2965 2963
f 2323 2963 2336
f 2964 2958 2967
f 2967 2958 2960
f 2967 2960 2966
f 2966 2960 2962
f 2966 2962 2965
f 2965 2962 2963
f 2958 2964 2957
f 2944 2331 2937
f 2251 2250 2914
f 2914 2254 2251
f 2254 2914 2928
f 2928 2914 2913
f 2928 2913 2930
f 2930 2913 2911
f 2930 2911 2910
f 2930 2910 2333
f 2910 2334 2333
f 2334 2910 2274
f 2258 2903 2255
f 2903 2258 2257
f 2261 2908 2906
f 2261 2906 2259
f 2259 2906 2904
f 2259 2904 2257
f 2257 2904 2903
f 2261 2338 2908
f 2900 2267 2269
f 2900 2268 2267
f 2268 2900 2959
f 2959 2900 2899
f 2959 2899 2961
f 2961 2899 2897
f 2961 2897 2263
f 2897 2264 2263
f 2264 2897 2265
f 2247 2272 2895
f 2895 2335 2247
f 2335 2895 2893
f 2335 2893 2939
f 2939 2893 2941
f 2941 2893 2892
f 2941 2892 2890
f 2941 2890 2270
f 2890 2271 2270
f 2271 2890 2337
f 2111 2113 2593
f 2108 2107 2617
f 2617 2107 2968
f 2617 2968 2615
f 2615 2968 2969
f 2615 2969 2613
f 2613 2969 2970
f 2613 2970 2611
f 2611 2970 2971
f 2611 2971 2609
f 2609 2971 2972
f 2609 2972 2607
f 2607 2972 2973
f 2607 2973 2974
f 2607 2974 2605
f 2605 2974 2603
f 2603 2974 2975
f 2603 2975 2601
f 2975 2976 2601
f 2601 2976 2599
f 2599 2976 2977
f 2599 2977 2597
f 2597 2977 2978
f 2597 2978 2595
f 2595 2978 2979
f 2595 2979 2593
f 2593 2979 2980
f 2593 2980 2111
f 2111 2516 2110
f 2523 2106 2516
f 2516 2106 2110
f 2520 2107 2523
f 2523 2107 2106
f 2107 2520 2968
f 2968 2520 2563
f 2968 2563 2969
f 2969 2563 2528
f 2969 2528 2970
f 2970 2528 2527
f 2970 2527 2971
f 2971 2527 2560
f 2971 2560 2972
f 2972 2560 2490
f 2972 2490 2489
f 2972 2489 2973
f 2973 2489 2974
f 2974 2489 2492
f 2974 2492 2975
f 2975 2492 2499
f 2975 2499 2976
f 2976 2499 2500
f 2976 2500 2508
f 2976 2508 2977
f 2977 2508 2503
f 2977 2503 2978
f 2978 2503 2511
f 2978 2511 2979
f 2979 2511 2512
f 2979 2512 2980
f 2980 2512 2518
f 2980 2518 2111
f 2111 2518 2516
f 2120 2119 2211
f 2215 2981 2982
f 2215 2982 2213
f 2213 2982 2211
f 2211 2982 2983
f 2211 2983 2120
f 2984 2224 2225
f 2984 2225 2985
f 2985 2225 2986
f 2986 2225 2227
f 2986 2227 2987
f 2987 2227 2229
f 2987 2229 2988
f 2988 2229 2231
f 2988 2231 2989
f 2989 2231 2990
f 2990 2231 2210
f 2990 2210 2101
f 2101 2210 2099
f 2224 2984 2991
f 2224 2991 2221
f 2221 2991 2992
f 2221 2992 2219
f 2219 2992 2993
f 2219 2993 2217
f 2217 2993 2994
f 2217 2994 2215
f 2215 2994 2981
f 2101 2103 2995
f 2101 2995 2996
f 2101 2996 2990
f 2990 2996 2989
f 2989 2996 2997
f 2989 2997 2988
f 2988 2997 2998
f 2988 2998 2987
f 2987 2998 2999
f 2987 2999 2986
f 2986 2999 3000
f 2986 3000 2985
f 2985 3000 3001
f 2985 3001 2984
f 2984 3001 3002
f 2984 3002 2991
f 2991 3002 3003
f 2991 3003 2992
f 2992 3003 3004
f 2992 3004 2993
f 2993 3004 2994
f 2994 3004 3005
f 2994 3005 2981
f 2981 3005 3006
f 2981 3006 3007
f 2981 3007 2982
f 2982 3007 2983
f 2983 3007 3008
f 2983 3008 2120
f 2120 3008 2115
f 2103 2104 2995
f 2995 2104 2996
f 2996 2104 2616
f 2996 2616 2997
f 2997 2616 2614
f 2997 2614 2998
f 2998 2614 2612
f 2998 2612 2999
f 2598 3005 2600
f 2600 3005 3004
f 2600 3004 2602
f 2602 3004 3003
f 2602 3003 2604
f 2604 3003 3002
f 2604 3002 2606
f 2606 3002 3001
f 2606 3001 2608
f 2608 3001 3000
f 2608 3000 2610
f 2610 3000 2999
f 2610 2999 2612
f 2114 2115 3008
f 2114 3008 2594
f 2594 3008 3007
f 2594 3007 2596
f 2596 3007 3006
f 2596 3006 2598
f 2598 3006 3005
f 2152 3009 2154
f 2154 3009 3010
f 2154 3010 2156
f 2156 3010 3011
f 2156 3011 2158
f 2158 3011 3012
f 2158 3012 2160
f 2160 3012 2161
f 2161 3012 3013
f 2161 3013 2164
f 2164 3013 3014
f 2164 3014 2166
f 2166 3014 3015
f 2166 3015 2168
f 2123 2127 2173
f 2123 2173 3016
f 3016 2173 2171
f 3016 2171 3017
f 3017 2171 2169
f 3017 2169 3018
f 3018 2169 2168
f 3018 2168 3015
f 2091 2096 2147
f 2147 2096 3019
f 2147 3019 2149
f 2149 3019 3020
f 2149 3020 3021
f 2149 3021 2152
f 2152 3021 3009
f 2096 2098 3022
f 2096 3022 3019
f 3019 3022 3023
f 3019 3023 3020
f 3020 3023 3024
f 3020 3024 3021
f 3021 3024 3009
f 3009 3024 3025
f 3009 3025 3026
f 3009 3026 3010
f 3010 3026 3011
f 3011 3026 3027
f 3011 3027 3012
f 3012 3027 3028
f 3012 3028 3029
f 3012 3029 3013
f 3013 3029 3030
f 3013 3030 3014
f 3014 3030 3015
f 3015 3030 3031
f 3015 3031 3032
f 3015 3032 3018
f 3018 3032 3017
f 3017 3032 3033
f 3017 3033 3034
f 3017 3034 3016
f 3016 3034 3035
f 3016 3035 2123
f 2123 3035 2117
f 2228 3026 2230
f 2230 3026 3025
f 2230 3025 3024
f 2230 3024 2232
f 2232 3024 3023
f 2232 3023 2233
f 2233 3023 3022
f 2233 3022 2100
f 2100 3022 2098
f 2220 3031 3030
f 2220 3030 2222
f 2222 3030 3029
f 2222 3029 2223
f 2223 3029 3028
f 2223 3028 2226
f 2226 3028 3027
f 2226 3027 2228
f 2228 3027 3026
f 2118 2117 3035
f 2118 3035 2212
f 2212 3035 2214
f 2214 3035 3034
f 2214 3034 2216
f 2216 3034 3033
f 2216 3033 2218
f 2218 3033 3032
f 2218 3032 2220
f 2220 3032 3031
f 2126 2125 3036
f 2126 3036 2172
f 2172 3036 3037
f 2155 3038 3039
f 2155 3039 2153
f 2153 3039 3040
f 2153 3040 2151
f 2151 3040 3041
f 2151 3041 2150
f 2150 3041 3042
f 2150 3042 2148
f 2148 3042 3043
f 2148 3043 2092
f 2092 3043 2094
f 2172 3037 2170
f 2170 3037 3044
f 2170 3044 2167
f 2167 3044 3045
f 2167 3045 2165
f 2165 3045 3046
f 2165 3046 2163
f 2163 3046 3047
f 2163 3047 2162
f 2162 3047 2159
f 2159 3047 3048
f 2159 3048 2157
f 2157 3048 3038
f 2157 3038 2155
f 3049 2129 2094
f 2129 3049 3050
f 2129 3050 2128
f 3050 2125 2128
f 3049 2094 3043
f 3049 3043 3051
f 3051 3043 3052
f 3052 3043 3042
f 3052 3042 3053
f 3053 3042 3041
f 3053 3041 3054
f 3054 3041 3040
f 3054 3040 3055
f 3055 3040 3039
f 3055 3039 3038
f 3055 3038 3056
f 3056 3038 3057
f 3057 3038 3048
f 3057 3048 3058
f 3058 3048 3047
f 3058 3047 3059
f 3059 3047 3046
f 3059 3046 3045
f 3059 3045 3060
f 3060 3045 3061
f 3061 3045 3044
f 3061 3044 3062
f 3062 3044 3037
f 3062 3037 3063
f 3063 3037 3036
f 3063 3036 3050
f 3050 3036 2125
f 2199 3049 2209
f 2209 3049 3051
f 2209 3051 2206
f 2206 3051 3052
f 2206 3052 2204
f 2204 3052 3053
f 2204 3053 2178
f 2178 3053 3054
f 2178 3054 3055
f 2178 3055 2174
f 2174 3055 2186
f 2198 3061 2195
f 2195 3061 3062
f 2195 3062 2192
f 2192 3062 3063
f 2192 3063 3050
f 2192 3050 2202
f 2202 3050 2199
f 2199 3050 3049
f 3055 3056 2186
f 2186 3056 3057
f 2186 3057 2183
f 2183 3057 3058
f 2183 3058 2180
f 2180 3058 3059
f 2180 3059 2191
f 2191 3059 2188
f 2188 3059 3060
f 2188 3060 2198
f 2198 3060 3061
f 3064 2033 2048
f 3065 3066 3067
f 3065 3067 3068
f 3066 3065 3069
f 3069 3065 3070
f 3071 3064 3070
f 3069 3070 3064
f 3069 3064 2048
f 3072 3073 3068
f 3072 3068 3067
f 3074 3075 3073
f 3074 3073 3072
f 2048 2046 3069
f 2039 3076 2041
f 2041 3076 3077
f 2041 3077 3078
f 2041 3078 2044
f 3064 3079 2033
f 2033 3079 3080
f 2033 3080 2035
f 2035 3080 3081
f 2035 3081 2038
f 2038 3081 3082
f 2038 3082 2039
f 2039 3082 3076
f 3069 2046 2044
f 2044 3078 3075
f 3075 3074 2044
f 2044 3074 3069
f 3083 3084 3085
f 3085 3084 3086
f 3086 3087 3085
f 3085 3087 3083
f 3083 3066 3084
f 3084 3066 3069
f 3084 3069 3074
f 3084 3074 3086
f 3086 3074 3072
f 3086 3072 3087
f 3087 3072 3067
f 3087 3067 3083
f 3083 3067 3066
f 2102 3088 2105
f 2105 3089 2109
f 2109 3089 3090
f 2109 3090 2112
f 2112 3090 3091
f 2112 3091 2116
f 2116 3091 3092
f 2116 3092 2121
f 2121 3092 2122
f 2122 3092 3093
f 2122 3093 2124
f 2124 3093 3094
f 2124 3094 2130
f 2130 3094 2095
f 2095 3095 2093
f 2093 3095 2097
f 2097 3095 3088
f 2097 3088 2102
f 3088 2688 2105
f 2105 2688 2689
f 2105 2689 3089
f 3089 2689 2690
f 3089 2690 3090
f 3090 2690 2630
f 3090 2630 2691
f 3090 2691 3091
f 3091 2691 2692
f 3091 2692 3092
f 3092 2692 2693
f 3092 2693 2694
f 3092 2694 3093
f 3093 2694 2695
f 3093 2695 3094
f 3094 2695 2696
f 3094 2696 2095
f 2095 2696 2636
f 2095 2636 3095
f 3095 2636 2697
f 3095 2697 2688
f 3095 2688 3088
f 2090 2089 3096
f 2090 3096 3097
f 3097 3096 3098
f 3098 3096 2059
f 3098 2059 3064
f 3064 2059 3099
f 3064 3099 3100
f 3100 3099 3101
f 3100 3101 3102
f 3102 3101 3080
f 3080 3101 3103
f 3080 3103 3104
f 3104 3103 3105
f 3105 3103 2063
f 3105 2063 2074
f 3105 2074 3082
f 3082 2074 3106
f 3082 3106 3107
f 3107 3106 2078
f 3107 2078 3077
f 3077 2078 3108
f 3077 3108 3109
f 3109 3108 3110
f 3109 3110 3111
f 3111 3110 2071
f 3111 2071 2081
f 3111 2081 2080
f 3112 3113 3114
f 3114 3113 3115
f 3114 3115 3116
f 3116 3115 3117
f 3116 3117 3118
f 3118 3117 3119
f 3119 3117 3120
f 3119 3120 3121
f 3121 3120 3122
f 3121 3122 3123
f 3123 3122 3124
f 3124 3122 3125
f 3124 3125 3126
f 3126 3125 3127
f 3127 3125 3128
f 3127 3128 3129
f 3129 3128 3130
f 3130 3128 3131
f 3130 3131 3132
f 3132 3131 3133
f 3132 3133 3112
f 3112 3133 3113
f 3113 2531 2532
f 3113 2532 3134
f 3113 3134 3115
f 3115 3134 2536
f 3115 2536 2538
f 3115 2538 3117
f 3117 2538 3135
f 3117 3135 2539
f 3117 2539 3120
f 3120 2539 2541
f 3120 2541 3136
f 3120 3136 3122
f 3122 3136 2544
f 3122 2544 3125
f 2544 2549 3125
f 2549 2548 3125
f 3125 2548 3128
f 2548 2547 3128
f 2547 2553 3128
f 3128 2553 3131
f 2553 2486 3131
f 2486 2488 3131
f 3131 2488 3133
f 2488 2555 3133
f 2555 2531 3133
f 3133 2531 3113
f 2544 3136 2541
f 2539 3135 2538
f 2536 3134 2532
f 2034 3119 3121
f 2034 3121 2032
f 2032 3121 3123
f 2032 3123 2047
f 2047 3123 3124
f 2047 3124 3126
f 2047 3126 2045
f 2045 3126 3127
f 2045 3127 3129
f 2045 3129 2043
f 2043 3129 3130
f 2043 3130 2042
f 2042 3130 3132
f 2042 3132 3112
f 2042 3112 2040
f 2040 3112 3114
f 2040 3114 2037
f 2037 3114 3116
f 2037 3116 2036
f 2036 3116 3118
f 2036 3118 3119
f 2036 3119 2034
f 2052 2081 2075
f 2089 2055 2057
f 2089 2057 3096
f 3096 2057 2059
f 2059 2064 3099
f 3099 2064 2066
f 3099 2066 3101
f 3101 2066 2061
f 3101 2061 3103
f 3103 2061 2063
f 2074 2076 3106
f 3106 2076 2078
f 3108 2078 2069
f 3108 2069 3110
f 3110 2069 2071
f 2071 2075 2081
f 3070 2090 3097
f 3070 3097 3071
f 3071 3097 3098
f 3071 3098 3064
f 3064 3100 3079
f 3079 3100 3102
f 3079 3102 3080
f 3080 3104 3081
f 3081 3104 3105
f 3081 3105 3082
f 3082 3107 3076
f 3076 3107 3077
f 3077 3109 3078
f 3078 3109 3111
f 3078 3111 2080
f 3078 2080 3075
f 2080 3073 3075
f 2090 3070 3065
f 3073 2080 2083
f 3073 2083 2084
f 3073 2084 3068
f 3068 2084 2086
f 3068 2086 2088
f 3068 2088 3065
f 3065 2088 2090
f 2537 2534 3137
f 3137 2534 3138
f 3139 2495 3137
f 3137 2495 2537
f 2495 3139 3140
f 2495 3140 2497
f 3141 2501 3142
f 3142 2501 2502
f 3142 2502 3143
f 3143 2502 2498
f 3137 3141 3142
f 3137 3142 3139
f 3139 3142 3143
f 3139 3143 3140
f 3141 3137 3138
f 3138 2534 3141
f 3141 2534 2501
f 3143 2498 3140
f 3140 2498 2497
f 2540 2494 3144
f 3144 2494 3145
f 3146 2542 2540
f 3146 2540 3144
f 3146 3147 2542
f 2542 3147 2558
f 3148 2493 3149
f 3149 2493 2496
f 3149 2496 3150
f 3144 3148 3149
f 3144 3149 3146
f 3146 3149 3150
f 3146 3150 3147
f 3145 3148 3144
f 2530 2504 3151
f 3151 2504 3152
f 3153 2533 3151
f 3151 2533 2530
f 3153 3154 2533
f 2533 3154 2535
f 3155 2506 3156
f 3156 2506 2507
f 3151 3155 3156
f 3151 3156 3153
f 3155 3151 3152
f 3156 3154 3153
f 3157 2556 3158
f 3159 2505 3157
f 3157 2505 2556
f 2505 3159 3160
f 2505 3160 2509
f 3161 2513 3162
f 3162 2513 2510
f 3162 3159 3157
f 3162 3157 3161
f 3162 3160 3159
f 3158 3161 3157
f 2545 2557 3163
f 3163 2557 3164
f 3165 2543 3163
f 3163 2543 2545
f 2543 3165 3166
f 2543 3166 2562
f 3167 2491 3168
f 3168 2491 2561
f 3168 2561 2559
f 3163 3164 3167
f 3163 3167 3168
f 3163 3168 3165
f 3165 3168 3166
f 2550 2526 3169
f 3169 2526 3170
f 3171 2546 3169
f 3169 2546 2550
f 2546 3171 2564
f 2564 3171 3172
f 3173 2525 3174
f 3174 2525 2529
f 3174 2529 3175
f 3175 3171 3174
f 3174 3171 3169
f 3174 3169 3173
f 3175 3172 3171
f 3169 3170 3173
f 2551 2522 3176
f 3176 2522 3177
f 3178 2552 3176
f 3176 2552 2551
f 2552 3178 3179
f 2552 3179 2565
f 3180 2521 2524
f 3180 2524 3181
f 3176 3180 3178
f 3178 3180 3181
f 3178 3181 3179
f 3180 3176 3177
f 2554 2566 3182
f 3182 2566 3183
f 3184 2487 3182
f 3182 2487 2554
f 3184 3185 2487
f 2487 3185 2567
f 3186 2515 2517
f 3186 2517 3187
f 3187 2517 2519
f 3182 3186 3184
f 3184 3186 3187
f 3186 3182 3183
f 3185 3184 3187
f 3145 2494 3148
f 3148 2494 2493
f 3150 2496 2558
f 3150 2558 3147
f 3164 2557 3167
f 3167 2557 2491
f 3168 2559 3166
f 3166 2559 2562
f 3170 2526 3173
f 3173 2526 2525
f 3175 2529 2564
f 3175 2564 3172
f 3177 2522 2521
f 3177 2521 3180
f 3181 2524 3179
f 3179 2524 2565
f 3183 2566 2515
f 3183 2515 3186
f 3187 2519 3185
f 3185 2519 2567
f 3158 2556 2514
f 3158 2514 3161
f 3161 2514 2513
f 3162 2510 3160
f 3160 2510 2509
f 3152 2504 2506
f 3152 2506 3155
f 3156 2507 3154
f 3154 2507 2535
f 2396 3188 3189
f 2396 3189 2394
f 2394 3189 2405
f 2405 3189 3190
f 2405 3190 3191
f 2405 3191 2400
f 2400 3191 3192
f 2400 3192 2397
f 2397 3192 3193
f 2397 3193 2392
f 2392 3193 3194
f 2392 3194 2390
f 2390 3194 3195
f 2390 3195 2401
f 2401 3195 3196
f 2401 3196 3197
f 2401 3197 2409
f 2409 3197 3198
f 2409 3198 2411
f 2411 3198 2412
f 2412 3198 3199
f 2412 3199 2413
f 2413 3199 2389
f 2389 3199 3200
f 2389 3200 2373
f 2373 3200 3201
f 2373 3201 2371
f 2371 3201 3202
f 2371 3202 2382
f 2382 3202 3203
f 2382 3203 2379
f 2379 3203 3204
f 2379 3204 2396
f 2396 3204 3188
f 2476 3191 3190
f 2480 3189 3188
f 3188 2471 2480
f 3198 2448 3199
f 2442 3197 3196
f 3197 2452 2450
f 3197 2450 3198
f 3198 2450 2448
f 2448 2458 3199
f 3200 2454 2463
f 3200 2463 2461
f 3200 2461 3201
f 2465 3204 3203
f 2480 2471 2620
f 2441 2481 2618
f 2481 2441 3192
f 2452 3197 2442
f 3201 2461 3202
f 3202 2461 2459
f 2459 2469 3202
f 2476 2485 3191
f 3199 2458 2456
f 3199 2456 3200
f 3200 2456 2454
f 3189 2480 2478
f 3189 2478 3190
f 3190 2478 2476
f 3194 2437 3195
f 2446 3195 2437
f 2446 2437 2626
f 3195 2446 2443
f 3195 2443 3196
f 3196 2443 2442
f 2448 2624 2458
f 3204 2475 2473
f 3204 2473 3188
f 3188 2473 2471
f 2442 2625 2452
f 2485 2476 2619
f 2463 2454 2623
f 3202 2469 2467
f 3202 2467 3203
f 3203 2467 2465
f 3192 2483 2481
f 3192 2441 3193
f 2459 2622 2469
f 2465 2621 2475
f 2465 2475 3204
f 3191 2485 2483
f 3191 2483 3192
f 2441 2439 3193
f 3193 2439 3194
f 3194 2439 2437
f 2587 3205 2687
f 2687 3205 3206
f 2687 3206 2684
f 2684 3206 3207
f 2684 3207 2682
f 2682 3207 3208
f 2682 3208 2681
f 2681 3208 3209
f 2681 3209 3210
f 2681 3210 2680
f 2680 3210 3211
f 2680 3211 2683
f 2683 3211 2686
f 2686 3211 3212
f 2686 3212 2569
f 2569 3212 3213
f 2569 3213 2668
f 2668 3213 3214
f 2668 3214 2666
f 2666 3214 3215
f 2666 3215 2673
f 2673 3215 3216
f 2673 3216 2679
f 2679 3216 3217
f 2679 3217 2675
f 2675 3217 3218
f 2675 3218 2676
f 2676 3218 3219
f 2676 3219 2678
f 2678 3219 3220
f 2678 3220 2591
f 2591 3220 2685
f 2685 3220 3221
f 2685 3221 2587
f 2587 3221 3205
f 3206 3205 2139
f 2139 3205 3221
f 2139 3221 2140
f 2140 3221 3220
f 2140 3220 2141
f 2141 3220 2142
f 2142 3220 3219
f 2142 3219 3218
f 2142 3218 2143
f 2143 3218 3217
f 2143 3217 2144
f 2144 3217 2145
f 2145 3217 3216
f 2145 3216 3215
f 2145 3215 2146
f 2146 3215 3214
f 2146 3214 2131
f 2131 3214 3213
f 2131 3213 2132
f 2132 3213 3212
f 2132 3212 2133
f 2133 3212 3211
f 2133 3211 2134
f 2134 3211 3210
f 2134 3210 2135
f 2135 3210 3209
f 2135 3209 2136
f 2136 3209 3208
f 2136 3208 2137
f 2137 3208 3207
f 2137 3207 2138
f 2138 3207 3206
f 2138 3206 2139
f 3222 3223 2388
f 3222 2388 2665
f 2665 2388 2363
f 2363 2388 2369
f 3224 3225 3222
f 3222 3225 3223
f 2677 2386 3224
f 3224 2386 3225
f 2664 2387 2677
f 2677 2387 2386
f 2364 2358 2378
f 2364 2378 2663
f 2663 2378 2387
f 2663 2387 2664
f 2665 2676 3222
f 2676 2678 3224
f 2676 3224 3222
f 2677 3224 2678
f 3225 2386 2413
f 2389 3223 3225
f 2413 2389 3225
f 2369 2388 2370
f 2388 3223 2389
f 3226 3227 3228
f 3228 3227 3229
f 3228 3229 3230
f 3230 3229 3231
f 3230 3231 3232
f 3232 3231 3233
f 3232 3233 3234
f 3235 3236 3237
f 3237 3236 3238
f 3237 3238 3239
f 3239 3238 3240
f 3240 3238 3241
f 3240 3241 3242
f 3234 3233 3243
f 3234 3243 3244
f 3234 3244 3245
f 3245 3244 3246
f 3245 3246 3235
f 3235 3246 3236
f 3242 3241 3247
f 3242 3247 3248
f 3242 3248 3249
f 3249 3248 3250
f 3249 3250 2668
f 3249 2668 3251
f 3251 2668 3252
f 3251 3252 3253
f 3253 3252 3254
f 3253 3254 3226
f 3226 3254 3227
f 3255 3256 3257
f 3255 3257 3258
f 3258 3257 3259
f 3258 3259 3260
f 3260 3259 3261
f 3260 3261 3262
f 3263 3264 3265
f 3265 3264 3266
f 3265 3266 3267
f 3267 3266 3268
f 3267 3268 3269
f 3269 3268 3270
f 3262 3261 3271
f 3262 3271 3272
f 3272 3271 3273
f 3272 3273 3274
f 3274 3273 3275
f 3274 3275 3263
f 3263 3275 3264
f 3269 3270 3276
f 3269 3276 3277
f 3277 3276 3278
f 3277 3278 3279
f 3279 3278 3280
f 3279 3280 3281
f 3281 3280 3282
f 3281 3282 3283
f 3281 3283 3284
f 3284 3283 3285
f 3285 3283 3286
f 3285 3286 3256
f 3285 3256 3255
f 3273 3244 3275
f 3275 3244 3243
f 3275 3243 3264
f 3264 3243 3233
f 3264 3233 3266
f 3266 3233 3231
f 3266 3231 3268
f 3268 3231 3229
f 3268 3229 3270
f 3270 3229 3227
f 3270 3227 3276
f 3276 3227 3254
f 3276 3254 3278
f 3278 3254 3280
f 3280 3254 3252
f 3280 3252 3282
f 3282 3252 2668
f 3282 2668 3283
f 3283 2668 3250
f 3283 3250 3286
f 3286 3250 3248
f 3286 3248 3256
f 3256 3248 3247
f 3256 3247 3241
f 3256 3241 3257
f 3257 3241 3259
f 3259 3241 3238
f 3259 3238 3261
f 3261 3238 3236
f 3261 3236 3271
f 3271 3236 3246
f 3271 3246 3273
f 3273 3246 3244
f 3245 3274 3234
f 3234 3274 3263
f 3234 3263 3232
f 3232 3263 3265
f 3232 3265 3230
f 3230 3265 3267
f 3230 3267 3228
f 3228 3267 3269
f 3228 3269 3226
f 3226 3269 3277
f 3226 3277 3253
f 3253 3277 3279
f 3253 3279 3251
f 3251 3279 3281
f 3251 3281 3284
f 3251 3284 3249
f 3249 3284 3285
f 3249 3285 3242
f 3242 3285 3255
f 3242 3255 3240
f 3240 3255 3258
f 3240 3258 3239
f 3239 3258 3237
f 3237 3258 3260
f 3237 3260 3262
f 3237 3262 3235
f 3235 3262 3272
f 3235 3272 3245
f 3245 3272 3274
f 3287 3288 3289
f 3287 3289 3290
f 3291 3292 3293
f 3293 3292 3290
f 3290 3289 3293
f 3292 3291 3294
f 3295 3296 3297
f 3297 3296 3298
f 3297 3298 3299
f 3300 3301 3299
f 3298 3302 3299
f 3299 3302 3300
f 3303 3304 3305
f 3306 3307 3308
f 3309 3310 3311
f 3309 3311 3312
f 3313 3314 3315
f 3313 3316 3317
f 3317 3316 3304
f 3315 3314 3311
f 3318 3317 3304
f 3318 3304 3303
f 3318 3303 3319
f 3312 3311 3314
f 3310 3308 3320
f 3306 3308 3310
f 3321 3303 3305
f 3321 3322 3303
f 3323 3324 3325
f 3326 3325 3327
f 3327 3325 3324
f 3327 3305 3328
f 3327 3324 3305
f 3324 3329 3305
f 3328 3305 3304
f 3310 3320 3311
f 3315 3330 3313
f 3316 3313 3331
f 3311 3320 3315
f 3305 3329 3321
f 3303 3332 3319
f 3328 3304 3316
f 3328 3316 3327
f 3327 3316 3331
f 3333 3334 3335
f 3334 3336 3332
f 3337 3308 3307
f 3308 3338 3339
f 3337 3336 3333
f 3333 3336 3334
f 3337 3333 3338
f 3308 3337 3338
f 3340 3341 3334
f 3334 3341 3342
f 3303 3340 3332
f 3332 3340 3334
f 3333 3335 3343
f 3333 3343 3338
f 3334 3342 3335
f 3344 3345 3346
f 3347 3348 3349
f 3347 3350 3348
f 3351 3352 3353
f 3354 3355 3353
f 3355 3351 3353
f 3355 3354 3356
f 3356 3354 3350
f 3356 3350 3347
f 3356 3347 3357
f 3358 3359 3344
f 3344 3359 3360
f 3344 3360 3361
f 3346 3358 3344
f 3362 3345 3344
f 3361 3362 3344
f 3357 3363 3364
f 3364 3365 3357
f 3366 3357 3347
f 3367 3357 3365
f 3358 3346 3367
f 3358 3367 3365
f 3352 3368 3353
f 3369 3362 3361
f 3361 3370 3369
f 3371 3370 3361
f 3372 3373 3374
f 3375 3376 3377
f 3377 3372 3374
f 3377 3371 3361
f 3377 3361 3375
f 3361 3360 3375
f 3378 3353 3379
f 3379 3353 3368
f 3379 3371 3377
f 3379 3377 3378
f 3376 3372 3377
f 3374 3378 3377
f 3380 3381 3382
f 3383 3384 3385
f 3382 3386 3380
f 3385 3384 3380
f 3380 3384 3381
f 3387 3388 3389
f 3390 3389 3391
f 3391 3389 3388
f 3388 3387 3392
f 3393 3394 3395
f 3396 3397 3398
f 3398 3397 3393
f 3398 3393 3395
f 3399 3400 3401
f 3401 3400 3397
f 3401 3397 3402
f 3402 3397 3396
f 3403 3404 3405
f 3405 3404 3406
f 3405 3406 3407
f 3405 3407 3408
f 3409 3410 3408
f 3408 3407 3409
f 3400 3411 3397
f 3299 3412 3297
f 3297 3412 3413
f 3299 3414 3412
f 3415 3416 3411
f 3415 3411 3413
f 3405 3417 3403
f 3417 3418 3419
f 3419 3418 3420
f 3420 3292 3419
f 3292 3420 3421
f 3292 3421 3290
f 3422 3423 3424
f 3425 3426 3427
f 3428 3429 3430
f 3428 3430 3431
f 3432 3433 3434
f 3433 3432 3435
f 3436 3437 3438
f 3438 3437 3439
f 3439 3440 3441
f 3439 3441 3438
f 3442 3440 3443
f 3444 3445 3436
f 3436 3445 3437
f 3446 3445 3444
f 3447 3448 3449
f 3442 3443 3450
f 3450 3443 3451
f 3452 3453 3454
f 3452 3454 3455
f 3456 3457 3458
f 3459 3460 3461
f 3462 3463 3464
f 3465 3466 3467
f 3467 3466 3468
f 3469 3470 3471
f 3472 3473 3474
f 3475 3470 3476
f 3470 3475 3477
f 3477 3349 3471
f 3471 3470 3477
f 3474 3476 3470
f 3478 3479 3480
f 3480 3354 3353
f 3348 3350 3354
f 3354 3480 3348
f 3353 3478 3480
f 3348 3481 3349
f 3349 3481 3471
f 3481 3469 3471
f 3481 3348 3479
f 3479 3348 3480
f 3482 3478 3353
f 3483 3484 3485
f 3484 3483 3486
f 3487 3488 3489
f 3488 3490 3489
f 3491 3492 3493
f 3491 3494 3492
f 3488 3495 3490
f 3493 3488 3491
f 3491 3488 3487
f 3491 3487 3496
f 3491 3496 3494
f 3485 3497 3483
f 3490 3495 3498
f 3485 3499 3498
f 3498 3499 3500
f 3498 3500 3490
f 3490 3500 3489
f 3494 3496 3501
f 3501 3502 3503
f 3501 3496 3504
f 3501 3504 3502
f 3501 3505 3494
f 3503 3506 3501
f 3501 3506 3505
f 3506 3507 3505
f 3503 3508 3431
f 3503 3431 3509
f 3323 3325 3510
f 3511 3510 3325
f 3500 3499 3512
f 3499 3513 3512
f 3514 3515 3465
f 3516 3466 3515
f 3515 3466 3465
f 3517 3458 3518
f 3518 3458 3519
f 3458 3457 3519
f 3520 3521 3522
f 3462 3522 3521
f 3462 3460 3522
f 3523 3524 3467
f 3523 3467 3525
f 3467 3468 3525
f 3526 3527 3463
f 3463 3527 3459
f 3459 3461 3464
f 3464 3463 3459
f 3528 3529 3530
f 3530 3529 3531
f 3532 3533 3456
f 3534 3456 3533
f 3535 3447 3449
f 3535 3442 3450
f 3450 3447 3535
f 3426 3536 3427
f 3536 3452 3455
f 3536 3455 3427
f 3537 3446 3538
f 3538 3446 3436
f 3538 3436 3438
f 3539 3540 3439
f 3445 3439 3437
f 3539 3439 3445
f 3541 3448 3440
f 3451 3443 3440
f 3440 3448 3451
f 3428 3433 3542
f 3542 3433 3435
f 3431 3433 3428
f 3543 3544 3545
f 3544 3546 3545
f 3453 3547 3454
f 3454 3547 3425
f 3548 3432 3430
f 3430 3432 3434
f 3430 3429 3548
f 3549 3550 3551
f 3549 3551 3552
f 3552 3551 3553
f 3552 3553 3554
f 3554 3553 3555
f 3554 3555 3556
f 3557 3555 3558
f 3558 3559 3557
f 3559 3558 3560
f 3560 3558 3395
f 3560 3395 3561
f 3393 3562 3563
f 3563 3562 3564
f 3565 3566 3564
f 3565 3564 3562
f 3565 3567 3566
f 3568 3567 3565
f 3567 3568 3569
f 3569 3568 3570
f 3569 3570 3571
f 3569 3571 3572
f 3572 3573 3569
f 3574 3575 3573
f 3574 3573 3572
f 3576 3577 3409
f 3576 3409 3578
f 3576 3578 3579
f 3579 3578 3580
f 3581 3582 3583
f 3581 3583 3580
f 3581 3580 3578
f 3584 3585 3581
f 3581 3585 3582
f 3584 3586 3585
f 3587 3588 3589
f 3590 3591 3587
f 3587 3591 3588
f 3591 3590 3592
f 3592 3590 3593
f 3594 3595 3592
f 3594 3592 3593
f 3595 3594 3596
f 3596 3597 3595
f 3598 3597 3596
f 3598 3599 3597
f 3598 3408 3410
f 3598 3410 3599
f 3600 3601 3602
f 3391 3603 3604
f 3391 3604 3605
f 3604 3575 3605
f 3605 3575 3574
f 3606 3587 3589
f 3606 3589 3607
f 3606 3607 3603
f 3608 3302 3609
f 3609 3302 3610
f 3611 3612 3613
f 3613 3614 3615
f 3609 3616 3617
f 3618 3619 3616
f 3620 3615 3614
f 3620 3614 3618
f 3618 3614 3619
f 3621 3608 3609
f 3617 3621 3609
f 3611 3615 3622
f 3617 3616 3619
f 3615 3611 3613
f 3623 3624 3625
f 3626 3625 3627
f 3626 3627 3628
f 3629 3623 3625
f 3629 3625 3626
f 3628 3414 3630
f 3628 3630 3626
f 3630 3414 3301
f 3301 3414 3299
f 3631 3632 3633
f 3634 3635 3636
f 3289 3637 3638
f 3631 3639 3640
f 3640 3641 3642
f 3643 3289 3638
f 3643 3638 3635
f 3643 3635 3634
f 3634 3636 3641
f 3641 3636 3642
f 3640 3642 3632
f 3631 3640 3632
f 3421 3287 3290
f 3421 3644 3287
f 3645 3646 3647
f 3647 3646 3648
f 3647 3649 3650
f 3650 3645 3647
f 3649 3647 3648
f 3644 3421 3651
f 3648 3644 3651
f 3648 3651 3652
f 3648 3652 3649
f 3653 3654 3655
f 3656 3657 3653
f 3658 3657 3659
f 3656 3611 3622
f 3660 3655 3612
f 3660 3611 3656
f 3612 3611 3660
f 3660 3656 3653
f 3653 3661 3662
f 3661 3653 3658
f 3660 3653 3655
f 3656 3622 3657
f 3657 3658 3653
f 3663 3664 3665
f 3665 3664 3662
f 3666 3662 3661
f 3666 3661 3667
f 3668 3661 3658
f 3669 3668 3658
f 3667 3668 3670
f 3671 3672 3668
f 3661 3668 3667
f 3666 3665 3662
f 3668 3672 3670
f 3669 3671 3668
f 3653 3662 3664
f 3653 3664 3654
f 3623 3629 3673
f 3674 3675 3676
f 3677 3678 3674
f 3674 3679 3623
f 3680 3677 3674
f 3623 3673 3675
f 3623 3675 3674
f 3674 3676 3680
f 3675 3673 3681
f 3679 3624 3623
f 3359 3358 3677
f 3682 3359 3680
f 3359 3677 3680
f 3358 3365 3677
f 3681 3676 3675
f 3673 3683 3681
f 3680 3676 3682
f 3676 3681 3682
f 3684 3685 3686
f 3686 3685 3687
f 3688 3689 3690
f 3691 3688 3690
f 3690 3631 3686
f 3631 3633 3684
f 3631 3684 3686
f 3631 3692 3639
f 3692 3690 3689
f 3692 3631 3690
f 3690 3686 3691
f 3688 3693 3689
f 3691 3694 3688
f 3695 3696 3694
f 3694 3696 3697
f 3698 3695 3694
f 3699 3687 3700
f 3686 3687 3699
f 3686 3699 3691
f 3693 3688 3697
f 3701 3693 3697
f 3697 3688 3694
f 3699 3698 3691
f 3691 3698 3694
f 3646 3645 3702
f 3703 3704 3705
f 3702 3705 3706
f 3702 3706 3707
f 3703 3705 3702
f 3702 3707 3646
f 3703 3708 3709
f 3709 3710 3703
f 3708 3703 3702
f 3702 3645 3650
f 3702 3650 3708
f 3710 3704 3703
f 3711 3339 3712
f 3308 3339 3320
f 3320 3339 3711
f 3713 3711 3712
f 3710 3315 3320
f 3704 3710 3320
f 3714 3707 3706
f 3714 3706 3715
f 3715 3706 3713
f 3713 3706 3705
f 3713 3716 3715
f 3711 3704 3320
f 3713 3705 3704
f 3713 3704 3711
f 3665 3717 3663
f 3718 3719 3720
f 3721 3720 3722
f 3721 3722 3723
f 3723 3722 3717
f 3723 3717 3665
f 3724 3725 3726
f 3699 3700 3727
f 3726 3727 3724
f 3728 3729 3719
f 3699 3730 3698
f 3724 3729 3725
f 3727 3726 3730
f 3727 3730 3699
f 3731 3698 3730
f 3728 3725 3729
f 3732 3667 3670
f 3733 3723 3665
f 3733 3665 3666
f 3734 3666 3667
f 3719 3718 3728
f 3682 3681 3735
f 3736 3737 3738
f 3739 3735 3683
f 3712 3716 3713
f 3716 3740 3741
f 3738 3737 3742
f 3715 3741 3714
f 3738 3714 3741
f 3716 3741 3715
f 3683 3735 3681
f 3360 3359 3743
f 3743 3682 3744
f 3682 3735 3744
f 3743 3359 3682
f 3745 3739 3746
f 3746 3747 3745
f 3739 3745 3735
f 3736 3738 3741
f 3746 3742 3747
f 3748 3749 3750
f 3395 3751 3396
f 3748 3751 3749
f 3752 3396 3751
f 3565 3562 3416
f 3562 3393 3411
f 3753 3754 3755
f 3393 3397 3411
f 3562 3411 3416
f 3565 3416 3754
f 3565 3754 3753
f 3756 3753 3755
f 3757 3758 3600
f 3757 3600 3386
f 3602 3380 3600
f 3600 3380 3386
f 3553 3759 3555
f 3760 3558 3555
f 3558 3760 3749
f 3558 3751 3395
f 3558 3749 3751
f 3555 3759 3760
f 3551 3550 3761
f 3761 3550 3758
f 3761 3758 3757
f 3409 3762 3578
f 3763 3584 3581
f 3578 3764 3581
f 3581 3764 3763
f 3765 3766 3767
f 3766 3768 3767
f 3767 3768 3769
f 3765 3770 3766
f 3770 3765 3771
f 3771 3765 3385
f 3769 3768 3586
f 3769 3586 3584
f 3771 3385 3602
f 3602 3385 3380
f 3762 3772 3773
f 3762 3773 3578
f 3578 3773 3774
f 3578 3774 3775
f 3578 3775 3764
f 3764 3775 3776
f 3603 3391 3388
f 3603 3388 3606
f 3598 3418 3417
f 3405 3408 3417
f 3598 3596 3777
f 3778 3779 3780
f 3780 3779 3596
f 3596 3779 3777
f 3417 3408 3598
f 3296 3781 3752
f 3752 3401 3396
f 3782 3296 3752
f 3296 3782 3298
f 3781 3401 3752
f 3609 3610 3783
f 3783 3610 3298
f 3783 3298 3782
f 3293 3289 3643
f 3772 3784 3773
f 3293 3643 3291
f 3291 3785 3786
f 3786 3785 3784
f 3291 3643 3785
f 3784 3785 3773
f 3787 3788 3789
f 3790 3791 3792
f 3791 3790 3793
f 3791 3793 3794
f 3789 3795 3790
f 3795 3796 3797
f 3796 3798 3797
f 3799 3789 3800
f 3799 3796 3789
f 3789 3796 3795
f 3799 3800 3801
f 3799 3801 3802
f 3788 3803 3804
f 3788 3804 3800
f 3804 3805 3800
f 3805 3804 3806
f 3805 3806 3807
f 3808 3809 3788
f 3803 3788 3810
f 3803 3810 3811
f 3812 3813 3808
f 3809 3808 3814
f 3809 3814 3815
f 3816 3817 3812
f 3812 3818 3813
f 3813 3818 3819
f 3813 3819 3820
f 3821 3822 3817
f 3817 3816 3821
f 3823 3824 3816
f 3824 3823 3825
f 3825 3823 3826
f 3827 3828 3823
f 3829 3830 3792
f 3830 3831 3832
f 3833 3832 3831
f 3787 3834 3835
f 3836 3828 3827
f 3837 3838 3827
f 3839 3840 3827
f 3827 3840 3837
f 3827 3838 3841
f 3830 3832 3842
f 3830 3842 3792
f 3788 3787 3812
f 3842 3843 3792
f 3792 3843 3790
f 3790 3843 3789
f 3800 3789 3788
f 3808 3788 3812
f 3823 3816 3844
f 3823 3844 3827
f 3789 3845 3846
f 3843 3845 3789
f 3792 3847 3829
f 3836 3827 3848
f 3846 3787 3789
f 3812 3787 3835
f 3812 3835 3816
f 3816 3835 3844
f 3844 3839 3827
f 3849 3829 3847
f 3829 3849 3850
f 3851 3794 3793
f 3852 3853 3854
f 3852 3854 3855
f 3856 3852 3857
f 3858 3857 3859
f 3855 3860 3859
f 3855 3859 3852
f 3852 3859 3857
f 3861 3862 3852
f 3852 3862 3853
f 3863 3797 3798
f 3864 3855 3865
f 3865 3855 3854
f 3866 3424 3423
f 3867 3866 3868
f 3867 3424 3866
f 3869 3870 3867
f 3871 3872 3870
f 3857 3873 3874
f 3857 3874 3856
f 3856 3874 3875
f 3857 3876 3873
f 3876 3868 3877
f 3857 3868 3876
f 3867 3868 3857
f 3878 3842 3832
f 3878 3879 3880
f 3832 3879 3878
f 3881 3882 3880
f 3881 3880 3879
f 3883 3882 3884
f 3885 3842 3878
f 3884 3882 3881
f 3833 3886 3832
f 3833 3850 3887
f 3833 3887 3886
f 3868 3888 3877
f 3889 3890 3872
f 3891 3892 3890
f 3871 3889 3872
f 3893 3892 3891
f 3891 3894 3893
f 3894 3891 3889
f 3890 3889 3891
f 3895 3896 3893
f 3895 3897 3896
f 3893 3896 3892
f 3898 3899 3878
f 3900 3898 3901
f 3901 3898 3895
f 3878 3899 3885
f 3895 3898 3878
f 3895 3878 3897
f 3902 3903 3904
f 3905 3906 3904
f 3907 3908 3909
f 3907 3906 3908
f 3905 3904 3903
f 3908 3906 3905
f 3909 3910 3869
f 3870 3869 3871
f 3909 3908 3910
f 3911 3912 3913
f 3914 3915 3916
f 3916 3915 3917
f 3918 3917 3915
f 3918 3915 3919
f 3918 3919 3732
f 3920 3921 3915
f 3909 3914 3911
f 3911 3914 3912
f 3912 3914 3922
f 3909 3869 3857
f 3909 3857 3923
f 3921 3919 3915
f 3909 3923 3920
f 3909 3920 3915
f 3909 3915 3914
f 3902 3901 3903
f 3901 3902 3900
f 3924 3925 3913
f 3922 3926 3912
f 3927 3928 3929
f 3930 3928 3927
f 3931 3918 3732
f 3932 3927 3933
f 3934 3935 3936
f 3936 3935 3926
f 3936 3926 3922
f 3937 3938 3939
f 3939 3938 3927
f 3927 3938 3940
f 3937 3939 3671
f 3940 3930 3927
f 3939 3927 3941
f 3941 3927 3932
f 3672 3671 3942
f 3942 3671 3939
f 3941 3942 3939
f 3943 3670 3672
f 3942 3943 3672
f 3931 3732 3944
f 3732 3670 3944
f 3944 3945 3931
f 3943 3944 3670
f 3944 3943 3942
f 3944 3942 3945
f 3945 3942 3941
f 3935 3934 3933
f 3935 3933 3929
f 3946 3913 3912
f 3946 3924 3913
f 3925 3924 3947
f 3948 3925 3947
f 3929 3933 3927
f 3898 3900 3949
f 3948 3930 3940
f 3937 3659 3938
f 3659 3937 3671
f 3659 3671 3669
f 3659 3950 3938
f 3938 3950 3898
f 3938 3898 3940
f 3940 3898 3949
f 3940 3949 3948
f 3948 3949 3925
f 3856 3875 3951
f 3952 3802 3801
f 3848 3953 3836
f 3954 3955 3956
f 3957 3958 3959
f 3826 3957 3959
f 3955 3954 3958
f 3960 3956 3955
f 3961 3960 3955
f 3955 3958 3961
f 3960 3961 3957
f 3957 3961 3958
f 3825 3826 3959
f 3954 3959 3958
f 3962 3963 3956
f 3848 3827 3964
f 3965 3953 3966
f 3966 3953 3848
f 3966 3964 3965
f 3963 3962 3967
f 3968 3838 3837
f 3969 3967 3970
f 3969 3970 3971
f 3841 3970 3964
f 3827 3841 3964
f 3966 3848 3964
f 3972 3965 3964
f 3972 3964 3970
f 3970 3967 3972
f 3962 3956 3960
f 3970 3841 3971
f 3969 3973 3974
f 3975 3976 3977
f 3977 3976 3978
f 3973 3975 3979
f 3980 3981 3858
f 3858 3981 3975
f 3975 3981 3976
f 3981 3980 3982
f 3983 3981 3982
f 3859 3980 3858
f 3859 3860 3984
f 3859 3984 3985
f 3974 3963 3967
f 3986 3987 3988
f 3986 3988 3989
f 3974 3987 3986
f 3990 3973 3991
f 3973 3990 3974
f 3974 3990 3987
f 3990 3991 3992
f 3993 3994 3995
f 3994 3993 3992
f 3992 3993 3996
f 3990 3992 3996
f 3973 3979 3997
f 3973 3997 3998
f 3999 3998 3997
f 3999 4000 3998
f 4000 4001 4002
f 4002 4001 3815
f 3978 4003 3977
f 3858 3975 3973
f 3858 3973 3969
f 3974 3967 3969
f 4000 3999 4001
f 3995 3994 3820
f 3995 3820 4004
f 4005 4006 4007
f 4005 4007 3988
f 3988 4007 3989
f 3969 4008 3858
f 4009 4006 3822
f 3821 4009 3822
f 4009 4010 4006
f 4010 4007 4006
f 4004 3820 3819
f 3815 3814 4002
f 4011 4012 3810
f 3810 4012 3811
f 4013 4014 3807
f 4013 3807 3806
f 4015 4016 4017
f 4018 4019 3547
f 3429 3428 3542
f 3542 3548 3429
f 3426 3425 4020
f 3440 3535 3536
f 3547 4020 3425
f 4020 3536 3426
f 3440 3442 3535
f 4021 4022 4023
f 4023 4022 4017
f 4024 4025 4017
f 4017 4025 4023
f 4024 4026 4027
f 4027 4026 4028
f 4029 4030 4031
f 4030 4026 4024
f 4032 4029 4031
f 4033 4034 4035
f 4033 4035 4036
f 4034 4033 4031
f 4037 4036 4035
f 3520 3527 4035
f 3520 4035 4034
f 3520 3522 3527
f 3527 3522 3459
f 3524 4038 3514
f 4038 3524 3520
f 3514 3465 3524
f 3524 3465 3467
f 4018 3528 3532
f 4018 3532 4038
f 3532 3517 4038
f 4038 3517 3514
f 3456 3458 3532
f 3532 3458 3517
f 4018 3542 3543
f 4018 3543 3528
f 3528 3543 3545
f 3528 3545 3529
f 4018 3548 3542
f 4039 4040 4020
f 4020 4040 3440
f 3440 4040 3441
f 3547 3548 4018
f 4039 4020 4019
f 4020 3440 3536
f 4018 4038 4041
f 4020 3547 4019
f 4016 4042 4017
f 4017 4042 4043
f 4017 4043 4030
f 4030 4034 4031
f 4038 3520 4034
f 4034 4030 4043
f 4017 4022 4044
f 4017 4044 4045
f 4017 4030 4024
f 4045 4046 4047
f 4045 4047 4017
f 4017 4047 4015
f 4045 4048 4049
f 4049 4046 4045
f 4034 4043 4041
f 4034 4041 4038
f 4050 4045 4044
f 3544 3432 3530
f 3432 3544 3435
f 3533 3530 3518
f 4051 3530 4052
f 4052 3530 4053
f 3530 4051 3518
f 4051 4052 4054
f 3530 3432 4053
f 3544 3530 3546
f 3546 3530 3531
f 3538 3541 3540
f 4055 3538 4056
f 3538 3540 3539
f 3541 4053 3449
f 3449 3448 3541
f 3453 3452 4053
f 4055 4056 4057
f 4057 4056 4058
f 3539 3537 3538
f 3538 4053 3541
f 4059 4060 4061
f 4062 4063 4059
f 4057 4058 4064
f 4062 4059 4061
f 4062 4061 4064
f 4058 4063 4064
f 4063 4062 4064
f 4065 3438 3441
f 4060 3438 4066
f 4067 4068 4069
f 4070 4066 4071
f 3438 4065 4066
f 4066 4065 4071
f 4068 4061 4060
f 4068 4060 4066
f 4072 4067 4069
f 4066 4069 4068
f 4073 4074 4075
f 4076 4077 4074
f 4075 4078 4073
f 4074 4073 4076
f 4079 4080 4081
f 4055 4082 4052
f 4083 4084 4085
f 4085 4084 4086
f 4075 4083 4082
f 4075 4082 4078
f 4087 4081 4088
f 4089 4080 4079
f 4087 4090 4081
f 4079 4081 4090
f 4079 4090 4091
f 4052 4082 4079
f 4087 4092 4090
f 4079 4082 4089
f 4089 4082 4093
f 4093 4082 4083
f 4093 4083 4085
f 4093 4085 4094
f 4067 4072 4077
f 4067 4077 4076
f 4095 4096 4097
f 4098 4099 4100
f 4101 4094 4102
f 4101 4102 4103
f 4094 4085 4102
f 4104 4105 4106
f 4101 4099 4107
f 4108 4109 4110
f 4108 4110 4111
f 4110 4088 4111
f 4112 4106 4113
f 4113 4106 4105
f 4101 4103 4099
f 4104 4114 4086
f 4105 4104 4086
f 4086 4114 4085
f 4109 4097 3697
f 3697 3696 4109
f 3696 3695 4109
f 4109 3695 4092
f 4092 4110 4109
f 4110 4087 4088
f 4110 4092 4087
f 4115 4116 3701
f 4069 4116 4115
f 4115 3701 3697
f 4115 4117 4069
f 4097 4109 4095
f 4095 4109 4108
f 4115 4097 4117
f 4117 4097 4098
f 4112 4117 4100
f 4100 4117 4098
f 4099 4098 4107
f 4115 3697 4097
f 4097 4096 4098
f 4118 4116 4069
f 4116 4118 3701
f 3701 4118 4119
f 4070 4069 4066
f 4119 3693 3701
f 4120 4119 4070
f 4070 4119 4118
f 4070 4118 4069
f 4072 4069 4117
f 4117 4121 4072
f 4117 4112 4121
f 4121 4112 4113
f 3515 3523 3525
f 3518 3534 3533
f 3518 3519 3534
f 3515 4051 3523
f 4051 3515 3518
f 3515 3525 3516
f 4122 4123 3526
f 4122 3526 4051
f 3521 4051 3526
f 4051 3521 3523
f 3521 3526 3463
f 3521 3463 3462
f 4123 4122 4124
f 4124 4122 4125
f 4126 4127 4128
f 4128 4127 4129
f 4126 4128 4122
f 4130 4131 4129
f 4129 4131 4128
f 4132 4133 4126
f 4126 4133 4127
f 4133 4132 4134
f 4132 4135 4134
f 4136 4137 4138
f 4138 4137 4126
f 4137 4132 4126
f 4138 4139 4140
f 4138 4140 4136
f 4049 4048 4141
f 4048 4142 4143
f 4048 4143 4141
f 4143 4144 4138
f 4145 4143 4126
f 4122 4051 4126
f 4126 4143 4138
f 4146 4147 4148
f 4048 4045 4142
f 4142 4045 4050
f 4050 4146 4142
f 4149 4142 4146
f 4144 4143 4142
f 4148 4149 4146
f 4150 4144 4149
f 4150 4149 4148
f 4051 4054 4126
f 4126 4054 4145
f 4144 4142 4149
f 4151 4023 4152
f 4139 4153 4154
f 4139 4154 4140
f 4155 4140 4156
f 4156 4154 4152
f 4154 4153 4152
f 4151 4021 4023
f 4152 4023 4155
f 4152 4155 4156
f 4153 4151 4152
f 4156 4140 4154
f 4150 4148 4147
f 4146 4050 4147
f 4134 4157 4158
f 4158 4157 4159
f 4134 4135 4157
f 4160 4159 4157
f 4161 4160 4162
f 4158 4159 4160
f 4158 4160 4161
f 4161 4162 4028
f 4162 4027 4028
f 4163 4131 4130
f 4131 4163 4164
f 4165 4164 4163
f 4164 4165 4032
f 4029 4032 4165
f 4124 4125 4166
f 4124 4166 4167
f 4167 4166 4168
f 4167 4168 4037
f 4037 4168 4036
f 3522 3460 3459
f 4169 3835 3834
f 4170 4171 4169
f 4172 4173 4174
f 4173 3846 4175
f 3846 4176 4175
f 4177 3843 4176
f 3846 3845 4177
f 4177 3845 3843
f 4176 3843 3842
f 4175 4176 4178
f 4178 4176 4179
f 4176 3842 4179
f 4179 3885 4178
f 4169 3834 3787
f 4172 3750 4170
f 4175 4180 4173
f 4172 4170 4169
f 4172 4169 3787
f 4179 3842 3885
f 4180 4175 4178
f 4173 4172 3787
f 4173 3787 3846
f 4176 3846 4177
f 4181 4182 4183
f 4182 3757 4184
f 4181 4183 4185
f 4185 4183 4186
f 4184 4183 4182
f 4187 4188 4189
f 4189 4188 4190
f 4191 4192 4193
f 3386 3382 4184
f 4184 3382 4187
f 4194 4186 4191
f 4191 4186 4192
f 3757 4182 3761
f 4184 3757 3386
f 4194 4185 4186
f 4190 4193 4189
f 4189 4192 4187
f 4187 4192 4184
f 4189 4193 4192
f 4184 4192 4183
f 4183 4192 4186
f 3760 4170 3749
f 4170 3760 4195
f 4195 3760 3759
f 3750 3749 4170
f 4196 3759 3553
f 4196 3553 4197
f 4195 3759 4196
f 4198 4199 4200
f 4200 4201 4198
f 4198 4202 4199
f 4202 4198 4193
f 4203 4008 3969
f 4203 3969 4204
f 4204 3969 4205
f 4200 4203 4204
f 4200 4204 4201
f 4206 3919 3921
f 4206 3921 4207
f 4207 3920 3923
f 4207 4200 4206
f 3923 3858 4008
f 4207 3921 3920
f 4008 4203 4207
f 4207 4203 4200
f 3923 4008 4207
f 4206 4200 4199
f 3783 4174 3616
f 3616 4174 4180
f 4180 4174 4173
f 3752 3751 3782
f 4174 3782 3748
f 4174 3783 3782
f 4174 3748 4172
f 3782 3751 3748
f 3750 4172 3748
f 4208 4209 4210
f 4210 4211 4212
f 4213 4214 4212
f 4209 4215 4211
f 4211 4216 4213
f 4208 4217 4209
f 4215 4209 4217
f 4211 4210 4209
f 4218 4212 4214
f 4213 4212 4211
f 4219 4220 4221
f 4222 4223 4221
f 4223 4224 4225
f 4223 4225 4221
f 4225 4226 4227
f 4227 4228 4225
f 4229 4226 4230
f 4231 4227 4229
f 4229 4232 4233
f 4229 4233 4234
f 4231 4228 4227
f 4235 4236 4237
f 4238 4234 4239
f 4237 4236 4232
f 4237 4232 4230
f 4230 4232 4229
f 4229 4234 4231
f 4231 4234 4238
f 4240 4241 4242
f 4243 4244 4245
f 4230 4244 4246
f 4230 4246 4247
f 4230 4247 4237
f 4245 4240 4242
f 4222 4248 4240
f 4222 4221 4220
f 4222 4240 4249
f 4222 4249 4223
f 4223 4249 4250
f 4250 4244 4224
f 4249 4245 4250
f 4240 4245 4249
f 4250 4245 4244
f 4250 4224 4223
f 4224 4230 4226
f 4244 4230 4224
f 4229 4227 4226
f 4226 4225 4224
f 4233 4232 4236
f 4242 4243 4245
f 4231 4251 4252
f 3390 3391 4253
f 4254 4255 4252
f 4251 4256 4257
f 4251 4257 4254
f 4238 4256 4251
f 4251 4231 4238
f 4258 4259 4260
f 4255 4261 4252
f 4219 4258 4260
f 4219 4221 4258
f 4258 4221 4228
f 4258 4228 4252
f 4252 4228 4231
f 4251 4254 4252
f 4258 4252 4261
f 3574 4259 4261
f 3574 4261 3605
f 3605 4261 4255
f 3605 4255 3391
f 4253 3391 4255
f 4258 4261 4259
f 4256 4262 4257
f 4228 4221 4225
f 4254 3390 4253
f 4254 4253 4255
f 4263 4264 4246
f 4247 4246 4264
f 4217 4208 4265
f 4266 4267 4268
f 4217 4268 4215
f 4264 4269 4266
f 4235 4237 4247
f 4263 4270 4269
f 4263 4269 4264
f 4268 4271 4264
f 4268 4264 4266
f 4247 4264 4271
f 4247 4271 4235
f 4271 4265 4272
f 4271 4272 4235
f 4235 4272 4273
f 4217 4265 4271
f 4217 4271 4268
f 4274 4275 4276
f 4274 4276 4277
f 4278 4276 4279
f 4214 4276 4278
f 4214 4278 4218
f 4276 4275 4279
f 4214 4277 4276
f 4280 4278 4279
f 4280 4279 4281
f 4282 4281 4279
f 4282 4279 4283
f 4222 4220 4248
f 4284 4285 4286
f 4286 4285 4248
f 4286 3753 3756
f 4286 3568 3753
f 3753 3568 3565
f 3571 3570 4287
f 4248 4220 3568
f 4287 4220 4219
f 3756 4288 4286
f 4220 4287 3570
f 4220 3570 3568
f 4248 3568 4286
f 4284 4286 4288
f 3372 4273 3373
f 4289 4290 4291
f 4235 4273 4236
f 4273 4289 4236
f 4239 4292 4293
f 4292 4294 4293
f 4239 4234 4233
f 4239 4233 4291
f 4291 4233 4236
f 4291 4236 4289
f 4239 4291 4290
f 4293 4238 4239
f 4289 3372 4290
f 4290 3372 3376
f 3376 4292 4290
f 4273 3372 4289
f 4290 4292 4239
f 4295 3415 3412
f 4296 4297 4298
f 4298 4299 4296
f 4300 4295 4301
f 4302 4300 4301
f 4299 4302 4301
f 4299 4301 4296
f 4295 3754 3416
f 3415 4295 3416
f 3755 4303 4304
f 4303 4295 4305
f 4305 4295 4300
f 3415 3413 3412
f 3414 4301 3412
f 3412 4301 4295
f 3754 4295 4303
f 3754 4303 3755
f 3755 4304 4306
f 4307 4308 4309
f 4310 4307 4311
f 4312 4313 4190
f 4312 4190 4311
f 4307 4310 4308
f 4314 4309 4315
f 4316 4315 4309
f 4317 4318 4319
f 4319 4318 4320
f 4043 4321 3776
f 4042 4321 4043
f 4322 4041 4043
f 4322 4043 4320
f 4320 4043 3776
f 4065 3441 4323
f 4040 4039 4324
f 4040 4324 4325
f 4325 4324 4039
f 4325 4326 4040
f 4041 4019 4018
f 4325 4039 4322
f 4322 4039 4019
f 4019 4041 4322
f 4327 4323 4328
f 4320 4318 4322
f 4322 4318 4328
f 4065 4323 4327
f 4323 4326 4328
f 4328 4326 4322
f 4322 4326 4325
f 4326 4323 3441
f 4326 3441 4040
f 3765 4329 4330
f 3383 3385 4330
f 4330 3385 3765
f 4331 4332 4333
f 4334 4335 4336
f 4334 4336 4332
f 4332 4336 4337
f 4334 4332 4338
f 4338 4332 4331
f 4333 4339 4340
f 4339 4333 4332
f 4329 4339 4337
f 3765 3767 4339
f 3765 4339 4329
f 4340 4339 3767
f 4337 3383 4330
f 4337 4330 4329
f 4337 4339 4332
f 4333 4340 4341
f 4342 4343 4341
f 3776 4344 3764
f 3764 4344 3763
f 4344 4345 3763
f 3584 4342 3769
f 4346 4343 3763
f 3763 4343 4342
f 4342 3584 3763
f 4346 3763 4345
f 4316 4347 4335
f 4348 4349 4190
f 4348 4190 4188
f 4310 4311 4349
f 4349 4311 4190
f 4316 4335 4334
f 4347 4316 4309
f 4347 4309 4350
f 4350 4309 4308
f 4145 4351 4352
f 4353 4352 4351
f 4054 4354 4145
f 4145 4354 4355
f 4145 4352 4143
f 4356 4357 4353
f 4353 4358 4356
f 4091 4090 4355
f 4355 4090 4359
f 4359 4360 4358
f 4358 4360 4356
f 4358 4353 4351
f 4355 4351 4145
f 4354 4052 4091
f 4354 4091 4355
f 4052 4079 4091
f 4054 4052 4354
f 4351 4355 4359
f 4351 4359 4358
f 4320 3776 3775
f 3775 4319 4320
f 3774 3773 3785
f 3774 3785 4361
f 4361 3785 3643
f 3643 4319 4361
f 4361 4319 3775
f 3774 4361 3775
f 4362 4293 4363
f 4363 4364 4362
f 4362 4364 4365
f 4366 4367 4368
f 4368 4367 4365
f 4366 4368 4369
f 4362 4238 4293
f 4370 4371 4372
f 4373 4374 4375
f 4374 4373 4376
f 4377 4378 4374
f 4376 4377 4374
f 4373 4379 4376
f 4380 4379 4373
f 4370 4381 4382
f 4383 4370 4372
f 4384 4385 4386
f 4387 4385 4384
f 4386 4388 4389
f 3486 4382 4381
f 4390 4391 4392
f 4392 4374 4378
f 4392 4371 4374
f 4375 4393 4373
f 4394 4375 4371
f 4371 4375 4374
f 4383 4386 4370
f 4370 4386 4381
f 4381 4386 4389
f 4381 4389 3486
f 4394 4395 4393
f 4382 4395 4394
f 4386 4385 4388
f 4372 4371 4392
f 4372 4392 4391
f 4390 4392 4378
f 4380 4373 4393
f 4393 4375 4394
f 4394 4371 4370
f 4394 4370 4382
f 4396 4397 4398
f 3392 4399 4400
f 4401 4402 4400
f 4400 3606 3388
f 4398 4397 4391
f 4372 4391 4397
f 4402 4398 4403
f 4404 4405 4387
f 4387 4405 4406
f 4384 4401 4387
f 4372 4397 4383
f 4383 4397 4396
f 4383 4396 4386
f 4386 4396 4384
f 3392 4400 3388
f 4401 4400 4399
f 4401 4399 4404
f 4401 4404 4387
f 4384 4396 4401
f 3606 4402 4403
f 3606 4403 3587
f 4390 4407 4391
f 4391 4407 4398
f 4398 4407 4403
f 4400 4402 3606
f 4396 4398 4402
f 4396 4402 4401
f 4408 3780 3596
f 4408 3596 3594
f 4408 4409 4410
f 4410 4409 4377
f 4411 4407 4390
f 4411 4390 4412
f 4412 4378 4377
f 4412 4390 4378
f 4412 4409 3593
f 4412 3593 4411
f 4413 3778 3780
f 4409 4412 4377
f 4413 3780 4408
f 4408 3594 4409
f 4409 3594 3593
f 4411 3593 3590
f 4414 4415 4362
f 4416 4406 4417
f 4417 4406 4418
f 4256 4362 4415
f 4362 4365 4414
f 4414 4365 4367
f 4416 4387 4406
f 4362 4256 4238
f 4256 4415 4262
f 4418 4366 4369
f 4418 4369 4417
f 4387 4419 4385
f 4420 4385 4419
f 4421 3484 3486
f 4421 3486 4389
f 4422 4421 4389
f 4422 4389 4388
f 4423 3343 4422
f 4422 3343 3335
f 4424 4422 3335
f 4424 3335 3342
f 3342 4421 4424
f 4422 4424 4421
f 3342 3484 4421
f 4420 4422 4388
f 4388 4385 4420
f 4422 4420 4423
f 4423 4420 4425
f 4425 4420 4419
f 4426 3651 4427
f 4428 3651 3420
f 4428 3420 4429
f 4427 3651 4428
f 3779 4430 4431
f 4430 3779 3778
f 4432 3777 4433
f 4433 3777 4434
f 3418 3598 3777
f 4432 3418 3777
f 3420 3651 3421
f 3777 3779 4434
f 4434 3779 4431
f 3420 3418 4432
f 3420 4432 4429
f 3732 3919 3734
f 3919 4206 4435
f 4092 3695 3698
f 4090 4092 3698
f 4436 4090 3698
f 4436 3698 3731
f 4307 4309 3728
f 3730 3726 4314
f 4314 3726 4309
f 3726 3725 4309
f 4436 3731 4437
f 4437 3731 4314
f 4314 4438 4437
f 4437 4359 4090
f 4314 3731 3730
f 4436 4437 4090
f 4435 4439 3733
f 3733 4440 4435
f 3723 4441 3721
f 3919 4435 4440
f 4439 4435 4442
f 4439 4442 4441
f 4311 3718 3721
f 4311 3721 4312
f 4312 3721 4441
f 3725 3728 4309
f 3667 3732 3734
f 4439 4441 3723
f 4439 3723 3733
f 4311 4307 3718
f 3718 4307 3728
f 3718 3720 3721
f 4440 3733 3666
f 4440 3666 3734
f 4440 3734 3919
f 4443 4444 3745
f 4445 4443 3747
f 3737 4446 4445
f 3740 4447 4448
f 3740 4448 4449
f 3740 4450 4447
f 4450 4451 4447
f 4449 4446 3741
f 3343 3339 3338
f 3712 3343 3716
f 3716 3343 4452
f 3716 4452 3740
f 3740 4449 3741
f 3741 4446 3736
f 3736 4446 3737
f 3742 3737 4445
f 3742 4445 3747
f 3744 4444 4453
f 3744 4454 4455
f 3743 3375 3360
f 3375 3743 4455
f 4455 3743 3744
f 3744 3735 4444
f 4444 3735 3745
f 4443 3745 3747
f 4456 4365 4364
f 3339 3343 3712
f 4457 4292 4455
f 4457 4455 4458
f 4458 4455 4454
f 4458 4454 4459
f 4458 4459 4364
f 4364 4459 4456
f 4365 4456 4460
f 4365 4460 4368
f 4368 4460 4461
f 4368 4461 4369
f 4369 4461 4417
f 4417 4461 4462
f 4462 4461 4463
f 4462 4463 4451
f 4462 4451 4450
f 4450 3740 4425
f 4425 3740 4452
f 4425 4452 3343
f 4425 3343 4423
f 4292 3376 4455
f 4453 4454 3744
f 3375 4455 3376
f 3609 3783 3616
f 4313 4312 4441
f 4313 4441 4442
f 4202 4190 4313
f 4442 4202 4313
f 4202 4442 4199
f 4435 4206 4199
f 4442 4435 4199
f 4464 4196 4185
f 4465 4194 4466
f 4464 4194 4467
f 4464 4467 4468
f 4195 4196 4464
f 4194 4191 4466
f 4467 4469 3968
f 4467 3968 4468
f 4468 3968 3837
f 4467 4194 4465
f 4185 4194 4464
f 4464 4468 4195
f 3659 3669 3658
f 4470 3659 3657
f 4470 4471 4472
f 4178 4471 4470
f 3659 4472 3950
f 4471 4178 4473
f 3885 4473 4178
f 4474 4471 4473
f 3899 4474 4473
f 3898 4474 3899
f 4473 3885 3899
f 4470 3622 4178
f 4472 3659 4470
f 3622 4470 3657
f 3622 3620 4180
f 3622 4180 4178
f 4472 4471 3950
f 3950 4471 4474
f 3950 4474 3898
f 3844 3835 4169
f 3839 4475 3840
f 4475 3839 3844
f 3840 4475 4171
f 4170 4195 4468
f 4468 3837 3840
f 4468 3840 4171
f 3844 4169 4475
f 4475 4169 4171
f 4468 4171 4170
f 4469 3838 3968
f 4469 3971 3841
f 4469 3841 3838
f 4205 4469 4476
f 4193 4190 4202
f 4477 4198 4476
f 4476 4198 4201
f 4204 4205 4476
f 4476 4465 4477
f 4466 4191 4193
f 4477 4466 4193
f 4467 4465 4476
f 4467 4476 4469
f 4205 3969 3971
f 4469 4205 3971
f 4477 4193 4198
f 4476 4201 4204
f 4465 4466 4477
f 3867 3857 3869
f 3858 3923 3857
f 4185 4196 4197
f 4181 4185 4197
f 3551 3761 4181
f 4182 4181 3761
f 4197 3553 3551
f 4197 3551 4181
f 3622 3615 3620
f 3616 4180 3618
f 3620 3618 4180
f 3628 4301 3414
f 3628 4296 4301
f 4293 4294 4363
f 4458 4364 4363
f 4458 4363 4457
f 4294 4292 4457
f 4294 4457 4363
f 4303 4478 4479
f 4303 4480 4304
f 4479 4304 4481
f 4481 4304 4480
f 4481 4480 4482
f 4482 4480 4303
f 4303 4479 4482
f 4482 4479 4480
f 4481 4480 4479
f 4479 4478 4304
f 4478 4275 4304
f 4303 4305 4283
f 4303 4283 4279
f 4303 4279 4275
f 4304 4275 4274
f 4303 4275 4478
f 4297 4299 4298
f 4297 3473 4299
f 4300 4302 3473
f 3473 4302 4299
f 3473 4297 4483
f 3473 4283 4300
f 4300 4283 4305
f 3473 3472 4282
f 3473 4282 4283
f 3473 3476 3474
f 3476 3473 4483
f 4484 4485 4486
f 4486 4485 4487
f 4484 4488 4483
f 4484 4483 4297
f 4487 4489 4490
f 4489 4487 4491
f 4490 4489 4492
f 4492 4489 4493
f 4488 4490 4492
f 4486 4490 4488
f 4484 4486 4488
f 4493 3475 4492
f 4492 3475 3476
f 3677 3365 4491
f 4491 3678 3677
f 3363 4489 4491
f 4490 4486 4487
f 4485 3627 3679
f 3627 3624 3679
f 3674 3678 3679
f 3679 3678 4487
f 3679 4487 4485
f 4297 4296 4484
f 4488 4492 3476
f 4488 3476 4483
f 3363 4493 4489
f 4491 4487 3678
f 4241 4285 4284
f 4284 4288 4494
f 4495 4241 4494
f 4285 4241 4240
f 4285 4240 4248
f 4241 4284 4494
f 4241 4495 4496
f 4241 4496 4242
f 4244 4263 4246
f 4244 4243 4263
f 4243 4496 4270
f 4243 4242 4496
f 4263 4243 4270
f 4274 4496 4497
f 4498 4496 4274
f 4304 4274 4497
f 4497 3756 4306
f 4497 4306 4304
f 4495 4288 4497
f 4495 4494 4288
f 4288 3756 4497
f 4495 4497 4496
f 3756 3755 4306
f 4499 3482 4500
f 4500 3378 3373
f 4499 4500 4208
f 4500 3373 4265
f 4500 4265 4208
f 4265 3373 4272
f 3373 4273 4272
f 3374 3373 3378
f 3482 3353 3378
f 4500 3482 3378
f 4274 4277 4501
f 4213 4216 4502
f 4213 4502 4277
f 4503 4277 4502
f 4277 4503 4501
f 4498 4274 4501
f 4504 4505 4269
f 4503 4505 4504
f 4498 4503 4504
f 4496 4498 4504
f 4270 4504 4269
f 4501 4503 4498
f 4504 4270 4496
f 4505 4267 4266
f 4505 4506 4267
f 4267 4506 4215
f 4216 4211 4215
f 4216 4215 4506
f 4266 4269 4505
f 4505 4503 4506
f 4215 4268 4267
f 4216 4506 4502
f 4214 4213 4277
f 4506 4503 4502
f 3365 3364 4491
f 3363 4507 4493
f 3366 4507 3363
f 3357 3366 3363
f 4491 3364 3363
f 4507 3475 4493
f 4507 3477 3475
f 3477 4507 3366
f 3477 3366 3349
f 3347 3349 3366
f 3572 4287 4259
f 3572 4259 3574
f 4260 4287 4219
f 4259 4287 4260
f 3571 4287 3572
f 3627 3625 3624
f 4485 4484 4296
f 3628 3627 4485
f 3628 4485 4296
f 3634 4317 4319
f 3634 4319 3643
f 4315 4316 4438
f 4438 4316 4356
f 4360 4438 4356
f 4438 4314 4315
f 4437 4438 4360
f 4359 4437 4360
f 4341 4343 4508
f 4341 4508 4509
f 4510 4509 4508
f 4510 4346 4046
f 4511 4046 4049
f 4343 4346 4508
f 4508 4346 4510
f 4509 4333 4341
f 4511 4512 4510
f 4510 4512 4513
f 4510 4513 4509
f 4509 4513 4514
f 4511 4510 4046
f 4515 3689 3693
f 4516 4517 4518
f 4318 4317 4328
f 4328 4317 3639
f 4517 4120 4070
f 4120 4517 4516
f 4071 4518 4517
f 4517 4070 4071
f 4518 4071 4065
f 3693 4119 4515
f 4065 4327 4518
f 4516 4518 4328
f 4328 4518 4327
f 3639 3692 3689
f 4516 3689 4515
f 4516 3639 3689
f 3639 4516 4328
f 4120 4516 4119
f 4515 4119 4516
f 4042 4016 4321
f 4321 4046 4346
f 4519 4047 4046
f 4047 4519 4015
f 4519 4016 4015
f 4016 4519 4321
f 4345 4321 4346
f 4046 4321 4519
f 4344 3776 4345
f 4321 4345 3776
f 4338 4331 4514
f 4334 4338 4356
f 4357 4356 4338
f 4338 4514 4357
f 4514 4513 4357
f 4357 4513 4353
f 4049 4141 4512
f 4513 4512 4352
f 4333 4509 4514
f 4333 4514 4331
f 4513 4352 4353
f 4512 4141 4143
f 4512 4143 4352
f 4316 4334 4356
f 4049 4512 4511
f 4055 4052 3538
f 4053 3538 4052
f 3453 4053 3432
f 3767 3769 4520
f 3767 4520 4340
f 4342 4341 4520
f 4520 4341 4340
f 3769 4342 4520
f 3641 3640 3639
f 3641 3639 4317
f 4317 3634 3641
f 4416 4417 4462
f 4521 4416 4462
f 4521 4462 4450
f 4416 4521 4419
f 4419 4387 4416
f 4450 4425 4419
f 4521 4450 4419
f 4522 4523 4524
f 3497 4525 4522
f 3498 3497 3485
f 3486 3483 4382
f 4382 3483 4395
f 4522 4526 4523
f 4395 4524 4523
f 3497 4522 4524
f 4525 3498 4527
f 4525 4527 4528
f 4525 4528 4522
f 3497 3498 4525
f 4524 4395 3483
f 4524 3483 3497
f 4431 4430 4529
f 4431 4529 4434
f 4430 4530 4531
f 4430 4531 4529
f 4529 4531 4532
f 4529 4532 4434
f 4530 4434 4532
f 4530 4532 4529
f 4529 4531 4530
f 4434 3507 3506
f 4434 4530 3507
f 4433 4434 3506
f 3503 4433 3506
f 4530 4430 3507
f 4533 3509 4534
f 4533 4433 3503
f 4533 3503 3509
f 4433 4533 4432
f 4429 4432 4533
f 4535 4427 4536
f 4536 4428 4429
f 4537 4538 4535
f 4537 4535 4536
f 4429 4533 4536
f 4428 4536 4427
f 4426 4427 4535
f 4534 3510 4536
f 3510 3511 4537
f 4536 3510 4537
f 4536 4533 4534
f 4539 3709 4540
f 4539 4540 4541
f 3710 3709 4539
f 4542 4538 4543
f 4542 4543 4544
f 4544 4545 4541
f 3511 4545 4543
f 4546 4547 4548
f 4547 4549 4548
f 4545 4544 4543
f 4544 4549 4542
f 4542 4546 4550
f 3652 4426 4550
f 3652 4550 4546
f 4548 3652 4546
f 4550 4426 4535
f 4538 4550 4535
f 4549 4547 4542
f 4546 4542 4547
f 3708 3650 4551
f 4540 4549 4541
f 4540 3709 4551
f 4551 3709 3708
f 4540 4551 4548
f 4540 4548 4549
f 4542 4550 4538
f 4538 4537 3511
f 4538 3511 4543
f 4544 4541 4549
f 4552 4553 4554
f 4552 4523 4526
f 4552 4526 4553
f 4379 4380 4552
f 4393 4523 4380
f 4380 4523 4552
f 4393 4395 4523
f 4552 4554 4379
f 4379 4554 4555
f 4379 4555 4376
f 4556 4557 4558
f 4555 4556 4410
f 4410 4556 4408
f 4558 4408 4556
f 4554 4559 4555
f 4555 4557 4556
f 4410 4377 4376
f 4555 4410 4376
f 4560 4558 4557
f 3778 4413 4560
f 4413 4558 4560
f 3778 4560 4430
f 4430 4560 4557
f 4559 3507 4557
f 4558 4413 4408
f 4430 4557 3507
f 4557 4555 4559
f 3484 3341 3485
f 3341 3513 3499
f 3342 3341 3484
f 3341 3499 3485
f 3340 3322 3513
f 3341 3340 3513
f 3340 3303 3322
f 4526 4522 4528
f 4526 4528 4561
f 4553 4561 4562
f 4526 4561 4553
f 4553 4562 4559
f 4554 4553 4559
f 3505 3507 4562
f 3494 3505 3492
f 3492 3505 4562
f 3492 4562 4563
f 3498 3495 4527
f 3495 3488 3493
f 4564 3495 3493
f 4564 3493 4563
f 3495 4564 4527
f 4527 4564 4528
f 4561 4528 4564
f 4564 4563 4561
f 4559 4562 3507
f 3493 3492 4563
f 4563 4562 4561
f 3511 3325 4565
f 4565 4545 3511
f 4566 4545 4565
f 4545 4566 4541
f 4541 3330 4539
f 3330 3315 4539
f 4541 4566 3330
f 4566 4565 3331
f 4566 3331 3313
f 3315 3710 4539
f 3330 4566 3313
f 3327 3331 3326
f 3326 3331 4565
f 3326 4565 3325
f 4567 4407 4411
f 3587 4403 4567
f 4407 4567 4403
f 4411 3590 4567
f 4567 3590 3587
f 4551 3649 4548
f 3649 4551 3650
f 3651 4426 3652
f 3649 3652 4548
f 3517 3518 3515
f 3517 3515 3514
f 3524 3523 3520
f 3520 3523 3521
f 3526 4035 3527
f 3526 4123 4035
f 4035 4123 4037
f 4037 4123 4124
f 4167 4037 4124
f 4122 4033 4036
f 4122 4036 4125
f 4036 4168 4166
f 4036 4166 4125
f 4122 4031 4033
f 4122 4128 4031
f 4031 4128 4032
f 4032 4128 4131
f 4131 4164 4032
f 4026 4133 4028
f 4028 4133 4134
f 4028 4134 4158
f 4028 4158 4161
f 4029 4130 4129
f 4029 4129 4030
f 4165 4163 4130
f 4130 4029 4165
f 4127 4030 4129
f 4127 4026 4030
f 4026 4127 4133
f 4162 4160 4157
f 4024 4027 4132
f 4132 4027 4135
f 4135 4027 4162
f 4162 4157 4135
f 4137 4024 4132
f 4137 4025 4024
f 4025 4137 4136
f 4140 4155 4023
f 4025 4136 4023
f 4023 4136 4140
f 4022 4138 4044
f 4044 4138 4144
f 4044 4144 4150
f 4044 4150 4050
f 4050 4150 4147
f 4138 4022 4021
f 4138 4021 4139
f 4151 4139 4021
f 4151 4153 4139
f 3528 3530 3532
f 3532 3530 3533
f 3452 3536 4053
f 4053 3536 3535
f 4053 3535 3449
f 4085 4112 4102
f 4102 4112 4100
f 4114 4106 4112
f 4114 4112 4085
f 4114 4104 4106
f 4100 4103 4102
f 4099 4103 4100
f 4072 4083 4077
f 4077 4083 4075
f 4077 4075 4074
f 4121 4086 4084
f 4113 4086 4121
f 4113 4105 4086
f 4121 4084 4083
f 4121 4083 4072
f 4061 4068 4055
f 4061 4055 4057
f 4061 4057 4064
f 4082 4067 4078
f 4076 4078 4067
f 4078 4076 4073
f 4055 4068 4082
f 4082 4068 4067
f 4058 4056 4060
f 4058 4060 4059
f 4059 4063 4058
f 3446 3444 3436
f 4060 4056 3438
f 3438 4056 3538
f 3541 3440 3439
f 3541 3439 3540
f 3542 3435 3544
f 3542 3544 3543
f 3432 3548 3547
f 3432 3547 3453
f 3800 3859 3801
f 3859 3985 3801
f 3985 3952 3801
f 3859 3805 3980
f 3805 3859 3800
f 3980 3805 3982
f 3807 4014 3982
f 3982 3805 3807
f 3803 3976 3981
f 3803 3981 3804
f 3811 3976 3803
f 3978 3976 3811
f 4012 3978 3811
f 3806 3804 3981
f 3806 3981 3983
f 4013 3806 3983
f 3809 3979 3788
f 3788 3979 3975
f 3788 3975 3810
f 3975 3977 3810
f 4003 4011 3810
f 3977 4003 3810
f 3999 3815 4001
f 3979 3809 3815
f 3979 3815 3997
f 3997 3815 3999
f 3813 3991 3973
f 3813 3973 3808
f 3998 3814 3973
f 3973 3814 3808
f 4000 4002 3998
f 3998 4002 3814
f 3820 3992 3813
f 3813 3992 3991
f 3994 3992 3820
f 3817 3987 3812
f 3812 3987 3990
f 3812 3990 3818
f 3818 3990 3819
f 3819 3990 3996
f 4004 3993 3995
f 4004 3996 3993
f 3996 4004 3819
f 3987 3817 3822
f 3987 3822 3988
f 4006 3988 3822
f 3988 4006 4005
f 3816 3986 3821
f 3821 3986 3989
f 4007 4010 3989
f 4010 4009 3989
f 3989 4009 3821
f 3824 3963 3974
f 3824 3974 3816
f 3816 3974 3986
f 3963 3824 3825
f 3963 3825 3956
f 3825 3959 3956
f 3956 3959 3954
f 3828 3972 3967
f 3828 3967 3823
f 3823 3967 3962
f 3823 3962 3826
f 3960 3826 3962
f 3826 3960 3957
f 3836 3965 3972
f 3836 3972 3828
f 3953 3965 3836
f 3864 3798 3855
f 3855 3798 3796
f 3802 3984 3799
f 3799 3984 3860
f 3799 3860 3855
f 3799 3855 3796
f 3830 3874 3873
f 3830 3873 3831
f 3831 3873 3876
f 3831 3876 3877
f 3831 3877 3833
f 3850 3833 3877
f 3829 3875 3830
f 3830 3875 3874
f 3850 3875 3829
f 3912 3930 3948
f 3930 3912 3926
f 3930 3926 3928
f 3928 3926 3935
f 3928 3935 3929
f 3912 3948 3946
f 3924 3948 3947
f 3924 3946 3948
f 3949 3911 3913
f 3949 3913 3925
f 3911 3949 3909
f 3909 3949 3900
f 3907 3909 3902
f 3900 3902 3909
f 3902 3904 3906
f 3902 3906 3907
f 3910 3901 3895
f 3910 3895 3869
f 3901 3910 3908
f 3901 3908 3903
f 3903 3908 3905
f 3869 3895 3871
f 3889 3893 3894
f 3871 3895 3893
f 3871 3893 3889
f 3880 3882 3883
f 3878 3867 3897
f 3897 3867 3870
f 3867 3878 3880
f 3867 3880 3424
f 3883 3422 3424
f 3424 3880 3883
f 3872 3897 3870
f 3872 3896 3897
f 3890 3892 3872
f 3896 3872 3892
f 3866 3423 3879
f 3879 3423 3884
f 3884 3881 3879
f 3832 3868 3879
f 3879 3868 3866
f 3868 3832 3886
f 3887 3888 3886
f 3886 3888 3868
f 3790 3853 3793
f 3793 3853 3862
f 3795 3854 3790
f 3790 3854 3853
f 3854 3795 3797
f 3854 3797 3865
f 3865 3797 3863
f 3851 3791 3794
f 3852 3791 3861
f 3861 3791 3851
f 3791 3852 3792
f 3792 3852 3856
f 3849 3847 3792
f 3856 3951 3792
f 3792 3951 3849
f 3673 3629 3612
f 3612 3629 4568
f 4568 3629 3626
f 4569 3287 3638
f 3638 3287 3644
f 3621 3630 4570
f 4570 3630 3301
f 3673 3612 3654
f 3633 3707 3684
f 3617 4568 3626
f 4571 3746 4572
f 4572 3746 3739
f 4572 3739 3683
f 3617 3626 3630
f 4573 3648 3633
f 3633 3648 3646
f 3633 3646 3707
f 4574 3714 4575
f 4575 3714 3738
f 3742 4576 3738
f 3673 3654 3664
f 3673 3664 3683
f 3617 3630 3621
f 3746 4571 3742
f 3742 4571 4576
f 4572 3683 3664
f 4573 3644 3648
f 4575 3738 4576
f 3638 3644 4573
f 3684 3707 4574
f 4574 3707 3714
f 3563 3394 3393
f 3573 4577 3569
f 3569 4578 4579
f 3569 4579 3567
f 3566 3567 4580
f 3566 4580 4581
f 3566 4581 3564
f 3563 3564 4582
f 4582 3564 4581
f 3394 3563 4582
f 4583 3575 3604
f 4584 4585 3603
f 4586 3604 4585
f 4585 3604 3603
f 4584 3603 3607
f 4587 3599 3410
f 4588 3597 4587
f 4587 3597 3599
f 3597 4588 4589
f 3597 4589 3595
f 3595 4589 4590
f 3591 3592 4591
f 4591 3592 4590
f 3595 4590 3592
f 4592 3589 3588
f 4578 3569 4577
f 4580 3567 3556
f 3556 3567 4579
f 4579 4578 3554
f 4577 3573 4593
f 4593 3573 3575
f 3549 4578 4577
f 3394 4582 3561
f 3561 4582 3560
f 3560 4582 4581
f 4581 4580 3557
f 3557 4580 3556
f 3556 4579 3554
f 3552 4578 3549
f 3549 4577 3758
f 3758 4577 4593
f 3559 4581 3557
f 3554 4578 3552
f 3560 4581 3559
f 3549 3758 3550
f 3557 3556 3555
f 4593 4583 4594
f 4594 3758 4593
f 4593 3575 4583
f 3604 4586 4594
f 4594 4586 3601
f 3600 4594 3601
f 4583 3604 4594
f 4594 3600 3758
f 3771 3602 4595
f 4585 4595 3602
f 4595 4585 4584
f 3602 3601 4586
f 3602 4586 4585
f 4584 3607 4596
f 4584 4596 4595
f 4595 4596 3771
f 3771 4596 3770
f 3589 4592 4597
f 3770 4597 3766
f 3607 3589 4596
f 4596 3589 4597
f 4596 4597 3770
f 4587 3410 3577
f 4587 3577 3576
f 4588 4587 3579
f 3579 4587 3576
f 4588 3579 3580
f 3580 3583 4588
f 4588 3583 4589
f 4589 3583 3582
f 4590 4589 3582
f 4591 4590 3585
f 3585 4590 3582
f 4598 4591 3585
f 4598 3585 3586
f 4591 4598 3591
f 3591 4598 3766
f 3768 4598 3586
f 3766 4598 3768
f 3588 3591 3766
f 4592 3588 3766
f 4597 4592 3766
f 4011 4003 4210
f 3850 3877 3875
f 3793 3862 3865
f 3865 3862 4499
f 4499 3862 3861
f 4499 3861 3849
f 3851 3793 3849
f 3888 3887 3482
f 3888 3482 3877
f 4499 3951 3875
f 4499 3875 3482
f 3482 3875 3877
f 3951 4499 3849
f 3850 3849 3887
f 3861 3851 3849
f 3887 3472 3474
f 3849 4282 4599
f 3849 4599 3887
f 3887 4599 3472
f 3422 3479 3478
f 3422 3478 3423
f 3423 3478 3482
f 3423 3482 3884
f 3884 3482 3887
f 3883 3470 3422
f 3422 3470 3469
f 3422 3469 3481
f 3422 3481 3479
f 3884 3887 3470
f 3884 3470 3883
f 3802 4281 3984
f 3952 3985 4280
f 3952 4280 3802
f 4208 3978 3983
f 4208 4210 3978
f 4210 4003 3978
f 4012 4218 4278
f 4012 4278 3978
f 3978 4278 3983
f 4278 4280 4014
f 4014 4280 3982
f 3982 4280 3985
f 3982 3985 4208
f 4014 4013 4278
f 4278 4013 3983
f 4208 3983 3982
f 4012 4011 4218
f 4218 4011 4210
f 4210 4212 4218
f 3865 4499 4208
f 3865 4208 3984
f 3984 4208 3985
f 3887 3474 3470
f 3802 4280 4281
f 3793 4281 4282
f 3793 4282 3849
f 3798 4281 3863
f 3863 4281 3793
f 3863 3793 3865
f 3864 3865 3984
f 3864 3984 3798
f 3798 3984 4281
f 3454 3425 3430
f 3466 3502 3468
f 3468 3502 3504
f 3468 3504 3525
f 3503 3502 3457
f 3457 3502 3519
f 3509 3451 3510
f 3451 3323 3510
f 3324 3323 3329
f 3321 3537 3322
f 3322 3537 3539
f 3322 3539 3445
f 3451 3445 3323
f 3323 3445 3446
f 3323 3446 3329
f 3329 3446 3537
f 3329 3537 3321
f 3433 3500 3512
f 3462 3487 3489
f 3487 3462 3464
f 3487 3464 3496
f 3496 3464 3461
f 3512 3454 3430
f 3454 3512 3455
f 3455 3512 3513
f 3455 3513 3427
f 3427 3509 3425
f 3425 3509 3431
f 3430 3434 3512
f 3512 3434 3433
f 3431 3430 3425
f 3546 3433 3545
f 3545 3433 3431
f 3545 3431 3508
f 3513 3447 3427
f 3427 3447 3450
f 3427 3450 3509
f 3509 3450 3451
f 3445 3451 3322
f 3322 3451 3448
f 3322 3448 3513
f 3513 3448 3447
f 3534 3500 3456
f 3456 3500 3508
f 3456 3508 3457
f 3457 3508 3503
f 3534 3519 3500
f 3462 3489 3525
f 3462 3525 3460
f 3460 3525 3504
f 3460 3504 3496
f 3460 3496 3461
f 3500 3525 3489
f 3502 3466 3519
f 3519 3466 3516
f 3519 3516 3500
f 3500 3516 3525
f 3433 3546 3500
f 3500 3546 3531
f 3500 3531 3508
f 3508 3531 3529
f 3508 3529 3545
f 3510 4534 3509
f 4600 3417 3419
f 3294 3419 3292
f 3404 3417 4600
f 3419 3294 4600
f 4600 3294 3404
f 3403 3417 3404
f 3413 3411 4601
f 3399 3411 3400
f 3399 3295 4601
f 4601 3295 3413
f 3411 3399 4601
f 3295 3297 3413
f 4602 4257 4603
f 4604 4605 4404
f 3614 3613 4568
f 4568 3613 3612
f 4570 3608 3621
f 3617 3619 3614
f 3617 3614 4568
f 3654 3612 3655
f 4572 3664 3663
f 4576 3719 3729
f 4571 3722 3720
f 4571 3720 3719
f 4576 3729 3724
f 3727 3700 4574
f 4576 3724 4575
f 4575 3724 3727
f 3717 3722 4571
f 4571 3719 4576
f 4575 3727 4574
f 4572 3663 3717
f 4572 3717 4571
f 4574 3700 3687
f 3684 4574 3685
f 3685 4574 3687
f 3638 3637 4569
f 3636 3635 4573
f 4573 3635 3638
f 3642 3636 4573
f 3632 3642 4573
f 3632 4573 3633
f 3346 3345 4606
f 3345 3362 4607
f 4608 4609 3379
f 3379 4609 4610
f 4610 3371 3379
f 4610 3370 3371
f 4607 3370 4610
f 4607 3369 3370
f 3362 3369 4607
f 4606 3345 4607
f 4606 3367 3346
f 4606 4611 3367
f 4611 4612 3367
f 4611 4613 4614
f 4611 4614 4612
f 4614 4613 4615
f 4616 4615 4613
f 4617 4615 4616
f 4617 4616 4618
f 4609 4618 4616
f 4609 4608 4618
f 4619 4620 4621
f 4619 4621 4622
f 4622 4621 4623
f 4622 4623 4624
f 4624 4623 4625
f 4624 4625 4626
f 4626 4625 4627
f 4627 4625 4628
f 4627 4628 4619
f 4619 4628 4620
f 4629 4630 4631
f 3307 4632 4633
f 4633 3337 3307
f 4631 3336 4633
f 4633 3336 3337
f 4631 4630 3336
f 4634 4629 4631
f 4634 4635 4629
f 4636 4637 4634
f 4634 4637 4635
f 4636 4638 4637
f 4638 4636 4639
f 4640 4641 4636
f 4636 4641 4639
f 4642 3314 4640
f 4640 3314 4641
f 3314 4642 3312
f 4642 3309 3312
f 3309 4642 4632
f 4632 3310 3309
f 3307 3306 4632
f 4632 3306 3310
f 4643 4644 4645
f 4645 4644 4646
f 4645 4646 4647
f 4647 4646 4648
f 4647 4648 4649
f 4649 4648 4650
f 4649 4650 4651
f 4651 4650 4652
f 4651 4652 4643
f 4643 4652 4644
f 4653 4448 4654
f 4654 4448 4447
f 4655 4461 4656
f 4461 4460 4656
f 4655 4463 4461
f 4656 4460 4456
f 4451 4463 4655
f 4657 4658 4659
f 4659 4658 4660
f 4659 4660 4661
f 4661 4660 4662
f 4661 4662 4663
f 4663 4662 4664
f 4663 4664 4657
f 4657 4664 4658
f 4443 4445 4665
f 4665 4445 4666
f 4449 4666 4446
f 4443 4665 4444
f 4445 4446 4666
f 4667 4454 4668
f 4668 4454 4453
f 4448 4653 4449
f 4449 4653 4666
f 4668 4444 4665
f 4668 4453 4444
f 4454 4667 4459
f 4459 4667 4656
f 4459 4656 4456
f 4451 4655 4447
f 4447 4655 4654
f 4663 4657 4669
f 4669 4657 4670
f 4663 4671 4661
f 4663 4672 4671
f 4672 4663 4669
f 4661 4671 4673
f 4659 4661 4674
f 4674 4661 4673
f 4659 4674 4675
f 4659 4675 4657
f 4657 4675 4676
f 4670 4657 4676
f 4669 4670 4676
f 4669 4676 4672
f 4675 4671 4676
f 4676 4671 4672
f 4671 4675 4674
f 4671 4674 4673
f 4656 4664 4655
f 4655 4664 4662
f 4656 4667 4664
f 4662 4654 4655
f 4668 4658 4667
f 4667 4658 4664
f 4660 4653 4662
f 4662 4653 4654
f 4658 4668 4665
f 4660 4666 4653
f 4666 4660 4665
f 4665 4660 4658
f 4677 4096 4678
f 4111 4088 4679
f 4680 4111 4679
f 4680 4108 4111
f 4680 4095 4108
f 4678 4095 4680
f 4678 4096 4095
f 4681 4682 4678
f 4678 4682 4677
f 4681 4683 4682
f 4681 4684 4683
f 4684 4681 4685
f 4681 4686 4685
f 4685 4686 4089
f 4679 4080 4686
f 4686 4080 4089
f 4679 4081 4080
f 4679 4088 4081
f 4687 4681 4688
f 4688 4681 4689
f 4689 4681 4678
f 4689 4678 4690
f 4690 4678 4680
f 4690 4680 4691
f 4691 4680 4679
f 4691 4679 4687
f 4687 4679 4686
f 4687 4686 4681
f 4692 4693 4694
f 4692 4695 4693
f 4696 4695 4692
f 4696 4692 4697
f 4696 4697 4698
f 4697 3932 4698
f 4699 3932 4697
f 4699 3941 3932
f 4699 3945 3941
f 4700 3945 4699
f 4700 3931 3945
f 4701 3918 4700
f 4700 3918 3931
f 4701 3917 3918
f 3916 3917 4701
f 4694 3914 4701
f 3914 3916 4701
f 4694 4693 3914
f 4702 4692 4694
f 4702 4694 4703
f 4703 4694 4701
f 4703 4701 4704
f 4704 4701 4700
f 4704 4700 4705
f 4705 4700 4699
f 4705 4699 4697
f 4705 4697 4702
f 4702 4697 4692
f 4632 4644 4633
f 4633 4644 4652
f 4633 4652 4631
f 4631 4652 4650
f 4631 4650 4634
f 4634 4650 4648
f 4634 4648 4636
f 4636 4648 4646
f 4636 4646 4640
f 4640 4646 4642
f 4642 4646 4644
f 4642 4644 4632
f 4606 4620 4628
f 4606 4628 4611
f 4611 4628 4613
f 4613 4628 4625
f 4613 4625 4616
f 4616 4625 4609
f 4609 4625 4623
f 4609 4623 4610
f 4610 4623 4621
f 4610 4621 4607
f 4607 4621 4606
f 4606 4621 4620
f 4702 4626 4627
f 4702 4627 4705
f 4705 4627 4619
f 4705 4619 4704
f 4704 4619 4622
f 4704 4622 4703
f 4703 4622 4624
f 4703 4624 4702
f 4702 4624 4626
f 4688 4649 4687
f 4687 4649 4651
f 4687 4651 4691
f 4691 4651 4643
f 4691 4643 4690
f 4690 4643 4645
f 4690 4645 4647
f 4690 4647 4689
f 4689 4647 4649
f 4689 4649 4688
f 3914 4693 3922
f 3933 3934 3936
f 4696 4698 3933
f 4696 3933 4706
f 4706 3933 3936
f 4706 3936 4695
f 4695 3936 3922
f 3932 3933 4698
f 4695 3922 4693
f 4696 4706 4695
f 4093 4094 4685
f 4089 4093 4685
f 4677 4098 4096
f 4107 4098 4677
f 4684 4094 4101
f 4684 4707 4683
f 4683 4707 4682
f 4107 4707 4101
f 4101 4707 4684
f 4094 4684 4685
f 4677 4682 4107
f 4107 4682 4707
f 4570 3301 3300
f 4570 3300 3608
f 3300 3302 3608
f 3395 3394 3561
f 3298 3610 3302
f 3296 3295 3781
f 3401 3781 3399
f 3399 3781 3295
f 3401 3402 3396
f 3398 3395 3396
f 3288 3287 4569
f 4569 3637 3288
f 3288 3637 3289
f 3294 3291 3786
f 3406 3404 3784
f 3784 3404 3294
f 3784 3294 3786
f 3772 3406 3784
f 3409 3577 3410
f 3762 3409 3407
f 3762 3407 3772
f 3407 3406 3772
f 4708 4349 4709
f 4349 4348 4709
f 4709 4348 4710
f 4711 4710 4188
f 4188 4710 4348
f 4415 4711 4262
f 4710 4711 4415
f 4710 4415 4709
f 4415 4414 4709
f 4709 4414 4708
f 4712 4713 4350
f 4350 4713 4714
f 4708 4414 4712
f 4366 4418 4713
f 4414 4367 4712
f 4712 4367 4366
f 4712 4366 4713
f 4713 4418 4714
f 4714 4347 4350
f 4712 4308 4310
f 4310 4349 4708
f 4350 4308 4712
f 4712 4310 4708
f 4715 4335 4716
f 4715 4716 4717
f 4716 4718 4717
f 4335 4347 4716
f 4347 4714 4716
f 4188 4602 4603
f 4711 4188 4603
f 4602 4187 4719
f 4188 4187 4602
f 4187 4720 4719
f 4719 4720 4721
f 4602 4719 4257
f 4257 4719 4721
f 4711 4603 4262
f 4257 4721 4254
f 4262 4603 4257
f 4418 4406 4716
f 4418 4716 4714
f 4716 4406 4718
f 4717 4718 4405
f 4405 4718 4406
f 4604 4404 4722
f 4604 4722 4337
f 4336 4604 4337
f 4605 4604 4336
f 4717 4605 4715
f 4715 4605 4336
f 4715 4336 4335
f 4723 4724 4720
f 4187 3382 4720
f 3382 4723 4720
f 4721 4720 4724
f 3390 4724 4723
f 3390 4254 4724
f 4724 4254 4721
f 4405 4404 4605
f 4404 4399 4725
f 4404 4725 4722
f 4717 4405 4605
f 3383 4337 4722
f 4726 3383 4722
f 4727 3383 4726
f 4728 4723 3381
f 3381 4723 3382
f 3381 3384 4728
f 4727 4728 3384
f 4727 3384 3383
f 3392 3387 4727
f 4728 4727 3387
f 3389 4728 3387
f 3390 4728 3389
f 4728 3390 4723
f 4725 4726 4722
f 4399 3392 4725
f 4725 3392 4726
f 3392 4727 4726
f 4618 4608 3368
f 4617 4618 3352
f 3351 4617 3352
f 4729 4615 4617
f 4729 4617 3351
f 3352 4618 3368
f 3351 3355 4729
f 3356 4615 4729
f 4729 3355 3356
f 4615 3356 4614
f 4614 3357 4612
f 3356 3357 4614
f 3367 4612 3357
f 4608 3379 3368
f 3317 4639 3313
f 3318 3319 4730
f 3318 4731 3317
f 3313 4641 3314
f 3318 4730 4731
f 3332 4629 3319
f 3319 4635 4730
f 3313 4639 4641
f 3319 4629 4635
f 4730 4635 4637
f 4730 4637 4731
f 3317 4731 4638
f 3317 4638 4639
f 4731 4637 4638
f 3332 3336 4630
f 3332 4630 4629
f 4732 4733 4734
f 4734 4733 4735
f 4734 4735 4736
f 4733 4732 4737
f 4735 4738 4736
f 4736 4738 4739
f 4736 4739 4740
f 4740 4739 4741
f 4740 4741 4742
f 4743 4744 4745
f 4743 4746 4747
f 4748 4745 4749
f 4732 4750 4737
f 4750 4751 4752
f 4742 4741 4753
f 4742 4754 4747
f 4744 4743 4754
f 4755 4756 4751
f 4743 4747 4754
f 4744 4754 4742
f 4744 4742 4757
f 4757 4742 4753
f 4757 4753 4756
f 4756 4753 4758
f 4756 4758 4752
f 4756 4752 4751
f 4750 4732 4751
f 4751 4732 4759
f 4755 4751 4759
f 4755 4759 4760
f 4761 4762 4763
f 4761 4764 4762
f 4765 4764 4761
f 4760 4766 4767
f 4768 4769 4770
f 4762 4769 4763
f 4763 4769 4768
f 4771 4749 4745
f 4745 4748 4743
f 4771 4745 4770
f 4755 4760 4767
f 4755 4767 4756
f 4756 4767 4763
f 4756 4763 4757
f 4757 4763 4768
f 4745 4757 4770
f 4770 4757 4768
f 4763 4767 4761
f 4761 4767 4766
f 4761 4766 4765
f 4744 4757 4745
f 4772 4773 4774
f 4774 4773 4775
f 4773 4776 4777
f 4777 4776 4778
f 4779 4777 4780
f 4780 4777 4778
f 4779 4780 4781
f 4776 4782 4778
f 4783 4784 4782
f 4776 4773 4772
f 4774 4785 4772
f 4782 4786 4783
f 4784 4783 4787
f 4772 4785 4776
f 4776 4785 4786
f 4782 4776 4786
f 4779 4788 4789
f 4789 4788 4790
f 4791 4792 4793
f 4790 4788 4794
f 4795 4791 4793
f 4791 4794 4792
f 4794 4791 4790
f 4779 4781 4788
f 4787 4795 4793
f 4787 4793 4784
f 4796 4797 4798
f 4799 4800 4801
f 4802 4803 4796
f 4804 4805 4806
f 4806 4805 4796
f 4807 4808 4809
f 4807 4809 4810
f 4810 4809 4805
f 4805 4804 4811
f 4805 4811 4812
f 4813 4814 4811
f 4811 4814 4812
f 4815 4816 4814
f 4817 4818 4816
f 4817 4816 4815
f 4818 4819 4820
f 4821 4820 4819
f 4800 4822 4823
f 4800 4823 4817
f 4817 4823 4818
f 4824 4825 4826
f 4826 4825 4822
f 4826 4822 4800
f 4798 4797 4827
f 4798 4806 4796
f 4803 4802 4828
f 4799 4801 4827
f 4827 4801 4829
f 4827 4829 4813
f 4813 4829 4814
f 4830 4831 4832
f 4832 4831 4833
f 4833 4834 4832
f 4832 4834 4835
f 4836 4837 4838
f 4838 4839 4840
f 4841 4840 4842
f 4842 4840 4839
f 4843 4844 4841
f 4843 4841 4845
f 4838 4837 4839
f 4841 4842 4845
f 4837 4836 4846
f 4846 4836 4847
f 4848 4849 4850
f 4850 4851 4848
f 4828 4802 4852
f 4852 4802 4853
f 4833 4854 4834
f 4834 4854 4855
f 4856 4854 4831
f 4831 4854 4833
f 4857 4846 4858
f 4857 4837 4846
f 4856 4855 4854
f 4859 4860 4861
f 4861 4862 4859
f 4863 4864 4865
f 4852 4853 4866
f 4867 4866 4868
f 4867 4868 4869
f 4870 4871 4872
f 4872 4871 4868
f 4872 4868 4873
f 4873 4868 4874
f 4874 4868 4866
f 4866 4853 4874
f 4875 4791 4876
f 4877 4760 4759
f 4765 4878 4879
f 4880 4765 4881
f 4881 4765 4879
f 4882 4883 4880
f 4880 4883 4765
f 4882 4884 4883
f 4883 4884 4885
f 4885 4884 4886
f 4885 4886 4887
f 4885 4887 4888
f 4889 4885 4888
f 4889 4888 4890
f 4890 4888 4891
f 4890 4891 4892
f 4890 4892 4893
f 4894 4895 4893
f 4894 4893 4892
f 4896 4895 4894
f 4897 4895 4896
f 4898 4895 4897
f 4898 4899 4900
f 4901 4791 4902
f 4903 4790 4791
f 4789 4790 4904
f 4789 4904 4905
f 4905 4906 4907
f 4789 4905 4908
f 4908 4905 4907
f 4909 4910 4911
f 4908 4909 4911
f 4908 4911 4734
f 4911 4912 4734
f 4913 4878 4766
f 4766 4878 4765
f 4913 4766 4914
f 4877 4759 4915
f 4916 4917 4918
f 4732 4916 4918
f 4732 4918 4759
f 4759 4918 4915
f 4919 4916 4732
f 4920 4919 4732
f 4912 4921 4920
f 4907 4909 4908
f 4904 4922 4923
f 4924 4923 4922
f 4790 4903 4922
f 4925 4926 4791
f 4791 4926 4903
f 4791 4901 4876
f 4900 4927 4902
f 4928 4899 4898
f 4928 4898 4897
f 4896 4929 4897
f 4891 4930 4931
f 4891 4931 4892
f 4914 4766 4877
f 4877 4766 4760
f 4734 4912 4732
f 4732 4912 4920
f 4902 4927 4932
f 4902 4932 4901
f 4925 4791 4875
f 4904 4790 4922
f 4927 4900 4933
f 4933 4900 4899
f 4742 4747 4740
f 4934 4740 4746
f 4746 4740 4747
f 4917 4824 4826
f 4917 4826 4918
f 4925 4875 4820
f 4925 4820 4821
f 4935 4844 4936
f 4937 4807 4935
f 4937 4935 4938
f 4938 4935 4936
f 4939 4940 4825
f 4825 4940 4822
f 4821 4819 4941
f 4941 4819 4942
f 4942 4943 4944
f 4944 4943 4945
f 4941 4942 4944
f 4939 4944 4940
f 4945 4940 4944
f 4946 4947 4948
f 4948 4947 4949
f 4948 4949 4950
f 4950 4949 4951
f 4950 4951 4952
f 4952 4951 4953
f 4953 4951 4954
f 4953 4954 4955
f 4955 4954 4774
f 4955 4774 4956
f 4774 4775 4956
f 4957 4958 4959
f 4959 4958 4956
f 4959 4956 4775
f 4960 4746 4743
f 4960 4743 4961
f 4962 4960 4963
f 4962 4963 4964
f 4962 4934 4960
f 4960 4934 4746
f 4961 4743 4965
f 4965 4743 4748
f 4965 4748 4966
f 4966 4748 4749
f 4966 4749 4967
f 4967 4749 4968
f 4967 4968 4969
f 4967 4969 4970
f 4971 4890 4893
f 4971 4893 4972
f 4973 4974 4975
f 4976 4975 4977
f 4975 4974 4977
f 4978 4979 4980
f 4978 4980 4981
f 4982 4957 4979
f 4982 4979 4983
f 4983 4979 4978
f 4980 4973 4981
f 4981 4973 4984
f 4984 4973 4975
f 4976 4977 4985
f 4985 4977 4986
f 4985 4986 4987
f 4964 4988 4989
f 4964 4989 4990
f 4990 4989 4991
f 4991 4989 4992
f 4991 4992 4993
f 4993 4992 4987
f 4993 4987 4986
f 4994 4995 4996
f 4997 4976 4998
f 4976 4999 4998
f 4997 5000 5001
f 5000 5002 4984
f 5001 5000 4984
f 4998 4999 5003
f 5000 5004 5005
f 5005 5004 5006
f 5005 5006 5007
f 5007 5006 5008
f 4997 5004 5000
f 5005 5009 5000
f 5000 5009 5002
f 5009 5005 5007
f 5009 5007 5010
f 5011 5012 5013
f 5013 5012 5014
f 5015 5016 5017
f 5014 5017 5013
f 5015 5017 5014
f 5018 4972 5019
f 5019 4972 5020
f 5019 5020 5015
f 5015 5020 5016
f 5021 4996 5022
f 4998 5003 5023
f 5023 5003 5024
f 5023 5024 5025
f 5025 5024 4995
f 5025 4995 4994
f 5015 5021 5022
f 5021 4994 4996
f 5008 5012 5011
f 5008 5011 5007
f 5007 5011 5010
f 5004 4997 4998
f 5004 4998 5006
f 5006 4998 5023
f 5006 5023 5008
f 5008 5023 5025
f 5008 5025 5012
f 5012 5025 4994
f 5012 4994 5014
f 5014 4994 5021
f 5014 5021 5015
f 5015 5022 5019
f 5026 5027 5028
f 5028 5027 5029
f 5028 5029 5030
f 5031 5027 5026
f 5032 5033 5034
f 5035 5036 5032
f 5035 5032 5034
f 5037 5038 5039
f 5037 5039 4983
f 5040 5041 5039
f 5039 5041 4983
f 5038 5037 5036
f 5042 5038 5035
f 5042 5035 5043
f 5039 5042 5044
f 5044 5042 5045
f 5043 5045 5042
f 5038 5042 5039
f 5046 5034 5047
f 5034 5046 5048
f 5034 5048 5049
f 5033 5047 5034
f 5035 5034 5049
f 5035 5049 5043
f 5044 5040 5039
f 5035 5038 5036
f 5050 5051 4999
f 5052 5053 5051
f 5003 4999 5051
f 5052 5051 5050
f 5030 5029 5054
f 5030 5054 5055
f 5055 5054 5056
f 5054 5052 5056
f 5056 5052 5050
f 5057 5052 5054
f 5029 5058 5054
f 5054 5058 5057
f 5002 5059 4984
f 5060 5009 5061
f 5060 5002 5009
f 5046 5060 5048
f 5061 5048 5060
f 5033 5059 5047
f 5047 5059 5002
f 5047 5002 5046
f 5046 5002 5060
f 4996 5062 5022
f 5022 5062 5019
f 5062 4996 5063
f 5064 5065 5062
f 5064 5063 5066
f 5063 5064 5062
f 5065 5064 5066
f 5065 5066 5067
f 5018 5019 5065
f 5065 5019 5062
f 5068 5017 5016
f 5068 5016 5020
f 5069 5068 5020
f 5069 5020 4972
f 5070 5071 5069
f 5069 5071 5072
f 5068 5069 5072
f 5073 5068 5072
f 5013 5017 5073
f 5017 5068 5073
f 4995 5024 5074
f 5075 5076 5077
f 5078 5079 5080
f 5058 5029 5079
f 5079 5029 5027
f 5078 5081 5079
f 5082 5053 5057
f 5082 5057 5058
f 5082 5058 5081
f 5081 5058 5079
f 5079 5027 5031
f 5024 5003 5083
f 5083 5051 5053
f 5074 5024 5083
f 5074 5083 5084
f 5084 5083 5053
f 5084 5053 5082
f 5080 5079 5031
f 5063 5085 5066
f 4996 4995 5063
f 5085 5063 5086
f 5086 5063 4995
f 5076 5087 5077
f 5077 5087 5088
f 5089 5088 5066
f 5077 5088 5089
f 5089 5066 5085
f 5086 4995 5074
f 5086 5074 5085
f 5085 5074 5084
f 5085 5084 5089
f 5089 5084 5082
f 5089 5082 5090
f 5077 5090 5078
f 5078 5075 5077
f 5090 5077 5089
f 5083 5003 5051
f 5053 5052 5057
f 5090 5082 5081
f 5090 5081 5078
f 5091 5092 5093
f 5049 5094 5095
f 5049 5095 5096
f 5045 5096 5097
f 5095 5098 5096
f 5096 5098 5091
f 5097 5096 5093
f 5099 5071 5095
f 5095 5071 5098
f 5095 5094 5099
f 5011 5013 5073
f 5011 5073 5099
f 5099 5073 5072
f 5100 5010 5011
f 5100 5011 5099
f 5009 5010 5061
f 5043 5049 5096
f 5043 5096 5045
f 5045 5097 5044
f 5091 5093 5096
f 5061 5010 5100
f 5061 5100 5094
f 5094 5100 5099
f 5099 5072 5071
f 5048 5061 5094
f 5048 5094 5049
f 5087 5101 5088
f 5102 5101 5076
f 5076 5101 5087
f 5103 5088 5101
f 5067 5066 5103
f 5103 5066 5088
f 4971 5104 4890
f 5104 4971 5105
f 5104 5105 5106
f 5106 5105 5067
f 5106 5067 5107
f 4969 5108 5107
f 5107 5108 5106
f 4969 5107 5109
f 5102 5109 5101
f 5018 5065 4971
f 5065 5105 4971
f 5105 5065 5067
f 5067 5103 5107
f 5107 5103 5101
f 5107 5101 5109
f 4971 4972 5018
f 4893 5110 5111
f 5111 5110 5112
f 5112 5110 5113
f 4972 4893 5111
f 5114 4947 5115
f 5115 4947 5116
f 5114 5115 5112
f 5112 5113 5114
f 5092 5115 5117
f 5071 5070 5098
f 5098 5070 5118
f 5118 5115 5092
f 5092 5091 5118
f 5118 5091 5098
f 5115 5118 5070
f 5115 5116 5117
f 5115 5070 5112
f 5070 5069 5112
f 5112 5069 5111
f 5111 5069 4972
f 4973 5119 4974
f 4974 5119 5120
f 4974 5120 5121
f 4974 5121 4977
f 4977 5121 5122
f 4977 5122 4986
f 4962 4964 5123
f 5123 4964 4990
f 5123 4990 4991
f 4980 5124 5125
f 5124 4980 4979
f 5124 4979 5126
f 5126 4979 4959
f 4959 4979 4957
f 4986 5122 5127
f 4986 5127 4993
f 4993 5127 5128
f 4993 5128 4991
f 4991 5128 5123
f 5119 4973 5125
f 5125 4973 4980
f 4765 4883 4885
f 4765 4885 5129
f 4765 5129 4764
f 5129 5104 4764
f 4764 5104 4762
f 4762 5104 5106
f 5104 5129 4890
f 5129 4889 4890
f 4885 4889 5129
f 5130 4895 4898
f 4895 5130 4893
f 5130 5110 4893
f 5110 5131 5132
f 5132 5113 5110
f 5131 5110 5130
f 5130 4898 5131
f 4902 4791 4795
f 5133 4785 5134
f 4951 4785 4954
f 4949 5135 4951
f 5134 5135 5136
f 5136 5135 5137
f 5136 5137 5138
f 4785 4951 5134
f 5134 4951 5135
f 5139 5133 5140
f 5132 5131 5141
f 5131 4898 4900
f 5131 4900 5141
f 5141 4900 5142
f 5142 4900 4902
f 4795 4787 5139
f 5139 4787 4783
f 4954 4785 4774
f 5139 4783 5133
f 5133 4783 4786
f 5133 4786 4785
f 5133 5136 5140
f 5140 5136 5138
f 5140 5138 5132
f 5133 5134 5136
f 5142 4902 4795
f 5142 4795 5139
f 5142 5139 5140
f 5142 5140 5141
f 5141 5140 5132
f 4968 4749 4771
f 4969 4771 5108
f 4762 5106 4769
f 4769 5106 4770
f 4770 5106 5108
f 4770 5108 4771
f 4969 4968 4771
f 5114 5113 5138
f 5135 4947 5114
f 5113 5132 5138
f 5135 4949 4947
f 5114 5137 5135
f 5137 5114 5138
f 4841 4896 4894
f 4841 4894 4840
f 4892 5143 4894
f 4894 5143 4840
f 4931 4840 4892
f 4892 4840 5143
f 4930 4838 4931
f 4931 4838 4840
f 4891 5144 4930
f 4930 5144 4838
f 4888 4838 4891
f 4891 4838 5144
f 4887 4836 4888
f 4888 4836 4838
f 4847 4836 4887
f 4847 4887 4886
f 4832 4835 4882
f 4882 4835 4884
f 4830 4832 4882
f 4830 4882 4880
f 4879 4803 4881
f 4881 4803 4828
f 4878 4796 4879
f 4879 4796 4803
f 4913 4797 4796
f 4913 4796 4878
f 4914 4827 4797
f 4914 4797 4913
f 4877 4799 4827
f 4877 4827 4914
f 4915 4800 4877
f 4877 4800 4799
f 4918 4826 4915
f 4915 4826 4800
f 5145 5146 4921
f 4912 5147 4921
f 4921 5147 5145
f 4911 5148 4912
f 4912 5148 5147
f 4911 5149 5148
f 4910 5150 4911
f 4911 5150 5149
f 4909 5145 4910
f 4910 5145 5150
f 4907 5151 5145
f 4907 5145 4909
f 4906 5152 4907
f 4907 5152 5151
f 4905 5153 4906
f 4906 5153 5152
f 4905 5154 5153
f 4904 5155 4905
f 4905 5155 5154
f 4923 5156 4904
f 4904 5156 5155
f 5157 5156 4924
f 4924 5156 4923
f 4876 4818 4875
f 4875 4818 4820
f 4901 4816 4876
f 4876 4816 4818
f 4932 4814 4901
f 4901 4814 4816
f 4927 4812 4932
f 4932 4812 4814
f 4812 4927 4805
f 4805 4927 4933
f 4899 4810 4933
f 4933 4810 4805
f 4810 4899 4807
f 4807 4899 4928
f 4897 4935 4928
f 4928 4935 4807
f 4935 4897 4844
f 4844 4897 4929
f 4844 4929 4841
f 4841 4929 4896
f 5156 5151 5152
f 5156 5152 5155
f 5155 5152 5154
f 5154 5152 5153
f 5156 5157 5151
f 5151 5158 5145
f 5159 5146 5145
f 5150 5147 5148
f 5150 5148 5149
f 5145 5158 5159
f 5150 5145 5147
f 4822 4940 4945
f 4822 4945 4823
f 5159 5158 5160
f 5161 5160 5158
f 5161 5158 5151
f 5162 5161 5151
f 5162 5151 5157
f 4818 4943 4819
f 4819 4943 4942
f 4823 4945 4943
f 4823 4943 4818
f 4801 5163 4829
f 4829 5163 5164
f 4800 5165 4801
f 4801 5165 5163
f 5165 4800 4817
f 5165 4817 5166
f 4815 5167 4817
f 4817 5167 5166
f 4814 5168 4815
f 4815 5168 5167
f 4829 5164 5168
f 4829 5168 4814
f 4798 5169 4806
f 4806 5169 5170
f 4827 5171 4798
f 4798 5171 5169
f 4813 5172 5171
f 4813 5171 4827
f 4811 5173 4813
f 4813 5173 5172
f 5173 4811 5174
f 5174 4811 4804
f 5174 4804 4806
f 5174 4806 5170
f 4796 4874 4802
f 4802 4874 4853
f 4805 4873 4874
f 4805 4874 4796
f 4809 4872 4805
f 4805 4872 4873
f 4870 4872 4808
f 4808 4872 4809
f 4861 4867 4862
f 4862 4867 4869
f 4859 5175 5176
f 4859 5176 4860
f 4937 4938 4863
f 4863 4938 4864
f 4936 4865 4938
f 4938 4865 4864
f 4850 5177 4851
f 4851 5177 5178
f 4837 4857 4839
f 4839 4857 5179
f 4848 5180 5181
f 4848 5181 4849
f 4843 4845 5182
f 5182 4845 5183
f 4842 5184 5183
f 4842 5183 4845
f 5184 4842 4839
f 5184 4839 5179
f 5181 5180 5179
f 5179 5180 5185
f 5179 4857 4858
f 5179 4858 5181
f 5179 5183 5184
f 5183 5179 5185
f 5183 5185 5182
f 5178 5177 5176
f 5175 5178 5176
f 5170 5169 5186
f 5170 5186 5174
f 5172 5173 5186
f 5186 5173 5174
f 5186 5169 5171
f 5186 5171 5172
f 5164 5165 5168
f 5163 5165 5164
f 5168 5166 5167
f 5168 5165 5166
f 5160 5161 5162
f 5187 5188 5189
f 5189 5188 5190
f 5191 5192 5193
f 5193 5192 5194
f 5193 5194 5195
f 5195 5194 5196
f 5195 5196 5197
f 5197 5196 5198
f 5197 5198 5191
f 5191 5198 5192
f 4824 5199 5200
f 4824 5200 4825
f 4825 4944 4939
f 5200 5201 4825
f 4825 5201 4821
f 4825 4821 4941
f 4825 4941 4944
f 4924 4922 5157
f 5157 4922 5202
f 5203 5146 5204
f 5204 5146 5159
f 5202 5204 5157
f 5157 5204 5159
f 5157 5159 5162
f 5162 5159 5160
f 5205 4903 5206
f 5206 4903 4926
f 5207 4740 5208
f 5208 4740 4934
f 4908 4734 5209
f 5209 4734 5210
f 4908 5209 5211
f 5212 4789 5213
f 4736 4740 5207
f 5210 4734 4736
f 4789 4908 5213
f 5213 4908 5211
f 4777 4779 5214
f 5214 4773 4777
f 5215 4775 4773
f 5215 4773 5214
f 5210 4736 5207
f 5214 4779 5212
f 5212 4779 4789
f 5119 5216 5217
f 5218 4962 5219
f 5219 4962 5123
f 5124 5220 5216
f 5216 5119 5125
f 5119 5217 5120
f 5128 5127 5221
f 5220 5126 5222
f 5222 5126 4959
f 5216 5125 5124
f 5223 5121 5120
f 5123 5128 5219
f 5219 5128 5221
f 5220 5124 5126
f 5121 5223 5224
f 5221 5127 5122
f 5221 5122 5224
f 5224 5122 5121
f 5223 5120 5217
f 5207 5208 5225
f 5207 5225 5226
f 5207 5226 5210
f 5210 5226 5227
f 5210 5227 5209
f 5209 5227 5211
f 5211 5227 5228
f 5211 5228 5213
f 5213 5228 5229
f 5213 5229 5212
f 5212 5229 5230
f 5212 5230 5214
f 5214 5230 5231
f 5214 5231 5215
f 5215 5231 5232
f 5208 4934 4962
f 5208 4962 5218
f 5222 4959 5232
f 5232 4959 4775
f 5232 4775 5215
f 5222 5232 5233
f 5233 5232 5231
f 5233 5231 5234
f 5234 5231 5230
f 5234 5230 5235
f 5235 5230 5229
f 5235 5229 5236
f 5208 5218 5225
f 5225 5218 5237
f 5225 5237 5226
f 5226 5237 5238
f 5226 5238 5227
f 5227 5238 5239
f 5227 5239 5236
f 5227 5236 5228
f 5228 5236 5229
f 5220 5222 5233
f 5220 5233 5216
f 5216 5233 5234
f 5216 5234 5217
f 5217 5234 5235
f 5217 5235 5223
f 5223 5235 5236
f 5223 5236 5224
f 5224 5236 5239
f 5224 5239 5221
f 5221 5239 5238
f 5221 5238 5219
f 5219 5238 5237
f 5219 5237 5218
f 5202 4903 5205
f 4922 4903 5202
f 5189 5203 5204
f 5189 5190 5203
f 5200 5199 5187
f 5187 5199 5188
f 4925 4821 5201
f 4925 5201 4926
f 5206 4926 5201
f 5240 5241 5242
f 5242 5241 5243
f 5244 5241 5240
f 5244 5245 5241
f 5198 5246 5247
f 5198 5247 5192
f 5198 5248 5246
f 5248 5198 5249
f 5249 5198 5196
f 5250 5249 5196
f 5194 5251 5250
f 5194 5250 5196
f 5251 5194 5252
f 5252 5194 5192
f 5252 5192 5247
f 4917 5199 4824
f 4916 5199 4917
f 4916 5188 5199
f 5188 4916 5190
f 5190 4916 4919
f 4920 5190 4919
f 4920 5203 5190
f 5203 4920 5146
f 5146 4920 4921
f 5245 5247 5241
f 5241 5247 5246
f 5241 5246 5243
f 5243 5246 5248
f 5245 5252 5247
f 5243 5248 5242
f 5242 5248 5249
f 5244 5251 5245
f 5245 5251 5252
f 5251 5244 5250
f 5250 5244 5240
f 5242 5249 5240
f 5240 5249 5250
f 5200 5193 5201
f 5201 5193 5195
f 5193 5200 5187
f 5195 5206 5201
f 5189 5191 5187
f 5187 5191 5193
f 5197 5205 5195
f 5195 5205 5206
f 5189 5204 5191
f 5197 5202 5205
f 5202 5197 5204
f 5204 5197 5191
f 4868 4871 5253
f 5253 4871 5254
f 4870 4808 4871
f 4871 4808 5254
f 5254 4808 4807
f 4865 4936 4863
f 4863 4936 4937
f 4844 4843 5255
f 5255 4843 5182
f 5254 4807 4937
f 5254 4937 5255
f 5255 4937 4936
f 5255 4936 4844
f 5182 5185 5255
f 5255 5185 5256
f 4851 5253 4848
f 4848 5253 5256
f 4848 5256 5185
f 4848 5185 5180
f 5178 5175 4859
f 5178 4859 4851
f 4851 4859 5253
f 5253 4859 4862
f 5253 4862 4868
f 4868 4862 4869
f 5257 5258 4846
f 4846 5258 4858
f 5259 4828 4852
f 4831 4855 4856
f 4830 4880 4881
f 4846 4847 5257
f 5257 4847 4831
f 5257 4831 5259
f 5259 4831 4830
f 5259 4830 4828
f 4828 4830 4881
f 4886 4884 4847
f 4847 4884 4835
f 4847 4835 4831
f 4831 4835 4834
f 4831 4834 4855
f 4852 4866 5259
f 5259 4866 5260
f 4866 4867 4861
f 4866 4861 5260
f 5260 4861 4860
f 5260 4860 5258
f 5176 5177 4850
f 5176 4850 4860
f 4860 4850 5258
f 5258 4850 4849
f 5258 4849 4858
f 4858 4849 5181
f 5257 5259 5258
f 5258 5259 5260
f 5256 5253 5255
f 5255 5253 5254
f 5028 4988 5026
f 4989 4988 5028
f 5030 4989 5028
f 4992 4989 5030
f 4992 5030 5055
f 4992 5055 5056
f 4987 4992 5056
f 4987 5056 5050
f 5050 4999 4985
f 5050 4985 4987
f 4999 4976 4985
f 4975 4976 4997
f 5001 4975 4997
f 4984 4975 5001
f 4981 4984 5059
f 5033 4981 5059
f 4983 5041 4982
f 5037 4983 4978
f 5036 5037 4978
f 5032 5036 4978
f 5033 5032 4981
f 4981 5032 4978
f 5261 5262 5263
f 5261 5263 5264
f 5264 5263 5265
f 5264 5265 5266
f 5266 5265 5267
f 5266 5267 5268
f 5268 5267 5269
f 5268 5269 5270
f 5268 5270 5261
f 5261 5270 5262
f 5271 5272 5273
f 5273 5272 5274
f 5275 5276 5271
f 5276 5272 5271
f 5277 5278 5275
f 5275 5278 5276
f 5278 5277 5279
f 5279 5277 5280
f 5279 5280 5281
f 5281 5280 5282
f 5281 5282 5283
f 5284 5283 5282
f 5283 5284 5285
f 5286 5285 5284
f 5285 5286 5287
f 5262 5288 5287
f 5262 5287 5286
f 5288 5262 5270
f 5289 5290 5270
f 5270 5290 5288
f 5289 5291 5290
f 5273 5274 5291
f 5273 5291 5289
f 5292 5293 5294
f 5292 5294 5295
f 5295 5294 5296
f 5295 5296 5297
f 5297 5296 5298
f 5297 5298 5299
f 5297 5299 5300
f 5300 5299 5301
f 5300 5301 5302
f 5300 5302 5303
f 5303 5302 5304
f 5303 5304 5292
f 5292 5304 5293
f 5305 5306 5304
f 5305 5307 5306
f 5302 5307 5305
f 5301 5308 5302
f 5302 5308 5307
f 5309 5310 5308
f 5309 5308 5301
f 5310 5309 5311
f 5311 5309 5298
f 5311 5298 5312
f 5313 5312 5298
f 5312 5313 5314
f 5296 5314 5313
f 5315 5314 5296
f 5315 5296 5316
f 5294 5317 5316
f 5316 5317 5315
f 5318 5319 5294
f 5294 5319 5317
f 5293 5320 5318
f 5318 5320 5319
f 5321 5320 5293
f 5304 5306 5321
f 5321 5306 5320
f 5322 5323 5324
f 4738 5323 5322
f 4738 5322 4739
f 4739 5322 5325
f 5306 5307 5324
f 5324 5307 5326
f 5322 5326 5325
f 4739 5325 5327
f 5327 4741 4739
f 5307 5308 5328
f 5326 5307 5328
f 5328 5329 5326
f 5329 5330 5326
f 5326 5330 5325
f 5326 5322 5324
f 5323 5306 5324
f 5331 5317 5319
f 5331 5319 5332
f 5332 5319 5320
f 4737 5317 5331
f 5332 5320 5323
f 4738 4735 4733
f 5320 5306 5323
f 5332 5323 4738
f 5332 4738 4733
f 5332 4733 5331
f 5331 4733 4737
f 5328 5308 5310
f 5333 5310 5311
f 5333 5311 5334
f 5334 5311 5312
f 5329 5328 5333
f 5333 5328 5310
f 5334 5312 5335
f 5335 5312 5314
f 5336 5333 5334
f 4737 5314 5315
f 5336 5329 5333
f 5330 5329 5336
f 5337 5335 5314
f 4737 5315 5317
f 5335 5336 5334
f 4750 5337 5314
f 4750 5314 4737
f 5338 5336 4752
f 4752 5336 5335
f 5335 5337 4752
f 5336 5338 5330
f 5330 5338 5327
f 5330 5327 5325
f 5337 4750 4752
f 5327 4753 4741
f 5338 4753 5327
f 4752 4758 5338
f 5338 4758 4753
f 5339 5288 5290
f 5340 5283 5341
f 5341 5283 5285
f 5341 5285 5287
f 5339 5290 4793
f 4794 5287 5288
f 4793 5290 5291
f 4788 5340 5341
f 4794 5341 5287
f 4794 5288 4792
f 4792 5288 5339
f 4781 5340 4788
f 4788 5341 4794
f 4792 5339 4793
f 5342 5274 5343
f 5291 5274 5342
f 5291 5342 4793
f 4793 5342 4784
f 5343 5274 5272
f 5272 5276 5344
f 5344 5276 5345
f 5345 5276 5278
f 5346 5343 5272
f 5346 5272 5344
f 5346 5342 5343
f 5346 5344 5347
f 5347 5344 5345
f 5348 5346 5347
f 5348 5347 5349
f 4784 5342 5346
f 4784 5346 4782
f 4782 5346 5348
f 5349 5350 4778
f 4782 5348 5349
f 4782 5349 4778
f 5350 5349 5347
f 4780 4778 5350
f 5281 5283 5340
f 5351 5281 5340
f 5279 5281 5352
f 5352 5281 5351
f 4781 5351 5340
f 5350 5351 4781
f 5345 5279 5352
f 5352 5351 5350
f 5345 5278 5279
f 5347 5345 5352
f 5350 4781 4780
f 5352 5350 5347
f 5294 5316 5296
f 5296 5313 5298
f 5293 5318 5294
f 5299 5309 5301
f 5304 5321 5293
f 5299 5298 5309
f 5302 5305 5304
f 5275 5271 5267
f 5275 5267 5277
f 5280 5265 5282
f 5282 5265 5284
f 5289 5270 5269
f 5289 5269 5273
f 5277 5267 5280
f 5284 5263 5286
f 5286 5263 5262
f 5273 5269 5271
f 5280 5267 5265
f 5284 5265 5263
f 5269 5267 5271
f 5353 5354 5355
f 5355 5354 5356
f 5355 5356 5357
f 5355 5357 5358
f 5358 5357 5359
f 5358 5359 5360
f 5360 5359 5361
f 5360 5361 5353
f 5353 5361 5354
f 5358 5360 5353
f 5358 5353 5355
f 5362 5363 5364
f 5364 5363 5365
f 5364 5365 5366
f 5366 5365 5367
f 5366 5367 5368
f 5368 5367 5369
f 5368 5369 5362
f 5362 5369 5363
f 5368 5362 5364
f 5368 5364 5366
f 5354 5292 5356
f 5356 5292 5295
f 5356 5295 5357
f 5357 5295 5297
f 5357 5297 5359
f 5359 5297 5300
f 5359 5300 5361
f 5361 5300 5303
f 5361 5303 5354
f 5354 5303 5292
f 5363 5264 5365
f 5365 5264 5266
f 5365 5266 5367
f 5367 5266 5268
f 5367 5268 5369
f 5369 5268 5261
f 5369 5261 5363
f 5363 5261 5264
f 4988 4964 4963
f 4988 4963 5026
f 4960 5031 5026
f 4963 4960 5026
f 4970 4969 5109
f 4965 5080 4961
f 4961 5080 4960
f 4965 5075 5078
f 4965 5078 5080
f 4966 5076 5075
f 5080 5031 4960
f 4966 5075 4965
f 5109 5102 4970
f 4967 4970 5102
f 4967 5102 5076
f 4967 5076 4966
f 4958 4957 4982
f 5041 4958 4982
f 4947 4946 5116
f 5040 4958 5041
f 5040 4956 4958
f 5040 5044 4956
f 4955 4956 5044
f 5117 5116 4946
f 4953 4955 5044
f 4953 5044 5097
f 4952 4953 5093
f 5093 4953 5097
f 4952 5093 4950
f 4950 5093 5092
f 4948 4950 5092
f 5092 5117 4948
f 4948 5117 4946

