# https://github.com/mikedh/trimesh

o L41
v -0.02028426 0.04294593 -0.03802187
v -0.01128275 0.04296156 -0.04970119
v -0.01683049 0.04282553 -0.03759814
v -0.05501849 -0.01962240 -0.14410143
v -0.05937721 -0.01624359 -0.14897105
v -0.05966470 -0.01625193 -0.15648837
v -0.06178251 -0.01425332 -0.14767314
v -0.06158141 -0.01523616 -0.12997301
v 0.00141675 -0.06103632 -0.15366037
v -0.00513043 -0.05206596 -0.15927006
v -0.00021243 -0.05148101 -0.18763775
v 0.00713359 -0.05707706 -0.19563463
v 0.00180743 -0.04959085 -0.21427964
v 0.00651095 -0.05348704 -0.22441806
v 0.00085778 -0.04790272 -0.23311186
v 0.00365912 -0.05146099 -0.24076454
v -0.00262402 -0.04666970 -0.24480920
v -0.00189845 -0.04990057 -0.25335902
v -0.00865976 -0.04547193 -0.25229982
v -0.00828779 -0.04851377 -0.26109371
v -0.01551929 -0.04433746 -0.25509474
v -0.02234206 -0.04543202 -0.26824921
v -0.02212442 -0.04323030 -0.25456613
v -0.02784183 -0.04189909 -0.25130549
v -0.03155785 -0.04259114 -0.26494065
v -0.03291482 -0.04019418 -0.24590528
v -0.03805008 -0.03958964 -0.25817922
v -0.03873333 -0.03710925 -0.23497996
v -0.04552621 -0.03456609 -0.24130701
v -0.04695390 -0.03038297 -0.21002677
v -0.05314437 -0.02705119 -0.21468763
v -0.05888100 -0.01921451 -0.18329416
v -0.05429963 -0.02103433 -0.16709755
v -0.06152875 -0.01483136 -0.15772021
v -0.06589148 0.00183031 -0.11412147
v -0.06696575 -0.00075929 -0.12859757
v -0.06498019 -0.00605576 -0.11118780
v -0.06512552 -0.00803331 -0.12624198
v -0.06609815 -0.00391926 -0.14777264
v -0.06623760 0.00340512 -0.14779316
v -0.05973410 -0.01963040 -0.10881344
v -0.05890729 -0.01529689 -0.19360921
v -0.06566624 -0.00384644 -0.15786636
v -0.06069681 -0.00725455 -0.19381948
v -0.06420457 0.00012975 -0.17557654
v -0.06091514 0.00664607 -0.19374764
v -0.06600254 -0.00012013 -0.15787385
v -0.05474519 0.02028168 -0.16056874
v -0.05221500 0.02383741 -0.18205684
v -0.06194213 0.01445353 -0.15799160
v -0.05356336 0.02659014 -0.21314162
v -0.04661580 0.03060089 -0.21066861
v -0.04577320 0.03428609 -0.24067622
v -0.03968650 0.03647050 -0.23280182
v -0.03946664 0.03873283 -0.25573936
v -0.03212484 0.04053712 -0.24713248
v -0.03662004 0.04041222 -0.26018101
v -0.02896038 0.04349435 -0.26626495
v -0.02332364 0.04300717 -0.25425529
v -0.02042422 0.04587236 -0.26836351
v -0.01208131 0.04773656 -0.26444170
v -0.01617297 0.04425483 -0.25515121
v -0.00919698 0.04538780 -0.25272349
v -0.00106669 0.05009499 -0.25221530
v -0.00266907 0.04665669 -0.24491912
v 0.00338606 0.05140270 -0.24110322
v 0.00148264 0.04822078 -0.22991602
v 0.00700287 0.05396721 -0.22082567
v 0.00020271 0.05143763 -0.18972723
v 0.00599234 0.05865816 -0.18149498
v -0.00535208 0.05204461 -0.15862736
v -0.00062699 0.06141751 -0.14550650
v -0.06161655 0.01489192 -0.13392936
v -0.05496788 0.01969348 -0.14343651
v -0.06177068 0.01428405 -0.14768021
v -0.05966597 0.01624325 -0.15648775
v -0.05937721 0.01624358 -0.14897105
v -0.06564177 0.00680543 -0.12704995
v -0.06435612 0.00751203 -0.10958271
v -0.05960064 0.01990939 -0.10794573
v -0.06538300 0.00457025 -0.15779462
v -0.05898114 0.01541550 -0.19353256
v -0.05255660 -0.02003183 -0.22757170
v -0.05252751 -0.02005043 -0.22770724
v -0.05255074 -0.02003427 -0.22759919
v -0.05256607 -0.02002162 -0.22753111
v -0.05256566 -0.02002087 -0.22753307
v -0.05256690 -0.02002125 -0.22752866
v -0.05256796 -0.02002000 -0.22752425
v -0.05256848 -0.02001937 -0.22752205
v -0.05256881 -0.02001716 -0.22751978
v -0.05258123 -0.02000793 -0.22746244
v -0.05257538 -0.02001119 -0.22749326
v -0.05258075 -0.02000828 -0.22746477
v -0.05257786 -0.02001038 -0.22747812
v -0.05257625 -0.02001168 -0.22748557
v -0.05256723 -0.02001886 -0.22752652
v -0.05257008 -0.02001748 -0.22751537
v -0.05256917 -0.02001797 -0.22751734
v -0.05257464 -0.02001305 -0.22749290
v -0.05258184 -0.02000749 -0.22745964
v -0.05427333 -0.01871137 -0.21966800
v -0.05257949 -0.02000914 -0.22747058
v -0.05257114 -0.02001623 -0.22751096
v -0.05256537 -0.02002252 -0.22753420
v -0.05256471 -0.02002279 -0.22753689
v -0.05256339 -0.02002382 -0.22754273
v -0.05256265 -0.02002484 -0.22754583
v -0.05256414 -0.02002283 -0.22753951
v -0.05256188 -0.02002673 -0.22754923
v -0.05256120 -0.02002692 -0.22755203
v -0.05251594 -0.02008174 -0.22774097
v -0.05254991 -0.02004140 -0.22759941
v -0.05256053 -0.02002881 -0.22755519
v -0.05371271 -0.01673435 -0.22439773
v -0.05706450 0.00310951 -0.21372825
v -0.05900490 -0.00549899 -0.20376734
v -0.05874559 0.00937856 -0.20369309
v -0.05739656 -0.01635653 -0.20360713
v -0.05031329 -0.01758858 -0.24052648
v -0.04899786 0.02126470 -0.24502414
v -0.05257305 0.02001395 -0.22750297
v -0.05253115 0.02004238 -0.22769681
v -0.05251594 0.02008173 -0.22774097
v 0.00666606 -0.05161648 -0.07082767
v 0.00597781 -0.04490138 -0.07110070
v 0.00594065 -0.05222698 -0.07310107
v 0.00597783 -0.04493111 -0.07307914
v 0.00595672 0.05225653 -0.07318287
v 0.00597781 0.04490168 -0.07309936
v 0.00597782 0.04492242 -0.07111026
v 0.00647720 0.05123140 -0.07039806
v -0.04772177 0.01182735 -0.07259173
v -0.04518753 0.01994919 -0.07313328
v -0.05498742 0.01935379 -0.08951575
v -0.03201945 -0.03529505 -0.07396428
v -0.03095170 -0.03491404 -0.07215099
v -0.02617675 -0.03064306 -0.06050223
v -0.02738428 -0.03565340 -0.06924611
v -0.03060509 0.03837297 -0.07693709
v -0.04268421 0.03105504 -0.08146396
v -0.03200556 0.03653712 -0.07578526
v -0.03206193 0.03535781 -0.07413929
v -0.02594907 0.03080390 -0.06047566
v -0.01969343 0.03907233 -0.06627704
v -0.02516421 0.03653077 -0.06825741
v -0.02078586 -0.03854727 -0.06665498
v -0.02003361 -0.03562821 -0.06112039
v -0.04243040 -0.03141441 -0.08166875
v -0.03053005 -0.03847227 -0.07698423
v -0.03209789 -0.03635875 -0.07560627
v -0.04804477 -0.00346285 -0.07083885
v -0.04806048 0.00274998 -0.07100318
v -0.04807778 0.00980308 -0.07242953
v -0.04928925 -0.01537628 -0.07669073
v -0.04669625 -0.01355962 -0.07177188
v -0.04797604 -0.01106814 -0.07273705
v -0.04406232 -0.02077911 -0.07216021
v -0.04414866 -0.01499151 -0.06872956
v -0.04038412 -0.01509985 -0.06396028
v -0.02603950 -0.02275579 -0.05165962
v -0.03056853 -0.01302445 -0.05167437
v -0.03701416 -0.01187638 -0.05864611
v -0.03703700 -0.00455932 -0.05707835
v -0.03213948 0.00146105 -0.05167520
v -0.03678967 0.00356938 -0.05684856
v -0.03667638 0.01094940 -0.05806733
v -0.03072941 0.01270154 -0.05167441
v -0.00945620 -0.03965721 -0.05168210
v -0.01150538 -0.03800915 -0.05166312
v -0.03087486 -0.02359246 -0.05795161
v -0.01782839 -0.03267662 -0.05168044
v -0.03067853 0.03489919 -0.07170831
v -0.01728984 0.03751038 -0.06104359
v -0.04386495 0.01502927 -0.06833085
v -0.03985033 0.01499095 -0.06325434
v -0.02772217 0.02055092 -0.05170256
v -0.03521521 0.02392375 -0.06357960
v -0.01779459 0.03277508 -0.05167036
v -0.02525097 0.02355836 -0.05164840
v -0.05674333 0.00683453 -0.08650067
v -0.04887171 0.02480821 -0.08381060
v -0.04023261 0.02718007 -0.07326970
v -0.04638859 0.01385586 -0.07143506
v -0.03869550 -0.02655849 -0.07054525
v -0.04698081 -0.02693948 -0.08310615
v -0.05301493 -0.02436924 -0.09025960
v -0.05636160 -0.00412427 -0.08513490
v -0.05536446 -0.01685459 -0.08846051
v -0.00945699 0.03958593 -0.05159420
v -0.01367408 -0.03961636 -0.06106228
v -0.01542097 -0.04142459 -0.06623398
v -0.01063278 -0.04417823 -0.06699936
v 0.00201757 -0.04680602 -0.06118012
v -0.00003861 -0.04567695 -0.05833085
v -0.00308857 -0.04387544 -0.05564890
v 0.00468621 -0.04953690 -0.06609837
v -0.00322355 -0.04950709 -0.07110002
v -0.00799296 -0.04110632 -0.05435164
v -0.01956964 -0.04857258 -0.08113715
v -0.00496716 -0.04989619 -0.07314882
v -0.01431726 -0.04644182 -0.07312515
v -0.02591942 -0.04224601 -0.07717624
v -0.00948340 -0.04530426 -0.06812461
v -0.01079709 -0.04652355 -0.07105583
v 0.01008728 0.05407827 -0.07887155
v -0.00211802 0.04972136 -0.07109904
v 0.00398723 0.04872436 -0.06465802
v -0.00915091 0.04539757 -0.06794253
v -0.01383526 0.04211484 -0.06589659
v -0.00751367 0.04260206 -0.06122540
v -0.00518333 0.04273942 -0.05483460
v -0.00180087 0.04467269 -0.05655884
v -0.00798181 0.04115044 -0.05436275
v -0.01125462 0.04625997 -0.07109550
v 0.00197747 0.04675107 -0.06102124
v -0.00446021 0.05008176 -0.07310969
v -0.01353747 0.05089489 -0.08131043
v -0.01469179 0.04609792 -0.07310105
v -0.02007451 0.04501577 -0.07571089
v 0.02440690 -0.04442473 -0.32843733
v 0.02071617 -0.04382711 -0.33790305
v 0.02570154 -0.04485160 -0.32263321
v -0.03152225 -0.04567705 -0.27487677
v -0.03016975 -0.04604689 -0.28565228
v -0.03517237 -0.04407155 -0.27508378
v -0.03821748 -0.04231246 -0.26971176
v -0.03914463 -0.04121605 -0.27141100
v -0.04166301 -0.03824876 -0.27115822
v -0.03885642 -0.04127454 -0.27296507
v 0.00342579 -0.04712643 -0.31699213
v -0.01601457 -0.04565492 -0.31592217
v -0.01897838 -0.04697911 -0.30674630
v -0.01223679 -0.04779325 -0.30887583
v -0.03775249 -0.04215916 -0.27434278
v -0.03459434 -0.04348704 -0.28427950
v -0.03568764 -0.04399363 -0.26918995
v -0.03919935 -0.04250483 -0.25839859
v -0.04413681 -0.03811042 -0.25465131
v -0.00218455 -0.04587100 -0.32633585
v -0.02602893 -0.04416231 -0.30371657
v -0.02441467 -0.04608424 -0.30218080
v -0.03757185 -0.03945403 -0.28411746
v -0.03282595 -0.04310628 -0.29115704
v -0.04478100 -0.03325555 -0.26770952
v -0.02972532 -0.04533108 -0.29279122
v -0.02200725 -0.04777500 -0.29498729
v -0.03152229 -0.04572816 -0.26919246
v -0.02868235 -0.04674826 -0.26661599
v -0.01409550 -0.04952375 -0.28095305
v -0.00488432 -0.05027197 -0.28031200
v -0.01394583 -0.05041557 -0.26428089
v -0.00594715 -0.05219512 -0.25751418
v -0.02205847 -0.04856399 -0.26737192
v 0.00484938 -0.05079496 -0.27110556
v 0.00114354 -0.05407654 -0.24499165
v -0.03497020 0.04296867 -0.28532657
v -0.03019667 0.04299600 -0.29747817
v -0.02939229 0.04516172 -0.29476506
v -0.04043921 0.03749427 -0.27803943
v -0.01287962 0.04784293 -0.30747265
v -0.01553165 0.04574492 -0.31625146
v -0.00919214 0.04597286 -0.32163101
v -0.02278509 0.04656203 -0.30302277
v -0.03600754 0.04356135 -0.27502719
v -0.03839517 0.04161319 -0.27376854
v -0.02269937 0.04487134 -0.30812034
v -0.03916533 0.04114710 -0.27175227
v -0.04505411 0.03517308 -0.26123413
v -0.02158613 0.04791461 -0.29478225
v -0.02984405 0.04611471 -0.28620461
v -0.03152055 0.04572906 -0.27495950
v -0.04013529 0.04187161 -0.25737014
v -0.03833691 0.04220895 -0.26978189
v -0.03588753 0.04388808 -0.26918110
v -0.04391725 0.03839745 -0.25415781
v 0.00210198 0.04709804 -0.31770769
v -0.00092750 0.04581139 -0.32696444
v 0.02487558 0.04469429 -0.32665446
v 0.02422331 0.04440289 -0.32925287
v 0.02075218 0.04383864 -0.33789426
v -0.03570011 0.04422396 -0.26267323
v -0.03152240 0.04559784 -0.26948279
v -0.02799749 0.04692074 -0.26657265
v -0.00818950 0.05058013 -0.27322567
v -0.00957929 0.05135194 -0.26113588
v -0.01874934 0.04934864 -0.26636183
v -0.00322979 0.05279296 -0.25375596
v 0.00223081 0.05456854 -0.24161971
v 0.00394784 0.05141639 -0.26463386
v -0.00683734 0.04922877 -0.29388016
v -0.03152215 -0.04566159 -0.27264610
v 0.02863061 -0.04551797 -0.27138782
v -0.03152215 -0.04508163 -0.27086580
v 0.02847874 -0.04517101 -0.27340022
v 0.02847785 -0.04379469 -0.27038947
v -0.03152215 -0.04316584 -0.27055508
v 0.02847785 -0.04243767 -0.27157769
v -0.03152215 -0.04239211 -0.27263498
v 0.02847785 -0.04281614 -0.27335259
v -0.03152215 -0.04380925 -0.27375811
v 0.02857242 0.04535589 -0.27109909
v 0.02849151 0.04526112 -0.27335456
v -0.03152215 0.04565386 -0.27204108
v -0.03152215 0.04469398 -0.27052197
v 0.02847785 0.04301542 -0.27060434
v -0.03152215 0.04278792 -0.27095249
v -0.03152215 0.04242442 -0.27272376
v 0.02847785 0.04262345 -0.27318975
v -0.03152215 0.04454906 -0.27381885
v 0.02547155 -0.04240167 -0.32165751
v 0.02660684 -0.04512390 -0.31618485
v 0.02731708 -0.04552432 -0.30901715
v 0.03015741 -0.04874777 -0.24789360
v 0.02840303 -0.04459153 -0.26890728
v 0.02920714 -0.04722618 -0.27333274
v 0.02936682 -0.04860445 -0.21063985
v 0.03042262 -0.04955605 -0.23589121
v 0.03047918 -0.05071169 -0.21865793
v 0.02994680 -0.05268072 -0.19540651
v 0.02944005 -0.05395621 -0.18152359
v 0.02504531 -0.05455122 -0.14198786
v 0.02825818 -0.05542193 -0.16402526
v 0.02760287 -0.05609115 -0.15613779
v 0.02696740 -0.05666659 -0.14948349
v 0.02627825 -0.05730498 -0.14331278
v 0.02387523 -0.05840746 -0.12639518
v 0.02720536 -0.04341890 -0.30354548
v -0.03739481 -0.03888872 -0.27123114
v -0.04150049 -0.03306744 -0.26741308
v -0.03769221 -0.03664998 -0.27662003
v -0.02072748 -0.04403044 -0.30348751
v -0.01477465 -0.04313820 -0.31514588
v -0.00739680 -0.04322560 -0.32149157
v -0.02318196 -0.04257836 -0.30385128
v -0.02849720 -0.04145418 -0.29519203
v -0.02690099 -0.04295965 -0.29537010
v -0.03348199 -0.04162429 -0.27412587
v -0.03488829 -0.04090714 -0.27172828
v -0.03104074 -0.04249252 -0.28415850
v -0.02981886 -0.04302776 -0.27509925
v -0.03313984 -0.03956708 -0.28665608
v -0.01274073 -0.04497121 -0.30622852
v -0.03300537 -0.04194694 -0.26978251
v 0.02034139 -0.04098085 -0.33650830
v 0.02532722 -0.04211876 -0.31950679
v -0.00102181 -0.04313284 -0.32633364
v 0.01189131 -0.04369500 -0.31604949
v -0.00258208 -0.04496177 -0.30954805
v -0.02234695 -0.04479183 -0.29311258
v 0.02327994 -0.05378059 -0.17327681
v 0.02483318 -0.04785501 -0.24022965
v 0.02374749 -0.04578199 -0.26888016
v 0.00221344 -0.04802695 -0.26894999
v 0.01094529 -0.04756838 -0.26841304
v 0.01423457 -0.05292576 -0.21391647
v -0.00094212 -0.04766621 -0.27600190
v 0.01465355 -0.04656988 -0.27569619
v 0.02782649 -0.04459465 -0.27583346
v -0.01234654 -0.04731734 -0.26864618
v -0.00399928 -0.04816622 -0.26858154
v -0.02232864 -0.04517082 -0.27559197
v -0.01219905 -0.04695758 -0.27576047
v 0.02450201 -0.05599697 -0.18085621
v 0.02350509 -0.05104358 -0.24234591
v 0.01172819 -0.05441414 -0.23217118
v 0.01379463 -0.05049456 -0.26590657
v 0.02900633 0.05472557 -0.17239076
v 0.02400052 0.05527731 -0.13247514
v 0.02456152 0.05820952 -0.13022649
v 0.02779054 0.05203195 -0.17403938
v 0.03028988 0.05204885 -0.20218398
v 0.02944939 0.04686455 -0.23366816
v 0.03036414 0.04910391 -0.24283524
v 0.03041665 0.04973325 -0.23429415
v 0.02679852 0.04300989 -0.31054676
v 0.02758239 0.04559748 -0.30747786
v 0.02840058 0.04458531 -0.26890823
v -0.02326970 0.04366805 -0.30035162
v -0.01727723 0.04494583 -0.30179772
v -0.01557745 0.04317180 -0.31352875
v -0.03625675 0.03767304 -0.28036430
v -0.04228143 0.03215252 -0.26546696
v -0.04013651 0.03589322 -0.26747289
v 0.00233472 0.04283160 -0.32805404
v 0.00470632 0.04406635 -0.31680366
v 0.02042489 0.04098393 -0.33688378
v -0.03290189 0.04200447 -0.26969332
v -0.03493343 0.04088276 -0.27187642
v -0.00912721 0.04446277 -0.31265110
v -0.03348749 0.04164300 -0.27416116
v -0.03383248 0.04113320 -0.27950662
v -0.02638217 0.04400882 -0.28914315
v -0.02928314 0.04224084 -0.29144692
v -0.02043766 0.04305026 -0.30695197
v -0.02706722 0.04201384 -0.29703894
v -0.01421643 0.04330127 -0.31602156
v 0.02161190 0.04861523 -0.24035358
v 0.02359514 0.04579126 -0.26890042
v 0.01817575 0.05706526 -0.13957259
v 0.00025000 0.04808083 -0.26894256
v 0.01076239 0.04754482 -0.26861092
v 0.01272179 0.05277936 -0.21869722
v 0.02771710 0.04458679 -0.27572155
v 0.02581926 0.04245072 -0.31404161
v 0.01197203 0.04682780 -0.27562606
v -0.00335480 0.04610652 -0.29531968
v 0.00019181 0.04760826 -0.27577123
v -0.02851818 0.04344966 -0.27519935
v -0.01718556 0.04617757 -0.27543581
v -0.00819096 0.04738890 -0.27580038
v -0.00814594 0.04780153 -0.26889127
v 0.02243716 0.05747693 -0.16928326
v 0.02346490 0.05017677 -0.25310192
v 0.01147803 0.05425633 -0.23422678
v 0.01335174 0.05046086 -0.26700091
v -0.01029993 -0.04297857 -0.05075765
v -0.02040322 -0.04286621 -0.03766732
v -0.01683720 -0.04275217 -0.03760076
v -0.01492065 0.03958673 -0.04979014
v -0.01846436 0.03943139 -0.04323387
v -0.02055335 0.03419409 -0.04589572
v -0.00910577 0.04311140 -0.05294182
v -0.02277285 0.03463053 -0.03910410
v -0.02247155 0.03732704 -0.03792174
v -0.01785840 -0.04071391 -0.04311384
v -0.02360131 -0.03411229 -0.03793160
v -0.02372388 -0.03283530 -0.03854385
v -0.00781134 -0.04408078 -0.05452818
v -0.01600656 -0.03848862 -0.05063299
v -0.01738500 -0.03828848 -0.04680199
v -0.02217191 0.03717305 -0.03750669
v -0.01683526 0.03713414 -0.03752708
v -0.01589943 0.03324191 -0.03931981
v -0.02252138 0.03426301 -0.03886813
v -0.01606282 -0.03811871 -0.03906361
v -0.00957809 -0.03809568 -0.05168439
v -0.00789129 0.04398594 -0.05450857
v -0.01386618 0.04013817 -0.04334948
v -0.01574511 0.04010841 -0.03979009
v -0.01683444 -0.03369816 -0.03752956
v -0.01421018 -0.02962411 -0.04246683
v -0.01621256 -0.03114254 -0.03871979
v -0.01529832 0.03783160 -0.04035043
v -0.01570271 -0.02591812 -0.03968936
v -0.01389526 0.03023572 -0.04308006
v -0.01545089 0.02607557 -0.04017248
v 0.01040940 -0.05433282 -0.07989735
v 0.01238567 -0.05810810 -0.08403058
v 0.00677073 -0.05446983 -0.07046078
v 0.00104535 -0.04951837 -0.06069898
v -0.00410089 -0.04625590 -0.05579101
v -0.00135581 0.04795728 -0.05803742
v -0.00452575 0.04602060 -0.05562484
v 0.00155906 0.04996704 -0.06147728
v 0.00956010 0.05651874 -0.07673469
v 0.00623474 0.05404104 -0.06943670
v -0.01938643 0.06166618 -0.10443169
v 0.00480340 0.05913683 -0.08731819
v -0.02226315 0.04258817 -0.06870820
v -0.02268219 0.03643257 -0.05940653
v -0.02453785 0.04065278 -0.06808294
v -0.03307408 0.03640606 -0.07123642
v -0.03477354 0.03655162 -0.07326135
v -0.02946217 0.03774038 -0.06913465
v -0.03357546 0.03937898 -0.07571572
v -0.03500888 0.03747982 -0.07474663
v -0.04385817 0.03929101 -0.08679552
v -0.01475269 0.03948923 -0.05350202
v -0.00208636 0.05055770 -0.06637687
v -0.02869989 0.05580730 -0.09346779
v -0.01329181 0.04692334 -0.06781751
v -0.03437279 0.04996401 -0.08893313
v -0.02611501 0.02910313 -0.05315109
v -0.04907513 0.03473997 -0.08778013
v -0.04166520 0.02413056 -0.06701121
v -0.05089490 0.02968206 -0.08510908
v -0.05842357 0.02653950 -0.09603082
v -0.05691464 0.02027101 -0.08710759
v -0.03082528 0.04144285 -0.07550963
v -0.02316324 0.04423326 -0.07190141
v -0.05566095 0.02915394 -0.09199522
v -0.02354992 0.02981821 -0.04915807
v -0.02588715 0.02451492 -0.04490070
v -0.02890365 0.02143988 -0.04939967
v -0.02097912 0.03315139 -0.04917169
v -0.04911609 0.02042382 -0.07436261
v -0.01343856 0.04165483 -0.05820446
v -0.02178613 0.04385420 -0.07011850
v -0.01109186 0.06434236 -0.11954106
v -0.03059587 0.00212834 -0.04509424
v -0.02831309 0.00924667 -0.04018926
v -0.02856393 -0.00211602 -0.03993987
v -0.02988778 -0.00826988 -0.04439094
v -0.03909142 -0.01327495 -0.05817336
v -0.03805056 -0.01112507 -0.05621269
v -0.03085082 -0.01420613 -0.04807948
v -0.04298010 -0.01572726 -0.06381629
v -0.04919844 -0.00683162 -0.06947467
v -0.04923937 -0.01186822 -0.07060710
v -0.05536034 -0.00733008 -0.07803024
v -0.05296976 -0.01928178 -0.07916818
v -0.05460504 0.01205451 -0.07820945
v -0.04904413 0.01286985 -0.07055796
v -0.04939854 0.00599521 -0.06938710
v -0.04361424 0.01567030 -0.06465618
v -0.03804765 0.01222325 -0.05640972
v -0.03049164 0.01607757 -0.04838160
v -0.03796704 0.00017398 -0.05453339
v -0.03095970 0.00953649 -0.04678110
v -0.04963894 -0.00191051 -0.06914376
v -0.05642329 0.00155981 -0.07900913
v -0.06254131 0.00479192 -0.09108374
v -0.06245387 -0.00315530 -0.09067742
v -0.06158904 -0.01259139 -0.09236290
v -0.05648994 -0.02835155 -0.09331957
v -0.05907905 -0.02582483 -0.09734615
v -0.04682458 -0.01516882 -0.06846834
v -0.04271790 -0.02358689 -0.06788404
v -0.02786636 -0.01252769 -0.03985720
v -0.02579302 -0.02376541 -0.03980816
v -0.02740913 -0.01905624 -0.04275256
v -0.02888233 -0.02002667 -0.04839599
v -0.02783081 0.01743722 -0.04291996
v -0.06223408 0.01545503 -0.09703868
v -0.06027927 0.01044664 -0.08831837
v -0.02691027 0.01912463 -0.04016700
v -0.01305195 -0.06391989 -0.11489617
v -0.02017936 -0.06124026 -0.10343368
v -0.04703226 -0.03647158 -0.08726953
v -0.03502021 -0.03667659 -0.07370119
v -0.03455661 -0.03834513 -0.07539184
v -0.02469181 -0.02985391 -0.05235761
v -0.02718083 -0.03886069 -0.06808767
v -0.03286692 -0.03644145 -0.07101689
v -0.01343436 -0.04249892 -0.06008401
v -0.02150787 -0.04390570 -0.06986009
v -0.02243442 -0.04241904 -0.06859430
v -0.05258463 -0.03182122 -0.08963948
v -0.02730539 -0.04347302 -0.07454830
v -0.03402776 -0.05037630 -0.08917403
v -0.04027155 -0.04308683 -0.08699021
v -0.03235007 -0.04039774 -0.07573370
v -0.01401567 -0.04535905 -0.06574307
v -0.00168305 -0.04977693 -0.06457887
v -0.02929925 -0.05518338 -0.09293877
v -0.02605803 -0.05778534 -0.09615680
v -0.01332996 -0.04052089 -0.05411327
v 0.00502701 -0.05852157 -0.08491918
v -0.02486079 -0.02673882 -0.04564492
v -0.02843543 -0.02420633 -0.05109426
v -0.02171733 -0.03220492 -0.04609395
v -0.02044752 -0.03441913 -0.05275807
v -0.05204015 -0.01122726 -0.23472506
v -0.05150668 -0.02175092 -0.23162743
v -0.05312219 -0.00418095 -0.23077746
v -0.05328020 0.00001913 -0.23016012
v -0.01328463 -0.05217305 -0.14081737
v -0.00780735 -0.05389535 -0.15840015
v -0.01160768 -0.05017507 -0.13810502
v -0.02048454 -0.04918662 -0.12574795
v -0.02023618 -0.04651197 -0.12163070
v -0.02948527 -0.04448951 -0.11431158
v -0.02821748 -0.04187126 -0.11281449
v -0.03225921 -0.03878149 -0.11041590
v -0.03508395 -0.04021266 -0.11091375
v -0.03801306 -0.03405906 -0.10934318
v -0.04016535 -0.03613737 -0.11003938
v -0.04654883 -0.02783315 -0.11322433
v -0.04822018 -0.03026170 -0.11389659
v -0.05292262 -0.02654066 -0.12115152
v -0.05070377 -0.02455574 -0.11952608
v -0.05348654 -0.02165752 -0.12874730
v -0.05601672 -0.02308636 -0.13370939
v -0.02059413 -0.04649935 -0.25451174
v -0.02895846 -0.04473497 -0.25078604
v -0.05695102 -0.02203385 -0.15129937
v -0.05555964 -0.02419383 -0.17179440
v -0.04910242 -0.03212716 -0.20629989
v -0.04197833 -0.03852617 -0.23011456
v -0.03555794 -0.04224496 -0.24291676
v -0.01477693 -0.04740100 -0.25401503
v -0.00957751 -0.04810162 -0.25104433
v -0.00566019 -0.04868032 -0.24615057
v -0.00208857 -0.04961384 -0.23731124
v -0.00032937 -0.05111915 -0.22144094
v -0.00179852 -0.05356215 -0.19062324
v 0.02061046 -0.04163759 -0.33768570
v 0.02313994 -0.04164780 -0.33089814
v 0.01622233 -0.05649820 -0.09792928
v 0.01909234 -0.05934533 -0.10528295
v 0.02012047 -0.05628785 -0.11297556
v -0.05587324 -0.00365776 -0.23129192
v -0.05299684 -0.00774254 -0.23259966
v -0.05441064 -0.01340905 -0.23731679
v -0.05091401 -0.01658116 -0.24013558
v -0.05120378 -0.02285637 -0.24854130
v -0.04814564 -0.02292507 -0.24858312
v -0.04502779 -0.02841233 -0.25820860
v -0.04003234 -0.03486546 -0.27271903
v -0.00920375 -0.04350599 -0.32078531
v 0.01482089 -0.04200817 -0.33433720
v -0.05670043 -0.02370780 -0.09808715
v -0.05207914 -0.02805410 -0.09159302
v -0.04540121 -0.03374979 -0.08777972
v -0.02819361 -0.05177561 -0.09242336
v -0.03527768 -0.04386665 -0.08804672
v -0.02096377 -0.05703234 -0.10003990
v -0.01486827 -0.05980301 -0.10915256
v -0.00682372 -0.06161473 -0.12590563
v 0.00644892 -0.05701178 -0.09319048
v 0.01482376 -0.05793044 -0.12417392
v 0.01557569 -0.05726083 -0.15432286
v -0.04522498 -0.03189594 -0.24888371
v -0.04139987 -0.03658671 -0.25493634
v -0.00464525 -0.06489774 -0.13593586
v -0.06440549 -0.01575546 -0.14543630
v -0.06223655 -0.02148250 -0.10836264
v 0.01090993 -0.06121276 -0.10775933
v 0.01721968 -0.06039669 -0.14352283
v 0.00541403 -0.06156969 -0.18546139
v 0.01362507 -0.05730719 -0.20370337
v 0.00613948 -0.05711005 -0.22259647
v 0.00088041 -0.06416320 -0.15618716
v -0.04367862 -0.03990319 -0.25129777
v -0.05087411 -0.03406532 -0.23279679
v -0.05620168 -0.02833603 -0.21260820
v -0.06170639 -0.02068094 -0.18152893
v -0.04933004 -0.03190012 -0.24423434
v -0.05337478 -0.02497220 -0.23463434
v -0.06150389 -0.01443807 -0.20016223
v -0.06498752 -0.00981451 -0.18138491
v -0.06514312 -0.00354418 -0.18815675
v -0.06064783 0.00041796 -0.21164484
v -0.06840828 -0.00378360 -0.16046986
v -0.06853701 0.00042384 -0.16397186
v -0.06983941 -0.00255366 -0.13418302
v -0.06736468 -0.00864918 -0.15451041
v -0.06755016 -0.00790487 -0.11197928
v -0.06737962 -0.01036915 -0.12781139
v -0.06683490 -0.00116847 -0.10306591
v -0.06917281 0.00104247 -0.11620367
v -0.06410612 -0.00101970 -0.10383835
v -0.06016168 -0.00140486 -0.09259240
v -0.06108386 -0.01087804 -0.09917013
v -0.05312192 0.00395116 -0.23069938
v -0.05227259 0.01025128 -0.23357865
v -0.01223907 0.05260454 -0.14344524
v -0.01062807 0.05057232 -0.14082500
v -0.01724323 0.04786704 -0.12651405
v -0.01957072 0.04953334 -0.12735108
v -0.02628170 0.04628802 -0.11762318
v -0.02407349 0.04447660 -0.11678355
v -0.03337837 0.04156825 -0.11152598
v -0.03051273 0.04018719 -0.11113586
v -0.04557145 0.03216233 -0.11184363
v -0.04275639 0.03052624 -0.11086713
v -0.03721941 0.03468255 -0.10938694
v -0.03870716 0.03729307 -0.11015501
v -0.05107137 0.02815656 -0.11757720
v -0.05063332 0.02463754 -0.11937167
v -0.04707437 0.02745130 -0.11387684
v -0.05397733 0.02549067 -0.12413153
v -0.05624112 0.02279207 -0.13573697
v -0.05340198 0.02178724 -0.12826759
v -0.05690073 0.02216463 -0.15661894
v -0.05276871 0.02785474 -0.18921755
v -0.04312866 0.03777255 -0.22750770
v -0.03530808 0.04236436 -0.24330045
v -0.02874730 0.04478750 -0.25093541
v -0.02147338 0.04634397 -0.25429878
v -0.01552700 0.04727317 -0.25425345
v -0.01039782 0.04794888 -0.25172696
v -0.00605067 0.04858843 -0.24695817
v -0.00151852 0.04983228 -0.23518984
v -0.00030185 0.05187486 -0.21264340
v -0.00287604 0.05385487 -0.18381791
v -0.00721265 0.05395805 -0.16097771
v 0.02415758 0.04195661 -0.32779443
v 0.02059152 0.04142174 -0.33761871
v 0.01324794 0.05564272 -0.08818787
v 0.01378435 0.05862622 -0.08807547
v 0.01798461 0.05932508 -0.10140745
v 0.01716489 0.05641376 -0.10136496
v -0.05118077 0.02278217 -0.24846134
v -0.05479942 0.01164192 -0.23568855
v -0.05090814 0.01659287 -0.24014410
v -0.05303406 0.00882613 -0.23325661
v -0.05583460 0.00341450 -0.23144084
v -0.04092370 0.03402750 -0.27079156
v -0.04539872 0.02787384 -0.25725892
v -0.04754641 0.02945606 -0.25990757
v -0.04851229 0.02277603 -0.24862619
v 0.01489020 0.04190850 -0.33432713
v -0.00812521 0.04359795 -0.32177651
v -0.02413011 0.04265427 -0.30321038
v -0.03043005 0.04092149 -0.29234591
v -0.00946833 0.06130746 -0.11869764
v -0.01331297 0.06034121 -0.11178930
v -0.02315045 0.05573216 -0.09734356
v -0.03161022 0.04808097 -0.08955457
v -0.05022705 0.02966125 -0.08981517
v -0.05627862 0.02418743 -0.09715157
v -0.04160004 0.03712210 -0.08735733
v 0.01111155 0.05839546 -0.11428082
v 0.01686005 0.05514203 -0.18231763
v -0.04502695 0.03219274 -0.24924470
v -0.05022364 0.02481399 -0.23483261
v -0.05735241 0.01650807 -0.20362373
v -0.06217337 0.02155545 -0.10894472
v -0.06405237 0.01677017 -0.13351516
v -0.00418079 0.06488954 -0.13736333
v 0.01703663 0.06048148 -0.13669057
v 0.01031531 0.06139383 -0.10904796
v 0.00588966 0.06097202 -0.19068150
v 0.00577453 0.05685224 -0.22471476
v 0.00074251 0.06418404 -0.15570569
v -0.04576851 0.03838053 -0.24676204
v -0.05307923 0.03196986 -0.22567016
v -0.06087463 0.02199465 -0.18752052
v -0.06384490 0.01693028 -0.16100226
v -0.04998943 0.03113540 -0.24250787
v -0.05734053 0.02120537 -0.21734612
v -0.06516413 0.00749295 -0.18404882
v -0.06410689 0.00432449 -0.19421628
v -0.06629273 0.00851878 -0.10531376
v -0.06827213 0.00844507 -0.12564425
v -0.06779494 0.00583254 -0.16250272
v -0.06971206 0.00305226 -0.13009787
v -0.06207843 0.00669516 -0.09928957
v -0.02419094 0.04312322 -0.07675499
v -0.02394815 0.03021793 -0.04013337
v -0.02352479 0.03088809 -0.03979626
v -0.02374004 -0.03104746 -0.03878769
v -0.02338149 -0.03369971 -0.03752689
v -0.02425246 -0.02997747 -0.03954732
v -0.02266423 0.02525669 -0.04791236
v -0.02546004 0.01916707 -0.04770993
v -0.02220552 0.02576449 -0.04310473
v -0.01587261 0.03461019 -0.04907052
v -0.01865814 0.03289819 -0.04256970
v -0.01427877 -0.03791657 -0.04527705
v -0.01562014 -0.03467145 -0.04919645
v -0.01738648 0.03745085 -0.04036828
v -0.01408141 0.03761078 -0.04583752
v -0.02599040 0.01055383 -0.04301449
v -0.02599245 -0.01151020 -0.04280927
v -0.02090625 -0.02853760 -0.04248193
v -0.01789308 -0.03768810 -0.03902639
v -0.02067425 -0.02839478 -0.04667526
v -0.02509742 -0.01992470 -0.04756293
v -0.02295845 -0.02502235 -0.04856203
v -0.02824159 0.00419737 -0.04702533
v -0.02711470 -0.01145267 -0.04645825
v -0.02729375 0.01265911 -0.04730263
v -0.02018150 0.04277159 -0.03757012
v 0.02847785 0.04347906 -0.26914552
v -0.02757626 0.04344889 -0.26908597
v 0.02847785 0.04400001 -0.26909998
v 0.02847785 0.04250000 -0.26950189
v 0.02847785 0.04297394 -0.26928088
v 0.02847785 0.04207163 -0.26980183
v 0.02847785 0.04170186 -0.27017161
v 0.02847785 0.04140193 -0.27059993
v 0.02847785 0.04118092 -0.27107391
v 0.02847785 0.04104558 -0.27157900
v 0.02847785 0.04100000 -0.27209994
v 0.02847785 0.04104558 -0.27262089
v 0.02847785 0.04140193 -0.27359995
v 0.02847785 0.04118092 -0.27312604
v 0.02847785 0.04170186 -0.27402833
v 0.02847785 0.04207163 -0.27439806
v 0.02847785 0.04250000 -0.27469805
v 0.02847785 0.04297394 -0.27491900
v 0.02847785 0.04347906 -0.27505437
v 0.02838278 0.04395902 -0.27512279
v 0.02842396 0.04501069 -0.27569693
v -0.00353554 0.04697969 -0.27512658
v 0.02767393 -0.04410213 -0.27516809
v 0.02847786 -0.04269539 -0.27492437
v 0.02847786 -0.04077861 -0.27204373
v 0.02847792 -0.04289792 -0.26921189
v -0.02667686 -0.04368701 -0.26910701
v 0.02843869 -0.04493627 -0.27549073
v -0.00313437 -0.04714288 -0.27513745
v -0.03152343 0.04527027 -0.27466354
v -0.03152207 0.04316841 -0.26927787
v -0.03152207 0.04097844 -0.27206820
v -0.03152173 0.04321133 -0.27496409
v -0.03154894 -0.04503759 -0.27472091
v -0.03152212 -0.04141156 -0.27363750
v -0.03154087 -0.04533255 -0.26948643
v -0.03152208 -0.04166497 -0.27033842
v 0.02048271 -0.04118271 -0.33735123
v -0.01010168 0.04497736 -0.07109866
v 0.00797785 0.03913175 -0.07702402
v 0.00797785 0.04000000 -0.07709996
v -0.02716786 0.04090641 -0.07711796
v 0.00797785 0.03828990 -0.07679842
v 0.00797785 0.04086825 -0.07702402
v 0.00797785 0.04171010 -0.07679842
v 0.00797785 0.04250000 -0.07643006
v -0.02142991 0.04332284 -0.07591233
v 0.00797785 0.04321394 -0.07593016
v 0.00797785 0.04433013 -0.07459996
v -0.01415518 0.04507782 -0.07314196
v 0.00797785 0.04383022 -0.07531390
v 0.00797785 0.04469847 -0.07381008
v 0.00797785 0.04492404 -0.07296822
v 0.00797785 0.04499999 -0.07209996
v 0.00797785 0.04492404 -0.07123173
v -0.00888515 0.04451013 -0.06969316
v 0.00797785 0.04469847 -0.07038987
v 0.00797785 0.04433013 -0.06959996
v 0.00797785 0.04383022 -0.06888602
v 0.00797785 0.04321394 -0.06826974
v -0.00959702 0.04376266 -0.06856072
v 0.00797785 0.04250000 -0.06776983
v 0.00797785 0.04171010 -0.06740151
v -0.01251187 0.04176574 -0.06734763
v 0.00797785 0.04086825 -0.06717593
v 0.00797785 0.04000000 -0.06709997
v 0.00797785 0.03913175 -0.06717593
v -0.01842079 0.03917003 -0.06707010
v 0.00797785 0.03828990 -0.06740151
v 0.00797785 0.03750000 -0.06776983
v 0.00797785 0.03616977 -0.06888602
v 0.00797785 0.03678606 -0.06826974
v 0.00797785 0.03566987 -0.06959996
v -0.02771251 0.03548716 -0.06975389
v 0.00797785 0.03530154 -0.07038987
v 0.00797785 0.03507597 -0.07123173
v 0.00797785 0.03500000 -0.07209996
v 0.00797785 0.03507597 -0.07296822
v 0.00797785 0.03530154 -0.07381008
v 0.00797785 0.03566987 -0.07459996
v 0.00797785 0.03616977 -0.07531390
v 0.00797785 0.03678606 -0.07593016
v 0.00797785 0.03750000 -0.07643006
v -0.02716564 -0.04074896 -0.07709484
v 0.00797785 -0.04086824 -0.07702402
v 0.00797785 -0.04000000 -0.07709996
v 0.00797785 -0.04469846 -0.07038987
v 0.00797785 -0.04492404 -0.07123173
v 0.00797785 -0.04500000 -0.07209996
v 0.00797785 -0.04492404 -0.07296822
v 0.00797785 -0.04469846 -0.07381008
v -0.01440592 -0.04509217 -0.07310557
v 0.00797785 -0.04433013 -0.07459996
v 0.00797785 -0.04383022 -0.07531390
v -0.02116583 -0.04362365 -0.07578761
v 0.00797785 -0.04321393 -0.07593016
v 0.00797785 -0.04250000 -0.07643006
v 0.00797785 -0.04171010 -0.07679842
v 0.00797785 -0.03913176 -0.07702402
v 0.00797785 -0.03828990 -0.07679842
v 0.00797785 -0.03750000 -0.07643006
v 0.00797785 -0.03678606 -0.07593016
v 0.00797785 -0.03616977 -0.07531390
v 0.00797785 -0.03566987 -0.07459996
v 0.00797785 -0.03530154 -0.07381008
v 0.00797785 -0.03500000 -0.07209996
v 0.00797785 -0.03507596 -0.07296822
v 0.00797785 -0.03507596 -0.07123173
v 0.00797785 -0.03530154 -0.07038987
v 0.00797785 -0.03566987 -0.06959996
v 0.00797785 -0.03616977 -0.06888602
v 0.00797785 -0.03750000 -0.06776983
v -0.02050179 -0.03817539 -0.06739609
v 0.00797785 -0.03678606 -0.06826974
v 0.00797785 -0.03828990 -0.06740151
v 0.00797785 -0.03913176 -0.06717593
v -0.01738137 -0.03984626 -0.06698427
v 0.00797785 -0.04000000 -0.06709997
v 0.00797785 -0.04086824 -0.06717593
v -0.01275444 -0.04180939 -0.06734589
v 0.00797785 -0.04171010 -0.06740151
v 0.00797785 -0.04250000 -0.06776983
v 0.00797785 -0.04321393 -0.06826974
v -0.01007478 -0.04344423 -0.06828268
v 0.00797785 -0.04383022 -0.06888602
v -0.00865847 -0.04446428 -0.06968662
v -0.01040844 -0.04510547 -0.07102542
v 0.00797785 -0.04433013 -0.06959996
v 0.00797785 0.03799003 -0.07297118
v 0.00797785 0.03844621 -0.07045585
v 0.00797785 0.04097975 -0.07014059
v 0.00797785 0.04224709 -0.07236069
v 0.00797785 0.04013346 -0.07435818
v 0.00797785 -0.04227673 -0.07285519
v 0.00797785 -0.04013769 -0.06975382
v 0.00797785 -0.03774179 -0.07196648
v 0.00797785 -0.03929792 -0.07421035
v 0.00297785 -0.03911507 -0.07432948
v 0.00297785 -0.04184317 -0.07323016
v 0.00297785 -0.04195638 -0.07104202
v 0.00297785 -0.04005724 -0.06993863
v 0.00297785 -0.03797759 -0.07108645
v 0.00297785 0.04006201 -0.07432321
v 0.00297785 0.03760228 -0.07216898
v 0.00297785 0.04033539 -0.06982012
v 0.00297785 0.04227985 -0.07243539
v 0.00297786 0.03702942 -0.07446615
v 0.00297784 0.04131661 -0.07569703
v 0.00297785 0.04384922 -0.07140902
v 0.00297792 0.03989903 -0.06819795
v 0.00297783 0.03655803 -0.07073475
v -0.02505277 0.04000804 -0.06836876
v -0.02212233 0.04211060 -0.06907304
v -0.02138810 0.04305681 -0.07012710
v -0.02224665 0.04361559 -0.07143991
v -0.02482666 0.04355091 -0.07313740
v -0.02747568 0.04286351 -0.07444171
v 0.00297781 -0.04334965 -0.07047207
v 0.00297784 -0.04286955 -0.07469112
v 0.00297785 -0.03853684 -0.07556551
v 0.00297786 -0.03635610 -0.07287019
v 0.00297783 -0.03759285 -0.06915351
v 0.00297785 -0.04098415 -0.06856898
v -0.02237062 -0.04368074 -0.07122743
v -0.02397569 -0.04356827 -0.07284064
v -0.02917060 -0.04208640 -0.07510103
v -0.02479610 -0.04377137 -0.07309042
v -0.02147926 -0.04315562 -0.07024717
v -0.02209262 -0.04214513 -0.06908703
v -0.02508228 -0.04004543 -0.06836800
v -0.02888776 -0.03790669 -0.06910142
v -0.00942002 -0.04552773 -0.06896555
v -0.00929186 -0.04469832 -0.06926812
v -0.00940917 0.04550623 -0.06926841
v -0.01279682 0.04256704 -0.06696197
v -0.00935721 0.04480663 -0.06923810
v -0.00987674 0.04456819 -0.06809947
v -0.00940859 0.04603182 -0.06946090
v -0.04728234 -0.01272713 -0.07081630
v -0.04809927 -0.01092991 -0.07085556
v -0.04555737 -0.01447253 -0.06815453
v -0.04329082 -0.01513302 -0.06532577
v -0.04175657 -0.01490873 -0.06458836
v -0.04036919 -0.01434474 -0.06053917
v -0.03892608 -0.01316810 -0.06003306
v -0.03800476 -0.01056197 -0.05724489
v -0.03789062 0.01076405 -0.05777183
v -0.03805870 0.01087068 -0.05629013
v -0.03792576 0.00167015 -0.05614419
v -0.03888392 0.01294947 -0.05797194
v -0.03835929 0.01237330 -0.05936396
v -0.03962527 0.01380348 -0.06140286
v -0.04164170 0.01482876 -0.06422295
v -0.04067764 0.01459280 -0.06079714
v -0.04447982 0.01483512 -0.06729146
v -0.04664878 0.01358627 -0.06993331
v -0.04797287 0.01140224 -0.07109678
v -0.04811174 -0.00238822 -0.06927966
v -0.03735805 -0.01058652 -0.05799061
v -0.04711788 -0.01386224 -0.06926421
v -0.04807876 -0.01259752 -0.07021772
v -0.04855981 0.00083572 -0.06898045
v -0.04906830 0.01123230 -0.07049747
v -0.04820563 0.01188261 -0.07053286
v -0.04666305 0.01455342 -0.06864224
v -0.04834412 0.01181875 -0.19677000
v -0.05223779 0.01087902 -0.19677000
v -0.05567302 0.01479414 -0.19667771
v -0.03720740 -0.01486510 -0.19680777
v -0.04386678 -0.00925782 -0.19677000
v -0.03701195 0.01469388 -0.19683123
v -0.04373015 0.00901330 -0.19677000
v -0.05456506 0.00778576 -0.19677000
v -0.05785537 -0.00000050 -0.19676876
v -0.05022422 -0.01196552 -0.19677000
v -0.05453698 -0.00804061 -0.19677000
v -0.05539323 -0.01499761 -0.19677030
v -0.05533502 -0.01491429 -0.20081054
v -0.03704336 -0.01479480 -0.20071249
v -0.05665339 0.00484208 -0.20076963
v -0.05426985 0.00901329 -0.20076995
v -0.05538727 0.01484647 -0.20091337
v -0.04811006 0.01202446 -0.20076995
v -0.03720741 0.01486512 -0.20073217
v -0.04354611 0.00827409 -0.20076995
v -0.04346302 -0.00804062 -0.20076995
v -0.04639353 -0.01124351 -0.20076995
v -0.05138543 -0.01150353 -0.20076995
v -0.05456506 -0.00778576 -0.20076995
v -0.03704488 0.01479546 -0.15082301
v -0.04373015 0.00901330 -0.15076998
v -0.04834412 0.01181875 -0.15076998
v -0.05453698 -0.00804061 -0.15076998
v -0.05022422 -0.01196552 -0.15076998
v -0.05852106 -0.01487582 -0.15067445
v -0.03717969 -0.01479452 -0.15081108
v -0.04386678 -0.00925782 -0.15076998
v -0.05859677 0.01485976 -0.15074405
v -0.05223779 0.01087902 -0.15076998
v -0.05456506 0.00778576 -0.15076998
v -0.06351807 -0.00156353 -0.15077241
v -0.03704488 -0.01479545 -0.15471689
v -0.05875157 -0.01487949 -0.15485261
v -0.06347946 -0.00013753 -0.15475929
v -0.05426985 0.00901329 -0.15476993
v -0.05885369 0.01489283 -0.15485203
v -0.04811006 0.01202446 -0.15476993
v -0.03717968 0.01479452 -0.15472883
v -0.04354611 0.00827409 -0.15476993
v -0.04346302 -0.00804062 -0.15476993
v -0.04639353 -0.01124351 -0.15476993
v -0.05138543 -0.01150353 -0.15476993
v -0.05456506 -0.00778576 -0.15476993
v -0.02174697 -0.04347989 -0.06996937
v -0.02176373 0.04321798 -0.06970777
v 0.02826185 -0.04599994 0.01545096
v 0.02961074 -0.04593685 0.01407604
v 0.02780967 -0.04594725 0.01432474
v 0.03051185 -0.04599994 0.01675000
v 0.03164230 -0.04595463 0.01630571
v 0.02826185 -0.04599994 0.01804904
v 0.02653757 -0.04594351 0.01781110
v 0.02845617 -0.04595601 0.01938571
v 0.03091772 -0.04595075 0.01862540
v 0.02630891 -0.04591143 0.01655577
v 0.02731840 -0.04299994 0.01686113
v 0.02723546 -0.04299992 0.01448111
v 0.02925141 -0.04299994 0.01512154
v 0.03034020 -0.04300002 0.01414965
v 0.02964395 -0.04299994 0.01834252
v 0.02757561 -0.04299993 0.01920837
v 0.02618062 -0.04299993 0.01705029
v 0.03014062 -0.04299993 0.01936392
v 0.03052093 -0.04299994 0.01617912
v 0.03189982 -0.04299995 0.01705533
v 0.02723565 -0.04577898 0.01885853
v 0.02672504 -0.04583814 0.01522733
v 0.03122727 -0.04582293 0.01510071
v 0.03166181 -0.04578888 0.01755398
v 0.02987383 -0.04580072 0.01938298
v 0.02856533 -0.03501096 0.01831667
v 0.03031003 -0.03504091 0.01752972
v 0.03035403 -0.03502829 0.01595994
v 0.02860553 -0.03504267 0.01522273
v 0.02748648 -0.03503958 0.01659103
v 0.02965208 -0.04469160 0.01553624
v 0.02745086 -0.04469967 0.01675000
v 0.03000994 -0.04468469 0.01782522
v 0.02901185 -0.04397825 0.01675000
v 0.05580229 0.01010363 -0.16759995
v 0.05598180 0.01577905 -0.15776983
v 0.05580073 -0.01010363 -0.16759996
v 0.05598180 -0.01577906 -0.15776983
v 0.05527091 -0.01487101 -0.20058750
v 0.05138701 -0.01539552 -0.19715059
v 0.05284528 -0.01686870 -0.19679205
v 0.05054581 -0.02222798 -0.18709998
v 0.05315358 -0.02214225 -0.18709947
v 0.05316576 0.01207857 -0.20588925
v 0.05556494 0.01206764 -0.20574084
v 0.05293056 0.01462429 -0.20076993
v 0.05514561 0.01484710 -0.20064254
v 0.05341095 0.01473280 -0.19672281
v 0.05189349 0.01996348 -0.18681020
v 0.05491251 0.02005163 -0.18699980
v 0.05530511 0.01587063 -0.19464760
v 0.05479408 -0.01999680 -0.18684845
v 0.05211727 -0.01995957 -0.18694204
v 0.05527100 -0.01588578 -0.19462608
v 0.05333422 -0.01472255 -0.19671902
v 0.05270715 -0.01609821 -0.21298286
v 0.05263118 -0.01601484 -0.21683845
v 0.05282448 -0.01104182 -0.20672497
v 0.05286330 -0.01010364 -0.20459995
v 0.05297547 -0.01290152 -0.20075384
v 0.05285025 0.00960326 -0.20533329
v 0.05297586 0.01232346 -0.20075504
v 0.05096007 0.01992001 -0.22375809
v 0.05576426 0.01010363 -0.16959998
v 0.05576748 -0.01010358 -0.16959998
v 0.03709761 0.04426416 -0.00716237
v 0.03238672 0.04726474 -0.05136915
v 0.03118997 0.04740725 -0.02130984
v 0.03212518 0.04723148 -0.04497329
v 0.03087538 0.04742084 -0.04212033
v 0.02806468 0.04757107 -0.04086705
v 0.01967520 0.04780159 -0.03215933
v 0.02518159 0.04766558 -0.04205627
v 0.02380076 0.04770306 -0.04583792
v 0.02715499 0.04760380 -0.04908719
v 0.00263668 0.04812315 -0.05136969
v 0.03068034 0.04743449 -0.04810505
v 0.00866447 0.04789563 -0.03661542
v 0.00109784 0.04752231 -0.03749453
v 0.01997786 0.04492601 -0.07309352
v 0.01994788 0.05254797 -0.07310744
v 0.01997786 0.04490158 -0.07110016
v 0.01994195 0.05223375 -0.07105942
v 0.01981409 -0.05262821 -0.07309822
v 0.01997786 -0.04490163 -0.07309952
v 0.01997785 -0.04492613 -0.07110743
v 0.01986297 -0.05228817 -0.07104476
v 0.03765830 0.04485263 -0.07592562
v 0.02887496 0.04969192 -0.07310117
v 0.03507914 0.04644541 -0.07311600
v 0.01563784 0.05228953 -0.06870633
v 0.03582526 0.04585130 -0.06959874
v 0.03502053 0.04629935 -0.07108705
v 0.02844680 0.04974686 -0.07108942
v 0.04018042 0.04301783 -0.06688765
v 0.04218730 0.04165942 -0.05836628
v 0.04597002 0.03769345 -0.06708667
v 0.04101079 0.04230766 -0.07752574
v 0.04263467 0.04054575 -0.12166426
v 0.03219860 0.05129240 -0.14533892
v 0.02664701 0.05480137 -0.12117525
v 0.02669814 0.05342253 -0.10122168
v 0.02197189 0.05298670 -0.07943063
v 0.01832902 0.05731325 -0.10242388
v 0.04450498 0.03902262 -0.07767987
v 0.05397359 0.02052654 -0.00104839
v 0.04688189 0.03254437 0.00394562
v 0.04688920 0.03492352 0.00462947
v 0.05516645 0.02093542 -0.00137284
v 0.05516389 -0.02095529 -0.00136862
v 0.04894983 -0.03143119 0.00296369
v 0.04897086 -0.02902952 0.00222341
v 0.05396802 -0.02056409 -0.00102088
v 0.05385605 -0.02134890 -0.05136677
v 0.05392376 0.02070687 -0.05136638
v 0.04303660 0.03843776 -0.05136665
v 0.04152526 0.04111071 0.01010460
v 0.04028856 0.04102860 0.01071137
v 0.00310836 0.04950229 -0.03747151
v 0.00542261 0.04973135 -0.03742142
v 0.01368671 0.04970240 -0.03513092
v 0.02018984 0.04942811 -0.03178307
v 0.02625055 0.04916967 -0.02689590
v 0.03113374 0.04882784 -0.02113453
v 0.03541005 0.04813712 -0.01275838
v 0.03722709 0.04764593 -0.00523565
v 0.03760210 0.04746531 0.00086715
v 0.03709017 0.04738909 0.00650318
v 0.03694587 0.04421173 0.00733042
v -0.00614162 0.04300274 -0.05136778
v -0.00597531 0.04310513 -0.03757938
v 0.03832765 0.04296867 0.00031173
v 0.03809779 0.04311401 0.00960520
v 0.03901048 0.04521711 0.00937696
v 0.03775207 0.04752773 0.00619915
v 0.04051497 0.04361605 0.00990272
v 0.04186397 0.04406876 -0.00136884
v 0.04184448 0.04233323 0.00953265
v 0.03824842 0.04763649 -0.00214980
v 0.04479166 0.04203925 -0.01622472
v 0.04585974 0.03766090 0.00532157
v 0.04282027 0.04390040 -0.01914101
v 0.03589912 0.04835398 -0.01295968
v 0.04039479 0.04544434 -0.02598462
v 0.04684846 0.03882152 -0.00888867
v 0.05594023 0.02122435 -0.00296406
v -0.00598019 -0.04310386 -0.03757973
v -0.00612382 -0.04300171 -0.05136770
v 0.00267154 -0.04813556 -0.05137048
v 0.00157925 -0.04759588 -0.03748333
v 0.00891330 -0.04789271 -0.03651746
v 0.01983081 -0.04779431 -0.03205273
v 0.03218884 -0.04723161 -0.04442888
v 0.03033241 -0.04745779 -0.04845909
v 0.03274646 -0.04720733 -0.05136959
v 0.02647391 -0.04762714 -0.04881926
v 0.02382919 -0.04770217 -0.04572303
v 0.02576999 -0.04765095 -0.04141264
v 0.02980475 -0.04750370 -0.02302036
v 0.02974836 -0.04748825 -0.04128416
v 0.03532390 -0.04588969 -0.01304745
v 0.03760100 -0.04359612 -0.00096490
v 0.03691834 -0.04423705 0.00717841
v 0.03714188 -0.04745961 0.00626772
v 0.03759285 -0.04746068 -0.00029917
v 0.03677932 -0.04776943 -0.00811731
v 0.03395657 -0.04844837 -0.01612346
v 0.02917322 -0.04891611 -0.02379507
v 0.02345952 -0.04931002 -0.02936978
v 0.01825678 -0.04943244 -0.03286244
v 0.01042932 -0.04954372 -0.03617990
v 0.00218466 -0.04971841 -0.03761453
v 0.04033058 -0.04380004 0.00987469
v 0.04163242 -0.04252744 0.00967901
v 0.04426220 -0.04004771 0.00679190
v 0.03780107 -0.04738475 0.00680862
v 0.03818570 -0.04757570 0.00174997
v 0.04312129 -0.04363020 -0.01687114
v 0.03766774 -0.04789764 -0.00683303
v 0.04080615 -0.04523791 -0.02321637
v 0.03460339 -0.04861399 -0.01615528
v 0.04525212 -0.04175316 -0.01905813
v 0.04960288 -0.03529895 -0.01484625
v 0.04164465 -0.04125119 0.00999323
v 0.05591271 -0.02121042 -0.00283758
v 0.04358093 -0.03744625 0.00721999
v 0.04029042 -0.04098972 0.01071866
v 0.02123741 -0.04958383 -0.03177993
v 0.01685606 -0.04972014 -0.03747782
v 0.00785311 -0.04976819 -0.03713677
v 0.03317953 -0.04824144 -0.03579912
v 0.03379102 -0.04802924 -0.02479273
v 0.03011055 -0.04919475 -0.02329378
v 0.02726448 -0.04976529 -0.04207281
v 0.02506460 -0.05025772 -0.04473797
v 0.03052284 0.04862804 -0.03069676
v 0.03173465 0.04900498 -0.02118627
v 0.02426214 0.04950158 -0.02951385
v 0.02516986 0.05028850 -0.04445032
v 0.00557622 0.05049453 -0.04701017
v 0.03652180 0.04707852 -0.03121924
v 0.02945865 0.04940705 -0.04241997
v 0.02632666 0.04989993 -0.04261301
v 0.03940326 -0.04195591 -0.00296194
v 0.04299758 -0.03822366 -0.01385913
v 0.04300218 -0.03816281 -0.05136666
v 0.04300053 0.03815941 -0.01386747
v 0.04263517 -0.04126810 -0.01275091
v 0.03782324 0.04647242 0.00826421
v 0.03823607 0.04300001 -0.05136675
v -0.00781678 0.04941049 -0.03761147
v -0.01559797 0.04816964 -0.03751437
v -0.01818470 0.04652338 -0.03756810
v -0.01974613 0.04331371 -0.03753927
v 0.04266715 0.04200000 -0.01285582
v 0.05115610 0.03368249 -0.02483065
v 0.04738767 0.03979760 -0.03849881
v 0.05691518 0.02107805 -0.02442030
v 0.05001007 -0.03640249 -0.04127494
v 0.05699281 -0.02108043 -0.02407768
v -0.01339882 -0.04896995 -0.03761633
v -0.01721974 -0.04744550 -0.03753774
v -0.01976156 -0.04332884 -0.03753999
v 0.03823607 -0.04300000 -0.05136675
v 0.03811769 -0.04309535 0.00962571
v 0.03859692 -0.04533641 0.00928777
v 0.03744387 -0.04691844 0.00755759
v 0.03852126 -0.04220852 -0.05136675
v 0.03836451 -0.04250000 -0.05336675
v -0.00621170 -0.04300435 -0.05336912
v -0.00837840 -0.04313907 -0.05345761
v -0.00116607 -0.04568591 -0.05782920
v -0.01110159 -0.04306025 -0.04864155
v -0.01972182 -0.04301183 -0.03797735
v 0.04035383 0.04298425 -0.05336679
v 0.04304479 0.04115725 -0.05336724
v -0.00678788 0.04275419 -0.05386173
v -0.00835656 0.04313548 -0.05347098
v -0.01039461 0.04307206 -0.04953605
v -0.01981385 0.04304100 -0.03794801
v 0.04300202 -0.03829305 -0.05336706
v -0.01067551 0.04357654 -0.04950266
v -0.01824099 0.04678227 -0.03812423
v -0.02008168 0.04348592 -0.03804926
v -0.00845633 0.04371777 -0.05341598
v -0.00152286 0.04784155 -0.05762058
v -0.00243755 0.04779734 -0.05374104
v -0.00709755 0.04775564 -0.04755950
v -0.01616313 0.04828516 -0.03810991
v -0.01304909 0.04901284 -0.03778808
v -0.00374806 0.04963399 -0.03992553
v 0.00587994 0.05078204 -0.05559531
v -0.00258811 0.04915623 -0.04844973
v 0.00772988 0.05274385 -0.06490620
v 0.01505660 0.05409501 -0.06755255
v 0.01779559 0.05180606 -0.05362733
v 0.05640593 0.00008770 -0.02661312
v 0.04922985 0.03578085 -0.09609542
v 0.05260016 0.03197384 -0.05013791
v 0.05852301 0.01896138 -0.09710295
v 0.05398499 0.02645180 -0.14771050
v 0.05194409 -0.03334412 -0.04332093
v 0.04732114 -0.03802335 -0.11231930
v 0.04705617 -0.03980343 -0.05658970
v 0.05842485 -0.01816797 -0.13323584
v 0.05830530 -0.01929239 -0.08493544
v 0.03090633 0.04927905 -0.04501839
v 0.02391949 0.05326787 -0.07080327
v 0.02956941 0.04974297 -0.04751621
v 0.02608124 0.05037085 -0.04728540
v 0.01924912 0.05437764 -0.07095528
v 0.03855270 0.04650112 -0.05828502
v 0.04295505 0.04340046 -0.06991488
v 0.02951827 0.05213460 -0.08024888
v -0.00193138 -0.04979779 -0.04426673
v -0.00082475 -0.04840287 -0.05547982
v -0.00739251 -0.04702475 -0.04868958
v -0.00150048 -0.04891746 -0.05061334
v 0.00906752 -0.05233280 -0.06234773
v -0.00100658 -0.04818118 -0.05802303
v 0.01816606 -0.05219032 -0.05624403
v 0.01615248 -0.05424026 -0.06815672
v 0.00621649 -0.05070054 -0.05203643
v -0.01537976 -0.04852616 -0.03811942
v 0.03978090 -0.04582846 -0.05070888
v 0.03082202 -0.04934839 -0.04558978
v 0.03026080 -0.04930457 -0.04320068
v 0.02217485 -0.05375308 -0.07070451
v 0.02604021 -0.05036736 -0.04707353
v 0.02795357 -0.05241178 -0.07591569
v 0.02877169 -0.04996226 -0.04791652
v 0.03560776 -0.04871696 -0.07619489
v -0.00840732 -0.04374864 -0.05342472
v -0.01727190 -0.04763990 -0.03810626
v -0.01062229 -0.04348009 -0.04958083
v -0.01869136 -0.04624275 -0.03800200
v -0.02009315 -0.04340850 -0.03802772
v 0.04756049 -0.01861777 -0.36534688
v 0.04778497 -0.01628602 -0.36534828
v 0.04549395 -0.01861777 -0.36534688
v 0.04831131 -0.01187885 -0.35357225
v 0.05026978 -0.01188282 -0.35364980
v 0.04881547 -0.02185196 -0.33625203
v 0.04555330 -0.02226922 -0.33495712
v 0.04880629 -0.02199140 -0.33419177
v 0.05000931 -0.01191180 -0.31663480
v 0.05159001 -0.01187779 -0.31661117
v 0.04705933 -0.02225422 -0.29800910
v 0.04988075 -0.02213148 -0.29810011
v 0.05135246 -0.01196341 -0.27958444
v 0.05306971 -0.01188011 -0.27959982
v 0.04840345 -0.02225423 -0.26100910
v 0.05117071 -0.02219059 -0.26081896
v 0.05228457 -0.01202930 -0.24236599
v 0.05406299 -0.01190472 -0.24268349
v 0.05190358 -0.01531490 -0.24862614
v 0.04960825 -0.02217025 -0.22390001
v 0.05236735 -0.02218949 -0.22428331
v 0.05405892 -0.01567339 -0.23595069
v 0.05539473 -0.01208698 -0.20589688
v 0.05510557 -0.01203825 -0.16884334
v 0.05560788 -0.01697663 -0.17750433
v 0.05134420 -0.02217025 -0.14989997
v 0.05384193 -0.02217022 -0.15029998
v 0.05349761 -0.01722684 -0.15926221
v 0.05596128 -0.01735832 -0.15903446
v 0.05338199 -0.01104182 -0.16972496
v 0.05370829 -0.01104181 -0.13272496
v 0.05633607 -0.01183567 -0.13159993
v 0.05365121 -0.01758556 -0.14155903
v 0.05622927 -0.01769746 -0.14175287
v 0.05223106 -0.02206932 -0.11253741
v 0.05444960 -0.02225365 -0.11299929
v 0.05376543 -0.01799557 -0.12093071
v 0.05644630 -0.01809123 -0.12076507
v 0.05381213 -0.01152075 -0.09369087
v 0.05638537 -0.01183567 -0.09459994
v 0.05649326 -0.01835917 -0.10589895
v 0.05251811 -0.02209292 -0.07560250
v 0.05486658 -0.02217128 -0.07587820
v 0.05379758 -0.01873419 -0.08265141
v 0.05631243 -0.01876357 -0.08260053
v 0.05369212 -0.01149146 -0.05694264
v 0.05557441 -0.01183567 -0.05759997
v 0.05551524 -0.01399125 -0.05416641
v 0.05367458 -0.01399125 -0.05416641
v 0.05501016 -0.01167284 -0.05416148
v 0.05545515 -0.01010063 -0.05690017
v 0.05369066 0.01108108 -0.05671345
v 0.05551353 0.01010363 -0.05689997
v 0.05533062 0.01204527 -0.05350291
v 0.05367466 0.01318673 -0.05418553
v 0.05551524 0.01399126 -0.05416641
v 0.05557441 0.01183568 -0.05759997
v 0.05243395 0.02208424 -0.07659097
v 0.05480170 0.02218597 -0.07592851
v 0.05375780 0.01894539 -0.06991435
v 0.05607462 0.01898341 -0.06998021
v 0.05381141 0.01104183 -0.09347496
v 0.05638537 0.01183568 -0.09459994
v 0.05631238 0.01876604 -0.08259629
v 0.05649326 0.01835917 -0.10589895
v 0.05380591 0.01822794 -0.10567168
v 0.05458123 0.02223245 -0.11281670
v 0.05211120 0.02216793 -0.11335037
v 0.05371004 0.01152076 -0.13250905
v 0.05633607 0.01183568 -0.13159993
v 0.05644630 0.01809122 -0.12076507
v 0.05127457 0.02217025 -0.15029997
v 0.05388484 0.02218789 -0.14990886
v 0.05365214 0.01751219 -0.14143196
v 0.05622927 0.01769746 -0.14175287
v 0.05338503 0.01152077 -0.16950905
v 0.05650186 0.01210853 -0.16829453
v 0.05349632 0.01715346 -0.15938929
v 0.05053101 0.02218674 -0.18738569
v 0.05313535 0.02225988 -0.18719281
v 0.05328863 0.01679823 -0.17719534
v 0.05560788 0.01697663 -0.17750433
v 0.05123387 0.01523922 -0.19694264
v 0.05283512 0.01686194 -0.19679436
v 0.04960286 0.02218674 -0.22438568
v 0.05239567 0.02217705 -0.22391525
v 0.05203317 0.01152077 -0.24350905
v 0.05435126 0.01192955 -0.24268487
v 0.05221365 0.01562785 -0.23603174
v 0.05404702 0.01576312 -0.23579480
v 0.05190130 0.01536457 -0.24871218
v 0.04848747 0.02218674 -0.26138571
v 0.05117209 0.02218656 -0.26081416
v 0.05149818 0.01199180 -0.27969712
v 0.05307676 0.01188179 -0.27960071
v 0.04718496 0.02220566 -0.29848483
v 0.04983988 0.02225646 -0.29819167
v 0.05005398 0.01193277 -0.31666949
v 0.05162068 0.01188453 -0.31660336
v 0.04868197 0.02233509 -0.33516619
v 0.04569644 0.02228555 -0.33530018
v 0.04830516 0.01188433 -0.35361907
v 0.05026298 0.01187650 -0.35363454
v 0.04565847 0.01861777 -0.36534688
v 0.04749247 0.01892128 -0.36579743
v 0.04831406 0.01637799 -0.36569560
v 0.04682257 0.01614502 -0.36518377
v 0.04809983 0.01010363 -0.35459998
v 0.04997002 0.01015707 -0.35463580
v 0.04825169 -0.01029104 -0.35473281
v 0.05003161 -0.01021799 -0.35473856
v 0.04997788 0.01046608 -0.31781411
v 0.05149256 0.01018497 -0.31764728
v 0.04648000 0.02020718 -0.33509988
v 0.04930802 0.02020123 -0.33510736
v 0.04861518 0.01040808 -0.35233888
v 0.05008822 0.01020472 -0.35256419
v 0.05035150 -0.01038979 -0.35225406
v 0.04849572 -0.01029176 -0.35247535
v 0.04633206 -0.02020726 -0.33509997
v 0.04926816 -0.02020627 -0.33509874
v 0.05143630 -0.01021320 -0.31769615
v 0.04989634 -0.01041561 -0.31781170
v 0.05221001 0.01238669 -0.28455427
v 0.05098465 0.01010363 -0.28059998
v 0.05249254 0.01010364 -0.28060001
v 0.05049611 0.02020579 -0.29810202
v 0.04801335 0.02020726 -0.29809996
v 0.05146965 0.01017767 -0.31553680
v 0.05009359 0.01044711 -0.31537324
v 0.05152366 -0.01022779 -0.31553599
v 0.05018259 -0.01040049 -0.31540605
v 0.05046188 -0.02020697 -0.29809952
v 0.04790179 -0.02020726 -0.29809996
v 0.05275121 -0.01025612 -0.28073284
v 0.05114875 -0.01035320 -0.28077081
v 0.05366804 0.01047084 -0.24395911
v 0.05352331 0.01494191 -0.25198010
v 0.04935824 0.02020726 -0.26109996
v 0.05179065 0.02020666 -0.26110089
v 0.05269717 0.01018637 -0.27857244
v 0.05128973 0.01037042 -0.27842560
v 0.05303354 -0.01027524 -0.27841350
v 0.05104777 -0.01010364 -0.27859995
v 0.05129777 -0.01482167 -0.27042809
v 0.05128986 -0.02002851 -0.26089367
v 0.04929715 -0.02020726 -0.26109996
v 0.05352634 -0.01490480 -0.25191596
v 0.05205538 -0.00952628 -0.24259998
v 0.05382214 -0.01010364 -0.24359998
v 0.05493097 0.01010363 -0.20659998
v 0.05355309 0.02013158 -0.22405039
v 0.05230935 0.01571008 -0.23188934
v 0.05415454 0.01036506 -0.24137922
v 0.05208012 0.01010363 -0.24159995
v 0.05390130 -0.01010357 -0.24159995
v 0.05230837 -0.01568528 -0.23193225
v 0.05389250 -0.02009686 -0.22406964
v 0.05049656 -0.02020726 -0.22409996
v 0.05493097 -0.01010364 -0.20659998
v 0.05519468 0.01074289 -0.20349273
v 0.05533264 -0.01039611 -0.20409340
v 0.05632218 0.01010363 -0.13259998
v 0.05253491 0.01999973 -0.14985296
v 0.05610269 0.01824993 -0.14755818
v 0.05481278 0.02020726 -0.15009996
v 0.05377631 0.01669748 -0.15604508
v 0.05586631 0.01782382 -0.15422818
v 0.05340719 0.01010363 -0.16759995
v 0.05340719 -0.01010364 -0.16759995
v 0.05550640 -0.01976876 -0.15034631
v 0.05280660 -0.01989009 -0.14975700
v 0.05396787 -0.01659574 -0.15611713
v 0.05611904 -0.01816227 -0.14738357
v 0.05631623 -0.01010358 -0.13259996
v 0.05329182 0.02003659 -0.11303131
v 0.05381244 0.01010363 -0.09559999
v 0.05638145 0.01010363 -0.09559999
v 0.05600378 0.02001567 -0.11305795
v 0.05372049 0.01010363 -0.13059995
v 0.05634173 0.01010363 -0.13059995
v 0.05635113 -0.01010334 -0.13059998
v 0.05372049 -0.01010364 -0.13059995
v 0.05331527 -0.02005654 -0.11309089
v 0.05604351 -0.01998942 -0.11298482
v 0.05635074 -0.01009591 -0.09559912
v 0.05381243 -0.01010364 -0.09559999
v 0.05370178 0.01010363 -0.05859995
v 0.05548159 0.01009907 -0.05859907
v 0.05337090 0.02011663 -0.07607744
v 0.05605398 0.02013787 -0.07610828
v 0.05636731 0.01008919 -0.09360004
v 0.05636155 -0.01010364 -0.09359995
v 0.05339779 -0.02012770 -0.07611043
v 0.05605355 -0.02013729 -0.07608146
v 0.05416846 -0.01008777 -0.05858457
v 0.04931432 -0.01266420 -0.36584726
v 0.03715623 -0.03880300 -0.36203763
v 0.03754545 -0.03578479 -0.36272693
v 0.03358997 -0.03899755 -0.35174111
v 0.03303768 -0.04156981 -0.35071024
v 0.03440019 0.03844730 -0.35408500
v 0.03292825 0.04156250 -0.35026425
v 0.03156505 0.03991194 -0.34796545
v 0.03815155 0.03523805 -0.36376578
v 0.03873438 0.03732969 -0.36441526
v 0.04865844 -0.02636895 -0.34824193
v 0.04510201 -0.03031989 -0.36587635
v 0.04326525 -0.03362097 -0.34811640
v 0.03991664 -0.03629021 -0.36502132
v 0.03932564 -0.03716974 -0.34860387
v 0.03707073 0.03889683 -0.34960768
v 0.04285794 0.03405351 -0.34818000
v 0.04521834 0.03009722 -0.36587772
v 0.04731055 0.02959289 -0.33717403
v 0.04393969 -0.02832404 -0.36577794
v 0.04055266 -0.03284900 -0.36531922
v 0.03458655 -0.03829595 -0.34595492
v 0.04167940 -0.03240401 -0.34825584
v 0.02904255 -0.04273158 -0.34464002
v 0.02885620 -0.04058793 -0.34453535
v 0.02578141 -0.04112042 -0.34168360
v 0.02098789 -0.04381668 -0.33801886
v 0.02098807 -0.04180348 -0.33800748
v 0.02881628 0.04261164 -0.34436822
v 0.02556263 0.04114503 -0.34151259
v 0.02099940 0.04381159 -0.33803990
v 0.02099125 0.04180487 -0.33801988
v 0.03807338 0.03574934 -0.34702063
v 0.04282674 0.02988750 -0.36583334
v 0.02460865 -0.04241466 -0.32787475
v 0.02748159 -0.04352707 -0.30890542
v 0.02742604 0.04349247 -0.30973768
v 0.02475127 0.04245625 -0.32728988
v 0.03375246 -0.04106121 -0.34433615
v 0.03867107 -0.04024543 -0.31686285
v 0.03308878 -0.04363730 -0.31443581
v 0.02784714 -0.04328738 -0.33651358
v 0.04540230 -0.03327178 -0.32105291
v 0.04191873 0.03691577 -0.32597995
v 0.03405770 0.04102964 -0.34225354
v 0.03602102 0.04216125 -0.31450105
v 0.03177571 0.04438359 -0.30985388
v 0.05140688 -0.01298593 -0.36583912
v 0.05149277 0.01262451 -0.36583644
v 0.04780287 -0.02300325 -0.35012984
v 0.04586042 -0.02864243 -0.33023947
v 0.04001948 -0.03632253 -0.31979620
v 0.03357772 -0.04114469 -0.31548330
v 0.03736914 0.03903696 -0.31131849
v 0.03227957 0.04007025 -0.33671075
v 0.03267385 0.04158983 -0.31454554
v 0.04202087 0.03420180 -0.31958848
v 0.04637404 0.02797293 -0.32894006
v 0.04755039 0.02345570 -0.35103422
v 0.04953295 0.02863566 -0.22868495
v 0.03663540 0.04130656 -0.27356771
v 0.03724788 0.04092494 -0.27207953
v 0.03475395 0.04258713 -0.27494007
v 0.03061171 0.04758209 -0.23077351
v 0.02912995 0.05225603 -0.17511196
v 0.03382971 0.04776438 -0.20005819
v 0.03860502 0.04389653 -0.19388576
v 0.02509822 0.05581198 -0.13308419
v 0.04524058 0.03571018 -0.21635555
v 0.04596962 0.03720831 -0.07648964
v 0.02936914 0.04563577 -0.26838610
v 0.03432287 0.04311419 -0.26906833
v 0.03659394 0.04148359 -0.27028012
v 0.02906443 0.04514033 -0.27556348
v 0.04967516 -0.02826249 -0.22994721
v 0.05061371 -0.02886096 -0.13207714
v 0.03063000 -0.04772630 -0.22880583
v 0.02932790 -0.04524115 -0.26911005
v 0.03405643 -0.04334046 -0.26898879
v 0.02597747 -0.05518870 -0.14061764
v 0.03138705 -0.05157553 -0.16364752
v 0.02615518 -0.05483359 -0.11455771
v 0.03325650 -0.04962584 -0.11311840
v 0.03762158 -0.04610093 -0.13480149
v 0.02904775 -0.05234014 -0.17399168
v 0.04587775 -0.03469606 -0.22208658
v 0.03727432 -0.04108294 -0.27033666
v 0.03854043 -0.04394601 -0.19432323
v 0.02908560 -0.04484248 -0.27518281
v 0.03299843 -0.04369582 -0.27581039
v 0.03723492 -0.04092250 -0.27218068
v 0.04393166 -0.03904093 -0.10971663
v 0.05563202 -0.01934969 -0.05336643
v 0.05564401 0.01932007 -0.05336647
v 0.02932162 0.04513221 -0.26906031
v 0.02921963 0.04713463 -0.27205265
v 0.02765984 0.05613261 -0.15590212
v 0.02786184 -0.04594428 -0.30133283
v 0.02921487 -0.04713701 -0.27205235
v 0.02873735 -0.05483361 -0.17082414
v 0.00091478 -0.04701174 -0.05843049
v 0.00691187 -0.04892471 -0.05343499
v -0.00005099 -0.04685911 -0.05337261
v 0.00748406 -0.05484957 -0.07166626
v 0.00638109 -0.05168784 -0.06950481
v 0.00983552 -0.05465627 -0.07741702
v 0.02194438 -0.05681524 -0.11701860
v 0.01699023 -0.05929060 -0.09788242
v 0.01531808 -0.05699994 -0.09242947
v -0.00079175 0.04602979 -0.05847294
v 0.00449642 0.05008941 -0.06598564
v 0.00609569 0.05367329 -0.06894027
v 0.00912642 0.05416924 -0.07558408
v 0.02626792 -0.05618483 -0.10409400
v 0.02116681 -0.05765000 -0.09432350
v 0.04145273 -0.04471922 -0.09292927
v 0.03934218 -0.04716768 -0.13299483
v 0.03128835 -0.05418158 -0.12240113
v 0.03876138 0.04737253 -0.10924075
v 0.04090911 0.04555086 -0.13326530
v 0.03569874 0.04911399 -0.08777244
v 0.02801595 0.05606294 -0.11523087
v 0.03027018 0.05515096 -0.13751148
v 0.02086178 0.05680702 -0.08795303
v 0.02047200 0.05931618 -0.11039476
v 0.01420125 0.05868745 -0.08922006
v 0.01371519 0.05647934 -0.08788991
v 0.01968625 -0.04997210 -0.05345121
v 0.03228216 -0.04731764 -0.05338144
v 0.03491124 -0.04645883 -0.07108688
v 0.04231104 -0.04157851 -0.05836550
v 0.04219359 -0.04175685 -0.05336577
v 0.02840980 -0.04977681 -0.07109262
v 0.03398258 0.04656326 -0.05337929
v 0.02725406 0.04873918 -0.05345725
v 0.01567616 0.05002770 -0.05342966
v 0.04627678 -0.03777135 -0.05337226
v 0.04308212 -0.04073843 -0.06621780
v 0.04750162 -0.03555337 -0.06952102
v 0.05078664 -0.03119889 -0.05336472
v 0.04792960 -0.03487550 -0.07229421
v 0.04710928 -0.03584122 -0.07517713
v 0.04368464 -0.03984766 -0.07774726
v 0.00763697 -0.04994704 -0.06209221
v 0.01411862 -0.05204534 -0.06766382
v 0.05073743 0.03130583 -0.05336403
v 0.04789395 0.03493938 -0.07130766
v 0.04762616 0.03522491 -0.07400119
v 0.01015883 0.05095556 -0.06449319
v 0.00494093 0.04861406 -0.05843249
v 0.03555696 -0.04691728 -0.08962750
v 0.02159145 -0.05515070 -0.09354322
v 0.03645750 -0.04557736 -0.06854880
v 0.04051793 -0.04277533 -0.07755488
v 0.03673231 -0.04544200 -0.07511244
v 0.03521223 -0.04630812 -0.07311112
v 0.02396861 -0.05149478 -0.07313829
v 0.00165863 0.04766570 -0.05338226
v 0.05759471 0.01730612 -0.18250200
v 0.05634332 -0.01600654 -0.22846803
v 0.05565522 0.01545920 -0.24737054
v 0.05012602 0.02310255 -0.34751582
v 0.03288906 0.05237936 -0.17550796
v 0.04041841 0.04481550 -0.19633017
v 0.04684602 0.03700601 -0.21506034
v 0.05216834 0.02777099 -0.23204808
v 0.05050907 -0.02126515 -0.34862125
v 0.04210491 -0.04306817 -0.19887362
v 0.04866682 -0.03429595 -0.21899396
v 0.03286704 -0.05294216 -0.16435272
v 0.03618817 -0.04510080 -0.25637430
v 0.05193710 -0.02790450 -0.23610486
v 0.02847785 -0.04514856 -0.27160212
v 0.02847773 -0.04721030 -0.27236360
v 0.02847785 -0.04481735 -0.27313238
v 0.02847789 -0.04464474 -0.27520823
v 0.02847785 -0.04271523 -0.27265450
v 0.02847787 -0.04191764 -0.27432933
v 0.02847777 -0.04086128 -0.27139443
v 0.02847785 -0.04380839 -0.27079719
v 0.02847786 -0.04556173 -0.26943964
v 0.03646333 -0.04148907 -0.27030998
v 0.03622565 -0.04148834 -0.27384788
v 0.03379757 -0.04289741 -0.27499506
v 0.02847785 0.04419161 -0.27079719
v 0.02847785 0.04265934 -0.27202126
v 0.02847785 0.04403750 -0.27341625
v 0.02847783 0.04611032 -0.27460617
v 0.02847785 0.04529042 -0.27217627
v 0.02847736 0.04662035 -0.27010792
v 0.02908329 0.04450544 -0.27514195
v 0.03347785 0.04332215 -0.27084315
v 0.03347785 0.04347298 -0.27342713
v 0.03347785 0.04534066 -0.27202126
v 0.03347785 -0.04419160 -0.27079719
v 0.03347785 -0.04528477 -0.27265450
v 0.03347785 -0.04360829 -0.27327174
v 0.03347785 -0.04265934 -0.27202126
v 0.03479653 -0.04501661 -0.07313034
v 0.03640342 -0.04427847 -0.07485376
v 0.03881493 -0.04305900 -0.07623614
v 0.04211949 -0.04039861 -0.07717438
v 0.03534301 -0.04451772 -0.06976633
v 0.03480775 -0.04510534 -0.07104629
v 0.03962854 -0.04240743 -0.06752519
v 0.04400537 -0.03909254 -0.06710100
v 0.04595005 -0.03723110 -0.06785477
v 0.04484636 -0.03798753 -0.07672456
v 0.03502285 0.04511727 -0.07312546
v 0.03472372 0.04506656 -0.07104678
v 0.03633698 0.04428409 -0.07483289
v 0.03893594 0.04303667 -0.07628208
v 0.04225443 0.04037555 -0.07719500
v 0.04684921 0.03624417 -0.06861362
v 0.04395274 0.03908449 -0.06710905
v 0.04061083 0.04163409 -0.06730654
v 0.03666406 0.04393725 -0.06882391
v 0.00797785 -0.04102555 -0.07365861
v 0.00797785 -0.03850941 -0.07290600
v 0.00797785 -0.03873274 -0.07097498
v 0.00797785 -0.04106865 -0.07066321
v 0.00797785 0.03825784 -0.07168623
v 0.00797785 0.04005259 -0.07392682
v 0.00797785 0.04171206 -0.07190134
v 0.00797785 0.04024762 -0.07042361
v 0.01797785 0.04106867 -0.07066321
v 0.01797785 0.03873274 -0.07097498
v 0.01797785 0.03850941 -0.07290599
v 0.01797785 0.04102557 -0.07365861
v 0.01797785 -0.03893134 -0.07066321
v 0.01797785 -0.04126725 -0.07097496
v 0.01797785 -0.04149059 -0.07290600
v 0.01797785 -0.03897444 -0.07365861
v 0.03699484 -0.04470798 -0.06879076
v 0.03225836 -0.04200008 -0.04470478
v 0.02988441 -0.04199990 -0.04872691
v 0.02529808 -0.04199998 -0.04826875
v 0.02393597 -0.04199999 -0.04462430
v 0.02604940 -0.04199978 -0.04121535
v 0.02990029 -0.04200001 -0.04139868
v 0.02985320 -0.04200000 -0.04478380
v 0.02719708 -0.04200000 -0.04339950
v 0.02640021 -0.04200000 -0.04547592
v 0.02789830 -0.04200000 -0.04672055
v 0.03202394 0.04200010 -0.04607299
v 0.03077947 0.04199990 -0.04177068
v 0.02581781 0.04199996 -0.04137550
v 0.02386884 0.04199993 -0.04515691
v 0.02596053 0.04200004 -0.04868637
v 0.02974753 0.04200000 -0.04868774
v 0.02978754 0.04200001 -0.04489510
v 0.02810170 0.04200001 -0.04672055
v 0.02614680 0.04200001 -0.04478380
v 0.02819088 0.04200001 -0.04334187
v 0.02789830 0.04500000 -0.04672055
v 0.02985320 0.04500000 -0.04478380
v 0.02719708 0.04500000 -0.04339950
v 0.02640021 0.04500000 -0.04547592
v 0.02810170 -0.04500000 -0.04672055
v 0.02978754 -0.04500000 -0.04489510
v 0.02819088 -0.04500000 -0.04334187
v 0.02614680 -0.04500000 -0.04478380
v 0.03004450 -0.04500000 -0.04279949
v 0.03068786 -0.04499998 -0.04614446
v 0.02826469 -0.04500000 -0.04792530
v 0.02596346 -0.04500000 -0.04699426
v 0.02508787 -0.04499998 -0.04420728
v 0.02723101 -0.04500000 -0.04225476
v 0.02930756 0.04500002 -0.04239126
v 0.02586302 0.04499999 -0.04285618
v 0.02545672 0.04499998 -0.04653104
v 0.02849525 0.04499999 -0.04792191
v 0.03099550 0.04500001 -0.04533444
v 0.05307700 -0.01499698 -0.15075167
v 0.03643939 -0.01476923 -0.15100075
v 0.05307515 0.01499627 -0.15075672
v 0.03652330 0.01472728 -0.15104271
v 0.03659323 -0.01476922 -0.15464172
v 0.05305519 -0.01501105 -0.15476449
v 0.05305889 0.01501742 -0.15476565
v 0.03639933 0.01475207 -0.15442282
v 0.03642229 -0.01466666 -0.19695517
v 0.03657087 0.01482559 -0.19701418
v 0.03665432 -0.01489215 -0.20068170
v 0.03645933 0.01477779 -0.20059711
v 0.02934254 -0.04199946 -0.02103715
v 0.02480153 -0.04200000 -0.01880327
v 0.02342134 -0.04200068 -0.02732211
v -0.01741219 -0.04200024 0.03149498
v -0.00802563 -0.04200000 0.03018018
v 0.00562190 -0.04200000 0.03071888
v -0.02149724 -0.04200000 0.02284523
v -0.02560530 -0.04200003 0.02549111
v -0.03027736 -0.04200000 0.00820463
v -0.02772134 -0.04200000 0.01572831
v -0.03041511 -0.04200000 0.01570576
v -0.02949256 -0.04200000 0.01835841
v -0.02769531 -0.04200000 0.01755729
v -0.03418104 -0.04200176 0.01159517
v -0.03606748 -0.04200127 0.00013398
v -0.03038988 -0.04200000 -0.00719104
v -0.03413033 -0.04200101 -0.01183524
v -0.02744858 -0.04200000 -0.01596527
v -0.03023237 -0.04200000 -0.01559742
v -0.02427999 -0.04200000 -0.01968092
v -0.02854967 -0.04200000 -0.01829832
v -0.02544182 -0.04199991 -0.02561386
v -0.03026859 -0.04200000 -0.01768225
v -0.01507418 -0.04200000 -0.02911023
v -0.01698950 -0.04200000 -0.03064031
v -0.01718257 -0.04200000 -0.03162144
v -0.01679686 -0.04200000 -0.02736653
v -0.01133880 -0.04199987 -0.02937311
v -0.01836300 -0.04200000 -0.02891645
v -0.00908601 -0.04199922 -0.03490662
v 0.00387367 -0.04199998 -0.03097217
v -0.00048070 -0.04200000 -0.03189159
v 0.00171266 -0.04200000 -0.03345070
v 0.00894167 -0.04199953 -0.03494742
v -0.00013466 -0.04200000 -0.03532479
v -0.00155450 -0.04200000 -0.03367896
v 0.01618356 -0.04200000 -0.02757513
v 0.01809699 -0.04200000 -0.02801002
v 0.01593506 -0.04200000 -0.02685759
v 0.01513700 -0.04200000 -0.02891645
v 0.01601355 -0.04200000 -0.03036927
v 0.01772447 -0.04200000 -0.03054460
v 0.03057512 -0.04200000 -0.01596527
v 0.03078371 -0.04199998 -0.00622752
v 0.02831198 -0.04200000 -0.01535045
v 0.02906117 -0.04200000 -0.01846267
v 0.03613922 -0.04199992 0.00170861
v 0.03439025 -0.04200063 -0.01084080
v 0.02742381 -0.04200000 -0.01679426
v 0.02853115 -0.04200000 0.01835841
v 0.03268155 -0.04200122 0.01546334
v 0.02370765 -0.04200071 0.02731918
v 0.03075803 -0.04200000 0.01664792
v 0.02863786 -0.04200000 0.01517805
v 0.02994760 -0.04200000 0.00885419
v 0.02739584 -0.04200000 0.01581295
v 0.01819442 -0.04200000 0.02538148
v 0.01097174 -0.04199805 0.03447563
v 0.00046218 -0.04200000 0.03195168
v -0.00160840 -0.04200000 0.03301926
v -0.00027996 -0.04200000 0.03598922
v -0.00004932 -0.04200000 0.03521267
v 0.00158804 -0.04200000 0.03354426
v -0.00901427 -0.04199982 0.03491276
v 0.00252622 -0.04299921 0.03580741
v 0.02963318 -0.04307372 0.01982588
v 0.03218433 -0.04299992 0.01567532
v 0.03218006 -0.04299925 -0.01569242
v 0.02964727 -0.04300022 -0.02002475
v 0.02004781 -0.04299914 -0.02965701
v 0.01555527 -0.04299957 -0.03236229
v -0.00275003 -0.04299878 -0.03587087
v -0.02007509 -0.04299950 -0.02972890
v -0.02963941 -0.04299959 -0.02003579
v -0.03218422 -0.04299992 -0.01567531
v -0.03217944 -0.04299926 0.01569476
v -0.02965086 -0.04300037 0.02002536
v 0.02849309 -0.04299994 -0.01518789
v 0.03040926 -0.04299994 -0.01599431
v 0.03026860 -0.04299994 -0.01768224
v 0.02854966 -0.04299994 -0.01829832
v 0.02744989 -0.04299994 -0.01684370
v 0.01784350 -0.04299994 -0.02778160
v 0.01810315 -0.04299994 -0.02984421
v 0.01599730 -0.04299994 -0.03051234
v 0.01540301 -0.04299994 -0.02801002
v -0.02854967 -0.04299994 -0.01520168
v -0.02742381 -0.04299994 -0.01679426
v -0.02906117 -0.04299994 -0.01846267
v -0.03062025 -0.04299994 -0.01626926
v -0.01643063 -0.04299994 -0.02745563
v -0.01513700 -0.04299994 -0.02891645
v -0.01679932 -0.04299994 -0.03072450
v -0.01835839 -0.04299994 -0.02853108
v 0.00048070 -0.04299994 -0.03189159
v 0.00155450 -0.04299994 -0.03367896
v 0.00037399 -0.04299994 -0.03507194
v -0.00174618 -0.04299994 -0.03360208
v -0.02605974 -0.04602485 0.01766013
v -0.02620902 -0.04552361 0.01796606
v -0.02295422 -0.04604702 0.02165910
v -0.01880151 -0.04577580 0.02561191
v -0.01269036 -0.04618047 0.02882263
v -0.00252244 -0.04554301 0.03171632
v -0.00257613 -0.04608383 0.03139317
v -0.00778255 -0.04572557 0.03080108
v -0.01373923 -0.04560767 0.02881746
v 0.02265423 -0.04598776 0.02203991
v 0.01154893 -0.04619875 0.02924424
v 0.01798822 -0.04585268 0.02612606
v 0.00249448 -0.04558185 0.03171043
v 0.00579213 -0.04581325 0.03119992
v 0.00214363 -0.04605111 0.03129851
v 0.01258297 -0.04564456 0.02932440
v 0.02599287 -0.04607699 0.01776738
v 0.02622797 -0.04555783 0.01801759
v -0.00496970 -0.04623536 0.02944474
v -0.00689337 -0.04681130 0.02480426
v -0.01131497 -0.04779652 0.01325733
v -0.00362832 -0.04743234 0.01942359
v 0.00576539 -0.04635124 0.02837669
v 0.00660707 -0.04664155 0.02563663
v 0.00636377 -0.04695758 0.02303321
v 0.00306241 -0.04745577 0.01910480
v 0.00523434 -0.04718231 0.02090279
v 0.01210092 -0.04748715 0.01623050
v 0.00012297 -0.04853112 0.00649594
v -0.00143215 -0.04751240 0.01853880
v -0.00217342 -0.04499976 0.03132407
v -0.00317491 -0.04299872 0.03268929
v -0.00094430 -0.04299994 0.03059779
v 0.00016610 -0.04499994 0.03033878
v 0.00233006 -0.04300008 0.03131351
v 0.00212034 -0.04500119 0.03129932
v 0.00301626 -0.04499640 0.03272095
v 0.00298580 -0.04406196 0.03423635
v 0.00245393 -0.04353088 0.03540838
v -0.00245700 -0.04363861 0.03560743
v -0.00248509 -0.04299901 0.03565518
v -0.00289853 -0.04389693 0.03448024
v -0.00310273 -0.04479214 0.03303987
v -0.00208482 -0.04600412 0.03129626
v -0.01766660 -0.02949994 0.02024496
v -0.01766265 -0.04399993 0.02013582
v -0.01170580 -0.04399993 0.02445468
v -0.01087291 -0.02949994 0.02475751
v -0.00526962 -0.02949994 0.02620745
v -0.00526991 -0.04399993 0.02619020
v -0.02680950 -0.02949994 0.00183575
v -0.02672709 -0.04399993 0.00175917
v -0.02497454 -0.04399993 0.01085184
v -0.02456735 -0.02949994 0.01148812
v -0.02013074 -0.02949994 0.01766909
v -0.02012528 -0.04399993 0.01765573
v -0.01090194 -0.04399993 0.01328285
v -0.00628485 -0.04399993 0.01588891
v -0.00466269 -0.04399993 0.02283542
v -0.00160516 -0.04399993 0.02009259
v -0.00165531 -0.04399993 0.01712833
v -0.01567647 -0.04399993 0.00679709
v -0.01327947 -0.04399993 0.01094428
v -0.01710005 -0.04399993 0.00169342
v -0.00167951 -0.02949994 0.01710167
v -0.00678745 -0.02949994 0.01568080
v -0.01093788 -0.02949994 0.01328460
v -0.01327773 -0.02949994 0.01090831
v -0.01588475 -0.02949994 0.00629499
v -0.01712670 -0.02949994 0.00166925
v -0.02014382 -0.02949994 -0.01763392
v -0.02014931 -0.04399993 -0.01764730
v -0.02498637 -0.02949994 -0.01082457
v -0.02533694 -0.04399993 -0.00997644
v -0.02672930 -0.02949994 -0.00173060
v -0.02671599 -0.04399993 -0.00173620
v -0.01589469 -0.04399993 -0.00626984
v -0.01712988 -0.04399993 -0.00164141
v -0.01329512 -0.04399993 -0.01088640
v -0.01723088 -0.02949994 -0.00163511
v -0.01329511 -0.02949994 -0.01091244
v -0.00172347 -0.02949994 -0.02668368
v -0.00177336 -0.04399993 -0.02672597
v -0.01002055 -0.02949994 -0.02531972
v -0.00928265 -0.04399993 -0.02548272
v -0.01768864 -0.04399993 -0.02022996
v -0.01768442 -0.02949994 -0.02011754
v -0.00166290 -0.04399993 -0.01723484
v -0.01094981 -0.04399993 -0.01326533
v -0.01092378 -0.02949994 -0.01326541
v -0.00631012 -0.02949994 -0.01587886
v -0.00170033 -0.02949994 -0.01711265
v 0.01763398 -0.02949994 -0.02014383
v 0.01764736 -0.04399993 -0.02014931
v 0.01218303 -0.02949994 -0.02423052
v 0.00996939 -0.04399993 -0.02534018
v 0.00175711 -0.02949994 -0.02682934
v 0.00170026 -0.04399993 -0.02670570
v 0.00626348 -0.04399993 -0.01589749
v 0.01088651 -0.04399993 -0.01329510
v 0.00162754 -0.04399993 -0.01713143
v 0.00162120 -0.02949994 -0.01723281
v 0.01091262 -0.02949994 -0.01329513
v 0.02668397 -0.02949994 -0.00170856
v 0.02672559 -0.04399993 -0.00175778
v 0.02532914 -0.02949994 -0.01007425
v 0.02501809 -0.04399993 -0.01082364
v 0.02011566 -0.02949994 -0.01768425
v 0.02011102 -0.04399993 -0.01767097
v 0.01326541 -0.04399993 -0.01094986
v 0.01723685 -0.04399993 -0.00164891
v 0.01326546 -0.02949994 -0.01092376
v 0.01588180 -0.02949994 -0.00630348
v 0.01711430 -0.02949994 -0.00168642
v 0.02023284 -0.02949994 0.01766582
v 0.02013424 -0.04399993 0.01766257
v 0.02534007 -0.04399993 0.01004674
v 0.02544859 -0.02949994 0.00949057
v 0.02671081 -0.02949994 0.00169446
v 0.02670378 -0.04399993 0.00171381
v 0.01335200 -0.04399993 0.01101430
v 0.01712167 -0.04399993 0.00164721
v 0.01710322 -0.02949994 0.00166570
v 0.01568354 -0.02949994 0.00678172
v 0.01328456 -0.02949994 0.01093787
v 0.00526992 -0.02949994 0.02619021
v 0.00526962 -0.04399993 0.02620745
v 0.01170928 -0.02949994 0.02445319
v 0.01087601 -0.04399993 0.02475622
v 0.01767299 -0.04399993 0.02023950
v 0.01766901 -0.02949994 0.02013032
v 0.00167949 -0.04399993 0.01710168
v 0.00679116 -0.04399993 0.01567931
v 0.00159441 -0.04399993 0.02009537
v 0.00454487 -0.04399993 0.02259787
v 0.01094425 -0.04399993 0.01327952
v 0.01102049 -0.02949994 0.01334679
v 0.00166103 -0.02949994 0.01712012
v 0.02694234 -0.04490487 0.01912681
v 0.02479720 -0.04362375 0.02622785
v 0.02963668 -0.04365573 0.02013077
v 0.00285566 -0.04361529 0.03581190
v 0.01384773 -0.04362459 0.03342326
v -0.03035024 -0.04606889 0.00874207
v -0.03022213 -0.04481116 0.01385430
v -0.02871292 -0.04550903 0.01369960
v -0.03036802 -0.04576952 -0.00943323
v -0.02869692 -0.04568741 -0.01367719
v -0.03059177 -0.04458615 -0.01399035
v -0.03455784 -0.04363315 -0.01023549
v -0.03181142 -0.04565048 -0.00126716
v -0.03616801 -0.04361467 0.00208813
v -0.03150517 -0.04576982 0.00424965
v -0.03256515 -0.04362531 0.01539434
v -0.03208408 -0.04362328 -0.01567449
v -0.02839483 -0.04598545 0.01374430
v -0.03127116 -0.04617792 -0.00330763
v -0.02795517 -0.04617812 -0.01370920
v 0.00308553 -0.04488805 -0.03290108
v 0.00246205 -0.04555896 -0.03168251
v 0.00907196 -0.04573561 -0.03052673
v 0.01393525 -0.04465777 -0.03047096
v 0.01560922 -0.04363891 -0.03220623
v 0.01123896 -0.04363437 -0.03421056
v 0.01371242 -0.04552048 -0.02870056
v 0.00245649 -0.04363062 -0.03565034
v 0.01360455 -0.04606742 -0.02842646
v 0.00246018 -0.04613480 -0.03131340
v -0.00314808 -0.04442988 -0.03382351
v -0.00264974 -0.04364706 -0.03573787
v -0.00925133 -0.04361244 -0.03490297
v -0.00808857 -0.04606636 -0.03055370
v -0.00256736 -0.04550106 -0.03176662
v -0.01368030 -0.04554256 -0.02877571
v -0.01542345 -0.04361372 -0.03245472
v -0.01399870 -0.04458860 -0.03060411
v -0.00248629 -0.04607134 -0.03139681
v -0.01359045 -0.04602222 -0.02847887
v -0.02540401 -0.04365850 -0.02566244
v -0.02962021 -0.04366120 -0.02001407
v -0.02711026 -0.04480959 -0.01924611
v -0.01923066 -0.04482862 -0.02705930
v -0.01994956 -0.04360645 -0.02959539
v -0.01799470 -0.04556097 -0.02621614
v -0.02235901 -0.04605119 -0.02227674
v -0.02623199 -0.04553146 -0.01803953
v 0.02302587 -0.04577006 -0.02194454
v 0.01924973 -0.04481685 -0.02710856
v 0.01799352 -0.04550498 -0.02622922
v 0.02553630 -0.04363132 -0.02551255
v 0.01992624 -0.04365281 -0.02960199
v 0.02690458 -0.04495090 -0.01906769
v 0.02959797 -0.04361818 -0.01994173
v 0.02621093 -0.04555289 -0.01794711
v 0.01785802 -0.04606823 -0.02597656
v 0.02597741 -0.04605934 -0.01781556
v 0.02091537 -0.04614472 -0.02347390
v 0.03098907 -0.04575643 0.00742053
v 0.02870007 -0.04563846 0.01369402
v 0.03025825 -0.04477648 0.01384941
v 0.03521509 -0.04363652 0.00817714
v 0.03242309 -0.04360411 0.01544732
v 0.03154393 -0.04607533 -0.00078169
v 0.03557273 -0.04362108 -0.00694966
v 0.03078656 -0.04572297 -0.00838996
v 0.03103087 -0.04431405 -0.01432194
v 0.02887492 -0.04542258 -0.01365877
v 0.03207874 -0.04363834 -0.01567503
v 0.02845873 -0.04604748 -0.01358783
v 0.02999861 -0.04612366 0.00953005
v 0.02790720 -0.04618134 0.01372418
v 0.03064750 -0.04615889 -0.00694506
v 0.01725326 -0.04754693 -0.00958425
v 0.02593731 -0.04618303 -0.01594230
v 0.02727913 -0.04617392 -0.01414554
v 0.01078727 -0.04781036 -0.01314555
v 0.01531519 -0.04622750 -0.02616162
v 0.00447402 -0.04860045 -0.00119719
v 0.00167228 -0.04782698 -0.01696497
v 0.00004871 -0.04620566 -0.03039437
v -0.01082335 -0.04772961 -0.01423074
v -0.00241093 -0.04865529 -0.00205942
v -0.01593343 -0.04618738 -0.02593929
v -0.01781770 -0.04605852 -0.02597694
v -0.01414592 -0.04617307 -0.02727935
v -0.02590425 -0.04617318 -0.01646360
v -0.02629392 -0.04621509 -0.01517491
v -0.01674877 -0.04778727 -0.00460364
v -0.02597815 -0.04606889 -0.01783521
v -0.01672035 -0.04778637 0.00395398
v -0.02609956 -0.04619683 0.01559802
v -0.02731548 -0.04617154 0.01411577
v 0.02609534 -0.04629248 0.01546716
v 0.01185855 -0.04804499 0.00695337
v 0.02064878 -0.04742813 0.00140746
v 0.00251053 -0.04299942 -0.03563680
v -0.01563968 -0.04299917 -0.03214247
v -0.02961654 -0.04361774 0.01994426
v -0.02500403 -0.04363722 0.02604886
v -0.01566016 -0.04362111 0.03250274
v -0.00738266 -0.04361217 0.03523287
v -0.02775166 -0.04442755 0.01964322
v -0.00468214 -0.02954866 -0.02963835
v -0.00390985 -0.03500000 -0.03011748
v 0.00701256 -0.02961920 -0.02909968
v 0.01335031 -0.03493357 -0.02766190
v 0.01620802 -0.02972908 -0.02523527
v 0.01978150 -0.03500000 -0.02285877
v 0.02332354 -0.02956147 -0.01874958
v 0.02695066 -0.03500000 -0.01344977
v 0.02846709 -0.02957146 -0.00922415
v 0.03015121 -0.03500000 -0.00217621
v 0.03002350 -0.02957873 -0.00140226
v 0.02810952 -0.03500000 0.01112142
v 0.02770915 -0.02970157 0.01169598
v 0.01933436 -0.03500000 0.02342078
v 0.02215233 -0.02957904 0.02003858
v 0.01605518 -0.02959559 0.02527579
v 0.00553844 -0.03500000 0.02971796
v 0.00628770 -0.02958011 0.02924486
v -0.00210681 -0.02961311 0.02977779
v 0.00045307 -0.03494734 0.03068914
v -0.01050461 -0.02954374 0.02800132
v -0.01572086 -0.03500000 0.02598470
v -0.01672648 -0.02957362 0.02488998
v -0.02468112 -0.02973359 0.01721442
v -0.02527525 -0.03500000 0.01638281
v -0.02971796 -0.03500000 0.00553839
v -0.02867226 -0.02957236 0.00826554
v -0.02979040 -0.02953573 0.00118062
v -0.02917798 -0.03500000 -0.00790422
v -0.02901136 -0.02957146 -0.00733493
v -0.02707719 -0.02999305 -0.01319783
v -0.02924851 -0.03500903 -0.01050133
v -0.02190353 -0.02954028 -0.02027022
v -0.01788408 -0.03500000 -0.02437192
v -0.01569165 -0.02970160 -0.02555111
v 0.01338019 -0.02969597 0.00758040
v 0.00649342 -0.02968611 0.01394586
v 0.01524075 -0.02957616 0.00089341
v 0.01407928 -0.02969079 -0.00618577
v 0.00787650 -0.02966585 -0.01321866
v -0.00062811 -0.02958532 -0.01537688
v -0.00698499 -0.02971157 -0.01354688
v -0.01205579 -0.02958201 -0.00943574
v -0.01526202 -0.02955353 -0.00066697
v -0.01436337 -0.02969003 -0.00508224
v -0.01451050 -0.02969335 0.00490280
v -0.00908897 -0.02950151 0.01283471
v -0.00159441 -0.02949994 0.02009537
v -0.00134917 -0.02950018 0.01554687
v 0.00160515 -0.02949994 0.02009259
v -0.00083585 -0.02949994 0.02248762
v -0.00454487 -0.02949994 0.02259787
v -0.00271410 -0.02949994 0.02539931
v 0.00039920 -0.02949994 0.02771410
v 0.00264673 -0.02949994 0.02507381
v 0.00151190 -0.02949994 0.02295161
v 0.00466269 -0.02949994 0.02283541
v 0.02604103 -0.04299998 -0.01782585
v 0.02731069 -0.04299985 -0.01402093
v 0.03064801 -0.04299979 -0.01413780
v 0.02821429 -0.04410424 -0.01974271
v 0.01532835 -0.04309585 -0.03162010
v 0.01363788 -0.04299997 -0.02899446
v 0.01479056 -0.04299993 -0.02667230
v 0.01777291 -0.04299999 -0.02602391
v 0.01633719 -0.04594692 -0.02597442
v 0.01401768 -0.04602091 -0.02762066
v 0.01984691 -0.04393348 -0.02859597
v -0.02899450 -0.04299997 -0.01363780
v -0.02667219 -0.04299993 -0.01479069
v -0.02602396 -0.04299999 -0.01777311
v -0.02853105 -0.04394347 -0.01980386
v -0.01456829 -0.04299993 -0.02681620
v -0.01366275 -0.04299998 -0.02916568
v -0.01782587 -0.04299998 -0.02604100
v -0.01970080 -0.04394388 -0.02822816
v -0.01553909 -0.04350160 -0.03184601
v -0.00053287 -0.04299994 -0.03049622
v 0.00242332 -0.04299968 -0.03143828
v -0.00247119 -0.04319164 -0.03521008
v -0.00269652 -0.04300006 -0.03193890
v 0.00154268 -0.04598268 -0.03083502
v -0.00150192 -0.04604412 -0.03078694
v 0.00291911 -0.04395983 -0.03445069
v -0.02965305 -0.04299994 0.01823315
v -0.02738560 -0.04299994 0.01728939
v -0.02891352 -0.04299994 0.01507418
v -0.03058345 -0.04299994 0.01651782
v -0.02604101 -0.04299998 0.01782569
v -0.02731030 -0.04299984 0.01402109
v -0.03064787 -0.04299979 0.01413784
v -0.02691451 -0.04483058 0.01899805
v -0.03184284 -0.04360159 0.01538559
v 0.02949255 -0.04299994 0.01835841
v 0.02869247 -0.04299994 0.01519378
v 0.02582112 -0.04299961 0.01589810
v 0.02710498 -0.04299971 0.01926714
v 0.02899133 -0.04299996 0.01363586
v 0.02860284 -0.04393089 0.01984945
v 0.03181580 -0.04352034 0.01546639
v 0.00004931 -0.04299994 0.03521267
v 0.00160840 -0.04299994 0.03301926
v -0.00046219 -0.04299994 0.03195168
v -0.00158804 -0.04299994 0.03354426
v -0.00223911 -0.03000397 0.01502561
v -0.00128567 -0.04600642 0.01517089
v 0.00784507 -0.04600592 0.01304827
v 0.01400149 -0.04600571 0.00597899
v 0.01484939 -0.04600578 -0.00335672
v 0.01006767 -0.04600620 -0.01141871
v 0.00130699 -0.04597871 -0.01519695
v -0.00800330 -0.04601145 -0.01295040
v -0.01407341 -0.04600974 -0.00580742
v -0.01480828 -0.04600834 0.00353771
v -0.00992909 -0.04600724 0.01154215
v -0.01027256 -0.03000391 0.01125103
v -0.00588783 -0.04500020 0.02802266
v -0.00611492 -0.04633040 0.02753323
v -0.00650888 -0.04658018 0.02373958
v -0.00648459 -0.04500012 0.02373466
v -0.00463892 -0.04499991 0.02035245
v -0.00533073 -0.04713397 0.02106935
v -0.00055036 -0.04499984 0.01834451
v 0.00079718 -0.04746717 0.01845655
v 0.00417137 -0.04499983 0.01984641
v 0.00634032 -0.04499980 0.02326919
v 0.00602340 -0.04499979 0.02789067
v 0.00373743 -0.04600497 0.03041442
v 0.00049522 -0.04498925 0.02926874
v 0.00418289 -0.04499226 0.02561791
v 0.00201148 -0.04499261 0.02128041
v -0.00248333 -0.04499565 0.02165228
v -0.00411560 -0.04498703 0.02622829
v -0.00031313 -0.04396846 0.02179412
v 0.00029887 -0.04199475 0.02187685
v 0.00265959 -0.04399318 0.02343200
v 0.00246779 -0.04188798 0.02350556
v 0.00283607 -0.04193314 0.02587416
v 0.00253022 -0.04395090 0.02707888
v 0.00116233 -0.04192692 0.02763948
v -0.00182082 -0.04396846 0.02765715
v -0.00161609 -0.04199363 0.02774435
v -0.00308864 -0.04198939 0.02384374
v -0.00302746 -0.04398830 0.02421954
v -0.00048447 -0.04145869 0.02240200
v -0.00267629 -0.04144870 0.02479309
v -0.00126598 -0.04146929 0.02723981
v -0.00409329 -0.04700011 0.01350249
v -0.00572925 -0.04700339 -0.01299875
v 0.00193054 -0.04700127 -0.01397540
v -0.01157574 -0.04700127 -0.00806486
v -0.01418299 -0.04700339 -0.00079666
v -0.01138862 -0.04700746 0.00869549
v 0.01178911 -0.04700746 0.00814426
v 0.00362497 -0.04700339 0.01373504
v 0.01413300 -0.04700339 -0.00143183
v 0.00988814 -0.04700746 -0.01037000
v -0.00506215 -0.03501115 -0.03065376
v 0.00479252 -0.03505612 -0.03077738
v 0.02046359 -0.03502562 -0.02338868
v 0.02786406 -0.03504448 -0.01409394
v 0.03100523 -0.03503221 -0.00231062
v 0.03039793 -0.03503189 0.00613856
v 0.02763078 -0.03503115 0.01425024
v 0.02150658 -0.03503116 0.02244989
v 0.01458616 -0.03503189 0.02736712
v 0.00656566 -0.03503115 0.03038785
v -0.00703151 -0.03503115 0.03028343
v -0.01798845 -0.03503002 0.02548930
v -0.02714628 -0.03503000 0.01537420
v -0.03111129 -0.03503000 0.00231843
v -0.02493117 -0.03502997 -0.01856903
v -0.01623489 -0.03503874 -0.02666041
v 0.04049969 0.03505000 -0.01874358
v 0.04047188 0.03900000 -0.01906879
v 0.04001484 0.03505000 -0.01639829
v 0.03948179 0.03900000 -0.01575127
v 0.03737668 0.03505000 -0.01538009
v 0.03665448 0.03900000 -0.01580577
v 0.03535327 0.03505000 -0.01792621
v 0.03539674 0.03900000 -0.01784381
v 0.03713550 0.03900000 -0.02060353
v 0.03767642 0.03505000 -0.02077906
v 0.02415084 0.03505000 -0.03329717
v 0.02392089 0.03900000 -0.03296578
v 0.02007911 0.03505000 -0.03296578
v 0.02024219 0.03900000 -0.03301992
v 0.01950032 0.03900000 -0.03574358
v 0.02004275 0.03505000 -0.03684977
v 0.02161307 0.03900000 -0.03761933
v 0.02370282 0.03505000 -0.03715084
v 0.02417639 0.03900000 -0.03643690
v -0.00538637 0.03899998 -0.04460466
v -0.00594739 0.03331961 -0.04473047
v -0.00854233 0.03900002 -0.04301955
v -0.00367685 0.03504704 -0.04301013
v -0.00329597 0.03900001 -0.04177595
v -0.00847820 0.03508515 -0.04285432
v -0.00748179 0.03505000 -0.03975127
v -0.00738727 0.03900000 -0.03974476
v -0.00498200 0.03900000 -0.03966647
v -0.00384916 0.03505000 -0.04029717
v -0.03360546 0.03505000 -0.01894405
v -0.03355885 0.03900000 -0.01881599
v -0.03404275 0.03505000 -0.01615024
v -0.03415024 0.03900000 -0.01604275
v -0.03681599 0.03505000 -0.01555885
v -0.03738727 0.03900000 -0.01574476
v -0.03859371 0.03505000 -0.01746774
v -0.03850079 0.03900000 -0.01925456
v -0.03770610 0.03505000 -0.01992725
v -0.03539412 0.03505000 -0.02053658
v -0.03525641 0.03900000 -0.02049968
v -0.02771644 0.03505000 -0.01689912
v -0.02774982 0.04186777 -0.01599722
v -0.02840857 0.03505000 -0.01554618
v -0.02959033 0.04189425 -0.01545306
v -0.03040834 0.03505000 -0.01633224
v -0.03044504 0.04184672 -0.01663232
v -0.02892989 0.03505000 -0.01814652
v -0.02974596 0.04189781 -0.01797204
v -0.02813171 0.04188113 -0.01783874
v -0.01535349 0.03505000 -0.02892989
v -0.01549198 0.04186309 -0.02978698
v -0.01594489 0.04187633 -0.02784917
v -0.01633256 0.03505080 -0.02753597
v -0.01785369 0.04188108 -0.02804472
v -0.01814652 0.03505000 -0.02909381
v -0.01761833 0.04187003 -0.03019347
v -0.01667055 0.03505000 -0.03035603
v 0.00144781 0.03505000 -0.03366892
v 0.00137830 0.04190975 -0.03382786
v 0.00087033 0.04188400 -0.03240089
v -0.00019963 0.03505000 -0.03214295
v -0.00059343 0.04189039 -0.03224214
v -0.00129541 0.03505000 -0.03335089
v -0.00141889 0.04187615 -0.03396935
v -0.00050564 0.03505000 -0.03477506
v 0.00013184 0.04187601 -0.03495101
v 0.01814652 0.03505000 -0.02892989
v 0.01775247 0.04187234 -0.03013310
v 0.01778843 0.04188071 -0.02804810
v 0.01689912 0.03505000 -0.02771644
v 0.01639808 0.04189002 -0.02768083
v 0.01554618 0.03505000 -0.02840857
v 0.01533082 0.04187513 -0.02877195
v 0.01633224 0.03505000 -0.03040834
v 0.01596411 0.04190325 -0.03015167
v 0.03013432 0.03505000 -0.01758488
v 0.03040879 0.04188331 -0.01695179
v 0.02931245 0.03505000 -0.01529323
v 0.02963999 0.04186988 -0.01544386
v 0.02812915 0.04188679 -0.01571427
v 0.02770269 0.03505000 -0.01745613
v 0.02760299 0.04186616 -0.01699253
v 0.02903446 0.04187670 -0.01820051
v 0.00129541 0.03505000 0.03335089
v 0.00141278 0.04186470 0.03396910
v 0.00050564 0.03505000 0.03477506
v -0.00013051 0.04188010 0.03495371
v -0.00144781 0.03505000 0.03366892
v -0.00132827 0.04190465 0.03394824
v -0.00094635 0.04189087 0.03243860
v 0.00019963 0.03505000 0.03214295
v 0.00040516 0.04200101 0.03203061
v 0.03040834 0.03505000 0.01633224
v 0.03050214 0.04186096 0.01664143
v 0.02892989 0.03505000 0.01814652
v 0.02927334 0.04189231 0.01811999
v 0.02802853 0.04187169 0.01774905
v 0.02771644 0.03505000 0.01689912
v 0.02767806 0.04187935 0.01647984
v 0.02840857 0.03505000 0.01554618
v 0.02874142 0.04188391 0.01532412
v -0.02766768 0.03505000 0.01682945
v -0.02759994 0.04189463 0.01676828
v -0.02807565 0.04189394 0.01785235
v -0.02909381 0.03505000 0.01814652
v -0.02914232 0.04171189 0.01808579
v -0.03024010 0.04187166 0.01749888
v -0.03036705 0.03505000 0.01630047
v -0.03037451 0.04190846 0.01623366
v -0.02866462 0.04187680 0.01533406
v -0.02859390 0.03505000 0.01549383
v -0.03181235 0.04194482 0.01787900
v -0.03371529 0.03516512 0.01431807
v -0.03502387 0.04194798 0.01024524
v -0.02678653 0.04192904 0.02481658
v -0.02777391 0.03515927 0.02342014
v -0.02116606 0.03513907 0.02965358
v -0.02008979 0.04193259 0.03047019
v -0.01269378 0.04193585 0.03421972
v -0.01083458 0.03517106 0.03479938
v -0.00633336 0.04192606 0.03589533
v -0.00205364 0.03513678 0.03626270
v 0.00031460 0.04194549 0.03649717
v 0.00719392 0.03515200 0.03575009
v 0.00892636 0.04193706 0.03538768
v 0.01695542 0.04191781 0.03234770
v 0.01806559 0.03522280 0.03168053
v 0.02413771 0.04193515 0.02737170
v 0.02720347 0.03512058 0.02422090
v 0.02970155 0.04195024 0.02119702
v 0.03281942 0.03513959 0.01566113
v 0.03352593 0.04194824 0.01435813
v -0.03896287 0.03525020 -0.02192451
v -0.03932627 0.04193659 -0.02181259
v -0.04094151 0.03524324 -0.01891273
v -0.04104628 0.04194529 -0.01839212
v -0.01607767 0.04195535 -0.03763518
v -0.02248647 0.04195977 -0.03359900
v -0.01550319 0.03515194 -0.03793080
v -0.02569929 0.03510039 -0.03111377
v -0.02741987 0.04193739 -0.02978996
v -0.03126571 0.04196959 -0.02560613
v -0.03134894 0.03507390 -0.02534325
v 0.04272399 0.03513626 -0.01347211
v 0.04124448 0.04195553 -0.00884595
v 0.04300000 0.04020000 -0.01386910
v 0.02535383 0.03504986 -0.01804925
v 0.01992642 0.03505000 -0.02374738
v 0.02008115 0.03680000 -0.02361668
v 0.00371528 0.03505042 -0.03095097
v 0.00558244 0.03680000 -0.03049322
v 0.01060171 0.03515875 -0.02930687
v -0.01324774 0.03505005 -0.02813578
v -0.01041207 0.03680000 -0.02919912
v -0.00557962 0.03563330 -0.03049449
v -0.02554077 0.03505002 -0.01774241
v -0.02361668 0.03680000 -0.02008115
v -0.02008115 0.03680000 -0.02361668
v -0.03129739 0.03504998 0.00037106
v -0.03049322 0.03680000 -0.00558244
v -0.02919677 0.03526875 -0.01041467
v 0.02913047 0.03505000 -0.01060262
v 0.02919912 0.03680000 -0.01041207
v 0.03101095 0.03504997 -0.00281150
v 0.03049322 0.03680000 -0.00558244
v -0.02812522 0.03504999 0.01330668
v -0.02879007 0.04185544 0.01230542
v -0.03124085 0.04186344 0.00201528
v -0.02193798 0.03504968 0.02207365
v -0.01855208 0.04176739 0.02513437
v -0.02342231 0.04193706 0.02079398
v -0.01308891 0.03504997 0.02822829
v -0.00963389 0.04180557 0.02977288
v -0.00269849 0.03504999 0.03099813
v -0.00000000 0.04151961 0.03108505
v 0.00801425 0.03504999 0.03006550
v 0.00963389 0.04180557 0.02977288
v 0.01776977 0.03504997 0.02554175
v 0.01907334 0.04188072 0.02484773
v 0.02540279 0.03504999 0.01796702
v 0.02462023 0.04192261 0.01919140
v 0.02876859 0.04186416 0.01234066
v 0.03000130 0.03504999 0.00824587
v 0.03124660 0.04189480 0.00204348
v 0.03058393 0.04166988 -0.00561440
v 0.02945265 0.04189204 -0.01055112
v 0.02406563 0.04188124 -0.02026693
v 0.02361668 0.03680000 -0.02008115
v 0.02025015 0.04188807 -0.02389393
v 0.01545565 0.04151108 -0.02695091
v 0.01054595 0.04189330 -0.02944298
v 0.00556270 0.04190795 -0.03081841
v -0.00011170 0.04149151 -0.03106556
v -0.00555874 0.04191374 -0.03081322
v -0.01056193 0.04189840 -0.02947787
v -0.01555032 0.04150499 -0.02689434
v -0.02022576 0.04191251 -0.02390925
v -0.02386386 0.04189204 -0.02023118
v -0.02959659 0.04188656 -0.01071147
v -0.03058383 0.04167008 -0.00561432
v 0.04050000 -0.03900000 -0.01800000
v 0.04050000 -0.03505000 -0.01800000
v 0.04046202 -0.03900000 -0.01756588
v 0.04046202 -0.03505000 -0.01756588
v 0.04034923 -0.03900000 -0.01714495
v 0.04034923 -0.03505000 -0.01714495
v 0.04016506 -0.03900000 -0.01675000
v 0.04016506 -0.03505000 -0.01675000
v 0.03991511 -0.03900000 -0.01639303
v 0.03991511 -0.03505000 -0.01639303
v 0.03960697 -0.03900000 -0.01608489
v 0.03960697 -0.03505000 -0.01608489
v 0.03925000 -0.03900000 -0.01583494
v 0.03925000 -0.03505000 -0.01583494
v 0.03885505 -0.03900000 -0.01565077
v 0.03885505 -0.03505000 -0.01565077
v 0.03843412 -0.03900000 -0.01553798
v 0.03843412 -0.03505000 -0.01553798
v 0.03800000 -0.03900000 -0.01550000
v 0.03800000 -0.03505000 -0.01550000
v 0.03756588 -0.03900000 -0.01553798
v 0.03756588 -0.03505000 -0.01553798
v 0.03714495 -0.03900000 -0.01565077
v 0.03714495 -0.03505000 -0.01565077
v 0.03675000 -0.03900000 -0.01583494
v 0.03675000 -0.03505000 -0.01583494
v 0.03639303 -0.03900000 -0.01608489
v 0.03639303 -0.03505000 -0.01608489
v 0.03608489 -0.03900000 -0.01639303
v 0.03608489 -0.03505000 -0.01639303
v 0.03583494 -0.03900000 -0.01675000
v 0.03583494 -0.03505000 -0.01675000
v 0.03565077 -0.03900000 -0.01714495
v 0.03565077 -0.03505000 -0.01714495
v 0.03553798 -0.03900000 -0.01756588
v 0.03553798 -0.03505000 -0.01756588
v 0.03550000 -0.03900000 -0.01800000
v 0.03550000 -0.03505000 -0.01800000
v 0.03553798 -0.03900000 -0.01843412
v 0.03553798 -0.03505000 -0.01843412
v 0.03565077 -0.03900000 -0.01885505
v 0.03565077 -0.03505000 -0.01885505
v 0.03583494 -0.03900000 -0.01925000
v 0.03583494 -0.03505000 -0.01925000
v 0.03608489 -0.03900000 -0.01960697
v 0.03608489 -0.03505000 -0.01960697
v 0.03639303 -0.03900000 -0.01991511
v 0.03639303 -0.03505000 -0.01991511
v 0.03675000 -0.03900000 -0.02016506
v 0.03675000 -0.03505000 -0.02016506
v 0.03714495 -0.03900000 -0.02034923
v 0.03714495 -0.03505000 -0.02034923
v 0.03756588 -0.03900000 -0.02046202
v 0.03756588 -0.03505000 -0.02046202
v 0.03800000 -0.03900000 -0.02050000
v 0.03800000 -0.03505000 -0.02050000
v 0.03843412 -0.03900000 -0.02046202
v 0.03843412 -0.03505000 -0.02046202
v 0.03885505 -0.03900000 -0.02034923
v 0.03885505 -0.03505000 -0.02034923
v 0.03925000 -0.03900000 -0.02016506
v 0.03925000 -0.03505000 -0.02016506
v 0.03960697 -0.03900000 -0.01991511
v 0.03960697 -0.03505000 -0.01991511
v 0.03991511 -0.03900000 -0.01960697
v 0.03991511 -0.03505000 -0.01960697
v 0.04016506 -0.03900000 -0.01925000
v 0.04016506 -0.03505000 -0.01925000
v 0.04034923 -0.03900000 -0.01885505
v 0.04034923 -0.03505000 -0.01885505
v 0.04046202 -0.03900000 -0.01843412
v 0.04046202 -0.03505000 -0.01843412
v 0.02450000 -0.03900000 -0.03500000
v 0.02450000 -0.03505000 -0.03500000
v 0.02446202 -0.03900000 -0.03456588
v 0.02446202 -0.03505000 -0.03456588
v 0.02434923 -0.03900000 -0.03414495
v 0.02434923 -0.03505000 -0.03414495
v 0.02416506 -0.03900000 -0.03375000
v 0.02416506 -0.03505000 -0.03375000
v 0.02391511 -0.03900000 -0.03339303
v 0.02391511 -0.03505000 -0.03339303
v 0.02360697 -0.03900000 -0.03308489
v 0.02360697 -0.03505000 -0.03308489
v 0.02325000 -0.03900000 -0.03283494
v 0.02325000 -0.03505000 -0.03283494
v 0.02285505 -0.03900000 -0.03265077
v 0.02285505 -0.03505000 -0.03265077
v 0.02243412 -0.03900000 -0.03253798
v 0.02243412 -0.03505000 -0.03253798
v 0.02200000 -0.03900000 -0.03250000
v 0.02200000 -0.03505000 -0.03250000
v 0.02156588 -0.03900000 -0.03253798
v 0.02156588 -0.03505000 -0.03253798
v 0.02114495 -0.03900000 -0.03265077
v 0.02114495 -0.03505000 -0.03265077
v 0.02075000 -0.03900000 -0.03283494
v 0.02075000 -0.03505000 -0.03283494
v 0.02039303 -0.03900000 -0.03308489
v 0.02039303 -0.03505000 -0.03308489
v 0.02008489 -0.03900000 -0.03339303
v 0.02008489 -0.03505000 -0.03339303
v 0.01983494 -0.03900000 -0.03375000
v 0.01983494 -0.03505000 -0.03375000
v 0.01965077 -0.03900000 -0.03414495
v 0.01965077 -0.03505000 -0.03414495
v 0.01953798 -0.03900000 -0.03456588
v 0.01953798 -0.03505000 -0.03456588
v 0.01950000 -0.03900000 -0.03500000
v 0.01950000 -0.03505000 -0.03500000
v 0.01953798 -0.03900000 -0.03543412
v 0.01953798 -0.03505000 -0.03543412
v 0.01965077 -0.03900000 -0.03585505
v 0.01965077 -0.03505000 -0.03585505
v 0.01983494 -0.03900000 -0.03625000
v 0.01983494 -0.03505000 -0.03625000
v 0.02008489 -0.03900000 -0.03660697
v 0.02008489 -0.03505000 -0.03660697
v 0.02039303 -0.03900000 -0.03691511
v 0.02039303 -0.03505000 -0.03691511
v 0.02075000 -0.03900000 -0.03716506
v 0.02075000 -0.03505000 -0.03716506
v 0.02114495 -0.03900000 -0.03734923
v 0.02114495 -0.03505000 -0.03734923
v 0.02156588 -0.03900000 -0.03746202
v 0.02156588 -0.03505000 -0.03746202
v 0.02200000 -0.03900000 -0.03750000
v 0.02200000 -0.03505000 -0.03750000
v 0.02243412 -0.03900000 -0.03746202
v 0.02243412 -0.03505000 -0.03746202
v 0.02285505 -0.03900000 -0.03734923
v 0.02285505 -0.03505000 -0.03734923
v 0.02325000 -0.03900000 -0.03716506
v 0.02325000 -0.03505000 -0.03716506
v 0.02360697 -0.03900000 -0.03691511
v 0.02360697 -0.03505000 -0.03691511
v 0.02391511 -0.03900000 -0.03660697
v 0.02391511 -0.03505000 -0.03660697
v 0.02416506 -0.03900000 -0.03625000
v 0.02416506 -0.03505000 -0.03625000
v 0.02434923 -0.03900000 -0.03585505
v 0.02434923 -0.03505000 -0.03585505
v 0.02446202 -0.03900000 -0.03543412
v 0.02446202 -0.03505000 -0.03543412
v -0.00439303 -0.03900000 -0.04391511
v -0.00475000 -0.03900000 -0.04416506
v -0.00386423 -0.03468165 -0.04350653
v -0.00514495 -0.03900000 -0.04434923
v -0.00556588 -0.03900000 -0.04446202
v -0.00660941 -0.03349985 -0.04455020
v -0.00600000 -0.03900000 -0.04450000
v -0.00643412 -0.03900000 -0.04446202
v -0.00685505 -0.03900000 -0.04434923
v -0.00725000 -0.03900000 -0.04416506
v -0.00760697 -0.03900000 -0.04391511
v -0.00791511 -0.03900000 -0.04360697
v -0.00830832 -0.03503994 -0.04302341
v -0.00816506 -0.03900000 -0.04325000
v -0.00408489 -0.03900000 -0.04360697
v -0.00383494 -0.03900000 -0.04325000
v -0.00365077 -0.03900000 -0.04285505
v -0.00353798 -0.03900000 -0.04243412
v -0.00353798 -0.03505000 -0.04243412
v -0.00350000 -0.03900000 -0.04200000
v -0.00350000 -0.03505000 -0.04200000
v -0.00353798 -0.03900000 -0.04156588
v -0.00353798 -0.03505000 -0.04156588
v -0.00365077 -0.03900000 -0.04114495
v -0.00365077 -0.03505000 -0.04114495
v -0.00383494 -0.03900000 -0.04075000
v -0.00383494 -0.03505000 -0.04075000
v -0.00408489 -0.03900000 -0.04039303
v -0.00408489 -0.03505000 -0.04039303
v -0.00439303 -0.03900000 -0.04008489
v -0.00439303 -0.03505000 -0.04008489
v -0.00475000 -0.03900000 -0.03983494
v -0.00475000 -0.03505000 -0.03983494
v -0.00514495 -0.03900000 -0.03965077
v -0.00514495 -0.03505000 -0.03965077
v -0.00556588 -0.03900000 -0.03953798
v -0.00556588 -0.03505000 -0.03953798
v -0.00600000 -0.03900000 -0.03950000
v -0.00600000 -0.03505000 -0.03950000
v -0.00643412 -0.03900000 -0.03953798
v -0.00643412 -0.03505000 -0.03953798
v -0.00685505 -0.03900000 -0.03965077
v -0.00685505 -0.03505000 -0.03965077
v -0.00725000 -0.03900000 -0.03983494
v -0.00725000 -0.03505000 -0.03983494
v -0.00760697 -0.03900000 -0.04008489
v -0.00760697 -0.03505000 -0.04008489
v -0.00791511 -0.03900000 -0.04039303
v -0.00791511 -0.03505000 -0.04039303
v -0.00816506 -0.03900000 -0.04075000
v -0.00816506 -0.03505000 -0.04075000
v -0.00834923 -0.03900000 -0.04114495
v -0.00834923 -0.03505000 -0.04114495
v -0.00846202 -0.03900000 -0.04156588
v -0.00846202 -0.03505000 -0.04156588
v -0.00850000 -0.03900000 -0.04200000
v -0.00850000 -0.03505000 -0.04200000
v -0.00846202 -0.03900000 -0.04243412
v -0.00846202 -0.03505000 -0.04243412
v -0.00834923 -0.03900000 -0.04285505
v -0.03350000 -0.03900000 -0.01800000
v -0.03355885 -0.03505000 -0.01881599
v -0.03353798 -0.03900000 -0.01756588
v -0.03415024 -0.03505000 -0.01604275
v -0.03365077 -0.03900000 -0.01714495
v -0.03383494 -0.03900000 -0.01675000
v -0.03408489 -0.03900000 -0.01639303
v -0.03439303 -0.03900000 -0.01608489
v -0.03475000 -0.03900000 -0.01583494
v -0.03514495 -0.03900000 -0.01565077
v -0.03556588 -0.03900000 -0.01553798
v -0.03600000 -0.03900000 -0.01550000
v -0.03738727 -0.03505000 -0.01574476
v -0.03643412 -0.03900000 -0.01553798
v -0.03685505 -0.03900000 -0.01565077
v -0.03725000 -0.03900000 -0.01583494
v -0.03760697 -0.03900000 -0.01608489
v -0.03791511 -0.03900000 -0.01639303
v -0.03816506 -0.03900000 -0.01675000
v -0.03834923 -0.03900000 -0.01714495
v -0.03850079 -0.03505000 -0.01925456
v -0.03846202 -0.03900000 -0.01756588
v -0.03850000 -0.03900000 -0.01800000
v -0.03846202 -0.03900000 -0.01843412
v -0.03834923 -0.03900000 -0.01885505
v -0.03816506 -0.03900000 -0.01925000
v -0.03791511 -0.03900000 -0.01960697
v -0.03760697 -0.03900000 -0.01991511
v -0.03725000 -0.03900000 -0.02016506
v -0.03685505 -0.03900000 -0.02034923
v -0.03643412 -0.03900000 -0.02046202
v -0.03525641 -0.03505000 -0.02049968
v -0.03600000 -0.03900000 -0.02050000
v -0.03556588 -0.03900000 -0.02046202
v -0.03514495 -0.03900000 -0.02034923
v -0.03475000 -0.03900000 -0.02016506
v -0.03439303 -0.03900000 -0.01991511
v -0.03408489 -0.03900000 -0.01960697
v -0.03383494 -0.03900000 -0.01925000
v -0.03365077 -0.03900000 -0.01885505
v -0.03353798 -0.03900000 -0.01843412
v 0.04305273 -0.03207066 -0.04611788
v -0.01081942 -0.03201278 -0.04612317
v 0.04291823 0.03205190 -0.04605165
v -0.01081970 0.03201787 -0.04611350
v -0.04243889 -0.03165549 -0.16126379
v -0.04234607 -0.03183688 -0.18984164
v -0.04233843 -0.03100212 -0.18981557
v -0.04204394 -0.03054624 -0.16114135
v -0.04169383 -0.03048724 -0.18980561
v -0.03045977 -0.04178608 -0.16105331
v -0.03050851 -0.04192195 -0.19005929
v -0.03133671 -0.04255715 -0.16074100
v -0.03150254 -0.04248068 -0.18991543
v -0.04233543 -0.01872563 -0.19444443
v -0.03445980 -0.01910556 -0.19526312
v -0.03333527 -0.01833823 -0.19404097
v -0.04242723 -0.01944392 -0.19658376
v -0.03515676 -0.01901021 -0.19815044
v -0.03490515 -0.01931640 -0.19670662
v -0.04293389 0.03053311 -0.19314449
v -0.04254723 0.03149778 -0.19174701
v -0.04231114 0.03008812 -0.19229087
v -0.04200466 0.03058437 -0.18974392
v -0.04169122 0.03048651 -0.16174488
v -0.04233843 0.03100212 -0.16173296
v -0.04279708 0.03105061 -0.16027601
v -0.03165549 0.04243889 -0.16126379
v -0.03144642 0.04259625 -0.19156231
v -0.03100212 0.04233843 -0.18981557
v -0.03053484 0.04203720 -0.16112596
v -0.03048652 0.04169123 -0.18980362
v -0.03633354 -0.03623586 -0.14531738
v -0.03722002 -0.03720841 -0.14649352
v -0.04171165 -0.03030823 -0.14615889
v -0.03739981 -0.03756735 -0.14734837
v -0.04286436 -0.03091727 -0.14797650
v -0.03617465 0.03636833 -0.14530551
v -0.04138424 0.03042156 -0.14603946
v -0.03720841 0.03722002 -0.14649352
v -0.04284477 0.03087450 -0.14776106
v -0.03758933 0.03738088 -0.14735818
v -0.02062124 0.01060436 -0.11514363
v -0.02088838 0.00900539 -0.11506897
v -0.02085582 0.01163484 -0.11455321
v -0.02061484 -0.01171284 -0.11317317
v -0.02083808 -0.01119247 -0.11201957
v -0.02082924 -0.01127868 -0.11485479
v -0.01272742 -0.00109394 -0.06061994
v -0.01145490 -0.00106818 -0.06186764
v -0.01756852 -0.00105693 -0.06340025
v -0.01554179 -0.00106213 -0.06679173
v 0.00775231 -0.00105522 -0.05524890
v 0.02236694 -0.00102926 -0.05621397
v 0.01409511 -0.00104761 -0.06653192
v -0.01953388 -0.00108561 -0.08018234
v -0.01481581 -0.00104399 -0.07493045
v -0.01736604 -0.00108495 -0.08714353
v -0.00255310 -0.00112895 -0.09213028
v -0.01525368 -0.00102319 -0.10948564
v -0.01704877 -0.00107135 -0.10768413
v 0.03772160 -0.00107297 -0.08443046
v 0.03895866 -0.00108371 -0.08475609
v 0.03213570 -0.00108975 -0.09217065
v 0.03891552 -0.00106714 -0.09965160
v 0.03742349 -0.00106048 -0.09972784
v 0.00216238 -0.00108348 -0.09229779
v 0.01470366 -0.00104356 -0.07477967
v 0.01419111 -0.00104822 -0.10943664
v 0.02718528 -0.00106713 -0.09200680
v -0.02551710 -0.00106970 -0.07165259
v -0.01781968 -0.00105887 -0.07094922
v -0.02163773 -0.00101943 -0.07590643
v -0.02500858 -0.00104915 -0.06814304
v -0.02170413 -0.00107251 -0.06542829
v 0.03901302 -0.00105655 -0.07549053
v 0.01711334 -0.00109751 -0.07078395
v 0.02808731 -0.00104438 -0.05542051
v 0.03003330 -0.00104724 -0.08817805
v 0.03893340 -0.00108740 -0.05538793
v -0.01294624 -0.00111683 -0.07074694
v -0.00197247 -0.00110877 -0.05514187
v 0.00150329 -0.00104650 -0.05544920
v 0.01231487 -0.00109068 -0.07084322
v -0.00060343 -0.00105370 -0.08810370
v 0.02996292 -0.00105570 -0.09622706
v 0.03905137 -0.00107293 -0.10895720
v 0.01716218 -0.00108225 -0.11354581
v 0.03902280 -0.00106234 -0.11833864
v 0.03003410 -0.00103174 -0.13091683
v 0.00224320 -0.00106740 -0.13494997
v 0.01497501 -0.00102229 -0.11791636
v 0.00810865 -0.00111177 -0.14384148
v 0.02719523 -0.00106131 -0.13517731
v 0.02110390 -0.00112695 -0.14401913
v -0.00003700 -0.00105530 -0.09622774
v 0.01224392 -0.00107699 -0.11345336
v -0.01261721 -0.00103768 -0.11364288
v -0.00071180 -0.00105138 -0.13087915
v -0.01349073 -0.00180419 -0.11313047
v -0.01370895 -0.00823764 -0.11364968
v -0.01266936 -0.00981548 -0.11165953
v -0.01344518 -0.00181869 -0.11428422
v -0.01305280 -0.00936585 -0.11507428
v -0.02081624 -0.00932273 -0.11519729
v -0.02083767 -0.00820631 -0.11371233
v -0.02086653 -0.00896691 -0.11192461
v -0.01361643 -0.01168947 -0.11314391
v -0.01324141 -0.01108882 -0.11486831
v -0.00280251 -0.00106253 -0.13517632
v -0.01732630 -0.00110968 -0.12859881
v -0.01704191 -0.00107364 -0.11957347
v -0.02099140 -0.00107077 -0.13798417
v -0.00861627 -0.00112560 -0.14388065
v -0.02509457 -0.00100733 -0.14272864
v -0.01546074 -0.00103719 -0.11769603
v 0.03003393 -0.00102806 -0.13926809
v 0.03198970 -0.00103916 -0.14372607
v 0.02699245 -0.00105975 -0.14345753
v -0.00306769 -0.00104708 -0.14334765
v -0.00063853 -0.00104518 -0.13915445
v 0.00255535 -0.00104227 -0.14269878
v 0.03211424 -0.00109412 -0.13506760
v 0.03771203 -0.00108083 -0.12723285
v 0.03906613 -0.00109570 -0.12774317
v 0.03836919 -0.00108741 -0.14394680
v -0.01586187 -0.04239197 -0.20078616
v -0.01687454 -0.03496636 -0.20044692
v -0.01557494 -0.03469395 -0.20077877
v -0.01761885 -0.04225261 -0.20017269
v -0.01868389 -0.03515818 -0.19890606
v -0.01844319 -0.03491792 -0.19932282
v -0.03038609 -0.03038728 -0.19070444
v -0.03036808 -0.03036902 -0.16057426
v -0.03063262 -0.02251953 -0.20064686
v -0.03050000 -0.02624906 -0.19337603
v -0.03140782 -0.02151698 -0.19017960
v -0.03050000 -0.03050000 -0.20077425
v -0.03030651 0.03037819 -0.19077457
v -0.03046604 0.03046784 -0.16174042
v -0.02631918 -0.03050001 -0.19336541
v -0.02259470 -0.03053579 -0.20064455
v -0.02146744 -0.03144677 -0.19013916
v -0.03053783 -0.04290118 -0.15845618
v 0.00735172 -0.03763282 -0.16651496
v 0.01935091 -0.03271640 -0.15611562
v 0.01892621 -0.04248999 -0.15695861
v -0.02516564 -0.04230217 -0.19300488
v -0.00771352 -0.03735453 -0.17886430
v -0.02924190 -0.04265618 -0.19223557
v -0.02742972 -0.04234937 -0.19302833
v -0.03071922 -0.04294817 -0.19188549
v 0.03045088 -0.04292531 -0.19306043
v 0.03044105 -0.04206331 -0.19117503
v 0.03137931 -0.04257816 -0.19160767
v 0.02831212 -0.04294761 -0.19688413
v -0.01876728 -0.04275239 -0.19429860
v -0.01872532 -0.03319729 -0.19442840
v -0.01918888 -0.03455391 -0.19552231
v -0.01941480 -0.04227239 -0.19621332
v -0.01931891 -0.03494695 -0.19694194
v -0.01906325 -0.04229455 -0.19843723
v 0.03149175 -0.04247127 -0.16168045
v 0.02964066 -0.04229503 -0.15985256
v 0.02823171 -0.04259536 -0.15866075
v 0.03071037 -0.04294994 -0.15970458
v 0.03052119 -0.04185289 -0.16173461
v -0.02942669 -0.04239741 -0.15765235
v -0.03964560 -0.03821570 -0.20576242
v -0.04284455 -0.03446795 -0.20417397
v -0.03759646 -0.03753136 -0.19271959
v -0.04290087 -0.03077234 -0.19151422
v -0.03447106 -0.04283906 -0.20411527
v -0.04243522 -0.02977959 -0.19155253
v -0.04274147 -0.02801185 -0.19303435
v -0.04252556 -0.02509827 -0.19302861
v -0.03735453 -0.00771352 -0.17886430
v -0.04240613 0.01871244 -0.15717228
v -0.03319282 0.01882446 -0.15702099
v -0.03791138 0.00419358 -0.16910437
v -0.04294417 -0.03034962 -0.15799643
v -0.04234600 -0.02944704 -0.15770587
v -0.03089829 -0.04282947 -0.14774524
v -0.04232599 0.02969534 -0.15993398
v -0.04297074 0.02906891 -0.15854432
v -0.02997702 0.02905987 -0.15916848
v -0.04240199 0.02794897 -0.15862279
v -0.02970094 0.02519115 -0.15853116
v -0.04233552 0.02508589 -0.15857063
v -0.03409488 0.01697192 -0.16509396
v -0.03792465 0.00482213 -0.17505421
v -0.03672175 -0.01079862 -0.18785936
v -0.04249274 -0.01643446 -0.20075250
v -0.03455333 -0.01604114 -0.20075198
v -0.03499385 -0.01731515 -0.20020352
v -0.04252532 -0.01883014 -0.19911261
v -0.03518086 -0.01831513 -0.19934583
v -0.03819091 0.03966046 -0.20577860
v -0.03446236 0.04284921 -0.20418219
v -0.03749888 0.03762334 -0.19269665
v -0.04278571 0.03454874 -0.20413285
v -0.02937000 0.04247663 -0.19207494
v -0.02726184 0.02967978 -0.19312815
v -0.02746272 0.04255472 -0.19308098
v -0.02509973 0.04252126 -0.19302505
v -0.02393382 0.02991681 -0.19233304
v -0.03024620 0.04296348 -0.19201533
v -0.03016890 0.04298700 -0.15754481
v -0.02911616 0.04243105 -0.15691908
v 0.00258834 0.03802920 -0.20377426
v 0.03048625 0.04089767 -0.20377365
v -0.03048232 0.04089428 -0.20377381
v 0.02093073 -0.03182879 -0.20377244
v 0.00989996 -0.03680910 -0.20377426
v 0.03049746 -0.04089071 -0.20377386
v 0.03341316 0.01831025 -0.20377281
v 0.03750091 0.00682647 -0.20377426
v 0.04089071 0.03049746 -0.20377383
v 0.04089767 -0.03048625 -0.20377365
v 0.03729906 -0.00908002 -0.20377669
v 0.02557206 0.02827565 -0.20377550
v 0.03606245 0.03606245 -0.20377424
v 0.03050179 -0.02293886 -0.20377748
v 0.03606245 -0.03606245 -0.20377424
v -0.00258834 -0.03802920 -0.20377426
v -0.03047187 -0.04090077 -0.20377356
v -0.04090077 0.03047187 -0.20377356
v -0.03623011 0.01184477 -0.20377426
v -0.03055654 0.02274286 -0.20377329
v -0.01275343 0.03609041 -0.20376913
v 0.01489059 0.03510156 -0.20377508
v -0.01534732 -0.03478881 -0.20376651
v -0.02817394 -0.02614980 -0.20377693
v -0.04089071 -0.03049746 -0.20377383
v -0.03606245 -0.03606245 -0.20377424
v -0.03583498 -0.01300302 -0.20377795
v -0.03811305 -0.00056092 -0.20377426
v -0.02334008 0.02998734 -0.20377424
v -0.03606245 0.03606245 -0.20377424
v -0.01616297 0.03453914 -0.18579289
v -0.00427550 0.03791805 -0.17604625
v 0.01871090 0.04240559 -0.15717359
v 0.01858763 0.03328690 -0.15726724
v 0.00665701 0.03749661 -0.16708519
v -0.02529920 0.02853131 -0.19585681
v -0.04270003 0.02767274 -0.19687332
v -0.04274344 0.02071189 -0.20081632
v -0.04279387 0.02431254 -0.19956559
v -0.03120427 0.02181550 -0.20044178
v -0.03700424 0.00991408 -0.20077847
v -0.03768556 -0.00571994 -0.20077425
v -0.03427476 -0.01951814 -0.19742902
v -0.03412266 -0.01887038 -0.19924174
v -0.03142413 -0.02140646 -0.19828734
v -0.02074377 -0.03193382 -0.20056075
v -0.01951729 -0.03409963 -0.19756931
v -0.00079973 -0.03832055 -0.20077425
v 0.01988135 -0.04261168 -0.20083041
v 0.01729982 -0.03406091 -0.20095453
v -0.00499575 0.03796950 -0.20077425
v -0.01737811 0.03383234 -0.20043699
v -0.01645629 0.04232719 -0.20072213
v 0.00989996 0.03680911 -0.20077425
v 0.02085578 0.04228638 -0.20065598
v 0.02164065 0.03139271 -0.20054851
v -0.01875873 0.03304845 -0.19451214
v -0.01893847 0.04242762 -0.19464588
v -0.01943161 0.03265646 -0.19727930
v -0.01955984 0.04276957 -0.19805616
v -0.01881677 0.04238173 -0.19908208
v 0.02266605 0.03050000 -0.16042803
v 0.02624907 0.03050000 -0.15817246
v 0.01529146 0.03489149 -0.16647261
v 0.02483387 0.04244627 -0.15869610
v -0.00981375 0.03697246 -0.18705079
v 0.00427550 0.03791805 -0.17550226
v 0.02974652 0.04230070 -0.16001360
v 0.03038728 0.03038609 -0.16084409
v 0.03048723 0.04169382 -0.16174288
v 0.02770853 0.04254872 -0.15844662
v 0.02934905 0.04292758 -0.15885268
v 0.03100212 0.04233843 -0.16173296
v 0.03110612 0.04275682 -0.16055283
v 0.03058836 0.04200690 -0.18973136
v 0.03039985 0.03040656 -0.19068521
v -0.03091727 0.04286436 -0.14797650
v -0.02399000 -0.02323928 -0.13648550
v -0.02633946 -0.02633016 -0.13960543
v -0.02429870 0.02428644 -0.13716026
v -0.03275949 0.03277491 -0.14404693
v -0.03240421 -0.03243073 -0.14389037
v -0.02915445 -0.02914420 -0.14199986
v -0.02946267 0.02947482 -0.14222170
v -0.02659383 0.02658821 -0.13986436
v -0.02214904 0.02124074 -0.13293844
v -0.02197935 -0.02114143 -0.13248707
v -0.02100842 0.01965944 -0.12780534
v -0.02091874 -0.02001098 -0.12770279
v 0.03877705 0.00103084 -0.14368610
v 0.03845231 0.00101661 -0.12758604
v 0.03232184 0.00104924 -0.13519438
v -0.00015374 0.00102174 -0.13926928
v -0.00315825 0.00104854 -0.14267989
v 0.00194453 0.00102044 -0.14355285
v 0.02916694 0.00105840 -0.13923295
v 0.02684175 0.00104854 -0.14267989
v 0.03242613 0.00101867 -0.14302455
v 0.01446954 0.00105265 -0.10956988
v 0.02719245 0.00106672 -0.09205980
v 0.00229857 0.00105470 -0.09211177
v 0.01502662 0.00101210 -0.07515414
v 0.03976717 0.00140761 -0.10439599
v 0.03978271 0.00141437 -0.08000259
v 0.03125076 0.00141440 -0.09220707
v -0.01582064 0.00103943 -0.07513448
v -0.01948269 0.00108142 -0.08004875
v -0.00266869 0.00109443 -0.09220611
v -0.01733254 0.00106732 -0.08669583
v -0.01712846 0.00111102 -0.10788550
v -0.01549626 0.00106195 -0.10961568
v 0.03903525 0.00106317 -0.11831747
v 0.03903895 0.00107293 -0.10891782
v 0.01717500 0.00108188 -0.11379118
v 0.02987338 0.00104593 -0.13100582
v 0.03028341 0.00105620 -0.09643728
v 0.00223872 0.00106940 -0.13517198
v 0.00826888 0.00110764 -0.14391822
v 0.02137076 0.00108603 -0.14374946
v 0.02720427 0.00106616 -0.13495153
v 0.01447403 0.00102270 -0.11791529
v 0.01233427 0.00109646 -0.11362837
v -0.00008380 0.00105819 -0.09620445
v -0.00052504 0.00102006 -0.13076931
v -0.01290604 0.00110182 -0.11370657
v -0.01321361 0.00895563 -0.11491596
v -0.01350141 0.00834543 -0.11270980
v -0.02083089 0.00819422 -0.11316475
v -0.01307395 0.01068662 -0.11504392
v -0.01371632 0.01176230 -0.11365016
v -0.02083568 0.01154829 -0.11255717
v -0.01282712 0.01066373 -0.11188473
v -0.02082261 0.00983658 -0.11164648
v -0.01370712 0.00199117 -0.11368082
v -0.01705137 0.00107293 -0.11959568
v -0.01742867 0.00109619 -0.12969750
v -0.00281168 0.00106452 -0.13490340
v -0.00895396 0.00105329 -0.14374670
v -0.01496651 0.00103241 -0.11780345
v -0.02024449 0.00104308 -0.13714020
v -0.02527094 0.00104437 -0.14305799
v -0.02435013 0.00105409 -0.14385793
v -0.02105714 -0.01981059 -0.08751055
v -0.02097917 0.01991574 -0.08869734
v 0.03901993 0.00105390 -0.07546724
v 0.02806276 0.00104438 -0.05543328
v 0.01709095 0.00110388 -0.07086211
v 0.02941584 0.00104724 -0.08817805
v 0.03866616 0.00106374 -0.05530125
v 0.01216604 0.00106466 -0.07046062
v 0.00142160 0.00110877 -0.05514187
v -0.00209492 0.00111096 -0.05519708
v -0.00060174 0.00104070 -0.08816543
v -0.01297779 0.00112645 -0.07065295
v -0.01776937 0.00107403 -0.07038821
v -0.02530125 0.00109607 -0.07235736
v -0.02199143 0.00102941 -0.07606506
v -0.02199008 0.00102442 -0.06554213
v -0.02533943 0.00105950 -0.06875250
v 0.01448638 0.00104901 -0.06676911
v 0.02217915 0.00101678 -0.05609639
v 0.00737862 0.00104549 -0.05551585
v -0.01533285 0.00103070 -0.06661121
v -0.01164030 0.00103888 -0.06181100
v -0.01764054 0.00107877 -0.06318779
v -0.01269251 0.00108535 -0.06060377
v -0.02795277 0.01991212 -0.07529432
v -0.02833700 -0.01950721 -0.07488550
v -0.02449154 0.02008311 -0.07938650
v -0.02372581 -0.01958131 -0.08071506
v -0.02235150 0.01969679 -0.08342426
v -0.02144571 -0.02305050 -0.06444472
v -0.02087510 -0.00183054 -0.06489538
v -0.02261966 -0.00189325 -0.06486036
v -0.01680074 -0.02108922 -0.07088528
v -0.01714292 -0.00167023 -0.07020293
v -0.01706540 -0.00195519 -0.07143199
v -0.00245288 -0.00199960 -0.05450331
v -0.00894102 -0.02340417 -0.06348930
v -0.00472181 -0.02861008 -0.05746900
v -0.01368536 -0.00183951 -0.07083776
v -0.01375679 -0.02108851 -0.07083122
v -0.00182447 -0.03512496 -0.05413632
v 0.00186127 -0.00184606 -0.05452470
v 0.00282033 -0.03175760 -0.05530609
v 0.00835069 -0.02343374 -0.06343712
v 0.01319897 -0.02108495 -0.07089056
v 0.01292512 -0.00197055 -0.07013827
v 0.01296949 -0.00208406 -0.07139939
v 0.02015837 -0.02281947 -0.06478027
v 0.02482099 -0.02774314 -0.05812007
v 0.02758178 -0.00182752 -0.05454160
v 0.01629501 -0.00201949 -0.07081711
v 0.01623133 -0.02109162 -0.07085228
v 0.02761728 -0.03421163 -0.05443623
v 0.03857043 -0.00206642 -0.05439257
v 0.03951181 -0.03343141 -0.05467248
v 0.03984542 -0.00207723 -0.05541923
v -0.02883960 -0.02051514 -0.07187437
v -0.02945491 -0.01964845 -0.07071530
v -0.02898016 -0.02052630 -0.06722812
v -0.02835161 -0.02123020 -0.06898649
v -0.02670803 -0.02233081 -0.06434212
v -0.02654318 -0.02161341 -0.06301138
v -0.02070803 -0.02448278 -0.06177882
v -0.02683621 -0.02086343 -0.07518467
v -0.02529970 -0.00177775 -0.06696830
v -0.02606453 -0.02168839 -0.06785263
v -0.02640980 -0.00185243 -0.06994852
v -0.02615232 -0.02098677 -0.07273215
v -0.02552483 -0.00174717 -0.07351883
v -0.01590114 -0.02181800 -0.06762988
v -0.01654064 -0.00203557 -0.06708460
v -0.01541997 -0.00212426 -0.06759404
v -0.01413447 -0.00166981 -0.06707489
v -0.01398629 -0.02196831 -0.06712573
v -0.01833251 -0.00171730 -0.06435085
v -0.01865672 -0.02367710 -0.06320870
v -0.01809329 -0.00186959 -0.06265569
v -0.01310304 -0.00202991 -0.05989774
v -0.01265654 -0.02628091 -0.05973455
v -0.01043259 -0.02471176 -0.06157533
v -0.01080548 -0.00202432 -0.06252222
v -0.01081032 -0.00213808 -0.06097249
v -0.01165935 -0.00161042 -0.06024906
v 0.02317979 -0.02938080 -0.05692679
v 0.02327827 -0.00194307 -0.05631772
v 0.02251952 -0.03386265 -0.05456229
v 0.02205199 -0.00165412 -0.05457370
v 0.01566410 -0.02187067 -0.06742869
v 0.01568063 -0.00208683 -0.06738364
v 0.01943341 -0.02419137 -0.06232747
v 0.01365935 -0.02189402 -0.06734540
v 0.01373329 -0.00197060 -0.06732624
v 0.00604412 -0.03060105 -0.05607167
v 0.00620356 -0.00195016 -0.05656961
v 0.00966820 -0.02452488 -0.06183126
v 0.00725121 -0.00209853 -0.05449366
v 0.00769818 -0.03455461 -0.05434924
v -0.00182281 -0.00204919 -0.09224338
v -0.00179374 -0.02100000 -0.09225966
v -0.01409992 -0.00181075 -0.10995710
v -0.01452028 -0.02100000 -0.11039922
v -0.01542636 -0.00165130 -0.11030671
v -0.01754044 -0.02100000 -0.10923728
v -0.01646664 -0.00176290 -0.10989942
v -0.01787424 -0.00193320 -0.10797888
v -0.01816057 -0.00191577 -0.08694028
v -0.01825332 -0.02100000 -0.08702298
v -0.02045155 -0.02100000 -0.08020706
v -0.02038095 -0.00195630 -0.08024528
v -0.01620760 -0.00158806 -0.07439806
v -0.01603059 -0.02100000 -0.07403713
v -0.01446897 -0.00198768 -0.07411561
v -0.01406096 -0.02100000 -0.07438195
v 0.03706948 -0.00197603 -0.08381692
v 0.03715377 -0.02100000 -0.08370002
v 0.03893752 -0.00203730 -0.08384471
v 0.03971205 -0.02100000 -0.08428551
v 0.03985386 -0.00194592 -0.08495127
v 0.03991036 -0.00204934 -0.09935232
v 0.03964920 -0.02100000 -0.10023174
v 0.03881384 -0.00195268 -0.10067715
v 0.03707007 -0.02100000 -0.10069405
v 0.03692349 -0.00187190 -0.10046273
v 0.03131349 -0.00190578 -0.09229503
v 0.03124288 -0.02100000 -0.09217669
v 0.02820626 -0.02100000 -0.09225966
v 0.02786004 -0.00168514 -0.09279808
v 0.02791803 -0.00196138 -0.09155583
v 0.01554319 -0.00195232 -0.11029559
v 0.01547972 -0.02100000 -0.11039922
v 0.01362000 -0.00201922 -0.11007688
v 0.01351010 -0.02100000 -0.11005440
v 0.00142118 -0.00208134 -0.09268662
v 0.00124419 -0.02100000 -0.09218043
v 0.00160771 -0.00191013 -0.09144593
v 0.01362103 -0.00184457 -0.07440822
v 0.01396941 -0.02100000 -0.07403713
v 0.01555569 -0.00189565 -0.07414865
v 0.01593905 -0.02100000 -0.07438195
v 0.00097236 -0.00151882 -0.08828369
v 0.00099209 -0.02100000 -0.08857050
v -0.00011137 -0.00196763 -0.08898862
v -0.00097215 -0.02100000 -0.08903196
v -0.00155299 -0.00193037 -0.08847150
v -0.02173872 -0.02100000 -0.07723349
v -0.02070525 -0.00174580 -0.07648752
v -0.02189464 -0.00219570 -0.07698270
v -0.02267738 -0.00163518 -0.07664004
v -0.02279464 -0.02089640 -0.08018716
v -0.02007813 -0.02088021 -0.08741278
v -0.01959160 -0.02100945 -0.12772751
v -0.01808796 -0.00209146 -0.12846413
v -0.01807459 -0.02106737 -0.12791033
v -0.01786941 -0.00191155 -0.11929977
v -0.01793399 -0.02100000 -0.11926626
v -0.01654620 -0.00197039 -0.11736266
v -0.01522303 -0.02100000 -0.11654320
v -0.01537164 -0.00196171 -0.11689102
v -0.01412488 -0.00176266 -0.11733294
v -0.01374070 -0.02099997 -0.11363047
v -0.00119365 -0.00188019 -0.09562590
v -0.00139124 -0.02100000 -0.09565015
v 0.00076535 -0.02100000 -0.09564813
v 0.00082990 -0.00206148 -0.09576665
v 0.01310500 -0.00182680 -0.11366545
v 0.01320626 -0.02100000 -0.11368188
v 0.01368572 -0.00157129 -0.11732966
v 0.01382876 -0.02100000 -0.11697505
v 0.01515819 -0.00209854 -0.11687872
v 0.01582307 -0.02100000 -0.11711980
v 0.01585285 -0.00171466 -0.11734989
v 0.01657437 -0.00191872 -0.11436494
v 0.01624419 -0.02100000 -0.11360266
v 0.01646354 -0.00206387 -0.11308883
v 0.02886981 -0.00183381 -0.09562637
v 0.02977697 -0.02100000 -0.09512098
v 0.03082990 -0.00206148 -0.09576664
v 0.03987424 -0.00193321 -0.10866343
v 0.03995090 -0.02100000 -0.10868143
v 0.03986941 -0.00191155 -0.11861949
v 0.03989186 -0.02087102 -0.11878157
v 0.04000411 -0.02134680 -0.06888429
v 0.03993399 -0.02100000 -0.07580855
v 0.03987736 -0.00191810 -0.07576495
v 0.04000235 -0.02550211 -0.06037549
v 0.03069550 -0.00203497 -0.08879403
v 0.03047972 -0.02100000 -0.08897699
v 0.02851010 -0.02100000 -0.08863217
v 0.02885196 -0.00175054 -0.08874382
v 0.03121273 -0.02315619 -0.13520508
v 0.03129066 -0.00202018 -0.13507290
v 0.03752432 -0.00199201 -0.14429495
v 0.03835422 -0.03469597 -0.14487693
v 0.03571773 -0.02906568 -0.14187904
v 0.03763003 -0.02096159 -0.12622532
v 0.03713482 -0.00202696 -0.12660824
v 0.03994682 -0.02108498 -0.12779443
v 0.03989368 -0.00209044 -0.12779312
v 0.03890840 -0.00208240 -0.12669584
v 0.03979755 -0.00205196 -0.14378290
v 0.04000080 -0.02402188 -0.13710168
v 0.03966073 -0.03272377 -0.14408633
v 0.03099897 -0.00198902 -0.13135059
v 0.03054576 -0.02188100 -0.13179390
v 0.02836371 -0.02167830 -0.13135457
v 0.02846798 -0.00167577 -0.13122311
v 0.02967596 -0.00182425 -0.13181472
v 0.02823718 -0.02313761 -0.13513568
v 0.02794698 -0.00182734 -0.13451998
v 0.02358242 -0.02109622 -0.12803417
v 0.02787925 -0.00194052 -0.13577883
v 0.02166925 -0.00201902 -0.14455497
v 0.02383857 -0.02884035 -0.14172454
v 0.02159201 -0.03421673 -0.14462422
v 0.00784935 -0.00197543 -0.14458402
v 0.00784750 -0.03422243 -0.14461920
v 0.00121273 -0.02315619 -0.13520508
v 0.00149071 -0.00184753 -0.13557366
v 0.00571773 -0.02906568 -0.14187904
v 0.00156400 -0.00196672 -0.13433290
v 0.00561278 -0.02114758 -0.12839749
v 0.00056188 -0.00185806 -0.13166565
v 0.00069686 -0.02176087 -0.13171078
v -0.00163663 -0.02167983 -0.13136113
v -0.00141519 -0.00198153 -0.13149834
v -0.00177897 -0.02309866 -0.13493887
v -0.00205301 -0.00182733 -0.13451998
v -0.00641758 -0.02109622 -0.12803417
v -0.00211452 -0.00195011 -0.13576780
v -0.00837055 -0.00210629 -0.14458658
v -0.00553802 -0.02758819 -0.14083767
v -0.00840795 -0.03421672 -0.14462419
v -0.02471344 -0.00152918 -0.14450023
v -0.02486082 -0.03443733 -0.14467408
v -0.02634965 -0.03015650 -0.14266348
v -0.02586616 -0.00172048 -0.14192301
v -0.02612282 -0.00193975 -0.14330669
v -0.01957661 -0.02251688 -0.13364460
v -0.01996189 -0.00162958 -0.13480094
v -0.02303354 -0.02590110 -0.13898245
v -0.02321740 -0.00200871 -0.13919035
v -0.02301412 -0.02417974 -0.13669601
v -0.02071342 -0.02208544 -0.13252360
v -0.03439772 -0.03740979 -0.14550368
v -0.03042158 -0.04138405 -0.14603935
v 0.03343006 -0.00196156 -0.14235961
v 0.03364620 -0.03054765 -0.14298886
v 0.03256751 -0.00198816 -0.14450306
v 0.03199238 -0.03456983 -0.14471199
v 0.02691388 -0.00186400 -0.14449047
v 0.02733917 -0.03448012 -0.14468758
v 0.02581234 -0.03040840 -0.14284869
v 0.02611568 -0.00161165 -0.14245614
v 0.02907146 -0.02538199 -0.13828096
v 0.02860138 -0.00167020 -0.13876322
v 0.03093624 -0.02569288 -0.13865431
v 0.03104158 -0.00192703 -0.13885096
v 0.02996525 -0.00181905 -0.13832428
v -0.00029969 -0.00201430 -0.13829350
v -0.00096611 -0.02538862 -0.13828970
v 0.00093958 -0.02569080 -0.13865180
v 0.00061004 -0.00156477 -0.13864940
v -0.00154268 -0.00205775 -0.13876174
v 0.00329657 -0.00195202 -0.14208075
v 0.00364751 -0.03053283 -0.14296839
v 0.00321895 -0.00179720 -0.14358333
v 0.00214580 -0.00206480 -0.14464019
v 0.00199094 -0.03456017 -0.14471239
v -0.00252917 -0.00181917 -0.14462112
v -0.00331146 -0.03386582 -0.14449878
v -0.00384991 -0.00178997 -0.14220481
v -0.00380004 -0.00201665 -0.14368831
v -0.00398712 -0.02949700 -0.14218929
v 0.03843482 -0.00207989 -0.14470619
v 0.03037978 -0.03028459 -0.19081135
v 0.03028474 -0.03037879 -0.16073757
v 0.02401759 -0.02990738 -0.15917239
v 0.02518846 -0.04237750 -0.15852793
v 0.02725894 -0.02967937 -0.15841922
v 0.01655542 -0.03430169 -0.16543670
v 0.00482213 -0.03792465 -0.17505421
v -0.00854278 -0.03717364 -0.18600905
v 0.00044243 -0.01340979 -0.14777818
v 0.01349615 0.00038781 -0.14778633
v -0.01300674 0.00303750 -0.14774270
v 0.01101231 -0.01135135 -0.14802945
v 0.01135135 0.01101231 -0.14802945
v 0.00030901 0.01501848 -0.14797242
v -0.01101231 0.01135135 -0.14802945
v -0.01135135 -0.01101231 -0.14802945
v 0.01353822 -0.01621846 -0.14893316
v 0.02189846 -0.00201461 -0.14925915
v 0.01675743 0.01339250 -0.14900477
v 0.00201461 0.02189846 -0.14925915
v -0.01339250 0.01675743 -0.14900477
v -0.02189846 0.00201461 -0.14925915
v -0.01675743 -0.01339250 -0.14900477
v -0.00393609 -0.02105539 -0.14914505
v 0.00493935 -0.02538154 -0.15072764
v -0.01197217 -0.02309681 -0.15076929
v 0.01878555 -0.01799171 -0.15076779
v 0.02598072 -0.00129538 -0.15076838
v 0.01944313 0.01762120 -0.15076540
v 0.00129538 0.02598072 -0.15076838
v -0.01762120 0.01944313 -0.15076540
v -0.02598302 0.00129550 -0.15076929
v -0.02231625 -0.01271159 -0.15077327
v -0.02213595 -0.03114451 -0.15102041
v -0.03140922 -0.02149367 -0.15091769
v -0.02686094 -0.02688760 -0.15412836
v -0.04229412 -0.02080058 -0.15089136
v -0.04258048 -0.02413670 -0.15200399
v -0.04253789 -0.02735804 -0.15447067
v -0.02873715 -0.02874006 -0.15639205
v -0.04238984 0.01949778 -0.15438102
v -0.03277671 0.01923761 -0.15330082
v -0.04246519 0.01814016 -0.15171303
v -0.03421993 0.01661309 -0.15084730
v -0.04251868 0.01618249 -0.15074274
v -0.02777794 0.02616021 -0.15076804
v -0.02866939 0.02507378 -0.15607749
v -0.02210753 0.03100417 -0.15100004
v -0.01969481 0.04276508 -0.15063378
v -0.02309142 0.04278358 -0.15145439
v -0.02628874 0.04260014 -0.15347099
v 0.01949845 0.04239075 -0.15438293
v 0.01935381 0.03270667 -0.15328540
v 0.01814016 0.04246519 -0.15171303
v 0.01630220 0.03435169 -0.15080810
v 0.01618618 0.04251756 -0.15074424
v 0.02266605 0.03050000 -0.15077426
v 0.03050000 0.03050000 -0.15077426
v 0.02604916 -0.02786515 -0.15076627
v 0.02455422 -0.02905918 -0.15693076
v 0.03038383 -0.02299519 -0.15120028
v 0.01665364 -0.03419580 -0.15083334
v 0.01890429 -0.03297054 -0.15279362
v 0.01670305 -0.04278281 -0.15069208
v 0.01811818 -0.04234504 -0.15172997
v 0.01944216 -0.04242478 -0.15413147
v -0.02773119 -0.04277662 -0.15477546
v -0.02480264 -0.04260197 -0.15240359
v -0.02072914 -0.04277595 -0.15071967
v 0.02967956 -0.02725894 -0.19312927
v 0.02894938 -0.02464458 -0.19485834
v 0.02991399 -0.02398036 -0.19235781
v 0.02746967 -0.04229909 -0.19694971
v 0.02461167 -0.02901022 -0.19923203
v 0.02337092 -0.04261697 -0.19989972
v 0.04177845 -0.03045438 -0.16104752
v 0.04185289 -0.03052119 -0.18981388
v 0.04237746 -0.03100899 -0.16112621
v 0.04247520 -0.03150376 -0.18986887
v 0.04283337 -0.03099611 -0.15904406
v 0.04023375 -0.03751468 -0.20619877
v 0.03770536 -0.03434344 -0.20688766
v 0.03700232 -0.03509809 -0.20608389
v 0.03684760 -0.03525885 -0.20598936
v 0.03651551 -0.03560385 -0.20584169
v 0.03612816 -0.03599678 -0.20577292
v 0.03813589 -0.03973291 -0.20590676
v 0.03587736 -0.03624659 -0.20578563
v 0.03550075 -0.03661718 -0.20585714
v 0.03532749 -0.03678483 -0.20594886
v 0.03481803 -0.03726594 -0.20631821
v 0.03425314 -0.03778548 -0.20708568
v 0.03656089 -0.04107440 -0.20849773
v 0.03390173 -0.03810081 -0.20832877
v 0.03395495 -0.03805340 -0.20799878
v 0.03399214 -0.03802017 -0.20782322
v 0.03408884 -0.03793350 -0.20750567
v 0.03388729 -0.03811367 -0.20851184
v 0.03387868 -0.03812132 -0.20877425
v 0.03388724 -0.03811371 -0.20903595
v 0.03389798 -0.03810415 -0.20918863
v 0.03401137 -0.03800296 -0.20980778
v 0.03408840 -0.03793390 -0.21004157
v 0.03417850 -0.03785274 -0.21027425
v 0.03760605 -0.04013639 -0.21126629
v 0.03440079 -0.03765084 -0.21070261
v 0.03467310 -0.03740022 -0.21107239
v 0.03498618 -0.03710750 -0.21137233
v 0.03515421 -0.03694836 -0.21149279
v 0.03532961 -0.03678068 -0.21159333
v 0.03550990 -0.03660665 -0.21167228
v 0.03963956 -0.03813782 -0.21175173
v 0.03569220 -0.03642893 -0.21172868
v 0.03587637 -0.03624757 -0.21176274
v 0.03606245 -0.03606245 -0.21177424
v 0.03624745 -0.03587649 -0.21176276
v 0.03642903 -0.03569226 -0.21173500
v 0.03660659 -0.03550996 -0.21167231
v 0.03678068 -0.03532961 -0.21159333
v 0.03694826 -0.03515432 -0.21149287
v 0.03710750 -0.03498618 -0.21137233
v 0.03740022 -0.03467310 -0.21107239
v 0.03765084 -0.03440079 -0.21070261
v 0.03785274 -0.03417850 -0.21027425
v 0.04098410 -0.03667742 -0.20934363
v 0.03810103 -0.03390147 -0.20921834
v 0.03805309 -0.03395530 -0.20955148
v 0.03800474 -0.03400936 -0.20979701
v 0.03793385 -0.03408846 -0.21004172
v 0.03802581 -0.03398587 -0.20784947
v 0.03810424 -0.03389789 -0.20836177
v 0.03811375 -0.03388719 -0.20851333
v 0.03812132 -0.03387868 -0.20877425
v 0.03811374 -0.03388721 -0.20903543
v 0.03785274 -0.03417850 -0.21727425
v 0.03765084 -0.03440079 -0.21684588
v 0.04022298 -0.03751057 -0.21619554
v 0.03740022 -0.03467310 -0.21647611
v 0.03710750 -0.03498618 -0.21617617
v 0.03694753 -0.03515508 -0.21605514
v 0.03678068 -0.03532961 -0.21595517
v 0.03660748 -0.03550905 -0.21587653
v 0.03643137 -0.03569005 -0.21581410
v 0.03624635 -0.03587760 -0.21578561
v 0.03606245 -0.03606245 -0.21577425
v 0.03744685 -0.04029103 -0.21625984
v 0.03587736 -0.03624659 -0.21578564
v 0.03569220 -0.03642893 -0.21581982
v 0.03550859 -0.03660792 -0.21587671
v 0.03532961 -0.03678068 -0.21595517
v 0.03515513 -0.03694749 -0.21605511
v 0.03498618 -0.03710750 -0.21617617
v 0.03467310 -0.03740022 -0.21647611
v 0.03440079 -0.03765084 -0.21684588
v 0.03417850 -0.03785274 -0.21727425
v 0.03394390 -0.03806368 -0.21798047
v 0.03668006 -0.04098378 -0.21927278
v 0.03400476 -0.03800902 -0.21776316
v 0.03388729 -0.03811367 -0.21851185
v 0.03387868 -0.03812132 -0.21877424
v 0.03388724 -0.03811371 -0.21903595
v 0.03389798 -0.03810416 -0.21918856
v 0.03398699 -0.03802481 -0.21970330
v 0.03415312 -0.03787548 -0.22022137
v 0.03760553 -0.04013669 -0.22126588
v 0.03453166 -0.03753137 -0.22091070
v 0.03474691 -0.03733024 -0.22119451
v 0.03559810 -0.03652146 -0.22171520
v 0.03963859 -0.03813778 -0.22175199
v 0.03606245 -0.03606245 -0.22177425
v 0.03624745 -0.03587649 -0.22176276
v 0.03645144 -0.03567006 -0.22173043
v 0.03700769 -0.03509233 -0.22145963
v 0.03755555 -0.03450051 -0.22087775
v 0.03772283 -0.03432209 -0.22062151
v 0.04098490 -0.03667818 -0.21934374
v 0.03810104 -0.03390148 -0.21921830
v 0.03805309 -0.03395530 -0.21955147
v 0.03802008 -0.03399224 -0.21972555
v 0.03793385 -0.03408846 -0.22004172
v 0.03800459 -0.03400967 -0.21774229
v 0.03806652 -0.03394086 -0.21798541
v 0.03811375 -0.03388719 -0.21851332
v 0.03812132 -0.03387868 -0.21877424
v 0.03811374 -0.03388721 -0.21903543
v 0.01962249 -0.04294446 -0.15275735
v 0.01981693 -0.04296147 -0.15672025
v -0.02547201 -0.04292662 -0.19379613
v 0.03450779 -0.04281565 -0.20418741
v 0.02199198 -0.04298124 -0.20123859
v -0.01760553 -0.04291123 -0.20094836
v -0.02001090 -0.04291365 -0.19706701
v 0.02523311 -0.04294513 -0.15784122
v 0.03088085 -0.04289573 -0.14807478
v 0.03084609 -0.04170642 -0.14621006
v -0.03802924 -0.03975049 -0.21578552
v -0.03440079 -0.03765084 -0.21684588
v -0.03467310 -0.03740022 -0.21647611
v -0.03498618 -0.03710750 -0.21617617
v -0.03515513 -0.03694749 -0.21605511
v -0.03532961 -0.03678068 -0.21595517
v -0.03550859 -0.03660792 -0.21587671
v -0.03568861 -0.03643278 -0.21581444
v -0.03587736 -0.03624659 -0.21578564
v -0.03606245 -0.03606245 -0.21577425
v -0.03624635 -0.03587760 -0.21578561
v -0.03642893 -0.03569220 -0.21581982
v -0.03660748 -0.03550905 -0.21587653
v -0.04032954 -0.03740348 -0.21644677
v -0.03678068 -0.03532961 -0.21595517
v -0.03694753 -0.03515508 -0.21605514
v -0.03710750 -0.03498618 -0.21617617
v -0.03740022 -0.03467310 -0.21647611
v -0.03765084 -0.03440079 -0.21684588
v -0.03785274 -0.03417850 -0.21727425
v -0.03801271 -0.03400061 -0.21777663
v -0.04102689 -0.03663087 -0.21907339
v -0.03806436 -0.03394311 -0.21798237
v -0.03811375 -0.03388719 -0.21851332
v -0.03812132 -0.03387868 -0.21877424
v -0.03811374 -0.03388721 -0.21903543
v -0.03810366 -0.03389852 -0.21919590
v -0.03805309 -0.03395530 -0.21955147
v -0.03802474 -0.03398703 -0.21970583
v -0.03793385 -0.03408846 -0.22004172
v -0.03772568 -0.03432110 -0.22061428
v -0.03970063 -0.03807149 -0.22167209
v -0.03706270 -0.03503494 -0.22141461
v -0.03657404 -0.03554359 -0.22169043
v -0.03624745 -0.03587649 -0.22176276
v -0.03613378 -0.03599098 -0.22177577
v -0.03587637 -0.03624757 -0.22176275
v -0.03776814 -0.03998376 -0.22143716
v -0.03561169 -0.03650859 -0.22171767
v -0.03530581 -0.03680366 -0.22158888
v -0.03502858 -0.03706770 -0.22140996
v -0.03455127 -0.03751024 -0.22093846
v -0.03432913 -0.03771660 -0.22062768
v -0.03661883 -0.04103807 -0.21892582
v -0.03408840 -0.03793390 -0.22004156
v -0.03399311 -0.03801932 -0.21972835
v -0.03395536 -0.03805304 -0.21955174
v -0.03390164 -0.03810089 -0.21921988
v -0.03388724 -0.03811371 -0.21903595
v -0.03387868 -0.03812132 -0.21877424
v -0.03388729 -0.03811367 -0.21851185
v -0.03394113 -0.03806611 -0.21798606
v -0.03401735 -0.03799776 -0.21771498
v -0.03417850 -0.03785274 -0.21727425
v -0.03752332 -0.04022823 -0.20632645
v -0.03432110 -0.03772568 -0.20693423
v -0.03508984 -0.03701014 -0.20608936
v -0.03525837 -0.03684808 -0.20599003
v -0.03560861 -0.03651087 -0.20583999
v -0.03587736 -0.03624659 -0.20578563
v -0.03599087 -0.03613406 -0.20577273
v -0.03624635 -0.03587760 -0.20578560
v -0.03653684 -0.03558278 -0.20583689
v -0.03707096 -0.03502404 -0.20614293
v -0.03751383 -0.03455072 -0.20661283
v -0.03771671 -0.03432901 -0.20692100
v -0.04094043 -0.03672804 -0.20809054
v -0.03793380 -0.03408851 -0.20750661
v -0.03801924 -0.03399320 -0.20781983
v -0.03805320 -0.03395518 -0.20799764
v -0.03810091 -0.03390162 -0.20832881
v -0.03811375 -0.03388719 -0.20851333
v -0.03812132 -0.03387868 -0.20877425
v -0.03811374 -0.03388721 -0.20903543
v -0.04059938 -0.03711307 -0.21080106
v -0.03810365 -0.03389852 -0.20919594
v -0.03805309 -0.03395530 -0.20955148
v -0.03800555 -0.03400837 -0.20979829
v -0.03793385 -0.03408846 -0.21004172
v -0.03785274 -0.03417850 -0.21027425
v -0.03765084 -0.03440079 -0.21070261
v -0.03740022 -0.03467310 -0.21107239
v -0.03710750 -0.03498618 -0.21137233
v -0.03694826 -0.03515432 -0.21149287
v -0.03678068 -0.03532961 -0.21159333
v -0.03823872 -0.03954406 -0.21181814
v -0.03660659 -0.03550996 -0.21167231
v -0.03642893 -0.03569220 -0.21172868
v -0.03624745 -0.03587649 -0.21176276
v -0.03606245 -0.03606245 -0.21177424
v -0.03587637 -0.03624757 -0.21176274
v -0.03569454 -0.03642679 -0.21173558
v -0.03550990 -0.03660665 -0.21167228
v -0.03532961 -0.03678068 -0.21159333
v -0.03515421 -0.03694836 -0.21149279
v -0.03498618 -0.03710750 -0.21137233
v -0.03467310 -0.03740022 -0.21107239
v -0.03440079 -0.03765084 -0.21070261
v -0.03417850 -0.03785274 -0.21027425
v -0.03661849 -0.04103772 -0.20892571
v -0.03408840 -0.03793390 -0.21004157
v -0.03400978 -0.03800443 -0.20979843
v -0.03395536 -0.03805304 -0.20955175
v -0.03390158 -0.03810081 -0.20921999
v -0.03388724 -0.03811371 -0.20903595
v -0.03387868 -0.03812132 -0.20877425
v -0.03388729 -0.03811367 -0.20851184
v -0.03389853 -0.03810365 -0.20835252
v -0.03395495 -0.03805340 -0.20799878
v -0.03398712 -0.03802467 -0.20784238
v -0.03408884 -0.03793350 -0.20750567
v -0.04295809 -0.02555920 -0.19378220
v -0.04292203 0.01922845 -0.15734239
v -0.04292639 0.01749695 -0.15064023
v -0.04292698 0.01982414 -0.15345678
v -0.04292056 -0.02193829 -0.15049303
v -0.04291196 0.02531620 -0.15791304
v -0.04295338 -0.01987590 -0.19485456
v -0.04289392 -0.01789485 -0.20061624
v -0.03417850 0.03785274 -0.21027425
v -0.03440079 0.03765084 -0.21070261
v -0.03751306 0.04022082 -0.21135518
v -0.03467310 0.03740022 -0.21107239
v -0.03498618 0.03710750 -0.21137233
v -0.03515508 0.03694753 -0.21149336
v -0.03532961 0.03678068 -0.21159333
v -0.03550905 0.03660748 -0.21167196
v -0.03569220 0.03642893 -0.21172868
v -0.03587760 0.03624635 -0.21176289
v -0.03606245 0.03606245 -0.21177424
v -0.04029174 0.03744728 -0.21128857
v -0.03624659 0.03587736 -0.21176286
v -0.03642893 0.03569220 -0.21172868
v -0.03660792 0.03550859 -0.21167178
v -0.03678068 0.03532961 -0.21159333
v -0.03694749 0.03515513 -0.21149339
v -0.03710750 0.03498618 -0.21137233
v -0.03740022 0.03467310 -0.21107239
v -0.03765084 0.03440079 -0.21070261
v -0.03785274 0.03417850 -0.21027425
v -0.03809098 0.03391279 -0.20929520
v -0.04098316 0.03667946 -0.20827544
v -0.03805340 0.03395495 -0.20954971
v -0.03800070 0.03401392 -0.20980030
v -0.03793350 0.03408884 -0.21004283
v -0.03811367 0.03388729 -0.20903665
v -0.03812132 0.03387868 -0.20877425
v -0.03811371 0.03388724 -0.20851256
v -0.03809098 0.03391279 -0.20825331
v -0.03805304 0.03395536 -0.20799676
v -0.03800070 0.03401392 -0.20774819
v -0.03793390 0.03408840 -0.20750694
v -0.03785274 0.03417850 -0.20727424
v -0.04014945 0.03760745 -0.20628802
v -0.03753137 0.03453167 -0.20663781
v -0.03710750 0.03498618 -0.20617618
v -0.03694836 0.03515421 -0.20605570
v -0.03678068 0.03532961 -0.20595518
v -0.03660665 0.03550990 -0.20587622
v -0.03642893 0.03569220 -0.20581983
v -0.03624757 0.03587637 -0.20578575
v -0.03606245 0.03606245 -0.20577425
v -0.03587649 0.03624745 -0.20578574
v -0.03569220 0.03642893 -0.20581983
v -0.03550996 0.03660659 -0.20587620
v -0.03532961 0.03678068 -0.20595518
v -0.03515432 0.03694826 -0.20605563
v -0.03498618 0.03710750 -0.20617618
v -0.03450136 0.03755905 -0.20667271
v -0.03417850 0.03785274 -0.20727424
v -0.03667823 0.04098494 -0.20820473
v -0.03391279 0.03809098 -0.20825331
v -0.03395530 0.03805309 -0.20799702
v -0.03401392 0.03800070 -0.20774819
v -0.03408846 0.03793385 -0.20750678
v -0.03408851 0.03793380 -0.21004188
v -0.03401392 0.03800070 -0.20980030
v -0.03395518 0.03805320 -0.20955087
v -0.03391279 0.03809098 -0.20929520
v -0.03388719 0.03811375 -0.20903517
v -0.03387868 0.03812132 -0.20877425
v -0.03388721 0.03811374 -0.20851307
v -0.03417850 0.03785274 -0.22027425
v -0.03452887 0.03753395 -0.22090669
v -0.03751219 0.04022976 -0.22135054
v -0.03498618 0.03710750 -0.22137232
v -0.03515508 0.03694753 -0.22149336
v -0.03532961 0.03678068 -0.22159334
v -0.03550905 0.03660748 -0.22167195
v -0.03569220 0.03642893 -0.22172867
v -0.03587760 0.03624635 -0.22176290
v -0.03606245 0.03606245 -0.22177425
v -0.04029059 0.03744650 -0.22128868
v -0.03624659 0.03587736 -0.22176287
v -0.03642893 0.03569220 -0.22172867
v -0.03660792 0.03550859 -0.22167179
v -0.03678068 0.03532961 -0.22159334
v -0.03694749 0.03515513 -0.22149339
v -0.03710750 0.03498618 -0.22137232
v -0.03753187 0.03452704 -0.22090997
v -0.03785274 0.03417850 -0.22027425
v -0.03809098 0.03391279 -0.21929519
v -0.04098338 0.03667969 -0.21827564
v -0.03805340 0.03395495 -0.21954972
v -0.03800070 0.03401392 -0.21980031
v -0.03793350 0.03408884 -0.22004282
v -0.03811367 0.03388729 -0.21903665
v -0.03812132 0.03387868 -0.21877424
v -0.03811371 0.03388724 -0.21851255
v -0.03809098 0.03391279 -0.21825330
v -0.03800231 0.03401214 -0.21773304
v -0.03785274 0.03417850 -0.21727425
v -0.04013599 0.03760628 -0.21628185
v -0.03765084 0.03440079 -0.21684588
v -0.03740022 0.03467310 -0.21647611
v -0.03710750 0.03498618 -0.21617617
v -0.03694836 0.03515421 -0.21605571
v -0.03678068 0.03532961 -0.21595517
v -0.03660665 0.03550990 -0.21587622
v -0.03813787 0.03963951 -0.21579678
v -0.03642893 0.03569220 -0.21581982
v -0.03624757 0.03587637 -0.21578576
v -0.03606245 0.03606245 -0.21577425
v -0.03587649 0.03624745 -0.21578574
v -0.03569220 0.03642893 -0.21581982
v -0.03550996 0.03660659 -0.21587621
v -0.03532961 0.03678068 -0.21595517
v -0.03515432 0.03694826 -0.21605563
v -0.03498618 0.03710750 -0.21617617
v -0.03467310 0.03740022 -0.21647611
v -0.03440079 0.03765084 -0.21684588
v -0.03417850 0.03785274 -0.21727425
v -0.03667644 0.04098283 -0.21820551
v -0.03391279 0.03809098 -0.21825330
v -0.03397829 0.03803199 -0.21788038
v -0.03408846 0.03793385 -0.21750678
v -0.03408851 0.03793380 -0.22004189
v -0.03401392 0.03800070 -0.21980031
v -0.03395518 0.03805320 -0.21955086
v -0.03391279 0.03809098 -0.21929519
v -0.03388719 0.03811375 -0.21903516
v -0.03387868 0.03812132 -0.21877424
v -0.03388721 0.03811374 -0.21851307
v 0.02483083 0.04296427 -0.15797453
v -0.01989103 0.04295453 -0.19490394
v -0.01686525 0.04292316 -0.20114985
v 0.02181904 0.04290828 -0.20100988
v 0.02808035 0.04242688 -0.19614936
v 0.02512020 0.04223913 -0.19884697
v 0.02771176 0.04294039 -0.19750714
v 0.03095237 0.04289434 -0.19281268
v 0.03011737 0.04240370 -0.19231050
v -0.02555920 0.04295809 -0.19378220
v 0.01922845 0.04292203 -0.15734239
v 0.01749695 0.04292639 -0.15064023
v 0.01982414 0.04292698 -0.15345678
v 0.04097240 -0.03038726 -0.22434387
v 0.04098546 0.03037560 -0.22435659
v 0.03587760 0.03624635 -0.22176290
v 0.03613383 0.03599092 -0.22177577
v 0.03620307 0.03610482 -0.22461472
v 0.03785274 0.03417850 -0.21727425
v 0.03765084 0.03440079 -0.21684588
v 0.03624659 0.03587736 -0.22176287
v 0.03651033 0.03560887 -0.22170864
v 0.03685096 0.03525651 -0.22155716
v 0.03701482 0.03508661 -0.22145624
v 0.03772566 0.03432111 -0.22061431
v 0.03793350 0.03408884 -0.22004282
v 0.03802472 0.03398706 -0.21970594
v 0.03805340 0.03395495 -0.21954972
v 0.03810367 0.03389851 -0.21919581
v 0.03811367 0.03388729 -0.21903665
v 0.03812132 0.03387868 -0.21877424
v 0.03811371 0.03388724 -0.21851255
v 0.03806433 0.03394322 -0.21799409
v 0.03624659 0.03587736 -0.21176286
v 0.03642893 0.03569220 -0.21172868
v 0.03660665 0.03550990 -0.21587622
v 0.03710750 0.03498618 -0.21617617
v 0.03694836 0.03515421 -0.21605571
v 0.03710750 0.03498618 -0.21137233
v 0.03678068 0.03532961 -0.21595517
v 0.03694749 0.03515513 -0.21149339
v 0.03678068 0.03532961 -0.21159333
v 0.03660792 0.03550859 -0.21167178
v 0.03740022 0.03467310 -0.21647611
v 0.03740022 0.03467310 -0.21107239
v 0.03765084 0.03440079 -0.21070261
v 0.03785274 0.03417850 -0.21027425
v 0.03810366 0.03389851 -0.20919587
v 0.03811367 0.03388729 -0.20903665
v 0.03793350 0.03408884 -0.21004283
v 0.03800555 0.03400837 -0.20979831
v 0.03805340 0.03395495 -0.20954971
v 0.03812132 0.03387868 -0.20877425
v 0.03811371 0.03388724 -0.20851256
v 0.03810092 0.03390161 -0.20832887
v 0.03805304 0.03395536 -0.20799676
v 0.03801923 0.03399321 -0.20781979
v 0.03793390 0.03408840 -0.20750694
v 0.03771669 0.03432903 -0.20692098
v 0.03751383 0.03455072 -0.20661283
v 0.03653686 0.03558277 -0.20583691
v 0.03707108 0.03502392 -0.20614302
v 0.03624757 0.03587637 -0.20578575
v 0.03432108 0.03772569 -0.20693426
v 0.03508983 0.03701014 -0.20608936
v 0.03599095 0.03613398 -0.20577273
v 0.03587649 0.03624745 -0.20578574
v 0.03560890 0.03651058 -0.20583990
v 0.03525819 0.03684825 -0.20599014
v 0.03408846 0.03793385 -0.20750678
v 0.03398708 0.03802470 -0.20784253
v 0.03395530 0.03805309 -0.20799702
v 0.03389854 0.03810364 -0.20835243
v 0.03388721 0.03811374 -0.20851307
v 0.03387868 0.03812132 -0.20877425
v 0.03388719 0.03811375 -0.20903517
v 0.03390165 0.03810087 -0.20921998
v 0.03395518 0.03805320 -0.20955087
v 0.03400976 0.03800439 -0.20979844
v 0.03440079 0.03765084 -0.21684588
v 0.03408851 0.03793380 -0.21004188
v 0.03417850 0.03785274 -0.21027425
v 0.03440079 0.03765084 -0.21070261
v 0.03467310 0.03740022 -0.21107239
v 0.03467310 0.03740022 -0.21647611
v 0.03498618 0.03710750 -0.21137233
v 0.03498618 0.03710750 -0.21617617
v 0.03532961 0.03678068 -0.21595517
v 0.03515508 0.03694753 -0.21149336
v 0.03532961 0.03678068 -0.21159333
v 0.03569220 0.03642893 -0.21172868
v 0.03587760 0.03624635 -0.21176289
v 0.03569877 0.03642302 -0.21581312
v 0.03550905 0.03660748 -0.21167196
v 0.03642695 0.03569463 -0.21581297
v 0.03624757 0.03587637 -0.21578576
v 0.03606245 0.03606245 -0.21177424
v 0.03606245 0.03606245 -0.21577425
v 0.03587649 0.03624745 -0.21578574
v 0.03515432 0.03694826 -0.21605563
v 0.03417850 0.03785274 -0.21727425
v 0.03401740 0.03799768 -0.21771483
v 0.03394121 0.03806623 -0.21798614
v 0.03038726 0.04097240 -0.22434387
v 0.03388721 0.03811374 -0.21851307
v 0.03387868 0.03812132 -0.21877424
v 0.03388719 0.03811375 -0.21903516
v 0.03390165 0.03810088 -0.21921994
v 0.03395518 0.03805320 -0.21955086
v 0.03399310 0.03801932 -0.21972834
v 0.03408851 0.03793380 -0.22004189
v 0.03432912 0.03771661 -0.22062767
v 0.03455127 0.03751024 -0.22093846
v 0.03502856 0.03706772 -0.22140995
v 0.03530574 0.03680372 -0.22158884
v 0.03561169 0.03650859 -0.22171769
v -0.03038376 0.04098475 -0.22435817
v -0.03610475 0.03620313 -0.22461472
v -0.04097139 0.03039745 -0.22434601
v -0.04098546 -0.03037560 -0.22435659
v -0.03620310 -0.03610479 -0.22461472
v -0.03039745 -0.04097139 -0.22434601
v 0.03037560 -0.04098546 -0.22435659
v 0.03610480 -0.03620309 -0.22461472
v 0.04107911 0.03657403 -0.21904700
v 0.03914632 0.03865155 -0.22191380
v 0.03698033 0.04071544 -0.22047912
v 0.03691965 0.04077214 -0.21709502
v 0.03945060 0.03834172 -0.21566825
v 0.03974839 0.03802818 -0.21176319
v 0.03685010 0.04084203 -0.21048567
v 0.03718862 0.04052523 -0.20666240
v 0.03957681 0.03828820 -0.20571609
v 0.04103786 0.03661864 -0.20862263
v 0.02683432 0.02693491 -0.19749285
v 0.02886260 0.02885927 -0.19504531
v 0.03447586 -0.01632402 -0.18592320
v 0.03441499 -0.01639640 -0.20075555
v 0.03286107 -0.01908856 -0.19846222
v 0.03281067 -0.01918021 -0.19512542
v 0.03387433 0.01720537 -0.15089926
v 0.03265716 0.01943106 -0.15434606
v 0.03051650 0.02289202 -0.15075646
v 0.03328081 0.01859464 -0.15726222
v 0.03072180 0.02265410 -0.16043831
v 0.03765510 0.00739218 -0.17294760
v 0.03749661 0.00665701 -0.16708519
v 0.03791805 -0.00427550 -0.17604625
v 0.03696898 -0.00983285 -0.18706639
v 0.03811305 -0.00056092 -0.20077425
v 0.03636380 0.01133614 -0.20077425
v 0.03174644 0.02100137 -0.20057601
v 0.03050001 0.02631919 -0.15818310
v 0.04203917 0.03043352 -0.19122361
v 0.04185677 0.03052399 -0.16173428
v 0.04247553 0.03150951 -0.16168348
v 0.04257768 0.03137624 -0.19160189
v 0.04290658 0.03048001 -0.19296454
v 0.03167146 0.04241562 -0.18975765
v -0.03030976 0.04171257 -0.14616008
v -0.02158684 0.02279469 -0.13420436
v -0.02009142 0.02139269 -0.13023795
v -0.01997160 0.02092717 -0.12753154
v -0.02608341 0.02926905 -0.14200231
v -0.02581137 0.00159274 -0.14190260
v -0.02310246 0.02594486 -0.13904995
v -0.02248054 0.00177357 -0.13844518
v -0.01960336 0.02254024 -0.13368653
v -0.01948765 0.00187118 -0.13362181
v -0.01808500 0.02106821 -0.12789664
v -0.01805726 0.00207689 -0.12807304
v -0.02611719 0.00211650 -0.14328024
v -0.02548080 0.03379515 -0.14449202
v -0.02493016 0.00191505 -0.14458102
v -0.00837849 0.00186673 -0.14453357
v -0.00839854 0.03422244 -0.14461930
v -0.00176359 0.02315619 -0.13520508
v -0.00207595 0.00169826 -0.13552445
v -0.00626859 0.02906568 -0.14187904
v -0.00213386 0.00192753 -0.13431704
v 0.00107659 0.02168076 -0.13136558
v 0.00087036 0.00155622 -0.13127951
v -0.00011931 0.00176031 -0.13174783
v -0.00131658 0.02175792 -0.13169757
v -0.00144447 0.00176671 -0.13138199
v 0.00122810 0.02309866 -0.13493887
v 0.00156989 0.00194052 -0.13577883
v 0.00150215 0.00182733 -0.13451998
v 0.00779611 0.00199015 -0.14455792
v 0.00498716 0.02758819 -0.14083767
v 0.00785709 0.03421672 -0.14462419
v 0.02162174 0.00197774 -0.14457108
v 0.02160120 0.03422127 -0.14461949
v 0.02823641 0.02315619 -0.13520508
v 0.02794584 0.00181522 -0.13558483
v 0.02373141 0.02906568 -0.14187904
v 0.02788514 0.00196672 -0.13433290
v 0.03095470 0.02179931 -0.13147287
v 0.03074623 0.00194509 -0.13155875
v 0.02875228 0.02176087 -0.13171078
v 0.02879146 0.00183457 -0.13160071
v 0.03855809 0.00205104 -0.14471461
v 0.03967541 0.03269167 -0.14406511
v 0.03988940 0.00210080 -0.14349605
v 0.03789586 0.03418300 -0.14461130
v 0.04000039 0.02426281 -0.13736610
v 0.03978563 0.00158133 -0.12799892
v 0.03997611 0.02110352 -0.12801528
v 0.03665927 0.02100796 -0.12694372
v 0.03709327 0.00158744 -0.12681128
v 0.03870079 0.02100761 -0.12644750
v 0.03882256 0.00178422 -0.12668334
v 0.03157480 0.00175509 -0.13445713
v 0.03122810 0.02309866 -0.13493887
v 0.03148095 0.00194199 -0.13560641
v 0.03753553 0.00176268 -0.14422126
v 0.03498716 0.02758819 -0.14083767
v 0.03087417 0.04284484 -0.14776108
v 0.03040612 0.04137651 -0.14603412
v -0.00129088 0.00168937 -0.13865130
v 0.00041525 0.02538862 -0.13828970
v -0.00149044 0.02569080 -0.13865180
v 0.00066856 0.00180062 -0.13853644
v -0.00398092 0.00196156 -0.14235961
v -0.00419837 0.03053283 -0.14296839
v -0.00357243 0.00147845 -0.14360841
v -0.00269667 0.00206480 -0.14464019
v -0.00254180 0.03456017 -0.14471239
v 0.00197831 0.00181917 -0.14462112
v 0.00276060 0.03386584 -0.14449878
v 0.00333261 0.00210772 -0.14208075
v 0.00319187 0.00186610 -0.14371629
v 0.00343626 0.02949700 -0.14218929
v 0.02601908 0.00196156 -0.14235961
v 0.02580163 0.03053283 -0.14296839
v 0.02642757 0.00147845 -0.14360842
v 0.02730333 0.00206480 -0.14464019
v 0.02745876 0.03455964 -0.14471261
v 0.03192003 0.00159273 -0.14455457
v 0.03275886 0.03384410 -0.14449959
v 0.03329089 0.00182163 -0.14215137
v 0.03321828 0.00179254 -0.14362846
v 0.03343626 0.02949701 -0.14218931
v 0.03041525 0.02538862 -0.13828970
v 0.03084402 0.00153433 -0.13884914
v 0.02968179 0.00199041 -0.13829425
v 0.02850956 0.02569080 -0.13865180
v 0.02845364 0.00207048 -0.13875973
v 0.00125532 0.02099999 -0.09225901
v 0.00155244 0.00185173 -0.09286395
v 0.00150140 0.00191237 -0.09163818
v 0.01354897 0.00196467 -0.11000822
v 0.01396942 0.02100000 -0.11039922
v 0.01502000 0.00208125 -0.11039960
v 0.01593904 0.02100000 -0.11005439
v 0.01593595 0.00165294 -0.10982272
v 0.02793369 0.00169001 -0.09263841
v 0.02820626 0.02100000 -0.09217669
v 0.02785487 0.00192040 -0.09145875
v 0.01566992 0.00162456 -0.07437911
v 0.01467217 0.02100000 -0.07369876
v 0.01459920 0.00209636 -0.07400928
v 0.01356442 0.00151191 -0.07465588
v 0.03985445 0.02100000 -0.10797129
v 0.04000000 0.02100000 -0.07928678
v 0.03094534 0.02100000 -0.09221817
v -0.02036056 0.00184668 -0.08022300
v -0.02044133 0.02100000 -0.08022131
v -0.01821509 0.02101658 -0.08695000
v -0.01805591 0.00170326 -0.08721077
v -0.01790542 0.00200084 -0.10793170
v -0.01793399 0.02100000 -0.10801452
v -0.01635878 0.00193651 -0.11009006
v -0.01603058 0.02100000 -0.11039922
v -0.01436137 0.00173589 -0.11014614
v -0.01406096 0.02100000 -0.11005439
v -0.00185126 0.00200794 -0.09222939
v -0.00179374 0.02100000 -0.09217669
v -0.01413019 0.00208698 -0.07437631
v -0.01437961 0.02100000 -0.07413061
v -0.01610600 0.00190484 -0.07414802
v -0.01637394 0.02100000 -0.07427537
v -0.00116371 0.00195356 -0.08881139
v -0.00154295 0.02100000 -0.08857050
v 0.00042129 0.02100000 -0.08903196
v 0.00075912 0.00205693 -0.08872899
v 0.03093904 0.02100000 -0.08863217
v 0.03059718 0.00175054 -0.08874382
v 0.02896942 0.02100000 -0.08897699
v 0.02875364 0.00203497 -0.08879403
v 0.03988288 0.00194106 -0.07576108
v 0.03993913 0.02100000 -0.07578068
v 0.03988755 0.02083501 -0.11881117
v 0.03987424 0.00193321 -0.11861736
v 0.03988151 0.00193320 -0.10868650
v 0.03099689 0.00205040 -0.09592602
v 0.03047973 0.02100000 -0.09545935
v 0.02851011 0.02100000 -0.09580416
v 0.02857174 0.00206323 -0.09580852
v 0.02978939 0.00180685 -0.09551786
v 0.01635149 0.00181154 -0.11359692
v 0.01626011 0.02099999 -0.11367688
v 0.01599208 0.02100000 -0.11728806
v 0.01576342 0.00157129 -0.11732967
v 0.02383636 0.02114758 -0.12839749
v 0.01402785 0.02100000 -0.11682659
v 0.01429095 0.00209854 -0.11687872
v 0.01359629 0.00171466 -0.11734989
v 0.00586672 0.02109622 -0.12803417
v 0.01320626 0.02100000 -0.11359891
v 0.01314874 0.00200794 -0.11365161
v 0.00056494 0.00201248 -0.09556963
v 0.00037811 0.02100000 -0.09539896
v -0.00145574 0.00189878 -0.09584671
v -0.00162927 0.02100000 -0.09592088
v -0.01375123 0.02099998 -0.11369567
v -0.01453263 0.02100000 -0.11688840
v -0.01434790 0.00184004 -0.11709945
v -0.00616364 0.02114758 -0.12839749
v -0.01621539 0.00175691 -0.11713976
v -0.01750009 0.02100001 -0.11794890
v -0.01787424 0.00193320 -0.11930191
v -0.02048690 0.02083725 -0.08533375
v -0.02753051 0.02089822 -0.07355514
v -0.02914000 0.02014867 -0.07204966
v -0.02620743 0.02098649 -0.07258373
v -0.02173207 0.02100000 -0.07725993
v -0.02510519 0.00179077 -0.07412493
v -0.02284895 0.00189182 -0.07662631
v -0.02103722 0.00201088 -0.07686834
v -0.02627512 0.02254137 -0.06399430
v -0.02546705 0.02209781 -0.06225327
v -0.02771022 0.02090030 -0.06447671
v -0.02769150 0.02190247 -0.06653119
v -0.02925576 0.02018615 -0.06810924
v -0.02376366 0.02339119 -0.06366887
v 0.04000313 0.02152815 -0.06762818
v 0.03978757 0.00182891 -0.05541028
v 0.03999983 0.02650327 -0.05938428
v 0.03947835 0.03345425 -0.05466016
v 0.03856646 0.00207728 -0.05439211
v 0.02759573 0.00182825 -0.05453357
v 0.02760639 0.03421902 -0.05444207
v 0.02536994 0.02883414 -0.05733543
v 0.02109845 0.02343374 -0.06343712
v 0.01625019 0.02108180 -0.07089180
v 0.01630721 0.00196786 -0.07083873
v 0.01282018 0.00163373 -0.07139538
v 0.01320593 0.02109090 -0.07082915
v 0.01308032 0.00207491 -0.07046237
v 0.00929077 0.02281947 -0.06478027
v 0.00462815 0.02774314 -0.05812007
v 0.00190201 0.00199960 -0.05450331
v 0.00183238 0.03421132 -0.05443659
v -0.00245009 0.00207103 -0.05448629
v -0.00238803 0.03425761 -0.05443780
v -0.00458607 0.02882113 -0.05727794
v -0.00882277 0.02352307 -0.06332070
v -0.01374983 0.02108495 -0.07089056
v -0.01370177 0.00201736 -0.07077775
v -0.01714999 0.00166955 -0.07140321
v -0.01678201 0.02109389 -0.07085019
v -0.01703544 0.00209529 -0.07019329
v -0.02070080 0.00177055 -0.06510408
v -0.02144944 0.02303723 -0.06446180
v -0.02200007 0.00199080 -0.06461102
v -0.02621345 0.00207366 -0.07207546
v -0.02634724 0.00185096 -0.06928824
v -0.02603240 0.02172421 -0.06772032
v -0.02479320 0.00187926 -0.06639000
v 0.01578981 0.02189407 -0.06734538
v 0.01551483 0.00168394 -0.06734035
v 0.01376851 0.00208683 -0.06738364
v 0.01378500 0.02187072 -0.06742867
v 0.02340501 0.03060104 -0.05607168
v 0.02321300 0.00185541 -0.05653840
v 0.01978094 0.02452488 -0.06183126
v 0.02219793 0.00209853 -0.05449366
v 0.02175096 0.03455461 -0.05434924
v 0.00770028 0.00194470 -0.05441071
v 0.00692971 0.03386243 -0.05456219
v 0.00648544 0.00157205 -0.05689038
v 0.00648393 0.00199044 -0.05531593
v 0.00626935 0.02938080 -0.05692679
v 0.01001573 0.02419137 -0.06232747
v -0.01868090 0.02363741 -0.06328427
v -0.01831569 0.00176120 -0.06440960
v -0.01825641 0.00198953 -0.06277319
v -0.01638877 0.00167432 -0.06710860
v -0.01621426 0.02187026 -0.06742921
v -0.01421021 0.02189402 -0.06734540
v -0.01409732 0.00169315 -0.06704649
v -0.01513829 0.00187921 -0.06752149
v -0.01066741 0.00183420 -0.06204808
v -0.01045335 0.02470855 -0.06159652
v -0.01263735 0.02629598 -0.05972334
v -0.01283868 0.00210517 -0.05980055
v -0.01143895 0.00170998 -0.06037275
v -0.01733530 -0.02519779 -0.05755011
v -0.01021432 -0.03001581 -0.05343891
v -0.01484836 -0.02723951 -0.05861798
v -0.01010605 -0.03067352 -0.05521813
v -0.00942059 -0.03043042 -0.05617527
v -0.01595091 0.02571315 -0.05667526
v -0.01565314 0.02673550 -0.05782798
v -0.01509875 0.02669042 -0.05919420
v -0.01014191 0.03040980 -0.05349753
v -0.00973351 0.03105199 -0.05505502
v -0.00833563 0.03163369 -0.05547174
v -0.00828603 -0.03300057 -0.05478882
v 0.04166348 -0.03610617 -0.05388279
v -0.00759449 -0.03651256 -0.05373047
v 0.04172117 -0.03302354 -0.05489872
v 0.04147934 -0.02891289 -0.05723960
v 0.04169931 -0.02455471 -0.06170373
v 0.04172837 -0.02179289 -0.06730476
v 0.04154478 -0.02099174 -0.07198390
v 0.04159068 -0.04025492 -0.05324006
v -0.00731367 -0.04058874 -0.05323129
v 0.04154299 -0.02103434 -0.12779200
v 0.03486558 -0.03750420 -0.14556009
v 0.04198271 -0.02234860 -0.13356391
v 0.04158280 -0.02486255 -0.13777006
v 0.04167900 -0.02887809 -0.14178480
v 0.04236392 -0.03080715 -0.14360048
v 0.03739778 -0.03766082 -0.14756458
v 0.04291226 -0.03098868 -0.14513843
v 0.04254764 -0.02919560 -0.15705761
v 0.04276770 -0.02695542 -0.15391243
v 0.04239617 -0.02479681 -0.15246755
v 0.04234723 -0.02086606 -0.15090446
v 0.04252870 0.01615911 -0.15073495
v 0.04242519 0.01812606 -0.15171082
v 0.04242476 0.01944214 -0.15413150
v 0.04236209 0.01891952 -0.15690714
v 0.04242383 -0.02511439 -0.19300036
v 0.04242067 -0.02768306 -0.19299345
v 0.04242668 -0.02965013 -0.19172926
v 0.04293213 -0.03069050 -0.19166018
v 0.03761010 -0.03749632 -0.19262694
v 0.04283708 -0.03448102 -0.20415196
v 0.03455661 -0.04289040 -0.22477408
v 0.04294320 -0.03438137 -0.22477499
v -0.03436297 -0.04294542 -0.22477488
v -0.04290742 -0.03457418 -0.22477391
v -0.04288685 0.03459173 -0.22477360
v -0.03439442 0.04293478 -0.22477663
v 0.03454467 0.04278689 -0.20412335
v 0.03437706 0.04293472 -0.22477487
v 0.04281581 0.03450806 -0.20419180
v 0.04288978 0.03459558 -0.22477390
v 0.03758130 0.03753614 -0.19267195
v 0.04245122 0.02752058 -0.19694833
v 0.04262095 0.02336775 -0.19990614
v 0.04261286 0.01987289 -0.20083243
v 0.04245032 -0.01643393 -0.20075645
v 0.04234507 -0.01881450 -0.19907153
v 0.04227256 -0.01940823 -0.19617349
v 0.04240508 -0.01853050 -0.19419926
v 0.04237954 0.02517824 -0.15852886
v 0.04229455 0.02963841 -0.15985052
v 0.04260068 0.02823863 -0.15865658
v 0.04296019 0.03056938 -0.15961580
v 0.03548311 0.03933702 -0.14769599
v 0.04286774 0.03110651 -0.14491358
v 0.03540127 0.03756139 -0.14566414
v 0.04251064 0.03103391 -0.14406468
v 0.04177261 0.02922988 -0.14203945
v 0.04183571 0.02094023 -0.12595366
v 0.04153163 0.02161929 -0.13135442
v 0.04156642 0.02486645 -0.13776237
v 0.04183055 0.02092624 -0.07209937
v -0.00724249 0.03656574 -0.05376595
v 0.04169535 0.03441602 -0.05431273
v 0.04149453 0.04044928 -0.05322820
v -0.00732014 0.04058021 -0.05323062
v 0.04166983 0.02182855 -0.06722975
v 0.04146339 0.02462355 -0.06165359
v 0.04175564 0.02882410 -0.05725057
v 0.02771644 -0.03505000 -0.01689912
v 0.02774813 -0.04187110 -0.01599631
v 0.02840857 -0.03505000 -0.01554618
v 0.02958763 -0.04188962 -0.01545498
v 0.03040834 -0.03505000 -0.01633224
v 0.03044504 -0.04184672 -0.01663232
v 0.02892989 -0.03505000 -0.01814652
v 0.02974596 -0.04189781 -0.01797204
v 0.02813287 -0.04187571 -0.01783610
v 0.01535349 -0.03505000 -0.02892989
v 0.01557466 -0.04186071 -0.02986399
v 0.01569674 -0.04194007 -0.02791884
v 0.01682945 -0.03505000 -0.02766768
v 0.01738469 -0.04189245 -0.02778188
v 0.01814652 -0.03505000 -0.02909381
v 0.01818299 -0.04189695 -0.02914989
v 0.01714985 -0.04187334 -0.03032356
v 0.01667055 -0.03505000 -0.03035603
v -0.00126886 -0.04172219 -0.03371184
v -0.00067760 -0.04193297 -0.03478548
v -0.00108095 -0.04188064 -0.03253797
v -0.00144781 -0.03505000 -0.03366892
v 0.00019963 -0.03505000 -0.03214295
v 0.00116587 -0.04186258 -0.03254563
v 0.00129541 -0.03505000 -0.03335089
v 0.00093457 -0.04188533 -0.03453983
v 0.00050564 -0.03505000 -0.03477506
v -0.01814652 -0.03505000 -0.02892989
v -0.01811682 -0.04188710 -0.02927431
v -0.01779947 -0.04186595 -0.02811177
v -0.01689912 -0.03505000 -0.02771644
v -0.01649409 -0.04189186 -0.02764303
v -0.01554618 -0.03505000 -0.02840857
v -0.01530271 -0.04187313 -0.02885385
v -0.01633224 -0.03505000 -0.03040834
v -0.01671848 -0.04193782 -0.03053192
v -0.03036705 -0.03505000 -0.01630047
v -0.03044468 -0.04184229 -0.01661210
v -0.02933438 -0.04189214 -0.01538117
v -0.02859390 -0.03505000 -0.01549383
v -0.02780056 -0.04195360 -0.01590995
v -0.02766768 -0.03505000 -0.01682945
v -0.02804757 -0.04187449 -0.01785122
v -0.02909381 -0.03505000 -0.01814652
v -0.03002519 -0.04190077 -0.01779206
v 0.00083938 -0.04171688 0.03247947
v 0.00142572 -0.04189845 0.03343648
v -0.00014491 -0.04195513 0.03199032
v -0.00898516 -0.03464777 -0.05198223
v -0.00875463 -0.04193652 -0.04997423
v -0.00875464 -0.04192273 -0.05169978
v -0.00865717 -0.03701989 -0.05254645
v -0.00823681 -0.04144339 -0.05269000
v -0.00920651 -0.03295273 -0.05366120
v 0.04115457 -0.04193314 -0.05222561
v 0.00840127 -0.04200000 -0.05130818
v 0.03524645 0.04187908 -0.00700308
v 0.03516703 0.03680000 -0.00704894
v 0.03403786 0.04189924 -0.01156552
v 0.03394394 0.03680000 -0.01149624
v -0.03402252 0.04186885 -0.01155258
v -0.03397923 0.03680000 -0.01147760
v -0.03524984 0.04187427 -0.00701025
v -0.03514405 0.03680000 -0.00701268
v -0.02368808 0.04188471 -0.02702596
v -0.02368808 0.03680000 -0.02693108
v -0.02702555 0.04188039 -0.02369585
v -0.02692930 0.03680000 -0.02364518
v -0.00699925 0.04189433 -0.03525309
v -0.00704972 0.03680000 -0.03516568
v -0.01157112 0.04190913 -0.03404147
v -0.01149886 0.03680000 -0.03394198
v 0.01157423 0.04191149 -0.03403502
v 0.01147896 0.03680000 -0.03398002
v 0.00700290 0.04189924 -0.03526041
v 0.00701593 0.03680000 -0.03514444
v 0.02706516 0.04195413 -0.02368808
v 0.02693108 0.03680000 -0.02368808
v 0.02369547 0.04189779 -0.02703528
v 0.02364518 0.03680000 -0.02692930
v 0.04117118 0.04195877 -0.05205429
v -0.00877783 0.04194762 -0.05151979
v -0.00837391 0.04154968 -0.05257707
v -0.00854882 0.03831386 -0.05261000
v -0.00893231 0.03484216 -0.05173798
v -0.00891584 0.03431723 -0.05340758
v 0.04267890 -0.02846264 -0.05660211
v 0.04273932 -0.02307740 -0.06214856
v 0.04287048 -0.02002839 -0.07040007
v 0.04288125 -0.04027706 -0.05218146
v 0.04293718 -0.03379660 -0.05312085
v 0.04286052 -0.02015829 -0.12979938
v 0.04282023 -0.02561966 -0.14025021
v 0.04293721 -0.02159224 -0.15046132
v 0.04296675 0.01699916 -0.15026930
v 0.04292545 0.01922755 -0.15729322
v 0.04296996 0.01995043 -0.15309833
v 0.04291605 -0.02566945 -0.19380435
v 0.04293176 0.02740932 -0.19773026
v 0.04298124 0.02199198 -0.20123859
v 0.04291123 -0.01760553 -0.20094836
v 0.04294403 -0.01942359 -0.19443198
v 0.04288303 -0.01983802 -0.19760029
v 0.04294591 0.02523428 -0.15783907
v 0.04263023 0.02639487 -0.14065500
v 0.04283954 0.02018759 -0.12953722
v 0.04286270 0.02312764 -0.13718741
v 0.04288426 0.02006457 -0.06927952
v 0.04269020 0.02396950 -0.06119599
v 0.04288444 0.02817304 -0.05644880
v 0.04289435 0.04022577 -0.05213401
v 0.04294019 0.03394654 -0.05306425
v -0.00879337 0.04193429 -0.04991575
v 0.02766768 -0.03505000 0.01682945
v 0.02775313 -0.04197240 0.01590817
v 0.02778511 -0.04188700 0.01738440
v 0.02909381 -0.03505000 0.01814652
v 0.02928082 -0.04187584 0.01817566
v 0.03046246 -0.04186852 0.01659644
v 0.03036705 -0.03505000 0.01630047
v 0.02924024 -0.04189631 0.01537377
v 0.02859390 -0.03505000 0.01549383
v -0.03013157 -0.03505000 0.01763593
v -0.03050024 -0.04185769 0.01664164
v -0.02903724 -0.04189976 0.01820510
v -0.02779639 -0.03505000 0.01749919
v -0.02764685 -0.04184844 0.01736423
v -0.02840857 -0.03505000 0.01554618
v -0.02773357 -0.04200788 0.01590233
v -0.02893662 -0.04190432 0.01532629
v -0.02990835 -0.03505000 0.01580310
v -0.00129541 -0.03505000 0.03335089
v -0.00129568 -0.04189130 0.03293463
v -0.00105075 -0.04188779 0.03445696
v -0.00050564 -0.03505000 0.03477506
v 0.00051566 -0.04187897 0.03480092
v 0.00144781 -0.03505000 0.03366892
v -0.00019963 -0.03505000 0.03214295
v -0.03114861 -0.03510665 -0.02558845
v -0.03141905 -0.04193978 -0.02559111
v -0.02578255 -0.03557450 -0.03133248
v -0.02402005 -0.04194963 -0.03257970
v -0.01710664 -0.04193552 -0.03689418
v -0.01548328 -0.03515141 -0.03794581
v 0.01762413 -0.04193594 -0.03533408
v 0.01835172 -0.04193100 -0.03734583
v 0.00579574 -0.04194973 -0.03091180
v -0.01158474 -0.04195036 -0.02917485
v 0.00030603 -0.04194158 0.03650649
v -0.00640165 -0.04193345 0.03588106
v -0.00948363 -0.04191873 0.02997651
v 0.00895915 -0.04193374 0.03538391
v 0.01547463 -0.04188183 0.02739902
v -0.03145732 -0.04193689 -0.00066866
v -0.03161769 -0.04194563 -0.01838982
v -0.03239898 -0.04193133 -0.01548696
v -0.03435432 -0.04193337 -0.01398192
v -0.03839680 -0.04192446 -0.01438172
v -0.03560169 -0.04194271 0.00770515
v -0.03383131 -0.04194050 0.01369727
v -0.02510565 -0.04194450 0.02641338
v -0.02960064 -0.04193847 0.02137095
v -0.01984953 -0.04191076 0.02439478
v -0.02008954 -0.04193383 0.03047003
v -0.01269835 -0.04192924 0.03422238
v 0.01700419 -0.04192276 0.03231544
v 0.03353860 -0.04193959 0.01431164
v 0.02970161 -0.04193885 0.02120969
v 0.02456226 -0.04193747 0.01959035
v 0.03148255 -0.04193784 0.00026442
v 0.02414612 -0.04194162 0.02736021
v 0.02959750 -0.04199855 -0.01168906
v 0.03365043 -0.04191237 -0.01773283
v 0.03658030 -0.04197139 -0.04454376
v 0.03433425 -0.04192008 -0.02040380
v 0.02062343 -0.04196454 -0.02385176
v 0.01814866 -0.04194017 -0.03298952
v 0.02200273 -0.04193598 -0.03064375
v 0.01952213 -0.04192981 -0.03138130
v -0.01841620 -0.04197164 -0.02545331
v -0.02357638 -0.04195076 -0.02056644
v 0.03811127 -0.04187836 -0.01366724
v 0.03630308 -0.04192050 -0.01402160
v 0.03441293 -0.04191711 -0.01550404
v 0.04129349 -0.04190170 -0.01523812
v 0.04126110 -0.04193889 -0.00884663
v -0.03998164 -0.04193300 -0.01614937
v -0.04100225 -0.04194073 -0.01807159
v -0.04030444 -0.04192143 -0.01838492
v -0.04037552 -0.04197596 -0.02026835
v -0.03962006 -0.04193051 -0.02047621
v -0.03903475 -0.04193574 -0.02197835
v -0.03761529 -0.04191858 -0.02204657
v -0.03541508 -0.04193622 -0.02230448
v -0.03312455 -0.04194292 -0.02138374
v -0.01484040 -0.04194513 -0.03934282
v -0.01032171 -0.04192784 -0.04259183
v -0.00914885 -0.04192317 -0.04506245
v -0.00600926 -0.04192989 -0.04643867
v 0.03712234 -0.04192311 -0.02233526
v 0.02468378 -0.04191726 -0.03150899
v 0.02637819 -0.04193570 -0.03432102
v 0.02783925 -0.04195471 -0.04359145
v 0.02384883 -0.04192734 -0.03898060
v 0.02576847 -0.04193069 -0.03717992
v 0.02047344 -0.04192965 -0.03916767
v -0.00784980 -0.04193222 -0.03801684
v -0.00995382 -0.04192560 -0.04010719
v -0.00309220 -0.04191760 -0.03875530
v -0.00523803 -0.04193670 -0.03771032
v -0.00351333 -0.04193322 -0.04554194
v -0.00202503 -0.04192734 -0.04386091
v 0.02882792 -0.04196120 -0.04616414
v 0.02935279 -0.04186924 -0.04441913
v 0.02654856 -0.04187317 -0.04480712
v 0.02751272 -0.04185444 -0.04633123
v -0.00175119 -0.04192971 -0.04091190
v 0.04065388 -0.04197331 -0.02154345
v 0.03938380 -0.04187726 -0.04467231
v 0.03810021 -0.04187833 -0.04359457
v 0.03722714 -0.04189552 -0.04616918
v 0.03862926 -0.04186947 -0.04626495
v 0.03300797 -0.03512767 0.01530177
v 0.02804944 -0.03508189 0.02307845
v 0.02316328 -0.03559381 0.02838162
v 0.01594367 -0.03517072 0.03268073
v 0.00663073 -0.03516284 0.03584103
v -0.00377567 -0.03513249 0.03619175
v -0.01093436 -0.03553816 0.03494608
v -0.02080904 -0.03520181 0.03003180
v -0.02945437 -0.03512591 0.02157764
v -0.03410681 -0.03512744 0.01281522
v -0.04090940 -0.03523341 -0.01801330
v -0.03969896 -0.03525510 -0.02140980
v 0.04007538 0.04192311 -0.01419543
v 0.04129102 0.04190411 -0.01523628
v 0.03394692 0.04191201 -0.01956475
v 0.03384214 0.04192231 -0.01650110
v 0.03826298 0.04191531 -0.01366894
v 0.03600604 0.04194112 -0.01410374
v -0.03222413 0.04193670 -0.02017365
v -0.03165555 0.04191381 -0.01799583
v -0.03099343 0.04200000 -0.01120344
v -0.03222610 0.04193492 -0.01582464
v -0.03885992 0.04192965 -0.01460578
v -0.03566345 0.04192981 -0.01362718
v -0.03367173 0.04194268 -0.01432990
v 0.01771294 0.04195709 -0.03580990
v 0.02205956 0.04194691 -0.03056252
v 0.01974359 0.04193694 -0.03127790
v 0.02503657 0.04193874 -0.03181654
v -0.00675116 0.04193763 -0.04629215
v 0.01386563 0.04200000 -0.04465313
v -0.00910057 0.04193222 -0.04511028
v -0.01037493 0.04193309 -0.04238962
v -0.03447345 0.04192965 -0.02216767
v -0.03784930 0.04192942 -0.02198171
v -0.03974601 0.04193911 -0.02021884
v -0.04038912 0.04192067 -0.01773964
v 0.04122173 0.04193206 -0.02090485
v 0.03869836 0.04193196 -0.02235998
v 0.04120000 0.04200000 -0.02503535
v 0.03558186 0.04191092 -0.02165579
v -0.00413938 0.04192625 -0.04597441
v -0.00162388 0.04193502 -0.04161027
v -0.00222466 0.04193575 -0.04417344
v -0.00940439 0.04192572 -0.03915585
v -0.00676197 0.04193670 -0.03771032
v -0.00415045 0.04193133 -0.03801730
v -0.00245188 0.04193322 -0.03952216
v 0.02619368 0.04195897 -0.03351375
v 0.01796062 0.04192617 -0.03325436
v 0.01910433 0.04194272 -0.03835995
v 0.02134061 0.04193107 -0.03929822
v 0.02685444 0.04194410 -0.04406241
v 0.02598608 0.04193787 -0.03685139
v 0.02386091 0.04192733 -0.03897497
v 0.03755901 0.04194078 -0.04638289
v 0.02924563 0.04189247 -0.04561162
v 0.02788704 0.04189108 -0.04643076
v 0.02917174 0.04186663 -0.04413961
v 0.02675992 0.04187446 -0.04563653
v 0.03902336 0.04185775 -0.04403825
v 0.03772601 0.04188126 -0.04358025
v 0.03922704 0.04186864 -0.04574221
v 0.03655911 0.04185669 -0.04488721
v -0.01265688 0.03528236 -0.04282296
v -0.01270377 -0.03533546 -0.04279823
v 0.02811485 -0.03505014 -0.01347276
v 0.02821600 -0.04146814 -0.01304788
v 0.03102640 -0.03505000 -0.00222896
v 0.02991762 -0.03505000 0.00851712
v 0.02520034 -0.03505000 0.01823591
v 0.01744353 -0.03505000 0.02575517
v -0.00492485 -0.03504992 -0.03092622
v -0.00271379 -0.04148287 -0.03098115
v 0.00851712 -0.03505000 -0.02991762
v 0.01988528 -0.03505000 -0.02406678
v 0.00492485 -0.03504988 0.03092622
v 0.00271379 -0.04148287 0.03098115
v -0.00851712 -0.03505000 0.02991762
v -0.01823591 -0.03505000 0.02520034
v -0.02538820 -0.04147861 0.01797732
v -0.02744377 -0.03505000 0.01504784
v -0.03000869 -0.04148782 0.00820950
v -0.03102640 -0.03505000 0.00222896
v -0.02991762 -0.03505000 -0.00851712
v -0.02826496 -0.04148782 -0.01300037
v -0.02520034 -0.03505000 -0.01823591
v -0.01744353 -0.03505000 -0.02575517
v 0.04270772 0.03510174 -0.04285914
v 0.04300000 -0.04020000 -0.01386910
v 0.04270715 -0.03517911 -0.01348823
v 0.04278503 -0.03521828 -0.04279636
v 0.03048808 -0.03505000 -0.02581361
v 0.01356250 -0.03505000 -0.03612500
v 0.02613093 -0.03505000 -0.03612500
v 0.02389285 -0.03505000 -0.04300000
v 0.04250000 -0.03505000 -0.01925000
v -0.02334154 -0.03505000 -0.03248341
v 0.00837500 -0.03505000 -0.04300000
v -0.03217717 0.03900000 -0.01548096
v -0.03781695 0.03900000 -0.01379781
v -0.04037413 0.03900000 -0.01788417
v -0.03805115 0.03900000 -0.02209298
v -0.03263386 0.03900000 -0.02098828
v -0.00983390 0.03900000 -0.03964164
v -0.00984603 0.03900000 -0.04408675
v -0.00687364 0.03900000 -0.04628756
v -0.00263387 0.03900000 -0.04498828
v -0.00185005 0.03900000 -0.04061281
v -0.00509514 0.03900000 -0.03759070
v 0.01816610 0.03900000 -0.03264165
v 0.01815397 0.03900000 -0.03708675
v 0.02077577 0.03900000 -0.03915131
v 0.02408674 0.03900000 -0.03884603
v 0.02657020 0.03900000 -0.03472986
v 0.02290486 0.03900000 -0.03059071
v 0.04037283 0.03899977 -0.01415672
v 0.03481941 0.03899999 -0.01470772
v 0.03427123 0.03899998 -0.02066465
v 0.03996699 0.03899985 -0.02213079
v 0.04236285 0.03900020 -0.01808058
v 0.04246411 0.04073644 -0.01800303
v -0.03494036 -0.03900000 -0.01354614
v -0.03150057 -0.03900000 -0.01787456
v -0.03434322 -0.03900000 -0.02218518
v -0.03872291 -0.03900000 -0.02142523
v -0.04037413 -0.03900000 -0.01811583
v -0.03913586 -0.03900000 -0.01501698
v -0.03636421 -0.04190109 -0.01364586
v -0.00154614 -0.03900000 -0.04305964
v -0.00512636 -0.03900000 -0.04628756
v -0.00872290 -0.03900000 -0.04542523
v -0.01045286 -0.03900000 -0.04134222
v -0.00690486 -0.03900000 -0.03759071
v -0.00301698 -0.03900000 -0.03886414
v 0.02606783 -0.03900000 -0.03676315
v 0.02322423 -0.03900000 -0.03915131
v 0.01920392 -0.03900000 -0.03852741
v 0.01767221 -0.03900000 -0.03435452
v 0.02069074 -0.03900000 -0.03061303
v 0.02556084 -0.03900000 -0.03235873
v 0.03996699 -0.03899985 -0.01386922
v 0.04236285 -0.03900020 -0.01791942
v 0.04037282 -0.03899977 -0.02184329
v 0.03481941 -0.03899999 -0.02129228
v 0.03427123 -0.03899998 -0.01533535
v 0.04246411 -0.04073648 -0.01799697
v 0.04129050 -0.04190445 -0.02076502
v 0.04001484 -0.04184377 -0.01419120
v 0.03925357 0.03599604 -0.04457721
v 0.03803145 0.03599604 -0.04367743
v 0.03800000 0.03524892 -0.04500000
v 0.03670968 0.03599370 -0.04462068
v 0.03731148 0.03599604 -0.04612965
v 0.03882604 0.03599604 -0.04603336
v 0.02800000 0.03524892 -0.04500000
v 0.02920197 0.03599026 -0.04434457
v 0.02689432 0.03595752 -0.04402409
v 0.02731148 0.03599604 -0.04612965
v 0.02882604 0.03599604 -0.04603336
v 0.02786953 0.04171189 -0.04366422
v 0.03670299 -0.03599604 -0.04526065
v 0.03796313 -0.03595752 -0.04352570
v 0.03800000 -0.03524892 -0.04500000
v 0.03929752 -0.03599026 -0.04543676
v 0.03780132 -0.03599604 -0.04630794
v 0.02683807 -0.03598536 -0.04422824
v 0.02906617 -0.03597860 -0.04405948
v 0.02800000 -0.03524892 -0.04500000
v 0.02879776 -0.03599370 -0.04608277
v 0.02717396 -0.03599604 -0.04603336
v 0.02763735 0.00116697 -0.14400434
v 0.02891614 0.00115598 -0.09644893
v 0.00287827 0.00119946 -0.14263740
v -0.00236265 0.00116697 -0.14400434
v -0.01458542 0.00118502 -0.07482206
v 0.02224099 0.00119820 -0.05524564
v 0.00022156 0.00120533 -0.08831019
v -0.02120927 0.00124085 -0.07625560
v 0.00212731 -0.00114514 -0.14388466
v 0.03282143 -0.00114649 -0.14298645
v 0.03924783 -0.00121159 -0.14332618
v 0.00037413 -0.00113605 -0.13092171
v 0.01519449 -0.00121483 -0.10973714
v 0.01528237 -0.00123769 -0.06689788
v 0.00682761 -0.00116063 -0.05608812
v -0.03130788 0.04070688 -0.22677426
v -0.03033150 0.04100000 -0.22777425
v -0.01972942 0.04100000 -0.22727425
v 0.01094887 0.04100000 -0.20984116
v -0.01972943 0.04100000 -0.23027426
v -0.03130788 0.04070688 -0.22977427
v -0.03033150 0.04100000 -0.23077425
v -0.03130788 0.04070688 -0.23277424
v -0.03033150 0.04100000 -0.23377424
v -0.01972943 0.04100000 -0.23327425
v -0.01972943 0.04100000 -0.23927425
v -0.03130788 0.04070688 -0.23877424
v -0.03033150 0.04100000 -0.23977424
v -0.02077200 0.04096592 -0.22477424
v -0.00940640 0.04100002 -0.20998125
v -0.01125040 0.04100000 -0.20940153
v -0.01972943 0.04100000 -0.23627424
v -0.03040299 0.04088137 -0.20387833
v -0.01069363 0.04100000 -0.20764662
v 0.03035763 0.04091359 -0.20388383
v -0.00875371 0.04100000 -0.20806918
v 0.00931664 0.04100002 -0.20764218
v 0.01092488 0.04100000 -0.20779562
v -0.03130788 0.04070688 -0.23577425
v -0.03033150 0.04100000 -0.23677425
v 0.03130788 0.04070688 -0.28277427
v 0.03033150 0.04100000 -0.28177425
v 0.00992054 0.04096322 -0.28227425
v 0.00872677 0.04099998 -0.20935762
v 0.03130788 0.04070688 -0.27977425
v 0.03033150 0.04100000 -0.27877426
v 0.00992054 0.04096322 -0.27927426
v -0.03130788 0.04070688 -0.26677424
v -0.03033150 0.04100000 -0.26777425
v -0.00990979 0.04096681 -0.26727426
v -0.00992054 0.04096322 -0.27027425
v 0.00992054 0.04096322 -0.28827426
v 0.00995091 0.04095310 -0.29727426
v 0.03130788 0.04070688 -0.29777426
v 0.03033150 0.04100000 -0.29677424
v -0.00995091 0.04095310 -0.29427427
v -0.03130788 0.04070688 -0.29377425
v -0.03033150 0.04100000 -0.29477426
v -0.03042291 0.04092543 -0.22477441
v 0.03130788 0.04070688 -0.27677426
v 0.03033150 0.04100000 -0.27577424
v 0.00992054 0.04096322 -0.27627426
v 0.03130788 0.04070688 -0.27377424
v 0.03033150 0.04100000 -0.27277425
v 0.00992054 0.04096322 -0.27327424
v 0.03130788 0.04070688 -0.28577429
v 0.03033150 0.04100000 -0.28477424
v 0.00993389 0.04095877 -0.28527427
v 0.03130788 0.04070688 -0.27077425
v 0.03033150 0.04100000 -0.26977426
v 0.00992054 0.04096322 -0.27027425
v 0.03130788 0.04070688 -0.29177424
v 0.03033150 0.04100000 -0.29077426
v 0.00993389 0.04095877 -0.29127425
v -0.03130788 0.04070688 -0.27277428
v -0.03033150 0.04100000 -0.27377424
v -0.00988728 0.04097432 -0.27327427
v 0.03130788 0.04070688 -0.26777428
v 0.03033150 0.04100000 -0.26677424
v 0.00990980 0.04096681 -0.26727426
v -0.03130788 0.04070688 -0.26977426
v -0.03033150 0.04100000 -0.27077425
v -0.03130788 0.04070688 -0.27877426
v -0.03033150 0.04100000 -0.27977425
v -0.00993389 0.04095877 -0.27927426
v 0.03130788 0.04070688 -0.28877425
v 0.03033150 0.04100000 -0.28777426
v 0.02203181 0.04093568 -0.31578925
v 0.02085665 0.04100000 -0.30677426
v 0.00971048 0.04098655 -0.29977426
v -0.00995091 0.04095310 -0.28527427
v -0.00995091 0.04095310 -0.28227425
v -0.03033150 0.04100000 -0.28277424
v -0.03130788 0.04070688 -0.28177425
v -0.00995091 0.04095310 -0.28827426
v -0.03130788 0.04070688 -0.28777426
v -0.03033150 0.04100000 -0.28877425
v 0.00995091 0.04095310 -0.29427427
v 0.03037282 0.04100741 -0.30129194
v 0.03116950 0.04082238 -0.29977703
v -0.03033150 0.04100000 -0.28577426
v -0.03130788 0.04070688 -0.28477424
v 0.02019586 0.04096731 -0.23927425
v 0.00999154 0.04097272 -0.24377427
v 0.02009872 0.04097043 -0.24177425
v 0.03115956 0.04084845 -0.24377427
v 0.03033150 0.04100000 -0.24177425
v 0.03130788 0.04070688 -0.29477426
v 0.03033150 0.04100000 -0.29377425
v -0.00995091 0.04095310 -0.27627423
v -0.03130788 0.04070688 -0.29677424
v -0.03033150 0.04100000 -0.29777426
v -0.00993389 0.04095877 -0.29727423
v -0.03130788 0.04070688 -0.27577424
v -0.03033150 0.04100000 -0.27677426
v 0.03130788 0.04070688 -0.23977426
v 0.03033150 0.04100000 -0.23877424
v 0.02018922 0.04097135 -0.23627426
v -0.03130788 0.04070688 -0.24577425
v -0.03033150 0.04100000 -0.24677424
v -0.00985830 0.04098398 -0.24627425
v 0.00995091 0.04095310 -0.25227425
v 0.03130788 0.04070688 -0.25277424
v 0.03033150 0.04100000 -0.25177425
v -0.03130788 0.04070688 -0.24877426
v -0.03033150 0.04100000 -0.24977425
v -0.00993389 0.04095877 -0.24927427
v -0.03035888 0.04100878 -0.30127355
v -0.02239186 0.04066659 -0.30665463
v -0.00994326 0.04098925 -0.29977426
v 0.03130788 0.04070688 -0.26477426
v 0.03033150 0.04100000 -0.26377425
v 0.00993389 0.04095877 -0.26427424
v -0.03130788 0.04070688 -0.25177425
v -0.03033150 0.04100000 -0.25277424
v -0.00992054 0.04096322 -0.25227425
v -0.01484504 0.04095827 -0.31972867
v -0.02224551 0.04076248 -0.31578559
v -0.03112225 0.04075243 -0.31973407
v -0.03040142 0.04099852 -0.31677052
v -0.03130788 0.04070688 -0.25477427
v -0.03033150 0.04100000 -0.25577426
v -0.00992054 0.04096322 -0.25527427
v -0.00993389 0.04095877 -0.29127425
v 0.01489569 0.04094338 -0.31972557
v 0.03039162 0.04099900 -0.31677142
v 0.03037989 0.04085226 -0.31972101
v 0.03130788 0.04070688 -0.24677424
v 0.03033150 0.04100000 -0.24577425
v 0.00993389 0.04095877 -0.24627425
v -0.03130788 0.04070688 -0.25777429
v -0.03033150 0.04100000 -0.25877425
v -0.00992054 0.04096322 -0.25827426
v -0.03033150 0.04100000 -0.29977426
v 0.00839009 0.04082613 -0.32479605
v 0.01143816 0.04082787 -0.32453853
v -0.03130788 0.04070688 -0.26077425
v -0.03033150 0.04100000 -0.26177424
v -0.00992054 0.04096322 -0.26127425
v -0.03130788 0.04070688 -0.26377425
v -0.03033150 0.04100000 -0.26477426
v -0.00992054 0.04096322 -0.26427424
v 0.01442104 0.04096887 -0.33001113
v 0.01155199 0.04081269 -0.32671830
v -0.00834716 0.04089043 -0.32654411
v -0.00982830 0.04083774 -0.32764766
v -0.03130788 0.04070688 -0.24177425
v -0.03033150 0.04100000 -0.24377425
v -0.01972942 0.04100000 -0.24177425
v -0.00972812 0.04098088 -0.24377427
v -0.03033150 0.04100000 -0.29177424
v -0.03130788 0.04070688 -0.29077429
v 0.01011252 0.04085890 -0.32760769
v 0.02019586 0.04096731 -0.23027426
v 0.03130788 0.04070688 -0.23077425
v 0.03033150 0.04100000 -0.22977425
v 0.00836295 0.04087589 -0.32667547
v -0.01453974 0.04094030 -0.32998139
v 0.02019586 0.04096731 -0.22727425
v -0.01184563 0.04080896 -0.32619455
v 0.00995091 0.04095310 -0.26127425
v 0.00995091 0.04095310 -0.24927427
v 0.02018922 0.04097135 -0.23327425
v 0.03033150 0.04100000 -0.23277424
v 0.03130788 0.04070688 -0.23377424
v -0.01075849 0.04082994 -0.32403192
v 0.03130788 0.04070688 -0.24977426
v 0.03033150 0.04100000 -0.24877425
v 0.03130788 0.04070688 -0.26177424
v 0.03033150 0.04100000 -0.26077425
v 0.00995091 0.04095310 -0.25827429
v -0.00848157 0.04081634 -0.32472754
v 0.03130788 0.04070688 -0.22777425
v 0.03033150 0.04100000 -0.22677425
v 0.02028427 0.04095557 -0.22477424
v 0.03042706 0.04092467 -0.22477451
v 0.03130788 0.04070688 -0.25877425
v 0.03033150 0.04100000 -0.25777426
v 0.00995091 0.04095310 -0.25527427
v 0.03130788 0.04070688 -0.23677425
v 0.03033150 0.04100000 -0.23577425
v 0.03033150 0.04100000 -0.25477424
v 0.03130788 0.04070688 -0.25577426
v -0.04096322 -0.00992054 -0.24627425
v -0.04070688 -0.03130788 -0.24577425
v -0.04100000 -0.03033150 -0.24677424
v -0.04095877 -0.00993389 -0.24927427
v -0.04070688 -0.03130788 -0.24877426
v -0.04100000 -0.03033150 -0.24977425
v -0.04100000 -0.01972942 -0.22727425
v -0.04070688 -0.03130788 -0.22677426
v -0.04100000 -0.03033150 -0.22777425
v -0.04095310 -0.00995091 -0.25827429
v -0.04070688 -0.03130788 -0.25777429
v -0.04100000 -0.03033150 -0.25877425
v -0.04096731 0.02019586 -0.23927425
v -0.04099032 0.00994015 -0.24377427
v -0.04097043 0.02009872 -0.24177425
v -0.04084845 0.03115956 -0.24377427
v -0.04100000 0.03033150 -0.24177425
v -0.04100002 -0.00940640 -0.20998125
v -0.04100000 -0.01972943 -0.23027426
v -0.04100000 -0.01972943 -0.23627424
v -0.04070688 -0.03130788 -0.23577425
v -0.04100000 -0.03033150 -0.23677425
v -0.04070688 -0.03130788 -0.25177425
v -0.04100000 -0.03033150 -0.25277424
v -0.04095310 -0.00995091 -0.25227425
v -0.04095310 -0.00995091 -0.25527427
v -0.04096731 0.02019586 -0.23627424
v -0.04100000 0.01094887 -0.20984116
v -0.04070688 -0.03130788 -0.22977427
v -0.04100000 -0.03033150 -0.23077425
v -0.04100000 -0.01972943 -0.23327425
v -0.04070688 -0.03130788 -0.25477427
v -0.04100000 -0.03033150 -0.25577426
v -0.04098559 0.02016582 -0.23327425
v -0.04070688 -0.03130788 -0.23277424
v -0.04100000 -0.03033150 -0.23377424
v -0.04070688 -0.03130788 -0.26077425
v -0.04100000 -0.03033150 -0.26177424
v -0.04095877 -0.00993389 -0.26127425
v -0.04096322 -0.00992054 -0.26427424
v -0.04070688 -0.03130788 -0.26377425
v -0.04100000 -0.03033150 -0.26477426
v -0.04097135 0.02018922 -0.23027426
v -0.04096731 0.02019586 -0.22727425
v -0.04100000 0.01092488 -0.20779562
v -0.04070688 -0.03130788 -0.23877424
v -0.04100000 -0.03033150 -0.23977424
v -0.04100000 -0.01972943 -0.23927425
v -0.04070688 -0.03130788 -0.24177425
v -0.04100000 -0.03033150 -0.24377425
v -0.04100000 -0.01972942 -0.24177425
v -0.04098963 -0.00970090 -0.24377427
v -0.04096322 0.00992054 -0.24627425
v -0.04070688 0.03130788 -0.24677424
v -0.04100000 0.03033150 -0.24577425
v -0.04096322 -0.00992054 -0.26727426
v -0.04070688 -0.03130788 -0.26677424
v -0.04100000 -0.03033150 -0.26777425
v -0.04096322 0.00992054 -0.24927425
v -0.04070688 0.03130788 -0.24977426
v -0.04100000 0.03033150 -0.24877425
v -0.04096322 -0.00992054 -0.27027425
v -0.04070688 -0.03130788 -0.26977426
v -0.04100000 -0.03033150 -0.27077425
v -0.04096322 0.00992054 -0.25227425
v -0.04070688 0.03130788 -0.25277424
v -0.04100000 0.03033150 -0.25177425
v -0.04096322 -0.00992054 -0.27327424
v -0.04070688 -0.03130788 -0.27277428
v -0.04100000 -0.03033150 -0.27377424
v -0.04096322 0.00992054 -0.25527427
v -0.04070688 0.03130788 -0.25577426
v -0.04100000 0.03033150 -0.25477424
v -0.04096322 -0.00992054 -0.27627426
v -0.04070688 -0.03130788 -0.27577424
v -0.04100000 -0.03033150 -0.27677426
v -0.04096322 0.00992054 -0.25827426
v -0.04070688 0.03130788 -0.25877425
v -0.04100000 0.03033150 -0.25777426
v -0.04096322 -0.00992054 -0.27927426
v -0.04070688 -0.03130788 -0.27877426
v -0.04100000 -0.03033150 -0.27977425
v -0.04099999 0.00872680 -0.20935766
v -0.04096322 0.00992054 -0.26127425
v -0.04070688 0.03130788 -0.26177424
v -0.04100000 0.03033150 -0.26077425
v -0.04096322 -0.00992054 -0.28227425
v -0.04070688 -0.03130788 -0.28177425
v -0.04100000 -0.03033150 -0.28277424
v -0.04092151 -0.02083775 -0.22477424
v -0.04100000 -0.01125040 -0.20940153
v -0.04096322 0.00992054 -0.26427424
v -0.04070688 0.03130788 -0.26477426
v -0.04100000 0.03033150 -0.26377425
v -0.04096322 -0.00992054 -0.28527427
v -0.04070688 -0.03130788 -0.28477424
v -0.04100000 -0.03033150 -0.28577426
v -0.04096322 0.00992054 -0.26727426
v -0.04070688 0.03130788 -0.26777428
v -0.04100000 0.03033150 -0.26677424
v -0.04096322 -0.00992054 -0.28827426
v -0.04070688 -0.03130788 -0.28777426
v -0.04100000 -0.03033150 -0.28877425
v -0.04096322 0.00992054 -0.27027425
v -0.04070688 0.03130788 -0.27077425
v -0.04100000 0.03033150 -0.26977426
v -0.04096322 -0.00992054 -0.29127425
v -0.04070688 -0.03130788 -0.29077429
v -0.04100000 -0.03033150 -0.29177424
v -0.04100001 0.00931664 -0.20764218
v -0.04085437 0.03044064 -0.20387374
v -0.04096322 0.00992054 -0.27327424
v -0.04070688 0.03130788 -0.27377424
v -0.04100000 0.03033150 -0.27277425
v -0.04096322 -0.00992054 -0.29427427
v -0.04070688 -0.03130788 -0.29377425
v -0.04100000 -0.03033150 -0.29477426
v -0.04089588 -0.03038266 -0.20388080
v -0.04096322 0.00992054 -0.27627423
v -0.04070688 0.03130788 -0.27677426
v -0.04100000 0.03033150 -0.27577424
v -0.04096322 -0.00992054 -0.29727426
v -0.04070688 -0.03130788 -0.29677424
v -0.04100000 -0.03033150 -0.29777426
v -0.04100000 -0.01016891 -0.20732643
v -0.04096322 0.00992054 -0.27927426
v -0.04070688 0.03130788 -0.27977425
v -0.04100000 0.03033150 -0.27877426
v -0.04095310 0.00995091 -0.29727423
v -0.04070688 0.03130788 -0.29777426
v -0.04100000 0.03033150 -0.29677424
v -0.04092543 -0.03042291 -0.22477441
v -0.04095557 0.02028427 -0.22477424
v -0.04088764 0.03048125 -0.22477448
v -0.04095310 0.00995091 -0.29127425
v -0.04070688 0.03130788 -0.29177424
v -0.04100000 0.03033150 -0.29077426
v -0.04099998 -0.00869989 -0.20865139
v -0.04100000 0.02085665 -0.30677426
v -0.04099480 0.00968486 -0.29977426
v -0.04075622 0.02227490 -0.31578800
v -0.04093596 0.01489888 -0.31972706
v -0.04090479 0.03104766 -0.31678459
v -0.04084984 0.03038067 -0.31972507
v -0.04093941 -0.01485636 -0.31972936
v -0.04095877 0.00993389 -0.29427424
v -0.04086872 -0.01154174 -0.32467628
v -0.04079905 -0.01030534 -0.32392624
v -0.04086749 0.03123872 -0.30105659
v -0.04082274 0.03114891 -0.29977864
v -0.04084212 -0.00970728 -0.32761011
v -0.04083989 -0.01160509 -0.32668695
v -0.04095360 -0.01453402 -0.32997775
v -0.04093184 -0.02201499 -0.31578669
v -0.04095310 0.00995091 -0.28827426
v -0.04070688 0.03130788 -0.28877425
v -0.04100000 0.03033150 -0.28777426
v -0.04095877 0.00993389 -0.28227425
v -0.04070688 0.03130788 -0.28277427
v -0.04100000 0.03033150 -0.28177425
v -0.04070688 0.03130788 -0.29477426
v -0.04100000 0.03033150 -0.29377425
v -0.04075174 -0.03111083 -0.31973565
v -0.04082210 -0.03126949 -0.31680116
v -0.04070688 0.03130788 -0.28577429
v -0.04100000 0.03033150 -0.28477424
v -0.04095877 0.00993389 -0.28527427
v -0.04097868 -0.00997413 -0.29977426
v -0.04052205 -0.02258795 -0.30666253
v -0.04088845 -0.03108903 -0.30112201
v -0.04095690 0.01442736 -0.33001399
v -0.04083246 0.01041551 -0.32760370
v -0.04086694 0.00834915 -0.32664642
v -0.04087734 -0.00854422 -0.32462752
v -0.04083882 0.01130969 -0.32451218
v -0.04084851 0.01175491 -0.32628408
v -0.04082608 -0.00815984 -0.32605249
v -0.04093818 0.00908402 -0.32380888
v -0.04100000 -0.03033150 -0.29977426
v 0.04095310 -0.00995091 -0.28227425
v 0.04070688 -0.03130788 -0.28277427
v 0.04100000 -0.03033150 -0.28177425
v 0.04097737 0.00958103 -0.26752427
v 0.04070688 0.03130788 -0.26677424
v 0.04100000 0.03033150 -0.26777425
v 0.04097737 0.00958103 -0.27352425
v 0.04070688 0.03130788 -0.27277428
v 0.04100000 0.03033150 -0.27377424
v 0.04096322 -0.00992054 -0.26127425
v 0.04070688 -0.03130788 -0.26177424
v 0.04100000 -0.03033150 -0.26077425
v 0.04098088 -0.00972813 -0.29977426
v 0.04097222 -0.00989356 -0.29727423
v 0.04100000 0.00911043 -0.26427424
v 0.04096322 -0.00992054 -0.29427424
v 0.04096322 0.00992054 -0.25527427
v 0.04095310 -0.00995091 -0.25227425
v 0.04097432 -0.00988728 -0.24927425
v 0.04097483 0.02075882 -0.22477424
v 0.04095310 0.00995091 -0.27927426
v 0.04070688 0.03130788 -0.27877426
v 0.04100000 0.03033150 -0.27977425
v 0.04070688 0.03130788 -0.24177425
v 0.04100000 0.03033150 -0.24377425
v 0.04100000 0.01972942 -0.24177425
v 0.04098776 0.00970671 -0.24377427
v 0.04100000 0.01972943 -0.23927425
v 0.04070688 -0.03130788 -0.25877425
v 0.04100000 -0.03033150 -0.25777426
v 0.04096322 -0.00992054 -0.25827426
v 0.04070688 -0.03130788 -0.25577426
v 0.04100000 -0.03033150 -0.25477424
v 0.04096322 -0.00992054 -0.25527427
v 0.04070688 -0.03130788 -0.25277424
v 0.04100000 -0.03033150 -0.25177425
v 0.04095310 0.00995091 -0.26127425
v 0.04095310 0.00995091 -0.27627423
v 0.04092904 -0.00832985 -0.32667759
v 0.04070688 -0.03130788 -0.29777426
v 0.04100000 -0.03033150 -0.29677424
v 0.04096322 -0.00992054 -0.29127425
v 0.04096322 0.00992054 -0.25227425
v 0.04070688 0.03130788 -0.26077425
v 0.04100000 0.03033150 -0.26177424
v 0.04095310 0.00995091 -0.28527427
v 0.04070688 0.03130788 -0.28477424
v 0.04100000 0.03033150 -0.28577426
v 0.04070688 0.03130788 -0.25777429
v 0.04100000 0.03033150 -0.25877425
v 0.04095877 0.00993389 -0.25827426
v 0.04096322 -0.00992054 -0.28827426
v 0.04096322 0.00992054 -0.24927427
v 0.04095310 -0.00995091 -0.27627423
v 0.04070688 -0.03130788 -0.27677426
v 0.04100000 -0.03033150 -0.27577424
v 0.04070688 -0.03130788 -0.26477426
v 0.04100000 -0.03033150 -0.26377425
v 0.04095877 -0.00993389 -0.26427424
v 0.04100000 0.01972942 -0.22727425
v 0.04100000 0.01972943 -0.23027426
v 0.04100000 0.01972943 -0.23327424
v 0.04070688 -0.03130788 -0.24977426
v 0.04100000 -0.03033150 -0.24877425
v 0.04070688 0.03130788 -0.26377425
v 0.04100000 0.03033150 -0.26477426
v 0.04070688 0.03130788 -0.26977426
v 0.04100000 0.03033150 -0.27077425
v 0.04100000 0.00911043 -0.27027425
v 0.04095310 0.00995091 -0.28227425
v 0.04070688 -0.03130788 -0.29477426
v 0.04100000 -0.03033150 -0.29377425
v 0.04100000 0.03033150 -0.25577426
v 0.04070688 0.03130788 -0.25477427
v 0.04095310 -0.00995091 -0.28527427
v 0.04098470 0.00985614 -0.24627425
v 0.04095310 -0.00995091 -0.27927426
v 0.04070688 -0.03130788 -0.24677424
v 0.04100000 -0.03033150 -0.24577425
v 0.04097432 -0.00988728 -0.24627425
v 0.04097776 -0.02008641 -0.24177425
v 0.04096731 -0.02019586 -0.23927425
v 0.04100000 0.00875368 -0.20806921
v 0.04070688 -0.03130788 -0.29177424
v 0.04100000 -0.03033150 -0.29077426
v 0.04100000 0.03033150 -0.25277424
v 0.04070688 0.03130788 -0.25177425
v 0.04100000 0.01972943 -0.23627424
v 0.04095310 0.00995091 -0.28827426
v 0.04070688 -0.03130788 -0.28877425
v 0.04100000 -0.03033150 -0.28777426
v 0.04100000 0.03033150 -0.24977425
v 0.04070688 0.03130788 -0.24877426
v 0.04095310 -0.00995091 -0.27327424
v 0.04084845 -0.03115956 -0.24377427
v 0.04100000 -0.03033150 -0.24177425
v 0.04095300 -0.01004912 -0.24377427
v 0.04098233 0.00956499 -0.29752424
v 0.04070688 0.03130788 -0.29677424
v 0.04100000 0.03033150 -0.29777426
v 0.04085428 0.03044095 -0.20387371
v 0.04086673 0.03050922 -0.22477439
v 0.04084548 -0.00838595 -0.32478163
v 0.04100000 -0.03033150 -0.28477424
v 0.04070688 -0.03130788 -0.28577429
v 0.04100000 0.01125040 -0.20940153
v 0.04100000 0.01069363 -0.20764662
v 0.04100002 0.00940640 -0.20998125
v 0.04097135 -0.02018922 -0.23627426
v 0.04070688 0.03130788 -0.27577424
v 0.04100000 0.03033150 -0.27677426
v 0.04095310 -0.00995091 -0.27027425
v 0.04070688 -0.03130788 -0.27077425
v 0.04100000 -0.03033150 -0.26977426
v 0.04089596 -0.03038234 -0.20388082
v 0.04098874 -0.02023070 -0.22477424
v 0.04100000 -0.01094887 -0.20984116
v 0.04099998 -0.00872680 -0.20935766
v 0.04100000 -0.03033150 -0.27877426
v 0.04070688 -0.03130788 -0.27977425
v 0.04100000 -0.03033150 -0.27277425
v 0.04070688 -0.03130788 -0.27377424
v 0.04097135 -0.02018922 -0.23327425
v 0.04096731 -0.02019586 -0.23027426
v 0.04100002 -0.00931664 -0.20764218
v 0.04100000 -0.01092488 -0.20779562
v 0.04070688 0.03130788 -0.28177425
v 0.04100000 0.03033150 -0.28277424
v 0.04070688 -0.03130788 -0.26777428
v 0.04100000 -0.03033150 -0.26677424
v 0.04095877 -0.00993389 -0.26727426
v 0.04092467 -0.03042706 -0.22477451
v 0.04070688 0.03130788 -0.28777426
v 0.04100000 0.03033150 -0.28877425
v 0.04095310 0.00995091 -0.29127425
v 0.04052205 0.02258795 -0.30666253
v 0.04081877 0.02216890 -0.31578597
v 0.04098621 0.00995213 -0.29977426
v 0.04070688 0.03130788 -0.24577425
v 0.04100000 0.03033150 -0.24677424
v 0.04088845 0.03108903 -0.30112201
v 0.04097450 -0.02018404 -0.22727425
v 0.04070688 0.03130788 -0.29077429
v 0.04100000 0.03033150 -0.29177424
v 0.04095877 0.00993389 -0.29427424
v 0.04064670 -0.02242326 -0.31578723
v 0.04094239 -0.01489612 -0.31973147
v 0.04090479 -0.03104766 -0.31678459
v 0.04089827 -0.03032815 -0.31971255
v 0.04100000 0.03033150 -0.29977426
v 0.04100000 -0.02085665 -0.30677426
v 0.04081750 -0.00987445 -0.32391122
v 0.04082210 0.03126949 -0.31680116
v 0.04074703 0.03111363 -0.31973878
v 0.04094375 0.01485375 -0.31972548
v 0.04082994 0.01075849 -0.32403192
v 0.04086749 -0.03123872 -0.30105659
v 0.04082274 -0.03114891 -0.29977864
v 0.04080896 0.01184563 -0.32619455
v 0.04094906 0.01453597 -0.32997900
v 0.04083774 0.00982830 -0.32764766
v 0.04095690 -0.01442736 -0.33001399
v 0.04097832 -0.01223813 -0.32590562
v 0.04085210 -0.01011072 -0.32760406
v 0.04084826 0.00836351 -0.32652959
v 0.04100000 0.03033150 -0.29477426
v 0.04070688 0.03130788 -0.29377425
v 0.04082342 0.00847909 -0.32472539
v -0.00995091 -0.04095310 -0.29427427
v -0.03130788 -0.04070688 -0.29477426
v -0.03033150 -0.04100000 -0.29377425
v 0.03130788 -0.04070688 -0.22677426
v 0.03033150 -0.04100000 -0.22777425
v 0.01972942 -0.04100000 -0.22727425
v -0.01094887 -0.04100000 -0.20984116
v 0.01972943 -0.04100000 -0.23027426
v 0.03130788 -0.04070688 -0.22977427
v 0.03033150 -0.04100000 -0.23077425
v 0.02077200 -0.04096592 -0.22477424
v 0.00940640 -0.04100002 -0.20998125
v 0.01125040 -0.04100000 -0.20940153
v 0.03130788 -0.04070688 -0.23277424
v 0.03033150 -0.04100000 -0.23377424
v 0.01972943 -0.04100000 -0.23327425
v 0.03042291 -0.04092543 -0.22477441
v -0.00872677 -0.04099999 -0.20935762
v 0.00869990 -0.04099998 -0.20865135
v 0.03036046 -0.04091894 -0.20390823
v -0.00931664 -0.04100002 -0.20764218
v -0.03036643 -0.04090730 -0.20388275
v -0.01092488 -0.04100000 -0.20779562
v 0.01972943 -0.04100000 -0.23627424
v 0.00995091 -0.04095310 -0.24627425
v 0.03130788 -0.04070688 -0.24577425
v 0.03033150 -0.04100000 -0.24677424
v 0.03130788 -0.04070688 -0.23577425
v 0.03033150 -0.04100000 -0.23677425
v 0.01972943 -0.04100000 -0.23927425
v 0.00992054 -0.04096322 -0.25527427
v 0.03130788 -0.04070688 -0.25477427
v 0.03033150 -0.04100000 -0.25577426
v 0.01016891 -0.04100000 -0.20732643
v 0.00993389 -0.04095877 -0.25227425
v 0.03130788 -0.04070688 -0.25177425
v 0.03033150 -0.04100000 -0.25277424
v -0.02023673 -0.04098501 -0.22477424
v -0.03051348 -0.04086561 -0.22477445
v 0.00992054 -0.04096322 -0.25827426
v 0.03130788 -0.04070688 -0.25777429
v 0.03033150 -0.04100000 -0.25877425
v 0.01972942 -0.04100000 -0.24177425
v 0.03130788 -0.04070688 -0.24177425
v 0.03033150 -0.04100000 -0.24377425
v -0.02018404 -0.04097450 -0.22727425
v 0.00992054 -0.04096322 -0.26427424
v 0.03130788 -0.04070688 -0.26377425
v 0.03033150 -0.04100000 -0.26477426
v -0.00992054 -0.04096322 -0.24627425
v -0.03130788 -0.04070688 -0.24677424
v -0.03033150 -0.04100000 -0.24577425
v 0.00995091 -0.04095310 -0.24927425
v -0.02018405 -0.04097450 -0.23027426
v -0.02017989 -0.04097703 -0.23327425
v 0.00992054 -0.04096322 -0.26127425
v -0.00997413 -0.04097868 -0.24377427
v -0.00992054 -0.04096322 -0.24927427
v 0.00992054 -0.04096322 -0.26727426
v -0.00992054 -0.04096322 -0.25227425
v 0.00992054 -0.04096322 -0.27027425
v 0.03033150 -0.04100000 -0.24977425
v 0.03130788 -0.04070688 -0.24877426
v -0.00992054 -0.04096322 -0.25527427
v 0.00992054 -0.04096322 -0.27327424
v 0.00975141 -0.04097338 -0.24377427
v -0.02019586 -0.04096731 -0.23927425
v -0.02009872 -0.04097043 -0.24177425
v -0.03115956 -0.04084845 -0.24377427
v -0.03033150 -0.04100000 -0.24177425
v -0.03130788 -0.04070688 -0.24977426
v -0.03033150 -0.04100000 -0.24877425
v 0.03033150 -0.04100000 -0.26777425
v 0.03130788 -0.04070688 -0.26677424
v -0.03130788 -0.04070688 -0.25277424
v -0.03033150 -0.04100000 -0.25177425
v 0.03033150 -0.04100000 -0.27077425
v 0.03130788 -0.04070688 -0.26977426
v -0.00992054 -0.04096322 -0.25827429
v 0.00992054 -0.04096322 -0.27627423
v 0.03033150 -0.04100000 -0.23977424
v 0.03130788 -0.04070688 -0.23877424
v -0.02019586 -0.04096731 -0.23627424
v 0.03130788 -0.04070688 -0.26077425
v 0.03033150 -0.04100000 -0.26177424
v -0.03130788 -0.04070688 -0.25577426
v -0.03033150 -0.04100000 -0.25477424
v 0.03033150 -0.04100000 -0.27377424
v 0.03130788 -0.04070688 -0.27277428
v -0.00992054 -0.04096322 -0.26127425
v 0.00992054 -0.04096322 -0.27927426
v -0.03130788 -0.04070688 -0.25877425
v -0.03033150 -0.04100000 -0.25777426
v 0.03033150 -0.04100000 -0.27677426
v 0.03130788 -0.04070688 -0.27577424
v -0.00992054 -0.04096322 -0.26427427
v 0.00992054 -0.04096322 -0.28227425
v -0.03130788 -0.04070688 -0.26177424
v -0.03033150 -0.04100000 -0.26077425
v 0.03033150 -0.04100000 -0.27977425
v 0.03130788 -0.04070688 -0.27877426
v -0.00992054 -0.04096322 -0.26727426
v 0.00992054 -0.04096322 -0.28527427
v -0.03130788 -0.04070688 -0.26477426
v -0.03033150 -0.04100000 -0.26377425
v 0.03033150 -0.04100000 -0.28277424
v 0.03130788 -0.04070688 -0.28177425
v -0.00992054 -0.04096322 -0.27027425
v 0.00992054 -0.04096322 -0.28827426
v -0.03130788 -0.04070688 -0.26777428
v -0.03033150 -0.04100000 -0.26677424
v 0.03033150 -0.04100000 -0.28577426
v 0.03130788 -0.04070688 -0.28477424
v -0.00992054 -0.04096322 -0.27327427
v 0.00992054 -0.04096322 -0.29127425
v -0.00992054 -0.04096322 -0.27927426
v -0.00992054 -0.04096322 -0.27627426
v 0.00992054 -0.04096322 -0.29427424
v -0.03130788 -0.04070688 -0.27077425
v -0.03033150 -0.04100000 -0.26977426
v 0.03033150 -0.04100000 -0.28877425
v 0.03130788 -0.04070688 -0.28777426
v -0.03130788 -0.04070688 -0.27377424
v -0.03033150 -0.04100000 -0.27277425
v 0.03033150 -0.04100000 -0.29177424
v 0.03130788 -0.04070688 -0.29077429
v -0.03130788 -0.04070688 -0.27677426
v -0.03033150 -0.04100000 -0.27577424
v 0.03033150 -0.04100000 -0.29477426
v 0.03130788 -0.04070688 -0.29377425
v 0.03130788 -0.04070688 -0.29677424
v 0.03033150 -0.04100000 -0.29777426
v 0.00986067 -0.04098319 -0.29727423
v -0.00990980 -0.04096681 -0.29727426
v 0.00998177 -0.04097607 -0.29977426
v -0.00995091 -0.04095310 -0.28827426
v -0.03130788 -0.04070688 -0.28877425
v -0.03033150 -0.04100000 -0.28777426
v -0.03130788 -0.04070688 -0.27977425
v -0.03033150 -0.04100000 -0.27877426
v 0.03035887 -0.04100878 -0.30127358
v 0.02258796 -0.04052205 -0.30666250
v -0.00995091 -0.04095310 -0.28227428
v 0.01486500 -0.04092500 -0.31972924
v 0.02216890 -0.04081877 -0.31578597
v 0.03112462 -0.04074734 -0.31973845
v 0.03040142 -0.04099852 -0.31677052
v -0.03032815 -0.04089827 -0.31971255
v -0.03039162 -0.04099900 -0.31677142
v -0.01489043 -0.04095567 -0.31972629
v -0.02242326 -0.04064670 -0.31578723
v -0.02085665 -0.04100000 -0.30677426
v -0.00969491 -0.04099156 -0.29977426
v -0.01165372 -0.04084159 -0.32496446
v -0.01442104 -0.04096887 -0.33001113
v -0.01164844 -0.04080117 -0.32658637
v -0.03130788 -0.04070688 -0.28277427
v -0.03033150 -0.04100000 -0.28177425
v 0.03033150 -0.04100000 -0.29977426
v -0.03037282 -0.04100741 -0.30129194
v -0.03116950 -0.04082238 -0.29977703
v -0.01011252 -0.04085890 -0.32760769
v 0.00814949 -0.04085240 -0.32606086
v 0.00970728 -0.04084212 -0.32761011
v -0.00986815 -0.04079859 -0.32392073
v -0.00995091 -0.04095310 -0.29127428
v 0.01453974 -0.04094030 -0.32998139
v 0.01154266 -0.04087525 -0.32467011
v -0.03033150 -0.04100000 -0.29677424
v -0.03130788 -0.04070688 -0.29777426
v 0.01160509 -0.04083989 -0.32668695
v -0.00995091 -0.04095310 -0.28527427
v 0.01030534 -0.04079905 -0.32392624
v -0.00862939 -0.04088928 -0.32442853
v -0.03033150 -0.04100000 -0.29077426
v -0.03130788 -0.04070688 -0.29177424
v -0.03033150 -0.04100000 -0.28477424
v -0.03130788 -0.04070688 -0.28577429
v 0.00852508 -0.04089927 -0.32463068
v -0.00836820 -0.04082571 -0.32663867
v 0.04087426 0.03100585 -0.23604697
v 0.04087426 0.03100585 -0.23304696
v 0.04087426 0.03100585 -0.23004699
v 0.04087426 0.03100585 -0.22704698
v 0.03455069 0.03751379 -0.20661280
v 0.03599311 0.03610050 -0.20388895
v 0.03587736 0.03624659 -0.21176286
v 0.03550990 0.03660665 -0.21587622
v 0.03515421 0.03694836 -0.21605571
v 0.03515513 0.03694749 -0.21149339
v 0.03550859 0.03660792 -0.21167178
v 0.03694753 0.03515508 -0.21149336
v 0.03624635 0.03587760 -0.21176289
v 0.03660748 0.03550905 -0.21167196
v 0.03694826 0.03515432 -0.21605563
v 0.03800759 0.03400633 -0.21775691
v 0.03612805 0.03601203 -0.22477347
v 0.03678299 0.03532777 -0.20594710
v 0.03751379 0.03455069 -0.22093570
v -0.03100585 -0.04087426 -0.23650153
v -0.03100585 -0.04087426 -0.23350152
v -0.03100585 -0.04087426 -0.23050153
v -0.03100585 -0.04087426 -0.22750153
v -0.03455069 -0.03751379 -0.20661280
v -0.03599311 -0.03610050 -0.20388895
v -0.03612806 -0.03601203 -0.22477330
v -0.03751379 -0.03455069 -0.22093569
v -0.03686595 -0.03524084 -0.22154853
v -0.03515421 -0.03694836 -0.21605571
v -0.03515513 -0.03694749 -0.21149339
v -0.03694753 -0.03515508 -0.21149336
v -0.03624635 -0.03587760 -0.21176289
v -0.03660748 -0.03550905 -0.21167196
v -0.03660659 -0.03550996 -0.21587619
v -0.03624745 -0.03587649 -0.21578574
v -0.03694826 -0.03515432 -0.21605563
v -0.03678299 -0.03532777 -0.20594710
v 0.04087426 -0.03100585 -0.23650153
v 0.04087426 -0.03100585 -0.23350152
v 0.04087426 -0.03100585 -0.23050153
v 0.04087426 -0.03100585 -0.22750153
v 0.03805304 -0.03395536 -0.20799676
v 0.03751379 -0.03455069 -0.20661280
v 0.03610050 -0.03599311 -0.20388895
v 0.03793390 -0.03408840 -0.20750694
v 0.03694836 -0.03515421 -0.21605571
v 0.03694749 -0.03515513 -0.21149339
v 0.03515508 -0.03694753 -0.21149336
v 0.03587760 -0.03624635 -0.21176289
v 0.03550905 -0.03660748 -0.21167196
v 0.03550996 -0.03660659 -0.21587619
v 0.03587649 -0.03624745 -0.21578574
v 0.03515432 -0.03694826 -0.21605563
v 0.03450206 -0.03756017 -0.20668000
v 0.03395518 -0.03805320 -0.20955087
v 0.03395518 -0.03805320 -0.21955086
v 0.03408851 -0.03793380 -0.22004189
v 0.03601203 -0.03612805 -0.22477330
v 0.03624757 -0.03587637 -0.20578575
v 0.03532778 -0.03678298 -0.22160137
v 0.03587760 -0.03624635 -0.22176290
v 0.03669535 -0.03541845 -0.22163813
v -0.04087426 0.03100585 -0.23650153
v -0.04087426 0.03100585 -0.23350152
v -0.04087426 0.03100585 -0.23050153
v -0.04087426 0.03100585 -0.22750153
v -0.03800607 0.03400797 -0.21774521
v -0.03811371 0.03388724 -0.20851254
v -0.03751379 0.03455069 -0.20661280
v -0.03610050 0.03599311 -0.20388895
v -0.03756020 0.03450202 -0.22086842
v -0.03601203 0.03612806 -0.22477330
v -0.03455069 0.03751379 -0.22093569
v -0.03532961 0.03678068 -0.22159332
v -0.03678068 0.03532961 -0.22159332
v -0.03450206 0.03756017 -0.20668000
v -0.03398896 0.03802300 -0.21783125
v -0.03550996 0.03660659 -0.21587619
v -0.03678068 0.03532961 -0.20595516
v -0.03532961 0.03678068 -0.20595516
v 0.04087426 0.03100585 -0.23904698
v -0.03100585 -0.04087426 -0.23950152
v 0.04087426 -0.03100585 -0.23950152
v -0.04087426 0.03100585 -0.23950152
v -0.03596808 0.03191393 -0.21812743
v -0.03585801 0.03202418 -0.22028337
v -0.03450540 0.03337631 -0.22147991
v -0.03195234 0.03592955 -0.21932857
v -0.03202415 0.03585804 -0.21726520
v -0.03352857 0.03435332 -0.21599589
v 0.03191393 0.03596808 -0.20812742
v 0.03202418 0.03585800 -0.21028338
v 0.03354678 0.03433492 -0.21160834
v 0.03506908 0.03281326 -0.21095082
v 0.03578794 0.03209414 -0.21068838
v 0.03574962 0.03213226 -0.20737466
v -0.03901446 -0.00901954 -0.20398206
v -0.03887310 -0.01570201 -0.20390849
v -0.04042125 0.00002889 -0.20382017
v -0.03886086 0.01577681 -0.20387225
v -0.03901363 0.00916536 -0.20397066
v -0.03681240 -0.01625526 -0.20386322
v 0.03681721 0.01625551 -0.20385979
v 0.03887310 0.01570201 -0.20390849
v -0.01577681 -0.03886086 -0.20387225
v -0.02600432 -0.03555505 -0.20379081
v 0.03504251 0.02513507 -0.20386076
v 0.03508494 0.02658376 -0.20389767
v 0.03933045 0.00746473 -0.20403926
v 0.03932873 -0.00749437 -0.20404261
v 0.03886086 -0.01577681 -0.20387225
v -0.00852947 0.03913934 -0.20401397
v -0.01570201 0.03887310 -0.20390849
v 0.00220810 0.04011856 -0.20386502
v 0.01573893 0.03882699 -0.20389822
v 0.00887220 0.03905711 -0.20404689
v -0.01625942 0.03679990 -0.20386371
v -0.03504251 -0.02513507 -0.20386076
v -0.03508494 -0.02658376 -0.20389767
v 0.02597832 0.03536684 -0.20388021
v -0.01623521 -0.03678214 -0.20388754
v -0.02289693 -0.03332711 -0.20386420
v 0.03555505 -0.02600432 -0.20379081
v 0.03329755 0.02279709 -0.20387690
v 0.02513999 -0.03505804 -0.20384078
v 0.01564419 -0.03887013 -0.20391910
v 0.01624373 -0.03686175 -0.20387562
v 0.02658185 -0.03509199 -0.20388129
v -0.02513507 0.03504251 -0.20386076
v -0.02659562 0.03508420 -0.20389584
v -0.03333070 -0.02287606 -0.20386858
v -0.03536684 0.02597832 -0.20388021
v -0.03332718 0.02289708 -0.20386419
v -0.03679534 0.01623007 -0.20388743
v 0.00903890 -0.03901441 -0.20398323
v 0.00475220 -0.03980087 -0.20391347
v -0.00380840 -0.04004690 -0.20385307
v 0.03117504 -0.03113602 -0.20392880
v 0.03113602 0.03117504 -0.20392880
v -0.02287606 0.03333070 -0.20386858
v -0.03113602 -0.03117504 -0.20392880
v 0.01622537 0.03682241 -0.20387724
v 0.02282772 0.03329261 -0.20387857
v 0.03679862 -0.01623062 -0.20388375
v 0.03343246 -0.02308296 -0.20382510
v 0.02280084 -0.03329590 -0.20388071
v -0.03117504 0.03113602 -0.20392880
v -0.02271719 -0.03316604 -0.23777425
v -0.03316040 -0.02277474 -0.23777421
v -0.03270549 -0.02338803 -0.30677417
v -0.02820583 -0.02845952 -0.23777425
v -0.02150538 -0.03394299 -0.30677426
v -0.00888819 -0.03900000 -0.20407425
v -0.00864884 -0.03903646 -0.20874126
v -0.01614405 -0.03671593 -0.21577427
v -0.00554199 -0.03994730 -0.30677426
v -0.00888819 -0.03900000 -0.21577425
v 0.00907580 -0.03898784 -0.20781203
v 0.00877139 -0.03901824 -0.20924622
v 0.01617046 -0.03668408 -0.21577427
v 0.00902419 -0.03899196 -0.21577425
v 0.01098363 -0.03864652 -0.30677426
v 0.02084277 -0.03411277 -0.30677426
v 0.02277345 -0.03316066 -0.23777422
v 0.03326507 -0.02281484 -0.23777425
v 0.03325396 -0.02281102 -0.30677420
v 0.03343238 -0.02204359 -0.20407107
v 0.03670289 -0.01614969 -0.21577422
v 0.03897981 -0.00940980 -0.21577425
v 0.04007401 -0.00434581 -0.30677426
v 0.03903629 -0.00864872 -0.20874123
v 0.03899341 0.00965266 -0.20737247
v 0.03902898 0.00871378 -0.20913252
v 0.03898476 0.00914317 -0.21577425
v 0.03795218 0.01249835 -0.30677429
v 0.03670445 0.01613540 -0.21577427
v 0.03448403 0.01921544 -0.30677411
v 0.03316296 0.02277893 -0.23777424
v 0.02765822 0.02914991 -0.30677429
v 0.02286561 0.03319693 -0.23777424
v 0.01565469 0.03700017 -0.30677423
v 0.00907113 0.03898536 -0.20773788
v 0.00916669 0.03898045 -0.21002978
v 0.01615069 0.03669998 -0.21577424
v 0.00918637 0.03898961 -0.21577425
v 0.00196105 0.04018334 -0.30677429
v -0.00907509 0.03898718 -0.20781253
v -0.00877159 0.03901809 -0.20924649
v -0.00888819 0.03900000 -0.21577425
v -0.01006433 0.03843893 -0.30677432
v -0.01611662 0.03675489 -0.21577427
v -0.02247625 0.03330445 -0.30677408
v -0.03316556 0.02271548 -0.23777424
v -0.02278099 0.03316186 -0.23777418
v -0.02757743 0.02906886 -0.23777425
v -0.03337664 0.02241440 -0.30677426
v -0.03903470 0.00864834 -0.20874119
v -0.03670516 0.01614856 -0.21577425
v -0.03776544 0.01212049 -0.30677429
v -0.03899664 0.00899783 -0.21577427
v -0.04007709 0.00237902 -0.30677441
v -0.03899693 -0.00893476 -0.21577425
v -0.03902800 -0.00871346 -0.20913218
v -0.03899341 -0.00965266 -0.20737247
v -0.03673178 -0.01612581 -0.21577427
v -0.03882106 -0.01021734 -0.30677417
v 0.02768756 0.02982149 -0.31977424
v 0.02974610 0.02778264 -0.31977424
v 0.02807365 0.02960010 -0.31977424
v 0.02919793 0.03168665 -0.31977424
v 0.02946724 0.03140082 -0.31977424
v 0.02949229 0.03017230 -0.31977424
v 0.02937532 0.02999889 -0.31977424
v 0.03093814 0.02982902 -0.31977424
v 0.02916557 0.02979105 -0.31977424
v 0.02947143 0.02848980 -0.31977424
v 0.02887279 0.02963377 -0.31977424
v 0.02962070 0.03098304 -0.31977424
v 0.02964256 0.03077501 -0.31977424
v 0.02961548 0.03048097 -0.31977424
v 0.02867172 0.02957612 -0.31977424
v 0.02846369 0.02955425 -0.31977424
v 0.03555736 0.02426814 -0.31977424
v 0.03455127 0.02296255 -0.31977424
v 0.03348888 0.02317694 -0.31977424
v 0.02956884 -0.02825502 -0.31977424
v 0.02961945 -0.02805206 -0.31977424
v 0.02426468 -0.01913422 -0.31977424
v 0.02970453 -0.02786097 -0.31977424
v 0.03168665 -0.02919793 -0.31977424
v 0.03154134 -0.02934840 -0.31977424
v 0.03137212 -0.02947135 -0.31977424
v 0.03118411 -0.02956304 -0.31977424
v 0.03098304 -0.02962070 -0.31977424
v 0.03077501 -0.02964256 -0.31977424
v 0.03056635 -0.02962797 -0.31977424
v 0.02957612 -0.02867172 -0.31977424
v 0.02955425 -0.02846369 -0.31977424
v 0.02848980 -0.02947143 -0.31977424
v 0.02768756 -0.02982149 -0.31977424
v 0.03017230 -0.02949229 -0.31977424
v 0.02999889 -0.02937532 -0.31977424
v 0.02977064 -0.03069241 -0.31977424
v 0.03036339 -0.02957737 -0.31977424
v 0.02919793 -0.03168665 -0.31977424
v 0.02972547 -0.02906079 -0.31977424
v 0.02984842 -0.02923002 -0.31977424
v 0.02963377 -0.02887279 -0.31977424
v 0.02492363 -0.03514791 -0.31977424
v 0.02412139 -0.03549798 -0.31977424
v 0.02295871 -0.03458120 -0.31977424
v 0.02312938 -0.03359453 -0.31977424
v -0.02919793 -0.03168665 -0.31977424
v -0.02934840 -0.03154134 -0.31977424
v -0.03017230 -0.02949229 -0.31977424
v -0.03036339 -0.02957737 -0.31977424
v -0.02949229 -0.03017230 -0.31977424
v -0.03077501 -0.02964256 -0.31977424
v -0.03098304 -0.02962070 -0.31977424
v -0.02962797 -0.03056635 -0.31977424
v -0.03118411 -0.02956304 -0.31977424
v -0.02957737 -0.03036339 -0.31977424
v -0.02961945 -0.02805206 -0.31977424
v -0.02956884 -0.02825502 -0.31977424
v -0.02825502 -0.02956884 -0.31977424
v -0.02955425 -0.02846369 -0.31977424
v -0.02957612 -0.02867172 -0.31977424
v -0.02805206 -0.02961945 -0.31977424
v -0.01913422 -0.02583163 -0.31977424
v -0.02786097 -0.02970453 -0.31977424
v -0.02768756 -0.02982149 -0.31977424
v -0.02947135 -0.03137212 -0.31977424
v -0.02959491 -0.03110393 -0.31977424
v -0.03056635 -0.02962797 -0.31977424
v -0.03459292 -0.02282102 -0.31977424
v -0.03328276 -0.02341326 -0.31977424
v -0.03382522 -0.01458386 -0.31977463
v -0.02982149 -0.02768756 -0.31977424
v -0.02970453 -0.02786097 -0.31977424
v -0.03137212 -0.02947135 -0.31977424
v -0.02964256 -0.03077501 -0.31977424
v -0.02972547 -0.02906079 -0.31977424
v -0.02887279 -0.02963377 -0.31977424
v -0.02963377 -0.02887279 -0.31977424
v -0.02867172 -0.02957612 -0.31977424
v -0.02846369 -0.02955425 -0.31977424
v -0.02999889 -0.02937532 -0.31977424
v -0.02937532 -0.02999889 -0.31977424
v -0.02984842 -0.02923002 -0.31977424
v -0.02923002 -0.02984842 -0.31977424
v -0.02906079 -0.02972547 -0.31977424
v -0.03539532 -0.02461225 -0.31977424
v -0.03154134 -0.02934840 -0.31977424
v -0.03168665 -0.02919793 -0.31977424
v -0.02963377 0.02887279 -0.31977424
v -0.02957612 0.02867172 -0.31977424
v -0.01458386 0.03382522 -0.31977451
v -0.03143742 0.02947926 -0.31977424
v -0.03077501 0.02964256 -0.31977424
v -0.03056635 0.02962797 -0.31977424
v -0.02954244 0.02835747 -0.31977424
v -0.03017230 0.02949229 -0.31977424
v -0.02999889 0.02937532 -0.31977424
v -0.02977064 0.03069241 -0.31977424
v -0.03036339 0.02957737 -0.31977424
v -0.02848980 0.02947143 -0.31977424
v -0.02984842 0.02923002 -0.31977424
v -0.02972547 0.02906079 -0.31977424
v -0.02768756 0.02982149 -0.31977424
v -0.02297085 0.03413932 -0.31977424
v -0.02299969 0.03394324 -0.31977424
v -0.02306042 0.03375458 -0.31977424
v -0.02315137 0.03357850 -0.31977424
v -0.02919793 0.03168665 -0.31977424
v -0.02492363 0.03514791 -0.31977424
v -0.02475983 0.03525949 -0.31977424
v -0.02327006 0.03341978 -0.31977424
v -0.02341326 0.03328276 -0.31977424
v -0.02457990 0.03534259 -0.31977424
v -0.02438875 0.03539494 -0.31977424
v -0.02330141 0.03504495 -0.31977424
v -0.02317669 0.03489093 -0.31977424
v -0.02307902 0.03471848 -0.31977424
v -0.02298858 0.03445370 -0.31977424
v -0.02419159 0.03541511 -0.31977424
v -0.02399380 0.03540256 -0.31977424
v -0.02363557 0.03530211 -0.31977424
v -0.03562989 0.02395126 -0.31977424
v -0.03372390 0.02296174 -0.31977424
v -0.02974504 0.02778484 -0.31977424
v 0.02435616 0.03540056 -0.31977424
v 0.02455912 0.03534995 -0.31977424
v 0.02341326 0.03328276 -0.31977424
v 0.02326279 0.03342806 -0.31977424
v 0.01457080 0.03384397 -0.31977451
v 0.02313984 0.03359729 -0.31977424
v 0.02304814 0.03378529 -0.31977424
v 0.02299049 0.03398636 -0.31977424
v 0.02296267 0.03419428 -0.31977424
v 0.02334680 0.03510422 -0.31977424
v 0.02373840 0.03533563 -0.31977424
v 0.02393947 0.03539329 -0.31977424
v 0.02414750 0.03541515 -0.31977424
v 0.02305671 0.03467412 -0.31977424
v 0.02475021 0.03526488 -0.31977424
v 0.02492363 0.03514791 -0.31977424
v 0.03389641 -0.02294550 -0.31977424
v 0.03564832 -0.02411830 -0.31977424
v 0.02982149 -0.02768756 -0.31977424
v 0.03328276 -0.02341326 -0.31977424
v -0.02455912 -0.03534995 -0.31977424
v -0.02475021 -0.03526488 -0.31977424
v -0.02341326 -0.03328276 -0.31977424
v -0.02326279 -0.03342806 -0.31977424
v -0.02313984 -0.03359729 -0.31977424
v -0.02304814 -0.03378529 -0.31977424
v -0.02299049 -0.03398636 -0.31977424
v -0.02296862 -0.03419439 -0.31977424
v -0.02298322 -0.03440305 -0.31977424
v -0.02303382 -0.03460601 -0.31977424
v -0.02311890 -0.03479710 -0.31977424
v -0.02323586 -0.03497052 -0.31977424
v -0.02492363 -0.03514791 -0.31977424
v -0.02338117 -0.03512098 -0.31977424
v -0.02355039 -0.03524393 -0.31977424
v -0.02373840 -0.03533563 -0.31977424
v -0.02393947 -0.03539329 -0.31977424
v -0.02414750 -0.03541515 -0.31977424
v -0.02435616 -0.03540056 -0.31977424
v -0.03384397 0.01457080 -0.31977496
v -0.03654788 0.00336253 -0.31977308
v -0.03594844 -0.00688716 -0.31977925
v 0.00336252 0.03654788 -0.31977281
v -0.00688714 0.03594843 -0.31977800
v 0.03384397 -0.01457080 -0.31977490
v 0.03382522 0.01458386 -0.31977502
v 0.03654788 -0.00336252 -0.31977281
v 0.03594843 0.00688714 -0.31977800
v -0.01457080 -0.03384397 -0.31977490
v 0.01458386 -0.03382522 -0.31977502
v -0.00336251 -0.03654788 -0.31977281
v 0.00688713 -0.03594843 -0.31977800
v 0.01502809 -0.00253130 -0.31965351
v 0.01174646 -0.00970014 -0.31964195
v 0.00532266 -0.01427380 -0.31964195
v -0.01502809 0.00253130 -0.31965351
v -0.01174646 0.00970014 -0.31964195
v -0.00253130 -0.01502809 -0.31965351
v -0.00970014 -0.01174646 -0.31964195
v -0.01427380 -0.00532266 -0.31964195
v -0.00532266 0.01427380 -0.31964195
v 0.00253130 0.01502809 -0.31965351
v 0.00970014 0.01174646 -0.31964195
v 0.01427380 0.00532266 -0.31964195
v 0.02341326 -0.03328276 -0.31977424
v -0.03728321 0.02697608 -0.30681947
v -0.03252691 0.03252691 -0.30677426
v 0.03728321 -0.02697608 -0.30681947
v 0.03252691 -0.03252691 -0.30677426
v -0.02697616 -0.03728315 -0.30681944
v -0.03252691 -0.03252691 -0.30677426
v 0.02697616 0.03728315 -0.30681944
v 0.03252691 0.03252691 -0.30677426
v 0.02179846 -0.00497510 -0.31777012
v 0.03895963 -0.00429775 -0.31777424
v 0.03420011 -0.01936441 -0.31777504
v 0.01645372 -0.01470528 -0.31777382
v 0.02842978 -0.02669734 -0.31777424
v 0.01926202 -0.03428888 -0.31777287
v 0.00775763 -0.02097006 -0.31777012
v 0.02131010 0.00573148 -0.31777382
v 0.03829384 0.00774812 -0.31777424
v 0.01608761 0.01552782 -0.31777012
v 0.02744584 0.02777331 -0.31777018
v 0.03384077 0.01987447 -0.31777501
v -0.01608761 -0.01552782 -0.31777012
v -0.02744581 -0.02777334 -0.31777018
v -0.03384078 -0.01987446 -0.31777501
v -0.02131010 -0.00573148 -0.31777382
v 0.00307865 -0.03907486 -0.31777424
v -0.00499702 -0.02161882 -0.31777269
v -0.00929399 -0.03794830 -0.31777424
v -0.01939132 -0.03399847 -0.31777534
v 0.00499702 0.02161882 -0.31777269
v 0.00929399 0.03794830 -0.31777424
v 0.01939131 0.03399848 -0.31777534
v -0.00775763 0.02097006 -0.31777012
v -0.01925489 0.03429287 -0.31777290
v -0.00307865 0.03907486 -0.31777424
v -0.01645372 0.01470528 -0.31777382
v -0.02842978 0.02669734 -0.31777424
v -0.02179846 0.00497510 -0.31777012
v -0.03845700 0.00689282 -0.31777424
v -0.03419871 0.01936741 -0.31777504
v -0.03880445 -0.00552611 -0.31777424
v 0.03880445 -0.00552611 -0.30677426
v 0.03385237 -0.01984902 -0.30677217
v 0.02842978 -0.02669734 -0.30677426
v 0.02277739 -0.03167743 -0.30677757
v 0.00184297 -0.03915261 -0.30677426
v -0.01013735 -0.03773176 -0.30677426
v -0.01963682 -0.03380952 -0.30677256
v -0.02725673 -0.02797825 -0.30677471
v -0.03421275 -0.01933688 -0.30677220
v -0.03895963 -0.00429775 -0.30677426
v -0.03384769 0.01985752 -0.30677211
v -0.02842978 0.02669734 -0.30677426
v -0.02277658 0.03167835 -0.30677757
v -0.00184297 0.03915261 -0.30677426
v 0.01638456 0.03596149 -0.30676919
v 0.02725678 0.02797820 -0.30677471
v -0.02518429 0.02979284 -0.31161228
v -0.02353803 0.03112137 -0.31131727
v -0.02357529 0.03108393 -0.30932739
v -0.02463172 0.03022879 -0.30871624
v -0.02575267 0.02930839 -0.30986312
v 0.02540111 -0.02961355 -0.31144896
v 0.02380451 -0.03091073 -0.31155288
v 0.02338601 -0.03122762 -0.30960217
v 0.02463057 -0.03023003 -0.30871484
v 0.02564817 -0.02939963 -0.30962253
v 0.02388665 0.03083741 -0.30894670
v 0.02539899 0.02961527 -0.30909595
v 0.02333347 0.03127733 -0.31028545
v 0.02390373 0.03082913 -0.31161022
v 0.02554405 0.02949200 -0.31131622
v -0.02410819 -0.03062731 -0.30866009
v -0.02338598 -0.03122767 -0.31094632
v -0.02463013 -0.03023000 -0.31183359
v -0.02569378 -0.02936246 -0.31083381
v -0.02550920 -0.02951297 -0.30940190
v 0.02949450 0.02554857 -0.30923098
v 0.02961397 0.02540575 -0.31144714
v 0.03091214 0.02380446 -0.31155291
v 0.03118119 0.02346627 -0.30928057
v -0.03118063 0.02346615 -0.31126794
v -0.02949437 0.02554847 -0.31131735
v -0.02961587 0.02540365 -0.30909744
v -0.03091084 0.02380649 -0.30899274
v -0.02939963 -0.02564860 -0.30962253
v -0.02961398 -0.02540573 -0.31144717
v -0.03091213 -0.02380447 -0.31155294
v -0.03122739 -0.02338281 -0.30962145
v -0.03023716 -0.02461661 -0.30871156
v 0.03122740 -0.02338280 -0.31092703
v 0.03023834 -0.02461580 -0.31183830
v 0.02939965 -0.02564865 -0.31092611
v 0.02961409 -0.02540591 -0.30910131
v 0.03091230 -0.02380451 -0.30899554
v 0.01465166 -0.00432079 -0.31477425
v 0.01357421 0.00736499 -0.31477425
v 0.00432079 0.01465166 -0.31477425
v -0.00736499 0.01357421 -0.31477425
v -0.01465166 0.00432079 -0.31477425
v -0.01357421 -0.00736499 -0.31477425
v -0.00432079 -0.01465166 -0.31477425
v 0.00736499 -0.01357421 -0.31477425
v -0.01211261 -0.00026712 -0.31477425
v -0.01035627 -0.00628764 -0.31477425
v -0.00582497 -0.01062339 -0.31477425
v 0.00026712 -0.01211261 -0.31477425
v 0.00628764 -0.01035627 -0.31477425
v 0.01062339 -0.00582497 -0.31477425
v 0.01211261 0.00026712 -0.31477425
v 0.01035627 0.00628764 -0.31477425
v 0.00582497 0.01062339 -0.31477425
v -0.00026712 0.01211261 -0.31477425
v -0.00628764 0.01035627 -0.31477425
v -0.01062339 0.00582497 -0.31477425
v -0.00076076 0.01219669 -0.31377429
v 0.00343645 0.01796746 -0.31377032
v 0.00818928 0.00925078 -0.31377429
v 0.01257162 0.01309718 -0.31377289
v 0.01783485 0.00407051 -0.31377065
v 0.01219669 0.00076076 -0.31377429
v 0.01657436 -0.00774219 -0.31377065
v 0.00925078 -0.00818928 -0.31377429
v 0.00832415 -0.01628986 -0.31377065
v 0.00076076 -0.01219669 -0.31377429
v -0.00343645 -0.01796746 -0.31377032
v -0.00818928 -0.00925078 -0.31377429
v -0.01257162 -0.01309718 -0.31377289
v -0.01783485 -0.00407051 -0.31377065
v -0.01219669 -0.00076076 -0.31377429
v -0.01657436 0.00774219 -0.31377065
v -0.00925078 0.00818928 -0.31377429
v -0.00832415 0.01628986 -0.31377065
v -0.03252691 0.03252691 -0.31577426
v -0.03628012 0.02828670 -0.30881521
v -0.03471118 0.03018922 -0.30973279
v -0.03562421 0.02911156 -0.31188548
v -0.03666377 0.02778193 -0.31079552
v -0.02782063 0.03663606 -0.30935690
v -0.02815092 0.03638161 -0.31149450
v -0.02943831 0.03534759 -0.31171104
v -0.03016166 0.03473157 -0.31024110
v -0.02940702 0.03537491 -0.30882844
v 0.03252691 -0.03252691 -0.31577426
v 0.02782063 -0.03663606 -0.30935690
v 0.02815092 -0.03638161 -0.31149450
v 0.02943831 -0.03534759 -0.31171104
v 0.03016166 -0.03473157 -0.31024110
v 0.02940702 -0.03537491 -0.30882844
v 0.03628012 -0.02828670 -0.30881521
v 0.03471118 -0.03018922 -0.30973279
v 0.03562421 -0.02911156 -0.31188548
v 0.03666377 -0.02778193 -0.31079552
v -0.03663606 -0.02782063 -0.30935690
v -0.03638161 -0.02815092 -0.31149450
v -0.03534759 -0.02943831 -0.31171104
v -0.03252691 -0.03252691 -0.31577426
v -0.03473157 -0.03016166 -0.31024110
v -0.03537491 -0.02940702 -0.30882844
v -0.02828670 -0.03628012 -0.30881521
v -0.03018922 -0.03471118 -0.30973279
v -0.02911156 -0.03562421 -0.31188548
v -0.02778193 -0.03666377 -0.31079552
v 0.03663606 0.02782063 -0.30935690
v 0.03638161 0.02815092 -0.31149450
v 0.03534759 0.02943831 -0.31171104
v 0.03252691 0.03252691 -0.31577426
v 0.03473157 0.03016166 -0.31024110
v 0.03537491 0.02940702 -0.30882844
v 0.02828670 0.03628012 -0.30881521
v 0.03018922 0.03471118 -0.30973279
v 0.02911156 0.03562421 -0.31188548
v 0.02778193 0.03666377 -0.31079552
v -0.03535916 0.02464202 -0.30707425
v -0.03514291 0.02324990 -0.30707425
v -0.03359986 0.02306514 -0.30707425
v -0.03391304 0.02644830 -0.31186518
v -0.03252796 0.02815903 -0.31092358
v -0.03100592 0.02981096 -0.30707425
v -0.03419776 0.02609690 -0.30918017
v -0.03272087 0.02792060 -0.30902565
v -0.02941050 0.02833717 -0.30707425
v -0.03062933 0.02669000 -0.30959827
v -0.03118659 0.02600205 -0.31189308
v -0.03253436 0.02433748 -0.31068811
v -0.03190397 0.02511603 -0.30872062
v -0.02296260 0.03371530 -0.30707425
v -0.02397095 0.03564115 -0.30707425
v -0.02441084 0.03247495 -0.30959827
v -0.02509896 0.03191790 -0.31189308
v -0.02676336 0.03056992 -0.31068811
v -0.02824172 0.02945761 -0.30707425
v -0.02598487 0.03120039 -0.30872062
v -0.02986906 0.03090847 -0.30707425
v -0.02815904 0.03252795 -0.30962500
v -0.02792064 0.03272085 -0.31152290
v -0.02609688 0.03419778 -0.31136832
v -0.02644836 0.03391298 -0.30868334
v -0.03411837 -0.02271266 -0.30707425
v -0.03548518 -0.02443120 -0.30707425
v -0.03059381 -0.02673390 -0.31097615
v -0.03103226 -0.02619237 -0.30892396
v -0.02948456 -0.02818417 -0.30707425
v -0.03224456 -0.02469526 -0.30909362
v -0.03226594 -0.02466912 -0.31157190
v -0.03084205 -0.02989540 -0.30707425
v -0.03252795 -0.02815904 -0.30962500
v -0.03272085 -0.02792064 -0.31152290
v -0.03419778 -0.02609688 -0.31136832
v -0.03391298 -0.02644836 -0.30868334
v 0.02296260 -0.03371530 -0.30707425
v 0.02397095 -0.03564115 -0.30707425
v 0.02433748 -0.03253436 -0.31068811
v 0.02600131 -0.03118718 -0.31189382
v 0.02669000 -0.03062933 -0.30959827
v 0.02824172 -0.02945761 -0.30707425
v 0.02511728 -0.03190295 -0.30871964
v 0.02986906 -0.03090847 -0.30707425
v 0.02815904 -0.03252795 -0.30962500
v 0.02792064 -0.03272085 -0.31152290
v 0.02609688 -0.03419778 -0.31136832
v 0.02644836 -0.03391298 -0.30868334
v 0.03411837 0.02271266 -0.30707425
v 0.03548518 0.02443120 -0.30707425
v 0.03062933 0.02669000 -0.30959827
v 0.02945761 0.02824172 -0.30707425
v 0.03118718 0.02600131 -0.31189382
v 0.03190397 0.02511603 -0.30872062
v 0.03253436 0.02433748 -0.31068811
v 0.03090018 0.02986667 -0.30707425
v 0.03419778 0.02609688 -0.31136832
v 0.03391298 0.02644836 -0.30868334
v 0.03252795 0.02815904 -0.30962500
v 0.03272085 0.02792064 -0.31152290
v 0.02427401 0.03555891 -0.30707425
v 0.02280022 0.03396349 -0.30707425
v 0.02609690 0.03419776 -0.30918017
v 0.02644830 0.03391304 -0.31186518
v 0.02815903 0.03252796 -0.31092358
v 0.02981236 0.03101361 -0.30707425
v 0.02792060 0.03272087 -0.30902565
v 0.02833187 0.02940911 -0.30707425
v 0.02441084 0.03247495 -0.30959827
v 0.02509969 0.03191729 -0.31189382
v 0.02676336 0.03056992 -0.31068811
v 0.02598487 0.03120039 -0.30872062
v 0.03535916 -0.02464202 -0.30707425
v 0.03514291 -0.02324990 -0.30707425
v 0.03359986 -0.02306514 -0.30707425
v 0.03391304 -0.02644830 -0.31186518
v 0.03252796 -0.02815903 -0.31092358
v 0.03100592 -0.02981096 -0.30707425
v 0.03419776 -0.02609690 -0.30918017
v 0.03272087 -0.02792060 -0.30902565
v 0.02941050 -0.02833717 -0.30707425
v 0.03062933 -0.02669000 -0.30959827
v 0.03094972 -0.02629432 -0.31156680
v 0.03220379 -0.02474600 -0.30884939
v 0.03224572 -0.02469385 -0.31145248
v -0.02427401 -0.03555891 -0.30707425
v -0.02280022 -0.03396349 -0.30707425
v -0.02609690 -0.03419776 -0.30918017
v -0.02644830 -0.03391304 -0.31186518
v -0.02815903 -0.03252796 -0.31092358
v -0.02981236 -0.03101361 -0.30707425
v -0.02792060 -0.03272087 -0.30902565
v -0.02833187 -0.02940911 -0.30707425
v -0.02436697 -0.03251051 -0.31097615
v -0.02490843 -0.03207197 -0.30892396
v -0.02640551 -0.03085963 -0.30909362
v -0.02643186 -0.03083851 -0.31157190
v 0.01145685 0.03476573 -0.32693657
v 0.01457994 0.03386185 -0.32935384
v 0.00680665 0.03606401 -0.32968661
v 0.00904435 0.03546764 -0.32720709
v 0.01076303 0.03499711 -0.32399765
v 0.00825957 0.03565740 -0.32539785
v -0.01020468 0.03515423 -0.32400870
v -0.01180220 0.03464647 -0.32580978
v -0.01457754 0.03387812 -0.32934278
v -0.01010308 0.03518959 -0.32754868
v -0.00301115 0.03659647 -0.32930306
v -0.00812625 0.03568991 -0.32573751
v -0.00539195 0.03740553 -0.33027297
v -0.03476573 0.01145683 -0.32693657
v -0.03386185 0.01457994 -0.32935384
v -0.03606401 0.00680664 -0.32968661
v -0.03552257 0.00882209 -0.32708147
v -0.03485190 0.01118286 -0.32446057
v -0.03559140 0.00854856 -0.32462546
v -0.03515423 -0.01020468 -0.32400870
v -0.03469700 -0.01164994 -0.32532123
v -0.03387812 -0.01457754 -0.32934278
v -0.03485193 -0.01118278 -0.32708800
v -0.03553752 -0.00876543 -0.32709014
v -0.03659647 -0.00301118 -0.32930306
v -0.03561252 -0.00844327 -0.32503915
v -0.03740553 -0.00539195 -0.33027297
v -0.01145683 -0.03476573 -0.32693657
v -0.01457994 -0.03386185 -0.32935384
v -0.00680664 -0.03606401 -0.32968661
v -0.00882209 -0.03552257 -0.32708147
v -0.01118286 -0.03485190 -0.32446057
v -0.00854856 -0.03559140 -0.32462546
v 0.01020468 -0.03515423 -0.32400870
v 0.01164994 -0.03469700 -0.32532123
v 0.01457754 -0.03387812 -0.32934278
v 0.01118278 -0.03485193 -0.32708800
v 0.00876543 -0.03553752 -0.32709014
v 0.00301118 -0.03659647 -0.32930306
v 0.00844327 -0.03561252 -0.32503915
v 0.00539195 -0.03740553 -0.33027297
v 0.03476573 -0.01145685 -0.32693657
v 0.03386185 -0.01457994 -0.32935384
v 0.03606401 -0.00680665 -0.32968661
v 0.03546764 -0.00904435 -0.32720709
v 0.03499711 -0.01076303 -0.32399765
v 0.03565740 -0.00825957 -0.32539785
v 0.03515423 0.01020468 -0.32400870
v 0.03464647 0.01180220 -0.32580978
v 0.03387812 0.01457754 -0.32934278
v 0.03518959 0.01010308 -0.32754868
v 0.03659647 0.00301115 -0.32930306
v 0.03568991 0.00812625 -0.32573751
v 0.03740553 0.00539195 -0.33027297
v 0.02615634 0.03532876 -0.23777485
v 0.03532580 0.02629541 -0.23777454
v 0.03021399 0.03200251 -0.22116628
v 0.03233773 0.02984447 -0.22072724
v 0.03279340 0.02935235 -0.21739940
v 0.03013402 0.03207945 -0.21113765
v 0.03233751 0.02984389 -0.21072705
v 0.03285033 0.02927219 -0.20796487
v 0.03078412 0.03145570 -0.20610103
v 0.02925139 0.03286887 -0.20844185
v 0.03048122 0.03173938 -0.21628673
v 0.02923391 0.03288414 -0.21853256
v 0.03035548 0.03038160 -0.23787531
v 0.02900115 0.03036274 -0.23784630
v 0.02891910 0.02917762 -0.23788269
v 0.03032613 0.02893811 -0.23785236
v -0.03532876 0.02615634 -0.23777485
v -0.02628893 0.03532397 -0.23777454
v -0.03200251 0.03021399 -0.22116628
v -0.02984447 0.03233773 -0.22072724
v -0.02935068 0.03279160 -0.21739937
v -0.03207945 0.03013402 -0.21113765
v -0.02984404 0.03233739 -0.21072719
v -0.02927222 0.03285036 -0.20796487
v -0.03145570 0.03078412 -0.20610103
v -0.03286887 0.02925139 -0.20844185
v -0.03173938 0.03048122 -0.21628673
v -0.03288414 0.02923391 -0.21853256
v -0.03038160 0.03035548 -0.23787531
v -0.03036274 0.02900115 -0.23784630
v -0.02914853 0.03047128 -0.23782708
v -0.02873279 0.02947546 -0.23787330
v -0.02553489 -0.03510692 -0.20408501
v -0.02612213 -0.03531790 -0.23777488
v -0.03532580 -0.02629541 -0.23777454
v -0.03021399 -0.03200251 -0.22116628
v -0.03233773 -0.02984447 -0.22072724
v -0.03279340 -0.02935235 -0.21739940
v -0.03013391 -0.03207863 -0.21113785
v -0.03233751 -0.02984389 -0.21072705
v -0.03285033 -0.02927219 -0.20796487
v -0.03078412 -0.03145570 -0.20610103
v -0.02925158 -0.03286909 -0.20844193
v -0.03048235 -0.03174295 -0.21628720
v -0.02923402 -0.03288426 -0.21853252
v -0.02899890 -0.03036403 -0.23784217
v -0.02947546 -0.02873279 -0.23787330
v -0.03047037 -0.02915044 -0.23783003
v -0.03035548 -0.03038160 -0.23787531
v 0.03510692 -0.02553489 -0.20408501
v 0.03531623 -0.02609683 -0.23777480
v 0.02629541 -0.03532580 -0.23777454
v 0.03200251 -0.03021399 -0.22116628
v 0.02984447 -0.03233773 -0.22072724
v 0.02935235 -0.03279340 -0.21739940
v 0.03207863 -0.03013391 -0.21113785
v 0.02984389 -0.03233751 -0.21072705
v 0.02927219 -0.03285033 -0.20796487
v 0.03145570 -0.03078412 -0.20610103
v 0.03286909 -0.02925158 -0.20844193
v 0.03174295 -0.03048235 -0.21628720
v 0.03288426 -0.02923402 -0.21853252
v 0.02893811 -0.03032613 -0.23785236
v 0.02917583 -0.02891790 -0.23787884
v 0.03038160 -0.03035548 -0.23787531
v 0.03036228 -0.02900196 -0.23784779
v 0.02895244 -0.03024903 -0.24231307
v 0.02984297 -0.02873788 -0.24234313
v 0.02969849 -0.02969849 -0.24277425
v 0.03038322 -0.03024517 -0.24229978
v -0.03024903 -0.02895244 -0.24231307
v -0.02873788 -0.02984297 -0.24234313
v -0.02969849 -0.02969849 -0.24277425
v -0.03024517 -0.03038322 -0.24229978
v -0.02893774 -0.02926972 -0.23801234
v -0.03038322 0.03024517 -0.24229978
v -0.02895244 0.03024903 -0.24231307
v -0.02969849 0.02969849 -0.24277425
v -0.02984297 0.02873788 -0.24234313
v -0.02926972 0.02893774 -0.23801234
v 0.02873788 0.02984297 -0.24234313
v 0.03024517 0.03038322 -0.24229978
v 0.02969849 0.02969849 -0.24277425
v 0.03024903 0.02895244 -0.24231307
v -0.03707271 0.01986868 -0.29977426
v -0.02060919 0.03666621 -0.29977426
v -0.03024142 0.02939263 -0.29977426
v -0.03666621 0.02060919 -0.29777426
v -0.02939263 0.03024142 -0.29777426
v -0.01986868 0.03707271 -0.29777426
v 0.02060919 -0.03666621 -0.29977426
v 0.03707271 -0.01986868 -0.29977426
v 0.03024142 -0.02939263 -0.29977426
v 0.02939263 -0.03024142 -0.29777426
v 0.01986868 -0.03707271 -0.29777426
v 0.03666621 -0.02060919 -0.29777426
v -0.03666621 -0.02060919 -0.29977426
v -0.01986868 -0.03707271 -0.29977426
v -0.02939263 -0.03024142 -0.29977426
v -0.02060919 -0.03666621 -0.29777426
v -0.03707271 -0.01986868 -0.29777426
v -0.03024142 -0.02939263 -0.29777426
v 0.01986868 0.03707271 -0.29977426
v 0.02060919 0.03666621 -0.29777426
v 0.02939263 0.03024142 -0.29977426
v 0.03024142 0.02939263 -0.29777426
v 0.03666621 0.02060919 -0.29977426
v 0.03707271 0.01986868 -0.29777426
v -0.03707271 0.01986868 -0.24577425
v -0.02060919 0.03666621 -0.24577425
v -0.03024142 0.02939263 -0.24577425
v -0.03543769 0.02286133 -0.24377427
v -0.02902634 0.03040922 -0.24372351
v -0.01986868 0.03707271 -0.24377427
v -0.03707271 0.01986868 -0.24877426
v -0.02060919 0.03666621 -0.24877426
v -0.03024142 0.02939263 -0.24877426
v -0.03666621 0.02060919 -0.24677424
v -0.02939263 0.03024142 -0.24677424
v -0.01986868 0.03707271 -0.24677424
v -0.03707271 0.01986868 -0.25177425
v -0.02060919 0.03666621 -0.25177425
v -0.03024142 0.02939263 -0.25177425
v -0.03666621 0.02060919 -0.24977426
v -0.02939263 0.03024142 -0.24977426
v -0.01986868 0.03707271 -0.24977426
v -0.03707271 0.01986868 -0.25477427
v -0.02060919 0.03666621 -0.25477427
v -0.03024142 0.02939263 -0.25477427
v -0.03666621 0.02060919 -0.25277424
v -0.02939263 0.03024142 -0.25277424
v -0.01986868 0.03707271 -0.25277424
v -0.03707271 0.01986868 -0.25777429
v -0.02060919 0.03666621 -0.25777429
v -0.03024142 0.02939263 -0.25777429
v -0.03666621 0.02060919 -0.25577426
v -0.02939263 0.03024142 -0.25577426
v -0.01986868 0.03707271 -0.25577426
v -0.03707271 0.01986868 -0.26077425
v -0.02060919 0.03666621 -0.26077425
v -0.03024142 0.02939263 -0.26077425
v -0.03666621 0.02060919 -0.25877425
v -0.02939263 0.03024142 -0.25877425
v -0.01986868 0.03707271 -0.25877425
v -0.03707271 0.01986868 -0.26377425
v -0.02060919 0.03666621 -0.26377425
v -0.03024142 0.02939263 -0.26377425
v -0.03666621 0.02060919 -0.26177424
v -0.02939263 0.03024142 -0.26177424
v -0.01986868 0.03707271 -0.26177424
v -0.03707271 0.01986868 -0.26677424
v -0.02060919 0.03666621 -0.26677424
v -0.03024142 0.02939263 -0.26677424
v -0.03666621 0.02060919 -0.26477426
v -0.02939263 0.03024142 -0.26477426
v -0.01986868 0.03707271 -0.26477426
v -0.03707271 0.01986868 -0.26977426
v -0.02060919 0.03666621 -0.26977426
v -0.03024142 0.02939263 -0.26977426
v -0.03666621 0.02060919 -0.26777428
v -0.02939263 0.03024142 -0.26777428
v -0.01986868 0.03707271 -0.26777428
v -0.03707271 0.01986868 -0.27277428
v -0.02060919 0.03666621 -0.27277428
v -0.03024142 0.02939263 -0.27277428
v -0.03666621 0.02060919 -0.27077425
v -0.02939263 0.03024142 -0.27077425
v -0.01986868 0.03707271 -0.27077425
v -0.03707271 0.01986868 -0.27577424
v -0.02060919 0.03666621 -0.27577424
v -0.03024142 0.02939263 -0.27577424
v -0.03666621 0.02060919 -0.27377424
v -0.02939263 0.03024142 -0.27377424
v -0.01986868 0.03707271 -0.27377424
v -0.03707271 0.01986868 -0.27877426
v -0.02060919 0.03666621 -0.27877426
v -0.03024142 0.02939263 -0.27877426
v -0.03666621 0.02060919 -0.27677426
v -0.02939263 0.03024142 -0.27677426
v -0.01986868 0.03707271 -0.27677426
v -0.03707271 0.01986868 -0.28177425
v -0.02060919 0.03666621 -0.28177425
v -0.03024142 0.02939263 -0.28177425
v -0.03666621 0.02060919 -0.27977425
v -0.02939263 0.03024142 -0.27977425
v -0.01986868 0.03707271 -0.27977425
v -0.03707271 0.01986868 -0.28477424
v -0.02060919 0.03666621 -0.28477424
v -0.03024142 0.02939263 -0.28477424
v -0.03666621 0.02060919 -0.28277427
v -0.02939263 0.03024142 -0.28277427
v -0.01986868 0.03707271 -0.28277427
v -0.03707271 0.01986868 -0.28777426
v -0.02060919 0.03666621 -0.28777426
v -0.03024142 0.02939263 -0.28777426
v -0.03666621 0.02060919 -0.28577429
v -0.02939263 0.03024142 -0.28577429
v -0.01986868 0.03707271 -0.28577429
v -0.03707271 0.01986868 -0.29077429
v -0.02060919 0.03666621 -0.29077429
v -0.03024142 0.02939263 -0.29077429
v -0.03666621 0.02060919 -0.28877425
v -0.02939263 0.03024142 -0.28877425
v -0.01986868 0.03707271 -0.28877425
v -0.03707271 0.01986868 -0.29377425
v -0.02060919 0.03666621 -0.29377425
v -0.03024142 0.02939263 -0.29377425
v -0.03666621 0.02060919 -0.29177424
v -0.02939263 0.03024142 -0.29177424
v -0.01986868 0.03707271 -0.29177424
v -0.03707271 0.01986868 -0.29677424
v -0.02060919 0.03666621 -0.29677424
v -0.03024142 0.02939263 -0.29677424
v -0.03666621 0.02060919 -0.29477426
v -0.02939263 0.03024142 -0.29477426
v -0.01986868 0.03707271 -0.29477426
v 0.03707271 -0.01986868 -0.24577425
v 0.02060919 -0.03666621 -0.24577425
v 0.03024142 -0.02939263 -0.24577425
v 0.02876597 -0.03009874 -0.24373093
v 0.01986868 -0.03707271 -0.24377427
v 0.03543769 -0.02286133 -0.24377427
v 0.03707271 -0.01986868 -0.24877426
v 0.02060919 -0.03666621 -0.24877426
v 0.03024142 -0.02939263 -0.24877426
v 0.02939263 -0.03024142 -0.24677424
v 0.01986868 -0.03707271 -0.24677424
v 0.03666621 -0.02060919 -0.24677424
v 0.03707271 -0.01986868 -0.25177425
v 0.02060919 -0.03666621 -0.25177425
v 0.03024142 -0.02939263 -0.25177425
v 0.02939263 -0.03024142 -0.24977426
v 0.01986868 -0.03707271 -0.24977426
v 0.03666621 -0.02060919 -0.24977426
v 0.03707271 -0.01986868 -0.25477427
v 0.02060919 -0.03666621 -0.25477427
v 0.03024142 -0.02939263 -0.25477427
v 0.01986868 -0.03707271 -0.25277424
v 0.02939263 -0.03024142 -0.25277424
v 0.03666621 -0.02060919 -0.25277424
v 0.03707271 -0.01986868 -0.25777429
v 0.02060919 -0.03666621 -0.25777429
v 0.03024142 -0.02939263 -0.25777429
v 0.01986868 -0.03707271 -0.25577426
v 0.02939263 -0.03024142 -0.25577426
v 0.03666621 -0.02060919 -0.25577426
v 0.03707271 -0.01986868 -0.26077425
v 0.02060919 -0.03666621 -0.26077425
v 0.03024142 -0.02939263 -0.26077425
v 0.01986868 -0.03707271 -0.25877425
v 0.02939263 -0.03024142 -0.25877425
v 0.03666621 -0.02060919 -0.25877425
v 0.03707271 -0.01986868 -0.26377425
v 0.02060919 -0.03666621 -0.26377425
v 0.03024142 -0.02939263 -0.26377425
v 0.01986868 -0.03707271 -0.26177424
v 0.02939263 -0.03024142 -0.26177424
v 0.03666621 -0.02060919 -0.26177424
v 0.03707271 -0.01986868 -0.26677424
v 0.02060919 -0.03666621 -0.26677424
v 0.03024142 -0.02939263 -0.26677424
v 0.01986868 -0.03707271 -0.26477426
v 0.02939263 -0.03024142 -0.26477426
v 0.03666621 -0.02060919 -0.26477426
v 0.03707271 -0.01986868 -0.26977426
v 0.02060919 -0.03666621 -0.26977426
v 0.03024142 -0.02939263 -0.26977426
v 0.01986868 -0.03707271 -0.26777428
v 0.02939263 -0.03024142 -0.26777428
v 0.03666621 -0.02060919 -0.26777428
v 0.03707271 -0.01986868 -0.27277428
v 0.02060919 -0.03666621 -0.27277428
v 0.03024142 -0.02939263 -0.27277428
v 0.01986868 -0.03707271 -0.27077425
v 0.02939263 -0.03024142 -0.27077425
v 0.03666621 -0.02060919 -0.27077425
v 0.03707271 -0.01986868 -0.27577424
v 0.02060919 -0.03666621 -0.27577424
v 0.03024142 -0.02939263 -0.27577424
v 0.01986868 -0.03707271 -0.27377424
v 0.02939263 -0.03024142 -0.27377424
v 0.03666621 -0.02060919 -0.27377424
v 0.02060919 -0.03666621 -0.27877426
v 0.03707271 -0.01986868 -0.27877426
v 0.03024142 -0.02939263 -0.27877426
v 0.02939263 -0.03024142 -0.27677426
v 0.01986868 -0.03707271 -0.27677426
v 0.03666621 -0.02060919 -0.27677426
v 0.02060919 -0.03666621 -0.28177425
v 0.03707271 -0.01986868 -0.28177425
v 0.03024142 -0.02939263 -0.28177425
v 0.02939263 -0.03024142 -0.27977425
v 0.01986868 -0.03707271 -0.27977425
v 0.03666621 -0.02060919 -0.27977425
v 0.02060919 -0.03666621 -0.28477424
v 0.03707271 -0.01986868 -0.28477424
v 0.03024142 -0.02939263 -0.28477424
v 0.02939263 -0.03024142 -0.28277427
v 0.01986868 -0.03707271 -0.28277427
v 0.03666621 -0.02060919 -0.28277427
v 0.02060919 -0.03666621 -0.28777426
v 0.03707271 -0.01986868 -0.28777426
v 0.03024142 -0.02939263 -0.28777426
v 0.02939263 -0.03024142 -0.28577429
v 0.01986868 -0.03707271 -0.28577429
v 0.03666621 -0.02060919 -0.28577429
v 0.02060919 -0.03666621 -0.29077429
v 0.03707271 -0.01986868 -0.29077429
v 0.03024142 -0.02939263 -0.29077429
v 0.02939263 -0.03024142 -0.28877425
v 0.01986868 -0.03707271 -0.28877425
v 0.03666621 -0.02060919 -0.28877425
v 0.02060919 -0.03666621 -0.29377425
v 0.03707271 -0.01986868 -0.29377425
v 0.03024142 -0.02939263 -0.29377425
v 0.02939263 -0.03024142 -0.29177424
v 0.01986868 -0.03707271 -0.29177424
v 0.03666621 -0.02060919 -0.29177424
v 0.02060919 -0.03666621 -0.29677424
v 0.03707271 -0.01986868 -0.29677424
v 0.03024142 -0.02939263 -0.29677424
v 0.02939263 -0.03024142 -0.29477426
v 0.01986868 -0.03707271 -0.29477426
v 0.03666621 -0.02060919 -0.29477426
v -0.03666621 -0.02060919 -0.24577425
v -0.01986868 -0.03707271 -0.24577425
v -0.02939263 -0.03024142 -0.24577425
v -0.03707271 -0.01986868 -0.24377427
v -0.02286133 -0.03543769 -0.24377427
v -0.03043628 -0.02905926 -0.24372350
v -0.03666621 -0.02060919 -0.24877426
v -0.01986868 -0.03707271 -0.24877426
v -0.02939263 -0.03024142 -0.24877426
v -0.03707271 -0.01986868 -0.24677424
v -0.02060919 -0.03666621 -0.24677424
v -0.03024142 -0.02939263 -0.24677424
v -0.03666621 -0.02060919 -0.25177425
v -0.01986868 -0.03707271 -0.25177425
v -0.02939263 -0.03024142 -0.25177425
v -0.03707271 -0.01986868 -0.24977426
v -0.02060919 -0.03666621 -0.24977426
v -0.03024142 -0.02939263 -0.24977426
v -0.03666621 -0.02060919 -0.25477427
v -0.01986868 -0.03707271 -0.25477427
v -0.02939263 -0.03024142 -0.25477427
v -0.02060919 -0.03666621 -0.25277424
v -0.03707271 -0.01986868 -0.25277424
v -0.03024142 -0.02939263 -0.25277424
v -0.03666621 -0.02060919 -0.25777429
v -0.01986868 -0.03707271 -0.25777429
v -0.02939263 -0.03024142 -0.25777429
v -0.02060919 -0.03666621 -0.25577426
v -0.03707271 -0.01986868 -0.25577426
v -0.03024142 -0.02939263 -0.25577426
v -0.03666621 -0.02060919 -0.26077425
v -0.01986868 -0.03707271 -0.26077425
v -0.02939263 -0.03024142 -0.26077425
v -0.02060919 -0.03666621 -0.25877425
v -0.03707271 -0.01986868 -0.25877425
v -0.03024142 -0.02939263 -0.25877425
v -0.03666621 -0.02060919 -0.26377425
v -0.01986868 -0.03707271 -0.26377425
v -0.02939263 -0.03024142 -0.26377425
v -0.02060919 -0.03666621 -0.26177424
v -0.03707271 -0.01986868 -0.26177424
v -0.03024142 -0.02939263 -0.26177424
v -0.03666621 -0.02060919 -0.26677424
v -0.01986868 -0.03707271 -0.26677424
v -0.02939263 -0.03024142 -0.26677424
v -0.02060919 -0.03666621 -0.26477426
v -0.03707271 -0.01986868 -0.26477426
v -0.03024142 -0.02939263 -0.26477426
v -0.03666621 -0.02060919 -0.26977426
v -0.01986868 -0.03707271 -0.26977426
v -0.02939263 -0.03024142 -0.26977426
v -0.02060919 -0.03666621 -0.26777428
v -0.03707271 -0.01986868 -0.26777428
v -0.03024142 -0.02939263 -0.26777428
v -0.03666621 -0.02060919 -0.27277428
v -0.01986868 -0.03707271 -0.27277428
v -0.02939263 -0.03024142 -0.27277428
v -0.02060919 -0.03666621 -0.27077425
v -0.03707271 -0.01986868 -0.27077425
v -0.03024142 -0.02939263 -0.27077425
v -0.03666621 -0.02060919 -0.27577424
v -0.01986868 -0.03707271 -0.27577424
v -0.02939263 -0.03024142 -0.27577424
v -0.02060919 -0.03666621 -0.27377424
v -0.03707271 -0.01986868 -0.27377424
v -0.03024142 -0.02939263 -0.27377424
v -0.03666621 -0.02060919 -0.27877426
v -0.01986868 -0.03707271 -0.27877426
v -0.02939263 -0.03024142 -0.27877426
v -0.02060919 -0.03666621 -0.27677426
v -0.03707271 -0.01986868 -0.27677426
v -0.03024142 -0.02939263 -0.27677426
v -0.03666621 -0.02060919 -0.28177425
v -0.01986868 -0.03707271 -0.28177425
v -0.02939263 -0.03024142 -0.28177425
v -0.02060919 -0.03666621 -0.27977425
v -0.03707271 -0.01986868 -0.27977425
v -0.03024142 -0.02939263 -0.27977425
v -0.03666621 -0.02060919 -0.28477424
v -0.01986868 -0.03707271 -0.28477424
v -0.02939263 -0.03024142 -0.28477424
v -0.02060919 -0.03666621 -0.28277427
v -0.03707271 -0.01986868 -0.28277427
v -0.03024142 -0.02939263 -0.28277427
v -0.03666621 -0.02060919 -0.28777426
v -0.01986868 -0.03707271 -0.28777426
v -0.02939263 -0.03024142 -0.28777426
v -0.02060919 -0.03666621 -0.28577429
v -0.03707271 -0.01986868 -0.28577429
v -0.03024142 -0.02939263 -0.28577429
v -0.03666621 -0.02060919 -0.29077429
v -0.01986868 -0.03707271 -0.29077429
v -0.02939263 -0.03024142 -0.29077429
v -0.02060919 -0.03666621 -0.28877425
v -0.03707271 -0.01986868 -0.28877425
v -0.03024142 -0.02939263 -0.28877425
v -0.03666621 -0.02060919 -0.29377425
v -0.01986868 -0.03707271 -0.29377425
v -0.02939263 -0.03024142 -0.29377425
v -0.02060919 -0.03666621 -0.29177424
v -0.03707271 -0.01986868 -0.29177424
v -0.03024142 -0.02939263 -0.29177424
v -0.03666621 -0.02060919 -0.29677424
v -0.01986868 -0.03707271 -0.29677424
v -0.02939263 -0.03024142 -0.29677424
v -0.02060919 -0.03666621 -0.29477426
v -0.03707271 -0.01986868 -0.29477426
v -0.03024142 -0.02939263 -0.29477426
v 0.01986868 0.03707271 -0.24577425
v 0.02286133 0.03543769 -0.24377427
v 0.02939263 0.03024142 -0.24577425
v 0.03037830 0.02898254 -0.24373163
v 0.03666621 0.02060919 -0.24577425
v 0.03707271 0.01986868 -0.24377427
v 0.01986868 0.03707271 -0.24877426
v 0.02060919 0.03666621 -0.24677424
v 0.02939263 0.03024142 -0.24877426
v 0.03024142 0.02939263 -0.24677424
v 0.03666621 0.02060919 -0.24877426
v 0.03707271 0.01986868 -0.24677424
v 0.01986868 0.03707271 -0.25177425
v 0.02060919 0.03666621 -0.24977426
v 0.02939263 0.03024142 -0.25177425
v 0.03024142 0.02939263 -0.24977426
v 0.03666621 0.02060919 -0.25177425
v 0.03707271 0.01986868 -0.24977426
v 0.01986868 0.03707271 -0.25477427
v 0.02060919 0.03666621 -0.25277424
v 0.02939263 0.03024142 -0.25477427
v 0.03024142 0.02939263 -0.25277424
v 0.03666621 0.02060919 -0.25477427
v 0.03707271 0.01986868 -0.25277424
v 0.01986868 0.03707271 -0.25777429
v 0.02060919 0.03666621 -0.25577426
v 0.02939263 0.03024142 -0.25777429
v 0.03024142 0.02939263 -0.25577426
v 0.03666621 0.02060919 -0.25777429
v 0.03707271 0.01986868 -0.25577426
v 0.01986868 0.03707271 -0.26077425
v 0.02060919 0.03666621 -0.25877425
v 0.02939263 0.03024142 -0.26077425
v 0.03024142 0.02939263 -0.25877425
v 0.03666621 0.02060919 -0.26077425
v 0.03707271 0.01986868 -0.25877425
v 0.01986868 0.03707271 -0.26377425
v 0.02060919 0.03666621 -0.26177424
v 0.02939263 0.03024142 -0.26377425
v 0.03024142 0.02939263 -0.26177424
v 0.03779605 0.01870639 -0.26377425
v 0.03707271 0.01986868 -0.26177424
v 0.01986868 0.03707271 -0.26677424
v 0.02060919 0.03666621 -0.26477426
v 0.02939263 0.03024142 -0.26677424
v 0.03024142 0.02939263 -0.26477426
v 0.03779605 0.01870639 -0.26677424
v 0.03831313 0.01762312 -0.26477426
v 0.01986868 0.03707271 -0.26977426
v 0.02060919 0.03666621 -0.26777428
v 0.02939263 0.03024142 -0.26977426
v 0.03024142 0.02939263 -0.26777428
v 0.03779605 0.01870639 -0.26977426
v 0.03707271 0.01986868 -0.26777428
v 0.01986868 0.03707271 -0.27277428
v 0.02060919 0.03666621 -0.27077425
v 0.02939263 0.03024142 -0.27277428
v 0.03024142 0.02939263 -0.27077425
v 0.03779605 0.01870639 -0.27277428
v 0.03831313 0.01762312 -0.27077425
v 0.01986868 0.03707271 -0.27577424
v 0.02060919 0.03666621 -0.27377424
v 0.02939263 0.03024142 -0.27577424
v 0.03024142 0.02939263 -0.27377424
v 0.03666621 0.02060919 -0.27577424
v 0.03707271 0.01986868 -0.27377424
v 0.01986868 0.03707271 -0.27877426
v 0.02060919 0.03666621 -0.27677426
v 0.02939263 0.03024142 -0.27877426
v 0.03024142 0.02939263 -0.27677426
v 0.03666621 0.02060919 -0.27877426
v 0.03707271 0.01986868 -0.27677426
v 0.01986868 0.03707271 -0.28177425
v 0.02060919 0.03666621 -0.27977425
v 0.02939263 0.03024142 -0.28177425
v 0.03024142 0.02939263 -0.27977425
v 0.03666621 0.02060919 -0.28177425
v 0.03707271 0.01986868 -0.27977425
v 0.01986868 0.03707271 -0.28477424
v 0.02060919 0.03666621 -0.28277427
v 0.02939263 0.03024142 -0.28477424
v 0.03024142 0.02939263 -0.28277427
v 0.03666621 0.02060919 -0.28477424
v 0.03707271 0.01986868 -0.28277427
v 0.01986868 0.03707271 -0.28777426
v 0.02060919 0.03666621 -0.28577429
v 0.02939263 0.03024142 -0.28777426
v 0.03024142 0.02939263 -0.28577429
v 0.03666621 0.02060919 -0.28777426
v 0.03707271 0.01986868 -0.28577429
v 0.01986868 0.03707271 -0.29077429
v 0.02060919 0.03666621 -0.28877425
v 0.02939263 0.03024142 -0.29077429
v 0.03024142 0.02939263 -0.28877425
v 0.03666621 0.02060919 -0.29077429
v 0.03707271 0.01986868 -0.28877425
v 0.01986868 0.03707271 -0.29377425
v 0.02060919 0.03666621 -0.29177424
v 0.02939263 0.03024142 -0.29377425
v 0.03024142 0.02939263 -0.29177424
v 0.03666621 0.02060919 -0.29377425
v 0.03707271 0.01986868 -0.29177424
v 0.01986868 0.03707271 -0.29677424
v 0.02060919 0.03666621 -0.29477426
v 0.02939263 0.03024142 -0.29677424
v 0.03024142 0.02939263 -0.29477426
v 0.03779605 0.01870639 -0.29677424
v 0.03707271 0.01986868 -0.29477426
v -0.03191393 -0.03596808 -0.20812742
v -0.03202418 -0.03585800 -0.21028338
v -0.03354678 -0.03433492 -0.21160834
v -0.03506908 -0.03281326 -0.21095082
v -0.03578794 -0.03209414 -0.21068838
v -0.03574962 -0.03213226 -0.20737466
v -0.03272090 -0.03516126 -0.20634660
v -0.03435330 -0.03352858 -0.20599587
v -0.03191393 -0.03596808 -0.21812743
v -0.03202418 -0.03585801 -0.22028337
v -0.03337631 -0.03450540 -0.22147991
v -0.03592955 -0.03195234 -0.21932857
v -0.03585804 -0.03202415 -0.21726520
v -0.03435332 -0.03352857 -0.21599589
v -0.03272091 -0.03516126 -0.21634659
v -0.03505460 -0.03282741 -0.22116809
v 0.03191393 0.03596808 -0.21812743
v 0.03202418 0.03585801 -0.22028337
v 0.03337631 0.03450540 -0.22147991
v 0.03592955 0.03195234 -0.21932857
v 0.03585804 0.03202415 -0.21726520
v 0.03435332 0.03352857 -0.21599589
v 0.03272091 0.03516126 -0.21634659
v 0.03505460 0.03282741 -0.22116809
v 0.03272090 0.03516126 -0.20634660
v 0.03435330 0.03352858 -0.20599587
v -0.03516126 0.03272091 -0.21634659
v -0.03282741 0.03505460 -0.22116809
v -0.03596808 0.03191393 -0.20812742
v -0.03585800 0.03202418 -0.21028338
v -0.03433492 0.03354678 -0.21160834
v -0.03281326 0.03506908 -0.21095082
v -0.03209414 0.03578794 -0.21068838
v -0.03213226 0.03574962 -0.20737466
v -0.03516126 0.03272090 -0.20634660
v -0.03352858 0.03435330 -0.20599587
v 0.03596808 -0.03191393 -0.21812743
v 0.03585801 -0.03202418 -0.22028337
v 0.03450540 -0.03337631 -0.22147991
v 0.03195234 -0.03592955 -0.21932857
v 0.03202415 -0.03585804 -0.21726520
v 0.03352857 -0.03435332 -0.21599589
v 0.03516126 -0.03272091 -0.21634659
v 0.03282741 -0.03505460 -0.22116809
v 0.03596808 -0.03191393 -0.20812742
v 0.03585800 -0.03202418 -0.21028338
v 0.03433492 -0.03354678 -0.21160834
v 0.03281326 -0.03506908 -0.21095082
v 0.03209414 -0.03578794 -0.21068838
v 0.03213226 -0.03574962 -0.20737466
v 0.03516126 -0.03272090 -0.20634660
v 0.03352858 -0.03435330 -0.20599587
v -0.03109143 0.03369636 -0.24177425
v -0.02999988 0.03467174 -0.23977426
v 0.03109143 -0.03369636 -0.24177425
v 0.02999988 -0.03467174 -0.23977426
v -0.03369636 -0.03109143 -0.24177425
v -0.03467174 -0.02999988 -0.23977426
v 0.03369636 0.03109143 -0.24177425
v 0.03467174 0.02999988 -0.23977426
v -0.03109143 0.03369636 -0.22677426
v -0.03367311 0.03069699 -0.22477424
v -0.03109143 0.03369636 -0.22977427
v -0.02999988 0.03467174 -0.22777425
v -0.03109143 0.03369636 -0.23277424
v -0.02999988 0.03467174 -0.23077425
v -0.03109143 0.03369636 -0.23577425
v -0.02999988 0.03467174 -0.23377424
v -0.03109143 0.03369636 -0.23877424
v -0.02999988 0.03467174 -0.23677425
v 0.03109143 -0.03369636 -0.22677426
v 0.03367311 -0.03069699 -0.22477424
v 0.03109143 -0.03369636 -0.22977427
v 0.02999988 -0.03467174 -0.22777425
v 0.03109143 -0.03369636 -0.23277424
v 0.02999988 -0.03467174 -0.23077425
v 0.03109143 -0.03369636 -0.23577425
v 0.02999988 -0.03467174 -0.23377424
v 0.03109143 -0.03369636 -0.23877424
v 0.02999988 -0.03467174 -0.23677425
v -0.03369636 -0.03109143 -0.22677426
v -0.03069699 -0.03367311 -0.22477424
v -0.03369636 -0.03109143 -0.22977427
v -0.03467174 -0.02999988 -0.22777425
v -0.03369636 -0.03109143 -0.23277424
v -0.03467174 -0.02999988 -0.23077425
v -0.03369636 -0.03109143 -0.23577425
v -0.03467174 -0.02999988 -0.23377424
v -0.03369636 -0.03109143 -0.23877424
v -0.03467174 -0.02999988 -0.23677425
v 0.03369636 0.03109143 -0.22677426
v 0.03069699 0.03367311 -0.22477424
v 0.03369636 0.03109143 -0.22977427
v 0.03467174 0.02999988 -0.22777425
v 0.03369636 0.03109143 -0.23277424
v 0.03467174 0.02999988 -0.23077425
v 0.03369636 0.03109143 -0.23577425
v 0.03467174 0.02999988 -0.23377424
v 0.03369636 0.03109143 -0.23877424
v 0.03467174 0.02999988 -0.23677425
v 0.04061697 -0.01150529 -0.32665923
v 0.04061443 -0.01142816 -0.32482669
v 0.00968136 0.04063110 -0.32404143
v -0.04061748 0.00872731 -0.32452667
v -0.03884879 0.01564243 -0.21577427
v -0.03900000 0.00984484 -0.21011180
v -0.03900000 0.01054899 -0.20739181
v -0.03900000 0.01116629 -0.20935744
v -0.03900000 -0.01040063 -0.21011457
v -0.03900000 -0.01129685 -0.20850813
v -0.03887261 -0.01557715 -0.21577427
v 0.03900000 0.01040063 -0.21011457
v 0.03900000 0.01129685 -0.20850813
v 0.03900000 -0.01054899 -0.20739181
v 0.03900000 -0.01116629 -0.20935744
v 0.03900000 -0.00984484 -0.21011180
v 0.03884879 -0.01564243 -0.21577427
v 0.03887261 0.01557715 -0.21577427
v 0.01566616 -0.03881807 -0.21577425
v 0.01116938 -0.03900000 -0.20790406
v 0.01040063 -0.03900000 -0.21011457
v -0.00984484 -0.03900000 -0.21011180
v -0.01054899 -0.03900000 -0.20739181
v -0.01564243 -0.03884879 -0.21577427
v -0.01116629 -0.03900000 -0.20935744
v -0.01557715 0.03887261 -0.21577427
v -0.01116938 0.03900000 -0.20790406
v -0.01040063 0.03900000 -0.21011457
v 0.01563190 0.03882884 -0.21577425
v 0.01097862 0.03900000 -0.20784937
v 0.01116629 0.03900000 -0.20935744
v 0.02876072 -0.03019693 -0.23585053
v 0.02991349 -0.03073187 -0.24366681
v 0.02955092 -0.03076523 -0.23582748
v 0.03027845 -0.03059067 -0.23582076
v 0.03073708 -0.02979526 -0.24357571
v 0.03078242 -0.02976624 -0.23582950
v 0.02987670 -0.02861360 -0.24370287
v 0.03008245 -0.02863937 -0.23581654
v 0.02877958 -0.02909198 -0.23584102
v 0.02981644 -0.03058380 -0.23377424
v 0.02912116 -0.03154201 -0.23378624
v 0.02778394 -0.03019167 -0.23378998
v 0.03055048 -0.03141652 -0.23379414
v 0.02815765 -0.02859043 -0.23379257
v 0.02901975 -0.02791418 -0.23378198
v 0.03051956 -0.02793396 -0.23379828
v 0.02969849 -0.02876924 -0.23391679
v 0.03162623 -0.02935637 -0.23379733
v 0.03127351 -0.03072934 -0.23378521
v 0.02874313 -0.03152899 -0.23577426
v 0.02775250 -0.02912412 -0.23577426
v 0.03106359 -0.03113306 -0.23577426
v 0.03156356 -0.02880386 -0.23577422
v 0.02947332 -0.02773571 -0.23577425
v 0.02887342 -0.03003926 -0.23478188
v 0.03039898 -0.03023885 -0.23481767
v -0.03039832 0.03057699 -0.24364515
v -0.03075529 0.02947803 -0.23582545
v -0.03034092 0.02884134 -0.24364494
v -0.03009243 0.02869316 -0.23581241
v -0.02893977 0.02898481 -0.24370340
v -0.02928588 0.02872125 -0.23582362
v -0.02867093 0.02937585 -0.23582585
v -0.02896579 0.03053613 -0.23583266
v -0.03033918 0.03060249 -0.23582137
v -0.02905799 0.02902500 -0.23391187
v -0.02884499 0.02795095 -0.23379542
v -0.03064042 0.02798706 -0.23379190
v -0.03162079 0.02945395 -0.23378859
v -0.03053146 0.02937622 -0.23377424
v -0.03122980 0.03085566 -0.23379792
v -0.02983449 0.03165174 -0.23379992
v -0.02943552 0.03058975 -0.23391679
v -0.02775447 0.02940027 -0.23379646
v -0.02830754 0.03102430 -0.23378639
v -0.03113280 0.02821316 -0.23577426
v -0.03140239 0.03080006 -0.23577426
v -0.02879514 0.02793626 -0.23577426
v -0.02765648 0.03002875 -0.23577422
v -0.02935900 0.03164475 -0.23577425
v -0.03057847 0.02960732 -0.23481767
v 0.02879182 0.03033010 -0.23582301
v 0.02878655 0.02911480 -0.23583338
v 0.02875206 0.02908361 -0.24363203
v 0.02972811 0.02862608 -0.23582941
v 0.03067604 0.02917879 -0.23584151
v 0.03064446 0.03030401 -0.24364832
v 0.03055867 0.03034217 -0.23582239
v 0.02976517 0.03076052 -0.23581865
v 0.02917171 0.03053875 -0.24369027
v 0.02905816 0.03032112 -0.23377424
v 0.02778819 0.02977699 -0.23379450
v 0.02826251 0.03097088 -0.23379140
v 0.02817562 0.02851227 -0.23380083
v 0.02947943 0.02883263 -0.23377424
v 0.03072332 0.02804996 -0.23378104
v 0.02931225 0.02782426 -0.23380271
v 0.03055787 0.02994170 -0.23377424
v 0.03165195 0.02964214 -0.23378611
v 0.03097275 0.03113728 -0.23378587
v 0.02956891 0.03162759 -0.23379838
v 0.02791556 0.02887698 -0.23577425
v 0.02810469 0.03095409 -0.23577426
v 0.02990461 0.02761715 -0.23577428
v 0.03176239 0.02983697 -0.23577422
v 0.03021788 0.03160464 -0.23577425
v 0.02896341 0.03016970 -0.23481905
v 0.03043883 0.02922423 -0.23479663
v -0.03078879 -0.02988037 -0.23583335
v -0.02996572 -0.03074136 -0.23582195
v -0.03060967 -0.03024367 -0.24364433
v -0.02915693 -0.03060490 -0.24365513
v -0.02918278 -0.03062623 -0.23582022
v -0.02864162 -0.02991994 -0.23582137
v -0.02893288 -0.02889022 -0.24367583
v -0.02888648 -0.02901835 -0.23582822
v -0.02958814 -0.02863808 -0.23581679
v -0.03038225 -0.02888337 -0.23581846
v -0.02897745 -0.03028494 -0.23391187
v -0.02848834 -0.03118818 -0.23378915
v -0.03061612 -0.03139029 -0.23378381
v -0.03092767 -0.02820818 -0.23379734
v -0.02944420 -0.02778239 -0.23379387
v -0.02955115 -0.02878099 -0.23391679
v -0.03048364 -0.03012419 -0.23377424
v -0.03166997 -0.02988336 -0.23379774
v -0.02833585 -0.02837215 -0.23380086
v -0.02774303 -0.02969526 -0.23378018
v -0.03093200 -0.03135435 -0.23577426
v -0.03152879 -0.02882284 -0.23577426
v -0.02951402 -0.03159512 -0.23381653
v -0.02857808 -0.03133132 -0.23577426
v -0.02771515 -0.02911090 -0.23577422
v -0.02960961 -0.02772484 -0.23577425
v -0.03055970 -0.02990096 -0.23481767
v 0.00746427 -0.02725000 -0.36609557
v 0.00807071 -0.02900000 -0.37147242
v 0.00696444 -0.02725000 -0.37442601
v 0.00505416 -0.02900000 -0.37612826
v 0.00021806 -0.02725000 -0.37806159
v -0.00021801 -0.02900000 -0.37806159
v -0.00505420 -0.02725000 -0.37612820
v -0.00590279 -0.02900000 -0.37544304
v -0.00807071 -0.02725000 -0.37147242
v -0.00813113 -0.02900000 -0.37033513
v -0.00606019 -0.02725000 -0.36409032
v -0.00573758 -0.02900000 -0.36376771
v 0.00121510 -0.02725000 -0.36168149
v 0.00164457 -0.02900000 -0.36175722
v 0.00678818 -0.02900000 -0.36532313
v 0.00077549 -0.02401973 -0.33952498
v -0.00792725 -0.02400000 -0.33644274
v 0.00679125 -0.02400000 -0.33634546
v -0.00482751 -0.02401029 -0.34268847
v 0.01842797 -0.02400000 -0.34105977
v 0.00491645 -0.02400267 -0.34331852
v 0.02629950 -0.02400000 -0.34818721
v 0.00487445 -0.02398980 -0.34748358
v -0.02100817 -0.02400000 -0.34288627
v -0.00489241 -0.02399000 -0.34766769
v 0.01954302 -0.02400746 -0.35816270
v 0.03251132 -0.02400000 -0.35885406
v 0.01417274 -0.02424616 -0.38639888
v 0.01361721 -0.02400000 -0.40104580
v 0.00557211 -0.02400133 -0.39154139
v 0.00367855 -0.02400000 -0.40379354
v -0.00357342 -0.02429768 -0.39120123
v 0.01901123 -0.02429767 -0.38022795
v 0.03034573 -0.02400000 -0.38552290
v 0.02262681 -0.02400000 -0.39542526
v 0.02233852 -0.02400133 -0.37170228
v 0.03396623 -0.02400000 -0.37350085
v -0.02244013 -0.02400316 -0.36742911
v -0.03271299 -0.02400000 -0.35997620
v -0.01784207 -0.02433095 -0.35755986
v -0.02801174 -0.02400000 -0.35045460
v -0.01215415 -0.02439264 -0.35182267
v -0.00883960 -0.02400000 -0.40282878
v -0.01116256 -0.02400120 -0.38926825
v -0.02186472 -0.02400000 -0.39627305
v -0.01968009 -0.02400316 -0.38087362
v -0.03397420 -0.02400000 -0.37464085
v -0.02982821 -0.02400000 -0.38626754
v -0.00396122 -0.02802130 -0.34430191
v -0.00393038 -0.02495751 -0.34820446
v -0.00402163 -0.02500293 -0.34446105
v -0.00269137 -0.02501509 -0.34164768
v -0.00173572 -0.02802523 -0.34097564
v 0.00173571 -0.02502523 -0.34097561
v 0.00237520 -0.02800877 -0.34146777
v 0.00399610 -0.02500505 -0.34404513
v 0.00400876 -0.02800505 -0.34411275
v 0.00376663 -0.02501143 -0.34748837
v 0.00393038 -0.02795752 -0.34820446
v 0.01155088 0.00599668 -0.34102482
v 0.01039920 0.00797438 -0.34040409
v 0.01125833 0.00650000 -0.33377424
v 0.01033645 0.00813532 -0.33634859
v 0.00919202 0.00925660 -0.33377430
v 0.01203500 0.00566984 -0.33695394
v 0.01302745 0.00174456 -0.33377373
v 0.01300409 0.00000010 -0.33728659
v 0.01289132 -0.00199764 -0.34154293
v 0.01300000 0.00000000 -0.34168541
v 0.01293537 -0.00199182 -0.33704212
v 0.01133087 -0.00716303 -0.33377323
v 0.01101251 -0.00739799 -0.33659261
v 0.01032226 -0.00798639 -0.34049764
v 0.00209018 -0.01317742 -0.33377695
v 0.00418337 -0.01246701 -0.33502284
v 0.00832235 -0.01000693 -0.33582649
v 0.00837874 -0.00997556 -0.33991164
v -0.00150626 -0.01299176 -0.33483618
v -0.00155248 -0.01380153 -0.33377641
v -0.00831322 -0.01022723 -0.33576548
v -0.00932424 -0.00914284 -0.33377379
v -0.00835425 -0.00999121 -0.33997068
v -0.01026125 -0.00799819 -0.34055772
v -0.01088954 -0.00764881 -0.33654407
v -0.01280193 -0.00325720 -0.33377451
v -0.01323191 0.00013840 -0.33741000
v -0.01305017 0.00000048 -0.34157246
v -0.01287467 -0.00199793 -0.34162664
v -0.01284755 -0.00200023 -0.33726540
v -0.01371577 0.00024567 -0.33377558
v -0.01125833 0.00650000 -0.33377424
v -0.01153256 0.00600000 -0.33678249
v -0.00813474 0.01030673 -0.33377364
v -0.01025566 0.00801127 -0.33636221
v -0.01048063 0.00794701 -0.34037593
v -0.01154653 0.00599873 -0.34103325
v -0.00631491 0.01153822 -0.33534676
v 0.00205020 0.01318321 -0.33478293
v -0.00726719 0.01192488 -0.33377182
v 0.00361919 0.01271489 -0.33377588
v 0.03420605 -0.03000000 -0.37254027
v 0.02885274 -0.03000000 -0.38840020
v 0.02022681 -0.03000000 -0.39722973
v 0.01085452 -0.03000000 -0.40222198
v 0.00067693 -0.03000000 -0.40387970
v -0.00985704 -0.03000000 -0.40253931
v -0.02277826 -0.03000000 -0.39549038
v -0.03018017 -0.03000000 -0.38561210
v -0.03412203 -0.03000000 -0.37344700
v -0.03177412 -0.03000000 -0.35687354
v -0.02491739 -0.03000000 -0.34660923
v -0.01662192 -0.03000000 -0.33997983
v -0.00256661 -0.03000000 -0.33561063
v 0.01185208 -0.03000000 -0.33778539
v 0.02262686 -0.03000000 -0.34423065
v 0.03141918 -0.03000000 -0.35603493
v 0.02023094 0.00600000 -0.34612325
v 0.02101889 0.00800000 -0.34696233
v 0.02720300 0.00800000 -0.35462266
v 0.02768190 0.00600000 -0.35551307
v 0.03054342 0.00800000 -0.36419505
v 0.03066433 0.00600000 -0.36489552
v 0.03070289 0.00800000 -0.37597990
v 0.03045624 0.00600000 -0.37710336
v 0.02577787 0.00800000 -0.38715219
v 0.02537462 0.00600000 -0.38773763
v 0.01913935 0.00800000 -0.39442238
v 0.01833156 0.00600000 -0.39503023
v 0.00843995 0.00800000 -0.39982739
v 0.00746253 0.00600000 -0.40008536
v -0.00545667 0.00800000 -0.40066198
v -0.00658536 0.00600000 -0.40044078
v -0.01833155 0.00800000 -0.39503026
v -0.01913934 0.00600000 -0.39442241
v -0.02537462 0.00800000 -0.38773766
v -0.02577787 0.00600000 -0.38715219
v -0.02980109 0.00800000 -0.37894368
v -0.03070289 0.00600000 -0.37597990
v -0.03104407 0.00800000 -0.36888176
v -0.03054342 0.00600000 -0.36419508
v -0.02929357 0.00800000 -0.35919356
v -0.02720300 0.00600000 -0.35462266
v -0.02311265 0.00800000 -0.34892321
v -0.01945141 0.00600000 -0.34547952
v 0.02166639 0.01400128 -0.39223024
v 0.01951723 0.01599997 -0.39389357
v 0.02516593 0.01600000 -0.38819769
v 0.02950490 0.01400075 -0.38036406
v 0.03042211 0.01599987 -0.37536129
v -0.02237040 0.01400113 -0.39152721
v -0.02000312 0.01599987 -0.39340752
v -0.01061936 0.01400000 -0.39929512
v -0.01950674 0.01600000 -0.39535460
v -0.00094580 0.01600000 -0.40103698
v 0.00355916 0.01400000 -0.40079296
v 0.01061927 0.01600000 -0.39929515
v 0.01341314 0.01400000 -0.39784262
v -0.02985200 0.01400096 -0.37931520
v -0.03033456 0.01599983 -0.37522683
v -0.02849166 0.01600000 -0.38243738
v -0.01336489 0.01400050 -0.34151885
v -0.01041898 0.01599985 -0.34071490
v -0.02108752 0.01600000 -0.34666753
v -0.02571474 0.01400000 -0.35194385
v -0.02663114 0.01600000 -0.35402030
v -0.03082901 0.01600000 -0.36429089
v -0.03083110 0.01400000 -0.36525145
v 0.00856795 0.01400115 -0.33986315
v 0.01086168 0.01599996 -0.34084710
v 0.00943484 0.01600000 -0.33889699
v -0.00167124 0.01400000 -0.33881271
v 0.03082901 0.01400000 -0.36429089
v 0.03060123 0.01600000 -0.36314574
v 0.02503700 0.01400000 -0.35126317
v 0.02697264 0.01600000 -0.35470334
v 0.02699078 0.01600000 -0.35261086
v 0.02020674 0.01600000 -0.34623930
v 0.01755475 0.01400000 -0.34420434
v -0.01878794 -0.00200016 -0.34497359
v -0.02078898 0.00000000 -0.34675089
v -0.02784975 -0.00200000 -0.35549441
v -0.02836424 0.00000000 -0.35654151
v -0.03116501 -0.00200000 -0.36935034
v -0.03116386 0.00000000 -0.37037566
v -0.02951702 -0.00200000 -0.37949619
v -0.02928470 0.00000000 -0.38017857
v -0.02391724 -0.00200000 -0.39005226
v -0.02439959 0.00000000 -0.38922241
v -0.01512799 0.00000000 -0.39707914
v -0.01061190 -0.00200000 -0.39929733
v -0.00146465 0.00000000 -0.40111551
v 0.00355652 -0.00200000 -0.40079302
v 0.01239172 0.00000000 -0.39842743
v 0.01512806 -0.00200000 -0.39707911
v 0.02391723 0.00000000 -0.39005226
v 0.02310028 -0.00200000 -0.39059106
v 0.02858553 -0.00200000 -0.38225183
v 0.03082301 0.00000000 -0.37539566
v 0.03116386 -0.00200000 -0.37037566
v 0.02998109 0.00000000 -0.36130613
v 0.02836424 -0.00200000 -0.35654151
v 0.02237508 0.00000000 -0.34774089
v 0.02078898 -0.00200000 -0.34675089
v 0.03708483 -0.03198383 -0.33578387
v 0.04011605 -0.03486219 -0.33986506
v 0.03660482 -0.03495606 -0.33760718
v 0.03618204 -0.03006958 -0.33400914
v 0.04088030 -0.02192911 -0.33272320
v 0.03523018 -0.02961112 -0.33295181
v 0.04005883 0.03489327 -0.33989847
v 0.04095713 0.02162454 -0.33257037
v 0.03662065 0.03496629 -0.33761016
v 0.03625173 0.03001696 -0.33393165
v 0.03525960 0.02957643 -0.33288592
v 0.03675405 0.03138721 -0.33529314
v -0.02359069 0.03527893 -0.31977424
v -0.01583668 0.03380188 -0.31977770
v -0.03033150 0.04100000 -0.31977424
v 0.02260932 0.02605380 -0.31977424
v -0.03390979 0.01587017 -0.31977785
v -0.02601979 0.02262052 -0.31977424
v -0.03269219 0.01358811 -0.31974319
v -0.02615255 -0.02260787 -0.31977424
v -0.03426916 -0.01595287 -0.31977454
v -0.03253146 -0.01394459 -0.31972957
v -0.01541318 -0.04100000 -0.31981018
v -0.02258058 -0.02614103 -0.31977424
v -0.01343737 -0.03280280 -0.31973547
v -0.01587018 -0.03390979 -0.31977785
v 0.02256765 -0.02615219 -0.31977424
v 0.01595248 -0.03426929 -0.31977496
v 0.01390840 -0.03251400 -0.31972995
v 0.03268960 -0.01357905 -0.31974164
v 0.03384154 -0.01581158 -0.31977764
v 0.02621377 -0.02251354 -0.31977424
v 0.04100000 -0.01556604 -0.31983083
v 0.02599845 0.02266376 -0.31977424
v 0.04100000 0.01573334 -0.31979647
v 0.03376310 0.01579529 -0.31977981
v 0.01413400 0.03254158 -0.31973577
v 0.01596865 0.03437549 -0.31977439
v -0.01537501 0.04100000 -0.32014924
v -0.03562168 0.02404846 -0.31977424
v -0.04100000 0.01540000 -0.31984091
v -0.04073082 0.03141300 -0.31977430
v 0.02802314 0.02961749 -0.31977424
v 0.02956970 0.02939902 -0.31977424
v 0.03551012 0.02435795 -0.31977424
v 0.03113061 0.02973472 -0.31977424
v 0.04049410 0.03165727 -0.31977430
v 0.02960642 0.03044464 -0.31977424
v 0.02949475 0.03135503 -0.31977424
v 0.02298322 0.03440306 -0.31977424
v 0.02347592 0.03520038 -0.31977424
v 0.02311890 0.03479711 -0.31977424
v 0.03033150 0.04100000 -0.31977424
v 0.01539760 0.04100000 -0.31984654
v 0.03408818 0.02274999 -0.31977424
v -0.02959039 0.02813331 -0.31977424
v -0.02968307 0.03103126 -0.31977424
v -0.02884974 0.02947426 -0.31977424
v -0.03141427 0.02950083 -0.31977424
v -0.03379279 0.02291698 -0.31977424
v 0.02963618 -0.03113188 -0.31977424
v 0.03127873 -0.04086095 -0.31977430
v 0.02897058 -0.02948908 -0.31977424
v 0.02376144 -0.03549514 -0.31977424
v 0.01558989 -0.04100000 -0.31979111
v 0.02292811 -0.03393815 -0.31977424
v 0.01587084 -0.01243869 -0.31977424
v 0.01349746 -0.01658796 -0.31977424
v 0.00676434 -0.01915435 -0.31977424
v -0.01667212 -0.01336722 -0.31977424
v -0.01306767 -0.01535711 -0.31977424
v -0.01941118 -0.00598759 -0.31977424
v -0.01964520 -0.00757571 -0.31977424
v -0.02115128 0.00040693 -0.31977424
v -0.01911513 0.00687439 -0.31977424
v 0.00605963 -0.02027035 -0.31977424
v -0.00443403 -0.01967089 -0.31977424
v -0.00524849 -0.02064216 -0.31977424
v -0.01344056 -0.01667657 -0.31977424
v -0.01943241 0.00810597 -0.31977424
v -0.01668281 0.01339616 -0.31977424
v -0.01115171 0.01697895 -0.31977424
v -0.01347595 0.01665403 -0.31977424
v -0.00596947 0.02029550 -0.31977424
v -0.00040236 0.02016042 -0.31977424
v 0.00528437 0.02063002 -0.31977424
v 0.00738094 0.01865124 -0.31977424
v 0.01551096 0.01311699 -0.31977424
v 0.01354988 0.01666107 -0.31977424
v 0.01666484 0.01341144 -0.31977424
v 0.02085212 0.00433986 -0.31977424
v 0.01996493 0.00282949 -0.31977424
v 0.01996473 -0.00491686 -0.31977424
v 0.01657924 -0.01360879 -0.31977424
v -0.02960524 -0.03106794 -0.31977424
v -0.03121842 -0.04091940 -0.31977430
v -0.04100000 -0.03033150 -0.31977424
v -0.04100000 -0.01546154 -0.32000500
v -0.03467047 -0.02280656 -0.31977424
v 0.03459292 -0.02282102 -0.31977424
v 0.04100000 -0.03033150 -0.31977424
v -0.02298208 0.03441889 -0.31977424
v -0.02259063 0.02620009 -0.31977424
v -0.02306042 0.03375459 -0.31977424
v -0.01326944 0.03269778 -0.31973252
v 0.03271111 0.01331803 -0.31973228
v -0.04100000 -0.02085665 -0.33277425
v -0.04075673 0.02229382 -0.33277142
v -0.04100000 0.01500000 -0.33077425
v -0.04099981 0.02085973 -0.32380116
v -0.04100000 -0.01500000 -0.33077425
v -0.04096725 -0.02158803 -0.32373822
v -0.04051198 0.03152133 -0.32276899
v -0.04099891 -0.03035647 -0.32277289
v -0.02085973 -0.04099981 -0.32380116
v -0.03152151 -0.04051186 -0.32277021
v 0.01500000 -0.04100000 -0.33077425
v 0.02057952 -0.04099982 -0.33272001
v -0.01500000 -0.04100000 -0.33077425
v -0.02167310 -0.04092863 -0.33277488
v 0.03035647 -0.04099891 -0.32277289
v 0.02157291 -0.04096172 -0.32374108
v -0.03696419 -0.02738982 -0.33277217
v -0.03043998 -0.03465058 -0.33289558
v -0.03032107 0.03474835 -0.33286834
v -0.02425648 0.03486960 -0.33279943
v -0.02162611 0.04094902 -0.33277473
v 0.01503081 -0.03487336 -0.33282867
v 0.02868766 -0.03587333 -0.33269709
v 0.02648704 0.03749594 -0.33270317
v -0.01522650 -0.03484518 -0.33279726
v -0.02454628 -0.03488052 -0.33286113
v 0.03355280 -0.03129365 -0.33274058
v 0.03325697 0.03163323 -0.33269766
v -0.01511008 0.03487444 -0.33281115
v 0.02068887 0.04099557 -0.33269444
v 0.01522558 0.03484522 -0.33279765
v 0.00584941 0.03500000 -0.33449396
v 0.02156354 0.03495588 -0.34054461
v 0.01429426 0.03487486 -0.33617774
v 0.01412323 0.03488965 -0.33362103
v 0.03580162 0.03491176 -0.37646908
v 0.03492177 0.03490095 -0.35093459
v 0.03533563 0.03500000 -0.36499205
v 0.03352425 0.03486656 -0.35206130
v 0.03174002 0.03489173 -0.35175839
v 0.03226793 0.03500000 -0.35488772
v 0.02775480 0.03500000 -0.34759954
v 0.02888740 0.03491628 -0.34766430
v -0.03056574 0.03492790 -0.33318686
v -0.02592110 0.03496821 -0.33516309
v -0.01402705 0.03488277 -0.33381283
v -0.01124112 0.03500000 -0.33582288
v -0.01422662 0.03487016 -0.33612704
v -0.02547282 0.03489402 -0.33951795
v -0.02368287 0.03505749 -0.34313801
v 0.01397441 0.03491576 -0.40342858
v 0.01962617 0.03492195 -0.40051943
v 0.02691415 0.03507209 -0.39337292
v -0.02904079 0.03500000 -0.39053118
v -0.02923645 0.03493697 -0.39153221
v -0.01666621 0.03495887 -0.40211201
v -0.02083283 0.03490660 -0.39973271
v -0.00176673 0.03500000 -0.40534282
v 0.00786423 0.03494662 -0.40539077
v 0.00905985 0.03500000 -0.40432301
v -0.02522208 0.03487667 -0.34215215
v -0.02590898 0.03489614 -0.34413487
v -0.02238171 0.03491233 -0.33938950
v 0.03148919 0.03491545 -0.38824666
v 0.03437130 0.03500000 -0.37989360
v -0.01213941 0.03500000 -0.40336338
v -0.01082594 0.03487370 -0.40467852
v -0.00345666 0.03488888 -0.40609345
v -0.03634292 0.03493571 -0.37211418
v -0.03331306 0.03485715 -0.38478041
v -0.03449509 0.03500000 -0.37888777
v -0.03546615 0.03500000 -0.36606696
v -0.03599507 0.03489644 -0.36379182
v -0.03197333 0.03506833 -0.35381562
v -0.02943575 0.03488297 -0.34835640
v -0.03056264 -0.03493132 -0.33318737
v -0.02566924 -0.03488689 -0.33920354
v -0.01465166 0.00432078 -0.31977424
v -0.01840952 0.00044713 -0.31977424
v -0.01491007 0.01055011 -0.31977424
v -0.00736499 0.01357421 -0.31977424
v -0.00928591 0.01560497 -0.31977424
v -0.00193103 0.01816276 -0.31977424
v 0.00432078 0.01465166 -0.31977424
v 0.00557925 0.01728048 -0.31977424
v 0.01360025 0.01241545 -0.31977424
v 0.01357421 0.00736499 -0.31977424
v 0.01764007 0.00430940 -0.31977424
v 0.01465166 -0.00432078 -0.31977424
v 0.01793208 -0.00347209 -0.31977424
v 0.01298147 -0.01306107 -0.31977424
v 0.00736499 -0.01357421 -0.31977424
v 0.00346439 -0.01793357 -0.31977424
v -0.00432078 -0.01465166 -0.31977424
v -0.00727899 -0.01691527 -0.31977424
v -0.01357421 -0.00736499 -0.31977424
v -0.01534864 -0.00990122 -0.31977424
v -0.01946579 0.03000000 -0.39574152
v -0.01168287 0.01600000 -0.40041620
v -0.01071218 0.03000000 -0.40076947
v -0.00174922 0.01600000 -0.40218985
v -0.00173803 0.03000000 -0.40217739
v -0.03155625 0.01600000 -0.37715700
v -0.03156863 0.03000000 -0.37716657
v -0.02931986 0.01600000 -0.38414234
v -0.02890969 0.03000000 -0.38495362
v -0.02231687 0.01600000 -0.39349645
v -0.02226232 0.03000000 -0.39348912
v -0.02878069 0.01600000 -0.35521901
v -0.02890012 0.03000000 -0.35515767
v -0.03215226 0.01600000 -0.36363411
v -0.03233163 0.03000000 -0.36465141
v -0.03217477 0.01600000 -0.37372896
v -0.03215987 0.03000000 -0.37373370
v -0.01268302 0.01600000 -0.34002402
v -0.01270899 0.03000000 -0.34001321
v -0.02064879 0.01600000 -0.34441614
v -0.02144005 0.03000000 -0.34508008
v -0.02715166 0.01600000 -0.35213205
v -0.02714647 0.03000000 -0.35214797
v 0.00933912 0.03000000 -0.33866668
v -0.00135556 0.01600000 -0.33722851
v -0.00226328 0.03000000 -0.33727893
v -0.00942888 0.01600000 -0.33881938
v -0.00938926 0.03000000 -0.33894765
v 0.02715484 0.03000000 -0.35213476
v 0.02144007 0.01600000 -0.34508008
v 0.02064879 0.03000000 -0.34441614
v 0.01270899 0.01600000 -0.34001321
v 0.01269745 0.03000000 -0.34002376
v 0.03215241 0.01600000 -0.37374607
v 0.03217476 0.03000000 -0.37372896
v 0.03233163 0.01600000 -0.36465138
v 0.03215226 0.03000000 -0.36363411
v 0.02890012 0.01600000 -0.35515767
v 0.02878069 0.03000000 -0.35521901
v 0.02204845 0.01600000 -0.39339939
v 0.02213976 0.03000000 -0.39349782
v 0.02809484 0.01600000 -0.38664490
v 0.02861136 0.03000000 -0.38575023
v 0.03156863 0.01600000 -0.37716657
v 0.03155625 0.03000000 -0.37715700
v 0.00173803 0.01600000 -0.40217739
v 0.00174529 0.03000000 -0.40219125
v 0.01071218 0.01600000 -0.40076947
v 0.01168287 0.03000000 -0.40041620
v 0.01946579 0.01600000 -0.39574152
v 0.01946244 0.03000000 -0.39572626
v -0.00498332 -0.01619919 -0.35282266
v -0.01428915 -0.01600000 -0.35484713
v -0.01146551 -0.01609346 -0.35614783
v 0.00069715 -0.01600000 -0.40488124
v 0.00699383 -0.01600000 -0.39883363
v 0.00487783 -0.01600000 -0.39708328
v 0.01117379 -0.01600000 -0.40317473
v -0.00041238 -0.01600000 -0.39057007
v 0.01935017 -0.01600000 -0.39312437
v 0.02414105 -0.01600000 -0.39561352
v -0.00222243 -0.01600000 -0.39964226
v -0.00018999 -0.01600000 -0.39797461
v -0.00787409 -0.01600000 -0.40399250
v -0.01386304 -0.01600000 -0.39688998
v -0.02002416 -0.01600000 -0.39892641
v -0.03440155 -0.01600000 -0.37784174
v -0.02725536 -0.01600000 -0.37470573
v -0.02074216 -0.01600000 -0.36941555
v -0.02900575 -0.01600000 -0.37682176
v -0.02649975 -0.01600000 -0.38401178
v -0.02766442 -0.01600000 -0.36974952
v -0.02971738 -0.01600000 -0.36812782
v -0.03474538 -0.01600000 -0.36513966
v -0.02680923 -0.01600000 -0.35546550
v -0.03171851 -0.01600000 -0.35463580
v -0.02318571 -0.01600000 -0.35381255
v -0.02408864 -0.01600000 -0.34420368
v -0.00699389 -0.01600000 -0.34082216
v -0.00479012 -0.01599975 -0.33503053
v -0.01905259 -0.01600000 -0.34625393
v -0.01528415 -0.01600000 -0.33827451
v 0.01974342 -0.01600003 -0.34070399
v 0.01517968 -0.01600000 -0.34401944
v 0.01601537 -0.01600000 -0.34664214
v 0.00756343 -0.01599996 -0.33547670
v 0.00366788 -0.01600000 -0.33973104
v 0.02755324 -0.01600000 -0.34814751
v 0.02387529 -0.01600000 -0.35113975
v 0.03384296 -0.01600000 -0.35971144
v 0.02900215 -0.01600000 -0.36256996
v 0.02748737 -0.01600000 -0.36486149
v -0.02020793 -0.01600000 -0.37394676
v -0.01788321 -0.01610413 -0.36982891
v -0.01567439 -0.01617110 -0.37829304
v -0.01498078 -0.01600000 -0.38411707
v -0.01609380 -0.01600000 -0.39326194
v -0.02883562 -0.01600000 -0.38977104
v -0.02221554 -0.01600000 -0.38963911
v -0.01961701 -0.01600000 -0.38933411
v -0.01005171 -0.01600000 -0.38724145
v -0.01174165 -0.01608272 -0.38327342
v -0.01222225 -0.01600000 -0.38758197
v -0.00173098 -0.01611028 -0.38762653
v 0.00990253 -0.01612869 -0.38470680
v 0.01428915 -0.01600000 -0.38480869
v 0.01649019 -0.01611525 -0.37653744
v 0.00411886 -0.01600000 -0.39003584
v 0.02029416 -0.01600000 -0.37114489
v 0.01789117 -0.01607671 -0.36913458
v 0.01720163 -0.01600000 -0.38120458
v 0.01496870 -0.01600000 -0.35549200
v 0.00691074 -0.01616903 -0.35349092
v 0.01201068 -0.01612305 -0.35674340
v 0.01567006 -0.01621720 -0.36155853
v 0.02020790 -0.01600000 -0.36570904
v 0.01137668 -0.01600000 -0.35262626
v 0.00041236 -0.01600000 -0.34908575
v 0.00103638 -0.01605936 -0.35206997
v -0.00411887 -0.01600000 -0.34962001
v -0.01558803 -0.01623785 -0.36125860
v -0.01720163 -0.01600000 -0.35845125
v 0.02563976 -0.01600000 -0.38520339
v 0.02294834 -0.01600000 -0.38575262
v 0.01964108 -0.01600000 -0.38964805
v 0.02971739 -0.01600000 -0.37152800
v 0.02876765 -0.01600000 -0.37853658
v 0.03483142 -0.01600000 -0.37468961
v 0.03168902 -0.01600000 -0.38482884
v 0.02203525 -0.01600000 -0.36987311
v 0.02766439 -0.01600000 -0.36990628
v 0.02013039 -0.01600000 -0.34995374
v 0.00026956 -0.01600000 -0.34143546
v -0.00487782 -0.01600000 -0.34257257
v -0.01976837 -0.01600000 -0.34979084
v 0.03595758 -0.03478784 -0.37591934
v 0.03400546 -0.03487057 -0.38307565
v 0.03453573 0.03479953 -0.38155594
v 0.03056355 -0.03481842 -0.38971809
v 0.02688091 -0.03492223 -0.39441407
v 0.02579459 0.03478426 -0.39570192
v 0.02106992 -0.03479980 -0.39966676
v 0.01689357 -0.03498865 -0.40196475
v 0.01143403 -0.03491129 -0.40442508
v 0.00562475 -0.03479490 -0.40586683
v 0.00265420 0.03472466 -0.40624088
v -0.00050710 -0.03471717 -0.40633452
v -0.00703651 -0.03491856 -0.40556473
v -0.01258109 -0.03489595 -0.40403190
v -0.01804537 -0.03479905 -0.40152389
v -0.02277191 -0.03493442 -0.39824155
v -0.02547476 0.03474125 -0.39595988
v -0.02756662 -0.03490235 -0.39366287
v -0.03111759 -0.03479478 -0.38885769
v -0.03379447 -0.03490152 -0.38345191
v -0.03597191 -0.03487086 -0.37598604
v -0.03565726 0.03479772 -0.37750301
v -0.03639008 -0.03493834 -0.36852774
v -0.03573125 -0.03473056 -0.36234319
v -0.03394257 -0.03491768 -0.35662878
v -0.03334874 0.03479590 -0.35491821
v -0.03045763 -0.03488537 -0.34972733
v -0.02571809 -0.03488071 -0.34384790
v 0.00082199 0.01600000 -0.40099943
v -0.01432820 -0.01000189 -0.34213865
v -0.02034137 -0.00800000 -0.34602100
v -0.02241652 -0.01000000 -0.34833059
v -0.02810917 -0.01000000 -0.35637093
v -0.02853114 -0.00800000 -0.35729036
v -0.03083904 -0.01000000 -0.36614177
v -0.03115320 -0.00800000 -0.36899495
v -0.03024976 -0.01000000 -0.37792063
v -0.02849851 -0.00800000 -0.38280386
v -0.02352362 -0.01000000 -0.39026943
v -0.01992899 -0.00800000 -0.39378726
v -0.01235761 -0.01000000 -0.39859995
v -0.00940350 -0.00800000 -0.39953971
v 0.00150530 -0.01000000 -0.40095586
v 0.00251495 -0.00800000 -0.40089062
v 0.01495811 -0.01000000 -0.39733782
v 0.01595903 -0.00800000 -0.39676949
v 0.02538619 -0.01000000 -0.38790435
v 0.02461891 -0.00800000 -0.38876316
v 0.03024976 -0.00800000 -0.37792063
v 0.02975062 -0.01000000 -0.37874615
v 0.03115320 -0.01000000 -0.36899498
v 0.03061350 -0.00800000 -0.36399445
v 0.02853113 -0.01000000 -0.35729033
v 0.02614271 -0.00800000 -0.35286397
v 0.02034142 -0.01000000 -0.34602106
v 0.01946247 -0.00800000 -0.34562364
v -0.00005026 0.02999999 -0.40059242
v 0.01973654 0.02999999 -0.39342719
v 0.03028839 0.02999999 -0.37521958
v 0.02656697 0.03000000 -0.35390568
v 0.01056930 0.02999999 -0.34093592
v -0.01106698 0.03000000 -0.34089968
v -0.02661770 0.02999999 -0.35440212
v -0.03030585 0.02999999 -0.37512061
v -0.01981354 0.02999999 -0.39336258
v 0.01471950 0.00407874 -0.32529366
v 0.01427074 -0.00507379 -0.32528549
v 0.01070031 -0.01058881 -0.32528016
v 0.00407874 -0.01471950 -0.32529366
v -0.00500409 -0.01404541 -0.32563624
v -0.00964869 -0.01167477 -0.32528549
v -0.01406042 -0.00507687 -0.32559285
v -0.01478683 0.00382746 -0.32529366
v -0.01070031 0.01058881 -0.32528016
v -0.00407874 0.01471950 -0.32529366
v 0.00382002 0.01456115 -0.32528016
v 0.00964869 0.01167477 -0.32528549
v -0.02515903 -0.03490222 -0.34129164
v 0.02001462 -0.00132733 -0.32157427
v 0.01804146 -0.00900614 -0.32157427
v 0.01055897 -0.01735377 -0.32157427
v -0.00198385 -0.02021657 -0.32157427
v -0.01373092 -0.01497021 -0.32157427
v -0.01947640 -0.00522251 -0.32157427
v -0.01941118 0.00598759 -0.32157427
v -0.01410098 0.01426567 -0.32157427
v -0.00609913 0.01937643 -0.32157427
v 0.00521538 0.01947831 -0.32157427
v 0.01246198 0.01571770 -0.32157427
v 0.01849998 0.00839023 -0.32157427
v -0.00270790 0.01806328 -0.32157427
v 0.00644534 0.01709013 -0.32157427
v 0.01396164 0.01177657 -0.32157427
v 0.01750170 0.00484082 -0.32157427
v 0.01806444 -0.00270014 -0.32157427
v 0.01445367 -0.01116720 -0.32157427
v 0.00581826 -0.01747164 -0.32157427
v -0.00644922 -0.01724871 -0.32157427
v -0.01491006 -0.01055011 -0.32157427
v -0.01840952 -0.00044713 -0.32157427
v -0.01534864 0.00990121 -0.32157427
v -0.00975352 0.01531705 -0.32157427
v -0.02556689 -0.03487764 -0.33409846
v -0.02551114 -0.03488270 -0.33558124
v -0.01412323 -0.03488965 -0.33362103
v -0.01428574 -0.03488110 -0.33617270
v -0.00584941 -0.03500000 -0.33449396
v -0.01981230 -0.03500000 -0.34017214
v 0.03258054 -0.03500000 -0.35558233
v 0.03163311 -0.03488102 -0.35162926
v 0.03414877 -0.03488387 -0.35179093
v 0.03542038 -0.03500000 -0.36534566
v 0.01378997 -0.03486127 -0.33464116
v 0.02705157 -0.03500000 -0.34658557
v 0.03497148 -0.03489605 -0.35080343
v 0.02884006 -0.03488672 -0.34757262
v 0.01705189 -0.03500000 -0.33850339
v 0.01438145 -0.03488520 -0.33625984
v 0.02372819 -0.03493610 -0.34211311
v -0.02232837 -0.03489649 -0.33941483
v -0.02775480 -0.03500000 -0.34759954
v -0.02081197 -0.03488397 -0.33979228
v 0.00678398 -0.03500000 -0.33492225
v 0.01213941 -0.03500000 -0.40336338
v -0.00030458 -0.03507200 -0.40563005
v -0.01525807 -0.03500000 -0.40223002
v 0.02904079 -0.03500000 -0.39053118
v -0.03547965 -0.03500000 -0.37322575
v -0.03400500 -0.03500000 -0.35858673
v -0.02705158 -0.03500000 -0.39307019
v 0.03465829 -0.03506971 -0.37867340
v -0.03258052 -0.03500000 -0.38407353
v 0.01286843 -0.00613461 -0.32629237
v 0.00591454 -0.01297105 -0.32629237
v -0.00255859 -0.01390267 -0.32628474
v -0.01229469 -0.00697647 -0.32628474
v -0.01286843 0.00613461 -0.32629237
v -0.00697648 0.01229469 -0.32628474
v 0.00010555 0.01413575 -0.32628474
v 0.00827599 0.01160767 -0.32629237
v 0.01380104 0.00357229 -0.32629237
v 0.04099981 -0.02085973 -0.32380116
v 0.04051200 -0.03152132 -0.32276899
v 0.04100000 -0.01500000 -0.33077425
v 0.04096517 0.02157308 -0.32374004
v 0.04100000 0.01500000 -0.33077425
v 0.04099891 0.03035647 -0.32277289
v 0.01500000 0.04100000 -0.33077425
v -0.01500000 0.04100000 -0.33077425
v -0.02158803 0.04096725 -0.32373822
v 0.02085854 0.04099983 -0.32380128
v 0.03152139 0.04051196 -0.32276899
v -0.03035647 0.04099891 -0.32277289
v 0.02436243 -0.03900865 -0.33255813
v 0.03123802 -0.03385072 -0.32378137
v 0.02810751 -0.03641495 -0.32808411
v 0.02781568 -0.03663775 -0.33007380
v 0.02913382 -0.03560024 -0.33080554
v 0.03018333 -0.03471115 -0.32948005
v 0.02940857 -0.03537575 -0.32782868
v 0.03713695 -0.02721470 -0.32379323
v 0.03609538 -0.02853215 -0.32765514
v 0.03467284 -0.03022568 -0.32932106
v 0.03593275 -0.02872862 -0.33087906
v 0.03669443 -0.02774038 -0.32947215
v 0.03385045 0.03123828 -0.32378137
v 0.03562529 0.02911291 -0.32766312
v 0.03677629 0.02763251 -0.32932067
v 0.03573215 0.02897304 -0.33085653
v 0.03471003 0.03018221 -0.32948059
v 0.02738953 0.03699880 -0.32379365
v 0.02853215 0.03609537 -0.32765514
v 0.03022697 0.03467425 -0.32932070
v 0.02945902 0.03532909 -0.33248815
v 0.02872950 0.03593631 -0.33087867
v 0.02774039 0.03669444 -0.32947218
v -0.02828709 0.03628051 -0.33073333
v -0.03018718 0.03470870 -0.32981560
v -0.03123804 0.03385070 -0.32378137
v -0.02911291 0.03562529 -0.32766312
v -0.02778193 0.03666377 -0.32875302
v -0.03663609 0.02782066 -0.33019164
v -0.03609538 0.02853215 -0.32765514
v -0.03709017 0.02727314 -0.32379353
v -0.03479765 0.03008639 -0.32875302
v -0.03513412 0.02969547 -0.33061367
v -0.02725669 -0.03710258 -0.32378852
v -0.03385124 -0.03123740 -0.32378036
v -0.03628011 -0.02828668 -0.33073330
v -0.03471114 -0.03018919 -0.32981575
v -0.03562529 -0.02911291 -0.32766312
v -0.03666377 -0.02778193 -0.32875302
v -0.02872914 -0.03593255 -0.33087906
v -0.02774038 -0.03669443 -0.32947215
v -0.02853214 -0.03609537 -0.32765514
v -0.03022687 -0.03467416 -0.32932076
v -0.03535952 -0.02464022 -0.33247429
v -0.03514291 -0.02324990 -0.33247429
v -0.03360279 -0.02306432 -0.33247429
v -0.03419776 -0.02609690 -0.33036837
v -0.03391302 -0.02644833 -0.32768333
v -0.03252796 -0.02815903 -0.32862496
v -0.03119446 -0.02969381 -0.33247429
v -0.03272087 -0.02792061 -0.33052289
v -0.02933611 -0.02853888 -0.33247429
v -0.03053993 -0.02680037 -0.32975501
v -0.03152110 -0.02558872 -0.32756159
v -0.03253040 -0.02434234 -0.32909533
v -0.03193399 -0.02507884 -0.33080432
v -0.02989540 -0.03084205 -0.33247429
v -0.02818417 -0.02948456 -0.33247429
v -0.02609689 -0.03419777 -0.32818019
v -0.02644835 -0.03391299 -0.33086520
v -0.02443120 -0.03548518 -0.33247429
v -0.02815904 -0.03252795 -0.32992351
v -0.02792061 -0.03272087 -0.32802561
v -0.02271266 -0.03411837 -0.33247429
v -0.02675848 -0.03057385 -0.32909533
v -0.02430045 -0.03256432 -0.32975501
v -0.02551209 -0.03158315 -0.32756159
v -0.02602197 -0.03117026 -0.33080432
v 0.02427931 -0.03556029 -0.33247429
v 0.02279882 -0.03395580 -0.33247429
v 0.02609690 -0.03419776 -0.33036837
v 0.02644833 -0.03391302 -0.32768333
v 0.02815903 -0.03252796 -0.32862496
v 0.02969393 -0.03118919 -0.33247429
v 0.02792061 -0.03272087 -0.33052289
v 0.02854610 -0.02933963 -0.33247429
v 0.02680036 -0.03053993 -0.32975501
v 0.02434234 -0.03253040 -0.32909533
v 0.02558872 -0.03152110 -0.32756159
v 0.02507884 -0.03193399 -0.33080432
v -0.03085104 0.02989852 -0.33247429
v -0.02948422 0.02817998 -0.33247429
v -0.03252795 0.02815904 -0.32992351
v -0.03272087 0.02792061 -0.32802561
v -0.03419777 0.02609689 -0.32818019
v -0.03548485 0.02442702 -0.33247429
v -0.03391299 0.02644835 -0.33086520
v -0.03412735 0.02271579 -0.33247429
v -0.03256432 0.02430045 -0.32975498
v -0.03158316 0.02551209 -0.32756159
v -0.03057385 0.02675848 -0.32909533
v -0.03117026 0.02602197 -0.33080432
v 0.03085104 -0.02989852 -0.33247429
v 0.02948422 -0.02817998 -0.33247429
v 0.03252795 -0.02815904 -0.32992351
v 0.03272087 -0.02792061 -0.32802561
v 0.03391299 -0.02644835 -0.33086520
v 0.03419777 -0.02609689 -0.32818019
v 0.03548485 -0.02442702 -0.33247429
v 0.03412735 -0.02271579 -0.33247429
v 0.03256432 -0.02430045 -0.32975501
v 0.03117026 -0.02602197 -0.33080432
v 0.03158315 -0.02551209 -0.32756159
v 0.03057385 -0.02675848 -0.32909533
v 0.03565786 0.02390631 -0.33247429
v 0.03367331 0.02300251 -0.33247429
v 0.03419776 0.02609690 -0.33036837
v 0.03391302 0.02644833 -0.32768333
v 0.03252796 0.02815903 -0.32862496
v 0.03110739 0.02975493 -0.33247429
v 0.03272087 0.02792060 -0.33052289
v 0.02936975 0.02843251 -0.33247429
v 0.03152110 0.02558872 -0.32756159
v 0.03253040 0.02434233 -0.32909533
v 0.03193399 0.02507884 -0.33080432
v 0.03053993 0.02680036 -0.32975501
v 0.02979370 0.03104530 -0.33247429
v 0.02837616 0.02939895 -0.33247429
v 0.02792062 0.03272086 -0.32802561
v 0.02609689 0.03419777 -0.32818019
v 0.02451783 0.03543699 -0.33247429
v 0.02644835 0.03391299 -0.33086520
v 0.02815905 0.03252795 -0.32992351
v 0.02267226 0.03422844 -0.33247429
v 0.02675848 0.03057385 -0.32909533
v 0.02602197 0.03117026 -0.33080432
v 0.02430045 0.03256432 -0.32975501
v 0.02551209 0.03158316 -0.32756159
v -0.02440684 0.03549879 -0.33247429
v -0.02272970 0.03410265 -0.33247429
v -0.02644833 0.03391302 -0.32768333
v -0.02609690 0.03419776 -0.33036837
v -0.02815903 0.03252796 -0.32862496
v -0.02963075 0.03127094 -0.33247429
v -0.02792061 0.03272087 -0.33052289
v -0.02865871 0.02931487 -0.33247429
v -0.02507884 0.03193400 -0.33080432
v -0.02434234 0.03253040 -0.32909533
v -0.02680036 0.03053993 -0.32975501
v -0.02558872 0.03152110 -0.32756159
v 0.02332610 0.03127948 -0.32979834
v 0.02472581 0.03015494 -0.33084378
v 0.02578521 0.02929345 -0.32945365
v 0.02443623 0.03034847 -0.32753915
v 0.02397629 0.02960826 -0.32927424
v 0.02944727 0.02557936 -0.32828075
v 0.02970036 0.02528271 -0.33057359
v 0.03092881 0.02377016 -0.33051428
v 0.03112803 0.02349091 -0.32821026
v 0.02960826 0.02397629 -0.32927424
v 0.02579684 -0.02927115 -0.32966763
v 0.02435520 -0.03045506 -0.33084378
v 0.02329227 -0.03131219 -0.32945365
v 0.02449455 -0.03031529 -0.32756871
v 0.02397629 -0.02960826 -0.32927424
v -0.02927116 -0.02579684 -0.32966763
v -0.03045506 -0.02435520 -0.33084378
v -0.03131219 -0.02329227 -0.32945362
v -0.03031529 -0.02449455 -0.32756871
v -0.02960826 -0.02397629 -0.32927424
v -0.02579684 0.02927115 -0.32966763
v -0.02435520 0.03045506 -0.33084378
v -0.02329227 0.03131219 -0.32945365
v -0.02449455 0.03031529 -0.32756871
v -0.02397629 0.02960826 -0.32927424
v 0.03114282 -0.02348553 -0.32828075
v 0.03090527 -0.02379477 -0.33057359
v 0.02968119 -0.02531085 -0.33051428
v 0.02944946 -0.02556377 -0.32821026
v 0.02960826 -0.02397629 -0.32927424
v -0.02348553 -0.03114282 -0.32828075
v -0.02379476 -0.03090528 -0.33057359
v -0.02531085 -0.02968119 -0.33051428
v -0.02556377 -0.02944946 -0.32821026
v -0.02397629 -0.02960826 -0.32927424
v -0.03114282 0.02348553 -0.32828075
v -0.03090527 0.02379477 -0.33057359
v -0.02968119 0.02531085 -0.33051428
v -0.02944946 0.02556377 -0.32821026
v -0.02960826 0.02397629 -0.32927424
v 0.01466488 0.03392913 -0.33077425
v 0.01464481 0.03395401 -0.32083184
v 0.00804322 0.03575856 -0.32076946
v 0.00140967 0.03699964 -0.33077425
v -0.00183317 0.03669523 -0.32076642
v -0.01465552 0.03395047 -0.32082409
v -0.01463774 0.03392010 -0.33077425
v 0.03392913 -0.01466488 -0.33077425
v 0.03395400 -0.01464481 -0.32083184
v 0.03575857 -0.00804321 -0.32076946
v 0.03699964 -0.00140967 -0.33077425
v 0.03669523 0.00183317 -0.32076642
v 0.03394600 0.01465073 -0.32081568
v 0.03392009 0.01463774 -0.33077425
v -0.01466904 -0.03393808 -0.33077425
v -0.01464481 -0.03395400 -0.32083184
v -0.00614716 -0.03622310 -0.32076642
v 0.00057110 -0.03686011 -0.33077425
v 0.00386972 -0.03644713 -0.32076946
v 0.01465551 -0.03395047 -0.32082409
v 0.01463773 -0.03392009 -0.33077425
v -0.03392913 0.01466488 -0.33077425
v -0.03395400 0.01464481 -0.32083184
v -0.03575857 0.00804321 -0.32076946
v -0.03699964 0.00140967 -0.33077425
v -0.03669523 -0.00183317 -0.32076642
v -0.03395047 -0.01465551 -0.32082409
v -0.03392009 -0.01463774 -0.33077425
v 0.03655243 -0.03177861 -0.33584493
v 0.03601547 0.03005658 -0.33472052
v 0.03544749 -0.02949517 -0.33397913
v 0.03656991 0.03253794 -0.33633903
v 0.03495554 0.02953853 -0.33344692
v 0.03477745 -0.02952546 -0.33339974
v 0.03290540 -0.03471703 -0.35205224
v 0.01994266 -0.03480545 -0.33922559
v 0.02542021 0.03478754 -0.34367305
v 0.01429106 -0.03466195 -0.33353212
v 0.01387570 0.03472659 -0.33510017
v -0.02810416 -0.02138161 -0.33077425
v -0.03448756 -0.00685555 -0.33077425
v -0.03520824 -0.00399539 -0.31969348
v -0.03484594 0.00384883 -0.33077425
v -0.03451559 0.00726831 -0.31971300
v -0.03228573 0.01392919 -0.33077425
v -0.02615255 0.02260787 -0.33077425
v -0.01676578 -0.01354496 -0.33077425
v -0.02544499 -0.02235922 -0.33077425
v -0.01666479 0.01341128 -0.33077425
v -0.01964520 0.00757571 -0.33077425
v -0.02115128 -0.00040694 -0.33077425
v -0.02259619 0.02609368 -0.33077425
v -0.01490186 0.03184847 -0.33077425
v -0.00060630 0.03530459 -0.33077425
v -0.00333087 0.03525194 -0.31968167
v 0.00726831 0.03451559 -0.31971300
v 0.01392918 0.03228573 -0.33077425
v 0.02263500 0.02607777 -0.33077425
v -0.01344047 0.01667654 -0.33077425
v 0.01341128 0.01666479 -0.33077425
v 0.00596947 0.02029550 -0.33077425
v -0.00528437 0.02063002 -0.33077425
v 0.02252940 -0.02616724 -0.33077425
v 0.01301403 -0.03282288 -0.33077425
v 0.00287734 -0.03530896 -0.31969327
v -0.00162611 -0.03512416 -0.33077425
v -0.01394335 -0.03227900 -0.33077425
v -0.02260787 -0.02615251 -0.33077425
v 0.01354924 -0.01659049 -0.33077425
v -0.01336738 -0.01667217 -0.33077425
v -0.00433986 -0.02085212 -0.33077425
v 0.00514304 -0.02041807 -0.33077425
v 0.02599040 0.02263018 -0.33077425
v 0.03086923 0.01661716 -0.33077425
v 0.03457202 0.00656490 -0.33077452
v 0.03481212 0.00585723 -0.31972229
v 0.03403101 -0.01004634 -0.33077461
v 0.03505960 -0.00509793 -0.31967798
v 0.02622553 -0.02254019 -0.33077425
v 0.01668284 0.01339625 -0.33077425
v 0.01658142 -0.01353897 -0.33077425
v 0.02027035 -0.00605963 -0.33077425
v 0.02064216 0.00524849 -0.33077425
v 0.01775537 -0.01000047 -0.33938015
v 0.02970138 -0.01000000 -0.35070944
v 0.03439086 -0.01000000 -0.36300957
v 0.03496524 -0.01000000 -0.37360898
v 0.03123824 -0.01000000 -0.38598454
v 0.02177749 -0.01000000 -0.39763850
v 0.00602923 -0.01000000 -0.40463221
v -0.01115381 -0.01000000 -0.40334329
v -0.02408858 -0.01000000 -0.39545220
v -0.03070548 -0.01000000 -0.38675109
v -0.03446608 -0.01000000 -0.37682456
v -0.03483950 -0.01000000 -0.36589974
v -0.03217363 -0.01000000 -0.35562503
v -0.02487037 -0.01000000 -0.34496170
v -0.01596970 -0.01000000 -0.33861586
v -0.03109352 -0.00200000 -0.35307610
v -0.02116657 -0.00200000 -0.34174401
v 0.00269270 -0.00200000 -0.40489182
v 0.01511011 -0.00200000 -0.40158343
v 0.02710630 -0.00200000 -0.39247033
v 0.03457268 -0.00200000 -0.37705007
v 0.03390379 -0.00200000 -0.35993028
v 0.02665270 -0.00200000 -0.34688532
v -0.01008437 -0.00200000 -0.40351817
v -0.02322326 -0.00200000 -0.39643824
v -0.03207485 -0.00200000 -0.38424778
v -0.03531866 -0.00200000 -0.36967975
v 0.01526065 -0.00800043 -0.33823591
v 0.02610205 -0.00800000 -0.34603480
v 0.03422813 -0.00800000 -0.36111787
v 0.03429999 -0.00800000 -0.37825054
v 0.02890210 -0.00800000 -0.38967338
v 0.02151496 -0.00800000 -0.39764580
v 0.01008439 -0.00800000 -0.40351817
v -0.00269270 -0.00800000 -0.40489182
v -0.01295018 -0.00800000 -0.40240803
v -0.02236103 -0.00800000 -0.39697036
v -0.02932624 -0.00800000 -0.38904107
v -0.03457268 -0.00800000 -0.37705004
v -0.03463938 -0.00800000 -0.36441624
v -0.03049084 -0.00800000 -0.35200268
v -0.01837624 -0.00800092 -0.33962721
v 0.03279892 0.00600000 -0.38294333
v 0.02266367 0.00600000 -0.39692295
v 0.00912388 0.00600000 -0.40379360
v -0.00378904 0.00600000 -0.40479296
v -0.01433320 0.00600000 -0.40182477
v -0.02332821 0.00600000 -0.39614728
v -0.03231797 0.00600000 -0.38408735
v -0.01825135 0.00600064 -0.33968529
v -0.02969887 0.00600000 -0.35070306
v -0.03521577 0.00600000 -0.36706516
v 0.01785939 0.00600056 -0.33951482
v 0.02900876 0.00600000 -0.34967166
v 0.03509699 0.00600000 -0.36582986
v 0.02412387 0.00000000 -0.34402439
v 0.03347250 0.00000000 -0.35854191
v 0.03503446 0.00000000 -0.37117895
v 0.03231797 0.00000000 -0.38408735
v 0.02494287 0.00000000 -0.39446718
v 0.01422704 0.00000000 -0.40216017
v 0.00177978 0.00000000 -0.40484318
v -0.00912388 0.00000000 -0.40379360
v -0.02266366 0.00000000 -0.39692298
v -0.03279891 0.00000000 -0.38294333
v -0.03505564 0.00000000 -0.37041172
v -0.03363457 0.00000000 -0.35955036
v -0.02763387 0.00000000 -0.34807286
v -0.01979089 0.00000000 -0.34088731
v -0.02143220 0.00800000 -0.34159559
v 0.02414104 0.00800000 -0.39561352
v 0.03168902 0.00800000 -0.38482884
v 0.03483142 0.00800000 -0.37468961
v 0.03384296 0.00800000 -0.35971144
v 0.02755324 0.00800000 -0.34814751
v 0.01987772 0.00800000 -0.34081516
v -0.03171852 0.00800000 -0.35463583
v -0.03531721 0.00800000 -0.36920875
v -0.03140781 0.00800000 -0.38599077
v -0.02002416 0.00800000 -0.39892641
v -0.00387519 0.00800000 -0.40493733
v 0.01117379 0.00800000 -0.40317473
v 0.00480669 0.01399998 -0.33511606
v 0.01651245 0.01400199 -0.33851808
v -0.00766806 0.01400027 -0.33540356
v 0.02970138 0.01400000 -0.35070944
v 0.03439086 0.01400000 -0.36300957
v 0.03496524 0.01400000 -0.37360898
v 0.03123824 0.01400000 -0.38598454
v 0.02177748 0.01400000 -0.39763850
v 0.00602923 0.01400000 -0.40463221
v -0.01115381 0.01400000 -0.40334329
v -0.02408858 0.01400000 -0.39545220
v -0.03070548 0.01400000 -0.38675109
v -0.03446608 0.01400000 -0.37682456
v -0.03483950 0.01400000 -0.36589974
v -0.03217363 0.01400000 -0.35562503
v -0.02344820 0.01400000 -0.34341067
v 0.02048253 -0.02885148 -0.37424755
v 0.00293027 -0.02900618 -0.34364530
v 0.00122501 -0.02898416 -0.34587866
v 0.00144261 -0.02896649 -0.34384763
v 0.00034752 -0.02900172 -0.34176189
v -0.00081042 -0.02897974 -0.34338170
v 0.00365709 -0.02899266 -0.34937164
v 0.01210126 -0.02867280 -0.35257164
v 0.01879090 -0.02900416 -0.36153841
v -0.00042761 -0.02898272 -0.34645370
v -0.00318500 -0.02898543 -0.34893051
v -0.00163055 -0.02897777 -0.34500179
v -0.00290703 -0.02901278 -0.34331560
v -0.02028182 -0.02900341 -0.37306717
v -0.01957872 -0.02867280 -0.36202452
v -0.01239335 -0.02900341 -0.35344958
v 0.01721184 -0.02900679 -0.38135266
v 0.00745412 -0.02880812 -0.38945881
v -0.00679964 -0.02871116 -0.38970926
v -0.01363610 -0.02900679 -0.38542035
v 0.00000000 -0.02306867 -0.34482789
v 0.00162185 -0.02399510 -0.34507427
v -0.00010838 -0.02398185 -0.34655416
v -0.00168121 -0.02398185 -0.34442142
v 0.00054158 -0.02398792 -0.34321898
v 0.01401192 -0.00100662 -0.33377427
v 0.01187930 -0.00788338 -0.33377427
v 0.00512607 -0.01317257 -0.33377427
v -0.00788338 -0.01187930 -0.33377427
v -0.01317257 -0.00512607 -0.33377427
v -0.01239396 0.00679580 -0.33377427
v 0.00212629 0.01425625 -0.33377427
v 0.01228768 0.00753490 -0.33377427
v 0.00554481 -0.02502888 -0.34922951
v 0.01315320 -0.02500618 -0.35306147
v 0.01856830 -0.02501126 -0.35916361
v 0.01870685 -0.02801125 -0.35940859
v 0.02155270 -0.02501855 -0.37022576
v 0.02114667 -0.02800620 -0.36719373
v 0.01714287 -0.02801855 -0.38289696
v 0.00670829 -0.02501855 -0.39031389
v 0.00151202 -0.02801128 -0.39118728
v -0.01090106 -0.02501127 -0.38825819
v -0.01242616 -0.02800621 -0.38714007
v -0.01799024 -0.02501126 -0.38144082
v -0.01814131 -0.02801126 -0.38120338
v -0.02128397 -0.02501126 -0.37217334
v -0.02131295 -0.02801126 -0.37189344
v -0.02048949 -0.02500619 -0.36397120
v -0.01325638 -0.02801855 -0.35282949
v -0.00447513 -0.02796605 -0.34867173
v -0.01442281 -0.02700000 -0.37237102
v -0.01722447 -0.02675002 -0.37450475
v -0.01077147 -0.02703572 -0.37984997
v -0.01003186 -0.02675001 -0.38456044
v -0.00498391 -0.02700000 -0.38352102
v 0.00000000 -0.02700000 -0.38439980
v 0.00171133 -0.02675003 -0.38757044
v 0.00498394 -0.02700000 -0.38352102
v 0.00975431 -0.02695000 -0.38069722
v 0.01266389 -0.02675004 -0.38237289
v 0.01299692 -0.02708334 -0.37632924
v 0.01445888 -0.02695000 -0.37188435
v 0.01775880 -0.02675004 -0.37137222
v 0.01405860 -0.02700000 -0.36606091
v 0.01463936 -0.02675004 -0.35965723
v 0.01192237 -0.02700000 -0.36147979
v 0.00834821 -0.02700000 -0.35790557
v 0.00474859 -0.02675003 -0.35264701
v 0.00301288 -0.02705000 -0.35553768
v -0.00301288 -0.02695000 -0.35553768
v -0.00733811 -0.02675002 -0.35358447
v -0.00834821 -0.02700000 -0.35790557
v -0.01192238 -0.02700000 -0.36147979
v -0.01602910 -0.02674999 -0.36203602
v -0.01405860 -0.02700000 -0.36606091
v -0.00784546 -0.01650021 -0.38555366
v 0.00393792 -0.01650175 -0.38695994
v 0.01393002 -0.01650448 -0.38055450
v -0.01147067 -0.02200000 -0.38706237
v -0.01590096 -0.02200000 -0.39275756
v -0.00049395 -0.02200000 -0.39048013
v -0.00017978 -0.02200000 -0.39800662
v -0.01547086 -0.02200000 -0.39534277
v -0.00361217 -0.02200000 -0.40002668
v 0.00407561 -0.02200000 -0.39012551
v 0.00519574 -0.02200000 -0.39774218
v 0.01419086 -0.02200000 -0.38479269
v 0.01966771 -0.02200000 -0.38966230
v 0.00883848 -0.02200000 -0.39883065
v 0.01959419 -0.02200000 -0.39240822
v -0.02029762 -0.02200000 -0.37390351
v -0.02791427 -0.02200000 -0.37502366
v -0.01496476 -0.02200000 -0.38401878
v -0.01962867 -0.02200000 -0.38935637
v -0.02900274 -0.02200000 -0.37866634
v -0.02236608 -0.02200000 -0.38957649
v -0.01723447 -0.02200000 -0.35835722
v -0.02341226 -0.02200000 -0.35376349
v -0.02065222 -0.02200000 -0.36933395
v -0.02817871 -0.02200000 -0.36964813
v -0.02675773 -0.02200000 -0.35556957
v -0.02984777 -0.02200000 -0.36745927
v 0.01723448 -0.02200000 -0.38129860
v 0.02341234 -0.02200000 -0.38589233
v 0.02065221 -0.02200000 -0.37032187
v 0.02768834 -0.02200000 -0.36989880
v 0.02675776 -0.02200000 -0.38408619
v 0.02977955 -0.02200000 -0.37167874
v 0.02029761 -0.02200000 -0.36575228
v 0.02791426 -0.02200000 -0.36463219
v 0.01494259 -0.02200000 -0.35552186
v 0.01962886 -0.02200000 -0.35029936
v 0.02900273 -0.02200000 -0.36098951
v 0.02236603 -0.02200000 -0.35007930
v 0.01147069 -0.02200000 -0.35259342
v 0.01598865 -0.02200000 -0.34666249
v 0.00049393 -0.02200000 -0.34917566
v 0.00007089 -0.02200000 -0.34213957
v 0.01466956 -0.02200000 -0.34330362
v 0.00185080 -0.02200000 -0.34004837
v -0.00407562 -0.02200000 -0.34953031
v -0.00507473 -0.02200000 -0.34214184
v -0.01419088 -0.02200000 -0.35486317
v -0.01991857 -0.02200000 -0.34954458
v -0.00736598 -0.02200000 -0.34085241
v -0.01835173 -0.02200000 -0.34558424
v 0.03546615 0.03000000 -0.36606696
v 0.03400501 0.03000000 -0.38106906
v 0.02633353 0.03000000 -0.39388072
v 0.01413537 0.03000000 -0.40273529
v -0.00054137 0.03000000 -0.40548882
v -0.01315185 0.03000000 -0.40297940
v -0.02575651 0.03000000 -0.39471379
v -0.03437130 0.03000000 -0.37989360
v -0.03533563 0.03000000 -0.36499205
v -0.03226791 0.03000000 -0.35488769
v -0.02488587 0.03000000 -0.34407136
v -0.01006568 0.03000000 -0.33545661
v 0.00483598 0.03000000 -0.33449233
v 0.01705190 0.03000000 -0.33850339
v 0.02705157 0.03000000 -0.34658557
v 0.03258054 0.03000000 -0.35558233
v -0.03546615 -0.03000000 -0.36606696
v -0.03400501 -0.03000000 -0.38106906
v -0.02633353 -0.03000000 -0.39388072
v -0.01413537 -0.03000000 -0.40273529
v 0.00054137 -0.03000000 -0.40548882
v 0.01315185 -0.03000000 -0.40297940
v 0.02575651 -0.03000000 -0.39471379
v 0.03437130 -0.03000000 -0.37989360
v 0.03533563 -0.03000000 -0.36499205
v 0.03226791 -0.03000000 -0.35488769
v 0.02488587 -0.03000000 -0.34407136
v 0.01006568 -0.03000000 -0.33545661
v -0.00483598 -0.03000000 -0.33449233
v -0.01705190 -0.03000000 -0.33850339
v -0.02705157 -0.03000000 -0.34658557
v -0.03258054 -0.03000000 -0.35558233
v -0.01387570 -0.03472659 -0.33510017
v -0.01387045 0.03467522 -0.33484700
v -0.02094338 0.03485397 -0.33980805
v -0.02555263 0.03470921 -0.33536208
v -0.02520054 0.03478567 -0.33349288
v 0.00532419 -0.03500000 -0.39971480
v 0.01361307 -0.03500000 -0.40285426
v 0.00135144 -0.03500000 -0.40541855
v -0.01111527 -0.03500000 -0.39807722
v -0.01296521 -0.03500000 -0.40325972
v -0.02426267 -0.03500000 -0.38807333
v -0.02624257 -0.03500000 -0.39406392
v -0.02781863 -0.03500000 -0.35801798
v -0.02430540 -0.03500000 -0.34346449
v -0.02011776 -0.03500000 -0.34727517
v -0.00696254 -0.03500000 -0.34027970
v -0.01372240 -0.03500000 -0.33704239
v -0.00310211 -0.03500000 -0.33424094
v 0.00787699 -0.03500000 -0.34065080
v 0.00936488 -0.03500000 -0.33546486
v -0.03367341 -0.03500000 -0.38175088
v -0.03022447 -0.03500000 -0.37266588
v -0.03404556 -0.03500000 -0.35857257
v 0.02237887 -0.03500000 -0.34181061
v 0.01816985 -0.03500000 -0.34581038
v 0.02693485 -0.03500000 -0.35582483
v 0.03135823 -0.03500000 -0.35294059
v 0.03007973 -0.03500000 -0.36860445
v 0.03404558 -0.03500000 -0.38108319
v 0.02793234 -0.03500000 -0.38171726
v 0.02553410 -0.03500000 -0.39480922
v 0.01884479 -0.03500000 -0.39345467
v 0.00695903 -0.03000000 -0.34041834
v 0.01020212 -0.03000000 -0.33559382
v -0.00412512 -0.03000000 -0.33434498
v -0.00794003 -0.03000000 -0.34052727
v -0.01778366 -0.03000000 -0.33884731
v -0.02081448 -0.03000000 -0.34791654
v -0.02731685 -0.03000000 -0.34697384
v -0.02456269 -0.03000000 -0.38743544
v -0.02672697 -0.03000000 -0.39336914
v -0.01325568 -0.03000000 -0.39713836
v -0.01688454 -0.03000000 -0.40130755
v -0.00310190 -0.03000000 -0.40541491
v 0.00130599 -0.03000000 -0.40002137
v 0.01296521 -0.03000000 -0.40325972
v 0.01406693 -0.03000000 -0.39657623
v -0.02817497 -0.03000000 -0.35889533
v -0.03290578 -0.03000000 -0.35619965
v -0.03547649 -0.03000000 -0.36667547
v -0.03011354 -0.03000000 -0.37366813
v -0.03404557 -0.03000000 -0.38108322
v 0.02624257 -0.03000000 -0.39406392
v 0.02298239 -0.03000000 -0.38929054
v 0.02873444 -0.03000000 -0.37919182
v 0.03290579 -0.03000000 -0.38345614
v 0.03547649 -0.03000000 -0.37298036
v 0.03004234 -0.03000000 -0.36957365
v 0.03479325 -0.03000000 -0.36221549
v 0.02842695 -0.03000000 -0.35956830
v 0.03091879 -0.03000000 -0.35214889
v 0.02018667 -0.03000000 -0.34715477
v 0.02287567 -0.03000000 -0.34239146
v -0.03062590 0.04200054 -0.01892100
v -0.03219876 0.04299925 -0.01566194
v -0.03439151 0.04200049 -0.01083484
v -0.03268120 0.04200132 0.01546281
v -0.03218191 0.04299983 0.01567256
v -0.02965421 0.04299994 0.02000097
v -0.02616736 0.04200006 0.02470632
v -0.00730742 0.04200042 0.03523729
v -0.00250179 0.04299906 0.03580374
v 0.00442582 0.04200151 0.03584723
v -0.02454446 0.04200274 -0.02649767
v -0.02964810 0.04299969 -0.02023734
v 0.02696336 0.04200027 0.02392385
v 0.02964541 0.04300031 0.02002247
v 0.03219884 0.04299927 0.01566193
v 0.03418166 0.04200153 0.01159162
v 0.03375508 0.04200038 -0.01246549
v 0.03218416 0.04299983 -0.01567529
v 0.02790267 0.04200041 -0.02290794
v 0.02965479 0.04299964 -0.02000184
v 0.02087662 0.04200165 -0.02931074
v 0.02002319 0.04299895 -0.02967483
v 0.01546644 0.04299980 -0.03243707
v 0.00977061 0.04199946 -0.03475659
v 0.00249393 0.04299873 -0.03576631
v -0.00476971 0.04200148 -0.03577455
v -0.01389311 0.04200024 -0.03319580
v -0.01555528 0.04299956 -0.03236227
v -0.02001545 0.04299894 -0.02967148
v 0.02896254 0.04200000 -0.01846267
v 0.02906117 0.04299995 -0.01846267
v 0.03059989 0.04200000 -0.01679426
v 0.03062025 0.04299995 -0.01626926
v 0.02947404 0.04200000 -0.01520168
v 0.02854966 0.04299995 -0.01520168
v 0.02740345 0.04200000 -0.01626926
v 0.02742381 0.04299995 -0.01679426
v 0.01578619 0.04200000 -0.03030874
v 0.01771381 0.04299995 -0.03030874
v 0.01748645 0.04200000 -0.03036927
v 0.01836300 0.04200000 -0.02891644
v 0.01809699 0.04299995 -0.02801002
v 0.01731644 0.04200000 -0.02757513
v 0.01618356 0.04299995 -0.02757513
v 0.01540301 0.04200000 -0.02801002
v 0.01513700 0.04299995 -0.02891645
v 0.01601355 0.04299995 -0.03036927
v 0.00037399 0.04200000 -0.03507194
v -0.00023957 0.04299995 -0.03512845
v 0.00171266 0.04299995 -0.03345070
v 0.00155450 0.04200000 -0.03367896
v 0.00048070 0.04200000 -0.03189159
v -0.00048070 0.04299995 -0.03189159
v -0.00174618 0.04200000 -0.03360208
v -0.00155450 0.04299995 -0.03367896
v -0.01679932 0.04200000 -0.03072450
v -0.01781310 0.04299995 -0.03035552
v -0.01540074 0.04299995 -0.02990088
v -0.01513700 0.04200000 -0.02891644
v -0.01572831 0.04299995 -0.02772133
v -0.01643063 0.04200000 -0.02745563
v -0.01792437 0.04299995 -0.02790200
v -0.01835839 0.04200000 -0.02853108
v -0.03035549 0.04200000 -0.01781316
v -0.02854967 0.04299995 -0.01829832
v -0.02744860 0.04200000 -0.01753474
v -0.02744989 0.04299995 -0.01684370
v -0.02849309 0.04299995 -0.01518789
v -0.02831198 0.04200000 -0.01535045
v -0.02999865 0.04200000 -0.01550497
v -0.03040926 0.04299995 -0.01599431
v -0.03026859 0.04299995 -0.01768225
v -0.00489848 0.04302382 0.02469011
v -0.01279249 0.04300122 0.02153531
v -0.00735796 0.04200189 0.02517198
v -0.01808001 0.04200210 0.01899756
v -0.01967321 0.04300305 0.01579399
v -0.02599560 0.04200336 0.00546123
v -0.02474341 0.04301110 0.00493415
v -0.02425371 0.04301875 -0.00695874
v -0.02385392 0.04200547 -0.01122082
v -0.01828143 0.04300231 -0.01739380
v -0.01470562 0.04200176 -0.02171725
v -0.00820741 0.04300207 -0.02386227
v -0.00191414 0.04200229 -0.02625624
v 0.00156460 0.04301358 -0.02503666
v 0.01422130 0.04201004 -0.02237763
v 0.01081617 0.04300789 -0.02280303
v 0.02020689 0.04298015 -0.01515929
v 0.02557199 0.04200342 -0.00724717
v 0.02462473 0.04300697 -0.00509591
v 0.02485007 0.04300666 0.00368825
v 0.02461194 0.04200508 0.00942904
v 0.02264863 0.04300008 0.01070547
v 0.01751775 0.04300116 0.01815320
v 0.01624589 0.04200176 0.02058514
v 0.00717818 0.04300117 0.02418070
v 0.00517835 0.04200191 0.02568888
v -0.02273160 0.04574729 -0.02229364
v -0.01888878 0.04509839 -0.02674752
v -0.01795315 0.04571631 -0.02618722
v -0.02550695 0.04367825 -0.02554205
v -0.01993742 0.04367296 -0.02960520
v -0.02758770 0.04455466 -0.01953749
v -0.02962389 0.04366839 -0.02010835
v -0.02625960 0.04548062 -0.01816522
v -0.00304798 0.04499482 -0.03277886
v -0.00242286 0.04560701 -0.03166526
v -0.00834600 0.04597083 -0.03059927
v -0.01393354 0.04469644 -0.03046795
v -0.01560910 0.04367565 -0.03220636
v -0.01132787 0.04365487 -0.03418082
v -0.01368839 0.04565845 -0.02871998
v -0.00246627 0.04365724 -0.03565313
v -0.00248636 0.04611800 -0.03137872
v -0.01373555 0.04617393 -0.02807194
v 0.00860472 0.04580784 -0.03061751
v 0.00268170 0.04364696 -0.03573399
v 0.00935140 0.04366851 -0.03487642
v 0.01554659 0.04364193 -0.03221603
v 0.01379692 0.04491343 -0.03010309
v 0.00313746 0.04483840 -0.03305293
v 0.00251218 0.04566400 -0.03170402
v 0.01370685 0.04554978 -0.02873294
v 0.01366224 0.04605763 -0.02843116
v 0.00209761 0.04629755 -0.03104303
v 0.02694874 0.04493995 -0.01913318
v 0.02620982 0.04562492 -0.01798267
v 0.02236698 0.04581308 -0.02261212
v 0.02546812 0.04367222 -0.02559903
v 0.02960478 0.04367291 -0.01993706
v 0.01799327 0.04556517 -0.02622696
v 0.01931777 0.04479925 -0.02717323
v 0.02017708 0.04365474 -0.02956695
v 0.01783864 0.04611098 -0.02596918
v 0.02592294 0.04617053 -0.01748191
v 0.02215898 0.04624945 -0.02201647
v 0.03146799 0.04583193 -0.00454118
v 0.03451835 0.04364632 -0.01036611
v 0.03617488 0.04367404 0.00196120
v 0.03042372 0.04605442 0.00853323
v 0.03060672 0.04464452 0.01399151
v 0.02872737 0.04559321 0.01370220
v 0.03136448 0.04412146 -0.01465620
v 0.03208315 0.04367642 -0.01567712
v 0.02891150 0.04550720 -0.01361704
v 0.03158184 0.04601976 0.00206157
v 0.03258896 0.04366609 0.01533280
v 0.02836174 0.04614910 0.01352494
v 0.03030830 0.04614197 -0.00875714
v 0.02834209 0.04604429 -0.01373169
v -0.02587106 0.04621088 0.01758694
v -0.02220837 0.04589568 0.02271485
v -0.02621018 0.04562028 0.01797361
v -0.01436686 0.04626972 0.02783578
v -0.01731949 0.04572117 0.02670654
v -0.01254863 0.04575149 0.02925741
v -0.00676590 0.04593344 0.03094314
v -0.00236868 0.04610644 0.03136889
v -0.00252989 0.04553920 0.03174900
v -0.03028497 0.04613822 -0.00874795
v -0.03114324 0.04447946 -0.01404119
v -0.02872091 0.04552587 -0.01371587
v -0.03224425 0.04369587 -0.01560068
v -0.03555735 0.04368078 -0.00702744
v -0.03085890 0.04447019 0.01420239
v -0.03207766 0.04364996 0.01565436
v -0.03521508 0.04367351 0.00817724
v -0.02892553 0.04570458 0.01339449
v -0.03091125 0.04584259 0.00742046
v -0.03172772 0.04582656 -0.00234458
v -0.03123006 0.04623939 0.00287032
v -0.02840021 0.04609691 -0.01364497
v -0.02807996 0.04624769 0.01364036
v 0.00313184 0.04447684 0.03384880
v 0.00258376 0.04549396 0.03178591
v 0.00815597 0.04581688 0.03078874
v 0.00246121 0.04361448 0.03559518
v 0.00786128 0.04365158 0.03512695
v 0.02961516 0.04365698 0.01995273
v 0.02529528 0.04367128 0.02572947
v 0.02695564 0.04495650 0.01910640
v 0.02291724 0.04605811 0.02172919
v 0.02623019 0.04555596 0.01799994
v 0.01625370 0.04364828 0.03221483
v 0.01715720 0.04604480 0.02659734
v 0.00242827 0.04612674 0.03137023
v 0.02598511 0.04609925 0.01780535
v 0.01013155 0.04623055 0.02971665
v -0.01763888 0.04200026 0.03157622
v -0.00046219 0.04200000 0.03195168
v 0.02047407 0.04200019 0.02959681
v 0.00160840 0.04200000 0.03301926
v 0.00004931 0.04200000 0.03521267
v -0.00158804 0.04200000 0.03354426
v -0.02863786 0.04200000 0.01517805
v -0.03613890 0.04199997 0.00170878
v -0.02853115 0.04200000 0.01835841
v -0.03075803 0.04200000 0.01664792
v -0.02745736 0.04200000 0.01657103
v 0.03613890 0.04199996 -0.00170880
v 0.02726567 0.04200000 0.01664792
v 0.02938584 0.04200000 0.01517805
v 0.02949255 0.04200000 0.01835841
v 0.03056635 0.04200000 0.01657103
v 0.01413831 0.04200146 0.03309387
v 0.01718357 0.04760775 -0.00889410
v 0.02627452 0.04624587 -0.01518699
v 0.01328598 0.04738289 -0.01715589
v 0.01431916 0.04621392 -0.02702454
v 0.01614986 0.04619969 -0.02591846
v 0.00458029 0.04813638 -0.01234986
v 0.00171742 0.04869124 -0.00319901
v -0.00573074 0.04753753 -0.01966232
v 0.00008736 0.04624007 -0.03035691
v -0.01130068 0.04783197 -0.01289979
v -0.01487511 0.04623431 -0.02650425
v -0.01688356 0.04624388 -0.02585842
v -0.02160178 0.04618037 -0.02284617
v -0.02597202 0.04610609 -0.01780725
v -0.01676649 0.04780734 -0.00485379
v -0.02635854 0.04625509 -0.01498898
v -0.00074217 0.04876750 0.00127407
v -0.01426550 0.04800145 0.00475025
v -0.01426133 0.04745375 0.01538187
v -0.02589619 0.04620161 0.01653049
v -0.02670931 0.04625171 0.01456923
v -0.00193064 0.04791820 0.01633391
v -0.00027532 0.04624730 0.03038981
v 0.01298857 0.04733137 0.01788676
v 0.00426087 0.04801404 0.01408394
v 0.01462199 0.04790353 0.00747436
v 0.02625011 0.04624574 0.01524121
v 0.01775104 0.04777418 0.00033819
v -0.00251355 0.04299935 -0.03563712
v 0.00246870 0.04299928 0.03562890
v -0.00245818 0.04365957 0.03561188
v -0.00724309 0.04365236 0.03525703
v -0.02623094 0.04365769 0.02468468
v -0.02961866 0.04367291 0.01994509
v -0.01709913 0.04364570 0.03189229
v -0.00303577 0.04419286 0.03442702
v -0.02674796 0.04509841 0.01889001
v 0.02891351 0.04299995 0.01507418
v 0.03068993 0.04299995 0.01709593
v 0.02910690 0.04299995 0.01827461
v 0.02738560 0.04299995 0.01728939
v 0.02602743 0.04300004 0.01780775
v 0.02667211 0.04299994 0.01479090
v 0.02895845 0.04300000 0.01364424
v 0.02734489 0.04596985 0.01418971
v 0.02821150 0.04414252 0.01974179
v 0.03191920 0.04357271 0.01559143
v -0.03041511 0.04299995 0.01570576
v -0.02772134 0.04299995 0.01572831
v -0.02769531 0.04299995 0.01755729
v -0.02949256 0.04299995 0.01835841
v -0.02844824 0.04300005 0.01363403
v -0.02580027 0.04299984 0.01663288
v -0.02756812 0.04299981 0.01947326
v -0.02887614 0.04539562 0.01368206
v -0.02788285 0.04428333 0.01964756
v 0.00046218 0.04299995 0.03195168
v 0.00158804 0.04299995 0.03354426
v -0.00004932 0.04299995 0.03521267
v -0.00160840 0.04299995 0.03301926
v -0.00000763 0.04299993 0.03037778
v 0.00299991 0.04299987 0.03230339
v -0.00286778 0.04299956 0.03213680
v 0.00154176 0.04611440 0.03080845
v -0.00294254 0.04501433 0.03256208
v 0.02580025 0.04299984 -0.01663269
v 0.02756838 0.04299981 -0.01947338
v 0.02844816 0.04300006 -0.01363406
v 0.02995381 0.04483909 -0.01382882
v 0.02842046 0.04405678 -0.01979566
v 0.01545800 0.04308023 -0.03170858
v 0.01588520 0.04299957 -0.02583112
v 0.01364420 0.04300000 -0.02895831
v 0.01936602 0.04299861 -0.02721089
v 0.01979883 0.04348632 -0.02927670
v 0.00052256 0.04299995 -0.03049209
v -0.00242071 0.04299970 -0.03144888
v 0.00286781 0.04299956 -0.03213701
v 0.00254700 0.04349278 -0.03515826
v -0.00306476 0.04428498 -0.03391989
v -0.01533376 0.04310394 -0.03161912
v -0.01363813 0.04300006 -0.02844919
v -0.01663279 0.04299984 -0.02580033
v -0.01947361 0.04299981 -0.02756879
v -0.01964807 0.04428273 -0.02788402
v -0.02908991 0.04310404 -0.01971636
v -0.02602745 0.04300003 -0.01780789
v -0.02667216 0.04299994 -0.01479085
v -0.02895827 0.04300000 -0.01364425
v -0.03018519 0.04469491 -0.01390788
v -0.03152455 0.04372146 -0.01503740
v 0.01063703 0.04502041 -0.02286327
v 0.00163783 0.04500075 -0.02499442
v 0.01982850 0.04502737 -0.01555327
v 0.02386691 0.04499868 -0.00758921
v 0.02486081 0.04561452 -0.00035473
v 0.02311124 0.04500281 0.01010246
v 0.01579674 0.04500305 0.01966267
v 0.00573581 0.04562934 0.02420039
v -0.00171478 0.04558538 0.02478635
v -0.01042845 0.04500860 0.02296594
v -0.01988430 0.04500724 0.01551873
v -0.02481242 0.04500614 0.00453637
v -0.02408960 0.04500518 -0.00747928
v -0.01788043 0.04500437 -0.01779176
v -0.00759908 0.04500371 -0.02405228
v -0.01287942 0.04600200 0.02050080
v -0.00395436 0.04600021 -0.02388750
v -0.02252055 0.04600860 0.00963028
v -0.02388808 0.04600074 -0.00326919
v -0.02050074 0.04600200 -0.01287951
v -0.01339348 0.04600074 -0.02004850
v 0.01956149 0.04600860 -0.01473992
v 0.00759876 0.04600200 -0.02298741
v 0.02134109 0.04600441 0.01170148
v 0.01339354 0.04600074 0.02004847
v -0.00937073 -0.03892268 -0.04219967
v -0.00803423 0.04100000 -0.04007911
v -0.00394956 0.04100000 -0.04017752
v -0.00392506 0.04100000 -0.04364476
v -0.00753847 0.04100000 -0.04433688
v -0.00953862 -0.04077494 -0.04053364
v -0.00760280 -0.04077113 -0.04554455
v -0.00968651 -0.04075125 -0.04295872
v -0.00462322 -0.04072674 -0.04574357
v -0.00213723 -0.04074327 -0.04222143
v -0.00331788 -0.04075805 -0.03934870
v -0.00617872 -0.04071641 -0.03809705
v -0.00649337 -0.03901913 -0.03818770
v -0.00912907 -0.03905775 -0.04445443
v -0.00331046 -0.03905220 -0.04483339
v -0.00205980 -0.03906765 -0.04229379
v -0.00282788 -0.03910095 -0.03963944
v -0.00260948 0.04107625 -0.04016073
v -0.00221249 0.04105647 -0.04265074
v -0.00374378 0.04102615 -0.04500319
v -0.00773248 0.04103753 -0.04545189
v -0.00998889 0.04124299 -0.04327847
v -0.00885873 0.04105878 -0.03940669
v -0.00570713 0.04103300 -0.03814223
v -0.00756207 0.04275511 -0.03838192
v -0.00376427 0.04265852 -0.04541828
v -0.00205604 0.04274302 -0.04231106
v -0.00734995 0.04267437 -0.04581060
v -0.00940169 0.04269708 -0.04401006
v -0.00991764 0.04273823 -0.04191984
v -0.00388881 0.04268470 -0.03855323
v -0.00167304 0.04169303 -0.04231937
v -0.00207206 0.04210210 -0.04024119
v -0.00306025 0.04162894 -0.03885226
v -0.00487561 0.04174103 -0.03780917
v -0.00724715 0.04184185 -0.03781454
v -0.00973444 0.04218667 -0.03972239
v -0.01018647 0.04143471 -0.04121358
v -0.00881460 0.04168875 -0.04525319
v -0.00635509 0.04144185 -0.04628786
v -0.00255124 0.04162047 -0.04455785
v -0.00390565 0.04168875 -0.04575751
v -0.00826939 -0.04057486 -0.03864990
v -0.00553528 -0.04024573 -0.03766543
v -0.00190233 -0.04011967 -0.04044449
v -0.00220791 -0.04015826 -0.04419683
v -0.01039176 -0.03986307 -0.04176093
v -0.00701126 -0.04014750 -0.04616910
v -0.00969755 -0.04011214 -0.04419740
v -0.00403192 -0.03971923 -0.03810971
v -0.00943750 -0.03949879 -0.03937677
v -0.00803199 -0.03960684 -0.03820178
v -0.00482268 -0.03976208 -0.04619630
v -0.00864503 -0.03960617 -0.04539862
v -0.00645415 -0.03921748 -0.04602820
v 0.03010990 0.02153979 -0.02091864
v 0.03354021 -0.02654292 -0.01480532
v 0.03351402 -0.02651113 -0.01689914
v 0.02283153 0.01119684 -0.02859222
v 0.02122228 -0.00901001 -0.02989493
v 0.01492196 -0.00004686 -0.03343075
v 0.00177851 -0.03497396 -0.03724491
v 0.00328809 -0.03505000 -0.04217298
v -0.00360050 -0.03486702 -0.04311825
v 0.02814928 -0.03505000 -0.03206116
v 0.00343627 -0.03505000 -0.03976055
v -0.00837709 -0.03488120 -0.04290631
v -0.01254833 -0.03485870 -0.04289129
v 0.02069748 -0.03501498 -0.03092309
v -0.00926415 -0.03497304 -0.03586827
v -0.01261762 -0.03487644 -0.03685623
v -0.01411978 -0.03487789 -0.04006537
v 0.01645647 -0.03505000 -0.03969137
v 0.01681167 -0.03505000 -0.04208153
v 0.01436033 -0.03478605 -0.03383189
v 0.04267678 -0.03497854 -0.04277147
v 0.02868463 -0.03505000 -0.03941514
v 0.04279919 -0.03482194 -0.01394040
v 0.03145079 -0.03499920 -0.01984747
v 0.02690637 -0.03484817 -0.02509397
v 0.03634928 -0.03505000 -0.02788523
v 0.03640934 -0.03505000 -0.03931722
v 0.03915858 -0.03500762 -0.00512394
v 0.03262231 -0.03505000 -0.02747484
v 0.00369104 0.03495000 -0.04235447
v 0.00304544 0.03495000 -0.04000982
v -0.00355251 0.03495522 -0.04265565
v 0.00407761 0.03472133 -0.03651055
v -0.00343724 0.03474559 -0.03658446
v -0.00631034 0.03495000 -0.03932490
v -0.00380577 0.03495000 -0.04065448
v -0.00844115 0.03495000 -0.04118401
v -0.01298882 0.03479788 -0.03722448
v -0.01384959 0.03488482 -0.03987264
v 0.02281599 0.03495000 -0.03255885
v 0.02627508 0.03470797 -0.02565494
v 0.02156238 0.03487509 -0.03011965
v 0.02474220 0.03495000 -0.03492190
v 0.02817155 0.03495000 -0.03204300
v 0.03254764 0.03495000 -0.02752505
v 0.01683569 0.03495000 -0.04208779
v 0.02274359 0.03495000 -0.03749968
v 0.01966424 0.03495000 -0.03643873
v 0.02024219 0.03495000 -0.03301992
v -0.01256629 0.03475443 -0.04289558
v -0.00830730 0.03455527 -0.04325263
v -0.01134225 0.03486265 -0.03603528
v 0.02858486 0.03495000 -0.03931537
v 0.01146892 0.03473175 -0.03492570
v 0.01643666 0.03495000 -0.03969801
v 0.03227298 0.03490099 -0.01831144
v 0.04269508 0.03487744 -0.04277255
v 0.04276682 0.03472462 -0.01386001
v 0.03948179 0.03495000 -0.01575127
v 0.04047188 0.03495000 -0.01906879
v 0.03713550 0.03495000 -0.02060353
v 0.03539674 0.03495000 -0.01784381
v 0.03665448 0.03495000 -0.01580577
v 0.03904660 0.03490166 -0.00508575
v 0.03528250 0.03495000 -0.02738515
v 0.03692541 0.03495000 -0.02935927
v 0.03631721 0.03495000 -0.03940935
v -0.01103534 0.03165000 -0.04600000
v -0.01103534 -0.03175000 -0.04600000
v 0.04300000 0.03165000 -0.04600000
v 0.04300000 -0.03175000 -0.04600000
v -0.00637758 -0.03313918 -0.04461081
v -0.00525279 0.03305363 -0.04459637
v -0.01439151 0.03427315 -0.03982745
v 0.03989484 -0.03471891 -0.00502359
v 0.03986326 0.03454122 -0.00489874
v 0.03236724 -0.02747321 -0.01761155
v 0.03052407 -0.03461776 -0.02045644
v 0.02553859 -0.01775018 -0.02620977
v 0.02132017 -0.03453657 -0.02983513
v 0.01411836 -0.00148403 -0.03406166
v 0.00848989 -0.00918336 -0.03561582
v 0.00649760 -0.03450020 -0.03603041
v -0.00436125 -0.02746830 -0.03649292
v -0.00226121 -0.03456710 -0.03661369
v -0.00557526 -0.02657786 -0.03614958
v -0.00560883 0.02651616 -0.03619727
v 0.00366801 0.01332907 -0.03659521
v 0.00330134 -0.01395012 -0.03640195
v 0.01309458 -0.00004492 -0.03462992
v -0.01005971 -0.03444016 -0.03539979
v -0.00959677 0.03437526 -0.03541832
v -0.00436763 0.02738061 -0.03671063
v 0.00155395 0.01893971 -0.03658243
v 0.01396756 0.00127370 -0.03394866
v 0.01562168 0.03447449 -0.03313130
v 0.02303487 0.01409232 -0.02864872
v 0.02136028 0.03424474 -0.02975725
v 0.03243003 0.02727567 -0.01710553
v 0.03107238 0.03442715 -0.01944755
v -0.01421809 -0.03456016 -0.03919541
v 0.03851620 -0.03454650 -0.00488291
v 0.03849642 0.03428016 -0.00483578
v 0.03918664 -0.03440009 -0.00451695
v 0.03931127 0.03426675 -0.00452676
v 0.00363562 0.01337504 -0.03762324
v 0.00710668 -0.00854370 -0.03689727
v -0.00554495 -0.02654768 -0.03744570
v 0.01400656 -0.00135675 -0.03486566
v 0.00341491 -0.01639409 -0.03758600
v 0.02605393 -0.01848249 -0.02748471
v 0.02685809 -0.01701879 -0.02650724
v 0.01494616 -0.00007101 -0.03453587
v 0.03350690 0.02642562 -0.01767602
v 0.02271972 0.01103770 -0.03012501
v 0.03218364 0.02713914 -0.01971729
v 0.02245605 0.01326761 -0.03024652
v 0.01397594 0.00126933 -0.03494430
v 0.00301724 0.01686030 -0.03746781
v 0.03538008 0.04100000 -0.01737669
v 0.03770177 0.04100000 -0.01540917
v 0.03992724 0.04100000 -0.01629389
v 0.04047188 0.04100000 -0.01906879
v 0.03713550 0.04100000 -0.02060353
v 0.03769731 -0.04061870 -0.02211710
v 0.03507632 -0.04061542 -0.02090392
v 0.03408993 -0.04077911 -0.01773870
v 0.04089141 -0.04071368 -0.02059107
v 0.04184065 -0.04073783 -0.01881600
v 0.03930377 -0.04073190 -0.01427716
v 0.03624153 -0.04067009 -0.01442526
v 0.03652562 -0.03902501 -0.01455167
v 0.03429868 -0.03906048 -0.01667998
v 0.03500932 -0.03908435 -0.02055451
v 0.03895909 -0.03903444 -0.02183891
v 0.04161789 -0.03906436 -0.01645353
v 0.03974387 -0.03913050 -0.01441151
v 0.04183941 0.04105073 -0.01903051
v 0.03812896 0.04100992 -0.02173215
v 0.03413630 0.04105190 -0.01873456
v 0.03529114 0.04101599 -0.01542886
v 0.03771080 0.04118985 -0.01388662
v 0.04133580 0.04108317 -0.01598525
v 0.03436603 0.04277615 -0.01664173
v 0.04177389 0.04273817 -0.01918666
v 0.04170578 0.04268748 -0.01665054
v 0.03821504 0.04271538 -0.02194321
v 0.03613535 0.04268172 -0.02149392
v 0.04021486 0.04269872 -0.01468668
v 0.03622149 0.04271988 -0.01446330
v 0.04212457 0.04176540 -0.01950676
v 0.04177846 0.04166156 -0.01576252
v 0.03425448 0.04164772 -0.01582854
v 0.03372967 0.04221266 -0.01748514
v 0.03404141 0.04169169 -0.01977418
v 0.04034293 0.04140484 -0.02151253
v 0.03950145 0.04143471 -0.01401369
v 0.03580261 0.04168786 -0.01430245
v 0.03560883 0.04139597 -0.02148298
v 0.03798685 0.04180606 -0.02239841
v 0.03434244 0.04260286 -0.01975805
v 0.03774259 0.04257209 -0.01394219
v 0.04040252 0.04244098 -0.02140583
v 0.04153408 -0.04037580 -0.01563069
v 0.03488391 -0.03998839 -0.01488093
v 0.03981548 -0.04000947 -0.01404473
v 0.04224722 -0.04011125 -0.01731711
v 0.03988447 -0.04010929 -0.02190660
v 0.03370264 -0.03992227 -0.01723565
v 0.03724054 -0.03964772 -0.01373768
v 0.04139861 -0.03960617 -0.02064504
v 0.03637227 -0.03959209 -0.02197290
v 0.03390807 -0.03968346 -0.01941834
v 0.04204513 -0.03927756 -0.01895249
v 0.01950032 0.04100000 -0.03574359
v 0.02024219 0.04100000 -0.03301992
v 0.02281599 0.04100000 -0.03255885
v 0.02474220 0.04100000 -0.03492190
v 0.02207810 0.04100000 -0.03774220
v 0.02066394 -0.04076051 -0.03133531
v 0.01878540 -0.04071422 -0.03723337
v 0.01816283 -0.04075551 -0.03469797
v 0.02118934 -0.04071395 -0.03885569
v 0.02383780 -0.04069478 -0.03847785
v 0.02553452 -0.04071983 -0.03666794
v 0.02575946 -0.04074821 -0.03413657
v 0.02387019 -0.04070074 -0.03151233
v 0.02254797 -0.03901475 -0.03133593
v 0.01928909 -0.03912299 -0.03207780
v 0.01830726 -0.03905630 -0.03399867
v 0.01857047 -0.03910568 -0.03696003
v 0.02191975 -0.03900542 -0.03886680
v 0.02495041 -0.03909373 -0.03758365
v 0.02550860 -0.03904088 -0.03317174
v 0.02479673 0.04103828 -0.03236244
v 0.02596165 0.04106398 -0.03533923
v 0.02323665 0.04104604 -0.03872292
v 0.01844906 0.04103403 -0.03655113
v 0.01873339 0.04107599 -0.03276952
v 0.02068369 0.04117372 -0.03106536
v 0.02051979 0.04275245 -0.03139314
v 0.02447023 0.04273879 -0.03798848
v 0.02560534 0.04278971 -0.03438751
v 0.02196982 0.04271409 -0.03896515
v 0.01838138 0.04271650 -0.03653793
v 0.01812729 0.04271020 -0.03438567
v 0.02370468 0.04278132 -0.03167644
v 0.01860175 0.04222190 -0.03227176
v 0.01769873 0.04168875 -0.03493500
v 0.02147250 0.04199446 -0.03936511
v 0.02417743 0.04210756 -0.03873249
v 0.02551884 0.04164840 -0.03747622
v 0.02611819 0.04235483 -0.03613319
v 0.02628940 0.04220957 -0.03469513
v 0.02574202 0.04218557 -0.03282894
v 0.02414007 0.04174919 -0.03116509
v 0.02216903 0.04218549 -0.03066945
v 0.01828898 0.04166785 -0.03718662
v 0.02001177 0.04120114 -0.03846524
v 0.01935496 0.04219382 -0.03839862
v 0.01776873 -0.04015914 -0.03423058
v 0.01864466 -0.04007678 -0.03215250
v 0.02599496 -0.03981161 -0.03313480
v 0.02308380 -0.03973217 -0.03922984
v 0.02161269 -0.03964621 -0.03065063
v 0.02403396 -0.03966276 -0.03119007
v 0.02622998 -0.03960010 -0.03595798
v 0.02529742 -0.03998161 -0.03776920
v 0.02089609 -0.03964840 -0.03915876
v 0.01897899 -0.03969969 -0.03815988
v 0.01777030 -0.03963223 -0.03584848
v -0.03874220 0.04100000 -0.01807810
v -0.03713323 0.04100000 -0.01572020
v -0.03474054 0.04100000 -0.01567097
v -0.03338067 0.04100000 -0.01838692
v -0.03592191 0.04100000 -0.02074220
v -0.03401695 -0.04079635 -0.02134175
v -0.03925893 -0.04074568 -0.02011876
v -0.03891205 -0.04072733 -0.01539716
v -0.03764319 -0.04069805 -0.02154313
v -0.03289919 -0.04070297 -0.01559187
v -0.03190086 -0.04061014 -0.01781988
v -0.03536553 -0.04072205 -0.01409016
v -0.03825740 -0.03900566 -0.01485972
v -0.03994853 -0.03909958 -0.01879034
v -0.03748978 -0.03902580 -0.02137851
v -0.03490460 -0.03908555 -0.02181244
v -0.03233245 -0.03915342 -0.01970798
v -0.03273026 -0.03901523 -0.01601229
v -0.03377644 0.04103189 -0.01459514
v -0.03228818 0.04102354 -0.01843907
v -0.03365243 0.04103911 -0.02114897
v -0.03874865 0.04102437 -0.02065944
v -0.03880762 0.04102549 -0.01542812
v -0.03216840 0.04274071 -0.01729539
v -0.03418717 0.04270427 -0.02151351
v -0.03240934 0.04271376 -0.01968891
v -0.03736233 0.04270305 -0.02169962
v -0.03952326 0.04273028 -0.01990553
v -0.03856465 0.04270421 -0.01500806
v -0.03681286 0.04273033 -0.01418693
v -0.03376783 0.04268690 -0.01476545
v -0.03245043 0.04206960 -0.01553121
v -0.03362010 0.04140298 -0.01451349
v -0.03511515 0.04219316 -0.01378425
v -0.03686448 0.04143402 -0.01382809
v -0.03945802 0.04166256 -0.01527883
v -0.03456838 0.04211346 -0.02218460
v -0.03672408 0.04139544 -0.02218056
v -0.03204321 0.04169304 -0.01978001
v -0.03176898 0.04165341 -0.01716499
v -0.04024693 0.04140452 -0.01798091
v -0.03975751 0.04168875 -0.02009435
v -0.03846063 0.04155391 -0.02148868
v -0.03995405 0.04256665 -0.01702669
v -0.04002507 -0.04057486 -0.01758506
v -0.03811816 -0.04016525 -0.01422395
v -0.03196198 -0.04015024 -0.01943917
v -0.03530611 -0.04010484 -0.02232905
v -0.04017525 -0.04010697 -0.01917980
v -0.03996387 -0.03971387 -0.01620045
v -0.03559718 -0.03952108 -0.01367414
v -0.03303268 -0.03966975 -0.01481556
v -0.03295037 -0.03964840 -0.02103539
v -0.03834960 -0.03958020 -0.02168241
v -0.03181290 -0.03957187 -0.01715682
f 1 2 3
f 4 5 6
f 4 7 5
f 7 4 8
f 9 10 11
f 9 11 12
f 12 11 13
f 13 14 12
f 14 13 15
f 14 15 16
f 16 15 17
f 16 17 18
f 18 17 19
f 18 19 20
f 20 19 21
f 20 21 22
f 22 21 23
f 24 25 23
f 23 25 22
f 26 27 25
f 26 25 24
f 28 29 27
f 28 27 26
f 29 28 30
f 29 30 31
f 31 30 32
f 30 33 32
f 32 33 34
f 34 33 6
f 6 33 4
f 35 36 37
f 37 36 38
f 38 7 8
f 39 36 40
f 39 7 38
f 39 38 36
f 8 41 38
f 42 32 43
f 42 43 44
f 44 43 45
f 44 45 46
f 32 34 43
f 45 43 47
f 48 49 50
f 50 49 51
f 51 49 52
f 51 52 53
f 52 54 53
f 53 54 55
f 56 57 55
f 56 55 54
f 57 56 58
f 58 56 59
f 58 59 60
f 60 59 61
f 61 59 62
f 61 63 64
f 64 63 65
f 64 65 66
f 66 65 67
f 66 67 68
f 68 67 69
f 68 69 70
f 70 69 71
f 70 71 72
f 73 74 75
f 48 50 76
f 48 76 74
f 74 76 77
f 74 77 75
f 61 62 63
f 36 35 78
f 35 79 78
f 40 36 78
f 40 78 75
f 75 78 73
f 73 78 80
f 81 50 82
f 81 82 46
f 81 46 45
f 81 45 47
f 83 84 85
f 86 87 88
f 89 90 91
f 92 93 94
f 95 93 96
f 93 97 91
f 98 99 87
f 87 99 90
f 87 97 98
f 98 97 93
f 98 93 100
f 94 101 92
f 92 101 102
f 92 102 93
f 93 103 94
f 98 93 104
f 99 98 91
f 99 91 90
f 89 97 90
f 90 97 88
f 90 88 86
f 86 87 105
f 87 105 106
f 86 87 90
f 90 87 89
f 107 108 109
f 108 110 107
f 107 110 111
f 107 111 108
f 88 86 97
f 106 109 105
f 105 109 86
f 86 109 106
f 86 106 88
f 89 97 88
f 107 108 83
f 89 107 109
f 109 107 83
f 109 83 85
f 108 111 83
f 112 84 113
f 113 84 83
f 83 111 114
f 114 111 110
f 111 110 108
f 87 88 97
f 87 97 89
f 99 91 89
f 109 108 106
f 106 108 107
f 106 107 88
f 88 107 89
f 90 89 109
f 90 109 87
f 87 109 85
f 87 85 97
f 97 85 91
f 91 85 93
f 93 85 95
f 93 95 103
f 104 93 115
f 115 93 102
f 83 114 115
f 115 114 111
f 115 111 110
f 90 91 115
f 115 91 98
f 115 98 104
f 88 97 115
f 115 97 89
f 115 89 90
f 106 87 115
f 115 87 86
f 115 86 88
f 107 109 115
f 115 109 106
f 110 108 115
f 115 108 107
f 83 115 113
f 113 115 85
f 113 85 84
f 116 117 118
f 117 115 119
f 119 115 102
f 117 116 120
f 117 120 115
f 121 118 122
f 121 122 123
f 123 122 124
f 125 126 127
f 127 126 128
f 129 130 131
f 129 131 132
f 133 134 135
f 136 137 138
f 137 139 138
f 140 141 142
f 143 142 141
f 144 145 146
f 139 147 148
f 149 150 151
f 152 153 154
f 155 156 157
f 158 159 156
f 160 159 158
f 161 162 160
f 160 162 163
f 163 162 164
f 164 162 165
f 164 165 166
f 166 165 167
f 167 165 168
f 139 148 138
f 148 169 170
f 161 171 172
f 172 171 138
f 148 170 138
f 138 170 172
f 171 161 160
f 171 160 158
f 144 146 173
f 144 174 145
f 175 176 134
f 134 176 177
f 134 177 178
f 177 176 168
f 168 176 167
f 179 144 178
f 179 178 180
f 180 178 177
f 154 181 152
f 134 182 135
f 154 133 181
f 183 182 134
f 183 141 182
f 133 184 134
f 134 178 183
f 178 144 173
f 178 173 183
f 175 134 184
f 149 185 186
f 187 186 158
f 155 187 158
f 155 152 188
f 188 189 155
f 155 189 187
f 181 188 152
f 138 171 185
f 138 185 149
f 138 149 136
f 136 149 151
f 158 156 155
f 158 185 171
f 173 143 141
f 173 141 183
f 157 152 155
f 158 186 185
f 174 144 179
f 174 179 190
f 191 192 193
f 194 195 196
f 125 197 198
f 191 148 192
f 192 148 147
f 196 199 191
f 199 169 148
f 199 148 191
f 200 201 202
f 202 203 200
f 194 196 191
f 194 191 193
f 194 193 197
f 197 193 204
f 197 204 198
f 198 204 205
f 129 132 206
f 132 207 208
f 209 210 211
f 145 174 210
f 211 210 174
f 212 213 214
f 214 174 190
f 209 211 208
f 209 208 215
f 208 211 216
f 207 215 208
f 216 211 213
f 213 211 174
f 213 174 214
f 217 218 219
f 219 218 220
f 221 222 223
f 224 225 226
f 227 228 229
f 229 228 230
f 223 222 231
f 232 233 234
f 230 235 236
f 236 235 226
f 226 225 236
f 237 227 238
f 229 239 227
f 227 239 238
f 240 232 234
f 241 242 232
f 243 244 241
f 229 243 245
f 244 243 236
f 236 243 229
f 236 229 230
f 242 241 246
f 244 236 246
f 240 231 222
f 240 234 231
f 236 225 246
f 246 225 242
f 242 225 247
f 242 247 233
f 233 247 234
f 233 232 242
f 241 244 246
f 237 238 248
f 249 248 238
f 225 224 248
f 250 251 234
f 250 234 247
f 250 252 251
f 251 252 253
f 250 254 252
f 249 254 248
f 248 254 225
f 251 253 255
f 255 253 256
f 254 250 247
f 254 247 225
f 257 258 259
f 257 260 258
f 261 262 263
f 262 261 264
f 265 266 257
f 259 258 267
f 260 257 266
f 260 266 268
f 260 268 269
f 264 261 270
f 264 270 259
f 259 270 271
f 272 265 271
f 271 257 259
f 264 267 262
f 273 274 275
f 274 276 268
f 268 276 269
f 261 263 277
f 277 263 278
f 279 277 280
f 277 278 280
f 280 278 281
f 271 265 257
f 264 259 267
f 275 282 273
f 282 283 284
f 283 282 275
f 284 283 272
f 285 286 287
f 288 286 285
f 289 288 290
f 291 285 270
f 261 291 270
f 271 270 272
f 291 290 285
f 288 285 290
f 285 287 270
f 270 287 272
f 272 287 284
f 292 293 294
f 292 295 293
f 294 293 296
f 294 296 297
f 297 296 298
f 297 298 299
f 299 298 300
f 299 300 301
f 301 300 295
f 301 295 292
f 302 303 304
f 305 302 304
f 302 305 306
f 306 305 307
f 306 307 308
f 306 308 309
f 309 308 310
f 309 310 303
f 304 303 310
f 311 312 313
f 314 315 293
f 314 293 316
f 315 314 317
f 317 314 318
f 318 319 317
f 317 319 320
f 320 321 317
f 317 321 322
f 321 323 322
f 322 323 324
f 322 324 325
f 325 326 322
f 322 326 327
f 311 313 328
f 328 313 316
f 293 295 316
f 316 295 328
f 329 330 331
f 332 333 334
f 332 335 333
f 336 335 337
f 338 339 340
f 341 338 340
f 337 342 336
f 337 335 332
f 334 343 332
f 342 337 340
f 340 339 329
f 339 344 27
f 27 329 339
f 345 346 347
f 347 346 348
f 347 348 349
f 349 334 347
f 329 331 342
f 329 342 340
f 334 349 343
f 337 332 350
f 337 350 340
f 317 351 352
f 322 351 317
f 353 315 352
f 352 315 317
f 18 354 16
f 354 355 16
f 356 355 352
f 355 356 16
f 355 353 352
f 357 349 348
f 358 357 348
f 358 348 346
f 358 346 359
f 344 25 27
f 25 344 22
f 360 20 22
f 361 20 360
f 18 361 354
f 361 18 20
f 350 332 343
f 362 341 340
f 350 362 340
f 350 343 363
f 350 363 362
f 343 349 357
f 343 357 363
f 326 325 324
f 326 324 364
f 364 324 323
f 364 323 321
f 364 321 320
f 364 320 319
f 364 319 318
f 318 365 364
f 365 318 314
f 365 314 316
f 316 223 365
f 223 316 313
f 223 313 312
f 256 366 367
f 255 256 367
f 366 365 367
f 231 234 251
f 231 251 255
f 365 223 367
f 223 255 367
f 255 223 231
f 368 369 370
f 368 371 369
f 372 373 368
f 368 373 371
f 374 373 375
f 375 373 372
f 376 303 377
f 377 303 374
f 374 303 302
f 302 378 374
f 374 378 373
f 379 380 381
f 382 383 384
f 385 386 387
f 57 388 389
f 381 380 390
f 389 391 392
f 55 57 389
f 379 393 380
f 393 392 391
f 389 384 55
f 393 379 394
f 393 394 392
f 389 392 384
f 379 381 395
f 395 396 379
f 382 384 392
f 382 392 394
f 396 394 379
f 386 385 390
f 390 385 397
f 390 397 381
f 398 373 399
f 400 369 371
f 371 373 398
f 373 378 399
f 401 64 402
f 64 66 402
f 402 66 403
f 398 399 402
f 398 402 403
f 404 405 406
f 386 405 387
f 390 407 386
f 406 405 386
f 406 386 408
f 408 386 407
f 407 390 380
f 393 409 410
f 409 393 391
f 408 407 411
f 411 407 380
f 393 410 380
f 380 410 411
f 412 60 61
f 60 388 58
f 388 57 58
f 64 401 412
f 64 412 61
f 413 368 370
f 375 372 368
f 374 414 377
f 375 368 413
f 375 414 374
f 279 377 414
f 414 415 416
f 415 290 416
f 290 415 289
f 415 414 375
f 290 277 416
f 416 277 279
f 291 261 277
f 291 277 290
f 416 279 414
f 417 418 419
f 420 421 422
f 2 1 421
f 420 423 2
f 420 2 421
f 424 421 425
f 425 421 1
f 426 427 418
f 426 428 427
f 417 426 418
f 429 430 417
f 426 417 431
f 431 417 430
f 432 433 434
f 432 434 435
f 436 437 169
f 423 438 214
f 423 439 3
f 3 439 440
f 3 440 433
f 419 441 436
f 419 436 417
f 417 436 169
f 417 169 429
f 214 190 423
f 429 169 199
f 423 190 439
f 436 441 442
f 442 441 443
f 440 444 433
f 433 444 434
f 442 443 445
f 446 434 444
f 446 447 434
f 442 445 447
f 442 447 446
f 448 449 125
f 449 450 125
f 125 450 197
f 451 194 197
f 451 197 450
f 451 195 194
f 452 196 195
f 195 451 452
f 453 213 454
f 453 216 213
f 455 216 453
f 455 208 216
f 456 206 132
f 456 132 457
f 457 132 208
f 457 208 455
f 457 458 459
f 420 438 423
f 460 461 462
f 463 461 464
f 463 465 461
f 465 462 461
f 466 467 468
f 468 467 464
f 438 469 455
f 438 455 453
f 438 453 454
f 455 470 457
f 471 472 473
f 472 471 470
f 470 471 457
f 457 471 458
f 461 474 475
f 475 476 477
f 478 477 479
f 461 475 464
f 464 475 468
f 466 468 480
f 480 468 481
f 482 475 477
f 483 484 474
f 474 484 485
f 469 486 483
f 474 461 469
f 477 476 487
f 476 475 474
f 483 474 469
f 469 461 488
f 469 438 420
f 470 455 488
f 488 455 469
f 459 456 457
f 486 469 422
f 469 420 422
f 474 485 476
f 461 489 488
f 488 489 472
f 488 472 470
f 459 458 490
f 468 473 481
f 481 473 489
f 478 482 477
f 461 460 489
f 472 489 473
f 491 492 493
f 491 493 494
f 495 496 497
f 495 497 498
f 499 500 501
f 501 500 502
f 503 504 505
f 504 487 506
f 507 506 508
f 491 509 510
f 511 499 501
f 511 501 512
f 513 512 514
f 514 512 501
f 514 501 515
f 515 501 502
f 516 517 515
f 515 502 516
f 502 518 498
f 502 498 519
f 519 498 497
f 518 502 500
f 491 494 497
f 491 497 509
f 496 509 497
f 520 521 522
f 522 523 497
f 507 508 510
f 507 510 509
f 485 524 508
f 524 510 508
f 491 510 492
f 492 510 524
f 494 493 520
f 479 477 487
f 479 525 478
f 526 525 479
f 487 504 503
f 487 503 479
f 508 476 485
f 476 506 487
f 506 476 508
f 524 527 492
f 513 525 526
f 503 526 479
f 503 505 512
f 503 512 526
f 526 512 513
f 505 511 512
f 494 520 522
f 494 522 497
f 497 523 519
f 528 529 450
f 530 531 532
f 533 534 535
f 536 537 538
f 530 533 535
f 530 535 531
f 539 519 530
f 519 539 502
f 502 539 516
f 540 541 542
f 540 542 543
f 543 542 532
f 532 542 530
f 544 545 546
f 450 529 547
f 544 546 541
f 547 546 545
f 548 452 451
f 545 451 450
f 545 450 547
f 450 449 549
f 550 533 551
f 523 550 551
f 552 553 533
f 550 552 533
f 536 548 451
f 548 430 452
f 452 430 429
f 519 523 551
f 552 430 553
f 533 553 534
f 551 533 519
f 553 430 548
f 553 548 536
f 553 536 534
f 530 519 533
f 538 534 536
f 536 544 537
f 451 545 536
f 536 545 544
f 549 528 450
f 537 544 540
f 540 544 541
f 116 554 120
f 555 85 115
f 554 116 556
f 116 557 556
f 120 555 115
f 558 559 560
f 560 559 10
f 558 560 561
f 561 560 562
f 561 562 563
f 563 562 564
f 563 564 565
f 563 565 566
f 566 565 567
f 566 567 568
f 568 567 569
f 568 569 570
f 570 569 571
f 569 572 571
f 572 573 571
f 571 573 574
f 574 573 4
f 23 575 576
f 574 4 577
f 577 4 33
f 577 33 578
f 578 33 30
f 578 30 579
f 579 30 580
f 580 30 28
f 580 28 581
f 581 28 26
f 581 26 576
f 576 26 24
f 576 24 23
f 575 23 21
f 575 21 582
f 582 21 19
f 582 19 583
f 583 19 584
f 584 19 17
f 584 17 585
f 17 15 585
f 585 15 586
f 586 15 13
f 586 13 587
f 13 11 587
f 587 11 10
f 587 10 559
f 588 222 589
f 589 222 221
f 589 221 311
f 311 221 223
f 312 311 223
f 448 590 449
f 449 590 591
f 591 590 592
f 322 327 592
f 592 327 591
f 557 593 556
f 556 593 594
f 595 554 593
f 593 554 594
f 595 596 554
f 597 596 595
f 597 598 596
f 597 599 598
f 245 600 599
f 245 599 597
f 600 245 243
f 243 342 600
f 243 336 342
f 336 243 241
f 336 241 335
f 335 241 333
f 333 241 232
f 232 601 333
f 601 232 240
f 601 240 347
f 240 602 347
f 240 222 602
f 602 222 588
f 8 4 573
f 8 573 41
f 41 573 572
f 41 572 603
f 569 603 572
f 569 604 603
f 604 569 605
f 565 606 607
f 565 607 567
f 567 607 605
f 562 608 564
f 564 608 606
f 562 609 608
f 609 562 560
f 560 610 609
f 560 10 9
f 9 610 560
f 564 606 565
f 569 567 605
f 611 590 448
f 322 592 612
f 612 592 590
f 356 352 351
f 590 611 610
f 610 611 609
f 612 613 322
f 613 351 322
f 14 356 12
f 613 9 12
f 590 610 9
f 590 9 612
f 612 9 613
f 14 16 356
f 351 613 12
f 351 12 356
f 614 29 31
f 31 555 614
f 614 555 599
f 27 615 329
f 614 615 29
f 615 614 329
f 329 614 330
f 615 27 29
f 103 95 555
f 555 95 85
f 555 102 101
f 555 101 92
f 92 94 555
f 555 94 103
f 31 32 42
f 102 555 31
f 119 31 42
f 119 102 31
f 120 598 555
f 555 598 599
f 330 614 599
f 516 570 571
f 541 546 563
f 529 561 547
f 547 561 563
f 547 563 546
f 541 563 566
f 528 616 558
f 528 558 561
f 529 528 561
f 574 617 618
f 574 618 571
f 539 570 516
f 530 568 570
f 530 570 539
f 618 517 571
f 571 517 516
f 616 559 558
f 530 542 568
f 568 542 566
f 566 542 541
f 591 619 449
f 619 591 620
f 620 591 327
f 620 327 326
f 528 549 449
f 528 449 619
f 528 619 616
f 364 621 620
f 622 366 623
f 366 256 623
f 622 623 621
f 622 621 364
f 621 624 620
f 364 365 622
f 622 365 366
f 620 326 364
f 620 624 619
f 619 624 616
f 238 576 249
f 580 625 626
f 576 238 581
f 581 238 625
f 581 625 580
f 627 628 578
f 578 628 617
f 578 617 577
f 627 578 579
f 627 579 626
f 626 579 580
f 559 616 624
f 559 624 587
f 623 587 621
f 621 587 624
f 584 256 253
f 256 584 585
f 585 623 256
f 253 252 583
f 583 252 582
f 582 252 575
f 575 252 254
f 253 583 584
f 585 586 623
f 623 586 587
f 617 574 577
f 249 576 575
f 249 575 254
f 629 630 626
f 625 238 239
f 239 229 245
f 239 245 629
f 629 626 625
f 629 625 239
f 626 630 627
f 630 597 631
f 632 628 631
f 631 628 627
f 631 627 630
f 633 632 631
f 595 634 633
f 595 633 597
f 597 633 631
f 634 595 593
f 630 629 245
f 597 630 245
f 635 636 637
f 638 635 637
f 632 633 635
f 635 633 636
f 639 515 517
f 639 517 618
f 640 639 618
f 641 515 639
f 514 515 641
f 641 639 642
f 642 639 637
f 628 632 638
f 628 638 617
f 618 617 640
f 640 617 638
f 632 635 638
f 640 638 637
f 640 637 639
f 643 35 37
f 644 643 645
f 645 643 37
f 645 37 603
f 189 645 603
f 37 38 41
f 37 41 603
f 557 116 646
f 646 116 647
f 647 116 121
f 116 118 121
f 71 648 649
f 649 648 650
f 650 648 651
f 650 651 652
f 652 653 650
f 654 655 652
f 652 655 653
f 656 657 658
f 656 658 659
f 659 658 654
f 654 658 655
f 660 661 662
f 660 662 656
f 656 662 657
f 663 661 660
f 664 665 663
f 663 665 661
f 664 74 665
f 664 666 74
f 74 666 48
f 48 666 49
f 49 666 667
f 49 667 52
f 52 667 668
f 52 668 54
f 54 668 56
f 56 668 669
f 56 669 670
f 56 670 59
f 59 670 671
f 59 671 62
f 62 671 672
f 62 672 63
f 63 672 673
f 63 673 674
f 63 674 65
f 65 674 675
f 65 675 67
f 67 675 676
f 67 676 69
f 69 676 677
f 69 677 71
f 677 678 71
f 648 71 678
f 279 679 376
f 279 376 377
f 679 279 280
f 679 280 680
f 680 280 281
f 206 456 681
f 681 456 682
f 683 684 682
f 682 684 681
f 370 369 683
f 683 369 684
f 685 686 687
f 687 686 688
f 688 686 689
f 688 689 646
f 646 689 557
f 557 689 593
f 690 260 691
f 691 260 692
f 691 692 685
f 691 685 693
f 693 685 687
f 281 694 680
f 278 694 281
f 278 385 694
f 263 695 278
f 278 695 385
f 695 263 397
f 397 263 262
f 397 262 267
f 397 267 696
f 696 267 258
f 696 258 697
f 697 258 382
f 382 258 260
f 382 260 690
f 72 71 649
f 72 649 698
f 698 649 699
f 699 649 650
f 699 650 700
f 700 650 653
f 700 653 655
f 700 655 701
f 702 657 662
f 702 662 703
f 703 662 661
f 661 80 703
f 665 80 661
f 80 665 73
f 74 73 665
f 704 701 658
f 658 701 655
f 657 702 704
f 657 704 658
f 705 684 400
f 400 684 369
f 72 705 400
f 72 400 70
f 371 398 706
f 371 706 400
f 698 206 681
f 698 681 684
f 698 684 705
f 705 72 698
f 68 403 66
f 70 706 68
f 68 706 403
f 70 400 706
f 403 706 398
f 707 708 51
f 51 53 707
f 707 53 55
f 707 55 384
f 123 708 121
f 122 118 708
f 123 122 708
f 82 50 51
f 51 708 709
f 709 82 51
f 709 708 118
f 708 691 121
f 691 708 383
f 383 707 384
f 383 708 707
f 651 458 652
f 651 490 458
f 471 654 652
f 654 473 659
f 471 473 654
f 490 651 648
f 652 458 471
f 482 660 656
f 660 478 663
f 663 478 710
f 663 710 664
f 664 710 711
f 468 475 656
f 656 475 482
f 482 478 660
f 468 656 659
f 648 712 490
f 473 468 659
f 682 456 459
f 713 370 683
f 713 683 714
f 415 375 715
f 716 415 715
f 490 712 714
f 682 459 714
f 682 714 683
f 415 716 289
f 370 713 413
f 490 714 459
f 712 717 714
f 714 717 713
f 713 717 715
f 713 715 413
f 413 715 375
f 668 718 669
f 669 718 273
f 669 273 282
f 669 282 670
f 668 719 718
f 666 720 667
f 666 711 721
f 666 721 720
f 667 720 719
f 667 719 668
f 712 648 678
f 712 678 717
f 678 677 717
f 717 677 715
f 676 715 677
f 674 288 289
f 674 289 675
f 675 289 716
f 674 673 288
f 673 672 286
f 673 286 288
f 287 672 671
f 672 287 286
f 675 716 676
f 676 716 715
f 666 664 711
f 287 671 284
f 670 282 284
f 670 284 671
f 719 722 718
f 718 276 273
f 692 722 723
f 722 276 718
f 722 692 269
f 719 723 722
f 722 269 276
f 276 274 273
f 723 719 720
f 724 723 720
f 724 725 723
f 725 634 686
f 685 723 725
f 633 634 725
f 686 685 725
f 593 689 634
f 634 689 686
f 260 269 692
f 685 692 723
f 513 514 641
f 525 726 478
f 726 710 478
f 727 711 710
f 727 710 726
f 711 727 721
f 636 728 729
f 633 725 636
f 725 724 636
f 636 724 728
f 726 641 642
f 729 642 637
f 728 727 729
f 729 727 642
f 642 727 726
f 726 513 641
f 636 729 637
f 728 720 721
f 724 720 728
f 728 721 727
f 726 525 513
f 135 703 730
f 643 730 79
f 79 80 78
f 703 80 79
f 730 643 644
f 730 703 79
f 79 35 643
f 133 135 181
f 730 644 181
f 181 135 730
f 181 644 188
f 189 603 187
f 644 645 189
f 189 188 644
f 125 127 448
f 607 203 150
f 200 606 201
f 201 606 608
f 606 200 203
f 606 203 607
f 150 605 607
f 605 186 604
f 605 150 149
f 127 608 448
f 609 611 448
f 609 448 608
f 608 127 201
f 187 603 604
f 187 604 186
f 605 149 186
f 731 701 140
f 701 704 140
f 140 704 141
f 702 182 141
f 141 704 702
f 218 700 701
f 218 701 220
f 220 701 731
f 700 129 699
f 206 698 699
f 702 703 135
f 702 135 182
f 217 129 700
f 217 700 218
f 129 206 699
f 180 177 168
f 169 437 170
f 527 524 484
f 527 484 732
f 524 485 484
f 422 484 483
f 483 486 422
f 421 424 732
f 421 732 422
f 422 732 484
f 447 732 733
f 447 733 434
f 434 733 435
f 732 447 527
f 445 520 493
f 445 493 447
f 447 493 527
f 520 445 521
f 445 734 521
f 445 443 734
f 734 443 441
f 734 441 735
f 428 426 431
f 428 431 552
f 552 431 430
f 550 736 552
f 552 736 428
f 550 521 736
f 522 550 523
f 521 550 522
f 737 738 739
f 168 738 180
f 180 737 179
f 179 740 190
f 740 179 739
f 739 179 737
f 737 180 738
f 741 740 739
f 742 743 170
f 744 440 439
f 744 439 745
f 745 740 741
f 745 741 744
f 745 439 190
f 745 190 740
f 444 440 744
f 741 446 444
f 446 739 746
f 739 446 741
f 741 444 744
f 446 746 442
f 442 746 747
f 748 442 747
f 749 442 748
f 749 436 442
f 436 742 437
f 437 742 170
f 436 749 742
f 749 748 742
f 742 748 750
f 742 750 743
f 748 747 751
f 751 752 750
f 751 750 748
f 753 747 746
f 162 754 165
f 165 754 753
f 165 753 755
f 165 755 168
f 168 755 738
f 162 751 754
f 747 754 751
f 753 746 755
f 755 746 739
f 755 739 738
f 754 747 753
f 743 172 170
f 752 172 750
f 750 172 743
f 751 162 752
f 752 162 161
f 752 161 172
f 419 418 441
f 441 418 735
f 756 3 433
f 756 433 432
f 213 212 454
f 454 212 438
f 214 438 212
f 199 196 429
f 452 429 196
f 757 758 378
f 378 759 757
f 760 758 761
f 761 758 757
f 762 388 760
f 760 388 758
f 388 762 763
f 764 388 763
f 765 389 764
f 764 389 388
f 389 765 766
f 767 389 766
f 768 389 767
f 769 391 770
f 770 391 768
f 768 391 389
f 771 772 391
f 771 391 769
f 773 391 772
f 774 409 773
f 773 409 391
f 775 776 409
f 775 409 774
f 303 776 309
f 309 776 775
f 309 775 774
f 309 774 773
f 309 773 772
f 309 772 771
f 309 771 769
f 309 769 770
f 309 770 768
f 309 768 767
f 309 767 306
f 306 767 766
f 306 766 765
f 306 765 764
f 306 764 763
f 306 763 762
f 306 762 760
f 306 760 761
f 306 761 757
f 306 757 759
f 306 759 378
f 306 378 302
f 776 303 777
f 776 778 409
f 409 778 410
f 401 399 758
f 401 758 412
f 758 399 378
f 341 779 780
f 341 780 338
f 338 780 781
f 338 781 339
f 781 344 339
f 782 344 781
f 782 783 344
f 782 315 783
f 315 296 293
f 300 784 295
f 298 781 300
f 300 781 780
f 300 780 784
f 296 315 782
f 296 782 298
f 298 782 781
f 783 315 353
f 783 353 354
f 341 785 779
f 310 786 272
f 305 304 283
f 283 304 272
f 272 304 310
f 305 283 787
f 305 787 307
f 307 787 788
f 307 788 308
f 308 788 789
f 308 789 310
f 310 789 786
f 787 283 275
f 789 265 786
f 789 266 265
f 788 266 789
f 788 268 266
f 788 274 268
f 787 274 788
f 787 275 274
f 292 248 224
f 301 292 790
f 248 292 294
f 292 224 790
f 301 790 791
f 301 791 299
f 294 792 248
f 299 791 793
f 299 793 297
f 297 793 792
f 297 792 294
f 237 792 227
f 227 792 793
f 227 793 228
f 791 228 793
f 228 791 230
f 235 230 791
f 791 790 226
f 226 235 791
f 3 756 1
f 784 328 295
f 359 346 328
f 359 328 784
f 311 328 346
f 346 589 311
f 588 589 794
f 794 589 345
f 345 589 346
f 602 794 345
f 602 588 794
f 600 331 330
f 331 600 342
f 334 333 601
f 601 347 334
f 345 347 602
f 598 120 596
f 330 599 600
f 554 556 594
f 120 554 596
f 647 688 646
f 687 688 647
f 121 687 647
f 693 687 121
f 691 693 121
f 690 691 383
f 694 387 680
f 382 690 383
f 396 697 394
f 394 697 382
f 696 697 396
f 696 396 395
f 397 696 381
f 381 696 395
f 385 695 397
f 387 694 385
f 387 405 679
f 679 405 376
f 680 387 679
f 777 303 376
f 405 404 376
f 376 404 777
f 207 131 215
f 215 131 795
f 131 207 132
f 796 797 798
f 140 799 796
f 140 796 798
f 800 798 797
f 800 801 798
f 798 801 802
f 798 802 803
f 804 803 802
f 805 806 803
f 805 803 807
f 807 803 804
f 808 130 806
f 808 806 805
f 808 809 130
f 130 809 810
f 130 810 131
f 131 810 811
f 131 812 795
f 131 811 813
f 131 813 812
f 814 812 813
f 815 812 814
f 816 817 815
f 815 817 812
f 818 817 816
f 819 820 818
f 818 820 817
f 821 820 819
f 822 820 821
f 823 824 822
f 822 824 820
f 825 824 823
f 826 824 825
f 827 146 828
f 828 146 826
f 826 146 824
f 829 830 827
f 827 830 146
f 831 830 829
f 832 830 831
f 833 173 832
f 832 173 830
f 143 173 834
f 834 173 833
f 143 834 835
f 836 143 835
f 837 142 836
f 142 143 836
f 838 142 837
f 839 140 838
f 838 140 142
f 799 140 839
f 219 806 217
f 217 806 130
f 129 217 130
f 840 841 842
f 843 844 126
f 126 844 845
f 126 845 128
f 128 845 846
f 128 846 847
f 128 847 848
f 849 848 847
f 850 851 849
f 849 851 848
f 852 851 850
f 853 851 852
f 854 851 853
f 841 840 854
f 854 840 851
f 855 840 842
f 856 150 855
f 855 150 840
f 150 856 857
f 858 151 150
f 858 150 857
f 151 858 859
f 136 151 860
f 860 151 859
f 137 136 861
f 861 136 860
f 862 137 863
f 863 137 861
f 864 865 139
f 864 139 137
f 864 137 862
f 866 867 139
f 866 139 865
f 868 869 870
f 870 869 139
f 870 139 867
f 871 872 873
f 871 873 869
f 871 869 868
f 874 875 876
f 874 876 873
f 874 873 872
f 877 878 876
f 877 876 875
f 879 880 878
f 878 880 876
f 881 882 879
f 879 882 880
f 126 883 882
f 126 882 843
f 843 882 884
f 884 882 881
f 125 198 126
f 126 198 883
f 883 198 205
f 127 128 848
f 848 202 201
f 848 201 127
f 885 837 836
f 885 836 835
f 885 835 834
f 885 834 833
f 885 833 886
f 886 833 832
f 886 832 831
f 886 831 829
f 886 829 827
f 886 827 828
f 886 828 826
f 886 826 825
f 886 825 823
f 886 823 887
f 887 823 822
f 887 822 821
f 887 821 819
f 887 819 818
f 887 818 816
f 887 816 815
f 887 815 888
f 888 815 814
f 888 814 813
f 888 813 811
f 888 811 810
f 888 810 809
f 888 809 808
f 888 808 805
f 888 805 807
f 888 807 889
f 889 807 804
f 889 804 802
f 889 802 801
f 889 801 800
f 889 800 797
f 889 797 796
f 889 796 799
f 889 799 839
f 889 839 885
f 885 839 838
f 885 838 837
f 890 884 891
f 891 884 881
f 891 881 879
f 891 879 878
f 891 878 877
f 891 877 875
f 891 875 874
f 891 874 872
f 891 872 871
f 891 871 868
f 891 868 870
f 891 870 892
f 892 870 867
f 892 867 866
f 892 866 865
f 892 865 864
f 892 864 862
f 892 862 863
f 892 863 861
f 892 861 860
f 892 860 893
f 893 860 859
f 893 859 858
f 893 858 857
f 893 857 856
f 893 856 855
f 893 855 842
f 893 842 841
f 893 841 890
f 890 841 854
f 890 854 853
f 890 853 852
f 890 852 850
f 890 850 849
f 890 849 847
f 890 847 846
f 890 846 845
f 890 845 844
f 890 844 843
f 890 843 884
f 894 893 890
f 894 890 895
f 895 890 896
f 896 890 891
f 896 891 897
f 897 891 898
f 898 891 892
f 898 892 894
f 894 892 893
f 899 889 900
f 900 889 885
f 900 885 886
f 900 886 901
f 901 886 887
f 901 887 902
f 902 887 888
f 902 888 889
f 902 889 899
f 900 903 899
f 899 903 904
f 899 904 902
f 902 904 905
f 902 905 901
f 901 905 906
f 901 906 900
f 900 906 907
f 900 907 903
f 466 904 903
f 466 903 467
f 903 464 467
f 907 463 903
f 903 463 464
f 463 907 465
f 906 465 907
f 465 906 908
f 906 909 908
f 910 909 905
f 905 909 906
f 905 911 910
f 905 912 911
f 904 913 905
f 905 913 912
f 904 480 913
f 904 466 480
f 896 914 895
f 895 914 915
f 895 915 894
f 894 915 916
f 894 916 917
f 894 917 898
f 898 917 918
f 898 918 897
f 897 918 919
f 897 919 896
f 896 919 914
f 920 921 914
f 916 915 543
f 543 915 922
f 915 921 923
f 915 923 922
f 914 921 915
f 914 924 920
f 924 914 925
f 919 925 914
f 919 926 925
f 918 926 919
f 927 926 918
f 927 918 535
f 535 918 917
f 535 917 531
f 916 531 917
f 532 531 916
f 916 543 532
f 354 353 355
f 361 360 354
f 354 360 783
f 360 22 783
f 783 22 344
f 362 785 341
f 363 785 362
f 363 357 785
f 358 785 357
f 779 785 358
f 779 358 359
f 779 784 780
f 359 784 779
f 776 777 404
f 404 406 776
f 778 776 406
f 778 406 408
f 408 411 778
f 411 410 778
f 60 758 388
f 60 412 758
f 402 399 401
f 202 848 851
f 851 203 202
f 203 851 840
f 150 203 840
f 139 869 147
f 883 205 928
f 929 883 928
f 882 883 929
f 882 929 880
f 204 928 205
f 204 929 928
f 880 192 876
f 876 192 873
f 204 880 929
f 192 147 873
f 204 193 880
f 880 193 192
f 873 147 869
f 803 806 731
f 731 806 219
f 731 219 220
f 798 803 731
f 731 140 798
f 824 146 145
f 830 173 146
f 215 795 930
f 820 824 931
f 812 817 932
f 820 931 817
f 812 930 795
f 824 145 931
f 817 931 933
f 812 932 930
f 817 933 932
f 930 934 215
f 932 933 930
f 933 931 209
f 931 145 210
f 933 209 930
f 931 210 209
f 930 209 934
f 934 209 215
f 156 935 157
f 157 935 936
f 935 156 937
f 937 156 159
f 937 159 938
f 938 159 939
f 938 939 940
f 940 941 495
f 495 941 496
f 496 941 942
f 943 944 945
f 945 944 509
f 945 509 942
f 942 509 496
f 944 943 946
f 946 943 947
f 948 946 947
f 949 950 948
f 948 950 946
f 949 175 951
f 951 175 952
f 175 184 952
f 952 184 953
f 953 184 133
f 154 953 133
f 157 936 152
f 152 936 954
f 152 954 153
f 153 954 953
f 947 167 176
f 943 167 947
f 947 176 948
f 948 176 949
f 949 176 175
f 945 942 164
f 164 942 955
f 164 955 163
f 945 164 166
f 943 945 166
f 943 166 167
f 154 153 953
f 940 939 941
f 160 163 941
f 941 163 955
f 939 160 941
f 159 160 939
f 941 955 942
f 940 495 498
f 498 518 937
f 937 518 956
f 940 498 938
f 938 498 937
f 935 937 956
f 957 935 956
f 957 956 500
f 500 956 518
f 936 935 957
f 936 957 500
f 954 936 499
f 499 936 500
f 958 954 499
f 958 499 511
f 505 958 511
f 953 954 958
f 953 958 505
f 959 953 505
f 959 505 504
f 509 944 507
f 959 504 960
f 960 504 961
f 946 507 944
f 953 959 960
f 952 960 961
f 952 961 951
f 951 961 506
f 951 506 949
f 949 506 950
f 950 506 507
f 504 506 961
f 507 946 950
f 952 953 960
f 962 963 964
f 965 966 967
f 967 966 968
f 968 962 967
f 967 962 964
f 963 969 964
f 964 969 970
f 971 966 965
f 972 973 970
f 973 972 971
f 973 971 965
f 972 970 969
f 42 973 974
f 974 973 965
f 974 965 975
f 976 977 978
f 978 979 980
f 978 977 979
f 979 981 980
f 975 982 983
f 984 985 974
f 975 983 974
f 974 983 984
f 977 976 985
f 985 976 974
f 980 981 975
f 975 981 982
f 964 978 980
f 964 980 967
f 965 967 975
f 975 967 980
f 986 987 988
f 989 990 991
f 992 993 986
f 986 993 987
f 986 988 994
f 988 995 994
f 996 994 995
f 990 993 992
f 997 989 991
f 991 990 992
f 997 996 989
f 994 996 997
f 992 998 991
f 991 998 999
f 1000 1001 1002
f 1002 1001 1003
f 1002 1003 1004
f 1003 1005 1004
f 1006 1007 998
f 999 1008 1009
f 999 1009 1000
f 998 1007 1008
f 998 1008 999
f 1004 1005 998
f 998 1005 1006
f 1001 1000 1009
f 1004 986 1002
f 1002 986 994
f 992 986 998
f 998 986 1004
f 46 82 964
f 46 964 970
f 973 44 970
f 46 970 44
f 973 42 44
f 974 117 119
f 117 974 976
f 117 976 118
f 978 118 976
f 118 978 709
f 7 991 5
f 40 997 39
f 39 997 7
f 7 997 991
f 75 77 994
f 994 40 75
f 997 40 994
f 1000 1002 81
f 1002 76 81
f 81 76 50
f 47 1000 81
f 34 6 999
f 999 1000 43
f 999 43 34
f 43 1000 47
f 994 77 1002
f 1002 77 76
f 5 991 6
f 6 991 999
f 119 42 974
f 978 964 82
f 978 82 709
f 1005 987 1006
f 1006 987 993
f 1006 993 1007
f 1007 993 990
f 1007 990 1008
f 1008 990 989
f 1008 989 1009
f 1009 989 1001
f 1001 989 996
f 1001 996 995
f 1001 995 1003
f 1003 995 988
f 1003 988 987
f 1003 987 1005
f 977 969 963
f 977 963 979
f 979 963 962
f 979 962 968
f 979 968 981
f 985 972 977
f 977 972 969
f 982 966 983
f 983 966 971
f 983 971 984
f 984 971 972
f 984 972 985
f 981 968 982
f 982 968 966
f 3 2 423
f 425 1 756
f 756 432 425
f 425 432 424
f 424 432 435
f 424 733 732
f 424 435 733
f 493 492 527
f 734 736 521
f 428 736 734
f 734 735 428
f 427 428 735
f 735 418 427
f 265 272 786
f 224 226 790
f 792 237 248
f 540 923 537
f 538 926 534
f 923 920 537
f 537 920 1010
f 540 922 923
f 534 927 535
f 543 922 540
f 534 926 927
f 537 1010 925
f 537 925 538
f 923 921 920
f 920 924 1010
f 538 925 926
f 924 925 1010
f 481 913 480
f 465 908 462
f 460 1011 489
f 481 912 913
f 460 909 1011
f 462 908 460
f 908 909 460
f 909 910 1011
f 1011 910 489
f 489 910 911
f 481 489 911
f 481 911 912
f 1012 1013 1014
f 1015 1016 1013
f 1017 1018 1019
f 1020 1016 1015
f 1017 1019 1020
f 1021 1018 1012
f 1012 1018 1017
f 1012 1014 1021
f 1015 1013 1012
f 1017 1020 1015
f 1022 1023 1024
f 1024 1023 1025
f 1026 1027 1022
f 1022 1028 1023
f 1022 1027 1028
f 1026 1029 1027
f 1030 1031 1026
f 1026 1031 1029
f 1024 1025 1030
f 1030 1025 1031
f 1019 1027 1029
f 1027 1019 1032
f 1018 1028 1027
f 1018 1027 1032
f 1028 1018 1021
f 1033 1023 1028
f 1033 1028 1021
f 1014 1023 1033
f 1023 1014 1013
f 1023 1013 1025
f 1034 1025 1013
f 1025 1034 1031
f 1034 1016 1031
f 1035 1031 1016
f 1020 1029 1031
f 1020 1031 1035
f 1036 1029 1020
f 1029 1036 1019
f 1026 1037 1038
f 1026 1038 1030
f 1030 1038 1039
f 1030 1039 1024
f 1024 1039 1040
f 1024 1040 1022
f 1022 1040 1041
f 1022 1041 1037
f 1022 1037 1026
f 1037 1041 1040
f 1037 1039 1038
f 1040 1039 1037
f 1042 1012 1043
f 1042 1015 1012
f 1044 1015 1042
f 1044 1017 1015
f 1043 1017 1044
f 1043 1012 1017
f 1045 1044 1042
f 1042 1043 1045
f 1043 1044 1045
f 1032 1019 1018
f 1035 1016 1020
f 1020 1019 1036
f 1034 1013 1016
f 1033 1021 1014
f 1046 1047 1048
f 1048 1047 1049
f 1050 1051 1052
f 1050 1052 1053
f 1050 1053 1054
f 1055 1056 1057
f 1057 1056 1058
f 1059 1060 1061
f 1062 1059 1061
f 1063 1064 1065
f 1065 1064 1066
f 1067 1068 1069
f 1070 1071 1069
f 1070 1069 1072
f 1073 1072 1057
f 1074 1055 1072
f 1072 1055 1057
f 1061 1075 1076
f 1062 1061 1065
f 1065 1061 1076
f 1065 1076 1063
f 1077 1078 1079
f 1078 1080 1079
f 1081 1082 1079
f 1079 1082 1083
f 1083 1082 1084
f 1083 1084 1085
f 1085 1086 1087
f 1087 1086 1078
f 1086 1088 1078
f 1078 1088 1080
f 1081 1079 1080
f 1087 1089 1083
f 1083 1085 1087
f 1089 1087 1090
f 1091 1092 1093
f 1093 1092 1094
f 1095 1096 1097
f 1095 1097 1098
f 1099 1100 1101
f 1092 1102 1094
f 1103 1104 1105
f 1106 1107 1108
f 1099 1109 1110
f 1111 1112 1099
f 1099 1112 1113
f 1114 1100 1115
f 1092 1100 1114
f 1109 1116 1110
f 1110 1111 1099
f 1100 1113 1115
f 1113 1100 1099
f 1117 1118 1119
f 1117 1119 1120
f 1121 1122 1123
f 1124 1121 1123
f 1124 1123 1125
f 1124 1125 1126
f 1126 1117 1124
f 1117 1126 1127
f 1117 1127 1118
f 1128 1119 1129
f 1129 1119 1118
f 1090 1130 1089
f 1089 1130 1131
f 1089 1131 1132
f 1089 1132 1083
f 1083 1132 1133
f 1083 1133 1134
f 1083 1134 1079
f 1079 1134 1135
f 1135 1136 1079
f 1079 1136 1077
f 1077 1136 1137
f 1138 1139 1140
f 1138 1140 1077
f 1138 1077 1137
f 1090 1087 1141
f 1090 1141 1142
f 1143 1144 1129
f 1145 1146 1147
f 1148 1149 1147
f 1150 1151 1148
f 1152 1149 1148
f 1150 1148 1146
f 1146 1148 1147
f 1153 1154 1155
f 1156 1152 1148
f 1156 1148 1151
f 1153 1151 1150
f 1153 1150 1154
f 1119 1128 1149
f 1120 1119 1157
f 1157 1119 1152
f 1119 1149 1152
f 1121 1124 1117
f 1121 1117 1120
f 1158 1159 1160
f 1158 1160 1161
f 1162 1161 1160
f 1163 1162 1160
f 1164 1165 1166
f 1165 1167 1166
f 1166 1167 1160
f 1160 1167 1168
f 1160 1168 1163
f 1163 1168 1169
f 1163 1169 1170
f 1170 1169 1171
f 1170 1171 1164
f 1170 1164 1172
f 1164 1166 1172
f 1173 1174 1175
f 1173 1175 1176
f 1176 1177 1173
f 1173 1177 1172
f 1172 1177 1178
f 1172 1178 1170
f 1170 1178 1179
f 1170 1179 1163
f 1163 1179 1180
f 1163 1180 1181
f 1163 1181 1182
f 1163 1182 1162
f 1183 1161 1162
f 1183 1162 1182
f 1184 1185 1186
f 1187 1184 1188
f 1189 1190 1188
f 1186 1188 1184
f 1189 1191 1192
f 1189 1192 1190
f 1193 1186 1194
f 1188 1186 1189
f 1189 1186 1193
f 1186 1185 1195
f 1186 1195 1122
f 1121 1196 1122
f 1122 1196 1186
f 1197 1123 1122
f 1122 1195 1197
f 1195 1198 1197
f 1199 1200 1201
f 1202 1203 1191
f 1199 1204 1203
f 1199 1205 1200
f 1205 1206 1200
f 1204 1192 1191
f 1204 1191 1203
f 1203 1202 1199
f 1199 1202 1205
f 1207 1208 1209
f 1207 1209 1132
f 1207 1132 1210
f 1210 1132 1211
f 1212 1207 1213
f 1213 1207 1214
f 1214 1207 1210
f 1155 1154 1208
f 1207 1155 1208
f 1212 1155 1207
f 1215 1216 1197
f 1215 1197 1198
f 1216 1217 1197
f 1197 1217 1125
f 1125 1123 1197
f 1217 1127 1126
f 1217 1126 1125
f 1143 1129 1218
f 1129 1118 1218
f 1218 1118 1127
f 1219 1216 1215
f 1140 1139 1144
f 1129 1145 1147
f 1145 1144 1220
f 1144 1139 1220
f 1145 1129 1144
f 1128 1147 1149
f 1128 1129 1147
f 1221 1077 1144
f 1144 1077 1140
f 1078 1077 1221
f 1141 1087 1221
f 1221 1087 1078
f 1130 1090 1222
f 1222 1090 1142
f 1222 1142 1223
f 1224 1223 1142
f 1225 1224 1142
f 1218 1226 1143
f 1152 1156 1157
f 1156 1151 1227
f 1151 1228 1227
f 1157 1156 1227
f 1229 1157 1227
f 1120 1157 1196
f 1196 1121 1120
f 1196 1194 1186
f 1194 1230 1193
f 1194 1196 1231
f 1161 1183 1232
f 1161 1232 1158
f 1158 1232 1233
f 1158 1233 1234
f 1235 1166 1160
f 1235 1160 1159
f 1236 1173 1235
f 1172 1166 1235
f 1172 1235 1173
f 1236 1174 1173
f 1184 1237 1198
f 1237 1238 1236
f 1237 1236 1198
f 1236 1238 1174
f 1174 1238 1175
f 1184 1198 1185
f 1185 1198 1195
f 1215 1236 1239
f 1215 1198 1236
f 1239 1236 1240
f 1241 1242 1243
f 1159 1242 1241
f 1159 1241 1235
f 1235 1241 1240
f 1235 1240 1236
f 1242 1159 1244
f 1244 1159 1158
f 1245 1244 1158
f 1246 1226 1247
f 1248 1249 1250
f 1141 1250 1142
f 1142 1250 1251
f 1248 1250 1141
f 1248 1141 1246
f 1246 1141 1221
f 1226 1246 1143
f 1246 1221 1143
f 1143 1221 1144
f 1218 1127 1226
f 1226 1127 1247
f 1216 1252 1217
f 1217 1252 1127
f 1127 1252 1247
f 1253 1254 1255
f 1256 1257 1258
f 1256 1258 1253
f 1253 1258 1259
f 1253 1259 1260
f 1253 1260 1254
f 1261 1262 1222
f 1222 1262 1131
f 1262 1211 1132
f 1263 1211 1264
f 1263 1265 1266
f 1259 1264 1260
f 1260 1264 1261
f 1264 1259 1258
f 1211 1267 1210
f 1263 1266 1267
f 1263 1267 1211
f 1258 1257 1263
f 1263 1257 1265
f 1258 1263 1264
f 1264 1211 1261
f 1261 1211 1262
f 1262 1132 1131
f 1157 1229 1268
f 1196 1157 1268
f 1196 1268 1231
f 1228 1151 1153
f 1269 1270 1228
f 1228 1270 1227
f 1227 1270 1229
f 1229 1270 1271
f 1269 1272 1270
f 1273 1230 1194
f 1230 1274 1275
f 1276 1230 1273
f 1277 1276 1273
f 1230 1275 1193
f 1194 1231 1273
f 1273 1231 1277
f 1212 1213 1278
f 1279 1278 1280
f 1279 1280 1281
f 1267 1281 1210
f 1279 1281 1282
f 1155 1228 1153
f 1283 1284 1155
f 1155 1284 1228
f 1278 1283 1212
f 1212 1283 1155
f 1285 1283 1278
f 1267 1266 1281
f 1281 1266 1282
f 1278 1279 1285
f 1201 1200 1183
f 1183 1286 1232
f 1287 1288 1289
f 1290 1291 1287
f 1290 1287 1289
f 1200 1292 1286
f 1200 1286 1183
f 1293 1290 1294
f 1294 1290 1289
f 1294 1289 1286
f 1232 1289 1295
f 1286 1289 1232
f 1289 1288 1295
f 1292 1293 1294
f 1292 1294 1286
f 1296 1297 1298
f 1296 1193 1275
f 1298 1205 1202
f 1299 1292 1300
f 1300 1292 1200
f 1300 1200 1206
f 1301 1302 1297
f 1191 1189 1193
f 1191 1296 1202
f 1296 1191 1193
f 1300 1302 1301
f 1300 1301 1299
f 1292 1299 1293
f 1303 1301 1297
f 1303 1297 1296
f 1202 1296 1298
f 1304 1287 1291
f 1295 1288 1305
f 1305 1306 1307
f 1307 1306 1308
f 1288 1287 1304
f 1288 1304 1306
f 1288 1306 1305
f 1309 1310 1311
f 1312 1313 1311
f 1311 1313 1309
f 1313 1312 1314
f 1314 1312 1315
f 1314 1315 1316
f 1317 1318 1315
f 1315 1318 1316
f 1318 1317 1319
f 1318 1319 1320
f 1321 1322 1319
f 1319 1322 1320
f 1322 1321 1323
f 1322 1323 1324
f 1325 1326 1327
f 1327 1326 1323
f 1323 1326 1324
f 1325 1328 1329
f 1326 1325 1330
f 1330 1325 1329
f 1069 1331 1067
f 1067 1331 1328
f 1328 1331 1329
f 1331 1069 1050
f 1050 1069 1071
f 1332 1333 1053
f 1053 1333 1054
f 1334 1335 1336
f 1336 1335 1337
f 1336 1337 1338
f 1338 1337 1332
f 1339 1340 1341
f 1341 1340 1342
f 1341 1342 1334
f 1334 1342 1335
f 1343 1344 1345
f 1345 1344 1346
f 1345 1346 1339
f 1339 1346 1340
f 1347 1348 1343
f 1343 1348 1349
f 1343 1349 1344
f 1350 1351 1352
f 1352 1351 1353
f 1352 1353 1347
f 1347 1353 1348
f 1354 1355 1350
f 1350 1355 1351
f 1355 1354 1356
f 1356 1354 1357
f 1356 1357 1358
f 1359 1358 1354
f 1359 1354 1360
f 1359 1360 1361
f 1361 1360 1362
f 1362 1360 1363
f 1362 1363 1364
f 1364 1363 1365
f 1365 1363 1360
f 1366 1367 1368
f 1368 1367 1369
f 1368 1369 1360
f 1360 1369 1365
f 1370 1371 1366
f 1366 1371 1372
f 1366 1372 1367
f 1371 1370 1373
f 1373 1370 1374
f 1373 1374 1375
f 1375 1374 1376
f 1377 1378 1376
f 1376 1378 1379
f 1376 1379 1375
f 1380 1381 1382
f 1382 1381 1383
f 1382 1383 1377
f 1377 1383 1378
f 1384 1385 1386
f 1386 1385 1380
f 1380 1385 1381
f 1387 1388 1389
f 1389 1388 1390
f 1389 1390 1384
f 1384 1390 1385
f 1391 1058 1392
f 1392 1058 1387
f 1387 1058 1388
f 1393 1394 1055
f 1055 1394 1056
f 1395 1396 1397
f 1397 1396 1398
f 1397 1398 1393
f 1393 1398 1394
f 1399 1400 1401
f 1396 1395 1399
f 1399 1401 1396
f 1402 1403 1400
f 1400 1403 1401
f 1404 1405 1402
f 1402 1405 1403
f 1406 1407 1404
f 1404 1407 1405
f 1407 1406 1408
f 1408 1406 1409
f 1410 1411 1409
f 1409 1411 1408
f 1410 1412 1413
f 1411 1410 1413
f 1413 1412 1414
f 1414 1412 1415
f 1416 1417 1415
f 1415 1417 1414
f 1417 1416 1418
f 1417 1418 1419
f 1418 1310 1419
f 1420 1421 1422
f 1422 1421 1423
f 1422 1423 1424
f 1424 1423 1425
f 1426 1427 1425
f 1425 1427 1424
f 1427 1426 1428
f 1428 1426 1429
f 1430 1431 1429
f 1429 1431 1428
f 1421 1420 1431
f 1421 1431 1430
f 1432 1433 1434
f 1435 1436 1432
f 1437 1438 1435
f 1435 1438 1436
f 1439 1440 1438
f 1439 1438 1437
f 1441 1442 1439
f 1439 1442 1440
f 1443 1444 1441
f 1441 1444 1442
f 1434 1433 1444
f 1434 1444 1443
f 1445 1446 1447
f 1447 1446 1448
f 1449 1450 1448
f 1448 1450 1447
f 1451 1452 1449
f 1449 1452 1450
f 1453 1452 1451
f 1454 1455 1451
f 1451 1455 1453
f 1454 1456 1457
f 1457 1456 1458
f 1445 1395 1458
f 1458 1395 1457
f 1072 1459 1074
f 1074 1459 1460
f 1074 1460 1461
f 1461 1460 1462
f 1461 1462 1463
f 1464 1457 1463
f 1464 1463 1462
f 1457 1464 1465
f 1465 1464 1466
f 1465 1466 1467
f 1467 1466 1068
f 1068 1466 1069
f 1069 1466 1468
f 1072 1069 1459
f 1459 1069 1468
f 1384 1075 1060
f 1060 1075 1061
f 1072 1073 1469
f 1070 1072 1470
f 1470 1072 1469
f 1470 1071 1070
f 1064 1063 1338
f 1338 1063 1076
f 1075 1384 1076
f 1076 1384 1338
f 1377 1471 1472
f 1472 1471 1473
f 1472 1473 1474
f 1475 1047 1046
f 1475 1472 1474
f 1474 1476 1475
f 1477 1475 1046
f 1048 1478 1477
f 1048 1477 1046
f 1479 1480 1481
f 1048 1049 1478
f 1478 1049 1481
f 1480 1479 1482
f 1480 1482 1339
f 1339 1482 1483
f 1471 1377 1483
f 1483 1377 1339
f 1484 1485 1486
f 1487 1484 1486
f 1484 1487 1488
f 1488 1487 1489
f 1490 1491 1488
f 1490 1488 1489
f 1491 1490 1492
f 1492 1490 1493
f 1494 1495 1493
f 1493 1495 1492
f 1486 1485 1494
f 1494 1485 1495
f 1496 1497 1498
f 1498 1497 1499
f 1498 1499 1370
f 1370 1499 1500
f 1501 1347 1500
f 1500 1347 1370
f 1347 1501 1502
f 1502 1501 1503
f 1502 1503 1504
f 1497 1496 1504
f 1368 1498 1366
f 1374 1484 1376
f 1472 1475 1386
f 1382 1472 1380
f 1380 1472 1386
f 1059 1392 1387
f 1059 1387 1060
f 1060 1387 1389
f 1074 1461 1397
f 1055 1074 1393
f 1393 1074 1397
f 1447 1450 1402
f 1402 1400 1447
f 1447 1400 1445
f 1445 1400 1399
f 1438 1406 1404
f 1438 1404 1436
f 1436 1404 1432
f 1432 1404 1402
f 1424 1410 1409
f 1424 1409 1422
f 1406 1420 1422
f 1406 1422 1409
f 1410 1415 1412
f 1428 1315 1312
f 1428 1312 1427
f 1315 1428 1317
f 1317 1428 1431
f 1442 1444 1321
f 1317 1440 1319
f 1319 1440 1442
f 1319 1442 1321
f 1455 1454 1327
f 1321 1453 1323
f 1323 1453 1455
f 1323 1455 1327
f 1467 1068 1067
f 1325 1465 1328
f 1328 1465 1467
f 1328 1467 1067
f 1052 1066 1053
f 1053 1066 1064
f 1053 1064 1332
f 1336 1481 1334
f 1334 1481 1480
f 1334 1480 1341
f 1345 1492 1343
f 1352 1502 1350
f 1312 1311 1418
f 1418 1311 1310
f 1312 1418 1427
f 1415 1410 1416
f 1427 1418 1424
f 1424 1418 1416
f 1424 1416 1410
f 1317 1431 1440
f 1440 1431 1438
f 1438 1431 1420
f 1438 1420 1406
f 1452 1453 1444
f 1321 1444 1453
f 1432 1402 1433
f 1452 1444 1450
f 1450 1444 1433
f 1450 1433 1402
f 1327 1454 1325
f 1325 1454 1457
f 1325 1457 1465
f 1445 1399 1395
f 1463 1457 1395
f 1463 1395 1461
f 1461 1395 1397
f 1332 1064 1338
f 1478 1481 1338
f 1338 1481 1336
f 1060 1389 1384
f 1478 1338 1477
f 1477 1338 1384
f 1477 1384 1475
f 1475 1384 1386
f 1341 1480 1339
f 1491 1492 1339
f 1339 1492 1345
f 1472 1382 1377
f 1491 1339 1488
f 1488 1339 1377
f 1488 1377 1484
f 1484 1377 1376
f 1366 1498 1370
f 1485 1484 1370
f 1370 1484 1374
f 1502 1352 1347
f 1485 1370 1495
f 1495 1370 1347
f 1495 1347 1492
f 1492 1347 1343
f 1498 1368 1496
f 1496 1368 1360
f 1496 1360 1504
f 1504 1360 1354
f 1504 1354 1502
f 1502 1354 1350
f 1357 1354 1358
f 1501 1500 1503
f 1503 1500 1497
f 1503 1497 1504
f 1499 1497 1500
f 1494 1490 1489
f 1487 1486 1494
f 1487 1494 1489
f 1493 1490 1494
f 1473 1471 1483
f 1473 1483 1482
f 1476 1474 1473
f 1468 1466 1464
f 1460 1459 1462
f 1462 1459 1468
f 1462 1468 1464
f 1446 1445 1458
f 1456 1451 1449
f 1458 1456 1446
f 1446 1456 1449
f 1456 1454 1451
f 1448 1446 1449
f 1437 1432 1439
f 1439 1432 1434
f 1439 1434 1443
f 1439 1443 1441
f 1435 1432 1437
f 1421 1430 1425
f 1430 1426 1425
f 1429 1426 1430
f 1423 1421 1425
f 1349 1348 1353
f 1342 1340 1346
f 1333 1332 1337
f 1417 1419 1505
f 1417 1505 1414
f 1379 1378 1383
f 1372 1371 1373
f 1506 1507 1508
f 1506 1508 1509
f 1510 1511 1512
f 1511 1510 1513
f 1511 1513 1514
f 1515 1516 1517
f 1518 1506 1519
f 1519 1506 1509
f 1517 1516 1518
f 1517 1518 1519
f 1520 1514 1521
f 1521 1514 1522
f 1520 1511 1514
f 1522 1523 1521
f 1516 1524 1525
f 1516 1525 1518
f 1518 1525 1507
f 1518 1507 1506
f 1526 1508 1527
f 1508 1507 1527
f 1527 1507 1525
f 1525 1524 1527
f 1509 1508 1528
f 1528 1508 1529
f 1529 1530 1528
f 1528 1530 1531
f 1531 1530 1532
f 1533 1512 1511
f 1533 1534 1512
f 1535 1536 1533
f 1533 1536 1534
f 1537 1510 1512
f 1510 1537 1513
f 1513 1537 1538
f 1522 1538 1413
f 1538 1522 1514
f 1514 1513 1538
f 221 1539 312
f 312 1539 1540
f 1539 221 1531
f 1539 1531 1532
f 377 1541 280
f 280 1541 1542
f 1536 1535 280
f 1536 280 1542
f 1543 1509 1528
f 1544 1543 1545
f 1546 1545 1543
f 1528 1546 1543
f 1546 1528 1531
f 312 1545 1546
f 1546 1531 221
f 1546 221 312
f 1519 1543 1544
f 1547 1517 1544
f 1544 1517 1519
f 1519 1509 1543
f 1517 1547 1515
f 1523 1548 1521
f 1511 1520 1548
f 1549 1511 1548
f 1550 1549 1548
f 1548 1520 1521
f 280 1535 1533
f 1533 1549 1550
f 1549 1533 1511
f 1551 377 1533
f 1533 377 280
f 1533 1550 1551
f 1505 1552 1414
f 1414 1552 1553
f 1414 1553 1413
f 1413 1553 1522
f 1524 1516 1505
f 1505 1516 1552
f 1554 1309 1313
f 1554 1524 1309
f 1309 1524 1505
f 1309 1505 1310
f 1310 1505 1419
f 1554 1314 1316
f 1554 1316 1555
f 1554 1555 1524
f 1314 1554 1313
f 1527 1524 1555
f 1556 1527 1555
f 1556 1557 1526
f 1556 1526 1527
f 1526 1529 1508
f 1539 1532 1530
f 1540 1539 1530
f 1526 1557 1529
f 1540 1530 1557
f 1557 1530 1529
f 1558 1559 1560
f 1536 1542 1534
f 1534 1559 1512
f 1560 1559 1541
f 1559 1534 1541
f 1541 1534 1542
f 1561 1562 1538
f 1559 1537 1512
f 1537 1559 1558
f 1537 1558 1561
f 1537 1561 1538
f 1413 1538 1563
f 1562 1405 1408
f 1405 1407 1408
f 1563 1408 1411
f 1563 1411 1413
f 1538 1562 1563
f 1562 1408 1563
f 1381 1385 1390
f 1562 1564 1405
f 1058 1056 1388
f 1388 1056 1394
f 1388 1564 1381
f 1388 1381 1390
f 1375 1379 1381
f 1381 1379 1383
f 1558 1565 1566
f 1558 1567 1565
f 1568 1569 1570
f 1571 1566 1570
f 1569 1111 1570
f 1572 1111 1569
f 1570 1111 1571
f 1571 1111 1110
f 1571 1110 1573
f 1564 1388 1394
f 1573 1110 1564
f 1564 1110 1574
f 1564 1574 1381
f 1381 1574 1375
f 1575 1568 1576
f 1576 1568 1570
f 1576 1570 1577
f 1577 1570 1566
f 1558 1566 1571
f 1558 1571 1573
f 1541 1578 1560
f 1560 1578 1567
f 1560 1567 1558
f 1561 1558 1573
f 1561 1573 1562
f 1562 1573 1564
f 1394 1398 1401
f 1401 1398 1396
f 1572 1112 1111
f 1401 1403 1405
f 1401 1405 1394
f 1394 1405 1564
f 1329 1054 1579
f 1580 1335 1342
f 1580 1342 1344
f 1344 1342 1346
f 1054 1333 1337
f 1331 1050 1329
f 1329 1050 1054
f 1326 1330 1324
f 1329 1324 1330
f 1318 1320 1316
f 1320 1322 1324
f 1579 1555 1316
f 1581 1582 1583
f 1584 1585 1586
f 1586 1585 1587
f 1587 1585 1588
f 1585 1584 1589
f 1589 1581 1585
f 1590 1591 1556
f 1592 1591 1590
f 1590 1556 1555
f 1593 1540 1594
f 1594 1540 1557
f 1594 1557 1595
f 1595 1557 1556
f 1595 1556 1591
f 1585 1581 1583
f 1585 1583 1592
f 1592 1583 1591
f 1579 1590 1555
f 1337 1335 1054
f 1054 1335 1580
f 1596 1590 1580
f 1580 1590 1579
f 1580 1579 1054
f 1588 1585 1592
f 1588 1592 1590
f 1588 1590 1596
f 1329 1579 1324
f 1324 1579 1316
f 1324 1316 1320
f 1351 1355 1597
f 1597 1355 1356
f 1359 1362 1358
f 1358 1362 1597
f 1358 1597 1356
f 1364 1598 1362
f 1362 1359 1361
f 1365 1369 1364
f 1364 1369 1598
f 1575 1599 1600
f 1575 1600 1568
f 1568 1600 374
f 1568 374 372
f 1568 372 1569
f 1569 372 1601
f 1569 1601 1572
f 1572 1601 370
f 377 1600 1541
f 1600 1578 1541
f 312 1540 313
f 313 1540 1602
f 1602 1540 316
f 316 1540 1593
f 1603 1582 314
f 314 1582 1581
f 314 1581 319
f 319 1581 321
f 321 1581 1589
f 321 1589 1604
f 1604 1589 323
f 323 1589 325
f 325 1589 1584
f 325 1584 327
f 1605 1606 1607
f 1607 1243 1605
f 1241 1243 1607
f 1608 1609 1243
f 1608 1243 1291
f 1609 1608 1610
f 1610 1608 449
f 1242 1304 1243
f 1243 1304 1291
f 327 1584 1611
f 327 1611 1612
f 1611 1613 1612
f 1612 1613 449
f 449 1613 1610
f 1256 1248 1257
f 1256 1249 1248
f 1257 1248 1614
f 1257 1614 1615
f 1257 1615 1616
f 1615 1617 1616
f 1616 1617 456
f 1618 1619 1301
f 1303 1296 1620
f 1620 1296 1275
f 1620 1621 1622
f 1620 1622 1303
f 1303 1622 1618
f 1620 1275 1274
f 1618 1301 1303
f 1620 1274 1621
f 1623 1624 1284
f 1625 1285 1626
f 1627 1623 1626
f 1279 1628 1285
f 1284 1283 1625
f 1625 1283 1285
f 1269 1228 1624
f 1624 1228 1284
f 1623 1284 1625
f 1626 1623 1625
f 370 1627 1626
f 1626 1629 370
f 1628 1630 1629
f 1285 1629 1626
f 1629 1285 1628
f 1630 1628 1282
f 1630 1282 456
f 1279 1282 1628
f 1616 456 1266
f 1616 1266 1265
f 1616 1265 1257
f 1282 1266 456
f 1612 1619 327
f 1299 1619 449
f 1299 449 1293
f 1619 1299 1301
f 1622 327 1618
f 1618 327 1619
f 1619 1612 449
f 1293 449 1608
f 1293 1608 1290
f 1608 1291 1290
f 456 1617 1630
f 1630 1617 1631
f 1631 1115 1630
f 1630 1115 1629
f 1572 370 1629
f 1572 1629 1115
f 1632 1098 1633
f 1634 1635 1636
f 1637 1633 1098
f 1636 1633 1634
f 1637 1634 1633
f 1246 1107 1106
f 1246 1106 1638
f 1638 1106 1103
f 1639 1105 1094
f 1094 1640 1639
f 1639 1638 1105
f 1105 1638 1103
f 1636 1635 1641
f 1641 1635 1642
f 1641 1642 1643
f 1641 1643 1644
f 1349 1353 1344
f 1344 1353 1351
f 1644 1643 1645
f 1597 1644 1351
f 1351 1644 1344
f 1344 1644 1580
f 1580 1644 1645
f 1580 1645 1646
f 1580 1646 1596
f 1596 1646 1647
f 1606 1605 1648
f 1649 1632 1648
f 1632 1606 1648
f 1098 1632 1649
f 1367 1372 1373
f 1369 1367 1650
f 1369 1650 1598
f 1650 1108 1247
f 1107 1247 1108
f 1650 1651 1108
f 1652 1651 1650
f 1375 1367 1373
f 1110 1116 1574
f 1375 1574 1652
f 1375 1652 1650
f 1375 1650 1367
f 1094 1102 1640
f 1640 1102 1653
f 1640 1653 1654
f 1655 1587 1588
f 1586 1587 1655
f 1586 1655 1656
f 1634 1657 1635
f 1635 1657 1642
f 1596 1647 1658
f 1658 1659 1655
f 1655 1659 1660
f 1655 1588 1596
f 1655 1596 1658
f 1660 1661 1656
f 1660 1656 1655
f 1112 1572 1115
f 1113 1112 1115
f 1114 1115 1631
f 1114 1631 1092
f 1092 1631 1102
f 1102 1631 1617
f 1615 1653 1617
f 1102 1617 1653
f 1614 1654 1615
f 1615 1654 1653
f 1611 1584 1586
f 1656 1613 1611
f 1611 1586 1656
f 1613 1656 1661
f 1613 1661 1095
f 1613 1095 1610
f 1649 1095 1098
f 1609 1610 1649
f 1648 1609 1649
f 1610 1095 1649
f 1609 1648 1605
f 1609 1605 1243
f 1654 1614 1662
f 1662 1614 1248
f 1606 1632 1240
f 1240 1241 1607
f 1240 1607 1606
f 1240 1632 1633
f 1246 1640 1662
f 1246 1662 1248
f 1246 1638 1639
f 1246 1639 1640
f 1644 1597 1252
f 1240 1633 1636
f 1636 1641 1252
f 1362 1598 1247
f 1247 1598 1650
f 1362 1247 1252
f 1362 1252 1597
f 1641 1644 1252
f 1662 1640 1654
f 1247 1107 1246
f 1663 1664 1276
f 1268 1277 1231
f 1664 1665 1552
f 1552 1665 1553
f 1665 1664 1663
f 1268 1229 1277
f 1277 1229 1271
f 1277 1271 1276
f 1276 1271 1663
f 1522 1553 1666
f 1666 1523 1522
f 1601 372 1667
f 372 374 1667
f 1627 1601 1667
f 1624 1627 1667
f 370 1601 1627
f 1667 1668 1624
f 1624 1668 1669
f 1624 1623 1627
f 1670 1665 1663
f 1669 1269 1624
f 1272 1663 1271
f 1670 1663 1272
f 1670 1272 1269
f 1670 1269 1669
f 1670 1666 1665
f 1665 1666 1553
f 374 1600 1551
f 1551 1600 377
f 1551 1550 374
f 374 1550 1667
f 1550 1668 1667
f 1666 1670 1523
f 1271 1270 1272
f 1550 1548 1668
f 1548 1523 1669
f 1669 1523 1670
f 1668 1548 1669
f 1671 1664 1552
f 1672 1621 1274
f 1672 1274 1673
f 1674 1621 1672
f 325 1674 323
f 1674 1675 321
f 1675 319 321
f 313 1602 1545
f 1676 1671 1515
f 1676 1515 1673
f 1673 1547 1672
f 1672 1547 1544
f 1672 1544 1674
f 1674 321 1604
f 1674 1604 323
f 1676 1276 1664
f 1673 1274 1230
f 1673 1230 1676
f 1230 1276 1676
f 1676 1664 1671
f 312 313 1545
f 1602 316 1545
f 1545 316 1603
f 1545 1603 314
f 1545 314 319
f 1675 1544 1545
f 1675 1545 319
f 1515 1547 1673
f 1544 1675 1674
f 1622 1621 1674
f 1622 1674 327
f 327 1674 325
f 1515 1671 1516
f 1516 1671 1552
f 1677 1678 1679
f 1679 1678 1680
f 1679 1680 1681
f 1681 1680 1682
f 1681 1682 1683
f 1681 1683 1684
f 1684 1683 782
f 1684 782 1685
f 1684 1685 1677
f 1677 1685 1678
f 1593 1680 316
f 1678 316 1680
f 316 1678 1603
f 1685 1582 1678
f 1678 1582 1603
f 782 1582 1685
f 782 1583 1582
f 1683 1686 782
f 782 1686 1583
f 1683 1595 1686
f 1683 1687 1595
f 1682 1687 1683
f 1682 1688 1687
f 1680 1688 1682
f 1680 1593 1688
f 1689 760 1690
f 1690 760 762
f 1690 762 763
f 1690 763 764
f 1690 764 765
f 1690 765 766
f 1690 766 767
f 1690 767 768
f 1690 768 770
f 1690 770 769
f 1690 769 771
f 1690 771 1691
f 1691 771 772
f 1691 772 773
f 1691 773 774
f 1691 774 775
f 1691 775 1692
f 1691 1692 1693
f 1693 1692 1694
f 1693 1694 1689
f 1689 1694 759
f 1689 759 757
f 1689 757 761
f 1689 761 760
f 1694 1599 759
f 1599 1694 1600
f 1692 1600 1694
f 1578 1600 1692
f 1692 1695 1578
f 1695 1692 775
f 774 1567 775
f 775 1567 1695
f 773 1567 774
f 772 1567 773
f 771 1567 772
f 769 1565 771
f 771 1565 1567
f 1565 769 770
f 1565 770 768
f 1565 768 1566
f 767 1566 768
f 766 1566 767
f 764 1577 765
f 765 1577 766
f 766 1577 1566
f 762 1577 763
f 763 1577 764
f 760 761 1576
f 760 1576 762
f 762 1576 1577
f 1576 757 759
f 1576 759 1599
f 757 1576 761
f 1696 1689 1690
f 1696 1690 1697
f 1697 1690 1691
f 1697 1691 1698
f 1698 1691 1693
f 1698 1693 1689
f 1698 1689 1696
f 1697 1698 1696
f 1699 1684 1677
f 1699 1677 1700
f 1700 1677 1679
f 1700 1679 1701
f 1701 1679 1681
f 1701 1681 1702
f 1702 1681 1684
f 1702 1684 1699
f 1701 1702 1699
f 1699 1700 1701
f 1703 1704 849
f 1705 1706 854
f 844 1097 845
f 845 1097 1096
f 845 1096 846
f 846 1096 847
f 1707 1708 843
f 843 1708 1097
f 843 1097 844
f 1707 843 884
f 881 1707 884
f 1709 1707 881
f 1709 881 879
f 1709 879 878
f 1709 878 877
f 1709 877 875
f 1709 875 874
f 1709 874 1710
f 1710 874 872
f 1710 872 871
f 1710 871 868
f 1710 868 1711
f 1711 868 870
f 1711 870 867
f 1711 867 1643
f 1643 867 866
f 865 1643 866
f 864 1643 865
f 862 1645 864
f 864 1645 1643
f 863 1645 862
f 860 1646 861
f 861 1646 863
f 863 1646 1645
f 858 1646 859
f 859 1646 860
f 857 1712 858
f 858 1712 1646
f 857 856 1712
f 1712 856 855
f 1712 855 1706
f 842 1706 855
f 854 1706 841
f 841 1706 842
f 853 1705 854
f 850 1704 1705
f 850 1705 852
f 852 1705 853
f 849 1704 850
f 1096 1703 847
f 847 1703 849
f 1095 1661 1096
f 1660 1703 1096
f 1660 1096 1661
f 1097 1637 1098
f 1708 1634 1097
f 1097 1634 1637
f 1100 1092 1091
f 1091 1713 1100
f 1713 1101 1100
f 1093 1714 813
f 813 811 1093
f 1093 811 810
f 1093 810 1091
f 1091 810 809
f 1091 809 808
f 1091 808 1713
f 1715 1713 805
f 805 1713 808
f 1715 805 807
f 1715 807 804
f 1715 804 1716
f 1716 804 802
f 1716 802 801
f 800 1717 801
f 801 1717 1716
f 797 1717 800
f 799 1717 796
f 796 1717 797
f 839 1574 799
f 799 1574 1717
f 838 1574 839
f 837 1574 838
f 1574 837 1652
f 1652 837 836
f 1652 836 835
f 1652 835 834
f 833 1651 1652
f 833 1652 834
f 832 1651 833
f 829 1718 831
f 831 1718 1651
f 831 1651 832
f 1718 829 827
f 828 1718 827
f 826 1718 828
f 825 823 1719
f 825 1719 826
f 826 1719 1718
f 822 1720 1719
f 822 1719 823
f 822 821 1720
f 1720 821 819
f 818 1721 819
f 819 1721 1720
f 815 1721 816
f 816 1721 818
f 813 1714 814
f 814 1714 815
f 815 1714 1721
f 1105 1093 1094
f 1093 1104 1714
f 1093 1105 1104
f 1722 845 846
f 1722 846 847
f 1722 847 849
f 1722 849 850
f 1722 850 852
f 1722 852 853
f 1722 853 854
f 1722 854 841
f 1722 841 842
f 1722 842 855
f 1722 855 856
f 1722 856 1723
f 1723 856 857
f 1723 857 858
f 1723 858 859
f 1723 859 860
f 1723 860 861
f 1723 861 863
f 1723 863 862
f 1723 862 1724
f 1724 862 864
f 1724 864 865
f 1724 865 866
f 1724 866 867
f 1724 867 870
f 1724 870 868
f 1724 868 871
f 1724 871 1725
f 1725 871 872
f 1725 872 874
f 1725 874 875
f 1725 875 877
f 1725 877 878
f 1725 878 879
f 1725 879 881
f 1725 881 884
f 1725 884 843
f 1725 843 844
f 1725 844 1722
f 1722 844 845
f 1726 833 834
f 1726 834 835
f 1726 835 836
f 1726 836 1727
f 1727 836 837
f 1727 837 838
f 1727 838 839
f 1727 839 799
f 1727 799 796
f 1727 796 797
f 1727 797 800
f 1727 800 801
f 1727 801 802
f 1727 802 804
f 1727 804 807
f 1727 807 1728
f 1728 807 805
f 1728 805 808
f 1728 808 809
f 1728 809 810
f 1728 810 811
f 1728 811 813
f 1728 813 814
f 1728 814 815
f 1728 815 1729
f 1729 815 816
f 1729 816 818
f 1729 818 819
f 1729 819 821
f 1729 821 822
f 1729 822 823
f 1729 823 825
f 1729 825 1726
f 1726 825 826
f 1726 826 828
f 1726 828 827
f 1726 827 829
f 1726 829 831
f 1726 831 832
f 1726 832 833
f 1730 1729 1731
f 1731 1729 1726
f 1731 1726 1732
f 1732 1726 1727
f 1732 1727 1733
f 1733 1727 1728
f 1733 1728 1730
f 1730 1728 1729
f 1731 1733 1730
f 1731 1732 1733
f 1734 1725 1735
f 1735 1725 1736
f 1736 1725 1722
f 1736 1722 1737
f 1737 1722 1723
f 1737 1723 1734
f 1734 1723 1724
f 1734 1724 1725
f 1736 1737 1734
f 1734 1735 1736
f 1715 1099 1713
f 1101 1713 1099
f 1099 1716 1109
f 1116 1717 1574
f 1716 1717 1109
f 1109 1717 1116
f 1099 1715 1716
f 1718 1108 1651
f 1108 1718 1719
f 1721 1714 1104
f 1721 1104 1103
f 1721 1103 1106
f 1720 1721 1106
f 1106 1719 1720
f 1108 1719 1106
f 1657 1634 1738
f 1738 1634 1708
f 1707 1738 1708
f 1707 1709 1738
f 1738 1709 1642
f 1738 1642 1657
f 1709 1710 1642
f 1712 1647 1646
f 1710 1711 1642
f 1711 1643 1642
f 1705 1704 1659
f 1659 1704 1660
f 1703 1660 1704
f 1705 1658 1647
f 1705 1647 1706
f 1706 1647 1712
f 1658 1705 1659
f 1599 1575 1576
f 1695 1567 1578
f 1686 1591 1583
f 1593 1594 1688
f 1688 1594 1687
f 1686 1595 1591
f 1687 1594 1595
f 1165 1164 1739
f 1165 1739 1740
f 1741 1167 1740
f 1740 1167 1165
f 1741 1168 1167
f 1742 1168 1741
f 1168 1742 1169
f 1169 1742 1743
f 1171 1169 1743
f 1744 1171 1743
f 1739 1164 1744
f 1744 1164 1171
f 1745 1744 1746
f 1746 1744 1743
f 1746 1743 1742
f 1746 1742 1747
f 1747 1742 1741
f 1747 1741 1748
f 1748 1741 1740
f 1748 1740 1745
f 1745 1740 1739
f 1745 1739 1744
f 1080 1749 1750
f 1750 1081 1080
f 1750 1082 1081
f 1082 1750 1751
f 1751 1084 1082
f 1752 1085 1751
f 1751 1085 1084
f 1753 1085 1752
f 1085 1753 1086
f 1086 1753 1754
f 1754 1088 1086
f 1080 1088 1749
f 1749 1088 1754
f 1755 1750 1749
f 1755 1749 1756
f 1756 1749 1754
f 1756 1754 1753
f 1756 1753 1757
f 1757 1753 1752
f 1757 1752 1751
f 1757 1751 1758
f 1758 1751 1750
f 1758 1750 1755
f 1756 1759 1760
f 1756 1760 1755
f 1755 1760 1758
f 1758 1760 1761
f 1758 1761 1757
f 1757 1761 1762
f 1757 1762 1759
f 1757 1759 1756
f 1763 1748 1745
f 1763 1745 1764
f 1764 1745 1765
f 1765 1745 1746
f 1765 1746 1766
f 1766 1746 1747
f 1766 1747 1748
f 1766 1748 1763
f 1764 1767 1768
f 1764 1768 1763
f 1763 1768 1769
f 1763 1769 1770
f 1763 1770 1766
f 1766 1770 1771
f 1766 1771 1772
f 1766 1772 1765
f 1765 1772 1767
f 1765 1767 1764
f 1768 1302 1769
f 1297 1302 1768
f 1767 1298 1297
f 1767 1297 1768
f 1298 1767 1205
f 1772 1205 1767
f 1771 1205 1772
f 1205 1771 1206
f 1206 1771 1770
f 1206 1770 1300
f 1300 1770 1769
f 1300 1769 1302
f 1760 1773 1761
f 1761 1773 1774
f 1761 1774 1762
f 1762 1774 1775
f 1762 1775 1759
f 1759 1775 1776
f 1759 1776 1760
f 1760 1776 1777
f 1760 1777 1773
f 1278 1213 1777
f 1777 1213 1773
f 1777 1280 1278
f 1280 1777 1776
f 1280 1776 1281
f 1281 1776 1775
f 1775 1210 1281
f 1210 1775 1774
f 1774 1214 1210
f 1773 1213 1774
f 1774 1213 1214
f 1778 1779 1780
f 1780 1779 1781
f 1782 1779 1783
f 1783 1779 1778
f 1783 1784 1782
f 1782 1784 1785
f 1781 1785 1780
f 1780 1785 1784
f 1781 1779 1785
f 1785 1779 1782
f 1391 1392 1059
f 1066 1052 1051
f 1066 1051 1059
f 1059 1051 1786
f 1059 1786 1391
f 1391 1786 1787
f 1051 1050 1788
f 1051 1788 1786
f 1057 1058 1789
f 1057 1789 1073
f 1073 1789 1788
f 1050 1071 1788
f 1788 1071 1073
f 1391 1787 1789
f 1391 1789 1058
f 1787 1786 1789
f 1789 1786 1788
f 1475 1476 1784
f 1784 1476 1473
f 1784 1473 1780
f 1473 1482 1778
f 1780 1473 1778
f 1783 1481 1049
f 1783 1049 1784
f 1784 1049 1047
f 1784 1047 1475
f 1479 1481 1482
f 1482 1481 1783
f 1482 1783 1778
f 1469 1073 1071
f 1469 1071 1470
f 1059 1062 1066
f 1066 1062 1065
f 1239 1240 1636
f 1239 1636 1215
f 1215 1636 1219
f 1252 1216 1219
f 1252 1219 1636
f 1249 1253 1250
f 1249 1256 1253
f 1250 1253 1255
f 1255 1251 1250
f 1142 1251 1225
f 1251 1255 1225
f 1255 1254 1224
f 1255 1224 1225
f 1254 1260 1224
f 1224 1260 1223
f 1260 1261 1223
f 1261 1222 1223
f 1131 1130 1222
f 1134 1133 1209
f 1133 1132 1209
f 1135 1134 1208
f 1208 1134 1209
f 1208 1154 1135
f 1136 1135 1154
f 1137 1136 1150
f 1150 1136 1154
f 1138 1137 1150
f 1139 1138 1146
f 1146 1138 1150
f 1146 1145 1220
f 1146 1220 1139
f 1234 1245 1158
f 1306 1242 1244
f 1304 1242 1306
f 1244 1245 1308
f 1306 1244 1308
f 1245 1234 1308
f 1234 1233 1307
f 1234 1307 1308
f 1233 1305 1307
f 1305 1233 1295
f 1233 1232 1295
f 1204 1179 1178
f 1178 1177 1190
f 1190 1177 1176
f 1176 1175 1188
f 1190 1176 1188
f 1204 1178 1192
f 1192 1178 1190
f 1199 1180 1204
f 1188 1175 1187
f 1182 1181 1199
f 1179 1204 1180
f 1181 1180 1199
f 1182 1199 1201
f 1182 1201 1183
f 1237 1187 1238
f 1238 1187 1175
f 1187 1237 1184
f 1790 1791 1792
f 1793 1794 1795
f 1794 1793 1796
f 1796 1793 1797
f 1798 1799 1800
f 1797 1801 1802
f 1797 1802 1796
f 1801 1797 1803
f 1803 1800 1801
f 1796 1799 1798
f 1798 1800 1803
f 1796 1802 1799
f 1803 1804 1798
f 1798 1804 1805
f 1805 1804 1806
f 1807 1805 1808
f 1805 1807 1809
f 1809 1810 1811
f 1810 1812 1811
f 1811 1812 1806
f 1810 1809 1807
f 1806 1812 1808
f 1806 1808 1805
f 1813 1814 1815
f 1809 1816 1817
f 1811 1818 1809
f 1809 1818 1816
f 1813 1815 1819
f 1816 1813 1817
f 1814 1818 1815
f 1815 1818 1811
f 1817 1813 1819
f 1820 1821 1822
f 1817 1821 1820
f 1820 1822 1823
f 1823 1822 1824
f 1824 1825 1819
f 1819 1825 1817
f 1817 1825 1821
f 1826 1827 1828
f 1828 1827 1791
f 1829 1826 1828
f 1791 1827 1792
f 1823 1830 1829
f 1828 1820 1823
f 1792 1827 1831
f 1823 1829 1828
f 1832 1833 1834
f 1790 1835 1791
f 1836 1833 1832
f 1836 1832 1837
f 1838 1834 1791
f 1791 1834 1833
f 1790 1832 1835
f 1791 1835 1838
f 1837 1832 1790
f 1839 1840 1841
f 1842 1843 1836
f 1840 1839 1842
f 1843 1844 1836
f 1836 1844 1833
f 1845 1839 1846
f 1846 1839 1841
f 1842 1836 1840
f 1844 1843 1845
f 1841 1847 1846
f 1847 1795 1846
f 1795 1848 1793
f 1793 1848 1849
f 1850 1851 1847
f 1852 1848 1795
f 1853 1849 1850
f 1850 1849 1851
f 1793 1849 1853
f 1851 1852 1847
f 1847 1852 1795
f 1831 1830 1823
f 1854 1850 1847
f 1841 1840 1855
f 1855 1840 1856
f 1837 1790 1857
f 1857 1790 1858
f 1792 1831 1859
f 1859 1831 1860
f 1860 1831 1823
f 1823 1824 1861
f 1861 1824 1819
f 1819 1815 1862
f 1862 1815 1811
f 1863 1811 1806
f 1863 1806 1864
f 1865 1803 1797
f 1865 1797 1866
f 1853 1850 1854
f 1834 1867 1832
f 1832 1867 1868
f 1832 1868 1869
f 1832 1869 1835
f 1835 1869 1870
f 1835 1870 1838
f 1838 1870 1871
f 1838 1871 1867
f 1838 1867 1834
f 1826 1872 1827
f 1827 1872 1873
f 1827 1873 1831
f 1831 1873 1874
f 1831 1874 1830
f 1830 1874 1829
f 1829 1874 1875
f 1829 1875 1826
f 1826 1875 1872
f 1808 1876 1807
f 1807 1876 1877
f 1807 1877 1810
f 1810 1877 1878
f 1810 1878 1812
f 1812 1878 1879
f 1812 1879 1808
f 1808 1879 1876
f 1816 1880 1813
f 1813 1880 1881
f 1813 1881 1882
f 1813 1882 1814
f 1814 1882 1818
f 1818 1882 1883
f 1818 1883 1816
f 1816 1883 1880
f 1821 1884 1822
f 1822 1884 1885
f 1822 1885 1886
f 1822 1886 1824
f 1824 1886 1887
f 1824 1887 1825
f 1825 1887 1821
f 1821 1887 1884
f 1888 1889 1890
f 1891 1892 1890
f 1893 1894 1895
f 1896 1892 1891
f 1895 1892 1896
f 1894 1892 1895
f 1897 1898 1899
f 1900 1901 1902
f 1898 1902 1901
f 1898 1901 1903
f 1899 1898 1903
f 1904 1897 1905
f 1894 1906 1892
f 1892 1906 1907
f 1907 1908 1892
f 1909 1908 1907
f 1898 1910 1902
f 1911 1910 1898
f 1911 1898 1912
f 1913 1914 1915
f 1915 1914 1912
f 1916 1917 1913
f 1913 1915 1916
f 1909 1917 1916
f 1909 1916 1908
f 1918 1919 1920
f 1918 1920 1921
f 1921 1920 1922
f 1921 1922 1923
f 1902 1923 1900
f 1900 1923 1922
f 1900 1922 1924
f 1854 1925 1922
f 1922 1925 1924
f 1854 1926 1925
f 1927 1928 1919
f 1919 1929 1927
f 1919 1930 1929
f 1931 1919 1918
f 1931 1893 1919
f 1919 1893 1930
f 1932 1933 1934
f 1932 1934 1935
f 1935 1934 1936
f 1936 1934 1937
f 1938 1939 1940
f 1938 1940 1941
f 1941 1940 1942
f 1942 1940 1943
f 1944 1945 1946
f 1946 1945 1947
f 1947 1945 1948
f 1944 1946 1933
f 1933 1946 1934
f 1937 1934 1946
f 1940 1949 1950
f 1949 1940 1951
f 1943 1940 1950
f 1940 1939 1951
f 1952 1948 1945
f 1952 1945 1953
f 1953 1945 1944
f 1953 1944 1954
f 1955 1950 1949
f 1955 1949 1956
f 1956 1949 1951
f 1956 1951 1957
f 1958 1959 1960
f 1960 1959 1961
f 1960 1961 1962
f 1962 1961 1963
f 1961 1964 1965
f 1964 1961 1966
f 1966 1961 1959
f 1963 1961 1965
f 1967 1965 1964
f 1967 1964 1968
f 1968 1964 1966
f 1969 1970 1971
f 1971 1970 1972
f 1971 1972 1973
f 1971 1973 1974
f 1975 1976 1973
f 1973 1972 1975
f 1975 1972 1970
f 1977 1976 1978
f 1978 1976 1975
f 1978 1975 1979
f 1980 1981 1982
f 1982 1981 1983
f 1982 1983 1984
f 1984 1983 1985
f 1986 1983 1987
f 1987 1983 1981
f 1985 1983 1988
f 1983 1986 1988
f 1989 1988 1986
f 1989 1986 1990
f 1990 1986 1987
f 1991 1992 1993
f 1993 1992 1994
f 1993 1994 1995
f 1995 1994 1996
f 1997 1996 1994
f 1997 1994 1998
f 1998 1994 1992
f 1999 1997 2000
f 2000 1997 1998
f 2000 1998 2001
f 2002 2003 2004
f 2002 2004 2005
f 2005 2004 2006
f 2006 2004 2007
f 2004 2008 2009
f 2003 2008 2004
f 2004 2009 2007
f 2010 2009 2011
f 2011 2009 2008
f 2011 2008 2012
f 2013 2014 2015
f 2015 2014 2016
f 2015 2016 2017
f 2015 2017 2018
f 2019 2020 2021
f 2022 2023 2017
f 2021 2020 2022
f 2022 2020 2023
f 2022 2017 2016
f 2022 2016 2014
f 2024 2023 2020
f 2024 2020 2025
f 2025 2020 2019
f 2026 2027 2028
f 1901 1924 2029
f 1900 1924 1901
f 1901 2030 1903
f 1903 2030 1899
f 1899 2030 2027
f 2027 1897 1899
f 2026 1905 2027
f 2027 1905 1897
f 2029 2030 1901
f 2031 2032 2033
f 2034 2035 2036
f 2034 2036 2037
f 2034 2037 2038
f 2038 2039 2040
f 2041 2031 2039
f 2036 2042 2037
f 2037 2039 2038
f 2040 2039 2031
f 2041 2032 2031
f 2031 2033 2043
f 2044 2045 2034
f 2034 2045 2035
f 2038 2044 2034
f 2040 2044 2038
f 2031 2044 2040
f 2046 2047 2048
f 2049 2050 2051
f 2048 2052 2049
f 2051 2048 2049
f 2053 2046 2048
f 2053 2048 2051
f 2052 2048 2054
f 2055 2054 2048
f 2047 2055 2048
f 2056 2057 2058
f 2059 2060 2056
f 2059 2056 2058
f 2058 2061 2059
f 2058 2062 2063
f 2058 2063 2061
f 2059 2064 2060
f 2065 2059 2061
f 2066 2067 2068
f 2069 2070 2066
f 2069 2066 2071
f 2071 2066 2072
f 2068 2073 2066
f 2066 2073 2072
f 2074 2075 2076
f 2077 2078 2075
f 2077 2079 2080
f 2074 2081 2079
f 2074 2079 2077
f 2077 2075 2074
f 2076 2082 2074
f 2081 2074 2083
f 2074 2084 2083
f 2074 2082 2084
f 2085 2086 2087
f 2088 2087 2089
f 2085 2087 2088
f 2088 2090 2085
f 2088 2091 2090
f 2090 2091 2092
f 2093 2094 2092
f 2093 2091 2095
f 2091 2093 2092
f 2092 2094 2096
f 2097 2098 2086
f 2097 2086 2085
f 2090 2097 2085
f 2090 2092 2099
f 2096 2099 2092
f 2100 2101 2083
f 2100 2102 2101
f 2100 2083 2084
f 2102 2100 2096
f 2096 2100 2099
f 2082 2103 2084
f 2084 2103 2100
f 2082 2104 2103
f 2105 2103 2106
f 2105 2100 2103
f 2103 2104 2054
f 2103 2054 2106
f 2106 2054 2055
f 2107 2064 2106
f 2055 2107 2106
f 2106 2064 2059
f 2108 2106 2059
f 2105 2106 2109
f 2108 2110 2111
f 2108 2112 2110
f 2059 2065 2112
f 2108 2111 2072
f 2112 2108 2059
f 2113 2114 2115
f 2116 2113 2115
f 2116 2108 2072
f 2116 2115 2108
f 2108 2109 2106
f 2109 2108 2115
f 2114 2045 2115
f 2044 2115 2045
f 2031 2117 2044
f 2044 2117 2115
f 2109 2115 2117
f 1916 2105 2109
f 2118 1888 1908
f 1908 2119 2118
f 2043 2119 2031
f 1908 1888 1890
f 2119 1908 2117
f 2119 2117 2031
f 1908 1890 1892
f 2109 2117 1916
f 1916 2117 1908
f 1912 1898 1915
f 1897 1915 1898
f 1915 2120 2121
f 1904 1915 1897
f 2120 1915 1904
f 2121 1916 1915
f 2121 2105 1916
f 2097 2120 2098
f 2097 2090 2122
f 2097 2122 2120
f 2122 2121 2120
f 2099 2122 2090
f 2099 2100 2122
f 2100 2105 2122
f 2122 2105 2121
f 2111 2071 2072
f 2072 2073 2116
f 1792 1859 2078
f 1792 2078 2077
f 2051 2050 1860
f 1823 2051 1860
f 1861 2123 1823
f 1823 2123 2053
f 2058 2057 1861
f 1819 2058 1861
f 2124 2062 2058
f 1862 2124 1819
f 1819 2124 2058
f 2066 2070 1862
f 1811 2066 1862
f 1864 1806 2042
f 2042 1806 2037
f 1865 2041 1803
f 1928 1853 1854
f 1847 2029 1854
f 1856 1840 2089
f 2089 1840 2088
f 1837 1857 2095
f 2091 1836 1837
f 2095 2091 1837
f 1790 2077 1858
f 1858 2077 2080
f 1792 2077 1790
f 1823 2053 2051
f 2066 1811 1863
f 2066 1863 2067
f 1804 2039 1806
f 1806 2039 2037
f 1803 2039 1804
f 1803 2041 2039
f 2125 1866 2126
f 2126 1866 1797
f 1793 2127 1797
f 1797 2127 2126
f 1853 2127 1793
f 1853 2128 2127
f 1928 1927 2128
f 1928 2128 1853
f 2029 1847 2030
f 1841 2030 1847
f 2030 1841 2027
f 1855 2028 1841
f 1841 2028 2027
f 1836 2088 1840
f 1836 2091 2088
f 1927 1930 2128
f 2125 2126 2129
f 2129 1890 1889
f 1890 2129 2126
f 1891 1890 2126
f 2127 1896 2126
f 2128 1895 2127
f 2127 1895 1896
f 1930 1893 2128
f 2128 1893 1895
f 1891 2126 1896
f 2130 2131 2132
f 2132 2131 2133
f 2132 2133 2134
f 2134 2133 2135
f 2134 2135 2136
f 2136 2135 2137
f 2136 2137 2138
f 2138 2137 2139
f 2138 2139 2140
f 2140 2139 2141
f 2140 2141 2142
f 2142 2141 2143
f 2142 2143 2144
f 2144 2143 2145
f 2145 2143 2146
f 2145 2146 2147
f 2147 2146 2148
f 2148 2146 2149
f 2148 2149 2150
f 2150 2149 2151
f 2150 2151 2152
f 2152 2151 2153
f 2153 2151 2154
f 2153 2154 2155
f 2153 2155 2156
f 2156 2155 2157
f 2157 2155 2158
f 2157 2158 2159
f 2159 2158 2160
f 2160 2158 2161
f 2160 2161 2162
f 2162 2161 2163
f 2162 2163 2164
f 2164 2163 2131
f 2164 2131 2130
f 2165 2024 2166
f 2012 2024 2011
f 2002 2018 2012
f 2012 2018 2024
f 2167 2010 2165
f 2165 2010 2011
f 2165 2011 2024
f 2167 2006 2010
f 2006 2140 2005
f 2005 2140 2142
f 2144 2002 2005
f 2005 2142 2144
f 1999 2168 2169
f 2169 1990 1999
f 2168 2001 2167
f 1980 1995 1990
f 1990 1995 1999
f 2168 1999 2000
f 2168 2000 2001
f 1995 1980 2136
f 2167 2001 2006
f 2006 2001 1991
f 2006 1991 2140
f 2140 1991 2138
f 2138 1991 1993
f 2138 1993 2136
f 2136 1993 1995
f 2170 1989 2169
f 2169 1989 1990
f 2170 1984 1989
f 1984 2130 2132
f 1984 2132 1982
f 2136 1980 1982
f 2136 1982 2134
f 2134 1982 2132
f 2171 1978 2170
f 2170 1978 1979
f 2171 1977 1978
f 1958 1974 1968
f 1968 1974 2172
f 2172 1977 2171
f 2173 1967 2174
f 2174 1967 2172
f 2172 1967 1968
f 2172 1974 1977
f 2162 1971 1974
f 2162 2164 1971
f 1971 2164 2130
f 2130 1969 1971
f 2170 1979 1984
f 1984 1979 1969
f 1984 1969 2130
f 2162 1974 1958
f 1960 1962 2159
f 2157 1962 2173
f 2173 1962 1967
f 2162 1958 1960
f 2162 1960 2159
f 2173 1957 1938
f 2173 1938 2157
f 2156 1938 1941
f 1957 2173 2175
f 2175 1956 1957
f 2176 1955 2175
f 2175 1955 1956
f 1955 2176 1954
f 1955 1954 1942
f 1942 1954 1932
f 2153 1942 2152
f 1942 1932 2152
f 1942 2153 1941
f 1941 2153 2156
f 2177 1952 2178
f 2178 1952 1953
f 2178 1953 2176
f 2176 1953 1954
f 2166 2024 2025
f 2166 2025 2178
f 2177 2178 2179
f 2179 2178 2025
f 2177 2180 2181
f 2181 2180 2182
f 2181 2182 1936
f 2152 1932 2150
f 2150 1932 1935
f 2150 1935 1936
f 2150 1936 2182
f 2018 2002 2144
f 2018 2144 2145
f 2015 2018 2145
f 2183 2184 2147
f 2013 2147 2184
f 2147 2013 2015
f 2185 2179 2186
f 2185 2186 2184
f 2184 2186 2013
f 2148 2183 2147
f 2015 2145 2147
f 2159 1962 2157
f 2157 1938 2156
f 2182 2148 2150
f 2182 2183 2148
f 2185 2177 2179
f 2180 2177 2185
f 1869 1858 1870
f 1858 1869 1857
f 1870 1858 2187
f 1870 2187 1871
f 1857 1869 1868
f 1871 2187 2188
f 1871 2188 1867
f 1867 2188 2189
f 1867 2189 1868
f 1868 2189 1857
f 2188 2102 2094
f 2102 2188 2101
f 2187 2101 2188
f 2081 2101 2187
f 2187 2079 2081
f 1858 2190 2187
f 2187 2190 2079
f 1858 2080 2190
f 2095 1857 2189
f 2189 2093 2095
f 2093 2189 2094
f 2188 2094 2189
f 1860 1874 1859
f 1859 1874 1873
f 1874 2191 2192
f 1874 2192 1875
f 1875 2192 2193
f 1860 2191 1874
f 1875 2193 2194
f 1875 2194 1872
f 1872 2194 1859
f 1872 1859 1873
f 2194 2195 2076
f 2195 2194 2193
f 2195 2193 2104
f 2104 2193 2196
f 2196 2193 2192
f 2052 2196 2192
f 2052 2192 2049
f 2191 2049 2192
f 1859 2197 2078
f 1859 2075 2197
f 2075 1859 2194
f 2194 2076 2075
f 1878 1863 1864
f 1878 1864 1879
f 1879 1864 1876
f 1876 1864 2198
f 1876 2198 2199
f 1876 2199 1877
f 1877 2199 2200
f 1877 2200 1878
f 1878 2200 1863
f 2042 2036 1864
f 2200 2113 2073
f 2113 2200 2114
f 2114 2200 2199
f 2114 2199 2045
f 2045 2199 2198
f 2045 2198 2035
f 2035 2198 2036
f 1864 2036 2198
f 1863 2068 2201
f 2068 1863 2200
f 2200 2073 2068
f 1882 2124 1862
f 1880 2202 1881
f 1881 2202 2203
f 1881 2203 2124
f 1881 2124 1882
f 1882 1862 1883
f 1883 1862 2204
f 1883 2204 1880
f 1880 2204 2202
f 2202 2112 2061
f 2202 2061 2203
f 2112 2202 2110
f 2204 2110 2202
f 2071 2110 2204
f 2204 2069 2071
f 1862 2205 2204
f 2204 2205 2069
f 1862 2070 2205
f 2124 2063 2206
f 2063 2124 2203
f 2203 2061 2063
f 1887 1886 1861
f 1886 2123 1861
f 1884 2207 2208
f 1884 2208 1885
f 1885 2208 2123
f 1885 2123 1886
f 1887 1861 2209
f 1887 2209 2210
f 1887 2210 1884
f 1884 2210 2207
f 2047 2208 2211
f 2211 2208 2107
f 2107 2208 2207
f 2207 2212 2107
f 2210 2212 2207
f 2060 2212 2210
f 2060 2210 2056
f 2209 2056 2210
f 2123 2213 2053
f 2208 2046 2123
f 2123 2046 2213
f 2208 2047 2046
f 1801 2214 2215
f 1801 2215 1802
f 1802 2215 1799
f 1799 2215 2216
f 1799 2216 1800
f 1800 2216 2217
f 1800 2217 1801
f 1801 2217 2214
f 1866 2214 1865
f 2214 1866 2215
f 2215 1866 2218
f 2218 2219 2215
f 2215 2219 2216
f 2216 2219 2220
f 2216 2220 2217
f 2217 2220 1865
f 2214 2217 1865
f 2125 2129 1866
f 2043 2033 2219
f 2219 2119 2043
f 2119 2219 2118
f 2218 2118 2219
f 2218 1888 2118
f 1889 1888 2218
f 2218 2221 1889
f 1866 2129 2218
f 2218 2129 2221
f 2222 1865 2220
f 2220 2032 2222
f 2219 2032 2220
f 2219 2033 2032
f 1839 2223 1842
f 1842 2223 1030
f 1842 1030 1843
f 1843 1030 2224
f 1843 2224 1022
f 1843 1022 1845
f 1845 1022 1839
f 1839 1022 2223
f 1030 2223 1856
f 1022 2225 2226
f 1022 2226 2223
f 2223 2226 1855
f 2223 1855 1856
f 1030 1856 2224
f 2224 1856 2227
f 2224 2227 2225
f 2224 2225 1022
f 2226 2228 1855
f 2226 2026 2228
f 2225 1905 2226
f 2226 1905 2026
f 1905 2225 1904
f 2225 2120 1904
f 2225 2098 2120
f 2227 2086 2098
f 2227 2098 2225
f 2086 2227 2087
f 1856 2087 2227
f 1856 2229 2087
f 1851 2230 1852
f 1852 2230 2231
f 1852 2231 1848
f 1848 2231 2232
f 1848 2232 1849
f 1849 2232 2233
f 1849 2233 1851
f 1851 2233 2230
f 2230 1928 1854
f 2232 1922 1920
f 2232 1920 1919
f 2232 1919 2233
f 2233 1919 1928
f 2233 1928 2230
f 2230 1854 2231
f 2231 1854 1922
f 2231 1922 2232
f 2166 2234 2235
f 2166 2235 2236
f 2166 2236 2165
f 2165 2236 2237
f 2165 2237 2167
f 2167 2237 2238
f 2167 2238 2168
f 2168 2238 2239
f 2168 2239 2169
f 2169 2239 2240
f 2169 2240 2170
f 2241 2171 2240
f 2240 2171 2170
f 2241 2172 2171
f 2242 2172 2241
f 2242 2174 2172
f 2242 2173 2174
f 2243 2173 2242
f 2243 2175 2173
f 2244 2245 2243
f 2243 2245 2175
f 2235 2234 2244
f 2244 2234 2245
f 2179 2025 2021
f 2021 2025 2019
f 1947 1948 2177
f 2177 1948 1952
f 2002 2012 2003
f 2003 2012 2008
f 2017 2023 2018
f 2018 2023 2024
f 2001 1998 1991
f 1991 1998 1992
f 2006 2007 2009
f 2006 2009 2010
f 1980 1990 1981
f 1981 1990 1987
f 1996 1997 1995
f 1995 1997 1999
f 1979 1975 1969
f 1969 1975 1970
f 1984 1985 1988
f 1984 1988 1989
f 1966 1959 1968
f 1968 1959 1958
f 1973 1976 1974
f 1974 1976 1977
f 1951 1939 1957
f 1957 1939 1938
f 1967 1962 1965
f 1965 1962 1963
f 1944 1933 1954
f 1954 1933 1932
f 1955 1942 1950
f 1950 1942 1943
f 2175 2245 2176
f 2245 2234 2176
f 2176 2234 2178
f 2178 2234 2166
f 1947 2177 2181
f 1947 2181 1946
f 1946 2181 1936
f 1946 1936 1937
f 2014 2013 2186
f 2014 2186 2022
f 2022 2186 2179
f 2022 2179 2021
f 2160 2162 2159
f 1918 1906 1931
f 1906 1918 2246
f 2246 2247 1906
f 2247 2246 2248
f 2248 2246 2249
f 2250 2251 2248
f 2250 2248 2249
f 2251 2250 1909
f 2252 1909 2250
f 2252 1917 1909
f 2252 2253 1917
f 2254 1913 2252
f 2252 1913 2253
f 2254 1914 1913
f 2255 1912 2254
f 2254 1912 1914
f 2256 1911 2255
f 2255 1911 1912
f 2256 1910 1911
f 2257 1910 2256
f 2257 2256 1923
f 1902 2257 1923
f 1918 1921 2258
f 2258 1921 1923
f 2258 1923 2259
f 2259 1923 2256
f 2259 2256 2255
f 2259 2255 2260
f 2260 2255 2254
f 2260 2254 2252
f 2260 2252 2261
f 2261 2252 2250
f 2261 2250 2249
f 2261 2249 2262
f 2262 2249 2246
f 2262 2246 1918
f 2262 1918 2258
f 2263 2264 2265
f 2265 2264 2266
f 2265 2266 2267
f 2265 2267 2268
f 2268 2267 2269
f 2268 2269 2270
f 2270 2269 2271
f 2270 2271 2272
f 2270 2272 2273
f 2273 2272 2263
f 2263 2272 2264
f 2183 2269 2267
f 2183 2267 2184
f 2184 2267 2266
f 2184 2266 2185
f 2185 2266 2274
f 2185 2274 2180
f 2180 2274 2275
f 2180 2275 2182
f 2182 2275 2276
f 2182 2276 2183
f 2183 2276 2269
f 2266 2264 2274
f 2274 2264 2272
f 2274 2272 2275
f 2275 2272 2271
f 2275 2271 2276
f 2276 2271 2269
f 2277 2278 2279
f 2277 2280 2278
f 2277 2281 2280
f 2282 2281 2277
f 2283 2284 2277
f 2277 2285 2283
f 2286 2285 2277
f 2277 2279 2286
f 2279 2240 2286
f 2286 2240 2239
f 2286 2239 2238
f 2286 2238 2285
f 2285 2238 2237
f 2285 2237 2283
f 2283 2237 2236
f 2283 2236 2284
f 2284 2236 2235
f 2284 2235 2277
f 2277 2235 2244
f 2277 2244 2282
f 2282 2244 2243
f 2282 2243 2281
f 2281 2243 2242
f 2281 2242 2280
f 2280 2242 2241
f 2280 2241 2278
f 2278 2241 2240
f 2278 2240 2279
f 2131 2287 2288
f 2131 2288 2133
f 2135 2133 2289
f 2135 2289 2290
f 2135 2290 2137
f 2137 2290 2139
f 2139 2290 2291
f 2139 2291 2292
f 2139 2292 2141
f 2141 2292 2293
f 2141 2293 2143
f 2143 2293 2294
f 2143 2294 2295
f 2143 2295 2146
f 2146 2295 2296
f 2146 2296 2149
f 2149 2297 2151
f 2151 2297 2298
f 2151 2298 2154
f 2154 2298 2299
f 2154 2299 2155
f 2155 2299 2300
f 2155 2300 2158
f 2158 2300 2161
f 2161 2301 2163
f 2163 2301 2302
f 2163 2302 2131
f 2131 2302 2287
f 2302 1817 2287
f 2287 1817 1820
f 2287 1820 2288
f 2288 1820 1828
f 2288 1828 2133
f 2133 1828 2289
f 2289 1828 1791
f 2289 1791 2290
f 2290 1791 1833
f 2290 1833 2291
f 2291 1833 1844
f 2291 1844 2292
f 2292 1844 2293
f 2293 1844 1845
f 2293 1845 2294
f 2294 1845 1846
f 2294 1846 2295
f 2295 1846 1795
f 2295 1795 2296
f 2296 1795 2149
f 2149 1795 1794
f 2149 1794 2297
f 2297 1794 2298
f 2298 1794 1796
f 2298 1796 2299
f 2299 1796 1798
f 2299 1798 2300
f 2300 1798 1805
f 2300 1805 2161
f 2161 1805 1809
f 2161 1809 2301
f 2301 1809 2302
f 2302 1809 1817
f 2229 1856 2089
f 2028 1855 2228
f 2026 2028 2228
f 2087 2229 2089
f 1907 2248 2251
f 2247 2248 1907
f 1906 2247 1907
f 1931 1906 1894
f 1907 2251 1909
f 1913 1917 2253
f 1910 2257 1902
f 1930 1927 1929
f 1926 1854 2029
f 2029 1924 1925
f 2029 1925 1926
f 1893 1931 1894
f 2079 2190 2080
f 2083 2101 2081
f 2094 2102 2096
f 1860 2050 2191
f 2049 2191 2050
f 2052 2054 2196
f 2054 2104 2196
f 2082 2076 2195
f 2082 2195 2104
f 2075 2078 2197
f 1861 2057 2209
f 2057 2056 2209
f 2212 2060 2064
f 2107 2212 2064
f 2055 2211 2107
f 2047 2211 2055
f 2046 2053 2213
f 2069 2205 2070
f 2111 2110 2071
f 2061 2112 2065
f 2062 2206 2063
f 2124 2206 2062
f 2116 2073 2113
f 2068 2067 2201
f 1863 2201 2067
f 1889 2221 2129
f 2032 2041 2222
f 1865 2222 2041
f 2268 2258 2259
f 2268 2259 2265
f 2265 2259 2260
f 2265 2260 2263
f 2263 2260 2261
f 2263 2261 2273
f 2273 2261 2262
f 2273 2262 2270
f 2270 2262 2258
f 2270 2258 2268
f 2303 2304 2305
f 2305 2304 2306
f 2305 2306 2307
f 2307 2306 2308
f 2307 2308 2309
f 2309 2308 2310
f 2309 2310 2311
f 2309 2311 2312
f 2312 2311 2304
f 2312 2304 2303
f 2313 2314 2315
f 2315 2314 2316
f 2315 2316 2317
f 2315 2317 2318
f 2318 2317 2319
f 2318 2319 2320
f 2320 2319 2321
f 2320 2321 2313
f 2313 2321 2314
f 2322 2323 2324
f 2323 2322 2325
f 2325 2322 2326
f 2324 2323 2327
f 2324 2327 2328
f 2324 2328 2329
f 2329 2328 2330
f 2330 2328 2331
f 2330 2331 2326
f 2326 2331 2325
f 2332 2333 2334
f 2334 2333 2335
f 2334 2335 2336
f 2336 2335 2337
f 2336 2337 2338
f 2338 2337 2339
f 2338 2339 2340
f 2340 2339 2341
f 2341 2339 2342
f 2341 2342 2332
f 2332 2342 2333
f 2343 2344 2345
f 2345 2344 2346
f 2345 2346 2347
f 2347 2346 2348
f 2347 2348 2349
f 2349 2348 2350
f 2349 2350 2351
f 2349 2351 2343
f 2343 2351 2344
f 2352 2353 2354
f 2352 2354 2355
f 2355 2354 2356
f 2355 2356 2357
f 2357 2356 2358
f 2357 2358 2359
f 2359 2358 2353
f 2359 2353 2352
f 2360 2361 2362
f 2360 2362 2363
f 2363 2362 2364
f 2363 2364 2365
f 2365 2364 2366
f 2365 2366 2367
f 2367 2366 2368
f 2367 2368 2360
f 2360 2368 2361
f 2369 2370 2371
f 2369 2371 2372
f 2372 2371 2373
f 2372 2373 2374
f 2374 2373 2375
f 2374 2375 2376
f 2376 2375 2377
f 2376 2377 2370
f 2376 2370 2369
f 2378 2379 2380
f 2380 2379 2381
f 2380 2381 2382
f 2380 2382 2383
f 2383 2382 2384
f 2383 2384 2385
f 2383 2385 2378
f 2378 2385 2379
f 2386 2387 2388
f 2388 2387 2389
f 2388 2389 2390
f 2390 2389 2391
f 2390 2391 2392
f 2390 2392 2393
f 2393 2392 2394
f 2393 2394 2386
f 2386 2394 2387
f 2395 2396 2397
f 2397 2396 2398
f 2397 2398 2399
f 2397 2399 2400
f 2400 2399 2401
f 2400 2401 2402
f 2402 2401 2403
f 2402 2403 2395
f 2395 2403 2396
f 2404 2405 2406
f 2404 2406 2407
f 2407 2406 2408
f 2407 2408 2409
f 2407 2409 2410
f 2410 2409 2411
f 2410 2411 2412
f 2410 2412 2413
f 2413 2412 2404
f 2404 2412 2405
f 2414 2415 2416
f 2415 2414 2417
f 2415 2417 2418
f 2418 2417 2419
f 2420 2419 2417
f 2419 2420 2421
f 2419 2421 2422
f 2421 2423 2422
f 2422 2423 2424
f 2423 2425 2424
f 2424 2425 2426
f 2427 2426 2425
f 2426 2427 2428
f 2426 2428 2429
f 2430 2431 2429
f 2430 2429 2428
f 2431 2430 2432
f 2431 2432 2433
f 2434 2433 2432
f 2435 2436 2437
f 2437 2436 2438
f 2437 2438 2415
f 2415 2438 2416
f 2439 2440 2441
f 2441 2440 2442
f 2442 2440 2443
f 2444 2445 2443
f 2443 2445 2442
f 2445 2444 2435
f 2435 2444 2436
f 2433 2434 2446
f 2446 2434 2447
f 2446 2447 2448
f 2449 2450 2451
f 2452 2453 2454
f 2455 2456 2457
f 2458 2459 2355
f 2355 2459 2460
f 2461 2462 2463
f 2464 2465 2466
f 2466 2465 2467
f 2468 2469 2461
f 2461 2469 2470
f 2471 2472 2473
f 2471 2473 2468
f 2468 2473 2469
f 2472 2471 2474
f 2472 2474 2475
f 2475 2474 2476
f 2475 2476 2477
f 2477 2476 2478
f 2477 2478 2479
f 2479 2478 2480
f 2479 2480 2481
f 2481 2480 2482
f 2481 2482 2483
f 2483 2482 2484
f 2484 2482 2485
f 2484 2485 2486
f 2486 2485 2466
f 2486 2466 2487
f 2487 2466 2467
f 2488 2465 2464
f 2488 2464 2489
f 2489 2464 2449
f 2451 2490 2449
f 2449 2490 2489
f 2491 2451 2450
f 2491 2450 2492
f 2492 2450 2454
f 2492 2454 2493
f 2494 2453 2452
f 2494 2452 2495
f 2495 2452 2457
f 2495 2457 2496
f 2497 2456 2455
f 2497 2455 2498
f 2498 2455 2355
f 2498 2355 2499
f 2499 2355 2460
f 2500 2459 2458
f 2500 2458 2501
f 2501 2458 2463
f 2502 2462 2461
f 2502 2461 2470
f 2503 2504 2505
f 2505 2504 2506
f 2505 2506 2507
f 2507 2506 2508
f 2507 2508 2509
f 2509 2508 2510
f 2509 2510 2511
f 2511 2510 2512
f 2511 2512 2513
f 2513 2512 2514
f 2513 2514 2515
f 2515 2514 2516
f 2515 2516 2517
f 2517 2516 2518
f 2517 2518 2519
f 2519 2518 2520
f 2519 2520 2521
f 2521 2520 2522
f 2521 2522 2523
f 2523 2522 2524
f 2523 2524 2525
f 2525 2524 2526
f 2525 2526 2527
f 2527 2526 2528
f 2527 2528 2529
f 2529 2528 2530
f 2529 2530 2531
f 2531 2530 2532
f 2531 2532 2533
f 2533 2532 2534
f 2533 2534 2535
f 2535 2534 2536
f 2535 2536 2537
f 2537 2536 2538
f 2537 2538 2539
f 2539 2538 2540
f 2539 2540 2541
f 2541 2540 2542
f 2541 2542 2543
f 2543 2542 2544
f 2543 2544 2545
f 2545 2544 2546
f 2545 2546 2547
f 2547 2546 2548
f 2547 2548 2549
f 2549 2548 2550
f 2549 2550 2551
f 2551 2550 2552
f 2551 2552 2553
f 2553 2552 2554
f 2553 2554 2555
f 2555 2554 2556
f 2555 2556 2557
f 2557 2556 2558
f 2557 2558 2559
f 2559 2558 2560
f 2559 2560 2561
f 2561 2560 2562
f 2561 2562 2563
f 2563 2562 2564
f 2563 2564 2565
f 2565 2564 2566
f 2565 2566 2567
f 2567 2566 2568
f 2567 2568 2569
f 2569 2568 2570
f 2569 2570 2571
f 2571 2570 2572
f 2571 2572 2573
f 2573 2572 2574
f 2573 2574 2503
f 2503 2574 2504
f 2575 2576 2577
f 2577 2576 2578
f 2577 2578 2579
f 2579 2578 2580
f 2579 2580 2581
f 2581 2580 2582
f 2581 2582 2583
f 2583 2582 2584
f 2583 2584 2585
f 2585 2584 2586
f 2585 2586 2587
f 2587 2586 2588
f 2587 2588 2589
f 2589 2588 2590
f 2589 2590 2591
f 2591 2590 2592
f 2591 2592 2593
f 2593 2592 2594
f 2593 2594 2595
f 2595 2594 2596
f 2595 2596 2597
f 2597 2596 2598
f 2597 2598 2599
f 2599 2598 2600
f 2599 2600 2601
f 2601 2600 2602
f 2601 2602 2603
f 2603 2602 2604
f 2603 2604 2605
f 2605 2604 2606
f 2605 2606 2607
f 2607 2606 2608
f 2607 2608 2609
f 2609 2608 2610
f 2609 2610 2611
f 2611 2610 2612
f 2611 2612 2613
f 2613 2612 2614
f 2613 2614 2615
f 2615 2614 2616
f 2615 2616 2617
f 2617 2616 2618
f 2617 2618 2619
f 2619 2618 2620
f 2619 2620 2621
f 2621 2620 2622
f 2621 2622 2623
f 2623 2622 2624
f 2623 2624 2625
f 2625 2624 2626
f 2625 2626 2627
f 2627 2626 2628
f 2627 2628 2629
f 2629 2628 2630
f 2629 2630 2631
f 2631 2630 2632
f 2631 2632 2633
f 2633 2632 2634
f 2633 2634 2635
f 2635 2634 2636
f 2635 2636 2637
f 2637 2636 2638
f 2637 2638 2639
f 2639 2638 2640
f 2639 2640 2641
f 2641 2640 2642
f 2641 2642 2643
f 2643 2642 2644
f 2643 2644 2645
f 2645 2644 2646
f 2645 2646 2575
f 2575 2646 2576
f 2647 2648 2649
f 2650 2649 2648
f 2651 2652 2650
f 2650 2652 2649
f 2653 2652 2651
f 2654 2652 2653
f 2655 2652 2654
f 2656 2652 2655
f 2656 2657 2652
f 2652 2657 2658
f 2652 2658 2659
f 2659 2658 2660
f 2647 2649 2661
f 2661 2649 2662
f 2662 2649 2663
f 2663 2649 2664
f 2664 2649 2665
f 2664 2665 2666
f 2666 2665 2667
f 2666 2667 2668
f 2668 2667 2669
f 2668 2669 2670
f 2670 2669 2671
f 2670 2671 2672
f 2672 2671 2673
f 2672 2673 2674
f 2674 2673 2675
f 2674 2675 2676
f 2676 2675 2677
f 2676 2677 2678
f 2678 2677 2679
f 2678 2679 2680
f 2680 2679 2681
f 2680 2681 2682
f 2682 2681 2683
f 2682 2683 2684
f 2684 2683 2685
f 2684 2685 2686
f 2686 2685 2687
f 2686 2687 2688
f 2688 2687 2689
f 2688 2689 2690
f 2690 2689 2691
f 2690 2691 2692
f 2692 2691 2693
f 2692 2693 2694
f 2694 2693 2695
f 2694 2695 2696
f 2696 2695 2697
f 2696 2697 2698
f 2698 2697 2699
f 2698 2699 2700
f 2700 2699 2701
f 2700 2701 2702
f 2702 2701 2703
f 2702 2703 2704
f 2704 2703 2705
f 2704 2705 2706
f 2706 2705 2659
f 2706 2659 2660
f 2707 2708 2709
f 2709 2708 2710
f 2709 2710 2711
f 2711 2710 2712
f 2712 2710 2713
f 2713 2710 2714
f 2714 2710 2715
f 2715 2710 2716
f 2716 2710 2717
f 2717 2710 2718
f 2718 2710 2719
f 2718 2719 2720
f 2720 2719 2721
f 2721 2719 2722
f 2722 2719 2723
f 2723 2719 2724
f 2724 2719 2725
f 2725 2719 2726
f 2726 2719 2727
f 2726 2727 2728
f 2728 2727 2729
f 2729 2727 2730
f 2730 2727 2731
f 2731 2727 2732
f 2732 2727 2733
f 2733 2727 2734
f 2734 2727 2735
f 2735 2727 2736
f 2736 2727 2737
f 2737 2727 2738
f 2737 2738 2739
f 2739 2738 2740
f 2740 2738 2741
f 2741 2738 2742
f 2742 2738 2743
f 2743 2738 2744
f 2744 2738 2708
f 2744 2708 2745
f 2745 2708 2746
f 2746 2708 2747
f 2747 2708 2707
f 2748 2749 2750
f 2750 2749 2751
f 2752 2753 2754
f 2752 2754 2755
f 2755 2754 2756
f 2757 2758 2759
f 2759 2758 2760
f 2761 2762 2763
f 2764 2765 2766
f 2767 2768 2769
f 2769 2768 2770
f 2771 2770 2772
f 2772 2770 2768
f 2772 2768 2773
f 2774 2775 2776
f 2774 2776 2777
f 2777 2776 2778
f 2779 2780 2781
f 2782 2783 2780
f 2780 2783 2781
f 2784 2785 2786
f 2786 2785 2787
f 2786 2787 2788
f 2789 2790 2791
f 2792 2793 2794
f 2795 2796 2797
f 2797 2796 2798
f 2799 2800 2801
f 2802 2803 2804
f 2804 2803 2805
f 2806 2807 2805
f 2805 2807 2804
f 2808 2809 2810
f 2811 2812 2809
f 2809 2812 2810
f 2813 2814 2815
f 2815 2814 2816
f 2817 2818 2819
f 2820 2821 2818
f 2818 2817 2820
f 2822 2823 2824
f 2825 2823 2822
f 2822 2824 2826
f 2827 2828 2829
f 2830 2831 2829
f 2829 2831 2827
f 2832 2833 2834
f 2833 2835 2834
f 2834 2835 2836
f 2837 2838 2839
f 2839 2838 2840
f 2840 2841 2839
f 2842 2843 2844
f 2844 2843 2845
f 2846 2847 2848
f 2849 2847 2846
f 2849 2850 2847
f 2850 2851 2847
f 2852 2847 2851
f 2847 2852 2853
f 2847 2853 2848
f 2848 2853 2793
f 2848 2793 2792
f 2848 2792 2854
f 2794 2855 2792
f 2792 2855 2854
f 2851 2855 2794
f 2851 2850 2855
f 2856 2857 2858
f 2857 2856 2859
f 2859 2860 2861
f 2859 2856 2860
f 2856 2858 2862
f 2863 2864 2865
f 2866 2867 2868
f 2869 2870 2871
f 2871 2872 2869
f 2873 2874 2875
f 2876 2877 2874
f 2878 2874 2877
f 2756 2879 2755
f 2755 2879 2880
f 2881 2882 2883
f 2884 2882 2881
f 2884 2879 2882
f 2885 2770 2886
f 2886 2770 2771
f 2886 2777 2885
f 2885 2777 2778
f 2887 2888 2889
f 2884 2887 2879
f 2888 2887 2884
f 2757 2759 2890
f 2757 2880 2758
f 2758 2880 2879
f 2891 2892 2893
f 2887 2889 2894
f 2889 2895 2894
f 2894 2895 2891
f 2894 2891 2893
f 2758 2879 2896
f 2896 2879 2887
f 2896 2887 2897
f 2897 2887 2894
f 2896 2898 2760
f 2896 2760 2758
f 2899 2900 2901
f 2902 2900 2899
f 2903 2904 2905
f 2903 2905 2906
f 2906 2905 2907
f 2906 2907 2908
f 2908 2907 2877
f 2908 2877 2876
f 2876 2874 2873
f 2909 2910 2911
f 2911 2912 2909
f 2909 2913 2910
f 2914 2757 2890
f 2915 2916 2917
f 2917 2916 2918
f 2917 2898 2919
f 2915 2917 2919
f 2920 2879 2756
f 2882 2921 2922
f 2879 2920 2921
f 2879 2921 2882
f 2920 2756 2754
f 2918 2754 2753
f 2918 2920 2754
f 2883 2882 2922
f 2922 2923 2883
f 2924 2925 2926
f 2924 2926 2922
f 2922 2926 2923
f 2927 2752 2755
f 2927 2755 2928
f 2929 2759 2782
f 2760 2917 2759
f 2917 2760 2898
f 2753 2917 2918
f 2782 2759 2917
f 2782 2917 2753
f 2753 2752 2782
f 2782 2752 2783
f 2930 2771 2772
f 2930 2772 2931
f 2931 2772 2773
f 2886 2930 2932
f 2886 2771 2930
f 2932 2930 2933
f 2932 2933 2934
f 2934 2933 2935
f 2936 2934 2935
f 2935 2937 2936
f 2763 2938 2761
f 2938 2937 2761
f 2761 2937 2935
f 2939 2940 2941
f 2939 2941 2942
f 2942 2941 2943
f 2942 2943 2765
f 2942 2765 2764
f 2764 2766 2761
f 2761 2766 2762
f 2944 2945 2946
f 2946 2945 2775
f 2946 2768 2947
f 2944 2946 2947
f 2885 2778 2948
f 2885 2948 2949
f 2949 2948 2950
f 2949 2950 2951
f 2949 2951 2952
f 2948 2778 2776
f 2948 2776 2953
f 2953 2776 2775
f 2954 2774 2777
f 2954 2777 2955
f 2956 2957 2958
f 2959 2960 2961
f 2962 2963 2964
f 2964 2963 2965
f 2965 2963 2966
f 2962 2964 2967
f 2967 2964 2968
f 2967 2968 2957
f 2965 2966 2969
f 2959 2961 2969
f 2969 2961 2970
f 2969 2970 2965
f 2961 2960 2971
f 2961 2971 2972
f 2973 2974 2975
f 2958 2976 2956
f 2956 2977 2957
f 2957 2977 2967
f 2971 2978 2972
f 2972 2978 2979
f 2979 2980 2981
f 2979 2981 2972
f 2980 2982 2983
f 2980 2983 2973
f 2973 2983 2974
f 2982 2980 2979
f 2976 2958 2984
f 2984 2958 2975
f 2975 2958 2985
f 2975 2985 2973
f 2986 2952 2951
f 2951 2987 2986
f 2988 2989 2990
f 2988 2990 2987
f 2988 2987 2951
f 2769 2885 2949
f 2991 2992 2769
f 2769 2949 2991
f 2993 2994 2995
f 2995 2994 2991
f 2991 2994 2992
f 2991 2949 2952
f 2770 2885 2769
f 2993 2995 2996
f 2940 2939 2997
f 2993 2996 2939
f 2939 2996 2997
f 2762 2766 2998
f 2765 2943 2999
f 2998 2765 2999
f 2766 2765 2998
f 3000 2763 2762
f 2998 3000 2762
f 2999 3000 2998
f 2881 2999 2941
f 2881 2941 2940
f 2881 3000 2999
f 2941 2999 2943
f 2884 2881 2888
f 3001 2875 2874
f 2907 2904 3002
f 3002 2904 2888
f 2905 2904 2907
f 3001 2874 2878
f 2888 3001 2878
f 2888 2878 3002
f 2878 2877 3002
f 3002 2877 2907
f 3003 3004 2873
f 3003 3005 3004
f 3003 2873 2875
f 3006 3007 3008
f 3009 3010 3011
f 3010 3009 3006
f 3010 3006 3008
f 3012 3013 3014
f 3014 3013 3015
f 3014 3015 3016
f 3014 3016 3007
f 3007 3016 3008
f 3017 3018 3019
f 3019 3018 3020
f 3013 3012 3021
f 3020 3022 3019
f 3013 3021 3022
f 3013 3022 3020
f 3023 3024 3025
f 3024 3023 3026
f 3024 3026 3018
f 3026 3020 3018
f 3023 3025 3027
f 3027 3025 3028
f 3029 3027 3028
f 3025 3024 3030
f 3030 3024 3031
f 2788 2774 3032
f 2788 2946 2775
f 2788 2775 2774
f 2787 2773 2788
f 2788 2773 2946
f 2946 2773 2768
f 3033 3034 3035
f 2781 2785 2784
f 2784 3036 2779
f 2784 2779 2781
f 3037 2779 3036
f 3037 3036 3038
f 3038 3036 3039
f 3038 3039 3040
f 3038 3040 3034
f 3034 3040 3035
f 3041 3033 3035
f 3033 3041 3042
f 3043 3044 3042
f 3043 3042 3041
f 3045 3046 3047
f 3048 3049 3050
f 3051 3052 3053
f 3054 3055 3056
f 3056 3055 3057
f 3058 3059 3060
f 3061 3062 3063
f 3063 3062 3064
f 3063 3065 3066
f 3063 3064 3065
f 3067 3068 3069
f 3067 3069 3070
f 3069 3068 3071
f 3072 3073 3074
f 3072 3074 3075
f 3072 3075 3076
f 3077 3078 3079
f 3079 3078 3080
f 3081 3082 3083
f 3081 3083 2790
f 3081 2790 2789
f 3081 2789 3084
f 3084 2789 3085
f 2791 3085 2789
f 3086 3085 2791
f 3086 3087 3085
f 3088 3087 3086
f 3088 3082 3087
f 3083 3082 3088
f 3089 3082 3081
f 3090 3091 3092
f 3092 3091 3093
f 3092 3094 3090
f 3093 3095 3096
f 3093 3096 3097
f 3091 3095 3093
f 3098 3088 3099
f 3098 3083 3088
f 3099 3088 3086
f 2790 3083 2853
f 2793 2853 3098
f 3098 2853 3083
f 3043 2851 3044
f 3044 2851 2794
f 3044 2794 3098
f 3098 2794 2793
f 3099 3086 3043
f 3043 3086 2791
f 2853 2852 2790
f 3043 2791 2790
f 2790 2852 3043
f 3043 2852 2851
f 3100 3101 3102
f 3103 3100 3102
f 3100 3104 3101
f 3105 3106 3107
f 3108 3107 3109
f 3105 3107 3108
f 3110 3111 3112
f 3110 3113 3114
f 3114 3111 3110
f 3115 3116 3117
f 3118 3119 3120
f 3120 3119 3121
f 3122 3123 3124
f 3124 3123 3125
f 3124 3125 3126
f 3126 3125 3098
f 3126 3098 3099
f 3127 3128 3129
f 3130 3131 3127
f 3127 3131 3128
f 3130 3132 3131
f 3133 3134 3135
f 3136 3137 3133
f 3133 3137 3134
f 3133 3135 3138
f 3133 3138 3139
f 3140 3139 3138
f 3139 3140 3141
f 3142 3143 3141
f 3141 3143 3139
f 3142 3144 3143
f 3145 3146 3147
f 3148 3149 3147
f 3147 3149 3145
f 3147 3146 3150
f 3147 3150 3151
f 3151 3150 3152
f 3152 3153 3151
f 3154 3123 3155
f 3154 3155 3156
f 3154 3156 3157
f 3157 3156 3158
f 3159 3158 3156
f 3158 3160 3157
f 3154 3157 3161
f 3127 3129 3162
f 3127 3162 3163
f 3164 3163 3162
f 3164 3165 3163
f 3165 3164 3166
f 3167 3168 3169
f 3167 3169 3170
f 3167 3170 3171
f 3168 3167 3172
f 3172 3167 3173
f 3174 3172 3173
f 3174 3173 3175
f 3175 3173 3176
f 3177 3178 3179
f 3177 3179 3180
f 3177 3180 3176
f 3176 3180 3175
f 3171 3170 3177
f 3177 3170 3178
f 3181 3182 3183
f 3183 3182 3184
f 3185 3186 3187
f 3187 3186 3182
f 3187 3182 3181
f 3188 3189 3186
f 3188 3186 3185
f 3190 3191 3192
f 3189 3188 3191
f 3191 3188 3192
f 3191 3190 3193
f 3193 3190 3194
f 3193 3194 3184
f 3184 3194 3183
f 3195 3196 3197
f 3197 3196 3198
f 3197 3198 3199
f 3199 3198 3200
f 3199 3200 3201
f 3201 3200 3202
f 3202 3200 3203
f 3203 3200 3204
f 3203 3204 3205
f 3203 3205 3206
f 3206 3205 3207
f 3207 3205 3208
f 3207 3208 3209
f 3209 3208 3210
f 3209 3210 3195
f 3195 3210 3196
f 3211 3212 3213
f 3213 3212 3214
f 3213 3214 3215
f 3215 3214 3216
f 3216 3214 3217
f 3216 3217 3218
f 3218 3217 3219
f 3218 3219 3220
f 3220 3219 3221
f 3221 3219 3222
f 3221 3222 3211
f 3211 3222 3212
f 3223 3224 3225
f 3224 3223 3226
f 3226 3223 3227
f 3226 3227 3228
f 3228 3227 3229
f 3228 3229 3230
f 3230 3229 3231
f 3231 3232 3230
f 3232 3231 3233
f 3233 3231 3234
f 3233 3234 3235
f 3235 3234 3236
f 3235 3236 3225
f 3225 3236 3223
f 3237 3238 3239
f 3239 3238 3240
f 3239 3240 3241
f 3241 3240 3136
f 3136 3240 3137
f 3242 3243 3130
f 3130 3243 3132
f 3243 3242 3244
f 3244 3242 3245
f 3242 3165 3245
f 3245 3165 3166
f 3123 3154 3161
f 3161 3246 3123
f 3123 3246 3125
f 3246 3247 3098
f 3246 3098 3125
f 3044 3098 3247
f 3044 3247 3248
f 3249 3250 3251
f 3251 3250 3252
f 3251 3252 3253
f 3253 3252 3254
f 3253 3254 3255
f 3255 3254 3256
f 3257 2854 2855
f 2846 2848 3258
f 3258 2848 3259
f 2854 3257 3259
f 3259 2848 2854
f 3258 3259 3260
f 3258 3260 3261
f 3261 3260 3262
f 3262 3260 3263
f 3264 3265 3266
f 3266 3265 3267
f 3266 3267 3268
f 3269 3270 3271
f 3271 3270 3272
f 3272 3270 3273
f 3273 3274 3272
f 3274 3273 3275
f 3275 3273 3276
f 3275 3276 3277
f 3277 3276 3278
f 3279 3280 3281
f 3282 3153 3152
f 3153 3282 3279
f 3153 3279 3281
f 3281 3280 3283
f 3283 3280 3284
f 3285 3286 3284
f 3284 3286 3283
f 3286 3285 3148
f 3148 3285 3149
f 3238 3237 3142
f 3142 3237 3144
f 3287 3288 3289
f 3289 3290 3291
f 3289 3291 3287
f 3292 3293 3288
f 3292 3288 3287
f 3294 3295 3296
f 3294 3296 3292
f 3292 3296 3293
f 3297 3298 3299
f 3298 3297 3294
f 3294 3297 3295
f 3277 3278 3300
f 3300 3278 3301
f 3302 3303 3304
f 3302 3304 3301
f 3301 3304 3300
f 3270 3269 3302
f 3302 3269 3303
f 3305 3306 3307
f 3268 3267 3306
f 3306 3267 3307
f 3305 3308 3306
f 3308 3305 3309
f 3309 3305 3310
f 3309 3310 3311
f 3309 3311 3312
f 3312 3311 3313
f 3314 3315 3312
f 3312 3313 3316
f 3312 3316 3314
f 3314 3317 3315
f 3265 3264 3318
f 3318 3264 3317
f 3318 3317 3314
f 3262 3263 3319
f 3319 3263 3320
f 3321 3322 3320
f 3320 3322 3319
f 3321 2855 3322
f 3322 2855 2850
f 2850 2849 3322
f 3257 2855 3321
f 3323 3324 3325
f 3256 3254 3324
f 3324 3254 3325
f 3323 3326 3324
f 3326 3323 3327
f 3327 3323 3328
f 3327 3328 3329
f 3327 3329 3330
f 3330 3329 3331
f 3332 3333 3334
f 3332 3334 3331
f 3331 3334 3330
f 3249 3335 3250
f 3336 3335 3249
f 3336 3337 3335
f 3338 3337 3336
f 3337 3333 3332
f 3337 3338 3333
f 3034 3033 3339
f 3339 3033 3042
f 3339 3042 3340
f 3340 3042 3044
f 3340 3044 3248
f 3341 3342 2779
f 2779 3342 2780
f 2780 3342 2929
f 2780 2929 2782
f 3343 3344 3345
f 3345 3344 3346
f 3345 3346 3347
f 3347 3346 3348
f 3349 3350 3347
f 3349 3347 3348
f 3351 3352 3349
f 3349 3352 3350
f 3353 3354 3355
f 3353 3355 3351
f 3351 3355 3352
f 3354 3353 3343
f 3343 3353 3344
f 3356 3357 3358
f 3356 3358 3359
f 3357 3356 3360
f 3359 3358 3361
f 3361 3358 3362
f 3363 3362 3364
f 3364 3362 3365
f 3363 3361 3362
f 3364 3365 3366
f 3366 3365 3367
f 3368 3369 3370
f 3370 3369 3367
f 3367 3369 3366
f 3357 3360 3370
f 3370 3360 3368
f 3299 3290 3371
f 3371 3297 3299
f 3371 3290 3289
f 2900 3372 2913
f 2913 3372 3373
f 3374 3375 3376
f 3376 3375 2911
f 2910 3373 3376
f 2910 3376 2911
f 2913 3373 2910
f 3375 3374 3377
f 3375 3377 3378
f 2903 3379 2904
f 3375 3378 2903
f 2903 3378 3379
f 3380 3381 3382
f 3380 3383 3381
f 3381 3384 3385
f 3381 3385 3382
f 3382 3385 3386
f 3382 3387 3380
f 3383 3388 3389
f 3383 3389 3381
f 3381 3389 3390
f 3381 3390 3384
f 3384 3390 3391
f 3384 3391 3385
f 3385 3391 3392
f 3385 3392 3386
f 3386 3392 3393
f 3386 3393 3382
f 3382 3393 3394
f 3382 3394 3387
f 3387 3394 3395
f 3387 3395 3380
f 3380 3395 3388
f 3380 3388 3383
f 3395 3396 3388
f 3397 3396 3395
f 3388 3396 3398
f 3388 3398 3389
f 3389 3398 3399
f 3389 3399 3390
f 3390 3399 3400
f 3390 3400 3391
f 3391 3400 3401
f 3391 3401 3392
f 3392 3401 3402
f 3392 3402 3393
f 3393 3402 3403
f 3393 3403 3394
f 3394 3403 3404
f 3394 3404 3397
f 3394 3397 3395
f 3405 3406 3407
f 3408 3409 3406
f 3406 3409 3407
f 3407 3409 3410
f 3407 3410 3411
f 3411 3410 2928
f 3411 2928 2880
f 2755 2880 2928
f 2925 2924 3412
f 2925 3412 3413
f 3413 3412 3414
f 3413 3414 3415
f 3415 3414 3416
f 3417 3413 3415
f 3418 2934 2936
f 2936 2925 3418
f 3418 2925 3413
f 2925 2936 2937
f 2925 2937 2926
f 2926 2937 2923
f 2923 2937 2938
f 2923 2938 2883
f 2883 2938 2763
f 2763 3000 2883
f 2883 3000 2881
f 3418 3413 3417
f 3417 3419 3418
f 3420 3421 3419
f 3421 3422 3419
f 3419 3422 3418
f 3422 2955 3418
f 2955 2932 3418
f 3418 2932 2934
f 2955 2777 2932
f 2932 2777 2886
f 2989 2988 3423
f 2989 3423 3424
f 3424 3423 3425
f 3424 3425 3426
f 3426 3425 3427
f 3428 3018 3017
f 3429 3018 3428
f 3429 3024 3018
f 3430 3431 3432
f 3374 3431 2892
f 3431 3430 2892
f 3374 2892 3377
f 3377 2892 2891
f 3377 2891 3378
f 3378 2891 2895
f 3378 2895 3379
f 3379 2895 2889
f 3379 2889 2904
f 2888 2904 2889
f 3433 3434 3430
f 3430 3434 2892
f 3433 3435 3436
f 3433 3436 3434
f 3434 3436 3437
f 3434 3437 2892
f 2892 3437 2893
f 2880 2757 2914
f 2880 2914 3411
f 3411 2914 3438
f 3411 3438 3407
f 3438 3439 3407
f 3407 3439 3405
f 3439 3440 3405
f 3441 3372 2900
f 3441 2900 3442
f 3442 3443 3441
f 2900 3444 3442
f 3442 3444 3445
f 3445 3444 3446
f 3445 3446 3005
f 3004 3005 3446
f 3447 3373 3448
f 3448 3373 3372
f 2909 2901 2900
f 2909 2900 2913
f 3447 3448 3449
f 3449 3448 3450
f 3449 3450 3451
f 3452 3453 3454
f 3452 3454 3455
f 3452 3455 3456
f 3452 3456 3457
f 3452 3457 3458
f 3458 3457 3459
f 3458 3459 3460
f 3458 3460 3461
f 3458 3461 3462
f 3458 3462 3463
f 3458 3463 3464
f 3465 3464 3466
f 3466 3464 3467
f 3467 3464 3468
f 3468 3464 3463
f 3464 3465 3469
f 3464 3469 3470
f 3464 3470 3471
f 3464 3471 3472
f 3464 3472 3473
f 3464 3473 3474
f 3464 3474 3475
f 3464 3475 3476
f 3476 3475 3477
f 3476 3477 3478
f 3476 3478 3479
f 3476 3479 3480
f 3476 3480 3481
f 3476 3481 3482
f 3476 3482 3483
f 3483 3482 3484
f 3483 3484 3485
f 3483 3485 3486
f 3483 3486 3487
f 3483 3487 3488
f 3483 3488 3489
f 3483 3489 3490
f 3483 3490 3491
f 3483 3491 3492
f 3483 3492 3493
f 3494 3483 3493
f 3495 3496 3494
f 3496 3483 3494
f 3497 3496 3498
f 3498 3496 3499
f 3499 3496 3500
f 3500 3496 3495
f 3453 3452 3501
f 3501 3452 3496
f 3501 3496 3502
f 3502 3496 3503
f 3503 3496 3504
f 3504 3496 3505
f 3505 3496 3497
f 3506 3507 3508
f 3509 3508 3507
f 3508 3509 3510
f 3508 3510 3511
f 3508 3511 3512
f 3508 3512 3513
f 3508 3513 3514
f 3508 3514 3515
f 3508 3515 3516
f 3508 3516 3517
f 3517 3516 3518
f 3517 3518 3519
f 3517 3519 3520
f 3517 3520 3521
f 3517 3521 3522
f 3517 3522 3523
f 3517 3523 3524
f 3517 3524 3525
f 3526 3517 3525
f 3527 3528 3529
f 3529 3528 3517
f 3529 3517 3526
f 3528 3527 3530
f 3528 3530 3531
f 3528 3531 3532
f 3528 3532 3533
f 3528 3533 3534
f 3528 3534 3535
f 3528 3535 3536
f 3536 3535 3537
f 3536 3537 3538
f 3536 3538 3539
f 3536 3539 3540
f 3540 3539 3541
f 3540 3541 3542
f 3540 3542 3543
f 3540 3543 3544
f 3540 3544 3545
f 3546 3547 3545
f 3547 3540 3545
f 3548 3547 3549
f 3549 3547 3550
f 3550 3547 3551
f 3551 3547 3546
f 3506 3508 3552
f 3552 3508 3547
f 3552 3547 3553
f 3553 3547 3554
f 3554 3547 3555
f 3555 3547 3556
f 3556 3547 3548
f 3437 3436 3557
f 3557 3436 3435
f 3558 2893 3437
f 3558 3437 3557
f 2894 2893 3559
f 3559 2893 3558
f 2896 2897 3559
f 3559 2897 2894
f 2898 2896 3559
f 2901 3560 2899
f 3444 2900 2902
f 3446 3444 2902
f 3561 3004 3446
f 3561 3446 2902
f 2873 3004 3562
f 3562 3004 3561
f 2903 2906 3563
f 3563 2906 2908
f 2908 2876 3562
f 3562 2876 2873
f 3563 2908 3562
f 3375 2903 3564
f 2912 2911 3564
f 2911 3375 3564
f 2912 3565 2909
f 3565 2929 3566
f 3566 2929 3342
f 2759 2929 2890
f 3438 2914 2890
f 3440 3439 3438
f 3567 3568 3569
f 3567 3569 3570
f 3567 3570 3571
f 3567 3571 3572
f 3567 3572 3573
f 3567 3573 3574
f 3567 3574 3575
f 3567 3575 3576
f 3567 3576 3577
f 3567 3577 3578
f 3567 3578 3579
f 3567 3579 3580
f 3580 3579 3581
f 3580 3581 3582
f 3582 3583 3580
f 3580 3583 3584
f 3580 3584 3585
f 3580 3585 3586
f 3580 3586 3587
f 3580 3587 3588
f 3588 3587 3589
f 3588 3589 3590
f 3588 3590 3591
f 3588 3591 3592
f 3588 3592 3593
f 3588 3593 3594
f 3588 3594 3595
f 3588 3595 3596
f 3596 3597 3588
f 3588 3597 3598
f 3598 3597 3599
f 3598 3599 3600
f 3598 3600 3601
f 3598 3601 3602
f 3598 3602 3603
f 3598 3603 3604
f 3604 3603 3605
f 3604 3605 3606
f 3606 3607 3604
f 3604 3607 3608
f 3604 3608 3609
f 3604 3609 3610
f 3610 3609 3611
f 3610 3611 3612
f 3610 3612 3613
f 3610 3613 3614
f 3610 3614 3615
f 3610 3615 3616
f 3610 3616 3617
f 3610 3617 3618
f 3610 3618 3619
f 3610 3619 3567
f 3567 3619 3620
f 3567 3620 3568
f 3621 3622 3623
f 3621 3623 3624
f 3621 3624 3625
f 3621 3625 2915
f 2915 3625 3626
f 2915 3626 3627
f 2915 3627 3628
f 2915 3628 3629
f 2915 3629 3630
f 2915 3630 3631
f 2915 3631 3632
f 2915 3632 3633
f 3633 3632 3634
f 3633 3634 3635
f 3633 3635 3636
f 3633 3636 3637
f 3633 3637 3638
f 3633 3638 3639
f 3633 3639 3640
f 3633 3640 3641
f 3641 3640 3642
f 3641 3642 3643
f 3641 3643 3644
f 3641 3644 3645
f 3645 3646 3641
f 3641 3646 3647
f 3641 3647 3648
f 3641 3648 3649
f 3641 3649 3650
f 3641 3650 3651
f 3641 3651 3652
f 3652 3651 3653
f 3652 3653 3654
f 3652 3654 3655
f 3652 3655 3656
f 3652 3656 3657
f 3652 3657 3658
f 3652 3658 3659
f 3652 3659 3660
f 3652 3660 3661
f 3661 3662 3652
f 3652 3662 3663
f 3652 3663 3664
f 3652 3664 3665
f 3652 3665 3666
f 3666 3665 3667
f 3666 3667 3668
f 3666 3668 3669
f 3666 3669 3670
f 3666 3670 3671
f 3666 3671 3672
f 3666 3672 3673
f 3666 3673 3674
f 3666 3674 3675
f 3666 3675 3676
f 3666 3676 3677
f 3666 3677 3621
f 3621 3677 3622
f 3678 2922 2921
f 2921 2920 2918
f 2922 3679 2924
f 2922 3678 3679
f 3416 3414 3680
f 3681 3414 3412
f 3412 2924 3679
f 3680 3414 3681
f 3681 3412 3679
f 3680 3682 3416
f 3416 3682 3408
f 2928 3410 2927
f 2927 3410 3682
f 3410 3409 3682
f 3409 3408 3682
f 2927 2783 2752
f 2783 2787 2781
f 2781 2787 2785
f 2935 2933 3683
f 3683 2933 2931
f 2931 2933 2930
f 2761 2935 3683
f 2761 3683 3684
f 3685 2939 2942
f 2942 2764 3684
f 3684 2764 2761
f 3685 2942 3684
f 2993 2939 3685
f 2769 2992 2767
f 2947 2768 2767
f 3686 3687 3688
f 3689 3688 3687
f 3688 3689 3690
f 3688 3690 3691
f 3688 3691 3692
f 3688 3692 3693
f 3688 3693 3694
f 3688 3694 3695
f 3688 3695 3696
f 3688 3696 3697
f 3697 3696 3698
f 3697 3698 3699
f 3697 3699 3700
f 3697 3700 3701
f 3697 3701 3702
f 3697 3702 3703
f 3697 3703 3704
f 3697 3704 3705
f 3706 3697 3705
f 3707 3708 3709
f 3709 3708 3697
f 3709 3697 3710
f 3710 3697 3711
f 3711 3697 3706
f 3708 3707 3712
f 3708 3712 3713
f 3708 3713 3714
f 3708 3714 3715
f 3708 3715 3716
f 3708 3716 3717
f 3708 3717 3718
f 3708 3718 3719
f 3708 3719 3720
f 3720 3719 3721
f 3720 3721 3722
f 3720 3722 3723
f 3720 3723 3724
f 3720 3724 3725
f 3720 3725 2944
f 2944 3725 3726
f 2944 3726 3727
f 2944 3727 3728
f 2944 3728 3729
f 2944 3729 3730
f 2944 3730 3731
f 2944 3731 3732
f 2944 3732 3733
f 2944 3733 3734
f 2944 3734 3735
f 3736 3737 3735
f 3737 2944 3735
f 3738 3737 3739
f 3739 3737 3740
f 3740 3737 3741
f 3741 3737 3736
f 3686 3688 3742
f 3742 3688 3743
f 3743 3688 3744
f 3744 3688 3737
f 3744 3737 3745
f 3745 3737 3746
f 3746 3737 3747
f 3747 3737 3748
f 3748 3737 3738
f 3749 3750 3751
f 3751 3750 3752
f 3751 3752 3753
f 3751 3753 3754
f 3751 3754 3755
f 3751 3755 3756
f 3751 3756 3757
f 3751 3757 3758
f 3751 3758 3759
f 3759 3758 3760
f 3759 3760 3761
f 3759 3761 3762
f 3759 3762 3763
f 3759 3763 3764
f 3759 3764 3765
f 3759 3765 3766
f 3767 3759 3766
f 3768 3769 3770
f 3770 3769 3759
f 3770 3759 3771
f 3771 3759 3772
f 3772 3759 3767
f 3769 3768 3773
f 3769 3773 3774
f 3769 3774 3775
f 3769 3775 3776
f 3769 3776 3777
f 3769 3777 3778
f 3769 3778 3779
f 3779 3778 3780
f 3779 3780 3781
f 3779 3781 3782
f 3779 3782 3783
f 3779 3783 3784
f 3779 3784 3785
f 3779 3785 3786
f 3786 3785 3787
f 3786 3787 3788
f 3786 3788 3789
f 3786 3789 3790
f 3786 3790 3791
f 3786 3791 3792
f 3786 3792 3793
f 3786 3793 3794
f 3786 3794 3795
f 3786 3795 3796
f 3797 3786 3796
f 3798 3799 3797
f 3799 3786 3797
f 3800 3799 3801
f 3801 3799 3802
f 3802 3799 3798
f 3749 3751 3803
f 3803 3751 3804
f 3804 3751 3805
f 3805 3751 3799
f 3805 3799 3806
f 3806 3799 3807
f 3807 3799 3808
f 3808 3799 3809
f 3809 3799 3800
f 3026 3023 3027
f 3810 3020 3026
f 3810 3026 3027
f 3810 3811 3020
f 3020 3811 3013
f 3812 3008 3016
f 3812 3016 3015
f 3811 3015 3013
f 3812 3813 3008
f 3008 3813 3010
f 3814 3815 3816
f 3816 3815 3813
f 3813 3815 3010
f 3817 3818 3816
f 3818 3814 3816
f 2775 2945 2953
f 3819 2951 2950
f 2953 2950 2948
f 3819 2950 2953
f 2951 3819 3820
f 3820 2988 2951
f 3427 3425 3821
f 3822 3425 3423
f 3423 2988 3820
f 3821 3425 3822
f 3822 3423 3820
f 3821 3420 3427
f 2955 3422 2954
f 2954 3422 3421
f 2954 3032 2774
f 3823 3824 2965
f 2965 3824 2964
f 3825 3826 3827
f 3828 3829 2964
f 3826 3830 3827
f 3827 3830 3831
f 3827 3831 3832
f 3827 3832 3833
f 3827 3833 3824
f 3824 3833 3834
f 3824 3834 3835
f 3824 3835 3836
f 3836 3837 3824
f 3824 3837 3838
f 3824 3838 3839
f 3839 3840 3824
f 3824 3840 3841
f 3824 3841 2964
f 2964 3841 3842
f 2964 3842 3828
f 3843 3844 3845
f 3846 3847 3848
f 3848 3847 3849
f 3848 3849 3850
f 3850 3849 3851
f 3845 3844 3849
f 3849 3844 3852
f 3849 3852 3851
f 3846 3848 3853
f 3853 3848 3854
f 3853 3854 3829
f 3829 3854 3855
f 3829 3855 3856
f 3857 3858 2964
f 3856 3859 3829
f 3829 3859 3860
f 3829 3860 2964
f 2964 3860 3861
f 2964 3861 3857
f 3858 3862 2964
f 2964 3862 3863
f 2964 3863 3864
f 3864 3865 2964
f 2964 3865 3866
f 2964 3866 3867
f 3867 3868 2964
f 2964 3868 3869
f 3870 2968 3871
f 3871 2968 2964
f 3871 2964 3869
f 2968 3870 3872
f 3873 2957 3874
f 3872 3875 2968
f 2968 3875 3876
f 2968 3876 3877
f 2968 3877 3878
f 2968 3878 2957
f 2957 3878 3874
f 2957 3873 3879
f 2957 3879 3880
f 3880 3881 2957
f 2957 3881 3882
f 2957 3882 3883
f 3883 3884 2957
f 2957 3884 3885
f 2957 3885 3886
f 3886 3887 2957
f 2957 3887 3888
f 2957 3888 3889
f 3889 3888 3890
f 3889 3890 3891
f 3891 3892 3889
f 3889 3892 3893
f 3889 3893 3894
f 3894 3893 3895
f 3894 3895 3896
f 3897 3898 3899
f 3900 3901 3902
f 3899 3903 3897
f 3897 3903 3900
f 3897 3900 3902
f 3845 3904 3843
f 3843 3904 3905
f 3843 3905 3906
f 3906 3905 3907
f 3906 3907 3901
f 3901 3907 3908
f 3901 3908 3902
f 3898 3897 3895
f 3895 3897 3909
f 3895 3909 3896
f 3889 3910 2957
f 2957 3910 3911
f 2957 3911 3912
f 2957 3912 3913
f 3913 3912 3914
f 3913 3914 3915
f 3915 3916 3913
f 3913 3916 3917
f 3913 3917 3918
f 3918 3919 3913
f 3913 3919 3920
f 3913 3920 3921
f 3921 3922 3913
f 3913 3922 3827
f 3827 3922 3923
f 3827 3923 3924
f 3827 3924 3925
f 3827 3925 3825
f 3913 3926 2957
f 2957 3926 2958
f 3760 3758 3927
f 3728 3727 2985
f 2985 3727 3726
f 3726 3725 2985
f 2985 3725 3724
f 2985 3724 2973
f 2973 3724 3723
f 2973 3723 3722
f 3722 3721 2973
f 2973 3721 3719
f 3719 3718 2973
f 2973 3718 3717
f 2973 3717 3716
f 3716 3715 2973
f 2973 3715 3714
f 2973 3714 3713
f 3713 3712 2973
f 2973 3712 3707
f 2973 3707 3928
f 3928 3707 3709
f 3928 3709 3710
f 3710 3711 3928
f 3928 3711 3706
f 3928 3706 3705
f 3788 3787 3698
f 3700 3699 3784
f 3700 3784 3701
f 3698 3787 3699
f 3699 3787 3785
f 3699 3785 3784
f 3783 3703 3784
f 3784 3703 3702
f 3784 3702 3701
f 3783 3782 3703
f 3703 3782 3781
f 3703 3781 3704
f 3704 3781 3780
f 3704 3780 3705
f 3705 3780 3778
f 3777 3928 3705
f 3777 3705 3778
f 3777 3776 3928
f 3928 3776 3775
f 3928 3775 3774
f 3774 3773 3928
f 3928 3773 3768
f 3928 3768 3770
f 3770 3771 3928
f 3928 3771 3772
f 3928 3772 3767
f 3767 3766 3928
f 3928 3766 3927
f 3927 3766 3765
f 3927 3765 3764
f 3764 3763 3927
f 3927 3763 3762
f 3927 3762 3761
f 3927 3761 3760
f 3758 3757 3927
f 3927 3757 3756
f 3927 3756 3755
f 3927 3755 3754
f 3750 3926 3752
f 3752 3926 3927
f 3752 3927 3753
f 3753 3927 3754
f 3926 3750 3749
f 3926 3749 3803
f 3803 3804 3926
f 3926 3804 3805
f 3926 3805 3806
f 3806 3807 3926
f 3926 3807 3808
f 3926 3808 3809
f 3801 3802 3687
f 3809 3800 3926
f 3926 3800 3801
f 3802 3798 3687
f 3687 3798 3797
f 3687 3797 3796
f 3795 3690 3796
f 3796 3690 3689
f 3796 3689 3687
f 3788 3698 3789
f 3789 3698 3696
f 3789 3696 3790
f 3790 3696 3695
f 3790 3695 3791
f 3795 3794 3690
f 3690 3794 3793
f 3690 3793 3691
f 3691 3793 3692
f 3791 3695 3792
f 3792 3695 3694
f 3792 3694 3793
f 3793 3694 3693
f 3793 3693 3692
f 3801 3687 3926
f 3926 3687 3686
f 3926 3686 3742
f 3742 3743 3926
f 3926 3743 3744
f 3926 3744 2958
f 2958 3744 3745
f 2958 3745 3746
f 3746 3747 2958
f 2958 3747 3748
f 2958 3748 3738
f 3738 3739 2958
f 2958 3739 3740
f 2958 3740 3741
f 3741 3736 2958
f 2958 3736 3735
f 3735 3734 2958
f 2958 3734 3733
f 2958 3733 2985
f 2985 3733 3732
f 2985 3732 3731
f 3731 3730 2985
f 2985 3730 3729
f 2985 3729 3728
f 3928 3929 2973
f 2973 3929 2980
f 3603 3602 3930
f 3626 3625 2981
f 2981 3625 3624
f 2981 3624 2972
f 2972 3624 3623
f 3623 3622 2972
f 3622 3677 2972
f 2972 3677 3676
f 2972 3676 3675
f 3675 3674 2972
f 2972 3674 3673
f 2972 3673 3672
f 3668 3667 3931
f 3931 3667 3665
f 3931 3665 3664
f 3672 3671 2972
f 2972 3671 3670
f 2972 3670 3931
f 3931 3670 3669
f 3931 3669 3668
f 3575 3574 3659
f 3662 3661 3570
f 3570 3661 3660
f 3570 3660 3571
f 3571 3660 3572
f 3659 3574 3660
f 3660 3574 3573
f 3660 3573 3572
f 3662 3570 3663
f 3663 3570 3569
f 3663 3569 3664
f 3664 3569 3568
f 3664 3568 3620
f 3617 3616 3931
f 3617 3931 3618
f 3620 3619 3664
f 3664 3619 3931
f 3931 3619 3618
f 3616 3615 3931
f 3931 3615 3614
f 3931 3614 3613
f 3613 3612 3931
f 3931 3612 3611
f 3931 3611 3609
f 3609 3608 3931
f 3931 3608 3930
f 3930 3608 3607
f 3930 3607 3606
f 3930 3606 3605
f 3930 3605 3603
f 3602 3601 3930
f 3930 3601 3600
f 3600 3599 3930
f 3930 3599 3929
f 3929 3599 3597
f 3929 3597 3596
f 3929 3596 3595
f 3595 3594 3929
f 3929 3594 3593
f 3929 3593 3592
f 3589 2980 3590
f 3590 2980 3929
f 3590 3929 3591
f 3591 3929 3592
f 3589 3587 2980
f 3578 3577 3654
f 3581 3579 3651
f 3651 3579 3578
f 3651 3578 3653
f 3653 3578 3654
f 3659 3658 3575
f 3575 3658 3657
f 3575 3657 3576
f 3576 3657 3656
f 3576 3656 3577
f 3577 3656 3655
f 3577 3655 3654
f 3650 3583 3651
f 3651 3583 3582
f 3651 3582 3581
f 3650 3649 3583
f 3583 3649 3648
f 3583 3648 3584
f 3584 3648 3647
f 3584 3647 3585
f 3585 3647 3646
f 3585 3646 3645
f 3645 3644 3585
f 3585 3644 2980
f 3585 2980 3586
f 3586 2980 3587
f 3644 3643 2980
f 2980 3643 3642
f 2980 3642 3640
f 3640 3639 2980
f 2980 3639 3638
f 2980 3638 3637
f 3637 3636 2980
f 2980 3636 3635
f 2980 3635 3634
f 3634 3632 2980
f 2980 3632 3631
f 3631 3630 2980
f 2980 3630 2981
f 2981 3630 3629
f 3629 3628 2981
f 2981 3628 3627
f 2981 3627 3626
f 2961 2972 3932
f 3932 2972 3931
f 3542 3541 3933
f 3541 3539 3933
f 3539 3538 3933
f 3933 3538 3932
f 3932 3538 3537
f 3537 3535 3932
f 3932 3535 3534
f 3932 3534 3533
f 3932 3533 3532
f 3532 3531 3932
f 3932 3531 3530
f 3932 3530 2961
f 2961 3530 3527
f 3527 3529 2961
f 3525 3524 3478
f 3478 3524 3523
f 3478 3523 3479
f 3485 3484 3518
f 3522 3521 3481
f 3481 3521 3520
f 3481 3520 3519
f 3518 3484 3519
f 3519 3484 3482
f 3519 3482 3481
f 3522 3481 3523
f 3523 3481 3480
f 3523 3480 3479
f 3478 3477 3525
f 3525 3477 3475
f 3525 3475 3474
f 3474 3473 3525
f 3525 3473 2961
f 3525 2961 3526
f 3526 2961 3529
f 2961 3473 3472
f 2961 3472 3471
f 3471 3470 2961
f 2961 3470 3469
f 2961 3469 3465
f 3465 3466 2961
f 2961 3466 3467
f 2961 3467 3468
f 3468 3463 2961
f 2961 3463 3462
f 2961 3462 3461
f 2961 3461 2970
f 2970 3461 3460
f 2970 3460 3459
f 3453 2965 3454
f 3459 3457 2970
f 2970 3457 3456
f 2970 3456 3455
f 2970 3455 2965
f 2965 3455 3454
f 2965 3453 3501
f 2965 3501 3502
f 2965 3502 3503
f 3503 3504 2965
f 2965 3504 3505
f 2965 3505 3497
f 3497 3498 2965
f 2965 3498 3499
f 2965 3499 3507
f 3507 3499 3500
f 3500 3495 3507
f 3507 3495 3494
f 3507 3494 3493
f 3492 3510 3493
f 3493 3510 3509
f 3493 3509 3507
f 3485 3518 3486
f 3486 3518 3516
f 3486 3516 3487
f 3487 3516 3515
f 3487 3515 3488
f 3492 3491 3510
f 3510 3491 3490
f 3510 3490 3511
f 3511 3490 3512
f 3488 3515 3489
f 3489 3515 3514
f 3489 3514 3490
f 3490 3514 3513
f 3490 3513 3512
f 3507 3506 2965
f 2965 3506 3552
f 2965 3552 3553
f 2965 3553 3823
f 3823 3553 3554
f 3823 3554 3555
f 3555 3556 3823
f 3823 3556 3548
f 3823 3548 3549
f 3549 3550 3823
f 3823 3550 3551
f 3823 3551 3546
f 3546 3545 3823
f 3823 3545 3933
f 3933 3545 3544
f 3933 3544 3543
f 3933 3543 3542
f 3934 3834 3935
f 3935 3834 3833
f 3935 3833 3832
f 3935 3832 3831
f 3935 3831 3830
f 3935 3830 3826
f 3935 3826 3825
f 3935 3825 3925
f 3935 3925 3924
f 3935 3924 3936
f 3924 3923 3936
f 3936 3923 3922
f 3936 3922 3921
f 3936 3921 3920
f 3936 3920 3919
f 3936 3919 3918
f 3936 3918 3917
f 3936 3917 3916
f 3936 3916 3937
f 3937 3916 3915
f 3937 3915 3914
f 3937 3914 3912
f 3937 3912 3911
f 3911 3910 3937
f 3937 3910 3889
f 3937 3889 3894
f 3937 3894 3896
f 3937 3896 3909
f 3937 3909 3938
f 3938 3909 3897
f 3938 3897 3902
f 3938 3902 3908
f 3938 3908 3907
f 3938 3907 3905
f 3938 3905 3904
f 3938 3904 3845
f 3938 3845 3849
f 3938 3849 3847
f 3847 3846 3938
f 3938 3846 3853
f 3938 3853 3829
f 3938 3829 3828
f 3938 3828 3934
f 3934 3828 3842
f 3934 3842 3841
f 3934 3841 3840
f 3934 3840 3839
f 3934 3839 3838
f 3934 3838 3837
f 3934 3837 3836
f 3934 3836 3835
f 3934 3835 3834
f 3939 3855 3854
f 3939 3854 3848
f 3939 3848 3850
f 3939 3850 3851
f 3939 3851 3852
f 3939 3852 3844
f 3939 3844 3843
f 3939 3843 3906
f 3939 3906 3901
f 3939 3901 3900
f 3939 3900 3903
f 3939 3903 3940
f 3940 3903 3899
f 3940 3899 3898
f 3898 3895 3940
f 3940 3895 3893
f 3940 3893 3892
f 3940 3892 3891
f 3940 3891 3890
f 3940 3890 3888
f 3940 3888 3887
f 3940 3887 3886
f 3940 3886 3885
f 3940 3885 3884
f 3940 3884 3883
f 3940 3883 3882
f 3940 3882 3941
f 3941 3882 3881
f 3941 3881 3880
f 3941 3880 3879
f 3879 3873 3941
f 3941 3873 3874
f 3941 3874 3878
f 3941 3878 3942
f 3942 3878 3877
f 3942 3877 3876
f 3942 3876 3875
f 3942 3875 3872
f 3942 3872 3870
f 3942 3870 3871
f 3942 3871 3869
f 3942 3869 3868
f 3942 3868 3943
f 3943 3868 3867
f 3943 3867 3866
f 3943 3866 3865
f 3943 3865 3864
f 3943 3864 3863
f 3943 3863 3862
f 3943 3862 3858
f 3943 3858 3857
f 3943 3857 3861
f 3943 3861 3860
f 3943 3860 3859
f 3943 3859 3939
f 3939 3859 3856
f 3939 3856 3855
f 3011 3010 3815
f 3815 3944 3011
f 3944 3815 3814
f 3944 3814 3945
f 3945 3814 3818
f 3945 3818 3031
f 3030 3031 3818
f 3017 2989 3424
f 3017 3424 3428
f 3428 3424 3426
f 2989 3017 3019
f 2989 3019 2990
f 2990 3019 3022
f 2990 3022 2987
f 2987 3022 3021
f 2987 3021 2986
f 3012 3014 2991
f 3021 3012 2986
f 2986 3012 2952
f 2952 3012 2991
f 3007 2976 2984
f 3007 2984 3014
f 2991 3014 2984
f 2975 2995 2991
f 2975 2991 2984
f 2982 2940 2997
f 2982 2997 2983
f 2983 2997 2996
f 2983 2996 2974
f 2974 2996 2975
f 2975 2996 2995
f 2979 2881 2982
f 2982 2881 2940
f 2881 2979 2888
f 2978 3001 2979
f 2979 3001 2888
f 2978 2875 3001
f 3445 3005 2959
f 2959 3005 2960
f 2960 3005 3003
f 2960 3003 2971
f 2971 3003 2978
f 2978 3003 2875
f 3442 3445 2969
f 2969 3445 2959
f 3946 3443 2969
f 2969 3443 3442
f 2966 3947 2969
f 3947 3948 2969
f 2969 3948 3949
f 2969 3949 3946
f 3950 3951 3952
f 3951 3953 3954
f 3954 3953 3955
f 3955 3953 3956
f 3955 3956 3957
f 3955 3957 3958
f 3958 3957 3946
f 3958 3946 3949
f 3952 3951 3954
f 3947 2966 3959
f 3959 2966 2963
f 3959 2963 3960
f 3960 2963 2962
f 3960 2962 3961
f 2967 3944 3961
f 2967 3961 2962
f 3011 2967 2977
f 2967 3011 3944
f 2976 3007 3006
f 2976 3006 2956
f 2956 3006 3009
f 2956 3009 2977
f 2977 3009 3011
f 3962 3952 3954
f 3952 3962 3429
f 3962 3024 3429
f 3963 3031 3964
f 3964 3031 3024
f 3965 3966 3963
f 3965 3963 3964
f 3967 3963 3966
f 3817 3968 3818
f 3818 3968 3030
f 3025 3030 3028
f 3028 3030 3968
f 3028 3968 3029
f 2784 2786 3969
f 2788 3032 2786
f 2786 3032 3969
f 3041 3035 3970
f 3971 3041 3970
f 3041 3971 3972
f 3041 3972 3043
f 3973 3974 3975
f 3975 3974 3976
f 3975 3976 3977
f 3977 3976 3978
f 3977 3978 3979
f 3979 3978 3980
f 3981 3982 3983
f 3981 3973 3982
f 3973 3981 3974
f 3983 3982 3984
f 3984 3982 3985
f 3986 3987 3984
f 3984 3985 3988
f 3984 3988 3986
f 3986 3989 3987
f 3990 3991 3992
f 3990 3992 3993
f 3993 3992 3994
f 3995 3996 3997
f 3996 3995 3998
f 3998 3995 3999
f 3998 3999 4000
f 3998 4000 4001
f 4001 4000 4002
f 4003 4004 4001
f 4001 4002 4005
f 4001 4005 4003
f 4003 4006 4004
f 4007 4008 4009
f 4009 4008 4010
f 4011 4012 4013
f 4011 4014 4012
f 4015 4013 4012
f 4013 4015 4016
f 4016 4015 4017
f 4018 4019 4020
f 4020 4019 4021
f 4020 4021 4016
f 4020 4016 4017
f 4022 4019 4018
f 4022 4018 4023
f 4023 4024 4022
f 4024 4023 4025
f 4025 4023 4026
f 4025 4026 4014
f 4025 4014 4011
f 3032 4027 3969
f 3969 4027 4028
f 4029 4030 4031
f 4030 4029 4032
f 4029 4031 4033
f 4033 4031 4034
f 4033 4034 4035
f 4035 4034 4036
f 4036 4034 4037
f 4036 4037 4038
f 4038 4037 4039
f 4040 4041 4042
f 4042 4041 4039
f 4039 4041 4038
f 4030 4032 4042
f 4042 4032 4040
f 4043 4044 4045
f 4045 4044 4046
f 4046 4044 4047
f 4046 4047 4048
f 4048 4047 4049
f 4050 4051 4052
f 4052 4051 4049
f 4049 4051 4048
f 4053 4054 4052
f 4052 4054 4050
f 4055 4053 4056
f 4055 4056 4057
f 4053 4055 4054
f 4057 4056 4043
f 4043 4056 4044
f 4058 4059 4060
f 4059 4058 4061
f 4061 4058 4062
f 4061 4062 4063
f 4063 4062 4064
f 4063 4064 4065
f 4065 4064 4066
f 4066 4064 4067
f 4067 4068 4066
f 4068 4067 4069
f 4069 4067 4070
f 4069 4070 4071
f 4071 4070 4072
f 4072 4070 4060
f 4060 4070 4058
f 3058 4073 3059
f 3059 4073 4074
f 3059 4074 3060
f 3060 4074 4075
f 3060 4075 3058
f 3058 4075 4073
f 4076 4077 4078
f 4076 4078 4079
f 4079 4078 4080
f 4080 4078 4081
f 4080 4081 4082
f 4082 4081 4083
f 4082 4083 4084
f 4084 4083 4085
f 4084 4085 4086
f 4086 4085 4087
f 4086 4087 4088
f 4088 4087 4089
f 4088 4089 4090
f 4090 4089 4091
f 4090 4091 4076
f 4076 4091 4077
f 4092 4093 4094
f 4092 4094 4095
f 4096 4097 4098
f 4098 4097 4099
f 4097 4096 4100
f 4100 4096 4101
f 4102 4103 4008
f 4102 4008 4007
f 4103 4102 4104
f 4104 4102 4073
f 4104 4073 4105
f 4105 4073 4106
f 4107 4108 4106
f 4106 4108 4109
f 4106 4109 4105
f 4108 4107 4110
f 4110 4107 4111
f 4110 4111 4010
f 4010 4111 4009
f 4112 4113 4114
f 4114 4113 4006
f 4114 4006 4003
f 4113 4112 4115
f 4113 4115 4116
f 4116 4115 4117
f 3995 3997 4118
f 4117 4115 3997
f 3997 4115 4118
f 4119 4120 3990
f 3990 4120 3991
f 4120 4119 4121
f 4121 4119 4122
f 4121 4122 4123
f 4123 4122 4124
f 3082 3089 4123
f 4125 3087 4124
f 3087 4123 4124
f 4123 3087 3082
f 4125 3085 3087
f 4125 3084 3085
f 3089 3081 3994
f 3993 3994 3081
f 3081 3084 3993
f 3084 4125 3993
f 4126 4127 4128
f 4128 4127 3989
f 4128 3989 3986
f 4127 4126 4129
f 4129 4126 4130
f 4129 4130 4131
f 4131 4130 3980
f 3980 4130 3979
f 3099 3043 3972
f 3099 3972 4132
f 3124 4133 3122
f 3099 4132 3126
f 4078 4133 4132
f 4132 4133 3124
f 4132 3124 3126
f 4134 3122 4133
f 4135 4136 4137
f 4137 4136 4138
f 4138 4136 4139
f 4140 4141 4142
f 4140 4142 4143
f 4143 4142 4144
f 4143 4144 4134
f 4143 4134 4133
f 4145 4140 4143
f 4101 4146 4100
f 4100 4146 4147
f 4146 4148 4147
f 4147 4148 4149
f 4149 4150 4147
f 4150 4149 4151
f 4151 4149 4152
f 4151 4152 4153
f 4151 4153 4154
f 4155 4156 4154
f 4154 4156 4151
f 4098 4099 4155
f 4155 4099 4156
f 4095 4094 4157
f 4157 4094 4158
f 4158 4159 4157
f 4160 4161 4162
f 4159 4158 4162
f 4162 4158 4160
f 4162 4161 4163
f 4162 4163 4164
f 4164 4163 4165
f 4164 4165 4166
f 4164 4166 4167
f 4168 4169 4167
f 4167 4169 4164
f 4093 4092 4168
f 4168 4092 4169
f 4139 4136 4170
f 4170 4136 4171
f 4171 4172 4170
f 4172 4171 4173
f 4173 4171 4174
f 4174 4175 4173
f 4135 4176 4177
f 4135 4177 4178
f 4179 4178 4177
f 4178 4179 4174
f 4174 4179 4175
f 4135 4137 4176
f 4180 4181 4182
f 4180 4182 4183
f 4184 4185 4186
f 4181 4180 4185
f 4185 4180 4186
f 4185 4184 4187
f 4187 4184 4188
f 4187 4188 4189
f 4189 4188 4190
f 4191 4192 4193
f 4193 4192 4190
f 4190 4192 4189
f 4183 4182 4194
f 4194 4182 4191
f 4194 4191 4193
f 4195 4196 4197
f 4196 4195 4198
f 4198 4195 4199
f 4200 4201 4202
f 4200 4202 4199
f 4199 4202 4198
f 4201 4200 4203
f 4203 4200 4204
f 4205 4206 4207
f 4205 4207 4204
f 4204 4207 4203
f 4195 4197 4205
f 4205 4197 4206
f 4141 3159 4142
f 4142 3159 3156
f 4142 3156 4144
f 3156 3155 4144
f 4144 3155 4134
f 3123 4134 3155
f 3123 3122 4134
f 4208 4209 4210
f 4208 4210 3160
f 4211 4212 4210
f 4211 4210 4209
f 3160 3158 4208
f 4208 3158 3159
f 4213 4141 4214
f 4214 4141 4140
f 4214 4140 4215
f 4215 4140 4145
f 4216 4213 4214
f 4216 4214 4217
f 4217 4214 4215
f 4217 4215 4218
f 3127 3173 3167
f 3127 3167 3130
f 3137 3167 3171
f 3137 3171 3134
f 3130 3167 3137
f 3134 3171 3177
f 3134 3177 3135
f 3135 3177 3176
f 4212 3135 4210
f 4210 3135 3176
f 3135 4212 4219
f 3135 4219 3138
f 3152 3150 4220
f 4220 3150 3183
f 4220 3183 3194
f 4220 3194 3138
f 3194 3190 3140
f 3194 3140 3138
f 4221 3138 4219
f 3188 3141 3192
f 3192 3141 3140
f 3192 3140 3190
f 3188 3142 3141
f 3149 3185 3145
f 3149 3142 3188
f 3149 3188 3185
f 3145 3185 3187
f 3145 3187 3146
f 3146 3187 3181
f 3146 3181 3150
f 3181 3183 3150
f 4222 3152 4220
f 3152 4222 4223
f 3152 4223 3282
f 3282 4223 4224
f 3282 4224 3279
f 4224 4225 3279
f 3279 4225 4226
f 3138 4221 4220
f 4220 4221 4227
f 4227 4221 4228
f 4210 3176 3160
f 3160 3176 3173
f 3173 3127 3160
f 3160 3127 3157
f 3157 3127 3163
f 3157 3163 3165
f 3321 3325 3257
f 3257 3325 3254
f 3254 3200 3198
f 3254 3198 3257
f 3318 3320 3265
f 3265 3320 3263
f 3196 3259 3198
f 3198 3259 3257
f 3302 3307 3270
f 3270 3307 3267
f 3265 3263 3227
f 3265 3227 3267
f 3196 3240 3259
f 3260 3231 3263
f 3263 3231 3229
f 3263 3229 3227
f 3212 3222 3223
f 3223 3222 3273
f 3267 3227 3270
f 3219 3276 3273
f 3219 3273 3222
f 3223 3273 3227
f 3227 3273 3270
f 3280 3279 4226
f 3157 3165 3161
f 3161 3165 3246
f 3246 3165 3242
f 3247 3246 3242
f 3247 3252 3248
f 3248 3252 3250
f 4226 3214 3212
f 3205 3242 3208
f 3208 3130 3137
f 3130 3208 3242
f 3276 3219 3217
f 3212 3280 4226
f 3137 3210 3208
f 3223 3285 3284
f 3280 3212 3284
f 4229 3217 4226
f 4226 3217 3214
f 3212 3223 3284
f 3242 3205 3247
f 3247 3205 3204
f 3200 3254 3252
f 3200 3252 3247
f 3200 3247 3204
f 3210 3137 3196
f 3196 3137 3240
f 4229 3278 3276
f 4229 3276 3217
f 3231 3238 3234
f 3234 3238 3142
f 3236 3149 3223
f 3223 3149 3285
f 3236 3234 3149
f 3149 3234 3142
f 3238 3231 3240
f 3231 3260 3240
f 3240 3260 3259
f 3341 4230 3566
f 3341 3566 3342
f 3341 2779 3037
f 3341 3037 3331
f 3341 3331 3329
f 3367 3365 3341
f 3329 3367 3341
f 3365 3313 3341
f 3341 3313 3311
f 3348 4230 3341
f 3348 3341 3311
f 3348 3346 4230
f 4230 3346 3290
f 3290 3346 3344
f 3290 3344 3291
f 3291 3344 3287
f 3344 3353 3287
f 3353 3351 3287
f 3287 3351 3305
f 3301 3287 3305
f 3301 3305 3302
f 3294 3292 4229
f 4229 3292 3278
f 3287 3301 3292
f 3292 3301 3278
f 3294 4229 3298
f 4229 4231 3298
f 4231 4232 3298
f 4233 3298 4232
f 3298 4233 3299
f 3305 3307 3302
f 3305 3351 3310
f 3351 3349 3310
f 3310 3349 3311
f 3311 3349 3348
f 3365 3362 3313
f 3313 3362 3316
f 3316 3362 3314
f 3362 3358 3314
f 3358 3357 3314
f 3314 3357 3323
f 3320 3314 3323
f 3320 3323 3321
f 3314 3320 3318
f 3323 3325 3321
f 3323 3357 3328
f 3357 3370 3328
f 3328 3370 3329
f 3370 3367 3329
f 3037 3038 3332
f 3332 3331 3037
f 3337 3332 3034
f 3034 3332 3038
f 3337 3034 3339
f 3337 3339 3335
f 3248 3250 3340
f 3340 3250 3335
f 3340 3335 3339
f 4234 3299 4233
f 3290 4234 4235
f 3290 4235 3566
f 3565 3566 4235
f 4235 4234 4236
f 4230 3290 3566
f 3290 3299 4234
f 3376 3373 4237
f 4237 3373 3447
f 4237 3431 3376
f 3431 3374 3376
f 4237 4238 3431
f 3431 4238 3432
f 3432 4238 4239
f 4239 4240 3432
f 4237 3447 3449
f 4237 3449 3451
f 4240 4241 3432
f 3432 4241 3950
f 3402 3426 3419
f 3419 3426 3427
f 3419 3427 3420
f 3405 3396 3397
f 3404 3403 3406
f 3406 3403 3408
f 3408 3403 3415
f 3408 3415 3416
f 3429 3428 3400
f 3950 3433 3430
f 3950 3430 3432
f 3402 3401 3426
f 3405 3397 3406
f 3406 3397 3404
f 3429 3400 3952
f 3952 3400 3950
f 3950 3400 3399
f 3433 3398 3396
f 3415 3403 3402
f 3415 3402 3417
f 3417 3402 3419
f 3950 3399 3433
f 3433 3399 3398
f 3405 3440 3396
f 3396 3440 3435
f 3396 3435 3433
f 3426 3401 3400
f 3426 3400 3428
f 3950 4241 4242
f 3950 4242 4243
f 3950 4243 3951
f 3951 4243 4244
f 3951 4244 3953
f 4245 3443 3946
f 4244 3956 3953
f 4245 3946 3957
f 4245 3957 4244
f 4244 3957 3956
f 3443 4245 3441
f 3441 4245 4246
f 4247 3372 3441
f 4247 3441 4246
f 3448 3372 4247
f 3450 4247 4248
f 3450 3448 4247
f 3451 4235 4236
f 3450 4249 3451
f 4249 3450 4248
f 4235 3451 4249
f 4249 2901 4235
f 4235 2901 2909
f 4235 2909 3565
f 3458 3560 4249
f 4249 3560 2901
f 4249 4248 4250
f 3458 4249 4250
f 4251 3540 4252
f 3540 3547 4252
f 4252 3547 4250
f 4250 3547 3508
f 3483 3496 3508
f 3508 3496 4250
f 3496 3452 4250
f 4250 3452 3458
f 3560 3458 3464
f 3560 3464 4251
f 4251 3464 3476
f 3517 3476 3483
f 3517 3483 3508
f 3476 3517 3528
f 3476 3528 4251
f 3528 3536 4251
f 4251 3536 3540
f 3560 2902 2899
f 4251 3561 3560
f 3560 3561 2902
f 3565 3557 3435
f 4253 3562 4251
f 4251 3562 3561
f 2929 3440 3438
f 2929 3438 2890
f 2919 3562 4253
f 3565 3435 2929
f 2929 3435 3440
f 2903 3559 3564
f 3564 3559 3558
f 3565 2912 3564
f 3557 3565 3564
f 3557 3564 3558
f 3559 2903 3563
f 2898 3559 2919
f 3562 2919 3563
f 3563 2919 3559
f 3598 3604 4254
f 4254 3604 4253
f 3604 3610 4253
f 4253 3610 2919
f 2919 3610 3567
f 3567 3652 3666
f 3567 3666 2919
f 2919 3666 3621
f 2919 3621 2915
f 3633 2916 2915
f 2916 3633 3641
f 3641 3652 3580
f 3580 3652 3567
f 3580 2916 3641
f 2916 3580 3588
f 2916 3588 4254
f 3588 3598 4254
f 2767 2992 2947
f 2992 2994 2947
f 2947 2994 4255
f 2994 2993 4255
f 4255 2993 4254
f 4254 2993 3685
f 2783 2927 3682
f 4254 3685 2916
f 2783 3682 3680
f 2783 3680 2787
f 2916 3685 3684
f 2921 2918 2916
f 3680 3681 2787
f 3683 2931 3681
f 3681 2931 2787
f 2787 2931 2773
f 3679 3683 3681
f 3684 3678 2916
f 2916 3678 2921
f 3683 3679 3684
f 3684 3679 3678
f 2945 2944 3737
f 2945 3737 4256
f 4256 3737 3688
f 3786 3799 3688
f 3688 3799 4256
f 4256 3799 3751
f 4256 3751 4255
f 4255 3751 3759
f 4255 3759 3769
f 4255 3769 2947
f 2947 3769 3779
f 3697 3779 3786
f 3697 3786 3688
f 3779 3697 2947
f 2947 3697 3708
f 2947 3708 3720
f 2947 3720 2944
f 3817 3816 4257
f 4257 3816 4258
f 4258 3816 3813
f 3015 2945 3812
f 3812 2945 4256
f 4258 3813 4256
f 4256 3813 3812
f 2945 3015 3811
f 3032 2954 3421
f 3027 3029 4027
f 3032 3421 3420
f 3811 3819 2945
f 2945 3819 2953
f 3032 3420 3821
f 3032 3821 4027
f 3820 3810 3822
f 3810 3820 3811
f 3811 3820 3819
f 3821 3822 4027
f 3822 3810 3027
f 3822 3027 4027
f 3943 4259 3942
f 3943 3939 3938
f 3934 4259 3938
f 3938 4259 3943
f 4259 3934 4260
f 4260 3934 3935
f 3935 3936 4258
f 4260 3935 4258
f 3937 4257 4258
f 3937 4258 3936
f 3940 3937 3938
f 3940 3938 3939
f 4257 3937 3940
f 4257 3940 3941
f 4257 3941 3942
f 3942 4259 4261
f 4261 4259 3966
f 4261 3817 4257
f 3942 4261 4257
f 3031 3963 3945
f 3945 3963 4262
f 3945 4262 3944
f 4262 4263 3944
f 3944 4263 3961
f 4264 3961 4263
f 3960 3961 4264
f 3947 3959 4265
f 4265 3959 4264
f 4264 3959 3960
f 3947 4265 4266
f 3947 4266 3948
f 3948 4266 4267
f 3948 4267 3949
f 3949 4267 4268
f 3958 3949 4268
f 4269 3954 3955
f 3962 3954 4269
f 4269 3955 4268
f 4268 3955 3958
f 3024 4270 3964
f 3962 4269 4271
f 3962 4271 4270
f 3962 4270 3024
f 3965 4270 4271
f 4271 4272 3965
f 3965 3964 4270
f 4027 3029 4273
f 3968 4261 3029
f 4261 3968 3817
f 4273 3029 4261
f 4273 4261 4274
f 4261 3966 3965
f 4261 3965 4274
f 4275 4012 4014
f 4274 4276 4275
f 4274 4275 4273
f 4276 4012 4275
f 4277 4012 4276
f 4028 4027 4275
f 4275 4027 4273
f 3969 4028 2784
f 2784 4028 4275
f 4275 4049 4047
f 4047 4002 4275
f 4275 4002 4000
f 4039 4037 4275
f 4000 4039 4275
f 4037 3985 4275
f 4275 3985 2784
f 2784 3985 3982
f 3982 3036 2784
f 3036 3982 3039
f 3973 3039 3982
f 3973 3040 3039
f 3040 3973 3975
f 3040 3975 3035
f 3035 3975 3970
f 3970 3975 3977
f 3977 3971 3970
f 3979 3972 3971
f 3979 3971 3977
f 4037 4034 3985
f 3985 4034 3988
f 3988 4034 3986
f 4034 4031 3986
f 4031 4030 3986
f 3986 4030 3995
f 3990 3993 3995
f 3995 3993 3986
f 3986 3993 4128
f 3995 4118 3990
f 3995 4030 3999
f 4030 4042 3999
f 3999 4042 4000
f 4042 4039 4000
f 4047 4044 4002
f 4002 4044 4005
f 4005 4044 4003
f 4044 4056 4003
f 4056 4053 4003
f 4003 4053 4023
f 4007 4009 4023
f 4023 4009 4003
f 4003 4009 4114
f 4007 4023 4018
f 4007 4018 4102
f 4102 4018 4020
f 4102 4020 4278
f 4020 4017 4278
f 4278 4017 4279
f 4015 4012 4277
f 4277 4280 4015
f 4015 4280 4279
f 4279 4017 4015
f 4023 4053 4026
f 4053 4052 4026
f 4026 4052 4014
f 4275 4014 4049
f 4052 4049 4014
f 4070 4155 4158
f 3990 4118 4119
f 4119 4118 4115
f 4087 4124 4122
f 4122 4058 4087
f 4111 4115 4112
f 4114 4009 4112
f 4112 4009 4111
f 4085 4124 4087
f 4101 4281 4146
f 4067 4096 4098
f 4067 4075 4096
f 4101 4074 4281
f 4281 4074 4073
f 4281 4073 4278
f 4278 4073 4102
f 4119 4115 4111
f 4067 4106 4075
f 4075 4106 4073
f 4119 4064 4062
f 4078 4136 4133
f 4074 4101 4075
f 4075 4101 4096
f 4070 4158 4058
f 4058 4158 4094
f 4155 4070 4098
f 4098 4070 4067
f 4119 4111 4064
f 4136 4077 4091
f 4135 4133 4136
f 4067 4107 4106
f 4136 4078 4077
f 4107 4067 4111
f 4111 4067 4064
f 4136 4091 4171
f 4087 4058 4094
f 4087 4094 4093
f 4083 4081 3972
f 4058 4122 4062
f 4062 4122 4119
f 3972 3979 4130
f 4171 4091 4089
f 4171 4089 4168
f 3972 4130 4083
f 3972 4081 4132
f 4132 4081 4078
f 4128 3993 4126
f 4126 3993 4125
f 4126 4085 4083
f 4126 4083 4130
f 4085 4125 4124
f 4168 4089 4093
f 4093 4089 4087
f 4126 4125 4085
f 4135 4178 4133
f 4133 4178 4143
f 4143 4178 4145
f 4145 4178 4174
f 4145 4174 4195
f 4145 4195 4215
f 4215 4195 4205
f 4215 4205 4166
f 4205 4204 4166
f 4166 4204 4167
f 4165 4218 4166
f 4166 4218 4215
f 4165 4282 4218
f 4282 4165 4163
f 4190 4188 4282
f 4163 4190 4282
f 4188 4184 4152
f 4188 4152 4282
f 4282 4152 4283
f 4283 4152 4149
f 4284 4285 4283
f 4283 4285 4282
f 4281 4286 4146
f 4286 4287 4146
f 4146 4287 4148
f 4288 4149 4148
f 4288 4148 4287
f 4283 4149 4288
f 4152 4184 4153
f 4180 4154 4186
f 4186 4154 4153
f 4186 4153 4184
f 4180 4183 4158
f 4180 4155 4154
f 4158 4183 4160
f 4155 4180 4158
f 4160 4183 4194
f 4160 4194 4161
f 4161 4194 4193
f 4161 4193 4163
f 4193 4190 4163
f 4167 4204 4200
f 4200 4168 4167
f 4171 4199 4174
f 4174 4199 4195
f 4171 4168 4200
f 4171 4200 4199
f 4213 4216 4209
f 4208 3159 4141
f 4213 4209 4208
f 4213 4208 4141
f 4289 4290 4291
f 4291 4290 4292
f 4291 4292 4293
f 4293 4292 4294
f 4293 4294 4295
f 4295 4294 4296
f 4295 4296 4297
f 4295 4297 4289
f 4289 4297 4290
f 4298 4299 4300
f 4298 4300 4301
f 4301 4300 4302
f 4301 4302 4303
f 4303 4302 4304
f 4303 4304 4305
f 4303 4305 4306
f 4306 4305 4299
f 4306 4299 4298
f 4307 4308 4309
f 4310 4307 4309
f 4310 4309 4311
f 4311 4309 4312
f 4311 4312 4313
f 4313 4312 4314
f 4313 4314 4315
f 4315 4314 4308
f 4315 4308 4310
f 4310 4308 4307
f 4316 4317 4318
f 4316 4318 4319
f 4319 4318 4320
f 4319 4320 4321
f 4321 4320 4322
f 4321 4322 4323
f 4323 4322 4324
f 4323 4324 4316
f 4316 4324 4317
f 4325 4326 4327
f 4325 4327 4328
f 4328 4327 4329
f 4328 4329 4330
f 4330 4329 4331
f 4330 4331 4332
f 4332 4331 4333
f 4332 4333 4326
f 4332 4326 4325
f 4334 4335 4336
f 4337 4338 4339
f 4337 4339 4340
f 4340 4339 4341
f 4340 4341 4221
f 4221 4341 4228
f 4342 4337 4340
f 4342 4340 4219
f 4219 4340 4221
f 4209 4337 4342
f 4209 4342 4211
f 4211 4342 4219
f 4211 4219 4212
f 4227 4228 4343
f 4343 4228 4341
f 4339 4344 4343
f 4339 4343 4341
f 4345 4346 4347
f 4347 4346 4348
f 4349 4350 4351
f 4351 4350 4352
f 4353 4354 4355
f 4355 4354 4356
f 4357 4358 4359
f 4359 4358 4360
f 4361 4362 4363
f 4363 4362 4364
f 4365 4366 4367
f 4367 4366 4368
f 2408 2406 2409
f 4369 4370 4371
f 4369 4371 4284
f 4285 4284 4371
f 4371 4372 4285
f 4370 4373 4372
f 4370 4372 4371
f 4285 4372 4282
f 4282 4374 4218
f 4373 4216 4374
f 4374 4216 4217
f 4374 4217 4218
f 4372 4373 4374
f 4372 4374 4282
f 2493 2454 4362
f 2493 4362 4361
f 2454 2453 4362
f 4362 2453 4364
f 2453 2494 4364
f 4364 2494 4363
f 2496 2457 4358
f 2496 4358 4357
f 4360 4358 2456
f 2456 4358 2457
f 2456 2497 4360
f 4360 2497 4359
f 2499 2460 4354
f 2499 4354 4353
f 4354 2460 4356
f 4356 2460 2459
f 2459 2500 4356
f 4356 2500 4355
f 2501 2463 4350
f 2501 4350 4349
f 2463 2462 4350
f 4350 2462 4352
f 2462 2502 4352
f 4352 2502 4351
f 2487 2467 4346
f 2487 4346 4345
f 2467 2465 4346
f 4346 2465 4348
f 2465 2488 4348
f 4348 2488 4347
f 2489 2490 4366
f 2489 4366 4365
f 2490 2451 4366
f 4366 2451 4368
f 2451 2491 4368
f 4368 2491 4367
f 4222 4375 4223
f 4223 4375 4376
f 4223 4376 4224
f 4225 4377 4226
f 4227 4378 4379
f 4227 4379 4220
f 4220 4379 4222
f 4222 4379 4375
f 4224 4376 4225
f 4225 4376 4377
f 4375 4379 2748
f 4375 2748 4376
f 4376 2748 4377
f 4229 4226 4380
f 4380 4226 4377
f 4234 4233 4381
f 4234 4381 4236
f 4233 4232 4381
f 4381 4232 4231
f 4381 4231 4380
f 4231 4229 4380
f 4382 4239 4238
f 4382 4240 4239
f 4238 4237 3451
f 4382 4383 4241
f 4382 4241 4240
f 4384 4244 4243
f 4383 4242 4241
f 4385 4243 4242
f 4385 4242 4383
f 4384 4243 4385
f 4384 4386 4244
f 4244 4386 4245
f 4247 4246 4386
f 4247 4386 4248
f 4246 4245 4386
f 3827 4260 4258
f 3933 4251 4252
f 3927 4256 4255
f 3933 4252 3823
f 3823 4252 3824
f 3824 4252 4260
f 3824 4260 3827
f 3930 4253 3931
f 3931 4253 3932
f 3932 4253 4251
f 3932 4251 3933
f 3930 4254 4253
f 3827 4258 3913
f 3913 4258 3926
f 3926 4258 4256
f 3926 4256 3927
f 3927 4255 3928
f 3928 4255 3929
f 3929 4255 4254
f 3929 4254 3930
f 3966 4259 3967
f 4263 4262 4387
f 4262 3963 3967
f 4388 4264 4263
f 4262 3967 4387
f 4388 4263 4387
f 4388 4389 4264
f 4264 4389 4265
f 4268 4267 4390
f 4390 4267 4391
f 4391 4267 4266
f 4389 4266 4265
f 4391 4266 4389
f 4390 4391 4389
f 4390 4392 4268
f 4268 4392 4269
f 4272 4271 4392
f 4271 4269 4392
f 4274 3965 4272
f 4276 4274 4393
f 4278 4279 4394
f 4394 4279 4395
f 4395 4279 4280
f 4395 4280 4393
f 4393 4280 4277
f 4393 4277 4276
f 4395 4393 4274
f 4394 4396 4278
f 4278 4396 4281
f 4281 4396 4286
f 4286 4397 4287
f 4287 4397 4288
f 4288 4398 4283
f 4283 4399 4284
f 4286 4396 4397
f 4397 4398 4288
f 4398 4400 4283
f 4283 4400 4399
f 4397 4396 4398
f 4337 4373 4338
f 4373 4337 4216
f 4216 4337 4209
f 4338 4373 4370
f 4338 4370 4401
f 4402 4403 4404
f 4402 4404 4405
f 4405 4404 4406
f 4405 4406 4407
f 4405 4407 4408
f 4408 4407 4409
f 4408 4409 4410
f 4410 4409 4403
f 4410 4403 4402
f 4411 4412 4413
f 4411 4413 4414
f 4414 4413 4415
f 4414 4415 4416
f 4416 4415 4417
f 4416 4417 4418
f 4416 4418 4419
f 4419 4418 4412
f 4419 4412 4411
f 4420 4421 4422
f 4420 4422 4423
f 4423 4422 4424
f 4423 4424 4425
f 4425 4424 4335
f 4425 4335 4334
f 4425 4334 4426
f 4426 4334 4336
f 4426 4336 4420
f 4420 4336 4421
f 4427 4428 4429
f 4429 4428 4430
f 4431 4432 4430
f 4430 4432 4429
f 4433 4434 4344
f 4435 4312 4309
f 4435 4309 4436
f 4436 4309 4324
f 4309 4308 4324
f 4308 4314 4344
f 4344 4314 4312
f 4344 4312 4435
f 4424 4422 4437
f 4437 4422 4438
f 4421 4439 4422
f 4336 4439 4421
f 4440 4335 4437
f 4437 4335 4424
f 4336 4335 4441
f 4441 4335 4440
f 4442 4443 4444
f 4444 4445 4442
f 4445 4446 4447
f 4442 4445 4447
f 4442 4447 4448
f 4448 4412 4442
f 4413 4449 4415
f 4449 4413 4450
f 4415 4451 4417
f 4413 4412 4450
f 4412 4418 4442
f 4442 4418 4417
f 4450 4412 4448
f 4451 4415 4449
f 4451 4449 4439
f 4452 4439 4449
f 4438 4422 4439
f 4438 4439 4453
f 4453 4439 4452
f 4441 4440 4454
f 4455 4407 4456
f 4456 4407 4406
f 4457 4404 4403
f 4403 4409 4458
f 4456 4406 4459
f 4406 4404 4457
f 4459 4406 4457
f 4459 4457 4441
f 4459 4441 4454
f 4460 4458 4461
f 4460 4461 4462
f 4462 4461 4463
f 4460 4290 4464
f 4464 4290 4297
f 4294 4292 4460
f 4296 4294 4462
f 4462 4294 4460
f 4460 4292 4290
f 4300 4299 4435
f 4465 4299 4305
f 4304 4466 4467
f 4464 4302 4300
f 4465 4305 4304
f 4465 4304 4467
f 4464 4304 4302
f 4430 4317 4324
f 4324 4322 4436
f 4436 4322 4468
f 4468 4322 4320
f 4468 4320 4318
f 4468 4318 4317
f 4443 4333 4331
f 4442 4326 4443
f 4443 4326 4333
f 4329 4469 4331
f 4329 4327 4442
f 4327 4326 4442
f 4470 4471 4458
f 4471 4472 4458
f 4458 4472 4461
f 4473 4470 4474
f 4474 4470 4458
f 4474 4458 4455
f 4455 4458 4409
f 4455 4409 4407
f 4447 4446 4475
f 4447 4475 4476
f 4476 4475 4477
f 4476 4477 4478
f 4478 4479 4480
f 4480 4479 4481
f 4480 4481 4482
f 4480 4482 4428
f 4428 4482 4483
f 4317 4430 4468
f 4468 4430 4428
f 4331 4469 4443
f 4443 4469 4468
f 4443 4468 4483
f 4483 4468 4428
f 4484 4431 4324
f 4324 4431 4430
f 4485 4484 4324
f 4486 4338 4484
f 4486 4484 4485
f 4338 4344 4339
f 4487 4338 4486
f 4462 4463 4488
f 4465 4435 4299
f 4435 4465 4433
f 4435 4433 4344
f 4464 4462 4489
f 4466 4304 4464
f 4466 4464 4489
f 4462 4490 4489
f 4491 4492 4493
f 4492 4491 4494
f 4491 4493 4462
f 4462 4493 4490
f 4344 4434 4494
f 4344 4494 4491
f 4324 4495 4496
f 4324 4496 4485
f 4497 4498 4308
f 4308 4498 4324
f 4344 4487 4499
f 4499 4500 4344
f 4344 4338 4487
f 4501 4502 4462
f 4344 4503 4504
f 4344 4504 4501
f 4495 4324 4498
f 4308 4505 4497
f 4297 4296 4464
f 4464 4296 4462
f 4491 4462 4502
f 4503 4344 4491
f 4308 4344 4500
f 4308 4500 4505
f 4506 4507 4508
f 4462 4509 4501
f 4501 4509 4343
f 4343 4509 4510
f 4343 4510 4507
f 4343 4507 4506
f 4506 4508 4462
f 4506 4462 4488
f 4343 4344 4501
f 4511 4455 4456
f 4511 4456 4512
f 4459 4513 4456
f 4456 4513 4512
f 4454 4514 4513
f 4454 4513 4459
f 4514 4454 4440
f 4514 4440 4515
f 4515 4440 4437
f 4515 4437 4516
f 4516 4437 4438
f 4516 4438 4517
f 4517 4438 4453
f 4517 4453 4518
f 4453 4452 4518
f 4518 4452 4449
f 4518 4449 4519
f 4519 4449 4450
f 4519 4450 4448
f 4519 4448 4520
f 4447 4520 4448
f 4521 4476 4522
f 4522 4476 4478
f 4480 4522 4478
f 4520 4447 4521
f 4521 4447 4476
f 4522 4480 4427
f 4427 4480 4428
f 4351 2502 2470
f 4523 4524 2447
f 2486 4345 2434
f 2434 4345 2447
f 4525 4526 4365
f 2447 4527 4523
f 4347 4526 4528
f 4527 2447 4345
f 4527 4345 4528
f 4528 4345 4347
f 2401 2399 2483
f 2486 2434 2396
f 2486 2396 2403
f 2484 2401 2483
f 2432 2399 2398
f 2487 4345 2486
f 2486 2403 2484
f 2484 2403 2401
f 2398 2396 2432
f 2432 2396 2434
f 2481 2483 2432
f 2432 2483 2399
f 2432 2430 2481
f 2481 2430 2428
f 2481 2428 2427
f 2481 2427 2479
f 2475 2394 2392
f 2391 2389 2425
f 2427 2387 2479
f 2425 2389 2427
f 2427 2389 2387
f 2423 2391 2425
f 2421 2392 2391
f 2421 2391 2423
f 2387 2394 2479
f 2475 2392 2421
f 2475 2421 2472
f 2472 2421 2420
f 2472 2420 2473
f 2473 2420 2417
f 2411 2409 2414
f 2414 2409 2417
f 2473 2405 2412
f 2473 2412 2469
f 2469 2412 2470
f 2412 2411 2470
f 2470 2411 2414
f 2409 2406 2417
f 2417 2406 2473
f 2473 2406 2405
f 2416 4351 2470
f 2416 2470 2414
f 4529 2444 4530
f 4530 2444 4531
f 4530 4531 4532
f 2416 4533 4534
f 2416 4534 4351
f 4349 4535 4531
f 4531 4535 4532
f 4535 4349 4534
f 4534 4349 4351
f 2500 2344 2351
f 2500 2351 4355
f 2348 2346 4531
f 2350 2348 2444
f 2444 2348 4531
f 4531 2346 2501
f 2501 2346 2344
f 2501 2344 2500
f 4355 2351 2350
f 4355 2350 2444
f 2443 4353 2444
f 2444 4353 4355
f 2499 4353 2356
f 2440 2358 4353
f 2354 2499 2356
f 2358 2356 4353
f 2353 4359 2497
f 4359 2353 2440
f 2440 2353 2358
f 2497 2354 2353
f 2499 2354 2497
f 2439 4357 4359
f 4536 4363 2439
f 2439 4363 4357
f 2362 2361 2494
f 2494 2361 4363
f 2496 2364 2494
f 2494 2364 2362
f 4363 2361 2368
f 4363 2368 4357
f 4357 2368 2366
f 2496 2366 2364
f 2366 2496 4357
f 2373 2491 2493
f 2373 2493 2375
f 2375 2493 2377
f 2377 2493 4361
f 2491 2373 2371
f 2370 2377 4361
f 2371 4367 2491
f 4367 2371 2370
f 4367 2370 4537
f 2370 4538 4537
f 4539 4367 4537
f 2379 4365 4347
f 4347 4365 4526
f 4365 2379 2385
f 2489 4365 2385
f 2489 2385 2384
f 2489 2384 2382
f 2489 2382 2488
f 2381 2379 4347
f 2382 2381 2488
f 2488 2381 4347
f 4540 4401 4541
f 4401 4540 4542
f 4401 4542 2439
f 2439 4542 4543
f 4353 2443 2440
f 4359 2440 2439
f 2444 4529 4544
f 4533 2416 2438
f 2444 4544 4545
f 2444 4545 2436
f 2436 4545 4546
f 2436 4546 2438
f 2438 4546 4547
f 2438 4547 4533
f 4548 4549 4550
f 4549 4551 4365
f 4365 4551 4525
f 4541 4552 4540
f 4553 4554 4541
f 4541 4554 4552
f 2439 4543 4555
f 2439 4555 4556
f 4557 4558 4536
f 4536 4558 4553
f 2439 4556 4536
f 4536 4556 4557
f 4367 4539 4365
f 4539 4559 4365
f 4560 4538 4361
f 4538 2370 4361
f 4536 4560 4361
f 4536 4361 4363
f 4561 4541 4562
f 4563 4564 4565
f 4563 4565 4541
f 4541 4565 4562
f 4566 4567 4568
f 4566 4568 4370
f 4559 4569 4566
f 4566 4569 4567
f 4570 4563 4541
f 4370 4568 4570
f 4550 4549 4365
f 4550 4365 4559
f 4564 4563 4559
f 4559 4563 4569
f 4536 4553 4541
f 4536 4541 4561
f 4550 4571 4369
f 4572 4571 4550
f 4369 4571 4573
f 4574 4572 4559
f 4369 4573 4566
f 4566 4574 4559
f 4550 4559 4572
f 4541 4370 4570
f 4401 4370 4541
f 4370 4369 4566
f 4401 2439 2441
f 2441 4575 4401
f 4401 4575 2751
f 4432 4484 4576
f 4576 4484 4338
f 4576 4338 2749
f 4401 2751 4338
f 4338 2751 2749
f 4432 4431 4484
f 4464 4577 4578
f 4578 4577 4458
f 4458 4577 4579
f 4458 4579 4580
f 4458 4580 4403
f 4403 4580 4457
f 4457 4580 4581
f 4457 4581 4441
f 4441 4581 4582
f 4436 4583 4584
f 4584 4583 4435
f 4435 4583 4585
f 4435 4585 4464
f 4464 4585 4586
f 4464 4586 4577
f 4582 4587 4441
f 4441 4587 4588
f 4588 4587 4439
f 4439 4587 4589
f 4439 4589 4451
f 4451 4589 4590
f 4451 4590 4591
f 4591 4590 4592
f 4591 4592 4593
f 4593 4592 4594
f 4593 4594 4442
f 4442 4594 4595
f 4442 4595 4596
f 4596 4595 4597
f 4596 4597 4469
f 4469 4597 4468
f 4468 4597 4598
f 4468 4598 4436
f 4436 4598 4583
f 4599 2446 2448
f 4600 4601 4378
f 4378 4601 4602
f 2448 4399 4599
f 4599 4399 2750
f 4259 4387 3967
f 4260 4388 4259
f 4259 4388 4387
f 4236 4238 3451
f 4396 4394 4383
f 4383 4394 4395
f 4252 4389 4260
f 4260 4389 4388
f 4378 4602 4379
f 4379 4602 2748
f 4384 4392 4386
f 4386 4392 4390
f 4248 4386 4250
f 4250 4389 4252
f 4274 4272 4392
f 4383 4395 4385
f 4389 4250 4390
f 4390 4250 4386
f 4399 4400 2750
f 2750 4400 2748
f 2748 4400 4398
f 4382 4236 4381
f 4382 4381 4380
f 4392 4384 4385
f 4385 4274 4392
f 4398 4396 2748
f 4396 4377 2748
f 4238 4236 4382
f 4395 4274 4385
f 4382 4380 4383
f 4383 4380 4396
f 4396 4380 4377
f 4455 4511 4474
f 4474 4511 4601
f 4474 4601 4600
f 4583 4306 4585
f 2592 2590 4603
f 2584 2582 4603
f 2592 4603 2594
f 2594 4603 4303
f 2594 4303 2596
f 2620 2618 4604
f 4604 2618 2616
f 2602 2600 4303
f 4303 2600 2598
f 4303 2598 2596
f 2590 2588 4603
f 4603 2588 2586
f 4603 2586 2584
f 2616 2614 4604
f 4604 2614 2612
f 4604 2612 4303
f 4303 2612 2610
f 4303 2610 2608
f 2608 2606 4303
f 4303 2606 2604
f 4303 2604 2602
f 2582 2580 4603
f 4603 2580 2578
f 4603 2578 4605
f 4605 2578 2576
f 4605 2576 2646
f 2646 2644 4605
f 4605 2644 2642
f 4605 2642 4606
f 2642 2640 4606
f 4606 2640 2638
f 4606 2638 2636
f 2628 2626 4606
f 4606 2626 2624
f 4606 2624 2622
f 2636 2634 4606
f 4606 2634 2632
f 4606 2632 2630
f 4606 2630 2628
f 2544 2542 4603
f 4603 2542 2540
f 4603 2540 2538
f 2504 2574 4607
f 2536 2534 4579
f 4579 2534 2532
f 4579 2532 2530
f 2514 2512 4601
f 2530 2528 4579
f 4579 2528 2526
f 4579 2526 4511
f 4511 2526 2524
f 4511 2524 2522
f 2512 2510 4601
f 4601 2510 2508
f 4601 2508 4607
f 4607 2508 2506
f 4607 2506 2504
f 2522 2520 4511
f 4511 2520 2518
f 4511 2518 4601
f 4601 2518 2516
f 4601 2516 2514
f 2566 2564 4602
f 4603 2548 2546
f 4603 2546 2544
f 2574 2572 4607
f 4607 2572 2570
f 4607 2570 4602
f 4602 2570 2568
f 4602 2568 2566
f 2564 2562 4602
f 4602 2562 2560
f 4602 2560 2558
f 2558 2556 4603
f 4603 2556 2554
f 2554 2552 4603
f 4603 2552 2550
f 4603 2550 2548
f 2708 4427 4597
f 4597 4427 4608
f 4427 2738 4522
f 4522 2738 2727
f 4522 2727 4521
f 4427 2708 2738
f 2727 2719 4521
f 4521 2719 4520
f 2719 2710 4594
f 4594 2710 2708
f 4520 2719 4594
f 4414 4416 4592
f 4592 4416 4594
f 4594 4416 4419
f 4594 4419 4520
f 4520 4419 4411
f 4519 4411 4414
f 4519 4414 4590
f 4590 4414 4592
f 4520 4411 4519
f 4587 4425 4426
f 4516 4423 4515
f 4515 4423 4425
f 4587 4426 4589
f 4426 4420 4589
f 4589 4420 4518
f 4589 4518 4590
f 4590 4518 4519
f 4518 4420 4516
f 4516 4420 4423
f 4515 4425 4587
f 4515 4587 4514
f 4514 4587 4582
f 4514 4582 4512
f 4512 4582 4581
f 4580 4410 4581
f 4581 4410 4402
f 4581 4402 4512
f 4512 4402 4405
f 4579 4408 4580
f 4580 4408 4410
f 4512 4405 4511
f 4511 4405 4408
f 4432 2699 2697
f 2697 2695 4432
f 4432 2695 2693
f 4432 2693 2691
f 2691 2689 4432
f 4432 2689 2687
f 4432 2687 2685
f 2669 2667 4609
f 2683 2681 4604
f 4604 2681 2679
f 4604 2679 2677
f 2677 2675 4604
f 4604 2675 2673
f 4604 2673 2671
f 2667 2665 4609
f 4609 2665 2649
f 2659 2705 4576
f 4576 2705 2703
f 4576 2703 4432
f 2703 2701 4432
f 4432 2701 2699
f 4597 4330 4332
f 2708 4332 4325
f 4597 4332 2708
f 4594 4325 4595
f 4595 4325 4328
f 2708 4325 4594
f 4595 4328 4597
f 4328 4330 4597
f 4323 4316 4608
f 4583 4321 4323
f 4319 4321 4598
f 4608 4316 4597
f 4597 4316 4598
f 4598 4316 4319
f 4598 4321 4583
f 4298 4301 4586
f 4586 4301 4303
f 4298 4585 4306
f 4585 4298 4586
f 4603 4293 4295
f 4586 4295 4289
f 4293 4579 4291
f 4291 4579 4577
f 4577 4289 4291
f 4511 4408 4579
f 4579 4603 2536
f 2536 4603 2538
f 2622 2620 4606
f 4606 2620 4604
f 4606 4604 4609
f 4609 4604 2669
f 2669 4604 2671
f 4604 4313 4315
f 2685 2683 4432
f 4432 2683 4604
f 4432 4604 4315
f 4608 4311 4306
f 4432 4315 4310
f 4608 4310 4311
f 4306 4311 4313
f 4432 4310 4608
f 4323 4608 4583
f 4306 4583 4608
f 4313 4604 4306
f 4306 4604 4303
f 4303 4603 4586
f 4577 4586 4289
f 2558 4603 4602
f 4602 4603 4606
f 4295 4586 4603
f 4603 4605 4606
f 4579 4293 4603
f 2335 4610 4611
f 2335 4611 2337
f 2337 4611 2339
f 2339 4611 4612
f 2339 4612 4613
f 2339 4613 2342
f 2342 4613 4614
f 2342 4614 2333
f 2333 4614 4610
f 2333 4610 2335
f 4610 4530 4532
f 4610 4532 4535
f 4610 4535 4534
f 4610 4534 4611
f 4611 4534 4533
f 4611 4533 4612
f 4612 4533 4547
f 4612 4547 4546
f 4612 4546 4613
f 4613 4546 4545
f 4613 4545 4544
f 4613 4544 4614
f 4614 4544 4529
f 4614 4529 4530
f 4614 4530 4610
f 2324 4615 4616
f 2324 4616 4617
f 2324 4617 2322
f 2322 4617 4618
f 2322 4618 2326
f 2326 4618 4619
f 2326 4619 2330
f 2330 4619 4620
f 2330 4620 2329
f 2329 4620 4615
f 2329 4615 2324
f 4619 4553 4558
f 4619 4558 4620
f 4620 4558 4557
f 4620 4557 4556
f 4620 4556 4615
f 4615 4556 4555
f 4615 4555 4543
f 4615 4543 4616
f 4616 4543 4542
f 4616 4542 4617
f 4617 4542 4540
f 4617 4540 4552
f 4617 4552 4618
f 4618 4552 4554
f 4618 4554 4553
f 4618 4553 4619
f 2316 4621 2317
f 2317 4621 4622
f 2317 4622 2319
f 2319 4622 4623
f 2319 4623 4624
f 2319 4624 2321
f 2321 4624 4625
f 2321 4625 2314
f 2314 4625 4626
f 2314 4626 2316
f 2316 4626 4621
f 4625 4559 4626
f 4626 4559 4539
f 4626 4539 4537
f 4626 4537 4621
f 4621 4537 4538
f 4621 4538 4560
f 4621 4560 4536
f 4621 4536 4622
f 4622 4536 4561
f 4622 4561 4623
f 4623 4561 4562
f 4623 4562 4624
f 4624 4562 4565
f 4624 4565 4564
f 4624 4564 4625
f 4625 4564 4559
f 2306 4627 2308
f 2308 4627 4628
f 2308 4628 2310
f 2310 4628 4629
f 2310 4629 2311
f 2311 4629 4630
f 2311 4630 2304
f 2304 4630 4631
f 2304 4631 2306
f 2306 4631 4627
f 4632 4524 4627
f 4631 4632 4627
f 4630 4632 4631
f 4630 4548 4632
f 4524 4523 4627
f 4523 4527 4627
f 4627 4527 4628
f 4527 4528 4628
f 4528 4526 4628
f 4628 4526 4629
f 4629 4526 4525
f 4629 4525 4551
f 4629 4551 4549
f 4629 4549 4630
f 4630 4549 4548
f 2715 4633 2714
f 2714 4633 2713
f 2713 4633 2712
f 2712 4633 4634
f 2712 4634 2711
f 2711 4634 2709
f 2709 4634 2707
f 2707 4634 2747
f 2747 4634 2746
f 2746 4634 2745
f 2745 4634 2744
f 2744 4634 4635
f 2744 4635 2743
f 2743 4635 2742
f 2742 4635 2741
f 2741 4635 2740
f 2740 4635 2739
f 2739 4635 2737
f 2737 4635 2736
f 2736 4635 4636
f 2736 4636 2735
f 2735 4636 2734
f 2734 4636 2733
f 2733 4636 2732
f 2732 4636 2731
f 2731 4636 4637
f 2731 4637 2730
f 2730 4637 2729
f 2729 4637 2728
f 2728 4637 2726
f 2726 4637 2725
f 2725 4637 4638
f 2725 4638 2724
f 2724 4638 2723
f 2723 4638 2722
f 2722 4638 2721
f 2721 4638 4633
f 2721 4633 2720
f 2720 4633 2718
f 2718 4633 2717
f 2717 4633 2716
f 2716 4633 2715
f 4637 4477 4475
f 4637 4475 4638
f 4638 4475 4446
f 4638 4446 4633
f 4633 4446 4639
f 4633 4639 4445
f 4633 4445 4444
f 4633 4444 4634
f 4634 4444 4443
f 4634 4443 4483
f 4634 4483 4635
f 4635 4483 4482
f 4635 4482 4481
f 4635 4481 4636
f 4636 4481 4479
f 4636 4479 4637
f 4637 4479 4477
f 2668 4640 2666
f 2666 4640 2664
f 2664 4640 2663
f 2663 4640 2662
f 2662 4640 2661
f 2661 4640 2647
f 2647 4640 2648
f 2648 4640 4641
f 2648 4641 2650
f 2650 4641 2651
f 2651 4641 2653
f 2653 4641 2654
f 2654 4641 2655
f 2655 4641 4642
f 2655 4642 2656
f 2656 4642 2657
f 2657 4642 2658
f 2658 4642 2660
f 2660 4642 2706
f 2706 4642 4643
f 2706 4643 2704
f 2704 4643 2702
f 2702 4643 2700
f 2700 4643 2698
f 2698 4643 2696
f 2696 4643 2694
f 2694 4643 2692
f 2692 4643 4644
f 2692 4644 2690
f 2690 4644 2688
f 2688 4644 2686
f 2686 4644 2684
f 2684 4644 2682
f 2682 4644 2680
f 2680 4644 2678
f 2678 4644 4645
f 2678 4645 2676
f 2676 4645 2674
f 2674 4645 2672
f 2672 4645 2670
f 2670 4645 4640
f 2670 4640 2668
f 4643 4485 4496
f 4643 4496 4644
f 4644 4496 4495
f 4644 4495 4498
f 4644 4498 4645
f 4645 4498 4497
f 4645 4497 4505
f 4645 4505 4640
f 4640 4505 4500
f 4640 4500 4499
f 4640 4499 4641
f 4641 4499 4487
f 4641 4487 4642
f 4642 4487 4486
f 4642 4486 4643
f 4643 4486 4485
f 2639 4646 2637
f 2637 4646 2635
f 2635 4646 4647
f 2635 4647 2633
f 2633 4647 2631
f 2631 4647 2629
f 2629 4647 2627
f 2627 4647 4648
f 2627 4648 2625
f 2625 4648 2623
f 2623 4648 2621
f 2621 4648 2619
f 2619 4648 2617
f 2617 4648 2615
f 2615 4648 2613
f 2613 4648 4649
f 2613 4649 2611
f 2611 4649 2609
f 2609 4649 2607
f 2607 4649 2605
f 2605 4649 2603
f 2603 4649 4650
f 2603 4650 2601
f 2601 4650 2599
f 2599 4650 2597
f 2597 4650 2595
f 2595 4650 2593
f 2593 4650 2591
f 2591 4650 2589
f 2589 4650 2587
f 2587 4650 4651
f 2587 4651 2585
f 2585 4651 2583
f 2583 4651 2581
f 2581 4651 2579
f 2579 4651 2577
f 2577 4651 2575
f 2575 4651 4646
f 2575 4646 2645
f 2645 4646 2643
f 2643 4646 2641
f 2641 4646 2639
f 4649 4433 4465
f 4649 4465 4650
f 4650 4465 4467
f 4650 4467 4466
f 4650 4466 4489
f 4650 4489 4651
f 4651 4489 4490
f 4651 4490 4646
f 4646 4490 4493
f 4646 4493 4492
f 4646 4492 4647
f 4647 4492 4494
f 4647 4494 4648
f 4648 4494 4434
f 4648 4434 4433
f 4648 4433 4649
f 2515 4652 2513
f 2513 4652 2511
f 2511 4652 2509
f 2509 4652 2507
f 2507 4652 4653
f 2507 4653 2505
f 2505 4653 2503
f 2503 4653 2573
f 2573 4653 2571
f 2571 4653 2569
f 2569 4653 4654
f 2569 4654 2567
f 2567 4654 2565
f 2565 4654 2563
f 2563 4654 2561
f 2561 4654 2559
f 2559 4654 2557
f 2557 4654 2555
f 2555 4654 4655
f 2555 4655 2553
f 2553 4655 2551
f 2551 4655 2549
f 2549 4655 2547
f 2547 4655 2545
f 2545 4655 2543
f 2543 4655 2541
f 2541 4655 2539
f 2539 4655 4656
f 2539 4656 2537
f 2537 4656 2535
f 2535 4656 2533
f 2533 4656 2531
f 2531 4656 2529
f 2529 4656 2527
f 2527 4656 2525
f 2525 4656 2523
f 2523 4656 4652
f 2523 4652 2521
f 2521 4652 2519
f 2519 4652 2517
f 2517 4652 2515
f 4657 4658 4654
f 4653 4657 4654
f 4652 4657 4653
f 4652 4473 4657
f 4656 4461 4472
f 4656 4472 4471
f 4656 4471 4470
f 4656 4470 4652
f 4652 4470 4659
f 4652 4659 4473
f 4658 4506 4654
f 4506 4488 4654
f 4654 4488 4655
f 4488 4463 4655
f 4463 4461 4655
f 4655 4461 4656
f 2480 2431 2482
f 2338 2340 2437
f 4599 2303 2446
f 2446 2303 2305
f 2305 2307 2466
f 2466 2307 2309
f 4599 2309 2312
f 4599 2312 2303
f 4599 2320 2313
f 4599 2313 2449
f 4599 2318 2320
f 2445 2332 2334
f 2338 2437 2336
f 2336 2437 2415
f 2334 2336 2415
f 2445 2341 2332
f 2340 2341 2435
f 2435 2341 2445
f 2340 2435 2437
f 2334 2415 2461
f 2468 2413 2404
f 2461 2410 2413
f 2461 2413 2468
f 2468 2404 2471
f 2415 2410 2461
f 2407 2418 2419
f 2404 2407 2419
f 2471 2404 2419
f 2418 2407 2415
f 2407 2410 2415
f 2419 2422 2474
f 2419 2474 2471
f 2476 2390 2393
f 2422 2390 2474
f 2474 2390 2476
f 2388 2424 2426
f 2424 2388 2390
f 2390 2422 2424
f 2476 2393 2478
f 2393 2386 2478
f 2426 2386 2388
f 2395 2466 2485
f 2482 2400 2402
f 2482 2402 2485
f 2485 2402 2395
f 2433 2395 2431
f 2431 2395 2397
f 2431 2397 2482
f 2482 2397 2400
f 2431 2480 2429
f 2429 2480 2478
f 2429 2478 2426
f 2426 2478 2386
f 2446 2305 2466
f 2446 2466 2433
f 2433 2466 2395
f 2309 2383 2378
f 2464 2380 2449
f 2466 2380 2464
f 2380 2383 2449
f 2378 2380 2466
f 2315 2376 2369
f 2372 2374 2454
f 2454 2374 2452
f 2452 2374 2376
f 2450 2369 2372
f 2450 2372 2454
f 2352 2355 2455
f 2442 2357 2359
f 2352 2455 2359
f 2357 2458 2355
f 2458 2357 2442
f 2334 2461 2445
f 2445 2461 2347
f 2445 2347 2349
f 2458 2349 2343
f 2347 2461 2345
f 2345 2461 2463
f 2458 2343 2345
f 2458 2345 2463
f 2331 2328 2441
f 2441 2328 2327
f 2441 2327 4575
f 2325 2331 2318
f 2359 2441 2442
f 2445 2349 2458
f 2445 2458 2442
f 2313 2315 2449
f 2449 2315 2450
f 2450 2315 2369
f 2365 2367 2441
f 2318 2331 2441
f 2318 2441 2367
f 2360 2363 2315
f 2315 2363 2359
f 2315 2359 2452
f 2452 2359 2457
f 2457 2359 2455
f 2318 2367 2360
f 2359 2363 2365
f 2359 2365 2441
f 2318 2360 2315
f 2452 2376 2315
f 2325 2318 4599
f 2449 2383 2309
f 2449 2309 4599
f 2466 2309 2378
f 4575 2327 2751
f 2323 2325 2750
f 2325 4599 2750
f 2751 2327 2323
f 2751 2323 2750
f 2749 2659 4576
f 4602 4606 2748
f 2748 2652 2749
f 4609 2649 2748
f 4609 2748 4606
f 2748 2649 2652
f 2749 2652 2659
f 4531 2501 4349
f 4436 4584 4435
f 4300 4435 4464
f 4578 4460 4464
f 4588 4439 4336
f 4588 4336 4441
f 4458 4460 4578
f 4596 4469 4329
f 4596 4329 4442
f 4593 4442 4417
f 4593 4417 4591
f 4591 4417 4451
f 2492 2493 2491
f 2495 2496 2494
f 2498 2499 2497
f 2475 2477 2394
f 2394 2477 2479
f 2448 4632 4399
f 4524 4632 2448
f 4550 4399 4632
f 4399 4550 4369
f 4550 4632 4548
f 4524 2448 2447
f 4399 4369 4284
f 4657 4600 4378
f 4378 4658 4657
f 4600 4657 4473
f 4378 4343 4506
f 4600 4473 4474
f 4378 4506 4658
f 4378 4227 4343
f 4639 4446 4445
f 4479 4478 4477
f 4473 4659 4470
f 4660 4661 4662
f 4661 4663 4662
f 4663 4664 4662
f 4664 4665 4662
f 4662 4665 4660
f 4660 4573 4571
f 4660 4571 4661
f 4661 4571 4572
f 4661 4572 4663
f 4663 4572 4574
f 4663 4574 4664
f 4664 4574 4566
f 4664 4566 4665
f 4665 4566 4573
f 4665 4573 4660
f 4666 4667 4668
f 4668 4669 4666
f 4669 4670 4666
f 4666 4670 4667
f 4667 4569 4671
f 4667 4671 4668
f 4668 4671 4563
f 4668 4563 4570
f 4668 4570 4669
f 4669 4570 4568
f 4669 4568 4670
f 4670 4568 4567
f 4670 4567 4667
f 4667 4567 4569
f 4671 4569 4563
f 4672 4673 4674
f 4673 4675 4674
f 4675 4676 4674
f 4674 4676 4672
f 4672 4462 4673
f 4673 4462 4508
f 4673 4508 4507
f 4673 4507 4675
f 4675 4507 4510
f 4675 4510 4676
f 4676 4510 4509
f 4676 4509 4672
f 4672 4509 4462
f 4677 4678 4679
f 4679 4678 4680
f 4680 4681 4679
f 4679 4681 4677
f 4677 4503 4491
f 4677 4491 4678
f 4678 4491 4502
f 4678 4502 4680
f 4680 4502 4501
f 4680 4501 4504
f 4680 4504 4681
f 4681 4504 4503
f 4681 4503 4677
f 4601 4607 4602
f 4512 4513 4514
f 4516 4517 4518
f 4427 4429 4608
f 4608 4429 4432
f 3046 4021 4019
f 3046 4016 4021
f 4013 4016 3045
f 3045 4016 3046
f 4019 4022 3047
f 4019 3047 3046
f 4011 4013 3045
f 3047 4022 4024
f 3045 4025 4011
f 4024 4025 3047
f 3047 4025 3045
f 3053 3052 4682
f 3053 4682 4048
f 4048 4682 4046
f 3053 4048 4051
f 3053 4051 4050
f 3052 4045 4682
f 3052 4043 4045
f 4045 4046 4682
f 3051 3053 4054
f 4054 3053 4050
f 3052 3051 4043
f 4043 3051 4057
f 4054 4055 3051
f 3051 4055 4057
f 3071 3068 4104
f 3071 4104 4105
f 3071 4109 4683
f 3071 4105 4109
f 4109 4108 4683
f 3069 3071 4683
f 3069 4683 4110
f 4110 4683 4108
f 3068 3067 4104
f 4104 3067 4103
f 3070 3069 4010
f 4010 3069 4110
f 3067 3070 4103
f 4103 3070 4008
f 3070 4010 4008
f 4040 4032 4684
f 4684 4032 3048
f 4684 3048 3050
f 3048 4032 4029
f 3050 4038 4041
f 3050 4041 4684
f 4684 4041 4040
f 4029 4033 3049
f 4029 3049 3048
f 4036 4038 4685
f 4685 4038 3050
f 4685 3050 3049
f 3049 4035 4685
f 3049 4033 4035
f 4035 4036 4685
f 4117 3997 3076
f 3076 3997 3072
f 3996 3072 3997
f 3076 4113 4117
f 4113 4116 4117
f 3996 3998 3073
f 3996 3073 3072
f 4006 4113 3075
f 3075 4113 3076
f 4006 3075 4004
f 3998 4001 3073
f 3073 4001 3074
f 4001 4004 3074
f 3074 4004 3075
f 3984 3987 3093
f 3093 3987 3092
f 3092 3987 3989
f 3989 4127 3094
f 3989 3094 3092
f 3983 3984 3097
f 3097 3984 3093
f 3094 4127 4129
f 3096 3983 3097
f 3974 3981 3096
f 3096 3981 3983
f 4129 4131 3090
f 4129 3090 3094
f 3976 3974 3096
f 3095 3976 3096
f 3978 3976 3095
f 3978 3091 3980
f 3978 3095 3091
f 4131 3980 3091
f 4131 3091 3090
f 3079 3994 3992
f 3079 3992 3991
f 3991 4120 3077
f 3991 3077 3079
f 3089 3994 3080
f 3080 3994 3079
f 4120 4121 3077
f 3077 4121 3078
f 4123 3089 3080
f 4123 3080 3078
f 3078 4121 4123
f 4080 4082 3065
f 3065 4082 3066
f 3066 4082 4084
f 4079 4080 3065
f 4079 3065 3064
f 4084 4086 3063
f 4084 3063 3066
f 4076 4079 3064
f 4076 3064 3062
f 4086 4088 4686
f 4086 4686 3063
f 3063 4686 3061
f 4090 4076 3062
f 4090 3062 3061
f 4686 4090 3061
f 4686 4088 4090
f 3057 4069 4072
f 4069 4071 4072
f 4072 4060 3056
f 4072 3056 3057
f 4068 4069 3055
f 3055 4069 3057
f 3056 4060 4059
f 4068 3055 4066
f 4059 4061 3054
f 4059 3054 3056
f 4065 4066 3054
f 3054 4066 3055
f 3054 4061 4063
f 3054 4063 4065
f 3101 3104 4151
f 4151 3104 4150
f 3104 4147 4150
f 3102 3101 4151
f 3102 4151 4156
f 3104 3100 4147
f 4147 3100 4100
f 3103 3102 4099
f 4099 3102 4156
f 3100 3103 4097
f 3100 4097 4100
f 3103 4099 4097
f 3116 3115 4185
f 4185 3115 4181
f 3116 4185 4687
f 4687 4185 4187
f 3115 4182 4181
f 3117 3116 4687
f 3117 4687 4189
f 4189 4687 4187
f 3115 3117 4191
f 3115 4191 4182
f 3117 4189 4192
f 3117 4192 4191
f 4169 4092 3109
f 3109 4092 3108
f 3108 4092 4688
f 4688 4092 4095
f 4095 4157 4688
f 4688 4157 3108
f 3108 4157 3105
f 4164 4169 3109
f 4164 3109 3107
f 3105 4157 4159
f 4159 4162 3105
f 3105 4162 3106
f 4162 4164 3106
f 3106 4164 3107
f 4201 4203 3119
f 4201 3119 3118
f 3119 4207 3121
f 3119 4203 4207
f 4207 4206 3121
f 3118 4198 4202
f 3118 4202 4201
f 4206 4197 3120
f 4206 3120 3121
f 4196 4198 3120
f 3120 4198 3118
f 4196 3120 4197
f 4177 4176 3111
f 3114 4177 3111
f 4177 3114 4179
f 4179 3113 4175
f 3114 3113 4179
f 3113 4173 4175
f 4172 4173 3110
f 3110 4173 3113
f 4137 3111 4176
f 4172 3110 4170
f 4137 4138 3112
f 4137 3112 3111
f 4139 4170 4689
f 4689 4170 3112
f 3112 4170 3110
f 3112 4138 4689
f 4689 4138 4139
f 3249 3251 2857
f 2857 3251 2858
f 3249 2857 3336
f 2859 2861 3333
f 3336 2859 3338
f 2857 2859 3336
f 3338 2859 3333
f 3330 3334 2861
f 2861 3334 3333
f 3251 3253 2862
f 3251 2862 2858
f 3327 3330 2860
f 2860 3330 2861
f 2862 3255 3256
f 2862 3253 3255
f 3256 3324 2862
f 2862 3324 2856
f 3326 3327 2860
f 3326 2860 2856
f 3326 2856 3324
f 3359 3361 2868
f 3359 2868 2867
f 4690 2868 3363
f 2868 3361 3363
f 3363 3364 4690
f 3359 2867 3356
f 2867 3360 3356
f 3364 3366 4690
f 4690 3366 2866
f 4690 2866 2868
f 3368 3360 2867
f 3368 2867 2866
f 2866 3366 3369
f 2866 3369 3368
f 3308 3309 2841
f 3308 2841 2840
f 3308 2840 3306
f 3309 3312 2841
f 2841 3312 2839
f 3268 3306 2838
f 2838 3306 2840
f 2838 3264 3268
f 3264 3266 3268
f 3312 3315 2839
f 2839 3315 2837
f 3317 3264 2837
f 2837 3264 2838
f 2837 3315 3317
f 2863 2865 3350
f 2863 3350 3352
f 3355 2863 3352
f 3355 3354 2863
f 2865 3347 3350
f 2864 2863 4691
f 4691 2863 3354
f 4691 3354 3343
f 2865 2864 3347
f 3347 2864 3345
f 4691 3345 2864
f 4691 3343 3345
f 2870 3293 3296
f 2870 3296 2871
f 2871 3296 3295
f 3288 3293 2869
f 2869 3293 2870
f 3295 3297 2871
f 2871 3297 4692
f 2871 4692 2872
f 2872 4692 3297
f 2872 3297 3371
f 3289 3288 2869
f 3289 2869 2872
f 3371 3289 2872
f 2844 2849 2846
f 2846 3258 2844
f 2844 3258 2842
f 3322 2849 2845
f 2845 2849 2844
f 2842 3258 3261
f 4693 3319 2845
f 2845 3319 3322
f 3261 3262 2842
f 2842 3262 2843
f 3262 3319 4693
f 3262 4693 2843
f 2843 4693 2845
f 2832 2834 3272
f 3272 2834 3271
f 2832 3272 3274
f 3271 2834 3269
f 2833 2832 3275
f 3275 2832 3274
f 2834 2836 3303
f 2834 3303 3269
f 3300 3304 2836
f 3304 3303 2836
f 2835 2833 3277
f 3277 2833 3275
f 2836 2835 3277
f 2836 3277 3300
f 2820 3162 2821
f 3162 2820 3164
f 3164 2820 2817
f 3164 2817 3166
f 3129 2821 3162
f 3245 3166 2817
f 3245 2817 2819
f 2821 3129 3128
f 2819 3243 3245
f 3243 3244 3245
f 3128 3131 2821
f 2821 3131 2818
f 3132 3243 2818
f 2818 3243 2819
f 2818 3131 3132
f 3174 3175 2795
f 3174 2795 2797
f 2795 3180 2796
f 2795 3175 3180
f 3180 3179 2796
f 2796 3179 3178
f 2797 3172 3174
f 3178 3170 2796
f 2796 3170 2798
f 3168 3172 2798
f 2798 3172 2797
f 2798 3169 3168
f 2798 3170 3169
f 2806 3197 3199
f 2806 3199 3201
f 3195 3197 2805
f 2805 3197 2806
f 3201 3202 2807
f 3201 2807 2806
f 3209 3195 2805
f 3209 2805 2803
f 3202 3203 2804
f 3202 2804 2807
f 3207 3209 2803
f 3203 3206 2802
f 3203 2802 2804
f 3206 3207 2802
f 2802 3207 2803
f 3215 3216 2809
f 2809 3216 2811
f 2811 3218 3220
f 2811 3220 2812
f 2811 3216 3218
f 2808 3211 3213
f 2808 3213 2809
f 2809 3213 3215
f 3220 3221 2810
f 3220 2810 2812
f 3221 3211 2810
f 2810 3211 2808
f 3233 3235 2814
f 3235 3225 2816
f 3235 2816 2814
f 3232 3233 2814
f 3232 2814 2813
f 3224 2816 3225
f 2813 3230 3232
f 3224 3226 4694
f 3224 4694 2816
f 2816 4694 2815
f 3228 3230 2815
f 2815 3230 2813
f 4694 3226 3228
f 4694 3228 2815
f 2801 2800 4695
f 4695 2800 3186
f 3186 2800 3182
f 2801 4695 3189
f 4695 3186 3189
f 3184 3182 2800
f 2799 2801 4696
f 4696 2801 3191
f 3191 2801 3189
f 2800 2799 3184
f 3184 2799 3193
f 2799 4696 3193
f 4696 3191 3193
f 3136 3133 2827
f 2827 3133 2828
f 3133 3139 2828
f 2828 3139 2829
f 3241 3136 2827
f 3241 2827 2831
f 3237 3239 2831
f 2831 3239 3241
f 3139 3143 2830
f 3139 2830 2829
f 3144 3237 2830
f 2830 3237 2831
f 2830 3143 3144
f 2822 2826 3281
f 3281 2826 3153
f 2826 3151 3153
f 2825 2822 3281
f 2825 3281 3283
f 2826 2824 3147
f 2826 3147 3151
f 2825 3283 3286
f 2823 2825 3286
f 2823 3286 3148
f 2824 2823 3147
f 3147 2823 3148
f 4697 4698 4699
f 4700 4699 4701
f 4702 4703 4701
f 4704 4705 4706
f 4707 4708 4709
f 4710 4711 4712
f 4701 4706 4700
f 4700 4706 4713
f 4714 4715 4716
f 4716 4715 4717
f 4718 4719 4716
f 4717 4711 4700
f 4700 4711 4710
f 4720 4721 4713
f 4700 4713 4707
f 4716 4717 4718
f 4699 4700 4710
f 4722 4723 4724
f 4717 4700 4725
f 4726 4727 4728
f 4729 4730 4731
f 4731 4732 4733
f 4734 4735 4736
f 4737 4738 4739
f 4710 4712 4740
f 4714 4712 4715
f 4717 4725 4718
f 4741 4742 4743
f 4740 4712 4714
f 4744 4745 4746
f 4747 4748 4749
f 4750 4751 4752
f 4753 4754 4755
f 4756 4757 4758
f 4759 4760 4761
f 4762 4763 4732
f 4764 4765 4766
f 4733 4767 4768
f 4769 4770 4771
f 4772 4769 4773
f 4774 4773 4775
f 4776 4777 4778
f 4758 4734 4779
f 4780 4781 4771
f 4780 4771 4770
f 4776 4769 4772
f 4782 4772 4783
f 4784 4785 4786
f 4786 4785 4787
f 4786 4787 4788
f 4789 4790 4779
f 4734 4758 4771
f 4771 4758 4791
f 4792 4793 4794
f 4795 4796 4791
f 4771 4791 4766
f 4771 4766 4769
f 4769 4766 4773
f 4797 4798 4784
f 4785 4784 4799
f 4800 4801 4802
f 4803 4804 4805
f 4806 4807 4808
f 4733 4732 4755
f 4755 4732 4758
f 4755 4758 4779
f 4809 4810 4811
f 4812 4813 4814
f 4815 4816 4817
f 4811 4810 4818
f 4818 4810 4819
f 4818 4819 4820
f 4820 4819 4821
f 4822 4823 4824
f 4776 4825 4769
f 4769 4825 4826
f 4769 4826 4827
f 4827 4826 4828
f 4829 4830 4831
f 4832 4833 4834
f 4835 4809 4811
f 4811 4836 4837
f 4838 4839 4840
f 4841 4842 4843
f 4826 4837 4844
f 4844 4837 4845
f 4844 4846 4847
f 4848 4849 4850
f 4850 4849 4851
f 4737 4826 4825
f 4852 4825 4853
f 4844 4845 4854
f 4855 4856 4857
f 4802 4808 4761
f 4761 4808 4817
f 4761 4817 4752
f 4752 4817 4824
f 4752 4824 4746
f 4746 4824 4834
f 4746 4834 4743
f 4743 4834 4840
f 4743 4840 4728
f 4728 4840 4843
f 4728 4843 4724
f 4724 4843 4731
f 4724 4731 4749
f 4749 4731 4733
f 4846 4844 4854
f 4846 4854 4858
f 4844 4847 4859
f 4858 4836 4818
f 4818 4836 4811
f 4855 4860 4700
f 4847 4861 4859
f 4761 4814 4802
f 4802 4814 4862
f 4803 4863 4802
f 4707 4850 4700
f 4700 4850 4851
f 4700 4851 4864
f 4864 4851 4799
f 4855 4700 4864
f 4865 4864 4866
f 4811 4837 4794
f 4794 4837 4826
f 4794 4826 4737
f 4859 4861 4818
f 4818 4861 4867
f 4868 4869 4863
f 4870 4871 4862
f 4802 4862 4872
f 4858 4873 4846
f 4874 4875 4860
f 4700 4860 4876
f 4700 4876 4877
f 4818 4867 4858
f 4858 4867 4873
f 4878 4879 4872
f 4802 4872 4880
f 4881 4882 4799
f 4785 4799 4851
f 4785 4851 4831
f 4831 4851 4802
f 4831 4802 4863
f 4803 4802 4880
f 4883 4880 4884
f 4719 4700 4716
f 4716 4700 4877
f 4885 4886 4887
f 4888 4889 4890
f 4891 4892 4893
f 4894 4895 4896
f 4897 4898 4899
f 4899 4898 4900
f 4899 4900 4901
f 4902 4891 4903
f 4904 4905 4906
f 4907 4908 4909
f 4898 4909 4910
f 4898 4897 4911
f 4898 4912 4888
f 4898 4888 4909
f 4913 4914 4903
f 4902 4903 4915
f 4916 4917 4910
f 4898 4910 4894
f 4898 4911 4918
f 4919 4920 4915
f 4902 4915 4904
f 4921 4922 4923
f 4924 4925 4926
f 4927 4928 4929
f 4930 4931 4932
f 4933 4934 4935
f 4935 4934 4936
f 4935 4936 4932
f 4932 4936 4902
f 4932 4902 4904
f 4937 4938 4939
f 4940 4941 4942
f 4898 4918 4912
f 4894 4923 4898
f 4898 4923 4937
f 4937 4923 4924
f 4943 4944 4945
f 4946 4947 4948
f 4937 4924 4943
f 4943 4924 4940
f 4949 4950 4951
f 4952 4953 4954
f 4927 4929 4918
f 4918 4929 4912
f 4943 4940 4949
f 4949 4940 4946
f 4955 4956 4957
f 4958 4959 4960
f 4949 4946 4955
f 4955 4946 4952
f 4961 4962 4963
f 4964 4965 4966
f 4888 4912 4885
f 4885 4912 4967
f 4955 4952 4961
f 4961 4952 4958
f 4968 4969 4970
f 4971 4972 4973
f 4891 4902 4974
f 4974 4902 4975
f 4961 4958 4968
f 4968 4958 4964
f 4976 4977 4978
f 4979 4980 4981
f 4968 4964 4976
f 4976 4964 4971
f 4982 4983 4984
f 4985 4986 4987
f 4976 4971 4982
f 4982 4971 4979
f 4988 4989 4990
f 4991 4992 4993
f 4994 4929 4995
f 4982 4979 4988
f 4988 4979 4985
f 4996 4997 4998
f 4999 5000 5001
f 4994 4995 5002
f 4988 4985 4996
f 4996 4985 4991
f 5003 5004 5005
f 5006 5007 5008
f 5002 5009 4994
f 4996 4991 5003
f 5003 4991 4999
f 5010 5011 5012
f 5013 5014 5015
f 4975 5016 4974
f 4929 4928 5017
f 4929 5017 5018
f 4929 5018 4995
f 5003 4999 5010
f 5010 4999 5006
f 5002 4975 5009
f 4885 4967 4936
f 5019 5020 5021
f 5016 4975 5002
f 4994 5009 5022
f 5023 5024 5025
f 5025 5024 5026
f 5025 5026 5027
f 5027 5026 5028
f 5029 5013 5030
f 5024 5031 5032
f 4994 5022 4967
f 5022 4902 4967
f 4967 4902 4936
f 5033 5034 5024
f 5033 5024 5023
f 5035 5036 5037
f 5038 5019 5039
f 5040 5041 5039
f 5042 5043 5044
f 5019 5038 5030
f 5045 5046 5030
f 5029 5030 5038
f 5029 5038 5047
f 5047 5038 5048
f 5049 5050 5051
f 5052 5053 5038
f 5010 5006 5042
f 5042 5006 5052
f 5037 5036 5029
f 5029 5036 5031
f 5013 5029 5024
f 5024 5029 5031
f 5053 5052 5054
f 5055 5056 5037
f 5037 5056 5057
f 5024 5032 5058
f 5037 5057 5035
f 5026 5059 5060
f 5026 5060 5055
f 5055 5060 5056
f 5057 5061 5035
f 5024 5062 5026
f 5026 5062 5059
f 5062 5024 5058
f 5063 5054 5052
f 5039 5051 5038
f 5038 5051 5052
f 5052 5051 5042
f 5061 5057 5058
f 5058 5057 5062
f 5064 5065 5066
f 5067 5068 5069
f 5070 5071 5072
f 5073 5074 5075
f 5076 5077 5078
f 5077 5079 5080
f 5081 5082 5083
f 5084 5085 5086
f 5087 5088 5089
f 5089 5088 5090
f 5089 5090 5091
f 5092 5093 5094
f 5095 5096 5097
f 5081 5098 5099
f 5078 5077 5100
f 5070 5101 5102
f 5103 5104 5077
f 5105 5106 5079
f 5079 5106 5080
f 5100 5107 5108
f 5109 5110 5111
f 5112 5113 5114
f 5115 5116 5105
f 5105 5116 5106
f 5117 5118 5119
f 5120 5121 5122
f 5081 5083 5097
f 5097 5083 5123
f 5097 5123 5094
f 5094 5123 5124
f 5094 5124 5073
f 5073 5124 5125
f 5126 5127 5082
f 5100 5077 5114
f 5114 5077 5080
f 5128 5129 5078
f 5130 5131 5132
f 5084 5133 5102
f 5134 5135 5079
f 5136 5080 5137
f 5138 5139 5115
f 5115 5139 5116
f 5064 5140 5139
f 5141 5142 5143
f 5144 5145 5146
f 5147 5148 5105
f 5149 5106 5150
f 5073 5125 5090
f 5090 5125 5151
f 5070 5102 5132
f 5109 5152 5102
f 5153 5154 5115
f 5155 5116 5156
f 5117 5157 5139
f 5091 5090 5151
f 5158 5159 5144
f 5158 5144 5160
f 5160 5144 5146
f 5161 5162 5163
f 5164 5165 5083
f 5146 5143 5160
f 5132 5166 5067
f 5064 5139 5138
f 5167 5138 5168
f 5083 5169 5170
f 5083 5170 5164
f 5146 5171 5143
f 5143 5171 5082
f 5082 5171 5083
f 5146 5145 5172
f 5132 5102 5166
f 5173 5174 5101
f 5102 5101 5084
f 5175 5176 5177
f 5171 5169 5083
f 5164 5170 5178
f 5178 5170 5146
f 5179 5180 5181
f 5117 5139 5140
f 5182 5140 5183
f 5175 5139 5157
f 5184 5157 5185
f 5146 5172 5186
f 5146 5186 5187
f 5146 5188 5178
f 5178 5188 5189
f 5190 5191 5133
f 5102 5133 5109
f 5192 5193 5194
f 5195 5180 5179
f 5196 5197 5152
f 5102 5152 5198
f 5199 5200 5201
f 5202 5203 5139
f 5181 5188 5146
f 5199 5201 5204
f 5175 5194 5139
f 5139 5194 5122
f 5139 5122 5090
f 5090 5122 5073
f 5179 5181 5205
f 5205 5181 5146
f 5205 5146 5187
f 5189 5180 5178
f 5178 5180 5195
f 5206 5207 5198
f 5102 5198 5208
f 5209 5210 5211
f 5211 5210 5212
f 5213 5204 5201
f 5209 5214 5210
f 5210 5214 5076
f 5210 5076 5215
f 5215 5076 5078
f 5215 5078 5166
f 5166 5078 5067
f 5216 5217 5200
f 5200 5217 5218
f 5200 5218 5201
f 5201 5218 5219
f 5220 5221 5076
f 5220 5076 5214
f 5222 5219 5218
f 5222 5223 5224
f 5223 5222 5218
f 5225 5226 5227
f 5225 5227 5223
f 5223 5227 5102
f 5223 5102 5224
f 5210 5215 5226
f 5102 5228 5224
f 5210 5226 5225
f 5161 5102 5208
f 5229 5208 5230
f 5219 5231 5201
f 5201 5231 5161
f 5161 5231 5102
f 5102 5231 5228
f 5232 5233 5234
f 5235 5236 5237
f 5238 5237 5239
f 5240 5241 5239
f 5242 5243 5244
f 5245 5246 5247
f 5242 5244 5248
f 5238 5249 5250
f 5251 5252 5253
f 5253 5252 5254
f 5239 5247 5238
f 5238 5247 5255
f 5256 5257 5258
f 5249 5252 5251
f 5250 5243 5238
f 5238 5243 5242
f 5259 5260 5255
f 5238 5255 5261
f 5262 5263 5264
f 5251 5244 5265
f 5237 5238 5242
f 5266 5267 5268
f 5248 5244 5251
f 5269 5270 5253
f 5271 5272 5273
f 5251 5265 5249
f 5249 5265 5250
f 5274 5275 5276
f 5269 5266 5277
f 5277 5266 5262
f 5278 5279 5280
f 5281 5282 5283
f 5253 5254 5238
f 5256 5284 5269
f 5277 5262 5285
f 5285 5262 5271
f 5285 5271 5286
f 5286 5271 5287
f 5288 5287 5281
f 5281 5287 5278
f 5289 5290 5291
f 5291 5290 5292
f 5266 5269 5284
f 5293 5284 5294
f 5290 5289 5278
f 5278 5289 5281
f 5291 5292 5295
f 5295 5292 5296
f 5253 5238 5297
f 5253 5297 5269
f 5269 5297 5256
f 5298 5288 5299
f 5299 5288 5300
f 5299 5300 5301
f 5302 5303 5289
f 5304 5290 5305
f 5306 5307 5291
f 5308 5292 5309
f 5295 5296 5310
f 5310 5296 5311
f 5276 5297 5274
f 5274 5297 5238
f 5274 5238 5261
f 5312 5261 5313
f 5288 5298 5314
f 5315 5316 5287
f 5286 5287 5288
f 5286 5288 5314
f 5317 5318 5295
f 5319 5296 5320
f 5310 5311 5321
f 5321 5311 5322
f 5323 5324 5310
f 5325 5311 5326
f 5321 5322 5327
f 5327 5322 5328
f 5329 5330 5321
f 5331 5322 5332
f 5327 5328 5333
f 5333 5328 5334
f 5335 5336 5327
f 5337 5328 5338
f 5333 5334 5339
f 5339 5334 5340
f 5341 5342 5333
f 5343 5334 5344
f 5339 5340 5345
f 5345 5340 5346
f 5347 5348 5349
f 5350 5351 5339
f 5352 5340 5353
f 5345 5346 5348
f 5348 5346 5349
f 5354 5355 5345
f 5356 5346 5357
f 5358 5359 5348
f 5360 5349 5361
f 5362 5363 5364
f 5365 5364 5366
f 5367 5368 5369
f 5370 5371 5347
f 5372 5373 5366
f 5349 5364 5347
f 5347 5364 5374
f 5375 5376 5377
f 5377 5376 5378
f 5379 5380 5381
f 5380 5382 5381
f 5381 5382 5383
f 5381 5383 5384
f 5381 5385 5386
f 5386 5385 5387
f 5374 5388 5389
f 5390 5372 5366
f 5391 5392 5384
f 5391 5384 5383
f 5386 5387 5393
f 5386 5394 5395
f 5385 5381 5396
f 5232 5397 5364
f 5386 5395 5398
f 5373 5376 5366
f 5366 5376 5375
f 5366 5375 5365
f 5365 5375 5399
f 5365 5399 5384
f 5232 5364 5365
f 5400 5365 5401
f 5395 5402 5398
f 5398 5402 5375
f 5375 5402 5399
f 5367 5403 5364
f 5384 5399 5404
f 5381 5405 5396
f 5367 5364 5397
f 5406 5397 5407
f 5374 5364 5403
f 5408 5403 5409
f 5384 5404 5410
f 5384 5410 5381
f 5381 5410 5405
f 5394 5386 5393
f 5394 5393 5411
f 5394 5411 5410
f 5410 5411 5405
f 4882 4881 5412
f 4865 4866 5413
f 4857 4856 5414
f 4875 4874 5415
f 3921 3919 4877
f 4877 3919 3917
f 3917 3915 4877
f 4877 3915 3912
f 4877 3912 4716
f 4716 3912 3910
f 3891 3888 3910
f 3910 3888 4716
f 4716 3888 3886
f 4716 3886 3884
f 4716 3884 3882
f 4716 3882 3880
f 5416 5417 3873
f 3873 5417 4716
f 3873 4716 3880
f 3891 3910 3892
f 3892 3910 3889
f 3892 3889 3894
f 3894 3893 3892
f 5418 3900 5419
f 3896 5420 3895
f 3895 5420 3897
f 3895 3897 5421
f 5421 3897 3899
f 5419 3900 3897
f 3897 3900 5422
f 3897 5422 3899
f 3849 5423 3851
f 3844 5424 3904
f 3851 5425 3849
f 3849 5425 3844
f 3849 3844 3904
f 5419 3902 5418
f 5418 3902 3906
f 3906 3902 3907
f 3906 3907 5424
f 5424 3907 3904
f 5423 3849 3848
f 3848 3849 5426
f 3848 5426 3846
f 5417 3868 5164
f 3868 3866 5164
f 5164 3866 3864
f 5164 3864 3862
f 5164 3862 3857
f 5164 3857 3860
f 3828 3860 3856
f 3828 3856 3829
f 3860 3828 5164
f 5164 3828 5427
f 3840 3838 5165
f 5164 5427 3842
f 5164 3842 5165
f 5165 3842 3840
f 5165 3838 3836
f 3836 3834 5165
f 5165 3834 5428
f 5417 5416 3874
f 5417 3874 3877
f 5429 5417 3870
f 3877 3875 5417
f 5417 3875 3870
f 5417 5429 3871
f 5417 3871 3868
f 3923 3921 5428
f 5428 3921 4877
f 3834 5430 5428
f 5428 5430 3833
f 5428 3833 3831
f 5428 3831 3826
f 3826 3925 5428
f 5428 3925 3923
f 4905 5431 4906
f 4919 5432 4920
f 4913 5433 4914
f 4892 5434 4893
f 3609 3612 5270
f 5270 3612 3614
f 3614 3616 5270
f 5270 3616 3618
f 5270 3618 5253
f 5253 3618 3620
f 3665 3668 3620
f 3620 3668 5253
f 5253 3668 3670
f 5253 3670 3672
f 5253 3672 3674
f 5253 3674 3676
f 5435 5436 3622
f 3622 5436 5253
f 3622 5253 3676
f 3607 3609 5437
f 5437 3609 5270
f 5437 5438 3599
f 3599 5439 5437
f 5437 5439 3600
f 5437 3600 3602
f 3602 3605 5437
f 5437 3605 3607
f 5436 3632 5002
f 3632 3635 5002
f 5002 3635 3637
f 5002 3637 3639
f 5002 3639 3642
f 5002 3642 3644
f 3644 3586 5002
f 5002 3586 3589
f 3591 3593 5016
f 5002 3589 5016
f 5016 3589 3591
f 5016 3593 3595
f 3595 3597 5016
f 5016 3597 5437
f 5437 3597 5438
f 3665 3620 3664
f 3583 3584 3649
f 3586 3644 3646
f 3586 3646 3585
f 3584 3648 3649
f 3570 3662 3569
f 3569 3662 3663
f 3570 5440 3662
f 3662 5440 3572
f 3662 3572 5441
f 5441 3572 3660
f 3574 3658 3572
f 3572 3658 3660
f 3581 5442 3651
f 3654 5443 3578
f 3651 5444 3581
f 3581 5444 3654
f 3581 3654 5445
f 5445 3654 3578
f 3658 3574 3656
f 3656 3574 3576
f 3656 3576 5443
f 5443 3576 5446
f 5443 5446 3578
f 5442 3581 3649
f 3649 3581 5447
f 3649 5447 3583
f 5436 5435 3623
f 5436 3623 3625
f 5448 5436 3629
f 3625 3627 5436
f 5436 3627 3629
f 5436 5448 3630
f 5436 3630 3632
f 5259 5449 5260
f 5245 5450 5246
f 5240 5451 5241
f 5235 5452 5236
f 3546 3550 5195
f 5195 3550 3548
f 3548 3555 5195
f 5195 3555 3553
f 5195 3553 5178
f 5178 3553 3506
f 3506 3499 5178
f 5178 3499 3497
f 5178 3497 3504
f 5178 3504 3502
f 5178 3502 5453
f 5178 5453 3501
f 5454 5455 3453
f 3453 5455 5178
f 3453 5178 5456
f 5456 5178 3501
f 3523 3524 3479
f 3510 3492 3509
f 3509 3492 3493
f 3507 3494 3506
f 3506 3494 3495
f 3506 3495 3499
f 3510 5457 3492
f 3492 5457 3512
f 3492 3512 5458
f 5458 3512 3490
f 3514 3488 3512
f 3512 3488 3490
f 3521 5459 3481
f 3484 5460 3519
f 3481 5461 3521
f 3521 5461 3484
f 3521 3484 5462
f 5462 3484 3519
f 3488 3514 3486
f 3486 3514 3516
f 3486 3516 5460
f 5460 3516 5463
f 5460 5463 3519
f 5459 3521 3479
f 3479 3521 5464
f 3479 5464 3523
f 5455 5465 5251
f 5251 5465 3463
f 3463 3467 5251
f 5251 3467 3465
f 5251 3465 3470
f 5251 3470 3472
f 5251 3472 5466
f 5251 5466 3473
f 3526 3473 3475
f 3526 3475 3525
f 3525 3477 3524
f 3524 3477 3478
f 3524 3478 3479
f 3473 3526 5251
f 5251 3526 3527
f 3531 3533 5248
f 5251 3527 5248
f 5248 3527 3531
f 5248 3533 5467
f 5248 5467 3534
f 3534 5468 5248
f 5248 5468 3535
f 5248 3535 5469
f 5455 5454 3454
f 5455 3454 3456
f 3456 5470 5455
f 5455 5470 3457
f 5455 3457 3460
f 5455 3460 3462
f 5455 3462 5465
f 3544 3546 5469
f 5469 3546 5195
f 3535 3538 5469
f 3538 5471 5469
f 5471 3539 5469
f 5469 3539 5472
f 5469 5472 3541
f 3541 3543 5469
f 5469 3543 5473
f 5469 5473 3544
f 4720 5474 4721
f 4704 5475 4705
f 4702 5476 4703
f 4697 5477 4698
f 3772 3771 5018
f 3771 3770 5018
f 5018 3770 3768
f 5018 3768 3773
f 3773 3774 5018
f 5018 3774 3775
f 5018 3775 4995
f 4995 3775 3776
f 4995 3776 5478
f 4995 5478 3778
f 3706 3711 3778
f 3778 3711 3710
f 3778 3710 4995
f 4995 3710 3709
f 4995 3709 3707
f 3707 3712 4995
f 4995 3712 3713
f 4995 3713 5479
f 5479 3715 4995
f 4995 3715 3716
f 4995 3716 3717
f 5480 5481 3719
f 3719 5481 4995
f 3719 4995 3718
f 3718 4995 3717
f 3765 5482 5483
f 5483 5482 5018
f 5018 5482 3767
f 5018 3767 3772
f 5483 5484 3752
f 3752 3753 5483
f 5483 3753 5485
f 5483 5485 3755
f 3755 3756 5483
f 5483 3756 3757
f 5483 3757 3758
f 3758 3760 5483
f 5483 3760 3761
f 5483 3761 3762
f 3762 5486 5483
f 5483 5486 3764
f 5483 3764 3765
f 5481 5487 4714
f 4714 5487 3736
f 4714 3736 3741
f 3741 3740 4714
f 4714 3740 3739
f 4714 3739 3738
f 3738 3748 4714
f 4714 3748 3747
f 4714 3747 3746
f 3746 3745 4714
f 4714 3745 3744
f 4714 3744 3743
f 3743 3798 4714
f 4714 3798 3802
f 4714 3802 5488
f 3808 3807 4740
f 4714 5488 3800
f 4714 3800 4740
f 4740 3800 3809
f 4740 3809 3808
f 3807 3806 4740
f 4740 3806 3805
f 4740 3805 3804
f 3804 3803 4740
f 4740 3803 3749
f 4740 3749 5483
f 5483 3749 5484
f 3706 3778 3705
f 3705 3780 3781
f 3743 3742 3798
f 3798 3742 3686
f 3798 3686 3797
f 3797 3686 3687
f 3781 3704 3705
f 3698 3699 3785
f 3694 3695 3791
f 3793 3694 5489
f 5489 3694 3791
f 3785 3787 3698
f 3698 3788 3696
f 3696 3788 3789
f 3696 3789 3695
f 3695 3789 3790
f 5481 5480 3722
f 5481 3722 3723
f 3723 5490 5481
f 5481 5490 3725
f 5481 3725 3726
f 3731 5491 5481
f 3731 5481 3730
f 3726 3727 5481
f 5481 3727 3728
f 5481 3728 3729
f 5481 3729 3730
f 5491 3733 5481
f 5481 3733 3734
f 5481 3734 5487
f 4798 4797 5492
f 4930 5493 4931
f 5313 5494 5312
f 4708 5495 4709
f 5496 5497 5498
f 5499 5500 5501
f 5502 5503 5504
f 5505 5504 5506
f 5505 5506 5507
f 4790 4789 5230
f 5230 4789 5229
f 4754 4753 5206
f 5206 4753 5207
f 4768 4767 5196
f 5196 4767 5197
f 4748 4747 5110
f 5110 4747 5111
f 4723 4722 5190
f 5190 4722 5191
f 4727 4726 5085
f 5085 4726 5086
f 4742 4741 5173
f 5173 4741 5174
f 4745 4744 5071
f 5071 4744 5072
f 4751 4750 5130
f 5130 4750 5131
f 4760 4759 5068
f 5068 4759 5069
f 4813 4812 5128
f 5128 4812 5129
f 4871 4870 5107
f 5107 4870 5108
f 4879 4878 5112
f 5112 4878 5113
f 4883 4884 5137
f 5137 4884 5136
f 4805 4804 5150
f 5150 4804 5149
f 4869 4868 5156
f 5156 4868 5155
f 4830 4829 5202
f 5202 4829 5203
f 4788 4787 5087
f 5087 4787 5088
f 5234 5233 5000
f 5000 5233 5001
f 5406 5407 4992
f 4992 5407 4993
f 5369 5368 4986
f 4986 5368 4987
f 5408 5409 4980
f 4980 5409 4981
f 5389 5388 4972
f 4972 5388 4973
f 5371 5370 4965
f 4965 5370 4966
f 5359 5358 4959
f 4959 5358 4960
f 5355 5354 4953
f 4953 5354 4954
f 5351 5350 4947
f 4947 5350 4948
f 5342 5341 4941
f 4941 5341 4942
f 5336 5335 4925
f 4925 5335 4926
f 5330 5329 4921
f 4921 5329 4922
f 5324 5323 4895
f 4895 5323 4896
f 5318 5317 4916
f 4916 5317 4917
f 5307 5306 4907
f 4907 5306 4908
f 5303 5302 4889
f 4889 5302 4890
f 5283 5282 4886
f 4886 5282 4887
f 5301 5300 4933
f 4933 5300 4934
f 5135 5134 5361
f 5361 5134 5360
f 5148 5147 5357
f 5357 5147 5356
f 5154 5153 5353
f 5353 5153 5352
f 5167 5168 5344
f 5344 5168 5343
f 5066 5065 5338
f 5338 5065 5337
f 5182 5183 5332
f 5332 5183 5331
f 5119 5118 5326
f 5326 5118 5325
f 5184 5185 5320
f 5320 5185 5319
f 5177 5176 5309
f 5309 5176 5308
f 5193 5192 5305
f 5305 5192 5304
f 5121 5120 5279
f 5279 5120 5280
f 5075 5074 5315
f 5315 5074 5316
f 5093 5092 5272
f 5272 5092 5273
f 5096 5095 5263
f 5263 5095 5264
f 5099 5098 5267
f 5267 5098 5268
f 5127 5126 5294
f 5294 5126 5293
f 5142 5141 5257
f 5257 5141 5258
f 5159 5158 5275
f 5275 5158 5276
f 5046 5045 4738
f 4738 5045 4739
f 5021 5020 4853
f 4853 5020 4852
f 5041 5040 4777
f 4777 5040 4778
f 5050 5049 4783
f 4783 5049 4782
f 5044 5043 4775
f 4775 5043 4774
f 5012 5011 4764
f 4764 5011 4765
f 5005 5004 4795
f 4795 5004 4796
f 4998 4997 4756
f 4756 4997 4757
f 4990 4989 4762
f 4762 4989 4763
f 4984 4983 4729
f 4729 4983 4730
f 4978 4977 4841
f 4841 4977 4842
f 4970 4969 4838
f 4838 4969 4839
f 4963 4962 4832
f 4832 4962 4833
f 4957 4956 4822
f 4822 4956 4823
f 4951 4950 4815
f 4815 4950 4816
f 4945 4944 4806
f 4806 4944 4807
f 4939 4938 4800
f 4800 4938 4801
f 4901 4900 4848
f 4848 4900 4849
f 4736 4735 5162
f 5162 4735 5163
f 5400 5401 5007
f 5007 5401 5008
f 5104 5103 5362
f 5362 5103 5363
f 5015 5014 4792
f 4792 5014 4793
f 5508 5509 5510
f 5510 5509 5002
f 5510 5002 4995
f 5510 4995 5511
f 5510 5511 5512
f 5002 5509 5513
f 5514 5164 5515
f 5516 5253 5517
f 5518 5519 5164
f 5520 5515 5164
f 5520 5164 5178
f 5520 5178 5521
f 5521 5178 5522
f 5514 5518 5164
f 5523 5524 4714
f 5523 4714 5525
f 5525 4714 4716
f 5525 4716 5526
f 5525 5526 5527
f 5528 4714 5524
f 5529 5530 5002
f 5531 5526 4716
f 5513 5529 5002
f 5532 5516 5533
f 5533 5516 5517
f 5178 5534 5522
f 5518 5514 5535
f 5536 5537 5538
f 5537 5536 5251
f 5251 5536 5539
f 5540 5541 4714
f 5529 5513 5542
f 5528 5540 4714
f 5543 5544 5511
f 5511 5544 5545
f 5546 5537 5547
f 5547 5537 5251
f 5547 5251 5548
f 5548 5251 5253
f 5548 5253 5516
f 4995 5543 5511
f 5534 5178 5549
f 5549 5178 5455
f 5549 5455 5539
f 5539 5455 5251
f 5164 5519 5417
f 5417 5519 5550
f 5417 5550 4716
f 4716 5550 5531
f 5540 5528 5551
f 5002 5530 5436
f 5436 5530 5552
f 5436 5552 5253
f 5253 5552 5517
f 5553 5526 5554
f 5554 5526 5531
f 5555 5522 5556
f 5556 5522 5534
f 5536 5538 5557
f 4714 5541 5481
f 5481 5541 5558
f 5481 5558 4995
f 4995 5558 5543
f 5532 5533 5559
f 5542 5513 5560
f 5560 5513 5561
f 5560 5561 5562
f 5562 5561 5563
f 5562 5563 5559
f 5559 5563 5532
f 5564 5565 5548
f 5566 5532 5563
f 5566 5563 5567
f 5566 5567 5568
f 5569 5546 5547
f 5569 5547 5570
f 5557 5538 5571
f 5572 5573 5571
f 5571 5573 5574
f 5571 5574 5557
f 5575 5557 5574
f 5575 5574 5576
f 5576 5574 5577
f 5576 5577 5578
f 5578 5577 5555
f 5579 5555 5577
f 5579 5577 5580
f 5580 5577 5581
f 5580 5581 5582
f 5583 5520 5584
f 5585 5586 5587
f 5587 5586 5588
f 5587 5588 5514
f 5514 5588 5535
f 5589 5535 5588
f 5589 5588 5590
f 5589 5590 5591
f 5591 5590 5592
f 5591 5592 5554
f 5593 5594 5527
f 5553 5554 5595
f 5595 5554 5592
f 5595 5592 5596
f 5596 5592 5597
f 5596 5597 5594
f 5598 5523 5599
f 5600 5601 5602
f 5602 5601 5603
f 5602 5603 5528
f 5545 5544 5604
f 5551 5528 5605
f 5605 5528 5603
f 5605 5603 5606
f 5606 5603 5607
f 5606 5607 5604
f 5604 5607 5545
f 5512 5608 5510
f 5609 5545 5607
f 5609 5607 5610
f 5609 5610 5611
f 5611 5610 5612
f 5611 5612 5608
f 5613 5614 5510
f 5615 5508 5614
f 5614 5508 5510
f 5561 5513 5616
f 5561 5616 5617
f 5617 5616 5613
f 5510 5608 5612
f 5600 5599 5523
f 5600 5523 5601
f 5601 5523 5597
f 5597 5523 5525
f 5527 5594 5597
f 5527 5597 5525
f 5585 5584 5520
f 5585 5520 5586
f 5586 5520 5581
f 5581 5520 5521
f 5521 5582 5581
f 5572 5570 5547
f 5572 5547 5573
f 5573 5547 5567
f 5547 5548 5567
f 5567 5548 5568
f 5568 5548 5565
f 5617 5613 5510
f 5617 5510 5612
f 5618 5619 5620
f 5621 5622 5217
f 5623 5624 5625
f 5626 5627 5624
f 5624 5627 5625
f 5628 5627 5626
f 5622 5629 5217
f 5217 5629 5630
f 5217 5630 5631
f 5623 5625 5631
f 5628 5632 5627
f 5627 5632 5633
f 5627 5633 5619
f 5619 5633 5620
f 5631 5625 5217
f 5217 5634 5218
f 5218 5634 5635
f 5218 5635 5636
f 5634 5217 5625
f 5637 5638 5639
f 5639 5638 5640
f 5641 5642 5377
f 5377 5642 5643
f 5377 5643 5644
f 5644 5645 5377
f 5377 5645 5646
f 5377 5646 5647
f 5648 5649 5650
f 5650 5649 5651
f 5652 5653 5654
f 5655 5654 5647
f 5647 5654 5377
f 5377 5654 5656
f 5652 5654 5655
f 5657 5650 5658
f 5658 5650 5653
f 5653 5650 5654
f 5648 5650 5659
f 5659 5650 5657
f 5660 5661 5377
f 5375 5661 5662
f 5375 5662 5663
f 5377 5661 5375
f 5660 5377 5656
f 5047 5664 5665
f 5666 5667 5668
f 5669 5670 5671
f 5671 5670 5672
f 5668 5667 5673
f 5674 5675 5676
f 5676 5675 5677
f 5676 5677 5678
f 5676 5679 5680
f 5680 5679 5681
f 5680 5681 5682
f 5665 5683 5047
f 5047 5683 5684
f 5673 5667 5671
f 5671 5667 5685
f 5671 5685 5669
f 5686 5687 5688
f 5688 5687 5689
f 5688 5689 5690
f 5672 5691 5671
f 5671 5691 5047
f 5671 5047 5692
f 5692 5047 5684
f 5693 5694 5695
f 5695 5694 5696
f 5695 5696 5678
f 5678 5696 5697
f 5678 5697 5676
f 5666 5668 5698
f 5698 5668 5699
f 5698 5699 5700
f 5700 5699 5701
f 5700 5701 5693
f 5693 5701 5702
f 5693 5702 5694
f 5703 5686 5029
f 5691 5704 5047
f 5047 5704 5705
f 5047 5705 5703
f 5047 5703 5029
f 5029 5686 5688
f 5706 5707 5708
f 4820 5709 5710
f 4820 5710 5711
f 5708 5707 5712
f 5713 5714 5715
f 5716 5715 5711
f 5711 5715 4820
f 5713 5715 5716
f 5715 5714 5717
f 5717 5714 5718
f 5717 5718 5719
f 5717 5719 5706
f 5720 5717 5708
f 5708 5717 5706
f 5721 5722 5708
f 5708 5722 5723
f 5708 5723 5724
f 4820 5715 5725
f 4820 5725 5726
f 4820 5726 5727
f 5724 5728 5708
f 5708 5728 5729
f 5708 5729 5720
f 5727 5730 4820
f 4820 5730 5731
f 4820 5731 4818
f 4818 5732 5733
f 5733 5734 4818
f 4818 5734 5735
f 4818 5735 5708
f 5708 5735 5721
f 5731 5736 4818
f 4818 5736 5737
f 4818 5737 5738
f 4818 5738 5732
f 5026 5739 5028
f 5026 5740 5739
f 5712 5741 5708
f 5028 5739 5709
f 5028 5709 4820
f 5742 5743 4828
f 5744 5745 5746
f 5746 5745 5747
f 5746 5747 5748
f 5748 5749 5746
f 5746 5749 5750
f 5751 5752 4826
f 4826 5752 5753
f 4826 5753 4828
f 4828 5753 5754
f 4828 5754 5742
f 5750 5755 4826
f 4826 5755 5751
f 5743 5756 4828
f 4828 5756 5757
f 4828 5757 5621
f 4828 5621 5217
f 5758 5759 5210
f 5760 5761 5639
f 5639 5761 5758
f 5759 5212 5210
f 5641 5377 5212
f 5641 5212 5759
f 5379 5762 5763
f 5764 5765 5680
f 5680 5765 5766
f 5680 5766 5767
f 5767 5768 5680
f 5680 5768 5769
f 5680 5769 5770
f 5770 5771 5381
f 5381 5771 5772
f 5381 5772 5773
f 5664 5047 5379
f 5664 5379 5774
f 5774 5379 5763
f 5773 5775 5381
f 5381 5775 5776
f 5381 5776 5777
f 5777 5778 5381
f 5381 5778 5779
f 5381 5779 5379
f 5379 5779 5780
f 5379 5780 5762
f 5781 5688 5740
f 5740 5026 5781
f 5781 5782 5688
f 5688 5782 5783
f 5750 4826 5746
f 5784 5785 5746
f 5746 5785 5708
f 5639 5786 5636
f 5636 5786 5787
f 5787 5218 5636
f 5758 5210 5639
f 5639 5210 5786
f 5786 5788 5789
f 5786 5789 5787
f 5680 5790 5663
f 5663 5790 5791
f 5770 5381 5680
f 5680 5381 5790
f 5791 5375 5663
f 5790 5792 5793
f 5790 5793 5791
f 5760 5639 5640
f 5618 5744 5619
f 5619 5744 5746
f 5619 5746 5636
f 5636 5746 5639
f 5794 5795 5639
f 5639 5795 5796
f 5797 5798 5708
f 5639 5796 5799
f 5639 5799 5680
f 5680 5799 5800
f 5680 5800 5801
f 5680 5801 5797
f 5680 5797 5708
f 5798 5802 5708
f 5746 5803 5804
f 5746 5805 5794
f 5746 5794 5639
f 5802 5803 5708
f 5708 5803 5746
f 5746 5804 5805
f 5741 5740 5708
f 5708 5740 5680
f 5680 5740 5688
f 5680 5688 5676
f 5676 5688 5690
f 5676 5690 5674
f 5649 5637 5651
f 5651 5637 5639
f 5651 5639 5806
f 5806 5639 5663
f 5663 5639 5680
f 5680 5682 5764
f 5023 5807 5033
f 4810 4809 5033
f 4810 5033 5808
f 5808 5033 5807
f 5214 5809 5220
f 5373 5372 5220
f 5373 5220 5810
f 5810 5220 5809
f 5383 5811 5391
f 5053 5054 5812
f 5812 5054 5811
f 5811 5054 5391
f 4770 5813 4780
f 5199 5204 5814
f 5814 5204 5813
f 5813 5204 4780
f 5815 5816 5817
f 5815 5817 5818
f 5818 5817 5819
f 5818 5819 5820
f 5818 5820 5821
f 5822 5823 5815
f 5815 5823 5816
f 5824 5825 5826
f 5824 5826 5822
f 5822 5826 5823
f 5827 5828 5829
f 5827 5829 5830
f 5821 5820 5831
f 5821 5831 5832
f 5831 5833 5832
f 5832 5833 5834
f 5832 5834 5827
f 5827 5834 5828
f 5835 5836 5837
f 5835 5837 5824
f 5824 5837 5825
f 5838 5839 5840
f 5838 5840 5835
f 5835 5840 5836
f 5841 5842 5839
f 5841 5839 5838
f 5843 5844 5845
f 5843 5845 5841
f 5841 5845 5842
f 5830 5829 5846
f 5830 5846 5843
f 5843 5846 5844
f 5581 5847 5586
f 5847 5581 5848
f 5848 5581 5577
f 5848 5577 5849
f 5849 5577 5850
f 5850 5577 5574
f 5574 5573 5851
f 5851 5573 5567
f 5851 5567 5852
f 5852 5567 5853
f 5853 5567 5563
f 5853 5563 5854
f 5854 5563 5561
f 5854 5561 5855
f 5855 5561 5617
f 5855 5617 5856
f 5856 5617 5612
f 5856 5612 5610
f 5857 5610 5607
f 5857 5607 5858
f 5858 5607 5859
f 5859 5607 5603
f 5859 5603 5601
f 5860 5601 5597
f 5860 5597 5861
f 5861 5597 5592
f 5861 5592 5862
f 5862 5592 5590
f 5862 5590 5588
f 5839 5863 5864
f 5859 5864 5865
f 5859 5865 5866
f 5859 5866 5858
f 5858 5866 5867
f 5867 5863 5842
f 5858 5867 5842
f 5842 5863 5839
f 5868 5869 5820
f 5850 5870 5871
f 5850 5871 5849
f 5849 5871 5872
f 5849 5872 5819
f 5819 5872 5868
f 5819 5868 5820
f 5873 5862 5874
f 5862 5873 5861
f 5837 5875 5876
f 5861 5873 5875
f 5837 5876 5825
f 5876 5877 5825
f 5862 5877 5874
f 5854 5878 5853
f 5853 5878 5879
f 5879 5880 5834
f 5834 5880 5828
f 5828 5880 5881
f 5854 5881 5882
f 5854 5882 5878
f 5877 5862 5825
f 5825 5862 5883
f 5825 5883 5884
f 5885 5826 5884
f 5884 5826 5825
f 5826 5885 5886
f 5588 5886 5862
f 5862 5886 5883
f 5861 5875 5837
f 5861 5837 5836
f 5861 5836 5860
f 5860 5836 5840
f 5860 5840 5601
f 5601 5840 5839
f 5601 5839 5859
f 5859 5839 5864
f 5845 5887 5842
f 5842 5887 5888
f 5842 5888 5858
f 5858 5888 5889
f 5858 5889 5857
f 5857 5889 5890
f 5857 5890 5887
f 5881 5854 5828
f 5828 5854 5891
f 5828 5891 5892
f 5893 5829 5892
f 5892 5829 5828
f 5829 5893 5894
f 5829 5894 5855
f 5829 5855 5846
f 5846 5855 5856
f 5846 5856 5844
f 5844 5856 5610
f 5844 5610 5845
f 5845 5610 5857
f 5845 5857 5887
f 5855 5894 5895
f 5855 5895 5854
f 5854 5895 5891
f 5853 5879 5834
f 5853 5834 5852
f 5852 5834 5833
f 5852 5833 5851
f 5851 5833 5831
f 5851 5831 5574
f 5574 5831 5820
f 5574 5820 5850
f 5850 5820 5870
f 5870 5820 5869
f 5817 5896 5897
f 5817 5897 5819
f 5819 5897 5898
f 5819 5898 5849
f 5849 5898 5899
f 5849 5899 5848
f 5848 5899 5900
f 5848 5900 5896
f 5848 5896 5817
f 5848 5817 5847
f 5847 5817 5816
f 5847 5816 5586
f 5586 5816 5823
f 5586 5823 5588
f 5588 5823 5826
f 5588 5826 5886
f 5901 5794 5902
f 5902 5794 5805
f 5902 5805 5804
f 5902 5804 5903
f 5903 5804 5803
f 5903 5803 5904
f 5904 5803 5802
f 5904 5802 5798
f 5904 5798 5905
f 5905 5798 5797
f 5905 5797 5906
f 5906 5797 5801
f 5906 5801 5800
f 5906 5800 5907
f 5907 5800 5799
f 5907 5799 5908
f 5908 5799 5796
f 5908 5796 5795
f 5908 5795 5901
f 5901 5795 5794
f 5909 5905 5906
f 5909 5906 5910
f 5910 5906 5911
f 5911 5906 5907
f 5911 5907 5912
f 5912 5907 5908
f 5912 5908 5913
f 5913 5908 5914
f 5914 5908 5901
f 5914 5901 5915
f 5915 5901 5902
f 5915 5902 5916
f 5916 5902 5917
f 5917 5902 5903
f 5917 5903 5918
f 5918 5903 5904
f 5918 5904 5919
f 5919 5904 5920
f 5920 5904 5905
f 5920 5905 5909
f 5921 5922 5923
f 5923 5922 5924
f 5923 5924 5925
f 5923 5925 5926
f 5926 5925 5927
f 5926 5927 5928
f 5928 5927 5929
f 5928 5929 5930
f 5929 5931 5930
f 5930 5931 5932
f 5932 5931 5933
f 5932 5933 5934
f 5932 5934 5935
f 5935 5934 5936
f 5935 5936 5937
f 5937 5936 5938
f 5937 5938 5921
f 5921 5938 5922
f 5926 5915 5916
f 5926 5916 5923
f 5923 5916 5917
f 5923 5917 5921
f 5921 5917 5918
f 5921 5918 5919
f 5921 5919 5937
f 5937 5919 5920
f 5937 5920 5935
f 5935 5920 5909
f 5935 5909 5910
f 5935 5910 5932
f 5932 5910 5911
f 5932 5911 5930
f 5930 5911 5912
f 5930 5912 5913
f 5930 5913 5928
f 5928 5913 5914
f 5928 5914 5926
f 5926 5914 5915
f 5815 5925 5822
f 5822 5925 5824
f 5824 5925 5924
f 5824 5924 5922
f 5824 5922 5835
f 5835 5922 5838
f 5838 5922 5938
f 5838 5938 5841
f 5841 5938 5936
f 5841 5936 5843
f 5843 5936 5934
f 5843 5934 5830
f 5830 5934 5827
f 5827 5934 5933
f 5827 5933 5931
f 5827 5931 5832
f 5832 5931 5821
f 5821 5931 5929
f 5821 5929 5818
f 5818 5929 5927
f 5818 5927 5815
f 5815 5927 5925
f 5027 5028 4820
f 5027 4820 4821
f 5047 5048 5379
f 5379 5048 5380
f 5211 5212 5377
f 5211 5377 5378
f 5217 5216 4828
f 4828 5216 4827
f 5025 5027 5939
f 5939 5027 4819
f 4819 5027 4821
f 5807 5940 5941
f 5807 5941 5808
f 5808 5941 5939
f 5941 5942 5939
f 5939 5942 5025
f 5942 5943 5025
f 5943 5940 5807
f 4819 5944 5945
f 5945 5946 4819
f 4819 5946 5939
f 5946 5947 5939
f 5939 5947 5808
f 5808 5947 5948
f 5948 4810 5808
f 4810 5948 5944
f 4819 4810 5944
f 5025 5943 5807
f 5025 5807 5023
f 5209 5211 5949
f 5949 5211 5376
f 5376 5211 5378
f 5376 5950 5951
f 5951 5952 5376
f 5376 5952 5949
f 5952 5953 5949
f 5949 5953 5810
f 5810 5953 5954
f 5954 5373 5810
f 5373 5954 5950
f 5809 5955 5956
f 5809 5956 5810
f 5810 5956 5949
f 5956 5957 5949
f 5949 5957 5209
f 5957 5958 5209
f 5958 5955 5809
f 5376 5373 5950
f 5209 5958 5809
f 5209 5809 5214
f 5038 5959 5960
f 5960 5961 5038
f 5038 5961 5962
f 5961 5963 5962
f 5962 5963 5812
f 5812 5963 5964
f 5964 5053 5812
f 5053 5964 5959
f 5811 5965 5966
f 5811 5966 5812
f 5812 5966 5962
f 5966 5967 5962
f 5962 5967 5382
f 5967 5968 5382
f 5968 5965 5811
f 5038 5053 5959
f 5382 5968 5811
f 5382 5811 5383
f 5382 5380 5048
f 5382 5048 5962
f 5962 5048 5038
f 5200 5969 5970
f 5970 5971 5200
f 5200 5971 5972
f 5971 5973 5972
f 5972 5973 5814
f 5814 5973 5974
f 5974 5199 5814
f 5199 5974 5969
f 5813 5975 5976
f 5813 5976 5814
f 5814 5976 5972
f 5976 5977 5972
f 5972 5977 4769
f 5977 5978 4769
f 5978 5975 5813
f 5199 5969 5200
f 4770 4769 5813
f 5813 4769 5978
f 4769 4827 5216
f 4769 5216 5972
f 5972 5216 5200
f 4780 5204 4781
f 4781 5204 5213
f 5391 5054 5392
f 5392 5054 5063
f 5221 5220 5390
f 5390 5220 5372
f 5034 5033 4835
f 4835 5033 4809
f 5979 5739 5980
f 5980 5739 5740
f 5980 5740 5981
f 5979 5982 5739
f 5983 5984 5709
f 5709 5982 5983
f 5979 5985 5982
f 5739 5982 5709
f 5983 5986 5984
f 5984 5986 5979
f 5979 5986 5985
f 5987 5741 5712
f 5987 5712 5707
f 5987 5707 5706
f 5987 5706 5719
f 5987 5719 5718
f 5987 5718 5984
f 5984 5718 5714
f 5984 5714 5713
f 5984 5713 5716
f 5984 5716 5711
f 5984 5711 5710
f 5984 5710 5709
f 5987 5988 5741
f 5741 5988 5989
f 5981 5990 5991
f 5981 5991 5987
f 5989 5990 5740
f 5991 5988 5987
f 5740 5990 5981
f 5741 5989 5740
f 5979 5981 5984
f 5984 5981 5987
f 5979 5980 5981
f 5992 5729 5728
f 5992 5728 5724
f 5992 5724 5723
f 5992 5723 5722
f 5992 5722 5721
f 5992 5721 5735
f 5992 5735 5993
f 5993 5735 5734
f 5993 5734 5733
f 5993 5733 5732
f 5993 5732 5738
f 5993 5738 5737
f 5993 5737 5736
f 5993 5736 5731
f 5993 5731 5730
f 5993 5730 5727
f 5993 5727 5726
f 5992 5994 5729
f 5729 5994 5995
f 5720 5729 5995
f 5995 5996 5720
f 5996 5997 5720
f 5997 5996 5998
f 5992 5998 5994
f 5997 5998 5992
f 5999 5725 5715
f 5999 5715 5717
f 5999 5717 5997
f 5997 5717 5720
f 5999 6000 6001
f 5726 6002 5993
f 5993 6002 6003
f 5999 6001 5725
f 5725 6001 5726
f 6001 6002 5726
f 5993 6003 5999
f 5999 6003 6000
f 5992 5993 5997
f 5997 5993 5999
f 6004 5687 5686
f 6004 5686 6005
f 6005 5686 5703
f 6006 6007 6008
f 6009 6010 6004
f 6004 6010 5687
f 5687 6010 5689
f 5689 6010 6006
f 5689 6006 6008
f 6008 6007 6004
f 6004 6007 6009
f 6011 5705 5704
f 6011 5704 5691
f 6011 5691 5672
f 6011 5672 5670
f 6011 5670 5669
f 6011 5669 5685
f 6011 5685 5667
f 6011 5667 5666
f 6011 5666 5698
f 6011 5698 5700
f 6011 5700 5693
f 6011 5693 6008
f 6008 5693 5695
f 6008 5695 5678
f 6008 5678 5677
f 6008 5677 5675
f 6008 5675 5674
f 6008 5674 5690
f 6008 5690 5689
f 6011 6012 6013
f 6011 6013 5705
f 5703 6014 6005
f 6011 6015 6012
f 5705 6013 5703
f 5703 6013 6014
f 6005 6014 6015
f 6005 6015 6011
f 6004 6005 6008
f 6008 6005 6011
f 6016 5806 5663
f 6016 5663 5662
f 6016 5662 6017
f 6017 5662 5661
f 6017 5661 5660
f 5806 6018 6019
f 6016 6018 5806
f 5651 5806 6019
f 6020 6021 5651
f 6020 5651 6019
f 6022 6018 6016
f 6020 6022 6021
f 6021 6022 6016
f 6023 5656 5654
f 6023 5654 5650
f 6023 5650 6021
f 6021 5650 5651
f 6023 6024 6025
f 5660 6026 6017
f 6017 6026 6027
f 6023 6025 5656
f 5656 6025 5660
f 6025 6026 5660
f 6017 6027 6023
f 6023 6027 6024
f 6023 6021 6017
f 6017 6021 6016
f 6028 5636 5635
f 6028 5635 5634
f 6028 5634 6029
f 6030 6031 5619
f 6030 5619 6032
f 6028 6033 6034
f 6028 6034 5636
f 5636 6032 5619
f 5636 6034 6032
f 6030 6033 6031
f 6031 6033 6028
f 6035 5625 5627
f 6035 5627 6031
f 6031 5627 5619
f 6036 6037 6029
f 6035 6038 6039
f 6036 6029 5634
f 6035 6039 5625
f 6029 6037 6035
f 6037 6038 6035
f 5625 6039 5634
f 5634 6039 6036
f 6035 6031 6029
f 6029 6031 6028
f 6040 5757 5756
f 6040 5756 5743
f 6040 5743 5742
f 6040 5742 5754
f 6040 5754 5753
f 6040 5753 5752
f 6040 5752 5751
f 6040 5751 6041
f 6041 5751 5755
f 6041 5755 5750
f 6041 5750 5749
f 6041 5749 5748
f 6041 5748 5747
f 6041 5747 5745
f 6041 5745 5744
f 6040 6042 6043
f 6040 6043 5757
f 5621 6043 6044
f 5621 6044 6045
f 6045 6044 6046
f 6042 6040 6046
f 6046 6040 6045
f 5757 6043 5621
f 6047 5618 5620
f 6047 5620 5633
f 6047 5633 5632
f 6047 5632 5628
f 6047 5628 5626
f 6047 5626 6045
f 6045 5626 5624
f 6045 5624 5623
f 6045 5623 5631
f 6045 5631 5630
f 6045 5630 5629
f 6045 5629 5622
f 6045 5622 5621
f 6048 6041 5744
f 6048 5744 6049
f 5618 6047 6050
f 6051 6050 6047
f 5618 6050 6049
f 6048 6051 6041
f 6041 6051 6047
f 5618 6049 5744
f 6047 6045 6041
f 6041 6045 6040
f 6052 5759 6053
f 6053 5759 5758
f 6053 5758 6054
f 6054 5758 5761
f 6052 6055 5759
f 6056 6057 5641
f 5641 6055 6056
f 6052 6058 6055
f 5759 6055 5641
f 6056 6059 6057
f 6057 6059 6052
f 6052 6059 6058
f 6060 5760 5640
f 6060 5640 5638
f 6060 5638 5637
f 6060 5637 5649
f 6060 5649 5648
f 6060 5648 5659
f 6060 5659 5657
f 6060 5657 5658
f 6060 5658 6057
f 6057 5658 5653
f 6057 5653 5652
f 6057 5652 5655
f 6057 5655 5647
f 6057 5647 5646
f 6057 5646 5645
f 6057 5645 5644
f 6057 5644 5643
f 6057 5643 5642
f 6057 5642 5641
f 6060 6061 5760
f 5760 6061 6062
f 6054 6063 6060
f 5760 6062 5761
f 5761 6062 6064
f 5761 6064 6054
f 6054 6064 6063
f 6063 6061 6060
f 6052 6054 6057
f 6057 6054 6060
f 6053 6054 6052
f 6065 5774 5763
f 6065 5763 5762
f 6065 5762 5780
f 6065 5780 5779
f 6065 5779 5778
f 6065 5778 5777
f 6065 5777 5776
f 6065 5776 5775
f 6065 5775 6066
f 6066 5775 5773
f 6066 5773 5772
f 6066 5772 5771
f 6066 5771 5770
f 6066 5770 5769
f 6066 5769 5768
f 6066 5768 5767
f 6066 5767 5766
f 6066 5766 5765
f 6066 5765 5764
f 6065 6067 6068
f 6065 6068 5774
f 5664 6068 6069
f 5664 6069 6070
f 6070 6069 6071
f 5774 6068 5664
f 6070 6071 6065
f 6065 6071 6067
f 6072 5682 5681
f 6072 5681 5679
f 6072 5679 5676
f 6072 5676 5697
f 6072 5697 5696
f 6072 5696 5694
f 6072 5694 5702
f 6072 5702 5701
f 6072 5701 6070
f 6070 5701 5699
f 6070 5699 5668
f 6070 5668 5673
f 6070 5673 5671
f 6070 5671 5692
f 6070 5692 5684
f 6070 5684 5683
f 6070 5683 5665
f 6070 5665 5664
f 6066 6073 6074
f 6075 6076 6072
f 6072 6076 5682
f 5682 6076 5764
f 5764 6076 6073
f 5764 6073 6066
f 6066 6074 6072
f 6072 6074 6075
f 6065 6066 6070
f 6070 6066 6072
f 5988 5889 5888
f 5991 5889 5988
f 5991 5890 5889
f 5990 5890 5991
f 5990 5887 5890
f 5989 5887 5990
f 5989 5888 5887
f 5988 5888 5989
f 5941 5983 5942
f 5942 5983 5982
f 5942 5982 5943
f 5943 5982 5985
f 5943 5985 5940
f 5940 5985 5986
f 5940 5986 5941
f 5983 5941 5986
f 6002 5945 5944
f 5945 6002 5946
f 5946 6002 6001
f 5946 6001 5947
f 5947 6001 6000
f 5947 6000 5948
f 5948 6000 6003
f 5948 6003 5944
f 6002 5944 6003
f 5994 5865 5864
f 5998 5865 5994
f 5998 5866 5865
f 5998 5867 5866
f 5996 5867 5998
f 5996 5863 5867
f 5995 5863 5996
f 5995 5864 5863
f 5994 5864 5995
f 6036 5970 5969
f 5970 6036 5971
f 5971 6036 6039
f 5971 6039 5973
f 5973 6039 6038
f 5973 6038 5974
f 5974 6038 6037
f 5974 6037 5969
f 6036 5969 6037
f 6033 5886 6034
f 6033 5883 5886
f 6030 5883 6033
f 6032 5884 6030
f 6030 5884 5883
f 6032 5885 5884
f 6034 5885 6032
f 6034 5886 5885
f 6022 5870 6018
f 6022 5871 5870
f 6020 5871 6022
f 6020 5872 5871
f 6019 5868 6020
f 6020 5868 5872
f 6019 5869 5868
f 6018 5869 6019
f 6018 5870 5869
f 6026 5951 5950
f 5951 6026 5952
f 5952 6026 6025
f 5952 6025 5953
f 5953 6025 6024
f 5953 6024 5954
f 5954 6024 6027
f 5954 6027 5950
f 6026 5950 6027
f 5894 6010 6009
f 6009 5895 5894
f 6007 5895 6009
f 6007 5891 5895
f 6006 5891 6007
f 6006 5892 5891
f 6010 5892 6006
f 6010 5893 5892
f 6010 5894 5893
f 6014 5960 5959
f 5960 6014 5961
f 5961 6014 6013
f 5961 6013 5963
f 5963 6013 6012
f 5963 6012 5964
f 5964 6012 6015
f 5964 6015 5959
f 6014 5959 6015
f 6050 5874 5877
f 6051 5874 6050
f 6051 5873 5874
f 6048 5873 6051
f 6048 5875 5873
f 6049 5875 6048
f 6049 5876 5875
f 6049 5877 5876
f 6050 5877 6049
f 5976 6044 5977
f 5977 6044 6043
f 5977 6043 5978
f 5978 6043 6042
f 5978 6042 5975
f 5975 6042 6046
f 5975 6046 5976
f 6044 5976 6046
f 5899 5898 6061
f 5899 6061 6063
f 5899 6063 5900
f 5900 6063 5896
f 6064 5896 6063
f 6064 5897 5896
f 6062 5897 6064
f 6062 5898 5897
f 6061 5898 6062
f 5956 6056 5957
f 5957 6056 6055
f 5957 6055 5958
f 5958 6055 6058
f 5958 6058 5955
f 5955 6058 6059
f 5955 6059 5956
f 6056 5956 6059
f 5881 6076 6075
f 5881 6075 5882
f 5878 5882 6075
f 6074 5878 6075
f 6073 5878 6074
f 6073 5879 5878
f 6076 5880 6073
f 6073 5880 5879
f 6076 5881 5880
f 5966 6069 5967
f 5967 6069 6068
f 5967 6068 5968
f 5968 6068 6067
f 5968 6067 5965
f 5965 6067 6071
f 5965 6071 5966
f 6069 5966 6071
f 6077 6078 6079
f 6077 6079 6080
f 6078 6077 5746
f 5746 6077 6081
f 5746 6081 5784
f 5784 6081 6082
f 6082 6080 6079
f 6083 5708 5785
f 5708 6083 6084
f 6084 6085 5708
f 6085 6084 6086
f 6085 6086 6087
f 6087 6086 6088
f 5785 6088 6083
f 6087 6088 5785
f 6087 5785 5784
f 6087 5784 6079
f 6079 5784 6082
f 4844 6078 4826
f 4826 6078 5746
f 4818 5708 4859
f 4859 5708 6085
f 6079 6078 4844
f 4859 6085 6089
f 4859 6089 4844
f 4844 6089 6079
f 6090 6091 6092
f 6090 6092 6093
f 6091 6090 5781
f 5781 6090 6094
f 5781 6094 6095
f 5781 6095 5782
f 6095 6093 6092
f 6096 5688 5783
f 5688 6096 6097
f 5688 6097 6098
f 6098 6097 6099
f 6098 6099 6100
f 6098 6100 6101
f 6101 6100 6102
f 5783 6102 6096
f 6101 6102 5783
f 6101 5783 5782
f 6101 5782 6092
f 6092 5782 6095
f 5055 6091 5026
f 5026 6091 5781
f 5029 5688 5037
f 5037 5688 6098
f 6092 6091 5055
f 5037 6098 6103
f 5037 6103 5055
f 5055 6103 6092
f 6104 6105 6106
f 6104 6106 6107
f 6105 6104 5790
f 5790 6104 6108
f 5790 6108 6109
f 5790 6109 5792
f 6109 6107 6106
f 6110 5791 5793
f 5791 6110 6111
f 5791 6111 6112
f 6112 6111 6113
f 6112 6113 6114
f 6112 6114 6115
f 6115 6114 6116
f 5793 6116 6110
f 6115 6116 5793
f 6115 5793 5792
f 6115 5792 6106
f 6106 5792 6109
f 5386 6105 5381
f 5381 6105 5790
f 5375 5791 5398
f 5398 5791 6112
f 6106 6105 5386
f 5398 6112 6117
f 5398 6117 5386
f 5386 6117 6106
f 6118 6119 6120
f 6118 6120 6121
f 6119 6118 5786
f 5786 6118 6122
f 5786 6122 5788
f 5788 6122 6123
f 6123 6121 6120
f 6124 5787 5789
f 5787 6124 6125
f 6125 6126 5787
f 6126 6125 6127
f 6126 6127 6128
f 6128 6127 6129
f 5789 6129 6124
f 6128 6129 5789
f 6128 5789 5788
f 6128 5788 6120
f 6120 5788 6123
f 5225 6119 5210
f 5210 6119 5786
f 5218 5787 5223
f 5223 5787 6126
f 6120 6119 5225
f 5223 6126 6130
f 5223 6130 5225
f 5225 6130 6120
f 6128 6120 6130
f 6128 6130 6126
f 6115 6106 6117
f 6115 6117 6112
f 6101 6092 6103
f 6101 6103 6098
f 6087 6079 6089
f 6087 6089 6085
f 5531 6131 5554
f 5554 6131 5591
f 6132 6133 6134
f 6132 6134 6135
f 6135 6136 6137
f 6135 6137 6132
f 6132 6137 6138
f 6132 6138 5519
f 5519 6138 5550
f 5550 6138 6139
f 5550 6139 5531
f 5531 6139 6140
f 5531 6140 6131
f 6131 6140 6136
f 6135 6141 6136
f 6136 6141 6142
f 6136 6142 6131
f 6131 6142 6133
f 6131 6133 6132
f 5535 5589 5518
f 5518 5589 6132
f 6132 6143 6131
f 6131 6143 6144
f 6144 6145 5591
f 6146 6143 6132
f 6145 6146 5589
f 6131 6144 5591
f 5591 6145 5589
f 6146 6132 5589
f 5543 6147 5544
f 5544 6147 5604
f 6148 6149 6150
f 6148 6150 6151
f 6148 6151 5541
f 6151 6152 6153
f 6151 6153 6154
f 6151 6154 5541
f 5541 6154 5558
f 5558 6154 6155
f 5558 6155 5543
f 5543 6155 6156
f 5543 6156 6147
f 6147 6156 6152
f 6151 6157 6152
f 6152 6157 6158
f 6152 6158 6147
f 6147 6158 6149
f 6147 6149 6148
f 5551 5605 5540
f 5540 5605 6148
f 6148 6159 6147
f 6147 6159 6160
f 6161 6159 6148
f 6161 6148 5605
f 6160 6162 5606
f 6147 6160 5604
f 6160 5606 5604
f 6161 5605 6162
f 6162 5605 5606
f 6163 6164 5533
f 5533 6164 5559
f 6165 6166 6167
f 6165 6167 6168
f 6168 6169 6170
f 6168 6170 6165
f 6165 6170 6171
f 6165 6171 5530
f 5530 6171 5552
f 5552 6171 6172
f 5552 6172 5517
f 5517 6172 6173
f 6168 6174 6169
f 6175 5517 6174
f 6174 5517 6173
f 6174 6173 6169
f 5517 6175 6164
f 6164 6175 6166
f 6164 6166 6165
f 5542 5560 5529
f 5529 5560 6165
f 5562 6176 6177
f 5562 6177 5560
f 5560 6177 6178
f 6165 6178 6179
f 6165 6179 6164
f 6164 6179 6176
f 6178 6165 5560
f 5559 6176 5562
f 6176 5559 6164
f 6180 6181 5556
f 6182 6183 6184
f 6182 6184 6185
f 6185 6186 6187
f 6185 6187 6182
f 6182 6187 6188
f 6182 6188 5539
f 5539 6188 5549
f 5549 6188 6189
f 5549 6189 5534
f 5534 6189 6190
f 6185 6191 6186
f 6192 5534 6191
f 6191 5534 6190
f 6191 6190 6186
f 5534 6192 6181
f 6181 6192 6183
f 6181 6183 6182
f 5557 5575 5536
f 5536 5575 6182
f 6193 5575 6194
f 6194 5575 5576
f 6182 6195 6181
f 6181 6195 6196
f 5576 6196 6194
f 6181 6196 5576
f 6193 6182 5575
f 6193 6195 6182
f 5534 6181 6180
f 5536 6182 5539
f 5517 6164 6163
f 5529 6165 5530
f 5540 6148 5541
f 5518 6132 5519
f 6197 6198 6199
f 6198 6200 6199
f 6200 6197 6199
f 6197 6193 6194
f 6197 6194 6198
f 6198 6194 6196
f 6198 6196 6200
f 6200 6196 6195
f 6200 6195 6197
f 6197 6195 6193
f 6201 6202 6203
f 6202 6204 6203
f 6204 6201 6203
f 6201 6178 6177
f 6201 6177 6205
f 6201 6205 6202
f 6202 6205 6176
f 6202 6176 6204
f 6204 6176 6179
f 6204 6179 6201
f 6201 6179 6178
f 6205 6177 6176
f 6206 6207 6208
f 6207 6209 6208
f 6209 6206 6208
f 6206 6159 6207
f 6207 6159 6161
f 6207 6161 6162
f 6207 6162 6210
f 6207 6210 6209
f 6209 6210 6160
f 6209 6160 6206
f 6206 6160 6159
f 6210 6162 6160
f 6211 6212 6213
f 6212 6214 6213
f 6214 6211 6213
f 6211 6145 6144
f 6211 6144 6212
f 6212 6144 6143
f 6212 6143 6214
f 6214 6143 6146
f 6214 6146 6145
f 6214 6145 6211
f 5576 5578 5556
f 5576 5556 6181
f 5024 5034 6215
f 4835 4811 6216
f 4835 6216 6217
f 4835 6217 5034
f 5034 6217 6215
f 5014 5013 6218
f 4793 6219 6220
f 4793 6220 4794
f 5014 6218 6219
f 5014 6219 4793
f 5013 5024 6215
f 5013 6215 6218
f 6218 6215 6217
f 6218 6217 6219
f 6219 6217 6216
f 6219 6216 6220
f 6220 6216 4811
f 6220 4811 4794
f 6221 5390 5366
f 5076 5221 6222
f 5390 6221 6223
f 5390 6223 5221
f 5221 6223 6222
f 6224 6225 5363
f 5103 5077 6226
f 5363 6225 5364
f 5103 6226 6224
f 5103 6224 5363
f 5077 5076 6222
f 5077 6222 6226
f 6226 6222 6223
f 6226 6223 6224
f 6224 6223 6221
f 6224 6221 6225
f 6225 6221 5366
f 6225 5366 5364
f 6227 5063 5052
f 5392 6228 5384
f 5063 6227 6229
f 5063 6229 5392
f 5392 6229 6228
f 6230 5401 5365
f 5006 5008 6231
f 5401 6230 6232
f 5401 6232 5008
f 5008 6232 6231
f 5365 5384 6228
f 5365 6228 6230
f 6230 6228 6229
f 6230 6229 6232
f 6232 6229 6227
f 6232 6227 6231
f 6231 6227 5052
f 6231 5052 5006
f 4734 4771 6233
f 4734 6233 6234
f 6234 6233 6235
f 6234 6235 6236
f 6236 6235 6237
f 6236 6237 6238
f 6238 6237 5201
f 6238 5201 5161
f 6234 4735 4734
f 5163 6238 5161
f 4735 6234 6236
f 4735 6236 5163
f 5163 6236 6238
f 6237 5213 5201
f 4771 4781 6233
f 5213 6237 6235
f 5213 6235 4781
f 4781 6235 6233
f 4937 4939 6239
f 4800 4802 6240
f 4800 6240 6241
f 4800 6241 4939
f 4939 6241 6239
f 6242 4900 4898
f 4849 6243 6244
f 4849 6244 4851
f 4900 6242 6243
f 4900 6243 4849
f 4898 4937 6239
f 4898 6239 6242
f 6242 6239 6241
f 6242 6241 6243
f 6243 6241 6240
f 6243 6240 6244
f 6244 6240 4802
f 6244 4802 4851
f 4943 4945 6245
f 4806 4808 6246
f 4806 6246 6247
f 4806 6247 4945
f 4945 6247 6245
f 6248 4938 4937
f 4801 6249 6250
f 4801 6250 4802
f 4938 6248 6249
f 4938 6249 4801
f 4937 4943 6245
f 4937 6245 6248
f 6248 6245 6247
f 6248 6247 6249
f 6249 6247 6246
f 6249 6246 6250
f 6250 6246 4808
f 6250 4808 4802
f 4949 4951 6251
f 4815 4817 6252
f 4815 6252 6253
f 4815 6253 4951
f 4951 6253 6251
f 6254 4944 4943
f 4807 6255 6256
f 4807 6256 4808
f 4944 6254 6255
f 4944 6255 4807
f 4943 4949 6251
f 4943 6251 6254
f 6254 6251 6253
f 6254 6253 6255
f 6255 6253 6252
f 6255 6252 6256
f 6256 6252 4817
f 6256 4817 4808
f 4955 4957 6257
f 6258 4822 4824
f 4822 6258 6259
f 4822 6259 4957
f 4957 6259 6257
f 4950 4949 6260
f 6261 6262 4816
f 4816 6262 4817
f 4950 6260 6261
f 4950 6261 4816
f 4949 4955 6257
f 4949 6257 6260
f 6260 6257 6259
f 6260 6259 6261
f 6261 6259 6258
f 6261 6258 6262
f 6262 6258 4824
f 6262 4824 4817
f 4961 4963 6263
f 6264 4832 4834
f 4832 6264 6265
f 4832 6265 4963
f 4963 6265 6263
f 4956 4955 6266
f 6267 6268 4823
f 4823 6268 4824
f 4956 6266 6267
f 4956 6267 4823
f 4955 4961 6263
f 4955 6263 6266
f 6266 6263 6265
f 6266 6265 6267
f 6267 6265 6264
f 6267 6264 6268
f 6268 6264 4834
f 6268 4834 4824
f 4968 4970 6269
f 6270 4838 4840
f 4838 6270 6271
f 4838 6271 4970
f 4970 6271 6269
f 4962 4961 6272
f 6273 6274 4833
f 4833 6274 4834
f 4962 6272 6273
f 4962 6273 4833
f 4961 4968 6269
f 4961 6269 6272
f 6272 6269 6271
f 6272 6271 6273
f 6273 6271 6270
f 6273 6270 6274
f 6274 6270 4840
f 6274 4840 4834
f 4976 4978 6275
f 6276 4841 4843
f 4841 6276 6277
f 4841 6277 4978
f 4978 6277 6275
f 4969 4968 6278
f 6279 6280 4839
f 4839 6280 4840
f 4969 6278 6279
f 4969 6279 4839
f 4968 4976 6275
f 4968 6275 6278
f 6278 6275 6277
f 6278 6277 6279
f 6279 6277 6276
f 6279 6276 6280
f 6280 6276 4843
f 6280 4843 4840
f 4982 4984 6281
f 6282 4729 4731
f 4729 6282 6283
f 4729 6283 4984
f 4984 6283 6281
f 4977 4976 6284
f 6285 6286 4842
f 4842 6286 4843
f 4977 6284 6285
f 4977 6285 4842
f 4976 4982 6281
f 4976 6281 6284
f 6284 6281 6283
f 6284 6283 6285
f 6285 6283 6282
f 6285 6282 6286
f 6286 6282 4731
f 6286 4731 4843
f 4988 4990 6287
f 6288 4762 4732
f 4762 6288 6289
f 4762 6289 4990
f 4990 6289 6287
f 4983 4982 6290
f 6291 6292 4730
f 4730 6292 4731
f 4983 6290 6291
f 4983 6291 4730
f 4982 4988 6287
f 4982 6287 6290
f 6290 6287 6289
f 6290 6289 6291
f 6291 6289 6288
f 6291 6288 6292
f 6292 6288 4732
f 6292 4732 4731
f 4996 4998 6293
f 6294 4756 4758
f 4756 6294 6295
f 4756 6295 4998
f 4998 6295 6293
f 4989 4988 6296
f 6297 6298 4763
f 4763 6298 4732
f 4989 6296 6297
f 4989 6297 4763
f 4988 4996 6293
f 4988 6293 6296
f 6296 6293 6295
f 6296 6295 6297
f 6297 6295 6294
f 6297 6294 6298
f 6298 6294 4758
f 6298 4758 4732
f 5003 5005 6299
f 6300 4795 4791
f 4795 6300 6301
f 4795 6301 5005
f 5005 6301 6299
f 4997 4996 6302
f 6303 6304 4757
f 4757 6304 4758
f 4997 6302 6303
f 4997 6303 4757
f 4996 5003 6299
f 4996 6299 6302
f 6302 6299 6301
f 6302 6301 6303
f 6303 6301 6300
f 6303 6300 6304
f 6304 6300 4791
f 6304 4791 4758
f 5010 5012 6305
f 4764 4766 6306
f 4764 6306 6307
f 4764 6307 5012
f 5012 6307 6305
f 5004 5003 6308
f 4796 6309 6310
f 4796 6310 4791
f 5004 6308 6309
f 5004 6309 4796
f 5003 5010 6305
f 5003 6305 6308
f 6308 6305 6307
f 6308 6307 6309
f 6309 6307 6306
f 6309 6306 6310
f 6310 6306 4766
f 6310 4766 4791
f 5042 5044 6311
f 4775 4773 6312
f 4775 6312 6313
f 4775 6313 5044
f 5044 6313 6311
f 5011 5010 6314
f 4765 6315 6316
f 4765 6316 4766
f 5011 6314 6315
f 5011 6315 4765
f 5010 5042 6311
f 5010 6311 6314
f 6314 6311 6313
f 6314 6313 6315
f 6315 6313 6312
f 6315 6312 6316
f 6316 6312 4773
f 6316 4773 4766
f 5051 5050 6317
f 4783 4772 6318
f 4783 6318 6319
f 4783 6319 5050
f 5050 6319 6317
f 5043 5042 6320
f 4774 6321 6322
f 4774 6322 4773
f 5043 6320 6321
f 5043 6321 4774
f 5042 5051 6317
f 5042 6317 6320
f 6320 6317 6319
f 6320 6319 6321
f 6321 6319 6318
f 6321 6318 6322
f 6322 6318 4772
f 6322 4772 4773
f 5039 5041 6323
f 4777 4776 6324
f 4777 6324 6325
f 4777 6325 5041
f 5041 6325 6323
f 5049 5051 6326
f 4782 6327 6328
f 4782 6328 4772
f 5049 6326 6327
f 5049 6327 4782
f 5051 5039 6323
f 5051 6323 6326
f 6326 6323 6325
f 6326 6325 6327
f 6327 6325 6324
f 6327 6324 6328
f 6328 6324 4776
f 6328 4776 4772
f 5019 5021 6329
f 4853 4825 6330
f 4853 6330 6331
f 4853 6331 5021
f 5021 6331 6329
f 5040 5039 6332
f 4778 6333 6334
f 4778 6334 4776
f 5040 6332 6333
f 5040 6333 4778
f 5039 5019 6329
f 5039 6329 6332
f 6332 6329 6331
f 6332 6331 6333
f 6333 6331 6330
f 6333 6330 6334
f 6334 6330 4825
f 6334 4825 4776
f 5030 5046 6335
f 4738 4737 6336
f 4738 6336 6337
f 4738 6337 5046
f 5046 6337 6335
f 5020 5019 6338
f 4852 6339 6340
f 4852 6340 4825
f 5020 6338 6339
f 5020 6339 4852
f 5019 5030 6335
f 5019 6335 6338
f 6338 6335 6337
f 6338 6337 6339
f 6339 6337 6336
f 6339 6336 6340
f 6340 6336 4737
f 6340 4737 4825
f 5013 5015 6341
f 4792 4794 6342
f 4792 6342 6343
f 4792 6343 5015
f 5015 6343 6341
f 5045 5030 6344
f 4739 6345 6346
f 4739 6346 4737
f 5045 6344 6345
f 5045 6345 4739
f 5030 5013 6341
f 5030 6341 6344
f 6344 6341 6343
f 6344 6343 6345
f 6345 6343 6342
f 6345 6342 6346
f 6346 6342 4794
f 6346 4794 4737
f 5143 5142 6347
f 6348 5257 5256
f 5257 6348 6349
f 5257 6349 5142
f 5142 6349 6347
f 6350 6351 5276
f 5158 5160 6352
f 5276 6351 5297
f 5158 6352 6350
f 5158 6350 5276
f 5160 5143 6347
f 5160 6347 6352
f 6352 6347 6349
f 6352 6349 6350
f 6350 6349 6348
f 6350 6348 6351
f 6351 6348 5256
f 6351 5256 5297
f 5082 5127 6353
f 6354 5294 5284
f 5294 6354 6355
f 5294 6355 5127
f 5127 6355 6353
f 6356 6357 5258
f 5141 5143 6358
f 5258 6357 5256
f 5141 6358 6356
f 5141 6356 5258
f 5143 5082 6353
f 5143 6353 6358
f 6358 6353 6355
f 6358 6355 6356
f 6356 6355 6354
f 6356 6354 6357
f 6357 6354 5284
f 6357 5284 5256
f 5081 5099 6359
f 6360 5267 5266
f 5267 6360 6361
f 5267 6361 5099
f 5099 6361 6359
f 6362 6363 5293
f 5126 5082 6364
f 5293 6363 5284
f 5126 6364 6362
f 5126 6362 5293
f 5082 5081 6359
f 5082 6359 6364
f 6364 6359 6361
f 6364 6361 6362
f 6362 6361 6360
f 6362 6360 6363
f 6363 6360 5266
f 6363 5266 5284
f 5097 5096 6365
f 6366 5263 5262
f 5263 6366 6367
f 5263 6367 5096
f 5096 6367 6365
f 5266 5268 6368
f 5268 6369 6368
f 5098 5081 6370
f 5098 6370 6369
f 5098 6369 5268
f 5081 5097 6365
f 5081 6365 6370
f 6370 6365 6367
f 6370 6367 6369
f 6369 6367 6366
f 6369 6366 6368
f 6368 6366 5262
f 6368 5262 5266
f 5094 5093 6371
f 6372 5272 5271
f 5272 6372 6373
f 5272 6373 5093
f 5093 6373 6371
f 5262 5264 6374
f 5264 6375 6374
f 5095 5097 6376
f 5095 6376 6375
f 5095 6375 5264
f 5097 5094 6371
f 5097 6371 6376
f 6376 6371 6373
f 6376 6373 6375
f 6375 6373 6372
f 6375 6372 6374
f 6374 6372 5271
f 6374 5271 5262
f 5073 5075 6377
f 6378 5315 5287
f 5315 6378 6379
f 5315 6379 5075
f 5075 6379 6377
f 5271 5273 6380
f 5273 6381 6380
f 5092 5094 6382
f 5092 6382 6381
f 5092 6381 5273
f 5094 5073 6377
f 5094 6377 6382
f 6382 6377 6379
f 6382 6379 6381
f 6381 6379 6378
f 6381 6378 6380
f 6380 6378 5287
f 6380 5287 5271
f 5122 5121 6383
f 6384 5279 5278
f 5279 6384 6385
f 5279 6385 5121
f 5121 6385 6383
f 5287 5316 6386
f 5316 6387 6386
f 5074 5073 6388
f 5074 6388 6387
f 5074 6387 5316
f 5073 5122 6383
f 5073 6383 6388
f 6388 6383 6385
f 6388 6385 6387
f 6387 6385 6384
f 6387 6384 6386
f 6386 6384 5278
f 6386 5278 5287
f 5194 5193 6389
f 6390 5305 5290
f 5305 6390 6391
f 5305 6391 5193
f 5193 6391 6389
f 5278 5280 6392
f 5280 6393 6392
f 5120 5122 6394
f 5120 6394 6393
f 5120 6393 5280
f 5122 5194 6389
f 5122 6389 6394
f 6394 6389 6391
f 6394 6391 6393
f 6393 6391 6390
f 6393 6390 6392
f 6392 6390 5290
f 6392 5290 5278
f 5175 5177 6395
f 6396 5309 5292
f 5309 6396 6397
f 5309 6397 5177
f 5177 6397 6395
f 5290 5304 6398
f 5304 6399 6398
f 5192 5194 6400
f 5192 6400 6399
f 5192 6399 5304
f 5194 5175 6395
f 5194 6395 6400
f 6400 6395 6397
f 6400 6397 6399
f 6399 6397 6396
f 6399 6396 6398
f 6398 6396 5292
f 6398 5292 5290
f 5157 5184 6401
f 6402 5320 5296
f 5320 6402 6403
f 5320 6403 5184
f 5184 6403 6401
f 5292 5308 6404
f 5308 6405 6404
f 5176 5175 6406
f 5176 6406 6405
f 5176 6405 5308
f 5175 5157 6401
f 5175 6401 6406
f 6406 6401 6403
f 6406 6403 6405
f 6405 6403 6402
f 6405 6402 6404
f 6404 6402 5296
f 6404 5296 5292
f 5117 5119 6407
f 6408 5326 5311
f 5326 6408 6409
f 5326 6409 5119
f 5119 6409 6407
f 5296 5319 6410
f 5319 6411 6410
f 5185 5157 6412
f 5185 6412 6411
f 5185 6411 5319
f 5157 5117 6407
f 5157 6407 6412
f 6412 6407 6409
f 6412 6409 6411
f 6411 6409 6408
f 6411 6408 6410
f 6410 6408 5311
f 6410 5311 5296
f 6413 5332 5322
f 5140 5182 6414
f 5332 6413 6415
f 5332 6415 5182
f 5182 6415 6414
f 6416 6417 5325
f 5118 5117 6418
f 5325 6417 5311
f 5118 6418 6416
f 5118 6416 5325
f 5117 5140 6414
f 5117 6414 6418
f 6418 6414 6415
f 6418 6415 6416
f 6416 6415 6413
f 6416 6413 6417
f 6417 6413 5322
f 6417 5322 5311
f 6419 5338 5328
f 5064 5066 6420
f 5338 6419 6421
f 5338 6421 5066
f 5066 6421 6420
f 6422 6423 5331
f 5183 5140 6424
f 5331 6423 5322
f 5183 6424 6422
f 5183 6422 5331
f 5140 5064 6420
f 5140 6420 6424
f 6424 6420 6421
f 6424 6421 6422
f 6422 6421 6419
f 6422 6419 6423
f 6423 6419 5328
f 6423 5328 5322
f 6425 5344 5334
f 5138 5167 6426
f 5344 6425 6427
f 5344 6427 5167
f 5167 6427 6426
f 6428 6429 5337
f 5065 5064 6430
f 5337 6429 5328
f 5065 6430 6428
f 5065 6428 5337
f 5064 5138 6426
f 5064 6426 6430
f 6430 6426 6427
f 6430 6427 6428
f 6428 6427 6425
f 6428 6425 6429
f 6429 6425 5334
f 6429 5334 5328
f 6431 5353 5340
f 5115 5154 6432
f 5353 6431 6433
f 5353 6433 5154
f 5154 6433 6432
f 6434 6435 5343
f 5168 5138 6436
f 5343 6435 5334
f 5168 6436 6434
f 5168 6434 5343
f 5138 5115 6432
f 5138 6432 6436
f 6436 6432 6433
f 6436 6433 6434
f 6434 6433 6431
f 6434 6431 6435
f 6435 6431 5340
f 6435 5340 5334
f 6437 5357 5346
f 5105 5148 6438
f 5357 6437 6439
f 5357 6439 5148
f 5148 6439 6438
f 6440 6441 5352
f 5153 5115 6442
f 5352 6441 5340
f 5153 6442 6440
f 5153 6440 5352
f 5115 5105 6438
f 5115 6438 6442
f 6442 6438 6439
f 6442 6439 6440
f 6440 6439 6437
f 6440 6437 6441
f 6441 6437 5346
f 6441 5346 5340
f 6443 5361 5349
f 5079 5135 6444
f 5361 6443 6445
f 5361 6445 5135
f 5135 6445 6444
f 6446 6447 5356
f 5147 5105 6448
f 5356 6447 5346
f 5147 6448 6446
f 5147 6446 5356
f 5105 5079 6444
f 5105 6444 6448
f 6448 6444 6445
f 6448 6445 6446
f 6446 6445 6443
f 6446 6443 6447
f 6447 6443 5349
f 6447 5349 5346
f 6449 5362 5364
f 5077 5104 6450
f 5362 6449 6451
f 5362 6451 5104
f 5104 6451 6450
f 6452 6453 5360
f 5134 5079 6454
f 5360 6453 5349
f 5134 6454 6452
f 5134 6452 5360
f 5079 5077 6450
f 5079 6450 6454
f 6454 6450 6451
f 6454 6451 6452
f 6452 6451 6449
f 6452 6449 6453
f 6453 6449 5364
f 6453 5364 5349
f 4886 4885 6455
f 5283 6456 5281
f 4886 6455 6457
f 4886 6457 5283
f 5283 6457 6456
f 4936 4934 6458
f 6459 5300 5288
f 5300 6459 6460
f 5300 6460 4934
f 4934 6460 6458
f 5288 5281 6456
f 5288 6456 6459
f 6459 6456 6457
f 6459 6457 6460
f 6460 6457 6455
f 6460 6455 6458
f 6458 6455 4885
f 6458 4885 4936
f 4889 4888 6461
f 5303 6462 5289
f 4889 6461 6463
f 4889 6463 5303
f 5303 6463 6462
f 4885 4887 6464
f 6465 5282 5281
f 5282 6465 6466
f 5282 6466 4887
f 4887 6466 6464
f 5281 5289 6462
f 5281 6462 6465
f 6465 6462 6463
f 6465 6463 6466
f 6466 6463 6461
f 6466 6461 6464
f 6464 6461 4888
f 6464 4888 4885
f 4907 4909 6467
f 5307 6468 5291
f 4907 6467 6469
f 4907 6469 5307
f 5307 6469 6468
f 4888 4890 6470
f 6471 5302 5289
f 5302 6471 6472
f 5302 6472 4890
f 4890 6472 6470
f 5289 5291 6468
f 5289 6468 6471
f 6471 6468 6469
f 6471 6469 6472
f 6472 6469 6467
f 6472 6467 6470
f 6470 6467 4909
f 6470 4909 4888
f 6473 4916 4910
f 5318 6474 5295
f 4916 6473 6475
f 4916 6475 5318
f 5318 6475 6474
f 6476 5306 5291
f 4909 4908 6477
f 5306 6476 6478
f 5306 6478 4908
f 4908 6478 6477
f 5291 5295 6474
f 5291 6474 6476
f 6476 6474 6475
f 6476 6475 6478
f 6478 6475 6473
f 6478 6473 6477
f 6477 6473 4910
f 6477 4910 4909
f 6479 4895 4894
f 5324 6480 5310
f 4895 6479 6481
f 4895 6481 5324
f 5324 6481 6480
f 6482 5317 5295
f 4910 4917 6483
f 5317 6482 6484
f 5317 6484 4917
f 4917 6484 6483
f 5295 5310 6480
f 5295 6480 6482
f 6482 6480 6481
f 6482 6481 6484
f 6484 6481 6479
f 6484 6479 6483
f 6483 6479 4894
f 6483 4894 4910
f 6485 4921 4923
f 5330 6486 5321
f 4921 6485 6487
f 4921 6487 5330
f 5330 6487 6486
f 6488 5323 5310
f 4894 4896 6489
f 5323 6488 6490
f 5323 6490 4896
f 4896 6490 6489
f 5310 5321 6486
f 5310 6486 6488
f 6488 6486 6487
f 6488 6487 6490
f 6490 6487 6485
f 6490 6485 6489
f 6489 6485 4923
f 6489 4923 4894
f 6491 4925 4924
f 5336 6492 5327
f 4925 6491 6493
f 4925 6493 5336
f 5336 6493 6492
f 6494 5329 5321
f 4923 4922 6495
f 5329 6494 6496
f 5329 6496 4922
f 4922 6496 6495
f 5321 5327 6492
f 5321 6492 6494
f 6494 6492 6493
f 6494 6493 6496
f 6496 6493 6491
f 6496 6491 6495
f 6495 6491 4924
f 6495 4924 4923
f 6497 4941 4940
f 5342 6498 5333
f 4941 6497 6499
f 4941 6499 5342
f 5342 6499 6498
f 6500 5335 5327
f 4924 4926 6501
f 5335 6500 6502
f 5335 6502 4926
f 4926 6502 6501
f 5327 5333 6498
f 5327 6498 6500
f 6500 6498 6499
f 6500 6499 6502
f 6502 6499 6497
f 6502 6497 6501
f 6501 6497 4940
f 6501 4940 4924
f 6503 4947 4946
f 5351 6504 5339
f 4947 6503 6505
f 4947 6505 5351
f 5351 6505 6504
f 6506 5341 5333
f 4940 4942 6507
f 5341 6506 6508
f 5341 6508 4942
f 4942 6508 6507
f 5333 5339 6504
f 5333 6504 6506
f 6506 6504 6505
f 6506 6505 6508
f 6508 6505 6503
f 6508 6503 6507
f 6507 6503 4946
f 6507 4946 4940
f 6509 4953 4952
f 5355 6510 5345
f 4953 6509 6511
f 4953 6511 5355
f 5355 6511 6510
f 6512 5350 5339
f 4946 4948 6513
f 5350 6512 6514
f 5350 6514 4948
f 4948 6514 6513
f 5339 5345 6510
f 5339 6510 6512
f 6512 6510 6511
f 6512 6511 6514
f 6514 6511 6509
f 6514 6509 6513
f 6513 6509 4952
f 6513 4952 4946
f 6515 4959 4958
f 5359 6516 5348
f 4959 6515 6517
f 4959 6517 5359
f 5359 6517 6516
f 6518 5354 5345
f 4952 4954 6519
f 5354 6518 6520
f 5354 6520 4954
f 4954 6520 6519
f 5345 5348 6516
f 5345 6516 6518
f 6518 6516 6517
f 6518 6517 6520
f 6520 6517 6515
f 6520 6515 6519
f 6519 6515 4958
f 6519 4958 4952
f 6521 4965 4964
f 5371 6522 5347
f 4965 6521 6523
f 4965 6523 5371
f 5371 6523 6522
f 6524 5358 5348
f 4958 4960 6525
f 5358 6524 6526
f 5358 6526 4960
f 4960 6526 6525
f 5348 5347 6522
f 5348 6522 6524
f 6524 6522 6523
f 6524 6523 6526
f 6526 6523 6521
f 6526 6521 6525
f 6525 6521 4964
f 6525 4964 4958
f 6527 4972 4971
f 5389 6528 5374
f 4972 6527 6529
f 4972 6529 5389
f 5389 6529 6528
f 6530 5370 5347
f 4964 4966 6531
f 5370 6530 6532
f 5370 6532 4966
f 4966 6532 6531
f 5347 5374 6528
f 5347 6528 6530
f 6530 6528 6529
f 6530 6529 6532
f 6532 6529 6527
f 6532 6527 6531
f 6531 6527 4971
f 6531 4971 4964
f 6533 4980 4979
f 5408 6534 5403
f 4980 6533 6535
f 4980 6535 5408
f 5408 6535 6534
f 6536 5388 5374
f 4971 4973 6537
f 5388 6536 6538
f 5388 6538 4973
f 4973 6538 6537
f 5374 5403 6534
f 5374 6534 6536
f 6536 6534 6535
f 6536 6535 6538
f 6538 6535 6533
f 6538 6533 6537
f 6537 6533 4979
f 6537 4979 4971
f 6539 4986 4985
f 5369 6540 5367
f 4986 6539 6541
f 4986 6541 5369
f 5369 6541 6540
f 6542 5409 5403
f 4979 4981 6543
f 5409 6542 6544
f 5409 6544 4981
f 4981 6544 6543
f 5403 5367 6540
f 5403 6540 6542
f 6542 6540 6541
f 6542 6541 6544
f 6544 6541 6539
f 6544 6539 6543
f 6543 6539 4985
f 6543 4985 4979
f 6545 4992 4991
f 5406 6546 5397
f 4992 6545 6547
f 4992 6547 5406
f 5406 6547 6546
f 6548 5368 5367
f 4985 4987 6549
f 5368 6548 6550
f 5368 6550 4987
f 4987 6550 6549
f 5367 5397 6546
f 5367 6546 6548
f 6548 6546 6547
f 6548 6547 6550
f 6550 6547 6545
f 6550 6545 6549
f 6549 6545 4991
f 6549 4991 4985
f 6551 5000 4999
f 5234 6552 5232
f 5000 6551 6553
f 5000 6553 5234
f 5234 6553 6552
f 6554 5407 5397
f 4991 4993 6555
f 5407 6554 6556
f 5407 6556 4993
f 4993 6556 6555
f 5397 5232 6552
f 5397 6552 6554
f 6554 6552 6553
f 6554 6553 6556
f 6556 6553 6551
f 6556 6551 6555
f 6555 6551 4999
f 6555 4999 4991
f 6557 5007 5006
f 5400 6558 5365
f 5007 6557 6559
f 5007 6559 5400
f 5400 6559 6558
f 6560 5233 5232
f 4999 5001 6561
f 5233 6560 6562
f 5233 6562 5001
f 5001 6562 6561
f 5232 5365 6558
f 5232 6558 6560
f 6560 6558 6559
f 6560 6559 6562
f 6562 6559 6557
f 6562 6557 6561
f 6561 6557 5006
f 6561 5006 4999
f 4785 4831 6563
f 4785 6563 6564
f 6564 6563 6565
f 6564 6565 6566
f 6566 6565 6567
f 6566 6567 6568
f 6568 6567 5139
f 6568 5139 5090
f 6564 4787 4785
f 5088 6566 6568
f 4787 6564 6566
f 4787 6566 5088
f 5088 6568 5090
f 4831 4830 6563
f 5202 5139 6567
f 5202 6567 6565
f 5202 6565 4830
f 4830 6565 6563
f 4831 4863 6569
f 4831 6569 6570
f 6570 6569 6571
f 6570 6571 6572
f 6572 6571 6573
f 6572 6573 6574
f 6574 6573 5116
f 6574 5116 5139
f 6570 4829 4831
f 5203 6572 6574
f 4829 6570 6572
f 4829 6572 5203
f 5203 6574 5139
f 4863 4869 6569
f 5156 5116 6573
f 5156 6573 6571
f 5156 6571 4869
f 4869 6571 6569
f 4863 4803 6575
f 4863 6575 6576
f 6576 6575 6577
f 6576 6577 6578
f 6578 6577 6579
f 6578 6579 6580
f 6580 6579 5106
f 6580 5106 5116
f 6576 4868 4863
f 5155 6578 6580
f 4868 6576 6578
f 4868 6578 5155
f 5155 6580 5116
f 4803 4805 6575
f 5150 5106 6579
f 5150 6579 6577
f 5150 6577 4805
f 4805 6577 6575
f 4803 4880 6581
f 4803 6581 6582
f 6582 6581 6583
f 6582 6583 6584
f 6584 6583 6585
f 6584 6585 6586
f 6586 6585 5080
f 6586 5080 5106
f 6582 4804 4803
f 5106 5149 6586
f 5149 6584 6586
f 4804 6582 6584
f 4804 6584 5149
f 6585 5137 5080
f 4880 4883 6581
f 5137 6585 6583
f 5137 6583 4883
f 4883 6583 6581
f 4880 4872 6587
f 4880 6587 6588
f 6588 6587 6589
f 6588 6589 6590
f 6590 6589 6591
f 6590 6591 6592
f 6592 6591 5114
f 6592 5114 5080
f 6588 4884 4880
f 5080 5136 6592
f 5136 6590 6592
f 4884 6588 6590
f 4884 6590 5136
f 6591 5112 5114
f 4872 4879 6587
f 5112 6591 6589
f 5112 6589 4879
f 4879 6589 6587
f 4872 4862 6593
f 4872 6593 6594
f 6594 6593 6595
f 6594 6595 6596
f 6596 6595 6597
f 6596 6597 6598
f 6598 6597 5100
f 6598 5100 5114
f 6594 4878 4872
f 5114 5113 6598
f 5113 6596 6598
f 4878 6594 6596
f 4878 6596 5113
f 6597 5107 5100
f 4862 4871 6593
f 5107 6597 6595
f 5107 6595 4871
f 4871 6595 6593
f 4862 4814 6599
f 4862 6599 6600
f 6600 6599 6601
f 6600 6601 6602
f 6602 6601 6603
f 6602 6603 6604
f 6604 6603 5100
f 5100 6603 5078
f 6600 4870 4862
f 5100 5108 6604
f 5108 6602 6604
f 4870 6600 6602
f 4870 6602 5108
f 6603 5128 5078
f 4814 4813 6599
f 5128 6603 6601
f 5128 6601 4813
f 4813 6601 6599
f 4814 4761 6605
f 4814 6605 6606
f 6606 6605 6607
f 6606 6607 6608
f 6608 6607 6609
f 6608 6609 6610
f 6610 6609 5067
f 6610 5067 5078
f 6606 4812 4814
f 5078 5129 6610
f 5129 6608 6610
f 4812 6606 6608
f 4812 6608 5129
f 6609 5068 5067
f 4761 4760 6605
f 5068 6609 6607
f 5068 6607 4760
f 4760 6607 6605
f 4761 4752 6611
f 4761 6611 6612
f 6612 6611 6613
f 6612 6613 6614
f 6614 6613 6615
f 6614 6615 6616
f 6616 6615 5067
f 5067 6615 5132
f 6612 4759 4761
f 5067 5069 6616
f 5069 6614 6616
f 4759 6612 6614
f 4759 6614 5069
f 6615 5130 5132
f 4752 4751 6611
f 5130 6615 6613
f 5130 6613 4751
f 4751 6613 6611
f 4752 4746 6617
f 4752 6617 6618
f 6618 6617 6619
f 6618 6619 6620
f 6620 6619 6621
f 6620 6621 6622
f 6622 6621 5070
f 6622 5070 5132
f 6618 4750 4752
f 5132 5131 6622
f 5131 6620 6622
f 4750 6618 6620
f 4750 6620 5131
f 6621 5071 5070
f 4746 4745 6617
f 5071 6621 6619
f 5071 6619 4745
f 4745 6619 6617
f 4746 4743 6623
f 4746 6623 6624
f 6624 6623 6625
f 6624 6625 6626
f 6626 6625 6627
f 6626 6627 6628
f 6628 6627 5101
f 6628 5101 5070
f 6624 4744 4746
f 5070 5072 6628
f 5072 6626 6628
f 4744 6624 6626
f 4744 6626 5072
f 6627 5173 5101
f 4743 4742 6623
f 5173 6627 6625
f 5173 6625 4742
f 4742 6625 6623
f 4743 4728 6629
f 4743 6629 6630
f 6630 6629 6631
f 6630 6631 6632
f 6632 6631 6633
f 6632 6633 6634
f 6634 6633 5084
f 6634 5084 5101
f 6630 4741 4743
f 5174 6634 5101
f 4741 6630 6632
f 4741 6632 5174
f 5174 6632 6634
f 6633 5085 5084
f 4728 4727 6629
f 5085 6633 6631
f 5085 6631 4727
f 4727 6631 6629
f 4728 4724 6635
f 4728 6635 6636
f 6636 6635 6637
f 6636 6637 6638
f 6638 6637 6639
f 6638 6639 6640
f 6640 6639 5133
f 6640 5133 5084
f 6636 4726 4728
f 5086 6640 5084
f 4726 6636 6638
f 4726 6638 5086
f 5086 6638 6640
f 6639 5190 5133
f 4724 4723 6635
f 5190 6639 6637
f 5190 6637 4723
f 4723 6637 6635
f 4724 4749 6641
f 4724 6641 6642
f 6642 6641 6643
f 6642 6643 6644
f 6644 6643 6645
f 6644 6645 6646
f 6646 6645 5109
f 6646 5109 5133
f 6642 4722 4724
f 5191 6646 5133
f 4722 6642 6644
f 4722 6644 5191
f 5191 6644 6646
f 6645 5110 5109
f 4749 4748 6641
f 5110 6645 6643
f 5110 6643 4748
f 4748 6643 6641
f 4749 4733 6647
f 4749 6647 6648
f 6648 6647 6649
f 6648 6649 6650
f 6650 6649 6651
f 6650 6651 6652
f 6652 6651 5152
f 6652 5152 5109
f 6648 4747 4749
f 5111 6652 5109
f 4747 6648 6650
f 4747 6650 5111
f 5111 6650 6652
f 6651 5196 5152
f 4733 4768 6647
f 5196 6651 6649
f 5196 6649 4768
f 4768 6649 6647
f 4733 4755 6653
f 4733 6653 6654
f 6654 6653 6655
f 6654 6655 6656
f 6656 6655 6657
f 6656 6657 6658
f 6658 6657 5198
f 6658 5198 5152
f 6654 4767 4733
f 5197 6658 5152
f 4767 6654 6656
f 4767 6656 5197
f 5197 6656 6658
f 6657 5206 5198
f 4755 4754 6653
f 5206 6657 6655
f 5206 6655 4754
f 4754 6655 6653
f 4755 4779 6659
f 4755 6659 6660
f 6660 6659 6661
f 6660 6661 6662
f 6662 6661 6663
f 6662 6663 6664
f 6664 6663 5208
f 6664 5208 5198
f 6660 4753 4755
f 5207 6664 5198
f 4753 6660 6662
f 4753 6662 5207
f 5207 6662 6664
f 6663 5230 5208
f 4779 4790 6659
f 5230 6663 6661
f 5230 6661 4790
f 4790 6661 6659
f 4779 4734 6665
f 4779 6665 6666
f 6666 6665 6667
f 6666 6667 6668
f 6668 6667 6669
f 6668 6669 6670
f 6670 6669 5208
f 5208 6669 5161
f 6666 4789 4779
f 5229 6670 5208
f 4789 6666 6668
f 4789 6668 5229
f 5229 6668 6670
f 6669 5162 5161
f 4734 4736 6665
f 5162 6669 6667
f 5162 6667 4736
f 4736 6667 6665
f 6671 6672 6673
f 6674 6673 6675
f 6674 6675 6676
f 3676 6671 3622
f 3622 6671 6677
f 3622 6677 5435
f 5435 6677 3623
f 3623 6677 3625
f 3625 6677 3627
f 3627 6677 6678
f 3627 6678 3629
f 3629 6678 5448
f 5448 6678 3630
f 3630 6678 6676
f 3630 6676 3632
f 3637 3635 6676
f 6676 3635 3632
f 3637 6676 3639
f 3639 6676 6675
f 3639 6675 3642
f 3642 6675 3644
f 3644 6675 3646
f 3646 6675 3647
f 3647 6675 3648
f 3648 6675 3649
f 3649 6675 5442
f 5442 6675 3651
f 3651 6675 5444
f 5444 6675 6673
f 5444 6673 3654
f 3654 6673 5443
f 5443 6673 3656
f 3656 6673 3658
f 3658 6673 3660
f 3660 6673 5441
f 5441 6673 3662
f 3662 6673 6672
f 3662 6672 3663
f 3663 6672 3664
f 3664 6672 3665
f 3670 3668 6672
f 6672 3668 3665
f 3676 3674 6671
f 6671 3674 3672
f 6671 3672 6672
f 6672 3672 3670
f 6679 6680 6681
f 6682 6683 6684
f 3618 6679 3620
f 3620 6679 6685
f 3620 6685 3568
f 3568 6685 3569
f 3569 6685 3570
f 3570 6685 5440
f 5440 6685 3572
f 3572 6685 3574
f 3574 6685 6684
f 3574 6684 3576
f 3576 6684 5446
f 5446 6684 3578
f 3578 6684 5445
f 5445 6684 3581
f 3581 6684 5447
f 5447 6684 3583
f 3583 6684 6683
f 3583 6683 3584
f 3584 6683 3585
f 3585 6683 3586
f 6683 3589 3586
f 3589 6683 3591
f 3591 6683 6682
f 3591 6682 3593
f 3593 6682 3595
f 3595 6682 3597
f 3597 6682 6686
f 3597 6686 5438
f 5438 6686 3599
f 3599 6686 5439
f 5439 6686 3600
f 3600 6686 3602
f 3602 6686 6681
f 3602 6681 3605
f 3605 6681 3607
f 3607 6681 6680
f 3607 6680 3609
f 3614 3612 6680
f 6680 3612 3609
f 6679 3618 3616
f 6679 3616 6680
f 6680 3616 3614
f 6171 6676 6678
f 6171 6678 6172
f 6172 6678 6677
f 6172 6677 6173
f 6173 6677 6671
f 6173 6671 6169
f 6169 6671 6673
f 6674 6169 6673
f 6674 6170 6169
f 6676 6171 6674
f 6674 6171 6170
f 6168 6682 6684
f 6174 6168 6684
f 6174 6684 6685
f 6174 6685 6175
f 6175 6685 6679
f 6175 6679 6166
f 6166 6679 6681
f 6686 6166 6681
f 6686 6167 6166
f 6682 6168 6686
f 6686 6168 6167
f 6687 6688 6689
f 6690 6691 6692
f 3912 6687 3910
f 3910 6687 6693
f 3910 6693 3889
f 3889 6693 3894
f 3894 6693 3896
f 3896 6693 5420
f 5420 6693 3897
f 3897 6693 5419
f 5419 6693 3902
f 3902 6693 6692
f 3902 6692 3907
f 3907 6692 3904
f 3904 6692 3849
f 3849 6692 5426
f 5426 6692 3846
f 3846 6692 6691
f 3846 6691 3853
f 3853 6691 3829
f 3829 6691 3828
f 3842 5427 6691
f 6691 5427 3828
f 3842 6691 3840
f 3840 6691 6690
f 3840 6690 3838
f 3838 6690 3836
f 3836 6690 3834
f 3834 6690 6694
f 3834 6694 5430
f 5430 6694 3833
f 3833 6694 3831
f 3831 6694 3826
f 3826 6694 6689
f 3826 6689 3925
f 3925 6689 3923
f 3923 6689 6688
f 3923 6688 3921
f 3917 3919 6688
f 6688 3919 3921
f 6687 3912 3915
f 6687 3915 6688
f 6688 3915 3917
f 3880 5502 3873
f 3873 5502 6695
f 3873 6695 5416
f 5416 6695 3874
f 3874 6695 3877
f 3877 6695 3875
f 3875 6695 6696
f 3875 6696 3870
f 3870 6696 5429
f 5429 6696 3871
f 3871 6696 5507
f 3871 5507 3868
f 3864 3866 5507
f 5507 3866 3868
f 3864 5507 3862
f 3862 5507 5506
f 3862 5506 3857
f 3857 5506 3860
f 3860 5506 3856
f 3856 5506 3855
f 3855 5506 3854
f 3854 5506 3848
f 3848 5506 5423
f 5423 5506 3851
f 3851 5506 5425
f 5425 5506 5504
f 5425 5504 3844
f 3844 5504 5424
f 5424 5504 3906
f 3906 5504 5418
f 5418 5504 3900
f 3900 5504 5422
f 5422 5504 3899
f 3899 5504 5421
f 5421 5504 3895
f 3895 5504 5503
f 3895 5503 3893
f 3893 5503 3892
f 3892 5503 3891
f 3886 3888 5503
f 5503 3888 3891
f 3880 3882 5502
f 5502 3882 3884
f 5502 3884 5503
f 5503 3884 3886
f 3809 3800 5500
f 5478 5496 3778
f 3778 5496 6697
f 3778 6697 3780
f 3780 6697 3781
f 3781 6697 3782
f 3782 6697 3783
f 3783 6697 3784
f 3784 6697 3785
f 3785 6697 3787
f 3787 6697 3788
f 3788 6697 5501
f 3788 5501 3789
f 3789 5501 3790
f 3790 5501 3791
f 3791 5501 5489
f 5489 5501 3793
f 3793 5501 3794
f 3794 5501 3795
f 3795 5501 5500
f 3795 5500 3796
f 3796 5500 3797
f 3797 5500 3798
f 3800 5488 5500
f 5500 5488 3802
f 5500 3802 3798
f 3809 5500 3808
f 3808 5500 5499
f 3808 5499 3807
f 3807 5499 3806
f 3806 5499 3805
f 3805 5499 3804
f 3804 5499 3803
f 3803 5499 3749
f 3749 5499 6698
f 3749 6698 5484
f 5484 6698 3752
f 3752 6698 3753
f 3753 6698 5485
f 5485 6698 3755
f 3755 6698 3756
f 3756 6698 3757
f 3757 6698 5498
f 3757 5498 3758
f 3758 5498 3760
f 3760 5498 3761
f 3761 5498 3762
f 3762 5498 5486
f 5486 5498 3764
f 3764 5498 3765
f 3765 5498 5497
f 3765 5497 5482
f 5482 5497 3767
f 3768 3770 5497
f 5497 3770 3771
f 5497 3771 3772
f 5497 3772 3767
f 5478 3776 5496
f 5496 3776 3775
f 5496 3775 3774
f 5496 3774 5497
f 5497 3774 3773
f 5497 3773 3768
f 6699 6700 6701
f 6702 6701 6703
f 6702 6703 6704
f 3748 3738 6704
f 6699 3717 3716
f 3717 6699 3718
f 3718 6699 3719
f 3719 6699 6705
f 3719 6705 5480
f 5480 6705 3722
f 3722 6705 3723
f 3723 6705 5490
f 5490 6705 3725
f 3725 6705 3726
f 3726 6705 3727
f 3727 6705 6706
f 3727 6706 3728
f 3728 6706 3729
f 3729 6706 3730
f 3730 6706 3731
f 3731 6706 5491
f 5491 6706 3733
f 3733 6706 3734
f 3734 6706 6704
f 3734 6704 5487
f 5487 6704 3736
f 3738 3739 6704
f 6704 3739 3740
f 6704 3740 3741
f 6704 3741 3736
f 3748 6704 3747
f 3747 6704 6703
f 3747 6703 3746
f 3746 6703 3745
f 3745 6703 3744
f 3744 6703 3743
f 3743 6703 3742
f 3742 6703 3686
f 3686 6703 3687
f 3687 6703 3689
f 3689 6703 3690
f 3690 6703 3691
f 3691 6703 3692
f 3692 6703 3693
f 3693 6703 6701
f 3693 6701 3694
f 3694 6701 3695
f 3695 6701 3696
f 3696 6701 3698
f 3698 6701 3699
f 3699 6701 3700
f 3700 6701 3701
f 3701 6701 3702
f 3702 6701 3703
f 3703 6701 6700
f 3703 6700 3704
f 3704 6700 3705
f 3705 6700 3706
f 3707 3709 6700
f 6700 3709 3710
f 6700 3710 3711
f 6700 3711 3706
f 3716 3715 6699
f 6699 3715 5479
f 6699 5479 3713
f 6699 3713 6700
f 6700 3713 3712
f 6700 3712 3707
f 6707 6708 6709
f 6710 6711 6712
f 3553 6707 3506
f 3506 6707 6713
f 3506 6713 3507
f 3507 6713 3509
f 3509 6713 3510
f 3510 6713 5457
f 5457 6713 3512
f 3512 6713 3514
f 3514 6713 6712
f 3514 6712 3516
f 3516 6712 5463
f 5463 6712 3519
f 3519 6712 5462
f 5462 6712 3521
f 3521 6712 5464
f 5464 6712 3523
f 3523 6712 6711
f 3523 6711 3524
f 3524 6711 3525
f 3525 6711 3526
f 6711 3527 3526
f 3527 6711 3531
f 3531 6711 6710
f 3531 6710 3533
f 3533 6710 5467
f 5467 6710 3534
f 3534 6710 5468
f 5468 6710 3535
f 3535 6710 6714
f 3535 6714 3538
f 3538 6714 5471
f 5471 6714 3539
f 3539 6714 5472
f 5472 6714 6709
f 5472 6709 3541
f 3541 6709 3543
f 3543 6709 5473
f 5473 6709 3544
f 3544 6709 6708
f 3544 6708 3546
f 3548 3550 6708
f 6708 3550 3546
f 6707 3553 3555
f 6707 3555 6708
f 6708 3555 3548
f 6715 6716 6717
f 6718 6717 6719
f 6718 6719 6720
f 6715 3501 5453
f 3501 6715 5456
f 5456 6715 3453
f 3453 6715 6721
f 3453 6721 5454
f 5454 6721 3454
f 3454 6721 3456
f 3456 6721 5470
f 5470 6721 6722
f 5470 6722 3457
f 3457 6722 3460
f 3460 6722 3462
f 3462 6722 6720
f 3462 6720 5465
f 5465 6720 3463
f 3465 3467 6720
f 6720 3467 3463
f 3465 6720 3470
f 3470 6720 6719
f 3470 6719 3472
f 3472 6719 5466
f 5466 6719 3473
f 3473 6719 3475
f 3475 6719 3477
f 3477 6719 3478
f 3478 6719 3479
f 3479 6719 5459
f 5459 6719 3481
f 3481 6719 5461
f 5461 6719 6717
f 5461 6717 3484
f 3484 6717 5460
f 5460 6717 3486
f 3486 6717 3488
f 3488 6717 3490
f 3490 6717 5458
f 5458 6717 3492
f 3492 6717 6716
f 3492 6716 3493
f 3493 6716 3494
f 3494 6716 3495
f 3497 3499 6716
f 6716 3499 3495
f 5453 3502 6715
f 6715 3502 3504
f 6715 3504 6716
f 6716 3504 3497
f 6188 6720 6722
f 6188 6722 6189
f 6189 6722 6721
f 6189 6721 6190
f 6190 6721 6715
f 6190 6715 6186
f 6186 6715 6717
f 6718 6186 6717
f 6718 6187 6186
f 6720 6188 6718
f 6718 6188 6187
f 6185 6710 6712
f 6191 6185 6712
f 6191 6712 6713
f 6191 6713 6192
f 6192 6713 6707
f 6192 6707 6183
f 6183 6707 6709
f 6714 6183 6709
f 6714 6184 6183
f 6710 6185 6714
f 6714 6185 6184
f 6138 5507 6696
f 6138 6696 6139
f 6139 6696 6695
f 6139 6695 6140
f 6140 6695 5502
f 6140 5502 6136
f 6136 5502 5504
f 5505 6136 5504
f 5505 6137 6136
f 5507 6138 5505
f 5505 6138 6137
f 6135 6690 6692
f 6141 6135 6692
f 6141 6692 6693
f 6141 6693 6142
f 6142 6693 6687
f 6142 6687 6133
f 6133 6687 6689
f 6694 6133 6689
f 6694 6134 6133
f 6690 6135 6694
f 6694 6135 6134
f 6154 6704 6706
f 6154 6706 6155
f 6155 6706 6705
f 6155 6705 6156
f 6156 6705 6699
f 6156 6699 6152
f 6152 6699 6701
f 6702 6152 6701
f 6702 6153 6152
f 6704 6154 6702
f 6702 6154 6153
f 6151 5499 5501
f 6157 6151 5501
f 6157 5501 6697
f 6157 6697 6158
f 6158 6697 5496
f 6158 5496 6149
f 6149 5496 5498
f 6698 6149 5498
f 6698 6150 6149
f 5499 6151 6698
f 6698 6151 6150
f 4850 6723 4848
f 4848 6723 4901
f 4901 6723 4899
f 6724 4707 4709
f 5495 4897 6724
f 5495 6724 4709
f 4897 4899 6723
f 4897 6723 6724
f 6724 6723 4850
f 6724 4850 4707
f 5274 6725 5275
f 5275 6725 5159
f 5159 6725 5144
f 5312 6726 5261
f 5494 5145 6726
f 5494 6726 5312
f 5145 5144 6725
f 5145 6725 6726
f 6726 6725 5274
f 6726 5274 5261
f 4935 6727 4933
f 4933 6727 5301
f 5301 6727 5299
f 6728 4932 4931
f 5493 5298 6728
f 5493 6728 4931
f 5298 5299 6727
f 5298 6727 6728
f 6728 6727 4935
f 6728 4935 4932
f 4784 4786 6729
f 4784 6729 6730
f 6730 6729 5089
f 6730 5089 5091
f 4797 4784 6730
f 4797 6730 5492
f 5492 6730 5091
f 4788 6729 4786
f 5089 6729 5087
f 5087 6729 4788
f 4699 6731 4697
f 4697 6731 5477
f 5477 6731 4928
f 6732 5018 5017
f 5018 6732 5483
f 4710 4740 6732
f 6732 4740 5483
f 5017 4928 6731
f 5017 6731 6732
f 6732 6731 4710
f 4710 6731 4699
f 4701 6733 4702
f 4702 6733 5476
f 5476 6733 4927
f 6734 4699 4698
f 5477 4928 6734
f 5477 6734 4698
f 4928 4927 6733
f 4928 6733 6734
f 6734 6733 4701
f 6734 4701 4699
f 4706 6735 4704
f 4704 6735 5475
f 5475 6735 4918
f 6736 4701 4703
f 5476 4927 6736
f 5476 6736 4703
f 4927 4918 6735
f 4927 6735 6736
f 6736 6735 4706
f 6736 4706 4701
f 4713 6737 4720
f 4720 6737 5474
f 5474 6737 4911
f 6738 4706 4705
f 5475 4918 6738
f 5475 6738 4705
f 4918 4911 6737
f 4918 6737 6738
f 6738 6737 4713
f 6738 4713 4706
f 4707 6739 4708
f 4708 6739 5495
f 5495 6739 4897
f 6740 4713 4721
f 5474 4911 6740
f 5474 6740 4721
f 4911 4897 6739
f 4911 6739 6740
f 6740 6739 4707
f 6740 4707 4713
f 5237 6741 5235
f 5235 6741 5452
f 5452 6741 5205
f 6742 5195 5179
f 5242 5248 6742
f 5248 5469 6742
f 6742 5469 5195
f 5179 5205 6741
f 5179 6741 6742
f 6742 6741 5242
f 5242 6741 5237
f 5239 6743 5240
f 5240 6743 5451
f 5451 6743 5187
f 5236 6744 5237
f 5452 5205 6744
f 5452 6744 5236
f 5205 5187 6743
f 5205 6743 6744
f 6744 6743 5239
f 6744 5239 5237
f 5247 6745 5245
f 5245 6745 5450
f 5450 6745 5186
f 5241 6746 5239
f 5451 5187 6746
f 5451 6746 5241
f 5187 5186 6745
f 5187 6745 6746
f 6746 6745 5247
f 6746 5247 5239
f 5255 6747 5259
f 5259 6747 5449
f 5449 6747 5172
f 5246 6748 5247
f 5450 5186 6748
f 5450 6748 5246
f 5186 5172 6747
f 5186 6747 6748
f 6748 6747 5255
f 6748 5255 5247
f 5261 6749 5313
f 5313 6749 5494
f 5494 6749 5145
f 5260 6750 5255
f 5449 5172 6750
f 5449 6750 5260
f 5172 5145 6749
f 5172 6749 6750
f 6750 6749 5261
f 6750 5261 5255
f 4891 6751 4892
f 4892 6751 5434
f 5434 6751 5277
f 6752 5270 5269
f 5270 6752 5437
f 4974 5016 6752
f 6752 5016 5437
f 5269 5277 6751
f 5269 6751 6752
f 6752 6751 4974
f 4974 6751 4891
f 4903 6753 4913
f 4913 6753 5433
f 5433 6753 5285
f 6754 4891 4893
f 5434 5277 6754
f 5434 6754 4893
f 5277 5285 6753
f 5277 6753 6754
f 6754 6753 4903
f 6754 4903 4891
f 4915 6755 4919
f 4919 6755 5432
f 5432 6755 5286
f 6756 4903 4914
f 5433 5285 6756
f 5433 6756 4914
f 5285 5286 6755
f 5285 6755 6756
f 6756 6755 4915
f 6756 4915 4903
f 4904 6757 4905
f 4905 6757 5431
f 5431 6757 5314
f 6758 4915 4920
f 5432 5286 6758
f 5432 6758 4920
f 5286 5314 6757
f 5286 6757 6758
f 6758 6757 4904
f 6758 4904 4915
f 4932 6759 4930
f 4930 6759 5493
f 5493 6759 5298
f 6760 4904 4906
f 5431 5314 6760
f 5431 6760 4906
f 5314 5298 6759
f 5314 6759 6760
f 6760 6759 4932
f 6760 4932 4904
f 4876 4860 6761
f 4876 6761 6762
f 6762 6761 5083
f 5083 6761 5123
f 6762 4877 4876
f 5083 5428 6762
f 6762 5428 4877
f 5083 5165 5428
f 4875 6761 4860
f 5123 6761 5415
f 5415 6761 4875
f 4860 4855 6763
f 4860 6763 6764
f 6764 6763 5124
f 6764 5124 5123
f 4874 4860 6764
f 4874 6764 5415
f 5415 6764 5123
f 4857 6763 4855
f 5124 6763 5414
f 5414 6763 4857
f 4855 4864 6765
f 4855 6765 6766
f 6766 6765 5125
f 6766 5125 5124
f 4856 4855 6766
f 4856 6766 5414
f 5414 6766 5124
f 4865 6765 4864
f 5125 6765 5413
f 5413 6765 4865
f 4864 4799 6767
f 4864 6767 6768
f 6768 6767 5151
f 6768 5151 5125
f 4866 4864 6768
f 4866 6768 5413
f 5413 6768 5125
f 4882 6767 4799
f 5151 6767 5412
f 5412 6767 4882
f 4799 4784 6769
f 4799 6769 6770
f 6770 6769 5091
f 6770 5091 5151
f 4881 4799 6770
f 4881 6770 5412
f 5412 6770 5151
f 4798 6769 4784
f 5091 6769 5492
f 5492 6769 4798
f 6104 5387 6108
f 6108 5387 5385
f 6108 5385 5396
f 6108 5396 6109
f 5405 6109 5396
f 5411 6109 5405
f 5411 6107 6109
f 5387 6104 5393
f 5393 6104 6107
f 5393 6107 5411
f 6114 5395 5394
f 5394 6116 6114
f 5410 6116 5394
f 5404 6110 5410
f 5410 6110 6116
f 5399 6111 5404
f 5404 6111 6110
f 5402 6111 5399
f 5402 6113 6111
f 5395 6114 6113
f 5395 6113 5402
f 6123 5215 5166
f 5102 6123 5166
f 5102 6121 6123
f 6771 6118 5227
f 5227 6118 6121
f 5227 6121 5102
f 6772 6118 6771
f 6772 6122 6118
f 5215 6123 6122
f 5215 6122 6772
f 6771 5227 5226
f 6771 5226 6772
f 6772 5226 5215
f 5222 6125 5219
f 6125 5222 6127
f 6127 5222 5224
f 6127 5224 6129
f 5228 6129 5224
f 5231 6129 5228
f 5219 6125 6124
f 5219 6124 5231
f 5231 6124 6129
f 6082 6773 4836
f 4858 6082 4836
f 4858 6080 6082
f 4845 6077 4854
f 4854 6077 6080
f 4854 6080 4858
f 4837 6077 4845
f 4837 6081 6077
f 6773 6082 6081
f 6773 6081 4837
f 6773 4837 4836
f 4861 6084 4867
f 6084 4861 6086
f 6086 4861 4847
f 6086 4847 6088
f 4846 6088 4847
f 4873 6088 4846
f 4867 6084 6083
f 4867 6083 4873
f 4873 6083 6088
f 5060 6090 5056
f 6090 5060 6094
f 6094 5060 5059
f 6094 5059 5062
f 6094 5062 6095
f 6095 5062 6774
f 5057 6095 6774
f 5057 6093 6095
f 5056 6090 6093
f 5056 6093 5057
f 6774 5062 5057
f 6100 5035 5061
f 5061 6102 6100
f 5058 6102 5061
f 5032 6096 5058
f 5058 6096 6102
f 5031 6097 5032
f 5032 6097 6096
f 5036 6097 5031
f 5036 6099 6097
f 5035 6100 6099
f 5035 6099 5036
f 6775 5609 5611
f 5545 5609 5511
f 5511 5609 6775
f 5611 5608 6776
f 6777 5608 5512
f 5611 6776 6775
f 5511 6777 5512
f 6776 6778 6775
f 6775 6778 5511
f 5511 6778 6777
f 5613 6779 5614
f 5508 5615 5509
f 5615 6780 5509
f 6781 6779 5613
f 6780 6779 6781
f 5509 6780 6781
f 5509 5616 5513
f 5616 6781 5613
f 5509 6781 5616
f 4967 5608 4994
f 4994 5608 6777
f 4994 6777 4929
f 4929 6777 4912
f 4912 6777 6778
f 4912 6778 6776
f 4912 6776 4967
f 4967 6776 5608
f 5146 5583 5584
f 5146 5584 5171
f 5171 5584 6782
f 5171 6782 5169
f 5169 6782 6783
f 5169 6783 5170
f 5170 6783 5583
f 5170 5583 5146
f 5022 5615 5614
f 5022 5614 4902
f 4902 5614 6779
f 4902 6779 4975
f 4975 6779 6780
f 4975 6780 5009
f 5009 6780 5615
f 5009 5615 5022
f 5181 5582 5188
f 5188 5582 6784
f 5188 6784 5189
f 5189 6784 5180
f 5180 6784 6785
f 5180 6785 6786
f 5180 6786 5181
f 5181 6786 5582
f 5580 5582 6786
f 6786 6785 6787
f 5580 6786 6787
f 5522 6784 5521
f 6784 5582 5521
f 6787 6785 5522
f 5522 6785 6784
f 5579 5580 6787
f 5555 5579 5522
f 5522 5579 6787
f 5515 5587 5514
f 6788 5585 5587
f 6782 5584 5585
f 5520 5583 5515
f 6788 6782 5585
f 5583 6783 5515
f 6788 6783 6782
f 5515 6783 6788
f 5572 5571 6789
f 5538 6789 5571
f 5569 6790 5546
f 5546 6790 5537
f 5572 6791 5570
f 6789 6791 5572
f 6790 6791 6789
f 5537 6790 6789
f 5568 5565 6792
f 6793 5565 5564
f 5568 6792 6794
f 5516 6793 5564
f 6792 6795 6794
f 6794 6795 5516
f 5516 6795 6793
f 5532 5566 5516
f 5516 5566 6794
f 5568 6794 5566
f 6796 5600 5602
f 5524 5602 5528
f 5598 6797 5523
f 5523 6797 5524
f 6796 6798 5600
f 5600 6798 5599
f 6796 6797 6798
f 5524 6797 6796
f 5596 5594 6799
f 5526 6800 5527
f 5527 6800 5593
f 5594 6801 6799
f 6799 6801 5526
f 5526 6801 6800
f 5553 5595 5526
f 5526 5595 6799
f 6799 5595 5596
f 5524 6796 5602
f 5515 6788 5587
f 5537 6789 5538
f 5250 5569 5570
f 5250 5570 5243
f 5243 5570 6791
f 5243 6791 5244
f 5244 6791 6790
f 5244 6790 5265
f 5265 6790 5569
f 5265 5569 5250
f 4725 5594 5593
f 4725 5593 4718
f 4718 5593 4719
f 4719 5593 6800
f 4719 6800 4700
f 4700 6800 6801
f 4700 6801 5594
f 4700 5594 4725
f 5249 5565 5252
f 5252 5565 6793
f 5252 6793 5254
f 5254 6793 5238
f 5238 6793 6795
f 5238 6795 6792
f 5238 6792 5249
f 5249 6792 5565
f 4717 5598 5599
f 4717 5599 4711
f 4711 5599 6798
f 4711 6798 4712
f 4712 6798 6797
f 4712 6797 4715
f 4715 6797 4717
f 4717 6797 5598
f 5555 5556 5578
f 5534 6180 5556
f 5548 5516 5564
f 6163 5533 5517
f 6350 6802 6803
f 6802 6804 6803
f 6804 6805 6803
f 6803 6805 6806
f 6805 6807 6806
f 6806 6807 6808
f 6807 6809 6808
f 6809 6810 6808
f 6808 6810 6350
f 6350 6810 6802
f 6811 6812 6813
f 6811 6814 6812
f 6811 6813 6815
f 6816 6817 6818
f 6815 6816 6818
f 6818 6817 6819
f 6818 6819 6820
f 6820 6814 6811
f 6813 6821 6822
f 6813 6812 6821
f 6821 6812 6814
f 6814 6823 6821
f 6820 6823 6814
f 6819 6824 6823
f 6819 6823 6820
f 6817 6824 6819
f 6824 6817 6825
f 6825 6817 6816
f 6825 6816 6822
f 6816 6815 6822
f 6813 6822 6815
f 6823 6805 6821
f 6821 6805 6804
f 6821 6804 6810
f 6821 6810 6822
f 6822 6810 6825
f 6825 6810 6809
f 6825 6809 6824
f 6824 6809 6807
f 6824 6807 6823
f 6823 6807 6805
f 6810 6804 6802
f 6815 6826 6811
f 6826 6827 6811
f 6811 6827 6820
f 6827 6818 6820
f 6818 6826 6815
f 6827 6826 6818
f 6806 6808 6803
f 6803 6808 6350
f 6828 6829 6830
f 6829 6831 6830
f 6830 6831 6832
f 6831 6833 6832
f 6833 6834 6832
f 6832 6834 6243
f 6834 6835 6243
f 6243 6835 6828
f 6828 6835 6836
f 6828 6836 6829
f 6837 6838 6839
f 6839 6840 6841
f 6837 6839 6841
f 6842 6843 6844
f 6837 6845 6838
f 6840 6842 6841
f 6841 6842 6844
f 6844 6843 6846
f 6844 6846 6837
f 6837 6846 6845
f 6840 6847 6848
f 6840 6839 6847
f 6838 6849 6839
f 6839 6849 6847
f 6845 6850 6849
f 6845 6849 6838
f 6846 6850 6845
f 6850 6846 6851
f 6843 6851 6846
f 6851 6843 6848
f 6842 6848 6843
f 6848 6842 6840
f 6849 6831 6847
f 6847 6831 6829
f 6847 6829 6848
f 6848 6829 6836
f 6848 6836 6851
f 6851 6836 6835
f 6851 6835 6850
f 6850 6835 6834
f 6850 6834 6849
f 6849 6834 6833
f 6849 6833 6831
f 6852 6837 6841
f 6844 6852 6841
f 6852 6844 6837
f 6243 6830 6832
f 6828 6830 6243
f 6853 6854 6855
f 6854 6856 6855
f 6855 6856 6566
f 6856 6857 6566
f 6566 6857 6858
f 6857 6859 6858
f 6859 6860 6858
f 6858 6860 6861
f 6861 6860 6853
f 6861 6853 6855
f 6862 6863 6864
f 6865 6863 6866
f 6866 6863 6862
f 6867 6868 6866
f 6869 6870 6867
f 6869 6871 6870
f 6862 6864 6872
f 6868 6865 6866
f 6872 6871 6862
f 6862 6871 6869
f 6869 6867 6866
f 6863 6873 6874
f 6873 6863 6865
f 6873 6865 6875
f 6868 6875 6865
f 6867 6875 6868
f 6867 6876 6875
f 6876 6867 6870
f 6876 6870 6871
f 6876 6871 6877
f 6877 6871 6872
f 6877 6872 6874
f 6864 6874 6872
f 6874 6864 6863
f 6875 6857 6856
f 6875 6856 6873
f 6873 6856 6854
f 6873 6854 6874
f 6874 6854 6853
f 6874 6853 6877
f 6877 6853 6860
f 6877 6860 6876
f 6876 6860 6859
f 6876 6859 6857
f 6876 6857 6875
f 6862 6878 6866
f 6878 6879 6866
f 6866 6879 6869
f 6879 6878 6869
f 6869 6878 6862
f 6566 6858 6861
f 6861 6855 6566
f 6880 6881 6882
f 6882 6881 6883
f 6881 6884 6883
f 6884 6885 6883
f 6883 6885 6886
f 6885 6887 6886
f 6886 6887 6888
f 6886 6888 6460
f 6888 6889 6460
f 6460 6889 6880
f 6460 6880 6882
f 6890 6891 6892
f 6893 6894 6895
f 6896 6892 6897
f 6890 6892 6896
f 6895 6898 6899
f 6894 6898 6895
f 6897 6893 6896
f 6896 6893 6895
f 6895 6899 6890
f 6890 6899 6891
f 6897 6900 6901
f 6897 6892 6900
f 6900 6892 6902
f 6902 6903 6900
f 6891 6903 6902
f 6899 6904 6903
f 6899 6903 6891
f 6898 6904 6899
f 6904 6898 6894
f 6904 6894 6905
f 6905 6894 6893
f 6905 6893 6901
f 6897 6901 6893
f 6903 6884 6900
f 6900 6884 6881
f 6900 6881 6880
f 6900 6880 6901
f 6901 6880 6889
f 6901 6889 6905
f 6905 6889 6888
f 6905 6888 6904
f 6904 6888 6887
f 6904 6887 6885
f 6904 6885 6903
f 6903 6885 6884
f 6906 6890 6896
f 6895 6906 6896
f 6906 6895 6890
f 6460 6883 6886
f 6460 6882 6883
f 6902 6892 6891
f 6907 6908 6909
f 6909 6908 6910
f 6909 6910 6911
f 6911 6910 6912
f 6911 6912 6913
f 6913 6912 6914
f 6913 6914 6915
f 6915 6914 6916
f 6915 6916 6917
f 6917 6916 6918
f 6917 6918 6919
f 6919 6918 6920
f 6919 6920 6907
f 6907 6920 6921
f 6907 6921 6908
f 6922 6923 6924
f 6923 6922 6925
f 6926 6927 6924
f 6924 6927 6922
f 6927 6926 6928
f 6927 6928 6929
f 6923 6925 6930
f 6930 6925 6931
f 6932 6928 6933
f 6934 6935 6936
f 6936 6935 6937
f 6936 6937 6938
f 6939 6940 6934
f 6934 6940 6941
f 6934 6941 6935
f 6932 6933 6942
f 6942 6933 6943
f 6942 6943 6939
f 6939 6943 6940
f 6944 6945 6946
f 6946 6945 6947
f 6946 6947 6948
f 6948 6947 6930
f 6938 6937 6949
f 6938 6949 6950
f 6950 6949 6951
f 6930 6931 6948
f 6952 6953 6944
f 6944 6953 6945
f 6950 6951 6952
f 6952 6951 6954
f 6952 6954 6953
f 6932 6929 6928
f 6955 6956 6957
f 6955 6957 6958
f 6955 6958 6959
f 6959 6958 6960
f 6959 6960 6961
f 6961 6960 6962
f 6961 6962 6963
f 6963 6962 6964
f 6963 6964 6965
f 6956 6931 6925
f 6956 6925 6957
f 6957 6925 6958
f 6958 6925 6922
f 6958 6922 6960
f 6960 6922 6927
f 6960 6927 6962
f 6962 6927 6929
f 6962 6929 6964
f 6966 6967 6968
f 6968 6967 6969
f 6968 6969 6970
f 6971 6966 6968
f 6971 6968 6972
f 6971 6972 6973
f 6974 6975 6973
f 6974 6973 6976
f 6976 6973 6972
f 6976 6972 6977
f 6976 6977 6978
f 6978 6977 6979
f 6980 6981 6977
f 6977 6981 6982
f 6977 6982 6983
f 6977 6983 6979
f 6981 6980 6984
f 6984 6980 6985
f 6984 6985 6986
f 6986 6985 6987
f 6988 6986 6987
f 6988 6987 6989
f 6990 6989 6987
f 6990 6987 6991
f 6992 6993 6994
f 6991 6995 6990
f 6996 6992 6991
f 6991 6992 6995
f 6995 6992 6994
f 6997 6998 6996
f 6996 6998 6992
f 6999 7000 6997
f 6997 7000 7001
f 7002 6998 6997
f 7002 6997 7001
f 6999 7003 7000
f 7004 7003 7005
f 7005 7003 6999
f 7006 7004 7005
f 6970 6969 7006
f 7006 6969 7004
f 6943 7007 6940
f 6940 7007 7008
f 6940 7008 6941
f 6941 7008 7009
f 6941 7009 6935
f 6935 7009 7010
f 6935 7010 6937
f 6937 7010 7011
f 6937 7011 6949
f 6949 7011 7012
f 6949 7012 6951
f 6951 7012 7013
f 6951 7013 6954
f 6954 7013 7014
f 6954 7014 6953
f 6953 7014 7015
f 6953 7015 6945
f 6945 7015 7016
f 6945 7016 6947
f 6947 7016 7017
f 6947 7017 6930
f 6930 7017 7018
f 6930 7018 6923
f 6923 7018 7019
f 6923 7019 6924
f 6924 7019 7020
f 6924 7020 6926
f 6926 7020 7021
f 6926 7021 6928
f 6928 7021 7022
f 6928 7022 6933
f 6933 7022 7007
f 6933 7007 6943
f 6967 6966 7023
f 6967 7023 7024
f 7024 7023 7025
f 7025 7023 7026
f 7025 7026 7027
f 7027 7026 7028
f 7027 7028 7029
f 7029 7028 7030
f 7029 7030 7031
f 7031 7030 7032
f 7031 7032 7033
f 7033 7032 7034
f 7033 7034 7035
f 7035 7034 7036
f 7035 7036 7037
f 7037 7036 7038
f 7037 7038 7039
f 7039 7038 7040
f 7039 7040 7041
f 7041 7040 7042
f 7041 7042 7043
f 7043 7042 7044
f 7043 7044 7045
f 7045 7044 7046
f 7045 7046 7047
f 7047 7046 7048
f 7047 7048 7049
f 7049 7048 7050
f 7049 7050 7001
f 7001 7050 7002
f 7051 7052 7053
f 7051 7053 7054
f 7054 7053 7055
f 7056 7057 7058
f 7058 7057 7059
f 7058 7059 7060
f 7058 7060 7061
f 7061 7060 7062
f 7061 7062 7063
f 7063 7062 7051
f 7051 7062 7052
f 7064 7065 7066
f 7064 7066 7056
f 7056 7066 7057
f 7067 7068 7069
f 7067 7069 7070
f 7070 7069 7071
f 7070 7071 7072
f 7070 7072 7073
f 7073 7072 7064
f 7064 7072 7065
f 7074 7075 7076
f 7074 7076 7077
f 7077 7076 7068
f 7077 7068 7067
f 7054 7055 7078
f 7078 7055 7079
f 7078 7079 7080
f 7080 7079 7081
f 7080 7081 7082
f 7080 7082 7083
f 7080 7083 7084
f 7084 7083 7075
f 7084 7075 7074
f 7085 6994 6993
f 7085 6993 7086
f 7085 7086 7087
f 7087 7086 7088
f 7087 7088 7089
f 7089 7088 7090
f 7089 7090 7091
f 7091 7090 7092
f 7091 7092 7093
f 7093 7092 7094
f 7093 7094 7095
f 7093 7095 7096
f 7096 7095 7097
f 7096 7097 7098
f 7098 7097 7099
f 7098 7099 7100
f 7100 7099 7101
f 7100 7101 7102
f 7102 7101 7103
f 7103 7101 7104
f 7103 7104 7105
f 7105 7104 7106
f 7105 7106 7107
f 7107 7106 7108
f 7107 7108 7109
f 7109 7108 6974
f 6974 7108 6975
f 7110 7111 7112
f 7110 7113 7111
f 7114 7113 7115
f 7111 7113 7114
f 7116 7117 7118
f 7119 7117 7120
f 7117 7119 7121
f 7118 7117 7121
f 5732 7122 7123
f 5730 5727 7124
f 5745 5744 7125
f 7126 7127 7128
f 7129 7130 7131
f 7132 7129 7133
f 7134 7135 7133
f 7133 7135 7132
f 7136 7137 7138
f 7139 7140 7141
f 7140 7142 7141
f 7143 7144 7145
f 7125 7146 7147
f 7123 7124 7148
f 7149 7150 7151
f 7152 7125 5618
f 7125 7152 5633
f 7125 5633 7143
f 7143 5633 5632
f 7143 5632 5619
f 5619 5632 7153
f 7153 5632 5628
f 7154 7155 7156
f 7155 7157 5630
f 7155 5630 7156
f 7156 5630 5629
f 7156 5629 7158
f 7153 5624 7155
f 7155 5624 5623
f 7155 5623 7157
f 5755 7159 7147
f 5752 7160 7147
f 5750 5748 7125
f 7125 5748 5747
f 7125 5747 5745
f 7160 5751 7147
f 7147 5751 7161
f 7147 7161 5755
f 5756 5743 7162
f 7162 5743 5742
f 7162 5742 7163
f 7163 5742 5754
f 7163 5754 5753
f 7156 7158 5621
f 7156 5621 7162
f 7162 5621 5757
f 7162 5757 5756
f 7143 5619 7164
f 7143 7164 7144
f 7144 7154 7156
f 7164 7154 7144
f 5741 7165 7127
f 7151 5725 7166
f 5712 7167 5720
f 5712 5720 7165
f 7151 7168 7149
f 7166 5716 5711
f 7151 7166 7168
f 5711 5710 7166
f 7166 5710 7168
f 7127 7169 5741
f 5716 7166 5713
f 5713 7166 7167
f 5713 7167 5714
f 5714 7167 5718
f 5718 7167 5719
f 5719 7167 5706
f 5706 7167 5712
f 5656 7170 7171
f 5660 5656 7171
f 5647 5646 7170
f 7170 5646 5645
f 5649 7172 5637
f 5637 7172 7141
f 5637 7141 5638
f 5657 5658 7172
f 7172 5658 5653
f 7172 5653 5652
f 7172 5652 7170
f 7170 5652 5655
f 7170 5655 5647
f 5657 7172 5659
f 5659 7172 5648
f 5648 7172 5649
f 7171 7173 5660
f 7174 7173 7171
f 7175 7173 7174
f 7136 7175 7174
f 7141 7172 5651
f 7141 5651 7136
f 7136 5651 5806
f 7136 5806 7175
f 7176 7177 7178
f 7176 7136 7177
f 7129 7179 7180
f 7180 7179 7181
f 7181 7179 7182
f 7181 7182 7183
f 7181 7183 7184
f 7178 7177 7185
f 7178 7185 7186
f 7186 7185 7187
f 7186 7187 7180
f 7180 7187 7188
f 7184 7183 7189
f 7184 7189 7190
f 7184 7190 7191
f 7191 7190 7192
f 7191 7192 7193
f 7191 7193 7194
f 7194 7193 7195
f 7194 7195 7196
f 7196 7195 7197
f 7197 7195 7198
f 7199 7198 7143
f 7198 7199 7197
f 7197 7199 7200
f 7197 7200 7201
f 7201 7200 7202
f 7176 7202 7203
f 5675 5674 7129
f 5671 5692 5667
f 5678 5696 5694
f 5678 5694 5695
f 5695 5694 5702
f 5695 5702 5693
f 5692 7204 7205
f 7205 7204 5683
f 5675 7129 5677
f 5677 7129 5681
f 5677 5681 5678
f 5678 5681 5679
f 5678 5679 5676
f 7206 5703 7205
f 5703 5704 7205
f 7205 5704 5691
f 7205 5691 5672
f 5683 5665 7205
f 7205 5665 5664
f 5672 5670 7205
f 7205 5670 5669
f 7205 5669 5692
f 5692 5669 5685
f 5692 5685 5667
f 5693 5702 5700
f 5700 5702 5701
f 5700 5701 5698
f 5698 5701 5699
f 5698 5699 5666
f 5666 5699 5668
f 5666 5668 5667
f 5667 5668 5673
f 5667 5673 5671
f 7207 7130 7206
f 7206 7130 7208
f 7206 7208 5703
f 5674 5690 7129
f 7129 5690 5689
f 7129 5689 5687
f 7129 5687 7208
f 7129 7208 7130
f 5773 7132 5775
f 5775 7132 5776
f 5773 5772 7132
f 7132 5772 5771
f 7132 5771 5770
f 5770 5769 7132
f 7132 5769 5768
f 7132 5768 7129
f 7129 5768 5767
f 7129 5767 5766
f 5766 5765 7129
f 7129 5765 5764
f 7129 5764 5682
f 7129 5682 5681
f 5664 5774 7205
f 7205 5774 5763
f 5776 7132 5777
f 5777 7132 7205
f 5777 7205 5778
f 5763 5762 7205
f 7205 5762 5780
f 7205 5780 5779
f 7205 5779 5778
f 7209 5761 7141
f 7141 5761 5760
f 7141 5760 5640
f 7141 5640 5638
f 7209 7142 5759
f 7210 5759 7142
f 7142 7209 7141
f 5725 7151 7124
f 5725 7124 5726
f 5726 7124 5727
f 7123 7122 7124
f 7122 5737 7124
f 7124 5737 5736
f 7124 5736 5731
f 7124 5731 5730
f 7211 5734 7123
f 7123 5734 5733
f 7123 5733 5732
f 7212 5724 7213
f 7213 5722 7212
f 7212 5722 5721
f 7212 5721 7123
f 7123 5721 7211
f 5720 5729 7212
f 7212 5729 5728
f 7212 5728 5724
f 7127 7126 7169
f 7192 7190 7127
f 7212 7127 5720
f 5720 7127 7165
f 7123 7214 7212
f 7127 7212 7192
f 7125 5744 5618
f 7125 7143 7198
f 7174 7137 7136
f 7180 7188 7129
f 7129 7188 7133
f 7215 7143 7145
f 7176 7203 7136
f 7136 7203 7141
f 5753 5752 7163
f 7163 5752 7147
f 7159 5750 7147
f 7147 5750 7125
f 7126 7150 7169
f 7169 7150 7149
f 5645 5644 7170
f 7170 5644 5643
f 7170 5643 5642
f 7170 5642 7171
f 7171 5642 5759
f 7171 5759 7210
f 7216 7217 7218
f 7218 7217 7150
f 7150 7217 7219
f 7218 7220 7216
f 7216 7220 7207
f 7216 7207 7221
f 7222 7151 7219
f 7219 7151 7150
f 7206 7223 7221
f 7206 7221 7207
f 7224 7225 7205
f 7226 7227 7228
f 7228 7227 7229
f 7228 7229 7132
f 7132 7229 7224
f 7224 7205 7132
f 7171 7230 7231
f 7171 7231 7174
f 7227 7174 7231
f 7226 7174 7227
f 7232 7233 7234
f 7234 7217 7232
f 7232 7217 7216
f 7235 7236 7234
f 7237 7238 7239
f 7227 7237 7229
f 7229 7237 7240
f 7229 7241 7233
f 7242 7243 7238
f 7238 7243 7239
f 7236 7244 7245
f 7245 7244 7246
f 7238 7237 7227
f 7237 7239 7246
f 7246 7239 7245
f 7244 7235 7240
f 7240 7235 7241
f 7240 7241 7229
f 7236 7235 7244
f 7247 7248 7249
f 7244 7250 7246
f 7251 7116 7252
f 7252 7116 7118
f 7253 7254 7255
f 7253 7255 7256
f 7256 7255 7257
f 7257 7255 7258
f 7259 7260 7234
f 7234 7260 7235
f 7244 7261 7250
f 7261 7262 7247
f 7261 7263 7262
f 7264 7260 7259
f 7247 7249 7250
f 7247 7250 7261
f 7263 7265 7262
f 7266 7267 7268
f 7269 7270 7271
f 7271 7270 7272
f 7273 7274 7275
f 7276 7277 7278
f 7278 7260 7264
f 7279 7251 7280
f 7280 7251 7253
f 7253 7251 7252
f 7253 7252 7254
f 7268 7279 7280
f 7275 7274 7266
f 7281 7271 7282
f 7281 7282 7273
f 7273 7282 7283
f 7273 7283 7274
f 7284 7285 7286
f 7286 7285 7269
f 7269 7285 7270
f 7278 7264 7276
f 7287 7288 7284
f 7287 7284 7286
f 7265 7278 7289
f 7289 7278 7277
f 7289 7277 7290
f 7289 7288 7287
f 7291 7292 7233
f 7233 7292 7264
f 7233 7264 7234
f 7234 7264 7259
f 7293 7294 7295
f 7293 7295 7296
f 7296 7295 7297
f 7296 7297 7298
f 7296 7298 7299
f 7299 7298 7300
f 7299 7300 7301
f 7299 7301 7302
f 7302 7301 7303
f 7302 7303 7304
f 7304 7303 7305
f 7304 7305 7306
f 7304 7306 7307
f 7307 7306 7308
f 7307 7308 7309
f 7309 7308 7310
f 7309 7310 7311
f 7311 7310 7312
f 7311 7312 7294
f 7311 7294 7293
f 7059 7313 7314
f 7314 7313 7315
f 7314 7315 7316
f 7316 7315 7317
f 7318 7319 7320
f 7320 7319 7321
f 7320 7321 7322
f 7322 7321 7323
f 7066 7065 7318
f 7322 7057 7320
f 7320 7057 7066
f 7320 7066 7318
f 7324 7325 7326
f 7326 7325 7327
f 7326 7327 7328
f 7328 7327 7329
f 7072 7071 7324
f 7065 7072 7328
f 7324 7326 7072
f 7072 7326 7328
f 7330 7331 7332
f 7332 7331 7333
f 7332 7333 7334
f 7334 7333 7335
f 7069 7068 7330
f 7071 7069 7334
f 7334 7069 7332
f 7332 7069 7330
f 7076 7336 7337
f 7337 7336 7338
f 7337 7338 7339
f 7339 7338 7340
f 7076 7337 7068
f 7068 7337 7339
f 7082 7341 7342
f 7342 7341 7343
f 7342 7343 7344
f 7344 7343 7345
f 7342 7344 7075
f 7342 7075 7083
f 7342 7083 7082
f 7346 7347 7348
f 7348 7347 7349
f 7348 7349 7350
f 7350 7349 7351
f 7079 7350 7081
f 7346 7348 7079
f 7079 7348 7350
f 7079 7055 7346
f 7352 7353 7354
f 7354 7353 7355
f 7354 7355 7356
f 7356 7355 7357
f 7059 7314 7060
f 7060 7314 7316
f 7358 7359 7360
f 7360 7359 7361
f 7360 7361 7362
f 7362 7361 7363
f 7052 7352 7053
f 7053 7354 7055
f 7055 7354 7356
f 7354 7053 7352
f 7364 7365 7366
f 7367 7368 7369
f 7370 7368 7367
f 7367 7369 7371
f 7368 7370 7372
f 7372 7370 7373
f 7374 7367 7375
f 7375 7367 7371
f 7367 7374 7376
f 7374 7377 7376
f 7376 7377 7378
f 7379 7380 7381
f 7382 7379 7383
f 7379 7382 7380
f 7379 7384 7385
f 7381 7384 7379
f 7379 7385 7386
f 7386 7385 7387
f 7386 7387 7388
f 7387 7389 7388
f 7388 7389 7390
f 7391 7392 7393
f 7393 7392 7394
f 7395 7396 7397
f 7398 7399 7395
f 7395 7399 7396
f 7400 7401 7402
f 7403 7404 7402
f 7402 7401 7403
f 7381 7380 7405
f 7381 7405 7406
f 7407 7406 7405
f 7407 7405 7408
f 7378 7377 7409
f 7379 7410 7383
f 7383 7410 7411
f 7411 7410 7378
f 7378 7412 7411
f 7413 7414 7415
f 7407 7408 7414
f 7414 7408 7412
f 7414 7412 7378
f 7378 7409 7415
f 7378 7415 7414
f 7371 7416 7413
f 7413 7416 7414
f 7417 7418 7419
f 7420 7418 7417
f 7369 7420 7371
f 7371 7420 7416
f 7416 7420 7417
f 7421 7422 7423
f 7423 7422 7419
f 7424 7425 7426
f 7424 7426 7427
f 7424 7427 7422
f 7424 7422 7428
f 7424 7429 7425
f 7425 7429 7430
f 7425 7430 7431
f 7365 7364 7432
f 7432 7364 7431
f 7381 7406 7433
f 7381 7433 7434
f 7434 7433 7366
f 7366 7365 7389
f 7366 7389 7434
f 7435 7436 7373
f 7373 7436 7372
f 7372 7436 7437
f 7437 7436 7423
f 7437 7423 7418
f 7418 7423 7419
f 7438 7439 7440
f 7440 7439 7441
f 7441 7439 7435
f 7441 7435 7373
f 7404 7442 7402
f 7402 7442 7443
f 7402 7443 7438
f 7402 7438 7440
f 7422 7421 7442
f 7395 7444 7400
f 7400 7444 7401
f 7404 7428 7442
f 7442 7428 7422
f 7429 7444 7397
f 7395 7397 7444
f 7445 7392 7430
f 7392 7445 7398
f 7398 7445 7399
f 7392 7391 7446
f 7392 7446 7430
f 7394 7390 7393
f 7390 7447 7393
f 7389 7365 7447
f 7389 7447 7390
f 7446 7432 7430
f 7430 7432 7431
f 7424 7444 7429
f 7448 7251 7449
f 7449 7251 7450
f 7449 7450 7279
f 7449 7279 7451
f 7451 7279 7452
f 7452 7279 7453
f 7452 7453 7454
f 7454 7453 7267
f 7454 7267 7455
f 7455 7267 7266
f 7455 7266 7456
f 7456 7266 7274
f 7456 7274 7457
f 7457 7274 7458
f 7457 7458 7459
f 7459 7458 7283
f 7459 7283 7460
f 7460 7283 7282
f 7460 7282 7461
f 7461 7282 7271
f 7461 7271 7462
f 7462 7271 7272
f 7462 7272 7463
f 7463 7272 7464
f 7463 7464 7465
f 7465 7464 7270
f 7465 7270 7466
f 7466 7270 7285
f 7466 7285 7467
f 7467 7285 7468
f 7468 7285 7469
f 7468 7469 7284
f 7468 7284 7470
f 7470 7284 7288
f 7470 7288 7471
f 7471 7288 7472
f 7472 7288 7473
f 7472 7473 7474
f 7474 7473 7290
f 7474 7290 7475
f 7475 7290 7277
f 7060 7476 7062
f 7052 7062 7362
f 7062 7476 7358
f 7062 7360 7362
f 7360 7062 7358
f 6988 6989 7477
f 7477 6989 7478
f 7477 7478 7479
f 7479 7478 7480
f 7480 7478 7481
f 7480 7481 7482
f 7482 7481 7483
f 7482 7483 7484
f 7484 7483 7485
f 7484 7485 7486
f 7486 7485 7487
f 7486 7487 7488
f 7488 7487 7489
f 7488 7489 7490
f 7490 7489 7491
f 7490 7491 7492
f 7492 7491 7493
f 7492 7493 7494
f 7494 7493 7495
f 7494 7495 7496
f 7494 7496 7497
f 7497 7496 7498
f 7498 7496 7499
f 7498 7499 7500
f 7500 7499 7501
f 7500 7501 7502
f 7502 7501 7503
f 7502 7503 6979
f 7502 6979 6983
f 7359 7358 7476
f 7359 7476 7504
f 7504 7476 7060
f 7504 7060 7316
f 7504 7316 7317
f 7353 7352 7505
f 7505 7352 7052
f 7505 7052 7362
f 7505 7362 7363
f 7347 7346 7506
f 7506 7346 7055
f 7506 7055 7356
f 7506 7356 7357
f 7341 7082 7507
f 7507 7082 7081
f 7507 7081 7351
f 7351 7081 7350
f 7336 7076 7508
f 7508 7076 7075
f 7508 7075 7344
f 7508 7344 7345
f 7331 7330 7509
f 7509 7330 7068
f 7509 7068 7340
f 7340 7068 7339
f 7325 7324 7510
f 7510 7324 7071
f 7510 7071 7334
f 7510 7334 7335
f 7319 7318 7065
f 7319 7065 7511
f 7511 7065 7328
f 7511 7328 7329
f 7313 7059 7512
f 7512 7059 7057
f 7512 7057 7322
f 7512 7322 7323
f 7513 7304 7514
f 7514 7304 7515
f 7515 7304 7307
f 7515 7307 7516
f 7516 7307 7309
f 7516 7309 7517
f 7517 7309 7518
f 7518 7309 7311
f 7518 7311 7519
f 7519 7311 7520
f 7520 7311 7293
f 7520 7293 7521
f 7521 7293 7296
f 7521 7296 7522
f 7522 7296 7299
f 7522 7299 7523
f 7523 7299 7524
f 7524 7299 7302
f 7524 7302 7513
f 7513 7302 7304
f 7475 7277 7276
f 7475 7276 7525
f 7525 7276 7264
f 7525 7264 7292
f 7526 7201 7202
f 7526 7202 7527
f 7527 7202 7176
f 7527 7176 7528
f 7528 7176 7178
f 7528 7178 7529
f 7529 7178 7186
f 7529 7186 7530
f 7530 7186 7180
f 7530 7180 7181
f 7530 7181 7531
f 7531 7181 7532
f 7532 7181 7184
f 7532 7184 7533
f 7533 7184 7191
f 7533 7191 7534
f 7534 7191 7194
f 7534 7194 7535
f 7535 7194 7196
f 7535 7196 7536
f 7536 7196 7197
f 7536 7197 7537
f 7537 7197 7201
f 7537 7201 7526
f 7538 7535 7539
f 7539 7535 7536
f 7539 7536 7540
f 7540 7536 7537
f 7540 7537 7541
f 7541 7537 7542
f 7542 7537 7526
f 7542 7526 7527
f 7542 7527 7543
f 7543 7527 7528
f 7543 7528 7544
f 7528 7529 7544
f 7544 7529 7545
f 7545 7529 7530
f 7545 7530 7546
f 7546 7530 7531
f 7546 7531 7547
f 7547 7531 7532
f 7547 7532 7548
f 7548 7532 7533
f 7548 7533 7549
f 7549 7533 7534
f 7549 7534 7538
f 7538 7534 7535
f 7305 7542 7543
f 7305 7543 7306
f 7306 7543 7544
f 7306 7544 7308
f 7308 7544 7545
f 7308 7545 7310
f 7310 7545 7546
f 7310 7546 7312
f 7312 7546 7547
f 7312 7547 7294
f 7294 7547 7548
f 7294 7548 7295
f 7295 7548 7549
f 7295 7549 7297
f 7297 7549 7538
f 7297 7538 7298
f 7298 7538 7539
f 7298 7539 7300
f 7300 7539 7301
f 7301 7539 7540
f 7301 7540 7541
f 7301 7541 7303
f 7303 7541 7542
f 7303 7542 7305
f 7550 7551 7291
f 7233 7241 7550
f 7237 7552 7240
f 7553 7554 7555
f 7556 7557 7558
f 7558 7559 7556
f 7233 7550 7291
f 7552 7237 7560
f 7561 7557 7556
f 7559 7558 7562
f 7551 7525 7292
f 7561 7563 7557
f 7564 7565 7566
f 7291 7551 7292
f 7564 7566 7561
f 7561 7566 7563
f 7560 7554 7552
f 7552 7554 7553
f 7525 7551 7567
f 7525 7567 7555
f 7568 7475 7555
f 7555 7475 7525
f 7567 7569 7555
f 7555 7569 7553
f 7554 7560 7570
f 7560 7565 7570
f 7570 7565 7564
f 7571 7456 7572
f 7571 7455 7456
f 7572 7460 7573
f 7574 7452 7455
f 7568 7474 7475
f 7575 7470 7576
f 7573 7463 7577
f 7576 7472 7474
f 7576 7474 7568
f 7573 7460 7461
f 7573 7461 7463
f 7562 7112 7111
f 7562 7111 7559
f 7559 7111 7578
f 7576 7470 7472
f 7577 7463 7465
f 7577 7465 7579
f 7578 7449 7574
f 7574 7449 7452
f 7465 7467 7579
f 7579 7467 7575
f 7575 7467 7468
f 7575 7468 7470
f 7580 7514 7515
f 7580 7515 7581
f 7581 7515 7516
f 7581 7516 7582
f 7582 7516 7517
f 7517 7518 7583
f 7583 7518 7519
f 7519 7520 7584
f 7584 7520 7521
f 7584 7521 7585
f 7585 7521 7522
f 7585 7522 7586
f 7586 7522 7523
f 7586 7523 7587
f 7587 7523 7524
f 7587 7524 7588
f 7588 7524 7513
f 7588 7513 7580
f 7580 7513 7514
f 7589 7590 7210
f 7589 7142 7114
f 7114 7142 7591
f 7114 7591 7117
f 7589 7210 7142
f 7144 7592 7117
f 7144 7117 7593
f 7593 7117 7591
f 7144 7156 7594
f 7592 7144 7594
f 7236 7245 7595
f 7595 7596 7236
f 7236 7596 7148
f 7236 7148 7597
f 7595 7245 7163
f 7163 7245 7598
f 7599 7162 7598
f 7598 7162 7163
f 7124 7600 7597
f 7124 7597 7148
f 7116 7251 7117
f 7117 7251 7448
f 7114 7117 7448
f 7114 7448 7111
f 7227 7231 7601
f 7602 7603 7231
f 7231 7603 7604
f 7231 7604 7601
f 7601 7604 7238
f 7605 7238 7604
f 7606 7242 7238
f 7606 7238 7605
f 7242 7606 7602
f 7606 7607 7602
f 7602 7607 7603
f 7608 7609 7602
f 7602 7609 7610
f 7602 7610 7242
f 7611 7115 7610
f 7610 7115 7242
f 7115 7611 7114
f 7114 7611 7612
f 7608 7612 7609
f 7114 7612 7608
f 7114 7608 7589
f 7608 7602 7590
f 7590 7602 7230
f 7230 7602 7231
f 7589 7608 7590
f 7210 7590 7171
f 7230 7171 7590
f 7613 7614 7592
f 7592 7614 7615
f 7592 7615 7117
f 7117 7615 7120
f 7120 7615 7616
f 7617 7120 7616
f 7120 7617 7243
f 7243 7617 7613
f 7617 7614 7613
f 7618 7619 7613
f 7613 7619 7620
f 7613 7620 7243
f 7243 7620 7621
f 7621 7620 7622
f 7621 7622 7239
f 7239 7622 7623
f 7618 7623 7619
f 7623 7618 7239
f 7239 7618 7245
f 7245 7618 7598
f 7618 7613 7599
f 7599 7613 7594
f 7594 7613 7592
f 7598 7618 7599
f 7599 7156 7162
f 7594 7156 7599
f 7624 7625 7234
f 7234 7625 7626
f 7625 7627 7626
f 7627 7597 7626
f 7627 7628 7597
f 7628 7624 7236
f 7236 7624 7234
f 7629 7630 7631
f 7631 7630 7626
f 7626 7630 7632
f 7626 7632 7234
f 7632 7633 7234
f 7633 7217 7234
f 7217 7633 7629
f 7219 7217 7631
f 7631 7217 7629
f 7597 7628 7236
f 7631 7626 7222
f 7222 7626 7600
f 7600 7626 7597
f 7219 7631 7222
f 7600 7124 7151
f 7600 7151 7222
f 7223 7206 7205
f 7223 7205 7225
f 7224 7634 7225
f 7225 7634 7635
f 7225 7635 7223
f 7223 7635 7221
f 7232 7636 7637
f 7232 7637 7233
f 7233 7637 7635
f 7637 7638 7635
f 7638 7221 7635
f 7638 7639 7221
f 7639 7636 7232
f 7233 7640 7229
f 7641 7642 7634
f 7229 7640 7641
f 7634 7642 7635
f 7635 7642 7643
f 7635 7643 7233
f 7233 7643 7640
f 7224 7229 7634
f 7634 7229 7641
f 7221 7639 7232
f 7221 7232 7216
f 7289 7290 7473
f 7279 7450 7251
f 7279 7268 7453
f 7268 7267 7453
f 7274 7283 7458
f 7270 7464 7272
f 7285 7284 7469
f 7289 7473 7288
f 7111 7448 7578
f 7572 7457 7459
f 7472 7470 7471
f 7467 7465 7466
f 7463 7461 7462
f 7459 7460 7572
f 7456 7457 7572
f 7452 7454 7455
f 7449 7451 7452
f 7448 7449 7578
f 7644 5703 7645
f 7645 5703 7208
f 7645 7208 7646
f 7646 7208 5687
f 7644 7647 7648
f 7644 7648 5703
f 5703 7648 7649
f 5703 7649 7650
f 7650 7649 7651
f 7650 7651 7644
f 7644 7651 7647
f 7652 5689 5690
f 7652 5690 5674
f 7652 5674 5675
f 7652 5675 5677
f 7652 5677 5678
f 7652 5678 5695
f 7652 5695 5693
f 7652 5693 5700
f 7652 5700 5698
f 7652 5698 5666
f 7652 5666 7650
f 7650 5666 5667
f 7650 5667 5685
f 7650 5685 5669
f 7650 5669 5670
f 7650 5670 5672
f 7650 5672 5691
f 7650 5691 5704
f 7650 5704 5703
f 7653 7654 5689
f 7646 7655 7656
f 7652 7653 5689
f 5687 7654 7655
f 5687 7655 7646
f 7646 7656 7652
f 5689 7654 5687
f 7652 7656 7653
f 7644 7646 7650
f 7650 7646 7652
f 7644 7645 7646
f 7657 5664 5665
f 7657 5665 5683
f 7657 5683 7204
f 7657 7204 5692
f 7657 5692 5671
f 7657 5671 5673
f 7657 5673 5668
f 7657 5668 5699
f 7657 5699 5701
f 7657 5701 5702
f 7657 5702 7658
f 7658 5702 5694
f 7658 5694 5696
f 7658 5696 5697
f 7658 5697 5676
f 7658 5676 5679
f 7658 5679 5681
f 7658 5681 5682
f 7659 7660 7661
f 7657 7660 7662
f 7659 7661 5774
f 7657 7662 7663
f 7657 7663 5664
f 7661 7660 7657
f 5664 7663 5774
f 5774 7663 7659
f 7664 5764 5765
f 7664 5765 5766
f 7664 5766 5767
f 7664 5767 5768
f 7664 5768 5769
f 7664 5769 5770
f 7664 5770 5771
f 7664 5771 5772
f 7664 5772 5773
f 7664 5773 5775
f 7664 5775 5776
f 7664 5776 7661
f 7661 5776 5777
f 7661 5777 5778
f 7661 5778 5779
f 7661 5779 5780
f 7661 5780 5762
f 7661 5762 5763
f 7661 5763 5774
f 7665 7658 5682
f 7666 7667 5764
f 7658 7665 7668
f 7664 7666 5764
f 5764 7667 5682
f 5682 7667 7665
f 7664 7668 7666
f 7658 7668 7664
f 7664 7661 7658
f 7658 7661 7657
f 7669 5660 7173
f 7669 7173 7670
f 7670 7173 7175
f 7670 7175 5806
f 7669 7671 7672
f 7669 7672 5660
f 7673 7674 5656
f 7673 7675 7674
f 7672 7673 5656
f 5660 7672 5656
f 7674 7675 7669
f 7669 7675 7671
f 7676 5651 7172
f 7676 7172 7674
f 7674 7172 7170
f 7674 7170 5656
f 7676 7677 5651
f 7678 5806 7679
f 5806 7678 7670
f 7670 7678 7680
f 7677 7679 5651
f 7680 7677 7676
f 5651 7679 5806
f 7670 7680 7676
f 7676 7674 7670
f 7670 7674 7669
f 7681 7168 5710
f 7681 5710 5711
f 7681 5711 5716
f 7681 5716 5713
f 7681 5713 5714
f 7681 5714 5718
f 7681 5718 5719
f 7681 5719 7682
f 7682 5719 5706
f 7682 5706 5712
f 7682 5712 7165
f 7682 7165 5741
f 7681 7683 7684
f 7681 7684 7168
f 7149 7685 7686
f 7686 7685 7687
f 7687 7683 7681
f 7686 7687 7681
f 7168 7684 7149
f 7149 7684 7685
f 7688 7169 7149
f 7688 7149 7686
f 7688 7689 7169
f 7689 7690 7169
f 7682 7691 7692
f 5741 7690 7691
f 5741 7691 7682
f 7692 7689 7688
f 7169 7690 5741
f 7682 7692 7688
f 7688 7686 7682
f 7682 7686 7681
f 7693 5759 5642
f 7693 5642 5643
f 7693 5643 5644
f 7693 5644 5645
f 7693 5645 5646
f 7693 5646 5647
f 7693 5647 5655
f 7693 5655 5652
f 7693 5652 5653
f 7693 5653 5658
f 7693 5658 5657
f 7693 5657 7694
f 7694 5657 5659
f 7694 5659 5648
f 7694 5648 5649
f 7694 5649 5637
f 7694 5637 5638
f 7694 5638 5640
f 7694 5640 5760
f 7693 7695 7696
f 7693 7696 5759
f 7693 7697 7695
f 5759 7698 7699
f 7699 7698 7697
f 5759 7696 7698
f 7699 7697 7693
f 7700 5761 7209
f 7700 7209 7699
f 7699 7209 5759
f 7700 7701 5761
f 7701 7700 7702
f 7701 7703 5761
f 5760 7703 7704
f 7694 7704 7702
f 5761 7703 5760
f 7694 7702 7700
f 5760 7704 7694
f 7700 7699 7694
f 7694 7699 7693
f 7705 7154 7164
f 7705 7164 7706
f 7705 7707 7708
f 7705 7708 7154
f 7155 7709 7710
f 7710 7709 7711
f 7708 7709 7155
f 7710 7711 7705
f 7705 7711 7707
f 7154 7708 7155
f 7712 5619 7153
f 7712 7153 7710
f 7710 7153 7155
f 7713 7714 7164
f 7715 7706 7714
f 7716 7713 5619
f 7164 7714 7706
f 7712 7716 5619
f 7715 7716 7712
f 5619 7713 7164
f 7706 7715 7712
f 7705 7706 7710
f 7710 7706 7712
f 7717 5621 7158
f 7717 7158 5629
f 7717 5629 5630
f 7717 5630 7157
f 7717 7157 5623
f 7717 5623 5624
f 7717 5624 7718
f 7718 5624 7153
f 7718 7153 5628
f 7718 5628 5632
f 7718 5632 5633
f 7718 5633 7152
f 7718 7152 5618
f 7719 5621 7717
f 5757 7720 7721
f 7721 7720 7722
f 7717 7723 7719
f 5621 7719 5757
f 5757 7719 7720
f 7721 7722 7717
f 7722 7723 7717
f 7724 5744 5745
f 7724 5745 5747
f 7724 5747 5748
f 7724 5748 5750
f 7724 5750 7159
f 7724 7159 5755
f 7724 5755 7161
f 7724 7161 5751
f 7724 5751 7160
f 7724 7160 5752
f 7724 5752 7721
f 7721 5752 5753
f 7721 5753 5754
f 7721 5754 5742
f 7721 5742 5743
f 7721 5743 5756
f 7721 5756 5757
f 7725 7726 7718
f 7727 7728 5744
f 7724 7727 5744
f 5618 7728 7725
f 5744 7728 5618
f 5618 7725 7718
f 7718 7726 7724
f 7726 7727 7724
f 7724 7721 7718
f 7718 7721 7717
f 7729 5726 5727
f 7729 5727 5730
f 7729 5730 5731
f 7729 5731 5736
f 7729 5736 5737
f 7729 5737 7122
f 7729 7122 7730
f 7730 7122 5732
f 7730 5732 5733
f 7730 5733 5734
f 7730 5734 7211
f 7730 7211 5721
f 7730 5721 5722
f 7730 5722 7213
f 7730 7213 5724
f 7730 5724 5728
f 7730 5728 5729
f 5726 7729 7731
f 7731 7729 7732
f 5725 7733 7734
f 7734 7733 7735
f 7731 7733 5725
f 5726 7731 5725
f 7734 7735 7729
f 7729 7735 7732
f 7736 5720 7167
f 7736 7167 7166
f 7736 7166 7734
f 7734 7166 5725
f 7737 7730 7738
f 7739 7740 5720
f 7730 7737 7736
f 7737 7739 7736
f 7736 7739 5720
f 7738 5729 7740
f 5720 7740 5729
f 5729 7738 7730
f 7729 7730 7734
f 7730 7736 7734
f 7720 7619 7623
f 7619 7720 7719
f 7619 7719 7620
f 7620 7719 7723
f 7620 7723 7722
f 7620 7722 7622
f 7622 7722 7623
f 7720 7623 7722
f 7741 7727 7742
f 7742 7727 7726
f 7742 7726 7743
f 7743 7726 7725
f 7743 7725 7744
f 7744 7725 7728
f 7744 7728 7727
f 7744 7727 7741
f 7741 7742 7745
f 7745 7742 7743
f 7743 7744 7745
f 7744 7741 7745
f 7617 7709 7614
f 7614 7709 7708
f 7614 7708 7615
f 7615 7708 7707
f 7615 7707 7616
f 7616 7707 7711
f 7616 7711 7617
f 7709 7617 7711
f 7746 7716 7747
f 7747 7716 7715
f 7747 7715 7748
f 7748 7715 7714
f 7748 7714 7749
f 7749 7714 7713
f 7749 7713 7746
f 7746 7713 7716
f 7750 7746 7747
f 7747 7748 7750
f 7750 7748 7749
f 7749 7746 7750
f 7606 7673 7607
f 7607 7673 7672
f 7607 7672 7603
f 7604 7603 7672
f 7604 7672 7671
f 7604 7671 7605
f 7605 7671 7675
f 7605 7675 7606
f 7673 7606 7675
f 7751 7677 7752
f 7752 7677 7680
f 7752 7680 7753
f 7753 7680 7678
f 7753 7678 7754
f 7754 7678 7679
f 7754 7679 7751
f 7751 7679 7677
f 7751 7752 7755
f 7755 7752 7753
f 7753 7754 7755
f 7754 7751 7755
f 7637 7649 7638
f 7638 7649 7648
f 7638 7648 7639
f 7639 7648 7647
f 7639 7647 7636
f 7636 7647 7651
f 7636 7651 7637
f 7649 7637 7651
f 7756 7653 7757
f 7757 7653 7656
f 7757 7656 7758
f 7758 7656 7655
f 7758 7655 7759
f 7759 7655 7654
f 7759 7654 7756
f 7756 7654 7653
f 7756 7757 7760
f 7760 7757 7758
f 7758 7759 7760
f 7759 7756 7760
f 7625 7733 7627
f 7627 7733 7731
f 7627 7731 7628
f 7628 7731 7732
f 7628 7732 7624
f 7624 7732 7735
f 7624 7735 7625
f 7733 7625 7735
f 7761 7739 7762
f 7762 7739 7737
f 7762 7737 7763
f 7763 7737 7738
f 7763 7738 7764
f 7764 7738 7740
f 7764 7740 7761
f 7761 7740 7739
f 7761 7762 7765
f 7765 7762 7763
f 7763 7764 7765
f 7764 7761 7765
f 7698 7609 7612
f 7609 7698 7696
f 7609 7696 7610
f 7610 7696 7695
f 7610 7695 7697
f 7610 7697 7611
f 7611 7697 7612
f 7698 7612 7697
f 7766 7701 7767
f 7767 7701 7702
f 7767 7702 7768
f 7768 7702 7704
f 7768 7704 7769
f 7769 7704 7703
f 7769 7703 7766
f 7766 7703 7701
f 7770 7766 7767
f 7767 7768 7770
f 7770 7768 7769
f 7769 7766 7770
f 7659 7642 7641
f 7642 7659 7663
f 7642 7663 7643
f 7643 7663 7662
f 7643 7662 7660
f 7643 7660 7640
f 7640 7660 7641
f 7659 7641 7660
f 7771 7666 7772
f 7772 7666 7668
f 7772 7668 7773
f 7773 7668 7665
f 7773 7665 7774
f 7774 7665 7667
f 7774 7667 7771
f 7771 7667 7666
f 7775 7771 7772
f 7772 7773 7775
f 7775 7773 7774
f 7774 7771 7775
f 7685 7630 7629
f 7630 7685 7684
f 7630 7684 7632
f 7632 7684 7683
f 7632 7683 7633
f 7633 7683 7687
f 7633 7687 7629
f 7685 7629 7687
f 7776 7689 7777
f 7777 7689 7692
f 7777 7692 7778
f 7778 7692 7691
f 7778 7691 7779
f 7779 7691 7690
f 7779 7690 7776
f 7776 7690 7689
f 7780 7776 7777
f 7777 7778 7780
f 7780 7778 7779
f 7779 7776 7780
f 7781 7782 7783
f 7781 7783 7784
f 7784 7783 7785
f 7784 7785 7786
f 7784 7786 7787
f 7782 7781 7163
f 7163 7781 7595
f 7148 7596 7786
f 7786 7596 7787
f 7595 7784 7596
f 7595 7781 7784
f 7784 7787 7596
f 7788 7789 7790
f 7788 7790 7791
f 7791 7790 7792
f 7791 7792 7793
f 7791 7793 7794
f 7789 7788 7142
f 7142 7788 7591
f 7144 7593 7793
f 7793 7593 7794
f 7791 7794 7593
f 7791 7591 7788
f 7591 7791 7593
f 7795 7796 7797
f 7795 7797 7798
f 7798 7797 7799
f 7798 7799 7800
f 7798 7800 7801
f 7796 7795 7132
f 7132 7795 7228
f 7174 7226 7800
f 7800 7226 7801
f 7795 7798 7228
f 7228 7798 7226
f 7798 7801 7226
f 7802 7803 7804
f 7802 7804 7805
f 7805 7804 7806
f 7805 7806 7807
f 7805 7807 7808
f 7803 7802 7150
f 7150 7802 7218
f 7207 7220 7807
f 7807 7220 7808
f 7218 7805 7220
f 7218 7802 7805
f 7805 7808 7220
f 7809 7810 7811
f 7809 7812 7810
f 7810 7813 7811
f 7811 7813 7814
f 7813 7243 7814
f 7814 7243 7242
f 7557 7255 7815
f 7815 7255 7254
f 7815 7254 7558
f 7558 7254 7252
f 7558 7252 7562
f 7565 7249 7816
f 7816 7249 7248
f 7816 7248 7566
f 7566 7248 7817
f 7566 7817 7563
f 7563 7817 7258
f 7563 7258 7557
f 7557 7258 7255
f 7237 7246 7818
f 7818 7246 7250
f 7818 7250 7560
f 7560 7250 7819
f 7560 7819 7565
f 7565 7819 7249
f 7118 7812 7252
f 7252 7812 7809
f 7252 7809 7562
f 7562 7809 7112
f 7239 7243 7621
f 7813 7120 7243
f 7121 7810 7812
f 7120 7813 7810
f 7120 7810 7119
f 7119 7810 7121
f 7121 7812 7118
f 7817 7248 7258
f 7819 7250 7249
f 7227 7601 7238
f 7115 7814 7242
f 7113 7110 7809
f 7811 7814 7115
f 7811 7113 7809
f 7113 7811 7115
f 7809 7110 7112
f 7557 7815 7558
f 7566 7565 7816
f 7237 7818 7560
f 7820 7129 7131
f 7820 7131 7821
f 7821 7131 7822
f 7821 7822 7823
f 7823 7822 7824
f 7823 7824 7825
f 7825 7824 7128
f 7825 7128 7826
f 7826 7128 7127
f 7179 7129 7827
f 7827 7129 7828
f 7829 7190 7189
f 7829 7189 7830
f 7830 7189 7183
f 7830 7183 7831
f 7831 7183 7182
f 7831 7182 7827
f 7827 7182 7179
f 7190 7829 7127
f 7127 7829 7826
f 7827 7820 7821
f 7827 7821 7831
f 7825 7829 7830
f 7825 7830 7823
f 7823 7830 7831
f 7823 7831 7821
f 7825 7826 7829
f 7820 7827 7828
f 7832 7212 7833
f 7833 7212 7214
f 7833 7214 7834
f 7834 7214 7835
f 7834 7835 7836
f 7834 7836 7837
f 7837 7836 7146
f 7837 7146 7838
f 7838 7146 7125
f 7212 7832 7192
f 7192 7832 7839
f 7840 7198 7195
f 7840 7195 7841
f 7841 7195 7842
f 7842 7195 7193
f 7842 7193 7192
f 7842 7192 7839
f 7198 7840 7838
f 7198 7838 7125
f 7832 7833 7839
f 7842 7834 7841
f 7841 7834 7837
f 7841 7837 7840
f 7839 7833 7842
f 7842 7833 7834
f 7838 7840 7837
f 7843 7136 7844
f 7844 7136 7138
f 7844 7138 7845
f 7844 7845 7846
f 7846 7845 7134
f 7846 7134 7847
f 7847 7134 7848
f 7848 7134 7133
f 7136 7843 7849
f 7136 7849 7177
f 7850 7188 7187
f 7850 7187 7851
f 7851 7187 7185
f 7851 7185 7852
f 7852 7185 7849
f 7849 7185 7177
f 7850 7848 7188
f 7188 7848 7133
f 7849 7844 7852
f 7852 7844 7851
f 7844 7849 7843
f 7844 7846 7851
f 7851 7846 7847
f 7851 7847 7850
f 7850 7847 7848
f 7853 7143 7854
f 7854 7143 7215
f 7854 7215 7855
f 7855 7215 7856
f 7855 7856 7857
f 7857 7856 7858
f 7857 7858 7139
f 7857 7139 7859
f 7859 7139 7141
f 7860 7199 7853
f 7853 7199 7143
f 7861 7203 7862
f 7862 7203 7202
f 7862 7202 7200
f 7862 7200 7863
f 7863 7200 7199
f 7863 7199 7860
f 7203 7861 7859
f 7203 7859 7141
f 7860 7854 7863
f 7863 7854 7855
f 7863 7855 7857
f 7863 7857 7862
f 7862 7857 7861
f 7861 7857 7859
f 7854 7860 7853
f 7828 7129 7820
f 7130 7207 7807
f 7807 7131 7130
f 7131 7807 7822
f 7822 7807 7806
f 7822 7806 7804
f 7822 7804 7824
f 7824 7804 7803
f 7824 7803 7128
f 7803 7126 7128
f 7126 7803 7150
f 7135 7796 7132
f 7796 7135 7134
f 7138 7800 7845
f 7845 7800 7799
f 7845 7799 7797
f 7845 7797 7134
f 7134 7797 7796
f 7800 7138 7137
f 7137 7174 7800
f 7793 7145 7144
f 7793 7215 7145
f 7215 7793 7856
f 7856 7793 7792
f 7856 7792 7858
f 7858 7792 7790
f 7858 7790 7789
f 7858 7789 7139
f 7789 7140 7139
f 7140 7789 7142
f 7123 7148 7786
f 7786 7214 7123
f 7214 7786 7835
f 7835 7786 7785
f 7835 7785 7783
f 7835 7783 7836
f 7836 7783 7782
f 7836 7782 7146
f 7782 7147 7146
f 7147 7782 7163
f 6986 6988 7477
f 6983 6982 7864
f 6983 7864 7502
f 7502 7864 7865
f 7502 7865 7500
f 7500 7865 7866
f 7500 7866 7498
f 7498 7866 7867
f 7498 7867 7497
f 7497 7867 7868
f 7497 7868 7494
f 7494 7868 7869
f 7494 7869 7492
f 7492 7869 7870
f 7492 7870 7490
f 7490 7870 7488
f 7488 7870 7871
f 7488 7871 7486
f 7871 7872 7486
f 7486 7872 7873
f 7486 7873 7484
f 7484 7873 7874
f 7484 7874 7482
f 7482 7874 7875
f 7482 7875 7480
f 7480 7875 7876
f 7480 7876 7479
f 7479 7876 7877
f 7479 7877 7477
f 7477 7877 7878
f 7477 7878 6986
f 6986 7392 6984
f 7398 6981 7392
f 7392 6981 6984
f 7398 7864 6982
f 7398 6982 6981
f 7398 7395 7864
f 7864 7395 7865
f 7865 7395 7400
f 7865 7400 7402
f 7865 7402 7866
f 7866 7402 7867
f 7867 7402 7440
f 7867 7440 7868
f 7868 7440 7441
f 7868 7441 7373
f 7868 7373 7869
f 7869 7373 7370
f 7869 7370 7870
f 7870 7370 7367
f 7870 7367 7871
f 7871 7367 7376
f 7871 7376 7378
f 7871 7378 7872
f 7872 7378 7410
f 7872 7410 7873
f 7873 7410 7379
f 7873 7379 7874
f 7874 7379 7875
f 7875 7379 7386
f 7875 7386 7876
f 7876 7386 7388
f 7876 7388 7877
f 7877 7388 7390
f 7877 7390 7878
f 7878 7390 7394
f 7878 7394 6986
f 6986 7394 7392
f 6995 6994 7085
f 7087 7879 7085
f 7085 7879 7880
f 7085 7880 6995
f 7881 7098 7882
f 7882 7098 7100
f 7882 7100 7883
f 7883 7100 7102
f 7883 7102 7103
f 7883 7103 7884
f 7884 7103 7105
f 7884 7105 7885
f 7885 7105 7107
f 7885 7107 7886
f 7886 7107 7109
f 7886 7109 6976
f 6976 7109 6974
f 7098 7881 7096
f 7096 7881 7887
f 7096 7887 7888
f 7096 7888 7093
f 7093 7888 7889
f 7093 7889 7091
f 7091 7889 7089
f 7089 7889 7890
f 7089 7890 7087
f 7087 7890 7879
f 6976 6978 7891
f 6976 7891 7892
f 6976 7892 7886
f 7886 7892 7885
f 7885 7892 7893
f 7885 7893 7884
f 7884 7893 7894
f 7884 7894 7883
f 7883 7894 7895
f 7883 7895 7896
f 7883 7896 7882
f 7882 7896 7897
f 7882 7897 7881
f 7881 7897 7898
f 7881 7898 7887
f 7887 7898 7899
f 7887 7899 7888
f 7888 7899 7900
f 7888 7900 7901
f 7888 7901 7889
f 7889 7901 7902
f 7889 7902 7890
f 7890 7902 7903
f 7890 7903 7879
f 7879 7903 7904
f 7879 7904 7880
f 7880 7904 7905
f 7880 7905 6995
f 6995 7905 6990
f 6978 6979 7891
f 7891 6979 7892
f 7892 6979 7503
f 7892 7503 7501
f 7892 7501 7893
f 7893 7501 7499
f 7893 7499 7894
f 7894 7499 7496
f 7485 7902 7901
f 7485 7901 7487
f 7487 7901 7900
f 7487 7900 7489
f 7489 7900 7899
f 7489 7899 7898
f 7489 7898 7491
f 7491 7898 7897
f 7491 7897 7493
f 7493 7897 7896
f 7493 7896 7495
f 7495 7896 7895
f 7495 7895 7496
f 7496 7895 7894
f 6989 6990 7905
f 6989 7905 7478
f 7478 7905 7904
f 7478 7904 7481
f 7481 7904 7483
f 7483 7904 7903
f 7483 7903 7902
f 7483 7902 7485
f 7030 7906 7032
f 7032 7906 7907
f 7032 7907 7034
f 7034 7907 7036
f 7036 7907 7908
f 7036 7908 7038
f 7038 7908 7909
f 7038 7909 7910
f 7038 7910 7040
f 7040 7910 7911
f 7040 7911 7042
f 7042 7911 7912
f 7042 7912 7044
f 6998 7002 7913
f 7913 7002 7050
f 7913 7050 7914
f 7914 7050 7048
f 7914 7048 7915
f 7915 7048 7046
f 7915 7046 7044
f 7915 7044 7912
f 6966 6971 7916
f 6966 7916 7023
f 7023 7916 7917
f 7023 7917 7026
f 7026 7917 7028
f 7028 7917 7918
f 7028 7918 7030
f 7030 7918 7906
f 7913 6992 6998
f 7916 6971 6973
f 7916 6973 7919
f 7916 7919 7917
f 7917 7919 7920
f 7917 7920 7918
f 7918 7920 7921
f 7918 7921 7906
f 7906 7921 7922
f 7906 7922 7907
f 7907 7922 7923
f 7907 7923 7924
f 7907 7924 7908
f 7908 7924 7925
f 7908 7925 7909
f 7909 7925 7926
f 7909 7926 7910
f 7910 7926 7927
f 7910 7927 7911
f 7911 7927 7912
f 7912 7927 7928
f 7912 7928 7915
f 7915 7928 7929
f 7915 7929 7930
f 7915 7930 7914
f 7914 7930 7931
f 7914 7931 7913
f 7913 7931 7932
f 7913 7932 6992
f 6973 6975 7108
f 7101 7922 7104
f 7104 7922 7921
f 7104 7921 7106
f 7106 7921 7920
f 7106 7920 7108
f 7108 7920 7919
f 7108 7919 6973
f 7094 7928 7927
f 7094 7927 7095
f 7095 7927 7926
f 7095 7926 7097
f 7097 7926 7925
f 7097 7925 7099
f 7099 7925 7924
f 7099 7924 7101
f 7101 7924 7923
f 7101 7923 7922
f 6993 6992 7932
f 6993 7932 7086
f 7086 7932 7931
f 7086 7931 7088
f 7088 7931 7930
f 7088 7930 7090
f 7090 7930 7929
f 7090 7929 7092
f 7092 7929 7928
f 7092 7928 7094
f 7001 7000 7933
f 7001 7933 7049
f 7049 7933 7047
f 7033 7934 7031
f 7031 7934 7935
f 7031 7935 7029
f 7029 7935 7936
f 7029 7936 7027
f 7027 7936 7937
f 7027 7937 7025
f 7025 7937 7938
f 7025 7938 7024
f 7024 7938 7939
f 7024 7939 6967
f 6967 7939 6969
f 7933 7940 7047
f 7047 7940 7941
f 7047 7941 7045
f 7045 7941 7043
f 7043 7941 7942
f 7043 7942 7041
f 7041 7942 7039
f 7039 7942 7943
f 7039 7943 7037
f 7037 7943 7944
f 7037 7944 7035
f 7035 7944 7945
f 7035 7945 7033
f 7033 7945 7934
f 7946 7004 6969
f 7946 6969 7947
f 7004 7946 7948
f 7004 7948 7003
f 7948 7000 7003
f 7947 6969 7939
f 7947 7939 7949
f 7949 7939 7938
f 7949 7938 7937
f 7949 7937 7950
f 7950 7937 7951
f 7951 7937 7936
f 7951 7936 7952
f 7952 7936 7935
f 7952 7935 7934
f 7952 7934 7953
f 7953 7934 7945
f 7953 7945 7954
f 7954 7945 7944
f 7954 7944 7955
f 7955 7944 7943
f 7955 7943 7956
f 7956 7943 7942
f 7956 7942 7957
f 7957 7942 7958
f 7958 7942 7941
f 7958 7941 7959
f 7959 7941 7960
f 7960 7941 7940
f 7960 7940 7961
f 7961 7940 7933
f 7961 7933 7948
f 7948 7933 7000
f 7074 7947 7084
f 7084 7947 7080
f 7080 7947 7949
f 7080 7949 7078
f 7078 7949 7950
f 7078 7950 7951
f 7078 7951 7054
f 7054 7951 7952
f 7054 7952 7051
f 7051 7952 7953
f 7051 7953 7063
f 7073 7959 7960
f 7073 7960 7070
f 7070 7960 7961
f 7070 7961 7067
f 7067 7961 7948
f 7067 7948 7077
f 7077 7948 7074
f 7074 7948 7946
f 7074 7946 7947
f 7063 7953 7954
f 7063 7954 7061
f 7061 7954 7058
f 7058 7954 7955
f 7058 7955 7056
f 7056 7955 7956
f 7056 7956 7064
f 7064 7956 7957
f 7064 7957 7958
f 7064 7958 7073
f 7073 7958 7959
f 7962 6908 6921
f 7963 7964 7965
f 7963 7965 7966
f 7966 7965 7967
f 7964 7963 7968
f 7969 7970 7962
f 7969 7962 7968
f 7964 7968 7962
f 7964 7962 6921
f 7964 6921 7971
f 7971 7972 7973
f 7973 7974 7967
f 7967 7974 7966
f 7973 7972 7974
f 7971 6921 6920
f 6916 7975 7976
f 6916 7976 6918
f 6918 7976 7977
f 6908 7962 7978
f 6908 7978 6910
f 6910 7978 7979
f 6910 7979 6912
f 6912 7979 7980
f 6912 7980 7981
f 6912 7981 6914
f 6914 7981 6916
f 6916 7981 7975
f 6918 7977 7972
f 6918 7972 6920
f 7972 7971 6920
f 7982 7983 7984
f 7984 7985 7982
f 7985 7986 7982
f 7986 7983 7982
f 7983 7965 7964
f 7983 7964 7984
f 7984 7964 7971
f 7984 7971 7985
f 7985 7971 7973
f 7985 7973 7967
f 7985 7967 7986
f 7986 7967 7965
f 7986 7965 7983
f 6977 7987 7988
f 6977 7988 6980
f 6980 7988 7989
f 6980 7989 6985
f 6985 7990 6987
f 6987 7990 6991
f 6991 7990 7991
f 6991 7991 6996
f 6996 7992 6997
f 6997 7992 6999
f 6999 7992 7005
f 7005 7993 7006
f 7006 7993 6970
f 6970 7993 7994
f 6970 7994 6968
f 6968 7994 6972
f 6972 7994 7987
f 6972 7987 6977
f 7987 7588 7580
f 7987 7580 7988
f 7988 7580 7581
f 7988 7581 7989
f 7989 7581 6985
f 6985 7581 7582
f 6985 7582 7990
f 7990 7582 7517
f 7990 7517 7583
f 7990 7583 7991
f 7991 7583 7519
f 7991 7519 6996
f 6996 7519 7584
f 6996 7584 7992
f 7992 7584 7005
f 7005 7584 7585
f 7005 7585 7993
f 7993 7585 7586
f 7993 7586 7587
f 7993 7587 7994
f 7994 7587 7588
f 7994 7588 7987
f 6965 7995 7969
f 7969 7995 7996
f 7969 7996 7997
f 7969 7997 7998
f 7998 7997 7999
f 7998 7999 8000
f 8000 7999 7962
f 7962 7999 6939
f 7962 6939 8001
f 8001 6939 6934
f 8001 6934 8002
f 8001 8002 7979
f 7979 8002 8003
f 8003 8002 6938
f 8003 6938 7980
f 7980 6938 8004
f 7980 8004 8005
f 8005 8004 8006
f 8005 8006 8007
f 8007 8006 8008
f 8007 8008 8009
f 8009 8008 8010
f 8009 8010 7976
f 7976 8010 6946
f 7976 6946 8011
f 8011 6946 6948
f 8011 6948 6956
f 8011 6956 8012
f 8013 8014 8015
f 8015 8014 8016
f 8015 8016 8017
f 8017 8016 8018
f 8018 8016 8019
f 8018 8019 8020
f 8020 8019 8021
f 8021 8019 8022
f 8021 8022 8023
f 8023 8022 8024
f 8024 8022 8025
f 8024 8025 8026
f 8026 8025 8027
f 8026 8027 8028
f 8028 8027 8029
f 8029 8027 8030
f 8029 8030 8031
f 8031 8030 8032
f 8032 8030 8033
f 8032 8033 8034
f 8034 8033 8035
f 8035 8033 8036
f 8035 8036 8037
f 8037 8036 8013
f 8013 8036 8014
f 8014 7406 7407
f 8014 7407 7414
f 8014 7414 8016
f 8016 7414 8038
f 8016 8038 7416
f 8016 7416 8019
f 8019 7416 8039
f 8019 8039 7417
f 8019 7417 8022
f 8022 7417 8040
f 8022 8040 7419
f 8022 7419 8025
f 8025 7419 7422
f 8025 7422 8027
f 7422 7427 8027
f 7427 7426 8027
f 8027 7426 8030
f 7426 7425 8030
f 7425 7431 8030
f 8030 7431 8033
f 7431 7364 8033
f 7364 7366 8033
f 8033 7366 8036
f 7366 7433 8036
f 7433 7406 8036
f 8036 7406 8014
f 7419 8040 7417
f 7417 8039 7416
f 7416 8038 7414
f 6909 8020 8021
f 6909 8021 8023
f 6909 8023 8024
f 6909 8024 6907
f 6907 8024 8026
f 6907 8026 8028
f 6907 8028 8029
f 6907 8029 6919
f 6919 8029 8031
f 6919 8031 8032
f 6919 8032 6917
f 6917 8032 8034
f 6917 8034 8035
f 6917 8035 8037
f 6917 8037 6915
f 6915 8037 8013
f 6915 8013 8015
f 6915 8015 6913
f 6913 8015 6911
f 6911 8015 8017
f 6911 8017 8018
f 6911 8018 8020
f 6911 8020 6909
f 8012 6956 6955
f 7995 6965 6964
f 7995 6929 7996
f 7996 6929 6932
f 7996 6932 7997
f 7997 6932 7999
f 7999 6932 6942
f 7999 6942 6939
f 8002 6934 6936
f 8002 6936 6938
f 6938 6950 8004
f 8004 6950 6952
f 8004 6952 8006
f 8006 6952 8008
f 8008 6952 6944
f 8008 6944 8010
f 8010 6944 6946
f 6948 6931 6956
f 6929 7995 6964
f 7968 6965 7969
f 7969 7998 7970
f 7970 7998 8000
f 7970 8000 7962
f 7978 7962 8001
f 7978 8001 7979
f 7979 8003 7980
f 7981 7980 8005
f 7981 8005 8007
f 7981 8007 7975
f 7975 8007 8009
f 7975 8009 7976
f 7976 8011 7977
f 7977 8011 8012
f 7977 8012 7972
f 6955 7974 7972
f 6955 7972 8012
f 6965 7968 7963
f 7974 6955 6959
f 7974 6959 7966
f 7966 6959 6961
f 7966 6961 7963
f 7963 6961 6963
f 7963 6963 6965
f 7415 7409 8041
f 8041 7409 8042
f 8043 7371 8041
f 8041 7371 7413
f 7371 8043 8044
f 7371 8044 7375
f 8045 7377 8046
f 8046 7377 7374
f 8041 8045 8046
f 8041 8046 8043
f 8043 8046 8044
f 8045 8041 8042
f 8041 7413 7415
f 8042 7409 8045
f 8045 7409 7377
f 8046 7374 8044
f 8044 7374 7375
f 7420 7369 8047
f 8047 7369 8048
f 8049 7418 8047
f 8047 7418 7420
f 8049 8050 7418
f 7418 8050 7437
f 8051 7368 7372
f 8051 7372 8052
f 8047 8051 8049
f 8049 8051 8052
f 8049 8052 8050
f 8048 8051 8047
f 7405 7380 8053
f 8053 7380 8054
f 8055 7408 8053
f 8053 7408 7405
f 8055 8056 7408
f 7408 8056 7412
f 8057 7382 7383
f 8057 7383 8058
f 8058 7383 7411
f 8053 8057 8055
f 8055 8057 8058
f 8057 8053 8054
f 8058 8056 8055
f 7434 7389 8059
f 8059 7389 8060
f 8061 7381 8059
f 8059 7381 7434
f 7381 8061 8062
f 7381 8062 7384
f 8063 7387 8064
f 8064 7387 7385
f 8064 8061 8063
f 8063 8061 8059
f 8064 8062 8061
f 8060 8063 8059
f 7423 7436 8065
f 8065 7436 8066
f 8067 7421 8065
f 8065 7421 7423
f 7442 8067 8068
f 7442 8068 7443
f 8069 7435 7439
f 8069 7439 8070
f 8070 7439 7438
f 8065 8066 8069
f 8065 8069 8067
f 8067 8069 8070
f 8067 8070 8068
f 7428 7404 8071
f 8071 7404 8072
f 8073 7424 8071
f 8071 7424 7428
f 7424 8073 7444
f 7444 8073 8074
f 8075 7403 7401
f 8075 7401 8076
f 8076 8073 8075
f 8075 8073 8071
f 8076 8074 8073
f 8071 8072 8075
f 7429 7397 8077
f 8077 7397 8078
f 8079 7430 8077
f 8077 7430 7429
f 7430 8079 8080
f 7430 8080 7445
f 8081 7396 7399
f 8081 7399 8082
f 8077 8081 8079
f 8079 8081 8082
f 8079 8082 8080
f 8081 8077 8078
f 7432 7446 8083
f 8083 7446 8084
f 8085 7365 8083
f 8083 7365 7432
f 8085 8086 7365
f 7365 8086 7447
f 8087 7391 8088
f 8088 7391 7393
f 8083 8087 8088
f 8083 8088 8085
f 8087 8083 8084
f 8086 8085 8088
f 8048 7369 7368
f 8048 7368 8051
f 8052 7372 8050
f 8050 7372 7437
f 8067 7442 7421
f 8066 7436 7435
f 8066 7435 8069
f 8070 7438 8068
f 8068 7438 7443
f 8072 7404 7403
f 8072 7403 8075
f 8076 7401 7444
f 8076 7444 8074
f 8078 7397 8081
f 8081 7397 7396
f 8082 7399 7445
f 8082 7445 8080
f 8084 7446 7391
f 8084 7391 8087
f 8088 7393 8086
f 8086 7393 7447
f 8060 7389 7387
f 8060 7387 8063
f 8064 7385 8062
f 8062 7385 7384
f 8054 7380 7382
f 8054 7382 8057
f 8058 7411 8056
f 8056 7411 7412
f 7253 8089 7280
f 7280 8089 8090
f 7280 8090 7268
f 7268 8090 8091
f 7268 8091 7266
f 7266 8091 8092
f 7266 8092 7275
f 7275 8092 8093
f 7275 8093 7273
f 7273 8093 7281
f 7281 8093 8094
f 7281 8094 7271
f 7271 8094 8095
f 7271 8095 7269
f 7269 8095 8096
f 7269 8096 7286
f 7286 8096 7287
f 7287 8096 8097
f 7287 8097 7289
f 7289 8097 8098
f 7289 8098 8099
f 7289 8099 7265
f 7265 8099 7262
f 7262 8099 8100
f 7262 8100 7247
f 7247 8100 8101
f 7247 8101 8102
f 7247 8102 7248
f 7248 8102 7258
f 7258 8102 8103
f 7258 8103 7257
f 7257 8103 7256
f 7256 8103 8104
f 7256 8104 7253
f 7253 8104 8089
f 7353 8092 8091
f 8090 7347 7357
f 8098 7325 8099
f 8096 7329 8097
f 8097 7329 7327
f 8097 7327 8098
f 8098 7327 7325
f 7325 7335 8099
f 8100 7331 7340
f 8100 7340 7338
f 8100 7338 8101
f 7341 8104 8103
f 7357 7347 7506
f 7317 7359 7504
f 7359 7317 8093
f 7329 8096 7319
f 8101 7338 7336
f 8101 7336 8102
f 7336 7345 8102
f 7353 7363 8092
f 8099 7335 7333
f 8099 7333 8100
f 8100 7333 7331
f 8090 7357 7355
f 8090 7355 8091
f 8091 7355 7353
f 7323 8095 7313
f 7323 7313 7512
f 8095 7323 7321
f 8095 7321 8096
f 8096 7321 7319
f 7325 7510 7335
f 8104 7351 7349
f 8104 7349 8089
f 8089 7349 8090
f 8090 7349 7347
f 7319 7511 7329
f 7363 7353 7505
f 7340 7331 7509
f 8102 7345 7343
f 8102 7343 8103
f 8103 7343 7341
f 8092 7361 8093
f 8093 7361 7359
f 8093 7317 8094
f 7507 7351 7341
f 7336 7508 7345
f 7341 7351 8104
f 8092 7363 7361
f 7317 7315 8094
f 8094 7315 8095
f 8095 7315 7313
f 7575 8105 8106
f 7575 8106 7579
f 7579 8106 7577
f 7577 8106 8107
f 7577 8107 7573
f 7573 8107 8108
f 7573 8108 7572
f 7572 8108 8109
f 7572 8109 7571
f 7571 8109 8110
f 7571 8110 7455
f 7455 8110 8111
f 7455 8111 7574
f 7574 8111 8112
f 7574 8112 7578
f 7578 8112 7559
f 7559 8112 8113
f 7559 8113 7556
f 7556 8113 8114
f 7556 8114 7561
f 7561 8114 8115
f 7561 8115 7564
f 7564 8115 8116
f 7564 8116 7570
f 7570 8116 7554
f 7554 8116 8117
f 7554 8117 8118
f 7554 8118 7555
f 7555 8118 8119
f 7555 8119 7568
f 7568 8119 7576
f 7576 8119 8120
f 7576 8120 8105
f 7576 8105 7575
f 7015 8106 8105
f 7015 8105 7016
f 7016 8105 8120
f 7016 8120 8119
f 7016 8119 7017
f 7017 8119 7018
f 7018 8119 8118
f 7018 8118 7019
f 7019 8118 8117
f 7019 8117 8116
f 7019 8116 7020
f 7020 8116 7021
f 7021 8116 8115
f 7021 8115 7022
f 7022 8115 8114
f 7022 8114 8113
f 7022 8113 7007
f 7007 8113 8112
f 7007 8112 7008
f 7008 8112 8111
f 7008 8111 7009
f 7009 8111 7010
f 7010 8111 8110
f 7010 8110 7011
f 7011 8110 8109
f 7011 8109 7012
f 7012 8109 8108
f 7012 8108 7013
f 7013 8108 8107
f 7013 8107 7014
f 7014 8107 8106
f 7014 8106 7015
f 7553 7263 8121
f 8121 7263 8122
f 8121 8122 7552
f 7552 8122 7261
f 7552 7261 7244
f 7552 7244 7240
f 7569 8123 7553
f 7553 8123 7263
f 7567 7278 8123
f 7567 8123 7569
f 7551 8124 7567
f 7567 8124 7278
f 7241 7235 8125
f 7241 8125 7550
f 7550 8125 8124
f 7550 8124 7551
f 8121 7552 7553
f 8124 8125 7260
f 7260 8125 7235
f 8124 7260 7278
f 7265 8123 7278
f 7265 7263 8123
f 7261 8122 7263
f 8126 8127 8128
f 8126 8128 8129
f 8129 8128 8130
f 8129 8130 8131
f 8131 8130 8132
f 8133 8134 8135
f 8135 8134 8136
f 8136 8134 8137
f 8136 8137 8138
f 8136 8138 8139
f 8139 8138 8140
f 8131 8132 8141
f 8131 8141 8142
f 8142 8141 7575
f 8142 7575 8143
f 8142 8143 8133
f 8133 8143 8134
f 8139 8140 8144
f 8139 8144 8145
f 8145 8144 8146
f 8146 8144 8147
f 8146 8147 7559
f 8146 7559 8148
f 8148 7559 8149
f 8148 8149 8150
f 8150 8149 8151
f 8150 8151 8152
f 8152 8151 8127
f 8152 8127 8126
f 8153 8154 8155
f 8153 8155 8156
f 8156 8155 8157
f 8156 8157 8158
f 8158 8157 8159
f 8160 8161 8162
f 8162 8161 8163
f 8162 8163 8164
f 8162 8164 8165
f 8165 8164 8166
f 8165 8166 8167
f 8158 8159 8168
f 8168 8159 8169
f 8168 8169 8170
f 8168 8170 8171
f 8171 8170 8172
f 8171 8172 8160
f 8160 8172 8161
f 8167 8166 8173
f 8167 8173 8174
f 8174 8173 8175
f 8175 8173 8176
f 8175 8176 8177
f 8175 8177 8178
f 8178 8177 8179
f 8178 8179 8180
f 8180 8179 8181
f 8180 8181 8182
f 8182 8181 8183
f 8182 8183 8153
f 8153 8183 8154
f 8170 7575 8172
f 8172 7575 8141
f 8172 8141 8132
f 8172 8132 8161
f 8161 8132 8163
f 8163 8132 8130
f 8163 8130 8164
f 8164 8130 8128
f 8164 8128 8166
f 8166 8128 8127
f 8166 8127 8151
f 8166 8151 8173
f 8173 8151 8149
f 8173 8149 8176
f 8176 8149 8177
f 8177 8149 7559
f 8177 7559 8179
f 8179 7559 8147
f 8179 8147 8181
f 8181 8147 8144
f 8181 8144 8183
f 8183 8144 8154
f 8154 8144 8140
f 8154 8140 8138
f 8154 8138 8155
f 8155 8138 8137
f 8155 8137 8157
f 8157 8137 8134
f 8157 8134 8159
f 8159 8134 8143
f 8159 8143 8169
f 8169 8143 8170
f 8170 8143 7575
f 8142 8171 8131
f 8131 8171 8160
f 8131 8160 8162
f 8131 8162 8129
f 8129 8162 8165
f 8129 8165 8126
f 8126 8165 8167
f 8126 8167 8152
f 8152 8167 8174
f 8152 8174 8150
f 8150 8174 8175
f 8150 8175 8148
f 8148 8175 8178
f 8148 8178 8180
f 8148 8180 8146
f 8146 8180 8182
f 8146 8182 8145
f 8145 8182 8139
f 8139 8182 8153
f 8139 8153 8136
f 8136 8153 8156
f 8136 8156 8135
f 8135 8156 8158
f 8135 8158 8133
f 8133 8158 8168
f 8133 8168 8142
f 8142 8168 8171
f 8184 8185 8186
f 8187 8188 8189
f 8187 8189 8190
f 8191 8192 8193
f 8184 8194 8195
f 8184 8195 8185
f 8196 8197 8198
f 8196 8198 8199
f 8200 8201 8202
f 8202 8201 8203
f 8204 8205 8206
f 8204 8206 8207
f 8207 8208 8209
f 8210 8211 8212
f 8210 8212 8194
f 8213 8214 8215
f 8215 8214 8216
f 8215 8216 8217
f 8217 8216 8218
f 8217 8218 8219
f 8219 8218 8220
f 8219 8220 8213
f 8213 8220 8214
f 8221 8222 8223
f 8223 8222 8224
f 8224 8222 8225
f 8224 8225 8226
f 8226 8225 8227
f 8226 8227 8228
f 8228 8227 8229
f 8228 8229 8221
f 8221 8229 8230
f 8221 8230 8222
f 8231 8232 8233
f 8231 8233 8234
f 8234 8233 8235
f 8235 8233 8236
f 8235 8236 8237
f 8237 8236 8238
f 8237 8238 8232
f 8237 8232 8231
f 8239 8240 8241
f 8239 8241 8242
f 8242 8241 8243
f 8242 8243 8244
f 8244 8243 8245
f 8244 8245 8246
f 8246 8245 8240
f 8246 8240 8239
f 8247 8248 8249
f 8249 8248 8250
f 8249 8250 8251
f 8249 8251 8252
f 8252 8251 8253
f 8253 8251 8254
f 8253 8254 8247
f 8247 8254 8255
f 8247 8255 8248
f 8256 8257 8258
f 8258 8257 8259
f 8257 8260 8259
f 8259 8260 8261
f 8260 8262 8261
f 8261 8262 8263
f 8261 8263 8264
f 8263 8265 8264
f 8264 8265 8266
f 8265 8267 8266
f 8266 8267 8268
f 8267 8269 8268
f 8268 8269 8270
f 8269 8271 8270
f 8271 8272 8270
f 8270 8272 8273
f 8272 8274 8273
f 8273 8274 8275
f 8273 8275 8276
f 8275 8277 8276
f 8277 8278 8276
f 8276 8278 8279
f 8278 8280 8279
f 8279 8280 8281
f 8281 8280 8256
f 8281 8256 8258
f 8282 8283 8284
f 8285 8286 8283
f 8287 8288 8285
f 8287 8285 8289
f 8289 8285 8282
f 8285 8283 8282
f 8290 8291 8292
f 8293 8294 8295
f 8293 8295 8296
f 8290 8292 8297
f 8295 8292 8296
f 8297 8292 8295
f 8291 8298 8292
f 8296 8292 8299
f 8300 8301 8302
f 8302 8303 8304
f 8305 8300 8306
f 8300 8305 8301
f 8300 8302 8307
f 8307 8302 8304
f 8307 8308 8300
f 8300 8309 8306
f 8300 8308 8309
f 8310 8311 8312
f 8313 8314 8310
f 8312 8315 8316
f 8313 8312 8316
f 8310 8312 8313
f 8313 8316 8317
f 8318 8315 8312
f 8312 8311 8319
f 8312 8319 8320
f 8318 8312 8320
f 8321 8322 8323
f 8324 8325 8326
f 8327 8328 8322
f 8327 8322 8329
f 8322 8321 8329
f 8323 8324 8330
f 8331 8325 8324
f 8323 8331 8324
f 8321 8323 8330
f 8324 8326 8332
f 8321 8330 8333
f 8329 8321 8333
f 8334 8329 8333
f 8335 8336 8337
f 8336 8335 8338
f 8339 8336 8338
f 8340 8339 8338
f 8341 8340 8338
f 8341 8338 8342
f 8342 8343 8341
f 8344 8345 8346
f 8347 8345 8348
f 8349 8350 8351
f 8349 8351 8352
f 8351 8353 8352
f 8353 8351 8354
f 8348 8354 8351
f 8344 8348 8345
f 8344 8354 8348
f 8353 8354 8355
f 8346 8356 8344
f 8354 8344 8355
f 8353 8355 8357
f 8352 8353 8357
f 8358 8359 8360
f 8361 8358 8362
f 8363 8364 8365
f 8365 8366 8367
f 8366 8365 8364
f 8368 8369 8364
f 8360 8369 8368
f 8362 8358 8360
f 8362 8360 8368
f 8366 8364 8369
f 8360 8359 8370
f 8371 8367 8366
f 8369 8360 8372
f 8370 8372 8360
f 8373 8374 8375
f 8374 8376 8375
f 8193 8377 8191
f 8378 8374 8373
f 8193 8376 8377
f 8377 8378 8191
f 8191 8378 8373
f 8379 8261 8380
f 8190 8381 8187
f 8187 8381 8382
f 8379 8380 8382
f 8382 8380 8187
f 8261 8379 8383
f 8190 8383 8381
f 8261 8383 8190
f 8261 8252 8380
f 8247 8194 8184
f 8252 8253 8380
f 8380 8253 8186
f 8249 8252 8261
f 8186 8253 8247
f 8186 8247 8184
f 8194 8249 8261
f 8247 8249 8194
f 8194 8266 8268
f 8268 8244 8194
f 8244 8246 8194
f 8194 8239 8210
f 8246 8239 8194
f 8210 8239 8242
f 8268 8242 8244
f 8210 8242 8268
f 8209 8237 8231
f 8235 8237 8210
f 8209 8231 8207
f 8210 8237 8209
f 8231 8234 8207
f 8228 8234 8235
f 8207 8234 8228
f 8202 8226 8228
f 8221 8223 8207
f 8207 8223 8204
f 8202 8224 8226
f 8228 8221 8207
f 8223 8224 8204
f 8204 8224 8202
f 8273 8217 8219
f 8219 8213 8202
f 8202 8213 8215
f 8217 8384 8200
f 8217 8200 8215
f 8273 8219 8202
f 8202 8215 8200
f 8385 8386 8273
f 8273 8386 8384
f 8273 8384 8217
f 8196 8387 8385
f 8384 8386 8199
f 8388 8199 8386
f 8199 8387 8196
f 8199 8388 8387
f 8196 8385 8273
f 8376 8193 8375
f 8375 8193 8389
f 8270 8273 8202
f 8228 8268 8270
f 8228 8270 8202
f 8264 8194 8261
f 8194 8264 8266
f 8190 8259 8261
f 8196 8279 8375
f 8375 8279 8281
f 8258 8373 8281
f 8281 8373 8375
f 8373 8258 8190
f 8190 8258 8259
f 8196 8276 8279
f 8273 8276 8196
f 8268 8228 8210
f 8210 8228 8235
f 8333 8390 8334
f 8390 8391 8334
f 8390 8319 8391
f 8319 8390 8392
f 8320 8319 8392
f 8392 8318 8320
f 8393 8394 8392
f 8392 8394 8318
f 8390 8395 8392
f 8390 8396 8395
f 8392 8308 8393
f 8308 8392 8309
f 8392 8395 8309
f 8292 8298 8397
f 8398 8397 8298
f 8309 8397 8398
f 8395 8396 8399
f 8397 8309 8395
f 8395 8399 8397
f 8397 8400 8299
f 8292 8397 8299
f 8401 8400 8397
f 8402 8401 8397
f 8397 8399 8402
f 8399 8403 8402
f 8404 8405 8403
f 8404 8403 8399
f 8399 8396 8404
f 8396 8406 8404
f 8405 8404 8356
f 8356 8404 8344
f 8407 8355 8404
f 8404 8355 8344
f 8355 8407 8357
f 8407 8404 8406
f 8408 8409 8410
f 8408 8335 8409
f 8410 8357 8408
f 8407 8408 8357
f 8335 8408 8338
f 8408 8407 8411
f 8407 8406 8411
f 8338 8408 8411
f 8338 8411 8342
f 8412 8342 8411
f 8370 8412 8411
f 8370 8411 8372
f 8411 8413 8372
f 8414 8413 8411
f 8411 8406 8414
f 8369 8413 8366
f 8369 8372 8413
f 8413 8371 8366
f 8415 8416 8371
f 8415 8371 8413
f 8415 8413 8414
f 8415 8414 8406
f 8324 8332 8415
f 8415 8332 8416
f 8324 8415 8417
f 8324 8417 8330
f 8417 8390 8333
f 8330 8417 8333
f 8417 8415 8406
f 8396 8390 8417
f 8406 8396 8417
f 8403 8289 8282
f 8282 8284 8402
f 8402 8284 8401
f 8403 8282 8402
f 8347 8186 8185
f 8286 8285 8194
f 8286 8194 8212
f 8295 8294 8211
f 8211 8210 8295
f 8208 8418 8209
f 8209 8418 8297
f 8302 8301 8208
f 8207 8302 8208
f 8206 8303 8302
f 8302 8207 8206
f 8313 8317 8205
f 8204 8313 8205
f 8201 8200 8328
f 8328 8200 8322
f 8331 8199 8198
f 8361 8193 8419
f 8419 8193 8192
f 8420 8192 8421
f 8192 8191 8421
f 8351 8350 8187
f 8187 8350 8188
f 8322 8384 8323
f 8384 8322 8200
f 8313 8202 8203
f 8313 8203 8314
f 8202 8313 8204
f 8295 8209 8297
f 8209 8295 8210
f 8194 8285 8195
f 8195 8285 8288
f 8347 8348 8186
f 8348 8380 8186
f 8380 8348 8351
f 8380 8351 8187
f 8422 8190 8423
f 8423 8190 8189
f 8190 8422 8373
f 8373 8422 8424
f 8373 8424 8191
f 8191 8424 8421
f 8362 8193 8361
f 8193 8362 8389
f 8389 8362 8368
f 8368 8375 8389
f 8368 8364 8375
f 8375 8364 8196
f 8196 8364 8197
f 8197 8364 8363
f 8199 8331 8323
f 8199 8323 8384
f 8425 8420 8421
f 8343 8425 8421
f 8343 8421 8341
f 8424 8340 8421
f 8421 8340 8341
f 8424 8339 8340
f 8422 8336 8339
f 8336 8422 8426
f 8336 8426 8337
f 8422 8423 8426
f 8424 8422 8339
f 8386 8427 8428
f 8386 8428 8388
f 8388 8428 8387
f 8387 8428 8429
f 8387 8429 8430
f 8387 8430 8385
f 8385 8430 8427
f 8385 8427 8386
f 8428 8197 8429
f 8197 8428 8198
f 8429 8197 8430
f 8430 8197 8431
f 8430 8431 8432
f 8430 8432 8427
f 8427 8432 8433
f 8427 8433 8198
f 8427 8198 8428
f 8434 8326 8433
f 8432 8434 8433
f 8432 8416 8434
f 8431 8416 8432
f 8431 8371 8416
f 8431 8367 8371
f 8367 8431 8365
f 8197 8435 8431
f 8435 8365 8431
f 8197 8363 8435
f 8198 8325 8436
f 8325 8198 8433
f 8433 8326 8325
f 8379 8437 8438
f 8379 8438 8383
f 8383 8438 8439
f 8383 8439 8381
f 8381 8439 8440
f 8381 8440 8382
f 8382 8440 8437
f 8382 8437 8379
f 8437 8440 8188
f 8440 8189 8188
f 8437 8188 8441
f 8437 8441 8438
f 8441 8442 8438
f 8438 8442 8439
f 8439 8442 8443
f 8439 8443 8440
f 8440 8443 8189
f 8442 8409 8337
f 8409 8442 8410
f 8441 8410 8442
f 8441 8444 8410
f 8188 8349 8441
f 8441 8349 8444
f 8188 8350 8349
f 8423 8189 8443
f 8443 8445 8423
f 8445 8443 8426
f 8442 8426 8443
f 8442 8337 8426
f 8374 8446 8376
f 8376 8446 8447
f 8376 8447 8377
f 8377 8447 8448
f 8377 8448 8378
f 8378 8448 8449
f 8378 8449 8374
f 8374 8449 8446
f 8448 8419 8192
f 8446 8450 8451
f 8446 8451 8447
f 8447 8451 8419
f 8447 8419 8448
f 8448 8192 8449
f 8449 8192 8452
f 8449 8452 8446
f 8446 8452 8450
f 8451 8453 8359
f 8453 8451 8450
f 8450 8412 8453
f 8452 8342 8450
f 8450 8342 8412
f 8343 8342 8452
f 8343 8452 8454
f 8452 8192 8425
f 8452 8425 8454
f 8192 8420 8425
f 8361 8419 8358
f 8358 8419 8451
f 8358 8451 8359
f 8214 8203 8201
f 8214 8201 8216
f 8220 8455 8214
f 8214 8455 8456
f 8214 8456 8203
f 8216 8201 8218
f 8218 8201 8457
f 8218 8457 8220
f 8220 8457 8455
f 8455 8319 8311
f 8319 8455 8391
f 8457 8391 8455
f 8457 8334 8391
f 8457 8329 8334
f 8329 8457 8458
f 8201 8327 8457
f 8327 8458 8457
f 8201 8328 8327
f 8314 8203 8456
f 8456 8459 8314
f 8456 8310 8459
f 8455 8310 8456
f 8455 8311 8310
f 8206 8222 8230
f 8205 8222 8206
f 8230 8460 8206
f 8227 8461 8229
f 8229 8461 8462
f 8229 8462 8460
f 8229 8460 8230
f 8222 8205 8225
f 8225 8205 8463
f 8225 8463 8461
f 8225 8461 8227
f 8462 8308 8307
f 8461 8393 8462
f 8462 8393 8308
f 8461 8394 8393
f 8461 8315 8394
f 8315 8461 8463
f 8315 8463 8316
f 8463 8464 8316
f 8205 8464 8463
f 8460 8304 8303
f 8304 8460 8462
f 8462 8307 8304
f 8232 8418 8208
f 8236 8465 8466
f 8236 8466 8238
f 8238 8466 8418
f 8238 8418 8232
f 8232 8208 8233
f 8233 8208 8467
f 8233 8467 8236
f 8236 8467 8465
f 8298 8291 8466
f 8298 8466 8398
f 8465 8398 8466
f 8467 8309 8465
f 8465 8309 8398
f 8306 8309 8467
f 8306 8467 8305
f 8467 8208 8305
f 8208 8468 8305
f 8297 8418 8469
f 8466 8469 8418
f 8469 8466 8290
f 8466 8291 8290
f 8211 8240 8212
f 8241 8211 8470
f 8240 8211 8241
f 8241 8470 8471
f 8241 8471 8243
f 8471 8472 8243
f 8243 8472 8245
f 8245 8472 8473
f 8245 8473 8240
f 8240 8473 8212
f 8472 8401 8284
f 8401 8472 8400
f 8471 8400 8472
f 8471 8299 8400
f 8471 8296 8299
f 8296 8471 8293
f 8470 8293 8471
f 8286 8212 8473
f 8473 8474 8286
f 8474 8473 8283
f 8472 8283 8473
f 8472 8284 8283
f 8255 8195 8248
f 8248 8195 8475
f 8195 8255 8185
f 8248 8475 8476
f 8248 8476 8250
f 8250 8476 8251
f 8185 8255 8254
f 8476 8477 8251
f 8251 8477 8478
f 8251 8478 8254
f 8254 8478 8185
f 8478 8356 8346
f 8477 8405 8478
f 8478 8405 8356
f 8476 8405 8477
f 8476 8403 8405
f 8476 8289 8403
f 8475 8287 8476
f 8476 8287 8289
f 8185 8479 8480
f 8479 8185 8478
f 8478 8346 8479
f 8481 8271 8482
f 8482 8271 8269
f 8271 8481 8272
f 8272 8481 8483
f 8272 8483 8484
f 8272 8484 8274
f 8274 8484 8485
f 8485 8275 8274
f 8486 8275 8485
f 8486 8277 8275
f 8487 8278 8486
f 8486 8278 8277
f 8488 8280 8487
f 8487 8280 8278
f 8489 8280 8488
f 8489 8256 8280
f 8490 8256 8489
f 8490 8257 8256
f 8491 8260 8490
f 8490 8260 8257
f 8492 8262 8491
f 8491 8262 8260
f 8493 8263 8492
f 8492 8263 8262
f 8494 8265 8493
f 8493 8265 8263
f 8495 8267 8494
f 8494 8267 8265
f 8482 8269 8495
f 8495 8269 8267
f 8496 8489 8497
f 8497 8489 8488
f 8497 8498 8496
f 8497 8499 8498
f 8497 8500 8499
f 8497 8501 8500
f 8497 8502 8503
f 8497 8485 8502
f 8497 8504 8485
f 8497 8505 8504
f 8497 8488 8505
f 8505 8488 8487
f 8505 8487 8504
f 8504 8487 8486
f 8504 8486 8485
f 8485 8484 8502
f 8502 8484 8483
f 8502 8483 8481
f 8502 8481 8503
f 8503 8481 8482
f 8503 8482 8497
f 8497 8482 8495
f 8497 8495 8501
f 8501 8495 8494
f 8501 8494 8500
f 8500 8494 8493
f 8500 8493 8499
f 8499 8493 8492
f 8499 8492 8498
f 8498 8492 8491
f 8498 8491 8496
f 8496 8491 8490
f 8496 8490 8489
f 8195 8288 8475
f 8287 8475 8288
f 8480 8347 8185
f 8347 8480 8345
f 8479 8346 8345
f 8479 8345 8480
f 8464 8205 8317
f 8316 8464 8317
f 8303 8206 8460
f 8394 8315 8318
f 8365 8435 8363
f 8436 8331 8198
f 8331 8436 8325
f 8326 8434 8332
f 8416 8332 8434
f 8352 8444 8349
f 8444 8352 8357
f 8410 8444 8357
f 8337 8409 8335
f 8426 8423 8445
f 8211 8294 8470
f 8293 8470 8294
f 8283 8286 8474
f 8208 8301 8468
f 8301 8305 8468
f 8290 8297 8469
f 8329 8458 8327
f 8310 8314 8459
f 8370 8359 8453
f 8370 8453 8412
f 8425 8343 8454
f 8506 8507 2700
f 2700 8507 2698
f 2698 8507 2696
f 2696 8507 2694
f 2694 8507 2692
f 2692 8507 2690
f 2690 8507 2688
f 2688 8507 2686
f 2686 8507 2684
f 2684 8507 8508
f 2684 8508 2682
f 2682 8508 2680
f 2680 8508 2678
f 2678 8508 2676
f 2676 8508 2674
f 2674 8508 2672
f 2672 8508 2670
f 2670 8508 2668
f 2668 8508 2666
f 2666 8508 8509
f 2666 8509 2664
f 2664 8509 2663
f 2663 8509 2662
f 2662 8509 2661
f 2661 8509 2647
f 2647 8509 2648
f 2648 8509 2650
f 2650 8509 8510
f 2650 8510 2651
f 2651 8510 2653
f 2653 8510 2654
f 2654 8510 2655
f 2655 8510 2656
f 2656 8510 2657
f 2657 8510 2658
f 2658 8510 2660
f 2660 8510 2706
f 2706 8510 2704
f 2704 8510 8507
f 2704 8507 8506
f 8511 8512 8513
f 8514 8512 8511
f 8511 8515 8514
f 8516 8515 8511
f 8511 8517 8516
f 2686 8518 2688
f 2688 8518 2690
f 2690 8518 2692
f 2692 8518 2694
f 2694 8518 8506
f 2694 8506 2696
f 2696 8506 2698
f 2698 8506 2700
f 2704 8506 2706
f 2706 8506 2660
f 2660 8506 8519
f 2660 8519 2658
f 2658 8519 2657
f 2657 8519 2656
f 2656 8519 2655
f 2655 8519 2654
f 2654 8519 8520
f 2654 8520 2653
f 2653 8520 2651
f 2651 8520 2650
f 2650 8520 2648
f 2648 8520 2647
f 2647 8520 8521
f 2647 8521 2661
f 2661 8521 2662
f 2662 8521 2663
f 2663 8521 2664
f 2664 8521 2666
f 2666 8521 2668
f 2668 8521 2670
f 2670 8521 2672
f 2672 8521 2674
f 2674 8521 8522
f 2674 8522 2676
f 2676 8522 2678
f 2678 8522 2680
f 2680 8522 8518
f 2680 8518 2682
f 2682 8518 2684
f 2684 8518 2686
f 8508 8523 8524
f 8508 8524 8509
f 8509 8524 8525
f 8509 8525 8510
f 8510 8525 8526
f 8510 8526 8527
f 8510 8527 8507
f 8507 8527 8528
f 8507 8528 8529
f 8507 8529 8508
f 8508 8529 8523
f 8530 8531 8532
f 8530 8533 8531
f 8534 8533 8530
f 8535 8534 8530
f 8530 8532 8536
f 8537 8523 8538
f 8538 8523 8539
f 8540 8529 8541
f 8541 8528 8542
f 8542 8528 8543
f 8544 8526 8545
f 8546 8524 8537
f 8537 8524 8523
f 8539 8529 8540
f 8541 8529 8528
f 8527 8526 8544
f 8545 8525 8547
f 8547 8525 8546
f 8539 8523 8529
f 8546 8525 8524
f 8543 8528 8527
f 8545 8526 8525
f 8532 8538 8536
f 8530 8542 8535
f 8536 8541 8530
f 8538 8539 8536
f 8531 8546 8532
f 8532 8537 8538
f 8539 8540 8536
f 8536 8540 8541
f 8530 8541 8542
f 8542 8543 8535
f 8535 8543 8527
f 8535 8527 8534
f 8534 8527 8544
f 8534 8544 8533
f 8533 8544 8545
f 8533 8545 8531
f 8531 8545 8547
f 8531 8547 8546
f 8546 8537 8532
f 8511 8548 8517
f 8517 8549 8516
f 8516 8550 8515
f 8515 8551 8514
f 8513 8552 8511
f 8512 8514 8553
f 8512 8554 8513
f 8549 8555 8516
f 8516 8555 8550
f 8511 8552 8556
f 8511 8556 8548
f 8548 8556 8557
f 8548 8557 8517
f 8515 8550 8551
f 8514 8558 8553
f 8553 8559 8512
f 8512 8559 8554
f 8513 8554 8552
f 8557 8549 8517
f 8551 8558 8514
f 8555 8522 8550
f 8550 8521 8551
f 8551 8520 8558
f 8558 8560 8553
f 8553 8560 8559
f 8554 8559 8519
f 8554 8519 8552
f 8557 8518 8549
f 8549 8518 8555
f 8550 8522 8521
f 8521 8520 8551
f 8558 8520 8560
f 8519 8506 8552
f 8552 8506 8556
f 8556 8518 8557
f 8518 8522 8555
f 8560 8519 8559
f 8556 8506 8518
f 8560 8520 8519
f 8561 8562 8563
f 8561 8563 8564
f 8564 8563 8565
f 8564 8565 8566
f 2671 2673 8567
f 8568 8569 2665
f 8568 2665 2667
f 2646 2576 8570
f 8570 2576 2578
f 8570 2578 2580
f 2580 2582 8570
f 8570 2582 2584
f 8570 2584 2586
f 8568 2667 2669
f 8568 2669 8571
f 8571 2669 2671
f 8571 2671 8567
f 8572 8573 2705
f 2705 8573 2703
f 8574 2604 2606
f 8567 2681 2683
f 2693 2695 8575
f 2697 8576 2695
f 2695 8576 8575
f 8577 8576 2699
f 2699 8576 2697
f 2703 8573 2701
f 2701 8573 8577
f 2701 8577 2699
f 2618 8578 2616
f 2616 8578 2614
f 8579 2626 2628
f 8574 2606 8580
f 2673 2675 8567
f 8567 2675 2677
f 8567 2677 2679
f 8567 2679 2681
f 2683 2685 8567
f 8567 2685 2687
f 8567 2687 8575
f 8575 2687 2689
f 8575 2689 2691
f 8575 2691 2693
f 8578 2622 8579
f 8579 2622 2624
f 8579 2624 2626
f 8574 2594 2596
f 2596 2598 8574
f 8574 2598 2600
f 8574 2600 2602
f 8574 2602 2604
f 2614 8567 2612
f 2612 8567 8580
f 2612 8580 2610
f 2610 8580 2608
f 2608 8580 2606
f 2614 8578 8567
f 8567 8578 8571
f 2622 8578 2620
f 2620 8578 2618
f 8569 8568 8581
f 8581 8568 8579
f 2628 2630 8579
f 8579 2630 2632
f 8579 2632 8582
f 8582 2632 2634
f 8582 2634 2636
f 2636 2638 8582
f 8582 2638 2640
f 8582 2640 2642
f 2564 2566 8581
f 8581 2566 2568
f 8581 2568 2570
f 2646 8570 2644
f 2644 8570 8582
f 2644 8582 2642
f 2570 2572 8581
f 8581 2572 2574
f 8581 2574 8583
f 8583 2574 2504
f 8583 2504 2506
f 2506 2508 8583
f 8583 2508 2510
f 8583 2510 2512
f 8584 2542 2544
f 8584 2544 2546
f 8584 2546 8585
f 8585 2546 2548
f 2586 2588 8574
f 8574 2588 2590
f 8574 2590 2592
f 8574 2592 2594
f 8586 2556 8587
f 2520 2522 8588
f 8588 2522 2524
f 8588 2524 2526
f 2526 2528 8588
f 8588 2528 2530
f 8588 2530 8584
f 8584 2530 2532
f 8584 2532 2534
f 2534 2536 8584
f 8584 2536 2538
f 8584 2538 2540
f 8584 2540 2542
f 2556 8586 2554
f 2554 8586 2552
f 2552 8586 8589
f 2512 2514 8583
f 8583 2514 2516
f 8583 2516 8588
f 8588 2516 2518
f 8588 2518 2520
f 2552 8589 2550
f 8585 2548 8574
f 8574 2548 2550
f 8574 2550 2586
f 2586 2550 8589
f 2586 8589 8570
f 2556 2558 8587
f 8587 2558 2560
f 8587 2560 8581
f 8581 2560 2562
f 8581 2562 2564
f 8579 8582 8581
f 8581 8582 8587
f 8590 8591 8592
f 8591 8593 8594
f 8595 8596 8591
f 8591 8596 8592
f 8597 8598 8599
f 8595 8598 8597
f 8600 8601 8602
f 8603 8604 8605
f 8606 8607 8608
f 8600 8602 8609
f 8610 8611 8597
f 8610 8597 8599
f 8595 8612 8598
f 8595 8594 8612
f 8603 8613 8604
f 8614 8593 8608
f 8595 8591 8594
f 8593 8591 8608
f 8608 8591 8615
f 8609 8602 8614
f 8609 8614 8608
f 8603 8605 8616
f 8603 8616 8600
f 8600 8616 8601
f 8617 8606 8592
f 8592 8606 8590
f 8608 8615 8606
f 8613 8603 8607
f 8618 8619 8620
f 8618 8620 8617
f 8617 8620 8621
f 8617 8621 8622
f 8616 8622 8623
f 8616 8623 8624
f 8624 8623 8619
f 8624 8619 8618
f 8616 8605 8625
f 8616 8625 8622
f 8622 8625 8626
f 8622 8626 8617
f 8617 8626 8627
f 8617 8627 8613
f 8617 8613 8606
f 8606 8613 8607
f 8628 8629 8630
f 8630 8629 8631
f 2504 8620 2506
f 2506 8620 2508
f 2508 8620 8619
f 2508 8619 2510
f 2510 8619 2512
f 2512 8619 2514
f 2514 8619 2516
f 2516 8619 2518
f 2518 8619 2520
f 2520 8619 2522
f 2522 8619 2524
f 2524 8619 8623
f 2524 8623 2526
f 2526 8623 2528
f 2528 8623 2530
f 2530 8623 2532
f 2532 8623 2534
f 2534 8623 8622
f 2534 8622 2536
f 2536 8622 2538
f 2538 8622 2540
f 2540 8622 2542
f 2542 8622 2544
f 2544 8622 2546
f 2546 8622 8621
f 2546 8621 2548
f 2548 8621 2550
f 2550 8621 2552
f 2552 8621 2554
f 2554 8621 2556
f 2556 8621 2558
f 2558 8621 2560
f 2560 8621 2562
f 2562 8621 2564
f 2564 8621 8620
f 2564 8620 2566
f 2566 8620 2568
f 2568 8620 2570
f 2570 8620 2572
f 2572 8620 2574
f 2574 8620 2504
f 2576 8603 2578
f 2578 8603 2580
f 2580 8603 2582
f 2582 8603 2584
f 2584 8603 2586
f 2586 8603 8600
f 2586 8600 2588
f 2588 8600 2590
f 2590 8600 2592
f 2592 8600 2594
f 2594 8600 2596
f 2596 8600 8609
f 2596 8609 2598
f 2598 8609 2600
f 2600 8609 2602
f 2602 8609 2604
f 2604 8609 2606
f 2606 8609 2608
f 2608 8609 2610
f 2610 8609 8608
f 2610 8608 2612
f 2612 8608 2614
f 2614 8608 2616
f 2616 8608 2618
f 2618 8608 2620
f 2620 8608 2622
f 2622 8608 2624
f 2624 8608 2626
f 2626 8608 2628
f 2628 8608 8607
f 2628 8607 2630
f 2630 8607 2632
f 2632 8607 2634
f 2634 8607 2636
f 2636 8607 2638
f 2638 8607 2640
f 2640 8607 8603
f 2640 8603 2642
f 2642 8603 2644
f 2644 8603 2646
f 2646 8603 2576
f 8611 8632 8572
f 8611 8633 8632
f 8632 8633 8569
f 8569 8633 8592
f 8592 2665 8569
f 2665 8592 2667
f 2667 8592 2669
f 2669 8592 8596
f 2669 8596 2671
f 2671 8596 2673
f 2673 8596 2675
f 2675 8596 2677
f 2677 8596 2679
f 2679 8596 8595
f 2679 8595 2681
f 2681 8595 2683
f 2683 8595 2685
f 2685 8595 2687
f 2687 8595 2689
f 2689 8595 2691
f 2691 8595 2693
f 2693 8595 2695
f 2695 8595 8597
f 2695 8597 2697
f 2697 8597 2699
f 2699 8597 2701
f 2701 8597 2703
f 2703 8597 2705
f 2705 8597 8611
f 2705 8611 8572
f 8631 8581 8583
f 8630 8631 8617
f 8617 8631 8583
f 8617 8583 8618
f 8629 8628 8573
f 8573 8628 8610
f 8573 8610 8577
f 8577 8610 8634
f 8635 8636 8583
f 8583 8636 8618
f 8637 8638 8639
f 8640 8641 8639
f 8638 8585 8639
f 8639 8585 8640
f 8641 8640 8580
f 8641 8580 8642
f 8580 8643 8642
f 8642 8643 8644
f 8644 8643 8645
f 8645 8646 8644
f 8646 8647 8648
f 8646 8648 8649
f 8649 8648 8650
f 8645 8651 8646
f 8646 8651 8652
f 8646 8652 8647
f 8647 8652 8594
f 8647 8594 8653
f 8653 8594 8654
f 8654 8594 8593
f 8654 8593 8655
f 8655 8593 8614
f 8655 8614 8656
f 8655 8656 8657
f 8657 8656 8658
f 8657 8658 8601
f 8657 8601 8659
f 8659 8601 8660
f 8652 8651 8612
f 8612 8651 8576
f 8612 8576 8598
f 8598 8576 8661
f 8598 8661 8634
f 8628 8611 8610
f 8633 8628 8630
f 8628 8633 8611
f 8630 8617 8592
f 8630 8592 8633
f 8573 8572 8629
f 8629 8572 8632
f 8632 8631 8629
f 8632 8569 8631
f 8631 8569 8581
f 8577 8634 8661
f 8638 8637 8662
f 8662 8637 8562
f 8662 8562 8663
f 8562 8561 8659
f 8562 8659 8663
f 8663 8659 8660
f 8636 8635 8664
f 8636 8664 8665
f 8665 8664 8663
f 8663 8664 8662
f 8610 8599 8634
f 8634 8599 8598
f 8602 8658 8656
f 8601 8658 8602
f 8594 8652 8612
f 8616 8660 8601
f 8602 8656 8614
f 8663 8660 8624
f 8624 8660 8616
f 8663 8624 8665
f 8665 8624 8636
f 8575 8576 8651
f 8576 8577 8661
f 8624 8618 8636
f 8645 8575 8651
f 8643 8567 8645
f 8640 8574 8580
f 8638 8584 8585
f 8585 8574 8640
f 8580 8567 8643
f 8645 8567 8575
f 8662 8584 8638
f 8588 8584 8662
f 8635 8588 8664
f 8664 8588 8662
f 8583 8588 8635
f 8589 8605 8570
f 8570 8605 8604
f 8627 8626 8587
f 8587 8626 8586
f 8587 8582 8627
f 8627 8582 8613
f 8582 8570 8613
f 8613 8570 8604
f 8586 8626 8625
f 8586 8625 8589
f 8589 8625 8605
f 8571 8591 8568
f 8568 8591 8590
f 8615 8591 8578
f 8578 8591 8571
f 8579 8606 8578
f 8578 8606 8615
f 8590 8606 8568
f 8568 8606 8579
f 8666 8650 8648
f 8666 8648 8647
f 8650 8667 8649
f 8649 8667 8668
f 8649 8668 8646
f 8646 8668 8644
f 8669 8641 8642
f 8669 8642 8670
f 8670 8642 8644
f 8641 8669 8671
f 8641 8671 8639
f 8639 8671 8637
f 8637 8563 8562
f 8563 8672 8565
f 8565 8672 8673
f 8565 8673 8566
f 8674 8659 8561
f 8674 8561 8675
f 8675 8561 8564
f 8675 8564 8566
f 8675 8566 8673
f 8676 8659 8674
f 8659 8676 8657
f 8657 8676 8677
f 8657 8677 8655
f 8655 8677 8678
f 8655 8678 8679
f 8655 8679 8654
f 8654 8679 8653
f 8650 8678 8669
f 8650 8669 8667
f 8669 8670 8667
f 8667 8670 8668
f 8670 8644 8668
f 8669 8673 8671
f 8671 8673 8672
f 8671 8672 8563
f 8671 8563 8637
f 8673 8669 8678
f 8673 8678 8675
f 8678 8677 8675
f 8675 8677 8676
f 8675 8676 8674
f 8647 8653 8666
f 8666 8653 8679
f 8666 8679 8678
f 8666 8678 8650
f 2539 8680 2537
f 2537 8680 2535
f 2535 8680 2533
f 2533 8680 2531
f 2531 8680 2529
f 2529 8680 8681
f 2529 8681 2527
f 2527 8681 2525
f 2525 8681 2523
f 2523 8681 2521
f 2521 8681 2519
f 2519 8681 2517
f 2517 8681 8682
f 2517 8682 2515
f 2515 8682 2513
f 2513 8682 2511
f 2511 8682 2509
f 2509 8682 2507
f 2507 8682 8683
f 2507 8683 2505
f 2505 8683 2503
f 2503 8683 2573
f 2573 8683 2571
f 2571 8683 2569
f 2569 8683 2567
f 2567 8683 2565
f 2565 8683 2563
f 2563 8683 8684
f 2563 8684 2561
f 2561 8684 2559
f 2559 8684 2557
f 2557 8684 2555
f 2555 8684 2553
f 2553 8684 2551
f 2551 8684 2549
f 2549 8684 2547
f 2547 8684 2545
f 2545 8684 8680
f 2545 8680 2543
f 2543 8680 2541
f 2541 8680 2539
f 8685 8686 8687
f 8687 8688 8685
f 8687 8689 8688
f 8690 8689 8687
f 8687 8691 8690
f 2523 8692 2525
f 2525 8692 2527
f 2527 8692 2529
f 2529 8692 2531
f 2531 8692 8693
f 2531 8693 2533
f 2533 8693 2535
f 2535 8693 2537
f 2537 8693 2539
f 2539 8693 2541
f 2541 8693 8694
f 2541 8694 2543
f 2543 8694 2545
f 2545 8694 2547
f 2547 8694 2549
f 2549 8694 2551
f 2551 8694 8695
f 2551 8695 2553
f 2553 8695 2555
f 2555 8695 2557
f 2557 8695 2559
f 2559 8695 2561
f 2561 8695 2563
f 2563 8695 2565
f 2565 8695 2567
f 2567 8695 2569
f 2569 8695 2571
f 2571 8695 8696
f 2571 8696 2573
f 2573 8696 2503
f 2503 8696 2505
f 2505 8696 2507
f 2507 8696 2509
f 2509 8696 2511
f 2511 8696 2513
f 2513 8696 2515
f 2515 8696 8697
f 2515 8697 2517
f 2517 8697 2519
f 2519 8697 8692
f 2519 8692 2521
f 2521 8692 2523
f 8682 8698 8683
f 8683 8698 8699
f 8683 8699 8684
f 8684 8699 8700
f 8684 8700 8680
f 8680 8700 8701
f 8680 8701 8681
f 8681 8701 8702
f 8681 8702 8682
f 8682 8702 8703
f 8682 8703 8698
f 8704 8705 8706
f 8704 8707 8705
f 8704 8708 8707
f 8704 8709 8710
f 8704 8706 8709
f 8711 8698 8712
f 8712 8698 8703
f 8713 8700 8714
f 8714 8700 8715
f 8716 8698 8711
f 8712 8703 8717
f 8702 8701 8718
f 8718 8701 8713
f 8715 8700 8719
f 8719 8699 8720
f 8720 8699 8716
f 8713 8701 8700
f 8717 8703 8702
f 8719 8700 8699
f 8716 8699 8698
f 8704 8721 8708
f 8709 8722 8710
f 8704 8714 8721
f 8707 8723 8705
f 8706 8712 8709
f 8710 8713 8704
f 8704 8713 8714
f 8708 8720 8707
f 8705 8712 8706
f 8709 8712 8717
f 8709 8717 8722
f 8722 8717 8702
f 8722 8702 8718
f 8722 8718 8710
f 8710 8718 8713
f 8714 8715 8721
f 8721 8715 8719
f 8721 8719 8708
f 8708 8719 8720
f 8707 8720 8723
f 8723 8720 8716
f 8723 8716 8711
f 8723 8711 8705
f 8705 8711 8712
f 8690 8724 8689
f 8687 8725 8691
f 8690 8726 8724
f 8724 8727 8689
f 8688 8728 8685
f 8687 8729 8725
f 8691 8730 8690
f 8689 8731 8688
f 8688 8731 8728
f 8685 8732 8686
f 8686 8733 8687
f 8687 8733 8729
f 8691 8725 8730
f 8730 8726 8690
f 8727 8734 8689
f 8689 8734 8731
f 8726 8697 8724
f 8724 8696 8727
f 8727 8696 8734
f 8728 8731 8695
f 8728 8695 8685
f 8685 8695 8732
f 8732 8694 8686
f 8686 8694 8733
f 8729 8693 8725
f 8730 8697 8726
f 8697 8696 8724
f 8733 8693 8729
f 8693 8692 8725
f 8725 8692 8730
f 8730 8692 8697
f 8731 8734 8695
f 8695 8694 8732
f 8733 8694 8693
f 8734 8696 8695
f 2611 8735 2609
f 2609 8735 8736
f 2609 8736 2607
f 2607 8736 2605
f 2605 8736 2603
f 2603 8736 2601
f 2601 8736 2599
f 2599 8736 2597
f 2597 8736 2595
f 2595 8736 8737
f 2595 8737 2593
f 2593 8737 2591
f 2591 8737 2589
f 2589 8737 2587
f 2587 8737 2585
f 2585 8737 8738
f 2585 8738 2583
f 2583 8738 2581
f 2581 8738 2579
f 2579 8738 2577
f 2577 8738 2575
f 2575 8738 2645
f 2645 8738 2643
f 2643 8738 2641
f 2641 8738 2639
f 2639 8738 8739
f 2639 8739 2637
f 2637 8739 2635
f 2635 8739 2633
f 2633 8739 2631
f 2631 8739 2629
f 2629 8739 2627
f 2627 8739 2625
f 2625 8739 2623
f 2623 8739 2621
f 2621 8739 8735
f 2621 8735 2619
f 2619 8735 2617
f 2617 8735 2615
f 2615 8735 2613
f 2613 8735 2611
f 8740 8741 8742
f 8740 8743 8741
f 8744 8743 8740
f 8745 8744 8740
f 8740 8746 8745
f 8740 8747 8746
f 2595 8748 2597
f 2597 8748 2599
f 2599 8748 8749
f 2599 8749 2601
f 2601 8749 2603
f 2603 8749 8750
f 2603 8750 2605
f 2605 8750 2607
f 2607 8750 2609
f 2609 8750 2611
f 2611 8750 2613
f 2613 8750 8751
f 2613 8751 2615
f 2615 8751 2617
f 2617 8751 2619
f 2619 8751 8752
f 2619 8752 2621
f 2621 8752 2623
f 2623 8752 2625
f 2625 8752 2627
f 2627 8752 2629
f 2629 8752 2631
f 2631 8752 2633
f 2633 8752 2635
f 2635 8752 2637
f 2637 8752 2639
f 2639 8752 8753
f 2639 8753 2641
f 2641 8753 2643
f 2643 8753 2645
f 2645 8753 8754
f 2645 8754 2575
f 2575 8754 2577
f 2577 8754 2579
f 2579 8754 2581
f 2581 8754 2583
f 2583 8754 2585
f 2585 8754 2587
f 2587 8754 8748
f 2587 8748 2589
f 2589 8748 2591
f 2591 8748 2593
f 2593 8748 2595
f 8738 8755 8756
f 8738 8756 8757
f 8738 8757 8739
f 8739 8757 8758
f 8739 8758 8735
f 8735 8758 8759
f 8735 8759 8736
f 8736 8759 8760
f 8736 8760 8737
f 8737 8760 8755
f 8737 8755 8738
f 8761 8762 8763
f 8761 8764 8762
f 8765 8764 8761
f 8761 8766 8765
f 8761 8763 8767
f 8768 8759 8769
f 8770 8757 8771
f 8772 8756 8773
f 8774 8756 8775
f 8775 8756 8755
f 8775 8755 8776
f 8777 8776 8760
f 8760 8759 8768
f 8769 8758 8778
f 8778 8779 8780
f 8780 8779 8770
f 8771 8757 8772
f 8773 8756 8774
f 8769 8759 8758
f 8778 8758 8779
f 8779 8757 8770
f 8776 8755 8760
f 8757 8756 8772
f 8779 8758 8757
f 8762 8773 8763
f 8763 8775 8767
f 8767 8777 8761
f 8774 8775 8763
f 8761 8768 8766
f 8765 8780 8764
f 8764 8780 8770
f 8773 8774 8763
f 8775 8776 8767
f 8767 8776 8777
f 8764 8771 8762
f 8765 8778 8780
f 8762 8772 8773
f 8761 8777 8760
f 8761 8760 8768
f 8768 8769 8766
f 8766 8769 8765
f 8765 8769 8778
f 8762 8771 8772
f 8764 8770 8771
f 8742 8781 8782
f 8742 8782 8740
f 8747 8783 8746
f 8744 8784 8743
f 8782 8785 8740
f 8740 8785 8747
f 8747 8785 8786
f 8746 8783 8787
f 8746 8787 8745
f 8745 8787 8788
f 8745 8788 8744
f 8743 8784 8789
f 8743 8789 8790
f 8743 8790 8741
f 8741 8790 8791
f 8741 8791 8742
f 8742 8791 8781
f 8747 8786 8783
f 8788 8784 8744
f 8782 8749 8785
f 8786 8754 8783
f 8788 8787 8753
f 8788 8753 8784
f 8790 8751 8791
f 8791 8750 8781
f 8781 8750 8782
f 8782 8750 8749
f 8753 8752 8784
f 8784 8752 8789
f 8785 8749 8748
f 8785 8748 8786
f 8786 8748 8754
f 8783 8754 8787
f 8787 8754 8753
f 8789 8752 8790
f 8790 8752 8751
f 8791 8751 8750
f 2729 8792 2728
f 2728 8792 2726
f 2726 8792 2725
f 2725 8792 2724
f 2724 8792 8793
f 2724 8793 2723
f 2723 8793 2722
f 2722 8793 2721
f 2721 8793 2720
f 2720 8793 8794
f 2720 8794 2718
f 2718 8794 2717
f 2717 8794 2716
f 2716 8794 2715
f 2715 8794 2714
f 2714 8794 2713
f 2713 8794 2712
f 2712 8794 8795
f 2712 8795 2711
f 2711 8795 2709
f 2709 8795 2707
f 2707 8795 2747
f 2747 8795 2746
f 2746 8795 2745
f 2745 8795 2744
f 2744 8795 8796
f 2744 8796 2743
f 2743 8796 2742
f 2742 8796 2741
f 2741 8796 2740
f 2740 8796 2739
f 2739 8796 2737
f 2737 8796 2736
f 2736 8796 2735
f 2735 8796 2734
f 2734 8796 8792
f 2734 8792 2733
f 2733 8792 2732
f 2732 8792 2731
f 2731 8792 2730
f 2730 8792 2729
f 8797 8798 8799
f 8797 8800 8798
f 8797 8801 8802
f 8797 8803 8801
f 8797 8799 8803
f 2720 8804 2721
f 2721 8804 2722
f 2722 8804 2723
f 2723 8804 2724
f 2724 8804 2725
f 2725 8804 2726
f 2726 8804 2728
f 2728 8804 2729
f 2729 8804 8805
f 2729 8805 2730
f 2730 8805 2731
f 2731 8805 2732
f 2732 8805 2733
f 2733 8805 2734
f 2734 8805 8806
f 2734 8806 2735
f 2735 8806 2736
f 2736 8806 2737
f 2737 8806 2739
f 2739 8806 8807
f 2739 8807 2740
f 2740 8807 2741
f 2741 8807 2742
f 2742 8807 2743
f 2743 8807 2744
f 2744 8807 2745
f 2745 8807 8808
f 2745 8808 2746
f 2746 8808 2747
f 2747 8808 8809
f 2747 8809 2707
f 2707 8809 2709
f 2709 8809 2711
f 2711 8809 2712
f 2712 8809 2713
f 2713 8809 2714
f 2714 8809 2715
f 2715 8809 2716
f 2716 8809 2717
f 2717 8809 8804
f 2717 8804 2718
f 2718 8804 2720
f 8794 8810 8795
f 8795 8810 8811
f 8795 8811 8812
f 8795 8812 8796
f 8796 8812 8813
f 8796 8813 8792
f 8792 8813 8814
f 8792 8814 8793
f 8793 8814 8810
f 8793 8810 8794
f 8815 8816 8817
f 8815 8818 8816
f 8815 8819 8818
f 8815 8820 8819
f 8821 8820 8815
f 8815 8822 8821
f 8823 8810 8824
f 8825 8824 8810
f 8825 8810 8826
f 8827 8826 8814
f 8828 8829 8812
f 8828 8812 8830
f 8831 8810 8823
f 8832 8813 8833
f 8833 8813 8834
f 8834 8813 8829
f 8812 8811 8830
f 8830 8811 8831
f 8811 8810 8831
f 8827 8814 8832
f 8826 8810 8814
f 8832 8814 8813
f 8813 8812 8829
f 8820 8835 8819
f 8815 8823 8822
f 8822 8825 8821
f 8818 8828 8816
f 8815 8831 8823
f 8820 8827 8835
f 8823 8824 8822
f 8822 8824 8825
f 8825 8826 8821
f 8821 8826 8827
f 8821 8827 8820
f 8827 8832 8835
f 8835 8832 8819
f 8819 8832 8833
f 8819 8833 8834
f 8819 8834 8818
f 8818 8834 8829
f 8818 8829 8828
f 8816 8828 8830
f 8816 8830 8817
f 8817 8830 8831
f 8817 8831 8815
f 8798 8836 8799
f 8799 8837 8803
f 8802 8838 8797
f 8797 8839 8800
f 8798 8840 8836
f 8836 8841 8799
f 8837 8842 8803
f 8803 8842 8843
f 8803 8843 8801
f 8838 8844 8797
f 8797 8844 8839
f 8800 8845 8798
f 8798 8845 8840
f 8836 8840 8841
f 8799 8841 8837
f 8801 8843 8846
f 8801 8846 8802
f 8839 8845 8800
f 8838 8808 8844
f 8840 8805 8841
f 8802 8846 8808
f 8802 8808 8838
f 8844 8807 8839
f 8839 8807 8845
f 8845 8805 8840
f 8841 8804 8837
f 8837 8804 8842
f 8843 8809 8846
f 8805 8804 8841
f 8842 8809 8843
f 8846 8809 8808
f 8844 8808 8807
f 8807 8806 8845
f 8845 8806 8805
f 8842 8804 8809

