# https://github.com/mikedh/trimesh

o L5
v 0.03370180 0.03272366 -0.09623408
v 0.03370025 0.03381144 -0.09635762
v 0.02611312 0.03370399 -0.09640939
v 0.02629566 0.03271658 -0.09624430
v 0.02630175 0.03184773 -0.09691086
v 0.03370597 0.03162004 -0.09729442
v 0.02628733 0.03167197 -0.09832630
v 0.03370024 0.03189062 -0.09858433
v 0.03388633 0.03276755 -0.09913260
v 0.02629775 0.03284298 -0.09922383
v 0.02612716 0.03388678 -0.09896459
v 0.03370597 0.03426012 -0.09883992
v 0.02629795 0.03461897 -0.09818161
v 0.03370344 0.03462959 -0.09724458
v 0.02629566 0.03446420 -0.09693661
v 0.03400075 0.03294334 -0.09647287
v 0.03400673 0.03185322 -0.09759592
v 0.03400167 0.03398571 -0.09864230
v 0.03400673 0.03432782 -0.09720128
v 0.02599135 0.03241556 -0.09879240
v 0.02599969 0.03438648 -0.09760009
v 0.02598172 0.03207318 -0.09693796
v 0.02630153 -0.03364240 -0.07082060
v 0.02629954 -0.03444358 -0.07149120
v 0.03370180 -0.03374051 -0.07085277
v 0.03387389 -0.03459084 -0.07191513
v 0.02629795 -0.03466184 -0.07256552
v 0.03389765 -0.03424491 -0.07324056
v 0.02628733 -0.03365243 -0.07378326
v 0.03389439 -0.03315257 -0.07373223
v 0.02630128 -0.03225055 -0.07351775
v 0.03370502 -0.03199035 -0.07333718
v 0.02629359 -0.03156111 -0.07232866
v 0.03370344 -0.03164415 -0.07183440
v 0.02629378 -0.03233570 -0.07095087
v 0.03393097 -0.03272267 -0.07088943
v 0.03400211 -0.03186628 -0.07252776
v 0.02601762 -0.03447808 -0.07276309
v 0.02599793 -0.03197514 -0.07272170
v 0.02598723 -0.03328287 -0.07358018
v 0.02599436 -0.03225704 -0.07135641
v 0.02599135 -0.03389684 -0.07122729
v 0.00740828 0.01787665 -0.11396534
v 0.01049995 0.01815932 -0.11385991
v 0.00750000 0.01393852 -0.11606438
v 0.02999992 0.01770226 -0.11407799
v 0.03000000 0.00957625 -0.11775606
v 0.00750000 0.00699933 -0.11831807
v 0.03000000 -0.00138414 -0.11909910
v 0.00750000 -0.00359405 -0.11900862
v 0.02999996 -0.01058950 -0.11735923
v 0.01049996 -0.01794330 -0.11393766
v 0.00744249 -0.01785207 -0.11397850
v 0.02999989 -0.01738898 -0.11426963
v 0.00750000 -0.01232931 -0.11669733
v 0.03000000 -0.02185084 -0.11119348
v 0.02526679 -0.02172765 -0.11120567
v 0.01049995 -0.02271616 -0.11041014
v 0.00741778 -0.02290948 -0.11014932
v 0.00750004 -0.02618143 -0.10677619
v 0.02515954 -0.02404639 -0.10908075
v 0.02519309 -0.02704447 -0.10567070
v 0.02536193 -0.02936952 -0.10233545
v 0.00750010 -0.03090836 -0.09941523
v 0.02518651 -0.03164844 -0.09754971
v 0.00749991 -0.03375666 -0.08994939
v 0.02524335 -0.03261752 -0.09472796
v 0.03000000 -0.03264419 -0.09486803
v 0.03000000 -0.03395226 -0.08807548
v 0.02514233 -0.03391383 -0.08814349
v 0.00750004 0.02601390 -0.10694886
v 0.01049997 0.02271567 -0.11041068
v 0.00746302 0.02296669 -0.11009658
v 0.03000000 0.02184313 -0.11119460
v 0.02518997 0.02165053 -0.11124591
v 0.02516520 0.02406598 -0.10906400
v 0.02520308 0.02703638 -0.10568614
v 0.00750002 0.03000159 -0.10110110
v 0.02514781 0.03018323 -0.10079558
v 0.00749992 0.03332933 -0.09248676
v 0.02535326 0.03261642 -0.09502098
v 0.02514498 0.03391343 -0.08815581
v 0.00750000 0.03400000 -0.08500000
v 0.03000000 0.03385780 -0.08828723
v 0.03000000 0.03265192 -0.09488068
v 0.02520975 0.03262461 -0.09466110
v 0.01200000 -0.01880996 -0.08468834
v 0.00810000 -0.01879685 -0.08473387
v 0.00810000 -0.01757945 -0.08365583
v 0.01200000 -0.01764912 -0.08370459
v 0.01200000 -0.01653638 -0.08414695
v 0.00810000 -0.01610349 -0.08491804
v 0.01200000 -0.01624383 -0.08541796
v 0.00810000 -0.01709200 -0.08622058
v 0.01200000 -0.01782322 -0.08636107
v 0.00810000 -0.01827685 -0.08604731
v 0.01106556 -0.01897079 -0.04700000
v 0.00961545 -0.01799181 -0.04700004
v 0.00753163 -0.03292951 -0.04700000
v 0.01078924 0.01891437 -0.04700000
v 0.02697775 0.01885283 -0.04699999
v 0.01706257 0.02687609 -0.04700000
v 0.01433443 -0.02913735 -0.04700000
v 0.01563538 -0.02736693 -0.04700000
v 0.00955530 0.01774251 -0.04700001
v 0.01995893 0.02838208 -0.04700000
v 0.00834163 -0.03391391 -0.04700000
v 0.01444415 0.02860308 -0.04700000
v 0.01796679 -0.02703018 -0.04700000
v 0.02659899 -0.01893456 -0.04700001
v 0.02995632 0.03312853 -0.04700000
v 0.02054243 0.03365768 -0.04700000
v 0.02890897 0.03396704 -0.04700000
v 0.02798114 0.01745599 -0.04700001
v 0.01395757 -0.03365768 -0.04700000
v 0.02999555 -0.03274464 -0.04700000
v 0.02792366 -0.01784316 -0.04700003
v 0.02934987 -0.03383910 -0.04700000
v 0.02005585 -0.02860309 -0.04700000
v 0.02059231 -0.03370757 -0.04700000
v 0.00750000 -0.01195000 -0.04700000
v 0.00751376 0.03277691 -0.04700000
v 0.01390769 0.03370757 -0.04700000
v 0.03000000 -0.00000000 -0.04700000
v 0.00815014 0.03383910 -0.04700000
v 0.02054243 -0.03365768 -0.05100000
v 0.02915837 -0.03391391 -0.05100000
v 0.01390769 -0.03370757 -0.05100000
v 0.00782369 -0.03367631 -0.05100000
v 0.03000000 -0.02355497 -0.05101037
v 0.01706256 -0.02687609 -0.05100000
v 0.00750000 -0.02335385 -0.05103182
v 0.01479195 -0.02818572 -0.05100000
v 0.02997648 -0.03291180 -0.05100000
v 0.02017438 -0.02908766 -0.05100000
v 0.01924762 -0.02772323 -0.05100000
v 0.01419124 -0.02992515 -0.05100000
v 0.01395757 0.03365768 -0.05100000
v 0.00784231 0.03370757 -0.05100000
v 0.00749983 0.03399064 -0.06772143
v 0.02536133 0.03404153 -0.07452669
v 0.02542083 0.03408410 -0.08196571
v 0.02579691 0.03401054 -0.06807313
v 0.02545001 0.03408505 -0.06904347
v 0.03000000 0.03406494 -0.07465322
v 0.03000000 0.03407254 -0.08196276
v 0.00750000 -0.03398295 -0.06755400
v 0.02539806 -0.03408296 -0.08196716
v 0.02535079 -0.03404495 -0.07445284
v 0.03000000 -0.03405704 -0.08195649
v 0.03000000 -0.03406870 -0.07465600
v 0.02543416 -0.03408317 -0.06916288
v 0.02574771 -0.03401304 -0.06809898
v 0.02557664 -0.02853013 -0.10996714
v 0.02550000 -0.02654100 -0.11042559
v 0.02550000 -0.02548953 -0.11162617
v 0.02552074 -0.02496306 -0.11299516
v 0.02550000 -0.02433977 -0.11019081
v 0.02550000 -0.02571139 -0.10938168
v 0.02547806 -0.02503481 -0.10852440
v 0.02550000 -0.02777762 -0.10901259
v 0.02550904 -0.02234139 -0.11113538
v 0.02552494 -0.02382748 -0.11277347
v 0.02551127 -0.03274770 -0.10372011
v 0.02550000 -0.02885461 -0.10673322
v 0.02550000 -0.02928721 -0.10796720
v 0.02550000 -0.02663308 -0.10757609
v 0.02550000 -0.02771112 -0.10635868
v 0.02547121 -0.03137526 -0.09896450
v 0.02550229 -0.03532034 -0.09663546
v 0.02552597 -0.03277874 -0.09526420
v 0.00700000 -0.00092171 -0.07606672
v 0.00700000 -0.00060226 -0.07534429
v 0.00700000 -0.00468953 -0.07727595
v 0.00700000 -0.00600178 -0.07751834
v 0.00700000 -0.00835403 -0.08135557
v 0.00700000 -0.00893853 -0.08152161
v 0.00700000 -0.00874216 -0.08757807
v 0.00700000 -0.00950809 -0.08568307
v 0.00700000 -0.00841019 -0.08961143
v 0.00700000 -0.00565432 -0.09204851
v 0.00700000 -0.00558841 -0.09272270
v 0.00700000 -0.00056739 -0.09409670
v 0.00700000 -0.00108356 -0.09461360
v 0.00700000 0.00541260 -0.09233318
v 0.00700000 0.00389385 -0.09370105
v 0.00700000 0.00720979 -0.09132578
v 0.00700000 0.00885997 -0.08713841
v 0.00700000 0.00916830 -0.08761009
v 0.00700000 0.00940443 -0.08273019
v 0.00700000 0.00863751 -0.08254103
v 0.00700000 0.00679238 -0.07904045
v 0.00700000 0.00574520 -0.07721616
v 0.00700000 0.00290260 -0.07644269
v 0.00600000 -0.00885997 -0.08713841
v 0.00600000 -0.00863751 -0.08254104
v 0.00600000 -0.00679238 -0.07904045
v 0.00600000 -0.00290260 -0.07644269
v 0.00600000 0.00092171 -0.07606672
v 0.00600000 0.00468953 -0.07727595
v 0.00600000 0.00743576 -0.07996389
v 0.00600000 0.00909670 -0.08443260
v 0.00600000 0.00772405 -0.08968955
v 0.00600000 0.00434449 -0.09292327
v 0.00600000 -0.00102082 -0.09405702
v 0.00600000 -0.00595956 -0.09179238
v 0.01149627 -0.00949337 -0.08588069
v 0.01149290 -0.00903814 -0.08178660
v 0.01149290 -0.00622054 -0.07769804
v 0.01149627 -0.00251580 -0.07580379
v 0.01149627 0.00078120 -0.07549793
v 0.01149627 0.00398401 -0.07633817
v 0.01149627 0.00670625 -0.07822314
v 0.01149627 0.00861964 -0.08092552
v 0.01149627 0.00949337 -0.08411932
v 0.01149627 0.00922206 -0.08741935
v 0.01149627 0.00783843 -0.09042758
v 0.01149290 0.00485809 -0.09327120
v 0.01149627 0.00088070 -0.09449337
v 0.01149627 -0.00241934 -0.09422207
v 0.01149627 -0.00542755 -0.09283845
v 0.01149290 -0.00827121 -0.08985808
v 0.01400014 0.00264223 -0.05298868
v 0.01400000 0.00625577 -0.05297400
v 0.01400000 -0.00268791 -0.05256194
v 0.01400008 -0.00615849 -0.05354977
v 0.01400000 -0.01144173 -0.05444045
v 0.01399991 -0.01278778 -0.05562130
v 0.01399993 -0.01873514 -0.05899309
v 0.01400000 -0.01927682 -0.05877297
v 0.01399992 -0.02528140 -0.06515282
v 0.01400000 -0.02454561 -0.06362323
v 0.01400000 -0.02862620 -0.06950828
v 0.01400006 -0.03041440 -0.07466237
v 0.01400000 -0.03132109 -0.07614324
v 0.01400002 -0.03200599 -0.08331472
v 0.01400000 -0.03249981 -0.08320690
v 0.01400007 -0.03132606 -0.09211056
v 0.01400000 -0.03210532 -0.09035738
v 0.01400000 -0.02951032 -0.09892624
v 0.01400002 -0.02815346 -0.10031623
v 0.01400008 -0.02297036 -0.10745493
v 0.01400000 -0.02454559 -0.10637679
v 0.01400000 -0.01784758 -0.11231782
v 0.01400004 -0.01597269 -0.11278537
v 0.01400009 -0.00781935 -0.11615603
v 0.01400000 -0.00971640 -0.11606517
v 0.01400000 -0.00268790 -0.11743807
v 0.01400005 0.00093633 -0.11703532
v 0.01400000 0.00447079 -0.11724073
v 0.01400010 0.00964462 -0.11563984
v 0.01400000 0.01141300 -0.11548273
v 0.01400005 0.01756801 -0.11180463
v 0.01400000 0.01932538 -0.11129314
v 0.01400011 0.02425507 -0.10605916
v 0.01400000 0.02681566 -0.10359354
v 0.01400006 0.02900042 -0.09864125
v 0.01400000 0.03078564 -0.09556871
v 0.01400012 0.03168955 -0.09024852
v 0.01400000 0.03235169 -0.08858067
v 0.01400007 0.03185005 -0.08144095
v 0.01400000 0.03218621 -0.07962906
v 0.01400013 0.02974877 -0.07288542
v 0.01400000 0.02943613 -0.07110874
v 0.01400007 0.02527361 -0.06529412
v 0.01400000 0.02568593 -0.06500786
v 0.01400014 0.01900700 -0.05910670
v 0.01400000 0.02069233 -0.05987471
v 0.01400000 0.01469709 -0.05595782
v 0.01400008 0.01121738 -0.05497949
v 0.01152662 -0.01864241 -0.08732311
v 0.00923454 -0.01838407 -0.08744678
v 0.01150443 -0.01099765 -0.08772370
v 0.00931821 -0.01162279 -0.08757149
v 0.00920306 -0.01063584 -0.08830000
v 0.00911687 -0.00949019 -0.09078057
v 0.01150411 -0.00904828 -0.09131847
v 0.00919269 -0.00765890 -0.09300453
v 0.01149847 -0.00565495 -0.09456319
v 0.00909132 -0.00561712 -0.09458781
v 0.00932040 -0.00268820 -0.09571154
v 0.01149781 -0.00013483 -0.09610964
v 0.00924234 0.00084316 -0.09606491
v 0.00931624 0.00437526 -0.09513997
v 0.01149536 0.00459676 -0.09504203
v 0.00919692 0.00683949 -0.09371085
v 0.01150449 0.00845789 -0.09219769
v 0.00919668 0.00920108 -0.09122187
v 0.00928653 0.01068375 -0.08782130
v 0.01150371 0.01092113 -0.08702080
v 0.00912366 0.01110783 -0.08499727
v 0.00912033 0.01073879 -0.08215189
v 0.01150294 0.01047442 -0.08130497
v 0.00936581 0.00922538 -0.07888282
v 0.01150217 0.00723662 -0.07657327
v 0.00933957 0.00683841 -0.07633965
v 0.00934290 0.00297641 -0.07436880
v 0.01150141 0.00207026 -0.07408652
v 0.00912517 0.00433963 -0.07475764
v 0.00937334 0.00014649 -0.07397085
v 0.00910552 -0.00129989 -0.07394423
v 0.01150065 -0.00364811 -0.07450750
v 0.00932851 -0.00400396 -0.07471499
v 0.00928774 -0.00649847 -0.07606353
v 0.01149991 -0.00839495 -0.07772421
v 0.00909931 -0.00866677 -0.07803036
v 0.00930080 -0.01072592 -0.08189182
v 0.01147956 -0.01098579 -0.08225575
v 0.00906150 -0.01065221 -0.08138674
v 0.00909668 -0.01179416 -0.08235905
v 0.01148714 -0.01887208 -0.08273235
v 0.00933878 -0.01799709 -0.08251163
v 0.00937025 -0.01928770 -0.08317237
v 0.00920468 -0.02008633 -0.08473022
v 0.01150970 -0.02009318 -0.08525175
v 0.00934746 -0.01961632 -0.08643995
v 0.00906853 -0.03076851 -0.07631999
v 0.00906936 -0.03175130 -0.08131111
v 0.00906748 -0.02899533 -0.07154819
v 0.00910822 -0.02725466 -0.06831105
v 0.00905524 -0.02516198 -0.06529760
v 0.00906692 -0.02169522 -0.06152002
v 0.00911540 -0.01567630 -0.05711221
v 0.00903518 -0.01873860 -0.05916368
v 0.00904900 -0.01113896 -0.05505026
v 0.00904775 -0.00714904 -0.05387425
v 0.00907952 -0.00385740 -0.05326322
v 0.00907078 0.00121685 -0.05305229
v 0.00906747 0.00620498 -0.05364444
v 0.00904777 0.01016941 -0.05472606
v 0.00908325 0.01330536 -0.05592790
v 0.00907070 0.01773463 -0.05839896
v 0.00904732 0.02188683 -0.06171244
v 0.00912879 0.02516686 -0.06524104
v 0.00905320 0.02789659 -0.06941517
v 0.00907388 0.03001090 -0.07396671
v 0.00906406 0.03137231 -0.07889798
v 0.00904365 0.03183221 -0.08248363
v 0.00906723 0.03193404 -0.08633216
v 0.00906229 0.03138310 -0.09105059
v 0.00907084 0.02902186 -0.09841205
v 0.00907254 0.03042240 -0.09474910
v 0.00907976 0.02655405 -0.10280061
v 0.00904667 0.02372792 -0.10640544
v 0.00906871 0.01985481 -0.11005779
v 0.00906235 0.01570556 -0.11283561
v 0.00906535 0.01107943 -0.11498639
v 0.00906750 0.00620476 -0.11635568
v 0.00906946 0.00121650 -0.11694749
v 0.00911437 -0.00622301 -0.11637993
v 0.00904400 -0.00264303 -0.11681239
v 0.00905271 -0.01106703 -0.11497872
v 0.00906397 -0.01450606 -0.11345819
v 0.00906411 -0.01768544 -0.11162294
v 0.00904267 -0.02094788 -0.10910120
v 0.00907846 -0.02338992 -0.10679424
v 0.00906743 -0.02652013 -0.10284788
v 0.00906581 -0.02899421 -0.09845201
v 0.00904776 -0.03046611 -0.09457719
v 0.00907872 -0.03133200 -0.09135512
v 0.00905976 -0.03193326 -0.08635942
v 0.00868576 0.00754597 -0.10332339
v 0.00780282 0.00754935 -0.10331793
v 0.00868904 0.00954159 -0.10831686
v 0.00781005 0.00953834 -0.10832538
v 0.00890150 0.00299139 -0.11033391
v 0.00758999 0.00472588 -0.11001138
v 0.00760847 -0.00300006 -0.11032826
v 0.00891001 -0.00472588 -0.11001138
v 0.00868995 -0.00953834 -0.10832538
v 0.00781096 -0.00954159 -0.10831686
v 0.00869718 -0.00754935 -0.10331793
v 0.00781424 -0.00754597 -0.10332339
v 0.00765056 -0.00265454 -0.10454870
v 0.00893555 -0.00288572 -0.10442464
v 0.00887931 0.00265268 -0.10453517
v 0.00758523 0.00287777 -0.10443759
v 0.00600000 -0.01097945 -0.08386716
v 0.00600000 -0.00949324 -0.07923631
v 0.00600000 -0.00533954 -0.07526188
v 0.00600000 -0.00079089 -0.07399064
v 0.00600000 0.00498620 -0.07496889
v 0.00600000 0.00913893 -0.07881035
v 0.00600000 0.01118029 -0.08430264
v 0.00600000 0.00949325 -0.09076367
v 0.00600000 0.00533956 -0.09473811
v 0.00600000 -0.00024486 -0.09610324
v 0.00600000 -0.00576367 -0.09449326
v 0.00600000 -0.01026753 -0.08947919
v 0.01199506 -0.01070728 -0.08727559
v 0.01200430 -0.01874632 -0.08673212
v 0.01199545 -0.01070163 -0.08269757
v 0.01200340 -0.01860142 -0.08318918
v 0.01200050 -0.01953227 -0.08487325
v 0.01199695 -0.01028892 -0.08527248
v 0.01208311 -0.00775803 -0.09184868
v 0.01199748 0.00562958 -0.07651693
v 0.01208523 0.00882650 -0.07955543
v 0.01200288 0.00490175 -0.07560728
v 0.01208195 -0.00800342 -0.07838815
v 0.02569054 -0.03416888 -0.07451725
v 0.02574221 -0.03502515 -0.07412630
v 0.02550191 -0.03445945 -0.07406515
v 0.02551996 -0.03549571 -0.07296406
v 0.02588033 -0.03559551 -0.07345513
v 0.02573514 -0.03576315 -0.07239342
v 0.02572972 0.03572589 -0.07222910
v 0.02551355 0.03544552 -0.07323948
v 0.02583775 0.03495756 -0.07420298
v 0.02573138 0.03421070 -0.07450989
v 0.02552742 0.03441123 -0.07418476
v 0.02576548 0.03564902 -0.07330404
v 0.02552996 0.03478913 -0.09597210
v 0.02552577 0.03283770 -0.09528676
v 0.02573344 0.03494728 -0.09579415
v 0.02581481 0.03280707 -0.09501925
v 0.02572680 0.03575736 -0.09763814
v 0.02551689 0.03548774 -0.09711134
v 0.02584567 0.03559477 -0.09655691
v 0.02586946 0.03424271 -0.10150439
v 0.02552470 0.03306209 -0.10336057
v 0.02582159 0.03169451 -0.10597347
v 0.02558341 0.02851240 -0.10997698
v 0.02577661 0.02544003 -0.11310234
v 0.02551794 0.02528325 -0.11286435
v 0.02576571 0.02377575 -0.11309612
v 0.02553786 0.02361079 -0.11270302
v 0.02581416 0.02204793 -0.11128725
v 0.02551092 0.02227953 -0.11113665
v 0.02575158 -0.02360345 -0.11297424
v 0.02575778 -0.02204664 -0.11126768
v 0.02575214 -0.02531826 -0.11316820
v 0.02567873 -0.03054987 -0.10750531
v 0.02575525 -0.03372241 -0.10256673
v 0.02568450 -0.03566699 -0.09789813
v 0.02568058 -0.03482509 -0.09575801
v 0.02576035 -0.03572022 -0.09684300
v 0.02584038 -0.03285841 -0.09504952
v 0.02600000 -0.03251981 -0.07371365
v 0.02600000 -0.03162885 -0.07258628
v 0.02600000 -0.03382204 -0.07364582
v 0.02600000 -0.03208741 -0.07108990
v 0.02600000 -0.03416380 -0.07098744
v 0.02599824 0.03184247 -0.07221498
v 0.02600000 0.03177424 -0.07159799
v 0.02600000 0.03174469 -0.07303362
v 0.02600000 0.03304677 -0.07066493
v 0.02600000 0.03477056 -0.07203837
v 0.02600000 0.03351611 -0.07384989
v 0.02600000 0.03419494 -0.09882884
v 0.02600000 0.03471370 -0.09748991
v 0.02600000 0.03296317 -0.09927656
v 0.02600000 0.03157016 -0.09809606
v 0.02600000 0.03227998 -0.09641623
v 0.02600000 0.03370854 -0.09628534
v 0.02601791 -0.03193372 -0.09845684
v 0.02600000 -0.03400423 -0.09641622
v 0.02600000 -0.03470423 -0.09824076
v 0.02600000 -0.03244230 -0.09632251
v 0.02600000 -0.03165720 -0.09736367
v 0.02600000 -0.03304839 -0.09928402
v 0.02600000 0.03035438 -0.06392127
v 0.02600000 0.02799641 -0.06553045
v 0.02600000 0.03087096 -0.07049566
v 0.02600000 0.03338978 -0.06930720
v 0.02600000 0.03339604 -0.10069216
v 0.02600000 0.03085933 -0.09951082
v 0.02600000 0.03033978 -0.10607158
v 0.02600000 0.02799661 -0.10448286
v 0.02600000 -0.03028782 -0.10607573
v 0.02600000 -0.02799641 -0.10446955
v 0.02600000 -0.03341841 -0.10073924
v 0.02600000 -0.03087096 -0.09950435
v 0.02600000 -0.03339604 -0.06930784
v 0.02600000 -0.03085934 -0.07048918
v 0.02600000 -0.03033978 -0.06392843
v 0.02600000 -0.02799661 -0.06551714
v 0.02993001 -0.03146171 -0.07616655
v 0.02993259 -0.03266859 -0.08327647
v 0.02993445 -0.02864076 -0.06920828
v 0.02996243 -0.02429832 -0.06306019
v 0.02969940 -0.02135919 -0.06042297
v 0.02987224 -0.01653270 -0.05682359
v 0.02988530 -0.01090728 -0.05421850
v 0.02983880 -0.00388087 -0.05260108
v 0.02983880 0.00329808 -0.05253658
v 0.02988141 0.01031605 -0.05402245
v 0.02993711 0.01815194 -0.05768472
v 0.02969940 0.01997287 -0.05928366
v 0.02994044 0.02494163 -0.06387176
v 0.02990620 0.02900293 -0.06997988
v 0.02993044 0.03159520 -0.07667861
v 0.02992352 0.03263487 -0.08346163
v 0.02969940 0.03245298 -0.08765513
v 0.02969940 0.03108688 -0.09468769
v 0.02997531 0.02933627 -0.09931951
v 0.02995018 0.02592920 -0.10496244
v 0.02991245 0.02045485 -0.11050469
v 0.02986995 0.01366102 -0.11464899
v 0.02986005 0.00626226 -0.11705923
v 0.02992308 -0.00089962 -0.11763766
v 0.02988530 -0.00745483 -0.11679457
v 0.02987224 -0.01333275 -0.11482413
v 0.02969940 -0.01852584 -0.11177758
v 0.02995701 -0.02094113 -0.11016010
v 0.02995437 -0.02679623 -0.10378633
v 0.02994297 -0.03044047 -0.09696474
v 0.02982648 -0.03222314 -0.09024278
v 0.02553115 0.02682600 -0.10684011
v 0.02550000 0.02453120 -0.10988706
v 0.02550000 0.02465337 -0.11121424
v 0.02550000 0.02624341 -0.11128988
v 0.02550000 0.02607017 -0.10945916
v 0.02550000 0.02869570 -0.10874373
v 0.02550000 0.02706602 -0.10868075
v 0.02550000 0.02926376 -0.10768961
v 0.02550000 0.02848290 -0.10638048
v 0.02546100 0.03041891 -0.10087945
v 0.00901445 -0.01145601 -0.08791591
v 0.00901338 -0.01858434 -0.08772091
v 0.00901892 -0.00563715 -0.07503325
v 0.00903873 -0.00348755 -0.09577301
v 0.00903890 0.00310133 -0.09595174
v 0.00900404 0.00834378 -0.09298508
v 0.00903735 0.01066071 -0.08879176
v 0.00903658 0.00980411 -0.07940397
v 0.00902826 0.00750176 -0.07647239
v 0.00903667 0.00167969 -0.07383463
v 0.00903601 -0.01829171 -0.08228859
v 0.00905280 -0.02009628 -0.08606938
v 0.00904869 -0.01965030 -0.08326882
v 0.00899481 -0.00768572 -0.10301478
v 0.00899371 -0.00983554 -0.10847349
v 0.00899072 0.00982788 -0.10853515
v 0.00899667 0.00767919 -0.10301952
v 0.00750578 0.00768545 -0.10301539
v 0.00750759 0.00983423 -0.10847288
v 0.00751157 -0.00982555 -0.10853398
v 0.00750585 -0.00767806 -0.10302207
v 0.00750000 -0.01110323 -0.08524486
v 0.00750000 -0.01007491 -0.08049135
v 0.00750000 -0.00732460 -0.07665183
v 0.00750000 -0.00302223 -0.07438408
v 0.00750000 0.00168692 -0.07402294
v 0.00750000 0.00618962 -0.07586106
v 0.00750000 0.00949324 -0.07923631
v 0.00750000 0.01097945 -0.08386716
v 0.00750000 0.01026753 -0.08947919
v 0.00750000 0.00576367 -0.09449326
v 0.00750000 -0.00069735 -0.09618030
v 0.00750000 -0.00618960 -0.09413897
v 0.00750000 -0.00949325 -0.09076367
v 0.03000000 -0.03437380 -0.07449088
v 0.03000000 -0.03566623 -0.07188817
v 0.03000000 -0.03575320 -0.07220123
v 0.03000000 -0.03578833 -0.07252424
v 0.03000000 -0.03577069 -0.07284869
v 0.03000000 -0.03570076 -0.07316598
v 0.03000000 -0.03558036 -0.07346778
v 0.03000000 -0.03541270 -0.07374609
v 0.03000000 -0.03520217 -0.07399358
v 0.03000000 -0.03495435 -0.07420371
v 0.03000000 -0.03467578 -0.07437095
v 0.03000000 -0.02205302 -0.05380955
v 0.00750000 -0.02217408 -0.05396373
v 0.00749996 -0.02721892 -0.05838684
v 0.03000000 -0.03251534 -0.06533397
v 0.03000000 -0.03415926 -0.06834265
v 0.03003627 -0.02944380 -0.06127954
v 0.03000000 -0.02694618 -0.05815527
v 0.03000000 -0.03161101 -0.06391104
v 0.02999749 0.03255759 -0.06537348
v 0.03000000 0.03566623 -0.07188817
v 0.03000000 0.03510675 -0.07045641
v 0.03000000 0.03161101 -0.06391104
v 0.03000000 0.03048972 -0.06231948
v 0.00750002 0.02822475 -0.05943314
v 0.03000000 0.02676027 -0.05795426
v 0.00750000 0.02187713 -0.05350605
v 0.03000000 0.02190372 -0.05352332
v 0.03000000 0.03437380 -0.07449088
v 0.03000000 0.03467578 -0.07437095
v 0.03000000 0.03495435 -0.07420371
v 0.03000000 0.03520217 -0.07399358
v 0.03000000 0.03541270 -0.07374609
v 0.03000000 0.03558036 -0.07346778
v 0.03000000 0.03570076 -0.07316598
v 0.03000000 0.03577069 -0.07284869
v 0.03000000 0.03578833 -0.07252424
v 0.03000000 0.03575320 -0.07220123
v 0.03000000 0.03437380 -0.09550913
v 0.03000000 0.03566623 -0.09811183
v 0.03000000 0.03575320 -0.09779877
v 0.03000000 0.03578833 -0.09747576
v 0.03000000 0.03577069 -0.09715132
v 0.03000000 0.03570076 -0.09683402
v 0.03000000 0.03558036 -0.09653223
v 0.03000000 0.03541270 -0.09625392
v 0.03000000 0.03520217 -0.09600642
v 0.03000000 0.03495435 -0.09579629
v 0.03000000 0.03467578 -0.09562905
v 0.03000000 0.02600541 -0.11270773
v 0.03000000 0.02744149 -0.11128621
v 0.03000000 0.02846508 -0.11017417
v 0.03001938 0.02952615 -0.10854366
v 0.03000000 0.03067896 -0.10742324
v 0.03000000 0.03262792 -0.10447867
v 0.03000000 0.03429515 -0.10136591
v 0.03000000 0.03404033 -0.10188952
v 0.03000000 0.02310462 -0.11253501
v 0.03000000 0.02333300 -0.11276612
v 0.03000000 0.02359579 -0.11295721
v 0.03000000 0.02388605 -0.11310322
v 0.03000000 0.02419612 -0.11320030
v 0.03000000 0.02451783 -0.11324590
v 0.03000000 0.02484267 -0.11323880
v 0.03000000 0.02516207 -0.11317920
v 0.03000000 0.02546761 -0.11306866
v 0.03000000 0.02575122 -0.11291011
v 0.03000000 -0.02310462 -0.11253501
v 0.03000000 -0.02600541 -0.11270773
v 0.03000000 -0.02575122 -0.11291011
v 0.03000000 -0.02546761 -0.11306866
v 0.03000000 -0.02516207 -0.11317920
v 0.03000000 -0.02484267 -0.11323880
v 0.03000000 -0.02451783 -0.11324590
v 0.03000000 -0.02419612 -0.11320030
v 0.03000000 -0.02388605 -0.11310322
v 0.03000000 -0.02359579 -0.11295721
v 0.03000000 -0.02333300 -0.11276612
v 0.03000000 -0.03566623 -0.09811183
v 0.03000000 -0.03510715 -0.09954263
v 0.03000000 -0.03429515 -0.10136591
v 0.03000000 -0.03262792 -0.10447867
v 0.03000000 -0.03161213 -0.10608728
v 0.03000000 -0.03067896 -0.10742324
v 0.03000000 -0.02846508 -0.11017417
v 0.03000000 -0.02744158 -0.11128611
v 0.03000000 -0.03437380 -0.09550913
v 0.03000000 -0.03467578 -0.09562905
v 0.03000000 -0.03495435 -0.09579629
v 0.03000000 -0.03520217 -0.09600642
v 0.03000000 -0.03541270 -0.09625392
v 0.03000000 -0.03558036 -0.09653223
v 0.03000000 -0.03570076 -0.09683402
v 0.03000000 -0.03577069 -0.09715132
v 0.03000000 -0.03578833 -0.09747576
v 0.03000000 -0.03575320 -0.09779877
v 0.02550000 0.03702533 -0.08551437
v 0.02967475 0.03713242 -0.08488879
v 0.02550000 0.03649470 -0.08401287
v 0.02969769 0.03617373 -0.08395955
v 0.02550000 0.03497468 -0.08448563
v 0.02989079 0.03516487 -0.08416378
v 0.02968924 0.03510490 -0.08564033
v 0.02550000 0.03550532 -0.08598714
v 0.02969602 0.03628628 -0.08602913
v 0.02969334 0.02653932 -0.11044520
v 0.02968924 0.02572993 -0.10938997
v 0.02989316 0.02465587 -0.10958722
v 0.02991445 0.02430451 -0.11053620
v 0.02969334 0.02492332 -0.11139949
v 0.02989286 0.02618528 -0.11138351
v 0.02968924 -0.02438997 -0.11072995
v 0.02968324 -0.02508410 -0.10940056
v 0.02989041 -0.02648653 -0.10986722
v 0.02969602 -0.02632499 -0.11107684
v 0.02969602 -0.02535264 -0.11151905
v 0.02550000 -0.03492583 -0.08474445
v 0.02968924 -0.03493987 -0.08470444
v 0.02550000 -0.03626503 -0.08388393
v 0.02991344 -0.03596584 -0.08380849
v 0.02987732 -0.03692529 -0.08428484
v 0.02550000 -0.03705310 -0.08545482
v 0.02968924 -0.03689510 -0.08564033
v 0.02550000 -0.03556180 -0.08601347
v 0.02968925 -0.03552484 -0.08599270
v 0.02987147 -0.03163133 -0.07287921
v 0.02993999 -0.03164303 -0.07151431
v 0.02994549 -0.03269561 -0.07068555
v 0.02988016 -0.03410106 -0.07092369
v 0.02990233 -0.03480081 -0.07237464
v 0.02990754 -0.03399604 -0.07372033
v 0.02991242 -0.03265665 -0.07387893
v 0.02991750 0.03475186 -0.07269716
v 0.02969662 0.03447190 -0.07149395
v 0.02969026 0.03312653 -0.07069236
v 0.02969662 0.03179824 -0.07151830
v 0.02990573 0.03161820 -0.07302174
v 0.02969025 0.03236280 -0.07365888
v 0.02969662 0.03392610 -0.07360774
v 0.02990787 0.03461393 -0.09856846
v 0.02990178 0.03464246 -0.09703758
v 0.02992490 0.03399590 -0.09627941
v 0.02991247 0.03248118 -0.09619167
v 0.02988982 0.03147959 -0.09744449
v 0.02969662 0.03169638 -0.09826324
v 0.02988501 0.03240151 -0.09921917
v 0.02993627 0.03387940 -0.09919413
v 0.02969662 -0.03162437 -0.09744016
v 0.02968426 -0.03274100 -0.09616224
v 0.02992350 -0.03423117 -0.09647311
v 0.02969026 -0.03470089 -0.09801274
v 0.02987611 -0.03366043 -0.09926599
v 0.02985657 -0.03210887 -0.09902066
v 0.03000000 0.03033978 -0.06392843
v 0.03000000 0.02799661 -0.06551714
v 0.03000000 0.03073669 -0.07038235
v 0.03000000 0.03112940 -0.07046890
v 0.03000000 0.03339604 -0.06930785
v 0.03000000 0.03341841 -0.10073924
v 0.03000000 0.03087096 -0.09950435
v 0.03000000 0.02799640 -0.10446955
v 0.03000000 0.03028782 -0.10607573
v 0.03000000 -0.03028525 -0.10607000
v 0.03000000 -0.02799661 -0.10448286
v 0.03000000 -0.03073667 -0.09961767
v 0.03000000 -0.03112939 -0.09953111
v 0.03000000 -0.03343191 -0.10074830
v 0.03000000 -0.03341841 -0.06926077
v 0.03000000 -0.03087096 -0.07049566
v 0.03000000 -0.02799641 -0.06553045
v 0.03000000 -0.03028782 -0.06392427
v 0.02999977 0.03213516 -0.09220167
v 0.00899735 -0.01657348 -0.06145432
v 0.00898612 -0.01720787 -0.05862589
v 0.00899843 -0.01487492 -0.05757673
v 0.00899844 -0.01323571 -0.05873455
v 0.00899426 -0.01366693 -0.06143123
v 0.02987029 0.02636919 -0.05881339
v 0.02990006 0.02650490 -0.06009293
v 0.03000000 0.02741271 -0.06393524
v 0.03000000 0.03043468 -0.07047299
v 0.02999906 0.02725455 -0.10621020
v 0.03000000 -0.03043468 -0.09952701
v 0.02999798 -0.02745968 -0.10609990
v 0.02999953 -0.02739212 -0.06382863
v 0.02999783 -0.03270639 -0.09589793
v 0.02999227 -0.03122431 -0.09749958
v 0.02999865 -0.02537315 -0.10907752
v 0.02999605 -0.02409222 -0.11004888
v 0.02999872 -0.02463318 -0.11156491
v 0.02998308 0.02657232 -0.10946289
v 0.02999768 0.02478950 -0.11168807
v 0.02989265 0.02750028 -0.10897702
v 0.02989728 0.02665656 -0.10814204
v 0.02989375 0.02664336 -0.10725070
v 0.02999535 0.03336497 -0.07419904
v 0.02999130 0.03173969 -0.07095255
v 0.02999267 0.03420465 -0.07066545
v 0.02993197 0.02520968 -0.06081072
v 0.02999653 0.02675236 -0.06343187
v 0.02987557 0.02660226 -0.06205506
v 0.02999702 0.02764789 -0.06073945
v 0.02999719 0.02405605 -0.05958318
v 0.02999512 0.02504917 -0.05818149
v 0.03000000 0.02305614 -0.05107185
v 0.02999431 -0.02586227 -0.05818233
v 0.02990675 -0.02443327 -0.05894908
v 0.02999759 -0.02635579 -0.06258399
v 0.02999534 -0.02529194 -0.06095697
v 0.02999909 -0.02416292 -0.05997633
v 0.03000000 -0.02230112 -0.05184570
v 0.02986254 0.02909637 -0.06155121
v 0.02988632 0.02935636 -0.06264222
v 0.03000000 0.03415387 -0.08801764
v 0.02999397 0.03458864 -0.08516373
v 0.02999872 0.03567920 -0.08634309
v 0.02999590 0.03678291 -0.08381186
v 0.03000000 0.03613253 -0.08186530
v 0.03000000 0.03580762 -0.08186724
v 0.03000000 0.03580762 -0.08813276
v 0.03000000 0.03613253 -0.08813469
v 0.03000000 0.03794429 -0.08347343
v 0.03000000 0.03785586 -0.08316077
v 0.03000000 0.03676196 -0.08201801
v 0.03000000 0.03645347 -0.08191601
v 0.03000000 0.03730959 -0.08236386
v 0.03000000 0.03704987 -0.08216862
v 0.03000000 0.03771797 -0.08286657
v 0.03000000 0.03753427 -0.08259857
v 0.02999292 0.03727251 -0.08568715
v 0.03000000 0.03785586 -0.08683922
v 0.03000000 0.03794429 -0.08652657
v 0.03000000 0.03798093 -0.08620372
v 0.03000000 0.03645347 -0.08808399
v 0.03000000 0.03676196 -0.08798199
v 0.03000000 0.03704987 -0.08783139
v 0.03000000 0.03730959 -0.08763614
v 0.03000000 0.03753427 -0.08740143
v 0.03000000 0.03771797 -0.08713343
v 0.03000000 0.03798093 -0.08379628
v 0.02999584 0.02899427 -0.10637253
v 0.02999164 -0.02635265 -0.11158860
v 0.02987422 -0.02892982 -0.10664649
v 0.02988216 -0.02792331 -0.10906399
v 0.02998925 -0.02941539 -0.10854135
v 0.02999367 -0.03499358 -0.09827463
v 0.02999164 -0.03458489 -0.08470873
v 0.02999620 -0.03559299 -0.08636378
v 0.02999733 -0.03719286 -0.08573378
v 0.03000000 -0.03794429 -0.08652657
v 0.03000000 -0.03785586 -0.08683922
v 0.03000000 -0.03730959 -0.08236386
v 0.03000000 -0.03753427 -0.08259857
v 0.03000000 -0.03676196 -0.08798199
v 0.03000000 -0.03645347 -0.08808399
v 0.03000000 -0.03613253 -0.08813469
v 0.03000000 -0.03580762 -0.08813276
v 0.03000000 -0.03730959 -0.08763614
v 0.03000000 -0.03704987 -0.08783139
v 0.03000000 -0.03771797 -0.08713343
v 0.03000000 -0.03753427 -0.08740143
v 0.03000000 -0.03798093 -0.08620372
v 0.03000000 -0.03798093 -0.08379628
v 0.03000000 -0.03771797 -0.08286657
v 0.03000000 -0.03785586 -0.08316077
v 0.03000000 -0.03794429 -0.08347343
v 0.03000000 -0.03676196 -0.08201801
v 0.03000000 -0.03704987 -0.08216862
v 0.03000000 -0.03580762 -0.08186724
v 0.03000000 -0.03613253 -0.08186530
v 0.03000000 -0.03645347 -0.08191601
v 0.02999500 -0.02731675 -0.06081685
v 0.02999124 -0.02687053 -0.05983536
v 0.02998862 0.03276865 -0.05100000
v 0.02999872 -0.02873769 -0.06374598
v 0.02988010 -0.02932956 -0.06275353
v 0.02988311 0.02838790 -0.06367524
v 0.02999103 -0.02630425 -0.10790166
v 0.00848321 -0.01685743 -0.05928571
v 0.00800731 -0.01683967 -0.05969113
v 0.00800004 -0.01614506 -0.05834459
v 0.00849640 -0.01549431 -0.05809464
v 0.00800207 -0.01475857 -0.05814348
v 0.00848961 -0.01390870 -0.05861370
v 0.00800621 -0.01367578 -0.05902328
v 0.00849379 -0.01367578 -0.06040385
v 0.00800361 -0.01377518 -0.06054983
v 0.00825000 -0.01479378 -0.06120583
v 0.00849379 -0.01613699 -0.06108848
v 0.00801327 -0.01617206 -0.06106317
v 0.02550000 -0.03682379 -0.08194652
v 0.02550000 -0.03791339 -0.08323526
v 0.02550000 -0.03786638 -0.08700070
v 0.02550000 -0.03651980 -0.08812147
v 0.02547038 -0.03418383 -0.08800462
v 0.02550000 0.03634590 -0.08813085
v 0.02550000 0.03776908 -0.08724530
v 0.02546838 0.03417685 -0.08800494
v 0.02550000 0.03790582 -0.08315778
v 0.02550000 0.03668131 -0.08190297
v 0.00750000 -0.01195000 -0.06799000
v 0.00746588 0.01833473 -0.10873229
v 0.00741102 0.01692545 -0.11088464
v 0.00746981 0.02150224 -0.10850773
v 0.00745306 0.01697955 -0.11269011
v 0.00746272 0.01699625 -0.05684715
v 0.00746512 0.01690849 -0.05979507
v 0.00741711 0.01960251 -0.06154304
v 0.00741898 0.02183823 -0.06101955
v 0.00748770 0.02379764 -0.05876211
v 0.00750000 0.02310184 -0.05106692
v 0.00743132 0.01940853 -0.05516669
v 0.00743511 0.02204001 -0.05565332
v 0.00743595 -0.01681080 -0.05817112
v 0.00741016 -0.01743466 -0.05643513
v 0.00750247 -0.01530988 -0.05753011
v 0.00742464 -0.02218523 -0.06077750
v 0.00741744 -0.02014393 -0.06155526
v 0.00750253 -0.01617219 -0.06167058
v 0.00743278 -0.01830574 -0.06102860
v 0.00743267 -0.01739695 -0.06011933
v 0.00750955 -0.01312669 -0.05881986
v 0.00750604 -0.01381600 -0.06145150
v 0.00744034 -0.02310111 -0.05939097
v 0.00745437 -0.02330970 -0.05722413
v 0.00743616 -0.01902440 -0.05528192
v 0.00747338 -0.02090868 -0.05497660
v 0.00750000 -0.02209242 -0.05223858
v 0.00750591 -0.02209350 -0.08363356
v 0.00750773 -0.02072893 -0.08863723
v 0.00741429 -0.01689008 -0.11123335
v 0.00747404 -0.02079372 -0.10826901
v 0.00750422 -0.01559341 -0.08939878
v 0.00750154 -0.01300833 -0.08632460
v 0.00750174 -0.01320793 -0.08312760
v 0.00750174 -0.01541565 -0.08080676
v 0.00746744 -0.01780537 -0.10910223
v 0.00750316 -0.01900041 -0.08051137
v 0.02059231 0.03370757 -0.05100000
v 0.02934987 0.03383910 -0.05100000
v 0.02968688 -0.02927009 -0.10801598
v 0.02969515 -0.02765208 -0.10639409
v 0.02969838 -0.02682829 -0.10710780
v 0.02969515 -0.02679144 -0.10819482
v 0.02550000 0.02685478 -0.06150958
v 0.02968688 0.02784678 -0.06100868
v 0.02550000 0.02856044 -0.06117817
v 0.02550000 0.02932074 -0.06262100
v 0.02550000 0.02805536 -0.06364610
v 0.02969515 0.02724026 -0.06341863
v 0.02550000 0.02696983 -0.06314531
v 0.02969515 0.02762815 -0.10640050
v 0.02969188 0.02898110 -0.10679626
v 0.02969718 0.02919005 -0.10808448
v 0.02969719 0.02842823 -0.10886031
v 0.02550000 -0.02899437 -0.06330492
v 0.02967956 -0.02886509 -0.06130837
v 0.02550000 -0.02896729 -0.06146556
v 0.02550000 -0.02748997 -0.06111353
v 0.02969718 -0.02734422 -0.06122458
v 0.02967956 -0.02663114 -0.06256747
v 0.02550000 -0.02670438 -0.06215462
v 0.02550000 -0.02715488 -0.06338194
v 0.02969188 -0.02796427 -0.06366578
v 0.02499801 -0.02449793 -0.06001830
v 0.02499879 -0.02453045 -0.05903731
v 0.02438412 -0.02545584 -0.05954416
v 0.02498800 -0.02572465 -0.05843239
v 0.02499676 -0.02652835 -0.05970708
v 0.02499484 -0.02557843 -0.06064016
v 0.02969602 -0.02518921 -0.05850977
v 0.02969334 -0.02629268 -0.05885587
v 0.02967475 -0.02625185 -0.06035725
v 0.02968924 -0.02466981 -0.06031447
v 0.02499201 0.02655634 -0.05976598
v 0.02499484 0.02576688 -0.05848609
v 0.02438412 0.02545584 -0.05954416
v 0.02499925 0.02473362 -0.05879064
v 0.02499201 0.02439187 -0.05990230
v 0.02499801 0.02552418 -0.06061081
v 0.02967475 0.02479333 -0.05861906
v 0.02968324 0.02460625 -0.06027219
v 0.01638585 0.02706967 -0.05100000
v 0.01470444 0.02831070 -0.05100000
v 0.01847159 0.02719976 -0.05100000
v 0.02022182 0.02908757 -0.05100000
v 0.01423489 0.02929842 -0.05100000
v 0.00957607 0.00284392 -0.05001660
v 0.00958150 0.01374098 -0.05277301
v 0.00956285 -0.01749697 -0.05432238
v 0.00958119 -0.01330547 -0.05260674
v 0.00958764 0.01740144 -0.05449047
v 0.00959162 -0.00707063 -0.05065569
v 0.02796366 0.01733092 -0.05425121
v 0.02791881 0.01330546 -0.05260673
v 0.02797106 -0.00391018 -0.04989759
v 0.02789498 -0.01243601 -0.05225882
v 0.02791404 -0.01740725 -0.05448915
v 0.02790838 0.00707062 -0.05065568
v 0.01093288 -0.01892742 -0.05466677
v 0.02638109 -0.01894820 -0.05470100
v 0.02634731 0.01895870 -0.05466398
v 0.01118040 0.01889600 -0.05489540
v 0.01111880 -0.01783787 -0.05541626
v 0.01021272 -0.01327121 -0.05309334
v 0.01008584 -0.01715773 -0.05495992
v 0.02704032 -0.01745546 -0.05521560
v 0.02638120 0.01783787 -0.05541626
v 0.02728729 0.01327121 -0.05309334
v 0.02740334 0.01714170 -0.05495807
v 0.01045969 0.01745546 -0.05521560
v 0.01022702 0.01217271 -0.05262807
v 0.02725793 0.00842154 -0.05150481
v 0.00995189 0.00686375 -0.05107011
v 0.02722269 0.00248365 -0.05051822
v 0.01017003 0.00031590 -0.05040777
v 0.02744828 -0.00512787 -0.05077476
v 0.01000773 -0.00394992 -0.05064244
v 0.01024207 -0.00842154 -0.05150480
v 0.02727876 -0.01223890 -0.05265362
v 0.01007338 -0.01829888 -0.05476264
v 0.02732675 -0.01849358 -0.05459596
v 0.02734639 0.01852372 -0.05448132
v 0.01027415 0.01861325 -0.05459293
v 0.01062978 0.01819119 -0.05528697
v 0.02654593 0.01859103 -0.05517534
v 0.01095407 -0.01859103 -0.05517534
v 0.02760124 0.01780263 -0.05482001
v 0.02636852 -0.01847210 -0.05529937
v 0.02774648 0.00003518 -0.05012526
v 0.02718803 -0.01806914 -0.05509607
v 0.00810768 -0.02081353 -0.08237345
v 0.00810429 -0.01653164 -0.08094582
v 0.00810101 -0.01385324 -0.08318730
v 0.00810101 -0.01354124 -0.08595548
v 0.00810101 -0.01508157 -0.08827658
v 0.00810768 -0.01883487 -0.08901204
v 0.00810101 -0.02140613 -0.08615192
v 0.00689574 0.02265081 -0.11086734
v 0.00049993 0.02267398 -0.11254372
v 0.00050001 0.02228492 -0.11003260
v 0.00676598 0.02220923 -0.11003277
v 0.00677723 0.02088413 -0.10907424
v 0.00050000 0.02028048 -0.10897864
v 0.00692913 0.01925762 -0.10906663
v 0.00050000 0.01850055 -0.10947027
v 0.00692608 0.01806033 -0.10982792
v 0.00677724 0.01747091 -0.11084973
v 0.00050000 0.01737410 -0.11121711
v 0.00690838 0.01752547 -0.11270999
v 0.00050000 0.01786590 -0.11323494
v 0.00680462 0.01859486 -0.11393146
v 0.00049999 0.01933028 -0.11426301
v 0.01050000 0.02085421 -0.11431967
v 0.00050000 0.02114509 -0.11414354
v 0.01050000 0.02264821 -0.11254674
v 0.00050000 0.02115420 -0.11095157
v 0.00050000 0.02119362 -0.11236364
v 0.00050000 0.02003193 -0.11295651
v 0.00050000 0.01890149 -0.11229974
v 0.00050000 0.01896889 -0.11099724
v 0.00050000 0.01998790 -0.11036837
v 0.00678440 0.02278134 -0.05855662
v 0.00050000 0.02281228 -0.05864612
v 0.00678946 0.02240375 -0.05697356
v 0.00050000 0.02202130 -0.05647000
v 0.00689232 0.02148078 -0.05599533
v 0.00050000 0.01990044 -0.05557055
v 0.00694802 0.02007112 -0.05559053
v 0.00706770 0.01854803 -0.05599312
v 0.00050000 0.01774012 -0.05690375
v 0.00694679 0.01769224 -0.05696420
v 0.00696042 0.01735116 -0.05807430
v 0.00050000 0.01744266 -0.05896316
v 0.00694802 0.01748999 -0.05926215
v 0.00050000 0.01846339 -0.06050128
v 0.00694321 0.01811779 -0.06024113
v 0.00679179 0.01892619 -0.06076296
v 0.00050000 0.02095205 -0.06099309
v 0.00678439 0.02031434 -0.06104344
v 0.00678439 0.02200040 -0.06024899
v 0.00050000 0.01998404 -0.05693348
v 0.00050000 0.02143710 -0.05836905
v 0.00050000 0.02014545 -0.05967418
v 0.00050000 0.01870895 -0.05852963
v 0.01050000 -0.02263474 -0.11261810
v 0.00683466 -0.02264850 -0.11086784
v 0.00679056 -0.01860235 -0.11393359
v 0.00050000 -0.01915889 -0.11424638
v 0.00050000 -0.01750823 -0.11262352
v 0.00674782 -0.01780268 -0.11309762
v 0.00674185 -0.01735334 -0.11177829
v 0.00050000 -0.01769128 -0.11032386
v 0.00690771 -0.01772068 -0.11031593
v 0.00702521 -0.01838089 -0.10949780
v 0.00050000 -0.01934721 -0.10906755
v 0.00686214 -0.01911348 -0.10914741
v 0.00695013 -0.02009107 -0.10895143
v 0.00050000 -0.02141158 -0.10929497
v 0.00674620 -0.02110329 -0.10918546
v 0.00692968 -0.02185490 -0.10960617
v 0.00050000 -0.02257221 -0.11073171
v 0.00049999 -0.02265094 -0.11254078
v 0.00050000 -0.02126723 -0.11408658
v 0.01050003 -0.02040351 -0.11446517
v 0.00050000 -0.01937237 -0.11054238
v 0.00050000 -0.01877571 -0.11205508
v 0.00050000 -0.01998790 -0.11297163
v 0.00050000 -0.02123051 -0.11229974
v 0.00050000 -0.02099087 -0.11069137
v 0.00050000 -0.01744732 -0.05899628
v 0.00691676 -0.01778814 -0.05979693
v 0.00050000 -0.01849889 -0.06053435
v 0.00700567 -0.01736770 -0.05861600
v 0.00677170 -0.01739942 -0.05801726
v 0.00050001 -0.01764057 -0.05715604
v 0.00676768 -0.01795630 -0.05661726
v 0.00050000 -0.01892157 -0.05588467
v 0.00676832 -0.01954328 -0.05566312
v 0.00050000 -0.02075912 -0.05572060
v 0.00693175 -0.02088011 -0.05574458
v 0.00050000 -0.02227305 -0.05677492
v 0.00676924 -0.02210693 -0.05653504
v 0.00050000 -0.02275645 -0.05855533
v 0.00693320 -0.02281210 -0.05825654
v 0.00050000 -0.02198362 -0.06023052
v 0.00677037 -0.02219791 -0.06001654
v 0.00050000 -0.02031542 -0.06101830
v 0.00677091 -0.02062256 -0.06099097
v 0.00677142 -0.01878855 -0.06072992
v 0.00050000 -0.01990421 -0.05694047
v 0.00050000 -0.01876437 -0.05825191
v 0.00050000 -0.01934756 -0.05941820
v 0.00050000 -0.02053802 -0.05952727
v 0.00050000 -0.02143710 -0.05829095
v 0.00737734 -0.01730473 -0.05900785
v 0.00550148 0.01879413 -0.05813516
v 0.00550148 0.01939772 -0.05723044
v 0.00625108 0.02006600 -0.05833000
v 0.00550396 0.02070005 -0.05716890
v 0.00550630 0.02137311 -0.05864666
v 0.00550148 0.02031791 -0.05959181
v 0.00550243 0.01916603 -0.05927290
v 0.00550396 -0.02119566 -0.05901852
v 0.00550092 -0.02123075 -0.05781664
v 0.00625108 -0.02006600 -0.05833000
v 0.00550243 -0.02043258 -0.05707915
v 0.00550630 -0.01898323 -0.05753224
v 0.00550148 -0.01893748 -0.05894811
v 0.00550243 -0.01992220 -0.05962551
v 0.00550396 0.01893635 -0.11235853
v 0.00550148 0.01893748 -0.11105190
v 0.00625108 0.02006600 -0.11167000
v 0.00550630 0.02015087 -0.11032776
v 0.00550396 0.02136301 -0.11140937
v 0.00550974 0.02056546 -0.11294471
v 0.00550396 -0.02119565 -0.11235853
v 0.00550243 -0.02115085 -0.11094744
v 0.00625108 -0.02006600 -0.11167000
v 0.00550243 -0.01998266 -0.11036921
v 0.00550396 -0.01883395 -0.11118811
v 0.00550243 -0.01912311 -0.11256999
v 0.00550092 -0.02015003 -0.11294009
v 0.01208310 0.01023101 -0.08394628
v 0.01205797 0.00056967 -0.07465653
v 0.01206781 -0.00418086 -0.07547715
v 0.01206821 -0.00378619 -0.09457614
v 0.01208309 0.00014703 -0.09537717
v 0.01208314 0.00450831 -0.09424425
v 0.01206815 0.00769669 -0.09184161
v 0.01208275 0.00979570 -0.08843084
v 0.00729300 -0.01732427 -0.11299718
v 0.00731982 -0.02240965 -0.05630285
v 0.00733048 0.02298000 -0.05730572
v 0.00733280 0.02303521 -0.05937678
v 0.00731622 0.02198799 -0.10923404
v 0.00730657 0.02021173 -0.10861032
v -0.01103280 0.00610000 -0.05100000
v -0.01103280 0.00256626 -0.04871610
v -0.01103279 0.01164731 -0.05054650
v -0.01103280 0.00610000 -0.05500000
v -0.01103280 -0.01801736 -0.10125600
v -0.01103280 -0.03085309 -0.10427251
v -0.01103280 -0.03087340 -0.10125600
v -0.01103280 -0.03413547 -0.09755303
v -0.01103280 -0.03098397 -0.09156179
v -0.01103280 0.01219836 -0.09157500
v -0.01103280 0.02186033 -0.09129621
v -0.01103280 0.02570120 -0.09178410
v -0.01103286 0.03552799 -0.09280752
v -0.01103280 0.03319657 -0.09990182
v -0.01103280 0.02570120 -0.10163730
v -0.01103280 0.02945391 -0.10637628
v -0.01103280 -0.01801736 -0.09173753
v -0.01103280 -0.02187632 -0.09132747
v -0.01103280 -0.03619209 -0.08082031
v -0.01103280 -0.03153684 -0.07863944
v -0.01103280 0.02186033 -0.07860818
v -0.01103280 0.01219980 -0.07860818
v -0.01103280 0.03637492 -0.08532330
v -0.01103280 0.03567136 -0.07792196
v -0.01103280 0.03346216 -0.07077743
v -0.01103280 0.02983823 -0.06423583
v -0.01103280 0.02495282 -0.05857382
v -0.01103280 0.02250715 -0.05751401
v -0.01103280 0.02101006 -0.05593546
v -0.01103280 0.01901252 -0.05403085
v -0.01103280 0.01842124 -0.05625506
v -0.01103280 0.01999786 -0.06090302
v -0.01103280 0.02216061 -0.05988369
v -0.01103280 0.01754254 -0.05827435
v -0.01103280 0.01805116 -0.05993171
v -0.01103280 -0.00618500 -0.04920121
v -0.01103280 -0.00610000 -0.05100000
v -0.01103280 -0.00610000 -0.05500000
v -0.01103280 -0.01484995 -0.05176488
v -0.01103279 -0.02101591 -0.05551895
v -0.01103280 -0.02129351 -0.05606764
v -0.01103280 -0.02580274 -0.05941805
v -0.01103280 -0.02250794 -0.05760987
v -0.01103280 -0.02187632 -0.07863944
v -0.01103280 -0.03049714 -0.06523938
v -0.01103280 -0.02013414 -0.06090302
v -0.01103280 -0.02224239 -0.05976690
v -0.01103280 -0.03390151 -0.07189789
v -0.01103285 -0.03597135 -0.09031216
v -0.01103280 -0.02147374 -0.10954870
v -0.01103280 -0.01955210 -0.10914791
v -0.01103280 -0.02509144 -0.11145996
v -0.01103280 -0.02258809 -0.11115611
v -0.01103280 -0.02195980 -0.11346300
v -0.01103280 -0.01737495 -0.11697785
v -0.01103280 -0.01990752 -0.11421098
v -0.01103280 -0.01813876 -0.11337611
v -0.01103280 -0.01047358 -0.11985821
v -0.01103280 -0.01755365 -0.11083411
v -0.01103280 0.00607816 -0.12097158
v -0.01103280 -0.00312880 -0.12126599
v -0.01103280 0.00408650 -0.10167860
v -0.01103280 -0.00941670 -0.10167860
v -0.01103280 0.01219800 -0.10163730
v -0.01103280 0.01671927 -0.11742353
v -0.01103280 0.01923011 -0.10915765
v -0.01103280 0.01754390 -0.11115611
v -0.01103280 0.02214094 -0.11002525
v -0.01103280 0.01817220 -0.11346301
v -0.01103280 0.02067188 -0.11420658
v -0.01103280 0.02446604 -0.11194826
v -0.01103280 0.02246054 -0.11261404
v -0.01103280 -0.01754390 -0.05884390
v -0.01103280 -0.00945100 -0.07860818
v -0.01103280 -0.01848658 -0.06029886
v -0.01103280 -0.01805116 -0.05672829
v -0.01103280 0.00408650 -0.09182541
v -0.01103280 -0.00942813 -0.09153141
v -0.01103280 -0.00039047 -0.09129620
v -0.01103280 -0.00039047 -0.07860818
v 0.00050000 -0.03390151 -0.09817363
v 0.00050000 -0.03049715 -0.10483212
v 0.00050000 -0.01376680 -0.10333500
v 0.00050000 0.01828580 -0.07250001
v 0.00050000 0.03409101 -0.07240973
v 0.00050000 0.02945394 -0.06369528
v 0.00050000 -0.01525260 -0.08755301
v 0.00050000 -0.00224800 -0.08755301
v 0.00050000 -0.01525260 -0.08244701
v 0.00050000 -0.00224800 -0.08244701
v 0.00050000 0.01828580 -0.09750001
v 0.00050000 0.03181878 -0.10265832
v 0.00050000 0.03403783 -0.09755307
v 0.00050016 0.03642912 -0.08727629
v 0.00050000 0.03553570 -0.07727274
v 0.00050000 0.01741927 -0.11174380
v 0.00050000 0.01855411 -0.10962162
v 0.00050000 0.02090189 -0.10915765
v 0.00050000 0.02754147 -0.10879260
v 0.00050000 0.02258809 -0.11115611
v 0.00050000 0.02209982 -0.11392225
v 0.00050000 0.02195981 -0.11346300
v 0.00050000 0.01923010 -0.11418235
v 0.00050000 0.01572389 -0.11783036
v 0.00050000 0.00224800 -0.08755301
v 0.00050000 0.00700482 -0.12080272
v 0.00050000 -0.00983676 -0.12004357
v 0.00050000 -0.00246758 -0.12131716
v 0.00050000 -0.01923011 -0.10915765
v 0.00050000 -0.01754390 -0.11115611
v 0.00050000 -0.01817220 -0.11346301
v 0.00050000 -0.01834808 -0.11652031
v 0.00050000 -0.02214094 -0.11002524
v 0.00050000 -0.02067188 -0.11420658
v 0.00050000 -0.02246054 -0.11261404
v 0.00050000 -0.02580270 -0.11065351
v 0.00050000 -0.01974860 -0.08755301
v 0.00049987 -0.03618497 -0.08921941
v 0.00050000 -0.01974860 -0.08244701
v 0.00050000 -0.03597396 -0.07976730
v 0.00050000 -0.03413547 -0.07251849
v 0.00050000 -0.03085308 -0.06579900
v 0.00050000 -0.02216061 -0.05988369
v 0.00050006 -0.02494518 -0.05845037
v 0.00050000 -0.02239503 -0.05707054
v 0.00050001 -0.01729249 -0.05305228
v 0.00050000 -0.02013414 -0.05575698
v 0.00050000 -0.01999786 -0.06090302
v 0.00050000 -0.01848658 -0.05636115
v 0.00050000 -0.01741927 -0.05825621
v 0.00050000 -0.01840131 -0.06022731
v 0.00050000 0.00061299 -0.04867501
v 0.00050000 -0.00882047 -0.04967641
v 0.00049994 0.00973330 -0.04991961
v 0.00050000 0.01805116 -0.05672829
v 0.00050000 0.01844393 -0.05368943
v 0.00050000 0.01754254 -0.05838565
v 0.00050000 0.02045293 -0.05571067
v 0.00050000 0.02446609 -0.05812331
v 0.00050000 0.02246054 -0.05738596
v 0.00050000 0.02013414 -0.06090302
v 0.00050000 0.01813876 -0.06003610
v 0.00050000 0.02224239 -0.05976690
v 0.00050000 0.00224800 -0.08244701
v 0.00740000 0.01828580 -0.07250000
v 0.00740000 0.01828580 -0.09750000
v 0.00740000 0.03388580 -0.09750000
v 0.00740000 0.03388580 -0.07250000
v 0.00150000 0.00224800 -0.08244700
v 0.00150000 0.00224800 -0.08755300
v 0.00150000 -0.00224800 -0.08244700
v 0.00150000 -0.00224800 -0.08755300
v 0.00150000 -0.01525260 -0.08244700
v 0.00150000 -0.01525260 -0.08755300
v 0.00150000 -0.01974860 -0.08244700
v 0.00150000 -0.01974860 -0.08755300
v -0.01333280 0.02186033 -0.09129620
v -0.01333280 0.02186033 -0.07860818
v -0.01333280 0.01219980 -0.09129620
v -0.01333280 0.01219980 -0.07860818
v -0.01333280 -0.00039047 -0.09129620
v -0.01333280 -0.00039047 -0.07860818
v -0.01333280 -0.00945100 -0.09129620
v -0.01333280 -0.00945100 -0.07860818
v -0.01333280 -0.02187632 -0.07863944
v -0.01333280 -0.02187632 -0.09132747
v -0.01333280 -0.03153684 -0.09132747
v -0.01333280 -0.03153684 -0.07863944
v -0.01333280 0.02570120 -0.10163730
v -0.01333280 0.02570120 -0.09178410
v -0.01333280 0.01219800 -0.10163730
v -0.01333280 0.01219800 -0.09178410
v -0.01333280 0.00408650 -0.09182540
v -0.01333280 0.00408650 -0.10167860
v -0.01333280 -0.00941670 -0.10167860
v -0.01333280 -0.00941670 -0.09182540
v -0.01333280 -0.01801736 -0.10125600
v -0.01333280 -0.01801736 -0.09173753
v -0.01333280 -0.03087340 -0.10125600
v -0.01333280 -0.03087340 -0.09173753
v -0.01573280 0.00610000 -0.05500000
v -0.01573280 0.00610000 -0.05100000
v -0.01573280 -0.00610000 -0.05500000
v -0.01573280 -0.00610000 -0.05100000
v 0.04050015 0.01691876 -0.11427245
v 0.04185807 0.01699000 -0.11413315
v 0.04043697 0.01494640 -0.11536567
v 0.04188312 0.01413936 -0.11565453
v 0.04174683 0.00112597 -0.11876327
v 0.04050057 0.00042149 -0.11848985
v 0.04180761 0.00435817 -0.11850981
v 0.04045240 0.00340644 -0.11867223
v 0.03699984 0.00354063 -0.11876887
v 0.03150035 0.00356131 -0.11880779
v 0.03150005 0.00953804 -0.11766919
v 0.04192842 0.00905896 -0.11749211
v 0.03150009 0.01490927 -0.11555811
v 0.03700001 0.01486178 -0.11547130
v 0.03700001 -0.00354382 -0.11871667
v 0.04043948 -0.00341775 -0.11867159
v 0.04161689 -0.00710795 -0.11813329
v 0.04176566 -0.00113601 -0.11876547
v 0.04050014 -0.00119325 -0.11880315
v 0.03150007 -0.00354642 -0.11881665
v 0.03150000 -0.00701488 -0.11831325
v 0.04166797 0.02543786 -0.10730939
v 0.04191431 0.02326247 -0.10939664
v 0.03300000 0.02562078 -0.10743740
v 0.03150063 0.02189184 -0.11108452
v 0.03297065 0.02190923 -0.11097538
v 0.04163477 0.02163576 -0.11099128
v 0.04050022 0.01810108 -0.11317584
v 0.04045599 0.02041613 -0.11199237
v 0.04190600 0.01872510 -0.11303899
v 0.03150024 0.02057597 -0.11198349
v 0.03699987 0.02057817 -0.11200050
v 0.04166798 -0.02543783 -0.06269060
v 0.04191431 -0.02326249 -0.06060338
v 0.03300000 -0.02562078 -0.06256260
v 0.03150063 -0.02188846 -0.05891970
v 0.03296636 -0.02191097 -0.05902663
v 0.04163476 -0.02163613 -0.05900902
v 0.04050036 -0.01846790 -0.05690405
v 0.04045277 -0.02041764 -0.05800868
v 0.04190600 -0.01872511 -0.05696102
v 0.03150024 -0.02057597 -0.05801651
v 0.03699987 -0.02057817 -0.05799950
v 0.04050031 -0.01705195 -0.05593700
v 0.04192487 -0.01703788 -0.05593768
v 0.04045178 -0.01495427 -0.05463857
v 0.04182871 -0.01355867 -0.05404182
v 0.04164733 -0.00435216 -0.05144696
v 0.04193663 0.00008174 -0.05126261
v 0.04046762 -0.00339652 -0.05130940
v 0.04046125 0.00340548 -0.05132597
v 0.04182545 0.00355213 -0.05141065
v 0.03150000 0.00701533 -0.05168657
v 0.03150003 0.00354421 -0.05119069
v 0.04164027 0.00706638 -0.05189334
v 0.03700001 0.00354386 -0.05128334
v 0.03699984 -0.00354097 -0.05123120
v 0.03150030 -0.00355459 -0.05121386
v 0.03149997 -0.00898733 -0.05216689
v 0.04192442 -0.00900096 -0.05247921
v 0.03150010 -0.01490960 -0.05443944
v 0.03700001 -0.01486178 -0.05452870
v 0.04164408 0.01156440 -0.05319327
v 0.04187852 0.01424059 -0.05440130
v 0.03150000 0.01173586 -0.05306405
v 0.03150034 0.01489128 -0.05445802
v 0.04177870 0.01692269 -0.05576165
v 0.04050024 0.01699667 -0.05585956
v 0.04045240 0.01495480 -0.05463907
v 0.03699987 0.01488841 -0.05449058
v 0.04190436 0.02162936 -0.05909184
v 0.03150041 0.02187586 -0.05893307
v 0.03700001 0.02055579 -0.05804018
v 0.03150004 0.02060067 -0.05797001
v 0.04044877 0.02041698 -0.05800757
v 0.04169270 0.01892310 -0.05697158
v 0.04050033 0.01837698 -0.05688768
v 0.03296725 0.02190786 -0.05901700
v 0.04171413 0.02541392 -0.06266928
v 0.03300000 0.02565075 -0.06257581
v 0.04188432 0.03372069 -0.08343276
v 0.04043690 0.03360080 -0.08094332
v 0.04176206 0.03336330 -0.07967381
v 0.04050022 0.03309091 -0.07926363
v 0.03150042 0.03408171 -0.08202675
v 0.03150018 0.03373494 -0.08105006
v 0.03399995 0.03384170 -0.08204333
v 0.03700001 0.03367213 -0.08105876
v 0.03399994 0.03384389 -0.08795369
v 0.04050045 0.03314043 -0.09065973
v 0.04045501 0.03359885 -0.08906780
v 0.04177791 0.03335439 -0.09033200
v 0.04172002 0.03371082 -0.08745244
v 0.03150104 0.03395038 -0.08796749
v 0.03699994 0.03370286 -0.08894756
v 0.03150024 0.03370349 -0.08894341
v 0.03499997 0.03247944 -0.09493580
v 0.03150033 0.03265752 -0.09498532
v 0.03150016 0.03275816 -0.09397505
v 0.03700001 0.03269705 -0.09395967
v 0.04043947 0.03267304 -0.09382727
v 0.04178175 0.03213938 -0.09546413
v 0.04050025 0.03288581 -0.09234942
v 0.04180688 0.03291189 -0.09250554
v 0.04165584 0.03072346 -0.09923316
v 0.03500000 0.03090704 -0.09936064
v 0.03499993 0.03247406 -0.07506377
v 0.03500001 0.03089540 -0.07088487
v 0.04162931 0.03073918 -0.07087012
v 0.03150020 0.03272656 -0.07603072
v 0.03150035 0.03260968 -0.07502925
v 0.03699988 0.03271836 -0.07603823
v 0.04188415 0.03210481 -0.07455993
v 0.04174767 0.03292783 -0.07745284
v 0.04050071 0.03290611 -0.07755009
v 0.04044944 0.03267523 -0.07618204
v 0.03499993 -0.03247406 -0.09493622
v 0.03500001 -0.03089540 -0.09911514
v 0.04177474 -0.03069577 -0.09916466
v 0.03150020 -0.03272656 -0.09396929
v 0.03150031 -0.03265291 -0.09498818
v 0.03699988 -0.03271836 -0.09396178
v 0.04185516 -0.03210369 -0.09548528
v 0.04174767 -0.03292783 -0.09254716
v 0.04050079 -0.03290610 -0.09244991
v 0.04045601 -0.03267504 -0.09381802
v 0.03400000 -0.03384033 -0.08795766
v 0.03150042 -0.03408171 -0.08797326
v 0.03150018 -0.03373495 -0.08894990
v 0.03700001 -0.03367253 -0.08894128
v 0.04044466 -0.03360011 -0.08905797
v 0.04188303 -0.03372004 -0.08665258
v 0.04176206 -0.03336330 -0.09032620
v 0.04050022 -0.03309090 -0.09073640
v 0.03399988 -0.03385614 -0.08205257
v 0.04050048 -0.03314043 -0.07934028
v 0.04045878 -0.03359893 -0.08093408
v 0.04177791 -0.03335439 -0.07966801
v 0.04172002 -0.03371082 -0.08254756
v 0.03150104 -0.03395038 -0.08203252
v 0.03699994 -0.03370285 -0.08105242
v 0.03150024 -0.03370350 -0.08105663
v 0.03499997 -0.03247944 -0.07506419
v 0.03149977 -0.03247157 -0.07435296
v 0.03150016 -0.03275816 -0.07602496
v 0.03700001 -0.03269705 -0.07604033
v 0.04043947 -0.03267304 -0.07617273
v 0.04178175 -0.03213938 -0.07453588
v 0.04050023 -0.03288581 -0.07765058
v 0.04180688 -0.03291189 -0.07749446
v 0.04165583 -0.03072346 -0.07076684
v 0.03500000 -0.03090704 -0.07063936
v 0.04164408 -0.01156439 -0.11680674
v 0.04187852 -0.01424057 -0.11559872
v 0.03150000 -0.01173587 -0.11693595
v 0.03150034 -0.01489128 -0.11554198
v 0.04177870 -0.01692269 -0.11423836
v 0.04050029 -0.01699667 -0.11414044
v 0.04045240 -0.01495479 -0.11536093
v 0.03699987 -0.01488841 -0.11550943
v 0.04190749 -0.02162380 -0.11091037
v 0.03150041 -0.02187587 -0.11106695
v 0.03700001 -0.02055579 -0.11195983
v 0.03150004 -0.02060067 -0.11203000
v 0.04045178 -0.02041549 -0.11199348
v 0.04169271 -0.01892310 -0.11302841
v 0.04050031 -0.01837698 -0.11311233
v 0.03296432 -0.02191062 -0.11098072
v 0.04171413 -0.02541391 -0.10733074
v 0.03300000 -0.02565074 -0.10742419
v 0.04198980 0.01808948 -0.05680501
v 0.04196410 0.01137768 -0.05338097
v 0.04198180 0.02564262 -0.06315215
v 0.04195993 -0.02560828 -0.06306122
v 0.04195707 0.00710252 -0.05213693
v 0.04199301 0.03284018 -0.07858352
v 0.04199278 0.03300790 -0.09084110
v 0.04196247 0.03047763 -0.07076526
v 0.04196633 0.03047254 -0.09930817
v 0.04199536 -0.03283867 -0.09142093
v 0.04199267 -0.03300812 -0.07915939
v 0.04200451 -0.03027430 -0.09912916
v 0.04197050 -0.03046464 -0.07067568
v 0.04199396 0.00004661 -0.11845975
v 0.04195993 0.02560828 -0.10693879
v 0.04195811 -0.00712677 -0.11787552
v 0.04199003 -0.01808904 -0.11319507
v 0.04196410 -0.01137768 -0.11661904
v 0.04197918 -0.02564285 -0.10685460
v 0.04200011 0.03005118 -0.09279246
v 0.04200004 0.03101204 -0.08620906
v 0.04200054 0.03031142 -0.07802539
v 0.04200001 0.02834324 -0.07221251
v 0.04200001 0.02835749 -0.09783901
v 0.04196941 -0.02824673 -0.06108911
v 0.04193649 -0.03197035 -0.06590717
v 0.04200006 -0.02915415 -0.06599111
v 0.04197392 -0.03332249 -0.06888534
v 0.04202653 -0.03097579 -0.06961405
v 0.04200007 -0.03069770 -0.06736412
v 0.04200006 0.03105897 -0.06859652
v 0.04197408 0.03330446 -0.06893970
v 0.04193676 0.03018306 -0.06320445
v 0.04200007 0.03024745 -0.06674355
v 0.04197823 0.03073211 -0.07022674
v 0.04200007 -0.02716474 -0.06590849
v 0.04196189 0.02827645 -0.06106516
v 0.04200019 0.02779825 -0.06568498
v 0.04199968 0.01329150 -0.05692134
v 0.04200026 0.00494899 -0.05431282
v 0.04191672 0.00807621 -0.05138196
v 0.04200001 -0.02522582 -0.06683905
v 0.04199973 0.02530527 -0.06684549
v 0.04200004 0.01902881 -0.06046963
v 0.04200047 -0.00383000 -0.05421962
v 0.04200017 -0.01045558 -0.05576370
v 0.04200016 -0.02204737 -0.06313729
v 0.04200028 -0.01664989 -0.05879772
v 0.04198024 0.01065193 -0.05207753
v 0.04200011 -0.03005129 -0.07720798
v 0.04200004 -0.03101207 -0.08379203
v 0.04200005 -0.03058533 -0.09030598
v 0.04200002 -0.02835490 -0.07217354
v 0.04200001 -0.02834038 -0.09777901
v 0.04503468 0.02665229 -0.09179408
v 0.04504650 0.02524051 -0.09593732
v 0.04497756 0.02806213 -0.09744263
v 0.04503071 0.02884409 -0.08741464
v 0.04503717 0.02744009 -0.08748446
v 0.04502572 0.03042344 -0.08570998
v 0.04496685 0.03020671 -0.09063085
v 0.04513996 -0.02641485 -0.07803585
v 0.04505458 -0.02519398 -0.07412837
v 0.04497756 -0.02806213 -0.07255737
v 0.04505217 -0.02735554 -0.08251841
v 0.04502360 -0.03055742 -0.08428967
v 0.04509824 -0.02916958 -0.08298643
v 0.04503637 -0.01652295 -0.10883155
v 0.04498830 -0.02084628 -0.10753636
v 0.04498408 -0.01543832 -0.11154301
v 0.04502765 -0.02203280 -0.10146904
v 0.04499520 -0.02474584 -0.10303633
v 0.04510977 -0.01848277 -0.10510784
v 0.04503859 -0.01587255 -0.10743880
v 0.04510788 -0.00813230 -0.05892437
v 0.04504672 -0.00314679 -0.05768506
v 0.04501903 -0.00345582 -0.05458733
v 0.04503945 -0.01259937 -0.05861669
v 0.04503359 -0.01144011 -0.06002457
v 0.04498786 -0.00850167 -0.05552068
v 0.04505226 -0.01473894 -0.05835059
v 0.04504357 0.02208109 -0.06860095
v 0.04500634 0.02481047 -0.06701012
v 0.04510976 0.01848280 -0.06489220
v 0.04509824 0.01632860 -0.06074521
v 0.04493337 0.02070156 -0.06209510
v 0.04498408 0.01543832 -0.05845699
v 0.04504383 0.01585178 -0.06255399
v 0.04511710 0.01316476 -0.11141331
v 0.04498433 0.00944196 -0.11423737
v 0.04503793 0.01494390 -0.11161523
v 0.04503626 0.00320687 -0.11230455
v 0.04501405 0.00346775 -0.11541840
v 0.04503584 0.00776088 -0.11137611
v 0.04510804 0.01220152 -0.11074492
v 0.04503752 0.01156757 -0.11000423
v 0.03150157 -0.01979356 -0.11138235
v 0.03152441 0.02640413 -0.10696811
v 0.03160226 0.01981364 -0.11100171
v 0.03149505 0.02516253 -0.10627336
v 0.03159099 0.00487061 -0.11731821
v 0.03163813 0.01211978 -0.11534257
v 0.03149914 -0.01066332 -0.11610620
v 0.03161803 -0.00188926 -0.11760753
v 0.03152258 -0.02639394 -0.10696240
v 0.03149570 -0.02516138 -0.10627694
v 0.03152432 -0.00758341 -0.11705510
v 0.03150122 -0.00851327 -0.11784065
v 0.03150003 -0.00806466 -0.11894252
v 0.03150009 -0.01035872 -0.11879062
v 0.03157313 -0.01001960 -0.11730118
v 0.03149961 0.02967270 -0.07092071
v 0.03150003 0.03185685 -0.07139629
v 0.03150000 0.03179287 -0.07316702
v 0.03158920 0.03109818 -0.07507998
v 0.03160159 0.03246974 -0.08163986
v 0.03160352 0.03233591 -0.08989005
v 0.03149996 0.02969176 -0.09902042
v 0.03150000 0.03174065 -0.09685883
v 0.03149993 0.03183218 -0.09859057
v 0.03149999 0.03136469 -0.07128087
v 0.03150000 0.03248915 -0.09579437
v 0.03152864 0.03080649 -0.06981370
v 0.03149994 0.03274061 -0.07380687
v 0.03150001 0.03248709 -0.07424954
v 0.03149987 0.02989671 -0.07040725
v 0.03149999 0.03278077 -0.09620768
v 0.03152666 0.03079575 -0.10017730
v 0.03149958 0.02982555 -0.09952778
v 0.03150001 0.03133435 -0.09875015
v 0.03150157 0.01979357 -0.05861766
v 0.03149914 0.01066332 -0.05389381
v 0.03152440 -0.02640416 -0.06303191
v 0.03150260 -0.01924543 -0.05820044
v 0.03149505 -0.02516253 -0.06372664
v 0.03165902 -0.01174281 -0.05453490
v 0.03152258 0.02639393 -0.06303760
v 0.03149570 0.02516139 -0.06372307
v 0.03159798 -0.00488290 -0.05268716
v 0.03152513 0.00758336 -0.05294553
v 0.03161803 0.00188931 -0.05239248
v 0.03158605 0.01012915 -0.05291337
v 0.03150375 0.00877800 -0.05206209
v 0.03150003 0.00806467 -0.05105748
v 0.03150009 0.01035872 -0.05120938
v 0.03158920 -0.03109816 -0.09492007
v 0.03158769 -0.03102243 -0.07483727
v 0.03150000 -0.03184519 -0.07324173
v 0.03149666 -0.02967043 -0.07066777
v 0.03149961 -0.02967270 -0.09907930
v 0.03150000 -0.03169379 -0.09693999
v 0.03160159 -0.03246974 -0.08836015
v 0.03160891 -0.03244304 -0.08141427
v 0.03149997 -0.03187022 -0.09860703
v 0.03149996 -0.03179691 -0.07141361
v 0.03149999 -0.03136470 -0.09871913
v 0.03152864 -0.03080649 -0.10018630
v 0.03149999 -0.03278076 -0.07379233
v 0.03149987 -0.02989671 -0.09959276
v 0.03149993 -0.03262934 -0.09614327
v 0.03150001 -0.03133433 -0.07124984
v 0.03152666 -0.03079574 -0.06982270
v 0.03609993 0.02481057 -0.10605856
v 0.03180686 0.02473286 -0.10615957
v 0.04059861 0.02482945 -0.10614192
v 0.03610001 0.02933145 -0.09907596
v 0.04059991 0.03096052 -0.09549142
v 0.03179555 0.02939084 -0.07105722
v 0.03609990 0.02929376 -0.07075126
v 0.04059932 0.02973175 -0.07177050
v 0.03610000 0.02745205 -0.06728815
v 0.04060012 0.02611828 -0.06560189
v 0.03609999 0.02484043 -0.06398066
v 0.04060005 0.02157160 -0.06061328
v 0.03179849 0.02165302 -0.06070263
v 0.03178787 0.02482140 -0.06390421
v 0.03179649 -0.00752225 -0.11671542
v 0.04059999 -0.00751691 -0.11671413
v 0.04060000 -0.00179177 -0.11749749
v 0.04060000 0.00518870 -0.11713058
v 0.04060000 0.01192992 -0.11528157
v 0.04060000 0.01812081 -0.11203574
v 0.03178778 0.02936766 -0.09909404
v 0.03179162 0.03093288 -0.09514668
v 0.04060000 0.03254068 -0.08553429
v 0.04060000 0.03190545 -0.07858077
v 0.03179592 0.01565546 -0.05641551
v 0.04060000 0.01570604 -0.05649687
v 0.04059999 0.01042255 -0.05411465
v 0.03179440 0.01042396 -0.05410647
v 0.03000000 -0.03457781 -0.09834435
v 0.02999988 -0.03412449 -0.09639143
v 0.03000000 -0.03275571 -0.09501443
v 0.03000000 -0.02648106 -0.10954461
v 0.03000000 -0.02201701 -0.11123884
v 0.03000000 -0.02408474 -0.11049490
v 0.03000000 -0.02647848 -0.10704055
v 0.03000000 -0.03318638 -0.09931010
v 0.03000000 -0.02643447 -0.11138073
v 0.03000000 -0.02504786 -0.11167642
v 0.02999999 -0.03255662 -0.09596309
v 0.03000000 -0.02498382 -0.10925857
v 0.03000000 -0.03164158 -0.09857628
v 0.03000000 -0.03110658 -0.10045872
v 0.03000000 -0.03234326 -0.10126777
v 0.03000000 -0.03090101 -0.09985654
v 0.03000010 -0.02804270 -0.10794575
v 0.03000000 -0.03660328 -0.08620381
v 0.03000000 -0.03727506 -0.08449437
v 0.03000000 -0.03412204 -0.08798529
v 0.03000000 -0.03519915 -0.08600743
v 0.03000000 -0.03469034 -0.08480654
v 0.03000000 -0.03418709 -0.08202607
v 0.03000000 -0.03573386 -0.08370315
v 0.02999997 -0.03183716 -0.06390928
v 0.03000000 -0.03475429 -0.07194608
v 0.03000000 -0.02646509 -0.06297189
v 0.03000000 -0.02636708 -0.06056938
v 0.03000000 -0.02433337 -0.06037904
v 0.03000002 -0.02208984 -0.05870771
v 0.03000000 -0.02450894 -0.05864766
v 0.03000000 -0.02357874 -0.05699971
v 0.03000000 -0.03394942 -0.07359448
v 0.02999985 -0.03254341 -0.07470620
v 0.03000001 -0.03278411 -0.07382184
v 0.02999991 -0.02532032 -0.05678518
v 0.03000000 -0.02662214 -0.05896098
v 0.03000000 -0.03323582 -0.07071599
v 0.03000000 -0.02564569 -0.05827128
v 0.03000010 -0.03236798 -0.06871459
v 0.03000000 -0.03163487 -0.07143579
v 0.03000000 -0.03090577 -0.06977422
v 0.03000000 -0.02799915 -0.06206460
v 0.03000000 0.03283241 -0.07380150
v 0.03000000 0.03400424 -0.07358378
v 0.02999985 0.03254015 -0.07444502
v 0.03000000 0.03468591 -0.07231882
v 0.03000000 0.02601050 -0.06082842
v 0.03000000 0.02666278 -0.05889243
v 0.03000018 0.03167058 -0.06369770
v 0.03000000 0.03407433 -0.07102118
v 0.02999992 0.02536594 -0.05681099
v 0.03000000 0.02422491 -0.05905687
v 0.03000000 0.02364672 -0.05695764
v 0.03000000 0.02526600 -0.05827128
v 0.03000000 0.02201701 -0.05876115
v 0.03000011 0.02804271 -0.06205425
v 0.03000000 0.02647847 -0.06295944
v 0.03000000 0.03164164 -0.07142374
v 0.03000000 0.03110657 -0.06954130
v 0.03000000 0.03278373 -0.07079303
v 0.03000000 0.03234326 -0.06873223
v 0.03000000 0.02444842 -0.06034500
v 0.03000000 0.03090101 -0.07014346
v 0.03000000 0.03719727 -0.08547202
v 0.03000000 0.03697863 -0.08407512
v 0.03000000 0.03630294 -0.08626829
v 0.03000000 0.03471574 -0.08555465
v 0.03000000 0.03418709 -0.08797393
v 0.03000000 0.03412204 -0.08201471
v 0.03000000 0.03537027 -0.08383549
v 0.03179555 -0.02939084 -0.09894279
v 0.03609990 -0.02929376 -0.09924875
v 0.04059919 -0.02973177 -0.09822947
v 0.03610000 -0.02731221 -0.10287676
v 0.04060012 -0.02611829 -0.10439810
v 0.03609999 -0.02484047 -0.10601932
v 0.04060005 -0.02157162 -0.10938671
v 0.03179849 -0.02165304 -0.10929736
v 0.03178787 -0.02482141 -0.10609578
v 0.03609993 -0.02481056 -0.06394144
v 0.03180686 -0.02473286 -0.06384043
v 0.04059877 -0.02482945 -0.06385808
v 0.03610001 -0.02933145 -0.07092404
v 0.04059991 -0.03096051 -0.07450858
v 0.03179649 0.00752225 -0.05328458
v 0.04059999 0.00751691 -0.05328587
v 0.04060000 0.00179178 -0.05250251
v 0.04060000 -0.00518870 -0.05286942
v 0.04060000 -0.01192993 -0.05471844
v 0.04060000 -0.01812080 -0.05796425
v 0.03180048 -0.01882424 -0.05843480
v 0.03178778 -0.02936766 -0.07090601
v 0.04060000 -0.03254068 -0.08446571
v 0.04060000 -0.03190545 -0.09141928
v 0.03179592 -0.01565545 -0.11358450
v 0.04060000 -0.01570598 -0.11350317
v 0.04059999 -0.01042255 -0.11588535
v 0.03179440 -0.01042396 -0.11589354
v 0.04497369 0.00995998 -0.05588419
v 0.04504306 0.01331926 -0.05828204
v 0.04504451 0.01152938 -0.06003942
v 0.04499485 0.00358137 -0.05462443
v 0.04513284 0.00831058 -0.05900466
v 0.04504021 0.00314958 -0.05764911
v 0.04473563 -0.00793220 -0.05505355
v 0.04475135 -0.00338487 -0.05425736
v 0.04513447 -0.00303303 -0.05425281
v 0.04587229 0.00003040 -0.05405163
v 0.04595565 -0.00288084 -0.05426636
v 0.04481327 -0.01233485 -0.05667450
v 0.04477296 -0.01610638 -0.05856780
v 0.04491335 -0.02054514 -0.06195281
v 0.04491364 -0.02323659 -0.06472076
v 0.04466335 -0.02503019 -0.06679741
v 0.04481056 0.02343744 -0.06486661
v 0.04475735 0.02504479 -0.06683712
v 0.04483684 0.01885822 -0.06053366
v 0.04467579 0.01546736 -0.05818659
v 0.04466350 0.01133324 -0.05618764
v 0.04471267 0.00702826 -0.05485217
v 0.04477137 0.00342915 -0.05427410
v 0.04580537 0.00274848 -0.05419787
v 0.04939272 0.02601750 -0.09219675
v 0.04918576 0.02460403 -0.09625606
v 0.04577569 0.02496961 -0.09572326
v 0.04939273 -0.02601750 -0.07780325
v 0.04918576 -0.02460403 -0.07374395
v 0.04937987 0.00327656 -0.05819943
v 0.04916644 0.00815691 -0.05916332
v 0.04604701 0.00292839 -0.05797445
v 0.04589564 -0.02492628 -0.07400198
v 0.04527895 -0.02499404 -0.07399871
v 0.04618147 0.02474031 -0.09624964
v 0.04618395 0.02210164 -0.10079978
v 0.04945283 0.02300308 -0.09895619
v 0.04940908 0.02091044 -0.10208760
v 0.04588602 0.02184085 -0.10118276
v 0.04911086 0.01773756 -0.10547043
v 0.04939985 0.01533755 -0.10719264
v 0.04796918 0.01518766 -0.10749034
v 0.04764467 0.01560465 -0.10717261
v 0.04527099 0.01573682 -0.10722122
v 0.04535538 0.01824371 -0.10519607
v 0.04796185 0.01188018 -0.10941613
v 0.04527911 0.01136909 -0.10973699
v 0.04937283 0.00831426 -0.11070726
v 0.04938621 0.01214739 -0.10910455
v 0.04531914 0.00311292 -0.11205561
v 0.04532504 0.00747605 -0.11121836
v 0.04584677 0.00315242 -0.11199249
v 0.04617274 0.00263519 -0.11205737
v 0.04940506 0.00291337 -0.11183584
v 0.04604701 -0.00292839 -0.11202555
v 0.04616673 -0.00263924 -0.11212891
v 0.04914849 -0.00145319 -0.11204110
v 0.04941683 -0.00538832 -0.11143016
v 0.04799095 -0.01195871 -0.10933217
v 0.04939925 -0.01029688 -0.10995285
v 0.04927448 -0.01412822 -0.10806619
v 0.04773791 -0.01147562 -0.10956629
v 0.04513284 -0.00831062 -0.11099533
v 0.04525580 -0.01145427 -0.10973117
v 0.04796600 -0.01519819 -0.10750069
v 0.04910495 -0.01779524 -0.10542484
v 0.04939866 -0.02503735 -0.09506407
v 0.04612846 -0.02484098 -0.09607321
v 0.04930380 -0.02364040 -0.09809780
v 0.04614717 -0.02207313 -0.10089942
v 0.04920660 -0.02107488 -0.10194957
v 0.04938825 -0.02698878 -0.08497752
v 0.04799294 -0.02705298 -0.08680170
v 0.04939902 -0.02677832 -0.08836970
v 0.04773777 -0.02701271 -0.08734535
v 0.04939921 -0.02679055 -0.08172837
v 0.04796302 -0.02708523 -0.08308244
v 0.04615958 -0.02478788 -0.07380467
v 0.04617023 -0.02209475 -0.06916518
v 0.04945283 -0.02300309 -0.07104383
v 0.04940909 -0.02091029 -0.06791225
v 0.04594733 -0.02185326 -0.06884324
v 0.04911087 -0.01773788 -0.06452986
v 0.04941671 -0.01512973 -0.06267770
v 0.04796881 -0.01518813 -0.06250995
v 0.04764112 -0.01560775 -0.06283119
v 0.04538377 -0.01572155 -0.06279418
v 0.04535539 -0.01824374 -0.06480395
v 0.04796226 -0.01188074 -0.06058415
v 0.04533426 -0.01144037 -0.06028890
v 0.04908875 -0.00820260 -0.05916725
v 0.04940686 -0.01182441 -0.06073129
v 0.04617479 -0.00262954 -0.05793509
v 0.04584679 -0.00315242 -0.05800752
v 0.04940721 -0.00370578 -0.05824856
v 0.04616461 0.00264601 -0.05790437
v 0.04941988 -0.00035747 -0.05806781
v 0.04939831 0.01257430 -0.06111528
v 0.04798150 0.01191047 -0.06062488
v 0.04767963 0.01156370 -0.06043104
v 0.04530464 0.01163098 -0.06028171
v 0.04913854 0.01704434 -0.06391621
v 0.04795968 0.01520750 -0.06250736
v 0.04919222 0.02466723 -0.07388960
v 0.04596536 0.02491095 -0.07412204
v 0.04619018 0.02472078 -0.07370812
v 0.04942484 0.02314137 -0.07124018
v 0.04614762 0.02207314 -0.06910090
v 0.04938563 0.02109460 -0.06815928
v 0.04938825 0.02698878 -0.08502251
v 0.04797018 0.02706748 -0.08310357
v 0.04939902 0.02677833 -0.08163039
v 0.04769194 0.02700444 -0.08259701
v 0.04769213 0.02706015 -0.08726314
v 0.04797655 0.02706835 -0.08688387
v 0.04939920 0.02679054 -0.08827176
v 0.04532245 -0.00312697 -0.05792669
v 0.04534629 -0.02188808 -0.06877773
v 0.04528806 -0.02720798 -0.08270399
v 0.04529399 -0.02498950 -0.09599592
v 0.04914892 -0.02621172 -0.09175432
v 0.04513466 -0.02668159 -0.09072454
v 0.04523334 -0.02711702 -0.08753216
v 0.04530207 -0.02191188 -0.10121725
v 0.04531722 -0.01568446 -0.10726684
v 0.04529052 -0.00311747 -0.11208085
v 0.04535912 0.02189560 -0.10121112
v 0.04535805 0.02660635 -0.09072093
v 0.04527359 0.02711065 -0.08751345
v 0.04533346 0.02499189 -0.07414304
v 0.04941571 0.02601408 -0.07782642
v 0.04511377 0.02654789 -0.07854709
v 0.04521165 0.02714206 -0.08251537
v 0.04530762 0.02186476 -0.06874073
v 0.04526331 0.01560026 -0.06257186
v 0.04529696 0.00312254 -0.05792282
v 0.04196147 -0.02830629 -0.10892262
v 0.04200022 -0.02782815 -0.10431384
v 0.04194182 -0.03204136 -0.10394856
v 0.04200006 -0.03106591 -0.10129112
v 0.04197569 -0.03331856 -0.10112011
v 0.04200007 -0.03030998 -0.10319076
v 0.04198688 -0.03075423 -0.09982599
v 0.04197034 0.03074457 -0.09976158
v 0.04200013 0.03105492 -0.10117901
v 0.04196892 0.03333873 -0.10108352
v 0.04193926 0.03019153 -0.10678031
v 0.04200007 0.03039220 -0.10309942
v 0.04200035 0.02787193 -0.10434809
v 0.04196493 0.02830479 -0.10891533
v 0.04210883 -0.02526064 -0.10314616
v 0.04212691 -0.02336235 -0.10553529
v 0.04208879 0.02534822 -0.10309400
v 0.04201941 -0.01060463 -0.11449412
v 0.04197279 -0.00834752 -0.11855666
v 0.04207058 -0.00121851 -0.11620294
v 0.04198024 -0.01065193 -0.11792247
v 0.04210866 -0.01990473 -0.10891806
v 0.04203381 -0.01602998 -0.11187223
v 0.04208283 0.00612913 -0.11558811
v 0.04214171 0.01169701 -0.11380845
v 0.04209763 0.01602954 -0.11166145
v 0.04210815 0.02246336 -0.10655145
v 0.04509871 -0.02876936 -0.08721392
v 0.04504851 -0.03003128 -0.08643846
v 0.04492332 -0.03058579 -0.08888032
v 0.04504038 -0.03052486 -0.08486777
v 0.04502377 -0.02745652 -0.08753726
v 0.04496859 -0.02808771 -0.09746365
v 0.04505224 -0.02521813 -0.09592512
v 0.04490967 -0.02922998 -0.09485769
v 0.04474673 -0.03093757 -0.08499369
v 0.04466588 -0.03017135 -0.09194766
v 0.04466336 -0.02827900 -0.09757549
v 0.04481701 -0.02949859 -0.07576177
v 0.04467364 -0.02827698 -0.07242562
v 0.04479344 -0.03054762 -0.08020242
v 0.04496859 0.02808899 -0.07253923
v 0.04503614 0.02524200 -0.07416499
v 0.04503112 0.02865419 -0.08254455
v 0.04505595 0.03022963 -0.08382814
v 0.04492332 0.03058592 -0.08112077
v 0.04491365 0.02918073 -0.07501640
v 0.04503484 0.02746309 -0.08252253
v 0.04483242 0.03090476 -0.08506092
v 0.04466526 0.03017151 -0.07805133
v 0.04466337 0.02828028 -0.07242740
v 0.04478064 0.02825831 -0.09760641
v 0.04473698 0.03043832 -0.09075595
v 0.04511402 -0.01220012 -0.11074109
v 0.04512243 -0.01320052 -0.11141895
v 0.04497253 -0.00991083 -0.11413492
v 0.04503274 -0.01157408 -0.11001745
v 0.04499485 -0.00358137 -0.11537557
v 0.04502949 -0.00321328 -0.11234380
v 0.04496858 -0.02483769 -0.06690715
v 0.04505552 -0.02207908 -0.06863704
v 0.04503467 -0.01921020 -0.06531566
v 0.04504115 -0.01655021 -0.06096381
v 0.04505187 -0.01583981 -0.06258352
v 0.04503112 0.01645359 -0.10858762
v 0.04504852 0.01626139 -0.11028861
v 0.04493189 0.02263347 -0.10597111
v 0.04500642 0.02477088 -0.10299377
v 0.04504068 0.02202976 -0.10141885
v 0.04503468 0.01920996 -0.10468455
v 0.04502574 0.01591807 -0.10748054
v 0.03300000 -0.02670584 -0.05954416
v 0.03300000 -0.02668685 -0.05932710
v 0.03295659 -0.02865670 -0.06011916
v 0.03300000 -0.02663046 -0.05911663
v 0.03300000 -0.02465236 -0.05858660
v 0.03300000 -0.02449829 -0.05874067
v 0.03294816 -0.02336154 -0.05729932
v 0.03300000 -0.02437331 -0.05891915
v 0.03300000 -0.02428123 -0.05911663
v 0.03300000 -0.02422483 -0.05932710
v 0.03300000 -0.02420584 -0.05954416
v 0.03300000 -0.02422483 -0.05976122
v 0.03300000 -0.02428123 -0.05997168
v 0.03300000 -0.02437331 -0.06016916
v 0.03300000 -0.02653838 -0.05891915
v 0.03300000 -0.02641340 -0.05874067
v 0.03296041 -0.02553144 -0.05700976
v 0.03300000 -0.02625933 -0.05858660
v 0.03300000 -0.02608084 -0.05846163
v 0.03300000 -0.02826885 -0.06055306
v 0.03300000 -0.02608084 -0.06062669
v 0.03300000 -0.02588337 -0.05836954
v 0.03300000 -0.02567291 -0.05831315
v 0.03300000 -0.02545584 -0.05829415
v 0.03300000 -0.02502832 -0.05836954
v 0.03300000 -0.02523878 -0.05831315
v 0.03300000 -0.02483084 -0.05846163
v 0.03300000 -0.02449829 -0.06034764
v 0.03300000 -0.02465236 -0.06050171
v 0.03300000 -0.02483084 -0.06062669
v 0.03299914 -0.03167902 -0.06482270
v 0.03300000 -0.02567291 -0.06077516
v 0.03300000 -0.02588337 -0.06071877
v 0.03300000 -0.02668685 -0.05976122
v 0.03300000 -0.02663046 -0.05997168
v 0.03300000 -0.02653838 -0.06016916
v 0.03292814 -0.03231308 -0.06500587
v 0.03295328 -0.03442837 -0.06910793
v 0.03300000 -0.02625933 -0.06050171
v 0.03300000 -0.02641340 -0.06034764
v 0.03300000 -0.02502832 -0.06071877
v 0.03300000 -0.02523878 -0.06077516
v 0.03300000 -0.02545584 -0.06079416
v 0.03300000 0.02638073 -0.10947721
v 0.03300000 0.02826885 -0.10944695
v 0.03300000 0.02420600 -0.11082765
v 0.03300000 0.02465269 -0.10937507
v 0.03300000 0.02526239 -0.11176552
v 0.03293482 0.02352117 -0.11286902
v 0.03296919 0.02550937 -0.11298965
v 0.03294405 0.02853547 -0.11002452
v 0.03300000 0.02662036 -0.11108556
v 0.03299914 0.03167902 -0.10517731
v 0.03293510 0.03233235 -0.10496239
v 0.03295096 0.03442780 -0.10089384
v 0.03000000 0.02641948 -0.11130888
v 0.03000000 0.02672414 -0.11015291
v 0.03000000 0.03431645 -0.09661220
v 0.03000000 0.03457883 -0.09828850
v 0.03000000 0.02592788 -0.10925858
v 0.03000000 0.02453096 -0.10947722
v 0.03000000 0.02646509 -0.10702812
v 0.02999985 0.03254341 -0.09529382
v 0.03000001 0.03278414 -0.09617819
v 0.03000002 0.02208985 -0.11129229
v 0.03000000 0.02423527 -0.11086385
v 0.03000000 0.02518972 -0.11175270
v 0.03000000 0.03337427 -0.09929366
v 0.03000010 0.03236798 -0.10128541
v 0.03000000 0.03090577 -0.10022579
v 0.02999999 0.03163486 -0.09856420
v 0.03000000 0.02801655 -0.10793034
v 0.03300000 -0.02608084 -0.11153837
v 0.03300000 -0.02625933 -0.11141340
v 0.03295429 -0.02552748 -0.11299773
v 0.03296153 -0.02776528 -0.11084002
v 0.03300000 -0.02653838 -0.11108085
v 0.03300000 -0.02663046 -0.11088337
v 0.03300000 -0.02653838 -0.10983084
v 0.03300000 -0.02641340 -0.10965236
v 0.03300000 -0.02831186 -0.10944216
v 0.03300000 -0.02625933 -0.10949829
v 0.03300000 -0.02523878 -0.10922483
v 0.03300000 -0.02545584 -0.10920584
v 0.03300000 -0.02641340 -0.11125933
v 0.03300000 -0.02502832 -0.10928123
v 0.03300000 -0.02483084 -0.10937331
v 0.03300000 -0.02465236 -0.10949829
v 0.03300000 -0.02449829 -0.10965236
v 0.03294398 -0.02354063 -0.11287684
v 0.03300000 -0.02502832 -0.11163046
v 0.03300000 -0.02483084 -0.11153837
v 0.03300000 -0.02523878 -0.11168686
v 0.03300000 -0.02608084 -0.10937331
v 0.03300000 -0.02588337 -0.10928123
v 0.03300000 -0.02567291 -0.10922483
v 0.03300000 -0.02437331 -0.10983084
v 0.03300000 -0.02428123 -0.11002832
v 0.03300000 -0.02422483 -0.11023878
v 0.03300000 -0.02420584 -0.11045584
v 0.03300000 -0.02422483 -0.11067291
v 0.03300000 -0.02428123 -0.11088337
v 0.03300000 -0.02437331 -0.11108085
v 0.03300000 -0.02449829 -0.11125933
v 0.03300000 -0.02465236 -0.11141340
v 0.03300000 -0.02545584 -0.11170585
v 0.03300000 -0.02567291 -0.11168686
v 0.03300000 -0.02588337 -0.11163046
v 0.03300000 -0.02663046 -0.11002832
v 0.03294602 -0.03035814 -0.10777827
v 0.03299997 -0.03165491 -0.10520457
v 0.03296577 -0.03441726 -0.10088919
v 0.03300000 -0.02668685 -0.11067291
v 0.03300000 -0.02670584 -0.11045584
v 0.03300000 -0.02668685 -0.11023878
v 0.03300000 0.02523878 -0.05831315
v 0.03300000 0.02545584 -0.05829415
v 0.03295764 0.02549223 -0.05698606
v 0.03300000 0.02608084 -0.05846163
v 0.03300000 0.02625933 -0.05858660
v 0.03296149 0.02784198 -0.05924460
v 0.03300000 0.02641340 -0.05874067
v 0.03300000 0.02653838 -0.05891915
v 0.03300000 0.02663046 -0.05911663
v 0.03300000 0.02567291 -0.05831315
v 0.03300000 0.02588337 -0.05836954
v 0.03300000 0.02420584 -0.05954416
v 0.03300000 0.02422483 -0.05932710
v 0.03300000 0.02428123 -0.05911663
v 0.03294173 0.02363983 -0.05703972
v 0.03300000 0.02653838 -0.06016916
v 0.03300000 0.02641340 -0.06034764
v 0.03300000 0.02831186 -0.06055784
v 0.03300000 0.02625933 -0.06050171
v 0.03300000 0.02523878 -0.06077516
v 0.03300000 0.02502832 -0.06071877
v 0.03300000 0.02483084 -0.06062669
v 0.03300000 0.02465236 -0.06050171
v 0.03300000 0.02449829 -0.06034764
v 0.03300000 0.02437331 -0.06016916
v 0.03300000 0.02428123 -0.05997168
v 0.03300000 0.02422483 -0.05976122
v 0.03300000 0.02437331 -0.05891915
v 0.03300000 0.02449829 -0.05874067
v 0.03300000 0.02465236 -0.05858660
v 0.03300000 0.02483084 -0.05846163
v 0.03300000 0.02502832 -0.05836954
v 0.03300000 0.02663046 -0.05997168
v 0.03300000 0.02545584 -0.06079416
v 0.03300000 0.02567291 -0.06077516
v 0.03303846 0.03151566 -0.06450582
v 0.03300000 0.02608084 -0.06062669
v 0.03300000 0.02588337 -0.06071877
v 0.03300000 0.02668685 -0.05932710
v 0.03300000 0.02670584 -0.05954416
v 0.03300000 0.02668685 -0.05976122
v 0.03400000 -0.03559199 -0.08377943
v 0.03400000 -0.03665874 -0.08188999
v 0.03400000 -0.03716844 -0.08423077
v 0.03400000 -0.03470315 -0.08473387
v 0.03400000 -0.03674090 -0.08612437
v 0.03400000 -0.03776908 -0.08724530
v 0.03400000 -0.03790582 -0.08315778
v 0.03400000 -0.03522316 -0.08604731
v 0.03400000 -0.03629866 -0.08814438
v 0.03400000 0.03791339 -0.08323526
v 0.03400000 0.03729685 -0.08473387
v 0.03400000 0.03786638 -0.08700070
v 0.03400000 0.03640800 -0.08377943
v 0.03400000 0.03676910 -0.08190987
v 0.03400000 0.03483371 -0.08558318
v 0.03400000 0.03502138 -0.08407512
v 0.03400000 0.03640063 -0.08634032
v 0.03400000 0.03649892 -0.08813074
v 0.03500000 0.03581378 -0.09756838
v 0.03500000 0.03455782 -0.10075679
v 0.03500000 -0.03447036 -0.10084959
v 0.03500000 -0.03587303 -0.09716540
v 0.03284181 -0.03295837 -0.10391542
v 0.03500000 -0.03586034 -0.07293206
v 0.03500000 -0.03455544 -0.06923894
v 0.03500000 0.03447035 -0.06915039
v 0.03500000 0.03587303 -0.07283461
v 0.03296577 0.03441726 -0.06911080
v 0.03284805 0.03025667 -0.06201712
v 0.03284181 0.03295836 -0.06608458
v 0.04233491 -0.01371541 -0.11284140
v 0.04467353 -0.01547902 -0.11180768
v 0.04237117 -0.01791253 -0.11032806
v 0.04238932 -0.00228481 -0.11592691
v 0.04593801 -0.00290990 -0.11574019
v 0.04475603 -0.00353062 -0.11571653
v 0.04222637 -0.00804886 -0.11503597
v 0.04470832 -0.00692200 -0.11517381
v 0.04466359 -0.01134559 -0.11380742
v 0.04233956 0.00480451 -0.11565211
v 0.04485043 0.00306807 -0.11577356
v 0.04474618 0.01545369 -0.11180177
v 0.04465613 0.01035722 -0.11421767
v 0.04472087 0.00587059 -0.11536647
v 0.04483477 0.02520850 -0.10291523
v 0.04220288 0.01975960 -0.10896994
v 0.04480596 0.01930614 -0.10915969
v 0.04475624 -0.02504490 -0.10317518
v 0.04470605 -0.02007579 -0.10860458
v 0.04596508 -0.00030725 -0.11590867
v 0.04593427 0.00280026 -0.11577122
v 0.04065031 0.00990428 -0.05670845
v 0.04068745 0.02275700 -0.10447833
v 0.04070988 0.01557124 -0.11068232
v 0.04072304 0.00679410 -0.11421681
v 0.04071431 -0.00116505 -0.11493378
v 0.04072800 -0.00792877 -0.11395074
v 0.04060000 -0.00981502 -0.11733521
v 0.04060000 -0.00843329 -0.11746769
v 0.04073257 0.01492508 -0.05902357
v 0.04077585 0.02112842 -0.06372310
v 0.04067160 0.02404375 -0.06700491
v 0.04072245 0.02753065 -0.07319338
v 0.04072245 0.02948934 -0.07973580
v 0.04071879 0.02989515 -0.08732354
v 0.04060056 0.02749818 -0.09755801
v 0.04070841 -0.02788364 -0.09588045
v 0.04072732 -0.02507984 -0.10136563
v 0.04071523 -0.02064232 -0.10670549
v 0.04074715 -0.01588613 -0.11041079
v 0.04060000 0.00863157 -0.05242994
v 0.04060000 0.00995431 -0.05284767
v 0.04060046 0.00172582 -0.05481920
v 0.04071431 -0.02956894 -0.08980273
v 0.04070757 -0.02974727 -0.08113483
v 0.04069570 -0.02856347 -0.07596984
v 0.04070363 -0.02519126 -0.06861577
v 0.04072245 -0.01841754 -0.06137528
v 0.04071757 -0.01444252 -0.05880184
v 0.04071879 -0.00868098 -0.05629879
v 0.04349973 -0.01065885 -0.05704562
v 0.04349950 -0.00064494 -0.05508942
v 0.04089529 -0.00222946 -0.05521732
v 0.04349984 -0.01790529 -0.06113041
v 0.04349973 -0.02284635 -0.06580623
v 0.04089529 -0.02291189 -0.06584214
v 0.04349992 -0.02664066 -0.07155617
v 0.04349977 -0.02890674 -0.07760191
v 0.04350000 -0.02983631 -0.08414768
v 0.04090061 -0.02986045 -0.08503234
v 0.04350000 -0.02925398 -0.09092762
v 0.04350018 -0.02650356 -0.09888104
v 0.04349981 -0.02021593 -0.10705874
v 0.04350000 -0.01465364 -0.11094823
v 0.04349945 -0.00819769 -0.11376704
v 0.04350000 0.00000000 -0.11484848
v 0.04350001 0.00843202 -0.11371691
v 0.04350000 0.01465364 -0.11094823
v 0.04349981 0.01923877 -0.10780848
v 0.04089529 0.01930946 -0.10778428
v 0.04089288 0.02584616 -0.09996720
v 0.04349969 0.02469727 -0.10183431
v 0.04349992 0.02838215 -0.09431507
v 0.04090041 0.02860286 -0.09357273
v 0.04349985 0.02976490 -0.08709934
v 0.04349982 0.02946687 -0.08030314
v 0.04349992 0.02763725 -0.07375105
v 0.04349964 0.02329243 -0.06622445
v 0.04349982 0.01562835 -0.05948896
v 0.04349952 0.00796855 -0.05624485
v 0.04089529 0.00457416 -0.05548635
v 0.04354974 0.00498052 -0.05932176
v 0.04355583 -0.00760510 -0.05996601
v 0.04356914 -0.00059234 -0.05888072
v 0.04350000 -0.01430688 -0.06002888
v 0.04350000 -0.01483527 -0.06084544
v 0.04356521 -0.02077426 -0.06911848
v 0.04350000 -0.01322720 -0.06030228
v 0.04350000 -0.01375967 -0.06170228
v 0.04358366 -0.01725795 -0.06543900
v 0.04354084 -0.01285378 -0.06223755
v 0.04358505 -0.02402347 -0.07469594
v 0.04350000 -0.02710066 -0.08533712
v 0.04350000 -0.02880781 -0.08474360
v 0.04350000 -0.02826187 -0.08578780
v 0.04350000 -0.02770354 -0.08417422
v 0.04350000 -0.01414533 -0.11003540
v 0.04350000 -0.01320456 -0.10959151
v 0.04352995 -0.00468736 -0.11072382
v 0.04350000 -0.01483527 -0.10925627
v 0.04355331 -0.01593489 -0.10571433
v 0.04350000 -0.01430689 -0.10843971
v 0.04356782 -0.02008109 -0.10176381
v 0.04355375 -0.01043282 -0.10896008
v 0.04350000 -0.01341250 -0.10857178
v 0.04358610 0.00090143 -0.11116650
v 0.04354198 0.00749696 -0.11003724
v 0.04350000 0.01308002 -0.10902090
v 0.04354783 0.01330028 -0.10749824
v 0.04350000 0.01380467 -0.11003540
v 0.04350000 0.01474544 -0.10959151
v 0.04350000 0.01437647 -0.10840516
v 0.04357142 0.02051875 -0.10117077
v 0.04358512 0.01722875 -0.10456536
v 0.04350000 0.02844231 -0.08574781
v 0.04350000 0.02869529 -0.08459697
v 0.04350000 0.02751606 -0.08419582
v 0.04350000 0.02723041 -0.08547418
v 0.04350000 0.01486875 -0.06106196
v 0.04358088 0.01581467 -0.06422947
v 0.04350000 0.01373705 -0.06159449
v 0.04354695 0.01109767 -0.06131269
v 0.04350000 0.01384228 -0.05989048
v 0.04357305 0.02067194 -0.06897403
v 0.04350000 0.01313682 -0.06091841
v 0.04359910 -0.02451037 -0.09424118
v 0.04359836 -0.02563353 -0.08003145
v 0.04359479 -0.02607968 -0.08634660
v 0.04358621 0.02364644 -0.07391202
v 0.04360640 0.02561568 -0.07994760
v 0.04359910 0.02451037 -0.09424118
v 0.04359479 0.02607968 -0.08634660
v 0.04850001 0.00321120 -0.05906698
v 0.04850001 -0.00637374 -0.05965817
v 0.04850000 -0.01371314 -0.06285255
v 0.04850000 -0.01870098 -0.06686626
v 0.04850000 -0.02255923 -0.07197539
v 0.04850000 -0.02505476 -0.07787130
v 0.04850000 -0.02603682 -0.08419781
v 0.04850000 -0.02544609 -0.09057277
v 0.04850000 -0.02331826 -0.09661112
v 0.04850001 -0.01875981 -0.10319073
v 0.04850000 -0.01232365 -0.10794967
v 0.04850000 -0.00635369 -0.11026242
v 0.04850001 0.00000000 -0.11104917
v 0.04850000 0.00635369 -0.11026242
v 0.04850000 0.01232367 -0.10794966
v 0.04850000 0.01754919 -0.10425059
v 0.04850000 0.02171467 -0.09938862
v 0.04850000 0.02456839 -0.09365757
v 0.04850000 0.02593805 -0.08740353
v 0.04850000 0.02574089 -0.08100427
v 0.04850000 0.02398884 -0.07484644
v 0.04850000 0.02078771 -0.06930190
v 0.04850000 0.01633083 -0.06470558
v 0.04850000 0.01088750 -0.06133522
v 0.04850001 -0.00185355 -0.11001116
v 0.04850001 -0.00801541 -0.10876440
v 0.04850001 -0.01367352 -0.10602447
v 0.04850001 -0.01847252 -0.10196348
v 0.04850001 -0.02211081 -0.09683663
v 0.04850001 -0.02435981 -0.09096600
v 0.04850001 -0.02507819 -0.08472053
v 0.04850001 -0.02422081 -0.07849263
v 0.04850005 -0.02102830 -0.07118437
v 0.04850001 -0.01577011 -0.06549878
v 0.04850001 -0.01042491 -0.06218959
v 0.04850001 -0.00442468 -0.06031365
v 0.04850001 0.00185356 -0.05998885
v 0.04850005 0.00963060 -0.06175537
v 0.04850001 0.01620077 -0.06585506
v 0.04850005 0.02145418 -0.07185544
v 0.04850001 0.02435981 -0.07903401
v 0.04850001 0.02507819 -0.08527947
v 0.04850001 0.02422081 -0.09150737
v 0.04850001 0.02184154 -0.09732643
v 0.04850005 0.01693186 -0.10361110
v 0.04850001 0.01042490 -0.10781042
v 0.04850001 0.00442464 -0.10968635
v 0.04950001 0.00129392 -0.05998868
v 0.04950004 0.00887921 -0.06149562
v 0.04950001 0.01574809 -0.06552597
v 0.04950004 0.02099898 -0.07120366
v 0.04950001 0.02418702 -0.07850170
v 0.04950001 0.02504321 -0.08472092
v 0.04950001 0.02432583 -0.09095769
v 0.04950001 0.02207998 -0.09682009
v 0.04950001 0.01844675 -0.10193983
v 0.04950004 0.01245058 -0.10682382
v 0.04950001 0.00496676 -0.10954733
v 0.04950001 -0.00129390 -0.11001132
v 0.04950001 -0.00747335 -0.10890375
v 0.04950001 -0.01318315 -0.10629424
v 0.04950001 -0.01806467 -0.10234670
v 0.04950001 -0.02181108 -0.09730922
v 0.04950001 -0.02418702 -0.09149830
v 0.04950004 -0.02509782 -0.08381861
v 0.04950001 -0.02338732 -0.07604046
v 0.04950004 -0.01961016 -0.06929210
v 0.04950001 -0.01365449 -0.06400488
v 0.04950004 -0.00663209 -0.06076548
v 0.04948198 0.00838006 -0.05957222
v 0.04946704 0.01764484 -0.06481396
v 0.04947838 -0.01811327 -0.10483006
v 0.04947917 -0.02278635 -0.09923579
v 0.03500000 0.03487318 -0.07430002
v 0.03150000 -0.03270562 -0.07500089
v 0.03500000 -0.03483344 -0.07431769
v 0.03500000 -0.03487317 -0.09569998
v 0.03500000 0.03524931 -0.09590884
v 0.03281300 0.02498367 -0.05676224
v 0.03285218 -0.02419417 -0.05677476
v 0.03283937 -0.02451439 -0.11324179
v 0.03285697 0.02467257 -0.11325569
v 0.04765101 0.02745479 -0.08710653
v 0.04529623 0.02734248 -0.08725155
v 0.04535599 0.02874566 -0.08717062
v 0.04765734 0.02728624 -0.08288267
v 0.04764410 0.02845598 -0.08287453
v 0.04534025 0.02736514 -0.08276702
v 0.04773654 0.02846581 -0.08710025
v 0.04767937 0.02949066 -0.08651302
v 0.04522558 0.03004037 -0.08600345
v 0.04777659 0.02999756 -0.08561243
v 0.04528516 0.03020067 -0.08461986
v 0.04775485 0.03003494 -0.08456504
v 0.04770918 0.02963604 -0.08363311
v 0.04536020 0.02956730 -0.08338690
v 0.04535929 0.02836590 -0.08277184
v 0.04798638 0.02962454 -0.08411987
v 0.04796136 0.02846821 -0.08312660
v 0.04800159 0.02913680 -0.08651004
v 0.04768859 0.01179479 -0.10966624
v 0.04533958 0.01174597 -0.10981335
v 0.04765733 0.01547679 -0.10757192
v 0.04774708 0.01596620 -0.10840889
v 0.04528050 0.01563232 -0.10758958
v 0.04766254 0.01239986 -0.11071272
v 0.04763981 0.01384115 -0.11141056
v 0.04534908 0.01415394 -0.11148738
v 0.04766775 0.01535687 -0.11089081
v 0.04528516 0.01542954 -0.11096447
v 0.04536020 0.01618064 -0.10979948
v 0.04780426 0.01608094 -0.10960451
v 0.04535928 0.01611260 -0.10845151
v 0.04798787 0.01432000 -0.11106510
v 0.04797624 0.01538870 -0.11045749
v 0.04799074 0.01578599 -0.10888568
v 0.04795289 0.01284410 -0.11085196
v 0.04769046 -0.01546473 -0.10754734
v 0.04530378 -0.01565153 -0.10764606
v 0.04535597 -0.01625264 -0.10880917
v 0.04774122 -0.01183014 -0.10968108
v 0.04788198 -0.01236270 -0.11053213
v 0.04535476 -0.01180148 -0.10987796
v 0.04781352 -0.01605167 -0.10877054
v 0.04765905 -0.01600676 -0.11000223
v 0.04520259 -0.01589365 -0.11051897
v 0.04793615 -0.01525533 -0.11079715
v 0.04529094 -0.01481806 -0.11132731
v 0.04767988 -0.01436337 -0.11134680
v 0.04519347 -0.01395287 -0.11150873
v 0.04767020 -0.01312480 -0.11119549
v 0.04797501 -0.01571443 -0.11002135
v 0.04797542 -0.01358588 -0.11107322
v 0.04768857 -0.02725896 -0.08288145
v 0.04523105 -0.02839649 -0.08274496
v 0.04774121 -0.02728947 -0.08709536
v 0.04782071 -0.02818130 -0.08709277
v 0.04527104 -0.02736779 -0.08725289
v 0.04771471 -0.02849604 -0.08290043
v 0.04790352 -0.02948436 -0.08360045
v 0.04534909 -0.03001572 -0.08401401
v 0.04771804 -0.03006148 -0.08456696
v 0.04528516 -0.03020067 -0.08538014
v 0.04768570 -0.03000094 -0.08572101
v 0.04536020 -0.02956730 -0.08661311
v 0.04768187 -0.02914007 -0.08682472
v 0.04797017 -0.02825341 -0.08310150
v 0.04797943 -0.02983296 -0.08511397
v 0.04797538 -0.02925954 -0.08637287
v 0.04768858 -0.01179478 -0.06033377
v 0.04521951 -0.01175305 -0.06012128
v 0.04533909 -0.01249106 -0.05901730
v 0.04765734 -0.01547679 -0.06242806
v 0.04767086 -0.01612574 -0.06125689
v 0.04530261 -0.01562938 -0.06241357
v 0.04767727 -0.01242310 -0.05926841
v 0.04790165 -0.01350038 -0.05877240
v 0.04534909 -0.01415395 -0.05851262
v 0.04772099 -0.01490529 -0.05881275
v 0.04528516 -0.01542955 -0.05903553
v 0.04790078 -0.01584451 -0.05989313
v 0.04520373 -0.01600284 -0.05970849
v 0.04529214 -0.01626537 -0.06097436
v 0.04797036 -0.01250511 -0.05955949
v 0.04797158 -0.01589574 -0.06107030
v 0.04796891 -0.01481142 -0.05906667
v 0.04768858 0.01546420 -0.06245231
v 0.04523105 0.01615117 -0.06153543
v 0.04773919 0.01189248 -0.06022990
v 0.04785549 0.01234855 -0.05947405
v 0.04773815 0.01611875 -0.06121519
v 0.04779496 0.01582466 -0.05971336
v 0.04520259 0.01589365 -0.05948104
v 0.04770130 0.01475312 -0.05876790
v 0.04529094 0.01481805 -0.05867269
v 0.04536020 0.01338666 -0.05858741
v 0.04769162 0.01313625 -0.05876621
v 0.04527828 0.01224067 -0.05931022
v 0.04798175 0.01582173 -0.06120635
v 0.04798690 0.01515199 -0.05935279
v 0.04798095 0.01384675 -0.05889954
v 0.04798069 0.02795000 -0.08500000
v 0.04750624 0.02840646 -0.08574791
v 0.04751369 0.02710293 -0.08533226
v 0.04750156 0.02757993 -0.08425236
v 0.04750937 0.02866848 -0.08447015
v 0.04798069 -0.02795000 -0.08500000
v 0.04750624 -0.02836948 -0.08576927
v 0.04751369 -0.02866128 -0.08443254
v 0.04750095 -0.02755441 -0.08427775
v 0.04751369 -0.02708754 -0.08528997
v 0.04750403 0.01448556 -0.10989839
v 0.04750937 0.01325653 -0.10973527
v 0.04798069 0.01397500 -0.10920541
v 0.04750254 0.01341550 -0.10856993
v 0.04751369 0.01465735 -0.10860348
v 0.04798069 -0.01397500 -0.10920541
v 0.04750254 -0.01410216 -0.11004249
v 0.04750156 -0.01477554 -0.10944003
v 0.04750254 -0.01453450 -0.10856993
v 0.04750624 -0.01342831 -0.10852068
v 0.04750254 -0.01323189 -0.10961120
v 0.04798069 -0.01397500 -0.06079459
v 0.04750403 -0.01402932 -0.06165363
v 0.04751369 -0.01487472 -0.06065880
v 0.04750624 -0.01369547 -0.05996418
v 0.04750403 -0.01313845 -0.06099726
v 0.04798069 0.01397500 -0.06079459
v 0.04750403 0.01392068 -0.06165363
v 0.04750156 0.01317446 -0.06102921
v 0.04750254 0.01341549 -0.06015912
v 0.04750624 0.01452169 -0.06010986
v 0.04750156 0.01473906 -0.06112945
v 0.04168076 0.02585073 -0.10728402
v 0.04171880 0.02810020 -0.10915879
v 0.03499968 0.03381376 -0.10092454
v 0.04169536 0.03360430 -0.10122243
v 0.04176953 0.03202037 -0.10417109
v 0.04162930 0.02849878 -0.10911036
v 0.04164593 0.03092600 -0.09958886
v 0.04170817 0.03351981 -0.10085947
v 0.03499984 0.03379400 -0.06911878
v 0.04171024 0.03361912 -0.06884815
v 0.04164667 0.02846358 -0.06086561
v 0.04176309 0.03200436 -0.06579876
v 0.04171688 0.02579197 -0.06275707
v 0.04169122 0.02806048 -0.06085515
v 0.03500000 0.03104868 -0.07050364
v 0.04168902 0.03344686 -0.06920367
v 0.04165894 0.03086111 -0.07045728
v 0.03499972 -0.03381369 -0.06907580
v 0.04168998 -0.03362001 -0.06884150
v 0.04171900 -0.03067626 -0.06371348
v 0.04170541 -0.02845025 -0.06087358
v 0.04178579 -0.03089746 -0.07038938
v 0.04173218 -0.03347721 -0.06916968
v 0.04168075 -0.02585071 -0.06271599
v 0.04167374 -0.02807490 -0.06084094
v 0.03499985 -0.03379400 -0.10088122
v 0.04167779 -0.03361009 -0.10122600
v 0.04163918 -0.02839804 -0.10917761
v 0.04172768 -0.03066763 -0.10629741
v 0.04171687 -0.02579195 -0.10724293
v 0.04176850 -0.02801218 -0.10908860
v 0.03500000 -0.03104869 -0.09949639
v 0.04173244 -0.03349791 -0.10084856
v 0.04169216 -0.03086146 -0.09955101
v 0.03610006 0.02798163 -0.10766063
v 0.03609999 0.02544780 -0.10588340
v 0.03177795 0.02550596 -0.10604171
v 0.03610000 0.02948809 -0.09982675
v 0.03178686 0.02969631 -0.09982735
v 0.03610001 0.03207345 -0.10136008
v 0.03610000 0.02715252 -0.10402787
v 0.03610000 0.02854553 -0.10520839
v 0.03610000 0.02988081 -0.10467755
v 0.03610000 0.03023188 -0.10315236
v 0.03610000 0.02786234 -0.10234804
v 0.03610000 0.02915656 -0.10218873
v 0.03610000 -0.02876535 -0.06788993
v 0.03610000 -0.02719440 -0.06695288
v 0.03610006 -0.02799052 -0.06234449
v 0.03610000 -0.02988082 -0.06532246
v 0.03610001 -0.03207345 -0.06863993
v 0.03610000 -0.03020759 -0.06698740
v 0.03610000 -0.02868358 -0.06480230
v 0.03610000 -0.02948810 -0.07017324
v 0.03609999 -0.02544778 -0.06411660
v 0.03610000 -0.02761769 -0.06529328
v 0.03177795 -0.02550597 -0.06395829
v 0.03178686 -0.02969631 -0.07017265
v 0.03610000 -0.02881819 -0.10209194
v 0.03610006 -0.03208267 -0.10134559
v 0.03610000 -0.02995349 -0.10274675
v 0.03610000 -0.03023188 -0.10415542
v 0.03610000 -0.02735659 -0.10433383
v 0.03610001 -0.02799112 -0.10764632
v 0.03610000 -0.02862913 -0.10526690
v 0.03610000 -0.02964312 -0.09995609
v 0.03610000 -0.02562124 -0.10594568
v 0.03177796 -0.02959680 -0.09974245
v 0.03178583 -0.02563181 -0.10610313
v 0.03610006 0.03208267 -0.06865441
v 0.03610000 0.02964316 -0.07004390
v 0.03177795 0.02959680 -0.07025756
v 0.03610000 0.02562124 -0.06405433
v 0.03178583 0.02563181 -0.06389688
v 0.03610001 0.02799112 -0.06235369
v 0.03610000 0.02933124 -0.06481605
v 0.03610000 0.03025453 -0.06695288
v 0.03610000 0.02868358 -0.06788993
v 0.03610000 0.02719440 -0.06573935
v 0.04010000 0.02876535 -0.06788993
v 0.04010000 0.02719440 -0.06695288
v 0.04010000 0.02761769 -0.06529328
v 0.04010000 0.02868358 -0.06480230
v 0.04010000 0.02988082 -0.06532246
v 0.04010000 0.03020759 -0.06698740
v 0.04010105 0.02745662 -0.06615176
v 0.04010000 -0.02815804 -0.10509061
v 0.04010000 -0.02971132 -0.10489885
v 0.04010000 -0.03023188 -0.10315236
v 0.04010000 -0.02862913 -0.10204088
v 0.04010000 -0.02707915 -0.10360703
v 0.04010105 -0.02991071 -0.10316600
v 0.04010000 -0.02868358 -0.06788993
v 0.04010000 -0.02988082 -0.06736977
v 0.04008929 -0.03015302 -0.06625330
v 0.04010000 -0.02965668 -0.06508934
v 0.04010000 -0.02796879 -0.06494870
v 0.04010000 -0.02716235 -0.06686483
v 0.04010000 0.02955683 -0.10500703
v 0.04010000 0.02749420 -0.10474737
v 0.04008526 0.02738353 -0.10315037
v 0.04010000 0.02854552 -0.10209939
v 0.04010000 0.03025453 -0.10304713
v 0.03500000 0.03425197 -0.07110360
v 0.03500000 0.03460680 -0.07276754
v 0.03500000 0.03166499 -0.07286268
v 0.03499999 0.03218452 -0.07098223
v 0.03499999 0.03333154 -0.07387885
v 0.03500000 0.03419680 -0.09891011
v 0.03500002 0.03262029 -0.09918121
v 0.03499999 0.03280830 -0.09611621
v 0.03500000 0.03461923 -0.09713732
v 0.03500002 0.03153735 -0.09789791
v 0.03500000 -0.03457883 -0.09828850
v 0.03500000 -0.03337427 -0.09929366
v 0.03500000 -0.03431645 -0.09661220
v 0.03500000 -0.03166498 -0.09713732
v 0.03500000 -0.03193362 -0.09867878
v 0.03500000 -0.03278493 -0.09623697
v 0.03500000 -0.03431646 -0.07116809
v 0.03500002 -0.03262030 -0.07081879
v 0.03500000 -0.03460727 -0.07271002
v 0.03500002 -0.03149788 -0.07224047
v 0.03500002 -0.03374152 -0.07372881
v 0.03500000 -0.03246218 -0.07364582
v 0.03149998 -0.03196354 -0.07132478
v 0.04044084 -0.00375368 -0.12202614
v 0.03699998 -0.00384433 -0.12231030
v 0.03700001 0.00377465 -0.12240516
v 0.04042155 0.00375578 -0.12216543
v 0.04044927 -0.00314838 -0.12278005
v 0.03700000 -0.00321474 -0.12284453
v 0.04033640 0.00002650 -0.12299486
v 0.03700001 0.00282049 -0.12294433
v 0.04032698 0.00324085 -0.12280733
v 0.03700000 0.00135742 -0.12026351
v 0.03700000 0.00004427 -0.11941197
v 0.03700000 -0.00105469 -0.12218805
v 0.03700000 0.00048960 -0.12246469
v 0.03700000 -0.00147712 -0.12041526
v 0.03700000 0.00143672 -0.12156643
v 0.04050000 -0.00164532 -0.12104686
v 0.04050000 -0.00056643 -0.11956327
v 0.04050000 0.00110986 -0.11982565
v 0.04050000 -0.00048960 -0.12246469
v 0.04049307 0.00323858 -0.12264653
v 0.04050000 0.00129051 -0.12202169
v 0.04043395 0.01652391 -0.11851324
v 0.03699998 0.01651128 -0.11867812
v 0.03700000 0.02270415 -0.11492392
v 0.04037628 0.02250606 -0.11462642
v 0.04043015 0.01757397 -0.11868912
v 0.03700000 0.01730018 -0.11879996
v 0.03700002 0.02223308 -0.11585487
v 0.04034808 0.02254729 -0.11545589
v 0.03700000 0.01889816 -0.11708423
v 0.03700000 0.01966184 -0.11405261
v 0.03700000 0.02023344 -0.11655340
v 0.03700000 0.01811608 -0.11432082
v 0.03700000 0.01750514 -0.11590372
v 0.03700000 0.02060455 -0.11530192
v 0.04050000 0.01746491 -0.11586158
v 0.04050000 0.01849235 -0.11405261
v 0.04050000 0.02047855 -0.11466649
v 0.04050000 0.02021337 -0.11660554
v 0.04045969 0.01708134 -0.11871170
v 0.04050000 0.01884929 -0.11705720
v 0.04049612 0.02242937 -0.11526424
v 0.04043560 -0.02255420 -0.11478577
v 0.03700000 -0.02270791 -0.11483979
v 0.03700001 -0.01662064 -0.11872164
v 0.04042093 -0.01650923 -0.11850841
v 0.04033334 -0.02226959 -0.11580757
v 0.03700000 -0.02246530 -0.11561204
v 0.03700002 -0.01763980 -0.11869695
v 0.04032685 -0.01728901 -0.11877975
v 0.03700000 -0.01759218 -0.11517135
v 0.03700000 -0.01782033 -0.11646195
v 0.03700000 -0.01849235 -0.11405261
v 0.03700000 -0.01953918 -0.11707808
v 0.03700000 -0.02003811 -0.11432082
v 0.03700000 -0.02063905 -0.11562345
v 0.04050000 -0.02066513 -0.11557401
v 0.04050000 -0.01966184 -0.11405261
v 0.04049176 -0.01716153 -0.11863495
v 0.04050000 -0.01851067 -0.11696646
v 0.04050000 -0.01981360 -0.11688715
v 0.04050000 -0.01811608 -0.11432082
v 0.04050000 -0.01750549 -0.11576188
v 0.04046365 -0.02249022 -0.11534471
v 0.04043206 -0.03607076 -0.07524170
v 0.03699999 -0.03617597 -0.07512395
v 0.03700001 -0.03717918 -0.08060843
v 0.04037629 -0.03694548 -0.08060927
v 0.03700000 -0.03762516 -0.07994661
v 0.04031097 -0.03757856 -0.08007067
v 0.03699997 -0.03681275 -0.07565731
v 0.04032104 -0.03690365 -0.07591404
v 0.03700000 -0.03369326 -0.07817774
v 0.03700000 -0.03484897 -0.07959557
v 0.03700000 -0.03685184 -0.07782254
v 0.03700000 -0.03639327 -0.07931893
v 0.03700000 -0.03477215 -0.07669415
v 0.03700000 -0.03607508 -0.07677346
v 0.04050000 -0.03552478 -0.07652582
v 0.04050000 -0.03386145 -0.07754614
v 0.04050000 -0.03437480 -0.07942781
v 0.04049550 -0.03740424 -0.08004650
v 0.04050000 -0.03698390 -0.07817774
v 0.04045841 -0.03657475 -0.07551368
v 0.04050000 -0.03594937 -0.07953100
v 0.04043702 -0.03701780 -0.08944479
v 0.03700000 -0.03723919 -0.08939376
v 0.03700001 -0.03611702 -0.09485578
v 0.04037628 -0.03590003 -0.09476901
v 0.03700000 -0.03677847 -0.09440923
v 0.04031100 -0.03668879 -0.09450677
v 0.03699997 -0.03763202 -0.09012787
v 0.04045171 -0.03756796 -0.09033111
v 0.03700000 -0.03390185 -0.09243555
v 0.03700000 -0.03484898 -0.09333381
v 0.03700000 -0.03403275 -0.09100699
v 0.03700000 -0.03678316 -0.09114520
v 0.03700000 -0.03639327 -0.09305717
v 0.03700000 -0.03529770 -0.09032532
v 0.04050000 -0.03682170 -0.09122785
v 0.04049553 -0.03653621 -0.09441902
v 0.04050000 -0.03402204 -0.09106182
v 0.04050000 -0.03404807 -0.09289081
v 0.04050000 -0.03622765 -0.09321836
v 0.04050000 -0.03524486 -0.09030718
v 0.04043433 0.03708816 -0.08053842
v 0.03699999 0.03724141 -0.08060516
v 0.03700001 0.03611702 -0.07514422
v 0.04044803 0.03593140 -0.07526447
v 0.03699997 0.03763202 -0.07987214
v 0.03700000 0.03679497 -0.07561596
v 0.04045847 0.03685920 -0.07599113
v 0.04031707 0.03761079 -0.07978112
v 0.03700000 0.03691053 -0.07775689
v 0.03700000 0.03585729 -0.07969300
v 0.03700000 0.03435172 -0.07688592
v 0.03700000 0.03385545 -0.07877215
v 0.03700000 0.03577065 -0.07666571
v 0.04050000 0.03376663 -0.07775690
v 0.04050000 0.03688692 -0.07766879
v 0.04046337 0.03745079 -0.08009993
v 0.04050000 0.03529431 -0.07654285
v 0.04050000 0.03594535 -0.07966094
v 0.04050000 0.03428575 -0.07923765
v 0.04043583 0.03598292 -0.09475021
v 0.03699999 0.03617597 -0.09487605
v 0.03700001 0.03717916 -0.08939157
v 0.04033677 0.03702633 -0.08939736
v 0.03700000 0.03763103 -0.09008291
v 0.04033574 0.03758935 -0.09002803
v 0.04045168 0.03683273 -0.09412472
v 0.03699997 0.03681273 -0.09434273
v 0.03700000 0.03694364 -0.09205533
v 0.03700000 0.03557074 -0.09344073
v 0.03700000 0.03403275 -0.09273127
v 0.03700000 0.03410832 -0.09077564
v 0.03700000 0.03603840 -0.09046958
v 0.04050000 0.03376698 -0.09163698
v 0.04050000 0.03477215 -0.09043241
v 0.04050249 0.03730429 -0.08979802
v 0.04050000 0.03632542 -0.09062415
v 0.04050000 0.03458290 -0.09326654
v 0.04050000 0.03686053 -0.09223265
v 0.04050000 0.03601853 -0.09323700
v 0.04044964 -0.01654284 -0.05147723
v 0.03699998 -0.01651128 -0.05132188
v 0.03700000 -0.02270415 -0.05507609
v 0.04037628 -0.02250606 -0.05537359
v 0.04042932 -0.01740003 -0.05129353
v 0.03700000 -0.01730018 -0.05120004
v 0.03700002 -0.02223308 -0.05414514
v 0.04043773 -0.01994153 -0.05272631
v 0.04032648 -0.02255822 -0.05456111
v 0.03700000 -0.01757728 -0.05491642
v 0.03700000 -0.01794081 -0.05339447
v 0.03700000 -0.01971837 -0.05298715
v 0.03700000 -0.02063921 -0.05498897
v 0.03700000 -0.01884494 -0.05604187
v 0.04050000 -0.01930492 -0.05599773
v 0.04050000 -0.01778017 -0.05350648
v 0.04050000 -0.01783213 -0.05545712
v 0.04050000 -0.02039363 -0.05527759
v 0.04049337 -0.02242604 -0.05466699
v 0.04050000 -0.02054179 -0.05398068
v 0.04050000 -0.01952325 -0.05297046
v 0.04043487 0.00375264 -0.04789777
v 0.03699998 0.00384433 -0.04768970
v 0.03700001 -0.00377465 -0.04759484
v 0.04042156 -0.00375578 -0.04783458
v 0.04045650 0.00308327 -0.04720978
v 0.03700000 0.00321474 -0.04715547
v 0.04033640 -0.00002652 -0.04700514
v 0.03700001 -0.00282052 -0.04705568
v 0.04032698 -0.00324082 -0.04719266
v 0.03700000 -0.00017893 -0.05055450
v 0.03700000 0.00153007 -0.04960677
v 0.03700000 0.00072394 -0.04755542
v 0.03700000 -0.00084464 -0.04772722
v 0.03700000 -0.00162846 -0.04923956
v 0.04050000 0.00125677 -0.04806779
v 0.04050000 -0.00060676 -0.04746994
v 0.04049076 -0.00329253 -0.04740151
v 0.04050000 0.00129051 -0.05002169
v 0.04050000 -0.00075568 -0.05039742
v 0.04050000 -0.00154381 -0.04904089
v 0.04043387 0.02255435 -0.05522200
v 0.03699999 0.02270867 -0.05515786
v 0.03700001 0.01662064 -0.05127836
v 0.04034544 0.01647894 -0.05147811
v 0.04031648 0.02236923 -0.05431500
v 0.03700000 0.02246529 -0.05438795
v 0.03700002 0.01763979 -0.05130305
v 0.04044052 0.01989794 -0.05270035
v 0.04035348 0.01726386 -0.05122467
v 0.03700000 0.01786819 -0.05543129
v 0.03700000 0.01930925 -0.05604187
v 0.03700000 0.02063332 -0.05478963
v 0.03700000 0.01968386 -0.05294020
v 0.03700000 0.01763251 -0.05374634
v 0.04050000 0.02026514 -0.05341558
v 0.04050000 0.01863094 -0.05297046
v 0.04049802 0.01696889 -0.05135834
v 0.04050000 0.01823245 -0.05574306
v 0.04050000 0.01746408 -0.05437493
v 0.04050000 0.01952325 -0.05597008
v 0.04050000 0.02054179 -0.05495986
v 0.04046365 0.02249022 -0.05465529
v 0.04593922 0.00310771 -0.05447701
v 0.04584872 0.00287445 -0.05775945
v 0.04535090 0.00289290 -0.05768328
v 0.04520768 0.00323213 -0.05460685
v 0.04534456 -0.00318153 -0.05459435
v 0.04533334 -0.00289763 -0.05768998
v 0.04589543 -0.00312705 -0.05452953
v 0.04586649 -0.00286455 -0.05772625
v 0.04620000 -0.00136107 -0.05547679
v 0.04621402 0.00004294 -0.05446935
v 0.04617911 -0.00283064 -0.05458550
v 0.04620000 -0.00008195 -0.05719652
v 0.04615577 0.00285230 -0.05446269
v 0.04620000 0.00138953 -0.05563821
v 0.04592074 -0.00313170 -0.11539447
v 0.04584872 -0.00287445 -0.11224056
v 0.04527955 -0.00290820 -0.11232046
v 0.04520768 -0.00323213 -0.11539315
v 0.04527035 0.00318551 -0.11551034
v 0.04522718 0.00292073 -0.11237983
v 0.04586417 0.00312335 -0.11553133
v 0.04586646 0.00286456 -0.11227377
v 0.04620000 -0.00003905 -0.11282890
v 0.04618387 -0.00279341 -0.11542557
v 0.04619756 0.00040154 -0.11552965
v 0.04620000 -0.00138953 -0.11436179
v 0.04620000 0.00129685 -0.11393386
v 0.04617181 0.00286780 -0.11540970
v 0.04380001 0.00008012 -0.11553742
v 0.04380000 0.00119727 -0.11467203
v 0.04380000 0.00097863 -0.11327513
v 0.04380000 -0.00085141 -0.11312458
v 0.04380000 -0.00119642 -0.11471857
v 0.04380000 0.00066584 -0.05464708
v 0.04380000 -0.00072982 -0.05472177
v 0.04380000 -0.00130967 -0.05599347
v 0.04380000 0.00008195 -0.05719652
v 0.04380000 0.00129541 -0.05594912
v 0.04590623 -0.03001691 -0.07090641
v 0.04520299 -0.02830479 -0.07204295
v 0.04590644 -0.02719615 -0.06606100
v 0.04572297 -0.02220539 -0.06886664
v 0.04521197 -0.02537892 -0.06696721
v 0.04618102 -0.02730886 -0.06631837
v 0.04620000 -0.02781629 -0.06746796
v 0.04620000 -0.02669256 -0.06878811
v 0.04620000 -0.02752863 -0.07005594
v 0.04617884 -0.02979284 -0.07071747
v 0.04620000 -0.02891243 -0.06977190
v 0.04617671 -0.03065733 -0.06897748
v 0.04620000 -0.02927209 -0.06840705
v 0.04618227 -0.02992747 -0.06699246
v 0.04598331 -0.02851185 -0.06604335
v 0.04590625 -0.02965912 -0.06647288
v 0.04590132 -0.03073487 -0.06783137
v 0.04588217 -0.03079717 -0.06956334
v 0.04529049 0.02499014 -0.09599303
v 0.04589977 0.02504819 -0.09615273
v 0.04588586 0.02999565 -0.09905127
v 0.04520288 0.02830471 -0.09795690
v 0.04593818 0.02714552 -0.10393264
v 0.04598205 0.02218131 -0.10108594
v 0.04529198 0.02219429 -0.10118393
v 0.04525356 0.02496456 -0.10276609
v 0.04617816 0.02995179 -0.09939562
v 0.04620000 0.02866765 -0.09996808
v 0.04618060 0.03067049 -0.10152725
v 0.04620000 0.02928880 -0.10136486
v 0.04618123 0.02920845 -0.10353493
v 0.04620000 0.02850321 -0.10240594
v 0.04618942 0.02720034 -0.10358288
v 0.04620000 0.02693516 -0.10197816
v 0.04620000 0.02697845 -0.10035263
v 0.04590598 0.02880019 -0.10393890
v 0.04589846 0.03022381 -0.10304991
v 0.04592310 0.03081834 -0.10168415
v 0.04587147 0.03080546 -0.10045767
v 0.04523945 -0.02223034 -0.10121163
v 0.04584315 -0.02210039 -0.10110990
v 0.04594634 -0.02740940 -0.10401367
v 0.04521256 -0.02539578 -0.10303959
v 0.04595724 -0.02502157 -0.09615333
v 0.04590799 -0.03001155 -0.09908952
v 0.04521126 -0.02830945 -0.09796450
v 0.04620000 -0.02669256 -0.10113811
v 0.04620000 -0.02759797 -0.09991883
v 0.04620000 -0.02752863 -0.10240594
v 0.04617811 -0.02721368 -0.10363741
v 0.04618615 -0.03013582 -0.09956298
v 0.04620000 -0.02922285 -0.10052328
v 0.04618962 -0.02923897 -0.10347746
v 0.04620000 -0.02891241 -0.10212191
v 0.04617612 -0.03035543 -0.10234940
v 0.04588180 -0.03071011 -0.10021508
v 0.04600277 -0.03083619 -0.10132109
v 0.04589787 -0.03051666 -0.10263702
v 0.04589062 -0.02924364 -0.10377274
v 0.04534546 0.02216526 -0.06883920
v 0.04584582 0.02210201 -0.06889111
v 0.04592665 0.02716795 -0.06607478
v 0.04531728 0.02546131 -0.06695131
v 0.04596431 0.02502767 -0.07384341
v 0.04525305 0.02509524 -0.07390223
v 0.04614250 0.03005281 -0.07073357
v 0.04521145 0.02830731 -0.07204115
v 0.04620000 0.02669256 -0.06886190
v 0.04620000 0.02793397 -0.07022152
v 0.04620000 0.02936010 -0.06890446
v 0.04619846 0.03022817 -0.06752925
v 0.04620000 0.02853450 -0.06762858
v 0.04618375 0.02794397 -0.06614359
v 0.04620000 0.02734316 -0.06772789
v 0.04596440 0.03057748 -0.07012258
v 0.04591430 0.02874098 -0.06605034
v 0.04598316 0.02979311 -0.06662878
v 0.04590300 0.03057461 -0.06752827
v 0.04602041 0.03082676 -0.06877661
v 0.04139026 -0.02774540 -0.06748293
v 0.04139604 -0.02924797 -0.06834310
v 0.04064893 -0.02801592 -0.06882500
v 0.04139026 -0.02872914 -0.06999361
v 0.04139757 -0.02711594 -0.06976788
v 0.04139852 -0.02674405 -0.06863014
v 0.04064893 -0.02801592 -0.10117500
v 0.04139604 -0.02753402 -0.09994295
v 0.04139908 -0.02872374 -0.10011710
v 0.04139604 -0.02933849 -0.10114355
v 0.04139604 -0.02849782 -0.10240705
v 0.04139908 -0.02730811 -0.10223291
v 0.04139604 -0.02669335 -0.10120646
v 0.04139757 0.02859415 -0.06765682
v 0.04139852 0.02739781 -0.06769648
v 0.04064893 0.02801592 -0.06882500
v 0.04139604 0.02669335 -0.06879356
v 0.04139604 0.02753402 -0.07005705
v 0.04139757 0.02891590 -0.06976788
v 0.04139852 0.02928779 -0.06863014
v 0.04139604 0.02759313 -0.09992144
v 0.04139604 0.02669335 -0.10114355
v 0.04064893 0.02801592 -0.10117500
v 0.04139604 0.02753402 -0.10240705
v 0.04139370 0.02909869 -0.10197277
v 0.04139604 0.02904929 -0.10034897
v 0.03180405 0.00923395 -0.05243842
v 0.03180405 -0.00923394 -0.11756159
v 0.04179415 0.00940768 -0.05118340
v 0.04166032 0.01096795 -0.05203029
v 0.04165040 -0.00799234 -0.11869211
v 0.04174107 -0.00950212 -0.11881322
v 0.04166032 -0.01096795 -0.11796971
v 0.04514024 0.00309312 -0.05432195
v 0.04513368 -0.00308320 -0.11569171
v 0.04036076 0.03656568 -0.07542280
v 0.04036470 0.03647280 -0.09462634
v 0.04036044 -0.00361147 -0.12248676
v 0.04036461 -0.03742588 -0.08974220
v 0.04038472 -0.01688058 -0.05129015
v 0.04036438 0.00354266 -0.04743494
v 0.03224220 -0.02826862 -0.10507973
v 0.03980102 -0.02864704 -0.10518446
v 0.03221996 -0.02966775 -0.10480473
v 0.03980205 -0.02978221 -0.10478238
v 0.03980046 -0.03023951 -0.10378603
v 0.03239976 -0.03024203 -0.10373591
v 0.03979927 -0.02993234 -0.10267224
v 0.03239404 -0.02980045 -0.10249552
v 0.03996532 -0.02887376 -0.10221935
v 0.03214210 -0.02842594 -0.10227168
v 0.03998319 -0.02787754 -0.10247160
v 0.03239920 -0.02749489 -0.10274084
v 0.03980376 -0.02720363 -0.10329249
v 0.03239656 -0.02720618 -0.10402189
v 0.03980205 -0.02755811 -0.10466971
v 0.03209011 -0.02996111 -0.10321484
v 0.03209011 -0.02743118 -0.10343153
v 0.04011828 -0.02769569 -0.10448998
v 0.04010564 -0.02949355 -0.10467422
v 0.03239403 0.02832507 -0.06787583
v 0.03980376 0.02916959 -0.06784459
v 0.03995310 0.02784224 -0.06752837
v 0.03217895 0.02744324 -0.06697355
v 0.03981033 0.02714979 -0.06604970
v 0.03222236 0.02732255 -0.06587159
v 0.03239805 0.02821691 -0.06486997
v 0.03996143 0.02807406 -0.06506241
v 0.03980033 0.02895720 -0.06483067
v 0.03239920 0.02952216 -0.06503875
v 0.03998319 0.02968819 -0.06525692
v 0.03222013 0.03015442 -0.06599894
v 0.03980641 0.03027897 -0.06663880
v 0.03239656 0.02988829 -0.06738830
v 0.03209740 0.02881419 -0.06509158
v 0.03209265 0.02939777 -0.06752810
v 0.04010207 0.02997015 -0.06626244
v 0.04010352 0.02937570 -0.06742774
v 0.03239656 0.02737248 -0.10443667
v 0.03220249 0.02836455 -0.10506625
v 0.03996823 0.02781637 -0.10479297
v 0.03980358 0.02714559 -0.10343301
v 0.03218829 0.02731558 -0.10330182
v 0.03239403 0.02830407 -0.10212981
v 0.03980641 0.02837347 -0.10211151
v 0.03239896 0.02968473 -0.10246009
v 0.03994574 0.02985107 -0.10267214
v 0.03239403 0.03030265 -0.10374811
v 0.03980641 0.03022642 -0.10415014
v 0.03219056 0.02954675 -0.10484353
v 0.03980376 0.02896694 -0.10519816
v 0.03209960 0.02834011 -0.10246475
v 0.03209069 0.02982843 -0.10293388
v 0.04010564 0.02876203 -0.10237672
v 0.04011277 0.02964027 -0.10459033
v 0.03239404 -0.02791092 -0.06499050
v 0.03996558 -0.02772732 -0.06527162
v 0.03239403 -0.02715865 -0.06656469
v 0.03998528 -0.02728935 -0.06623946
v 0.03980641 -0.02766459 -0.06752034
v 0.03239820 -0.02810951 -0.06776422
v 0.03998928 -0.02899975 -0.06775206
v 0.03239748 -0.02963679 -0.06763232
v 0.03981034 -0.03004717 -0.06723204
v 0.03239656 -0.03027171 -0.06613010
v 0.03980205 -0.03010253 -0.06564380
v 0.03239820 -0.02944127 -0.06497667
v 0.03980087 -0.02889842 -0.06478141
v 0.03209925 -0.02825600 -0.06752107
v 0.03209011 -0.02809788 -0.06519310
v 0.03209906 -0.02750624 -0.06655249
v 0.03209721 -0.02970637 -0.06555214
v 0.03209376 -0.02976478 -0.06712363
v 0.04010865 -0.02955308 -0.06535269
v 0.04010114 -0.02800425 -0.06735042
v 0.03370180 0.03317008 -0.07073249
v 0.02630073 0.03271142 -0.07078225
v 0.03391983 0.03213872 -0.07123902
v 0.02629566 0.03173403 -0.07165973
v 0.03387835 0.03166021 -0.07247600
v 0.02629898 0.03170303 -0.07280492
v 0.03370846 0.03231338 -0.07357129
v 0.02614912 0.03255047 -0.07363018
v 0.03369637 0.03358142 -0.07377665
v 0.02630152 0.03377949 -0.07368074
v 0.03370597 0.03469133 -0.07259334
v 0.02610383 0.03431193 -0.07314075
v 0.02629795 0.03462737 -0.07184633
v 0.03392013 0.03414018 -0.07123177
v 0.02629697 0.03390427 -0.07095692
v 0.03400324 0.03335239 -0.07357873
v 0.03400048 0.03432990 -0.07257555
v 0.02599135 0.03429953 -0.07170014
v 0.02599648 0.03288225 -0.07104243
v 0.03542940 -0.02474068 -0.06126748
v 0.03540806 -0.02573602 -0.06139485
v 0.03300000 -0.02545652 -0.06148587
v 0.03300000 -0.02413674 -0.06096897
v 0.03532311 -0.02411903 -0.06089941
v 0.03541462 -0.02370324 -0.06019637
v 0.03300000 -0.02346770 -0.05911216
v 0.03535653 -0.02355901 -0.05943869
v 0.03539984 -0.02386328 -0.05855867
v 0.03541366 -0.02442054 -0.05798904
v 0.03300000 -0.02485551 -0.05769509
v 0.03540391 -0.02526364 -0.05767782
v 0.03531881 -0.02606878 -0.05773623
v 0.03300003 -0.02656422 -0.05790499
v 0.03542477 -0.02674957 -0.05820433
v 0.03533817 -0.02719559 -0.05880415
v 0.03300004 -0.02738889 -0.05936585
v 0.03540568 -0.02733333 -0.05959356
v 0.03300000 -0.02690957 -0.06086487
v 0.03541212 -0.02706088 -0.06049862
v 0.03531183 -0.02651964 -0.06112982
v 0.03545000 -0.02471039 -0.05857578
v 0.03545000 -0.02666721 -0.05938276
v 0.03545000 -0.02498994 -0.06067393
v 0.03445000 -0.02471039 -0.06051253
v 0.03445000 -0.02666721 -0.05970555
v 0.03445000 -0.02498994 -0.05841438
v 0.02512393 -0.02542874 -0.05831364
v 0.02509924 -0.02656009 -0.05905949
v 0.02529838 -0.02661397 -0.06007224
v 0.02509828 -0.02594590 -0.06062745
v 0.02512562 -0.02478457 -0.06055476
v 0.02528688 -0.02415599 -0.05920989
v 0.02499858 -0.02446176 -0.05930765
v 0.03541776 0.02612844 -0.06130261
v 0.03538849 0.02504080 -0.06139302
v 0.03300000 0.02545517 -0.06148587
v 0.03300000 0.02677495 -0.06096898
v 0.03540145 0.02694939 -0.06068404
v 0.03300000 0.02744399 -0.05911212
v 0.03541296 0.02735031 -0.05956857
v 0.03533021 0.02701803 -0.05844779
v 0.03300000 0.02605617 -0.05769509
v 0.03541997 0.02625101 -0.05785090
v 0.03538235 0.02506033 -0.05767908
v 0.03300003 0.02434749 -0.05790498
v 0.03541139 0.02404766 -0.05830453
v 0.03300004 0.02352280 -0.05936584
v 0.03539366 0.02355160 -0.05944468
v 0.03300000 0.02400212 -0.06086487
v 0.03540307 0.02397791 -0.06073451
v 0.03545000 0.02498994 -0.05841438
v 0.03545000 0.02666721 -0.05970555
v 0.03545000 0.02471039 -0.06051253
v 0.03445000 0.02498994 -0.06067393
v 0.03445000 0.02471039 -0.05857578
v 0.03445000 0.02666721 -0.05938276
v 0.02509828 0.02533859 -0.05836097
v 0.02529188 0.02421865 -0.05908004
v 0.02529718 0.02446290 -0.06036203
v 0.02511200 0.02551187 -0.06075156
v 0.02528689 0.02674868 -0.05990460
v 0.02529718 0.02629168 -0.05856628
v 0.02499369 0.02437837 -0.05951314
v 0.02498353 0.02652173 -0.05957484
v 0.03370344 -0.03454797 -0.09704076
v 0.02629566 -0.03457478 -0.09716322
v 0.02629359 -0.03443696 -0.09863064
v 0.03370597 -0.03440585 -0.09867207
v 0.02629913 -0.03286640 -0.09927208
v 0.03388571 -0.03319024 -0.09916740
v 0.03391565 -0.03212913 -0.09878450
v 0.02629912 -0.03180853 -0.09846669
v 0.03369895 -0.03161940 -0.09796676
v 0.02629849 -0.03166969 -0.09716667
v 0.03397499 -0.03209454 -0.09676260
v 0.03370969 -0.03306292 -0.09612227
v 0.02629898 -0.03269439 -0.09625639
v 0.02629898 -0.03378673 -0.09633170
v 0.03401409 -0.03429002 -0.09839295
v 0.03400279 -0.03389413 -0.09670767
v 0.02598172 -0.03433869 -0.09715144
v 0.02598172 -0.03236363 -0.09664903
v 0.02598723 -0.03357322 -0.09895890
v 0.03300000 -0.02413674 -0.11188067
v 0.03535342 -0.02448190 -0.11207767
v 0.03300000 -0.02545652 -0.11239757
v 0.03541541 -0.02535992 -0.11232772
v 0.03542171 -0.02383213 -0.11138607
v 0.03300000 -0.02346770 -0.11002385
v 0.03533277 -0.02355797 -0.11056522
v 0.03540675 -0.02373574 -0.10970367
v 0.03532505 -0.02431548 -0.10892498
v 0.03300000 -0.02485551 -0.10860679
v 0.03542902 -0.02508887 -0.10863488
v 0.03535102 -0.02604872 -0.10865148
v 0.03300003 -0.02656421 -0.10881668
v 0.03540194 -0.02686993 -0.10921517
v 0.03300004 -0.02738889 -0.11027753
v 0.03540971 -0.02726931 -0.11000738
v 0.03541033 -0.02727575 -0.11090183
v 0.03300000 -0.02690956 -0.11177657
v 0.03535470 -0.02689189 -0.11168709
v 0.03540082 -0.02624753 -0.11215355
v 0.03545000 -0.02545584 -0.10927228
v 0.03545000 -0.02666721 -0.11029445
v 0.03545000 -0.02424449 -0.11061724
v 0.03545000 -0.02545584 -0.11163941
v 0.03445000 -0.02545584 -0.11163941
v 0.03445000 -0.02666721 -0.11061724
v 0.03445000 -0.02545584 -0.10927228
v 0.03445000 -0.02424449 -0.11029445
v 0.02529188 -0.02629522 -0.10943531
v 0.02529188 -0.02670192 -0.11089556
v 0.02528689 -0.02535238 -0.11179399
v 0.02508510 -0.02436649 -0.11088284
v 0.02529719 -0.02424305 -0.11002689
v 0.02529719 -0.02500486 -0.10925107
v 0.02499541 -0.02539575 -0.11147249
v 0.02499045 -0.02532876 -0.10936657
v 0.02499269 -0.02647926 -0.11060639
v 0.01147650 0.03000000 -0.05100000
v 0.01436325 0.03500000 -0.05100000
v 0.01147650 0.03000000 -0.05500000
v 0.01436325 0.03500000 -0.05500000
v 0.01436325 0.02500000 -0.05100000
v 0.01436325 0.02500000 -0.05500000
v 0.02013675 0.02500000 -0.05100000
v 0.02013675 0.02500000 -0.05500000
v 0.02302350 0.03000000 -0.05100000
v 0.02302350 0.03000000 -0.05500000
v 0.02013675 0.03500000 -0.05100000
v 0.02013675 0.03500000 -0.05500000
v 0.01963221 0.02804809 -0.05100000
v 0.01768072 0.02698105 -0.05100000
v 0.01473717 0.03172779 -0.05100000
v 0.01707222 0.03315461 -0.05100000
v 0.01573562 0.02735307 -0.05100000
v 0.01972698 0.03183015 -0.05100000
v 0.01426929 0.03012493 -0.04300001
v 0.01545270 0.03259864 -0.04300001
v 0.01817175 0.03290689 -0.04300001
v 0.01963800 0.03182064 -0.04300001
v 0.02028993 0.02931334 -0.04300001
v 0.01876439 0.02735307 -0.04300001
v 0.01681928 0.02698105 -0.04300001
v 0.01486779 0.02804809 -0.04300001
v 0.01808589 0.02748765 -0.04300001
v 0.01969195 0.02927987 -0.04300001
v 0.01951237 0.03122750 -0.04300001
v 0.01643401 0.03244115 -0.04300001
v 0.01470424 0.02962030 -0.04300001
v 0.01573810 0.02795162 -0.04300001
v 0.01472791 0.02948610 -0.03800000
v 0.01503679 0.03121354 -0.03800000
v 0.01630595 0.03239454 -0.03800000
v 0.01806078 0.03239032 -0.03800000
v 0.01944423 0.03134552 -0.03800000
v 0.01972485 0.02940268 -0.03800000
v 0.01876190 0.02795162 -0.03800000
v 0.01641411 0.02748765 -0.03800000
v 0.01147650 -0.03000000 -0.05100000
v 0.01436325 -0.02500000 -0.05100000
v 0.01147650 -0.03000000 -0.05500000
v 0.01436325 -0.02500000 -0.05500000
v 0.01436325 -0.03500000 -0.05100000
v 0.01436325 -0.03500000 -0.05500000
v 0.02013675 -0.03500000 -0.05100000
v 0.02013675 -0.03500000 -0.05500000
v 0.02302350 -0.03000000 -0.05100000
v 0.02302350 -0.03000000 -0.05500000
v 0.02013675 -0.02500000 -0.05100000
v 0.02013675 -0.02500000 -0.05500000
v 0.01992099 -0.03153320 -0.05100000
v 0.01817175 -0.03290689 -0.05100000
v 0.01505582 -0.02788218 -0.05100000
v 0.01681928 -0.02698105 -0.05100000
v 0.01545270 -0.03259864 -0.05100000
v 0.01876439 -0.02735307 -0.05100000
v 0.01442916 -0.02884135 -0.04300001
v 0.01573562 -0.02735307 -0.04300001
v 0.01768072 -0.02698105 -0.04300001
v 0.01963221 -0.02804809 -0.04300001
v 0.02027531 -0.02993686 -0.04300001
v 0.01972699 -0.03183015 -0.04300001
v 0.01707221 -0.03315461 -0.04300001
v 0.01442931 -0.03132530 -0.04300001
v 0.01633464 -0.03235225 -0.04300001
v 0.01806599 -0.03244115 -0.04300001
v 0.01984370 -0.03053227 -0.04300001
v 0.01895610 -0.02807276 -0.04300001
v 0.01687030 -0.02745424 -0.04300001
v 0.01520162 -0.02848810 -0.04300001
v 0.01473765 -0.03083589 -0.04300001
v 0.01470424 -0.02962031 -0.03800000
v 0.01573810 -0.02795162 -0.03800000
v 0.01808589 -0.02748765 -0.03800000
v 0.01969195 -0.02927987 -0.03800000
v 0.01951237 -0.03122750 -0.03800000
v 0.01732379 -0.03264673 -0.03800000
v 0.01520162 -0.03151190 -0.03800000
v -0.03595581 -0.04200036 -0.00184588
v -0.02605131 -0.04199982 -0.00067019
v -0.03002970 -0.04199729 -0.00543723
v -0.03517006 -0.04198810 -0.00704487
v 0.03574938 -0.04200046 -0.00377845
v 0.03515528 -0.04199280 -0.00742486
v 0.03481175 -0.04199310 -0.00681942
v 0.02999527 -0.04199778 -0.00546959
v 0.03592040 -0.04200167 0.00195380
v 0.02600714 -0.04199993 -0.00108383
v -0.02336121 -0.04183231 -0.01975450
v -0.02742792 -0.04187681 -0.01661069
v -0.02680166 -0.04193672 -0.01475413
v -0.02844810 -0.04190325 -0.01530746
v -0.02873723 -0.04197909 -0.01026724
v -0.02961241 -0.04190279 -0.01532360
v -0.03340908 -0.04197082 -0.01150138
v -0.03046669 -0.04188671 -0.01615521
v -0.03420084 -0.04198025 -0.01127252
v -0.03085018 -0.04182851 -0.01861283
v -0.03026934 -0.04184899 -0.01775589
v -0.02843839 -0.04183631 -0.01821033
v -0.02689385 -0.04164804 -0.02354505
v -0.02684596 -0.04171924 -0.02392449
v -0.01525527 -0.04132938 -0.02911906
v -0.01558818 -0.04140278 -0.02801619
v -0.01412883 -0.04146005 -0.02708998
v -0.01661685 -0.04143611 -0.02748529
v -0.01979683 -0.04174739 -0.02327257
v -0.01796160 -0.04140672 -0.02795002
v -0.02326946 -0.04148210 -0.02671167
v -0.02408602 -0.04148031 -0.02679662
v -0.01823842 -0.04129972 -0.02953925
v -0.01803787 -0.04118050 -0.03114692
v -0.01712682 -0.04122659 -0.03053037
v -0.01576860 -0.04125264 -0.03018216
v -0.01148110 -0.04093757 -0.03398708
v -0.01032124 -0.04135733 -0.02870560
v -0.00707467 -0.04082504 -0.03514978
v -0.00147514 -0.04103386 -0.03290360
v -0.00110737 -0.04086533 -0.03473031
v -0.00102280 -0.04074359 -0.03595201
v 0.00105628 -0.04086851 -0.03469830
v 0.00404089 -0.04076318 -0.03575101
v 0.00685821 -0.04084187 -0.03498737
v 0.00142426 -0.04103456 -0.03289609
v 0.00539587 -0.04126012 -0.03007843
v -0.00004229 -0.04111905 -0.03189650
v -0.00129504 -0.04122925 -0.03052188
v -0.00549446 -0.04126552 -0.03001142
v 0.01027556 -0.04135266 -0.02878337
v 0.01526542 -0.04137265 -0.02849175
v 0.01535299 -0.04128918 -0.02970553
v 0.01147115 -0.04096051 -0.03374628
v 0.01637440 -0.04122659 -0.03054436
v 0.01456114 -0.04103462 -0.03291406
v 0.01772931 -0.04125265 -0.03019772
v 0.01921679 -0.04123843 -0.03039153
v 0.01828349 -0.04135570 -0.02875651
v 0.02375054 -0.04147134 -0.02693837
v 0.01974358 -0.04175976 -0.02332146
v 0.01740729 -0.04142663 -0.02765044
v 0.01624158 -0.04143307 -0.02754697
v 0.01531269 -0.04150255 -0.02639004
v 0.02331380 -0.04186072 -0.01978939
v 0.02797973 -0.04184783 -0.01794356
v 0.02684625 -0.04164520 -0.02358701
v 0.03026628 -0.04180351 -0.01951306
v 0.02974829 -0.04183844 -0.01819000
v 0.03051637 -0.04188595 -0.01621548
v 0.03423481 -0.04198181 -0.01115629
v 0.02902416 -0.04190519 -0.01521187
v 0.03353560 -0.04197255 -0.01153913
v 0.02869769 -0.04198077 -0.01029817
v 0.02718201 -0.04194034 -0.01390252
v 0.02781905 -0.04189507 -0.01575054
v 0.02746587 -0.04187159 -0.01684776
v -0.01962243 -0.04471016 -0.02738542
v -0.01798046 -0.04558728 -0.02620329
v -0.02083920 -0.04572431 -0.02401316
v -0.02763487 -0.04457207 -0.01971033
v -0.02965711 -0.04369487 -0.02009329
v -0.02751069 -0.04365805 -0.02319453
v -0.02606885 -0.04563808 -0.01828251
v -0.02367522 -0.04587918 -0.02110753
v -0.02367410 -0.04366399 -0.02711308
v -0.02042151 -0.04365064 -0.02957639
v -0.00338013 -0.04455930 -0.03385189
v -0.00248352 -0.04557216 -0.03169004
v -0.00662763 -0.04567054 -0.03113602
v -0.01416663 -0.04446255 -0.03114328
v -0.01563675 -0.04367573 -0.03219976
v -0.01135622 -0.04365493 -0.03417609
v -0.01355618 -0.04562147 -0.02882197
v -0.00294098 -0.04365958 -0.03585207
v -0.00795450 -0.04628383 -0.03026094
v -0.00650807 -0.04601237 -0.03095736
v -0.00214801 -0.04615546 -0.03120230
v -0.00254848 -0.04591410 -0.03155754
v -0.01046106 -0.04596707 -0.02988000
v -0.01370993 -0.04580848 -0.02860770
v -0.01362713 -0.04620697 -0.02812892
v 0.00639012 -0.04568611 -0.03114007
v 0.00329937 -0.04434846 -0.03430511
v 0.00698062 -0.04366105 -0.03531818
v 0.01302782 -0.04365337 -0.03350659
v 0.01557362 -0.04368655 -0.03223093
v 0.01377488 -0.04468522 -0.03082510
v 0.00262057 -0.04368405 -0.03573894
v 0.00300538 -0.04505986 -0.03268022
v 0.00248547 -0.04555232 -0.03170395
v 0.01155312 -0.04577436 -0.02960623
v 0.01368119 -0.04555586 -0.02873242
v 0.00789664 -0.04614908 -0.03045822
v 0.00250779 -0.04599285 -0.03149275
v 0.01365488 -0.04593462 -0.02852129
v 0.01342293 -0.04622076 -0.02823490
v 0.00231498 -0.04624324 -0.03103957
v 0.01797975 -0.04595949 -0.02603440
v 0.01796496 -0.04557714 -0.02623453
v 0.02109745 -0.04587908 -0.02365760
v 0.02400030 -0.04572429 -0.02082350
v 0.02618939 -0.04559721 -0.01795010
v 0.02594490 -0.04609294 -0.01783756
v 0.01743426 -0.04621392 -0.02587422
v 0.02213565 -0.04624951 -0.02202578
v 0.02705378 -0.04486902 -0.01958458
v 0.01968427 -0.04468659 -0.02740629
v 0.02025279 -0.04367704 -0.02962122
v 0.02317768 -0.04365310 -0.02751615
v 0.02953139 -0.04363758 -0.02064587
v 0.03122232 -0.04566092 -0.00618153
v 0.03449992 -0.04364639 -0.01038057
v 0.03588771 -0.04365182 -0.00249748
v 0.03387710 -0.04364885 0.01208218
v 0.03247418 -0.04366389 0.01535663
v 0.03048522 -0.04486681 0.01365069
v 0.03157524 -0.04415904 -0.01457233
v 0.03227891 -0.04367812 -0.01558429
v 0.02884356 -0.04563819 -0.01341944
v 0.02975305 -0.04572310 -0.01120686
v 0.03136978 -0.04585125 0.00460004
v 0.03161332 -0.04586628 -0.00248517
v 0.03055072 -0.04568011 0.00875996
v 0.03557178 -0.04364755 0.00561088
v 0.02872889 -0.04557997 0.01368875
v 0.02849959 -0.04589491 -0.01373254
v 0.03140143 -0.04616574 0.00081049
v 0.02853629 -0.04597032 0.01361532
v 0.03006649 -0.04618590 0.00914197
v 0.02799552 -0.04622845 0.01361513
v 0.03049967 -0.04614874 -0.00783040
v 0.02814603 -0.04623050 -0.01347640
v -0.02587774 -0.04621094 0.01759780
v -0.02397385 -0.04585867 0.02075635
v -0.02613712 -0.04583533 0.01790970
v -0.02623224 -0.04552600 0.01799906
v -0.02072003 -0.04589854 0.02401435
v -0.01638370 -0.04625279 0.02662665
v -0.01732478 -0.04572115 0.02671246
v -0.01255266 -0.04575153 0.02926179
v -0.00919626 -0.04624733 0.02989426
v -0.00676712 -0.04593351 0.03094596
v -0.00238761 -0.04582546 0.03158026
v -0.00269942 -0.04562348 0.03171138
v -0.00223675 -0.04621356 0.03112333
v -0.03020374 -0.04579797 -0.00994038
v -0.03116300 -0.04447965 -0.01402796
v -0.02872779 -0.04553849 -0.01371077
v -0.03226489 -0.04369593 -0.01558712
v -0.03457960 -0.04366972 -0.01013653
v -0.03109921 -0.04450563 0.01409115
v -0.03234145 -0.04367660 0.01555185
v -0.03382909 -0.04365207 0.01226221
v -0.02898196 -0.04563062 0.01338405
v -0.03125974 -0.04566056 0.00614038
v -0.03559961 -0.04366021 0.00560392
v -0.03173560 -0.04585538 -0.00043193
v -0.03596456 -0.04364257 -0.00190935
v -0.03133228 -0.04584303 -0.00498474
v -0.03124294 -0.04623946 0.00288343
v -0.02862417 -0.04590016 -0.01360813
v -0.02810757 -0.04621352 -0.01367664
v -0.03060244 -0.04625486 -0.00642894
v -0.03045153 -0.04613925 0.00818779
v -0.02858994 -0.04593314 0.01361788
v -0.02808627 -0.04618949 0.01371075
v 0.00326965 -0.04415956 0.03469446
v 0.00270804 -0.04561017 0.03171066
v 0.00590545 -0.04567102 0.03125597
v 0.02352749 -0.04588702 0.02124119
v 0.02621916 -0.04557455 0.01796959
v 0.02771076 -0.04451083 0.01986079
v 0.02956175 -0.04367232 0.02053831
v 0.02046965 -0.04570030 0.02430787
v 0.02324354 -0.04364205 0.02748644
v 0.01735428 -0.04364199 0.03153862
v 0.01569352 -0.04586540 0.02756707
v 0.01137747 -0.04566140 0.02977071
v 0.00952906 -0.04363997 0.03477532
v 0.00272691 -0.04368063 0.03577980
v 0.02607296 -0.04594795 0.01790154
v 0.00665249 -0.04616589 0.03076682
v 0.00235619 -0.04614000 0.03131542
v 0.02035598 -0.04620596 0.02389246
v 0.01170765 -0.04620318 0.02915350
v 0.02572795 -0.04624293 0.01756148
v 0.02937813 -0.04200007 0.01516570
v -0.02478870 -0.04200152 0.00860686
v -0.02892583 -0.04200007 0.01520021
v 0.03481993 -0.04200165 0.00902149
v -0.03037509 -0.04200007 0.01932265
v -0.02883204 -0.04200007 0.01836719
v -0.03033508 -0.04200007 0.01757005
v 0.03055923 -0.04200007 0.01655818
v 0.03259348 -0.04200124 0.01516288
v -0.03041662 -0.04200007 0.01600711
v 0.03002900 -0.04200007 0.01789365
v 0.02703697 -0.04200066 0.02381904
v -0.03560369 -0.04200024 0.00535103
v -0.03376387 -0.04200044 0.01247982
v 0.00117478 -0.04200007 0.03460943
v -0.00102114 -0.04200007 0.03479096
v 0.00028101 -0.04200007 0.03598911
v -0.02617106 -0.04200035 0.02471732
v -0.02060083 -0.04200140 0.02951731
v -0.01430274 -0.04200030 0.03302980
v 0.00517519 -0.04200129 0.02568738
v -0.00070047 -0.04200007 0.03210074
v 0.00122978 -0.04200007 0.03240594
v 0.01624068 -0.04200145 0.02057862
v -0.00736158 -0.04200142 0.02517560
v 0.02877774 -0.04200007 0.01826538
v 0.02054313 -0.04200067 0.02953441
v 0.02768862 -0.04200007 0.01754566
v 0.01418047 -0.04200041 0.03306666
v 0.02529465 -0.04200070 0.00644327
v 0.02760707 -0.04200007 0.01598272
v -0.00730666 -0.04200060 0.03524037
v -0.01808655 -0.04200152 0.01900564
v -0.02761963 -0.04200007 0.01606179
v 0.00723450 -0.04200028 0.03524784
v 0.02217334 -0.04200023 0.01363356
v -0.00148506 -0.04200007 0.03314225
v -0.02761851 -0.04200007 0.01737239
v 0.02132798 -0.04713335 -0.01035332
v 0.02665360 -0.04630518 -0.01455217
v 0.02611404 -0.04625516 -0.01557821
v 0.01228829 -0.04798965 -0.00849106
v 0.02096291 -0.04743841 -0.00039598
v 0.01513017 -0.04728235 -0.01658523
v 0.01397584 -0.04628388 -0.02721770
v 0.01548731 -0.04631541 -0.02600817
v 0.00455583 -0.04756587 -0.01928207
v 0.00386174 -0.04822190 -0.01076266
v 0.00338054 -0.04866619 -0.00122924
v -0.00077600 -0.04632235 -0.03025643
v -0.00121118 -0.04788343 -0.01618014
v -0.01200205 -0.04728217 -0.01910548
v -0.00253787 -0.04860686 -0.00396406
v -0.00860624 -0.04805717 -0.01097987
v -0.00412605 -0.04862302 0.00210060
v -0.01478922 -0.04626058 -0.02658268
v -0.01722858 -0.04619095 -0.02590423
v -0.02204004 -0.04624951 -0.02214958
v -0.01680196 -0.04756090 -0.01031134
v -0.02588842 -0.04621390 -0.01744821
v -0.02753074 -0.04616344 -0.01402893
v -0.02602223 -0.04631539 -0.01550154
v -0.01046543 -0.04826346 -0.00297427
v -0.02077784 -0.04743202 -0.00299499
v -0.01841948 -0.04760589 0.00574953
v -0.02665676 -0.04632612 0.01448219
v -0.01608987 -0.04736818 0.01448712
v -0.02575347 -0.04628259 0.01653197
v -0.00681650 -0.04736469 0.02049060
v -0.00700717 -0.04817214 0.01054743
v 0.00048864 -0.04745121 0.02084159
v -0.00022002 -0.04633371 0.03020366
v 0.00139121 -0.04628728 0.03055138
v 0.00969698 -0.04760366 0.01680868
v 0.00191970 -0.04846725 0.00728653
v 0.01678137 -0.04722650 0.01547589
v 0.01957895 -0.04741897 0.00788279
v 0.01050805 -0.04808335 0.00861953
v 0.02619771 -0.04631613 0.01501291
v 0.01301673 -0.04811177 0.00171342
v -0.01788355 -0.04595410 -0.02607414
v -0.02612258 -0.04594356 -0.01784363
v 0.03246140 -0.04300049 -0.01545896
v 0.02958794 -0.04299990 -0.02035928
v 0.02688733 -0.04200068 -0.02372195
v 0.02045604 -0.04300065 -0.02957948
v 0.01543949 -0.04299985 -0.03244175
v 0.00707173 -0.04200019 -0.03520758
v 0.01144461 -0.04200150 -0.03386753
v 0.00268505 -0.04299980 -0.03581253
v -0.00272933 -0.04299969 -0.03580249
v -0.00712679 -0.04200050 -0.03521513
v -0.01150193 -0.04200028 -0.03398725
v -0.01558247 -0.04299973 -0.03235927
v -0.02049342 -0.04300022 -0.02956265
v -0.02405452 -0.04199997 -0.02674107
v -0.02967202 -0.04299973 -0.02022881
v -0.03249012 -0.04299997 -0.01544242
v -0.03247807 -0.04300017 0.01546484
v -0.02961671 -0.04299999 0.02035550
v -0.00012326 -0.04299870 0.03598574
v 0.02960239 -0.04299992 0.02034580
v 0.03247280 -0.04300024 0.01543812
v 0.00267212 -0.04299933 0.03576680
v -0.00265649 -0.04369562 0.03575442
v -0.00268653 -0.04299951 0.03578156
v -0.00724239 -0.04365243 0.03526007
v 0.02369762 -0.04200023 -0.02693806
v -0.02623491 -0.04365774 0.02469543
v -0.02963074 -0.04367922 0.02026611
v -0.02054655 -0.04364073 0.02956532
v -0.01428566 -0.04365343 0.03307060
v -0.00330650 -0.04418550 0.03465706
v -0.02698018 -0.04492787 0.01951080
v -0.02342976 -0.04199995 -0.02679874
v -0.02677689 -0.04200004 -0.02324590
v -0.00547951 -0.04200031 -0.03010008
v -0.01035458 -0.04199897 -0.02874993
v 0.01024323 -0.04200000 -0.02872349
v 0.00538646 -0.04199877 -0.03019504
v 0.02405749 -0.04200254 -0.01039221
v 0.01661402 -0.04200155 -0.02027080
v -0.00919330 -0.04200162 -0.02456931
v 0.00125159 -0.04200130 -0.02606442
v -0.02516692 -0.04200011 -0.00676019
v 0.00864784 -0.04200051 -0.02455344
v 0.01425479 -0.04200042 -0.02699588
v -0.01628411 -0.04200029 -0.02584093
v -0.01706598 -0.04200015 -0.01968784
v -0.02216164 -0.04200052 -0.01385031
v 0.02957064 -0.04300001 0.01530085
v 0.03057631 -0.04300001 0.01650496
v 0.02964663 -0.04300001 0.01822069
v 0.02776023 -0.04300001 0.01772512
v 0.02777406 -0.04300001 0.01564487
v 0.02938883 -0.04300002 0.01979729
v 0.02818250 -0.04299982 0.01965206
v 0.02665820 -0.04299998 0.01868952
v 0.02593501 -0.04299998 0.01682877
v 0.03183461 -0.04300004 0.01553168
v 0.02666427 -0.04300000 0.01477965
v 0.02895012 -0.04300006 0.01363210
v 0.03104025 -0.04299995 0.01449618
v 0.02943321 -0.04357588 0.01982603
v 0.02807915 -0.04406187 0.01963371
v 0.02753350 -0.04594291 0.01408225
v 0.02627902 -0.04602733 0.01533397
v 0.02595749 -0.04606499 0.01684555
v 0.02686665 -0.04490646 0.01895328
v 0.03191164 -0.04357275 0.01557799
v 0.03088340 -0.04426805 0.01428893
v 0.02943504 -0.04507897 0.01372785
v -0.02818708 -0.04300001 0.01540872
v -0.02749434 -0.04300001 0.01666647
v -0.02803151 -0.04300001 0.01800672
v -0.02958469 -0.04300001 0.01819916
v -0.03059039 -0.04300001 0.01699502
v -0.02988162 -0.04300001 0.01545676
v -0.02938946 -0.04300003 0.01981597
v -0.03186026 -0.04300002 0.01556485
v -0.03113132 -0.04299983 0.01459272
v -0.02953582 -0.04299998 0.01375408
v -0.02758227 -0.04299999 0.01405152
v -0.02603496 -0.04299999 0.01594110
v -0.02625324 -0.04300005 0.01798042
v -0.02757404 -0.04299987 0.01948483
v -0.02598457 -0.04596101 0.01653598
v -0.02636430 -0.04615899 0.01524451
v -0.02726618 -0.04598484 0.01426793
v -0.02868060 -0.04548774 0.01375281
v -0.02958770 -0.04490738 0.01379924
v -0.03065535 -0.04433414 0.01419435
v -0.03182189 -0.04353804 0.01548580
v -0.02936027 -0.04354284 0.01981276
v -0.02842584 -0.04405700 0.01980749
v -0.02743959 -0.04451730 0.01937237
v -0.02664485 -0.04507032 0.01866228
v 0.00046153 -0.04300001 0.03195149
v 0.00158806 -0.04300001 0.03354359
v 0.00073707 -0.04300001 0.03485714
v -0.00069928 -0.04300001 0.03489984
v -0.00156192 -0.04300001 0.03359436
v -0.00105328 -0.04300001 0.03239363
v -0.00052393 -0.04300001 0.03049228
v 0.00161191 -0.04299995 0.03087984
v 0.00286578 -0.04299989 0.03243572
v 0.00261893 -0.04299963 0.03500768
v -0.00251103 -0.04300007 0.03522493
v -0.00301644 -0.04299983 0.03319310
v -0.00229220 -0.04300012 0.03151877
v 0.00233007 -0.04571437 0.03156912
v 0.00094342 -0.04599113 0.03058540
v -0.00113138 -0.04608115 0.03062767
v -0.00294809 -0.04500889 0.03258205
v -0.00298463 -0.04409698 0.03424135
v -0.00248454 -0.04350944 0.03526428
v 0.00247230 -0.04351890 0.03531100
v 0.00293852 -0.04404130 0.03434476
v 0.00306557 -0.04458794 0.03341149
v 0.00279337 -0.04495899 0.03235505
v 0.02910993 -0.04300002 -0.01828848
v 0.03027791 -0.04300000 -0.01765914
v 0.03046131 -0.04300001 -0.01634938
v 0.02984508 -0.04300001 -0.01549302
v 0.02840055 -0.04299999 -0.01528752
v 0.02746886 -0.04300001 -0.01650890
v 0.02787984 -0.04300000 -0.01786194
v 0.02936080 -0.04300002 -0.01981572
v 0.02600680 -0.04299999 -0.01594106
v 0.02622496 -0.04300005 -0.01798020
v 0.02754592 -0.04299987 -0.01948488
v 0.03183224 -0.04300002 -0.01556512
v 0.03110306 -0.04299983 -0.01459257
v 0.02950767 -0.04299998 -0.01375408
v 0.02755419 -0.04299999 -0.01405139
v 0.03174426 -0.04348552 -0.01547340
v 0.03103564 -0.04406209 -0.01451239
v 0.02593448 -0.04606481 -0.01652379
v 0.02727827 -0.04608590 -0.01421439
v 0.02864282 -0.04545274 -0.01375339
v 0.02993401 -0.04483901 -0.01384146
v 0.02850965 -0.04380281 -0.01976324
v 0.02741145 -0.04451727 -0.01937234
v 0.02660995 -0.04509709 -0.01866719
v 0.01671606 -0.04300001 -0.03056544
v 0.01802750 -0.04300003 -0.02989454
v 0.01812075 -0.04300005 -0.02830489
v 0.01708184 -0.04299998 -0.02753516
v 0.01581541 -0.04299999 -0.02775023
v 0.01520204 -0.04300001 -0.02887637
v 0.01553661 -0.04300001 -0.03000819
v 0.01549072 -0.04309563 -0.03173423
v 0.01476550 -0.04300000 -0.02667840
v 0.01361795 -0.04300005 -0.02896407
v 0.01448229 -0.04299995 -0.03105449
v 0.01983541 -0.04299997 -0.02950330
v 0.01963788 -0.04299983 -0.02819620
v 0.01867555 -0.04299998 -0.02667235
v 0.01681451 -0.04299998 -0.02594910
v 0.01439455 -0.04597738 -0.02708860
v 0.01551084 -0.04601925 -0.02622525
v 0.01682780 -0.04606572 -0.02597152
v 0.01876465 -0.04500151 -0.02676223
v 0.01942489 -0.04433419 -0.02761331
v 0.01983984 -0.04383311 -0.02889772
v 0.01977665 -0.04354806 -0.02939042
v 0.01468104 -0.04399044 -0.03130254
v 0.01380260 -0.04476498 -0.03001438
v -0.00060699 -0.04300002 -0.03498744
v 0.00122826 -0.04300011 -0.03449930
v 0.00138890 -0.04300003 -0.03288435
v 0.00033886 -0.04299994 -0.03199022
v -0.00123156 -0.04299999 -0.03246504
v -0.00151382 -0.04300000 -0.03385914
v -0.00264701 -0.04299963 -0.03500776
v 0.00049587 -0.04300001 -0.03049234
v -0.00164032 -0.04299995 -0.03088020
v -0.00289414 -0.04299989 -0.03243622
v 0.00248278 -0.04300007 -0.03522545
v 0.00298827 -0.04299983 -0.03319313
v 0.00226404 -0.04300012 -0.03151882
v -0.00061577 -0.04607715 -0.03048131
v 0.00126299 -0.04609255 -0.03070673
v 0.00224029 -0.04580162 -0.03149945
v 0.00303939 -0.04442502 -0.03358563
v 0.00251818 -0.04349282 -0.03515927
v -0.00248217 -0.04355660 -0.03540566
v -0.00293804 -0.04398195 -0.03444845
v -0.00307971 -0.04438240 -0.03364148
v -0.00289519 -0.04512216 -0.03242829
v -0.01678403 -0.04300001 -0.03055156
v -0.01547331 -0.04300006 -0.02988084
v -0.01538245 -0.04300005 -0.02829151
v -0.01641885 -0.04299998 -0.02752104
v -0.01768335 -0.04299999 -0.02773555
v -0.01829762 -0.04300001 -0.02885863
v -0.01796489 -0.04300001 -0.02999250
v -0.01530761 -0.04299982 -0.03165231
v -0.01376815 -0.04299998 -0.02952167
v -0.01406218 -0.04299999 -0.02757266
v -0.01987781 -0.04299999 -0.02947409
v -0.01595518 -0.04299999 -0.02602084
v -0.01799385 -0.04300005 -0.02623876
v -0.01949916 -0.04299987 -0.02756031
v -0.01556809 -0.04614500 -0.02617780
v -0.01398930 -0.04604541 -0.02777586
v -0.01384730 -0.04485967 -0.02997219
v -0.01420666 -0.04431751 -0.03063156
v -0.01528571 -0.04346594 -0.03161982
v -0.01983617 -0.04353850 -0.02937186
v -0.01960726 -0.04417684 -0.02782949
v -0.01867522 -0.04514472 -0.02660388
v -0.02750357 -0.04300006 -0.01699023
v -0.02837620 -0.04299999 -0.01815542
v -0.02779593 -0.04299999 -0.01584532
v -0.02917896 -0.04300003 -0.01513375
v -0.03048777 -0.04300000 -0.01621649
v -0.03018228 -0.04300000 -0.01786971
v -0.02908497 -0.04299981 -0.01976499
v -0.02668642 -0.04299998 -0.01868963
v -0.02596317 -0.04299998 -0.01682871
v -0.02669244 -0.04300000 -0.01477960
v -0.02897806 -0.04300006 -0.01363207
v -0.03106867 -0.04299995 -0.01449642
v -0.03186279 -0.04300004 -0.01553174
v -0.02652345 -0.04604682 -0.01501983
v -0.02597179 -0.04607485 -0.01652210
v -0.02625664 -0.04545457 -0.01794779
v -0.02721499 -0.04452765 -0.01922246
v -0.02904918 -0.04346581 -0.01974761
v -0.03179136 -0.04355982 -0.01543033
v -0.03091151 -0.04426811 -0.01428888
v -0.02946338 -0.04507895 -0.01372781
v 0.00761699 -0.04501021 -0.02384878
v 0.00795928 -0.04300475 -0.02375926
v 0.00161324 -0.04500081 -0.02499511
v 0.00153999 -0.04301364 -0.02503731
v 0.01309527 -0.04500959 -0.02133457
v 0.01336950 -0.04300434 -0.02118740
v 0.01806486 -0.04299226 -0.01736793
v 0.01765452 -0.04500694 -0.01773968
v 0.02134391 -0.04499875 -0.01307938
v 0.02177469 -0.04300214 -0.01236953
v 0.02384964 -0.04499874 -0.00759923
v 0.02460850 -0.04300704 -0.00510626
v 0.02509638 -0.04500721 -0.00020888
v 0.02483754 -0.04300672 0.00367780
v 0.02395032 -0.04499882 0.00727384
v 0.02151911 -0.04499890 0.01278714
v 0.02263904 -0.04300015 0.01069595
v 0.01784095 -0.04499901 0.01756061
v 0.01945633 -0.04299991 0.01576077
v 0.01312903 -0.04499911 0.02131719
v 0.01516385 -0.04299978 0.01992608
v 0.00630142 -0.04500041 0.02431041
v 0.01000636 -0.04299974 0.02295480
v 0.00427967 -0.04299982 0.02467402
v -0.00143737 -0.04498751 0.02501629
v -0.00163052 -0.04301110 0.02497807
v -0.00751277 -0.04500290 0.02389509
v -0.00732445 -0.04300137 0.02395581
v -0.01300283 -0.04500235 0.02141290
v -0.01279752 -0.04300129 0.02154069
v -0.01774172 -0.04500196 0.01769063
v -0.01754203 -0.04300121 0.01789598
v -0.02145428 -0.04500156 0.01294421
v -0.02128760 -0.04300110 0.01322891
v -0.02392550 -0.04500117 0.00744888
v -0.02381915 -0.04300101 0.00780687
v -0.02501269 -0.04500081 0.00152215
v -0.02499129 -0.04300010 0.00195017
v -0.02465281 -0.04500048 -0.00449271
v -0.02474411 -0.04300544 -0.00401698
v -0.02286670 -0.04500018 -0.01024756
v -0.02307709 -0.04300073 -0.00979064
v -0.01975781 -0.04499991 -0.01540916
v -0.02009743 -0.04300064 -0.01498142
v -0.01550566 -0.04499968 -0.01967915
v -0.01597107 -0.04300055 -0.01931771
v -0.01035759 -0.04499944 -0.02280940
v -0.01093396 -0.04300045 -0.02255131
v -0.00461083 -0.04499925 -0.02461963
v -0.00527413 -0.04300037 -0.02449766
v -0.01288488 -0.04600206 0.02050621
v -0.00459064 -0.04600022 0.02359987
v -0.00397849 -0.04600027 -0.02388583
v 0.00253869 -0.04600080 0.02397523
v -0.02005687 -0.04600080 0.01340202
v -0.02415279 -0.04600206 -0.00186683
v -0.02303747 -0.04600022 0.00691541
v -0.02052024 -0.04600206 -0.01287088
v -0.01341599 -0.04600080 -0.02004286
v 0.01623908 -0.04600080 -0.01780903
v 0.00757501 -0.04600206 -0.02299060
v 0.02149803 -0.04600080 -0.01088836
v 0.02387536 -0.04600080 0.00325918
v 0.02367502 -0.04600022 -0.00408963
v 0.02049213 -0.04600206 0.01287080
v 0.01216187 -0.04600206 0.02092627
v -0.02886060 -0.04392952 -0.01998944
v 0.02864330 -0.04401256 -0.02002865
v 0.02946503 -0.04361941 -0.01990899
v -0.04068439 0.03495000 -0.03672731
v -0.03982521 0.00793624 -0.03784899
v -0.03963362 0.03495343 -0.03790629
v -0.04076860 0.00790366 -0.03654512
v -0.03124410 0.00793598 -0.03777551
v -0.03150388 0.03495210 -0.03790544
v 0.02731131 0.03495000 -0.02420536
v 0.02960032 0.03495000 -0.03201763
v 0.02850898 0.03495000 -0.03012549
v -0.02903603 0.03494992 -0.02239257
v -0.02548519 0.03495000 -0.03012549
v -0.02715543 0.03495000 -0.02963287
v 0.03447922 0.03495000 -0.02279294
v 0.03697879 0.03495000 -0.02353663
v 0.02902935 0.03495000 -0.03364456
v -0.04536185 0.03494839 -0.00089811
v -0.04362135 0.03495000 -0.00140770
v -0.04222022 0.03495000 -0.00244193
v -0.04048209 0.03495000 -0.00233358
v -0.03937124 0.03495000 -0.00724353
v -0.04217466 0.03495000 -0.00708312
v 0.02683874 0.03495000 -0.02963287
v 0.02451121 0.03494987 -0.02702884
v -0.02556020 0.03495000 -0.03435028
v 0.01082354 0.03498747 -0.03775430
v -0.02771731 0.03495000 -0.03461580
v -0.04348269 0.03495000 -0.00839528
v -0.03025442 0.03495001 -0.03643518
v 0.03557429 0.03495003 -0.01495126
v 0.03493617 0.03495000 -0.01882360
v 0.03384317 0.03495000 -0.02071483
v 0.02462010 0.03492185 -0.03870329
v 0.02627685 0.03495000 -0.03461580
v 0.02801500 0.03495000 -0.03450745
v 0.03272741 0.03495438 -0.03782741
v -0.04402209 0.03495000 0.00051390
v -0.04530462 0.03495106 0.00327802
v 0.03753945 0.03495000 -0.01866742
v -0.02104476 0.03494998 -0.02989297
v 0.04556951 0.03494275 -0.01496044
v -0.04506712 0.03493493 -0.02212709
v -0.04290888 0.03493377 -0.03850293
v -0.02938991 0.03495000 -0.03321105
v -0.03601794 0.03495000 -0.00632563
v -0.03890631 0.03495000 -0.00053236
v -0.03673940 0.03495000 0.00194865
v -0.03979392 0.03495000 0.00192727
v -0.03908868 0.03495000 0.00443260
v -0.04242018 0.03495000 0.00505838
v -0.04233585 0.03495000 0.00251238
v 0.03876761 0.03495000 -0.02194403
v 0.04196020 0.03495000 -0.02116282
v -0.03389999 0.03495000 -0.01371266
v -0.02909164 0.03495000 -0.03062012
v 0.02490252 0.03495000 -0.03062012
v 0.01921741 0.03494995 -0.03108693
v 0.03185986 0.03495000 -0.03564440
v 0.03876339 0.03495000 -0.02018921
v 0.01169594 0.03495001 -0.03463474
v 0.02460425 0.03495000 -0.03321105
v 0.00362466 0.03494998 -0.03636868
v 0.02298640 0.03495000 -0.03756680
v -0.01364643 0.03494997 -0.03391198
v -0.02439384 0.03495000 -0.03201763
v -0.04457343 0.03493638 -0.02818361
v 0.05305744 0.03490922 -0.03879267
v 0.04955176 0.03495216 -0.03783218
v 0.05046416 0.03495000 -0.03604862
v 0.04630728 0.03495000 -0.02126092
v -0.00514688 0.03494999 -0.03621048
v 0.05064272 0.03494934 -0.02971180
v 0.02731198 -0.03505000 -0.02421036
v 0.02439383 -0.03505000 -0.03201763
v 0.02548518 -0.03505000 -0.03012549
v 0.02715542 -0.03505000 -0.02963287
v 0.03558384 -0.03505000 -0.01496990
v 0.03780996 -0.03505000 -0.01882359
v 0.04559456 -0.03505149 -0.01497259
v -0.02683874 -0.03505000 -0.02963287
v -0.02381312 -0.03504992 -0.02774035
v -0.02909163 -0.03505005 -0.02212765
v 0.03890296 -0.03505000 -0.02071482
v 0.03826692 -0.03505000 -0.02279293
v 0.04202235 -0.03505000 -0.02113038
v 0.03196935 -0.03505000 -0.03534945
v -0.04272741 -0.03505000 -0.00226242
v -0.04252106 -0.03505000 -0.00716921
v -0.04077976 -0.03505000 -0.00244193
v -0.02889086 -0.03505000 -0.03038085
v -0.03417661 -0.03505000 -0.01315944
v 0.03325024 -0.03505159 -0.03795032
v 0.02794108 -0.03505000 -0.03456844
v 0.02444518 -0.03504997 -0.03846255
v -0.02506991 -0.03505000 -0.03046769
v -0.02781309 -0.03505000 -0.03461502
v -0.03030243 -0.03504999 -0.03665662
v -0.02544338 -0.03505000 -0.03426849
v -0.03173240 -0.03505206 -0.03795325
v 0.00988918 -0.03502632 -0.03868865
v 0.03202275 -0.03505000 -0.03684273
v 0.02953365 -0.03505000 -0.03277979
v 0.02892425 -0.03505000 -0.03046768
v 0.03477128 -0.03505000 -0.02301475
v 0.03498578 -0.03505000 -0.01874476
v 0.03380005 -0.03505000 -0.02106813
v -0.04511116 -0.03504368 -0.02169493
v -0.04348708 -0.03505000 -0.00874095
v 0.03642875 -0.03505000 -0.02352349
v -0.04529052 -0.03505102 0.00333887
v -0.04394194 -0.03505000 -0.00072015
v -0.04357492 -0.03505000 0.00164478
v -0.01698713 -0.03505001 -0.03238215
v 0.02303321 -0.03504970 -0.02837506
v 0.05308093 -0.03500872 -0.03887035
v 0.05046508 -0.03505000 -0.03619477
v 0.04942703 -0.03505210 -0.03788026
v -0.03927643 -0.03505109 -0.03797337
v -0.04055540 -0.03505000 -0.03707799
v -0.04282620 -0.03496492 -0.03906705
v -0.04223469 -0.03505000 0.00503449
v -0.04066416 -0.03505000 0.00251238
v -0.03889475 -0.03505000 0.00437018
v -0.03671680 -0.03505000 0.00174713
v -0.03897791 -0.03505000 0.00051391
v -0.03630958 -0.03505000 -0.00385836
v -0.03937865 -0.03505000 -0.00140771
v -0.02445611 -0.03505000 -0.03233230
v -0.00736561 -0.03504997 -0.03589562
v 0.02279928 -0.03505000 -0.03754023
v 0.02556020 -0.03505000 -0.03435028
v 0.01155209 -0.03505000 -0.03755186
v -0.03930755 -0.03505000 -0.00729059
v 0.04637244 -0.03505000 -0.02131117
v -0.02949675 -0.03505000 -0.03291753
v 0.00582728 -0.03505000 -0.03621579
v 0.01608994 -0.03504998 -0.03281065
v -0.04446967 -0.03503733 -0.02900491
v 0.04984865 -0.03502547 -0.02698303
v 0.02129869 0.02633356 -0.02987876
v 0.02247750 -0.02549143 -0.02882386
v 0.02251877 0.02543046 -0.02882144
v 0.01056877 0.01468715 -0.03501059
v 0.00272087 0.00618543 -0.03645653
v -0.00201519 0.00105615 -0.03644395
v -0.00714865 0.00661822 -0.03583235
v -0.01366463 0.01367730 -0.03394078
v -0.02107737 0.02170785 -0.02991081
v -0.02650909 0.02539437 -0.02517590
v -0.02546298 0.02645871 -0.02616494
v 0.01081350 -0.01283996 -0.03492272
v 0.00877421 0.01053161 -0.03550350
v 0.00499716 -0.00653826 -0.03616032
v -0.00098331 -0.00004717 -0.03660663
v 0.01482196 0.01708313 -0.03339401
v 0.01697711 -0.01951757 -0.03231106
v -0.01456287 0.01243803 -0.03348186
v -0.01424112 -0.01219025 -0.03369462
v -0.00876215 0.00615195 -0.03549748
v -0.00309015 -0.00010065 -0.03659560
v -0.02018920 0.01853338 -0.03049732
v -0.02228145 -0.02090061 -0.02905839
v -0.02543099 -0.02653196 -0.02631052
v -0.02656518 -0.02554129 -0.02504574
v -0.01885472 -0.01939979 -0.03131501
v -0.01202835 -0.01200452 -0.03454562
v -0.00201289 -0.00115462 -0.03658237
v 0.00816943 -0.01218799 -0.03565589
v 0.01612085 -0.02080212 -0.03283263
v 0.02143385 -0.02655854 -0.02954574
v 0.06003914 0.00074842 -0.04100001
v 0.05912815 -0.01699698 -0.04100036
v 0.02504422 0.02395001 -0.04098908
v 0.00954163 0.02395002 -0.04099104
v 0.02504573 -0.02405002 -0.04098253
v 0.00945687 -0.02405000 -0.04092713
v -0.03083594 -0.00787367 -0.04099995
v -0.04013924 -0.01540051 -0.04100022
v -0.03878088 -0.00808608 -0.04099993
v -0.03941706 -0.00872042 -0.04099935
v -0.03940321 0.00856284 -0.04099921
v -0.04047094 0.01754689 -0.04099986
v -0.03084924 0.00776959 -0.04099995
v 0.05461185 -0.03328913 -0.04083566
v 0.02490803 -0.03259261 -0.04097023
v 0.05683309 -0.02808296 -0.04099977
v -0.04236719 -0.02899010 -0.04099962
v 0.00952512 -0.03350704 -0.04077560
v -0.04274562 -0.03317687 -0.04085252
v 0.05931734 0.01463667 -0.04099997
v 0.00959560 0.03245724 -0.04098631
v -0.04268636 0.03179776 -0.04103303
v -0.03867171 0.00797090 -0.04099993
v 0.05649189 0.02907364 -0.04099477
v 0.05778476 0.02435938 -0.04099981
v 0.02497472 0.03337274 -0.04077590
v 0.05448672 0.03337374 -0.04075813
v 0.00945517 0.03430155 -0.03997415
v -0.04278567 0.03402923 -0.04027893
v 0.02502279 -0.03413354 -0.04023280
v -0.04520405 -0.02605287 -0.02735746
v -0.04371868 -0.03352956 -0.03559214
v -0.04320366 -0.02643979 -0.03678012
v -0.04618488 -0.02785249 0.00178554
v -0.04650050 -0.02328555 0.00032447
v -0.04598237 -0.02810007 -0.01672194
v -0.04615186 -0.02030321 -0.01939173
v -0.04155000 0.00839201 -0.03659409
v -0.04218592 0.00751846 -0.03514863
v -0.04303603 0.01341725 -0.03390921
v -0.04243780 0.02323664 -0.03819316
v -0.04388361 0.03289970 -0.03470878
v -0.04538123 0.02441368 -0.02630416
v -0.04620856 0.02777132 -0.00012256
v -0.04649931 -0.02023619 -0.01151174
v -0.04646533 0.01910951 -0.01488488
v -0.04215722 -0.01949642 -0.03756438
v -0.04188564 -0.00857746 -0.03597818
v -0.04650643 0.02309621 0.00011390
v -0.04557699 0.00227988 -0.02417634
v -0.04433219 0.00172189 -0.02945096
v -0.04403375 0.02190436 -0.03254043
v -0.04427969 -0.01656273 -0.03078423
v -0.04233759 -0.00588440 -0.03458951
v -0.04229300 0.00675655 -0.03479447
v 0.05318243 0.02545080 -0.02881846
v 0.05337067 0.01516831 -0.02589800
v 0.05359171 0.00231090 -0.02491957
v 0.04890924 -0.00156737 -0.01496169
v 0.05329412 -0.01095533 -0.02491487
v 0.04763285 0.02403020 -0.01496409
v 0.04857029 0.01247221 -0.01496436
v 0.03579143 0.01725526 -0.01487780
v 0.04648828 -0.03128307 -0.01496145
v 0.05176532 -0.02869486 -0.02701242
v 0.04814377 -0.01909396 -0.01496327
v 0.05332545 -0.02244492 -0.02786998
v -0.04605498 0.02925151 0.00213542
v 0.01000687 -0.02405000 -0.03857606
v 0.01144328 -0.02404999 -0.03757882
v 0.02301814 -0.02404999 -0.03756220
v 0.02448225 -0.02404999 -0.03856547
v 0.00989154 0.02394998 -0.03862629
v 0.01165177 0.02395000 -0.03754565
v 0.02301814 0.02395000 -0.03756220
v 0.02449315 0.02395000 -0.03857611
v -0.03067681 -0.00747647 -0.03715507
v -0.03147369 -0.00807018 -0.03787251
v -0.03063406 0.00719460 -0.03708014
v -0.04089175 -0.00701167 -0.03513356
v -0.04088870 0.00696927 -0.03516255
v -0.04071211 -0.00808208 -0.03676090
v -0.03935113 -0.00805000 -0.03795523
v 0.02253702 0.02544129 -0.02996164
v 0.02143148 0.02645715 -0.03080438
v -0.00199931 0.00106429 -0.03750950
v 0.00700634 0.01082786 -0.03690942
v 0.01499308 0.01948016 -0.03444381
v -0.02543341 0.02643007 -0.02767382
v -0.01667006 0.01693156 -0.03379253
v -0.00743037 0.00692273 -0.03680027
v -0.02656518 0.02544129 -0.02648192
v 0.02253702 -0.02554129 -0.02996164
v 0.01774499 -0.02035070 -0.03311405
v 0.01006172 -0.01202747 -0.03620322
v -0.00097238 -0.00006410 -0.03759537
v 0.01633675 0.01872423 -0.03393287
v 0.00642263 0.00798403 -0.03701568
v -0.00305169 -0.00003281 -0.03742651
v -0.01117464 0.00876929 -0.03588373
v -0.02051358 0.01888633 -0.03160621
v -0.02654371 -0.02552370 -0.02667479
v -0.01741223 -0.01562559 -0.03340935
v -0.00790320 -0.00532414 -0.03672021
v -0.02545946 -0.02655745 -0.02758686
v -0.01886712 -0.01941319 -0.03254891
v -0.00885786 -0.00857021 -0.03657798
v -0.00201003 -0.00115705 -0.03747818
v 0.02140621 -0.02653023 -0.03088355
v 0.01169879 -0.01600988 -0.03580763
v 0.00303545 -0.00662573 -0.03739960
v -0.04180422 -0.00643887 -0.03500559
v -0.04174840 0.00621080 -0.03498417
v -0.04179022 -0.00745893 -0.03545563
v -0.04154393 0.00730823 -0.03547533
v -0.04124935 -0.00822662 -0.03664868
v -0.03335222 -0.02097423 -0.04600000
v -0.03323505 -0.02091999 -0.04302305
v -0.02152641 -0.00534078 -0.04601838
v -0.02011445 -0.00349794 -0.04303351
v -0.02014224 -0.00351092 -0.04802747
v -0.02011366 0.00349732 -0.04303640
v -0.03310349 0.02081072 -0.04300806
v -0.03354224 0.02108703 -0.04600000
v -0.02143910 0.00525183 -0.04601571
v -0.02021876 0.00353966 -0.04804016
v -0.02144121 -0.00407837 -0.05371645
v -0.02151495 -0.00546788 -0.05538145
v -0.02139645 -0.00309653 -0.05333908
v -0.02049495 -0.00410599 -0.05102661
v -0.02023729 -0.00348019 -0.05061725
v -0.01896021 -0.00585996 -0.04911700
v -0.01843175 -0.00331040 -0.04865273
v -0.01891227 -0.02912209 -0.04907152
v -0.02043755 -0.03857592 -0.05079984
v -0.02036894 -0.03081234 -0.05084542
v -0.01781861 -0.03904918 -0.04821257
v -0.02129347 -0.03090157 -0.05288434
v -0.02146034 -0.03794624 -0.05389811
v -0.01635512 -0.00128286 -0.04751208
v -0.01499707 -0.03925032 -0.04703733
v -0.01501055 0.03924974 -0.04704118
v -0.01659574 0.00166882 -0.04761084
v -0.01874872 0.03893695 -0.04881867
v -0.01351408 0.02800000 -0.04699998
v -0.01335072 0.00571740 -0.04699894
v -0.01336973 -0.00569477 -0.04699831
v -0.01351408 -0.02800001 -0.04699998
v -0.01883793 0.00349243 -0.04894060
v -0.01894482 0.00592001 -0.04910953
v -0.01881514 0.02846292 -0.04900824
v -0.01973007 0.03029573 -0.04991912
v -0.02128398 0.03820136 -0.05272723
v -0.02122042 0.03100813 -0.05253989
v -0.02043380 0.00412672 -0.05092532
v -0.02130881 0.00316643 -0.05277650
v -0.02136278 0.00402433 -0.05334778
v -0.02152564 0.00506476 -0.05517602
v -0.02154623 0.00301021 -0.05660296
v -0.02151408 0.00713468 -0.06396519
v -0.02151408 0.01536509 -0.06914939
v -0.02151408 0.03120246 -0.07665198
v -0.02151408 0.02665120 -0.06431081
v -0.02151408 0.02473995 -0.06555903
v -0.02151400 0.03500430 -0.06562366
v -0.02151409 0.02265935 -0.06516707
v -0.02151406 0.02002403 -0.07563464
v -0.02155344 -0.00300548 -0.05658126
v -0.02151408 -0.01294180 -0.06711603
v -0.02151408 -0.00433853 -0.06321596
v -0.02151411 -0.01951596 -0.07437691
v -0.02151407 -0.02271737 -0.06515173
v -0.02151408 -0.02471940 -0.06556311
v -0.02151408 -0.03120246 -0.07665198
v -0.02151412 -0.02663798 -0.06431102
v -0.02151405 -0.03527339 -0.06473165
v -0.02151408 -0.01322551 -0.05798534
v -0.02151408 0.01862401 -0.06148093
v -0.02151408 0.01249079 -0.05763788
v -0.01351408 0.02800000 -0.04599999
v 0.00220601 0.02783965 -0.04699998
v -0.02955300 0.02789807 -0.04099994
v -0.02951135 0.02792067 -0.04600000
v 0.00190244 0.02796315 -0.04099994
v -0.01390247 0.00559706 -0.04600000
v -0.01414267 0.00568914 -0.04099994
v -0.01319238 0.00580457 -0.04099994
v 0.04516551 0.02787640 -0.04600000
v 0.04510559 0.02792067 -0.04099994
v 0.04148592 0.02800000 -0.04599999
v 0.03134850 0.02789110 -0.04099994
v 0.03137441 0.02790101 -0.04699998
v 0.04148592 0.02800000 -0.04699998
v 0.04147142 0.01640450 -0.04674840
v 0.03895637 0.01017200 -0.04699998
v 0.03893202 0.01013232 -0.04099994
v 0.04558114 0.02695267 -0.04600000
v 0.04558340 0.02699243 -0.04099994
v 0.00219242 -0.02783511 -0.04699998
v 0.00184248 -0.02797641 -0.04099994
v -0.01351408 -0.02800001 -0.04599999
v -0.02953818 -0.02791171 -0.04600000
v -0.02977435 -0.02778889 -0.04099994
v -0.01418420 -0.00570837 -0.04099994
v -0.01395659 -0.00561912 -0.04600000
v -0.01319669 -0.00579568 -0.04099994
v 0.03159739 -0.02796909 -0.04699998
v 0.03128104 -0.02785164 -0.04099994
v 0.04481427 -0.02798653 -0.04099994
v 0.04148592 -0.02800001 -0.04699998
v 0.04148592 -0.02800001 -0.04599999
v 0.04520537 -0.02786794 -0.04600000
v 0.04148592 -0.01644140 -0.04599999
v 0.04557000 -0.02691296 -0.04600000
v 0.04561839 -0.02725656 -0.04099994
v 0.03890115 -0.01011603 -0.04699998
v 0.04148592 -0.01644140 -0.04699998
v 0.03885500 -0.01004293 -0.04099994
v -0.04502529 -0.03554415 0.00354571
v -0.04502380 -0.03554545 0.00354720
v -0.04502437 -0.03555001 0.00354666
v 0.04325528 -0.04017016 -0.01478812
v 0.04538871 -0.03549410 -0.01502259
v 0.04282798 -0.03517194 -0.01473348
v 0.04142357 -0.03543165 -0.01410956
v 0.04205336 -0.04112332 -0.01450180
v 0.04000021 -0.03518012 -0.01331373
v 0.03900072 -0.04169308 -0.01241575
v 0.03795599 -0.03518973 -0.01118409
v 0.03765699 -0.04172975 -0.01066251
v 0.03699774 -0.03542294 -0.00913185
v 0.03655903 -0.04175166 -0.00789952
v 0.03650907 -0.03531155 -0.00722514
v 0.04526834 0.03541503 -0.01499482
v 0.04385190 0.03938273 -0.01490712
v 0.04280635 0.03544788 -0.01463497
v 0.03719249 0.03518424 -0.00984292
v 0.03713905 0.04167390 -0.00963746
v 0.03644397 0.03517647 -0.00717291
v 0.03641797 0.04188398 -0.00716963
v 0.03844418 0.03526362 -0.01174357
v 0.03910857 0.04161647 -0.01255130
v 0.04014418 0.03543822 -0.01334346
v 0.04137043 0.04136752 -0.01412909
v 0.02952257 0.04198609 -0.00991948
v 0.03600544 0.04199070 0.00445434
v 0.03095759 0.04200193 -0.00325350
v 0.03724044 0.04193499 -0.01048842
v 0.03991824 0.04188644 -0.01360112
v 0.02831790 0.04189724 -0.01562686
v 0.02527734 0.04184319 -0.01808177
v 0.02773994 0.04186716 -0.01724990
v 0.01957417 0.04162128 -0.02414172
v 0.02919265 0.04183869 -0.01805725
v 0.03321346 0.04162964 -0.02395724
v 0.03622248 0.04154758 -0.02538656
v 0.03987481 0.04182823 -0.01848508
v 0.03820649 0.04186434 -0.01713469
v 0.03605852 0.04187470 -0.01668864
v 0.03298760 0.04183991 -0.01818326
v 0.03206666 0.04173600 -0.02140810
v 0.03037177 0.04187091 -0.01688282
v 0.02962152 0.04189720 -0.01561929
v 0.01726040 0.04141593 -0.02781496
v 0.01403097 0.04142252 -0.02769425
v 0.01618590 0.04141231 -0.02787001
v 0.01545603 0.04135839 -0.02876365
v 0.00114806 0.04091609 -0.03420517
v 0.00108819 0.04103966 -0.03281572
v 0.00695911 0.04124245 -0.03031630
v 0.00020231 0.04118931 -0.03103108
v 0.00013192 0.04109332 -0.03220399
v 0.01589596 0.04126897 -0.02997083
v 0.02306016 0.04093831 -0.03395582
v 0.01720208 0.04124462 -0.03027114
v 0.03010965 0.04132394 -0.02918758
v 0.02755395 0.04141214 -0.02787353
v 0.03020657 0.04083879 -0.03503306
v 0.03139856 0.04110035 -0.03219063
v 0.04456328 0.04050597 -0.03824663
v 0.04231498 0.04142187 -0.02746014
v 0.02518900 0.04138501 -0.02829440
v 0.02345592 0.04128792 -0.02968976
v 0.01807548 0.04134177 -0.02894849
v 0.02273762 0.04113024 -0.03178022
v -0.02388471 0.04132402 -0.02918738
v -0.02644021 0.04141215 -0.02787353
v -0.01761265 0.04154923 -0.02553982
v -0.01623959 0.04141589 -0.02781496
v -0.01731411 0.04141231 -0.02787002
v -0.01812126 0.04133807 -0.02901490
v -0.02259620 0.04109820 -0.03218585
v -0.03664945 0.04163480 -0.02407436
v -0.02880516 0.04138501 -0.02829440
v -0.03053762 0.04129169 -0.02968886
v -0.03125661 0.04112881 -0.03178095
v -0.03093421 0.04094104 -0.03395543
v -0.03270936 0.04066479 -0.03660249
v -0.02381226 0.04083699 -0.03505502
v -0.01711729 0.04124533 -0.03026245
v -0.00106431 0.04090944 -0.03425989
v -0.01601068 0.04125996 -0.03005691
v -0.00114061 0.04104046 -0.03281226
v -0.00503250 0.04122023 -0.03061674
v -0.01542451 0.04134236 -0.02894860
v -0.01194398 0.04135758 -0.02871726
v -0.02756293 0.04192399 -0.01427916
v -0.02970578 0.04189727 -0.01562685
v -0.03796218 0.04190144 -0.01321991
v -0.03030774 0.04186811 -0.01700300
v -0.02937930 0.04184229 -0.01800073
v -0.02815519 0.04184738 -0.01772561
v -0.02298567 0.04176217 -0.02098620
v -0.02772115 0.04187772 -0.01656291
v -0.02840217 0.04189733 -0.01561929
v -0.03714816 0.04198595 0.00005439
v -0.03103210 0.04200057 -0.00061189
v -0.03023235 0.04199622 -0.00724105
v -0.02870405 0.04072115 -0.03619621
v -0.03215846 0.03980472 -0.04340979
v -0.00007463 0.04086073 -0.03477383
v 0.00943947 0.04028172 -0.04001531
v 0.01079094 0.04054572 -0.03776994
v -0.02566136 0.04071099 -0.03625416
v 0.00998350 0.04003163 -0.04190370
v 0.01157522 0.03988207 -0.04297110
v 0.02283636 0.03988060 -0.04298123
v 0.04306049 0.03930372 -0.04705413
v 0.02479064 0.04007402 -0.04159641
v 0.02530937 0.04072732 -0.03620483
v 0.02486126 0.04037203 -0.03925611
v 0.02343434 0.04055940 -0.03766062
v 0.02833273 0.04071179 -0.03625420
v -0.03148621 0.03826758 -0.05207989
v -0.02879410 0.03545929 -0.06382425
v -0.02837118 0.03124593 -0.07663199
v 0.03961797 0.04163340 -0.02391955
v -0.02151408 -0.02220579 -0.08549719
v -0.02151407 -0.02600320 -0.08489215
v -0.02151412 -0.02530855 -0.09130512
v -0.02151408 -0.01985972 -0.09463942
v -0.02151429 -0.02194011 -0.09906743
v -0.02151408 -0.01536510 -0.10085061
v -0.02151408 -0.01767678 -0.10406648
v -0.02151408 -0.00713468 -0.10603482
v -0.02151440 -0.01243401 -0.10789737
v -0.02151396 -0.00465568 -0.11067992
v -0.02151408 0.00433853 -0.10678404
v -0.02151410 0.02600155 -0.08703220
v -0.02151408 0.02201883 -0.08342616
v -0.02151408 0.02129774 -0.09070673
v -0.02151408 0.02464053 -0.09329724
v -0.02151418 0.02189858 -0.09916385
v -0.02151408 0.01827782 -0.09737935
v -0.02151408 0.01767678 -0.10406648
v -0.02151408 0.01294180 -0.10288398
v -0.02151398 0.01218703 -0.10808275
v -0.02151414 0.00421721 -0.11073024
v -0.02151409 -0.02691141 -0.07781181
v -0.02151411 -0.02560064 -0.07927660
v 0.06442574 -0.02330455 -0.07618339
v 0.06448592 -0.02625119 -0.07819941
v 0.06439678 -0.02457761 -0.08114968
v 0.06448592 -0.02556256 -0.07992298
v 0.06447902 -0.02798499 -0.07751254
v 0.06436017 -0.02483626 -0.08738104
v 0.06448592 -0.02597444 -0.08735444
v 0.06436016 -0.02261638 -0.09553605
v 0.06448592 -0.02378584 -0.09569805
v 0.06436016 -0.01780124 -0.10248215
v 0.06448592 -0.02058641 -0.10088079
v 0.06448592 -0.01577836 -0.10576675
v 0.06436015 -0.01094364 -0.10742197
v 0.06448592 -0.00814159 -0.10977759
v 0.06434850 -0.00399048 -0.10956458
v 0.06441095 0.00056245 -0.10989874
v 0.06448592 0.00033375 -0.11108301
v -0.03651407 0.00410597 -0.05378252
v -0.03651407 0.00420397 -0.05059704
v -0.02771026 0.00665550 -0.04900895
v -0.02791512 0.00862247 -0.04900002
v -0.03653898 0.01942282 -0.04900063
v -0.02955086 0.00850742 -0.04900002
v -0.03983208 0.02905484 -0.04911015
v -0.03651404 0.00629492 -0.04904702
v -0.03005849 0.00734184 -0.04899235
v -0.03919905 0.03099590 -0.05237403
v -0.03979804 0.03075973 -0.05068069
v -0.02920212 0.00626596 -0.04908575
v -0.03584870 0.02788060 -0.06110696
v -0.03602455 0.02660698 -0.06434513
v -0.03630809 0.02915571 -0.05760346
v -0.03633846 0.02485881 -0.06553301
v -0.03652520 0.02282492 -0.06523155
v -0.03651408 0.01322550 -0.05798534
v -0.03651408 0.00546787 -0.05538147
v -0.03651408 -0.00409820 -0.05367806
v -0.03651407 -0.00405571 -0.05122583
v -0.03651408 -0.00529863 -0.05529746
v -0.03606315 -0.02894366 -0.05818071
v -0.03919626 -0.03100119 -0.05238662
v -0.03614762 -0.02610883 -0.06501377
v -0.03984381 -0.03066092 -0.05045616
v -0.03985115 -0.02895722 -0.04907650
v -0.03652424 -0.02312570 -0.06545952
v -0.03644725 -0.01934536 -0.04897894
v -0.03651405 -0.00568561 -0.04915154
v -0.02970574 -0.00663642 -0.04901416
v -0.02998594 -0.00803440 -0.04900002
v -0.02878408 -0.00878652 -0.04900002
v -0.02762238 -0.00819363 -0.04900002
v -0.02764407 -0.00684102 -0.04899650
v -0.02862914 -0.00620949 -0.04910398
v -0.03651408 -0.01249080 -0.05763788
v -0.03651408 -0.01862400 -0.06148093
v 0.06448592 -0.02290596 -0.06527907
v 0.04948592 -0.02288602 -0.06532795
v 0.06448592 -0.02495469 -0.06547867
v 0.04948591 -0.02532186 -0.06538526
v 0.06434964 -0.02643355 -0.06463636
v 0.04948592 -0.02677154 -0.06407674
v 0.04945983 -0.03036990 -0.05426030
v 0.04888976 -0.03107250 -0.05183074
v 0.05865056 -0.03106121 -0.05214341
v 0.04942694 -0.00411650 -0.05382511
v 0.06420022 -0.00394821 -0.05204177
v 0.04849159 -0.00407570 -0.05106470
v 0.06296597 -0.00623458 -0.04905575
v 0.04689974 -0.00586386 -0.04908524
v 0.06344483 -0.00457132 -0.05016287
v 0.06448592 -0.00423837 -0.05402261
v 0.06448592 -0.00546804 -0.05538155
v 0.04948682 -0.00551205 -0.05539477
v 0.04948592 -0.01249080 -0.05763788
v 0.06448592 -0.01322551 -0.05798534
v 0.04948592 -0.01862400 -0.06148093
v 0.05849674 -0.03051261 -0.05026925
v 0.04773338 -0.03026394 -0.04997881
v 0.05897387 -0.02890192 -0.04908570
v 0.04683069 -0.02874371 -0.04904081
v 0.06228708 -0.01527002 -0.04900006
v 0.06058460 -0.02420169 -0.04900004
v 0.06449162 0.00396161 -0.05270892
v 0.04941081 0.00409528 -0.05375203
v 0.06361482 0.00422361 -0.05058253
v 0.04845702 0.00410159 -0.05097846
v 0.06448592 0.00485150 -0.05504428
v 0.04948737 0.00546737 -0.05538121
v 0.06298180 0.00612950 -0.04908743
v 0.04686490 0.00596957 -0.04907035
v 0.06222283 0.01587578 -0.04900011
v 0.06047759 0.02455886 -0.04899989
v 0.05899122 0.02886455 -0.04909273
v 0.04687458 0.02889612 -0.04908190
v 0.04778948 0.03031075 -0.05004383
v 0.05846287 0.03062433 -0.05036611
v 0.04890585 0.03107843 -0.05187734
v 0.05873700 0.03100417 -0.05240862
v 0.04945920 0.03037450 -0.05424771
v 0.06442133 0.02636557 -0.06470282
v 0.04948593 0.02649100 -0.06454843
v 0.04948592 0.02267750 -0.06511032
v 0.06448592 0.02288602 -0.06532796
v 0.04948592 0.02444337 -0.06556942
v 0.06448592 0.02509736 -0.06543685
v 0.06448592 0.01862401 -0.06148093
v 0.04948592 0.01322550 -0.05798534
v 0.06448592 0.01249079 -0.05763788
v 0.03826692 -0.04000000 -0.02279293
v 0.04067666 -0.04000010 -0.02138280
v 0.03890296 -0.04000000 -0.02071482
v 0.03995723 -0.03999992 -0.01855743
v 0.03780996 -0.04000000 -0.01882359
v 0.03784280 -0.03999998 -0.01696952
v 0.03498578 -0.04000000 -0.01874476
v 0.03563830 -0.03999993 -0.01676663
v 0.03359363 -0.03999999 -0.01772870
v 0.03218456 -0.03999999 -0.01990826
v 0.03380005 -0.04000000 -0.02106813
v 0.03233487 -0.04000008 -0.02242841
v 0.03477128 -0.04000000 -0.02301475
v 0.03407739 -0.04000030 -0.02472233
v 0.03642875 -0.04000000 -0.02352349
v 0.03703346 -0.03999996 -0.02524688
v 0.03942068 -0.04000045 -0.02407422
v 0.02950942 -0.04000000 -0.03300980
v 0.03046843 -0.04000015 -0.03475250
v 0.03134004 -0.03999958 -0.03149689
v 0.02892425 -0.04000000 -0.03046768
v 0.02973331 -0.03999999 -0.02886605
v 0.02715542 -0.04000000 -0.02963287
v 0.02771463 -0.04000000 -0.02794238
v 0.02514679 -0.03999998 -0.02826372
v 0.02548518 -0.04000000 -0.03012549
v 0.02327398 -0.03999997 -0.03003375
v 0.02439383 -0.04000000 -0.03201763
v 0.02270421 -0.03999989 -0.03217867
v 0.02343963 -0.03999994 -0.03463583
v 0.02556020 -0.04000000 -0.03435028
v 0.02615233 -0.03999978 -0.03647323
v 0.02771732 -0.04000000 -0.03461580
v 0.02875447 -0.03999999 -0.03606180
v -0.02952698 -0.04000000 -0.03245895
v -0.03128995 -0.03999989 -0.03217862
v -0.03055453 -0.03999994 -0.03463582
v -0.02843396 -0.04000000 -0.03435028
v -0.02784183 -0.03999978 -0.03647323
v -0.02627684 -0.04000000 -0.03461580
v -0.02523971 -0.03999999 -0.03606180
v -0.02448474 -0.04000000 -0.03300981
v -0.02352573 -0.04000015 -0.03475250
v -0.02265412 -0.03999958 -0.03149688
v -0.02506991 -0.04000000 -0.03046769
v -0.02426085 -0.03999999 -0.02886605
v -0.02683874 -0.04000000 -0.02963287
v -0.02627952 -0.04000000 -0.02794238
v -0.02884739 -0.03999998 -0.02826373
v -0.02889086 -0.04000000 -0.03038085
v -0.03072017 -0.03999997 -0.03003374
v 0.02850898 0.04000000 -0.03012549
v 0.02885186 0.04000001 -0.02826019
v 0.03070049 0.04000000 -0.03000562
v 0.02960032 0.04000000 -0.03201763
v 0.03131425 0.03999999 -0.03250539
v 0.02843396 0.04000000 -0.03435028
v 0.03029721 0.03999985 -0.03491722
v 0.02783348 0.04000032 -0.03646006
v 0.02627685 0.04000000 -0.03461580
v 0.02430153 0.03999973 -0.03562630
v 0.02448474 0.04000000 -0.03300980
v 0.02260694 0.03999978 -0.03220897
v 0.02506991 0.04000000 -0.03046768
v 0.02397565 0.04000000 -0.02907062
v 0.02683874 0.04000000 -0.02963287
v 0.02628224 0.03999999 -0.02794244
v -0.02439384 0.04000000 -0.03201763
v -0.02329367 0.04000000 -0.03000561
v -0.02267992 0.03999999 -0.03250541
v -0.02556020 0.04000000 -0.03435028
v -0.02369694 0.03999985 -0.03491722
v -0.02616069 0.04000032 -0.03646006
v -0.02771731 0.04000000 -0.03461580
v -0.02969262 0.03999973 -0.03562631
v -0.02950942 0.04000000 -0.03300980
v -0.03138722 0.03999978 -0.03220896
v -0.02892425 0.04000000 -0.03046768
v -0.03001851 0.04000000 -0.02907061
v -0.02715543 0.04000000 -0.02963287
v -0.02771191 0.03999999 -0.02794244
v -0.02514233 0.04000001 -0.02826018
v -0.02548519 0.04000000 -0.03012549
v 0.03876339 0.04000000 -0.02018921
v 0.03990671 0.04000000 -0.01850068
v 0.04069762 0.03999999 -0.02172725
v 0.03876761 0.04000000 -0.02194403
v 0.03891832 0.04000011 -0.02448902
v 0.03697879 0.04000000 -0.02353663
v 0.03607113 0.03999993 -0.02532448
v 0.03447922 0.04000000 -0.02279294
v 0.03301582 0.03999996 -0.02381271
v 0.03384317 0.04000000 -0.02071483
v 0.03207823 0.03999992 -0.02098048
v 0.03300973 0.03999993 -0.01820380
v 0.03493617 0.04000000 -0.01882360
v 0.03563867 0.03999993 -0.01676657
v 0.03753945 0.04000000 -0.01866742
v 0.03784220 0.03999998 -0.01696928
v -0.02151414 0.02557143 -0.07940838
v -0.02151409 0.02686238 -0.07782721
v -0.02820870 0.04200007 0.01783076
v -0.03013434 0.04200007 0.01758485
v -0.02939156 0.04194038 0.02141050
v 0.03026803 0.04200007 0.01716792
v 0.02868869 0.04200007 0.01811108
v 0.02854645 0.04198767 0.02235416
v -0.03037346 0.04200007 0.00654753
v -0.02710137 0.04200007 0.01521916
v -0.02981500 0.04200007 0.01566920
v 0.02897494 0.04200007 0.01542663
v 0.03003608 0.04200007 0.01599410
v 0.03358965 0.04192548 0.01396637
v -0.02619304 0.04189410 0.02533038
v -0.03381930 0.04198331 0.01315504
v -0.03608073 0.04197463 0.00474861
v 0.00160960 0.04198594 0.03624372
v 0.00048732 0.04200007 0.03473091
v -0.00108076 0.04200007 0.03430318
v 0.00031167 0.04200007 0.03219006
v 0.00040176 0.04199962 0.03108154
v -0.00108817 0.04200007 0.03278149
v -0.02788941 0.04200007 0.01591505
v 0.00975164 0.04199978 0.02951692
v -0.01951944 0.04191740 0.03072083
v 0.02750591 0.04200007 0.01447523
v 0.02770189 0.04200007 0.01643835
v 0.03042917 0.04200007 0.00615252
v 0.02303075 0.04191840 0.02816880
v -0.02314315 0.04200006 0.02062512
v -0.01753392 0.04200007 0.02566454
v -0.00948155 0.04192059 0.03514139
v -0.01318795 0.04194355 0.03388444
v 0.01489305 0.04196325 0.03308278
v 0.00132335 0.04200007 0.03346311
v -0.00898782 0.04199933 0.02975438
v 0.01016831 0.04192757 0.03493790
v 0.01584158 0.04200006 0.02664668
v 0.02185676 0.04200007 0.02209952
v 0.01624693 0.02698518 -0.04299998
v 0.01101520 0.02400002 -0.04289341
v 0.02256155 0.02400000 -0.04299528
v 0.01929732 0.02768730 -0.04299998
v 0.02036244 0.03063874 -0.04299998
v 0.01589013 0.03273576 -0.04299998
v 0.01822920 0.03292938 -0.04299998
v 0.01444977 0.03122160 -0.04299998
v 0.01431967 0.02913584 -0.04299998
v 0.01410680 -0.02953569 -0.04299998
v 0.01416238 -0.02991823 -0.04699998
v 0.01532795 -0.02758218 -0.04699998
v 0.01611712 -0.02712655 -0.04299998
v 0.01731679 -0.02697185 -0.04699998
v 0.01897427 -0.02738832 -0.04299998
v 0.01929732 -0.02768730 -0.04699998
v 0.02028587 -0.02965783 -0.04299998
v 0.02033762 -0.03008176 -0.04699998
v 0.01979557 -0.03168929 -0.04299998
v 0.01935568 -0.03221354 -0.04699998
v 0.01760787 -0.03310899 -0.04299998
v 0.01689213 -0.03310899 -0.04699998
v 0.01514433 -0.03221354 -0.04299998
v 0.01488737 -0.03189530 -0.04699998
v 0.01437655 0.03113287 -0.04699998
v 0.01678568 0.03314320 -0.04699998
v 0.01966782 0.03192204 -0.04699998
v 0.02028587 0.02965782 -0.04699998
v 0.01897427 0.02738833 -0.04699998
v 0.01611713 0.02712655 -0.04699998
v 0.01444976 0.02877841 -0.04699998
v -0.03451354 0.00234821 -0.06224313
v -0.03451550 -0.00437413 -0.06056483
v -0.03451536 0.00363764 -0.06044666
v -0.03451345 0.00998977 -0.06441873
v -0.03451528 0.01161726 -0.06306445
v -0.03451345 0.01642653 -0.06907664
v -0.03451519 0.01826713 -0.06819307
v -0.03451345 0.02088195 -0.07565502
v -0.03451335 0.02287903 -0.07536047
v -0.03451345 0.02281878 -0.08336068
v -0.03451446 0.02480287 -0.08379135
v -0.03451345 0.02200334 -0.09126397
v -0.03451524 0.02380766 -0.09206712
v -0.03451185 0.01730182 -0.10018037
v -0.03451408 0.02107534 -0.09797662
v -0.03451556 0.01741750 -0.10270323
v -0.03451185 0.00739352 -0.10679755
v -0.03451287 0.01061433 -0.10745951
v -0.03451554 0.00242333 -0.10971225
v -0.03451345 -0.00234820 -0.10775678
v -0.03451274 -0.00585197 -0.10914300
v -0.03451345 -0.00998975 -0.10558127
v -0.03451540 -0.01364735 -0.10574443
v -0.03451186 -0.01795422 -0.09940287
v -0.03451408 -0.01857913 -0.10135173
v -0.03451546 -0.02200952 -0.09650394
v -0.03451345 -0.02218747 -0.09057678
v -0.03451408 -0.02419449 -0.09021430
v -0.03451345 -0.02275678 -0.08265196
v -0.03451496 -0.02482511 -0.08433235
v -0.03451345 -0.02058130 -0.07501028
v -0.03451414 -0.02314370 -0.07602262
v -0.03451345 -0.01592342 -0.06857353
v -0.03451407 -0.01866712 -0.06861348
v -0.03451185 -0.00739351 -0.06320246
v -0.03451407 -0.01213090 -0.06332464
v -0.03621031 -0.01291912 -0.10770345
v -0.03638624 -0.01873963 -0.10153355
v -0.03636039 -0.01365703 -0.10586793
v -0.03621351 -0.02610690 -0.08680955
v -0.03631899 -0.02473220 -0.08213422
v -0.03641504 -0.02475864 -0.08891581
v -0.03621523 -0.02405712 -0.09502646
v -0.03635456 -0.02205527 -0.09663588
v -0.03621218 -0.01998572 -0.10180716
v -0.03636947 -0.00808816 -0.10856143
v -0.03620589 -0.00669004 -0.11016715
v -0.03620572 -0.00058141 -0.11107724
v -0.03636363 -0.00242676 -0.10983165
v -0.03636820 0.00375748 -0.10961850
v -0.03620432 0.00631645 -0.11028175
v -0.03639204 0.01041301 -0.10778846
v -0.03620864 0.01220200 -0.10803665
v -0.03620566 0.01929765 -0.10272580
v -0.03636244 0.01745661 -0.10281643
v -0.03637638 0.02133137 -0.09802118
v -0.03621344 0.02420710 -0.09472979
v -0.03639340 0.02412259 -0.09151674
v -0.03621187 0.02610327 -0.08665939
v -0.03639298 0.02500358 -0.08381018
v 0.01115819 -0.02400002 -0.04291919
v 0.02346211 -0.02400003 -0.04289788
v 0.02310215 -0.03988526 -0.04295012
v 0.01118594 -0.03988987 -0.04291948
v -0.02412876 -0.04133951 -0.02897352
v -0.02645804 -0.04141175 -0.02787300
v -0.02290941 -0.04120342 -0.03084840
v -0.02279302 -0.04102250 -0.03303619
v -0.02388696 -0.04082602 -0.03517449
v -0.02652406 -0.04068467 -0.03648491
v -0.02921617 -0.04075325 -0.03586046
v -0.03094121 -0.04094833 -0.03394568
v -0.03125498 -0.04113011 -0.03176504
v -0.03051964 -0.04129215 -0.02966204
v -0.02877739 -0.04138589 -0.02828181
v 0.02780827 -0.04141162 -0.02788451
v 0.03023528 -0.04131343 -0.02934701
v 0.03138867 -0.04110350 -0.03215887
v 0.03012439 -0.04082759 -0.03516131
v 0.02810417 -0.04070603 -0.03630425
v 0.02586705 -0.04070060 -0.03635485
v 0.02378697 -0.04083896 -0.03502431
v 0.02265936 -0.04107153 -0.03252837
v 0.02347424 -0.04129288 -0.02966238
v 0.02521682 -0.04138580 -0.02828179
v 0.03101592 -0.04200002 0.00051056
v 0.03592619 -0.04196696 0.00566282
v 0.02984212 -0.04200007 0.00864379
v -0.03591746 -0.04200258 0.00474426
v -0.03107298 -0.04200118 -0.00128750
v -0.03044704 -0.04200006 0.00590218
v -0.02983418 -0.04200007 0.01571247
v -0.03514236 -0.04188193 0.00953136
v -0.03399816 -0.04190393 0.01294736
v -0.03026803 -0.04200007 0.01716792
v -0.02868868 -0.04200007 0.01811108
v -0.02903594 -0.04194077 0.02189522
v 0.02904876 -0.04200007 0.01542663
v 0.03007252 -0.04200007 0.01604615
v 0.03370086 -0.04191855 0.01370168
v -0.02842337 -0.04200023 0.01257406
v -0.02831821 -0.04200007 0.01562236
v -0.03258240 -0.04190226 0.01622858
v -0.00281548 -0.04200007 0.03095580
v 0.00048732 -0.04200007 0.03226908
v -0.00070396 -0.04200007 0.03243940
v -0.00936742 -0.04200006 0.02955533
v 0.02885668 -0.04200007 0.01808756
v 0.03024280 -0.04200007 0.01723724
v 0.03194347 -0.04194406 0.01734554
v -0.00684061 -0.04193776 0.03572055
v -0.00048732 -0.04200007 0.03473091
v 0.00149076 -0.04188083 0.03640157
v 0.02584270 -0.04200007 0.01724916
v 0.02584374 -0.04192892 0.02557090
v 0.02050646 -0.04191729 0.03006050
v -0.01377654 -0.04191975 0.03368598
v -0.00132336 -0.04200007 0.03346312
v 0.00070396 -0.04200007 0.03456059
v 0.00657182 -0.04193444 0.03578438
v 0.02784556 -0.04200007 0.01616683
v 0.00471804 -0.04200006 0.03063674
v -0.02349815 -0.04200007 0.02036189
v -0.02772535 -0.04200007 0.01678412
v -0.01741521 -0.04190895 0.03194145
v -0.01626027 -0.04200007 0.02649847
v 0.01722455 -0.04189838 0.03204102
v 0.02784508 -0.04200007 0.01725898
v 0.01361660 -0.04191370 0.03375745
v -0.02163635 -0.04197355 0.02909249
v -0.02635688 -0.04188243 0.02512113
v 0.00132335 -0.04200007 0.03353688
v 0.02148232 -0.04200006 0.02233619
v 0.01121105 -0.04200007 0.02898456
v 0.01782079 -0.04200006 0.02535583
v 0.06248538 0.00234822 -0.10775687
v 0.06248757 -0.00436947 -0.10943581
v 0.06248591 0.00209895 -0.10966086
v 0.06248746 0.00773724 -0.10858440
v 0.06248529 0.00998977 -0.10558127
v 0.06248743 0.01515451 -0.10465815
v 0.06248369 0.01795424 -0.09940286
v 0.06248739 0.02083950 -0.09848433
v 0.06248529 0.02218747 -0.09057679
v 0.06248736 0.02414216 -0.09076880
v 0.06248529 0.02275678 -0.08265197
v 0.06248732 0.02468482 -0.08239367
v 0.06248529 0.02058130 -0.07501028
v 0.06248591 0.02296525 -0.07577180
v 0.06248584 0.02000430 -0.07028168
v 0.06248529 0.01592344 -0.06857356
v 0.06248588 0.01402789 -0.06450666
v 0.06248369 0.00739353 -0.06320246
v 0.06248599 0.00647856 -0.06102686
v 0.06248529 -0.00234819 -0.06224322
v 0.06248575 -0.00207325 -0.06022987
v 0.06248529 -0.00998975 -0.06441873
v 0.06248687 -0.01017898 -0.06236749
v 0.06248529 -0.01642650 -0.06907662
v 0.06248715 -0.01684118 -0.06676248
v 0.06248529 -0.02088195 -0.07565502
v 0.06248591 -0.02107535 -0.07202338
v 0.06248466 -0.02365761 -0.07736152
v 0.06248529 -0.02281878 -0.08336066
v 0.06248589 -0.02481729 -0.08603384
v 0.06248529 -0.02200334 -0.09126397
v 0.06248589 -0.02305358 -0.09424657
v 0.06248369 -0.01730181 -0.10018039
v 0.06248589 -0.01865337 -0.10140181
v 0.06248369 -0.00739350 -0.10679755
v 0.06248589 -0.01211992 -0.10668121
v 0.04046420 -0.04169812 -0.02238184
v 0.03864525 -0.04159478 -0.02472387
v 0.03592331 -0.04156272 -0.02529188
v 0.03383430 -0.04160478 -0.02443817
v 0.03238101 -0.04168240 -0.02266565
v 0.03223401 -0.04179460 -0.01972817
v 0.03372226 -0.04185324 -0.01761688
v 0.03605908 -0.04187471 -0.01668848
v 0.03820814 -0.04186444 -0.01713549
v 0.04033213 -0.04180220 -0.01907289
v 0.03641041 -0.04177403 0.00189848
v 0.03633989 -0.03517473 0.00253898
v 0.01157342 -0.03515790 0.03453235
v 0.01046285 -0.04173774 0.03493104
v 0.03561309 -0.03512283 0.00732755
v 0.03494608 -0.04181205 0.01029579
v 0.03496521 -0.03531332 0.01032015
v 0.03315261 -0.03538403 0.01531051
v 0.02936312 -0.04178643 0.02166425
v 0.02946500 -0.03537583 0.02158382
v 0.02468426 -0.03537774 0.02691016
v 0.02323121 -0.04172345 0.02810960
v 0.01958664 -0.03511536 0.03065917
v 0.01567836 -0.03545247 0.03299737
v 0.00003955 -0.03530194 0.03646036
v 0.00374105 -0.03515402 0.03620840
v 0.00727697 -0.03514668 0.03564386
v -0.00366604 -0.04171922 0.03629185
v -0.00466852 -0.03545620 0.03624124
v -0.01658498 -0.03513603 0.03240442
v -0.01128508 -0.03515168 0.03464269
v -0.01077602 -0.04168949 0.03485486
v -0.02071914 -0.03535409 0.03006593
v -0.02222821 -0.04167004 0.02900008
v -0.02604373 -0.03538089 0.02561946
v -0.02920085 -0.03510748 0.02171221
v -0.03082713 -0.04168811 0.01951235
v -0.03226890 -0.03514142 0.01690904
v -0.03421516 -0.03523125 0.01250831
v -0.03517239 -0.03512447 0.00934464
v -0.03612823 -0.04179770 0.00520167
v -0.03618218 -0.03536742 0.00516489
v -0.03713896 -0.03549281 0.00422271
v -0.03668073 -0.04173946 0.00450667
v -0.03744812 -0.04167404 0.00410771
v -0.03848080 -0.03540267 0.00408808
v -0.03850022 -0.04137774 0.00409892
v -0.04010410 -0.04095329 0.00477644
v -0.04026282 -0.03515739 0.00476016
v -0.04222659 -0.03536123 0.00497015
v -0.04174424 -0.04024466 0.00491945
v -0.04408740 -0.03524718 0.00423051
v -0.04331126 -0.03893603 0.00460604
v -0.04464472 -0.03706288 0.00384269
v -0.03812118 -0.04183061 0.00374386
v -0.03750320 -0.04195317 0.00165954
v -0.03744428 -0.04197801 -0.00178594
v -0.03906294 -0.04164190 0.00352540
v -0.04038422 -0.04121077 0.00425043
v -0.04226685 -0.04000182 0.00423937
v -0.04243075 -0.03990537 0.00237265
v -0.04395478 -0.03824105 0.00078036
v 0.02330951 -0.03505382 -0.03761072
v 0.02362241 -0.04055263 -0.03772222
v 0.01121223 -0.04056254 -0.03762732
v 0.01077367 -0.03507998 -0.03780194
v 0.03753945 -0.03505000 -0.01866742
v 0.03876339 -0.03505000 -0.02018921
v 0.03876761 -0.03505000 -0.02194403
v 0.03697879 -0.03505000 -0.02353663
v 0.03447922 -0.03505000 -0.02279294
v 0.03384317 -0.03505000 -0.02071483
v 0.03493617 -0.03505000 -0.01882360
v 0.02683874 -0.03505000 -0.02963287
v 0.02850898 -0.03505000 -0.03012549
v 0.02960032 -0.03505000 -0.03201763
v 0.02825655 -0.03505000 -0.03450290
v 0.02544339 -0.03505000 -0.03426849
v 0.02445611 -0.03505000 -0.03233232
v 0.02506991 -0.03505000 -0.03046768
v -0.02715543 -0.03505000 -0.02963287
v -0.02548519 -0.03505000 -0.03012549
v -0.02439384 -0.03505000 -0.03201763
v -0.02556020 -0.03505000 -0.03435028
v -0.02771731 -0.03505000 -0.03461580
v -0.02950942 -0.03505000 -0.03300980
v -0.02892425 -0.03505000 -0.03046768
v 0.00957647 0.02400000 -0.04100050
v 0.02489576 0.02400000 -0.04099994
v 0.02420480 0.02400002 -0.04233166
v 0.02464790 -0.03494801 -0.03885423
v 0.02491513 -0.04034454 -0.03947544
v 0.02502552 -0.03401283 -0.04036522
v 0.02487532 -0.04011179 -0.04130482
v 0.02489697 -0.03235829 -0.04099475
v 0.02492831 -0.02399996 -0.04100345
v 0.00954393 -0.02400000 -0.04100213
v 0.00962626 -0.04012617 -0.04120127
v 0.00960083 -0.03252793 -0.04099097
v 0.00946000 -0.03443185 -0.03993895
v 0.00971575 -0.04039944 -0.03900509
v 0.00260473 -0.02697708 -0.04099994
v 0.00248903 -0.02670911 -0.04699998
v -0.03004334 -0.02685666 -0.04600000
v -0.02995737 -0.02666084 -0.04099994
v 0.04895657 0.01852784 -0.04099994
v 0.04151994 0.00001505 -0.04099994
v 0.04884413 0.01841501 -0.04600000
v 0.04151994 -0.00001505 -0.04600000
v 0.04921963 -0.01878639 -0.04600000
v 0.04908348 -0.01868728 -0.04099994
v 0.05221470 0.01742528 -0.04099994
v 0.05208616 0.01790981 -0.04600000
v 0.05199977 -0.01813497 -0.04600000
v 0.05190929 -0.01827700 -0.04099994
v 0.02739178 -0.01516140 -0.04099994
v 0.02740192 -0.01520430 -0.04699998
v 0.02736469 0.01517647 -0.04099994
v 0.02738725 0.01521219 -0.04699998
v 0.02878737 -0.01546668 -0.04099994
v 0.02881250 -0.01543045 -0.04699998
v 0.03498006 0.00001505 -0.04099994
v 0.03498006 -0.00001505 -0.04699998
v 0.02881251 0.01543044 -0.04099994
v 0.02885406 0.01540166 -0.04699998
v 0.03091450 0.02697625 -0.04699998
v 0.03091706 0.02693362 -0.04099994
v 0.03768148 0.01002980 -0.04099994
v 0.03770610 0.00999398 -0.04699998
v -0.03005025 0.02690353 -0.04600000
v -0.03004334 0.02685666 -0.04099994
v 0.00257209 0.02699153 -0.04099994
v 0.00247959 0.02669818 -0.04699998
v -0.00982452 -0.00000000 -0.04099994
v -0.00983406 -0.00000000 -0.04699998
v 0.00574286 0.02090369 -0.04099994
v 0.00600866 0.02106057 -0.04699998
v 0.00580672 -0.02096504 -0.04099994
v 0.00581044 -0.02095449 -0.04699998
v 0.00709732 -0.02069032 -0.04699998
v 0.00713509 -0.02064354 -0.04099994
v 0.00708434 0.02075291 -0.04099994
v 0.00719673 0.02047291 -0.04699998
v -0.03474834 -0.02028632 -0.04301085
v -0.03461001 -0.02066356 -0.04600000
v -0.03474849 0.02028526 -0.04301111
v -0.03468067 0.02045893 -0.04600000
v -0.03420977 -0.02097093 -0.04300302
v -0.03371041 0.02104232 -0.04302809
v -0.03439061 0.02082017 -0.04300959
v 0.03768148 -0.01002980 -0.04699998
v 0.03758126 -0.01012532 -0.04099994
v 0.03088876 -0.02718306 -0.04699998
v 0.03364135 -0.01993563 -0.04099994
v 0.03093000 -0.02691295 -0.04099994
v 0.00024566 0.03511805 0.03637238
v -0.00142788 0.04176111 0.03646196
v -0.00367436 0.03533167 0.03629097
v -0.00643488 0.04172878 0.03590024
v -0.00684198 0.03511227 0.03572021
v -0.01621344 0.04172445 0.03267426
v -0.01601292 0.03537083 0.03282654
v -0.01080401 0.03515560 0.03476417
v -0.02061870 0.03532910 0.03009123
v -0.02231422 0.04172596 0.02885198
v -0.02334227 0.03512329 0.02790730
v -0.02635168 0.03512444 0.02509409
v -0.02890422 0.03510508 0.02205955
v -0.03082176 0.03531976 0.01950016
v -0.03127977 0.04172310 0.01876516
v -0.03257755 0.03513809 0.01622704
v -0.03369073 0.04173402 0.01405192
v -0.03483899 0.03543871 0.01103284
v -0.03529213 0.04172342 0.00921944
v -0.03617120 0.03540214 0.00520523
v -0.03613428 0.04180896 0.00516621
v 0.03640567 0.03534567 0.00248350
v 0.03640645 0.04174361 0.00213166
v 0.03545354 0.04178750 0.00863875
v 0.03539810 0.03524729 0.00877370
v 0.03372570 0.03514084 0.01365483
v 0.03198138 0.03510208 0.01727004
v 0.03135229 0.04180085 0.01863415
v 0.02943305 0.03529390 0.02158744
v 0.02718187 0.04173501 0.02435749
v 0.02593178 0.03509827 0.02546133
v 0.02332408 0.03532252 0.02803019
v 0.02061456 0.03513194 0.02998549
v 0.02029340 0.04176934 0.03028143
v 0.01562738 0.03543178 0.03302170
v 0.01584223 0.04164798 0.03291475
v 0.00901197 0.03538702 0.03539163
v 0.00551657 0.04164334 0.03611420
v 0.00379409 0.03528333 0.03626476
v 0.02331632 0.03505338 -0.03761136
v 0.02464754 0.03494558 -0.03885262
v 0.02502751 0.03421053 -0.04015410
v 0.02490099 0.03254878 -0.04098528
v 0.01093390 0.03506129 -0.03772798
v 0.00957193 0.03473279 -0.03944488
v 0.00957682 0.03301017 -0.04095351
v -0.04460276 0.03710089 0.00388299
v -0.04328980 0.03897009 0.00460938
v -0.04409357 0.03802245 0.00020302
v -0.04250462 0.03989081 0.00236846
v -0.04221841 0.04006019 0.00448712
v -0.03857717 0.04183122 0.00329055
v -0.04419671 0.03524600 0.00414736
v -0.04517454 0.03547978 0.00336507
v -0.04293349 0.03532158 0.00479976
v -0.04049814 0.03532181 0.00491265
v -0.04170896 0.04009278 0.00497771
v -0.04018591 0.04091588 0.00479929
v -0.03849581 0.03515569 0.00399416
v -0.03851949 0.04154262 0.00405653
v -0.03763921 0.03542803 0.00407825
v -0.03739414 0.04172693 0.00410504
v -0.03685039 0.03538904 0.00441040
v -0.03667111 0.04165903 0.00456636
v 0.03498578 0.03505000 -0.01874476
v 0.03780996 0.03505000 -0.01882359
v 0.03890296 0.03505000 -0.02071482
v 0.03826692 0.03505000 -0.02279293
v 0.03642875 0.03505000 -0.02352349
v 0.03477128 0.03505000 -0.02301475
v 0.03380005 0.03505000 -0.02106813
v 0.02715542 0.03505000 -0.02963287
v 0.02892425 0.03505000 -0.03046768
v 0.02950942 0.03505000 -0.03300980
v 0.02771732 0.03505000 -0.03461580
v 0.02556020 0.03505000 -0.03435028
v 0.02439383 0.03505000 -0.03201763
v 0.02548518 0.03505000 -0.03012549
v -0.02616124 0.03505000 -0.02966149
v -0.02440626 0.03505000 -0.03187562
v -0.02560979 0.03505000 -0.03442911
v -0.02843396 0.03505000 -0.03435028
v -0.02952698 0.03505000 -0.03245895
v -0.02889086 0.03505000 -0.03038085
v 0.04069053 0.04173719 -0.02094438
v -0.03983254 0.04000004 -0.00398179
v -0.04114347 0.04082610 -0.00427279
v -0.04224633 0.04000371 -0.00423173
v -0.03850472 0.04182616 -0.00318314
v -0.03773326 0.03999996 -0.00213688
v -0.03722443 0.03999998 0.00039457
v -0.03831629 0.04000000 0.00297652
v -0.04020136 0.04128744 0.00418360
v -0.03898766 0.04000000 0.00083587
v -0.03985525 0.04000000 -0.00207496
v -0.04221744 0.04001017 -0.00242653
v -0.04077984 0.04000000 0.00244194
v -0.04326915 0.03504991 0.00187332
v -0.04073231 0.03504992 0.00254898
v -0.04405598 0.03505013 -0.00003488
v -0.04319776 0.03504999 -0.00194310
v -0.04328360 0.03907690 -0.00183163
v -0.04104318 0.03504999 -0.00254281
v -0.03897791 0.03505000 0.00051391
v -0.03937865 0.03505000 -0.00140771
v -0.04230020 0.03500815 -0.03885885
v -0.04239070 0.03416121 -0.04023743
v -0.04231560 0.03263758 -0.04099708
v 0.04301001 -0.03925375 -0.04704374
v -0.03619927 0.02556906 -0.07953317
v -0.03585937 0.02677214 -0.07786755
v -0.03641401 0.02426146 -0.07808419
v -0.03354438 0.03296655 -0.06413977
v -0.03297894 0.03190781 -0.06687332
v -0.03390449 0.03129160 -0.06459057
v -0.03379485 0.03088605 -0.06596335
v -0.03420489 0.02951776 -0.07709648
v -0.03510151 0.02924820 -0.07272892
v -0.03214752 0.03170549 -0.07288323
v -0.03236329 0.03064250 -0.07680250
v -0.02925532 0.03299134 -0.07110318
v -0.03068158 0.03318409 -0.06870575
v -0.03422740 0.03057460 -0.07066064
v -0.03202825 0.03253953 -0.06816772
v -0.03432544 0.03219938 -0.06320459
v -0.03297919 0.03381984 -0.06388664
v -0.03612873 -0.02581776 -0.07751857
v -0.03616995 -0.02569531 -0.07894563
v -0.03561582 -0.02738389 -0.07765848
v -0.03638863 -0.02403647 -0.07778490
v -0.03618917 -0.02380734 -0.09208594
v -0.03618088 0.01366545 -0.10574124
v -0.03623105 0.02461718 -0.08185864
v -0.03648771 0.02277618 -0.07509482
v -0.03648721 -0.02269666 -0.07487851
v -0.03651283 0.01834523 -0.06820849
v -0.03651286 0.01167819 -0.06304172
v -0.03651312 0.00366718 -0.06040043
v -0.03651395 -0.00371934 -0.06045727
v -0.03651412 -0.01110569 -0.06275674
v -0.03651411 -0.01790539 -0.06775176
v -0.03995323 0.04116941 -0.01827894
v -0.04252222 0.03964627 -0.01799732
v -0.04091687 0.03155606 -0.04778353
v -0.03817288 0.03199434 -0.05536855
v -0.04380405 0.03819551 -0.01828046
v -0.04401970 0.03664290 -0.02804518
v -0.04404699 0.03550249 -0.03079557
v -0.04478214 0.03543673 -0.02364328
v -0.04268264 0.03543971 -0.03867188
v -0.04262810 0.03433509 -0.04076773
v -0.04105167 0.03624722 -0.04429764
v -0.04259538 0.03212303 -0.04146580
v -0.04188557 0.03361928 -0.04454132
v -0.03388228 0.03616231 -0.05755356
v -0.03674432 0.03818283 -0.04758353
v -0.04103134 0.03963678 -0.02813255
v -0.03844437 0.04113860 -0.02538039
v -0.03703246 0.03998176 -0.03711173
v -0.04505331 0.03558829 -0.01799182
v -0.04283084 0.03808519 -0.02896243
v -0.03559522 0.03103687 -0.06057231
v -0.04037993 0.03335033 -0.04970180
v -0.03787411 0.03421624 -0.05515560
v -0.03740217 0.03630916 -0.05249369
v -0.04014792 0.03533350 -0.04856337
v -0.04174037 0.03741868 -0.03777267
v -0.03944046 0.03824595 -0.04204712
v -0.03651408 0.00023988 -0.05862398
v -0.03651408 -0.00134940 -0.05789082
v -0.03651408 -0.00148461 -0.05641466
v -0.03651410 -0.00009852 -0.05533323
v -0.03651408 0.00141347 -0.05770261
v -0.03651408 0.00148355 -0.05635694
v -0.03651400 -0.00753294 -0.04559702
v -0.03651331 0.00765117 -0.04531723
v -0.04236225 -0.03258641 -0.04100897
v -0.04244833 -0.03381473 -0.04053275
v -0.04237316 -0.03464187 -0.03960991
v -0.04238703 -0.03504182 -0.03859228
v 0.06443675 0.02319776 -0.07580914
v 0.06448592 0.02673582 -0.07792108
v 0.06445774 0.02802090 -0.07750010
v 0.06448592 0.02558732 -0.07939211
v 0.06437097 0.02487981 -0.08290945
v 0.06448592 0.02603270 -0.08658527
v 0.06437121 0.02415128 -0.09133349
v 0.06448592 0.02409179 -0.09499001
v 0.06437146 0.02065279 -0.09903142
v 0.06448592 0.01951558 -0.10230193
v 0.06437171 0.01478558 -0.10512031
v 0.06448592 0.01280456 -0.10772131
v 0.06437192 0.00722249 -0.10890176
v 0.06448592 0.00641230 -0.11019688
v 0.06416807 0.00223350 -0.06029134
v 0.06439921 0.00617437 -0.06082379
v 0.06435889 0.01338325 -0.06396294
v 0.06438090 0.01940363 -0.06931759
v 0.06419004 -0.01973121 -0.06987990
v 0.06438563 -0.01601096 -0.06591029
v 0.06439240 -0.01048759 -0.06239188
v 0.06418872 -0.00580852 -0.06084773
v 0.05363584 -0.03516354 -0.06123985
v 0.05776477 -0.03057374 -0.07682025
v 0.05335644 -0.03393872 -0.06756843
v 0.04949029 -0.03438202 -0.06774858
v 0.04948688 -0.03121243 -0.07664871
v 0.04634335 -0.03970346 -0.04379016
v 0.04812851 -0.03836558 -0.05049716
v 0.04945187 -0.03763932 -0.05372385
v 0.04624705 -0.03895323 -0.04852298
v 0.04350495 -0.04107290 -0.03299303
v 0.03768279 -0.04196762 -0.01145866
v 0.03988986 -0.04186032 -0.01356973
v 0.04372576 -0.04111885 -0.02376274
v 0.05350552 -0.03609633 -0.05289826
v 0.04533103 -0.04060695 -0.03330069
v 0.04583252 -0.03965172 -0.02273084
v 0.04870291 -0.03883446 -0.03276350
v 0.05747375 -0.03344529 -0.05525587
v 0.05081358 -0.03506976 -0.03255038
v 0.04526252 -0.03513195 -0.01516991
v 0.03094635 -0.03504979 0.00289659
v 0.03078138 -0.03505000 -0.00355517
v 0.03630492 -0.03508004 -0.00802794
v 0.02917084 -0.03505059 -0.01066759
v 0.03274953 -0.03506661 0.01544850
v 0.02891776 -0.03507114 0.02183460
v 0.02868869 -0.03505000 0.01811108
v 0.02407328 -0.03506833 0.02708012
v 0.03026803 -0.03505000 0.01716792
v 0.02851919 -0.03505000 0.01232720
v 0.02770189 -0.03505000 0.01643835
v 0.02897494 -0.03505000 0.01542663
v 0.03003608 -0.03505000 0.01599410
v 0.02346999 -0.03505000 0.02036188
v 0.01623209 -0.03505000 0.02649848
v 0.00747977 -0.03505000 0.03016541
v -0.00423069 -0.03506656 0.03604088
v 0.00048732 -0.03505000 0.03473091
v -0.00108076 -0.03505000 0.03430318
v -0.00197114 -0.03505000 0.03102062
v -0.00108817 -0.03505000 0.03278149
v 0.00031167 -0.03505000 0.03219006
v -0.00936742 -0.03505000 0.02955533
v 0.00132335 -0.03505000 0.03346311
v -0.01553236 -0.03505000 0.02693122
v -0.03013434 -0.03505000 0.01758485
v -0.02587087 -0.03505000 0.01724916
v -0.02989729 -0.03504995 0.00858960
v -0.02788941 -0.03505000 0.01591505
v -0.02981500 -0.03505000 0.01566920
v -0.02820870 -0.03505000 0.01783076
v -0.02151049 -0.03505000 0.02233619
v -0.02326694 -0.03507185 0.02776892
v -0.04334148 -0.03504999 0.00175963
v -0.04407844 -0.03504418 -0.00017538
v -0.04495002 -0.03511551 0.00333168
v -0.04466189 -0.03506702 -0.02104975
v -0.04255162 -0.03504999 -0.00242638
v -0.03970699 -0.03505000 -0.00189380
v -0.03053455 -0.03505035 -0.00580440
v -0.04256297 -0.03505149 0.00454763
v -0.04130196 -0.03504998 0.00262065
v -0.03837994 -0.03508690 0.00378665
v -0.03898766 -0.03505000 0.00083587
v -0.03597932 -0.03507531 0.00490255
v -0.03099133 -0.03505000 0.00118739
v -0.03705824 -0.03511374 0.00406096
v -0.04368197 -0.03507847 -0.03123794
v 0.01640473 -0.03505000 -0.03026322
v 0.01970943 -0.03505000 -0.02391612
v -0.01973760 -0.03505000 -0.02391612
v -0.01646831 -0.03504999 -0.02771296
v -0.01782157 -0.03505000 -0.02826216
v -0.02488426 -0.03505021 -0.01863572
v -0.01709527 -0.03505000 -0.03026322
v -0.01605474 -0.03505000 -0.03007753
v -0.00837500 -0.03505000 -0.03291995
v -0.01395073 -0.03504959 -0.02779425
v -0.01795502 -0.03505000 -0.02946759
v -0.01540545 -0.03505000 -0.02895835
v 0.02952913 -0.03505000 -0.01791255
v 0.03037805 -0.03505000 -0.01680061
v 0.02472853 -0.03505183 -0.01878046
v 0.02834293 -0.03505000 -0.01788356
v 0.02906782 -0.03504997 -0.01537249
v 0.02770544 -0.03504999 -0.01650720
v 0.01744526 -0.03505000 -0.03007753
v 0.01703168 -0.03504999 -0.02771295
v 0.01567843 -0.03505000 -0.02826215
v 0.01629692 -0.03504992 -0.02639285
v 0.01157425 -0.03505000 -0.02875256
v 0.00431409 -0.03505204 -0.03077259
v 0.01554495 -0.03505000 -0.02946752
v 0.01809455 -0.03505000 -0.02895836
v -0.00481045 -0.03505521 -0.03067224
v -0.02830170 -0.03505000 -0.01268112
v -0.02895587 -0.03504997 -0.01537249
v -0.03031824 -0.03504999 -0.01650715
v -0.02968077 -0.03505000 -0.01788356
v -0.02849459 -0.03505000 -0.01791256
v -0.02764565 -0.03505000 -0.01680061
v 0.00002914 -0.03504998 -0.03220402
v -0.00099051 -0.03505000 -0.03268115
v 0.00109096 -0.03505001 -0.03417944
v -0.00014075 -0.03505000 -0.03483676
v 0.00117286 -0.03505000 -0.03288789
v -0.00125893 -0.03505000 -0.03383889
v 0.05217984 -0.03506526 -0.03837069
v 0.05273284 -0.03477034 -0.03939057
v 0.05355130 -0.03414832 -0.04023336
v 0.05462339 -0.03275150 -0.04097111
v 0.06448526 -0.02152242 -0.07202736
v 0.06448561 -0.02737427 -0.06863794
v 0.06448604 -0.00237413 -0.05999066
v 0.05412654 -0.03393521 -0.04072366
v 0.06415953 -0.02858978 -0.07190760
v 0.05761624 -0.02533741 -0.04121756
v 0.05893525 -0.01751233 -0.04104072
v 0.05986024 -0.00623354 -0.04105199
v 0.05999251 0.00366925 -0.04113713
v 0.05616623 -0.02971505 -0.04105948
v 0.05534921 -0.03200907 -0.04130841
v 0.06352728 -0.02866063 -0.06736766
v 0.04932131 -0.03541193 -0.02654420
v 0.04430750 -0.03859045 -0.01502249
v 0.05115669 -0.03564174 -0.03285725
v 0.05263025 -0.03552986 -0.03884243
v 0.05621479 0.02958150 -0.04103775
v 0.05451653 0.03287153 -0.04094856
v 0.05109919 0.01877531 -0.04099994
v 0.05935879 0.01368054 -0.04104743
v -0.03573554 -0.02229624 -0.04102816
v -0.03393601 -0.02307441 -0.04102924
v -0.03668505 -0.02084754 -0.04102355
v -0.03974352 -0.01623606 -0.04105019
v -0.03852939 -0.00507412 -0.04106147
v -0.03420212 0.02299852 -0.04102419
v -0.03562861 0.02239551 -0.04103304
v -0.03668751 0.02083381 -0.04102413
v -0.03858911 0.00446038 -0.04106548
v -0.03925485 0.01301620 -0.04105110
v -0.01453621 0.00185521 -0.04102450
v -0.01424436 -0.00050967 -0.04103785
v -0.01544111 -0.00359914 -0.04102273
v -0.03188577 -0.02242003 -0.04102460
v -0.01898202 -0.00553615 -0.04101933
v -0.03226117 0.02273839 -0.04102771
v -0.01908889 0.00549504 -0.04102227
v -0.01617534 0.00431993 -0.04102626
v 0.05355992 0.03411147 -0.04024882
v 0.05283118 0.03472278 -0.03946428
v 0.05232689 0.03507362 -0.03852503
v 0.03052123 0.03504992 0.00602356
v -0.04467537 0.03506252 -0.02031703
v -0.02995089 0.03505003 -0.00825707
v -0.03599978 0.03508713 0.00494471
v -0.03718355 0.03507691 0.00389032
v -0.03447770 0.03507971 0.01126027
v -0.04491578 0.03508305 0.00326595
v -0.04120855 0.03506402 0.00474852
v -0.02939316 0.03505000 0.01010690
v -0.02983418 0.03505000 0.01571247
v -0.02831821 0.03505000 0.01562236
v -0.03026803 0.03505000 0.01716792
v -0.02868868 0.03505000 0.01811108
v -0.02602033 0.03505000 0.01685060
v -0.02772535 0.03505000 0.01678412
v -0.00972231 0.03504990 0.02953917
v -0.01536061 0.03507759 0.03284308
v -0.01584158 0.03505000 0.02664668
v -0.02185677 0.03505000 0.02209951
v -0.00048732 0.03505000 0.03473091
v 0.00108076 0.03505000 0.03430318
v -0.00035928 0.03504993 0.03109506
v 0.00108816 0.03505000 0.03278148
v -0.00031167 0.03505000 0.03219006
v 0.00905833 0.03507918 0.03511399
v -0.00132336 0.03505000 0.03346312
v 0.00756833 0.03505002 0.03009146
v 0.01577525 0.03508145 0.03265313
v 0.01403944 0.03505000 0.02768726
v 0.02124661 0.03505000 0.02268673
v 0.02904876 0.03505000 0.01542663
v 0.02710136 0.03505000 0.01521918
v 0.03007252 0.03505000 0.01604615
v 0.02762231 0.03505000 0.01658824
v 0.02885668 0.03505000 0.01808756
v 0.03024280 0.03505000 0.01723724
v 0.03087945 0.03505029 -0.00344093
v 0.03603532 0.03507276 0.00411502
v 0.04522756 0.03508684 -0.01529090
v 0.04048209 0.03509856 -0.01392867
v 0.02939032 0.03504998 -0.00992685
v 0.02307983 0.03505004 -0.02081540
v 0.05040945 0.03508171 -0.03097708
v -0.04371466 0.03507652 -0.03086473
v -0.02297575 0.03505009 -0.02090110
v -0.00069319 0.03505000 -0.03460445
v -0.01085350 0.03505006 -0.02914989
v -0.01613563 0.03505000 -0.03020419
v -0.01769970 0.03505002 -0.02992949
v -0.01783488 0.03505000 -0.02535581
v -0.01682455 0.03504998 -0.02766133
v -0.01545225 0.03505001 -0.02867520
v -0.01797830 0.03504998 -0.02860014
v -0.02886160 0.03505001 -0.01807720
v -0.02921445 0.03505001 -0.01543949
v -0.02688175 0.03504997 -0.01549653
v -0.02800188 0.03505000 -0.01595096
v -0.02775941 0.03505000 -0.01711380
v -0.03008075 0.03505001 -0.01746419
v -0.03024172 0.03504999 -0.01633673
v 0.01736439 0.03505000 -0.03020419
v 0.01580031 0.03505002 -0.02992949
v 0.00740292 0.03504993 -0.03019070
v 0.01598286 0.03505006 -0.02664734
v 0.01667547 0.03504999 -0.02766132
v 0.01552164 0.03504998 -0.02860028
v 0.01804775 0.03505001 -0.02867518
v -0.00170859 0.03505019 -0.03102741
v 0.02916211 0.03505001 -0.01807720
v 0.02794296 0.03505001 -0.01746419
v 0.02778194 0.03504998 -0.01633682
v 0.02880925 0.03505001 -0.01543949
v 0.02691170 0.03504995 -0.01543171
v 0.03002183 0.03505000 -0.01595096
v 0.03026429 0.03505000 -0.01711379
v -0.00039556 0.03504997 -0.03220060
v 0.00106463 0.03505000 -0.03274810
v 0.00121231 0.03505000 -0.03393455
v -0.00130256 0.03504999 -0.03344977
v 0.00045936 0.03505001 -0.03470157
v -0.03107067 0.03505018 0.00081324
v 0.04624410 0.03895270 -0.04853015
v 0.04902729 0.03854913 -0.04703851
v 0.04935865 0.03767356 -0.05330089
v 0.04805466 0.03839503 -0.05038622
v 0.04948856 0.03568754 -0.06324393
v 0.05667726 0.03087453 -0.07673835
v 0.04948597 0.03120438 -0.07665136
v 0.05392643 0.03411153 -0.06621930
v 0.05472305 0.03463696 -0.06171877
v 0.04505396 0.03986629 -0.02022185
v 0.04601275 0.04037012 -0.03034407
v 0.04296174 0.04054897 -0.01485666
v 0.05387456 0.03590291 -0.05199172
v 0.04992240 0.03807230 -0.03535869
v 0.06442835 0.02816101 -0.07270842
v 0.06348832 0.02884994 -0.06783592
v 0.05810764 0.02317732 -0.04118743
v 0.05332311 0.03496730 -0.04003595
v 0.05250595 0.03562768 -0.03856515
v 0.05063172 0.03558341 -0.03080057
v 0.04553635 0.03546528 -0.01523901
v 0.06378816 0.02891935 -0.07144442
v 0.05473225 0.03311188 -0.04113902
v -0.04372021 -0.03855588 -0.00132903
v -0.04232576 -0.03996864 -0.00237478
v -0.04097496 -0.04000000 -0.00251873
v -0.03937865 -0.04000000 -0.00140771
v -0.03897791 -0.04000000 0.00051391
v -0.04059061 -0.04000000 0.00247081
v -0.04222286 -0.04005216 -0.00440126
v -0.03732553 -0.03999998 -0.00101329
v -0.03742986 -0.03999998 0.00146529
v -0.03947611 -0.04000000 0.00386231
v -0.03864446 -0.04000000 -0.00324944
v -0.03995547 -0.04137389 -0.00402321
v -0.01578062 -0.04140045 -0.02804927
v -0.01572548 -0.04127397 -0.02990778
v -0.01144806 -0.04093777 -0.03402115
v -0.01742520 -0.04125140 -0.03014871
v -0.01803352 -0.04133598 -0.02902982
v -0.02366189 -0.04147175 -0.02690159
v -0.01744663 -0.04141087 -0.02789077
v -0.02012257 -0.04165194 -0.02364942
v -0.01549816 -0.04147272 -0.02688542
v -0.01044804 -0.04132068 -0.02923660
v -0.03564189 -0.04107824 -0.03123659
v -0.03697257 -0.04166400 -0.02272915
v -0.02692475 -0.04164357 -0.02374371
v -0.03072097 -0.03956218 -0.04525231
v 0.00703732 -0.04082378 -0.03514831
v 0.00060626 -0.04087304 -0.03465087
v -0.00700921 -0.04082909 -0.03510839
v -0.00085733 -0.04088511 -0.03452446
v -0.03257982 -0.04052132 -0.03780111
v 0.01144549 -0.04093672 -0.03397780
v 0.01545612 -0.04132197 -0.02926116
v 0.01626283 -0.04124340 -0.03020338
v 0.01042211 -0.04132010 -0.02925424
v 0.01537851 -0.04147030 -0.02693575
v 0.01605341 -0.04141120 -0.02789075
v 0.02008976 -0.04165208 -0.02364383
v 0.01771965 -0.04140113 -0.02804920
v 0.02369072 -0.04147040 -0.02690803
v 0.01777445 -0.04127416 -0.02990781
v 0.02690456 -0.04164089 -0.02370917
v 0.03055743 -0.04199594 -0.00559091
v 0.03512096 -0.04199094 -0.00704204
v 0.03625727 -0.04196917 -0.00776241
v 0.03397233 -0.04195954 -0.01144686
v 0.02786218 -0.04193320 -0.01362714
v 0.02918504 -0.04196968 -0.01041203
v 0.02846426 -0.04184510 -0.01790218
v 0.02942027 -0.04183894 -0.01797273
v 0.02372108 -0.04178823 -0.02016947
v 0.02771599 -0.04186774 -0.01700419
v 0.02809611 -0.04189241 -0.01586492
v 0.02926680 -0.04190077 -0.01543932
v 0.03037842 -0.04187371 -0.01676782
v -0.02888655 -0.03707471 -0.05787621
v -0.02820585 -0.03350142 -0.07010145
v -0.03112713 -0.03100867 -0.07670400
v -0.02787825 -0.04188896 -0.01611676
v -0.02781838 -0.04186270 -0.01721893
v -0.02867975 -0.04184989 -0.01800234
v -0.02996192 -0.04185027 -0.01770625
v -0.03788614 -0.04191261 -0.01344222
v -0.03022680 -0.04188297 -0.01631712
v -0.02916565 -0.04190135 -0.01541335
v -0.02935022 -0.04198872 -0.01048947
v -0.02377680 -0.04179167 -0.02016179
v -0.03396301 -0.04195945 -0.01146869
v -0.03516767 -0.04199078 -0.00706290
v -0.03050730 -0.04199538 -0.00558238
v -0.00125615 -0.04100496 -0.03322747
v -0.00549280 -0.04120813 -0.03076146
v -0.00053720 -0.04108479 -0.03230564
v 0.00064878 -0.04107707 -0.03239630
v 0.00557222 -0.04122170 -0.03058198
v 0.00132499 -0.04098588 -0.03344369
v -0.03330550 -0.03186433 -0.06586588
v -0.03380236 -0.03087464 -0.06596532
v -0.03253251 -0.03224722 -0.06747403
v -0.03189621 -0.03173169 -0.07316337
v -0.03383330 -0.03069941 -0.07317244
v -0.03421944 -0.02948952 -0.07711048
v -0.03392997 -0.03091991 -0.06993864
v -0.03391837 -0.03134132 -0.06448507
v -0.03348067 -0.03308557 -0.06414231
v -0.03523894 -0.03309290 -0.06096544
v -0.03057829 -0.03331842 -0.06846314
v -0.03256346 -0.03407256 -0.06398791
v -0.03509794 -0.02936290 -0.07081319
v -0.03560764 -0.02822198 -0.06412805
v -0.03539503 -0.02951689 -0.06199423
v -0.03559971 -0.03136492 -0.06067572
v -0.03436932 -0.03036797 -0.06533148
v -0.03451697 -0.03085449 -0.06368778
v -0.03939884 -0.02386497 -0.04621356
v -0.04002716 -0.01654642 -0.04159741
v -0.03897750 0.00740316 -0.04153519
v -0.03931404 0.01994368 -0.04423923
v -0.04166679 0.02558723 -0.04147513
v -0.03866338 -0.00039778 -0.04158648
v -0.03906633 -0.00837921 -0.04149043
v -0.04178923 -0.02646874 -0.04161052
v -0.03979876 0.01487953 -0.04149252
v -0.03872873 -0.03864297 -0.04212311
v -0.03692392 -0.03662392 -0.05253041
v -0.03681111 -0.03879439 -0.04473679
v -0.03436513 -0.03886269 -0.04727452
v -0.04357712 -0.03857083 -0.01699143
v -0.04140608 -0.04052512 -0.01723269
v -0.03177395 -0.03648877 -0.05845817
v -0.04014876 -0.03199165 -0.05035075
v -0.04167223 -0.03519529 -0.04389636
v -0.04264679 -0.03544865 -0.03892851
v -0.04262978 -0.03417745 -0.04085666
v -0.04426608 -0.03544317 -0.02908344
v -0.04450894 -0.03666179 -0.02263677
v -0.04497479 -0.03544401 -0.02069195
v -0.04364813 -0.03568734 -0.03334773
v -0.04285868 -0.03803243 -0.02937365
v -0.04116237 -0.03925720 -0.03029250
v -0.04517508 -0.03549863 0.00335453
v -0.03919719 -0.04120997 -0.02192821
v -0.04056776 -0.04031365 -0.02481166
v -0.04255883 -0.03159745 -0.04157484
v -0.04168079 -0.03303320 -0.04553178
v -0.03858780 -0.03330092 -0.05424251
v -0.04003560 -0.03442370 -0.05000412
v -0.03783833 -0.03449782 -0.05478670
v -0.03744376 -0.03159713 -0.05682093
v -0.03711000 -0.03545777 -0.05471957
v -0.04010197 -0.03614278 -0.04710400
v -0.04128864 -0.03687456 -0.04158673
v -0.03435245 0.03044458 -0.06494530
v -0.03586484 0.02766091 -0.07053411
v -0.03523822 0.02910945 -0.06335537
v 0.04948592 0.00433853 -0.06321596
v 0.04948592 -0.00713468 -0.06396519
v 0.04948592 -0.00433853 -0.10678404
v 0.04948592 -0.00033376 -0.11108301
v 0.04948592 -0.00641229 -0.11019688
v 0.04948592 -0.01280460 -0.10772128
v 0.04948592 -0.01464931 -0.10169626
v 0.04948592 -0.01951559 -0.10230192
v 0.04948592 -0.02014984 -0.09401726
v 0.04948592 -0.02409178 -0.09499002
v 0.04948592 -0.02201873 -0.08658194
v 0.04948592 -0.02603270 -0.08658534
v 0.04948592 -0.02069978 -0.07694481
v 0.04948592 0.01464931 -0.06830374
v 0.04948592 -0.02557007 -0.07958964
v 0.04948592 -0.02667100 -0.07789948
v 0.04948592 -0.01536510 -0.06914939
v 0.04948592 0.02103476 -0.07786518
v 0.04948592 0.02705388 -0.07776923
v 0.04948592 0.02561307 -0.07914551
v 0.04948592 0.02195890 -0.08726575
v 0.04948592 0.02597444 -0.08735438
v 0.04948592 0.01985972 -0.09463942
v 0.04948592 0.02378584 -0.09569804
v 0.04948592 0.01536509 -0.10085061
v 0.04948592 0.02058641 -0.10088079
v 0.04948592 0.01577838 -0.10576673
v 0.04948592 0.00713468 -0.10603482
v 0.04948592 0.00814161 -0.10977759
v 0.02918504 -0.03680000 -0.01041203
v 0.02359896 -0.03680019 -0.02008857
v 0.02006706 -0.03680000 -0.02361666
v 0.01039799 -0.03680000 -0.02919911
v 0.00559076 -0.03679951 -0.03052874
v -0.01042615 -0.03680000 -0.02919911
v -0.00560584 -0.03680050 -0.03050033
v -0.02009523 -0.03680000 -0.02361666
v -0.02363965 -0.03679997 -0.02009759
v -0.02923765 -0.03680082 -0.01039891
v -0.03050730 -0.03680000 -0.00558238
v 0.03049541 -0.03680078 -0.00560993
v -0.03394899 -0.03680001 -0.01148135
v -0.03518282 -0.03680001 -0.00708299
v -0.02692542 -0.03680001 -0.02372785
v -0.02368376 -0.03680002 -0.02691587
v -0.00705552 -0.03680004 -0.03514399
v -0.01145588 -0.03680002 -0.03400505
v 0.01146102 -0.03680003 -0.03395476
v 0.00705850 -0.03680002 -0.03516429
v 0.02690625 -0.03680001 -0.02367625
v 0.02368411 -0.03680001 -0.02691986
v 0.03398970 -0.03680002 -0.01144087
v 0.03511600 -0.03680001 -0.00702445
v -0.03371408 0.02166577 -0.08882027
v -0.03371203 0.02195835 -0.08273701
v -0.03369307 0.01995282 -0.07558919
v -0.03371408 0.01685298 -0.07085865
v -0.03370543 0.01275875 -0.06698062
v -0.03371408 0.00752444 -0.06432676
v -0.03370544 0.00203967 -0.06301539
v -0.03371408 -0.00382026 -0.06333422
v -0.03370543 -0.00922593 -0.06494094
v -0.03370544 -0.01553021 -0.06930613
v -0.03370655 -0.01996549 -0.07556996
v -0.03371408 -0.02166578 -0.08117973
v -0.03370544 -0.02200479 -0.08680920
v -0.03370544 -0.02005902 -0.09422605
v -0.03371408 -0.01685298 -0.09914135
v -0.03370543 -0.01275875 -0.10301938
v -0.03371408 -0.00752444 -0.10567325
v -0.03370544 -0.00203967 -0.10698462
v -0.03371408 0.00382026 -0.10666578
v -0.03370543 0.00922592 -0.10505906
v -0.03370544 0.01553021 -0.10069387
v -0.03370544 0.01996127 -0.09443565
v 0.06167727 0.00203967 -0.10698462
v 0.06168592 0.00752444 -0.10567325
v 0.06167726 0.01275875 -0.10301938
v 0.06168592 0.01685298 -0.09914135
v 0.06167727 0.02005901 -0.09422605
v 0.06167727 0.02200479 -0.08680914
v 0.06168592 0.02166577 -0.08117973
v 0.06167728 0.01996128 -0.07556435
v 0.06167727 0.01553021 -0.06930613
v 0.06167727 0.00922592 -0.06494094
v 0.06168592 0.00382026 -0.06333422
v 0.06167727 -0.00203967 -0.06301539
v 0.06168592 -0.00752444 -0.06432676
v 0.06167726 -0.01275875 -0.06698062
v 0.06168592 -0.01685298 -0.07085865
v 0.06167727 -0.02005902 -0.07577395
v 0.06168592 -0.02166578 -0.08117973
v 0.06167727 -0.02198463 -0.08703957
v 0.06167728 -0.01996128 -0.09443565
v 0.06167727 -0.01553021 -0.10069387
v 0.06167727 -0.00922593 -0.10505906
v 0.06168592 -0.00382026 -0.10666578
v -0.02651409 -0.00144401 -0.05621917
v -0.02651409 0.00023988 -0.05537602
v -0.02651409 0.00148460 -0.05641466
v -0.02651409 0.00134938 -0.05789085
v -0.02651409 -0.00023989 -0.05862398
v -0.02651409 -0.00141348 -0.05770260
v -0.04219564 0.02980190 -0.04112541
v -0.04220915 -0.02956961 -0.04117492
v -0.02738439 -0.00781850 -0.04599996
v -0.02918223 -0.00880178 -0.04600000
v -0.02754619 0.00810330 -0.04600000
v -0.02340030 0.00425997 -0.04602671
v -0.02789412 0.00648946 -0.04600001
v -0.02513846 0.00136211 -0.04602873
v -0.02908855 0.00627134 -0.04600000
v -0.03013645 0.00735995 -0.04599997
v -0.02901615 0.00879685 -0.04600000
v -0.02829497 -0.00625471 -0.04599999
v -0.02511753 -0.00145156 -0.04602533
v -0.02949998 -0.00646874 -0.04600000
v -0.03005273 -0.00741523 -0.04599999
v -0.02402737 -0.00350119 -0.04602526
v 0.05050474 0.01889134 -0.04600000
v -0.02190620 0.00279461 -0.04802024
v -0.01900254 -0.00347263 -0.04301780
v -0.01870274 0.00342469 -0.04302138
v -0.02141940 -0.00310514 -0.04802730
v -0.02223320 -0.00248525 -0.05601976
v -0.02274131 -0.00196153 -0.04801960
v -0.02323281 -0.00082696 -0.05600006
v -0.02330920 0.00000003 -0.04799529
v -0.02265554 0.00207105 -0.05592676
v -0.02287175 0.00169222 -0.04801828
v -0.01716157 -0.00247241 -0.04302327
v -0.01633215 -0.00088684 -0.04301706
v -0.01625232 0.00060420 -0.04302040
v -0.01698186 0.00222175 -0.04302340
v 0.00311347 0.04564795 0.03073296
v 0.00235991 0.04539720 0.03115012
v 0.00293565 0.04575202 0.03115128
v 0.00319229 0.04572587 0.03153104
v 0.00262195 0.04569922 0.03151216
v -0.00240020 0.04530585 0.03108951
v -0.00301397 0.04554815 0.03078712
v -0.00251740 0.04559759 0.03123128
v -0.00299118 0.04577417 0.03120331
v 0.03593943 0.04200053 -0.00210089
v 0.03482553 0.04198293 -0.00908123
v 0.02849427 0.04195601 -0.01241129
v 0.03256875 0.04190616 -0.01531024
v 0.02840895 0.04171706 -0.02212021
v 0.02882758 0.04183293 -0.01835418
v 0.02032883 0.04165461 -0.02353051
v 0.02755406 0.04186251 -0.01726996
v 0.02500784 0.04183370 -0.01837706
v 0.02761702 0.04188718 -0.01612102
v 0.02843951 0.04190320 -0.01531775
v 0.03013032 0.04189825 -0.01558554
v 0.03043817 0.04185765 -0.01742054
v 0.01235275 0.04136799 -0.02857935
v 0.01519046 0.04132475 -0.02920841
v 0.01571995 0.04141329 -0.02785682
v 0.01701302 0.04143713 -0.02748168
v 0.01799551 0.04139413 -0.02813769
v 0.02309339 0.04143314 -0.02760632
v 0.01828085 0.04131962 -0.02926636
v -0.00047407 0.04074108 -0.03599118
v -0.00017687 0.04083702 -0.03501810
v -0.00119840 0.04088996 -0.03447432
v -0.01515039 0.04134207 -0.02898629
v -0.00151782 0.04099360 -0.03335103
v -0.01256951 0.04137927 -0.02840157
v -0.00507328 0.04121414 -0.03069375
v -0.00083260 0.04109776 -0.03215235
v -0.00956671 0.04086144 -0.03480398
v -0.01601250 0.04123992 -0.03036051
v -0.01829874 0.04119232 -0.03100492
v -0.01734687 0.04123249 -0.03045948
v 0.00337460 0.04119886 -0.03089712
v -0.01830956 0.04132437 -0.02920818
v 0.01684292 0.04112813 -0.03181293
v 0.01748750 0.04123990 -0.03036051
v 0.01615313 0.04123260 -0.03045948
v 0.00062260 0.04110163 -0.03210443
v 0.00154680 0.04101134 -0.03315743
v 0.00836090 0.04082995 -0.03509534
v 0.00102404 0.04087058 -0.03467450
v -0.02214395 0.04138805 -0.02831188
v -0.02677965 0.04163090 -0.02402778
v -0.01778044 0.04141152 -0.02785719
v -0.01998309 0.04164047 -0.02390026
v -0.01625193 0.04143558 -0.02750206
v -0.02919612 0.04183317 -0.01835418
v -0.03090210 0.04183161 -0.01846236
v -0.03046980 0.04186127 -0.01726954
v -0.03040667 0.04188711 -0.01612100
v -0.03386649 0.04195919 -0.01220952
v -0.02958422 0.04190320 -0.01531775
v -0.02789339 0.04189823 -0.01558554
v -0.02777947 0.04193106 -0.01382614
v -0.02758559 0.04185807 -0.01742064
v -0.02516596 0.04184004 -0.01814732
v -0.03015858 0.04199164 -0.00752994
v -0.03595689 0.04200030 -0.00063412
v -0.03556351 0.04199741 -0.00554373
v -0.00027996 0.04200007 0.03598922
v -0.00069987 0.04200007 0.03489954
v 0.00073650 0.04200007 0.03485744
v 0.03052364 0.04200007 0.00565343
v 0.02854858 0.04200007 0.01219148
v 0.02863786 0.04200007 0.01517805
v -0.02950140 0.04200007 0.01528529
v -0.03040744 0.04200007 0.00624833
v -0.02830507 0.04200007 0.01274662
v 0.00201249 0.04200007 0.03097750
v 0.00069987 0.04200007 0.03210045
v -0.00061078 0.04200007 0.03209985
v -0.02772134 0.04200007 0.01572831
v 0.03036910 0.04200007 0.01930992
v 0.02923957 0.04200007 0.01827748
v 0.03032839 0.04200007 0.01755730
v -0.03344159 0.04200122 0.01336044
v -0.03555528 0.04200003 0.00557228
v 0.03040927 0.04200007 0.01599433
v -0.03056807 0.04200007 0.01643064
v -0.01140027 0.04200007 0.02887363
v -0.00481018 0.04200007 0.03066783
v 0.03559233 0.04200018 0.00533523
v 0.03375239 0.04200034 0.01247482
v -0.03003555 0.04200007 0.01790628
v -0.02826609 0.04200036 0.02227987
v 0.00873814 0.04200007 0.02978754
v -0.00160506 0.04200007 0.03331384
v 0.02615381 0.04200092 0.02472275
v 0.02798814 0.04200007 0.01790628
v 0.02065286 0.04200105 0.02947415
v 0.01430861 0.04200044 0.03302295
v -0.00558200 0.04200145 0.03550457
v 0.02745736 0.04200007 0.01657103
v 0.02519145 0.04200007 0.01813960
v 0.00737507 0.04199988 0.03522591
v 0.00158804 0.04200007 0.03354426
v -0.02878414 0.04200007 0.01827748
v -0.02334647 0.04200033 0.02738776
v -0.01741217 0.04200071 0.03149499
v -0.02769531 0.04200007 0.01755729
v -0.02483249 0.04200007 0.01862799
v 0.02061498 0.04200007 0.02320942
v -0.01877258 0.04200007 0.02482032
v -0.01065343 0.04200034 0.03437510
v 0.01504073 0.04200007 0.02715568
v -0.00325489 0.04571245 0.03152638
v -0.00352377 0.04598810 0.03134838
v -0.00773153 0.04579638 0.03079508
v -0.01705039 0.04611382 0.02646737
v -0.02099626 0.04578043 0.02383259
v -0.01358660 0.04570456 0.02880397
v -0.02294626 0.04621546 0.02116173
v -0.02389809 0.04584038 0.02081921
v -0.00399367 0.04622155 0.03084697
v -0.01151911 0.04620063 0.02902509
v -0.02615197 0.04580317 0.01785356
v -0.02620609 0.04554901 0.01802127
v -0.02582818 0.04617745 0.01751618
v 0.02416063 0.04578060 0.02058185
v 0.02622110 0.04554930 0.01796340
v 0.02609727 0.04587108 0.01792967
v 0.00765087 0.04581256 0.03082691
v 0.00346512 0.04596400 0.03139681
v 0.00397662 0.04622175 0.03080552
v 0.01099664 0.04617979 0.02939926
v 0.01117077 0.04562239 0.02982441
v 0.01555861 0.04583237 0.02762664
v 0.01946422 0.04621866 0.02450513
v 0.02017742 0.04596509 0.02437061
v 0.02015950 0.04564509 0.02462418
v 0.02592493 0.04614753 0.01743897
v -0.00450758 0.04741788 0.01987054
v -0.01048822 0.04760487 0.01583150
v -0.00636612 0.04706766 0.02262948
v -0.00666458 0.04662699 0.02646254
v 0.00647251 0.04653581 0.02734452
v 0.00677450 0.04684909 0.02445470
v -0.00254191 0.04818432 0.01126758
v 0.00487586 0.04743851 0.01991552
v 0.00646544 0.04829891 0.00763052
v 0.00061588 0.04858980 0.00419335
v 0.00121044 0.04764466 0.01809460
v -0.00232990 0.04757991 0.01859121
v -0.00227139 0.04482463 0.03142800
v -0.00304846 0.04300000 0.03280825
v -0.00150511 0.04300001 0.03085345
v 0.00106862 0.04300000 0.03054557
v 0.00126944 0.04466479 0.03072924
v -0.00000084 0.04465628 0.03047406
v -0.00128026 0.04478127 0.03069911
v 0.00227294 0.04482593 0.03143024
v 0.00285354 0.04300006 0.03240097
v 0.00237567 0.04539842 0.03162956
v 0.00292465 0.04476229 0.03268145
v 0.00258055 0.04299977 0.03509182
v 0.00299662 0.04409067 0.03423131
v 0.00246958 0.04348549 0.03531278
v -0.00251720 0.04350234 0.03521609
v -0.00245997 0.04300014 0.03534855
v -0.00301935 0.04415239 0.03406333
v -0.00300317 0.04457035 0.03300818
v -0.00235504 0.04541821 0.03158239
v -0.01725417 0.02950000 0.02083707
v -0.01766265 0.04400000 0.02013582
v -0.01170580 0.04400000 0.02445468
v -0.01087291 0.02950000 0.02475751
v -0.00598558 0.02950000 0.02631616
v -0.00526991 0.04400000 0.02619020
v -0.02692710 0.02950000 0.00230084
v -0.02672709 0.04400000 0.00175917
v -0.02595157 0.04400000 0.00760530
v -0.02456735 0.02950000 0.01148813
v -0.02344100 0.04400000 0.01348494
v -0.02013074 0.02950000 0.01766909
v -0.02012528 0.04400000 0.01765573
v -0.01090194 0.04400000 0.01328285
v -0.00628485 0.04400000 0.01588891
v -0.00466269 0.04400000 0.02283542
v -0.00160516 0.04400000 0.02009259
v -0.00165531 0.04400000 0.01712833
v -0.01567647 0.04400000 0.00679709
v -0.01327947 0.04400000 0.01094428
v -0.01710005 0.04400000 0.00169342
v -0.00167951 0.02950000 0.01710167
v -0.00678745 0.02950000 0.01568080
v -0.01093788 0.02950000 0.01328460
v -0.01327773 0.02950000 0.01090831
v -0.01588475 0.02950000 0.00629499
v -0.01712670 0.02950000 0.00166925
v -0.02014382 0.02950000 -0.01763392
v -0.02014931 0.04400000 -0.01764730
v -0.02345571 0.02950000 -0.01345934
v -0.02373319 0.04400000 -0.01296380
v -0.02595987 0.02950000 -0.00757690
v -0.02611326 0.04400000 -0.00703007
v -0.02672930 0.02950000 -0.00173060
v -0.02671599 0.04400000 -0.00173620
v -0.01589469 0.04400000 -0.00626984
v -0.01712988 0.04400000 -0.00164141
v -0.01329512 0.04400000 -0.01088640
v -0.01710320 0.02950000 -0.00166563
v -0.01605830 0.02950000 -0.00567285
v -0.01329511 0.02950000 -0.01091244
v -0.00172347 0.02950000 -0.02668368
v -0.00177336 0.04400000 -0.02672597
v -0.00707396 0.02950000 -0.02610144
v -0.00928265 0.04400000 -0.02548272
v -0.01300601 0.02950000 -0.02371014
v -0.01726848 0.04400000 -0.02083153
v -0.01768442 0.02950000 -0.02011754
v -0.00571297 0.04400000 -0.01604410
v -0.01094981 0.04400000 -0.01326533
v -0.00168976 0.04400000 -0.01711048
v -0.01755942 0.04400000 -0.01977127
v -0.01092378 0.02950000 -0.01326541
v -0.00631012 0.02950000 -0.01587886
v -0.00170033 0.02950000 -0.01711265
v 0.01763398 0.02950000 -0.02014383
v 0.01764736 0.04400000 -0.02014931
v 0.01218303 0.02950000 -0.02423052
v 0.01295948 0.04400000 -0.02373566
v 0.00701964 0.04400000 -0.02611615
v 0.00252095 0.02950000 -0.02697462
v 0.00170026 0.04400000 -0.02670570
v 0.00626348 0.04400000 -0.01589749
v 0.01088651 0.04400000 -0.01329510
v 0.00162754 0.04400000 -0.01713143
v 0.00165178 0.02950000 -0.01710477
v 0.00566549 0.02950000 -0.01606100
v 0.01091262 0.02950000 -0.01329513
v 0.02668397 0.02950000 -0.00170856
v 0.02672559 0.04400000 -0.00175778
v 0.02627830 0.02950000 -0.00633023
v 0.02581805 0.04400000 -0.00818422
v 0.02402485 0.02950000 -0.01250439
v 0.02303689 0.04400000 -0.01413939
v 0.02011566 0.02950000 -0.01768425
v 0.02011102 0.04400000 -0.01767097
v 0.01326541 0.04400000 -0.01094986
v 0.01604691 0.04400000 -0.00570541
v 0.01711212 0.04400000 -0.00167584
v 0.01326546 0.02950000 -0.01092376
v 0.01588180 0.02950000 -0.00630348
v 0.01711430 0.02950000 -0.00168642
v 0.02070880 0.02950000 0.01736344
v 0.02013424 0.04400000 0.01766257
v 0.02403839 0.04400000 0.01247832
v 0.02544859 0.02950000 0.00949057
v 0.02628514 0.04400000 0.00630176
v 0.02671081 0.02950000 0.00169446
v 0.02670378 0.04400000 0.00171381
v 0.01328282 0.04400000 0.01090194
v 0.01537711 0.04400000 0.00732116
v 0.01712167 0.04400000 0.00164721
v 0.01710322 0.02950000 0.00166570
v 0.01568354 0.02950000 0.00678172
v 0.01328456 0.02950000 0.01093787
v 0.00526992 0.02950000 0.02619021
v 0.00598559 0.04400000 0.02631616
v 0.01170928 0.02950000 0.02445320
v 0.01087601 0.04400000 0.02475622
v 0.01735439 0.04400000 0.02073552
v 0.01766901 0.02950000 0.02013032
v 0.00167949 0.04400000 0.01710168
v 0.00679116 0.04400000 0.01567931
v 0.00159441 0.04400000 0.02009537
v 0.00454487 0.04400000 0.02259787
v 0.01094425 0.04400000 0.01327952
v 0.01750505 0.04400000 0.01970847
v 0.00509462 0.04400000 0.02588553
v 0.01090829 0.02950000 0.01327778
v 0.00733028 0.02950000 0.01537269
v 0.00166103 0.02950000 0.01712012
v 0.00326970 0.04498930 0.03287642
v 0.01699896 0.04361241 0.03173286
v 0.02466877 0.04361129 0.02634749
v 0.02689707 0.04493599 0.01945170
v 0.02963595 0.04365544 0.02012970
v 0.00274411 0.04363688 0.03580422
v 0.01033487 0.04360915 0.03448442
v -0.03000025 0.04567908 0.01060995
v -0.03037362 0.04489043 0.01361219
v -0.02867218 0.04554577 0.01372513
v -0.03388566 0.04361102 0.01209759
v -0.03234769 0.04364376 0.01553047
v -0.03053072 0.04563075 -0.00912839
v -0.02884568 0.04556322 -0.01349755
v -0.03106062 0.04447072 -0.01407305
v -0.03455788 0.04363319 -0.01023535
v -0.03181142 0.04565053 -0.00126690
v -0.03561383 0.04362315 0.00542215
v -0.03132594 0.04563366 0.00565098
v -0.03239741 0.04362682 -0.01547953
v -0.03590463 0.04360844 -0.00245821
v -0.03089126 0.04616076 -0.00570219
v -0.02814205 0.04616207 -0.01362690
v -0.03010746 0.04596361 -0.00970370
v -0.02852494 0.04582721 -0.01372668
v -0.03139049 0.04615291 -0.00082924
v -0.03126779 0.04596737 0.00503004
v -0.03006889 0.04622761 0.00855407
v -0.02842218 0.04604794 0.01359282
v 0.00336381 0.04479216 -0.03328099
v 0.00246445 0.04549602 -0.03169808
v 0.00559331 0.04564773 -0.03127610
v 0.00757245 0.04362762 -0.03519216
v 0.00277861 0.04363193 -0.03579432
v 0.01379685 0.04487959 -0.03014865
v 0.01560922 0.04363897 -0.03220623
v 0.01279029 0.04362280 -0.03360187
v 0.01012788 0.04568390 -0.03017773
v 0.01371687 0.04550973 -0.02871411
v 0.00625351 0.04613020 -0.03080238
v 0.00250442 0.04590497 -0.03152063
v 0.00211190 0.04619704 -0.03100283
v 0.01360160 0.04589219 -0.02859837
v 0.01355043 0.04617628 -0.02819211
v -0.00338230 0.04438411 -0.03415174
v -0.00264974 0.04364713 -0.03573787
v -0.00539760 0.04361591 -0.03555248
v -0.00816660 0.04565781 -0.03083399
v -0.00253931 0.04553881 -0.03171466
v -0.01083991 0.04361942 -0.03434086
v -0.01392389 0.04467462 -0.03066596
v -0.01371715 0.04554477 -0.02868855
v -0.01542345 0.04361380 -0.03245472
v -0.01359063 0.04602961 -0.02846344
v -0.00695252 0.04619464 -0.03060330
v -0.00228484 0.04616379 -0.03116166
v -0.00244429 0.04582610 -0.03158066
v -0.00924917 0.04600667 -0.03024898
v -0.02846090 0.04409659 -0.02001421
v -0.02663376 0.04515878 -0.01873239
v -0.02751169 0.04361900 -0.02318536
v -0.02962365 0.04364706 -0.02020227
v -0.01925623 0.04499139 -0.02685351
v -0.02017196 0.04364023 -0.02962722
v -0.02352337 0.04362197 -0.02723701
v -0.01804326 0.04555023 -0.02620996
v -0.02354445 0.04575698 -0.02134479
v -0.02608518 0.04562079 -0.01824227
v 0.02132847 0.04564891 -0.02359020
v 0.01958118 0.04483298 -0.02707480
v 0.01797630 0.04552287 -0.02622690
v 0.02365025 0.04362222 -0.02712514
v 0.02011588 0.04365673 -0.02962697
v 0.02745922 0.04362249 -0.02323912
v 0.02685338 0.04499146 -0.01925619
v 0.02962426 0.04363836 -0.02008950
v 0.02600417 0.04563950 -0.01834920
v 0.01796622 0.04585451 -0.02609710
v 0.01749077 0.04616279 -0.02588827
v 0.02077069 0.04598395 -0.02381838
v 0.02612341 0.04582664 -0.01789702
v 0.02321571 0.04615771 -0.02113790
v 0.02583884 0.04617110 -0.01754290
v 0.03000015 0.04567920 -0.01060977
v 0.03037560 0.04488933 -0.01361309
v 0.02869315 0.04552097 -0.01372044
v 0.03461187 0.04361590 -0.01008978
v 0.03234792 0.04364376 -0.01553024
v 0.03021865 0.04564508 0.00997037
v 0.02884565 0.04556323 0.01349754
v 0.03106060 0.04447054 0.01407328
v 0.03381478 0.04361426 0.01226276
v 0.03235210 0.04363000 0.01552765
v 0.03558754 0.04362289 0.00559113
v 0.03171631 0.04582871 -0.00156731
v 0.03133364 0.04581814 0.00483734
v 0.03594971 0.04360563 -0.00192358
v 0.03131096 0.04563866 -0.00572320
v 0.02999861 0.04612372 0.00953005
v 0.02814202 0.04616205 0.01362695
v 0.02852465 0.04582740 0.01372675
v 0.03140259 0.04613890 0.00090458
v 0.03046558 0.04616881 -0.00773377
v 0.02806040 0.04618637 -0.01362464
v 0.02852399 0.04591617 -0.01365750
v 0.01756446 0.04752337 -0.00954053
v 0.02616409 0.04621070 -0.01545596
v 0.02719692 0.04625114 -0.01401708
v 0.01299548 0.04723756 -0.01829716
v 0.01458674 0.04628926 -0.02651124
v 0.00152169 0.04863380 -0.00339041
v 0.01131262 0.04796253 -0.00946464
v 0.00222124 0.04804773 -0.01373691
v 0.00509678 0.04857899 -0.00070955
v 0.00194689 0.04733608 -0.02160916
v -0.00029998 0.04631708 -0.03015656
v -0.00940625 0.04740522 -0.01863844
v -0.01605784 0.04618978 -0.02598966
v -0.01748308 0.04617253 -0.02583630
v -0.01401765 0.04625067 -0.02719709
v -0.02108099 0.04616605 -0.02325355
v -0.01672307 0.04740169 -0.01300342
v -0.02592056 0.04615270 -0.01729264
v -0.02593119 0.04628981 -0.01558998
v -0.00399916 0.04859902 -0.00050853
v -0.00977741 0.04809015 -0.00875832
v -0.02105638 0.04738881 -0.00097336
v -0.01436150 0.04797978 -0.00166566
v -0.01781070 0.04759751 0.00607929
v -0.00860670 0.04827609 0.00535314
v -0.01667094 0.04735549 0.01338027
v -0.02616421 0.04621069 0.01545577
v -0.02716874 0.04619184 0.01423556
v 0.01231983 0.04752250 0.01552661
v 0.02592063 0.04628619 0.01562172
v 0.01727546 0.04761126 0.00759749
v 0.02078657 0.04741531 0.00135006
v -0.01784926 0.04589735 -0.02609832
v -0.02604008 0.04592857 -0.01797777
v 0.03246861 0.04300015 0.01545199
v 0.02961119 0.04299996 0.02034367
v 0.00012421 0.04299882 0.03598572
v -0.03237632 0.04299987 0.01556449
v -0.02960798 0.04299990 0.02035828
v -0.03248871 0.04300064 -0.01544333
v -0.02961126 0.04299991 -0.02034587
v -0.02048245 0.04300052 -0.02956978
v -0.01556283 0.04299970 -0.03235178
v -0.00293918 0.04300019 -0.03583755
v 0.00270083 0.04299974 -0.03580447
v 0.01555502 0.04299969 -0.03236397
v 0.02038414 0.04300012 -0.02961804
v 0.03144556 0.04299957 -0.01741883
v 0.02964919 0.04299968 -0.02024094
v 0.03240820 0.04299978 -0.01547971
v -0.00280092 0.04299966 0.03580824
v -0.00297624 0.04360730 0.03583428
v 0.00268793 0.04299950 0.03578067
v -0.02962572 0.04364336 0.02012547
v -0.02643270 0.04361634 0.02446571
v -0.02089117 0.04361435 0.02930738
v -0.01455868 0.04360997 0.03294372
v -0.00749998 0.04361579 0.03520137
v -0.00326057 0.04489808 0.03306795
v -0.00267627 0.04566368 0.03159346
v -0.02685429 0.04499092 0.01925827
v -0.00158476 0.02999582 -0.03000331
v 0.00138626 0.03500006 -0.03001090
v 0.00684147 0.02999310 -0.02933512
v 0.00954701 0.03500006 -0.02856726
v 0.01366924 0.02961545 -0.02648308
v 0.01714081 0.03500006 -0.02467320
v 0.01746788 0.02999580 -0.02444548
v 0.02220110 0.03500006 -0.02024072
v 0.02234944 0.02952162 -0.01972480
v 0.02456138 0.02999581 -0.01730457
v 0.02695066 0.03500006 -0.01344977
v 0.02779618 0.02999582 -0.01140533
v 0.02956692 0.03500006 -0.00532657
v 0.02963719 0.02999582 -0.00493420
v 0.03001088 0.03500006 0.00138628
v 0.02974343 0.02955063 0.00215154
v 0.02894995 0.03500006 0.00802964
v 0.02841637 0.02961415 0.00921006
v 0.02643748 0.03500006 0.01427005
v 0.02624780 0.02999582 0.01462061
v 0.02259939 0.03500006 0.01979501
v 0.02215232 0.02957910 0.02003858
v 0.01638295 0.03500006 0.02527516
v 0.01835088 0.02956768 0.02344069
v 0.01409004 0.02964730 0.02633701
v 0.00860373 0.03500006 0.02878455
v 0.00656383 0.02999310 0.02939853
v 0.00198311 0.03500006 0.02997736
v -0.00210681 0.02961317 0.02977779
v -0.00473733 0.03500006 0.02966704
v -0.00841385 0.02999581 0.02884296
v -0.01268497 0.03500006 0.02731896
v -0.01462090 0.02999582 0.02624762
v -0.01979502 0.03500006 0.02259939
v -0.01913085 0.02954390 0.02279665
v -0.02288431 0.02962195 0.01924340
v -0.02527525 0.03500006 0.01638281
v -0.02634448 0.02999581 0.01444567
v -0.02878462 0.03500006 0.00860352
v -0.02867226 0.02957242 0.00826553
v -0.02997739 0.03500006 0.00198254
v -0.02979040 0.02953579 0.00118061
v -0.02966695 0.03500006 -0.00473782
v -0.02960369 0.02999581 -0.00513136
v -0.02786892 0.03500006 -0.01122042
v -0.02707719 0.02999311 -0.01319783
v -0.02467346 0.03500006 -0.01714047
v -0.02233609 0.02999581 -0.02009500
v -0.01910977 0.03500006 -0.02328199
v -0.01730480 0.02999583 -0.02456120
v -0.01301651 0.03500006 -0.02702909
v -0.01276629 0.02960344 -0.02691506
v -0.00711531 0.03500006 -0.02926782
v -0.00822154 0.02999582 -0.02889834
v 0.01971379 0.02950000 0.01749872
v 0.01357527 0.02950276 0.00792088
v 0.00649123 0.02950293 0.01431093
v 0.01551547 0.02950000 0.00085622
v 0.01449803 0.02950222 -0.00607910
v 0.00831124 0.02950163 -0.01334708
v 0.02869064 0.02949892 -0.00777215
v -0.00092230 0.02950072 -0.01571191
v 0.00151677 0.02950000 -0.02630732
v -0.00451100 0.02949972 -0.02938124
v 0.00699658 0.02949968 -0.02877973
v -0.00781539 0.02950015 -0.01343632
v -0.01232014 0.02950031 -0.00960273
v -0.01552008 0.02950006 -0.00007744
v -0.01496125 0.02950018 -0.00421933
v -0.02184580 0.02949948 -0.02015823
v -0.02842817 0.02949892 -0.00868323
v -0.02623189 0.02950000 0.00155557
v -0.01462510 0.02950217 0.00566324
v -0.00908897 0.02950157 0.01283471
v -0.01753772 0.02950000 0.01978969
v -0.00159441 0.02950000 0.02009537
v -0.00134917 0.02950024 0.01554687
v 0.00160515 0.02950000 0.02009259
v -0.00244194 0.02950000 0.02427988
v -0.00226238 0.02950000 0.02622750
v -0.00509462 0.02950000 0.02588553
v -0.00083585 0.02950000 0.02248762
v -0.00454487 0.02950000 0.02259787
v -0.01181174 0.02949940 0.02727764
v 0.00122741 0.02950000 0.02726242
v 0.00264673 0.02950000 0.02507381
v 0.00618314 0.02949981 0.02896556
v 0.00151190 0.02950000 0.02295161
v 0.00466269 0.02950000 0.02283541
v -0.00072023 0.02950000 0.02744192
v 0.02876826 0.04299999 -0.01517743
v 0.03038925 0.04300001 -0.01596556
v 0.03039821 0.04300002 -0.01740079
v 0.02929038 0.04300002 -0.01831044
v 0.02772542 0.04300001 -0.01764908
v 0.02756377 0.04300000 -0.01620256
v 0.02917546 0.04307441 -0.01970632
v 0.02818747 0.04299982 -0.01966362
v 0.02666903 0.04299998 -0.01870331
v 0.02594317 0.04299999 -0.01684880
v 0.03184225 0.04300003 -0.01554519
v 0.02681649 0.04300000 -0.01456806
v 0.02869295 0.04300006 -0.01374630
v 0.03064801 0.04299986 -0.01413780
v 0.02731490 0.04592500 -0.01422442
v 0.02590711 0.04609463 -0.01669772
v 0.02690831 0.04479081 -0.01897500
v 0.02622064 0.04542975 -0.01792663
v 0.02821429 0.04410431 -0.01974271
v 0.03182452 0.04350578 -0.01552134
v 0.03135350 0.04402017 -0.01471475
v 0.03048242 0.04448118 -0.01407709
v 0.02947254 0.04506312 -0.01373508
v 0.01794690 0.04300000 -0.02804237
v 0.01652994 0.04300000 -0.02743528
v 0.01825978 0.04300001 -0.02941678
v 0.01713257 0.04299999 -0.03052799
v 0.01550325 0.04300002 -0.03000194
v 0.01532605 0.04300000 -0.02842038
v 0.01528063 0.04299981 -0.03165919
v 0.01363579 0.04300003 -0.02899126
v 0.01479056 0.04300000 -0.02667230
v 0.01972361 0.04308785 -0.02930902
v 0.01684926 0.04299992 -0.02593615
v 0.01926738 0.04299978 -0.02710526
v 0.01634720 0.04611578 -0.02593353
v 0.01492575 0.04598185 -0.02660005
v 0.01408107 0.04599444 -0.02754085
v 0.01425018 0.04433348 -0.03082834
v 0.01525928 0.04342909 -0.03162686
v 0.01984950 0.04393065 -0.02860344
v 0.01935958 0.04448158 -0.02743166
v 0.01862509 0.04504422 -0.02661846
v -0.02925545 0.04299999 -0.01517743
v -0.02763445 0.04300002 -0.01596555
v -0.02786345 0.04300004 -0.01789447
v -0.02926351 0.04300001 -0.01824264
v -0.03029826 0.04300001 -0.01764910
v -0.03045993 0.04300000 -0.01620255
v -0.02938199 0.04300002 -0.01980339
v -0.03185285 0.04300002 -0.01555172
v -0.03112288 0.04299981 -0.01457918
v -0.02899132 0.04300003 -0.01363573
v -0.02667219 0.04300000 -0.01479069
v -0.02593616 0.04299992 -0.01684909
v -0.02710536 0.04299978 -0.01926752
v -0.03189204 0.04352347 -0.01557542
v -0.03105773 0.04402400 -0.01450096
v -0.02621723 0.04553495 -0.01791756
v -0.02628566 0.04598482 -0.01534961
v -0.02715490 0.04608845 -0.01432128
v -0.02874586 0.04538070 -0.01371747
v -0.03012412 0.04461021 -0.01392788
v -0.02930207 0.04345223 -0.01977812
v -0.02781950 0.04424147 -0.01959659
v -0.01555309 0.04300000 -0.02804237
v -0.01697006 0.04300000 -0.02743528
v -0.01524022 0.04300001 -0.02941679
v -0.01636744 0.04300000 -0.03052800
v -0.01799675 0.04300002 -0.03000194
v -0.01817396 0.04300000 -0.02842038
v -0.01545585 0.04300003 -0.03174818
v -0.01456829 0.04299999 -0.02681620
v -0.01374632 0.04300006 -0.02869293
v -0.01413792 0.04299986 -0.03064814
v -0.01986186 0.04299997 -0.02949494
v -0.01966361 0.04299981 -0.02818740
v -0.01870327 0.04299998 -0.02666900
v -0.01684854 0.04299999 -0.02594320
v -0.01977927 0.04344888 -0.02927201
v -0.01970395 0.04415427 -0.02811671
v -0.01422445 0.04592485 -0.02731491
v -0.01518878 0.04609215 -0.02639416
v -0.01721462 0.04594714 -0.02602006
v -0.01897514 0.04479073 -0.02690845
v -0.01553909 0.04350166 -0.03184601
v -0.01431609 0.04414115 -0.03087491
v -0.01373111 0.04508669 -0.02951547
v -0.00034717 0.04299998 -0.03192878
v 0.00137695 0.04300001 -0.03271499
v 0.00139412 0.04300001 -0.03412667
v 0.00055676 0.04300001 -0.03494236
v -0.00099487 0.04300001 -0.03473497
v -0.00151646 0.04299999 -0.03317612
v -0.00245349 0.04299997 -0.03547437
v -0.00053287 0.04300001 -0.03049622
v 0.00160681 0.04299995 -0.03087701
v 0.00286618 0.04299989 -0.03243671
v 0.00261432 0.04299960 -0.03500962
v -0.00293433 0.04299997 -0.03423199
v -0.00269672 0.04300012 -0.03193748
v 0.00155994 0.04600982 -0.03083944
v 0.00009187 0.04608537 -0.03045261
v -0.00149740 0.04607669 -0.03077974
v -0.00295239 0.04497297 -0.03259337
v -0.00298032 0.04404521 -0.03423713
v -0.00248633 0.04344887 -0.03524681
v 0.00291911 0.04395990 -0.03445069
v 0.00246046 0.04348654 -0.03535092
v 0.00303541 0.04466153 -0.03306619
v -0.02965305 0.04300001 0.01823315
v -0.02798814 0.04300001 0.01790627
v -0.02745736 0.04300001 0.01657103
v -0.02827529 0.04300001 0.01539262
v -0.02957831 0.04300001 0.01531329
v -0.03058345 0.04300001 0.01651782
v -0.02939458 0.04300002 0.01980964
v -0.03174828 0.04300003 0.01545595
v -0.02818746 0.04299980 0.01966365
v -0.02666898 0.04299998 0.01870321
v -0.02594383 0.04299999 0.01684333
v -0.02681627 0.04299999 0.01456824
v -0.02869275 0.04300006 0.01374649
v -0.03064787 0.04299985 0.01413784
v -0.02925837 0.04341422 0.01977112
v -0.02811676 0.04415421 0.01970393
v -0.02594795 0.04605000 0.01649126
v -0.02690835 0.04479084 0.01897508
v -0.03182487 0.04350592 0.01552144
v -0.03135235 0.04402096 0.01471349
v -0.03048105 0.04448191 0.01407644
v -0.02947062 0.04506412 0.01373479
v 0.03010533 0.04300001 0.01798025
v 0.03036500 0.04300001 0.01591764
v 0.02869247 0.04300001 0.01519378
v 0.02754716 0.04300001 0.01626039
v 0.02790199 0.04300001 0.01792433
v 0.02667216 0.04300000 0.01479072
v 0.02593616 0.04299992 0.01684907
v 0.02710498 0.04299977 0.01926714
v 0.02930890 0.04308774 0.01972363
v 0.03185290 0.04300002 0.01555165
v 0.03112289 0.04299981 0.01457922
v 0.02899133 0.04300003 0.01363586
v 0.02628559 0.04598479 0.01534974
v 0.02715474 0.04608846 0.01432139
v 0.02874587 0.04538004 0.01371774
v 0.03012398 0.04461029 0.01392780
v 0.03117549 0.04394389 0.01459592
v 0.03182675 0.04350919 0.01551882
v 0.02860284 0.04393096 0.01984945
v 0.02743099 0.04448197 0.01935915
v 0.02662493 0.04505166 0.01863901
v 0.00069987 0.04300001 0.03489954
v 0.00156196 0.04300001 0.03359370
v 0.00105282 0.04300001 0.03239319
v -0.00046219 0.04300001 0.03195168
v -0.00158804 0.04300001 0.03354426
v -0.00073650 0.04300001 0.03485744
v 0.00417974 0.03000480 0.01446495
v 0.00010763 0.02999829 0.01503458
v 0.00111380 0.04599942 0.01500409
v 0.00568413 0.04599926 0.01393020
v 0.00839624 0.03000358 0.01249810
v 0.00970107 0.04599915 0.01149979
v 0.01181101 0.03000252 0.00933721
v 0.01277340 0.04599907 0.00794927
v 0.01409731 0.03000164 0.00528434
v 0.01460158 0.04599906 0.00362469
v 0.01503692 0.02999694 0.00072397
v 0.01500760 0.04599909 -0.00105295
v 0.01453906 0.03000042 -0.00389849
v 0.01395179 0.04599917 -0.00562816
v 0.01265269 0.03000006 -0.00815106
v 0.01153714 0.04599929 -0.00965468
v 0.00955821 0.02999987 -0.01162373
v 0.00799883 0.04599950 -0.01274070
v 0.00555265 0.02999986 -0.01398466
v 0.00368060 0.04599969 -0.01458592
v -0.00006456 0.03001881 -0.01511963
v -0.00102808 0.04600646 -0.01500092
v -0.00579708 0.04600302 -0.01388279
v -0.00673008 0.03000250 -0.01354254
v -0.00979422 0.04600246 -0.01142007
v -0.01130841 0.03000123 -0.00993194
v -0.01283786 0.04600194 -0.00784477
v -0.01380328 0.03000109 -0.00600385
v -0.01463103 0.04600142 -0.00350564
v -0.01497749 0.03000006 -0.00151157
v -0.01499933 0.04600096 0.00117495
v -0.01451431 0.03000953 0.00427072
v -0.01390693 0.04600056 0.00574112
v -0.01146019 0.04600019 0.00974830
v -0.01174234 0.03000062 0.00942363
v -0.00789748 0.04599988 0.01280609
v -0.00830237 0.03000050 0.01256058
v -0.00356543 0.04599964 0.01461686
v -0.00406845 0.03000040 0.01449637
v -0.00447497 0.04604168 0.02980363
v -0.00469106 0.04499805 0.02964536
v -0.00245061 0.04498513 0.03104617
v -0.00578722 0.04626900 0.02814662
v -0.00623194 0.04500007 0.02693169
v -0.00645410 0.04632781 0.02605440
v -0.00647999 0.04500015 0.02371306
v -0.00652516 0.04671147 0.02428520
v -0.00608146 0.04673992 0.02259835
v -0.00463116 0.04499998 0.02034498
v -0.00497023 0.04712326 0.02069946
v -0.00335832 0.04717010 0.01939416
v -0.00113223 0.04499995 0.01848843
v -0.00144366 0.04728364 0.01861896
v 0.00071255 0.04737766 0.01847830
v 0.00216858 0.04500004 0.01884853
v 0.00230966 0.04734821 0.01885276
v 0.00461463 0.04499996 0.02033413
v 0.00399378 0.04729163 0.01975221
v 0.00545751 0.04699107 0.02136420
v 0.00652119 0.04499935 0.02380528
v 0.00611624 0.04697048 0.02248156
v 0.00657870 0.04644759 0.02513753
v 0.00616249 0.04499986 0.02714002
v 0.00597988 0.04625873 0.02771650
v 0.00468630 0.04611222 0.02963365
v 0.00460007 0.04499868 0.02972116
v 0.00243920 0.04498535 0.03105419
v -0.00097921 0.04500000 0.02792939
v 0.00056732 0.04495143 0.03025700
v 0.00135992 0.04500000 0.02773576
v -0.00113286 0.04500000 0.02212655
v -0.00304389 0.04500000 0.02427291
v -0.00258908 0.04500000 0.02657189
v 0.00292939 0.04500000 0.02597918
v 0.00263307 0.04500000 0.02338538
v 0.00097277 0.04500000 0.02213156
v 0.00029886 0.04199482 0.02187685
v 0.00252016 0.04199595 0.02325857
v 0.00302380 0.04199482 0.02583666
v 0.00127741 0.04199596 0.02778426
v -0.00053902 0.04199622 0.02798892
v -0.00217945 0.04199596 0.02715263
v -0.00309671 0.04199553 0.02497701
v -0.00215263 0.04199596 0.02282057
v 0.00067990 0.04147176 0.02745323
v 0.00223979 0.04146937 0.02626605
v 0.00227557 0.04145876 0.02365615
v -0.00048447 0.04145876 0.02240200
v -0.00242559 0.04146937 0.02414212
v -0.00236557 0.04147313 0.02588106
v -0.00126598 0.04146936 0.02723981
v -0.00409329 0.04700018 0.01350249
v -0.00572925 0.04700346 -0.01299874
v 0.00193054 0.04700134 -0.01397539
v -0.01157573 0.04700134 -0.00806485
v -0.01418299 0.04700346 -0.00079666
v -0.01244116 0.04700134 0.00665258
v -0.00896732 0.04700038 0.01080143
v 0.00926549 0.04700038 0.01054676
v 0.00362497 0.04700346 0.01373504
v 0.01269485 0.04700135 0.00615467
v 0.01413300 0.04700346 -0.00143183
v 0.01186625 0.04700038 -0.00750169
v 0.00806479 0.04700134 -0.01157578
v 0.03082898 0.03504567 0.00422781
v 0.03071695 0.03503900 -0.00436363
v 0.02847946 0.03503217 -0.01247080
v 0.02295437 0.03503232 -0.02096947
v 0.01764711 0.03504100 -0.02546508
v 0.01297826 0.03503909 -0.02818197
v 0.00648939 0.03503826 -0.03033889
v -0.00016799 0.03503988 -0.03101798
v -0.00857741 0.03503242 -0.02988414
v -0.01632569 0.03503974 -0.02638436
v -0.02169645 0.03503798 -0.02217444
v -0.02596411 0.03503507 -0.01696863
v -0.02901995 0.03503632 -0.01095779
v -0.03095955 0.03503166 -0.00284736
v 0.02763078 0.03503121 0.01425024
v 0.02150658 0.03503123 0.02244989
v 0.01458616 0.03503196 0.02736712
v 0.00656566 0.03503122 0.03038785
v -0.00010466 0.03503271 0.03096536
v -0.00703151 0.03503122 0.03028343
v -0.01493295 0.03503196 0.02717947
v -0.02051509 0.03503196 0.02325612
v -0.02510426 0.03503196 0.01820694
v -0.02847819 0.03503195 0.01227633
v -0.03047352 0.03503196 0.00575157
v 0.00327706 0.04605524 0.03100344
v -0.00324050 0.04601245 0.03095901
v -0.00255149 0.04361922 0.03559612
f 1 2 3
f 3 4 1
f 1 4 5
f 1 5 6
f 5 7 6
f 6 7 8
f 8 7 9
f 9 7 10
f 9 10 11
f 9 11 12
f 11 13 12
f 12 13 14
f 13 15 14
f 14 15 2
f 2 15 3
f 16 17 9
f 18 19 16
f 16 9 18
f 11 20 21
f 22 3 21
f 20 22 21
f 20 10 7
f 20 7 22
f 7 5 22
f 22 5 4
f 22 4 3
f 3 15 21
f 15 13 21
f 21 13 11
f 11 10 20
f 8 9 17
f 8 17 6
f 6 17 16
f 6 16 1
f 1 16 2
f 2 16 19
f 2 19 14
f 14 19 12
f 12 19 18
f 12 18 9
f 23 24 25
f 25 24 26
f 24 27 26
f 26 27 28
f 27 29 28
f 28 29 30
f 30 29 31
f 30 31 32
f 31 33 32
f 32 33 34
f 33 35 34
f 34 35 36
f 36 35 23
f 36 23 25
f 37 28 30
f 37 26 28
f 36 26 37
f 38 39 40
f 41 39 38
f 42 41 38
f 40 31 29
f 40 29 38
f 29 27 38
f 38 27 42
f 27 24 42
f 24 23 42
f 42 23 35
f 42 35 41
f 35 33 41
f 41 33 39
f 33 31 39
f 39 31 40
f 25 26 36
f 34 36 37
f 34 37 32
f 32 37 30
f 43 44 45
f 44 46 45
f 45 46 47
f 45 47 48
f 48 47 49
f 48 49 50
f 50 49 51
f 52 53 54
f 54 53 55
f 54 55 51
f 51 55 50
f 54 56 57
f 52 54 57
f 52 57 58
f 59 58 60
f 58 57 61
f 58 61 60
f 62 60 61
f 60 62 63
f 60 63 64
f 65 64 63
f 64 65 66
f 66 65 67
f 67 68 66
f 66 68 69
f 70 66 69
f 71 72 73
f 74 46 75
f 75 46 44
f 75 44 72
f 75 72 76
f 76 72 71
f 76 71 77
f 78 79 77
f 78 77 71
f 79 78 80
f 79 80 81
f 82 80 83
f 82 84 80
f 80 84 85
f 80 85 86
f 80 86 81
f 87 88 89
f 87 89 90
f 90 89 91
f 91 89 92
f 91 92 93
f 93 92 94
f 93 94 95
f 95 94 96
f 95 96 87
f 87 96 88
f 97 98 99
f 100 101 102
f 103 104 97
f 102 105 100
f 101 106 102
f 97 99 107
f 105 102 108
f 109 110 97
f 109 97 104
f 107 103 97
f 106 111 112
f 112 111 113
f 114 111 101
f 107 115 103
f 116 117 110
f 116 110 118
f 118 110 119
f 110 109 119
f 118 119 120
f 106 101 111
f 99 98 121
f 121 98 105
f 121 105 122
f 105 108 122
f 122 108 123
f 111 114 124
f 124 114 117
f 124 117 116
f 123 125 122
f 126 127 120
f 120 127 118
f 115 107 128
f 128 107 129
f 130 131 132
f 131 133 132
f 134 126 135
f 134 135 130
f 130 135 136
f 130 136 131
f 132 133 137
f 132 137 129
f 129 137 128
f 127 126 134
f 138 139 123
f 123 139 125
f 140 141 142
f 140 142 83
f 83 142 82
f 140 143 144
f 144 141 140
f 141 145 142
f 142 145 146
f 147 66 70
f 70 148 147
f 147 148 149
f 149 148 150
f 149 150 151
f 147 152 153
f 147 149 152
f 154 155 156
f 154 156 157
f 158 159 160
f 155 154 161
f 158 162 163
f 158 163 156
f 156 163 157
f 162 158 160
f 164 165 166
f 159 155 161
f 160 167 168
f 160 168 63
f 63 168 169
f 164 166 154
f 170 171 169
f 159 161 167
f 165 164 170
f 165 170 169
f 165 169 168
f 154 166 161
f 160 159 167
f 172 173 174
f 174 173 175
f 174 175 176
f 176 175 177
f 176 177 178
f 178 177 179
f 178 179 180
f 178 180 181
f 181 180 182
f 181 182 183
f 183 182 184
f 183 184 185
f 185 184 186
f 185 186 187
f 185 187 188
f 188 187 189
f 188 189 190
f 188 190 191
f 191 190 192
f 192 190 193
f 192 193 194
f 194 193 173
f 194 173 172
f 178 195 176
f 176 195 196
f 176 196 197
f 176 197 174
f 174 197 198
f 174 198 172
f 172 198 199
f 172 199 194
f 194 199 200
f 194 200 192
f 192 200 201
f 192 201 191
f 191 201 202
f 191 202 188
f 188 202 203
f 188 203 185
f 185 203 204
f 185 204 183
f 183 204 205
f 183 205 181
f 181 205 206
f 181 206 178
f 178 206 195
f 207 179 208
f 208 179 177
f 208 177 209
f 209 177 175
f 209 175 210
f 210 175 173
f 210 173 211
f 211 173 212
f 212 173 193
f 212 193 213
f 213 193 214
f 214 193 190
f 214 190 215
f 215 190 216
f 216 190 189
f 216 189 217
f 217 189 187
f 217 187 218
f 218 187 186
f 218 186 219
f 219 186 184
f 219 184 220
f 220 184 221
f 221 184 182
f 221 182 222
f 222 182 180
f 222 180 207
f 207 180 179
f 223 224 225
f 223 225 226
f 226 225 227
f 226 227 228
f 228 227 229
f 229 227 230
f 229 230 231
f 231 230 232
f 231 232 233
f 231 233 234
f 234 233 235
f 234 235 236
f 236 235 237
f 236 237 238
f 238 237 239
f 238 239 240
f 238 240 241
f 241 240 242
f 242 240 243
f 242 243 244
f 242 244 245
f 245 244 246
f 246 244 247
f 246 247 248
f 246 248 249
f 249 248 250
f 249 250 251
f 251 250 252
f 251 252 253
f 253 252 254
f 253 254 255
f 255 254 256
f 255 256 257
f 257 256 258
f 257 258 259
f 259 258 260
f 259 260 261
f 261 260 262
f 261 262 263
f 263 262 264
f 263 264 265
f 265 264 266
f 265 266 267
f 267 266 268
f 267 268 269
f 267 269 270
f 270 269 224
f 270 224 223
f 271 272 273
f 273 272 274
f 273 274 275
f 275 276 273
f 273 276 277
f 278 279 277
f 278 277 276
f 279 278 280
f 281 282 279
f 281 279 280
f 282 281 283
f 284 285 283
f 283 285 282
f 286 287 285
f 286 285 284
f 287 286 288
f 289 290 288
f 288 290 287
f 290 289 291
f 292 293 291
f 291 293 290
f 293 292 294
f 294 295 293
f 295 294 296
f 297 298 299
f 299 298 295
f 299 295 296
f 298 297 300
f 301 302 300
f 300 302 298
f 302 301 303
f 304 305 302
f 304 302 303
f 305 304 306
f 307 308 309
f 309 308 305
f 309 305 306
f 308 307 310
f 308 310 311
f 311 310 312
f 311 312 313
f 311 313 314
f 311 314 315
f 315 314 316
f 315 316 271
f 271 316 272
f 317 234 318
f 318 234 236
f 234 317 319
f 234 319 231
f 319 320 231
f 231 320 321
f 322 231 321
f 231 322 229
f 323 229 324
f 324 229 322
f 229 323 228
f 228 323 325
f 326 226 325
f 325 226 228
f 226 326 327
f 328 223 327
f 327 223 226
f 223 328 329
f 330 270 329
f 329 270 223
f 270 330 331
f 332 267 331
f 331 267 270
f 267 332 333
f 334 265 333
f 333 265 267
f 335 263 265
f 335 265 334
f 263 335 336
f 337 261 263
f 337 263 336
f 261 337 338
f 339 259 261
f 339 261 338
f 259 339 340
f 341 257 342
f 342 257 259
f 342 259 340
f 343 255 257
f 343 257 341
f 255 343 344
f 345 253 255
f 345 255 344
f 253 345 346
f 347 251 346
f 346 251 253
f 251 347 348
f 349 249 348
f 348 249 251
f 350 246 351
f 351 246 249
f 351 249 349
f 246 350 352
f 353 245 352
f 352 245 246
f 245 353 354
f 355 242 354
f 354 242 245
f 242 355 356
f 356 357 242
f 242 357 241
f 241 357 358
f 359 238 358
f 358 238 241
f 238 359 360
f 360 361 238
f 238 361 236
f 236 361 318
f 362 363 364
f 364 363 365
f 364 365 366
f 366 365 367
f 366 367 368
f 366 368 369
f 369 368 370
f 370 368 371
f 370 371 372
f 372 371 373
f 372 373 374
f 372 374 375
f 375 374 376
f 376 374 377
f 376 377 363
f 376 363 362
f 196 378 379
f 196 379 197
f 197 379 380
f 197 380 198
f 198 380 381
f 198 381 199
f 199 381 382
f 199 382 200
f 200 382 201
f 201 382 383
f 201 383 202
f 202 383 384
f 202 384 203
f 203 384 385
f 203 385 204
f 204 385 386
f 204 386 205
f 205 386 387
f 205 387 388
f 205 388 206
f 206 388 389
f 206 389 195
f 195 389 378
f 195 378 196
f 390 93 95
f 390 95 391
f 91 392 90
f 90 392 393
f 391 95 87
f 391 87 394
f 394 87 393
f 393 87 90
f 93 390 395
f 93 395 91
f 91 395 392
f 395 390 396
f 397 398 399
f 395 400 392
f 401 402 403
f 403 402 404
f 402 405 404
f 405 406 404
f 406 153 152
f 406 152 404
f 143 407 144
f 144 407 408
f 409 410 411
f 407 412 408
f 412 409 408
f 408 409 411
f 413 414 415
f 415 414 416
f 417 418 419
f 415 419 418
f 413 415 418
f 417 420 421
f 417 421 418
f 420 422 421
f 422 423 421
f 423 424 425
f 425 424 426
f 425 426 427
f 426 428 427
f 427 428 429
f 163 162 430
f 430 162 431
f 163 430 157
f 157 430 432
f 432 154 157
f 433 434 164
f 164 434 435
f 154 433 164
f 164 435 170
f 436 170 437
f 437 170 435
f 171 170 436
f 171 436 438
f 38 439 440
f 38 441 439
f 38 442 443
f 440 442 38
f 444 445 446
f 447 445 444
f 444 448 447
f 444 449 448
f 444 446 449
f 21 450 451
f 21 452 450
f 21 453 452
f 21 454 453
f 21 455 454
f 451 455 21
f 456 457 458
f 456 459 457
f 456 460 459
f 456 458 461
f 462 463 464
f 462 464 465
f 466 467 468
f 468 467 469
f 470 471 472
f 472 471 473
f 474 475 476
f 476 475 477
f 235 478 237
f 237 478 479
f 233 480 235
f 235 480 478
f 232 481 233
f 233 481 480
f 230 482 232
f 232 482 481
f 227 483 230
f 230 483 482
f 227 484 483
f 225 485 227
f 227 485 484
f 224 486 225
f 225 486 485
f 224 487 486
f 269 487 224
f 269 488 487
f 268 489 269
f 269 489 488
f 266 490 268
f 268 490 489
f 264 491 266
f 266 491 490
f 262 492 264
f 264 492 491
f 262 493 492
f 260 494 262
f 262 494 493
f 258 495 260
f 260 495 494
f 256 496 258
f 258 496 495
f 256 497 496
f 254 498 256
f 256 498 497
f 252 499 254
f 254 499 498
f 250 500 252
f 252 500 499
f 248 501 250
f 250 501 500
f 247 502 248
f 248 502 501
f 247 503 502
f 244 503 247
f 244 504 503
f 243 505 244
f 244 505 504
f 243 506 505
f 240 506 243
f 240 507 506
f 239 508 240
f 240 508 507
f 237 479 508
f 237 508 239
f 408 411 144
f 152 403 404
f 67 171 438
f 57 431 162
f 75 429 428
f 429 509 510
f 425 511 512
f 511 425 427
f 510 511 429
f 429 511 427
f 513 510 509
f 425 512 423
f 514 423 515
f 509 515 513
f 423 514 421
f 514 516 421
f 517 509 518
f 423 512 513
f 423 513 515
f 413 418 421
f 517 518 413
f 517 413 421
f 517 421 516
f 518 414 413
f 416 81 86
f 414 81 416
f 274 272 519
f 519 272 520
f 275 274 519
f 276 275 519
f 306 304 521
f 281 522 283
f 522 523 283
f 288 524 525
f 292 526 294
f 526 527 294
f 294 527 296
f 296 527 299
f 299 528 297
f 297 528 300
f 301 521 303
f 281 280 522
f 276 280 278
f 283 523 284
f 286 284 523
f 289 288 525
f 524 286 523
f 286 524 288
f 289 525 291
f 528 301 300
f 303 521 304
f 307 309 310
f 312 310 529
f 520 272 530
f 530 314 531
f 530 272 316
f 530 316 314
f 531 313 529
f 529 313 312
f 531 314 313
f 320 319 321
f 323 324 325
f 334 333 335
f 350 351 352
f 372 532 370
f 370 532 533
f 370 533 369
f 366 534 364
f 535 362 534
f 534 362 364
f 532 372 375
f 376 362 535
f 363 536 365
f 365 536 537
f 365 537 367
f 368 538 371
f 539 373 538
f 538 373 371
f 536 363 377
f 374 373 539
f 378 540 541
f 378 541 379
f 379 541 542
f 379 542 380
f 380 542 543
f 380 543 381
f 381 543 544
f 381 544 382
f 382 544 545
f 382 545 546
f 382 546 383
f 383 546 384
f 384 546 547
f 384 547 548
f 384 548 385
f 385 548 549
f 385 549 386
f 386 549 550
f 386 550 387
f 387 550 388
f 388 550 551
f 388 551 552
f 388 552 389
f 389 552 540
f 389 540 378
f 151 553 401
f 554 406 555
f 555 406 556
f 556 406 557
f 557 406 405
f 557 405 558
f 558 405 559
f 559 405 560
f 560 405 402
f 560 402 561
f 561 402 562
f 562 402 563
f 563 402 401
f 563 401 553
f 564 565 566
f 567 153 568
f 568 153 554
f 554 153 406
f 569 570 566
f 566 570 564
f 569 566 147
f 569 147 571
f 571 147 567
f 567 147 153
f 572 143 140
f 573 407 574
f 574 407 143
f 574 143 572
f 572 140 575
f 575 140 576
f 140 577 576
f 576 577 578
f 578 577 579
f 578 579 580
f 581 410 409
f 581 409 582
f 582 409 583
f 583 409 584
f 584 409 412
f 584 412 585
f 585 412 586
f 586 412 587
f 587 412 588
f 588 412 407
f 588 407 589
f 589 407 590
f 590 407 573
f 145 410 581
f 416 85 415
f 415 85 591
f 592 417 593
f 593 417 594
f 594 417 595
f 595 417 419
f 595 419 596
f 596 419 597
f 597 419 598
f 598 419 415
f 598 415 599
f 599 415 600
f 600 415 601
f 601 415 591
f 602 424 603
f 603 424 423
f 603 423 604
f 604 423 605
f 605 423 422
f 605 422 606
f 606 422 607
f 417 592 420
f 420 592 608
f 420 608 609
f 420 609 607
f 420 607 422
f 610 426 611
f 611 426 612
f 612 426 613
f 613 426 614
f 614 426 615
f 615 426 424
f 615 424 616
f 616 424 617
f 617 424 618
f 618 424 619
f 619 424 602
f 426 610 428
f 428 610 74
f 431 56 430
f 430 56 620
f 621 432 622
f 622 432 623
f 623 432 624
f 624 432 625
f 625 432 626
f 626 432 430
f 626 430 627
f 627 430 628
f 628 430 629
f 629 430 630
f 630 430 620
f 631 435 632
f 632 435 434
f 632 434 633
f 633 434 634
f 634 434 635
f 635 434 433
f 635 433 636
f 636 433 154
f 636 154 637
f 637 154 638
f 638 154 621
f 621 154 432
f 639 436 640
f 640 436 641
f 641 436 642
f 642 436 437
f 642 437 643
f 643 437 644
f 644 437 645
f 645 437 646
f 646 437 647
f 647 437 435
f 647 435 648
f 648 435 631
f 436 639 438
f 438 639 68
f 649 650 651
f 651 650 652
f 651 652 653
f 653 652 654
f 653 654 655
f 653 655 656
f 656 655 657
f 656 657 649
f 649 657 650
f 512 658 513
f 513 658 659
f 513 659 510
f 510 659 660
f 510 660 661
f 510 661 511
f 511 661 662
f 511 662 512
f 512 662 663
f 512 663 658
f 158 664 665
f 158 665 159
f 159 665 666
f 159 666 155
f 155 666 667
f 155 667 156
f 156 667 668
f 156 668 664
f 156 664 158
f 669 670 671
f 671 670 672
f 671 672 673
f 671 673 674
f 674 673 675
f 674 675 676
f 676 675 677
f 676 677 669
f 669 677 670
f 440 678 679
f 440 679 442
f 442 679 680
f 442 680 443
f 443 680 681
f 443 681 682
f 443 682 38
f 38 682 683
f 38 683 441
f 441 683 439
f 439 683 684
f 439 684 678
f 439 678 440
f 448 685 686
f 448 686 447
f 447 686 687
f 447 687 688
f 447 688 445
f 445 688 446
f 446 688 689
f 446 689 690
f 446 690 449
f 449 690 691
f 449 691 448
f 448 691 685
f 451 692 693
f 451 693 455
f 455 693 694
f 455 694 695
f 455 695 454
f 454 695 696
f 454 696 453
f 453 696 697
f 453 697 698
f 453 698 452
f 452 698 699
f 452 699 450
f 450 699 692
f 450 692 451
f 460 700 459
f 459 700 701
f 459 701 457
f 457 701 702
f 457 702 458
f 458 702 703
f 458 703 704
f 458 704 461
f 461 704 705
f 461 705 456
f 456 705 700
f 456 700 460
f 706 707 462
f 462 707 463
f 463 707 464
f 464 707 708
f 464 708 709
f 709 710 464
f 464 710 465
f 465 710 462
f 462 710 706
f 711 712 466
f 466 712 467
f 467 712 469
f 469 712 713
f 713 714 469
f 469 714 468
f 468 714 711
f 468 711 466
f 715 716 470
f 470 716 471
f 471 716 473
f 473 716 717
f 473 717 718
f 718 719 473
f 473 719 472
f 472 719 470
f 470 719 715
f 720 721 474
f 474 721 475
f 475 721 477
f 477 721 722
f 722 723 477
f 477 723 476
f 476 723 720
f 476 720 474
f 724 493 494
f 724 494 495
f 724 495 496
f 503 504 505
f 482 483 481
f 488 489 490
f 68 67 438
f 57 56 431
f 74 75 428
f 85 416 86
f 361 725 318
f 319 725 321
f 324 726 325
f 325 726 727
f 325 727 728
f 325 728 326
f 326 728 327
f 327 728 328
f 330 728 331
f 331 728 332
f 330 329 728
f 728 329 328
f 361 531 725
f 319 317 725
f 725 317 318
f 726 324 322
f 726 322 725
f 725 322 321
f 530 361 360
f 530 360 520
f 520 360 359
f 361 530 531
f 729 333 728
f 728 333 332
f 336 335 729
f 729 335 333
f 338 337 729
f 729 337 336
f 520 359 358
f 521 729 306
f 529 725 531
f 729 521 301
f 338 526 292
f 725 529 729
f 338 292 291
f 729 301 528
f 729 528 299
f 729 299 338
f 338 299 527
f 529 310 729
f 347 346 534
f 338 527 526
f 729 310 309
f 532 276 519
f 532 519 520
f 524 535 525
f 340 339 535
f 291 525 338
f 338 525 535
f 338 535 339
f 729 309 306
f 344 534 345
f 345 534 346
f 354 353 533
f 533 532 520
f 340 535 342
f 342 535 341
f 535 524 523
f 535 523 376
f 376 523 375
f 375 523 522
f 375 522 532
f 522 280 532
f 532 280 276
f 534 344 343
f 534 343 535
f 535 343 341
f 355 533 520
f 355 520 356
f 356 520 357
f 357 520 358
f 347 534 348
f 354 533 355
f 348 534 366
f 348 366 349
f 349 366 351
f 351 366 369
f 351 369 352
f 352 369 533
f 352 533 353
f 608 699 609
f 151 150 684
f 480 679 478
f 730 731 578
f 491 732 490
f 492 733 491
f 709 708 733
f 709 733 574
f 574 710 709
f 575 706 572
f 572 706 710
f 491 707 732
f 733 708 707
f 733 707 491
f 707 706 732
f 699 711 609
f 606 714 605
f 496 712 699
f 712 711 699
f 609 711 607
f 607 711 606
f 606 711 714
f 734 713 497
f 713 712 497
f 497 712 496
f 734 714 713
f 718 717 735
f 718 735 632
f 636 715 635
f 632 719 718
f 635 715 634
f 634 715 719
f 634 719 633
f 507 735 506
f 716 736 506
f 735 717 506
f 506 717 716
f 716 715 736
f 679 721 680
f 680 720 568
f 721 720 680
f 568 720 567
f 567 720 571
f 571 720 723
f 679 480 721
f 480 722 721
f 571 723 737
f 737 723 722
f 738 507 68
f 738 68 702
f 479 69 508
f 508 69 68
f 508 68 507
f 507 738 739
f 735 739 705
f 507 739 735
f 735 705 704
f 735 704 632
f 740 741 506
f 506 741 505
f 620 56 741
f 741 742 620
f 620 742 630
f 630 742 629
f 742 627 628
f 742 628 629
f 742 625 626
f 742 626 627
f 505 741 56
f 505 56 54
f 505 54 503
f 503 54 51
f 503 51 502
f 502 51 49
f 502 49 501
f 603 743 663
f 610 611 744
f 744 611 612
f 663 602 603
f 602 663 619
f 619 663 618
f 618 663 744
f 618 744 617
f 612 613 744
f 744 613 614
f 744 614 615
f 744 615 616
f 744 616 617
f 74 661 498
f 74 498 46
f 46 498 499
f 46 499 47
f 47 499 500
f 610 744 74
f 74 744 661
f 745 743 603
f 498 661 660
f 498 660 497
f 497 746 747
f 497 660 746
f 746 660 743
f 743 745 746
f 497 747 734
f 699 698 496
f 496 698 696
f 496 696 724
f 696 695 724
f 724 695 85
f 84 724 85
f 724 84 493
f 146 748 492
f 146 492 493
f 492 748 689
f 492 689 733
f 733 689 749
f 733 749 750
f 733 750 574
f 751 490 752
f 751 752 753
f 754 731 753
f 753 731 751
f 490 751 755
f 490 755 488
f 488 755 487
f 124 486 487
f 580 756 578
f 578 756 730
f 487 755 124
f 124 755 756
f 757 111 124
f 756 580 124
f 124 580 757
f 564 758 759
f 737 722 480
f 737 480 481
f 760 481 761
f 484 485 124
f 124 485 486
f 483 759 762
f 483 762 481
f 481 762 761
f 116 130 124
f 124 130 763
f 124 763 564
f 759 483 484
f 759 484 124
f 759 124 564
f 679 678 478
f 478 678 684
f 69 479 150
f 150 479 684
f 478 684 479
f 754 764 578
f 731 754 578
f 578 764 576
f 576 764 765
f 572 710 574
f 574 750 573
f 145 581 748
f 748 581 582
f 748 582 583
f 748 583 685
f 685 583 584
f 146 145 748
f 573 750 685
f 573 685 590
f 590 685 589
f 584 585 685
f 685 585 586
f 685 586 587
f 685 587 588
f 685 588 589
f 493 84 766
f 493 766 146
f 146 766 767
f 767 654 146
f 768 767 766
f 769 770 654
f 654 770 771
f 654 771 146
f 768 766 772
f 768 772 773
f 769 774 775
f 769 776 777
f 769 777 770
f 769 778 779
f 769 779 776
f 769 775 780
f 769 780 781
f 769 781 778
f 782 783 784
f 782 784 785
f 773 786 768
f 768 786 787
f 768 787 782
f 787 788 782
f 782 788 789
f 782 789 790
f 782 790 791
f 782 791 783
f 769 782 792
f 792 782 785
f 774 769 792
f 693 692 592
f 608 692 699
f 695 694 85
f 85 694 591
f 591 694 601
f 693 597 598
f 693 598 694
f 694 598 599
f 694 599 600
f 694 600 601
f 592 692 608
f 592 593 693
f 693 593 594
f 693 594 595
f 693 595 596
f 693 596 597
f 604 605 745
f 604 745 603
f 714 734 793
f 714 793 605
f 47 500 501
f 47 501 49
f 794 621 622
f 794 622 623
f 794 623 742
f 742 623 624
f 742 624 625
f 621 794 638
f 715 795 736
f 638 796 637
f 637 796 797
f 637 797 636
f 636 797 715
f 715 797 795
f 633 719 632
f 632 704 798
f 632 798 631
f 702 644 798
f 798 644 645
f 631 798 648
f 648 798 647
f 647 798 646
f 646 798 645
f 68 639 702
f 702 639 640
f 702 640 641
f 702 641 642
f 702 642 643
f 702 643 644
f 150 799 69
f 800 69 799
f 801 802 803
f 672 804 805
f 672 805 673
f 800 806 807
f 800 807 808
f 800 808 809
f 800 809 69
f 801 810 800
f 800 810 811
f 800 811 806
f 801 803 812
f 801 812 813
f 801 813 810
f 802 801 814
f 673 815 801
f 801 815 814
f 805 816 673
f 673 816 817
f 673 817 818
f 673 818 815
f 672 819 820
f 672 820 804
f 799 150 672
f 672 150 821
f 672 821 822
f 672 822 823
f 672 823 819
f 683 151 684
f 553 683 563
f 682 558 559
f 682 559 560
f 682 560 683
f 683 560 561
f 683 561 562
f 683 562 563
f 568 681 680
f 681 568 554
f 681 554 682
f 553 151 683
f 558 682 557
f 557 682 556
f 556 682 555
f 555 682 554
f 569 824 570
f 825 570 824
f 570 758 564
f 760 761 824
f 824 761 825
f 825 758 570
f 116 134 130
f 826 111 757
f 571 737 827
f 827 828 571
f 571 828 569
f 760 737 481
f 732 706 575
f 732 575 829
f 576 765 575
f 575 765 829
f 732 829 752
f 732 752 490
f 794 666 638
f 638 666 796
f 506 736 830
f 796 666 830
f 830 666 740
f 830 740 506
f 831 832 833
f 831 833 834
f 834 833 835
f 834 835 836
f 836 835 837
f 836 837 838
f 838 837 839
f 838 839 840
f 841 840 842
f 841 842 831
f 831 842 832
f 821 843 822
f 822 843 823
f 823 843 819
f 819 843 820
f 820 843 804
f 804 843 805
f 805 843 844
f 805 844 816
f 816 844 817
f 817 844 818
f 818 844 815
f 843 821 148
f 148 821 150
f 814 845 802
f 802 845 803
f 803 845 812
f 812 845 813
f 813 845 810
f 810 845 846
f 810 846 811
f 811 846 806
f 806 846 807
f 807 846 808
f 808 846 809
f 69 847 70
f 809 846 69
f 69 846 847
f 844 845 815
f 815 845 814
f 772 848 773
f 773 848 786
f 786 848 787
f 787 848 849
f 787 849 788
f 788 849 789
f 789 849 790
f 790 849 791
f 791 849 783
f 783 849 784
f 784 849 785
f 850 766 84
f 850 84 82
f 766 850 772
f 772 850 848
f 792 851 774
f 774 851 775
f 775 851 780
f 780 851 781
f 781 851 852
f 781 852 778
f 778 852 779
f 779 852 776
f 776 852 777
f 777 852 770
f 770 852 771
f 771 852 146
f 146 852 142
f 849 851 785
f 785 851 792
f 55 552 551
f 542 541 853
f 854 855 549
f 71 548 78
f 541 540 853
f 853 540 55
f 55 540 552
f 550 539 551
f 546 140 547
f 547 140 83
f 547 83 80
f 547 80 548
f 548 80 78
f 140 546 545
f 543 542 853
f 548 856 549
f 549 856 854
f 545 544 140
f 140 544 853
f 853 544 543
f 538 55 551
f 538 551 539
f 549 855 857
f 71 73 856
f 857 43 45
f 857 537 536
f 536 550 549
f 71 856 548
f 536 377 550
f 377 374 550
f 550 374 539
f 549 857 536
f 45 537 857
f 537 45 367
f 367 45 48
f 367 48 50
f 367 50 368
f 368 50 538
f 538 50 55
f 121 858 853
f 853 858 859
f 860 861 140
f 859 860 853
f 853 860 140
f 140 861 862
f 140 862 577
f 863 579 864
f 864 579 865
f 577 862 865
f 577 865 579
f 139 863 122
f 122 863 121
f 863 864 121
f 121 864 858
f 866 867 868
f 869 870 147
f 871 872 873
f 871 853 147
f 121 874 868
f 870 872 147
f 147 872 871
f 853 871 875
f 875 874 853
f 853 874 121
f 147 876 869
f 566 877 876
f 566 876 147
f 868 867 878
f 868 878 121
f 565 879 566
f 566 879 877
f 121 878 879
f 132 121 880
f 880 121 879
f 121 132 99
f 99 132 129
f 879 565 880
f 147 881 66
f 881 882 66
f 66 882 64
f 64 882 60
f 55 53 883
f 882 884 60
f 60 884 59
f 55 885 886
f 853 887 888
f 885 55 883
f 889 884 885
f 885 884 882
f 55 886 853
f 853 886 887
f 883 889 885
f 890 147 853
f 890 853 888
f 147 890 881
f 112 113 891
f 891 113 892
f 893 166 795
f 795 166 165
f 795 165 168
f 795 168 894
f 894 168 895
f 895 168 167
f 895 167 896
f 896 167 161
f 896 161 796
f 796 161 893
f 893 161 166
f 753 897 898
f 898 897 899
f 898 899 764
f 764 899 900
f 764 900 765
f 765 900 829
f 829 900 901
f 829 901 902
f 902 901 903
f 902 903 753
f 753 903 897
f 903 899 897
f 903 900 899
f 903 901 900
f 746 509 747
f 747 509 904
f 904 509 517
f 904 517 905
f 905 517 516
f 905 516 906
f 906 516 514
f 906 514 907
f 907 514 515
f 907 515 745
f 745 515 746
f 746 515 509
f 828 908 909
f 909 908 910
f 909 910 911
f 909 911 912
f 912 911 913
f 913 911 914
f 913 914 915
f 913 915 916
f 916 915 908
f 916 908 828
f 915 910 908
f 911 910 915
f 915 914 911
f 917 918 919
f 918 920 919
f 920 921 919
f 919 921 922
f 922 917 919
f 917 759 918
f 918 759 923
f 918 923 920
f 920 923 924
f 920 924 921
f 921 924 925
f 921 925 922
f 922 925 926
f 922 926 917
f 917 926 759
f 927 928 929
f 928 930 929
f 930 931 929
f 931 932 929
f 932 927 929
f 927 731 730
f 927 730 928
f 928 730 933
f 928 933 930
f 930 933 931
f 931 933 934
f 931 934 932
f 932 934 751
f 932 751 927
f 927 751 731
f 730 756 933
f 933 756 755
f 933 755 934
f 934 755 751
f 923 759 758
f 923 758 924
f 924 758 825
f 924 825 925
f 925 825 761
f 925 761 926
f 926 761 762
f 926 762 759
f 670 799 672
f 675 673 801
f 675 801 800
f 675 800 677
f 677 800 799
f 677 799 670
f 700 739 701
f 701 739 738
f 701 738 702
f 703 702 798
f 703 798 704
f 705 739 700
f 895 830 736
f 895 736 894
f 894 736 795
f 893 795 797
f 893 797 796
f 896 796 830
f 896 830 895
f 664 741 665
f 665 741 740
f 665 740 666
f 667 666 794
f 667 794 668
f 668 794 742
f 668 742 664
f 664 742 741
f 658 743 659
f 659 743 660
f 662 661 744
f 662 744 663
f 658 663 743
f 905 605 793
f 905 793 904
f 904 793 734
f 904 734 747
f 907 745 605
f 907 605 906
f 906 605 905
f 697 696 698
f 650 782 769
f 650 769 652
f 652 769 654
f 654 767 655
f 655 767 768
f 655 768 657
f 657 768 782
f 657 782 650
f 686 685 750
f 686 750 687
f 687 750 749
f 687 749 688
f 688 749 689
f 690 689 748
f 690 748 691
f 691 748 685
f 898 764 754
f 898 754 753
f 753 752 902
f 902 752 829
f 913 760 824
f 913 824 912
f 912 824 909
f 909 824 569
f 909 569 828
f 828 827 916
f 916 827 737
f 916 737 913
f 913 737 760
f 935 863 936
f 757 937 938
f 863 935 757
f 757 935 937
f 757 938 826
f 826 938 891
f 139 939 863
f 863 939 936
f 891 892 826
f 939 139 138
f 130 132 763
f 763 132 880
f 763 880 564
f 564 880 565
f 580 579 757
f 757 579 863
f 939 108 936
f 936 108 935
f 935 108 102
f 935 102 937
f 937 102 106
f 937 106 938
f 123 108 138
f 138 108 939
f 891 938 112
f 112 938 106
f 135 119 136
f 136 119 109
f 136 109 131
f 131 109 104
f 131 104 133
f 133 104 103
f 133 103 137
f 120 119 126
f 126 119 135
f 128 137 115
f 115 137 103
f 940 941 105
f 98 942 943
f 105 941 944
f 98 943 945
f 98 945 940
f 98 940 105
f 114 946 947
f 948 949 117
f 117 949 950
f 114 947 951
f 114 951 948
f 114 948 117
f 952 97 953
f 953 97 110
f 954 101 955
f 955 101 100
f 956 957 958
f 957 956 959
f 960 961 962
f 961 960 963
f 961 963 964
f 961 964 965
f 965 964 966
f 965 966 967
f 967 966 968
f 967 968 969
f 969 968 970
f 969 970 971
f 969 971 972
f 972 971 957
f 972 957 959
f 98 973 942
f 973 98 952
f 952 98 97
f 110 974 953
f 117 974 110
f 117 950 974
f 975 946 114
f 975 114 101
f 975 101 954
f 955 100 976
f 976 100 105
f 976 105 944
f 976 944 977
f 977 944 963
f 955 976 977
f 970 940 945
f 958 943 942
f 964 944 941
f 964 963 944
f 957 971 945
f 957 945 943
f 943 958 957
f 968 966 940
f 966 941 940
f 968 940 970
f 941 966 964
f 970 945 971
f 954 955 978
f 978 955 977
f 978 977 960
f 960 977 963
f 958 973 956
f 956 973 979
f 958 942 973
f 979 973 952
f 980 946 975
f 962 980 960
f 960 980 978
f 962 946 980
f 980 975 978
f 978 975 954
f 959 956 981
f 981 956 979
f 981 979 953
f 953 979 952
f 982 948 951
f 962 947 946
f 972 950 949
f 972 959 950
f 961 965 951
f 961 951 947
f 947 962 961
f 967 969 982
f 969 948 982
f 949 969 972
f 949 948 969
f 982 951 967
f 967 951 965
f 974 950 983
f 983 950 959
f 953 974 981
f 981 974 983
f 981 983 959
f 111 826 892
f 111 892 113
f 125 139 122
f 99 129 107
f 118 127 134
f 118 134 116
f 142 653 850
f 850 653 656
f 649 851 849
f 850 656 848
f 848 656 649
f 848 649 849
f 851 649 651
f 852 651 142
f 142 651 653
f 651 852 851
f 846 676 847
f 847 676 669
f 844 674 845
f 676 846 674
f 847 669 148
f 844 671 674
f 674 846 845
f 669 671 148
f 148 671 843
f 671 844 843
f 410 145 141
f 141 411 410
f 144 411 141
f 142 850 82
f 148 70 847
f 403 152 149
f 149 401 403
f 151 401 149
f 76 429 75
f 77 79 518
f 77 518 509
f 81 518 79
f 518 81 414
f 509 76 77
f 509 429 76
f 162 160 57
f 61 57 160
f 169 171 65
f 65 171 67
f 62 160 63
f 62 61 160
f 169 65 63
f 89 984 985
f 89 985 92
f 92 985 986
f 92 986 987
f 92 987 988
f 92 988 94
f 94 988 989
f 94 989 96
f 96 989 990
f 96 990 88
f 88 990 984
f 88 984 89
f 984 881 890
f 984 890 985
f 985 890 888
f 985 888 986
f 986 888 887
f 986 887 987
f 987 887 886
f 987 886 988
f 988 886 885
f 988 885 989
f 989 885 882
f 989 882 990
f 990 882 881
f 990 881 984
f 991 992 993
f 991 993 994
f 994 993 995
f 995 993 996
f 995 996 997
f 997 996 998
f 997 998 999
f 999 998 1000
f 1000 998 1001
f 1000 1001 1002
f 1002 1001 1003
f 1002 1003 1004
f 1004 1003 1005
f 1004 1005 44
f 44 1005 1006
f 1006 1005 1007
f 1006 1007 992
f 1006 992 1008
f 1008 992 991
f 1008 991 72
f 1009 993 1010
f 1010 993 992
f 1010 992 1007
f 1010 1007 1011
f 1011 1007 1005
f 1011 1005 1012
f 1012 1005 1003
f 1012 1003 1001
f 1012 1001 1013
f 1013 1001 998
f 1013 998 1014
f 1014 998 996
f 1014 996 1009
f 1009 996 993
f 1015 1016 1017
f 1017 1016 1018
f 1017 1018 1019
f 1019 1018 1020
f 1019 1020 1021
f 1021 1020 1022
f 1022 1020 1023
f 1022 1023 1024
f 1024 1023 1025
f 1025 1023 1026
f 1025 1026 1027
f 1027 1026 1028
f 1027 1028 1029
f 1029 1028 1030
f 1030 1028 1031
f 1030 1031 1032
f 1032 1031 1033
f 1033 1031 1016
f 1033 1016 1015
f 1034 1018 1035
f 1035 1018 1016
f 1035 1016 1031
f 1035 1031 1036
f 1036 1031 1028
f 1036 1028 1037
f 1037 1028 1026
f 1037 1026 1023
f 1037 1023 1034
f 1034 1023 1020
f 1034 1020 1018
f 1038 58 1039
f 1040 1041 1042
f 1040 1042 1043
f 1043 1042 1044
f 1044 1042 1045
f 1044 1045 1046
f 1046 1045 1047
f 1047 1045 1048
f 1047 1048 1049
f 1049 1048 1050
f 1050 1048 1051
f 1050 1051 1052
f 1052 1051 1053
f 1053 1051 1054
f 1053 1054 1039
f 1039 1054 1055
f 1039 1055 1038
f 1038 1055 1056
f 1038 1056 1057
f 1057 1056 1041
f 1057 1041 1040
f 1058 1048 1045
f 1058 1045 1059
f 1059 1045 1042
f 1059 1042 1041
f 1059 1041 1060
f 1060 1041 1056
f 1060 1056 1061
f 1061 1056 1055
f 1061 1055 1062
f 1062 1055 1054
f 1062 1054 1051
f 1062 1051 1058
f 1058 1051 1048
f 1063 1064 1065
f 1063 1066 1064
f 1063 1067 1066
f 1068 1067 1063
f 1068 1069 1067
f 1070 1069 1068
f 1070 1071 1069
f 1072 1071 1070
f 1072 1073 1071
f 1074 1075 1072
f 1072 1075 1073
f 1076 1077 1074
f 1074 1077 1075
f 1078 1079 1076
f 1076 1079 1077
f 1080 1081 1078
f 1078 1081 1079
f 1065 1082 1080
f 1080 1082 1081
f 1065 1064 1082
f 1083 1070 1068
f 1083 1068 1084
f 1084 1068 1063
f 1084 1063 1085
f 1085 1063 1065
f 1085 1065 1080
f 1085 1080 1086
f 1086 1080 1078
f 1086 1078 1087
f 1087 1078 1076
f 1087 1076 1074
f 1087 1074 1083
f 1083 1074 1072
f 1083 1072 1070
f 836 728 727
f 836 727 834
f 834 727 726
f 834 726 831
f 831 726 725
f 831 725 841
f 841 725 840
f 840 725 729
f 840 729 838
f 838 729 728
f 838 728 836
f 842 873 832
f 833 866 868
f 833 868 835
f 835 868 874
f 835 874 837
f 837 874 839
f 839 874 875
f 839 875 840
f 840 875 871
f 840 871 842
f 842 871 873
f 832 1088 833
f 833 1088 866
f 832 873 1088
f 1006 1008 44
f 44 1008 72
f 52 58 1038
f 52 1038 1057
f 1089 1090 1091
f 1090 1092 1091
f 1092 1093 1091
f 1093 1094 1091
f 1091 1094 1095
f 1091 1095 1089
f 1089 1037 1090
f 1090 1037 1034
f 1090 1034 1092
f 1092 1034 1035
f 1092 1035 1093
f 1093 1035 1036
f 1093 1036 1094
f 1094 1036 1095
f 1095 1036 1037
f 1095 1037 1089
f 1096 1097 1098
f 1098 1097 1099
f 1098 1099 1100
f 1100 1101 1098
f 1101 1102 1098
f 1102 1096 1098
f 1096 1087 1097
f 1097 1087 1099
f 1099 1087 1083
f 1099 1083 1100
f 1100 1083 1084
f 1100 1084 1101
f 1101 1084 1085
f 1101 1085 1102
f 1102 1085 1086
f 1102 1086 1096
f 1096 1086 1087
f 1103 1104 1105
f 1104 1106 1105
f 1105 1106 1107
f 1107 1108 1105
f 1108 1103 1105
f 1103 1012 1104
f 1104 1012 1013
f 1104 1013 1106
f 1106 1013 1014
f 1106 1014 1009
f 1106 1009 1107
f 1107 1009 1010
f 1107 1010 1108
f 1108 1010 1011
f 1108 1011 1103
f 1103 1011 1012
f 1109 1110 1111
f 1110 1112 1111
f 1112 1113 1111
f 1111 1113 1114
f 1111 1114 1115
f 1115 1109 1111
f 1109 1061 1110
f 1110 1061 1062
f 1110 1062 1112
f 1112 1062 1058
f 1112 1058 1113
f 1113 1058 1059
f 1113 1059 1114
f 1114 1059 1060
f 1114 1060 1115
f 1115 1060 1109
f 1109 1060 1061
f 215 1116 214
f 214 1116 398
f 214 398 213
f 213 398 397
f 213 397 212
f 212 397 211
f 211 397 399
f 211 399 1117
f 211 1117 210
f 210 1117 1118
f 210 1118 209
f 209 1118 400
f 209 400 208
f 208 400 395
f 208 395 207
f 207 395 222
f 222 395 396
f 222 396 221
f 221 396 1119
f 221 1119 220
f 220 1119 219
f 219 1119 1120
f 219 1120 218
f 218 1120 1121
f 218 1121 1122
f 218 1122 217
f 217 1122 216
f 216 1122 1123
f 216 1123 215
f 215 1123 1116
f 273 390 271
f 271 390 391
f 393 311 315
f 393 315 394
f 394 315 391
f 391 315 271
f 390 273 277
f 390 277 396
f 396 277 279
f 396 279 1119
f 1119 279 282
f 1119 282 1120
f 1120 282 285
f 1120 285 1121
f 1121 285 287
f 1121 287 1122
f 1122 287 1123
f 1123 287 290
f 1123 290 1116
f 1116 290 293
f 1116 293 398
f 398 293 295
f 398 295 399
f 399 295 298
f 399 298 1117
f 1117 298 302
f 1117 302 1118
f 1118 302 305
f 1118 305 400
f 400 305 308
f 400 308 392
f 392 308 393
f 393 308 311
f 72 991 73
f 43 1004 44
f 53 52 1040
f 1057 1040 52
f 1039 58 59
f 1039 59 1053
f 59 884 1053
f 884 1050 1053
f 1053 1050 1052
f 1050 884 1049
f 884 889 1047
f 884 1047 1049
f 889 1046 1047
f 889 883 1046
f 883 1044 1046
f 883 1124 1044
f 883 53 1124
f 1124 1043 1044
f 1124 53 1040
f 1124 1040 1043
f 873 872 1064
f 1064 872 1082
f 872 870 1082
f 870 1081 1082
f 870 869 1081
f 869 1079 1081
f 869 876 1079
f 876 1077 1079
f 876 877 1077
f 877 1125 1077
f 1077 1125 1075
f 877 879 1125
f 879 1073 1125
f 1125 1073 1075
f 879 878 1073
f 1073 878 1071
f 878 867 1069
f 878 1069 1071
f 867 1067 1069
f 866 1066 867
f 867 1066 1067
f 1088 873 1064
f 1066 1088 1064
f 866 1088 1066
f 862 1126 865
f 858 864 1022
f 862 861 1127
f 862 1127 1126
f 865 1126 1019
f 865 1021 864
f 858 1022 1024
f 858 1024 1025
f 858 1025 859
f 859 1025 1027
f 859 1027 1029
f 859 1029 860
f 1126 1015 1017
f 1126 1017 1019
f 865 1019 1021
f 864 1021 1022
f 1029 1030 860
f 860 1030 1032
f 860 1032 861
f 861 1032 1033
f 861 1033 1127
f 1127 1033 1015
f 1127 1015 1126
f 1128 856 73
f 1128 73 991
f 994 1128 991
f 1002 1004 43
f 1000 1002 857
f 857 1002 43
f 855 1000 857
f 999 1000 855
f 854 999 855
f 997 999 854
f 995 997 1129
f 1129 997 854
f 1128 995 1129
f 994 995 1128
f 1128 1129 856
f 856 1129 854
f 1130 1131 1132
f 1130 1132 1133
f 1134 1135 1136
f 1136 1135 1137
f 1136 1137 1138
f 1139 1140 1141
f 1142 1143 1141
f 1141 1143 1144
f 1144 1143 1145
f 1146 1138 1147
f 1148 1149 1138
f 1150 1151 1133
f 1152 1150 1153
f 1150 1152 1140
f 1150 1154 1153
f 1150 1155 1154
f 1156 1157 1158
f 1156 1158 1159
f 1159 1160 1132
f 1159 1158 1160
f 1150 1161 1162
f 1150 1162 1155
f 1155 1162 1156
f 1156 1162 1157
f 1160 1163 1132
f 1150 1164 1161
f 1130 1165 1131
f 1130 1166 1165
f 1165 1166 1167
f 1165 1167 1168
f 1169 1170 1171
f 1171 1170 1172
f 1173 1174 1175
f 1174 1176 1175
f 1171 1172 1176
f 1171 1176 1174
f 1148 1177 1149
f 1138 1178 1148
f 1138 1137 1178
f 1179 1134 1180
f 1135 1134 1179
f 1135 1179 1181
f 1181 1179 1182
f 1182 1183 1181
f 1181 1183 1184
f 1184 1183 1185
f 1185 1186 1184
f 1184 1186 1187
f 1187 1186 1188
f 1189 1190 1191
f 1191 1190 1192
f 1192 1190 1187
f 1192 1187 1188
f 1139 1193 1191
f 1191 1193 1189
f 1189 1193 1194
f 1193 1195 1196
f 1197 1195 1144
f 1144 1195 1193
f 1198 1194 1196
f 1194 1199 1200
f 1200 1199 1201
f 1193 1196 1194
f 1199 1194 1198
f 1200 1201 1197
f 1200 1197 1145
f 1144 1145 1197
f 1152 1142 1140
f 1188 1180 1134
f 1202 1203 1173
f 1175 1204 1173
f 1173 1204 1202
f 1167 1202 1205
f 1167 1205 1168
f 1168 1205 1169
f 1142 1141 1140
f 1206 1207 1208
f 1206 1208 1209
f 1133 1209 1203
f 1192 1188 1134
f 1192 1134 1207
f 1207 1134 1146
f 1147 1173 1146
f 1146 1173 1203
f 1146 1203 1207
f 1139 1191 1206
f 1139 1206 1151
f 1151 1206 1209
f 1151 1209 1133
f 1177 1174 1149
f 1149 1174 1173
f 1202 1167 1203
f 1203 1167 1133
f 1133 1132 1150
f 1150 1132 1163
f 1150 1163 1164
f 1210 1211 1212
f 1213 1214 1215
f 1216 1217 1218
f 1218 1217 1219
f 1220 1221 1222
f 1222 1223 1214
f 1223 1224 1214
f 1225 1226 1220
f 1220 1226 1227
f 1227 1228 1221
f 1220 1227 1221
f 1227 1229 1228
f 1228 1229 1230
f 1230 1229 1231
f 1231 1232 1230
f 1230 1232 1233
f 1225 1220 1234
f 1233 1232 1225
f 1233 1225 1235
f 1235 1225 1234
f 1236 1237 1212
f 1212 1237 1234
f 1234 1237 1235
f 1238 1239 1212
f 1239 1240 1241
f 1242 1238 1212
f 1236 1212 1241
f 1241 1212 1239
f 1241 1240 1243
f 1211 1242 1212
f 1241 1243 1244
f 1241 1244 1245
f 1245 1242 1211
f 1245 1244 1242
f 1246 1247 1210
f 1246 1248 1249
f 1246 1249 1247
f 1248 1250 1249
f 1251 1252 1253
f 1253 1252 1254
f 1253 1254 1255
f 1255 1254 1256
f 1218 1257 1252
f 1218 1252 1251
f 1255 1256 1258
f 1258 1259 1255
f 1255 1259 1218
f 1259 1260 1218
f 1260 1257 1218
f 1261 1262 1263
f 1264 1265 1263
f 1264 1263 1266
f 1265 1267 1268
f 1268 1267 1269
f 1264 1267 1265
f 1213 1270 1271
f 1268 1269 1272
f 1268 1272 1215
f 1215 1272 1270
f 1215 1270 1213
f 1262 1255 1218
f 1262 1218 1263
f 1263 1218 1213
f 1263 1213 1266
f 1266 1213 1271
f 1251 1250 1218
f 1218 1250 1248
f 1218 1219 1213
f 1213 1219 1273
f 1213 1273 1234
f 1213 1234 1220
f 1246 1210 1212
f 1246 1212 1216
f 1216 1212 1217
f 1217 1212 1234
f 1172 1254 1176
f 1176 1254 1252
f 1176 1252 1175
f 1175 1252 1257
f 1175 1257 1204
f 1204 1257 1260
f 1204 1260 1202
f 1202 1260 1259
f 1202 1259 1205
f 1205 1259 1258
f 1205 1258 1169
f 1169 1258 1256
f 1169 1256 1170
f 1170 1256 1254
f 1170 1254 1172
f 1196 1225 1198
f 1198 1225 1232
f 1198 1232 1199
f 1199 1232 1231
f 1199 1231 1201
f 1201 1231 1229
f 1201 1229 1197
f 1197 1229 1227
f 1197 1227 1195
f 1195 1227 1226
f 1195 1226 1196
f 1196 1226 1225
f 1182 1244 1183
f 1183 1244 1243
f 1183 1243 1185
f 1185 1243 1240
f 1185 1240 1186
f 1186 1240 1188
f 1188 1240 1239
f 1188 1239 1238
f 1188 1238 1180
f 1180 1238 1179
f 1179 1238 1242
f 1179 1242 1182
f 1182 1242 1244
f 1169 1253 1255
f 1169 1255 1168
f 1168 1255 1262
f 1168 1262 1165
f 1165 1262 1261
f 1165 1261 1131
f 1131 1261 1263
f 1131 1263 1132
f 1132 1263 1265
f 1132 1265 1159
f 1159 1265 1268
f 1159 1268 1156
f 1156 1268 1215
f 1156 1215 1155
f 1155 1215 1214
f 1155 1214 1154
f 1154 1214 1224
f 1154 1224 1153
f 1153 1224 1223
f 1153 1223 1152
f 1152 1223 1142
f 1223 1222 1142
f 1142 1222 1143
f 1143 1222 1221
f 1143 1221 1145
f 1145 1221 1228
f 1145 1228 1200
f 1200 1228 1230
f 1200 1230 1194
f 1194 1230 1233
f 1194 1233 1235
f 1194 1235 1189
f 1189 1235 1237
f 1189 1237 1190
f 1190 1237 1236
f 1190 1236 1187
f 1187 1236 1241
f 1187 1241 1184
f 1184 1241 1181
f 1181 1241 1245
f 1181 1245 1211
f 1181 1211 1135
f 1135 1211 1210
f 1135 1210 1137
f 1137 1210 1247
f 1137 1247 1178
f 1253 1169 1171
f 1253 1171 1174
f 1253 1174 1251
f 1251 1174 1177
f 1251 1177 1250
f 1250 1177 1148
f 1250 1148 1249
f 1249 1148 1247
f 1247 1148 1178
f 1163 1266 1164
f 1164 1266 1271
f 1164 1271 1161
f 1161 1271 1270
f 1161 1270 1162
f 1162 1270 1272
f 1162 1272 1157
f 1157 1272 1269
f 1157 1269 1158
f 1158 1269 1267
f 1158 1267 1160
f 1160 1267 1264
f 1160 1264 1163
f 1163 1264 1266
f 1274 1213 1275
f 1275 1213 1220
f 1275 1220 1276
f 1276 1220 1222
f 1276 1222 1277
f 1277 1222 1214
f 1213 1274 1214
f 1214 1274 1277
f 1274 1275 1277
f 1277 1275 1276
f 1278 1279 1273
f 1273 1279 1234
f 1280 1278 1219
f 1219 1278 1273
f 1281 1280 1217
f 1217 1280 1219
f 1279 1281 1234
f 1234 1281 1217
f 1280 1281 1278
f 1278 1281 1279
f 1282 1283 1218
f 1218 1283 1216
f 1248 1284 1218
f 1218 1284 1282
f 1285 1284 1246
f 1246 1284 1248
f 1285 1246 1283
f 1283 1246 1216
f 1284 1285 1282
f 1282 1285 1283
f 1140 1286 1150
f 1150 1286 1287
f 1286 1140 1288
f 1288 1140 1139
f 1151 1289 1288
f 1151 1288 1139
f 1150 1287 1151
f 1151 1287 1289
f 1286 1288 1287
f 1287 1288 1289
f 1208 1290 1209
f 1209 1290 1291
f 1292 1290 1208
f 1208 1207 1292
f 1203 1293 1292
f 1203 1292 1207
f 1209 1291 1203
f 1203 1291 1293
f 1290 1292 1291
f 1291 1292 1293
f 1173 1147 1294
f 1294 1147 1295
f 1295 1147 1296
f 1296 1147 1138
f 1138 1149 1296
f 1296 1149 1297
f 1173 1294 1149
f 1149 1294 1297
f 1295 1296 1294
f 1294 1296 1297
f 1144 1298 1141
f 1141 1298 1299
f 1298 1144 1300
f 1300 1144 1193
f 1139 1301 1300
f 1139 1300 1193
f 1301 1139 1299
f 1299 1139 1141
f 1298 1300 1299
f 1299 1300 1301
f 1206 1191 1302
f 1302 1191 1303
f 1303 1191 1304
f 1304 1191 1192
f 1192 1207 1304
f 1304 1207 1305
f 1206 1302 1207
f 1207 1302 1305
f 1303 1304 1302
f 1302 1304 1305
f 1134 1306 1146
f 1146 1306 1307
f 1306 1134 1308
f 1308 1134 1136
f 1309 1308 1136
f 1136 1138 1309
f 1309 1138 1307
f 1307 1138 1146
f 1306 1308 1307
f 1307 1308 1309
f 1310 1311 1133
f 1133 1311 1130
f 1167 1312 1133
f 1133 1312 1310
f 1313 1312 1166
f 1166 1312 1167
f 1130 1311 1313
f 1130 1313 1166
f 1312 1313 1310
f 1310 1313 1311
f 1314 1315 1316
f 1316 1315 1317
f 1318 1319 1320
f 1320 1319 1321
f 1322 1323 1320
f 1322 1320 1321
f 1324 1325 1323
f 1323 1325 1320
f 1325 1324 1317
f 1317 1324 1326
f 1317 1326 1327
f 1317 1327 1316
f 1328 1329 1330
f 1330 1329 1331
f 1331 1329 1332
f 1328 1330 1333
f 1333 1330 1334
f 1335 1336 1337
f 1338 1339 1340
f 1340 1339 1336
f 1336 1339 1337
f 1341 1342 1343
f 1343 1342 1340
f 1344 1338 1345
f 1345 1338 1340
f 1345 1340 1342
f 1346 1347 1348
f 1349 1350 1351
f 1351 1350 1347
f 1347 1350 1348
f 1352 1353 1354
f 1354 1353 1351
f 1355 1349 1356
f 1356 1349 1351
f 1356 1351 1353
f 1357 1358 1359
f 1359 1358 1360
f 1361 1362 1363
f 1363 1362 1364
f 1364 1362 1365
f 1366 1367 1368
f 1368 1367 1369
f 1369 1364 1368
f 1368 1364 1365
f 1363 1370 1361
f 1361 1370 1371
f 1361 1371 1372
f 1361 1372 1373
f 1373 1372 1360
f 1360 1372 1374
f 1360 1374 1375
f 1360 1375 1359
f 1376 1377 1378
f 1378 1377 1379
f 1380 1381 1382
f 1380 1382 1377
f 1383 1379 1377
f 1383 1377 1382
f 1384 1385 1386
f 1386 1385 1387
f 1386 1388 1384
f 1384 1388 1389
f 1390 1389 1388
f 1384 1391 1385
f 1392 1393 1391
f 1392 1391 1384
f 1394 1395 1396
f 1397 1396 1395
f 1398 1399 1400
f 1400 1399 1401
f 1400 1401 1395
f 1395 1394 1400
f 1400 1394 1402
f 1403 1404 1405
f 1405 1404 1406
f 1394 1406 1402
f 1402 1406 1404
f 1402 1404 1407
f 1407 1404 1408
f 1407 1408 1409
f 1410 1411 1412
f 1413 1414 1415
f 1416 1417 1414
f 1414 1417 1415
f 1412 1413 1410
f 1410 1413 1415
f 1415 1418 1410
f 1410 1418 1419
f 1420 1421 1422
f 1423 1424 1425
f 1425 1424 1420
f 1426 1427 1428
f 1428 1429 1426
f 1429 1425 1426
f 1426 1425 1420
f 1426 1420 1422
f 1430 1431 1432
f 1433 1434 1435
f 1435 1434 1430
f 1436 1437 1438
f 1438 1439 1436
f 1439 1435 1436
f 1436 1435 1430
f 1436 1430 1432
f 1440 1441 1442
f 1443 1444 1445
f 1445 1444 1446
f 1447 1446 1444
f 1442 1443 1440
f 1440 1443 1445
f 1440 1445 1448
f 1449 1450 1451
f 1451 1450 1452
f 1445 1452 1448
f 1448 1452 1450
f 1448 1450 1453
f 1453 1450 1454
f 1453 1454 1455
f 1456 1457 1458
f 1459 1460 1461
f 1462 1463 1460
f 1460 1463 1461
f 1458 1459 1456
f 1456 1459 1461
f 1461 1464 1456
f 1456 1464 1465
f 1466 1467 1468
f 1468 1467 1469
f 1470 1471 1472
f 1470 1472 1467
f 1473 1469 1467
f 1473 1467 1472
f 1474 1475 1476
f 1476 1475 1477
f 1476 1478 1474
f 1474 1478 1479
f 1480 1479 1478
f 1474 1481 1475
f 1482 1483 1481
f 1482 1481 1474
f 1389 1484 1384
f 1485 1377 1376
f 1377 1484 1380
f 1384 1486 1392
f 1487 1347 1346
f 1347 1354 1351
f 1358 1373 1360
f 1362 1361 1373
f 1362 1488 1365
f 1365 1488 1368
f 1426 1489 1427
f 1490 1415 1417
f 1491 1426 1422
f 1489 1394 1396
f 1406 1394 1490
f 1490 1405 1406
f 1492 1415 1490
f 1415 1492 1418
f 1436 1493 1437
f 1494 1461 1463
f 1495 1436 1432
f 1493 1445 1446
f 1452 1445 1494
f 1494 1451 1452
f 1496 1461 1494
f 1461 1496 1464
f 1343 1317 1315
f 1325 1497 1320
f 1320 1497 1318
f 1498 1336 1335
f 1336 1343 1340
f 1497 1499 1331
f 1331 1499 1330
f 1479 1500 1474
f 1501 1467 1466
f 1467 1500 1470
f 1474 1502 1482
f 1503 1490 1504
f 1504 1490 1394
f 1504 1394 1505
f 1505 1394 1489
f 1505 1489 1426
f 1505 1426 1506
f 1506 1426 1491
f 1490 1507 1492
f 1503 1507 1490
f 1508 1509 1510
f 1511 1512 1509
f 1509 1512 1513
f 1509 1513 1510
f 1514 1515 1516
f 1514 1516 1517
f 1515 1514 1518
f 1508 1510 1519
f 1508 1519 1487
f 1520 1521 1516
f 1516 1521 1517
f 1521 1520 1486
f 1522 1485 1523
f 1524 1488 1523
f 1519 1525 1487
f 1486 1526 1521
f 1522 1377 1485
f 1527 1384 1484
f 1527 1484 1522
f 1522 1484 1377
f 1528 1362 1373
f 1528 1373 1529
f 1526 1486 1527
f 1527 1486 1384
f 1530 1347 1487
f 1530 1487 1525
f 1531 1354 1530
f 1530 1354 1347
f 1523 1488 1362
f 1523 1362 1528
f 1523 1485 1532
f 1529 1373 1358
f 1529 1358 1531
f 1531 1358 1354
f 1523 1532 1524
f 1436 1495 1493
f 1533 1494 1534
f 1534 1494 1445
f 1534 1445 1535
f 1536 1496 1494
f 1495 1537 1493
f 1493 1537 1535
f 1493 1535 1445
f 1533 1536 1494
f 1538 1539 1540
f 1541 1542 1538
f 1543 1541 1544
f 1544 1541 1540
f 1541 1538 1540
f 1545 1546 1547
f 1545 1547 1548
f 1549 1550 1547
f 1547 1550 1548
f 1551 1552 1553
f 1554 1555 1556
f 1551 1557 1556
f 1552 1551 1555
f 1555 1551 1556
f 1558 1559 1560
f 1561 1562 1558
f 1563 1564 1561
f 1563 1561 1560
f 1560 1561 1558
f 1565 1566 1567
f 1568 1569 1570
f 1569 1568 1566
f 1566 1568 1571
f 1566 1571 1567
f 1572 1573 1574
f 1575 1576 1577
f 1578 1579 1577
f 1573 1572 1578
f 1573 1578 1576
f 1576 1578 1577
f 1475 1580 1477
f 1581 1338 1582
f 1581 1582 1583
f 1326 1584 1585
f 1586 1469 1580
f 1580 1469 1477
f 1582 1338 1344
f 1582 1344 1326
f 1582 1326 1585
f 1584 1326 1324
f 1324 1323 1584
f 1584 1323 1333
f 1584 1333 1587
f 1580 1475 1588
f 1580 1588 1589
f 1334 1590 1333
f 1333 1590 1587
f 1591 1334 1592
f 1591 1592 1593
f 1591 1593 1594
f 1594 1593 1468
f 1594 1468 1586
f 1334 1591 1590
f 1469 1586 1468
f 1595 1596 1597
f 1595 1597 1598
f 1424 1423 1598
f 1598 1597 1424
f 1599 1398 1600
f 1600 1398 1407
f 1399 1398 1599
f 1399 1599 1423
f 1423 1599 1598
f 1407 1409 1600
f 1600 1409 1412
f 1600 1412 1601
f 1601 1412 1411
f 1601 1411 1602
f 1601 1602 1603
f 1595 1604 1596
f 1411 1605 1602
f 1604 1595 1606
f 1597 1607 1608
f 1606 1595 1609
f 1597 1608 1424
f 1602 1605 1610
f 1611 1612 1601
f 1603 1613 1601
f 1601 1613 1611
f 1385 1614 1387
f 1615 1379 1614
f 1614 1379 1387
f 1616 1349 1617
f 1616 1617 1618
f 1617 1349 1355
f 1617 1355 1374
f 1617 1374 1619
f 1614 1385 1620
f 1614 1620 1621
f 1619 1374 1622
f 1622 1374 1372
f 1366 1623 1624
f 1622 1372 1371
f 1622 1371 1367
f 1622 1367 1624
f 1624 1367 1366
f 1625 1378 1615
f 1379 1615 1378
f 1366 1626 1623
f 1626 1366 1627
f 1626 1627 1628
f 1626 1628 1625
f 1625 1628 1378
f 1434 1433 1629
f 1630 1631 1632
f 1633 1634 1629
f 1635 1441 1636
f 1636 1441 1453
f 1453 1455 1636
f 1636 1455 1458
f 1636 1458 1630
f 1630 1458 1457
f 1634 1633 1637
f 1629 1634 1434
f 1442 1441 1635
f 1442 1635 1433
f 1433 1635 1629
f 1632 1631 1638
f 1457 1631 1630
f 1633 1639 1637
f 1639 1633 1640
f 1631 1457 1641
f 1640 1633 1642
f 1634 1643 1434
f 1638 1644 1632
f 1632 1644 1645
f 1646 1647 1648
f 1646 1648 1649
f 1649 1648 1650
f 1651 1598 1652
f 1652 1598 1653
f 1652 1653 1654
f 1654 1653 1655
f 1654 1655 1656
f 1656 1655 1657
f 1656 1657 1658
f 1656 1658 1659
f 1660 1661 1662
f 1662 1587 1660
f 1663 1587 1662
f 1663 1584 1587
f 1664 1584 1663
f 1664 1585 1584
f 1665 1585 1664
f 1665 1582 1585
f 1648 1647 1582
f 1648 1582 1665
f 1666 1649 1667
f 1667 1649 1650
f 1668 1600 1650
f 1650 1600 1667
f 1669 1599 1668
f 1668 1599 1600
f 1653 1598 1669
f 1669 1598 1599
f 1658 1657 1670
f 1670 1657 1671
f 1670 1671 1672
f 1670 1672 1673
f 631 648 1674
f 1674 648 647
f 1674 647 1675
f 1675 647 646
f 1676 1675 639
f 646 645 1675
f 1675 645 644
f 1675 644 643
f 1675 643 642
f 631 1674 633
f 639 1675 640
f 640 1675 641
f 641 1675 642
f 637 636 1677
f 1678 1679 1680
f 633 1674 1681
f 637 1677 1682
f 637 1682 621
f 1683 624 623
f 1683 623 1682
f 1682 623 622
f 1682 622 621
f 1683 627 626
f 1683 626 625
f 1683 625 624
f 620 630 1683
f 1683 630 629
f 1683 629 628
f 1683 628 627
f 1683 1679 620
f 620 1679 1678
f 1676 1684 1675
f 1680 1679 1685
f 1686 1687 1681
f 1681 1687 1688
f 1680 1685 1677
f 1687 1686 1689
f 634 1690 1677
f 634 1677 636
f 1677 1690 1680
f 634 1688 1690
f 633 1681 634
f 1681 1688 634
f 1691 807 806
f 815 1692 814
f 814 1692 1691
f 814 1691 802
f 802 1691 803
f 806 811 1691
f 1691 811 810
f 1691 810 813
f 1691 813 812
f 1691 812 803
f 807 1691 808
f 808 1691 809
f 809 1691 1693
f 1693 1691 1694
f 1695 1696 1693
f 1695 1693 1694
f 1696 1695 1697
f 804 1697 1692
f 815 818 1692
f 1692 818 817
f 1692 817 816
f 1692 816 805
f 1692 805 804
f 1696 1697 821
f 821 1697 822
f 822 1697 823
f 823 1697 819
f 819 1697 820
f 820 1697 804
f 1698 1699 554
f 554 1699 555
f 555 1699 556
f 556 1699 557
f 1700 1701 1702
f 1700 1702 1703
f 1703 1702 1704
f 1703 1704 1705
f 557 1699 558
f 558 1699 559
f 559 1699 560
f 560 1699 561
f 561 1699 1706
f 561 1706 562
f 562 1706 563
f 563 1706 553
f 553 1706 1707
f 1707 1706 1708
f 1709 1710 1698
f 1698 1710 1701
f 1698 1711 1699
f 1709 1712 1710
f 1712 1709 1704
f 1704 1709 1705
f 1711 1698 1713
f 1711 1713 1714
f 1714 1713 1715
f 1700 1716 1701
f 1698 1716 1713
f 1698 1701 1716
f 1717 1718 1719
f 573 590 1720
f 1720 590 589
f 1720 589 588
f 1719 1718 581
f 581 1718 582
f 588 587 1720
f 1720 587 586
f 1720 586 1718
f 1718 586 585
f 1718 585 584
f 1718 584 583
f 1718 583 582
f 1721 1722 1723
f 573 1720 1724
f 573 1724 1723
f 1723 1722 1725
f 1726 1727 1728
f 1727 1726 1729
f 1730 1731 1721
f 1728 1727 1725
f 1732 1733 1734
f 1734 1733 1735
f 1736 1731 1729
f 1736 1729 1726
f 1731 1736 1721
f 1725 1722 1728
f 1733 1732 1737
f 1723 1735 1730
f 1723 1730 1721
f 1723 1724 1734
f 1734 1735 1723
f 785 1738 792
f 792 1738 1739
f 785 784 1738
f 1738 784 783
f 1738 783 1740
f 1740 783 791
f 1740 791 790
f 1740 790 789
f 1741 1742 1743
f 1743 1744 1741
f 789 788 1740
f 1740 788 787
f 1740 787 786
f 1740 786 773
f 1740 773 772
f 1740 772 1741
f 1741 772 1742
f 792 1739 774
f 774 1739 775
f 776 779 1739
f 1739 779 778
f 1739 778 781
f 1739 781 780
f 1739 780 775
f 1744 1743 771
f 1744 771 770
f 1744 770 1739
f 1739 770 777
f 1739 777 776
f 1745 1629 1746
f 1746 1629 1747
f 1746 1747 1748
f 1748 1747 1749
f 1748 1749 1750
f 1750 1749 1751
f 1750 1751 1752
f 1750 1752 1753
f 1754 1755 1756
f 1754 1756 1757
f 1757 1756 1758
f 1759 1760 1761
f 1761 1624 1759
f 1762 1624 1761
f 1762 1622 1624
f 1763 1622 1762
f 1763 1619 1622
f 1764 1619 1763
f 1764 1765 1619
f 1756 1755 1765
f 1756 1765 1764
f 1766 1757 1630
f 1630 1757 1758
f 1767 1636 1758
f 1758 1636 1630
f 1768 1635 1767
f 1767 1635 1636
f 1747 1629 1768
f 1768 1629 1635
f 1752 1751 1769
f 1769 1751 1770
f 1769 1770 1771
f 1769 1771 1772
f 1773 1774 1570
f 1774 1773 1775
f 1775 1773 1776
f 1777 1775 1776
f 1777 1776 1778
f 1528 1779 1780
f 1780 1781 1528
f 1782 1781 1783
f 1779 1528 1529
f 1779 1529 1784
f 1531 1785 1529
f 1529 1785 1784
f 1785 1531 1786
f 1786 1531 1530
f 1786 1530 1787
f 1525 1788 1530
f 1530 1788 1787
f 1526 1789 1790
f 1791 1569 1527
f 1527 1569 1526
f 1526 1569 1789
f 1522 1792 1527
f 1527 1792 1791
f 1792 1522 1793
f 1523 1794 1522
f 1522 1794 1793
f 1795 1794 1523
f 1782 1796 1523
f 1796 1795 1523
f 1781 1782 1528
f 1528 1782 1523
f 1797 1798 1799
f 1800 1801 1545
f 1802 1803 1804
f 1805 1806 1545
f 1798 1807 1799
f 1807 1798 1808
f 1808 1798 1809
f 1808 1809 1810
f 1810 1811 1808
f 1812 1813 1814
f 1812 1814 1815
f 1816 1817 1815
f 1818 1814 1813
f 1819 1818 1820
f 1820 1818 1821
f 1813 1821 1818
f 1822 1823 1824
f 1825 1824 1826
f 1827 1828 1829
f 1829 1828 1826
f 1826 1828 1825
f 1830 1827 1829
f 1831 1832 1833
f 1832 1831 1834
f 1832 1834 1835
f 1835 1834 1836
f 1833 1837 1831
f 1838 1837 1833
f 1839 1840 1841
f 1841 1840 1842
f 1841 1842 1843
f 1844 1845 1846
f 1845 1847 1846
f 1848 1849 1844
f 1844 1849 1845
f 1801 1850 1805
f 1801 1805 1545
f 1850 1801 1851
f 1851 1801 1852
f 1851 1852 1853
f 1853 1854 1851
f 1855 1856 1857
f 1855 1857 1858
f 1859 1860 1858
f 1861 1857 1856
f 1862 1861 1863
f 1863 1861 1864
f 1856 1864 1861
f 1865 1866 1867
f 1804 1868 1802
f 1802 1868 1869
f 1869 1868 1865
f 1869 1865 1867
f 1870 1871 1872
f 1870 1872 1803
f 1803 1872 1777
f 1777 1872 1873
f 1874 1875 1870
f 1870 1875 1871
f 1876 1877 1878
f 1876 1878 1879
f 1879 1878 1880
f 1879 1880 1881
f 1882 1883 1884
f 1883 1885 1884
f 1886 1887 1888
f 1888 1887 1882
f 1882 1887 1883
f 1558 1862 1863
f 1558 1863 1889
f 1889 1863 1866
f 1866 1863 1867
f 1855 1858 1860
f 1855 1860 1853
f 1853 1860 1890
f 1853 1890 1854
f 1800 1545 1848
f 1848 1545 1891
f 1848 1891 1849
f 1892 1840 1839
f 1892 1839 1893
f 1892 1893 1894
f 1894 1893 1846
f 1894 1846 1895
f 1895 1846 1847
f 1843 1842 1896
f 1843 1896 1838
f 1838 1896 1556
f 1838 1556 1837
f 1837 1556 1897
f 1832 1835 1830
f 1830 1835 1898
f 1830 1898 1827
f 1823 1819 1820
f 1823 1820 1824
f 1824 1820 1826
f 1812 1815 1817
f 1812 1817 1810
f 1810 1817 1899
f 1810 1899 1811
f 1797 1799 1900
f 1797 1900 1888
f 1888 1900 1901
f 1888 1901 1886
f 1902 1877 1876
f 1902 1876 1903
f 1902 1903 1904
f 1904 1903 1884
f 1904 1884 1905
f 1905 1884 1885
f 1881 1880 1906
f 1881 1906 1874
f 1874 1906 1567
f 1874 1567 1875
f 1875 1567 1907
f 1803 1777 1908
f 1803 1908 1804
f 1909 1910 1911
f 1912 1913 1911
f 1912 1911 1914
f 1913 1912 1915
f 1911 1910 1914
f 1916 1917 1918
f 1917 1919 1918
f 1917 1920 1919
f 1910 1909 1502
f 1920 1921 1919
f 1919 1921 1922
f 1922 1921 1498
f 1910 1502 1923
f 1923 1502 1924
f 1921 1925 1498
f 1499 1926 1927
f 1926 1499 1928
f 1926 1501 1929
f 1924 1502 1930
f 1930 1502 1474
f 1930 1474 1931
f 1931 1474 1500
f 1931 1500 1467
f 1931 1467 1926
f 1926 1467 1501
f 1926 1929 1927
f 1928 1499 1497
f 1928 1497 1932
f 1932 1497 1325
f 1932 1325 1933
f 1933 1325 1934
f 1934 1325 1317
f 1934 1317 1343
f 1934 1343 1935
f 1343 1336 1935
f 1935 1336 1498
f 1935 1498 1925
f 1936 1937 1938
f 1938 1937 1939
f 1940 1936 1894
f 1894 1936 1941
f 1894 1941 1942
f 1936 1938 1943
f 1936 1943 1941
f 1944 1534 1938
f 1938 1534 1535
f 1938 1535 1945
f 1946 1943 1537
f 1537 1943 1535
f 1535 1943 1945
f 1533 1947 1536
f 1536 1947 1948
f 1947 1533 1949
f 1534 1944 1949
f 1534 1949 1533
f 1950 1951 1904
f 1952 1953 1954
f 1952 1954 1955
f 1952 1955 1950
f 1956 1952 1904
f 1904 1952 1950
f 1957 1504 1954
f 1954 1504 1505
f 1954 1505 1958
f 1958 1505 1955
f 1506 1959 1505
f 1505 1959 1955
f 1503 1960 1507
f 1960 1503 1961
f 1504 1957 1961
f 1504 1961 1503
f 1962 1963 1964
f 1964 1963 1553
f 1962 1964 1965
f 1965 1964 1966
f 1835 1965 1966
f 1835 1966 1967
f 1968 1969 1970
f 1786 1971 1564
f 1972 1971 1970
f 1970 1971 1968
f 1971 1786 1787
f 1971 1787 1968
f 1973 1974 1975
f 1975 1974 1574
f 1976 1977 1978
f 1973 1975 1976
f 1979 1973 1978
f 1978 1973 1976
f 1980 1981 1982
f 1982 1981 1983
f 1984 1985 1986
f 1986 1985 1987
f 1986 1987 1350
f 1350 1987 1988
f 1350 1988 1989
f 1989 1990 1350
f 1350 1990 1991
f 1350 1991 1992
f 1350 1992 1993
f 1983 1994 1982
f 1982 1994 1995
f 1982 1995 1996
f 1996 1995 1997
f 1996 1997 1998
f 1999 1348 2000
f 1998 2001 1996
f 1996 2001 2002
f 1996 2002 2003
f 2004 1996 2005
f 2005 1996 2003
f 2006 1996 2004
f 1984 1986 2006
f 2006 1986 1996
f 1993 2007 1350
f 1350 2007 2008
f 1350 2008 1348
f 1348 2008 2009
f 2010 1999 1982
f 1348 2011 2012
f 1348 2012 2000
f 1982 1999 1980
f 1980 1999 2013
f 2013 1999 2014
f 2014 1999 2015
f 2016 2017 2010
f 2016 2010 1982
f 2000 2018 1999
f 1999 2018 2019
f 1999 2019 2015
f 2009 2020 1348
f 1348 2020 2021
f 1348 2021 2022
f 2011 1348 2022
f 1337 2023 2024
f 1339 2025 2026
f 2027 2025 2028
f 2028 2025 1339
f 2026 1337 1339
f 2023 1337 2026
f 2027 2028 2029
f 2030 2031 2029
f 2027 2029 2031
f 2032 2024 2030
f 2030 2024 2031
f 2031 2024 2023
f 2033 2034 2032
f 2033 2032 2030
f 2035 2036 604
f 2037 594 2038
f 2038 594 593
f 2038 593 592
f 2039 2040 2041
f 2042 2037 2043
f 604 2036 606
f 2041 2040 2044
f 2037 597 596
f 2037 596 595
f 2037 595 594
f 2037 2042 591
f 2037 591 601
f 2037 601 600
f 2037 600 599
f 2037 599 598
f 2037 598 597
f 602 2035 604
f 2044 2040 2045
f 619 2046 602
f 602 2046 2035
f 608 2047 2038
f 608 2038 592
f 2044 2045 610
f 610 2045 611
f 611 2045 2046
f 611 2046 612
f 2046 614 613
f 2046 613 612
f 619 618 2046
f 2046 618 617
f 2046 617 616
f 2046 616 615
f 2046 615 614
f 608 607 2047
f 2047 607 2048
f 2049 2050 2048
f 2048 2050 2047
f 2041 2051 2039
f 2039 2051 2036
f 607 2051 2048
f 606 2036 607
f 607 2036 2051
f 2052 2053 2054
f 2055 2056 2057
f 2058 2059 2060
f 2060 2059 2061
f 2060 2061 1483
f 2062 1483 2063
f 2054 2053 2055
f 2055 2053 2064
f 2055 2064 2056
f 2062 2065 1483
f 1483 2065 2066
f 1483 2066 1481
f 1481 2066 2067
f 1481 2067 2068
f 2054 2069 2070
f 2070 2069 2071
f 2054 2070 2072
f 2061 2073 1483
f 1483 2073 2074
f 1483 2074 2075
f 1483 2075 2063
f 2068 2076 1481
f 1481 2076 2077
f 1481 2077 2078
f 1481 2078 2079
f 2079 2080 1481
f 1481 2080 2081
f 1481 2081 2069
f 2081 2082 2069
f 2069 2082 2083
f 2069 2083 2084
f 2069 2084 2071
f 2054 2072 2085
f 2054 2085 2086
f 2054 2086 2087
f 2054 2087 2052
f 2058 2060 2088
f 2055 2060 2089
f 2089 2060 2090
f 2089 2090 2091
f 2057 2092 2055
f 2055 2092 2093
f 2055 2093 2094
f 2088 2060 2094
f 2094 2060 2055
f 2095 2096 2097
f 2098 2099 2097
f 2097 2099 2100
f 2099 2101 2100
f 2100 2101 2102
f 2100 2102 2103
f 2097 2096 2104
f 2097 2104 2105
f 2097 2105 2098
f 2106 2107 1391
f 1391 2107 2108
f 1391 2108 2109
f 2110 2111 2112
f 2112 2111 2113
f 2112 2113 1393
f 2114 2115 1393
f 1393 2115 2116
f 1393 2116 1391
f 1391 2116 2117
f 1391 2117 2118
f 2118 2119 1391
f 1391 2119 2120
f 1391 2120 2121
f 1391 2121 2106
f 2108 2122 2109
f 2109 2122 2123
f 2109 2123 2124
f 2109 2124 2125
f 2126 2109 2125
f 2095 2097 2126
f 2126 2097 2109
f 2110 2112 2127
f 2128 1393 2129
f 2100 2112 2130
f 2113 2131 1393
f 1393 2131 2132
f 1393 2132 2129
f 2114 1393 2128
f 2103 2133 2100
f 2100 2133 2134
f 2100 2134 2135
f 2127 2112 2135
f 2135 2112 2100
f 2136 1448 2137
f 2136 2137 2138
f 1448 2136 2139
f 2140 2138 2141
f 2141 2138 2142
f 1448 2139 1440
f 2138 2137 2142
f 2143 1440 2139
f 2140 2141 2144
f 2140 2144 2143
f 2143 2144 1440
f 2145 2146 2147
f 2146 2145 2148
f 2148 2145 2149
f 1402 2150 1400
f 1400 2150 2151
f 2148 2149 2151
f 2151 2149 1400
f 2147 2146 2152
f 2152 2153 2147
f 2152 1402 2153
f 1402 2152 2150
f 2029 602 2030
f 2030 602 604
f 2030 604 606
f 2030 606 2033
f 2033 606 607
f 608 2033 607
f 2154 2155 592
f 592 2155 2034
f 592 2034 608
f 608 2034 2033
f 2156 2157 2091
f 2091 2157 631
f 2091 631 633
f 636 2089 2158
f 636 2158 634
f 634 2158 633
f 633 2158 2091
f 2089 636 637
f 2089 637 2055
f 2055 637 621
f 2055 621 2054
f 2141 2142 814
f 814 2142 815
f 1996 1709 1982
f 1982 1709 1698
f 1982 1698 2016
f 2159 2160 554
f 554 2160 2017
f 554 2017 1698
f 1698 2017 2016
f 2161 2162 2163
f 2163 2162 573
f 2163 573 1723
f 1723 2164 2165
f 1723 2165 2163
f 2164 1723 2100
f 2100 1723 1725
f 2100 1725 2097
f 2145 2147 792
f 792 2147 785
f 2166 2167 2168
f 2169 2170 2171
f 2169 2171 2172
f 2172 2171 2173
f 2172 2173 2174
f 2172 2174 2166
f 2166 2174 2167
f 2175 2176 1928
f 1934 2177 1933
f 1933 2177 2178
f 1933 2178 1932
f 1932 2178 2175
f 2175 2178 2179
f 2175 2179 2176
f 1925 2180 1935
f 1935 2180 1975
f 1935 1975 2181
f 2181 1975 2182
f 2181 2182 1934
f 1934 2182 2177
f 1924 2183 1923
f 2183 1924 2184
f 2184 1924 1930
f 2168 2167 2184
f 2168 2184 1930
f 2185 2170 2169
f 2185 2169 1928
f 2185 1928 2186
f 2186 1928 2176
f 1760 1672 2187
f 1751 1771 1770
f 2188 1648 2189
f 2189 1648 1665
f 2189 1665 1664
f 2189 1664 2190
f 2190 1664 1663
f 2190 1663 2191
f 2191 1663 1662
f 2191 1662 2192
f 2192 1662 1661
f 2193 1661 2194
f 2187 1672 1671
f 2187 1671 2195
f 2195 1671 1657
f 2195 1657 2196
f 2196 1657 2197
f 2197 1657 1655
f 2197 1655 2198
f 2198 1655 1653
f 2198 1653 2199
f 2199 1653 1669
f 2199 1669 2200
f 2200 1669 1668
f 2200 1668 1650
f 2200 1650 2201
f 2201 1650 2188
f 2188 1650 1648
f 1747 2202 1749
f 1749 2202 2203
f 1749 2203 1751
f 1751 2203 2204
f 1661 2193 1771
f 1771 1751 2204
f 1771 2204 2205
f 1771 2205 1661
f 1661 2205 2192
f 1672 1760 2206
f 1672 2206 2207
f 1761 1760 2208
f 2208 1760 2187
f 2202 1747 1768
f 2202 1768 2209
f 2209 1768 1767
f 2209 1767 2210
f 2210 1767 1758
f 2210 1758 2211
f 2211 1758 2212
f 2212 1758 1756
f 2212 1756 2213
f 2213 1756 1764
f 2213 1764 2214
f 2214 1764 2215
f 2215 1764 1763
f 2215 1763 1762
f 2215 1762 2208
f 2208 1762 1761
f 2216 2215 2217
f 2217 2215 2218
f 2216 2219 2213
f 2213 2214 2216
f 2216 2214 2215
f 2219 2220 2221
f 2221 2213 2219
f 2222 2212 2220
f 2212 2221 2220
f 2212 2222 2211
f 2211 2222 2223
f 2211 2223 2210
f 2210 2223 2224
f 2210 2224 2225
f 2225 2224 2226
f 2225 2226 2209
f 2209 2226 2202
f 2202 2226 2227
f 2202 2227 2203
f 2203 2227 2228
f 2203 2228 2204
f 2228 2205 2204
f 2229 2205 2228
f 2205 2229 2192
f 2192 2229 2230
f 2192 2230 2231
f 2192 2231 2191
f 2191 2231 2190
f 2190 2231 2232
f 2190 2232 2189
f 2189 2232 2233
f 2234 2235 2233
f 2233 2235 2189
f 2236 2188 2237
f 2237 2188 2234
f 2234 2188 2235
f 2238 2239 2236
f 2238 2236 2237
f 2238 2240 2200
f 2200 2239 2238
f 2240 2241 2199
f 2199 2200 2240
f 2241 2242 2198
f 2198 2199 2241
f 2242 2243 2197
f 2197 2198 2242
f 2243 2196 2197
f 2195 2196 2244
f 2244 2196 2243
f 2244 2245 2187
f 2187 2195 2244
f 2245 2217 2246
f 2245 2246 2187
f 2217 2218 2246
f 2245 2244 2247
f 2248 2216 2249
f 2249 2216 2217
f 2219 2250 2251
f 2219 2251 2220
f 2220 2251 2252
f 2248 2253 2216
f 2216 2253 2250
f 2252 2251 2254
f 2252 2254 2255
f 2256 2254 2253
f 2256 2253 2248
f 2216 2250 2219
f 2255 2254 2256
f 2220 2252 2222
f 2222 2252 2257
f 2227 2258 2222
f 2224 2259 2260
f 2224 2260 2226
f 2226 2260 2227
f 2258 2261 2222
f 2227 2260 2258
f 2223 2261 2224
f 2224 2261 2259
f 2223 2222 2261
f 2262 2263 2264
f 2228 2265 2229
f 2265 2262 2229
f 2266 2267 2268
f 2268 2267 2265
f 2228 2268 2265
f 2264 2263 2269
f 2269 2270 2266
f 2266 2270 2267
f 2269 2263 2270
f 2229 2262 2264
f 2229 2264 2230
f 2271 2231 2264
f 2264 2231 2230
f 2233 2232 2272
f 2272 2232 2271
f 2271 2232 2231
f 2273 2272 2274
f 2273 2275 2272
f 2272 2275 2233
f 2233 2275 2276
f 2233 2276 2234
f 2234 2276 2277
f 2234 2277 2237
f 2237 2277 2278
f 2278 2277 2279
f 2279 2277 2274
f 2274 2277 2273
f 2280 2281 2240
f 2240 2281 2241
f 2242 2241 2282
f 2242 2282 2283
f 2242 2283 2237
f 2237 2283 2280
f 2241 2281 2282
f 2238 2237 2280
f 2238 2280 2240
f 2284 2285 2286
f 2286 2285 2287
f 2244 2288 2247
f 2289 2284 2243
f 2288 2290 2247
f 2247 2290 2287
f 2284 2289 2285
f 2287 2290 2286
f 2243 2284 2244
f 2244 2284 2288
f 2249 2217 2247
f 2247 2217 2245
f 2228 2227 2268
f 2268 2227 2291
f 2222 2257 2292
f 2222 2292 2293
f 2222 2293 2227
f 2227 2293 2291
f 2289 2243 2294
f 2294 2243 2242
f 2294 2242 2295
f 2237 2278 2296
f 2296 2297 2237
f 2237 2297 2242
f 2242 2297 2295
f 2249 2298 2299
f 2299 2248 2249
f 2300 2248 2299
f 2300 2256 2248
f 2301 2255 2300
f 2300 2255 2256
f 2302 2252 2301
f 2301 2252 2255
f 2303 2257 2302
f 2302 2257 2252
f 2304 2292 2303
f 2303 2292 2257
f 2304 2293 2292
f 2305 2293 2304
f 2305 2291 2293
f 2306 2291 2305
f 2307 2268 2306
f 2306 2268 2291
f 2308 2266 2307
f 2307 2266 2268
f 2308 2269 2266
f 2309 2269 2308
f 2309 2264 2269
f 2310 2271 2309
f 2309 2271 2264
f 2311 2271 2310
f 2311 2272 2271
f 2312 2272 2311
f 2312 2274 2272
f 2313 2274 2312
f 2313 2279 2274
f 2314 2278 2313
f 2313 2278 2279
f 2315 2296 2314
f 2314 2296 2278
f 2316 2296 2315
f 2316 2297 2296
f 2317 2297 2316
f 2317 2295 2297
f 2318 2295 2317
f 2318 2294 2295
f 2319 2289 2318
f 2318 2289 2294
f 2320 2289 2319
f 2320 2285 2289
f 2321 2285 2320
f 2321 2287 2285
f 2298 2287 2321
f 2298 2247 2287
f 2298 2249 2247
f 2311 2310 2322
f 2322 2310 2309
f 2322 2309 2323
f 2323 2309 2308
f 2323 2308 2324
f 2324 2308 2307
f 2324 2307 2325
f 2325 2307 2326
f 2326 2307 2306
f 2326 2306 2327
f 2327 2306 2305
f 2327 2305 2328
f 2328 2305 2304
f 2328 2304 2329
f 2329 2304 2303
f 2329 2303 2330
f 2330 2303 2302
f 2330 2302 2301
f 2330 2301 2331
f 2331 2301 2300
f 2331 2300 2332
f 2332 2300 2299
f 2332 2299 2333
f 2333 2299 2334
f 2334 2299 2298
f 2334 2298 2335
f 2335 2298 2321
f 2335 2321 2336
f 2336 2321 2320
f 2336 2320 2337
f 2337 2320 2319
f 2337 2319 2318
f 2337 2318 2338
f 2338 2318 2317
f 2338 2317 2339
f 2339 2317 2316
f 2339 2316 2340
f 2340 2316 2315
f 2340 2315 2341
f 2341 2315 2314
f 2341 2314 2342
f 2342 2314 2313
f 2342 2313 2343
f 2343 2313 2312
f 2343 2312 2344
f 2344 2312 2311
f 2344 2311 2322
f 2345 2334 2346
f 2346 2334 2335
f 2346 2335 2347
f 2347 2335 2336
f 2347 2336 2348
f 2348 2336 2337
f 2348 2337 2349
f 2349 2337 2338
f 2349 2338 2350
f 2350 2338 2339
f 2350 2339 2351
f 2351 2339 2340
f 2351 2340 2352
f 2352 2340 2341
f 2352 2341 2353
f 2353 2341 2342
f 2353 2342 2354
f 2354 2342 2343
f 2354 2343 2355
f 2355 2343 2344
f 2355 2344 2356
f 2356 2344 2322
f 2356 2322 2357
f 2357 2322 2323
f 2357 2323 2358
f 2358 2323 2324
f 2358 2324 2359
f 2359 2324 2325
f 2359 2325 2360
f 2360 2325 2326
f 2360 2326 2361
f 2361 2326 2327
f 2361 2327 2362
f 2362 2327 2328
f 2362 2328 2329
f 2362 2329 2363
f 2363 2329 2330
f 2363 2330 2364
f 2364 2330 2331
f 2364 2331 2365
f 2365 2331 2332
f 2365 2332 2366
f 2366 2332 2333
f 2366 2333 2345
f 2345 2333 2334
f 2345 1802 1869
f 2345 1869 2366
f 2361 1846 1839
f 2361 1839 2360
f 2364 1852 2363
f 2362 1848 1844
f 2362 1844 2361
f 2361 1844 1846
f 2365 1856 2364
f 2364 1856 1853
f 2364 1853 1852
f 2366 1864 2365
f 2365 1864 1856
f 2347 1870 2346
f 2363 1852 1800
f 2363 1800 2362
f 2362 1800 1848
f 1870 2367 2346
f 2346 2367 2345
f 2345 2367 1802
f 2354 1813 2353
f 2353 1813 1810
f 2354 1821 1813
f 2355 1826 1820
f 2355 1820 2354
f 2354 1820 1821
f 2366 1869 1867
f 2366 1867 1864
f 1879 1881 2348
f 2348 1881 2347
f 2347 1881 2368
f 2347 2368 1870
f 2353 1810 1809
f 2353 1809 2352
f 2356 1830 1826
f 2356 1826 2355
f 2358 2369 1832
f 2358 1832 2357
f 2349 1884 1903
f 2349 1903 2348
f 2348 1903 1879
f 2352 1809 2351
f 2351 1809 1797
f 2357 1832 1830
f 2357 1830 2356
f 2360 1839 2370
f 2360 2370 2359
f 1797 1888 2351
f 2351 1888 2350
f 2350 1888 1882
f 2350 1882 2349
f 2349 1882 1884
f 2359 2370 2369
f 2359 2369 2358
f 1744 2148 2151
f 1744 2151 1741
f 1741 2151 2150
f 1741 2150 2152
f 1741 2152 1740
f 1740 2152 1738
f 1738 2152 2146
f 1738 2146 1739
f 1739 2146 2148
f 1739 2148 1744
f 2039 2026 2040
f 2040 2026 2025
f 2040 2025 2045
f 2045 2025 2046
f 2046 2025 2027
f 2046 2027 2035
f 2035 2027 2031
f 2035 2031 2036
f 2036 2031 2023
f 2036 2023 2039
f 2039 2023 2026
f 1685 2063 1677
f 1677 2063 2075
f 1677 2075 2074
f 1677 2074 2073
f 1677 2073 2061
f 1677 2061 2059
f 1677 2059 2058
f 1677 2058 2088
f 1677 2088 2094
f 1677 2094 2093
f 1677 2093 1682
f 1682 2093 2092
f 1682 2092 2057
f 1682 2057 2056
f 1682 2056 2064
f 1682 2064 2053
f 1682 2053 2052
f 1682 2052 2087
f 1682 2087 2086
f 1682 2086 1683
f 1683 2086 2085
f 1683 2085 2072
f 1683 2072 2070
f 1683 2070 2071
f 1683 2071 2084
f 1683 2084 1679
f 1679 2084 2083
f 1679 2083 2082
f 1679 2082 2081
f 1679 2081 2080
f 1679 2080 2079
f 1679 2079 2078
f 1679 2078 2077
f 1679 2077 2076
f 1679 2076 2068
f 1679 2068 1685
f 1685 2068 2067
f 1685 2067 2066
f 1685 2066 2065
f 1685 2065 2062
f 1685 2062 2063
f 1697 2136 2138
f 1697 2138 1692
f 1692 2138 2140
f 1692 2140 1691
f 1691 2140 2143
f 1691 2143 1694
f 1694 2143 1695
f 1695 2143 2139
f 1695 2139 1697
f 1697 2139 2136
f 1712 2003 2002
f 1712 2002 2001
f 1712 2001 1998
f 1712 1998 1710
f 1710 1998 1997
f 1710 1997 1995
f 1710 1995 1994
f 1710 1994 1983
f 1710 1983 1981
f 1710 1981 1980
f 1710 1980 1701
f 1701 1980 2013
f 1701 2013 2014
f 1701 2014 2015
f 1701 2015 2019
f 1701 2019 2018
f 1701 2018 2000
f 1701 2000 2012
f 1701 2012 2011
f 1701 2011 2022
f 1701 2022 1702
f 1702 2022 2021
f 1702 2021 2020
f 1702 2020 2009
f 1702 2009 2008
f 1702 2008 2007
f 1702 2007 1993
f 1702 1993 1992
f 1702 1992 1991
f 1702 1991 1990
f 1702 1990 1989
f 1702 1989 1704
f 1704 1989 1988
f 1704 1988 1987
f 1704 1987 1985
f 1704 1985 1984
f 1704 1984 2006
f 1704 2006 2004
f 1704 2004 1712
f 1712 2004 2005
f 1712 2005 2003
f 1728 2096 2095
f 1728 2095 2126
f 1728 2126 2125
f 1728 2125 1726
f 1726 2125 2124
f 1726 2124 2123
f 1726 2123 2122
f 1726 2122 2108
f 1726 2108 2107
f 1726 2107 2106
f 1726 2106 2121
f 1726 2121 1736
f 1736 2121 2120
f 1736 2120 2119
f 1736 2119 2118
f 1736 2118 2117
f 1736 2117 2116
f 1736 2116 1721
f 1721 2116 2115
f 1721 2115 2114
f 1721 2114 2128
f 1721 2128 2129
f 1721 2129 2132
f 1721 2132 2131
f 1721 2131 2113
f 1721 2113 2111
f 1721 2111 2110
f 1721 2110 2127
f 1721 2127 1722
f 1722 2127 2135
f 1722 2135 2134
f 1722 2134 2133
f 1722 2133 2103
f 1722 2103 2102
f 1722 2102 2101
f 1722 2101 2099
f 1722 2099 2098
f 1722 2098 2105
f 1722 2105 1728
f 1728 2105 2104
f 1728 2104 2096
f 1398 1400 2149
f 1398 2149 1743
f 1743 2149 771
f 1719 581 1424
f 1424 581 2371
f 1424 2371 1420
f 1385 1391 2109
f 1385 2109 1729
f 1729 2109 1727
f 1703 1705 1349
f 1349 1705 1986
f 1349 1986 1350
f 1457 1456 2372
f 2372 1456 2373
f 2372 2373 1707
f 1707 2373 553
f 1696 821 1453
f 1453 821 2137
f 1453 2137 1448
f 1441 1440 2144
f 1441 2144 1693
f 1693 2144 809
f 1676 639 1434
f 1434 639 2374
f 1434 2374 1430
f 1475 1481 2069
f 1475 2069 1678
f 1678 2069 620
f 2044 610 1338
f 1338 610 2028
f 1338 2028 1339
f 1411 1410 2375
f 1411 2375 2042
f 2042 2375 591
f 1742 772 1407
f 1407 772 2153
f 1407 2153 1402
f 785 2147 784
f 784 2147 783
f 783 2147 791
f 791 2147 790
f 790 2147 789
f 789 2147 2153
f 789 2153 788
f 788 2153 787
f 787 2153 786
f 786 2153 773
f 773 2153 772
f 771 2149 770
f 770 2149 777
f 777 2149 776
f 776 2149 779
f 779 2149 778
f 778 2149 781
f 781 2149 2145
f 781 2145 780
f 780 2145 775
f 775 2145 774
f 774 2145 792
f 573 2162 590
f 590 2162 589
f 589 2162 588
f 588 2162 587
f 587 2162 586
f 586 2162 585
f 585 2162 2371
f 585 2371 584
f 584 2371 583
f 583 2371 582
f 582 2371 581
f 1727 2109 2376
f 1727 2376 1725
f 1725 2376 2097
f 1709 1996 2377
f 1709 2377 1705
f 1705 2377 1986
f 553 2373 563
f 563 2373 562
f 562 2373 561
f 561 2373 2159
f 561 2159 560
f 560 2159 559
f 559 2159 558
f 558 2159 557
f 557 2159 556
f 556 2159 555
f 555 2159 554
f 815 2142 818
f 818 2142 817
f 817 2142 816
f 816 2142 805
f 805 2142 2137
f 805 2137 804
f 804 2137 820
f 820 2137 819
f 819 2137 823
f 823 2137 822
f 822 2137 821
f 809 2144 808
f 808 2144 807
f 807 2144 806
f 806 2144 2141
f 806 2141 811
f 811 2141 810
f 810 2141 813
f 813 2141 812
f 812 2141 803
f 803 2141 802
f 802 2141 814
f 631 2157 648
f 648 2157 647
f 647 2157 646
f 646 2157 645
f 645 2157 644
f 644 2157 643
f 643 2157 2374
f 643 2374 642
f 642 2374 641
f 641 2374 640
f 640 2374 639
f 620 2069 630
f 630 2069 629
f 629 2069 628
f 628 2069 2378
f 628 2378 627
f 627 2378 626
f 626 2378 625
f 625 2378 2054
f 625 2054 624
f 624 2054 623
f 623 2054 622
f 622 2054 621
f 602 2029 619
f 619 2029 618
f 618 2029 2379
f 618 2379 617
f 617 2379 616
f 616 2379 615
f 615 2379 614
f 614 2379 2028
f 614 2028 613
f 613 2028 612
f 612 2028 611
f 611 2028 610
f 591 2375 601
f 601 2375 600
f 600 2375 599
f 599 2375 598
f 598 2375 597
f 597 2375 596
f 596 2375 2154
f 596 2154 595
f 595 2154 594
f 594 2154 593
f 593 2154 592
f 2380 2381 2382
f 2383 2384 2385
f 2380 2382 2386
f 2386 2382 2387
f 2387 2382 2388
f 2387 2388 2389
f 2388 2390 2389
f 2389 2390 2391
f 2391 2390 2392
f 2392 2390 2393
f 2392 2393 2384
f 2384 2393 2394
f 2384 2394 2385
f 2395 2396 2397
f 2397 2396 1883
f 2397 1883 1887
f 2398 2399 1578
f 2400 2401 2402
f 2398 1578 2403
f 2403 1578 1572
f 2403 1572 2404
f 2404 1572 2405
f 2404 2405 2406
f 2405 2407 2406
f 2406 2407 2408
f 2406 2408 2409
f 2409 2408 2410
f 2409 2410 2401
f 2401 2410 2402
f 2411 2412 2413
f 2414 2411 2413
f 2414 2413 1818
f 1818 2413 1814
f 2415 2416 2417
f 2418 2419 2420
f 2415 2417 2421
f 2421 2417 2422
f 2422 2417 2423
f 2422 2423 2424
f 2423 2425 2424
f 2424 2425 2426
f 2426 2425 2427
f 2426 2427 2428
f 2428 2427 1963
f 2428 1963 1962
f 2428 1962 2419
f 2419 1962 2420
f 1837 2429 1831
f 2429 2419 1831
f 2419 2429 2430
f 2430 2429 2424
f 2431 1891 2432
f 2433 2434 2435
f 2431 2432 2436
f 2436 2432 1550
f 2436 1550 2437
f 2437 1550 2438
f 2437 2438 2439
f 2438 2440 2439
f 2439 2440 2441
f 2441 2440 2442
f 2441 2442 2443
f 2443 2442 1936
f 2443 1936 2434
f 2434 1936 2435
f 1845 2444 2437
f 2437 2445 1845
f 1845 2445 2446
f 1845 1849 2444
f 2447 2448 2449
f 2450 2451 2452
f 2447 2449 2453
f 2453 2449 2454
f 2454 2449 2455
f 2454 2455 2456
f 2455 2457 2456
f 2456 2457 2458
f 2458 2457 2459
f 2458 2459 2460
f 2458 2460 2451
f 2451 2460 2452
f 2461 2454 2462
f 2458 2462 2463
f 2461 2462 1861
f 1861 2462 1857
f 2462 2454 2463
f 2464 1907 2465
f 2466 2467 1873
f 2464 2465 2468
f 2468 2465 1568
f 2468 1568 2469
f 2469 1568 2470
f 2469 2470 2471
f 2470 2472 2471
f 2471 2472 2473
f 2471 2473 2474
f 2474 2473 2475
f 2474 2475 2467
f 2467 2475 1873
f 2476 1871 1875
f 1871 2477 2478
f 1871 2476 2477
f 2479 2480 2481
f 2481 2482 2479
f 2482 2483 2479
f 2479 2483 2480
f 2480 2280 2481
f 2481 2280 2283
f 2481 2283 2282
f 2481 2282 2482
f 2482 2282 2483
f 2483 2282 2281
f 2483 2281 2280
f 2483 2280 2480
f 2484 2485 2486
f 2486 2487 2484
f 2487 2488 2484
f 2484 2488 2485
f 2485 2260 2259
f 2485 2259 2486
f 2486 2259 2261
f 2486 2261 2487
f 2487 2261 2488
f 2488 2261 2258
f 2488 2258 2485
f 2485 2258 2260
f 2489 2490 2491
f 2491 2490 2492
f 2492 2493 2491
f 2491 2493 2489
f 2489 2275 2490
f 2490 2275 2273
f 2490 2273 2492
f 2492 2273 2277
f 2492 2277 2493
f 2493 2277 2276
f 2493 2276 2489
f 2489 2276 2275
f 2494 2495 2496
f 2494 2496 2497
f 2497 2498 2494
f 2498 2499 2494
f 2499 2495 2494
f 2495 2262 2496
f 2496 2262 2265
f 2496 2265 2497
f 2497 2265 2267
f 2497 2267 2498
f 2498 2267 2270
f 2498 2270 2263
f 2498 2263 2499
f 2499 2263 2495
f 2495 2263 2262
f 2500 2501 2502
f 2502 2503 2500
f 2503 2504 2500
f 2504 2501 2500
f 2501 2254 2502
f 2502 2254 2251
f 2502 2251 2250
f 2502 2250 2503
f 2503 2250 2253
f 2503 2253 2504
f 2504 2253 2254
f 2504 2254 2501
f 2505 2506 2507
f 2505 2507 2508
f 2508 2509 2505
f 2509 2510 2505
f 2510 2506 2505
f 2506 2286 2507
f 2507 2286 2290
f 2507 2290 2508
f 2508 2290 2288
f 2508 2288 2509
f 2509 2288 2284
f 2509 2284 2510
f 2510 2284 2506
f 2506 2284 2286
f 1337 2024 2511
f 2511 2024 2512
f 2032 2034 2513
f 2514 2515 2513
f 1919 2516 2032
f 2032 2516 2024
f 2032 2513 2515
f 2032 2515 1919
f 2517 2518 1419
f 1419 2518 2513
f 2519 2163 2130
f 2519 2130 2520
f 2521 1516 2130
f 2521 2130 2112
f 2522 2520 2130
f 2522 2130 1516
f 2523 2524 1393
f 1393 2524 2112
f 2525 2519 2526
f 2525 2526 2527
f 2010 2017 2528
f 2529 1509 2528
f 2530 2531 2010
f 2010 2531 1999
f 2010 2528 1509
f 2010 1509 2530
f 2532 2533 1465
f 1465 2533 2528
f 1348 1999 2534
f 2534 1999 2535
f 2536 2091 2090
f 2536 2090 2537
f 2538 2539 2090
f 2538 2090 2060
f 1911 2537 2090
f 1911 2090 2539
f 2540 2541 1483
f 1483 2541 2060
f 2542 2536 2543
f 2542 2543 2544
f 1581 2545 2041
f 2041 2545 2051
f 2546 2545 2547
f 2547 2545 1581
f 2548 2549 2550
f 2550 2549 1611
f 2550 1611 2048
f 2048 1611 2049
f 2048 2051 2545
f 2048 2545 2550
f 2545 2546 2551
f 2545 2552 2553
f 2545 2553 2550
f 2550 2553 2554
f 2555 1649 2556
f 2556 1649 2548
f 2551 2552 2545
f 1649 2555 1646
f 1646 2555 2551
f 2546 1646 2551
f 2556 2548 2554
f 2554 2548 2550
f 2557 2558 1757
f 1757 2558 1754
f 2559 2560 2561
f 2561 2560 2562
f 2559 2563 2560
f 2557 2564 2562
f 2565 1754 2566
f 2566 1754 2558
f 2563 2559 2566
f 2557 1757 2564
f 2566 2559 2565
f 2562 2564 2561
f 1616 2559 1700
f 1700 2559 1716
f 2565 2559 2567
f 2567 2559 1616
f 1713 1716 2559
f 2561 1713 2559
f 2564 2568 2561
f 2561 2568 1645
f 2561 1645 1713
f 1713 1645 1715
f 1748 2569 1746
f 2570 2571 2572
f 1748 1750 2573
f 2570 2572 2574
f 2574 2572 2575
f 2569 2576 1746
f 2573 2577 2575
f 2575 2577 2574
f 2576 2569 2570
f 2570 2569 2571
f 1750 2577 2573
f 1640 2570 1687
f 1687 2570 1688
f 2576 2570 2578
f 2578 2570 1640
f 1690 1688 2570
f 1690 2570 2574
f 2577 2579 2574
f 2574 2579 1588
f 2574 1588 1690
f 1690 1588 1680
f 1606 2580 1733
f 1733 2580 1735
f 2581 2580 2582
f 2582 2580 1606
f 2583 2584 2585
f 2585 2584 1620
f 2585 1620 1730
f 1730 1620 1731
f 1730 1735 2580
f 1730 2580 2585
f 2580 2586 2585
f 2580 2587 2586
f 1654 2588 1652
f 2589 1654 1656
f 2588 2581 1652
f 2589 2583 2585
f 2589 2585 2586
f 2581 2588 2587
f 2581 2587 2580
f 1656 2583 2589
f 2590 2588 2591
f 2591 2588 1654
f 2591 1654 2589
f 2591 2589 2592
f 2592 2589 2593
f 2593 2589 2586
f 2593 2586 2594
f 2594 2586 2587
f 2594 2587 2595
f 2595 2587 2590
f 2590 2587 2588
f 2596 2595 2590
f 2594 2595 2596
f 2596 2593 2594
f 2596 2592 2593
f 2596 2591 2592
f 2596 2590 2591
f 2597 2575 2598
f 2598 2575 2572
f 2598 2572 2599
f 2599 2572 2571
f 2599 2571 2600
f 2600 2571 2569
f 2600 2569 1748
f 2600 1748 2601
f 2601 1748 2573
f 2601 2573 2597
f 2597 2573 2575
f 2602 2597 2598
f 2601 2597 2602
f 2600 2601 2602
f 2602 2599 2600
f 2598 2599 2602
f 2603 2557 2604
f 2604 2557 2562
f 2604 2562 2605
f 2605 2562 2560
f 2605 2560 2606
f 2606 2560 2563
f 2606 2563 2607
f 2607 2563 2566
f 2607 2566 2608
f 2608 2566 2558
f 2608 2558 2603
f 2603 2558 2557
f 2605 2608 2603
f 2605 2607 2608
f 2605 2606 2607
f 2605 2603 2604
f 2609 2552 2610
f 2610 2552 2551
f 2610 2551 2611
f 2611 2551 2555
f 2611 2555 2612
f 2612 2555 2556
f 2612 2556 2613
f 2613 2556 2554
f 2613 2554 2553
f 2613 2553 2609
f 2609 2553 2552
f 2611 2609 2610
f 2611 2613 2609
f 2611 2612 2613
f 2161 2614 2162
f 2162 2614 2615
f 2614 2161 2519
f 1420 2616 1421
f 2614 2519 2617
f 1421 2616 2617
f 2525 2617 2519
f 2618 2371 2615
f 2615 2371 2162
f 2371 2618 1420
f 1420 2618 2616
f 2525 1421 2617
f 2619 2620 2513
f 2621 2375 1410
f 2154 2375 2622
f 1419 2623 1410
f 1410 2623 2621
f 2375 2621 2622
f 2513 2155 2619
f 1419 2620 2623
f 2622 2619 2154
f 2154 2619 2155
f 1419 2513 2620
f 2624 2157 2156
f 2624 2156 2625
f 2157 2624 2626
f 1430 2627 1431
f 2536 2628 2625
f 2629 1430 2626
f 2626 1430 2374
f 1430 2629 2627
f 1431 2627 2628
f 2626 2374 2157
f 2625 2156 2536
f 2542 1431 2628
f 2628 2536 2542
f 2630 2631 2528
f 2528 2631 1465
f 2159 2632 2630
f 2159 2630 2160
f 1465 2631 2633
f 2632 2159 2634
f 2634 2159 2373
f 2635 1456 2633
f 2528 2160 2630
f 1465 2633 1456
f 2634 2373 1456
f 2634 1456 2635
f 2631 2636 2633
f 2633 2636 1638
f 2633 1638 1631
f 2633 1631 2635
f 2635 1631 1641
f 2635 1641 2634
f 2634 1641 1708
f 2634 1708 1706
f 2634 1706 2632
f 2632 1706 1699
f 2632 1699 2630
f 2630 1699 1711
f 2630 1711 2631
f 2631 1711 1714
f 2631 1714 2636
f 2629 1643 1634
f 2629 1634 2627
f 2627 1634 2628
f 2628 1634 1637
f 2628 1637 1686
f 2628 1686 1681
f 2628 1681 2625
f 2625 1681 1674
f 2625 1674 2624
f 2624 1674 2626
f 2626 1674 1675
f 2626 1675 2629
f 2629 1675 1643
f 2620 1603 2623
f 2623 1603 1602
f 2623 1602 2621
f 2621 1602 1610
f 2621 1610 2043
f 2621 2043 2037
f 2621 2037 2622
f 2622 2037 2038
f 2622 2038 2619
f 2619 2038 2047
f 2619 2047 2620
f 2620 2047 2050
f 2620 2050 1603
f 2618 1607 1597
f 2618 1597 2616
f 2616 1597 1596
f 2616 1596 2617
f 2617 1596 1732
f 2617 1732 1734
f 2617 1734 2614
f 2614 1734 1724
f 2614 1724 1720
f 2614 1720 2615
f 2615 1720 1718
f 2615 1718 2618
f 2618 1718 1717
f 2618 1717 1607
f 2161 2163 2519
f 2156 2091 2536
f 2513 2034 2155
f 2528 2017 2160
f 2637 1329 2638
f 2638 1329 1328
f 2639 1322 2640
f 2640 1322 1321
f 2641 2642 2643
f 2643 2642 2644
f 2643 2644 2645
f 2646 2647 1322
f 1322 2647 1328
f 2642 2648 2644
f 2644 2648 2649
f 1322 2639 2646
f 2647 2650 1328
f 2644 2649 2651
f 2650 2638 1328
f 2639 2651 2646
f 2651 2639 2644
f 2638 2650 2648
f 2642 2638 2648
f 2652 2653 1332
f 1332 2653 1319
f 1319 2653 2654
f 1319 2654 1321
f 2655 2656 2657
f 2655 2641 2656
f 2654 2640 1321
f 2637 2641 2652
f 1332 1329 2652
f 2652 1329 2637
f 2655 2652 2641
f 2640 2657 2656
f 2654 2657 2640
f 2658 1316 2659
f 2659 1316 1327
f 2660 1345 2661
f 2661 1345 1342
f 2662 2663 2664
f 2662 2664 2665
f 2663 2666 2664
f 1345 2660 2667
f 2666 2668 2664
f 1345 2667 2669
f 1327 2670 2659
f 2671 2660 2664
f 2660 2671 2667
f 1345 2669 1327
f 1327 2669 2670
f 2666 2663 2670
f 2663 2659 2670
f 2664 2668 2671
f 1314 2672 2673
f 1314 2673 1341
f 1341 2673 1342
f 1342 2673 2674
f 2662 2675 2676
f 2676 2675 2677
f 1314 1316 2672
f 2672 1316 2658
f 2674 2678 1342
f 2658 2676 2672
f 2676 2677 2672
f 2678 2675 2662
f 2678 2674 2675
f 2679 1478 2680
f 2680 1478 1476
f 2681 1473 2682
f 2682 1473 1472
f 2683 2684 2685
f 2683 2685 2686
f 2687 1473 2688
f 1473 2687 2689
f 2688 2681 2685
f 1473 2689 1476
f 2685 2690 2688
f 1476 2689 2691
f 1476 2691 2680
f 2684 2692 2690
f 2684 2690 2685
f 2681 2688 1473
f 2680 2691 2692
f 2684 2680 2692
f 2693 2694 2679
f 2695 2696 2697
f 1478 2694 1480
f 1480 2694 2698
f 1480 2698 1471
f 2679 2694 1478
f 1471 2698 2699
f 1471 2699 1472
f 2695 2697 2700
f 2700 2697 2693
f 1472 2699 2682
f 2696 2695 2682
f 2679 2700 2693
f 2682 2699 2696
f 2701 1460 2702
f 2702 1460 1459
f 2703 1454 2704
f 2704 1454 1450
f 2705 2706 2707
f 2707 2706 2708
f 2709 1454 2710
f 1454 2709 1459
f 2711 2705 2707
f 2703 2712 1454
f 1454 2712 2710
f 2713 2702 1459
f 1459 2709 2713
f 2707 2714 2711
f 2702 2713 2714
f 2711 2712 2705
f 2712 2703 2705
f 2707 2702 2714
f 1462 1460 2715
f 2715 1460 2701
f 1462 2715 2716
f 1462 2716 1449
f 1449 2716 2717
f 1449 2717 1450
f 2718 2719 2720
f 1450 2717 2718
f 2718 2717 2721
f 2719 2718 2721
f 2720 2719 2715
f 2701 2720 2715
f 2722 1444 2723
f 2723 1444 1443
f 2724 1435 2725
f 2725 1435 1439
f 2726 2727 2728
f 2728 2727 2729
f 2730 1435 2731
f 2724 2731 1435
f 2730 2732 1435
f 1435 2732 1443
f 2728 2733 2726
f 2726 2733 2734
f 2735 1443 2732
f 1443 2735 2723
f 2724 2726 2734
f 2733 2728 2723
f 2731 2724 2734
f 2723 2735 2733
f 2736 2729 2737
f 1447 2738 1438
f 1438 2738 2739
f 1438 2739 1439
f 2737 2740 2736
f 2741 1447 1444
f 2741 1444 2722
f 1447 2741 2738
f 2741 2722 2736
f 1439 2739 2737
f 2722 2729 2736
f 2737 2739 2740
f 2742 1395 2743
f 2743 1395 1401
f 2744 1425 2745
f 2745 1425 1429
f 2746 2747 2748
f 2746 2748 2749
f 2750 2746 2751
f 1401 2751 2743
f 2746 2750 2747
f 1425 2752 2753
f 2751 2746 2743
f 1425 2753 1401
f 1401 2753 2751
f 2744 2747 2754
f 2754 2752 2744
f 2744 2752 1425
f 2747 2750 2754
f 1428 2755 1429
f 2756 2757 2748
f 1429 2755 2758
f 1429 2758 2745
f 1397 2759 2760
f 1397 2760 2755
f 1397 2755 1428
f 1397 1395 2759
f 2759 1395 2742
f 2756 2748 2758
f 2757 2756 2759
f 2758 2748 2745
f 2759 2742 2757
f 2761 1414 2762
f 2762 1414 1413
f 2763 1408 2764
f 2764 1408 1404
f 2765 2766 2767
f 2768 2765 2767
f 2768 2769 2765
f 2768 2770 2769
f 2771 1413 2772
f 2772 1413 1408
f 2768 2762 2770
f 1413 2771 2762
f 2762 2771 2770
f 2763 2773 1408
f 2773 2772 1408
f 2765 2769 2773
f 2773 2763 2765
f 1403 2774 1404
f 1404 2774 2775
f 1404 2775 2776
f 2776 2775 2777
f 1416 2778 2774
f 1416 2774 1403
f 2776 2777 2779
f 2776 2779 2767
f 1416 1414 2778
f 2778 1414 2761
f 2778 2761 2780
f 2767 2779 2780
f 2761 2767 2780
f 2781 1359 2782
f 2782 1359 1375
f 2783 1356 2784
f 2784 1356 1353
f 2785 2786 2787
f 2785 2787 2788
f 2788 2787 2789
f 2790 2791 1375
f 2786 2792 2787
f 1375 2791 2782
f 1356 2783 2793
f 2786 2791 2792
f 1356 2793 2794
f 1356 2794 2790
f 1356 2790 1375
f 2786 2782 2791
f 2793 2783 2787
f 2792 2793 2787
f 1352 2795 1353
f 1359 2796 2797
f 1359 2797 1357
f 1357 2797 1352
f 1352 2797 2795
f 2798 2799 1353
f 2798 1353 2795
f 2799 2800 2801
f 2799 2801 2788
f 2788 2801 2785
f 2785 2801 2796
f 2785 2796 2781
f 2796 1359 2781
f 2800 2799 2798
f 2802 1364 2803
f 2803 1364 1369
f 2804 1370 2805
f 2805 1370 1363
f 2806 2807 2808
f 2808 2807 2809
f 2808 2809 2810
f 1370 2811 1369
f 1369 2811 2812
f 2807 2813 2809
f 2809 2813 2814
f 2815 2811 1370
f 2812 2803 1369
f 2813 2807 2812
f 2807 2803 2812
f 2809 2814 2815
f 1370 2804 2815
f 2815 2804 2809
f 2816 2806 2817
f 2818 2817 2806
f 1364 2819 1363
f 1363 2819 2820
f 2802 2806 2816
f 2816 2819 2802
f 2802 2819 1364
f 1363 2820 2821
f 1363 2821 2805
f 2821 2817 2818
f 2805 2821 2818
f 2822 1388 2823
f 2823 1388 1386
f 2824 1383 2825
f 2825 1383 1382
f 2826 2827 2828
f 2826 2828 2829
f 2829 2828 2830
f 1383 2831 2832
f 1383 2832 1386
f 1386 2832 2823
f 2823 2832 2833
f 2833 2834 2827
f 2827 2834 2828
f 1383 2835 2831
f 2835 1383 2824
f 2835 2824 2828
f 2828 2834 2835
f 2827 2823 2833
f 2836 2829 2837
f 2837 2829 2838
f 2839 2840 1381
f 1381 2840 1382
f 1382 2840 2838
f 1381 1390 2841
f 2839 1381 2841
f 1388 2841 1390
f 2841 1388 2842
f 2842 1388 2822
f 2838 2840 2837
f 2829 2836 2843
f 2822 2843 2842
f 2843 2836 2842
f 2834 2837 2835
f 2835 2837 2840
f 2835 2840 2831
f 2831 2840 2839
f 2831 2839 2832
f 2832 2839 2841
f 2832 2841 2833
f 2833 2841 2842
f 2833 2842 2836
f 2833 2836 2834
f 2834 2836 2837
f 2813 2817 2814
f 2814 2817 2815
f 2815 2817 2821
f 2815 2821 2820
f 2815 2820 2811
f 2811 2820 2819
f 2811 2819 2812
f 2812 2819 2816
f 2812 2816 2813
f 2813 2816 2817
f 2792 2801 2800
f 2792 2800 2793
f 2793 2800 2798
f 2793 2798 2795
f 2793 2795 2794
f 2794 2795 2797
f 2794 2797 2790
f 2790 2797 2796
f 2790 2796 2791
f 2791 2796 2792
f 2792 2796 2801
f 2773 2775 2772
f 2772 2775 2774
f 2772 2774 2771
f 2771 2774 2778
f 2771 2778 2770
f 2770 2778 2780
f 2770 2780 2769
f 2769 2780 2779
f 2769 2779 2777
f 2769 2777 2773
f 2773 2777 2775
f 2754 2758 2752
f 2752 2758 2755
f 2752 2755 2753
f 2753 2755 2760
f 2753 2760 2751
f 2751 2760 2759
f 2751 2759 2750
f 2750 2759 2756
f 2750 2756 2754
f 2754 2756 2758
f 2735 2741 2733
f 2733 2741 2736
f 2733 2736 2734
f 2734 2736 2740
f 2734 2740 2731
f 2731 2740 2739
f 2731 2739 2730
f 2730 2739 2732
f 2732 2739 2738
f 2732 2738 2741
f 2732 2741 2735
f 2713 2715 2714
f 2714 2715 2719
f 2714 2719 2711
f 2711 2719 2712
f 2712 2719 2721
f 2712 2721 2710
f 2710 2721 2717
f 2710 2717 2709
f 2709 2717 2716
f 2709 2716 2713
f 2713 2716 2715
f 2689 2694 2691
f 2691 2694 2693
f 2691 2693 2692
f 2692 2693 2690
f 2690 2693 2697
f 2690 2697 2696
f 2690 2696 2688
f 2688 2696 2699
f 2688 2699 2687
f 2687 2699 2698
f 2687 2698 2689
f 2689 2698 2694
f 2667 2673 2669
f 2669 2673 2672
f 2669 2672 2670
f 2670 2672 2666
f 2666 2672 2677
f 2666 2677 2675
f 2666 2675 2668
f 2668 2675 2671
f 2671 2675 2674
f 2671 2674 2667
f 2667 2674 2673
f 2647 2653 2650
f 2650 2653 2652
f 2650 2652 2648
f 2648 2652 2655
f 2648 2655 2649
f 2649 2655 2657
f 2649 2657 2651
f 2651 2657 2646
f 2646 2657 2654
f 2646 2654 2647
f 2647 2654 2653
f 2844 2845 2846
f 2844 2846 2847
f 2848 2849 2850
f 2850 2849 2851
f 2852 2853 2854
f 2852 1865 2855
f 1868 2855 1865
f 1865 2852 2854
f 2856 2853 2857
f 2856 2857 1868
f 1868 2857 2855
f 2858 2859 2860
f 2858 2860 2861
f 2862 2863 2864
f 2864 2863 2865
f 1828 2866 1825
f 2867 2868 2869
f 1825 2870 2871
f 2870 2868 2871
f 2870 1825 2866
f 2867 2869 1828
f 1828 2869 2866
f 2872 2868 2873
f 2873 2868 2870
f 2873 2870 2874
f 2874 2870 2866
f 2874 2866 2875
f 2875 2866 2869
f 2875 2869 2876
f 2876 2869 2872
f 2872 2869 2868
f 2872 2874 2875
f 2872 2873 2874
f 2872 2875 2876
f 2877 2853 2878
f 2878 2853 2852
f 2878 2852 2879
f 2879 2852 2855
f 2879 2855 2880
f 2880 2855 2857
f 2880 2857 2881
f 2881 2857 2877
f 2877 2857 2853
f 2877 2880 2881
f 2879 2880 2877
f 2877 2878 2879
f 1806 1805 2882
f 2883 1806 2882
f 2883 2882 1536
f 2884 2885 2886
f 2884 2886 1519
f 1519 2886 1525
f 2887 2888 1851
f 1851 2888 2889
f 1851 2889 1850
f 2890 2891 1850
f 2890 2892 2891
f 2891 2892 2893
f 2893 2892 2894
f 2893 2894 2895
f 2888 2887 2895
f 2888 2895 2894
f 1850 2889 2890
f 2884 1519 2896
f 2896 1519 1510
f 2896 1510 2897
f 2897 1510 1513
f 2897 1513 2898
f 2898 1513 1512
f 2898 1512 2899
f 2899 1512 2882
f 2882 1512 1496
f 1536 2882 1496
f 2900 2901 2902
f 2903 2900 2902
f 2903 2902 1507
f 2904 2905 2906
f 2904 2907 2180
f 1921 2904 1925
f 1925 2904 2180
f 2906 2907 2904
f 2908 1807 2909
f 2908 2909 2910
f 2910 2909 2911
f 2910 2911 2912
f 2912 2911 2913
f 2912 2913 2914
f 2914 2913 2915
f 2914 2915 1808
f 1808 2915 2916
f 1808 2916 1807
f 1807 2916 2909
f 1921 2917 2904
f 1921 1920 2918
f 2918 2917 1921
f 1917 2919 1920
f 1920 2919 2918
f 1917 2920 2919
f 1916 2920 1917
f 2920 1916 2902
f 1492 2902 1916
f 1507 2902 1492
f 2921 2922 2923
f 2924 2921 2923
f 2924 2923 1910
f 2924 1910 1923
f 2925 1892 2926
f 2926 1892 2927
f 2926 2927 1495
f 1495 2927 1537
f 2928 1842 1840
f 2928 1840 2929
f 2930 2931 2928
f 2928 2931 1842
f 2929 1840 2932
f 2929 2932 2933
f 2931 2930 2934
f 2934 2930 2935
f 2934 2935 2936
f 2936 2935 2933
f 2936 2933 2932
f 1495 1915 2926
f 2926 1915 2937
f 2937 1915 1912
f 2937 1912 2938
f 2938 1912 2939
f 2939 1912 1914
f 2939 1914 2940
f 2940 1914 1910
f 2940 1910 2923
f 2941 2942 2943
f 2944 2941 2943
f 2944 2943 1521
f 2944 1521 1526
f 2945 2946 2947
f 2947 2946 2948
f 2947 2948 1491
f 1491 2948 1506
f 2949 1880 1878
f 2949 1878 2950
f 2950 2947 2951
f 2951 2947 2952
f 2951 2952 2953
f 2953 2952 2954
f 2947 2950 1878
f 2955 2954 2949
f 2949 2954 1880
f 2953 2954 2955
f 2947 1491 2956
f 1491 1518 2956
f 1521 2943 2957
f 1521 2957 1517
f 1517 2957 2958
f 1517 2958 2959
f 1517 2959 1514
f 1514 2959 2960
f 1514 2960 2956
f 1514 2956 1518
f 2961 2962 2963
f 2963 2962 2964
f 2963 2964 2965
f 2963 2965 2966
f 2966 2961 2963
f 2961 2888 2962
f 2962 2888 2894
f 2962 2894 2964
f 2964 2894 2892
f 2964 2892 2890
f 2964 2890 2965
f 2965 2890 2889
f 2965 2889 2966
f 2966 2889 2961
f 2961 2889 2888
f 2967 2968 2969
f 2969 2970 2967
f 2970 2971 2967
f 2967 2971 2972
f 2972 2973 2967
f 2973 2968 2967
f 2968 2929 2969
f 2969 2929 2933
f 2969 2933 2970
f 2970 2933 2935
f 2970 2935 2971
f 2971 2935 2930
f 2971 2930 2972
f 2972 2930 2973
f 2973 2930 2928
f 2973 2928 2968
f 2968 2928 2929
f 2974 2975 2976
f 2975 2977 2976
f 2977 2978 2976
f 2976 2978 2979
f 2976 2979 2980
f 2980 2974 2976
f 2974 2953 2975
f 2975 2953 2955
f 2975 2955 2977
f 2977 2955 2949
f 2977 2949 2978
f 2978 2949 2950
f 2978 2950 2979
f 2979 2950 2951
f 2979 2951 2980
f 2980 2951 2974
f 2974 2951 2953
f 2981 2982 2983
f 2982 2984 2983
f 2983 2984 2985
f 2985 2986 2983
f 2983 2986 2981
f 2981 2909 2916
f 2981 2916 2982
f 2982 2916 2915
f 2982 2915 2984
f 2984 2915 2913
f 2984 2913 2985
f 2985 2913 2911
f 2985 2911 2986
f 2986 2911 2909
f 2986 2909 2981
f 1475 1678 1588
f 1588 1678 1680
f 1581 2041 2044
f 1581 2044 1338
f 1608 1719 1424
f 1604 1606 1737
f 1604 1737 1732
f 2050 2049 1613
f 1613 2049 1611
f 1411 2042 1605
f 1398 1743 1742
f 1398 1742 1407
f 1385 1729 1620
f 1620 1729 1731
f 1616 1700 1703
f 1616 1703 1349
f 1441 1693 1696
f 1441 1696 1453
f 1684 1676 1434
f 1639 1640 1689
f 1639 1689 1686
f 2372 1707 1457
f 1714 1715 1644
f 1644 1715 1645
f 1673 1672 1625
f 1625 1672 2207
f 1625 2207 2987
f 2987 2207 2206
f 2987 2206 1623
f 1623 2206 1759
f 1759 2206 1760
f 1772 1771 1594
f 1594 1771 2193
f 1594 2193 2988
f 2988 2193 2194
f 2988 2194 1590
f 1590 2194 1660
f 1660 2194 1661
f 1366 1368 1627
f 1627 1368 1524
f 1627 1524 2989
f 1627 2989 1628
f 1628 2989 2990
f 1628 2990 1378
f 1378 2990 1376
f 1334 1330 1592
f 1592 1330 2991
f 1592 2991 2992
f 1592 2992 1593
f 1593 2992 2993
f 1593 2993 1468
f 1468 2993 1466
f 1638 1714 1644
f 1714 1638 2636
f 1708 1457 1707
f 1641 1457 1708
f 1434 1643 1684
f 1643 1675 1684
f 1637 1639 1686
f 1596 1604 1732
f 1717 1719 1607
f 1607 1719 1608
f 2043 1605 2042
f 1610 1605 2043
f 1603 2050 1613
f 1666 2548 1649
f 2548 1666 2549
f 1647 1646 2546
f 2546 2547 1647
f 2583 1659 2584
f 2583 1656 1659
f 2581 2582 1652
f 1652 2582 1651
f 1766 2564 1757
f 2564 1766 2568
f 1755 1754 2565
f 2565 2567 1755
f 2577 1753 2579
f 2577 1750 1753
f 2576 2578 1746
f 1746 2578 1745
f 1433 1435 1442
f 1442 1435 1443
f 1455 1454 1458
f 1458 1454 1459
f 1371 1370 1367
f 1367 1370 1369
f 1379 1383 1387
f 1387 1383 1386
f 1355 1356 1374
f 1374 1356 1375
f 1409 1408 1412
f 1412 1408 1413
f 1423 1425 1399
f 1399 1425 1401
f 1344 1345 1326
f 1326 1345 1327
f 1469 1473 1477
f 1477 1473 1476
f 1323 1322 1333
f 1333 1322 1328
f 1875 1907 2464
f 2466 1873 1872
f 2994 1796 2844
f 2847 2994 2844
f 1790 2944 1526
f 2942 1906 1880
f 2942 2941 1906
f 1804 1908 2845
f 2845 1908 2846
f 1788 1525 2886
f 2848 2850 1781
f 2850 1783 1781
f 2851 2849 1866
f 1866 2849 1889
f 1861 1862 2447
f 2447 1862 2448
f 1859 2450 2452
f 1859 1858 2450
f 1854 1890 2885
f 1946 1537 2927
f 1536 1948 2883
f 1849 1891 2431
f 1895 2433 2435
f 1895 1847 2433
f 1892 2925 1840
f 1836 1834 2418
f 2418 2420 1836
f 1923 2183 2924
f 2922 2921 1896
f 2922 1896 1842
f 1837 1897 2415
f 2415 1897 2416
f 2865 1822 1824
f 2863 1822 2865
f 2862 2864 2176
f 2186 2176 2864
f 2995 2170 2858
f 2861 2995 2858
f 1827 1898 2859
f 2859 1898 2860
f 1816 2400 2402
f 1816 1815 2400
f 1818 1819 2398
f 2398 1819 2399
f 1811 1899 2905
f 2905 1899 2906
f 1959 1506 2948
f 1507 1960 2903
f 2900 1799 2901
f 1877 1902 2945
f 1902 2946 2945
f 1905 2383 2385
f 1905 1885 2383
f 1886 1901 2381
f 1886 2381 2380
f 2830 2828 2824
f 2824 2825 2830
f 2822 2823 2843
f 2826 2823 2827
f 2826 2843 2823
f 2744 2996 2747
f 2747 2996 2748
f 2744 2745 2996
f 2742 2743 2757
f 2749 2743 2746
f 2749 2757 2743
f 2763 2766 2765
f 2764 2766 2763
f 2761 2762 2997
f 2997 2762 2768
f 2768 2767 2997
f 2664 2660 2665
f 2660 2661 2665
f 2676 2658 2659
f 2659 2663 2662
f 2659 2662 2676
f 2645 2644 2639
f 2639 2640 2645
f 2638 2998 2637
f 2638 2642 2641
f 2638 2641 2998
f 2686 2685 2681
f 2681 2682 2686
f 2679 2680 2700
f 2683 2680 2684
f 2683 2700 2680
f 2724 2727 2726
f 2724 2725 2727
f 2722 2723 2999
f 2999 2723 2728
f 2728 2729 2999
f 2703 2706 2705
f 2703 2704 2706
f 2701 2702 2720
f 2720 2702 2707
f 2707 2708 2720
f 2787 2783 2789
f 2783 2784 2789
f 3000 2781 2782
f 2782 2786 2785
f 2782 2785 3000
f 2802 2803 3001
f 2803 2807 3001
f 2807 2806 3001
f 2810 2809 2804
f 2804 2805 2810
f 1482 2540 1483
f 2538 2060 2541
f 2543 2536 2537
f 2544 1431 2542
f 1432 1431 2544
f 2532 1465 1464
f 2529 2528 2533
f 2535 1999 2531
f 1348 2534 1346
f 1392 2523 1393
f 2517 1419 1418
f 2514 2513 2518
f 2512 2024 2516
f 1337 2511 1335
f 2521 2112 2524
f 2527 1421 2525
f 1422 1421 2527
f 2526 2519 2520
f 1811 2905 1808
f 2905 2904 2914
f 2905 2914 1808
f 2901 1799 1807
f 2920 2902 2908
f 2910 2920 2908
f 2919 2920 2910
f 2919 2910 2918
f 2910 2912 2918
f 2917 2918 2912
f 2904 2917 2912
f 2904 2912 2914
f 2902 2901 1807
f 2902 1807 2908
f 1858 1857 2450
f 2458 2463 2456
f 2456 2463 2454
f 1857 2462 2451
f 1857 2451 2450
f 2462 2458 2451
f 2453 2454 2461
f 2461 1861 2447
f 2461 2447 2453
f 1871 2466 1872
f 2469 2477 2476
f 2478 2477 2471
f 1871 2478 2467
f 2471 2477 2469
f 2474 2478 2471
f 2466 1871 2467
f 2478 2474 2467
f 2468 2469 2476
f 2476 1875 2468
f 2468 1875 2464
f 1885 1883 2383
f 2389 2395 2397
f 2396 2395 2392
f 2391 2395 2389
f 2389 2397 2387
f 1883 2396 2383
f 2383 2396 2384
f 2396 2392 2384
f 2395 2391 2392
f 2386 2387 2397
f 2397 1887 2386
f 2386 1887 2380
f 1887 1886 2380
f 1815 1814 2400
f 2413 2412 2409
f 2406 2412 2411
f 2404 2411 2414
f 2401 2413 2409
f 2409 2412 2406
f 2406 2411 2404
f 1814 2413 2401
f 1814 2401 2400
f 2403 2404 2414
f 2414 1818 2403
f 2403 1818 2398
f 1834 1831 2418
f 2419 2430 2428
f 2424 2429 2422
f 1831 2419 2418
f 2430 2424 2426
f 2430 2426 2428
f 2421 2422 2429
f 1837 2421 2429
f 2415 2421 1837
f 2434 2446 2443
f 2441 2445 2439
f 2439 2445 2437
f 1845 2446 2434
f 2433 1845 2434
f 2445 2441 2446
f 2446 2441 2443
f 2436 2437 2444
f 2444 1849 2431
f 2444 2431 2436
f 1847 1845 2433
f 2882 1805 1850
f 2882 1850 2891
f 2896 2895 2887
f 2897 2895 2896
f 2891 2893 2882
f 2882 2893 2899
f 2899 2893 2898
f 2898 2893 2895
f 2898 2895 2897
f 2884 2896 2887
f 2884 2887 1851
f 1851 2885 2884
f 1854 2885 1851
f 1878 1877 2945
f 2945 2947 1878
f 2960 2952 2947
f 2954 2952 2958
f 2943 2954 2957
f 2957 2954 2958
f 2958 2952 2959
f 2959 2952 2960
f 2956 2960 2947
f 2954 2943 1880
f 1880 2943 2942
f 2923 2922 1842
f 2923 1842 2931
f 2938 2936 2932
f 2923 2934 2940
f 2939 2934 2936
f 2938 2932 2937
f 2931 2934 2923
f 2940 2934 2939
f 2939 2936 2938
f 2926 2937 2932
f 2925 2932 1840
f 2926 2932 2925
f 1868 1804 2845
f 2845 2844 1868
f 1868 2844 2856
f 1796 2856 2844
f 2853 2856 1782
f 2856 1796 1782
f 2854 2853 1783
f 1783 2853 1782
f 2850 2854 1783
f 1865 2854 2850
f 1865 2850 2851
f 2851 1866 1865
f 1828 1827 2859
f 2859 2858 1828
f 1828 2858 2867
f 2170 2867 2858
f 2868 2867 2185
f 2185 2867 2170
f 2185 2186 2871
f 2185 2871 2868
f 2864 2871 2186
f 1825 2871 2865
f 2865 2871 2864
f 2865 1824 1825
f 1950 2948 2946
f 1951 1950 2946
f 2946 1902 1951
f 1956 1904 1905
f 1951 1902 1904
f 2385 1956 1905
f 1956 2385 2394
f 2382 2381 1542
f 1952 1956 2394
f 1952 2394 2393
f 1952 2393 1953
f 1541 2382 1542
f 2388 2382 1541
f 2393 2390 1953
f 2390 1543 1953
f 1543 2388 1541
f 2390 2388 1543
f 2381 1901 1542
f 1538 1900 1799
f 1539 1538 2900
f 2900 1538 1799
f 1901 1900 1538
f 1538 1542 1901
f 2903 1540 1539
f 2903 1539 2900
f 2847 2846 1778
f 1778 1776 2847
f 1778 2846 1908
f 1777 1778 1908
f 1775 1777 1873
f 1775 1873 2475
f 1774 2475 2473
f 2465 1907 1571
f 1775 2475 1774
f 1570 1774 2472
f 1568 2465 1571
f 2473 2472 1774
f 1570 2470 1568
f 2472 2470 1570
f 1907 1567 1571
f 1565 1567 1906
f 2941 1565 1906
f 1566 1565 2941
f 2941 2944 1566
f 1968 2886 1969
f 2886 2885 1969
f 1969 2885 1890
f 1970 1890 1860
f 1972 1970 1860
f 1972 1860 1859
f 1969 1890 1970
f 2452 1972 1859
f 1971 2460 2459
f 1971 1972 2452
f 1971 2452 2460
f 1564 2459 2457
f 1561 2449 2448
f 1561 2448 1562
f 2455 2449 1561
f 2459 1564 1971
f 2457 2455 1564
f 1564 2455 1561
f 1862 1562 2448
f 1862 1558 1562
f 1559 1558 1889
f 2849 1559 1889
f 1559 2848 1560
f 2848 1559 2849
f 1941 2927 1942
f 2927 1892 1942
f 1894 1942 1892
f 1940 1894 1895
f 1895 2435 1940
f 2432 1891 1548
f 1936 2442 1937
f 1936 1940 2435
f 1939 1937 2440
f 1550 2432 1548
f 2442 2440 1937
f 2440 2438 1939
f 1939 2438 1549
f 1549 2438 1550
f 1891 1545 1548
f 1546 1545 1806
f 2883 1547 1546
f 2883 1546 1806
f 2861 2860 1967
f 1967 1966 2861
f 1967 2860 1898
f 1835 1967 1898
f 1965 1835 1836
f 2420 1965 1836
f 1965 2420 1962
f 1551 2417 2416
f 1551 2416 1557
f 1553 2427 2425
f 2423 2417 1551
f 2427 1553 1963
f 1553 2423 1551
f 2425 2423 1553
f 1897 1557 2416
f 1897 1556 1557
f 1554 1556 1896
f 2921 1554 1896
f 1555 1554 2921
f 2924 1555 2921
f 1977 1976 2907
f 1977 2907 2906
f 1977 2906 1899
f 1978 1899 1817
f 1979 1978 1816
f 1816 1978 1817
f 1977 1899 1978
f 2402 1979 1816
f 1578 2399 1579
f 1973 2402 2410
f 1973 2410 2408
f 1973 2408 1974
f 1973 1979 2402
f 1574 1974 2407
f 2408 2407 1974
f 2407 2405 1574
f 1574 2405 1572
f 2399 1819 1579
f 1575 1577 1823
f 1575 1823 1822
f 1819 1823 1577
f 1577 1579 1819
f 2863 1575 1822
f 2863 1576 1575
f 2863 2862 1576
f 2168 1930 1931
f 2168 1931 2166
f 2166 1931 1926
f 2166 1926 2172
f 2169 2172 1928
f 2175 1928 1932
f 2172 1926 1928
f 2181 1934 1935
f 2907 1976 2180
f 1976 1975 2180
f 1975 1574 2182
f 2182 1574 2177
f 1573 1576 2179
f 2179 1576 2176
f 1574 1573 2177
f 2177 1573 2178
f 1573 2179 2178
f 2862 2176 1576
f 1566 2944 1790
f 1791 1792 1570
f 1791 1570 1569
f 1789 1569 1566
f 1789 1566 1790
f 1776 1773 1795
f 1795 1773 1794
f 1794 1773 1793
f 1773 1570 1792
f 1773 1792 1793
f 2847 1776 2994
f 2994 1776 1795
f 1796 2994 1795
f 1788 2886 1968
f 1968 1787 1788
f 1786 1564 1785
f 1563 1560 1779
f 1779 1560 1780
f 1564 1563 1784
f 1564 1784 1785
f 1784 1563 1779
f 1781 1780 1560
f 2848 1781 1560
f 1555 2924 2183
f 2184 2167 1553
f 2184 1553 1552
f 2183 2184 1552
f 1552 1555 2183
f 1966 1964 2171
f 2171 1964 2173
f 1964 2174 2173
f 1964 1553 2167
f 1964 2167 2174
f 2861 1966 2995
f 2995 1966 2171
f 2170 2995 2171
f 1946 2927 1941
f 1941 1943 1946
f 1938 1945 1943
f 1938 1939 1944
f 1939 1549 1944
f 1944 1549 1949
f 1949 1549 1947
f 1547 1947 1549
f 1947 1547 1948
f 1547 2883 1948
f 1959 2948 1950
f 1950 1955 1959
f 1954 1958 1955
f 1954 1953 1957
f 1953 1543 1957
f 1957 1543 1544
f 1957 1544 1961
f 1960 1961 1544
f 1960 1544 1540
f 1540 2903 1960
f 1870 2368 1874
f 1833 2369 1838
f 1803 1802 2367
f 2367 1870 1803
f 1881 1874 2368
f 1879 1903 1876
f 1797 1809 1798
f 1810 1813 1812
f 1826 1830 1829
f 1832 2369 1833
f 1843 1838 2369
f 2369 2370 1843
f 2370 1841 1843
f 2370 1839 1841
f 1846 1893 1839
f 1800 1852 1801
f 1853 1856 1855
f 1864 1867 1863
f 1486 2523 1392
f 2523 1486 1520
f 2523 1520 2524
f 2521 2524 1520
f 1368 1488 1524
f 2989 1524 1532
f 2989 1532 2990
f 2990 1532 1485
f 2990 1485 1376
f 1520 1516 2521
f 1516 1515 2522
f 2522 1515 2520
f 2520 1515 2526
f 2527 2526 1518
f 1518 2526 1515
f 1487 1346 2534
f 2534 2535 1508
f 2534 1508 1487
f 2527 1518 1491
f 2527 1491 1422
f 2531 1508 2535
f 1509 1508 2530
f 1508 2531 2530
f 1511 1509 2529
f 2533 1511 2529
f 1511 2532 1512
f 2532 1511 2533
f 1418 1492 1916
f 1418 1916 2517
f 1496 1512 2532
f 1464 1496 2532
f 1916 1918 2518
f 1916 2518 2517
f 2514 2518 1918
f 1918 1919 2515
f 1918 2515 2514
f 1919 1922 2516
f 2516 1922 2512
f 1432 1915 1495
f 2544 1915 1432
f 2511 2512 1498
f 1498 2512 1922
f 1498 1335 2511
f 2544 2543 1915
f 1915 2543 1913
f 2537 1913 2543
f 1913 2537 1911
f 1909 1911 2539
f 1909 2539 2538
f 1330 1499 2991
f 1927 1929 2992
f 1499 1927 2991
f 2991 1927 2992
f 2992 1929 2993
f 2993 1929 1501
f 2993 1501 1466
f 2541 1909 2538
f 2540 1502 2541
f 2541 1502 1909
f 1502 2540 1482
f 1450 2718 2704
f 2704 2718 2706
f 2718 2708 2706
f 2718 2720 2708
f 1439 2737 2725
f 2725 2737 2727
f 2737 2729 2727
f 2722 2999 2729
f 2682 2695 2686
f 2695 2700 2683
f 2695 2683 2686
f 2640 2656 2645
f 2656 2643 2645
f 2656 2641 2643
f 2641 2637 2998
f 1342 2678 2661
f 2661 2678 2665
f 2662 2665 2678
f 1404 2776 2764
f 2764 2776 2766
f 2776 2767 2766
f 2761 2997 2767
f 2996 2745 2748
f 2748 2757 2749
f 1353 2799 2784
f 2784 2799 2789
f 2799 2788 2789
f 2781 3000 2785
f 1382 2838 2825
f 2825 2838 2830
f 2829 2843 2826
f 2838 2829 2830
f 2805 2818 2810
f 2818 2808 2810
f 2806 2808 2818
f 2806 2802 3001
f 1986 2377 1996
f 2109 2097 2376
f 2130 2164 2100
f 2164 2130 2165
f 2130 2163 2165
f 2379 2029 2028
f 2089 2091 2158
f 2069 2054 2378
f 1687 1689 1640
f 1733 1737 1606
f 1632 1645 2568
f 1632 2568 1766
f 1745 1633 1629
f 1630 1632 1766
f 1633 2578 1642
f 1633 1745 2578
f 1640 1642 2578
f 1581 1583 2547
f 1583 1647 2547
f 1587 1590 1660
f 1582 1647 1583
f 1590 1591 2988
f 2988 1591 1594
f 1772 1594 1586
f 1580 1589 1753
f 1753 1752 1580
f 1752 1769 1580
f 1580 1769 1586
f 1586 1769 1772
f 1589 2579 1753
f 1589 1588 2579
f 1612 1611 2549
f 1612 1666 1601
f 1612 2549 1666
f 1651 1595 1598
f 1666 1667 1601
f 1601 1667 1600
f 1595 2582 1609
f 1595 1651 2582
f 1606 1609 2582
f 1621 1620 2584
f 1621 2584 1659
f 1614 1621 1659
f 1659 1658 1614
f 1658 1670 1614
f 1614 1670 1615
f 1615 1670 1673
f 1623 1626 2987
f 2987 1626 1625
f 1673 1625 1615
f 1624 1623 1759
f 1617 1619 1765
f 1617 1765 1755
f 1617 1755 1618
f 1618 1755 2567
f 1616 1618 2567
f 2189 2235 2188
f 2188 2236 2201
f 2201 2236 2239
f 2201 2239 2200
f 2187 2246 2208
f 2208 2246 2218
f 2208 2218 2215
f 2213 2221 2212
f 2210 2225 2209
f 1480 1500 1479
f 1470 1500 1471
f 1471 1500 1480
f 1341 1315 1314
f 1341 1343 1315
f 1319 1497 1331
f 1319 1331 1332
f 1319 1318 1497
f 1449 1494 1462
f 1462 1494 1463
f 1451 1494 1449
f 1447 1493 1446
f 1438 1493 1447
f 1438 1437 1493
f 1397 1489 1396
f 1428 1489 1397
f 1428 1427 1489
f 1403 1490 1416
f 1416 1490 1417
f 1405 1490 1403
f 1352 1358 1357
f 1352 1354 1358
f 1390 1484 1389
f 1380 1484 1381
f 1381 1484 1390
f 3002 3003 3004
f 3004 3003 3005
f 3004 3005 3006
f 3004 3006 3007
f 3007 3006 3008
f 3007 3008 3009
f 3008 3010 3009
f 3009 3010 3011
f 3010 3012 3011
f 3011 3012 3013
f 3013 3012 3014
f 3013 3014 3015
f 3015 3014 3016
f 3015 3016 3002
f 3002 3016 3003
f 3011 3004 3017
f 3011 3002 3004
f 3011 3018 3002
f 3012 3010 2602
f 2602 3019 3012
f 2602 3020 3019
f 3010 3008 2602
f 2602 3008 3006
f 2602 3006 3020
f 3020 3006 3005
f 3020 3005 3003
f 3020 3003 3019
f 3019 3003 3016
f 3019 3016 3014
f 3019 3014 3012
f 3009 3011 3017
f 3009 3017 3007
f 3007 3017 3004
f 3015 3002 3018
f 3015 3018 3013
f 3013 3018 3011
f 3021 3022 3023
f 3021 3023 3024
f 3024 3023 3025
f 3024 3025 3026
f 3026 3025 3027
f 3027 3025 3028
f 3027 3028 3029
f 3027 3029 3030
f 3029 3031 3030
f 3030 3031 3032
f 3032 3031 3033
f 3032 3033 3034
f 3034 3033 3022
f 3034 3022 3021
f 3026 3035 3036
f 3024 3026 3036
f 3036 3035 3032
f 2596 3031 3028
f 2596 3037 3031
f 3038 3037 2596
f 2596 3023 3038
f 3028 3025 2596
f 2596 3025 3023
f 3023 3022 3038
f 3038 3022 3033
f 3038 3033 3037
f 3037 3033 3031
f 3031 3029 3028
f 3027 3035 3026
f 3021 3024 3036
f 3021 3036 3034
f 3034 3036 3032
f 3030 3032 3035
f 3030 3035 3027
f 3039 3040 3041
f 3039 3041 3042
f 3039 3042 3043
f 3043 3042 3044
f 3042 3045 3044
f 3044 3045 3046
f 3046 3045 3047
f 3046 3047 3048
f 3048 3047 3049
f 3048 3049 3050
f 3050 3049 3051
f 3050 3051 3040
f 3040 3051 3041
f 3040 3043 3052
f 3052 3050 3040
f 3052 3053 3050
f 2611 3047 3054
f 2611 3055 3047
f 2611 3041 3055
f 3047 3045 3054
f 3054 3045 2611
f 3045 3042 2611
f 2611 3042 3041
f 3041 3051 3055
f 3055 3051 3049
f 3055 3049 3047
f 3046 3053 3044
f 3044 3053 3052
f 3044 3052 3043
f 3039 3043 3040
f 3048 3050 3053
f 3048 3053 3046
f 3056 3057 3058
f 3057 3059 3058
f 3058 3059 3060
f 3058 3060 3061
f 3061 3060 3062
f 3061 3062 3063
f 3063 3062 3064
f 3063 3064 3065
f 3065 3064 3066
f 3065 3066 3067
f 3067 3066 3068
f 3067 3068 3056
f 3056 3068 3057
f 3069 3070 3071
f 3072 3070 3069
f 3069 3073 3072
f 2605 3057 3074
f 2605 3059 3057
f 3075 3059 2605
f 3062 3075 2605
f 3062 3060 3075
f 3075 3060 3059
f 3057 3068 3074
f 3074 3068 3066
f 3074 3066 2605
f 2605 3066 3064
f 2605 3064 3062
f 3063 3073 3069
f 3063 3069 3061
f 3061 3069 3058
f 3058 3069 3071
f 3058 3071 3070
f 3058 3070 3056
f 3056 3070 3067
f 3067 3070 3072
f 3067 3072 3065
f 3065 3072 3073
f 3065 3073 3063
f 3076 3077 3078
f 3077 3079 3078
f 3078 3079 3080
f 3080 3079 3081
f 3080 3081 3082
f 3082 3081 3083
f 3082 3083 3084
f 3084 3083 3085
f 3084 3085 3086
f 3085 3087 3086
f 3087 3088 3086
f 3086 3088 3089
f 3088 3090 3089
f 3089 3090 3076
f 3076 3090 3077
f 3091 3078 3080
f 3091 3089 3078
f 3092 3089 3091
f 3087 3083 444
f 444 3093 3087
f 3094 3093 444
f 3083 3081 444
f 444 3081 3079
f 444 3079 3094
f 3079 3077 3094
f 3094 3077 3090
f 3094 3090 3093
f 3090 3088 3093
f 3088 3087 3093
f 3087 3085 3083
f 3082 3091 3080
f 3076 3078 3089
f 3086 3089 3092
f 3086 3092 3091
f 3086 3091 3084
f 3084 3091 3082
f 3095 3096 3097
f 3098 3095 3097
f 3098 3099 3095
f 3099 3098 3100
f 3101 3100 3098
f 3100 3101 3102
f 3101 3103 3102
f 3103 3101 3104
f 3104 3101 3105
f 3105 3106 3104
f 3106 3105 3107
f 3107 3105 3108
f 3108 3109 3107
f 3109 3108 3110
f 3110 3108 3111
f 3111 3112 3110
f 3113 3114 3112
f 3113 3112 3111
f 3113 3115 3114
f 3115 3113 3097
f 3115 3097 3096
f 3116 3106 3109
f 3116 3109 3117
f 3103 3104 3116
f 3104 3106 3116
f 3118 3095 3100
f 3112 3114 3117
f 3118 3100 3116
f 3116 3100 3103
f 3096 3118 3114
f 3114 3118 3117
f 3117 3109 3112
f 3096 3095 3118
f 2012 3113 2000
f 2000 3113 2018
f 2018 3113 2019
f 2019 3113 2015
f 2015 3113 2014
f 2014 3113 2013
f 2008 3098 2009
f 2009 3098 2020
f 2020 3098 3097
f 2020 3097 2021
f 2021 3097 2022
f 2022 3097 2011
f 2011 3097 2012
f 2012 3097 3113
f 2004 3105 2006
f 2006 3105 1984
f 1984 3105 3101
f 1984 3101 1985
f 1985 3101 1987
f 1987 3101 1988
f 1988 3101 1989
f 1989 3101 1990
f 1990 3101 1991
f 1991 3101 1992
f 1992 3101 1993
f 1993 3101 3098
f 1993 3098 2007
f 2007 3098 2008
f 1997 3108 1998
f 1998 3108 2001
f 2001 3108 2002
f 2002 3108 2003
f 2003 3108 3105
f 2003 3105 2005
f 2005 3105 2004
f 3113 3111 2013
f 2013 3111 1980
f 1980 3111 1981
f 1981 3111 1983
f 1983 3111 1994
f 1994 3111 3108
f 1994 3108 1995
f 1995 3108 1997
f 3119 3120 3118
f 3118 3120 3117
f 3120 3121 3117
f 3117 3121 3116
f 3121 3119 3116
f 3116 3119 3118
f 3119 3121 3120
f 3096 3114 3115
f 3102 3103 3100
f 3100 3095 3099
f 3109 3110 3112
f 3109 3106 3107
f 2003 3122 2002
f 2002 3122 2001
f 2001 3122 1998
f 1998 3122 3123
f 1998 3123 1997
f 1997 3123 1995
f 1995 3123 1994
f 1994 3123 1983
f 1983 3123 1981
f 1981 3123 1980
f 1980 3123 3124
f 1980 3124 2013
f 2013 3124 2014
f 2014 3124 2015
f 2015 3124 2019
f 2019 3124 3125
f 2019 3125 2018
f 2018 3125 2000
f 2000 3125 2012
f 2012 3125 2011
f 2011 3125 2022
f 2022 3125 3126
f 2022 3126 2021
f 2021 3126 2020
f 2020 3126 2009
f 2009 3126 2008
f 2008 3126 2007
f 2007 3126 1993
f 1993 3126 3127
f 1993 3127 1992
f 1992 3127 1991
f 1991 3127 1990
f 1990 3127 1989
f 1989 3127 1988
f 1988 3127 1987
f 1987 3127 1985
f 1985 3127 1984
f 1984 3127 3122
f 1984 3122 2006
f 2006 3122 2004
f 2004 3122 2005
f 2005 3122 2003
f 3128 3126 3125
f 3128 3123 3122
f 3128 3125 3123
f 3124 3123 3125
f 3126 3128 3127
f 3127 3128 3122
f 3129 3130 3131
f 3132 3129 3131
f 3129 3132 3133
f 3134 3133 3132
f 3134 3135 3133
f 3134 3136 3135
f 3136 3134 3137
f 3136 3137 3138
f 3138 3137 3139
f 3139 3137 3140
f 3140 3141 3139
f 3141 3140 3142
f 3141 3142 3143
f 3144 3145 3143
f 3144 3143 3142
f 3144 3130 3145
f 3130 3144 3131
f 3146 3139 3141
f 3135 3138 3147
f 3147 3138 3146
f 3146 3138 3139
f 3148 3129 3147
f 3147 3129 3133
f 3147 3133 3135
f 3146 3143 3148
f 3148 3143 3145
f 3130 3148 3145
f 3148 3130 3129
f 3146 3141 3143
f 2115 3144 2116
f 2116 3144 2117
f 2117 3144 2118
f 2118 3144 2119
f 2119 3144 2120
f 2120 3144 2121
f 2113 3132 2131
f 2131 3132 2132
f 2132 3132 3131
f 2132 3131 2129
f 2129 3131 2128
f 2128 3131 2114
f 2114 3131 2115
f 2115 3131 3144
f 2105 3137 2098
f 2098 3137 2099
f 2099 3137 3134
f 2099 3134 2101
f 2101 3134 2102
f 2102 3134 2103
f 2103 3134 2133
f 2133 3134 2134
f 2134 3134 2135
f 2135 3134 2127
f 2127 3134 2110
f 2110 3134 3132
f 2110 3132 2111
f 2111 3132 2113
f 2124 3140 2125
f 2125 3140 2126
f 2126 3140 2095
f 2095 3140 2096
f 2096 3140 3137
f 2096 3137 2104
f 2104 3137 2105
f 3144 3142 2121
f 2121 3142 2106
f 2106 3142 2107
f 2107 3142 2108
f 2108 3142 2122
f 2122 3142 3140
f 2122 3140 2123
f 2123 3140 2124
f 3149 3150 3148
f 3148 3150 3146
f 3150 3151 3146
f 3146 3151 3147
f 3151 3149 3147
f 3147 3149 3148
f 3149 3151 3150
f 3135 3136 3138
f 2096 3152 2095
f 2095 3152 2126
f 2126 3152 2125
f 2125 3152 3153
f 2125 3153 2124
f 2124 3153 2123
f 2123 3153 2122
f 2122 3153 2108
f 2108 3153 2107
f 2107 3153 2106
f 2106 3153 2121
f 2121 3153 3154
f 2121 3154 2120
f 2120 3154 2119
f 2119 3154 2118
f 2118 3154 2117
f 2117 3154 2116
f 2116 3154 3155
f 2116 3155 2115
f 2115 3155 2114
f 2114 3155 2128
f 2128 3155 2129
f 2129 3155 2132
f 2132 3155 2131
f 2131 3155 3156
f 2131 3156 2113
f 2113 3156 2111
f 2111 3156 2110
f 2110 3156 2127
f 2127 3156 2135
f 2135 3156 2134
f 2134 3156 2133
f 2133 3156 2103
f 2103 3156 3157
f 2103 3157 2102
f 2102 3157 2101
f 2101 3157 2099
f 2099 3157 2098
f 2098 3157 2105
f 2105 3157 3152
f 2105 3152 2104
f 2104 3152 2096
f 3158 3159 3155
f 3158 3152 3159
f 3152 3158 3153
f 3153 3158 3154
f 3154 3158 3155
f 3155 3159 3156
f 3156 3159 3157
f 3157 3159 3152
f 3160 3161 3162
f 3160 3162 3163
f 3163 3162 3164
f 3163 3164 3165
f 3165 3164 3166
f 3164 3167 3166
f 3166 3167 3168
f 3168 3167 3169
f 3168 3169 3170
f 3170 3169 3171
f 3169 3172 3171
f 3172 3173 3171
f 3171 3173 3160
f 3173 3161 3160
f 3165 3166 3170
f 3170 3174 3165
f 3170 3175 3174
f 456 3176 3177
f 456 3178 3176
f 3167 3164 456
f 456 3164 3178
f 3178 3164 3162
f 3178 3162 3176
f 3176 3162 3161
f 3161 3173 3176
f 3176 3173 3177
f 3173 3172 3177
f 3172 3169 3177
f 3177 3169 456
f 456 3169 3167
f 3165 3174 3163
f 3163 3174 3160
f 3160 3174 3175
f 3160 3175 3171
f 3171 3175 3170
f 3168 3170 3166
f 3179 3180 3181
f 3181 3180 3182
f 3180 3179 3183
f 3184 3183 3179
f 3184 3185 3183
f 3185 3184 3186
f 3186 3184 3187
f 3187 3184 3188
f 3188 3189 3187
f 3189 3188 3190
f 3190 3188 3191
f 3191 3192 3190
f 3192 3191 3193
f 3192 3193 3194
f 3193 3195 3194
f 3196 3195 3193
f 3195 3196 3197
f 3196 3198 3197
f 3198 3196 3181
f 3198 3181 3182
f 3199 3189 3192
f 3199 3192 3200
f 3201 3186 3189
f 3200 3192 3194
f 3201 3189 3199
f 3202 3182 3201
f 3201 3182 3183
f 3200 3194 3195
f 3201 3183 3186
f 3198 3202 3200
f 3198 3200 3195
f 3198 3182 3202
f 2087 3196 2052
f 2052 3196 2053
f 2053 3196 2064
f 2064 3196 2056
f 2056 3196 2057
f 2057 3196 2092
f 2084 3179 2071
f 2071 3179 2070
f 2070 3179 3181
f 2070 3181 2072
f 2072 3181 2085
f 2085 3181 2086
f 2086 3181 2087
f 2087 3181 3196
f 2065 3188 2066
f 2066 3188 2067
f 2067 3188 3184
f 2067 3184 2068
f 2068 3184 2076
f 2076 3184 2077
f 2077 3184 2078
f 2078 3184 2079
f 2079 3184 2080
f 2080 3184 2081
f 2081 3184 2082
f 2082 3184 3179
f 2082 3179 2083
f 2083 3179 2084
f 2061 3191 2073
f 2073 3191 2074
f 2074 3191 2075
f 2075 3191 2063
f 2063 3191 3188
f 2063 3188 2062
f 2062 3188 2065
f 3196 3193 2092
f 2092 3193 2093
f 2093 3193 2094
f 2094 3193 2088
f 2088 3193 2058
f 2058 3193 3191
f 2058 3191 2059
f 2059 3191 2061
f 3203 3204 3202
f 3202 3204 3200
f 3204 3205 3200
f 3200 3205 3199
f 3205 3206 3199
f 3199 3206 3201
f 3206 3203 3201
f 3201 3203 3202
f 3203 3206 3205
f 3203 3205 3204
f 3186 3187 3189
f 3183 3185 3186
f 3183 3182 3180
f 3195 3197 3198
f 3192 3189 3190
f 2063 3207 2075
f 2075 3207 2074
f 2074 3207 2073
f 2073 3207 2061
f 2061 3207 2059
f 2059 3207 2058
f 2058 3207 2088
f 2088 3207 3208
f 2088 3208 2094
f 2094 3208 2093
f 2093 3208 2092
f 2092 3208 2057
f 2057 3208 2056
f 2056 3208 2064
f 2064 3208 2053
f 2053 3208 3209
f 2053 3209 2052
f 2052 3209 2087
f 2087 3209 2086
f 2086 3209 2085
f 2085 3209 2072
f 2072 3209 2070
f 2070 3209 2071
f 2071 3209 2084
f 2084 3209 3210
f 2084 3210 2083
f 2083 3210 2082
f 2082 3210 2081
f 2081 3210 2080
f 2080 3210 3211
f 2080 3211 2079
f 2079 3211 2078
f 2078 3211 2077
f 2077 3211 2076
f 2076 3211 2068
f 2068 3211 3212
f 2068 3212 2067
f 2067 3212 2066
f 2066 3212 2065
f 2065 3212 2062
f 2062 3212 2063
f 2063 3212 3207
f 3210 3213 3214
f 3214 3213 3215
f 3212 3214 3207
f 3207 3214 3215
f 3207 3215 3208
f 3208 3215 3213
f 3208 3213 3209
f 3209 3213 3210
f 3211 3210 3214
f 3211 3214 3212
f 3216 3217 3218
f 3218 3217 3219
f 3220 3216 3221
f 3221 3216 3218
f 3222 3220 3223
f 3223 3220 3221
f 3224 3222 3225
f 3225 3222 3223
f 3226 3224 3227
f 3227 3224 3225
f 3217 3226 3219
f 3219 3226 3227
f 3228 3222 3224
f 3228 3224 938
f 3222 3228 3229
f 3230 3231 3217
f 3229 3220 3222
f 3229 3232 3220
f 3231 3226 3217
f 3226 3231 3233
f 3233 938 3224
f 3220 3232 939
f 3220 939 3216
f 3226 3233 3224
f 939 3230 3216
f 3216 3230 3217
f 3227 3225 3219
f 3219 3225 3223
f 3219 3223 3218
f 3218 3223 3221
f 939 3234 3230
f 3230 3234 3235
f 3230 3235 3231
f 3231 3235 3236
f 3231 3236 3233
f 3233 3236 3237
f 3233 3237 3238
f 3233 3238 938
f 938 3238 3228
f 3228 3238 3239
f 3228 3239 3229
f 3229 3239 3240
f 3229 3240 3232
f 3232 3240 3241
f 3232 3241 939
f 939 3241 3234
f 3242 3240 3239
f 3242 3239 3238
f 3242 3238 3243
f 3243 3238 3244
f 3244 3238 3237
f 3237 3236 3245
f 3245 3236 3235
f 3245 3235 3234
f 3246 3234 3241
f 3246 3241 3247
f 3247 3241 3240
f 3247 3240 3242
f 3246 3248 3249
f 3246 3249 3234
f 3234 3249 3250
f 3234 3250 3245
f 3245 3250 3251
f 3245 3251 3237
f 3237 3251 3252
f 3237 3252 3244
f 3244 3252 3253
f 3244 3253 3243
f 3243 3253 3254
f 3243 3254 3242
f 3242 3254 3255
f 3242 3255 3247
f 3247 3255 3248
f 3247 3248 3246
f 3250 3253 3252
f 3250 3254 3253
f 3255 3254 3250
f 3250 3248 3255
f 3249 3248 3250
f 3250 3252 3251
f 3256 3257 3258
f 3258 3257 3259
f 3260 3256 3261
f 3261 3256 3258
f 3262 3260 3263
f 3263 3260 3261
f 3264 3262 3265
f 3265 3262 3263
f 3266 3264 3267
f 3267 3264 3265
f 3257 3266 3259
f 3259 3266 3267
f 3268 3262 3264
f 3262 3268 3269
f 3257 3270 3271
f 3272 3260 3269
f 3269 3260 3262
f 3271 3266 3257
f 3271 3273 3266
f 3264 135 3268
f 3260 3272 3256
f 3256 3272 137
f 3266 3273 135
f 3266 135 3264
f 3256 137 3270
f 3256 3270 3257
f 3267 3265 3259
f 3259 3265 3263
f 3259 3263 3258
f 3258 3263 3261
f 137 3274 3270
f 3270 3274 3275
f 3270 3275 3271
f 3271 3275 3276
f 3271 3276 3273
f 3273 3276 3277
f 3273 3277 135
f 135 3277 3278
f 135 3278 3268
f 3268 3278 3279
f 3268 3279 3269
f 3269 3279 3280
f 3269 3280 3272
f 3272 3280 3281
f 3272 3281 137
f 137 3281 3274
f 3282 3280 3283
f 3283 3280 3279
f 3283 3279 3284
f 3284 3279 3278
f 3284 3278 3277
f 3284 3277 3285
f 3285 3277 3276
f 3285 3276 3286
f 3286 3276 3275
f 3286 3275 3287
f 3287 3275 3274
f 3287 3274 3288
f 3288 3274 3281
f 3288 3281 3282
f 3282 3281 3280
f 3288 3289 3287
f 3287 3289 3290
f 3287 3290 3286
f 3286 3290 3291
f 3286 3291 3285
f 3285 3291 3292
f 3285 3292 3284
f 3284 3292 3293
f 3284 3293 3283
f 3283 3293 3294
f 3283 3294 3282
f 3282 3294 3295
f 3282 3295 3288
f 3288 3295 3289
f 3294 3293 3292
f 3289 3295 3294
f 3294 3290 3289
f 3291 3290 3294
f 3294 3292 3291
f 3296 3297 3298
f 3298 3299 3296
f 3300 3301 3302
f 3300 3302 3303
f 3300 3303 3304
f 3304 3303 3305
f 3306 3307 3308
f 3308 3307 3309
f 3309 3310 3308
f 3310 3309 3311
f 3310 3311 3312
f 3313 3314 3312
f 3312 3311 3313
f 3314 3313 3315
f 3313 3316 3315
f 3316 3317 3315
f 3317 3306 3318
f 3306 3317 3307
f 3315 3317 3318
f 3315 3318 3319
f 3320 3321 3322
f 3322 3321 3323
f 3322 3323 3324
f 3324 3323 3325
f 3324 3325 3326
f 3325 3327 3326
f 3327 3325 3328
f 3327 3328 3329
f 3329 3328 3330
f 3330 3331 3329
f 3329 3331 3332
f 3332 3331 3320
f 3332 3320 3333
f 3320 3322 3333
f 3334 3335 3336
f 3334 3336 3337
f 3337 3336 3338
f 3337 3338 3339
f 3340 3338 3341
f 3339 3338 3340
f 3340 3341 3342
f 3342 3341 3343
f 3342 3343 3344
f 3344 3343 3335
f 3344 3335 3345
f 3345 3335 3334
f 3346 3347 3348
f 3346 3348 3349
f 3350 3351 3348
f 3348 3351 3349
f 3352 3353 3350
f 3350 3353 3351
f 3353 3352 3354
f 3353 3354 3355
f 3355 3354 3356
f 3356 3354 3357
f 3356 3357 3358
f 3356 3358 3359
f 3359 3358 3347
f 3359 3347 3346
f 3360 3361 3362
f 3362 3361 3363
f 3361 3364 3363
f 3363 3364 3365
f 3365 3366 3363
f 3365 3367 3368
f 3368 3367 3369
f 3369 3367 3370
f 3370 3367 3371
f 3370 3371 3372
f 3370 3372 3360
f 3360 3372 3361
f 3366 3365 3368
f 3373 3374 3375
f 3376 3377 3378
f 3376 3378 3379
f 3379 3378 3380
f 3378 3375 3380
f 3381 3382 3373
f 3381 3373 3375
f 3381 3375 3378
f 3383 3384 3385
f 3386 3387 3388
f 3389 3386 3388
f 3383 3385 3390
f 3388 3385 3389
f 3390 3385 3388
f 3391 3392 3393
f 3393 3392 3394
f 3384 3394 3385
f 3395 3389 3385
f 3385 3394 3392
f 3385 3392 3395
f 3395 3392 3391
f 3389 3395 3396
f 3396 3395 3391
f 3396 3391 3397
f 3398 3399 3400
f 3401 3402 3403
f 3399 3404 3400
f 3405 3398 3406
f 3398 3405 3399
f 3398 3400 3407
f 3407 3400 3401
f 3407 3401 3408
f 3408 3401 3403
f 3407 3409 3398
f 3398 3409 3410
f 3398 3410 3406
f 3408 3411 3407
f 3407 3411 3412
f 3407 3412 3409
f 3410 3409 3413
f 3414 3415 3416
f 3417 3418 3419
f 3420 3414 3421
f 3417 3419 3421
f 3416 3417 3421
f 3414 3416 3421
f 3422 3418 3417
f 3423 3424 3425
f 3416 3415 3423
f 3425 3416 3423
f 3422 3417 3426
f 3425 3417 3416
f 3426 3417 3425
f 3427 3428 3429
f 3430 3431 3432
f 3433 3434 3428
f 3433 3428 3435
f 3436 3435 3428
f 3428 3427 3436
f 3437 3438 3429
f 3439 3437 3440
f 3430 3439 3440
f 3430 3441 3439
f 3430 3432 3441
f 3437 3429 3440
f 3427 3429 3438
f 3442 3435 3436
f 3438 3437 3443
f 3441 3444 3445
f 3445 3444 3446
f 3439 3441 3445
f 3437 3439 3445
f 3437 3445 3443
f 3438 3443 3447
f 3427 3438 3447
f 3436 3427 3447
f 3436 3447 3448
f 3442 3436 3448
f 3449 3450 3451
f 3451 3450 3452
f 3450 3449 3453
f 3453 3449 3454
f 3455 3453 3454
f 3456 3455 3454
f 3456 3454 3457
f 3458 3456 3457
f 3459 3460 3458
f 3459 3458 3461
f 3461 3458 3457
f 3462 3463 3464
f 3465 3463 3466
f 3467 3468 3469
f 3467 3469 3470
f 3469 3471 3470
f 3471 3472 3473
f 3474 3473 3472
f 3474 3475 3473
f 3462 3475 3466
f 3462 3466 3463
f 3475 3474 3466
f 3472 3471 3469
f 3471 3473 3476
f 3464 3477 3462
f 3462 3477 3478
f 3479 3462 3478
f 3475 3462 3479
f 3475 3479 3473
f 3473 3479 3476
f 3471 3476 3480
f 3470 3471 3480
f 3481 3470 3480
f 3481 3480 3482
f 3483 3484 3485
f 3486 3487 3488
f 3486 3488 3489
f 3486 3489 3490
f 3490 3489 3491
f 3492 3493 3490
f 3494 3493 3492
f 3494 3495 3485
f 3496 3483 3495
f 3495 3483 3485
f 3492 3495 3494
f 3491 3492 3490
f 3497 3487 3486
f 3498 3485 3484
f 3498 3484 3499
f 3486 3490 3500
f 3500 3490 3493
f 3494 3485 3498
f 3501 3494 3498
f 3493 3494 3501
f 3493 3501 3500
f 3497 3486 3502
f 3502 3486 3500
f 3503 3304 3305
f 3504 3297 3505
f 3503 3506 3304
f 3507 3508 3509
f 3510 3511 3503
f 3503 3511 3506
f 3505 3297 3296
f 3505 3296 3512
f 3511 3513 3514
f 3296 3515 3512
f 3512 3515 3516
f 3511 3510 3513
f 3517 3518 3519
f 3508 3507 3520
f 3508 3520 3521
f 3508 3521 3522
f 3523 3524 3525
f 3523 3525 3526
f 3524 3523 3527
f 3513 3528 3514
f 3514 3528 3529
f 3529 3528 3530
f 3529 3530 3531
f 3503 3305 3532
f 3503 3532 3533
f 3507 3509 3512
f 3507 3512 3516
f 3519 3518 3534
f 3535 3504 3536
f 3537 3517 3519
f 3538 3533 3532
f 3504 3505 3536
f 3539 3508 3522
f 3539 3522 3518
f 3518 3522 3534
f 3526 3530 3533
f 3526 3533 3538
f 3525 3530 3526
f 3524 3527 3539
f 3539 3527 3540
f 3539 3540 3508
f 3517 3537 3525
f 3525 3537 3531
f 3525 3531 3530
f 3535 3536 3540
f 3535 3540 3527
f 3541 3542 3448
f 3543 3542 3541
f 3541 3419 3543
f 3544 3541 3545
f 3419 3541 3546
f 3541 3544 3546
f 3421 3419 3546
f 3541 3448 3447
f 3546 3420 3421
f 3547 3548 3546
f 3546 3548 3420
f 3544 3549 3546
f 3550 3549 3544
f 3544 3551 3550
f 3549 3412 3547
f 3547 3546 3549
f 3412 3549 3409
f 3409 3549 3413
f 3552 3391 3393
f 3552 3549 3391
f 3549 3552 3413
f 3391 3549 3553
f 3391 3553 3554
f 3553 3555 3556
f 3555 3550 3551
f 3557 3555 3551
f 3550 3555 3553
f 3550 3553 3549
f 3554 3558 3397
f 3391 3554 3397
f 3559 3558 3554
f 3560 3559 3554
f 3561 3562 3560
f 3561 3560 3554
f 3563 3564 3561
f 3561 3564 3562
f 3565 3561 3556
f 3556 3555 3565
f 3554 3556 3561
f 3554 3553 3556
f 3478 3566 3479
f 3478 3563 3561
f 3478 3561 3566
f 3566 3476 3479
f 3476 3566 3567
f 3476 3567 3480
f 3567 3565 3557
f 3566 3561 3565
f 3565 3555 3557
f 3565 3567 3566
f 3480 3567 3482
f 3567 3568 3482
f 3569 3570 3568
f 3569 3449 3570
f 3568 3567 3569
f 3569 3571 3454
f 3572 3571 3569
f 3449 3569 3454
f 3569 3567 3572
f 3572 3567 3557
f 3457 3454 3571
f 3461 3457 3573
f 3571 3573 3457
f 3574 3461 3573
f 3575 3574 3573
f 3499 3575 3498
f 3575 3573 3498
f 3573 3576 3498
f 3498 3576 3501
f 3573 3571 3572
f 3577 3576 3573
f 3557 3577 3572
f 3572 3577 3573
f 3500 3501 3576
f 3576 3578 3500
f 3579 3578 3580
f 3578 3502 3500
f 3579 3581 3502
f 3579 3502 3578
f 3551 3580 3577
f 3577 3580 3576
f 3577 3557 3551
f 3580 3578 3576
f 3445 3446 3579
f 3579 3446 3581
f 3445 3579 3545
f 3445 3545 3443
f 3443 3545 3447
f 3545 3541 3447
f 3582 3551 3544
f 3551 3582 3580
f 3579 3580 3582
f 3545 3579 3582
f 3582 3544 3545
f 3375 3374 3583
f 3562 3584 3560
f 3375 3583 3560
f 3583 3559 3560
f 3380 3375 3560
f 3379 3380 3584
f 3584 3380 3560
f 3585 3363 3366
f 3363 3585 3586
f 3587 3362 3363
f 3587 3363 3586
f 3588 3353 3355
f 3353 3588 3351
f 3351 3588 3589
f 3401 3351 3589
f 3339 3340 3590
f 3349 3351 3591
f 3591 3351 3401
f 3591 3401 3590
f 3590 3400 3339
f 3337 3339 3592
f 3592 3339 3400
f 3337 3592 3593
f 3594 3334 3593
f 3593 3334 3337
f 3332 3595 3596
f 3332 3596 3329
f 3597 3329 3596
f 3597 3327 3329
f 3598 3327 3381
f 3381 3319 3598
f 3315 3319 3599
f 3600 3315 3599
f 3314 3315 3600
f 3314 3466 3299
f 3516 3601 3507
f 3507 3601 3602
f 3507 3602 3520
f 3534 3603 3519
f 3519 3603 3537
f 3514 3604 3605
f 3514 3605 3511
f 3465 3314 3600
f 3382 3381 3327
f 3382 3327 3597
f 3388 3387 3596
f 3596 3595 3388
f 3594 3593 3390
f 3400 3404 3592
f 3589 3402 3401
f 3425 3424 3588
f 3355 3425 3588
f 3585 3366 3434
f 3434 3366 3428
f 3431 3511 3605
f 3496 3537 3606
f 3606 3537 3603
f 3607 3608 3609
f 3608 3603 3534
f 3608 3534 3609
f 3469 3468 3516
f 3516 3468 3601
f 3428 3301 3429
f 3429 3301 3300
f 3301 3428 3366
f 3426 3587 3586
f 3587 3426 3610
f 3426 3425 3610
f 3610 3425 3355
f 3400 3590 3401
f 3594 3390 3388
f 3594 3388 3595
f 3319 3381 3378
f 3319 3378 3599
f 3599 3378 3377
f 3465 3466 3314
f 3474 3296 3466
f 3466 3296 3299
f 3296 3474 3515
f 3515 3474 3472
f 3515 3472 3516
f 3472 3469 3516
f 3611 3520 3612
f 3612 3520 3602
f 3520 3611 3521
f 3521 3611 3613
f 3614 3522 3613
f 3613 3522 3521
f 3522 3614 3534
f 3534 3614 3609
f 3496 3495 3537
f 3537 3495 3531
f 3492 3531 3495
f 3531 3492 3529
f 3491 3529 3492
f 3529 3491 3514
f 3514 3491 3489
f 3514 3489 3604
f 3431 3430 3511
f 3511 3430 3506
f 3506 3430 3440
f 3506 3440 3304
f 3304 3440 3429
f 3304 3429 3300
f 3615 3607 3609
f 3460 3615 3609
f 3460 3609 3458
f 3614 3456 3609
f 3609 3456 3458
f 3614 3455 3456
f 3611 3453 3455
f 3453 3611 3450
f 3450 3611 3616
f 3450 3616 3452
f 3611 3612 3616
f 3613 3611 3455
f 3613 3455 3614
f 3324 3326 3617
f 3306 3618 3318
f 3598 3617 3327
f 3327 3617 3326
f 3319 3318 3618
f 3619 3345 3594
f 3594 3345 3334
f 3620 3595 3333
f 3333 3595 3332
f 3346 3349 3621
f 3621 3349 3591
f 3342 3622 3340
f 3340 3622 3590
f 3360 3362 3587
f 3356 3610 3355
f 3623 3303 3624
f 3305 3303 3623
f 3590 3622 3621
f 3619 3625 3626
f 3619 3626 3622
f 3598 3324 3617
f 3297 3627 3298
f 3298 3627 3299
f 3299 3627 3314
f 3366 3368 3369
f 3360 3624 3370
f 3622 3626 3621
f 3621 3626 3628
f 3621 3628 3629
f 3629 3628 3624
f 3629 3624 3356
f 3356 3624 3360
f 3356 3360 3610
f 3610 3360 3587
f 3621 3591 3590
f 3594 3595 3619
f 3619 3595 3620
f 3619 3620 3625
f 3625 3620 3630
f 3625 3630 3631
f 3631 3630 3324
f 3631 3324 3632
f 3306 3308 3632
f 3632 3308 3627
f 3627 3308 3310
f 3627 3310 3314
f 3314 3310 3312
f 3370 3624 3369
f 3369 3624 3303
f 3369 3303 3366
f 3366 3303 3302
f 3306 3632 3324
f 3306 3324 3618
f 3618 3324 3598
f 3301 3366 3302
f 3598 3319 3618
f 3503 3633 3634
f 3503 3634 3510
f 3510 3634 3513
f 3513 3634 3635
f 3513 3635 3528
f 3528 3635 3636
f 3528 3636 3530
f 3530 3636 3533
f 3533 3636 3637
f 3533 3637 3503
f 3503 3637 3633
f 3635 3604 3638
f 3604 3635 3605
f 3635 3638 3639
f 3635 3639 3636
f 3636 3639 3640
f 3636 3640 3641
f 3636 3641 3637
f 3635 3634 3605
f 3634 3642 3605
f 3637 3641 3643
f 3637 3643 3644
f 3637 3644 3633
f 3633 3644 3645
f 3633 3645 3634
f 3634 3645 3642
f 3646 3647 3639
f 3644 3648 3441
f 3643 3648 3644
f 3643 3649 3648
f 3641 3649 3643
f 3641 3650 3649
f 3641 3487 3650
f 3487 3641 3640
f 3487 3640 3651
f 3639 3647 3640
f 3647 3651 3640
f 3638 3646 3639
f 3652 3642 3645
f 3645 3653 3652
f 3653 3645 3644
f 3653 3644 3654
f 3644 3441 3654
f 3505 3655 3536
f 3536 3655 3656
f 3536 3656 3540
f 3540 3656 3657
f 3540 3657 3508
f 3508 3657 3658
f 3508 3658 3509
f 3509 3658 3659
f 3509 3659 3512
f 3512 3659 3660
f 3512 3660 3505
f 3505 3660 3655
f 3658 3661 3602
f 3658 3602 3601
f 3658 3601 3659
f 3659 3662 3660
f 3660 3662 3663
f 3660 3663 3664
f 3660 3664 3655
f 3655 3664 3665
f 3665 3666 3655
f 3655 3666 3656
f 3656 3666 3667
f 3656 3667 3657
f 3657 3667 3668
f 3657 3668 3658
f 3658 3668 3661
f 3659 3601 3662
f 3666 3669 3452
f 3666 3452 3667
f 3669 3666 3670
f 3665 3671 3666
f 3666 3671 3670
f 3665 3672 3671
f 3672 3665 3664
f 3672 3664 3673
f 3663 3674 3664
f 3664 3674 3673
f 3663 3675 3674
f 3662 3675 3663
f 3676 3661 3668
f 3668 3677 3676
f 3668 3678 3677
f 3678 3668 3679
f 3667 3679 3668
f 3667 3452 3679
f 3524 3680 3525
f 3525 3680 3681
f 3525 3681 3517
f 3517 3681 3682
f 3517 3682 3518
f 3518 3682 3683
f 3518 3683 3684
f 3518 3684 3539
f 3539 3684 3685
f 3539 3685 3524
f 3524 3685 3680
f 3682 3603 3683
f 3682 3606 3603
f 3683 3603 3608
f 3680 3686 3687
f 3680 3687 3688
f 3680 3688 3681
f 3681 3688 3689
f 3681 3689 3682
f 3682 3689 3606
f 3683 3608 3690
f 3683 3690 3684
f 3684 3690 3691
f 3684 3691 3685
f 3685 3691 3692
f 3685 3692 3680
f 3680 3692 3686
f 3687 3693 3688
f 3694 3693 3687
f 3686 3694 3687
f 3686 3695 3694
f 3692 3695 3686
f 3459 3695 3692
f 3459 3692 3696
f 3696 3692 3691
f 3691 3690 3697
f 3691 3697 3696
f 3690 3698 3697
f 3699 3689 3700
f 3688 3701 3689
f 3689 3701 3700
f 3701 3688 3702
f 3688 3693 3702
f 3364 3703 3704
f 3364 3704 3365
f 3705 3365 3704
f 3706 3365 3705
f 3706 3367 3365
f 3707 3367 3706
f 3367 3707 3371
f 3708 3371 3707
f 3708 3372 3371
f 3709 3372 3708
f 3709 3361 3372
f 3703 3361 3709
f 3703 3364 3361
f 3703 3710 3586
f 3703 3586 3704
f 3704 3586 3585
f 3708 3711 3712
f 3708 3712 3709
f 3709 3712 3713
f 3709 3713 3703
f 3703 3713 3710
f 3704 3585 3705
f 3705 3585 3714
f 3705 3714 3706
f 3706 3714 3715
f 3706 3715 3716
f 3706 3716 3707
f 3707 3716 3717
f 3707 3717 3708
f 3708 3717 3711
f 3718 3719 3715
f 3711 3720 3418
f 3711 3418 3712
f 3720 3711 3543
f 3717 3721 3711
f 3711 3721 3543
f 3717 3442 3721
f 3717 3722 3442
f 3722 3717 3716
f 3722 3716 3723
f 3715 3719 3716
f 3719 3723 3716
f 3714 3718 3715
f 3724 3710 3713
f 3713 3725 3724
f 3725 3713 3726
f 3712 3726 3713
f 3712 3418 3726
f 3727 3352 3350
f 3352 3727 3728
f 3728 3354 3352
f 3729 3354 3728
f 3730 3357 3729
f 3729 3357 3354
f 3358 3357 3730
f 3731 3358 3730
f 3358 3731 3347
f 3347 3731 3732
f 3347 3732 3348
f 3733 3348 3732
f 3733 3350 3348
f 3350 3733 3727
f 3588 3728 3589
f 3589 3728 3727
f 3727 3734 3589
f 3731 3735 3736
f 3731 3736 3732
f 3732 3736 3733
f 3733 3736 3737
f 3733 3737 3734
f 3733 3734 3727
f 3728 3588 3738
f 3728 3738 3729
f 3729 3738 3739
f 3729 3739 3740
f 3729 3740 3730
f 3730 3740 3741
f 3730 3741 3731
f 3731 3741 3735
f 3736 3411 3408
f 3735 3742 3736
f 3736 3742 3411
f 3735 3743 3742
f 3741 3743 3735
f 3741 3744 3743
f 3741 3415 3744
f 3415 3741 3740
f 3415 3740 3745
f 3739 3746 3740
f 3740 3746 3745
f 3739 3747 3746
f 3738 3748 3739
f 3739 3748 3747
f 3737 3749 3734
f 3737 3750 3749
f 3750 3737 3736
f 3736 3408 3750
f 3338 3751 3752
f 3341 3338 3752
f 3753 3341 3752
f 3754 3343 3341
f 3754 3341 3753
f 3343 3754 3755
f 3755 3335 3343
f 3335 3755 3756
f 3756 3336 3335
f 3336 3756 3751
f 3338 3336 3751
f 3752 3751 3592
f 3592 3751 3593
f 3751 3757 3593
f 3754 3758 3759
f 3754 3759 3755
f 3755 3759 3760
f 3755 3760 3756
f 3756 3760 3757
f 3756 3757 3751
f 3752 3592 3761
f 3752 3761 3753
f 3753 3761 3762
f 3753 3762 3763
f 3753 3763 3754
f 3754 3763 3758
f 3759 3384 3760
f 3393 3384 3759
f 3393 3759 3764
f 3758 3764 3759
f 3758 3765 3764
f 3763 3765 3758
f 3766 3765 3763
f 3766 3763 3406
f 3406 3763 3405
f 3405 3763 3762
f 3405 3762 3767
f 3762 3761 3767
f 3761 3768 3767
f 3769 3757 3770
f 3760 3771 3757
f 3757 3771 3770
f 3771 3760 3772
f 3760 3384 3772
f 3773 3331 3330
f 3331 3773 3774
f 3774 3320 3331
f 3774 3775 3320
f 3321 3320 3775
f 3776 3321 3775
f 3321 3776 3323
f 3777 3323 3776
f 3777 3325 3323
f 3325 3777 3778
f 3325 3778 3328
f 3779 3328 3778
f 3779 3330 3328
f 3330 3779 3773
f 3596 3773 3597
f 3597 3773 3779
f 3773 3596 3780
f 3773 3780 3774
f 3774 3780 3781
f 3774 3781 3775
f 3775 3781 3782
f 3775 3782 3776
f 3778 3783 3779
f 3779 3783 3597
f 3782 3784 3776
f 3776 3784 3777
f 3777 3784 3785
f 3777 3785 3786
f 3777 3786 3778
f 3778 3786 3783
f 3784 3559 3374
f 3784 3374 3785
f 3559 3784 3787
f 3782 3558 3784
f 3784 3558 3787
f 3558 3782 3788
f 3788 3782 3396
f 3396 3782 3781
f 3396 3781 3789
f 3780 3790 3781
f 3781 3790 3789
f 3780 3791 3790
f 3792 3783 3786
f 3786 3793 3792
f 3793 3786 3794
f 3785 3794 3786
f 3785 3374 3794
f 3795 3307 3317
f 3795 3317 3796
f 3797 3307 3795
f 3307 3797 3309
f 3309 3797 3798
f 3798 3311 3309
f 3799 3313 3798
f 3798 3313 3311
f 3800 3316 3799
f 3799 3316 3313
f 3796 3317 3800
f 3800 3317 3316
f 3800 3599 3801
f 3599 3800 3600
f 3800 3801 3796
f 3796 3801 3802
f 3796 3802 3795
f 3795 3802 3803
f 3795 3803 3797
f 3600 3800 3799
f 3803 3804 3797
f 3797 3804 3798
f 3798 3804 3805
f 3798 3805 3806
f 3798 3806 3799
f 3799 3806 3807
f 3799 3807 3600
f 3805 3563 3464
f 3804 3563 3805
f 3804 3808 3563
f 3803 3808 3804
f 3803 3809 3808
f 3803 3810 3809
f 3810 3803 3802
f 3810 3802 3811
f 3801 3811 3802
f 3801 3812 3811
f 3813 3807 3806
f 3806 3814 3813
f 3814 3806 3805
f 3814 3805 3815
f 3805 3464 3815
f 3324 3630 3322
f 3333 3322 3620
f 3620 3322 3630
f 3619 3622 3344
f 3619 3344 3345
f 3622 3342 3344
f 3346 3621 3629
f 3629 3359 3346
f 3359 3629 3356
f 3816 3817 3818
f 3818 3817 3819
f 3820 3821 3816
f 3816 3821 3817
f 3821 3820 3822
f 3822 3820 3823
f 3822 3823 3824
f 3822 3824 3825
f 3825 3824 3826
f 3825 3826 3827
f 3827 3826 3828
f 3828 3829 3827
f 3830 3829 3828
f 3831 3832 3830
f 3830 3832 3829
f 3833 3834 3831
f 3831 3834 3832
f 3835 3836 3833
f 3833 3836 3834
f 3837 3838 3835
f 3835 3838 3836
f 3837 3839 3838
f 3840 3839 3837
f 3840 3841 3839
f 3842 3843 3840
f 3840 3843 3841
f 3844 3845 3842
f 3842 3845 3843
f 3846 3847 3844
f 3844 3847 3845
f 3848 3849 3846
f 3846 3849 3847
f 3850 3851 3848
f 3848 3851 3849
f 3852 3853 3850
f 3850 3853 3851
f 3854 3855 3852
f 3852 3855 3853
f 3856 3857 3854
f 3854 3857 3855
f 3858 3859 3856
f 3856 3859 3857
f 3860 3861 3858
f 3858 3861 3859
f 3862 3863 3860
f 3860 3863 3861
f 3864 3865 3862
f 3862 3865 3863
f 3818 3819 3864
f 3864 3819 3865
f 3866 3867 3868
f 3868 3867 3869
f 3868 3870 3866
f 3871 3872 3868
f 3868 3872 3870
f 3868 3873 3871
f 3868 3874 3873
f 3868 3875 3876
f 3868 3877 3875
f 3878 3879 3868
f 3868 3879 3877
f 3880 3878 3868
f 3868 3881 3880
f 3868 3869 3881
f 3869 3837 3881
f 3881 3837 3835
f 3881 3835 3833
f 3881 3833 3880
f 3880 3833 3831
f 3880 3831 3830
f 3880 3830 3878
f 3878 3830 3828
f 3878 3828 3879
f 3879 3828 3826
f 3879 3826 3877
f 3877 3826 3824
f 3877 3824 3875
f 3875 3824 3823
f 3875 3823 3820
f 3875 3820 3876
f 3876 3820 3816
f 3876 3816 3818
f 3876 3818 3868
f 3868 3818 3864
f 3868 3864 3862
f 3868 3862 3874
f 3874 3862 3860
f 3874 3860 3873
f 3873 3860 3858
f 3873 3858 3856
f 3873 3856 3871
f 3871 3856 3854
f 3871 3854 3852
f 3871 3852 3872
f 3872 3852 3850
f 3872 3850 3870
f 3870 3850 3848
f 3870 3848 3846
f 3870 3846 3866
f 3866 3846 3844
f 3866 3844 3842
f 3866 3842 3867
f 3867 3842 3840
f 3867 3840 3869
f 3869 3840 3837
f 3829 3832 3532
f 3532 3832 3538
f 3832 3834 3538
f 3538 3834 3526
f 3834 3836 3526
f 3836 3838 3526
f 3526 3838 3523
f 3838 3839 3523
f 3523 3839 3841
f 3523 3841 3527
f 3841 3843 3527
f 3843 3845 3527
f 3527 3845 3535
f 3845 3847 3535
f 3847 3849 3535
f 3535 3849 3504
f 3849 3851 3504
f 3851 3853 3504
f 3504 3853 3297
f 3297 3853 3855
f 3297 3855 3627
f 3855 3857 3627
f 3627 3857 3632
f 3857 3859 3632
f 3632 3859 3631
f 3859 3861 3631
f 3631 3861 3625
f 3861 3863 3625
f 3863 3865 3625
f 3625 3865 3626
f 3865 3819 3626
f 3626 3819 3628
f 3819 3817 3628
f 3628 3817 3624
f 3817 3821 3624
f 3821 3822 3624
f 3624 3822 3623
f 3822 3825 3623
f 3825 3827 3623
f 3623 3827 3305
f 3305 3827 3829
f 3305 3829 3532
f 3812 3801 3377
f 3599 3377 3801
f 3377 3882 3812
f 3376 3882 3377
f 3810 3811 3379
f 3376 3812 3882
f 3379 3811 3376
f 3376 3811 3812
f 3465 3600 3807
f 3813 3465 3807
f 3810 3379 3584
f 3465 3813 3463
f 3815 3464 3463
f 3814 3815 3463
f 3463 3813 3814
f 3809 3584 3562
f 3809 3810 3584
f 3809 3562 3564
f 3564 3563 3808
f 3809 3564 3808
f 3477 3464 3478
f 3464 3563 3478
f 3738 3424 3748
f 3424 3738 3588
f 3423 3747 3424
f 3415 3745 3423
f 3747 3748 3424
f 3423 3745 3746
f 3423 3746 3747
f 3734 3402 3589
f 3415 3414 3420
f 3403 3750 3408
f 3750 3403 3749
f 3403 3402 3749
f 3749 3402 3734
f 3744 3415 3420
f 3744 3420 3548
f 3744 3548 3743
f 3743 3548 3547
f 3743 3547 3742
f 3411 3547 3412
f 3742 3547 3411
f 3604 3646 3638
f 3646 3604 3489
f 3487 3651 3488
f 3488 3646 3489
f 3488 3651 3647
f 3488 3647 3646
f 3652 3431 3605
f 3652 3605 3642
f 3654 3441 3432
f 3653 3654 3432
f 3432 3431 3653
f 3431 3652 3653
f 3650 3497 3502
f 3650 3487 3497
f 3650 3502 3581
f 3650 3581 3649
f 3649 3581 3648
f 3441 3648 3444
f 3446 3444 3648
f 3581 3446 3648
f 3675 3662 3468
f 3601 3468 3662
f 3467 3675 3468
f 3470 3674 3467
f 3672 3673 3470
f 3674 3675 3467
f 3470 3673 3674
f 3481 3672 3470
f 3672 3481 3482
f 3671 3672 3482
f 3669 3451 3452
f 3451 3669 3449
f 3570 3449 3669
f 3568 3671 3482
f 3670 3671 3568
f 3669 3670 3570
f 3570 3670 3568
f 3677 3612 3676
f 3679 3452 3616
f 3678 3679 3616
f 3616 3677 3678
f 3616 3612 3677
f 3612 3602 3661
f 3612 3661 3676
f 3791 3780 3387
f 3596 3387 3780
f 3389 3789 3386
f 3789 3790 3386
f 3389 3396 3789
f 3790 3791 3386
f 3386 3791 3387
f 3396 3397 3788
f 3559 3583 3374
f 3558 3788 3397
f 3559 3787 3558
f 3793 3794 3373
f 3373 3794 3374
f 3373 3382 3793
f 3382 3792 3793
f 3783 3382 3597
f 3783 3792 3382
f 3592 3404 3768
f 3592 3768 3761
f 3399 3405 3767
f 3399 3767 3768
f 3404 3399 3768
f 3406 3410 3766
f 3765 3410 3413
f 3765 3766 3410
f 3552 3764 3765
f 3552 3765 3413
f 3552 3393 3764
f 3394 3384 3393
f 3769 3770 3390
f 3384 3383 3772
f 3772 3383 3771
f 3383 3390 3771
f 3771 3390 3770
f 3593 3769 3390
f 3757 3769 3593
f 3714 3434 3718
f 3585 3434 3714
f 3435 3723 3433
f 3723 3719 3433
f 3433 3718 3434
f 3722 3723 3435
f 3433 3719 3718
f 3442 3722 3435
f 3448 3721 3442
f 3418 3720 3419
f 3542 3721 3448
f 3543 3721 3542
f 3419 3720 3543
f 3883 3426 3884
f 3422 3726 3418
f 3725 3726 3422
f 3422 3883 3725
f 3725 3883 3724
f 3422 3426 3883
f 3883 3884 3724
f 3710 3884 3586
f 3586 3884 3426
f 3710 3724 3884
f 3698 3690 3608
f 3698 3608 3607
f 3698 3607 3615
f 3460 3459 3696
f 3615 3460 3696
f 3615 3696 3697
f 3615 3697 3698
f 3695 3459 3461
f 3574 3695 3461
f 3499 3693 3694
f 3499 3694 3575
f 3575 3694 3574
f 3574 3694 3695
f 3484 3693 3499
f 3496 3699 3483
f 3693 3484 3702
f 3484 3701 3702
f 3484 3483 3701
f 3701 3483 3700
f 3700 3483 3699
f 3496 3606 3699
f 3689 3699 3606
f 3885 3886 3887
f 3888 3886 3885
f 3889 3890 3886
f 3886 3890 3887
f 3891 3892 3893
f 3894 3895 3896
f 3897 3898 3899
f 3900 3901 3902
f 3903 3904 3902
f 3902 3904 3905
f 3893 3906 3891
f 3891 3906 3907
f 3908 3909 3890
f 3908 3890 3910
f 3902 3905 3911
f 3902 3911 3900
f 3912 3910 3890
f 3913 3914 3891
f 3891 3914 3915
f 3897 3899 3892
f 3916 3917 3918
f 3916 3918 3919
f 3920 3900 3921
f 3900 3920 3901
f 3914 3913 3922
f 3915 3897 3891
f 3891 3897 3892
f 3923 3895 3894
f 3924 3922 3913
f 3900 3911 3925
f 3926 3885 3887
f 3910 3912 3927
f 3928 3929 3930
f 3930 3929 3931
f 3930 3931 3932
f 3932 3931 3933
f 3933 3931 3934
f 3933 3934 3921
f 3921 3934 3920
f 3898 3935 3936
f 3937 3903 3928
f 3928 3903 3929
f 3894 3896 3937
f 3937 3896 3938
f 3937 3938 3903
f 3939 3940 3907
f 3939 3907 3906
f 3918 3941 3919
f 3924 3942 3922
f 3925 3911 3885
f 3940 3939 3943
f 3943 3939 3944
f 3943 3944 3945
f 3917 3916 3946
f 3917 3946 3944
f 3947 3948 3923
f 3923 3948 3895
f 3899 3941 3918
f 3885 3926 3949
f 3899 3898 3941
f 3941 3898 3936
f 3950 3951 3952
f 3885 3949 3925
f 3903 3938 3904
f 3904 3938 3927
f 3904 3927 3912
f 3944 3946 3909
f 3944 3909 3945
f 3924 3953 3936
f 3942 3924 3936
f 3942 3936 3935
f 3945 3909 3954
f 3909 3908 3954
f 3954 3908 3948
f 3954 3948 3947
f 3950 3952 3955
f 3953 3924 3955
f 3953 3955 3952
f 3956 3957 3958
f 3956 3958 3959
f 3960 3961 3962
f 3963 3964 3965
f 3966 3967 3968
f 3967 3969 3968
f 3970 3971 3972
f 3963 3965 3973
f 3973 3965 3974
f 3975 3976 3977
f 3978 3964 3963
f 3979 3980 3981
f 3981 3980 3982
f 3981 3982 3983
f 3984 3985 3976
f 3986 3985 3987
f 3976 3975 3984
f 3956 3959 3960
f 3960 3959 3988
f 3988 3959 3986
f 3988 3986 3989
f 3987 3989 3986
f 3970 3990 3991
f 3970 3991 3971
f 3967 3992 3969
f 3969 3992 3987
f 3961 3960 3988
f 3993 3994 3995
f 3984 3969 3985
f 3985 3969 3987
f 3990 3970 3994
f 3990 3994 3993
f 3964 3978 3996
f 3957 3956 3997
f 3998 3999 4000
f 4001 4002 4003
f 3993 3995 4004
f 4004 3995 4005
f 4004 4005 4006
f 4006 4005 4007
f 4007 4005 4008
f 4007 4008 4009
f 4009 4008 4010
f 3972 3974 4010
f 4010 3974 4009
f 3996 3978 4011
f 3996 4011 4012
f 4013 4014 4015
f 3971 4016 3972
f 4015 4014 3957
f 3962 3968 4017
f 3979 4018 3980
f 3974 3972 4016
f 3974 4016 3973
f 3976 4014 3977
f 3977 4014 4013
f 3966 3968 3962
f 3966 3962 3961
f 3980 4018 4016
f 4016 4018 3973
f 4019 4015 3957
f 4019 3957 4020
f 4020 3957 3997
f 3990 4021 4002
f 3991 3990 4002
f 4002 4021 4003
f 4019 3983 4015
f 3998 4022 3999
f 3999 4022 4017
f 4017 4022 3962
f 4011 3981 4012
f 4012 3981 3983
f 4012 3983 4019
f 3907 3940 4023
f 4024 3907 4025
f 3943 4023 3940
f 3943 4026 4023
f 3945 4026 3943
f 3954 4027 3945
f 3945 4027 4026
f 4028 4027 3954
f 4028 3954 4029
f 3947 4030 3954
f 3954 4030 4029
f 3923 4031 3947
f 3947 4031 4030
f 3894 4032 4033
f 3894 4033 3923
f 3923 4033 4031
f 4034 4035 4036
f 4036 4035 4037
f 4038 4035 4034
f 4024 4025 4039
f 4039 4025 4038
f 3928 3930 4009
f 3937 3928 3974
f 3937 3974 3894
f 3894 3965 4032
f 4023 4025 3907
f 4040 4041 4042
f 4042 4041 4043
f 4044 4041 4040
f 4044 4045 4041
f 4032 4045 4044
f 3965 3964 4046
f 3965 4047 4032
f 4032 4047 4045
f 4046 3964 4048
f 4048 3964 3996
f 4048 3996 4049
f 4049 3996 4012
f 4049 4012 4050
f 4050 4012 4019
f 4019 4051 4050
f 4020 4052 4019
f 4019 4052 4051
f 4024 4053 3997
f 3997 4053 4020
f 4020 4053 4052
f 4038 4034 4039
f 3930 4007 4009
f 3928 4009 3974
f 3894 3974 3965
f 4047 3965 4046
f 3907 4024 3997
f 3907 3997 3891
f 3891 3997 3956
f 4054 4055 4056
f 4056 4055 4057
f 4057 4055 4058
f 4057 4058 4059
f 4060 4061 4062
f 4062 4061 4063
f 4064 4065 4066
f 4067 4068 4069
f 4069 4068 4058
f 4060 4057 4070
f 4070 4057 4059
f 4070 4059 4071
f 4070 4071 4072
f 4073 4054 4056
f 4074 4066 4075
f 4057 4060 4074
f 4066 4076 4064
f 4077 4078 4056
f 4078 4073 4056
f 4061 4060 4070
f 4074 4060 4066
f 4055 4069 4058
f 4066 4065 4075
f 4077 4056 4079
f 4077 4079 4080
f 3919 3951 3950
f 3919 3950 3916
f 3916 3950 4079
f 3950 4080 4079
f 3926 3887 3890
f 3890 3909 3926
f 4081 4082 3926
f 4081 3926 3909
f 4082 4081 4074
f 4074 4075 4082
f 3983 3982 4003
f 3982 4001 4003
f 4003 4071 3983
f 4071 4003 4072
f 3998 4000 3975
f 3975 3977 3998
f 3998 3977 4083
f 3998 4083 4067
f 4068 4067 4083
f 4021 3990 4084
f 4072 4085 4086
f 4087 4088 4089
f 4089 3990 3993
f 4090 4084 4089
f 4091 4092 4093
f 4065 4094 4075
f 4095 4096 3949
f 4097 3900 3925
f 4090 4098 4099
f 4089 4088 4098
f 4100 4061 4070
f 4063 4061 4101
f 4094 4065 4093
f 4093 4065 4091
f 4091 4065 4064
f 4097 4099 4102
f 3925 4099 4097
f 3990 4089 4084
f 4098 4090 4089
f 4103 4090 4099
f 4103 4099 4096
f 4096 4099 3925
f 4096 3925 3949
f 3993 4087 4089
f 4085 4021 4084
f 4101 4061 4100
f 4093 4104 4105
f 4070 4086 4100
f 4101 4100 4106
f 4104 4106 4103
f 4107 4101 4106
f 4107 4106 4104
f 4104 4103 4105
f 4105 4103 4096
f 4105 4096 4095
f 4107 4104 4108
f 4108 4104 4093
f 4108 4093 4092
f 4093 4105 4094
f 4103 4084 4090
f 4084 4106 4085
f 4085 4106 4086
f 4070 4072 4086
f 4086 4106 4100
f 4106 4084 4103
f 4105 4095 4075
f 4105 4075 4094
f 4085 4072 4003
f 4085 4003 4021
f 4082 4075 4095
f 3926 4082 3949
f 4082 4095 3949
f 4080 3955 4077
f 4078 4109 4073
f 4073 4109 4110
f 4073 4110 4111
f 4073 4111 4054
f 4112 4113 4111
f 4080 3950 3955
f 4077 3924 4109
f 4077 3955 3924
f 4109 3924 4114
f 4109 4114 4110
f 4110 4114 4115
f 4110 4115 4111
f 4112 4111 4115
f 4078 4077 4109
f 4116 4112 4115
f 4115 4114 4116
f 4116 4114 3913
f 4114 3924 3913
f 4022 3998 4067
f 4117 4118 4119
f 4113 4055 4054
f 4120 4055 4113
f 4055 4120 4069
f 4119 4113 4112
f 3962 4022 4117
f 4117 4022 4118
f 4118 4120 4119
f 4119 4120 4113
f 4067 4069 4022
f 4022 4069 4118
f 4118 4069 4120
f 4111 4113 4054
f 4116 4119 4112
f 4117 4119 3960
f 3960 4119 4116
f 3962 4117 3960
f 4088 4102 4098
f 4098 4102 4099
f 3921 3900 4121
f 4121 3900 4097
f 4097 4102 4121
f 4087 3993 4121
f 4121 3993 3921
f 4121 4088 4087
f 4088 4121 4102
f 3921 3993 3933
f 3933 3993 4004
f 3933 4004 4006
f 3933 4006 3932
f 3932 4006 3930
f 3930 4006 4007
f 4122 3983 4059
f 4059 3983 4071
f 4123 3983 4122
f 4123 4015 3983
f 4123 4124 4015
f 4015 4124 4013
f 3977 4125 4058
f 3977 4058 4083
f 4083 4058 4068
f 4013 4124 3977
f 3977 4124 4125
f 4058 4124 4059
f 4059 4124 4123
f 4059 4123 4122
f 4125 4124 4058
f 3909 4126 4081
f 4057 4081 4126
f 4081 4057 4074
f 3909 4127 4126
f 3946 4128 3909
f 3909 4128 4127
f 4129 3916 4056
f 4056 3916 4079
f 4128 3916 4129
f 4128 3946 3916
f 4057 4127 4056
f 4056 4127 4128
f 4056 4128 4129
f 4057 4126 4127
f 3988 3922 3961
f 3961 3922 3942
f 3961 3942 3966
f 3966 3942 3935
f 3966 3935 3967
f 3967 3935 3898
f 3967 3898 3992
f 3992 3898 3987
f 3987 3898 3897
f 3987 3897 3989
f 3989 3897 3915
f 3989 3915 3988
f 3988 3915 3914
f 3988 3914 3922
f 3959 3906 3893
f 3959 3893 3986
f 3986 3893 3892
f 3986 3892 3985
f 3985 3892 3899
f 3985 3899 3976
f 3976 3899 3918
f 3976 3918 3917
f 3976 3917 4014
f 4014 3917 3944
f 4014 3944 3957
f 3957 3944 3939
f 3957 3939 3958
f 3958 3939 3906
f 3958 3906 3959
f 3963 3896 3895
f 3963 3895 3978
f 3978 3895 3948
f 3978 3948 4011
f 4011 3948 3981
f 3981 3948 3908
f 3981 3908 3979
f 3979 3908 3910
f 3979 3910 3927
f 3979 3927 4018
f 4018 3927 3938
f 4018 3938 3973
f 3973 3938 3896
f 3973 3896 3963
f 4005 3934 3931
f 4005 3931 4008
f 4008 3931 3929
f 4008 3929 4010
f 4010 3929 3903
f 4010 3903 3972
f 3972 3903 3902
f 3972 3902 3970
f 3970 3902 3901
f 3970 3901 3994
f 3994 3901 3920
f 3994 3920 3995
f 3995 3920 3934
f 3995 3934 4005
f 3951 4000 3999
f 3951 3999 3952
f 3999 4017 3952
f 3952 4017 3953
f 4017 3968 3953
f 3953 3968 3936
f 3968 3969 3936
f 3936 3969 3941
f 3975 3919 3984
f 3984 3919 3941
f 3984 3941 3969
f 3975 4000 3919
f 3919 4000 3951
f 4130 4131 3980
f 3980 4131 3982
f 3890 3889 3912
f 3912 3889 4132
f 4130 3980 4132
f 3980 3912 4132
f 3980 4016 3912
f 3912 4016 3904
f 4016 3971 3904
f 3904 3971 3905
f 3991 3911 3971
f 3971 3911 3905
f 3991 4133 3911
f 3911 4133 4134
f 3888 3885 3911
f 3888 3911 4134
f 4002 4135 3991
f 3991 4135 4133
f 4135 4002 4136
f 4136 4002 4001
f 4136 4001 4131
f 4131 4001 3982
f 3956 3960 3891
f 3891 3960 3913
f 4116 3913 3960
f 4137 4025 4138
f 4138 4025 4023
f 4028 4139 4027
f 4027 4139 4140
f 4027 4140 4026
f 4026 4140 4141
f 4026 4141 4023
f 4023 4141 4138
f 4033 4142 4031
f 4031 4142 4143
f 4031 4143 4030
f 4030 4143 4029
f 4029 4143 4144
f 4029 4144 4028
f 4028 4144 4139
f 4142 4033 4145
f 4145 4033 4032
f 4146 4024 4147
f 4147 4024 4039
f 4147 4039 4148
f 4148 4039 4034
f 4148 4034 4149
f 4149 4034 4036
f 4149 4036 4037
f 4025 4137 4150
f 4025 4150 4038
f 4038 4150 4035
f 4035 4150 4151
f 4035 4151 4037
f 4037 4151 4149
f 4043 4152 4042
f 4042 4152 4153
f 4042 4153 4040
f 4040 4153 4044
f 4044 4153 4154
f 4044 4154 4032
f 4032 4154 4145
f 4047 4155 4045
f 4045 4155 4156
f 4045 4156 4041
f 4041 4156 4157
f 4041 4157 4043
f 4043 4157 4152
f 4155 4047 4158
f 4158 4047 4046
f 4158 4046 4159
f 4159 4046 4048
f 4159 4048 4049
f 4159 4049 4160
f 4160 4049 4050
f 4160 4050 4161
f 4053 4162 4052
f 4052 4162 4163
f 4052 4163 4051
f 4051 4163 4050
f 4050 4163 4164
f 4050 4164 4161
f 4162 4053 4146
f 4146 4053 4024
f 4146 4147 4162
f 4162 4147 4163
f 4147 4148 4163
f 4163 4148 4164
f 4148 4149 4164
f 4164 4149 4161
f 4161 4149 4139
f 4155 4158 4159
f 4155 4159 4156
f 4156 4159 4160
f 4156 4160 4157
f 4157 4160 4152
f 4160 4161 4152
f 4152 4161 4139
f 4152 4139 4144
f 4152 4144 4153
f 4144 4143 4153
f 4153 4143 4154
f 4143 4142 4154
f 4154 4142 4145
f 4137 4138 4150
f 4150 4138 4141
f 4150 4141 4140
f 4150 4140 4151
f 4151 4140 4139
f 4151 4139 4149
f 4130 4132 4060
f 4060 4132 4066
f 4165 4166 4133
f 4133 4166 4134
f 4066 3889 4076
f 4076 3889 3886
f 4135 4136 4062
f 4062 4136 4060
f 4060 4136 4131
f 4135 4167 4133
f 4133 4167 4165
f 4134 4166 4168
f 4134 4168 3888
f 3888 4076 3886
f 4064 4076 4091
f 4091 4076 3888
f 4091 3888 4168
f 4091 4168 4092
f 4092 4168 4108
f 4108 4168 4166
f 4107 4166 4165
f 4107 4108 4166
f 4169 4101 4167
f 4167 4107 4165
f 4107 4167 4101
f 4135 4169 4167
f 4062 4063 4169
f 4062 4169 4135
f 4063 4101 4169
f 4130 4060 4131
f 3889 4066 4132
f 4170 4171 4172
f 4172 4171 4173
f 4173 4174 4172
f 4175 4176 4177
f 4177 4178 4175
f 4175 4178 4179
f 4180 4181 4182
f 4180 4182 4183
f 4183 4182 4184
f 4183 4184 4185
f 4185 4184 4186
f 4187 4185 4186
f 4188 4189 4187
f 4188 4187 4190
f 4188 4191 4189
f 4192 4191 4188
f 4190 4187 4186
f 4190 4186 4193
f 4190 4193 4194
f 4195 4193 4196
f 4195 4196 4197
f 4194 4193 4195
f 4198 4199 4195
f 4195 4199 4200
f 4195 4200 4194
f 4194 4200 4201
f 4197 4196 4202
f 4202 4203 4204
f 4202 4204 4197
f 4197 4204 4205
f 4197 4205 4206
f 4206 4205 4207
f 4202 4208 4203
f 4209 4208 4202
f 4209 4210 4208
f 4209 4211 4210
f 4212 4213 4214
f 4215 4216 4217
f 4216 4215 4218
f 4219 4214 4217
f 4217 4214 4220
f 4221 4222 4223
f 4221 4223 4212
f 4212 4223 4213
f 4224 4225 4226
f 4224 4226 4227
f 4227 4226 4228
f 4227 4228 4229
f 4215 4217 4220
f 4182 4181 4221
f 4211 4209 4212
f 4206 4207 4218
f 4218 4207 4216
f 4229 4228 4191
f 4229 4191 4192
f 4221 4181 4222
f 4222 4181 4230
f 4214 4219 4231
f 4214 4231 4232
f 4214 4232 4211
f 4214 4211 4212
f 4222 4230 4225
f 4222 4225 4224
f 4233 4198 4234
f 4235 4236 4237
f 4237 4236 4233
f 4237 4233 4234
f 4238 4239 4240
f 4199 4238 4240
f 4241 4242 4243
f 4242 4244 4243
f 4243 4244 4245
f 4243 4245 4246
f 4247 4248 4249
f 4247 4249 4250
f 4250 4249 4251
f 4252 4201 4253
f 4253 4201 4254
f 4253 4254 4255
f 4253 4255 4256
f 4257 4258 4259
f 4200 4259 4258
f 4260 4261 4262
f 4263 4260 4264
f 4264 4260 4262
f 4264 4262 4265
f 4266 4267 4268
f 4269 4270 4271
f 4271 4270 4266
f 4271 4266 4268
f 4272 4273 4274
f 4275 4276 4277
f 4278 4275 4277
f 4278 4279 4275
f 4280 4281 4279
f 4280 4279 4278
f 4281 4280 4282
f 4281 4282 4283
f 4283 4282 4284
f 4283 4284 4285
f 4285 4284 4286
f 4287 4288 4289
f 4290 4291 4292
f 4292 4291 4293
f 4294 4295 4290
f 4290 4295 4291
f 4296 4295 4294
f 4289 4288 4297
f 4289 4297 4296
f 4296 4297 4295
f 4293 4298 4299
f 4298 4300 4299
f 4298 4293 4301
f 4298 4301 4302
f 4303 4304 4298
f 4304 4303 4305
f 4305 4306 4304
f 4305 4307 4306
f 4306 4307 4308
f 4306 4308 4309
f 4310 4311 4302
f 4302 4311 4312
f 4302 4312 4298
f 4312 4313 4298
f 4307 4314 4308
f 4313 4315 4316
f 4307 4315 4313
f 4307 4313 4314
f 4313 4316 4298
f 4298 4316 4303
f 4306 4317 4318
f 4318 4317 4319
f 4318 4319 4320
f 4321 4322 4320
f 4318 4320 4323
f 4320 4322 4323
f 4323 4322 4324
f 4322 4325 4324
f 4326 4321 4320
f 4321 4326 4327
f 4327 4326 4328
f 4329 4330 4309
f 4309 4331 4332
f 4309 4332 4329
f 4333 4309 4334
f 4309 4330 4306
f 4306 4330 4335
f 4306 4335 4336
f 4337 4338 4328
f 4328 4338 4327
f 4338 4337 4336
f 4336 4337 4317
f 4336 4317 4306
f 4339 4340 4341
f 4341 4342 4343
f 4343 4344 4341
f 4339 4344 4345
f 4344 4339 4341
f 4340 4346 4341
f 4346 4340 4347
f 4346 4347 4348
f 4346 4348 4349
f 4346 4349 4350
f 4346 4350 4351
f 4352 4345 4353
f 4345 4344 4353
f 4352 4353 4354
f 4353 4355 4354
f 4325 4356 4324
f 4324 4356 4357
f 4355 4358 4356
f 4355 4356 4354
f 4357 4356 4359
f 4356 4358 4359
f 4358 4342 4359
f 4359 4342 4341
f 4360 4361 4362
f 4361 4363 4362
f 4362 4363 4346
f 4346 4363 4364
f 4346 4364 4341
f 4341 4364 4365
f 4341 4365 4366
f 4367 4366 4365
f 4366 4367 4360
f 4367 4368 4360
f 4360 4368 4361
f 4369 4370 4362
f 4362 4370 4371
f 4362 4371 4360
f 4372 4351 4350
f 4351 4372 4373
f 4352 4354 4374
f 4375 4374 4321
f 4375 4321 4376
f 4372 4377 4373
f 4377 4352 4375
f 4352 4374 4375
f 4377 4375 4373
f 4375 4378 4373
f 4373 4378 4379
f 4379 4380 4381
f 4380 4382 4381
f 4383 4382 4384
f 4383 4385 4327
f 4376 4321 4327
f 4376 4327 4385
f 4383 4384 4385
f 4386 4382 4383
f 4382 4386 4381
f 4386 4331 4381
f 4331 4309 4333
f 4331 4333 4381
f 4373 4379 4381
f 4373 4381 4195
f 4373 4195 4197
f 4373 4197 4206
f 4373 4206 4387
f 4387 4206 4388
f 4388 4206 4218
f 4218 4215 4389
f 4218 4389 4388
f 4309 4390 4334
f 4391 4392 4393
f 4391 4393 4394
f 4394 4393 4395
f 4394 4395 4396
f 4396 4395 4397
f 4396 4397 4398
f 4398 4397 4399
f 4398 4399 4400
f 4398 4400 4401
f 4402 4403 4404
f 4402 4404 4405
f 4405 4404 4406
f 4406 4404 4407
f 4406 4407 4408
f 4408 4407 4409
f 4408 4409 4410
f 4410 4409 4401
f 4410 4401 4411
f 4411 4401 4400
f 4224 4412 4413
f 4224 4413 4391
f 4392 4391 4413
f 4414 4415 4416
f 4416 4415 4417
f 4418 4415 4414
f 4416 4417 4419
f 4419 4417 4420
f 4419 4420 4421
f 4421 4420 4422
f 4421 4422 4423
f 4423 4422 4424
f 4423 4424 4425
f 4423 4425 4426
f 4426 4425 4427
f 4426 4427 4428
f 4428 4427 4429
f 4429 4427 4430
f 4210 4431 4432
f 4210 4432 4208
f 4433 4434 4203
f 4203 4434 4204
f 4204 4434 4435
f 4435 4434 4436
f 4204 4435 4437
f 4435 4436 4438
f 4438 4436 4439
f 4440 4207 4441
f 4441 4207 4205
f 4205 4437 4441
f 4204 4437 4205
f 4208 4432 4203
f 4203 4432 4438
f 4438 4442 4203
f 4203 4442 4433
f 4438 4439 4442
f 4443 4444 4216
f 4440 4445 4207
f 4207 4445 4443
f 4207 4443 4216
f 4446 4447 4217
f 4217 4447 4219
f 4216 4446 4217
f 4216 4444 4446
f 4219 4447 4231
f 4231 4447 4448
f 4231 4448 4232
f 4232 4448 4449
f 4232 4449 4211
f 4211 4449 4431
f 4211 4431 4210
f 4450 4180 4451
f 4451 4180 4183
f 4450 4452 4180
f 4452 4181 4180
f 4453 4454 4191
f 4455 4453 4228
f 4228 4453 4191
f 4187 4456 4457
f 4456 4187 4189
f 4456 4189 4454
f 4454 4189 4191
f 4226 4455 4228
f 4455 4226 4458
f 4225 4458 4226
f 4457 4459 4187
f 4460 4461 4462
f 4187 4463 4464
f 4464 4465 4185
f 4460 4462 4459
f 4462 4463 4459
f 4459 4463 4187
f 4187 4464 4185
f 4185 4465 4466
f 4451 4183 4460
f 4460 4183 4185
f 4460 4185 4466
f 4466 4461 4460
f 4181 4452 4467
f 4181 4467 4230
f 4230 4467 4468
f 4230 4468 4225
f 4225 4468 4458
f 4469 4470 4471
f 4471 4470 4472
f 4471 4472 4473
f 4473 4472 4474
f 4475 4476 4477
f 4475 4477 4474
f 4474 4477 4473
f 4478 4479 4480
f 4481 4482 4483
f 4483 4482 4480
f 4483 4480 4479
f 4484 4478 4485
f 4479 4478 4484
f 4478 4486 4485
f 4485 4486 4487
f 4485 4487 4488
f 4488 4487 4489
f 4488 4489 4469
f 4469 4489 4470
f 4490 4477 4476
f 4490 4476 4491
f 4491 4492 4490
f 4491 4493 4492
f 4482 4481 4494
f 4493 4495 4492
f 4494 4495 4482
f 4482 4495 4493
f 4496 4497 4498
f 4498 4497 4499
f 4496 4500 4497
f 4500 4501 4497
f 4502 4498 4503
f 4503 4498 4499
f 4504 4502 4503
f 4504 4503 4505
f 4506 4505 4507
f 4507 4505 4503
f 4508 4509 4507
f 4507 4509 4506
f 4510 4509 4508
f 4510 4511 4509
f 4510 4512 4511
f 4511 4512 4513
f 4513 4512 4514
f 4515 4516 4517
f 4517 4516 4518
f 4517 4518 4514
f 4514 4518 4513
f 4516 4515 4519
f 4519 4515 4520
f 4519 4520 4521
f 4521 4520 4501
f 4521 4501 4500
f 4522 4523 4524
f 4524 4523 4525
f 4524 4525 4526
f 4526 4525 4527
f 4526 4527 4528
f 4528 4527 4529
f 4528 4529 4530
f 4528 4530 4531
f 4528 4531 4532
f 4532 4531 4533
f 4532 4533 4534
f 4534 4533 4535
f 4534 4535 4536
f 4536 4535 4537
f 4536 4537 4522
f 4522 4537 4538
f 4522 4538 4523
f 4539 4540 4541
f 4539 4541 4542
f 4542 4541 4543
f 4542 4543 4544
f 4544 4543 4545
f 4544 4545 4546
f 4544 4546 4547
f 4547 4546 4548
f 4547 4548 4549
f 4549 4548 4550
f 4549 4550 4551
f 4549 4551 4552
f 4552 4551 4553
f 4552 4553 4554
f 4554 4553 4555
f 4554 4555 4539
f 4539 4555 4540
f 4556 4557 4558
f 4556 4558 4559
f 4559 4558 4560
f 4559 4560 4561
f 4561 4560 4562
f 4561 4562 4563
f 4563 4562 4564
f 4563 4564 4565
f 4563 4565 4566
f 4566 4565 4567
f 4566 4567 4568
f 4568 4567 4569
f 4568 4569 4570
f 4568 4570 4571
f 4571 4570 4572
f 4571 4572 4556
f 4556 4572 4557
f 4573 4574 4575
f 4573 4575 4576
f 4576 4575 4577
f 4576 4577 4578
f 4578 4577 4579
f 4578 4579 4580
f 4578 4580 4581
f 4581 4580 4582
f 4581 4582 4583
f 4583 4582 4584
f 4583 4584 4585
f 4585 4584 4586
f 4585 4586 4587
f 4587 4586 4588
f 4587 4588 4574
f 4587 4574 4573
f 4589 4590 4591
f 4589 4591 4592
f 4592 4591 4593
f 4592 4593 4594
f 4592 4594 4595
f 4595 4594 4596
f 4595 4596 4597
f 4597 4596 4598
f 4597 4598 4599
f 4599 4598 4600
f 4599 4600 4601
f 4601 4600 4602
f 4601 4602 4603
f 4601 4603 4604
f 4604 4603 4590
f 4604 4590 4589
f 4605 4606 4607
f 4605 4607 4608
f 4608 4607 4609
f 4608 4609 4610
f 4610 4609 4611
f 4610 4611 4612
f 4612 4611 4613
f 4612 4613 4614
f 4614 4613 4615
f 4614 4615 4616
f 4614 4616 4617
f 4617 4616 4618
f 4617 4618 4619
f 4619 4618 4620
f 4619 4620 4606
f 4619 4606 4605
f 4220 4621 4622
f 4402 4621 4403
f 4403 4621 4220
f 4623 4624 4625
f 4626 4627 4628
f 4629 4370 4369
f 4630 4629 4631
f 4299 4632 4633
f 4299 4633 4634
f 4623 4625 4635
f 4625 4624 4636
f 4631 4629 4369
f 4631 4369 4637
f 4631 4637 4636
f 4631 4636 4624
f 4638 4639 4640
f 4641 4642 4643
f 4634 4633 4626
f 4634 4626 4628
f 4631 4644 4630
f 4641 4645 4642
f 4623 4635 4646
f 4647 4648 4632
f 4647 4632 4649
f 4299 4300 4649
f 4628 4627 4650
f 4632 4299 4649
f 4630 4644 4651
f 4651 4644 4623
f 4651 4623 4652
f 4638 4640 4653
f 4653 4640 4654
f 4654 4640 4643
f 4627 4655 4650
f 4646 4654 4623
f 4623 4654 4652
f 4645 4641 4656
f 4643 4642 4657
f 4643 4657 4654
f 4654 4657 4652
f 4658 4656 4638
f 4638 4656 4639
f 4627 4658 4655
f 4658 4659 4645
f 4645 4656 4658
f 4659 4658 4660
f 4660 4658 4627
f 4660 4627 4648
f 4660 4648 4647
f 4377 4594 4352
f 4352 4594 4593
f 4352 4593 4345
f 4345 4593 4591
f 4345 4591 4590
f 4345 4590 4339
f 4339 4590 4603
f 4603 4340 4339
f 4602 4340 4603
f 4340 4602 4347
f 4347 4602 4600
f 4600 4348 4347
f 4348 4600 4598
f 4598 4349 4348
f 4598 4350 4349
f 4596 4350 4598
f 4350 4596 4372
f 4594 4372 4596
f 4594 4377 4372
f 4661 4662 4663
f 4661 4663 4664
f 4664 4663 4665
f 4379 4666 4667
f 4379 4667 4380
f 4380 4667 4665
f 4380 4665 4663
f 4668 4379 4669
f 4669 4379 4662
f 4662 4661 4669
f 4668 4666 4379
f 4386 4580 4331
f 4331 4580 4579
f 4331 4579 4332
f 4332 4579 4577
f 4332 4577 4575
f 4332 4575 4329
f 4329 4575 4574
f 4574 4330 4329
f 4588 4330 4574
f 4330 4588 4335
f 4335 4588 4586
f 4586 4336 4335
f 4336 4586 4584
f 4584 4338 4336
f 4584 4327 4338
f 4582 4327 4584
f 4327 4582 4383
f 4580 4383 4582
f 4580 4386 4383
f 4670 4671 4672
f 4670 4672 4673
f 4673 4672 4674
f 4673 4674 4675
f 4675 4674 4676
f 4675 4676 4677
f 4677 4676 4678
f 4677 4678 4679
f 4679 4678 4680
f 4679 4680 4681
f 4681 4680 4682
f 4681 4682 4683
f 4683 4682 4684
f 4683 4684 4670
f 4670 4684 4671
f 4669 4685 4668
f 4668 4685 4666
f 4666 4685 4686
f 4666 4686 4667
f 4667 4686 4687
f 4667 4687 4665
f 4665 4687 4688
f 4665 4688 4664
f 4664 4688 4689
f 4664 4689 4661
f 4661 4689 4690
f 4661 4690 4691
f 4661 4691 4669
f 4669 4691 4685
f 4692 4693 4694
f 4692 4694 4695
f 4695 4694 4696
f 4695 4696 4697
f 4697 4696 4698
f 4697 4698 4699
f 4699 4698 4700
f 4699 4700 4701
f 4701 4700 4702
f 4701 4702 4703
f 4703 4702 4704
f 4703 4704 4705
f 4705 4704 4706
f 4705 4706 4707
f 4705 4707 4708
f 4708 4707 4709
f 4708 4709 4710
f 4708 4710 4711
f 4711 4710 4712
f 4711 4712 4713
f 4713 4712 4714
f 4713 4714 4715
f 4715 4714 4716
f 4715 4716 4717
f 4715 4717 4718
f 4718 4717 4719
f 4718 4719 4720
f 4720 4719 4721
f 4720 4721 4722
f 4722 4721 4723
f 4722 4723 4724
f 4724 4723 4725
f 4724 4725 4726
f 4726 4725 4727
f 4726 4727 4693
f 4726 4693 4692
f 4728 4729 4730
f 4731 4732 4733
f 4733 4734 4731
f 4733 4735 4734
f 4734 4735 4736
f 4736 4735 4729
f 4729 4728 4736
f 4728 4730 4737
f 4728 4737 4738
f 4739 4738 4740
f 4740 4738 4737
f 4739 4740 4741
f 4739 4741 4742
f 4743 4742 4741
f 4742 4743 4744
f 4744 4743 4745
f 4745 4743 4746
f 4747 4745 4746
f 4747 4748 4745
f 4749 4748 4747
f 4749 4750 4748
f 4751 4750 4749
f 4752 4673 4753
f 4753 4673 4675
f 4753 4675 4677
f 4753 4677 4754
f 4754 4677 4679
f 4754 4679 4681
f 4754 4681 4755
f 4755 4681 4683
f 4755 4683 4670
f 4752 4670 4673
f 4755 4670 4752
f 4567 4756 4757
f 4567 4757 4569
f 4756 4567 4565
f 4756 4565 4758
f 4565 4759 4758
f 4564 4759 4565
f 4564 4760 4759
f 4562 4760 4564
f 4562 4761 4760
f 4761 4562 4560
f 4762 4761 4560
f 4762 4560 4558
f 4762 4558 4763
f 4557 4763 4558
f 4763 4557 4764
f 4764 4557 4572
f 4764 4572 4765
f 4570 4765 4572
f 4765 4570 4766
f 4569 4757 4570
f 4570 4757 4766
f 4543 4767 4545
f 4767 4543 4768
f 4768 4543 4541
f 4541 4769 4768
f 4540 4769 4541
f 4540 4770 4769
f 4555 4770 4540
f 4555 4771 4770
f 4771 4555 4553
f 4553 4772 4771
f 4772 4553 4773
f 4773 4553 4551
f 4551 4774 4773
f 4550 4774 4551
f 4774 4550 4548
f 4774 4548 4775
f 4546 4775 4548
f 4775 4546 4776
f 4545 4767 4546
f 4546 4767 4776
f 4777 4778 4779
f 4780 4781 4782
f 4780 4783 4784
f 4784 4783 4785
f 4786 4787 4788
f 4789 4779 4778
f 4789 4778 4790
f 4790 4778 4791
f 4783 4780 4782
f 4783 4782 4792
f 4783 4792 4793
f 4785 4783 4794
f 4794 4783 4786
f 4795 4796 4797
f 4795 4797 4798
f 4794 4786 4788
f 4799 4800 4801
f 4801 4800 4791
f 4791 4800 4790
f 4802 4803 4804
f 4779 4789 4805
f 4806 4799 4801
f 4799 4806 4807
f 4802 4808 4809
f 4804 4803 4810
f 4804 4810 4811
f 4805 4789 4812
f 4813 4796 4795
f 4814 4815 4792
f 4792 4815 4793
f 4802 4809 4803
f 4814 4787 4815
f 4808 4816 4809
f 4809 4816 4817
f 4809 4817 4798
f 4809 4798 4797
f 4799 4807 4818
f 4799 4818 4819
f 4819 4818 4820
f 4814 4817 4787
f 4787 4817 4816
f 4787 4816 4821
f 4787 4821 4822
f 4787 4822 4788
f 4811 4810 4823
f 4813 4823 4796
f 4805 4812 4824
f 4824 4812 4819
f 4825 4826 4811
f 4820 4811 4819
f 4819 4811 4826
f 4819 4826 4824
f 4813 4825 4823
f 4823 4825 4811
f 4827 4828 4829
f 4827 4829 4830
f 4827 4830 4831
f 4831 4830 4832
f 4831 4832 4833
f 4833 4832 4834
f 4833 4834 4835
f 4835 4834 4836
f 4835 4836 4837
f 4837 4836 4838
f 4837 4838 4839
f 4839 4838 4840
f 4839 4840 4841
f 4839 4841 4842
f 4842 4841 4843
f 4842 4843 4844
f 4844 4843 4845
f 4844 4845 4846
f 4846 4845 4847
f 4846 4847 4848
f 4848 4847 4849
f 4848 4849 4850
f 4850 4849 4851
f 4850 4851 4852
f 4852 4851 4853
f 4852 4853 4854
f 4852 4854 4855
f 4855 4854 4856
f 4855 4856 4857
f 4857 4856 4858
f 4857 4858 4859
f 4859 4858 4860
f 4859 4860 4861
f 4861 4860 4862
f 4861 4862 4828
f 4861 4828 4827
f 4538 4863 4523
f 4538 4864 4863
f 4537 4864 4538
f 4864 4537 4865
f 4535 4865 4537
f 4535 4866 4865
f 4866 4535 4867
f 4533 4867 4535
f 4531 4867 4533
f 4531 4868 4867
f 4530 4869 4868
f 4530 4868 4531
f 4869 4530 4529
f 4869 4529 4870
f 4527 4870 4529
f 4870 4527 4871
f 4525 4872 4871
f 4525 4871 4527
f 4872 4525 4523
f 4523 4863 4872
f 4873 4285 4286
f 4874 4873 4286
f 4875 4876 4820
f 4873 4874 4778
f 4778 4874 4877
f 4778 4877 4878
f 4878 4877 4879
f 4878 4879 4791
f 4791 4879 4880
f 4791 4880 4801
f 4801 4880 4881
f 4881 4880 4882
f 4881 4882 4806
f 4806 4882 4883
f 4806 4883 4884
f 4884 4883 4807
f 4807 4883 4885
f 4807 4885 4818
f 4818 4885 4886
f 4818 4886 4820
f 4820 4886 4875
f 4887 4804 4888
f 4888 4804 4811
f 4888 4811 4889
f 4889 4811 4875
f 4875 4811 4876
f 4804 4887 4890
f 4890 4887 4891
f 4890 4891 4802
f 4816 4808 4892
f 4892 4808 4893
f 4893 4808 4894
f 4893 4894 4802
f 4893 4802 4891
f 4816 4892 4895
f 4816 4895 4896
f 4895 4897 4896
f 4896 4897 4822
f 4822 4897 4788
f 4788 4897 4898
f 4788 4898 4899
f 4899 4898 4900
f 4899 4900 4794
f 4794 4900 4785
f 4785 4900 4901
f 4785 4901 4784
f 4784 4901 4902
f 4784 4902 4903
f 4903 4902 4904
f 4905 4906 4904
f 4906 4905 4907
f 4907 4905 4908
f 4907 4908 4909
f 4904 4906 4903
f 4909 4908 4910
f 4910 4908 4911
f 4912 4913 4911
f 4911 4913 4910
f 4914 4915 4912
f 4912 4915 4913
f 4914 4274 4916
f 4914 4916 4915
f 4917 4918 4780
f 4780 4918 4919
f 4917 4920 4918
f 4921 4920 4917
f 4921 4913 4922
f 4923 4922 4915
f 4915 4924 4923
f 4924 4915 4916
f 4925 4926 4927
f 4925 4927 4928
f 4528 4929 4526
f 4526 4929 4930
f 4526 4930 4524
f 4524 4930 4931
f 4524 4931 4522
f 4522 4931 4932
f 4522 4932 4536
f 4536 4932 4534
f 4534 4932 4933
f 4534 4933 4532
f 4532 4933 4934
f 4532 4934 4528
f 4528 4934 4935
f 4528 4935 4929
f 4544 4936 4937
f 4544 4937 4542
f 4542 4937 4938
f 4542 4938 4539
f 4539 4938 4939
f 4539 4939 4554
f 4554 4939 4552
f 4552 4939 4940
f 4552 4940 4549
f 4549 4940 4941
f 4549 4941 4942
f 4549 4942 4547
f 4547 4942 4936
f 4547 4936 4544
f 4568 4943 4944
f 4568 4944 4566
f 4566 4944 4945
f 4566 4945 4563
f 4563 4945 4946
f 4563 4946 4561
f 4561 4946 4947
f 4561 4947 4559
f 4559 4947 4948
f 4559 4948 4556
f 4556 4948 4571
f 4571 4948 4949
f 4571 4949 4943
f 4571 4943 4568
f 4950 4951 4952
f 4950 4663 4662
f 4950 4952 4663
f 4926 4925 4953
f 4926 4953 4954
f 4954 4953 4955
f 4954 4955 4956
f 4957 4956 4955
f 4956 4957 4958
f 4958 4753 4956
f 4956 4753 4754
f 4752 4753 4959
f 4959 4753 4958
f 4755 4752 4960
f 4960 4752 4959
f 4959 4961 4960
f 4960 4961 4962
f 4960 4962 4963
f 4963 4962 4928
f 4963 4928 4927
f 4252 4253 4964
f 4252 4964 4965
f 4965 4964 4200
f 4200 4964 4259
f 4258 4257 4966
f 4966 4257 4967
f 4966 4967 4256
f 4966 4256 4255
f 4968 4969 4970
f 4970 4969 4971
f 4972 4971 4973
f 4973 4971 4969
f 4974 4975 4976
f 4974 4976 4977
f 4978 4979 4980
f 4980 4979 4981
f 4979 4978 4982
f 4979 4982 4983
f 4984 4985 4982
f 4982 4985 4983
f 4986 4987 4984
f 4984 4987 4985
f 4987 4986 4981
f 4981 4986 4980
f 4245 4244 4988
f 4988 4244 4989
f 4990 4991 4989
f 4989 4991 4988
f 4991 4990 4249
f 4991 4249 4248
f 4250 4251 4241
f 4241 4251 4242
f 4236 4235 4992
f 4992 4235 4993
f 4992 4993 4238
f 4238 4993 4239
f 4994 4995 4240
f 4240 4995 4199
f 4995 4994 4234
f 4234 4994 4237
f 4996 4997 4998
f 4998 4997 4999
f 5000 5001 4997
f 5000 4997 4996
f 5001 5000 5002
f 5002 5000 5003
f 5004 5005 5003
f 5003 5005 5002
f 5005 5004 4999
f 4999 5004 4998
f 5006 5007 5008
f 5008 5007 5009
f 5007 5006 5010
f 5007 5010 4170
f 4170 5010 4171
f 4177 4176 5011
f 4177 5011 5012
f 4177 5012 5009
f 5009 5012 5008
f 5013 5014 5015
f 5015 5014 5016
f 5015 5016 5017
f 5015 5017 4261
f 5015 4261 4260
f 4265 4262 4268
f 4265 4268 4267
f 4269 4271 5013
f 5013 4271 5014
f 5018 5019 5020
f 5020 5019 5021
f 5020 5021 5022
f 5023 5024 4654
f 4654 5024 5025
f 4654 5025 4653
f 4653 5025 5022
f 4653 5022 5021
f 5024 5023 4646
f 5024 4646 5026
f 5026 4646 5027
f 5026 5027 5028
f 5028 5027 4635
f 5028 4635 5029
f 5029 4635 5030
f 5030 4635 4625
f 5030 4625 5031
f 5031 4625 5032
f 5031 5032 5033
f 5033 5032 5034
f 5033 5034 5035
f 5035 5034 5036
f 5035 5036 5037
f 5037 5036 5038
f 5039 5040 5041
f 5039 5041 5042
f 5042 5041 5043
f 5043 5041 4634
f 5043 4634 5044
f 5044 4634 5045
f 5044 5045 5046
f 5046 5045 5047
f 5046 5047 5048
f 5048 5047 5049
f 5049 5047 4650
f 5049 4650 5050
f 5050 4650 5051
f 5050 5051 5052
f 5052 5051 5053
f 5052 5053 5054
f 5054 5053 4658
f 5054 4658 5055
f 5054 5055 5056
f 5056 5055 5018
f 5018 5055 5019
f 5057 4385 5058
f 5058 4385 4384
f 4384 5059 5058
f 4382 5059 4384
f 4952 4951 5060
f 4382 5060 5059
f 4952 4380 4663
f 4952 4382 4380
f 4382 4952 5060
f 5061 4376 5057
f 5057 4376 4385
f 4376 5061 5062
f 4376 5062 4375
f 5062 5063 4375
f 4375 5063 4378
f 4662 4378 4950
f 4378 5063 4950
f 4662 4379 4378
f 5064 5065 5066
f 5066 5065 5067
f 5067 5065 5068
f 4637 4369 5069
f 5070 5064 5071
f 5064 5070 5072
f 5064 5072 5065
f 5073 5074 5072
f 5072 5074 5065
f 5073 5075 5074
f 5075 5073 5076
f 5075 5076 5077
f 5078 5077 5076
f 5078 5079 5077
f 5080 5079 5078
f 5081 5079 5080
f 5081 5080 5037
f 5081 5037 5038
f 5082 4619 5083
f 5083 4619 4605
f 5083 4605 5084
f 5084 4605 4608
f 5084 4608 5085
f 5085 4608 4610
f 5085 4610 5086
f 5086 4610 5087
f 5087 4610 4612
f 5087 4612 5088
f 5088 4612 4614
f 5088 4614 5082
f 5082 4614 4617
f 5082 4617 4619
f 5089 4587 4573
f 5089 4573 5090
f 5090 4573 4576
f 5090 4576 5091
f 5091 4576 4578
f 5091 4578 5092
f 5092 4578 4581
f 5092 4581 5093
f 5093 4581 4583
f 5093 4583 5094
f 5094 4583 4585
f 5094 4585 5095
f 5095 4585 4587
f 5095 4587 5089
f 5096 4601 4604
f 5096 4604 5097
f 5097 4604 4589
f 5097 4589 5098
f 5098 4589 4592
f 5098 4592 4595
f 5098 4595 5099
f 5099 4595 4597
f 5099 4597 5100
f 5100 4597 5101
f 5101 4597 4599
f 5101 4599 4601
f 5101 4601 5096
f 4293 5040 5039
f 4292 4293 5039
f 4607 5102 4390
f 4606 4310 5102
f 4606 5102 4607
f 4310 4606 4311
f 4311 4606 4620
f 4620 4312 4311
f 4312 4620 4618
f 4616 4313 4618
f 4618 4313 4312
f 4615 4314 4313
f 4615 4313 4616
f 4314 4615 4613
f 4613 4308 4314
f 4611 4309 4613
f 4613 4309 4308
f 4611 4609 4309
f 4609 4390 4309
f 4607 4390 4609
f 5103 5104 5105
f 5103 5106 5104
f 5106 5103 5107
f 5107 4369 5106
f 5108 4369 5107
f 5109 4369 5108
f 5109 5069 4369
f 5109 5110 5069
f 5110 5109 5068
f 5111 5108 5107
f 5111 5107 5112
f 5112 5107 5103
f 5112 5103 5113
f 5113 5103 5105
f 5067 5068 5114
f 5114 5068 5109
f 5114 5109 5111
f 5111 5109 5108
f 5115 5067 5116
f 5066 5115 5117
f 5115 5066 5067
f 5118 5119 5066
f 5118 5066 5117
f 5120 5113 5118
f 5118 5113 5119
f 5116 5067 5114
f 5116 5114 5111
f 5116 5111 5121
f 5121 5111 5122
f 5122 5111 5112
f 5122 5112 5120
f 5120 5112 5113
f 5062 5061 5123
f 5062 5123 5124
f 5062 5124 5063
f 5063 5124 5125
f 4220 4622 4215
f 4224 4227 4412
f 4682 4194 4684
f 4194 4682 5126
f 5126 4682 4680
f 4194 4671 4684
f 4676 4674 4981
f 4981 4674 5005
f 4671 4194 4201
f 4671 4201 4252
f 4983 4676 4979
f 4672 5001 5002
f 4674 4672 5005
f 5005 4672 5002
f 4381 4686 4195
f 4195 4686 4685
f 4685 4234 4198
f 4685 4198 4195
f 4672 4671 5001
f 5001 4671 4965
f 5001 4965 4997
f 4965 4200 4997
f 4690 4987 4981
f 4987 4690 4689
f 4245 4689 4688
f 4245 4688 4246
f 4246 4688 4381
f 4671 4252 4965
f 4678 4676 5013
f 4381 4688 4687
f 4381 4687 4686
f 4676 4981 4979
f 4691 4234 4685
f 4199 4995 4691
f 4200 4199 4997
f 4680 4678 5126
f 5126 4678 4263
f 4263 4678 4260
f 4678 5013 5015
f 4691 4995 4234
f 4691 4999 4199
f 5005 4999 4691
f 4199 4999 4997
f 4678 5015 4260
f 4690 4981 5005
f 4690 5005 4691
f 4270 4248 4247
f 4689 4245 4988
f 4248 4270 4269
f 4248 4269 4991
f 4676 4983 5013
f 5013 4983 4985
f 4987 4689 4988
f 4987 4988 4985
f 4985 4988 4991
f 4991 4269 5013
f 4991 5013 4985
f 5127 4750 4751
f 5128 5127 5129
f 5129 5127 4751
f 5130 5131 5132
f 5133 5132 5131
f 5134 5128 5135
f 5136 5137 5134
f 5138 4389 5137
f 4388 5138 5139
f 5140 5131 5141
f 5140 5133 5131
f 5132 5142 5130
f 5136 5141 5139
f 5143 5131 5130
f 5131 5143 5139
f 5131 5139 5141
f 5138 5137 5136
f 5141 5136 5134
f 5141 5134 5140
f 5140 5134 5135
f 4388 4389 5138
f 5139 5138 5136
f 5144 5145 5146
f 4732 5145 5144
f 4732 4731 5145
f 5147 4732 5144
f 4732 4721 4733
f 4719 5148 4721
f 4721 5148 4733
f 4735 5148 4717
f 4717 5148 4719
f 4716 4729 4717
f 4717 4729 4735
f 4714 4730 4716
f 4716 4730 4729
f 4730 4714 4737
f 4737 4714 4712
f 4712 4740 4737
f 4740 4712 4710
f 4740 4710 4741
f 4709 4743 4710
f 4710 4743 4741
f 4709 5149 4743
f 4707 5149 4709
f 4707 4746 5149
f 4746 4707 4747
f 4747 4707 4706
f 4704 4749 4706
f 4706 4749 4747
f 4749 4704 4751
f 4751 4704 4702
f 4702 5150 4751
f 4700 5150 4702
f 4700 5151 5150
f 4723 5152 4725
f 4721 4732 4723
f 4723 4732 5152
f 4698 5153 4700
f 4700 5153 5151
f 4696 5154 4698
f 4698 5154 5153
f 4694 5155 4696
f 4696 5155 5154
f 4693 5156 4694
f 4694 5156 5155
f 4727 5157 4693
f 4693 5157 5156
f 4725 5158 4727
f 4727 5158 5157
f 5152 5158 4725
f 5104 5159 5160
f 5161 4441 4437
f 5162 4445 4440
f 4362 5106 4369
f 5104 5106 4362
f 5113 5105 5160
f 5113 5160 5119
f 5066 5119 5163
f 5163 5119 5160
f 5164 5165 5166
f 5167 5165 5164
f 5168 5167 5169
f 5170 5168 5171
f 5143 5172 5139
f 5139 5172 4388
f 4388 5172 4387
f 4387 5173 4373
f 5174 5159 5175
f 4351 4373 5176
f 5159 5104 4362
f 5176 5175 4346
f 5176 4346 4351
f 5159 4362 4346
f 5159 4346 5175
f 5164 5166 5177
f 5164 5177 5163
f 5160 5178 5163
f 5174 5160 5159
f 5177 5071 5064
f 5177 5064 5163
f 5163 5064 5066
f 5104 5160 5105
f 5162 5179 4445
f 5180 4441 5161
f 4441 5180 5162
f 4441 5162 4440
f 5170 5171 5161
f 5171 5168 5169
f 5181 5142 5162
f 5181 5130 5142
f 5143 5181 5182
f 5130 5181 5143
f 5172 5143 5182
f 5181 5183 5182
f 5179 5162 5142
f 5180 5161 5171
f 5180 5171 5183
f 5183 5171 5169
f 5184 5164 5178
f 5180 5183 5181
f 5180 5181 5162
f 5185 5173 5182
f 5185 5182 5169
f 5169 5182 5183
f 5184 5178 5185
f 5185 5178 5174
f 5176 5173 5185
f 4387 5172 5173
f 5173 5172 5182
f 5176 5174 5175
f 5160 5174 5178
f 5163 5178 5164
f 5164 5184 5167
f 5167 5184 5169
f 5185 5169 5184
f 5185 5174 5176
f 5173 5176 4373
f 5186 5155 5156
f 5186 5156 5187
f 4458 5157 5158
f 5187 4458 4468
f 5187 4468 4467
f 5187 4467 5188
f 5188 4467 4452
f 5189 5188 4450
f 5156 5157 5187
f 5187 5157 4458
f 4458 5158 5152
f 5188 4452 4450
f 5155 5186 5190
f 4447 5153 5154
f 5191 4431 4449
f 5190 4447 5154
f 5190 5154 5155
f 5191 4449 4448
f 5191 4448 5190
f 5190 4448 4447
f 5153 4447 5151
f 5191 4432 4431
f 4459 5192 4460
f 5193 4438 4432
f 5189 5193 4432
f 5189 4432 5191
f 5189 4450 4451
f 4451 4460 5189
f 5189 4460 5192
f 5189 5192 5193
f 4438 5193 4435
f 4961 5194 5195
f 4961 5195 4962
f 4962 5195 5196
f 4962 5196 5197
f 4928 4962 5197
f 5198 5199 5200
f 5198 5201 5199
f 5201 5198 5202
f 5201 5202 5203
f 5203 5202 5204
f 5203 5204 5205
f 5205 5204 5206
f 5205 5206 5207
f 5207 5206 5208
f 5207 5208 5209
f 5209 5208 5210
f 5209 5210 5211
f 5211 5210 4430
f 4430 5210 4429
f 4845 5212 4847
f 5212 4845 5213
f 5213 4845 5214
f 5214 4845 4843
f 5214 4843 5215
f 5215 4843 4841
f 5215 4841 5198
f 5198 4841 4840
f 4838 5202 4840
f 4840 5202 5198
f 4838 4836 5204
f 5204 5202 4838
f 4836 4834 5206
f 5206 5204 4836
f 4834 4832 5208
f 5208 5206 4834
f 4832 4830 5210
f 5210 5208 4832
f 4829 4429 4830
f 4429 5210 4830
f 4429 4829 4428
f 4428 4829 4828
f 4428 4828 4426
f 4426 4828 4862
f 4426 4862 4423
f 4423 4862 4860
f 4423 4860 4421
f 4421 4860 4858
f 4421 4858 4419
f 4419 4858 4856
f 4419 4856 4416
f 4416 4856 4854
f 4416 4854 4414
f 4853 5216 4854
f 4854 5216 4414
f 5217 5216 4851
f 4851 5216 4853
f 4849 5218 4851
f 4851 5218 5217
f 4847 5219 4849
f 4849 5219 5218
f 4847 5212 5219
f 5220 5221 4418
f 5220 5222 5221
f 5221 5223 5224
f 5225 5226 5227
f 5228 5226 5225
f 5225 5126 5228
f 5229 4872 4863
f 5230 4872 5231
f 5232 4279 5231
f 5220 4418 5233
f 5221 5222 5223
f 5229 5225 5234
f 4279 5232 5235
f 5235 5232 5236
f 5233 5237 5236
f 5232 5234 5236
f 5234 5225 5233
f 5233 5225 5220
f 5233 5236 5234
f 5223 5222 5227
f 5227 5222 5220
f 5227 5220 5225
f 5229 5234 5232
f 5229 5232 4872
f 4872 5232 5231
f 4938 4937 5238
f 4277 5239 4935
f 4877 4874 5240
f 5240 4874 5241
f 5241 4874 5242
f 5241 5242 5243
f 5240 5244 4877
f 5245 5246 5247
f 5248 5246 5245
f 5249 5250 5251
f 5249 5251 5240
f 5252 5248 5244
f 5253 5246 5250
f 5251 5252 5240
f 5240 5252 5244
f 5244 5248 5245
f 5253 5250 5249
f 4885 5247 5253
f 4885 5254 5255
f 4885 5255 4875
f 5256 5257 5258
f 5259 5260 5261
f 5259 5261 5255
f 4888 5257 5256
f 5258 4893 5256
f 5258 5260 5262
f 5262 5260 5259
f 5255 5261 5263
f 5255 5263 4875
f 4875 5263 4889
f 4889 5263 4888
f 4888 5263 5257
f 4893 5258 5262
f 4893 5262 5264
f 5264 4892 4893
f 4898 5265 4900
f 5266 5267 5268
f 5267 5269 5268
f 4898 5270 5265
f 4900 5265 5267
f 5267 5265 5269
f 5266 5268 5270
f 5266 5270 4898
f 5266 4898 5271
f 5271 4898 5272
f 5271 5272 5264
f 5264 5272 4892
f 5267 4902 4900
f 5273 5274 5275
f 5276 5274 5277
f 5277 5278 5279
f 5273 5275 5280
f 5273 5280 5281
f 5281 5280 4911
f 5281 4911 5282
f 5281 5282 5283
f 5278 5283 5279
f 5279 5283 5284
f 5267 5285 4902
f 4902 5285 5279
f 4902 5279 5284
f 5282 5286 5283
f 5283 5286 5284
f 5277 5279 5276
f 5276 5197 5287
f 4925 4928 5288
f 4933 4932 4936
f 4936 4932 5238
f 5239 4929 4935
f 5238 4932 4931
f 5239 4930 4929
f 4934 4933 4936
f 5238 4931 4930
f 5238 4930 5239
f 4282 4280 4935
f 5243 5242 4935
f 4935 5242 4282
f 4935 4280 4277
f 4936 5238 4937
f 4940 4939 4925
f 4925 4939 5238
f 5238 4939 4938
f 4941 4940 4925
f 4936 4942 5289
f 5289 4942 4941
f 4949 5276 4943
f 5290 5291 5292
f 5293 4944 4943
f 5294 5295 5296
f 5297 5291 5290
f 4945 5298 5294
f 5292 4944 5290
f 5296 5295 5299
f 5297 5299 5291
f 4944 5292 5298
f 4944 5298 4945
f 5296 5299 5297
f 4945 5294 5296
f 5197 4946 5296
f 4946 4945 5296
f 5197 4947 4946
f 5197 4948 4947
f 4948 5197 5276
f 5276 4949 4948
f 5254 4885 5253
f 5253 5247 5246
f 4935 5300 5301
f 5302 5303 4935
f 4935 5303 5300
f 5243 5301 5304
f 4935 5301 5243
f 5243 5304 5305
f 5243 5305 5302
f 5302 5305 5303
f 5288 5306 4941
f 5307 5308 5309
f 5309 5308 5310
f 5288 5311 5310
f 5307 5309 5289
f 5308 5312 5310
f 5310 5312 5288
f 4941 5306 5313
f 4941 5313 5289
f 5289 5313 5307
f 5297 5314 5296
f 5296 5314 5311
f 5290 4944 5293
f 5315 5316 5279
f 5279 5316 5317
f 5317 5318 5276
f 5293 5319 5320
f 5279 5317 5276
f 5293 5320 5315
f 5315 5320 5316
f 5296 5321 5322
f 5323 5288 5324
f 5288 5325 5321
f 5311 5288 5296
f 5296 5288 5321
f 5296 5322 5326
f 5296 5326 5324
f 5288 5323 5325
f 5324 5288 4928
f 4935 4934 4936
f 4935 4936 5302
f 5302 4936 5289
f 5238 5327 4925
f 4925 5288 4941
f 4943 5276 5293
f 5293 5276 5318
f 5293 5318 5319
f 5296 5324 4928
f 5296 4928 5197
f 4953 4925 5327
f 5327 5328 4953
f 4953 5328 4955
f 4955 5328 5329
f 4955 5329 5330
f 4955 5330 4957
f 4496 4479 4484
f 4471 4418 4414
f 4471 4414 4469
f 4469 4414 5331
f 4473 5332 4471
f 4484 5333 4496
f 5333 4484 4485
f 5333 4485 5218
f 5218 4485 4488
f 5218 4488 5217
f 5217 4488 4469
f 5217 4469 5331
f 4471 5332 4418
f 4477 4490 5334
f 5335 5233 4418
f 5336 4495 4494
f 5336 4494 5337
f 5337 4494 5338
f 5338 4494 4481
f 4481 4483 5338
f 5338 4483 4479
f 4496 5338 4479
f 5338 4496 5339
f 5340 4492 4495
f 5340 4495 5336
f 5341 4492 5340
f 5342 4473 4477
f 4279 5235 4275
f 5343 5344 5345
f 5332 4473 5342
f 5332 5342 5335
f 5335 4418 5332
f 5342 5237 5335
f 5334 4490 5341
f 5341 4490 4492
f 4477 5237 5342
f 5346 5237 4477
f 4477 5334 5346
f 5233 5335 5237
f 5346 5345 5236
f 5236 5345 5235
f 5235 5345 5344
f 5346 5236 5237
f 5344 4275 5235
f 5343 4276 5344
f 4989 4244 5060
f 4951 4989 5060
f 4251 5347 5348
f 4968 5349 4251
f 4251 5349 5347
f 5347 5349 4974
f 5347 4974 5350
f 5337 4977 4268
f 4268 4977 4973
f 4974 5338 5350
f 4977 5337 4974
f 4974 5337 5338
f 5337 4268 5340
f 5330 5340 4268
f 4957 4262 4261
f 4957 4261 5017
f 4957 5017 4958
f 5016 4959 4958
f 5016 4958 5017
f 5003 5000 4961
f 5003 4961 4959
f 5351 5194 5352
f 5351 5353 5194
f 5194 5353 5354
f 5353 5355 5354
f 5356 5125 5357
f 5357 5125 5358
f 5358 5359 5353
f 5353 5359 5355
f 5358 5125 5360
f 5358 5360 5359
f 4256 4967 5194
f 4964 4253 4961
f 4961 4253 5194
f 5194 4253 4256
f 4996 4240 4259
f 4996 4259 5000
f 5000 4259 4964
f 5000 4964 4961
f 5361 5362 4240
f 4240 5362 4259
f 4259 5362 5363
f 4257 4259 5363
f 4967 5364 5194
f 5194 5364 5352
f 5363 5365 4257
f 4257 5365 5364
f 4257 5364 4967
f 4968 4251 4969
f 4969 4251 4249
f 4268 4973 4271
f 4271 4973 4969
f 4989 4951 4980
f 4989 4980 4986
f 4984 4990 4986
f 4986 4990 4989
f 4969 4249 4984
f 4969 4984 4271
f 4271 4984 5014
f 5016 4982 4959
f 4959 4982 4978
f 4959 4978 4980
f 4990 4984 4249
f 5014 4984 4982
f 5014 4982 5016
f 4244 4242 5060
f 5060 4242 5348
f 5348 4242 4251
f 5063 4237 4994
f 4950 5063 4994
f 5356 4993 5125
f 4993 4235 5125
f 5125 4235 5063
f 5063 4235 4237
f 5356 5366 4993
f 5366 5367 4993
f 4993 5367 4239
f 5367 5368 4239
f 4240 4239 5361
f 5361 4239 5368
f 4996 4998 4240
f 4240 4998 4950
f 4240 4950 4994
f 5004 4951 4950
f 4950 4998 5004
f 4951 5004 4980
f 4980 5004 5003
f 4980 5003 4959
f 5330 4262 4957
f 5330 4268 4262
f 5060 5348 5059
f 5059 5348 5369
f 5370 5059 5369
f 5371 5058 5370
f 5370 5058 5059
f 5371 5057 5058
f 5043 5044 5372
f 5373 5120 5118
f 5374 5122 5120
f 5121 5375 5376
f 5121 5376 5116
f 5377 5375 5374
f 5375 5121 5374
f 5374 5121 5122
f 5118 5117 5373
f 5373 5117 5378
f 5116 5076 5379
f 5116 5379 5115
f 5115 5379 5378
f 5115 5378 5117
f 5116 5376 5076
f 5377 5380 5033
f 5381 5380 5382
f 5383 5384 5030
f 5384 5029 5030
f 5380 5381 5033
f 5029 5384 5385
f 5385 5384 5386
f 5033 5381 5383
f 5385 5386 5382
f 5385 5382 5380
f 5033 5383 5030
f 5387 5025 5388
f 5387 5388 5389
f 5389 5388 5028
f 5389 5028 5390
f 5018 5391 5392
f 5393 5394 5395
f 5022 5391 5018
f 5393 5395 5387
f 5018 5392 5396
f 5395 5397 5387
f 5387 5397 5025
f 5025 5397 5022
f 5392 5394 5398
f 5398 5394 5393
f 5022 5397 5391
f 5396 5392 5398
f 5396 5398 5399
f 5399 5398 5400
f 5399 5400 5050
f 5050 5400 5401
f 5372 5402 5403
f 5401 5048 5050
f 5404 5402 5372
f 5048 5405 5406
f 5048 5406 5044
f 5406 5407 5044
f 5407 5404 5044
f 5044 5404 5372
f 5402 5405 5403
f 5372 5408 5409
f 5409 5408 4292
f 5372 5409 5043
f 5410 5411 5082
f 5082 5411 4290
f 5082 4290 5412
f 5412 4290 4292
f 5410 5082 5083
f 5413 5086 5087
f 5085 5086 5414
f 5413 5087 5088
f 5410 5084 5414
f 5414 5084 5085
f 5410 5083 5084
f 5123 5373 5415
f 5373 5374 5120
f 5090 5414 5413
f 5413 5089 5090
f 5094 5095 5413
f 5413 5095 5089
f 5057 5371 5093
f 5093 5094 5057
f 5371 5092 5093
f 5371 5091 5092
f 5091 5371 5414
f 5414 5090 5091
f 5373 5101 5416
f 5416 5101 5096
f 5101 5373 5100
f 5099 5123 5098
f 5098 5123 5417
f 5123 5099 5100
f 5123 5100 5373
f 5097 5098 5417
f 5418 5419 5097
f 5097 5419 5420
f 5421 5422 5418
f 5418 5422 5423
f 5418 5423 5419
f 5096 5424 5421
f 5421 5424 5422
f 5097 5420 5096
f 5096 5420 5424
f 5390 5028 5029
f 5390 5029 5385
f 5416 5425 5373
f 5374 5426 5427
f 5427 5426 5428
f 5416 5429 5425
f 5425 5430 5373
f 5427 5428 5429
f 5373 5430 5431
f 5374 5431 5426
f 5427 5429 5416
f 5421 5416 5096
f 5432 5433 5434
f 5435 5436 5413
f 5437 5436 5435
f 5436 5438 5413
f 5094 5434 5439
f 5094 5439 5097
f 5097 5439 5418
f 5413 5438 5094
f 5438 5432 5094
f 5434 5433 5437
f 5434 5437 5435
f 5440 5413 5082
f 5413 5440 5441
f 4292 5408 5412
f 5442 5443 5444
f 5444 5443 5412
f 5412 5443 5445
f 5082 5446 5440
f 5412 5445 5446
f 5412 5446 5082
f 5413 5441 5444
f 5444 5441 5442
f 5403 5405 5048
f 5403 5048 5401
f 5097 5447 5094
f 5447 5448 5094
f 5061 5094 5448
f 5448 5449 5061
f 5417 5450 5097
f 5061 5449 5451
f 5097 5450 5447
f 5061 5451 5417
f 5452 5380 5377
f 5452 5377 5374
f 5374 5373 5431
f 5417 5123 5061
f 5061 5057 5094
f 5434 5094 5432
f 5088 5082 5413
f 5413 5414 5086
f 4310 4302 5102
f 4390 5102 4334
f 5453 4381 4333
f 5454 5455 5456
f 5457 5458 5459
f 5458 5460 5461
f 5458 5461 5200
f 5462 5463 5464
f 5464 5463 4297
f 5453 4333 5456
f 5456 4333 5454
f 5457 5455 5460
f 5465 5461 5454
f 5465 5200 5461
f 4302 4297 5463
f 4333 4334 5463
f 4334 5102 4302
f 4334 4302 5463
f 5463 5462 5466
f 5466 5465 5463
f 5463 5465 5454
f 5463 5454 4333
f 5455 5454 5461
f 5455 5461 5460
f 5457 5460 5458
f 5200 4518 5198
f 5198 4518 4516
f 5198 4516 5215
f 4518 5467 4513
f 5215 4516 5214
f 5214 4516 4519
f 5214 4519 4521
f 5214 4521 5213
f 5213 4521 4500
f 4500 5333 5213
f 5333 4500 4496
f 4518 5200 5467
f 5468 4513 5467
f 4506 5347 4505
f 4505 5469 4504
f 5339 4502 5350
f 5350 4502 4504
f 4498 4502 5339
f 4496 4498 5339
f 4505 5347 5469
f 4504 5469 5350
f 5470 5468 5466
f 5466 5471 5470
f 5466 5472 5471
f 5466 5462 5472
f 5472 5462 4288
f 5472 4288 5473
f 5464 4288 5462
f 5467 5474 5468
f 4511 4513 5468
f 4511 5468 5470
f 4511 5470 5475
f 4511 5475 4509
f 4509 5475 4506
f 4506 5475 5347
f 5467 5200 5474
f 5474 5200 5465
f 5468 5474 5466
f 5466 5474 5465
f 5274 5476 5277
f 5274 4924 5476
f 5273 4924 5274
f 4924 5273 4923
f 4923 5273 5281
f 5277 5476 5477
f 5277 5477 5478
f 5277 5478 5278
f 5278 5478 5479
f 5278 5479 5283
f 5283 5479 5480
f 5283 5480 5481
f 5283 5481 5281
f 5281 5481 4923
f 5478 5477 5482
f 5480 5483 5484
f 5480 5484 5481
f 5481 5484 5485
f 5481 5485 4922
f 5481 4922 4923
f 5478 5482 5486
f 5478 5486 5479
f 5479 5486 5483
f 5479 5483 5480
f 5485 4921 4922
f 5485 4920 4921
f 5484 4918 5485
f 5485 4918 4920
f 5483 4919 5484
f 5484 4919 4918
f 4919 5483 5486
f 5486 5487 4919
f 5487 5486 5482
f 5488 5489 5490
f 5490 5489 5491
f 5490 5491 4760
f 4758 4759 5491
f 4760 5491 4759
f 5492 4756 4758
f 5492 4758 5491
f 4756 5492 5493
f 5493 5492 5494
f 5493 5494 5495
f 5495 5494 5496
f 5496 5494 5488
f 5490 5497 5488
f 5488 5497 5496
f 4756 5493 4757
f 5498 4763 4764
f 5498 4764 4765
f 5498 4765 5499
f 5499 4765 4766
f 4766 4757 5500
f 4757 5493 5500
f 5501 4755 4960
f 5501 4960 4963
f 5501 4963 5502
f 5502 5503 5501
f 5504 5503 5505
f 5503 5504 5501
f 5490 4760 5504
f 5504 4760 5501
f 4760 4761 5501
f 5501 4761 5506
f 5506 4761 4762
f 5506 4762 4763
f 5502 4963 4927
f 5502 4927 5507
f 4770 4771 5229
f 4954 4771 4772
f 4926 4772 4773
f 4772 4926 4954
f 4956 5225 5229
f 4956 5229 4954
f 4954 5229 4771
f 4956 4754 5225
f 5225 4754 5501
f 5501 4754 4755
f 5508 5507 5509
f 5507 5508 5510
f 5510 5508 5511
f 5511 5508 5512
f 5511 5512 5513
f 5513 5512 5514
f 4776 5515 4775
f 5515 4774 4775
f 4774 5515 5516
f 5513 5514 5515
f 5514 5516 5515
f 5516 4773 4774
f 4767 5517 4776
f 4776 5517 5515
f 4773 5516 5509
f 4773 5509 5507
f 5517 4767 4865
f 4864 4865 5229
f 5229 4865 4770
f 4865 4767 4768
f 4768 4769 4865
f 4770 4865 4769
f 4773 5507 4927
f 4773 4927 4926
f 4778 4777 5518
f 4778 5518 5519
f 4778 5519 5520
f 5520 5519 5230
f 5230 5519 5521
f 5230 5521 5522
f 5521 5523 5522
f 5524 5517 5525
f 5517 5524 5526
f 5526 5524 5527
f 5526 5527 5522
f 5522 5527 5528
f 5522 5528 5529
f 5525 4867 4868
f 4868 5530 5525
f 4869 5529 5530
f 5530 4868 4869
f 5529 4869 5522
f 4869 4870 5522
f 5230 5522 4870
f 4870 4871 5230
f 4871 4872 5230
f 4865 4866 5517
f 5525 5517 4867
f 5517 4866 4867
f 4863 4864 5229
f 5531 4188 5501
f 5501 4188 4190
f 4190 4194 5501
f 5501 4194 5225
f 5225 4194 5126
f 4229 4192 5531
f 5531 4192 4188
f 5532 4229 5531
f 5533 4227 5532
f 5532 4227 4229
f 5534 5535 5500
f 5500 5535 5536
f 5500 5499 4766
f 5500 5536 5537
f 5500 5537 5499
f 5499 5537 5538
f 5538 5537 5539
f 5538 5539 5540
f 5538 5540 5541
f 5540 5534 5541
f 5541 5534 5542
f 5542 5534 5500
f 5541 5543 5538
f 5538 5543 5544
f 5538 5544 4780
f 5545 4781 5544
f 5544 4781 4780
f 5504 5505 5546
f 5504 5546 5547
f 5546 5548 5547
f 5548 5549 5547
f 5547 5549 5550
f 5550 5549 5551
f 5550 5551 5502
f 5502 5551 5503
f 5552 5553 5554
f 5533 5532 5555
f 5556 5146 5557
f 5554 5553 5558
f 5559 5552 5560
f 5559 5560 5561
f 5559 5553 5552
f 5556 5562 5554
f 5563 5560 5554
f 5552 5554 5560
f 5556 5558 5564
f 5556 5564 5146
f 5557 5533 5556
f 5556 5533 5555
f 5556 5555 5562
f 5558 5556 5554
f 5555 5532 5562
f 5562 5563 5554
f 5147 5152 4732
f 4455 5565 4453
f 4453 5565 5566
f 4453 5566 5567
f 4455 4458 5147
f 5147 4458 5152
f 5565 4455 5147
f 5568 5566 5565
f 5568 5569 5566
f 5569 5553 5559
f 5569 5567 5566
f 5564 5558 5553
f 5564 5553 5568
f 5564 5565 5146
f 5146 5565 5144
f 5144 5565 5147
f 5568 5553 5569
f 5569 5559 5561
f 5569 5561 5567
f 5568 5565 5564
f 4459 5570 5571
f 5571 5192 4459
f 5193 5572 5573
f 5193 5573 4435
f 5574 5170 5161
f 5193 5575 5572
f 5571 5576 5192
f 5192 5576 5575
f 5192 5575 5193
f 5570 5577 5571
f 5161 4437 5574
f 5574 4437 5573
f 5574 5573 5578
f 5570 4457 5577
f 5572 5578 5573
f 4435 5573 4437
f 4457 5570 4459
f 5579 5580 5581
f 5531 5501 5582
f 5476 5583 5477
f 5584 5487 5482
f 5538 5487 5584
f 5487 5538 4919
f 4780 4919 5538
f 5532 5585 5562
f 4457 4456 5586
f 5587 5588 5589
f 5590 5591 5592
f 5590 5593 5591
f 5594 5584 5583
f 5591 5593 5594
f 5594 5595 5584
f 5594 5583 5591
f 5596 5592 4916
f 4916 5592 5591
f 4916 5591 4924
f 4924 5591 5583
f 4924 5583 5476
f 4763 5498 5506
f 5597 5498 5499
f 5584 5598 5597
f 5498 5597 5579
f 5499 5538 5597
f 5597 5538 5584
f 5584 5482 5583
f 5583 5482 5477
f 5563 5562 5580
f 5580 5562 5585
f 5585 5582 5580
f 5597 5598 5579
f 5532 5531 5585
f 5581 5582 5498
f 5498 5582 5501
f 5498 5501 5506
f 5599 5577 5600
f 5601 5602 5586
f 5602 5600 5586
f 5586 5600 4457
f 4457 5600 5577
f 4456 4454 5586
f 5600 5602 5587
f 5561 5603 5601
f 5604 5567 5601
f 5601 5567 5561
f 5563 5605 5560
f 5603 5602 5601
f 5606 5587 5602
f 5602 5603 5605
f 5602 5605 5606
f 5606 5605 5580
f 5605 5563 5580
f 5601 5586 5604
f 5604 5586 4454
f 5604 4454 4453
f 5606 5580 5579
f 5588 5587 5607
f 5593 5588 5607
f 5593 5607 5594
f 5594 5607 5595
f 5595 5607 5579
f 5579 5607 5606
f 5606 5607 5587
f 5587 5589 5600
f 5600 5589 5599
f 5585 5531 5582
f 4453 5567 5604
f 5603 5561 5605
f 5605 5561 5560
f 5580 5582 5581
f 5579 5581 5498
f 5595 5579 5598
f 5584 5595 5598
f 5608 5135 5609
f 4446 4444 5609
f 5609 4447 4446
f 5151 5129 5150
f 5609 5128 5129
f 5128 5609 5135
f 5609 5610 5608
f 4443 4445 5179
f 5610 4443 5179
f 5179 5142 5608
f 5132 5608 5142
f 5151 4447 5609
f 5609 4444 5610
f 5610 4444 4443
f 5608 5610 5179
f 5608 5133 5140
f 5608 5140 5135
f 5129 5151 5609
f 5133 5608 5132
f 4501 5611 4486
f 4486 5611 5612
f 5613 5614 5615
f 5613 5615 5616
f 5613 5616 5617
f 5617 5616 5618
f 5617 5618 5619
f 5619 5618 5620
f 5619 5620 5621
f 5621 5620 5622
f 5621 5622 5623
f 5611 4501 4520
f 5611 4520 5624
f 5624 4520 4515
f 5623 5625 5626
f 5623 4472 4470
f 5623 4470 5627
f 5624 4515 5628
f 5628 4515 4517
f 5627 4470 4489
f 5627 4489 5612
f 5612 4489 4487
f 5612 4487 4486
f 4474 4472 5223
f 5223 4472 5623
f 5622 5625 5623
f 5629 5630 5628
f 5623 5626 5223
f 5223 5626 5224
f 5459 5629 5457
f 5457 5629 5628
f 5457 5628 4517
f 5457 4517 4514
f 5628 5630 5631
f 5631 5630 5632
f 5631 5632 5633
f 5633 5632 5634
f 5633 5634 5635
f 5635 5634 5636
f 5635 5636 5637
f 5635 5637 5638
f 5638 5637 5639
f 5638 5639 5613
f 5613 5639 5614
f 5227 4475 4474
f 5227 4474 5223
f 5457 4514 4512
f 5457 4512 5455
f 4476 5227 5226
f 5226 4491 4476
f 4508 4507 5453
f 5453 4507 4503
f 4493 5228 4482
f 5228 4493 4491
f 4491 5226 5228
f 4482 4503 4499
f 4499 4480 4482
f 4480 4499 4478
f 4478 4499 4497
f 4497 4501 4478
f 4478 4501 4486
f 4510 4508 5456
f 4508 5453 5456
f 5455 4510 5456
f 5455 4512 4510
f 4503 4482 5453
f 5453 4482 5228
f 5453 5228 4381
f 4381 5228 5126
f 5126 4263 4270
f 5126 4270 4381
f 4270 4247 4381
f 4381 4247 4246
f 5227 4476 4475
f 5200 5199 5629
f 5629 5459 5458
f 5629 5458 5200
f 5630 5201 5203
f 5630 5203 5632
f 5632 5203 5205
f 5632 5205 5634
f 5634 5205 5207
f 5634 5207 5636
f 5636 5207 5637
f 5637 5207 5209
f 5637 5209 5639
f 5639 5209 5211
f 5639 5211 4430
f 5639 4430 5614
f 5614 4430 4427
f 5614 4427 5615
f 5615 4427 5616
f 5616 4427 4425
f 5616 4425 5618
f 5618 4425 4424
f 5618 4424 4422
f 5618 4422 5620
f 5620 4422 4420
f 5620 4420 5622
f 5622 4420 4417
f 5622 4417 5625
f 5626 4415 4418
f 4418 5221 5626
f 5626 5221 5224
f 4745 4748 4406
f 4402 4750 4621
f 4621 4750 5127
f 4405 4748 4750
f 4405 4750 4402
f 4406 4748 4405
f 4408 4745 4406
f 4745 4408 4410
f 4745 4410 4744
f 4411 4742 4410
f 4410 4742 4744
f 4411 4739 4742
f 4400 4739 4411
f 4739 4400 4738
f 4738 4400 4728
f 4728 4400 4399
f 4736 4728 4397
f 4397 4728 4399
f 4395 4736 4397
f 4393 4734 4395
f 4395 4734 4736
f 4393 4731 4734
f 4392 4731 4393
f 4413 5145 4731
f 4413 4731 4392
f 5146 4412 5557
f 5533 5557 4412
f 4227 5533 4412
f 5137 4389 4622
f 4622 4389 4215
f 4622 5128 5134
f 4622 5134 5137
f 4782 4781 5285
f 5522 5523 5640
f 5522 5243 5302
f 5522 5302 5526
f 5641 5526 5302
f 5641 5302 5642
f 5642 5302 5289
f 5513 5642 5289
f 5513 5289 5309
f 5513 5309 5511
f 5511 5309 5510
f 5510 5309 5310
f 5643 5510 5310
f 5643 5310 5644
f 5644 5310 5311
f 5644 5311 5550
f 5314 5547 5311
f 5311 5547 5550
f 5297 5497 5645
f 5297 5645 5314
f 5314 5645 5646
f 5314 5646 5547
f 5297 5496 5497
f 5496 5297 5495
f 5495 5297 5290
f 5647 5495 5290
f 5647 5290 5648
f 5648 5290 5293
f 5542 5648 5293
f 5542 5293 5541
f 5541 5293 5315
f 5649 5541 5315
f 4781 5545 5650
f 5649 5315 5279
f 5649 5279 5650
f 5650 5279 4781
f 5285 4781 5279
f 4777 5240 5518
f 5518 5240 5241
f 5651 5518 5241
f 5651 5241 5243
f 5651 5243 5640
f 5640 5243 5522
f 5285 5267 4782
f 4782 5267 4792
f 4792 5267 5266
f 4792 5266 4814
f 4814 5266 5271
f 4814 5271 4817
f 4817 5271 5264
f 4817 5264 4798
f 4798 5264 5262
f 4798 5262 4795
f 4795 5262 5259
f 4795 5259 4813
f 4813 5259 5255
f 4813 5255 4825
f 4825 5255 5254
f 4825 5254 4826
f 4826 5254 4824
f 4824 5254 5253
f 4824 5253 4805
f 4805 5253 5249
f 4805 5249 4779
f 4779 5249 5240
f 4779 5240 4777
f 5652 5649 5653
f 5653 5649 5650
f 5649 5652 5541
f 5541 5652 5543
f 5653 5650 5544
f 5544 5650 5545
f 5652 5653 5543
f 5543 5653 5544
f 5648 5654 5647
f 5647 5654 5655
f 5495 5647 5655
f 5495 5655 5493
f 5654 5648 5500
f 5500 5648 5542
f 5493 5655 5500
f 5500 5655 5654
f 5656 5646 5657
f 5646 5645 5657
f 5547 5646 5504
f 5504 5646 5656
f 5657 5645 5490
f 5490 5645 5497
f 5504 5656 5490
f 5490 5656 5657
f 5658 5643 5644
f 5658 5644 5659
f 5643 5658 5510
f 5510 5658 5507
f 5502 5659 5644
f 5502 5644 5550
f 5507 5658 5659
f 5507 5659 5502
f 5641 5642 5660
f 5660 5642 5661
f 5641 5660 5526
f 5526 5660 5517
f 5515 5661 5513
f 5513 5661 5642
f 5517 5660 5661
f 5517 5661 5515
f 5651 5662 5663
f 5651 5640 5662
f 5651 5663 5518
f 5518 5663 5519
f 5662 5640 5521
f 5521 5640 5523
f 5663 5662 5519
f 5519 5662 5521
f 5251 4789 5252
f 5252 4789 4790
f 5252 4790 5248
f 5248 4790 4800
f 5248 4800 5246
f 5246 4800 4799
f 5246 4799 4819
f 5246 4819 5250
f 5250 4819 4812
f 5250 4812 5251
f 5251 4812 4789
f 5261 4796 5263
f 5263 4796 4823
f 5263 4823 5257
f 5257 4823 4810
f 5257 4810 4803
f 5257 4803 5258
f 5258 4803 4809
f 5258 4809 5260
f 5260 4809 4797
f 5260 4797 5261
f 5261 4797 4796
f 5269 4793 5268
f 5268 4793 4815
f 5268 4815 5270
f 5270 4815 4787
f 5270 4787 5265
f 5265 4787 4786
f 5265 4786 5269
f 5269 4786 4783
f 5269 4783 4793
f 5524 5303 5527
f 5527 5303 5305
f 5305 5528 5527
f 5528 5305 5304
f 5304 5529 5528
f 5301 5530 5304
f 5304 5530 5529
f 5300 5525 5301
f 5301 5525 5530
f 5524 5525 5303
f 5303 5525 5300
f 5509 5288 5312
f 5509 5312 5508
f 5308 5508 5312
f 5508 5308 5512
f 5512 5308 5307
f 5514 5512 5307
f 5313 5514 5307
f 5313 5516 5514
f 5306 5516 5313
f 5288 5516 5306
f 5288 5509 5516
f 5505 5324 5326
f 5326 5546 5505
f 5546 5326 5322
f 5546 5322 5548
f 5548 5322 5321
f 5321 5549 5548
f 5325 5549 5321
f 5549 5325 5551
f 5323 5551 5325
f 5323 5503 5551
f 5324 5503 5323
f 5324 5505 5503
f 5491 5294 5298
f 5491 5298 5492
f 5292 5492 5298
f 5492 5292 5494
f 5494 5292 5291
f 5488 5494 5291
f 5299 5488 5291
f 5299 5489 5488
f 5295 5489 5299
f 5294 5489 5295
f 5294 5491 5489
f 5537 5318 5317
f 5537 5317 5539
f 5539 5317 5540
f 5540 5317 5316
f 5316 5534 5540
f 5320 5534 5316
f 5320 5535 5534
f 5319 5536 5320
f 5320 5536 5535
f 5537 5536 5318
f 5318 5536 5319
f 4370 5452 4371
f 4371 5452 5374
f 5427 4360 5374
f 5374 4360 4371
f 4360 5427 4366
f 4366 5427 5416
f 5421 4341 4366
f 5421 4366 5416
f 5418 4359 5421
f 5421 4359 4341
f 5418 5439 4357
f 5418 4357 4359
f 5439 4324 4357
f 4324 5439 4323
f 4323 5439 5434
f 4323 5434 4318
f 4318 5434 5435
f 5435 4306 4318
f 5413 4306 5435
f 4306 5413 4304
f 5444 4304 5413
f 5412 4298 5444
f 5444 4298 4304
f 4298 5412 5408
f 5408 4300 4298
f 4300 5408 5372
f 4300 5372 4649
f 4649 5372 4647
f 4647 5372 5403
f 4647 5403 4660
f 4660 5403 5401
f 4660 5401 4659
f 4659 5401 5400
f 4659 5400 4645
f 4645 5400 5398
f 4645 5398 4642
f 5398 5393 4642
f 4642 5393 4657
f 5393 5387 4657
f 4657 5387 4652
f 4652 5387 5389
f 4652 5389 5390
f 4652 5390 4651
f 4651 5390 4630
f 4630 5390 5385
f 4630 5385 5380
f 4630 5380 4629
f 4629 5380 5452
f 4629 5452 4370
f 4303 5443 5442
f 5442 4305 4303
f 5441 4305 5442
f 5440 4307 4305
f 5440 4305 5441
f 5446 4315 5440
f 5440 4315 4307
f 5445 4315 5446
f 5445 4316 4315
f 4316 5445 5443
f 5443 4303 4316
f 4328 4326 5433
f 4319 4317 5436
f 4319 5436 5437
f 4319 5437 4320
f 5433 4320 5437
f 5433 4326 4320
f 5432 4328 5433
f 4328 5432 4337
f 5438 4337 5432
f 5438 4317 4337
f 5436 4317 5438
f 5447 4356 4325
f 4356 5447 5450
f 5450 4354 4356
f 5417 4354 5450
f 5417 4374 4354
f 5451 4374 5417
f 5451 4321 4374
f 4321 5451 5449
f 4321 5449 5448
f 4321 5448 4322
f 4322 5448 4325
f 5447 4325 5448
f 4343 4342 5422
f 4343 5422 5424
f 4343 5424 4344
f 5420 4344 5424
f 5420 4353 4344
f 5419 4353 5420
f 4353 5419 4355
f 4355 5419 4358
f 5423 4358 5419
f 5423 4342 4358
f 5422 4342 5423
f 4361 5426 5431
f 5431 4363 4361
f 5430 4363 5431
f 5430 4364 4363
f 5425 4364 5430
f 4364 5425 4365
f 5429 4365 5425
f 5429 4367 4365
f 5428 4367 5429
f 5428 4368 4367
f 4368 5428 5426
f 5426 4361 4368
f 5384 4623 5386
f 5386 4623 4644
f 5386 4644 5382
f 5382 4644 4631
f 5382 4631 5381
f 5381 4631 5383
f 5383 4631 4624
f 5383 4624 5384
f 5384 4624 4623
f 5406 4627 5407
f 5407 4627 4626
f 5407 4626 5404
f 5404 4626 4633
f 5404 4633 5402
f 5402 4633 4632
f 5402 4632 5405
f 5405 4632 4648
f 5405 4648 4627
f 5405 4627 5406
f 5391 4639 5392
f 5392 4639 4656
f 5392 4656 5394
f 5394 4656 4641
f 5394 4641 5395
f 5395 4641 4643
f 5395 4643 5397
f 5397 4643 4640
f 5397 4640 5391
f 5391 4640 4639
f 5664 4403 5665
f 5665 4403 4220
f 5665 4220 5666
f 5666 4220 5667
f 5667 4220 4214
f 5667 4214 5668
f 5668 4214 4213
f 5668 4213 5669
f 5669 4213 5670
f 5670 4213 4223
f 5670 4223 5671
f 5671 4223 5672
f 5672 4223 4222
f 5672 4222 5673
f 5673 4222 4224
f 5673 4224 5674
f 5674 4224 5675
f 5675 4224 4391
f 5675 4391 5676
f 5676 4391 5677
f 5677 4391 4394
f 5677 4394 5678
f 5678 4394 4396
f 5678 4396 5679
f 5679 4396 4398
f 5679 4398 5680
f 5680 4398 5681
f 5681 4398 4401
f 5681 4401 5682
f 5682 4401 5683
f 5683 4401 4409
f 5683 4409 5684
f 5684 4409 4407
f 5684 4407 5685
f 5685 4407 4404
f 5685 4404 5664
f 5664 4404 4403
f 5613 5686 5638
f 5638 5686 5687
f 5638 5687 5688
f 5638 5688 5635
f 5635 5688 5689
f 5635 5689 5633
f 5633 5689 5690
f 5633 5690 5631
f 5631 5690 5691
f 5631 5691 5628
f 5628 5691 5692
f 5628 5692 5693
f 5628 5693 5624
f 5624 5693 5694
f 5624 5694 5695
f 5624 5695 5611
f 5611 5695 5696
f 5611 5696 5697
f 5611 5697 5612
f 5612 5697 5698
f 5612 5698 5699
f 5612 5699 5627
f 5627 5699 5700
f 5627 5700 5623
f 5623 5700 5701
f 5623 5701 5702
f 5623 5702 5621
f 5621 5702 5703
f 5621 5703 5619
f 5619 5703 5704
f 5619 5704 5617
f 5617 5704 5705
f 5617 5705 5706
f 5617 5706 5613
f 5613 5706 5707
f 5613 5707 5686
f 5129 4751 5150
f 4743 5149 4746
f 4733 5148 4735
f 5213 5333 5212
f 5216 5217 5331
f 5331 4414 5216
f 5218 5219 5333
f 5212 5333 5219
f 5686 4827 5687
f 5687 4827 4831
f 5687 4831 5688
f 5688 4831 4833
f 5688 4833 5689
f 5689 4833 5690
f 5690 4833 4835
f 5690 4835 5691
f 5691 4835 4837
f 5691 4837 5692
f 5692 4837 5693
f 5693 4837 4839
f 5693 4839 5694
f 5694 4839 4842
f 5694 4842 5695
f 5695 4842 4844
f 5695 4844 5696
f 5696 4844 5697
f 5697 4844 4846
f 5697 4846 5698
f 5698 4846 4848
f 5698 4848 5699
f 5699 4848 4850
f 5699 4850 5700
f 5700 4850 5701
f 5701 4850 4852
f 5701 4852 5702
f 5702 4852 4855
f 5702 4855 5703
f 5703 4855 4857
f 5703 4857 5704
f 5704 4857 4859
f 5704 4859 5705
f 5705 4859 5706
f 5706 4859 4861
f 5706 4861 5707
f 5707 4861 5686
f 5686 4861 4827
f 5670 4692 5669
f 5669 4692 4695
f 5669 4695 5668
f 5668 4695 4697
f 5668 4697 5667
f 5667 4697 5666
f 5666 4697 4699
f 5666 4699 5665
f 5665 4699 4701
f 5665 4701 5664
f 5664 4701 4703
f 5664 4703 5685
f 5685 4703 4705
f 5685 4705 5684
f 5684 4705 5683
f 5683 4705 4708
f 5683 4708 5682
f 5682 4708 5681
f 5681 4708 4711
f 5681 4711 5680
f 5680 4711 4713
f 5680 4713 5679
f 5679 4713 4715
f 5679 4715 5678
f 5678 4715 5677
f 5677 4715 4718
f 5677 4718 5676
f 5676 4718 4720
f 5676 4720 5675
f 5675 4720 5674
f 5674 4720 4722
f 5674 4722 5673
f 5673 4722 4724
f 5673 4724 5672
f 5672 4724 4726
f 5672 4726 5671
f 5671 4726 5670
f 5670 4726 4692
f 5145 4413 4412
f 5145 4412 5146
f 5128 4622 4621
f 5128 4621 5127
f 5629 5199 5630
f 5630 5199 5201
f 5625 4417 4415
f 5625 4415 5626
f 5708 5188 5189
f 5708 5189 5709
f 5709 5189 5191
f 5709 5191 5710
f 5710 5191 5711
f 5711 5191 5190
f 5711 5190 5186
f 5711 5186 5712
f 5712 5186 5187
f 5712 5187 5713
f 5713 5187 5708
f 5708 5187 5188
f 5709 5713 5708
f 5712 5713 5709
f 5709 5711 5712
f 5709 5710 5711
f 5166 5373 5177
f 5378 5071 5177
f 5415 5373 5166
f 5415 5166 5165
f 5373 5378 5177
f 5123 5415 5167
f 5167 5415 5165
f 5124 5123 5167
f 5124 5167 5168
f 5168 5170 5124
f 5124 5170 5125
f 5170 5714 5125
f 5572 5575 5359
f 5571 5577 5715
f 5359 5575 5355
f 5355 5575 5576
f 5576 5571 5354
f 5354 5571 5715
f 5714 5574 5578
f 5360 5578 5572
f 5360 5572 5359
f 5714 5578 5360
f 5355 5576 5354
f 5170 5574 5714
f 5354 5715 5194
f 5125 5714 5360
f 5577 5599 5715
f 5715 5599 5194
f 5599 5589 5194
f 5589 5195 5194
f 5588 5196 5195
f 5588 5195 5589
f 5197 5196 5588
f 5274 5276 5275
f 5275 5276 5592
f 5275 5592 5596
f 5590 5592 5276
f 5590 5276 5287
f 5593 5590 5287
f 5588 5593 5287
f 5588 5287 5197
f 4276 5343 5239
f 5239 5343 5238
f 5238 5343 5345
f 5327 5238 5346
f 5346 5238 5345
f 5346 5334 5329
f 5334 5341 5330
f 5327 5346 5328
f 5328 5346 5329
f 5329 5334 5330
f 5330 5341 5340
f 5340 5336 5337
f 5338 5339 5350
f 5475 5348 5347
f 5469 5347 5350
f 5475 5470 5369
f 5475 5369 5348
f 5370 5369 5470
f 5371 5370 5470
f 5371 5470 5471
f 5472 5473 5414
f 5414 5473 5410
f 5471 5472 5371
f 5371 5472 5414
f 4302 4295 4297
f 4297 4288 5464
f 4288 4287 5473
f 4301 4293 4291
f 4295 4301 4291
f 4302 4301 4295
f 5410 5473 4287
f 4293 4299 5040
f 4290 5411 4294
f 5410 4287 4289
f 5411 4296 4294
f 5411 4289 4296
f 5411 5410 4289
f 5019 5055 4638
f 4628 5047 5045
f 4650 4655 5051
f 5051 4655 5053
f 4655 4658 5053
f 5041 5040 4299
f 4299 4634 5041
f 4628 5045 4634
f 4650 5047 4628
f 4638 5055 4658
f 4292 5039 5409
f 4654 4646 5023
f 5034 4636 5036
f 5021 5019 4653
f 4653 5019 4638
f 4635 5027 4646
f 4625 4636 5032
f 5032 4636 5034
f 4637 5038 4636
f 4636 5038 5036
f 5054 5396 5052
f 5052 5399 5050
f 5056 5396 5054
f 5396 5399 5052
f 5042 5409 5039
f 5049 5050 5048
f 5056 5018 5396
f 5046 5048 5044
f 5042 5043 5409
f 4637 5081 5038
f 5025 5024 5388
f 5033 5035 5377
f 5388 5024 5026
f 5018 5020 5022
f 5388 5026 5028
f 5030 5031 5033
f 5035 5037 5375
f 5035 5375 5377
f 4637 5069 5079
f 4637 5079 5081
f 5079 5069 5077
f 5069 5110 5077
f 5078 5376 5375
f 5078 5375 5080
f 5078 5076 5376
f 5080 5375 5037
f 5068 5065 5074
f 5110 5068 5075
f 5075 5068 5074
f 5077 5110 5075
f 5070 5071 5378
f 5076 5073 5379
f 5073 5072 5379
f 5072 5070 5379
f 5379 5070 5378
f 4275 5344 4276
f 4277 4276 5239
f 4286 4284 5242
f 5242 4284 4282
f 4280 4278 4277
f 4281 5231 4279
f 5230 5231 4283
f 4283 5231 4281
f 4286 5242 4874
f 4283 4285 5230
f 5230 4285 5520
f 5256 4887 4888
f 5245 5247 4883
f 5245 4883 4882
f 5247 4885 4883
f 4877 5244 4879
f 4879 5244 4880
f 4882 4880 5244
f 4882 5244 5245
f 4875 4886 4885
f 4778 5520 4873
f 4873 5520 4285
f 4891 4887 5256
f 5256 4893 4891
f 5272 4898 4897
f 4892 5272 4895
f 4897 4895 5272
f 4900 4902 4901
f 4902 5284 4904
f 4807 4806 4884
f 4806 4801 4881
f 4791 4778 4878
f 4876 4811 4820
f 5282 4908 4905
f 5282 4905 5286
f 5286 4905 4904
f 5286 4904 5284
f 4802 4804 4890
f 4780 4784 4903
f 4794 4788 4899
f 4821 4816 4896
f 4822 4821 4896
f 4808 4802 4894
f 4911 4908 5282
f 4911 5280 4912
f 5280 4914 4912
f 5280 5275 4914
f 4914 5275 5596
f 4914 5596 4272
f 4914 4272 4274
f 4906 4780 4903
f 4917 4907 4909
f 4780 4906 4907
f 4780 4907 4917
f 4274 4272 5596
f 5596 4916 4274
f 4913 4915 4922
f 4910 4913 4921
f 4909 4910 4917
f 4917 4910 4921
f 4264 4266 4263
f 4263 4266 4270
f 4266 4264 4265
f 4266 4265 4267
f 5716 5717 4170
f 4178 5718 5719
f 5719 5718 5720
f 5719 5720 5721
f 4172 5716 4170
f 5007 5722 5723
f 5009 5723 5724
f 5725 5726 5720
f 5720 5726 5721
f 5007 5723 5009
f 5724 5718 4177
f 4177 5718 4178
f 5727 5722 5728
f 5726 5725 5729
f 5007 5717 5728
f 5007 5728 5722
f 5729 5725 4172
f 4172 5725 5716
f 4177 5009 5724
f 5717 5007 4170
f 5722 5727 5725
f 5722 5725 5720
f 4258 4254 4200
f 4200 4254 4201
f 4254 4258 4966
f 4254 4966 4255
f 4247 4243 4246
f 4241 4243 4250
f 4250 4243 4247
f 4971 4972 4976
f 4975 5730 4970
f 4975 4970 4976
f 4976 4970 4971
f 4233 4238 4198
f 4198 4238 4199
f 4238 4233 4992
f 4992 4233 4236
f 4975 4974 5349
f 4975 5349 5730
f 5730 5349 4968
f 5730 4968 4970
f 4972 4973 4977
f 4972 4977 4976
f 4179 5731 4209
f 4174 4173 5732
f 4202 5733 4179
f 4179 5733 4175
f 4202 4179 4209
f 4174 4184 5734
f 5734 4184 4182
f 4182 4221 5735
f 5734 4182 5735
f 5734 5735 5736
f 5736 5735 5737
f 5737 5738 5736
f 5738 5737 5739
f 5738 5739 5740
f 5740 5739 5731
f 5739 4212 4209
f 5731 5739 4209
f 4184 4174 5732
f 4184 5732 4186
f 4186 5732 5741
f 4186 5741 4193
f 4193 5741 5742
f 4193 5742 5743
f 4193 5743 4196
f 4196 5743 5744
f 4196 5744 4202
f 4202 5744 5733
f 5735 5739 5737
f 4221 4212 5739
f 4221 5739 5735
f 4465 5716 5725
f 4465 5725 4466
f 4466 5725 5727
f 4466 5727 4461
f 5728 4461 5727
f 5716 4465 4464
f 5716 4464 5717
f 5717 4464 4463
f 5717 4463 4462
f 5717 4462 5728
f 5728 4462 4461
f 4439 5723 4442
f 4442 5723 5722
f 4442 5722 5720
f 4442 5720 4433
f 5723 4439 4436
f 5723 4436 5724
f 5724 4436 4434
f 5724 4434 5718
f 5718 4434 4433
f 5718 4433 5720
f 4172 4174 5734
f 4172 5734 5729
f 5729 5734 5736
f 5729 5736 5726
f 5726 5736 5738
f 5726 5738 5721
f 5721 5738 5740
f 5721 5740 5719
f 5719 5740 5731
f 5719 5731 4179
f 5719 4179 4178
f 4175 5367 4176
f 4176 5367 5366
f 4176 5366 5011
f 5011 5366 5356
f 5011 5356 5357
f 5011 5357 5012
f 5012 5357 5008
f 5008 5357 5358
f 5733 5367 4175
f 5365 5732 4173
f 5743 5362 5361
f 5743 5361 5744
f 5744 5361 5368
f 5744 5368 5733
f 5733 5368 5367
f 5742 5362 5743
f 5732 5365 5741
f 5741 5365 5363
f 5741 5363 5742
f 5742 5363 5362
f 5008 5358 5006
f 5006 5358 5353
f 4171 5364 4173
f 4173 5364 5365
f 5006 5353 5010
f 5010 5353 5351
f 5010 5351 5352
f 5010 5352 4171
f 4171 5352 5364
f 5745 5746 5747
f 5748 5747 5749
f 5750 5751 5752
f 5752 5751 5753
f 5754 4300 5755
f 5755 4300 5756
f 5755 5756 5757
f 5758 5759 5760
f 5760 5759 5761
f 5762 5760 5761
f 5762 5761 5763
f 5762 5763 5756
f 5756 5763 5764
f 5756 5764 5765
f 5756 5765 5757
f 5757 5765 5766
f 5757 5766 5758
f 5758 5766 5759
f 5767 5768 5769
f 5769 5770 5767
f 5767 5770 5760
f 5760 5770 5771
f 5760 5771 5758
f 5771 5772 5758
f 5771 5773 5772
f 5774 5775 5776
f 5777 5776 5778
f 5779 5778 5780
f 5781 5780 5778
f 5774 5776 5777
f 5774 5777 5782
f 5783 5782 5777
f 5782 5783 5784
f 5783 5785 5784
f 5780 5781 5786
f 5784 5785 5787
f 5773 5788 5772
f 5788 5773 5789
f 5788 5789 5790
f 5781 5791 5786
f 5792 5786 5791
f 5788 5790 5793
f 5793 5790 5768
f 5792 5767 5786
f 5767 5792 5768
f 5768 5792 5793
f 5793 5792 5794
f 5793 5794 5774
f 5774 5794 5775
f 5784 5787 5795
f 5795 5787 5796
f 5796 5787 5797
f 5796 5797 5798
f 5798 5797 5799
f 5798 5799 5779
f 5779 5799 5777
f 5777 5778 5779
f 5796 5800 5801
f 5801 5800 5802
f 5801 5802 5803
f 5801 5803 5804
f 5804 5803 5805
f 5805 5806 5807
f 5806 5808 5809
f 5807 5806 5809
f 5809 5808 5798
f 5798 5808 5800
f 5798 5800 5796
f 5810 5804 5807
f 5807 5804 5805
f 4370 5811 5812
f 4370 5812 5810
f 5810 5812 5804
f 5813 5814 5815
f 4300 5754 5816
f 5817 5816 5818
f 5819 5820 5821
f 5820 5819 5811
f 5820 5811 4370
f 5822 5823 5824
f 5821 5825 5819
f 5826 5827 5828
f 5829 5830 5819
f 5819 5830 5811
f 5818 5816 5754
f 5818 5754 5831
f 5832 5829 5819
f 5824 5833 5834
f 5824 5834 5822
f 5754 5835 5831
f 5831 5835 5836
f 5832 5837 5829
f 5829 5837 5838
f 5822 5839 5823
f 5826 5828 5831
f 5826 5831 5836
f 5833 5824 5840
f 5827 5826 5841
f 5827 5841 5842
f 5842 5841 5843
f 5842 5843 5844
f 5845 5840 5813
f 5813 5840 5814
f 5817 5818 5846
f 5817 5846 5847
f 5813 5815 5848
f 5847 5846 5842
f 5839 5849 5823
f 5837 5850 5838
f 5838 5850 5851
f 5851 5850 5852
f 5852 5850 5853
f 5854 5825 5821
f 5842 5855 5847
f 5856 5833 5852
f 5852 5833 5840
f 5852 5840 5857
f 5857 5840 5845
f 5856 5852 5853
f 5856 5853 5854
f 5854 5853 5825
f 5815 5849 5848
f 5848 5849 5844
f 5839 5858 5849
f 5849 5858 5844
f 5855 5842 5844
f 5855 5844 5858
f 5859 5860 5861
f 5862 5863 5864
f 5862 5865 5863
f 5863 5865 5866
f 5861 5867 5868
f 5869 5870 5866
f 5860 5867 5861
f 5861 5868 5864
f 5864 5868 5862
f 5866 5865 5871
f 5866 5871 5869
f 5872 5873 5874
f 5748 5875 5876
f 5876 5875 5877
f 5877 5875 5878
f 5875 5879 5878
f 5879 5880 5878
f 5878 5880 5881
f 5882 5881 5880
f 5882 5880 5883
f 5872 5881 5882
f 5872 5882 5883
f 5884 5881 5872
f 5884 5872 5874
f 5885 5886 5887
f 5868 5886 5862
f 5887 5886 5888
f 5867 5888 5868
f 5868 5888 5886
f 5878 5889 5877
f 5890 5889 5878
f 5891 5892 5893
f 5891 5893 5894
f 5892 5891 5895
f 5885 5896 5891
f 5885 5891 5886
f 5896 5895 5891
f 5897 5898 5899
f 5900 5901 5902
f 5900 5902 5903
f 5900 5903 5899
f 5899 5903 5897
f 5904 5900 5905
f 5900 5904 5901
f 5906 5904 5905
f 5906 5905 5907
f 5908 5909 5905
f 5905 5909 5907
f 5908 5910 5909
f 5911 5912 5913
f 5913 5912 5898
f 5913 5898 5914
f 5914 5898 5915
f 5915 5898 5897
f 5916 5917 5918
f 5916 5918 5919
f 5919 5918 5920
f 5920 5918 5921
f 5922 5923 5924
f 5922 5924 5925
f 5925 5924 5926
f 5925 5926 5927
f 5927 5926 5928
f 5929 5930 5931
f 5931 5930 5932
f 5932 5930 5933
f 5929 5931 5917
f 5917 5931 5918
f 5921 5918 5931
f 5926 5934 5935
f 5934 5926 5924
f 5934 5924 5936
f 5928 5926 5935
f 5924 5923 5936
f 5937 5933 5930
f 5937 5930 5938
f 5938 5930 5929
f 5938 5929 5939
f 5940 5935 5934
f 5940 5934 5941
f 5941 5934 5936
f 5941 5936 5942
f 5943 5944 5945
f 5945 5944 5946
f 5945 5946 5947
f 5947 5946 5948
f 5947 5948 5949
f 5949 5948 5950
f 5948 5951 5952
f 5951 5948 5946
f 5951 5946 5953
f 5953 5946 5944
f 5950 5948 5952
f 5954 5952 5951
f 5954 5951 5955
f 5955 5951 5956
f 5956 5951 5953
f 5957 5958 5959
f 5959 5958 5960
f 5959 5960 5961
f 5961 5960 5962
f 5961 5962 5963
f 5964 5965 5962
f 5962 5960 5964
f 5964 5960 5966
f 5966 5960 5958
f 5967 5962 5965
f 5968 5965 5969
f 5969 5965 5964
f 5969 5964 5966
f 5969 5966 5970
f 5971 5972 5973
f 5973 5972 5974
f 5973 5974 5975
f 5973 5975 5976
f 5976 5975 5977
f 5978 5975 5974
f 5978 5974 5979
f 5979 5974 5972
f 5977 5975 5980
f 5975 5978 5980
f 5981 5980 5978
f 5981 5978 5982
f 5982 5978 5983
f 5983 5978 5979
f 5984 5985 5986
f 5986 5985 5987
f 5986 5987 5988
f 5988 5987 5989
f 5988 5989 5990
f 5990 5989 5991
f 5992 5991 5989
f 5992 5989 5993
f 5993 5989 5987
f 5993 5987 5994
f 5994 5987 5985
f 5995 5992 5996
f 5996 5992 5993
f 5996 5993 5994
f 5996 5994 5997
f 5998 5999 6000
f 5998 6000 6001
f 6001 6000 6002
f 6001 6002 6003
f 6003 6002 6004
f 6000 6005 6006
f 6000 6006 6002
f 6002 6006 6007
f 5999 6005 6000
f 6002 6007 6004
f 6008 6007 6009
f 6009 6007 6006
f 6009 6006 6005
f 6009 6005 6010
f 6011 6012 6013
f 6013 6012 6014
f 6013 6014 6015
f 6013 6015 6016
f 6017 6018 6019
f 6020 6021 6022
f 6019 6018 6020
f 6020 6018 6021
f 6020 6022 6015
f 6020 6015 6014
f 6020 6014 6023
f 6023 6014 6012
f 6024 6021 6018
f 6024 6018 6025
f 6025 6018 6026
f 6026 6018 6017
f 6027 5748 5749
f 6027 5875 5748
f 6028 5880 5879
f 5880 6028 5883
f 5883 6028 6029
f 5872 5883 6029
f 5872 6030 5873
f 6030 6029 6031
f 6032 6033 5875
f 6032 5875 6027
f 5875 6033 5879
f 6033 6028 5879
f 6029 6030 5872
f 6034 6035 6036
f 6035 6037 6038
f 6039 6040 6041
f 6039 6041 6042
f 6039 6042 6043
f 6043 6044 6045
f 6037 6034 6044
f 6041 6046 6042
f 6042 6047 6043
f 6043 6047 6044
f 6045 6044 6034
f 6037 6035 6034
f 6048 6049 6050
f 6050 6049 6051
f 6050 6051 6040
f 6050 6040 6039
f 6048 6050 6039
f 6043 6048 6039
f 6052 6048 6043
f 6053 6052 6043
f 6054 6052 6053
f 6045 6053 6043
f 6054 6053 6034
f 6034 6053 6045
f 6055 6054 6034
f 6055 6034 6036
f 6056 6057 6058
f 6059 6060 6056
f 6061 6062 6063
f 6064 6065 6061
f 6058 6064 6059
f 6063 6064 6061
f 6063 6059 6064
f 6059 6056 6058
f 6066 6067 6068
f 6065 6064 6069
f 6064 6070 6069
f 6066 6070 6064
f 6066 6064 6058
f 6067 6066 6057
f 6057 6066 6058
f 6071 6072 6073
f 6074 6075 6071
f 6074 6071 6073
f 6076 6074 6073
f 6074 6077 6078
f 6076 6079 6077
f 6076 6077 6074
f 6078 6080 6074
f 6081 6082 6083
f 6081 6083 6074
f 6074 6083 6075
f 6084 6081 6074
f 6080 6081 6084
f 6080 6084 6074
f 6085 6086 6087
f 6087 6088 6085
f 6089 6090 6091
f 6089 6091 6092
f 6092 6091 6093
f 6086 6094 6087
f 6087 6094 6093
f 6087 6093 6091
f 6095 6096 6097
f 6098 6099 6096
f 6100 6101 6102
f 6100 6098 6095
f 6103 6101 6100
f 6103 6100 6095
f 6098 6096 6095
f 6104 6105 6106
f 6097 6104 6095
f 6107 6103 6108
f 6107 6108 6109
f 6103 6095 6108
f 6108 6095 6106
f 6095 6104 6106
f 6108 6106 6105
f 6110 6111 6112
f 6111 6113 6114
f 6115 6116 6117
f 6118 6117 6119
f 6115 6117 6118
f 6120 6121 6122
f 6120 6123 6121
f 6121 6123 6124
f 6113 6110 6124
f 6118 6120 6115
f 6115 6120 6122
f 6123 6113 6124
f 6113 6111 6110
f 6125 6126 6127
f 6125 6127 6116
f 6125 6116 6115
f 6122 6125 6115
f 6128 6125 6122
f 6128 6122 6121
f 6129 6128 6121
f 6121 6124 6129
f 6110 6129 6124
f 6130 6129 6131
f 6131 6129 6110
f 6131 6110 6112
f 6132 6133 6109
f 6132 6134 6133
f 6130 6134 6129
f 6132 6109 6108
f 6134 6132 6129
f 6105 6135 6108
f 6108 6135 6132
f 6105 6136 6135
f 6137 6138 6139
f 6138 6135 6139
f 6138 6132 6135
f 6140 6132 6138
f 6137 6140 6138
f 6135 6136 6070
f 6135 6070 6141
f 6141 6070 6066
f 6139 6135 6141
f 6141 6066 6068
f 6142 6082 6141
f 6068 6142 6141
f 6141 6082 6081
f 6143 6141 6081
f 6139 6141 6143
f 6143 6144 6145
f 6143 6146 6144
f 6081 6080 6146
f 6143 6145 6147
f 6147 6148 6143
f 6146 6143 6081
f 6149 6150 6148
f 6149 6148 6147
f 6151 6137 6152
f 6152 6137 6139
f 6151 6140 6137
f 6152 6139 6143
f 6152 6143 6148
f 6150 6049 6148
f 6048 6148 6049
f 6048 6052 6153
f 6048 6153 6148
f 6148 6153 6154
f 6052 6054 6153
f 6155 6153 6054
f 6151 6154 6156
f 6154 6153 6155
f 6148 6154 6152
f 6154 6155 6156
f 6151 6152 6154
f 5871 5865 6157
f 6157 6158 5871
f 6157 6159 6158
f 6055 6159 6054
f 6159 6157 6155
f 6159 6155 6054
f 5865 5886 6157
f 5862 5886 5865
f 6157 6156 6155
f 5886 5891 6156
f 5891 5894 6156
f 6151 5894 6140
f 6156 5894 6151
f 5886 6156 6157
f 5881 6160 5878
f 5878 6160 5892
f 5892 5890 5878
f 5884 6160 5881
f 6161 6162 5884
f 5884 6162 6160
f 6160 5893 5892
f 6160 6162 5893
f 5893 6140 5894
f 6161 6126 6162
f 6125 6162 6126
f 6125 6128 6163
f 6125 6163 6162
f 6128 6129 6163
f 6129 6132 6163
f 5893 6162 6140
f 6132 6140 6163
f 6163 6140 6162
f 6092 6147 6164
f 6164 6147 6145
f 6093 6094 6165
f 6092 6093 6147
f 6147 6093 6165
f 6147 6165 6149
f 5836 6166 5826
f 5826 6166 6167
f 5826 6167 5841
f 5848 6168 5813
f 6169 5829 5838
f 6169 5838 6170
f 5845 5813 6168
f 6171 5801 5804
f 5801 6171 6172
f 5801 6172 5796
f 6091 5795 5796
f 5784 5795 6173
f 6174 5784 6173
f 6174 5782 5784
f 6073 5782 6076
f 6175 5774 6073
f 6073 5774 5782
f 5774 6175 6176
f 6176 5793 5774
f 6063 5793 6059
f 6177 5788 6063
f 6063 5788 5793
f 6178 5788 6177
f 5788 6178 5772
f 6098 5758 5772
f 6179 5757 6180
f 6180 5757 5758
f 6114 5757 6181
f 6181 5757 6179
f 5772 6178 6099
f 5772 6099 6098
f 6063 6062 6177
f 5793 6176 6060
f 5793 6060 6059
f 6073 6072 6175
f 6174 6079 6076
f 5782 6174 6076
f 6091 6090 6173
f 5795 6091 6173
f 6171 5804 6046
f 6046 5804 6042
f 6169 6038 5829
f 6182 6183 5845
f 6182 5845 6168
f 5848 6032 6184
f 5848 6184 6168
f 6118 6119 5836
f 5836 6119 6166
f 6123 5754 6113
f 6113 5754 5755
f 6114 6113 5757
f 5757 6113 5755
f 5758 6100 6180
f 6180 6100 6102
f 5758 6098 6100
f 5796 6087 6091
f 6087 5796 6172
f 6087 6172 6088
f 6042 5804 5812
f 5812 6047 6042
f 6047 5812 5811
f 6047 5811 6044
f 6044 5811 5830
f 5829 6037 5830
f 5830 6037 6044
f 6038 6037 5829
f 6185 6170 6186
f 6186 6170 5838
f 6186 5838 5851
f 5851 6187 6186
f 5852 6187 5851
f 5852 6188 6187
f 6188 5852 5857
f 5857 6189 6188
f 6183 6189 5845
f 5845 6189 5857
f 6032 5848 6033
f 6028 6033 5844
f 5844 6033 5848
f 5843 6028 5844
f 6028 5843 6029
f 5841 6029 5843
f 6167 6031 5841
f 5841 6031 6029
f 5835 6120 5836
f 5836 6120 6118
f 5754 6123 5835
f 5835 6123 6120
f 5861 6190 5859
f 6190 6191 5859
f 6190 6189 6183
f 6185 6186 6192
f 6192 6186 5870
f 5870 6186 5866
f 5866 6186 5863
f 5861 5864 6188
f 6189 6190 5861
f 6186 6187 5863
f 5863 6187 5864
f 5864 6187 6188
f 6188 6189 5861
f 6193 6194 6195
f 6195 6194 6196
f 6195 6196 6197
f 6197 6196 6198
f 6197 6198 6199
f 6199 6198 6200
f 6199 6200 6201
f 6201 6200 6202
f 6202 6200 6203
f 6202 6203 6204
f 6204 6203 6205
f 6204 6205 6206
f 6206 6205 6207
f 6206 6207 6208
f 6208 6207 6209
f 6208 6209 6210
f 6210 6209 6211
f 6210 6211 6212
f 6212 6211 6213
f 6212 6213 6214
f 6214 6213 6215
f 6214 6215 6216
f 6216 6215 6217
f 6217 6215 6218
f 6217 6218 6219
f 6219 6218 6220
f 6219 6220 6221
f 6221 6220 6222
f 6221 6222 6223
f 6223 6222 6224
f 6223 6224 6225
f 6225 6224 6226
f 6225 6226 6227
f 6227 6226 6228
f 6228 6226 6229
f 6228 6229 6230
f 6230 6229 6231
f 6230 6231 6232
f 6232 6231 6233
f 6232 6233 6234
f 6234 6233 6235
f 6234 6235 6236
f 6236 6235 6237
f 6236 6237 6238
f 6238 6237 6239
f 6238 6239 6240
f 6240 6239 6241
f 6240 6241 6242
f 6242 6241 6243
f 6242 6243 6244
f 6244 6243 6245
f 6244 6245 6246
f 6246 6245 6193
f 6193 6245 6194
f 6247 5998 6214
f 6248 6024 6249
f 6010 6024 6009
f 6247 6016 6010
f 6010 6016 6024
f 6250 6008 6248
f 6248 6008 6009
f 6248 6009 6024
f 6250 6003 6008
f 6003 6208 6001
f 6001 6208 6210
f 6214 5998 6001
f 6001 6210 6214
f 5995 6251 6252
f 6252 5983 5995
f 6251 5997 6250
f 5971 5990 5983
f 5983 5990 5995
f 6251 5995 5996
f 6251 5996 5997
f 5990 5971 6201
f 6250 5997 6003
f 6003 5997 5984
f 6003 5984 6208
f 6208 5984 6253
f 6253 5984 5986
f 5986 5988 6253
f 6253 5988 6201
f 6201 5988 5990
f 6254 5981 6252
f 6252 5981 5982
f 6252 5982 5983
f 5976 6255 6256
f 6254 6255 5981
f 5976 6256 6257
f 5976 6257 5973
f 6201 5971 5973
f 6201 5973 6197
f 6197 5973 6257
f 6258 5969 6254
f 6254 5969 5970
f 6258 5968 5969
f 5943 5963 5956
f 5956 5963 6259
f 6259 5968 6258
f 6260 5954 6261
f 6261 5954 5955
f 6261 5955 6259
f 6259 5955 5956
f 6259 5963 5968
f 6262 5961 5963
f 6262 6244 5961
f 5961 6244 6256
f 6256 5957 5959
f 6254 5970 6255
f 6255 5970 5957
f 6255 5957 6256
f 6262 5963 5943
f 5947 5949 6263
f 6234 5949 6260
f 6260 5949 5954
f 6262 5943 5945
f 6262 5945 6263
f 6263 5945 5947
f 6260 5942 6264
f 6260 6264 6234
f 6234 6264 5922
f 6232 5922 5925
f 5942 6260 6265
f 6265 5941 5942
f 6266 5940 6265
f 6265 5940 5941
f 5940 6266 5939
f 5940 5939 5927
f 5927 5939 6267
f 6228 5927 6227
f 5927 6267 6227
f 5927 6228 5925
f 5925 6228 6232
f 6268 5937 6269
f 6269 5937 5938
f 6269 5938 6266
f 6266 5938 5939
f 6249 6024 6025
f 6249 6025 6026
f 6249 6026 6269
f 6268 6269 6270
f 6270 6269 6026
f 6227 6267 5916
f 6271 6272 6273
f 6273 6272 5920
f 6268 6274 6275
f 6275 6274 6271
f 6275 6271 6273
f 6227 5916 6276
f 6276 5916 5919
f 6276 5919 5920
f 6276 5920 6272
f 6016 6247 6214
f 6016 6214 6216
f 6217 6013 6216
f 6013 6016 6216
f 6277 6278 6279
f 6011 6279 6278
f 6279 6011 6013
f 6280 6270 6281
f 6280 6281 6278
f 6278 6281 6011
f 6221 6282 6277
f 6221 6277 6279
f 6013 6217 6279
f 6256 5959 5961
f 6263 5949 6234
f 6234 5922 6232
f 6272 6221 6276
f 6272 6282 6221
f 6280 6268 6270
f 6274 6268 6280
f 5765 6283 6284
f 6284 5766 5765
f 6285 5766 6284
f 5766 6285 6286
f 5766 6286 5759
f 6287 5759 6286
f 5759 6287 5761
f 6288 5761 6287
f 6288 5763 5761
f 6283 5764 6288
f 6288 5764 5763
f 5765 5764 6283
f 6286 6180 6289
f 6286 6285 6180
f 6180 6285 6179
f 6286 6289 6290
f 6286 6290 6287
f 6287 6290 6291
f 6287 6291 6292
f 6287 6292 6288
f 6179 6285 6284
f 6284 6293 6181
f 6284 6181 6179
f 6288 6292 6294
f 6288 6294 6283
f 6283 6294 6295
f 6283 6295 6296
f 6283 6296 6284
f 6284 6296 6293
f 6112 6295 6294
f 6112 6294 6297
f 6294 6133 6297
f 6133 6294 6298
f 6298 6294 6292
f 6291 6299 6300
f 6291 6300 6292
f 6292 6300 6298
f 6290 6301 6291
f 6291 6301 6299
f 6290 6289 6301
f 6302 6293 6296
f 6296 6303 6302
f 6296 6304 6303
f 6304 6296 6305
f 6295 6305 6296
f 6295 6112 6305
f 6306 5771 5770
f 6306 5770 6307
f 6308 5773 6306
f 6306 5773 5771
f 5773 6308 5789
f 6309 5789 6308
f 6309 5790 5789
f 5790 6309 6310
f 6310 5768 5790
f 6311 5768 6310
f 6311 5769 5768
f 6307 5769 6311
f 5770 5769 6307
f 6177 6309 6178
f 6310 6309 6177
f 6310 6312 6313
f 6310 6313 6311
f 6311 6313 6314
f 6311 6314 6307
f 6177 6312 6310
f 6309 6308 6178
f 6308 6315 6178
f 6307 6314 6316
f 6307 6316 6317
f 6307 6317 6306
f 6306 6317 6308
f 6308 6317 6315
f 6316 6097 6317
f 6097 6316 6318
f 6314 6318 6316
f 6314 6319 6318
f 6314 6320 6319
f 6313 6320 6314
f 6313 6065 6320
f 6065 6313 6061
f 6061 6313 6321
f 6312 6321 6313
f 6312 6322 6321
f 6317 6323 6315
f 6317 6324 6323
f 6324 6317 6325
f 6317 6097 6325
f 5806 6326 6327
f 6327 5808 5806
f 6328 5808 6327
f 5808 6328 5800
f 5800 6328 6329
f 6330 5800 6329
f 5800 6330 5802
f 6331 5802 6330
f 6331 5803 5802
f 6326 5805 6331
f 6331 5805 5803
f 5806 5805 6326
f 6329 6332 6172
f 6329 6172 6330
f 6330 6172 6171
f 6331 6333 6334
f 6331 6334 6326
f 6326 6334 6335
f 6326 6335 6327
f 6327 6335 6336
f 6327 6336 6337
f 6327 6337 6328
f 6328 6337 6338
f 6328 6338 6329
f 6329 6338 6332
f 6330 6171 6331
f 6331 6171 6333
f 6339 6340 6334
f 6337 6341 6338
f 6341 6337 6149
f 6337 6342 6149
f 6336 6342 6337
f 6336 6343 6342
f 6335 6051 6343
f 6335 6343 6336
f 6335 6344 6051
f 6344 6335 6345
f 6334 6340 6335
f 6335 6340 6345
f 6333 6339 6334
f 6346 6332 6338
f 6338 6347 6346
f 6347 6338 6086
f 6338 6341 6086
f 6348 5799 6349
f 5799 6348 5777
f 6350 5777 6348
f 5777 6350 5783
f 6351 5783 6350
f 6351 5785 5783
f 5785 6351 6352
f 6352 5787 5785
f 6353 5787 6352
f 6353 5797 5787
f 6349 5797 6353
f 5799 5797 6349
f 6173 6352 6174
f 6174 6352 6351
f 6351 6354 6174
f 6348 6355 6356
f 6348 6356 6350
f 6350 6356 6357
f 6350 6357 6351
f 6351 6357 6354
f 6352 6173 6358
f 6352 6358 6353
f 6353 6358 6359
f 6353 6359 6360
f 6353 6360 6349
f 6349 6360 6361
f 6349 6361 6348
f 6348 6361 6355
f 6362 6363 6359
f 6078 6356 6355
f 6078 6355 6364
f 6355 6365 6364
f 6365 6355 6144
f 6144 6355 6361
f 6144 6361 6366
f 6360 6367 6092
f 6360 6092 6361
f 6361 6092 6366
f 6359 6363 6360
f 6360 6363 6367
f 6358 6362 6359
f 6368 6354 6357
f 6357 6369 6368
f 6369 6357 6370
f 6356 6370 6357
f 6356 6078 6370
f 5791 6371 6372
f 6372 5792 5791
f 6373 5792 6372
f 5792 6373 5794
f 6374 5794 6373
f 6374 5775 5794
f 5775 6374 6375
f 6375 5776 5775
f 6376 5778 5776
f 6376 5776 6375
f 6376 5781 5778
f 6371 5781 6376
f 5791 5781 6371
f 6175 6375 6374
f 6175 6374 6176
f 6176 6374 6373
f 6375 6175 6377
f 6371 6378 6379
f 6371 6379 6372
f 6372 6379 6380
f 6372 6380 6381
f 6372 6381 6373
f 6373 6381 6176
f 6375 6377 6382
f 6375 6382 6376
f 6376 6382 6383
f 6376 6383 6371
f 6371 6383 6378
f 6384 6057 6379
f 6379 6057 6380
f 6378 6385 6379
f 6379 6385 6384
f 6385 6378 6386
f 6386 6378 6383
f 6386 6383 6075
f 6075 6383 6387
f 6382 6388 6383
f 6383 6388 6387
f 6382 6377 6389
f 6382 6389 6388
f 6381 6390 6391
f 6380 6392 6381
f 6381 6392 6390
f 6380 6057 6392
f 5850 6393 6394
f 5850 6394 5853
f 5853 6394 6395
f 5853 6395 5825
f 5825 6395 6396
f 5825 6396 5819
f 5819 6396 6397
f 5819 6397 5832
f 5832 6397 6398
f 5832 6398 5837
f 5837 6398 6393
f 5837 6393 5850
f 6393 6170 6399
f 6170 6393 6169
f 6398 6400 6169
f 6393 6399 6401
f 6393 6401 6394
f 6394 6401 6402
f 6394 6402 6395
f 6395 6402 6403
f 6403 6404 6395
f 6395 6404 6396
f 6396 6404 6405
f 6396 6405 6397
f 6397 6405 6406
f 6397 6406 6398
f 6398 6406 6400
f 6393 6398 6169
f 6407 6408 6401
f 6036 6405 6404
f 6036 6404 6159
f 6404 6158 6159
f 6158 6404 6409
f 6409 6404 6403
f 6403 5869 6409
f 6402 6410 5870
f 6402 5870 6403
f 6403 5870 5869
f 6401 6408 6402
f 6402 6408 6410
f 6399 6407 6401
f 6411 6400 6406
f 6406 6412 6411
f 6406 6413 6412
f 6413 6406 6414
f 6405 6414 6406
f 6405 6036 6414
f 5827 6415 5828
f 5828 6415 5831
f 5831 6415 6416
f 5831 6416 5818
f 5818 6416 6417
f 5818 6417 6418
f 5818 6418 5846
f 5846 6418 6419
f 5846 6419 5842
f 5842 6419 5827
f 5827 6419 6415
f 6418 6420 6421
f 6418 6421 6419
f 6419 6421 6422
f 6419 6422 6415
f 6415 6422 6423
f 6415 6423 6167
f 6415 6167 6166
f 6416 6424 6425
f 6416 6425 6417
f 6417 6425 6426
f 6417 6426 6420
f 6417 6420 6418
f 6415 6166 6416
f 6416 6166 6424
f 6421 5873 6422
f 5873 6421 5884
f 6421 6427 5884
f 6420 6427 6421
f 6420 6428 6427
f 6426 6127 6428
f 6426 6428 6420
f 6426 6429 6127
f 6429 6426 6430
f 6425 6431 6426
f 6426 6431 6430
f 6424 6432 6425
f 6425 6432 6431
f 6422 6433 6423
f 6422 6434 6433
f 6434 6422 6435
f 6422 5873 6435
f 5814 6436 5815
f 5815 6436 5849
f 5849 6436 6437
f 5849 6437 6438
f 5849 6438 5823
f 5823 6438 6439
f 5823 6439 5824
f 5824 6439 5840
f 5840 6439 6440
f 5840 6440 5814
f 5814 6440 6441
f 5814 6441 6436
f 6441 6168 6436
f 6441 6182 6168
f 6441 5912 6182
f 6436 6168 6184
f 6439 5900 5899
f 6439 5899 5898
f 6439 5898 6440
f 6440 5898 5912
f 6440 5912 6441
f 6436 6184 5908
f 6436 5908 6437
f 6437 5908 5905
f 6437 5905 6438
f 6438 5905 5900
f 6438 5900 6439
f 6442 6443 6444
f 6442 6444 6445
f 6442 6445 6446
f 6446 6445 6447
f 6446 6447 6448
f 6448 6447 6449
f 6448 6449 6450
f 6450 6449 6451
f 6450 6451 6452
f 6452 6451 6453
f 6452 6453 6454
f 6454 6453 6455
f 6454 6455 6456
f 6456 6455 6457
f 6456 6457 6458
f 6458 6457 6459
f 6458 6459 6460
f 6460 6459 6461
f 6460 6461 6462
f 6462 6461 6463
f 6464 6465 6463
f 6463 6465 6462
f 6466 6465 6464
f 6466 6467 6465
f 6468 6467 6466
f 6468 6469 6467
f 6470 6469 6468
f 6470 6471 6469
f 6472 6471 6470
f 6472 6473 6471
f 6474 6473 6472
f 6475 6476 6474
f 6474 6476 6473
f 6477 6478 6475
f 6475 6478 6476
f 6479 6480 6477
f 6477 6480 6478
f 6444 6443 6479
f 6479 6443 6480
f 6270 6026 6019
f 6019 6026 6017
f 5932 5933 6268
f 6268 5933 5937
f 6247 6010 5999
f 5999 6010 6005
f 6022 6021 6016
f 6016 6021 6024
f 5997 5994 5984
f 5984 5994 5985
f 6003 6004 6007
f 6003 6007 6008
f 5971 5983 5972
f 5972 5983 5979
f 5991 5992 5990
f 5990 5992 5995
f 5970 5966 5957
f 5957 5966 5958
f 6255 5977 5980
f 6255 5980 5981
f 5953 5944 5956
f 5956 5944 5943
f 5967 5965 5963
f 5963 5965 5968
f 5936 5923 5942
f 5942 5923 6264
f 5954 5949 5952
f 5952 5949 5950
f 5929 5917 5939
f 5939 5917 6267
f 5940 5927 5935
f 5935 5927 5928
f 6016 6015 6022
f 6247 5999 5998
f 5976 5977 6255
f 5963 5962 5967
f 6264 5923 5922
f 6267 5917 5916
f 6462 6465 6254
f 6254 6465 6258
f 6258 6465 6259
f 6465 6467 6259
f 6467 6469 6259
f 6259 6469 6261
f 6469 6471 6261
f 6261 6471 6260
f 6260 6471 6473
f 6260 6473 6265
f 6473 6476 6265
f 6265 6476 6266
f 6476 6478 6266
f 6478 6480 6266
f 6266 6480 6269
f 6269 6480 6443
f 6269 6443 6249
f 6443 6442 6249
f 6442 6446 6249
f 6249 6446 6248
f 6446 6448 6248
f 6448 6450 6248
f 6248 6450 6250
f 6450 6452 6250
f 6250 6452 6251
f 6452 6454 6251
f 6454 6456 6251
f 6251 6456 6252
f 6456 6458 6252
f 6458 6460 6252
f 6252 6460 6254
f 6460 6462 6254
f 5932 6268 6275
f 5932 6275 5931
f 5931 6275 6273
f 5931 6273 5921
f 6023 6011 6281
f 6023 6281 6020
f 6020 6281 6270
f 6020 6270 6019
f 6221 6279 6219
f 6219 6279 6217
f 6212 6214 6210
f 6208 6253 6206
f 6206 6253 6204
f 6204 6253 6201
f 6204 6201 6202
f 6199 6201 6197
f 6197 6257 6195
f 6195 6257 6256
f 6195 6256 6193
f 6193 6256 6246
f 6246 6256 6244
f 6242 6244 6262
f 6242 6262 6240
f 6240 6262 6238
f 6238 6262 6263
f 6238 6263 6236
f 6236 6263 6234
f 6230 6232 6228
f 6227 6276 6225
f 6225 6276 6223
f 6223 6276 6221
f 6481 5751 6482
f 6482 5751 6483
f 6483 5751 5750
f 6482 6484 6481
f 6484 6482 6485
f 6485 6486 6484
f 6486 6485 6487
f 6487 6488 6486
f 6487 6489 6488
f 6490 6491 6489
f 6490 6489 6487
f 6491 6490 6492
f 6493 6492 6490
f 6493 6494 6492
f 6493 6495 6494
f 6495 6493 6496
f 6496 6497 6495
f 6497 6496 6498
f 6497 6498 6499
f 6499 6498 6500
f 6501 6500 6498
f 6500 6501 6502
f 6501 6503 6502
f 6503 6501 6504
f 6504 6505 6503
f 6506 6505 6507
f 6507 6505 6504
f 6507 5745 6506
f 5746 5745 6508
f 6508 5745 6507
f 6509 6483 6510
f 6509 6510 6511
f 6511 6510 6508
f 6512 6493 6490
f 6512 6490 6513
f 6513 6490 6487
f 6513 6487 6485
f 6513 6485 6514
f 6514 6485 6482
f 6514 6482 6509
f 6509 6482 6483
f 6511 6508 6507
f 6511 6507 6515
f 6515 6507 6504
f 6515 6504 6501
f 6515 6501 6516
f 6516 6501 6498
f 6516 6498 6517
f 6517 6498 6496
f 6517 6496 6512
f 6512 6496 6493
f 6512 6518 6517
f 6517 6518 6516
f 6516 6518 6519
f 6516 6519 6520
f 6516 6520 6515
f 6515 6520 6511
f 6511 6520 6521
f 6511 6521 6509
f 6509 6521 6522
f 6509 6522 6523
f 6509 6523 6514
f 6514 6523 6524
f 6514 6524 6513
f 6513 6524 6525
f 6513 6525 6512
f 6512 6525 6518
f 6282 6526 6277
f 6277 6526 6527
f 6277 6527 6278
f 6278 6527 6528
f 6278 6528 6280
f 6280 6528 6529
f 6280 6529 6274
f 6274 6529 6530
f 6274 6530 6271
f 6271 6530 6272
f 6272 6530 6531
f 6272 6531 6532
f 6272 6532 6282
f 6282 6532 6526
f 6526 6521 6527
f 6527 6521 6520
f 6527 6520 6528
f 6528 6520 6519
f 6528 6519 6518
f 6528 6518 6529
f 6529 6518 6525
f 6529 6525 6530
f 6530 6525 6524
f 6530 6524 6531
f 6531 6524 6523
f 6531 6523 6532
f 6532 6523 6522
f 6532 6522 6526
f 6526 6522 6521
f 6533 6534 6535
f 6533 6536 6534
f 6533 6537 6536
f 6538 6537 6533
f 6539 6538 6533
f 6540 6541 6533
f 6533 6542 6540
f 6533 6543 6542
f 6544 6543 6533
f 6533 6545 6544
f 6533 6535 6545
f 6535 6461 6545
f 6545 6461 6459
f 6545 6459 6457
f 6545 6457 6544
f 6544 6457 6455
f 6544 6455 6543
f 6543 6455 6453
f 6543 6453 6451
f 6543 6451 6542
f 6542 6451 6449
f 6542 6449 6540
f 6540 6449 6447
f 6540 6447 6541
f 6541 6447 6445
f 6541 6445 6444
f 6541 6444 6533
f 6533 6444 6479
f 6533 6479 6477
f 6533 6477 6539
f 6539 6477 6475
f 6539 6475 6538
f 6538 6475 6474
f 6538 6474 6537
f 6537 6474 6472
f 6537 6472 6470
f 6537 6470 6536
f 6536 6470 6468
f 6536 6468 6466
f 6536 6466 6534
f 6534 6466 6464
f 6534 6464 6463
f 6534 6463 6535
f 6535 6463 6461
f 5920 5921 6273
f 6012 6011 6023
f 4300 6546 6547
f 6548 5756 4300
f 6548 4300 6547
f 6549 5762 6548
f 6548 5762 5756
f 5762 6549 5760
f 6550 5760 6549
f 6551 5767 6550
f 6550 5767 5760
f 6552 5767 6551
f 6552 5786 5767
f 6553 5786 6552
f 6554 5780 6553
f 6553 5780 5786
f 5779 5780 6554
f 6555 5779 6554
f 6555 5798 5779
f 5798 6555 6556
f 6557 5809 6556
f 6556 5809 5798
f 5809 6557 5807
f 5807 6557 6558
f 6558 5810 5807
f 6559 5810 6558
f 5810 6559 4370
f 6546 4300 5816
f 6546 5816 5817
f 6546 5817 6560
f 6560 5817 5847
f 6560 5847 6561
f 6561 5847 5855
f 6561 5855 5858
f 6561 5858 6562
f 6562 5858 5839
f 6562 5839 6563
f 6563 5839 5822
f 6563 5822 6564
f 6564 5822 5834
f 6564 5834 6565
f 6565 5834 5833
f 6565 5833 6566
f 6566 5833 5856
f 6566 5856 6567
f 6567 5856 5854
f 6567 5854 6568
f 6568 5854 5821
f 6568 5821 6569
f 6569 5821 5820
f 6569 5820 6570
f 6570 5820 4370
f 6570 4370 6559
f 6194 6553 6552
f 6194 6552 6196
f 6196 6552 6551
f 6196 6551 6198
f 6198 6551 6550
f 6198 6550 6549
f 6198 6549 6200
f 6200 6549 6203
f 6203 6549 6548
f 6203 6548 6205
f 6205 6548 6547
f 6205 6547 6207
f 6207 6547 6546
f 6207 6546 6209
f 6209 6546 6560
f 6209 6560 6211
f 6211 6560 6213
f 6213 6560 6561
f 6213 6561 6215
f 6215 6561 6562
f 6215 6562 6218
f 6218 6562 6563
f 6218 6563 6220
f 6220 6563 6564
f 6220 6564 6222
f 6222 6564 6565
f 6222 6565 6224
f 6224 6565 6566
f 6224 6566 6226
f 6226 6566 6567
f 6226 6567 6229
f 6229 6567 6568
f 6229 6568 6569
f 6229 6569 6231
f 6231 6569 6570
f 6231 6570 6233
f 6233 6570 6559
f 6233 6559 6235
f 6235 6559 6237
f 6237 6559 6558
f 6237 6558 6239
f 6239 6558 6557
f 6239 6557 6241
f 6241 6557 6556
f 6241 6556 6555
f 6241 6555 6243
f 6243 6555 6245
f 6245 6555 6554
f 6245 6554 6194
f 6194 6554 6553
f 5747 5746 5749
f 5748 5876 5747
f 5747 5876 6571
f 5745 5747 6571
f 5745 6571 6506
f 6506 6571 5877
f 5876 5877 6571
f 6191 5753 5859
f 6191 5752 5753
f 5890 5892 6502
f 6499 5892 5895
f 6506 5877 5889
f 6502 5892 6500
f 6500 5892 6499
f 6499 5895 6497
f 6506 5889 6505
f 6505 5889 6503
f 6503 5889 5890
f 6503 5890 6502
f 6481 6572 5751
f 5867 5860 6572
f 6572 5860 5859
f 5859 5753 6572
f 6572 5753 5751
f 6497 5895 6495
f 6494 6495 5896
f 5896 6495 5895
f 5885 6494 5896
f 5885 6492 6494
f 6492 5885 6491
f 6484 6486 5888
f 5888 6486 6488
f 6488 6489 5887
f 5887 6489 6491
f 6572 6481 5867
f 5867 6481 6484
f 5887 6491 5885
f 5867 6484 5888
f 5888 6488 5887
f 5910 5908 6184
f 5910 6184 6032
f 6027 5906 5907
f 5906 6027 5749
f 5907 5909 6027
f 6027 5909 6032
f 5909 5910 6032
f 6573 6183 6182
f 6573 6182 5912
f 5911 6573 5912
f 5749 5746 5906
f 5914 5915 6190
f 6190 5915 6191
f 6190 5913 5914
f 5913 6183 5911
f 6190 6183 5913
f 6183 6573 5911
f 5746 5904 5906
f 5746 6508 5904
f 6191 5915 5752
f 5752 5915 5750
f 5901 6510 5902
f 5902 6510 5903
f 5904 6508 5901
f 5901 6508 6510
f 5903 6483 5897
f 6510 6483 5903
f 6483 5750 5897
f 5897 5750 5915
f 6432 6424 6119
f 6166 6119 6424
f 6117 6432 6119
f 6116 6430 6117
f 6117 6430 6431
f 6117 6431 6432
f 6116 6429 6430
f 6031 6167 6423
f 6429 6116 6127
f 6435 5873 6030
f 6031 6423 6433
f 6434 6435 6030
f 6030 6433 6434
f 6030 6031 6433
f 6126 6428 6127
f 6428 6126 6161
f 5884 5874 5873
f 6161 5884 6427
f 6161 6427 6428
f 6322 6312 6062
f 6177 6062 6312
f 6061 6321 6062
f 6321 6322 6062
f 6099 6178 6315
f 6065 6069 6320
f 6320 6069 6070
f 6099 6315 6323
f 6325 6097 6096
f 6324 6325 6096
f 6096 6323 6324
f 6096 6099 6323
f 6070 6136 6320
f 6104 6097 6105
f 6318 6105 6097
f 6136 6318 6319
f 6136 6319 6320
f 6105 6318 6136
f 6171 6339 6333
f 6339 6171 6046
f 6041 6339 6046
f 6040 6345 6041
f 6041 6345 6340
f 6041 6340 6339
f 6040 6344 6345
f 6332 6088 6172
f 6332 6346 6088
f 6344 6040 6051
f 6085 6088 6346
f 6341 6094 6086
f 6086 6085 6347
f 6347 6085 6346
f 6049 6343 6051
f 6343 6049 6150
f 6094 6341 6165
f 6165 6341 6149
f 6150 6149 6342
f 6150 6342 6343
f 6180 6102 6289
f 6101 6301 6102
f 6103 6300 6101
f 6101 6299 6301
f 6300 6299 6101
f 6102 6301 6289
f 6107 6300 6103
f 6300 6107 6298
f 6107 6109 6298
f 6297 6131 6112
f 6134 6131 6297
f 6131 6134 6130
f 6133 6298 6109
f 6297 6133 6134
f 6305 6112 6111
f 6303 6114 6302
f 6304 6305 6111
f 6111 6303 6304
f 6111 6114 6303
f 6114 6181 6293
f 6114 6293 6302
f 6377 6072 6389
f 6072 6377 6175
f 6071 6075 6387
f 6071 6387 6388
f 6072 6071 6389
f 6389 6071 6388
f 6075 6083 6386
f 6083 6082 6386
f 6068 6385 6142
f 6142 6386 6082
f 6385 6386 6142
f 6068 6384 6385
f 6067 6057 6384
f 6067 6384 6068
f 6390 6060 6391
f 6392 6057 6056
f 6056 6060 6390
f 6392 6056 6390
f 6176 6391 6060
f 6381 6391 6176
f 6358 6090 6362
f 6090 6358 6173
f 6089 6363 6090
f 6089 6367 6363
f 6363 6362 6090
f 6092 6367 6089
f 6092 6164 6366
f 6164 6145 6366
f 6078 6364 6080
f 6146 6080 6364
f 6144 6366 6145
f 6364 6365 6146
f 6146 6365 6144
f 6369 6370 6077
f 6077 6370 6078
f 6077 6079 6369
f 6079 6368 6369
f 6174 6368 6079
f 6354 6368 6174
f 6407 6399 6185
f 6170 6185 6399
f 6192 6408 6185
f 6192 6410 6408
f 5870 6410 6192
f 6408 6407 6185
f 5871 6409 5869
f 6036 6159 6055
f 6158 6409 5871
f 6414 6036 6035
f 6412 6038 6411
f 6413 6414 6035
f 6035 6412 6413
f 6035 6038 6412
f 6038 6169 6411
f 6400 6411 6169

