# https://github.com/mikedh/trimesh

o L7
v 0.00169105 0.01000000 -0.00491745
v 0.00260881 0.01000000 -0.00557485
v 0.00436396 0.01000000 -0.00258087
v 0.00479765 0.01000000 -0.00366072
v 0.00606744 0.01000000 -0.00064041
v 0.00498810 0.01000000 0.00092938
v 0.00510266 0.01000000 0.00313175
v 0.00329462 0.01000000 0.00369591
v 0.00298943 0.01000000 0.00514357
v 0.00090934 0.01000000 0.00489638
v -0.00448496 0.01000000 0.00243075
v -0.00529658 0.01000000 0.00296202
v -0.00613158 0.01000000 -0.00051454
v -0.00501686 0.01000000 -0.00138231
v -0.00421871 0.01000000 -0.00464321
v -0.00014870 0.01000000 0.00601857
v -0.00203456 0.01000000 0.00458081
v -0.00324065 0.01000000 0.00504764
v -0.00244152 0.01000000 -0.00462730
v -0.00060669 0.01000000 -0.00609838
v -0.00261086 0.02000000 -0.00453395
v -0.00409988 0.02000000 -0.00469144
v -0.00469432 0.02000000 -0.00203635
v -0.00599356 0.02000000 -0.00128939
v -0.00506763 0.02000000 0.00060776
v -0.00557223 0.02000000 0.00259134
v -0.00344222 0.02000000 0.00377418
v 0.00090935 0.02000000 -0.00505964
v 0.00242221 0.02000000 -0.00566118
v -0.00079165 0.02000000 -0.00607826
v -0.00010552 0.02000000 0.00498686
v 0.00005690 0.02000000 0.00601857
v 0.00300369 0.02000000 0.00400706
v 0.00284716 0.02000000 0.00520043
v 0.00506086 0.02000000 0.00325663
v 0.00494208 0.02000000 0.00100146
v 0.00599240 0.02000000 0.00015258
v 0.00419574 0.02000000 -0.00305764
v 0.00529555 0.02000000 -0.00302984
v -0.00308122 0.02000000 0.00514356
v 0.00169105 -0.02000000 -0.00491745
v 0.00260881 -0.02000000 -0.00557485
v 0.00436396 -0.02000000 -0.00258087
v 0.00479765 -0.02000000 -0.00366072
v 0.00606744 -0.02000000 -0.00064041
v 0.00498810 -0.02000000 0.00092938
v 0.00510266 -0.02000000 0.00313175
v 0.00329462 -0.02000000 0.00369591
v 0.00298943 -0.02000000 0.00514357
v 0.00090934 -0.02000000 0.00489638
v -0.00448496 -0.02000000 0.00243075
v -0.00529658 -0.02000000 0.00296202
v -0.00613158 -0.02000000 -0.00051454
v -0.00501686 -0.02000000 -0.00138231
v -0.00421871 -0.02000000 -0.00464321
v -0.00014870 -0.02000000 0.00601857
v -0.00203456 -0.02000000 0.00458081
v -0.00324065 -0.02000000 0.00504764
v -0.00244152 -0.02000000 -0.00462730
v -0.00060669 -0.02000000 -0.00609838
v -0.00261086 -0.01000000 -0.00453395
v -0.00409988 -0.01000000 -0.00469144
v -0.00469432 -0.01000000 -0.00203635
v -0.00599356 -0.01000000 -0.00128939
v -0.00506763 -0.01000000 0.00060776
v -0.00557223 -0.01000000 0.00259134
v -0.00344222 -0.01000000 0.00377418
v 0.00090935 -0.01000000 -0.00505964
v 0.00242221 -0.01000000 -0.00566118
v -0.00079165 -0.01000000 -0.00607826
v -0.00010552 -0.01000000 0.00498686
v 0.00005690 -0.01000000 0.00601857
v 0.00300369 -0.01000000 0.00400706
v 0.00284716 -0.01000000 0.00520043
v 0.00506086 -0.01000000 0.00325663
v 0.00494208 -0.01000000 0.00100146
v 0.00599240 -0.01000000 0.00015258
v 0.00419574 -0.01000000 -0.00305764
v 0.00529555 -0.01000000 -0.00302984
v -0.00308122 -0.01000000 0.00514356
v 0.06605531 -0.00929155 -0.01249386
v 0.06544051 -0.00775699 -0.01260980
v 0.06258559 -0.01147540 -0.01282945
v 0.06563538 -0.00413574 -0.01258669
v 0.06517778 -0.01182357 -0.01264509
v 0.06090305 -0.01477435 -0.01294443
v 0.06096130 -0.01312579 -0.01294086
v 0.05606280 -0.02090647 -0.01321748
v 0.05257567 -0.00220190 -0.01337996
v 0.06569831 -0.00205046 -0.01251062
v 0.06578002 -0.00288248 -0.01255888
v 0.06236168 -0.01633017 -0.01286784
v 0.06593354 -0.02529259 -0.00738841
v 0.06639864 -0.02247015 -0.00902673
v 0.06247597 -0.02221475 -0.01002283
v 0.06589782 -0.01537749 -0.01224690
v 0.05616315 -0.02807614 -0.00690902
v 0.06035048 -0.02847181 -0.00522825
v 0.06580877 -0.02829506 -0.00444656
v 0.04941488 -0.02955726 0.00923131
v 0.06655481 -0.02483712 0.00778916
v 0.06613195 -0.02760355 0.00560415
v 0.06626495 -0.02148820 0.00996750
v 0.04740352 -0.02666867 0.01255765
v 0.06638017 -0.01780869 0.01142859
v 0.05556972 -0.01053669 0.01656671
v 0.06623482 -0.01326712 0.01288908
v 0.06630888 -0.00677119 0.01393514
v 0.03252613 -0.00857974 0.02520314
v 0.02878777 -0.00418032 0.02731632
v 0.02973235 -0.00230923 0.02705584
v 0.04052485 -0.01818151 0.01946254
v 0.03766119 -0.01518219 0.02152088
v 0.04385253 -0.00937000 0.02067191
v 0.05147284 -0.03240796 0.00181324
v 0.06597565 -0.02980997 -0.00044646
v 0.05167960 -0.03231463 -0.00026607
v 0.05082131 -0.03128370 -0.00425735
v 0.05099495 -0.03181529 -0.00259223
v 0.05775349 -0.03034698 -0.00298198
v 0.04968419 -0.02949718 -0.00828988
v 0.04808068 -0.02722017 -0.01262600
v 0.05095570 -0.02671572 -0.01097174
v 0.05181398 -0.02680437 -0.01037961
v 0.04757531 -0.02679188 -0.01345205
v 0.04791770 -0.02712778 -0.01306240
v 0.03783770 -0.01541265 -0.01339202
v 0.03347862 -0.00207644 -0.01325144
v 0.03253692 -0.00251798 -0.01321149
v 0.03058256 -0.00221147 -0.01309678
v 0.02833475 -0.00384362 -0.01292444
v 0.02913927 -0.00213111 -0.01297499
v 0.04359142 -0.02245039 0.01638213
v 0.06615272 -0.02882408 0.00378909
v 0.05064765 -0.03107863 0.00678867
v 0.06595054 -0.02970721 0.00181564
v 0.05149051 -0.03223341 0.00360308
v 0.06626765 -0.02913156 -0.00275637
v 0.05671689 -0.02256215 -0.01163942
v 0.05301516 -0.02617738 -0.01039742
v 0.06279998 -0.01647630 -0.01260969
v 0.05739477 -0.02505636 -0.00947473
v 0.06401557 -0.01653465 -0.01225482
v 0.06639002 -0.00242652 0.01421041
v 0.05617339 -0.00224620 0.01719321
v 0.04369023 -0.00220012 0.02142701
v 0.06638323 -0.01364976 -0.01233795
v 0.06713203 -0.01395577 -0.01136135
v 0.06650452 -0.00845659 -0.01216169
v 0.06659005 -0.00348496 -0.01209195
v 0.06663483 -0.00223608 -0.01194977
v 0.06712917 -0.00284588 -0.01129221
v 0.01399163 -0.03109021 -0.01975753
v 0.02242623 -0.03523920 -0.01975753
v 0.01239596 -0.03528916 -0.01975753
v 0.03470645 0.00607604 -0.01975070
v 0.04026567 0.00994316 -0.01963871
v 0.04047680 0.00182622 -0.01963577
v 0.03471401 0.01807514 -0.01975123
v 0.04076423 0.02244393 -0.01963721
v 0.04048026 0.01382736 -0.01963672
v 0.04468140 0.00604442 -0.01936486
v 0.05005653 0.00977147 -0.01871615
v 0.05023196 0.00204911 -0.01869697
v 0.03042151 0.01004357 -0.01975600
v 0.03401395 0.00160392 -0.01975367
v 0.03248430 0.00252939 -0.01975725
v 0.03084434 0.00235340 -0.01975753
v 0.02960880 0.00114812 -0.01975754
v 0.03410326 0.00708746 -0.01975108
v 0.03385087 0.00545762 -0.01975430
v 0.03451186 0.00448910 -0.01975165
v 0.03453761 -0.00030140 -0.01975114
v 0.03393836 -0.00526432 -0.01975232
v 0.03148971 -0.00265896 -0.01975833
v 0.03474879 -0.00432459 -0.01974984
v 0.03371072 -0.00190771 -0.01975484
v 0.03079695 -0.01033392 -0.01975732
v 0.02954798 -0.00108687 -0.01975760
v 0.02201050 -0.00590546 -0.01975753
v 0.00106335 0.01314833 -0.01975753
v 0.00407636 0.00702402 -0.01975753
v 0.00052871 0.01021018 -0.01975753
v 0.00394605 0.00504302 -0.01975753
v 0.00106685 0.02515084 -0.01975753
v 0.00407981 0.01902681 -0.01975753
v 0.00053202 0.02221237 -0.01975753
v 0.00394828 0.01704557 -0.01975753
v 0.00230911 0.03543368 -0.01975753
v 0.00415592 0.03118997 -0.01975753
v 0.00398391 0.02892493 -0.01975753
v 0.00423502 0.04326820 -0.01975743
v 0.00580212 0.04053703 -0.01975754
v -0.00584246 0.03119301 -0.01975753
v -0.00638063 0.04906379 -0.01963014
v 0.01205315 0.03586086 -0.01975753
v 0.00891847 0.04114367 -0.01975762
v 0.00949220 0.04354293 -0.01975751
v 0.00833382 0.04525739 -0.01975760
v 0.02296308 0.04734685 -0.01975797
v 0.00606662 0.04547230 -0.01975753
v -0.01098859 -0.03436452 -0.01975753
v -0.01275473 -0.03341677 -0.01975753
v -0.00887603 -0.02503835 -0.01975753
v -0.01752169 -0.03086519 -0.01975753
v -0.01525301 -0.03435984 -0.01975753
v -0.01312124 -0.03870252 -0.01975753
v -0.01053213 -0.03699512 -0.01975753
v -0.00561856 -0.04473145 -0.01975753
v -0.01531502 -0.03734234 -0.01983103
v -0.00602161 -0.03104843 -0.01975753
v -0.00003176 -0.02496856 -0.01975753
v -0.00962586 -0.02197110 -0.01975753
v -0.00586657 -0.02885416 -0.01975753
v -0.01374290 -0.00001843 -0.01975753
v -0.01145946 -0.00986124 -0.01975753
v -0.01365582 -0.00947298 -0.01975753
v -0.01528639 -0.01062614 -0.01975753
v -0.01786792 -0.01772034 -0.01975753
v -0.01557291 -0.01260992 -0.01975753
v -0.01383229 -0.01463497 -0.01975753
v -0.01107804 -0.01374209 -0.01975753
v -0.00585008 -0.01682006 -0.01975753
v -0.00601877 -0.01908477 -0.01975753
v -0.00603283 -0.00703788 -0.01975753
v -0.01045135 -0.01183819 -0.01975753
v -0.00585106 -0.00481641 -0.01975753
v -0.00934760 0.02225864 -0.01975753
v -0.01087988 0.01343741 -0.01975753
v -0.01252114 0.01457526 -0.01975753
v -0.01506771 0.01379488 -0.01975753
v -0.01769661 0.01743413 -0.01975753
v -0.01557292 0.01139009 -0.01975753
v -0.01441978 0.00975951 -0.01975753
v -0.01243598 0.00947298 -0.01975753
v -0.01053212 0.01100490 -0.01975753
v -0.00585008 0.00718741 -0.01975753
v -0.00603333 0.00496556 -0.01975753
v -0.00603161 0.01696863 -0.01975753
v -0.00591826 0.01902956 -0.01975753
v -0.01082363 0.03746719 -0.01975753
v -0.01297632 0.03862726 -0.01975753
v -0.01669653 0.04229281 -0.01975753
v -0.01518467 0.03758644 -0.01975753
v -0.01752193 0.03086490 -0.01975753
v -0.01557291 0.03539008 -0.01975753
v -0.01423685 0.03361825 -0.01975753
v -0.00918736 0.02565064 -0.01975753
v -0.01200644 0.03361728 -0.01975753
v -0.00602840 0.02897076 -0.01975753
v -0.01060088 0.03503605 -0.01975753
v 0.00241641 -0.03525501 -0.01975753
v 0.00463283 -0.04176350 -0.01975757
v 0.00470644 -0.04452385 -0.01975745
v 0.00112398 -0.02503737 -0.01975753
v 0.00408227 -0.02898307 -0.01975753
v 0.00398560 -0.03108538 -0.01975753
v 0.00758498 -0.04560491 -0.01975765
v 0.02488029 -0.04740869 -0.01975525
v 0.00932866 -0.04405987 -0.01975753
v 0.00918030 -0.04138436 -0.01975754
v 0.00646571 -0.04042036 -0.01975753
v 0.03188968 -0.03596213 -0.01975749
v 0.03158906 -0.03942310 -0.01975761
v 0.03009862 -0.04018690 -0.01975752
v 0.02931172 -0.04200637 -0.01975753
v 0.03384684 -0.04009961 -0.01975549
v 0.03195098 -0.04462816 -0.01975762
v 0.03764650 -0.04503643 -0.01973046
v 0.03376132 -0.04387024 -0.01975511
v 0.03453759 -0.04230145 -0.01975223
v 0.03374516 -0.03058723 -0.01975601
v 0.03014628 -0.04386868 -0.01975754
v 0.02772154 0.04697270 -0.01975630
v 0.03157199 0.04463571 -0.01975770
v 0.02964563 0.04324564 -0.01975754
v 0.02953535 0.04096698 -0.01975759
v 0.03412635 0.03108965 -0.01975359
v 0.03149625 0.03935120 -0.01975761
v 0.03376124 0.04012968 -0.01975541
v 0.03453759 0.04169857 -0.01975227
v 0.03395349 0.04374163 -0.01975454
v 0.03548132 0.04556941 -0.01974835
v 0.03227629 0.04628119 -0.01975661
v 0.03191188 0.03597140 -0.01975753
v 0.03239669 0.03506878 -0.01975708
v 0.02420328 0.03128643 -0.01975753
v -0.03799611 -0.01794003 -0.01975753
v -0.02795379 -0.01786591 -0.01975753
v -0.02920310 -0.02229941 -0.01975753
v -0.03513329 -0.03040946 -0.01975753
v -0.03493122 -0.02934221 -0.01975753
v -0.02935280 -0.02576159 -0.01975753
v -0.02803515 -0.03600970 -0.01963253
v -0.02789636 -0.03928312 -0.01975753
v -0.03981330 -0.03482298 -0.01975770
v -0.03600504 -0.03112831 -0.01975753
v -0.02752075 -0.03515217 -0.01975753
v -0.02591754 -0.02898665 -0.01975753
v -0.03592100 -0.02899276 -0.01975752
v -0.03015036 -0.02298622 -0.01975753
v -0.03006515 -0.02510531 -0.01975753
v -0.04772227 -0.01499981 -0.01965483
v -0.01980848 0.01489314 -0.01975753
v -0.02758231 0.01724587 -0.01975753
v -0.01803657 0.03000742 -0.01975753
v -0.01004822 0.02296874 -0.01975753
v -0.01015637 0.02502712 -0.01975753
v -0.01786349 0.03572209 -0.01975753
v -0.02613845 0.03083939 -0.01975753
v -0.02463424 0.04016754 -0.01975753
v -0.02530622 0.03017215 -0.01975753
v -0.01887663 0.02297379 -0.01975753
v -0.01965021 0.02608333 -0.01975753
v -0.01803633 -0.03000762 -0.01969503
v -0.02486826 -0.02928581 -0.01975753
v -0.01887593 -0.02504023 -0.01975753
v -0.01026900 -0.02276161 -0.01975753
v -0.01965157 -0.02193032 -0.01975753
v -0.02518205 -0.03033336 -0.01975753
v -0.01769178 -0.03543647 -0.01975753
v -0.02602682 -0.03104545 -0.01975753
v -0.01004885 -0.02506627 -0.01975753
v -0.01978914 -0.01488659 -0.01975753
v 0.05387717 0.01898965 -0.01806887
v 0.05412700 0.01656914 -0.01796767
v 0.05030857 0.01396747 -0.01870819
v 0.05183595 0.02758995 -0.01865202
v 0.05329552 0.02623854 -0.01836406
v 0.05099847 0.02461725 -0.01874537
v 0.04920039 0.03316556 -0.01907299
v 0.05375524 0.03132620 -0.01825401
v 0.05176266 0.02987092 -0.01867007
v 0.05240781 0.03511960 -0.01842879
v -0.04770409 0.01499944 -0.01970756
v -0.03752493 0.01715322 -0.01975753
v 0.05208754 -0.02720759 -0.01860499
v 0.05158672 -0.02890878 -0.01869798
v 0.05069391 -0.02562307 -0.01885267
v 0.05076297 -0.02239766 -0.01874567
v 0.05399569 -0.01666750 -0.01801643
v 0.05399536 -0.01915360 -0.01804706
v 0.05396336 0.00482819 -0.01789805
v 0.05429863 -0.00453737 -0.01781672
v 0.05104669 0.00022160 -0.01852617
v 0.05371363 -0.00562703 -0.01798411
v 0.05110903 0.01183405 -0.01854372
v 0.05384710 0.00699658 -0.01793808
v 0.05236130 -0.03509368 -0.01851063
v 0.05262634 -0.03096000 -0.01850043
v 0.05504896 -0.03120969 -0.01792895
v 0.05431942 -0.03730045 -0.01797228
v 0.05183483 -0.03593537 -0.01863421
v 0.04396904 -0.02910125 -0.01951868
v 0.04412417 -0.03115918 -0.01950337
v 0.04248422 -0.03513571 -0.01958844
v 0.04408457 -0.01686068 -0.01943977
v 0.04401815 -0.01905444 -0.01945421
v 0.04077513 -0.02250432 -0.01964554
v 0.04424630 -0.00729818 -0.01940272
v 0.04970976 -0.01082626 -0.01877795
v 0.04991510 -0.01295701 -0.01876264
v 0.04381398 -0.00531052 -0.01944801
v 0.04405693 0.00490894 -0.01941540
v 0.04994384 0.00084525 -0.01871304
v 0.04393661 0.00688184 -0.01943955
v 0.04113878 -0.00020492 -0.01959752
v 0.04968259 -0.00119286 -0.01875202
v 0.04397673 0.01897004 -0.01945544
v 0.04411215 0.01680015 -0.01943996
v 0.04969681 0.02517231 -0.01894666
v 0.05001697 0.02314329 -0.01887029
v 0.04385437 0.03051057 -0.01952269
v 0.04417802 0.02879706 -0.01949466
v 0.05746727 0.03518051 -0.01703470
v 0.05041412 0.03951758 -0.01871826
v 0.05189207 0.03597372 -0.01859999
v 0.05023678 0.02609394 -0.01890105
v 0.04471765 0.03006108 -0.01946428
v 0.05068501 0.02233213 -0.01878449
v 0.04469465 0.01803992 -0.01940151
v 0.05038811 -0.00191307 -0.01867292
v 0.05075081 -0.01048092 -0.01860487
v 0.04468119 -0.00595038 -0.01936474
v 0.05066735 -0.01361866 -0.01869113
v 0.04506359 -0.01863701 -0.01937143
v 0.04483626 -0.01760593 -0.01938561
v 0.03995924 -0.02310339 -0.01966753
v 0.03450537 -0.02850033 -0.01975738
v 0.03409119 -0.01910737 -0.01975378
v 0.03984141 -0.02508800 -0.01967288
v 0.03073007 -0.01355804 -0.01975666
v 0.03396529 -0.01709483 -0.01975449
v 0.03082346 -0.02240682 -0.01975722
v 0.03399907 -0.00700763 -0.01975493
v 0.03979153 -0.01090594 -0.01965728
v 0.03997893 -0.01290067 -0.01965273
v 0.04000674 0.00079979 -0.01964559
v 0.03973134 -0.00119517 -0.01965602
v 0.03111495 0.01205826 -0.01975752
v 0.03034176 0.01407687 -0.01975758
v 0.03416865 0.01680430 -0.01975376
v 0.04001227 0.01279711 -0.01965058
v 0.03973509 0.01080185 -0.01965955
v 0.03389558 0.01879898 -0.01975430
v 0.03043102 0.02204455 -0.01975718
v 0.03106761 0.02514437 -0.01975753
v 0.03397252 0.02895985 -0.01975757
v 0.04002604 0.02479444 -0.01966716
v 0.03974769 0.02279959 -0.01967345
v 0.04331269 0.04291547 -0.01950784
v 0.04196987 0.03599079 -0.01962337
v 0.04104014 0.02461631 -0.01963152
v 0.04024073 0.02614482 -0.01968398
v 0.03503545 0.03063478 -0.01976057
v 0.04248751 0.03513381 -0.01958176
v 0.04476113 0.03166513 -0.01946194
v 0.03488756 0.02962524 -0.01975143
v 0.04114365 0.01179249 -0.01960189
v 0.04026248 -0.00205409 -0.01963590
v 0.04047593 -0.01016505 -0.01964951
v 0.03470657 -0.00592316 -0.01975124
v 0.04025950 -0.01406210 -0.01966306
v 0.04114401 -0.01220178 -0.01960235
v 0.03471453 -0.01792239 -0.01975170
v 0.04080696 -0.02563253 -0.01966089
v 0.03471432 -0.02995105 -0.01975255
v 0.04562454 -0.04200511 -0.01933202
v 0.04196242 -0.03598770 -0.01962557
v 0.03074532 -0.02555390 -0.01975694
v 0.03244878 -0.03508180 -0.01975699
v 0.01978948 -0.02284896 -0.01975753
v 0.01994882 -0.02504366 -0.01975753
v 0.01112411 -0.02503631 -0.01975753
v 0.01407252 -0.02898508 -0.01975753
v 0.00394969 -0.01896211 -0.01975753
v 0.00994216 -0.02508317 -0.01975753
v 0.00976924 -0.02281773 -0.01975753
v 0.00034834 -0.02192790 -0.01975753
v 0.00106298 -0.01085833 -0.01975753
v 0.00407738 -0.01698230 -0.01975753
v 0.00052956 -0.01379490 -0.01975753
v 0.00106193 0.00114499 -0.01975753
v 0.00994638 -0.00103636 -0.01975753
v 0.00052786 -0.00179239 -0.01975753
v 0.00407544 -0.00497942 -0.01975753
v 0.00394659 -0.00695980 -0.01975753
v 0.00976556 -0.01081659 -0.01975753
v 0.00994872 -0.01303801 -0.01975753
v 0.00976512 0.00118462 -0.01975753
v 0.00976757 0.01318624 -0.01975753
v 0.00994761 0.01096554 -0.01975753
v 0.00995174 0.02296697 -0.01975753
v 0.00984334 0.02502550 -0.01975753
v 0.01976573 0.01318597 -0.01975753
v 0.01994612 0.01096518 -0.01975753
v 0.01407440 0.00702321 -0.01975753
v 0.01387230 0.03089706 -0.01975753
v 0.01427338 0.02869864 -0.01975753
v 0.01112338 0.02406180 -0.01975753
v 0.01977104 0.02518731 -0.01975753
v 0.01407937 0.01902610 -0.01975753
v 0.01394751 0.01704487 -0.01975753
v 0.01111889 0.01206017 -0.01975753
v 0.01394458 0.00504266 -0.01975753
v 0.01034963 0.02608036 -0.01975753
v 0.00490661 0.03053050 -0.01975753
v 0.00500181 0.02948589 -0.01975753
v 0.01037012 0.01403741 -0.01975753
v 0.01043107 0.02204786 -0.01975753
v 0.00469937 0.01810001 -0.01975753
v 0.01111718 0.00005794 -0.01975753
v 0.01036783 0.00203549 -0.01975753
v 0.01042679 0.01004614 -0.01975753
v 0.00469652 0.00609781 -0.01975753
v 0.01978347 -0.01084793 -0.01975753
v 0.01994271 -0.01304301 -0.01975753
v 0.01407603 -0.01698227 -0.01975753
v 0.01994419 -0.00103625 -0.01975753
v 0.01407360 -0.00497942 -0.01975753
v 0.01394509 -0.00695952 -0.01975753
v 0.01111893 -0.01194398 -0.01975753
v 0.01394939 -0.01896151 -0.01975753
v 0.01036912 -0.00996671 -0.01975753
v 0.01042543 -0.00195619 -0.01975753
v 0.00469654 -0.00590472 -0.01975753
v 0.01037317 -0.02196825 -0.01975753
v 0.01042783 -0.01395810 -0.01975753
v 0.00469918 -0.01790698 -0.01975753
v 0.00513857 -0.02927299 -0.01975753
v 0.00481858 -0.03032889 -0.01975753
v 0.01976252 0.00118490 -0.01975753
v 0.01995216 0.02296622 -0.01975753
v 0.02205487 0.03585862 -0.01975753
v 0.02071079 0.02572666 -0.01975753
v 0.01490724 0.03052895 -0.01975753
v 0.01500308 0.02948375 -0.01975753
v 0.02042494 0.01004557 -0.01975753
v 0.02111731 0.01205942 -0.01975753
v 0.02240326 0.00525031 -0.01975753
v 0.02407906 0.01902530 -0.01975753
v 0.02036898 0.01403643 -0.01975753
v 0.02078050 0.02239365 -0.01975753
v 0.02082501 0.00158294 -0.01975753
v 0.01469846 0.01809915 -0.01975753
v 0.01469471 0.00609755 -0.01975753
v 0.02063878 -0.00175153 -0.01975753
v 0.02031974 -0.00993116 -0.01975753
v 0.02116796 -0.01270821 -0.01975753
v 0.01469471 -0.00590453 -0.01975753
v 0.01961306 -0.01457424 -0.01975753
v 0.02083328 -0.02241926 -0.01975753
v 0.01469840 -0.01790625 -0.01975753
v 0.02064956 -0.02575239 -0.01975753
v 0.01470439 -0.02990696 -0.01975753
v 0.02399099 -0.03111097 -0.01975753
v 0.02996947 -0.02496297 -0.01975753
v 0.02417338 -0.02880131 -0.01975753
v 0.02992951 -0.01308523 -0.01975753
v 0.02391058 -0.01720928 -0.01975753
v 0.02415834 -0.01919942 -0.01975753
v 0.02978979 -0.02284693 -0.01975753
v 0.02984021 -0.01097605 -0.01975753
v 0.02499712 -0.01852078 -0.01975753
v 0.02489993 -0.01747564 -0.01975753
v 0.02469280 -0.02984371 -0.01975753
v 0.02481957 0.02967733 -0.01975753
v 0.02512886 0.03071553 -0.01975753
v 0.02469726 0.01809776 -0.01975753
v 0.02397778 0.01692164 -0.01975753
v 0.02993259 0.01092052 -0.01975753
v 0.02983360 0.01302440 -0.01975753
v 0.02397369 0.02896608 -0.01975753
v 0.02995276 0.02296465 -0.01975753
v 0.02984110 0.02502542 -0.01975753
v -0.02803546 0.03600934 -0.01975753
v -0.03898302 0.03530475 -0.01975768
v -0.02752105 0.03515176 -0.01950753
v -0.03508350 0.03055816 -0.01975753
v -0.02969138 0.02610869 -0.01975753
v -0.03495450 0.02939553 -0.01975753
v -0.02884755 0.02306446 -0.01975753
v -0.03601717 0.02893152 -0.01975753
v -0.03015003 0.02503268 -0.01975753
v -0.03007031 0.02289630 -0.01975753
v -0.03584353 0.03119713 -0.01975753
v -0.02020827 -0.02285569 -0.01975753
v -0.02006322 -0.02509346 -0.01975753
v -0.02568586 0.02863530 -0.01975753
v -0.02007135 0.02287926 -0.01975753
v -0.02015721 0.02502982 -0.01975753
v -0.00014895 -0.02298333 -0.01975753
v -0.00015231 -0.01098123 -0.01975753
v -0.00003529 -0.01296676 -0.01975753
v -0.00015325 0.00102115 -0.01975753
v -0.00003686 -0.00096429 -0.01975753
v -0.00003135 0.01104393 -0.01975753
v -0.00015991 0.01302424 -0.01975753
v -0.00005955 0.02292399 -0.01975753
v -0.00015660 0.02502634 -0.01975753
v -0.00518209 0.02968127 -0.01975753
v -0.00489028 0.03069844 -0.01975753
v -0.00487131 0.01872740 -0.01975753
v -0.00518557 0.01767942 -0.01975753
v -0.00518767 0.00567673 -0.01975753
v -0.00488034 0.00671589 -0.01975753
v -0.00518754 -0.00632635 -0.01975753
v -0.00488044 -0.00528716 -0.01975753
v -0.00531258 -0.01784649 -0.01975753
v -0.00530885 -0.02984819 -0.01975753
v -0.03803913 0.01801091 -0.01959087
v 0.05396236 -0.00715509 -0.01790821
v 0.05389202 -0.02612031 -0.01824120
v 0.04975636 -0.02285466 -0.01890351
v 0.04996239 -0.02489043 -0.01890768
v 0.04471410 -0.02994316 -0.01946461
v 0.04990409 0.01100178 -0.01875223
v 0.04971787 0.01315533 -0.01879304
v 0.05934789 -0.00119120 -0.01624369
v 0.05960643 0.00079694 -0.01615402
v 0.05960670 0.01288984 -0.01623592
v 0.05936100 0.01080090 -0.01628886
v 0.05941007 -0.01089706 -0.01627619
v 0.05957732 -0.01296873 -0.01624429
v 0.05359657 0.01550212 0.01585526
v 0.04427128 0.02309934 0.01579941
v 0.06615044 0.01958660 0.01088141
v 0.06631013 0.02216204 -0.00922529
v 0.05946377 0.02575603 -0.00819188
v 0.06194706 0.02054262 -0.01104523
v 0.06568930 0.00202181 -0.01249593
v 0.06555256 0.00301596 -0.01259242
v 0.05363955 0.00228949 -0.01338548
v 0.06584079 0.00401686 -0.01256470
v 0.06107119 0.01247448 -0.01293351
v 0.06056514 0.01470678 -0.01296668
v 0.05414314 0.02214582 -0.01330998
v 0.06294327 0.01139829 -0.01280285
v 0.06539541 0.00773264 -0.01260780
v 0.06567969 0.01234140 -0.01258593
v 0.04757947 0.02678844 -0.01344413
v 0.03552856 0.01267291 -0.01330436
v 0.02828716 0.00389996 -0.01292850
v 0.02932410 0.00203852 -0.01294286
v 0.03143664 0.00258258 -0.01317398
v 0.03343592 0.00212702 -0.01325790
v 0.06254791 0.01648824 -0.01277907
v 0.04786915 0.02713934 -0.01307176
v 0.05745788 0.02035654 -0.01271267
v 0.04793401 0.02731096 -0.01259698
v 0.05076104 0.02695345 -0.01083825
v 0.04937771 0.02918916 -0.00896246
v 0.05521724 0.02864467 -0.00646121
v 0.05040483 0.03086231 -0.00535150
v 0.03559262 0.01270262 0.02300960
v 0.04081733 0.01908622 0.01892773
v 0.02893386 0.00437523 0.02729550
v 0.04126877 0.00829213 0.02177011
v 0.03814280 0.00225151 0.02354296
v 0.02955308 0.00230707 0.02712377
v 0.06644018 0.01452773 0.01244778
v 0.05084955 0.03114753 0.00672116
v 0.06616054 0.02985943 0.00045463
v 0.06611626 0.02920998 0.00306081
v 0.06604250 0.02966067 -0.00137206
v 0.05753518 0.03114899 -0.00076629
v 0.06604896 0.02861643 -0.00377330
v 0.05144726 0.02643016 -0.01103343
v 0.05285312 0.02614422 -0.01044992
v 0.06462231 0.01632776 -0.01214106
v 0.06615978 0.01788044 -0.01123953
v 0.05404416 0.03028816 -0.00454953
v 0.06596813 0.02647862 -0.00641451
v 0.05094476 0.03178257 -0.00270376
v 0.06611968 0.02833784 0.00465335
v 0.04864434 0.02859764 0.01046256
v 0.05146942 0.03235110 0.00004249
v 0.05164681 0.03238987 0.00231391
v 0.06601294 0.02395421 0.00870737
v 0.04721117 0.02654320 0.01267091
v 0.06609914 0.02714087 0.00611826
v 0.05130074 0.03220584 0.00369203
v 0.05667794 0.00888535 0.01644252
v 0.06621691 0.00725890 0.01393932
v 0.05107687 0.00237633 0.01884544
v 0.06624087 0.00233692 0.01425562
v 0.06653557 0.00235220 -0.01207951
v 0.04826908 -0.00154938 -0.01297676
v 0.03406955 -0.00144385 -0.01217797
v 0.06572390 -0.00155737 -0.01189772
v 0.02819495 -0.00471711 0.02662104
v 0.04690088 -0.02702954 -0.01286281
v 0.02816518 -0.00463243 -0.01249059
v 0.03349971 -0.01100420 0.02366582
v 0.04617703 -0.02613598 0.01286667
v 0.04995994 -0.03071085 0.00698932
v 0.06564480 -0.00154649 0.01375871
v 0.02947978 -0.00160208 0.02666496
v 0.03194800 -0.00149698 -0.01137268
v 0.04776338 -0.00155220 0.01923331
v 0.02980395 -0.00144577 -0.01218290
v 0.06715111 -0.00933635 0.01260834
v 0.06715342 -0.00285482 0.01305917
v 0.06720636 -0.02370384 -0.00690744
v 0.06719606 -0.02119302 0.00886993
v 0.06721182 -0.02795637 0.00259605
v 0.06715428 -0.02833924 -0.00193096
v 0.02770741 -0.00355350 -0.01230779
v 0.02799973 -0.00262941 -0.01250427
v 0.02793777 -0.00265915 0.02670203
v 0.02865159 -0.00182024 0.02650680
v 0.02862098 -0.00188851 -0.01245374
v 0.02776836 -0.00381236 0.02675474
v 0.04716212 -0.02714665 -0.01293160
v 0.02861611 -0.00240557 0.02717236
v 0.02841267 -0.00344286 0.02740536
v 0.06622689 -0.00183605 0.01395857
v 0.06706461 -0.01748546 -0.01040409
v 0.06697923 -0.02701994 0.00507248
v 0.06679383 -0.02907065 0.00202054
v 0.06676713 -0.02928998 -0.00038485
v 0.06673906 -0.02647033 -0.00564929
v 0.06699103 -0.01575339 0.01138466
v 0.03195410 0.00000000 -0.01056429
v 0.02932180 0.00004054 -0.01209815
v 0.02984150 0.00150617 -0.01236311
v 0.03406608 0.00145699 -0.01223897
v 0.03457839 0.00001102 -0.01209349
v 0.03194800 0.00149698 -0.01137268
v 0.02222898 -0.01178288 0.02419115
v 0.02225399 -0.01810157 0.02602286
v 0.02222897 -0.01477036 0.02126812
v 0.02230745 -0.00245109 0.02957231
v 0.02222899 -0.00233359 0.02437250
v 0.02251286 -0.00657247 0.00937251
v 0.02222899 -0.01251913 0.00979058
v 0.02232808 -0.00740419 -0.01201664
v 0.02224150 -0.04452071 -0.01172461
v 0.02226599 -0.04249230 0.00239934
v 0.02222899 -0.01492227 0.01314014
v 0.02227241 -0.03938632 0.00857975
v 0.02234541 -0.03634886 0.01327394
v 0.02229783 -0.04478370 -0.00648895
v 0.02226654 -0.02620505 0.02201591
v 0.02314631 -0.04502209 -0.01220604
v 0.03064123 -0.03975957 -0.01263412
v 0.03377368 -0.03654947 -0.01330222
v 0.03247144 -0.01541064 -0.01313852
v 0.02449513 -0.00652359 -0.01264005
v 0.04195977 -0.03489097 -0.00241008
v 0.04659357 -0.03312085 -0.00278919
v 0.04593685 -0.03185801 -0.00706274
v 0.04043613 -0.03539721 0.00187522
v 0.04713153 -0.03335707 0.00005538
v 0.04687646 -0.03339259 0.00326670
v 0.02330119 -0.00956093 0.02913585
v 0.02348526 -0.00469739 0.02974662
v 0.03016827 -0.01260839 0.02537707
v 0.03448903 -0.01789350 0.02187870
v 0.02318458 -0.01614637 0.02739046
v 0.02306813 -0.02038015 0.02574142
v 0.03806680 -0.02217398 0.01860690
v 0.02317620 -0.02433134 0.02375714
v 0.02326381 -0.03189584 0.01841120
v 0.02300124 -0.02850932 0.02111300
v 0.03000494 -0.03441332 0.01257744
v 0.02307144 -0.03541118 0.01502045
v 0.03093399 -0.03942865 0.00094210
v 0.02308921 -0.04066816 0.00772357
v 0.03062619 -0.03837694 0.00483887
v 0.02327443 -0.03885143 0.01060243
v 0.02311250 -0.04268171 0.00359532
v 0.02355994 -0.04457200 -0.00254366
v 0.03170683 -0.03936851 -0.01202202
v 0.02358287 -0.04555762 -0.01113626
v 0.02326165 -0.04545698 -0.00686246
v 0.02970119 -0.04080940 -0.01200875
v 0.02272192 -0.04425717 -0.01243294
v 0.04417412 -0.02987519 -0.01302133
v 0.03833483 -0.03323507 0.00960265
v 0.04660525 -0.03253562 0.00601298
v 0.03491867 -0.03596913 0.00665612
v 0.04522145 -0.03102973 0.00928427
v 0.04225454 -0.02733308 0.01395110
v 0.03969115 -0.03459416 -0.00929417
v 0.03498505 -0.03791265 -0.00549967
v 0.04393896 -0.02944890 -0.01347191
v 0.02303550 -0.00712993 -0.01250854
v -0.00748309 0.01372035 0.02526096
v -0.01228346 0.01487406 0.02099006
v -0.00861186 0.01176138 0.02429705
v -0.01972381 0.01974882 0.01436201
v -0.02115765 0.01491866 0.01311395
v -0.02441288 0.01302708 0.01023361
v -0.02861687 0.01482090 0.00645935
v -0.02538982 0.01057093 0.00937846
v -0.03098504 0.02076851 0.00428010
v -0.02858986 -0.01478746 0.00648719
v -0.03440297 -0.02108021 0.00108413
v -0.02511986 -0.01197422 0.00961011
v -0.02167908 -0.01484216 0.01265207
v -0.01983393 -0.01980461 0.01426415
v -0.01439196 -0.01877923 0.01909101
v -0.01246757 -0.01488653 0.02082703
v -0.00883386 -0.01222750 0.02407429
v -0.00888312 -0.01568048 0.02399956
v -0.00739560 -0.01360537 0.02534005
v -0.00635585 -0.01020255 0.02627862
v -0.00576890 -0.00554807 0.02684232
v -0.00636339 0.01038970 0.02627075
v -0.00572072 0.00495891 0.02689082
v -0.03383442 0.01500001 0.00143297
v -0.03731605 0.02119615 -0.00261754
v -0.03957327 0.01499998 -0.00576504
v -0.04511251 0.02122329 -0.01600178
v -0.04511471 0.01500014 -0.01596950
v -0.04174209 -0.01499997 -0.00954464
v -0.04125337 -0.02131092 -0.00867381
v -0.03570004 -0.01499994 -0.00050069
v -0.04512756 -0.01500101 -0.01596482
v -0.04509668 -0.02123412 -0.01599925
v -0.01079660 0.01721225 0.02229075
v -0.01422907 0.01869785 0.01923321
v -0.00866651 0.01542993 0.02419225
v -0.01086953 -0.01723013 0.02220583
v -0.00443940 0.02176101 -0.00524574
v -0.00074497 0.02192807 -0.00689692
v -0.00467866 0.02206258 -0.00789395
v -0.03871611 -0.02136027 -0.00627244
v -0.03194638 -0.02100006 0.00201099
v -0.03824762 0.02131207 -0.00558417
v -0.03168456 0.02094367 0.00227445
v -0.02455564 0.02034095 0.00879350
v -0.01620414 0.02027342 0.00948367
v -0.00956832 0.02010204 0.01070233
v -0.00559907 0.02080256 0.00412842
v -0.00895680 0.02100429 0.00210625
v -0.00687920 0.02059824 0.00620268
v -0.00831692 0.02163440 -0.00405574
v -0.00700825 0.02131139 -0.00102758
v -0.00130934 0.02218416 -0.00909156
v -0.00418877 -0.02212518 -0.00811041
v -0.00123473 -0.02199191 -0.00706542
v -0.00768388 -0.02178261 -0.00506648
v -0.00670161 -0.02152022 -0.00272007
v 0.01579290 -0.02001600 0.01060915
v -0.00816175 -0.02025918 0.00963818
v -0.00684815 -0.02062704 0.00627790
v -0.00415019 -0.01977865 0.01266391
v -0.01012723 -0.02012724 0.01080619
v -0.01631310 -0.02030987 0.00946867
v -0.02456892 -0.02037923 0.00877324
v -0.00875249 -0.02098903 0.00263648
v -0.00625227 -0.02090931 0.00339561
v -0.00286400 -0.02060999 0.00640402
v -0.00898928 -0.02139114 -0.00135573
v 0.00456672 -0.02178124 -0.00537082
v 0.01295205 -0.02177477 -0.00542496
v 0.01493547 -0.02122308 0.00040305
v 0.00471399 -0.02073765 0.00516406
v 0.00709367 -0.02121968 0.00026720
v 0.00100586 -0.02054786 0.00692882
v -0.00180372 0.02053207 0.00676385
v -0.00782732 0.02028253 0.00909886
v 0.00226266 0.02055874 0.00648584
v 0.01560596 0.02051079 0.00724454
v 0.00536314 0.02078188 0.00433098
v 0.00675079 0.02113127 0.00082893
v 0.00618678 0.02152099 -0.00313121
v 0.01283214 0.02175630 -0.00560498
v 0.00308302 0.02182743 -0.00610283
v 0.00119044 -0.01745195 0.02016529
v -0.00284765 -0.01871597 0.01703036
v 0.00002127 -0.01572747 0.02285753
v -0.00084362 -0.01350038 0.02474067
v 0.00008976 0.01465168 0.02387556
v -0.00212606 0.01615046 0.02233207
v -0.00215025 0.01228893 0.02539334
v -0.00323801 0.01896726 0.01617405
v 0.01629147 0.01582130 0.02260522
v 0.01638080 0.01294574 0.02505344
v -0.00233261 0.01736318 0.02039967
v 0.01616828 0.01810908 0.01860163
v 0.01445933 0.02133172 -0.00116411
v 0.01639968 0.00685760 0.02681153
v 0.00936569 0.02213219 -0.00993308
v 0.01067148 -0.02205124 -0.00863189
v 0.01614666 -0.01840956 0.01782802
v 0.01629503 -0.01623007 0.02217884
v 0.01636873 -0.01233255 0.02539357
v 0.01639951 -0.00689637 0.02670958
v -0.01968050 -0.01425627 -0.00531522
v -0.02033050 -0.01496350 -0.00479277
v -0.02105051 -0.01455071 -0.00241300
v -0.01963340 0.01431435 -0.00599600
v -0.02056800 0.01439864 -0.00298696
v -0.02090093 0.01492187 -0.00338023
v -0.02017035 0.01495204 -0.00603508
v -0.02993407 -0.03500000 -0.00229255
v -0.02790957 -0.01500000 -0.00193561
v -0.02600992 -0.03500000 -0.00241453
v -0.02435668 -0.01500000 -0.00357216
v -0.02373077 -0.03500000 -0.00446183
v -0.02289986 -0.01500000 -0.00721784
v -0.02296394 -0.03500000 -0.00739856
v -0.02493848 -0.03500000 -0.01127083
v -0.02398133 -0.01500000 -0.01002295
v -0.02641398 -0.01500000 -0.01196395
v -0.02967781 -0.03500000 -0.01196395
v -0.03115331 -0.01500000 -0.01127083
v -0.03304525 -0.03500000 -0.00856887
v -0.03319193 -0.01500000 -0.00694530
v -0.03247234 -0.03500000 -0.00465463
v -0.03155532 -0.01500000 -0.00339237
v -0.03359495 -0.04395504 -0.01783607
v -0.01319327 -0.04896763 -0.01794421
v -0.03645900 -0.04364158 -0.01587042
v -0.00403414 -0.05138937 -0.01537578
v -0.00066325 -0.05233415 -0.01477661
v -0.00044063 -0.05111118 -0.01788232
v 0.00831849 -0.05402599 -0.01293859
v -0.00798416 -0.04899225 -0.01951663
v -0.04518889 -0.03769100 -0.01598661
v -0.04614776 -0.03440671 -0.01951688
v -0.04391241 -0.03790902 -0.01951646
v -0.04673297 -0.03400669 -0.01599221
v -0.04758741 -0.02777483 -0.01951476
v -0.04027160 -0.04064006 -0.01949961
v -0.04228957 -0.04084947 -0.01596777
v -0.04770480 -0.02669355 -0.01600118
v -0.04775512 -0.01500000 -0.01600217
v 0.01647323 -0.05177156 -0.01945115
v -0.03568456 -0.04247858 -0.01951391
v 0.02350572 -0.05188833 -0.01925448
v 0.02981863 -0.05127598 -0.01878686
v -0.03905394 -0.03696172 -0.00917658
v -0.03637067 -0.03983542 -0.00946907
v -0.03626588 -0.03693836 -0.00467149
v -0.03243328 -0.04254793 -0.01600101
v -0.03091565 -0.04276972 -0.01518629
v -0.03796224 -0.04084431 -0.01599966
v -0.03399940 -0.04173956 -0.01320227
v -0.04096628 -0.03888187 -0.01599965
v -0.04286650 -0.03661292 -0.01600055
v -0.00252939 0.04795971 -0.01592350
v -0.03446390 0.04205385 -0.01601433
v -0.02677166 0.04350403 -0.01555947
v -0.03088494 0.04273149 -0.01519698
v -0.02387837 0.03666086 0.00887786
v -0.03146420 0.03772916 0.00077038
v -0.03328073 0.03444276 0.00073904
v -0.03587119 0.03629282 -0.00361771
v -0.03983881 0.03442733 -0.00832620
v -0.03657406 0.03819130 -0.00659455
v -0.03397318 0.03591274 -0.00092950
v -0.04395454 0.03406785 -0.01600162
v -0.04173832 0.03814143 -0.01600318
v -0.00879174 0.04452879 0.00251967
v -0.00888905 0.04522044 -0.00201749
v -0.02148957 0.04295137 -0.00155591
v 0.00020210 0.04836048 -0.01427581
v 0.00212968 0.04881012 -0.01509881
v -0.00453527 0.04675626 -0.00799092
v -0.00105603 0.04758350 -0.00922253
v -0.00007800 0.04794069 -0.01068866
v -0.00742451 0.04590032 -0.00530755
v -0.01955560 0.04410322 -0.00854633
v -0.00799644 0.04340257 0.00943673
v -0.00687803 0.04419284 0.00618561
v -0.01841011 0.04088277 0.00913384
v -0.01012927 0.04272708 0.01080702
v -0.02529670 0.04153791 0.00109263
v -0.01987737 0.04362283 -0.00459087
v -0.02211529 0.04412121 -0.01343308
v -0.02878621 0.03958850 0.00141355
v -0.03402000 0.04169707 -0.01318245
v -0.03616099 0.04006759 -0.00994356
v -0.03896765 0.04024975 -0.01599971
v -0.02993407 0.01500001 -0.00229255
v -0.02790957 0.03500000 -0.00193561
v -0.02600992 0.01500001 -0.00241453
v -0.02435668 0.03500000 -0.00357216
v -0.02373077 0.01500001 -0.00446183
v -0.02289986 0.03500000 -0.00721784
v -0.02296394 0.01500001 -0.00739856
v -0.02493848 0.01500001 -0.01127083
v -0.02398133 0.03500000 -0.01002295
v -0.02641398 0.03500000 -0.01196395
v -0.02967781 0.01500001 -0.01196395
v -0.03115331 0.03500000 -0.01127083
v -0.03304525 0.01500001 -0.00856887
v -0.03319193 0.03500000 -0.00694530
v -0.03247234 0.01500001 -0.00465463
v -0.03155532 0.03500000 -0.00339237
v -0.01734314 -0.02813602 0.00924761
v -0.02469933 -0.02753947 0.00867111
v -0.01009461 -0.03011660 0.01078643
v -0.00833446 -0.03056320 0.00980281
v -0.00700358 -0.02932901 0.00728087
v -0.01890251 0.03001089 0.00904183
v -0.01168030 0.03231478 0.01055560
v -0.02471163 0.02749796 0.00866083
v -0.01027329 0.03270075 0.01057034
v -0.00881114 0.03362018 0.01020357
v -0.00786801 0.03458951 0.00918906
v -0.00688545 0.03573873 0.00632778
v -0.00718969 -0.02999357 0.00540597
v -0.00748229 0.03229981 0.00497627
v 0.00779889 0.02221286 -0.01122144
v 0.00000103 0.02251243 -0.01224346
v -0.00015733 0.02231368 -0.01038724
v -0.00152875 -0.02221117 -0.00901233
v -0.00016091 -0.02233530 -0.01023883
v 0.00105746 -0.02263673 -0.01368190
v 0.00265416 -0.02259734 -0.01413289
v 0.00012877 -0.02257966 -0.01260602
v 0.00399150 0.02249088 -0.01370933
v 0.00204979 0.02257968 -0.01411960
v 0.00094438 0.02260138 -0.01362637
v 0.01720586 0.01436604 0.03501466
v 0.01733229 -0.00009793 0.03667448
v 0.01733131 0.01977387 0.03340113
v 0.02391283 0.01759761 0.03457908
v 0.02344444 0.01333722 0.03590913
v 0.02581470 0.01730767 0.03352842
v 0.02721970 0.01345923 0.03292166
v 0.02265043 0.00759465 0.03698732
v 0.03009077 0.02236003 0.02877320
v 0.02781896 0.02156802 0.03047264
v 0.03090419 0.01898782 0.02864260
v 0.03445373 0.02106618 0.02568579
v 0.02815954 0.02565468 0.02849324
v 0.02870292 0.01895859 0.03051730
v 0.03706474 0.02073667 0.02434920
v 0.03465921 0.01753617 0.02642496
v 0.04299171 0.02123852 0.02147500
v 0.06816804 0.02143800 0.01345973
v 0.05082747 0.02210224 0.01851996
v 0.06959257 0.02187145 0.01253541
v 0.07363053 0.02001797 0.01104549
v 0.07258969 0.02516366 0.00862207
v 0.06663152 0.02725764 0.01053485
v 0.06180516 0.02450001 0.01397897
v 0.02632592 0.05165290 -0.01912328
v 0.02471747 0.05419936 -0.01458676
v 0.03098206 0.05107736 -0.01867092
v 0.01718765 0.05184344 -0.01944139
v -0.04766376 0.02716921 -0.01600145
v -0.04398286 0.02127628 -0.01600148
v -0.04373830 0.03967348 -0.01597706
v 0.05651531 0.02779896 -0.01759381
v 0.06150484 0.02399192 -0.01586377
v 0.05522070 0.02637469 -0.01792586
v 0.06357476 0.01653729 -0.01466348
v 0.06197537 0.02313227 -0.01556248
v 0.06512999 0.02431786 -0.01410267
v 0.05842374 0.02084809 -0.01684251
v 0.05617207 0.03042528 -0.01763125
v 0.06907454 0.02515793 -0.01190674
v 0.06300341 0.03092628 -0.01486401
v 0.07372312 0.01924370 -0.00930529
v 0.03899616 0.03128229 0.01334834
v 0.03495324 0.02963087 0.01673880
v 0.03768901 0.02579553 0.01878691
v 0.04327184 0.03119040 0.01187359
v 0.06785597 0.02979398 0.00787231
v 0.06666279 0.03391660 0.00416061
v 0.04970080 0.03094585 0.01028343
v 0.06237364 0.03938539 -0.00021167
v 0.05326920 0.04605025 -0.00400618
v 0.03029300 0.02789426 0.02222522
v 0.03168305 0.03257328 0.01711993
v 0.02933461 0.03814284 0.01559978
v 0.03336649 0.02554340 0.02161521
v 0.02712277 0.03195845 0.02424243
v 0.04290976 0.04227221 0.00299631
v 0.03373595 0.03840275 0.01125008
v 0.03825312 0.04305071 0.00472115
v 0.03545260 0.04543473 0.00425284
v 0.03398030 0.04998616 0.00064776
v 0.02890345 0.04279442 0.01188014
v 0.04561130 0.04987846 -0.00501853
v 0.01276400 0.05360684 -0.01472919
v 0.00183437 0.05283333 -0.01436272
v 0.00905252 0.05399852 -0.01262821
v 0.01174569 0.05429688 -0.01160690
v 0.01673804 0.05414932 -0.00870286
v 0.02015934 0.05430981 -0.01092601
v 0.02217538 0.05371481 -0.00731576
v 0.01999976 0.05281632 -0.00463305
v 0.03207325 0.05445005 -0.01038402
v 0.02984878 0.05433714 -0.01344257
v 0.02742671 0.05474573 -0.01148240
v 0.03011371 0.05438869 -0.00846428
v 0.02885454 0.05255108 -0.00343963
v 0.03459734 0.05179964 -0.00263665
v 0.01923884 0.01372659 0.03656163
v 0.01935596 0.02216600 0.03340058
v 0.01903989 -0.00045464 0.03849575
v 0.01935106 -0.01450142 0.03636354
v 0.02307552 -0.01072257 0.03643326
v 0.02406481 -0.01865712 0.03408374
v 0.02364964 -0.01505558 0.03546421
v 0.01930771 -0.02325202 0.03291754
v 0.02330148 -0.05398624 -0.01514557
v 0.01693126 -0.05426305 -0.01307915
v 0.02973580 -0.05438192 -0.01341633
v 0.02577123 -0.05464925 -0.01274918
v 0.02995305 -0.05477977 -0.01056996
v 0.02128933 -0.05419766 -0.00940334
v 0.03020651 -0.05419693 -0.00761577
v 0.02000441 -0.05277394 -0.00449662
v 0.01606537 -0.05432571 -0.00928900
v 0.03324356 -0.04003951 0.01046269
v 0.03666215 -0.04298291 0.00569663
v 0.03700983 -0.02987082 0.01540511
v 0.03272080 -0.03086234 0.01742899
v 0.04369595 -0.04150715 0.00330248
v 0.03919733 -0.04793609 -0.00013027
v 0.03574853 -0.05095040 -0.00140912
v 0.03182321 -0.04811407 0.00406920
v 0.03069481 -0.03741302 0.01475135
v 0.02799689 -0.03880653 0.01687853
v 0.04428320 -0.05017688 -0.00464679
v 0.05540365 -0.04470300 -0.00330905
v 0.04269979 -0.03267226 0.01083053
v 0.03399186 -0.02618752 0.02044622
v 0.02963813 -0.02866739 0.02254827
v 0.03103741 -0.02175894 0.02815020
v 0.02723931 -0.03007159 0.02581723
v 0.02881200 -0.02413659 0.02893513
v 0.03698894 -0.02083789 0.02436197
v 0.03325453 -0.02125715 0.02648511
v 0.04062869 -0.02096139 0.02257996
v 0.04547838 -0.02844357 0.01365784
v 0.04634013 -0.02147508 0.02024362
v 0.06458174 -0.03683107 0.00181011
v 0.06315262 -0.02497167 0.01333716
v 0.06769250 -0.03167985 0.00611296
v 0.06722756 -0.02805970 0.00969816
v 0.05590509 -0.02690793 -0.01776023
v 0.06149212 -0.02398209 -0.01583836
v 0.06193882 -0.02312427 -0.01555939
v 0.06474946 -0.02442061 -0.01430330
v 0.05665514 -0.02847147 -0.01761125
v 0.06267574 -0.03130067 -0.01503124
v 0.06883627 -0.02544075 -0.01202586
v 0.07058324 -0.01172024 -0.01109341
v 0.07519780 -0.01691019 -0.00847441
v 0.05641375 -0.02986659 -0.01758406
v -0.04398350 -0.02131318 -0.01600151
v -0.04398469 -0.03379431 -0.01600138
v 0.03733665 -0.01746533 0.02510805
v 0.06885774 -0.02150522 0.01317114
v 0.07286293 -0.01934755 0.01194961
v 0.07235143 -0.02544749 0.00862687
v 0.06419295 -0.02123558 0.01481478
v 0.02966836 -0.01903333 0.02959427
v 0.02814929 -0.02123598 0.03035497
v 0.03162251 -0.01704082 0.02843363
v 0.02628580 -0.01708716 0.03322312
v 0.02762767 -0.01093198 0.03293832
v 0.01721651 -0.01259503 0.03522761
v 0.01727091 -0.01676200 0.03449641
v 0.07467865 -0.02241822 0.00868154
v 0.07558304 -0.01654057 0.01114713
v 0.07710487 -0.01827673 0.00832165
v 0.07921483 -0.01163772 0.00709871
v 0.07930919 -0.00896172 0.00447146
v 0.07957046 -0.00412972 0.00823141
v 0.07887357 -0.00383429 0.01000520
v 0.07715467 -0.00579308 0.01198033
v 0.07864005 -0.01162173 0.00923913
v 0.07727842 -0.01226868 0.01089758
v 0.07935055 0.00792005 0.00451838
v 0.07950332 0.00759338 0.00820297
v 0.07792907 -0.01769931 0.00594897
v 0.07856946 0.01525506 0.00638218
v 0.07786101 0.01653421 0.00233765
v 0.07864196 0.01186384 0.00910894
v 0.07782449 0.00657570 0.01130914
v 0.07698809 0.02052789 0.00388602
v 0.07571021 0.01718359 0.01074833
v 0.07709645 0.01935950 0.00718852
v 0.07490896 0.02188024 0.00884716
v 0.07726608 0.01239550 0.01086513
v 0.07771473 0.00431096 -0.00191546
v 0.07611383 0.01465185 -0.00314494
v 0.07371450 0.02089270 -0.00490744
v 0.07458739 0.02401267 -0.00059764
v 0.07672565 -0.02059500 0.00211987
v 0.07364814 -0.02120588 -0.00488273
v 0.07640064 -0.01340526 -0.00296675
v 0.07761170 -0.00563628 -0.00197637
v 0.07812387 -0.01565764 0.00283773
v 0.07532085 -0.02398758 0.00472717
v 0.04928571 0.01009559 0.02377770
v 0.03527398 0.00919950 0.02914221
v 0.02864110 0.00318424 0.03401701
v 0.02740992 0.00482357 0.03427844
v 0.02937969 0.00930438 0.03189041
v 0.04099258 -0.00247030 0.02936847
v 0.02961770 -0.00388571 0.03344513
v 0.05071242 -0.00974909 0.02343995
v 0.03258020 -0.00911622 0.03029923
v 0.03846131 0.00072800 0.03062614
v 0.06833801 0.00580892 0.01771008
v 0.06466470 0.00885203 0.01858622
v 0.06743727 -0.00708423 0.01790992
v 0.06938276 -0.00116715 0.01776257
v 0.02683532 -0.00109264 0.03494892
v 0.02764767 -0.00682748 0.03370949
v -0.03801159 0.04312168 -0.01588939
v -0.00422614 0.05136215 -0.01532412
v -0.01169227 0.04924148 -0.01795030
v -0.04763494 0.02744093 -0.01951529
v -0.04641921 0.03522244 -0.01598658
v -0.04466285 0.03699996 -0.01951368
v -0.04653510 0.03326009 -0.01951458
v -0.03336888 0.04398026 -0.01785668
v -0.04153870 0.03989395 -0.01951797
v -0.00080849 0.05087464 -0.01811675
v -0.03289108 0.04326275 -0.01951533
v -0.04775133 0.01500000 -0.01600220
v 0.07207213 0.02711745 0.00713334
v 0.07461914 0.02519707 0.00417888
v 0.06887956 0.03257580 0.00366834
v 0.06848285 0.03090313 -0.00658077
v 0.07223611 0.02873422 0.00000051
v 0.06404712 0.03491903 -0.01008973
v 0.06761805 0.03443808 -0.00241340
v 0.07083087 0.02623691 -0.00670716
v 0.06211070 0.03967204 -0.00528078
v 0.06388700 0.03869915 -0.00107361
v 0.07035783 0.03140621 0.00136344
v 0.06730857 0.03469561 0.00221111
v 0.03880556 0.05259967 -0.00952843
v 0.03406964 0.05360549 -0.01289910
v 0.03943726 0.05215688 -0.00605634
v 0.04575081 0.05036022 -0.00665385
v 0.03906129 0.05215475 -0.01205135
v 0.04764377 0.04902117 -0.00977685
v 0.05637410 0.04446965 -0.00655038
v 0.05122685 0.04785523 -0.00610406
v 0.05635582 0.04478770 -0.00472427
v 0.05888315 0.03910486 -0.01270545
v 0.05306989 0.04298699 -0.01482203
v 0.04420430 0.04735538 -0.01688292
v 0.03660295 0.04984735 -0.01806219
v 0.06878007 -0.03222639 0.00438531
v 0.06899003 -0.03291200 0.00254611
v 0.07205851 -0.02726628 0.00699090
v 0.07257402 -0.02647862 -0.00296517
v 0.06749357 -0.03252034 -0.00669091
v 0.07072341 -0.02590219 -0.00721631
v 0.06098811 -0.03749724 -0.01187282
v 0.06466240 -0.03672070 -0.00562236
v 0.05870081 -0.04249617 -0.00666806
v 0.05477171 -0.04198857 -0.01420724
v 0.03995001 -0.05227479 -0.00931709
v 0.03864576 -0.05222395 -0.01243147
v 0.04619524 -0.05019723 -0.00765794
v 0.05222648 -0.04690309 -0.00805042
v 0.04680885 -0.04909920 -0.01067835
v 0.03994375 -0.05202475 -0.00571600
v 0.03456878 -0.05389209 -0.00981959
v 0.03104585 -0.05270617 -0.00380247
v 0.03332204 -0.05385217 -0.01282488
v 0.03542496 -0.05015840 -0.01826685
v 0.04117477 -0.04849982 -0.01742889
v 0.07114304 -0.03042900 0.00118241
v 0.05484042 -0.04577963 -0.00518481
v 0.05880479 -0.04303323 -0.00452674
v 0.06437181 -0.03826531 -0.00170713
v 0.07053115 -0.03088534 -0.00148375
v 0.04875243 -0.04537110 -0.01589975
v 0.07452405 -0.02509905 0.00112435
v 0.00708064 0.05020364 -0.01321118
v 0.01001036 0.04963800 -0.01088047
v -0.00540806 -0.04741334 -0.01601526
v 0.00207984 -0.04884629 -0.01515056
v 0.00626511 -0.05102490 -0.01358167
v 0.00889908 -0.04995310 -0.01194933
v 0.00765301 -0.04996420 -0.01282378
v 0.01351929 -0.05176648 -0.00934014
v 0.01236653 -0.04894307 -0.00765794
v 0.01445831 -0.04733324 -0.00283216
v 0.02155294 -0.05069216 0.00024122
v 0.01613254 -0.04450648 0.00426251
v 0.02194407 -0.04672945 0.00750067
v 0.01953841 -0.02878295 0.02930210
v 0.01748027 -0.02379946 0.03157023
v 0.01762184 -0.03023779 0.02663201
v 0.02101511 -0.04028358 0.01733957
v 0.02042251 0.03724211 0.02119604
v 0.01741595 0.03683694 0.01843471
v 0.01762016 0.03290632 0.02384833
v 0.01974862 0.03142800 0.02715425
v 0.01756184 0.02636858 0.02981387
v 0.01295690 0.04870242 -0.00673934
v 0.01510760 0.04623320 -0.00021783
v 0.02124337 0.04151843 0.01549211
v 0.01630610 0.04376134 0.00573663
v 0.00486174 0.04996483 -0.01419496
v 0.01948727 0.02812083 0.02980234
v 0.02207667 0.04910615 0.00335728
v 0.01751948 -0.03597571 0.01994881
v 0.01987093 -0.03385905 0.02481275
v 0.03740347 0.05184975 -0.00388154
v 0.02755747 0.04584709 0.00822944
v 0.02370625 0.02412864 0.03119308
v 0.02888712 0.04942994 0.00256168
v 0.02236766 0.03483474 0.02293972
v 0.07496549 -0.01104732 0.01306896
v 0.07222460 -0.01419774 0.01398096
v 0.06948877 -0.01877171 0.01389702
v 0.07427763 0.01264418 0.01325485
v 0.06723557 0.01553282 0.01578612
v 0.07307085 0.00634911 0.01496293
v 0.07115506 0.01896555 0.01308551
v 0.07729910 0.01195215 -0.00729864
v 0.07908264 0.00304847 -0.00635364
v 0.07817732 -0.00904587 -0.00682237
v 0.06071087 -0.01201931 -0.01578952
v 0.06269017 -0.01218777 -0.01497512
v 0.06199123 -0.01402362 -0.01530529
v 0.06414375 -0.01141080 -0.01432375
v 0.06329527 -0.00711212 -0.01470121
v 0.06611523 -0.01211599 -0.01339973
v 0.06670954 -0.01472929 -0.01312939
v 0.06478175 -0.01669496 -0.01410815
v 0.06279295 -0.01590747 -0.01499020
v 0.06193976 0.01308376 -0.01530597
v 0.06033108 0.01359078 -0.01597118
v 0.06317465 0.01165388 -0.01475994
v 0.06205773 0.01510207 -0.01528974
v 0.06649128 0.01460277 -0.01323743
v 0.06560692 0.01611625 -0.01369546
v 0.06632657 0.01289796 -0.01330125
v 0.07074351 0.01143066 -0.01101333
v 0.06333922 0.00715112 -0.01467724
v 0.06503724 0.01152387 -0.01391087
v 0.06025167 -0.00168291 -0.01591822
v 0.06344759 -0.00478870 -0.01459528
v 0.06340721 0.00480256 -0.01461217
v 0.06862300 0.00106839 -0.01211979
v 0.06850713 -0.00123490 -0.01217691
v 0.06973610 0.00004791 -0.01154047
v 0.06891946 0.00213860 -0.01196501
v 0.06896576 -0.00209425 -0.01194120
v 0.05475476 0.01752325 -0.01782851
v 0.05492619 0.01866920 -0.01781152
v 0.06029645 0.01035232 -0.01594398
v 0.06032397 0.00163088 -0.01590232
v 0.05484498 0.00660978 -0.01767883
v 0.05474255 0.00553189 -0.01770148
v 0.05980309 -0.01413812 -0.01617641
v 0.05473804 -0.00644424 -0.01770641
v 0.05485093 -0.00536861 -0.01767166
v 0.05981224 -0.00986038 -0.01612992
v 0.06418609 -0.00540781 -0.01426726
v 0.06417634 -0.00656107 -0.01429546
v 0.06420282 0.00660367 -0.01428527
v 0.06415433 0.00547748 -0.01428181
v 0.05471359 -0.01761414 -0.01784009
v 0.05497959 -0.01872253 -0.01780973
v 0.02216876 -0.00267295 0.03765985
v 0.01257611 -0.02877084 -0.00573068
v 0.01538913 -0.02803106 0.00394397
v 0.00428085 -0.04295127 -0.01416524
v 0.00523633 -0.04500514 -0.01391893
v 0.00197782 -0.04471602 -0.01498307
v 0.00717437 -0.04558592 -0.01288177
v 0.00859702 -0.04500363 -0.01196703
v 0.00869094 -0.04239038 -0.01158593
v 0.00636915 -0.02237338 -0.01230538
v 0.00553294 -0.04077976 -0.01361437
v 0.00775355 -0.04049663 -0.01220321
v 0.04853769 -0.04915171 -0.00592496
v 0.06516191 -0.03700628 0.00106068
v 0.06082033 -0.04121071 -0.00190910
v 0.02556732 -0.04421604 0.01090611
v 0.02345226 -0.03750848 0.01969298
v 0.02341145 -0.02414450 0.03130618
v 0.02908519 -0.04960585 0.00230042
v 0.00433251 0.04345369 -0.01422278
v 0.00518329 0.04490580 -0.01393004
v 0.00199069 0.04491273 -0.01499857
v 0.00872064 0.04345820 -0.01159921
v 0.00832680 0.04080173 -0.01197950
v 0.00679440 0.04040528 -0.01286852
v 0.00857255 0.04506258 -0.01197786
v 0.00675331 0.04558959 -0.01314342
v 0.01214536 0.03174968 -0.00662214
v 0.00501311 0.04124620 -0.01388971
v 0.01447793 0.02797352 -0.00056040
v 0.00146821 0.04361993 -0.01421587
v 0.00176752 -0.04362892 -0.01434863
v 0.00005358 -0.04832420 -0.01382688
v -0.00010699 -0.04795589 -0.01053836
v -0.00506000 -0.04666558 -0.00775155
v -0.02350439 -0.03721941 0.00888943
v -0.03157955 -0.03765078 0.00073096
v -0.02793981 -0.04016522 0.00151503
v -0.01815021 -0.04101951 0.00917417
v -0.00678505 -0.04417244 0.00657513
v -0.00899196 -0.04303934 0.01044882
v -0.00877843 -0.04458840 0.00259036
v -0.01155573 -0.04250268 0.01058641
v -0.02402020 -0.04208662 0.00045770
v -0.01936445 -0.04398062 -0.00638495
v -0.00868269 -0.04543474 -0.00308438
v -0.02070800 -0.04424177 -0.01151141
v -0.00125787 -0.04756734 -0.00911290
v 0.00092341 -0.04858600 -0.01481086
v -0.02322811 -0.04402743 -0.01415964
v -0.02678071 -0.04354342 -0.01555964
v -0.02149035 -0.04298910 -0.00155494
v -0.03756457 -0.03404685 -0.00456810
v -0.03468683 -0.03580499 -0.00168640
v -0.03101958 -0.03471464 0.00290929
v -0.00003219 -0.04400271 -0.01239499
v -0.00712082 -0.03480207 0.00552852
v -0.00945384 -0.03317616 0.01059324
v -0.00709451 -0.03560220 0.00766869
v -0.00855451 -0.03324608 0.00968574
v -0.01146384 -0.03236929 0.01061071
v -0.01751287 -0.03032452 0.00913021
v -0.00001098 0.04394719 -0.01239806
v 0.00003218 0.04499226 -0.01360956
v -0.00689026 0.02921835 0.00627167
v -0.00794208 0.03040989 0.00927604
v -0.00912813 0.03042297 0.01042566
v -0.01084119 0.02990296 0.01067371
v -0.01842531 0.02795604 0.00911184
v 0.00051476 0.04372945 -0.01348957
v 0.00047543 -0.04364404 -0.01347292
v -0.00800224 0.03234772 0.00838802
v -0.00772942 0.03069907 0.00831083
v -0.00867447 0.03128267 0.00957829
v -0.00915026 0.03269747 0.01001792
v -0.00925522 0.03131353 0.00986128
v -0.01873513 0.02899265 0.00878169
v -0.01492614 0.02934217 0.00933238
v -0.01538179 0.03053152 0.00930192
v -0.01050271 0.03079908 0.01016854
v -0.01080810 0.03155920 0.01009323
v -0.01155135 -0.03148105 0.00998054
v -0.00983752 -0.03208472 0.01011903
v -0.00905452 -0.03132098 0.00979143
v -0.00991527 -0.03096175 0.01010669
v -0.01116958 -0.03032636 0.01015937
v -0.01505094 -0.02939295 0.00928895
v -0.01908021 -0.02888021 0.00875867
v -0.00850790 -0.03116517 0.00945541
v -0.00774591 -0.03333322 0.00772002
v -0.00781243 -0.03133112 0.00807383
v -0.03423985 0.03500104 -0.00108681
v -0.03052711 0.03499988 0.00108071
v -0.03647040 0.03499994 -0.00545123
v -0.03632133 0.03500002 -0.00916462
v -0.03475474 0.03499993 -0.01244647
v -0.03109302 0.03500001 -0.01511143
v -0.02740090 0.03500001 -0.01559098
v -0.02386527 0.03499999 -0.01458448
v -0.02019389 0.03499999 -0.01077012
v -0.01959679 0.03500000 -0.00559839
v -0.02147049 0.03500002 -0.00155022
v -0.02600904 0.03499991 0.00134948
v -0.02147049 -0.03500002 -0.00155022
v -0.02586746 -0.03499997 0.00129637
v -0.03040892 -0.03499972 0.00112812
v -0.03411808 -0.03500107 -0.00095421
v -0.03641704 -0.03499997 -0.00523974
v -0.03635138 -0.03499989 -0.00905024
v -0.03484647 -0.03499964 -0.01234889
v -0.03174506 -0.03500003 -0.01477035
v -0.02825654 -0.03500008 -0.01565658
v -0.02399120 -0.03499982 -0.01466765
v -0.02019389 -0.03499999 -0.01077012
v -0.01959679 -0.03500000 -0.00559839
v -0.00081225 -0.00999981 0.00605809
v 0.00109862 -0.01975303 0.00588260
v -0.00165711 -0.01977185 0.00572605
v 0.00354983 -0.01000005 0.00484511
v 0.00383744 -0.01990374 0.00455887
v 0.00586922 -0.02027307 0.00152468
v 0.00584715 -0.01000001 0.00149654
v 0.00529887 -0.01000007 -0.00317942
v 0.00527101 -0.02077476 -0.00316685
v 0.00153111 -0.01000001 -0.00597448
v 0.00155510 -0.02114202 -0.00599739
v -0.00167287 -0.00999983 -0.00567287
v -0.00306966 -0.02106835 -0.00544046
v -0.00414073 -0.01000009 -0.00453452
v -0.00595968 -0.02061805 -0.00171032
v -0.00616501 -0.01000015 -0.00085534
v -0.00569409 -0.02019161 0.00211871
v -0.00491977 -0.00999997 0.00361435
v -0.00390933 -0.01991284 0.00458220
v -0.00370826 -0.01000000 0.00409239
v -0.00549057 -0.01000000 0.00123247
v -0.00487316 -0.01000000 -0.00304183
v 0.00244725 -0.01000000 -0.00509715
v 0.00482319 -0.01000000 -0.00275133
v 0.00551987 -0.01000000 0.00054575
v 0.00347785 -0.01000000 0.00435102
v -0.00067326 -0.01000000 0.00548416
v 0.00151056 0.02097210 -0.00595444
v -0.00298024 0.02095066 -0.00550808
v -0.00116533 0.00999996 -0.00604063
v 0.00323171 0.00999992 -0.00534669
v 0.00451310 0.02075057 -0.00411717
v 0.00548481 0.01000003 -0.00244652
v 0.00580439 0.02047460 -0.00155418
v 0.00602414 0.01000001 0.00060842
v 0.00578890 0.02008712 0.00174084
v 0.00376787 0.01000015 0.00476683
v 0.00385205 0.01978399 0.00454950
v 0.00101822 0.01962026 0.00588776
v -0.00118691 0.00999993 0.00598972
v -0.00306738 0.01970438 0.00528931
v -0.00504575 0.01000000 0.00344794
v -0.00567909 0.02004989 0.00215661
v -0.00610591 0.01000001 -0.00002558
v -0.00597230 0.02049300 -0.00168007
v -0.00489698 0.00999996 -0.00392695
v 0.00361649 0.01000000 0.00409236
v 0.00539878 0.01000000 0.00123246
v 0.00478136 0.01000000 -0.00304184
v 0.00126812 0.01000000 -0.00552632
v -0.00253906 0.01000000 -0.00509715
v -0.00541644 0.01000000 -0.00187674
v -0.00506144 0.01000000 0.00241149
v -0.00271558 0.01000000 0.00478748
v 0.00058146 0.01000000 0.00548416
v 0.02107992 -0.00096419 0.00937251
v 0.02161503 0.00045880 0.00937251
v 0.02508138 -0.00582569 0.00937249
v 0.02243705 0.00671170 0.00937251
v 0.02222898 0.01141577 0.00951472
v 0.02499408 0.00575336 0.00937248
v 0.02222900 0.01400330 0.01124976
v 0.02222898 0.01496246 0.01357096
v 0.02222900 0.01486501 0.02080097
v 0.02222899 0.01321131 0.02330120
v 0.02222897 0.01081026 0.02432703
v 0.02222899 0.00233359 0.02437250
v 0.02107992 -0.00096419 0.02437250
v 0.02107992 0.00096418 0.02437250
v 0.02222899 0.00000000 0.02437250
v 0.02228045 0.00738715 -0.01183924
v 0.02225953 0.01766200 0.02620870
v 0.02224323 0.00235311 0.02922760
v 0.02227612 0.04446094 -0.01183462
v 0.02226094 0.02751761 0.02112596
v 0.02230211 0.04372089 -0.00082223
v 0.02228828 0.03557128 0.01401687
v 0.02224557 0.04488728 -0.01094362
v 0.03929497 0.03490305 0.00561721
v 0.03286831 0.03417439 0.01130686
v 0.02320849 0.03697099 0.01321564
v 0.02340895 0.04563797 -0.01083344
v 0.04009709 0.03317070 -0.01214558
v 0.03452443 0.03803211 -0.00786948
v 0.03375619 0.03672207 -0.01328480
v 0.04378853 0.02925512 -0.01350586
v 0.04412548 0.02984844 -0.01316222
v 0.02278666 0.04433474 -0.01246136
v 0.02280947 0.00724290 -0.01245527
v 0.02477018 0.00644476 -0.01263098
v 0.02330356 0.04521145 -0.01201795
v 0.03060744 0.03980765 -0.01264676
v 0.02963626 0.04082782 -0.01209820
v 0.03151540 0.03948259 -0.01202225
v 0.02359300 0.04525523 -0.00628351
v 0.02927344 0.04100483 -0.00243849
v 0.02334966 0.04431729 -0.00131983
v 0.02318091 0.04306610 0.00262358
v 0.02297569 0.03243223 0.01797081
v 0.03135358 0.02936945 0.01682132
v 0.02309481 0.02779926 0.02164287
v 0.03835089 0.02241550 0.01836228
v 0.02304915 0.02237850 0.02484900
v 0.03390768 0.01720316 0.02241025
v 0.02290135 0.01515953 0.02773567
v 0.02914464 0.01130478 0.02610373
v 0.02342014 0.00987598 0.02904167
v 0.02341798 0.00447503 0.02979410
v 0.04163315 0.02646545 0.01473254
v 0.04625919 0.03269369 0.00609969
v 0.04701106 0.03347294 0.00249706
v 0.03866641 0.03573012 0.00319105
v 0.04225905 0.03486719 -0.00083901
v 0.04271110 0.03347133 -0.00707750
v 0.04567863 0.03160319 -0.00793027
v 0.04679206 0.03316837 -0.00227835
v 0.04436360 0.02963159 -0.01301677
v 0.03451787 0.03686202 0.00465740
v 0.04415603 0.02954102 0.01127102
v 0.04552806 0.03156878 0.00841501
v 0.03629511 0.03730484 -0.00289316
v 0.02321296 0.03939771 0.00972506
v 0.02331342 0.04162406 0.00583055
v 0.03172280 0.01455038 -0.01310668
v 0.02275478 0.00296651 0.02983610
v 0.03661584 0.01955545 0.01991428
v 0.04648008 0.03130636 -0.00560617
v 0.04445773 0.02889424 -0.01275136
v 0.02529552 0.00610314 -0.01203782
v 0.04355690 0.02783344 0.01209432
v 0.04740959 0.03244483 0.00185764
v 0.04646522 0.03138766 0.00698036
v 0.02288623 -0.00316998 0.02985623
v 0.03626414 -0.01913350 0.02016259
v 0.04444689 -0.02887327 -0.01277099
v 0.02551707 -0.00636176 -0.01220310
v 0.04277896 -0.02693256 0.01321163
v 0.04730054 -0.03230891 -0.00096399
v 0.04729658 -0.03229165 0.00356586
v 0.04585581 -0.03064167 0.00832493
v 0.02468784 -0.00592412 -0.01211727
v 0.02382140 -0.00591837 -0.01207558
v 0.02284061 -0.00643021 -0.01203074
v 0.02268524 0.00657710 -0.01190272
v 0.02374166 0.00587220 -0.01186313
v 0.02363187 0.00630041 -0.01241958
v 0.04422691 0.02901027 -0.01322756
v 0.02260353 0.04539726 -0.01115268
v 0.04701093 0.03231294 0.00497704
v 0.04719663 0.03253509 -0.00198115
v 0.02258666 0.00836747 0.02914417
v 0.02275050 0.04534452 -0.00702172
v 0.02270116 0.01905191 0.02615806
v 0.02241716 0.03992778 0.00827888
v 0.04412682 -0.02885609 -0.01322842
v 0.04446141 -0.02943274 -0.01291337
v 0.04690418 -0.03202611 -0.00404618
v 0.02242755 -0.04518013 -0.01135569
v 0.02298821 -0.04560515 -0.01094505
v 0.02262389 -0.01223187 0.02835464
v 0.02256391 -0.03185778 0.01815776
v 0.02272091 -0.04419918 -0.00135244
v 0.00090788 -0.04454676 -0.01466764
v 0.00018821 -0.04479270 -0.01393912
v 0.00078345 0.04467968 -0.01461103
v 0.04677264 0.00159217 -0.01310471
v 0.06565876 0.00155125 -0.01189495
v 0.02796922 0.00446622 -0.01231316
v 0.04700205 0.02709807 -0.01289039
v 0.02804879 0.00451128 0.02676223
v 0.04791449 0.02821158 0.01081832
v 0.03855642 0.01709701 0.01983157
v 0.06562116 0.00161135 0.01405329
v 0.02935753 0.00156665 0.02657981
v 0.05556282 0.00161746 0.01696047
v 0.06715035 0.00744631 0.01289225
v 0.06712261 0.01408474 -0.01138775
v 0.06714214 0.00299402 -0.01132019
v 0.06713837 0.00291665 0.01323330
v 0.06711537 0.02155355 0.00897851
v 0.06720539 0.02281320 -0.00740650
v 0.06717552 0.02714169 0.00446785
v 0.06716827 0.02861086 -0.00111223
v 0.06720375 0.02843807 0.00126486
v 0.02776494 0.00333880 0.02676961
v 0.02778530 0.00342135 -0.01242351
v 0.02808428 0.00232343 -0.01224618
v 0.02828397 0.00221729 0.02687326
v 0.02919297 0.00157389 -0.01233405
v 0.02829326 0.00259206 -0.01276373
v 0.02847578 0.00418230 0.02726715
v 0.02848416 0.00308753 0.02735763
v 0.04077171 0.00169098 0.02209916
v 0.06613666 0.01413734 -0.01242224
v 0.06702460 0.01373134 0.01190930
v 0.06691089 0.02779709 -0.00382027
v 0.06697345 0.01774597 -0.01047161
v 0.06680830 0.02551005 0.00686277
v 0.06674290 0.02497085 -0.00692831
v 0.06662761 0.02942509 0.00137468
v 0.06665401 0.00203907 0.01341448
v 0.06631712 0.00831511 -0.01230842
v 0.06633458 0.00948098 -0.01235348
v 0.06669056 0.00208243 -0.01155101
v 0.00954824 0.04281760 -0.01209719
v -0.01541705 -0.03470516 -0.01209001
v -0.01287571 -0.03334357 -0.01209313
v -0.01304590 -0.03599999 -0.01056429
v -0.01052985 -0.03501587 -0.01209001
v -0.01088549 -0.03744549 -0.01209622
v -0.01298168 -0.03870090 -0.01209002
v -0.01529137 -0.03736474 -0.01209507
v -0.01535282 -0.01340609 -0.01209001
v -0.01535053 -0.01073775 -0.01209507
v -0.01304590 -0.01200000 -0.01056429
v -0.01311013 -0.00929911 -0.01209001
v -0.01052985 -0.01101591 -0.01209001
v -0.01088548 -0.01344547 -0.01209622
v -0.01275223 -0.01464563 -0.01209313
v -0.01557040 0.01261940 -0.01209622
v -0.01441063 0.01424548 -0.01209507
v -0.01304590 0.01200000 -0.01056429
v -0.01242649 0.01452451 -0.01209622
v -0.01052985 0.01298410 -0.01209001
v -0.01088548 0.01055453 -0.01209622
v -0.01253144 0.00942318 -0.01209507
v -0.01507361 0.01021468 -0.01209001
v -0.01567290 0.03594084 -0.01209507
v -0.01445197 0.03830694 -0.01209001
v -0.01304590 0.03600000 -0.01056429
v -0.01199754 0.03837860 -0.01209622
v -0.01049146 0.03674861 -0.01209313
v -0.01141675 0.03378880 -0.01208523
v -0.01452150 0.03378456 -0.01209313
v 0.00882739 -0.04119590 -0.01209733
v 0.00954822 -0.04281054 -0.01209533
v 0.03195410 -0.04200000 -0.01056429
v 0.02937959 -0.04253503 -0.01209585
v 0.03379367 -0.04015392 -0.01210055
v 0.03461156 -0.04245561 -0.01208735
v 0.03309217 -0.04433649 -0.01209608
v 0.03089568 -0.04444121 -0.01209236
v 0.02971129 0.04355146 -0.01207487
v 0.03211873 0.04460081 -0.01210002
v 0.03195410 0.04200000 -0.01056429
v 0.03379363 0.04384613 -0.01210055
v 0.03461156 0.04154439 -0.01208735
v 0.03309210 0.03966349 -0.01209607
v 0.05465681 -0.02730147 -0.01009962
v 0.05224767 -0.02876333 -0.00903382
v 0.05508627 -0.02898636 -0.01000976
v 0.05426482 -0.03072055 -0.01017767
v 0.05218669 -0.03137346 -0.01061474
v 0.05047259 -0.03026689 -0.01096793
v 0.05002048 -0.02852604 -0.01105770
v 0.05003639 0.02821078 -0.01104985
v 0.05055421 0.03039263 -0.01095206
v 0.05224767 0.02872648 -0.00903382
v 0.05231427 0.03131082 -0.01058253
v 0.05433412 0.03065943 -0.01015927
v 0.05510288 0.02860617 -0.01001054
v 0.05427127 0.02675053 -0.01018647
v 0.06310040 -0.00727767 -0.01366562
v 0.07025858 -0.01143198 -0.01012857
v 0.06807960 -0.00112707 -0.01127214
v 0.06276742 -0.00529369 -0.01380439
v 0.06353337 -0.00592369 -0.01346521
v 0.06898371 -0.00141335 -0.01080543
v 0.06284112 0.00687465 -0.01377832
v 0.07010370 0.01171768 -0.01020279
v 0.06353362 0.00607869 -0.01346598
v 0.06898678 0.00141221 -0.01080665
v 0.06299397 0.00486919 -0.01370256
v 0.06822933 0.00086395 -0.01119552
v 0.05469317 0.01870699 -0.01683876
v 0.05449704 0.01756505 -0.01686320
v 0.05991395 0.01370771 -0.01506188
v 0.05998135 0.01042692 -0.01499194
v 0.05461149 0.00664116 -0.01670685
v 0.05447070 0.00556913 -0.01673817
v 0.05940031 0.00219446 -0.01517186
v 0.06033369 -0.00002357 -0.01480146
v 0.05940617 -0.00217226 -0.01516554
v 0.05461539 -0.00534933 -0.01669989
v 0.05446555 -0.00641199 -0.01674300
v 0.05937852 -0.00978513 -0.01521775
v 0.06034616 -0.01191411 -0.01485762
v 0.05948746 -0.01412561 -0.01523567
v 0.05445602 -0.01763666 -0.01687361
v 0.05477206 -0.01878666 -0.01682281
v 0.06159268 -0.02315501 -0.01470099
v 0.06114133 -0.02399756 -0.01494671
v 0.05380820 -0.01922561 -0.01706979
v 0.05374333 -0.01669150 -0.01703502
v 0.05919846 -0.01304045 -0.01531421
v 0.05911690 -0.01100274 -0.01531445
v 0.05376678 -0.00721743 -0.01692913
v 0.05358773 -0.00503411 -0.01696323
v 0.05896159 -0.00125519 -0.01532095
v 0.05928972 0.00070704 -0.01519857
v 0.05376511 0.00477888 -0.01691934
v 0.05358711 0.00695547 -0.01697158
v 0.05927277 0.01112066 -0.01525953
v 0.05899014 0.01323533 -0.01540167
v 0.05393212 0.01655864 -0.01698572
v 0.05362838 0.01896322 -0.01710834
v 0.06112354 0.02398597 -0.01495535
v 0.06160224 0.02315585 -0.01471881
v -0.02931351 -0.02220491 -0.01875754
v -0.02919585 -0.02552470 -0.01875754
v -0.03488668 -0.02930246 -0.01875754
v -0.03517216 -0.03030017 -0.01875754
v -0.02752087 -0.03515210 -0.01875754
v -0.03603690 -0.03109859 -0.01875754
v -0.03585225 -0.02888201 -0.01875752
v -0.03023409 -0.02526015 -0.01875754
v -0.03003321 -0.02309716 -0.01875754
v -0.03803916 -0.01801138 -0.01875754
v -0.03752477 -0.01715384 -0.01875754
v -0.01786804 0.01772007 -0.01875754
v -0.01001235 0.02302500 -0.01875754
v -0.01022748 0.02514671 -0.01875754
v -0.01803664 0.03000747 -0.01875754
v -0.01752186 0.03086486 -0.01875754
v -0.00913865 0.02561537 -0.01875754
v -0.00941720 0.02217264 -0.01875754
v -0.01752156 -0.03086512 -0.01875754
v -0.01001655 -0.02504211 -0.01875754
v -0.01030880 -0.02272603 -0.01875754
v -0.01769649 -0.01743439 -0.01875754
v -0.00955469 -0.02204356 -0.01875754
v -0.00893272 -0.02518248 -0.01875754
v 0.04410204 -0.03120780 -0.01850485
v 0.04387349 -0.02919568 -0.01851227
v 0.04954487 -0.02525607 -0.01795814
v 0.04986288 -0.02318568 -0.01788226
v 0.04399716 -0.01914663 -0.01845792
v 0.04395697 -0.01697158 -0.01844784
v 0.04947989 -0.01327819 -0.01781666
v 0.04980025 -0.01111063 -0.01775690
v 0.04404308 -0.00719801 -0.01841949
v 0.04382405 -0.00520283 -0.01843138
v 0.04947638 -0.00125722 -0.01777257
v 0.04980199 0.00081812 -0.01772182
v 0.04428248 0.00458969 -0.01839332
v 0.04365480 0.00646891 -0.01844615
v 0.04971276 0.01095071 -0.01776697
v 0.04957395 0.01316993 -0.01780524
v 0.04431190 0.01657203 -0.01841893
v 0.04369786 0.01797967 -0.01846877
v 0.04436578 0.01944824 -0.01843495
v 0.04942723 0.02263142 -0.01793494
v 0.04994840 0.02459869 -0.01789273
v 0.04416227 0.02874026 -0.01849369
v 0.04383653 0.03080457 -0.01851894
v 0.05170942 0.03593260 -0.01764824
v 0.05222332 0.03508245 -0.01755510
v 0.04465607 0.03011998 -0.01846500
v 0.05001400 0.02618536 -0.01791016
v 0.05096150 0.02417664 -0.01773005
v 0.05022177 0.02205995 -0.01781147
v 0.04461653 0.01809736 -0.01840198
v 0.04998158 0.01416099 -0.01774689
v 0.05093575 0.01196466 -0.01756031
v 0.04994293 0.00981749 -0.01772353
v 0.04459596 0.00609769 -0.01836859
v 0.04996385 0.00215997 -0.01769695
v 0.05092148 -0.00003285 -0.01752095
v 0.04996272 -0.00214401 -0.01769633
v 0.04459568 -0.00589956 -0.01836837
v 0.04999642 -0.00988014 -0.01770979
v 0.04998004 -0.01414507 -0.01774587
v 0.05093560 -0.01203049 -0.01755994
v 0.04477017 -0.01757244 -0.01838702
v 0.04496445 -0.01862546 -0.01837604
v 0.05054262 -0.02229360 -0.01777938
v 0.05059111 -0.02557477 -0.01781554
v 0.04464915 -0.02989337 -0.01846535
v 0.05220919 -0.03507372 -0.01757560
v 0.05172422 -0.03593962 -0.01763525
v 0.03972920 -0.02524422 -0.01867845
v 0.03996608 -0.02319877 -0.01866535
v 0.03421636 -0.01925739 -0.01875369
v 0.03385375 -0.01729550 -0.01875570
v 0.03990841 -0.01297148 -0.01865319
v 0.03981008 -0.01100006 -0.01865527
v 0.03420815 -0.00725879 -0.01875372
v 0.03384627 -0.00529620 -0.01875555
v 0.03965098 -0.00125450 -0.01865730
v 0.04000267 0.00070691 -0.01864470
v 0.03420000 0.00474860 -0.01875340
v 0.03384986 0.00670436 -0.01875547
v 0.03965620 0.01074385 -0.01866032
v 0.04000970 0.01270498 -0.01864977
v 0.03420770 0.01674749 -0.01875366
v 0.03385771 0.01870343 -0.01875557
v 0.03967371 0.02274299 -0.01867328
v 0.04002928 0.02470304 -0.01866623
v 0.03400010 0.02891740 -0.01875772
v 0.03406781 0.03099301 -0.01875523
v 0.04198176 0.03590038 -0.01862437
v 0.03504995 0.03065719 -0.01875814
v 0.03486233 0.02969175 -0.01875147
v 0.04014603 0.02620084 -0.01866981
v 0.04115413 0.02396969 -0.01862532
v 0.04027737 0.02199065 -0.01865369
v 0.03471404 0.01813468 -0.01875124
v 0.04033887 0.01396117 -0.01863870
v 0.04110403 0.01190918 -0.01860327
v 0.04032264 0.01005327 -0.01863667
v 0.03470590 0.00613570 -0.01875066
v 0.04033022 0.00196249 -0.01863195
v 0.04109709 -0.00009002 -0.01859709
v 0.04031786 -0.00194508 -0.01863351
v 0.03470597 -0.00586349 -0.01875061
v 0.04033481 -0.01003581 -0.01863597
v 0.04110421 -0.01208864 -0.01860344
v 0.04032686 -0.01394314 -0.01864015
v 0.03471448 -0.01786279 -0.01875115
v 0.04088557 -0.02266658 -0.01863324
v 0.04068403 -0.02557141 -0.01864787
v 0.03488088 -0.02950717 -0.01875287
v 0.03501651 -0.03053166 -0.01875067
v 0.04239622 -0.03520681 -0.01861638
v 0.03417247 -0.03124368 -0.01876297
v 0.03392987 -0.02919351 -0.01875576
v 0.00395076 -0.03103981 -0.01875754
v 0.00415338 -0.02886351 -0.01875754
v 0.00997735 -0.02503713 -0.01875754
v 0.00971952 -0.02275692 -0.01875754
v 0.00433062 -0.01935312 -0.01875754
v 0.00378698 -0.01737607 -0.01875754
v 0.00998489 -0.01298130 -0.01875754
v 0.00971586 -0.01075574 -0.01875754
v 0.00432774 -0.00735127 -0.01875754
v 0.00378427 -0.00537398 -0.01875754
v 0.00998239 -0.00097988 -0.01875754
v 0.00971548 0.00124553 -0.01875754
v 0.00432751 0.00465103 -0.01875754
v 0.00378416 0.00662837 -0.01875754
v 0.00998358 0.01102193 -0.01875754
v 0.00971798 0.01324714 -0.01875754
v 0.00433001 0.01665315 -0.01875754
v 0.00378679 0.01863037 -0.01875754
v 0.00998768 0.02302329 -0.01875754
v 0.00977220 0.02514504 -0.01875754
v 0.00394882 0.02897084 -0.01875754
v 0.00422566 0.03129244 -0.01875754
v 0.01231021 0.03543205 -0.01875754
v 0.00488703 0.03050393 -0.01875754
v 0.00505169 0.02940909 -0.01875754
v 0.01041231 0.02602562 -0.01875754
v 0.01112374 0.02391794 -0.01875754
v 0.01035779 0.02197350 -0.01875754
v 0.00469620 0.01803675 -0.01875754
v 0.01044090 0.01396502 -0.01875754
v 0.01111926 0.01191626 -0.01875754
v 0.01035356 0.00997179 -0.01875754
v 0.00469337 0.00603457 -0.01875754
v 0.01043866 0.00196307 -0.01875754
v 0.01111757 -0.00008602 -0.01875754
v 0.01035225 -0.00203051 -0.01875754
v 0.00469341 -0.00596794 -0.01875754
v 0.01043994 -0.01003907 -0.01875754
v 0.01111937 -0.01208795 -0.01875754
v 0.01035470 -0.01403240 -0.01875754
v 0.00469607 -0.01797014 -0.01875754
v 0.01044403 -0.02204064 -0.01875754
v 0.01106749 -0.02518032 -0.01875754
v 0.00489318 -0.02947337 -0.01875754
v 0.00508639 -0.03066143 -0.01875754
v 0.01231029 -0.03543205 -0.01875754
v 0.01415402 -0.03123678 -0.01875754
v 0.01395812 -0.02909284 -0.01875754
v 0.01979005 -0.02519700 -0.01875754
v 0.01993732 -0.02298883 -0.01875754
v 0.01432975 -0.01935192 -0.01875754
v 0.01378646 -0.01737509 -0.01875754
v 0.01978368 -0.01319659 -0.01875754
v 0.01993146 -0.01098801 -0.01875754
v 0.01432593 -0.00735070 -0.01875754
v 0.01378269 -0.00537370 -0.01875754
v 0.01998026 -0.00097970 -0.01875754
v 0.01971288 0.00124578 -0.01875754
v 0.01432571 0.00465098 -0.01875754
v 0.01378274 0.00662826 -0.01875754
v 0.01998217 0.01102165 -0.01875754
v 0.01971613 0.01324687 -0.01875754
v 0.01432925 0.01665239 -0.01875754
v 0.01378619 0.01862956 -0.01875754
v 0.01998835 0.02302283 -0.01875754
v 0.01972141 0.02524817 -0.01875754
v 0.01433502 0.02865310 -0.01875754
v 0.01378521 0.03055235 -0.01875754
v 0.02196912 0.03600168 -0.01875754
v 0.02248331 0.03514389 -0.01875754
v 0.01488756 0.03050226 -0.01875754
v 0.01505300 0.02940703 -0.01875754
v 0.02044660 0.02596416 -0.01875754
v 0.02112379 0.02391637 -0.01875754
v 0.02035768 0.02197223 -0.01875754
v 0.01469529 0.01803598 -0.01875754
v 0.02043986 0.01396400 -0.01875754
v 0.02111765 0.01191554 -0.01875754
v 0.02035171 0.00997124 -0.01875754
v 0.01469157 0.00603438 -0.01875754
v 0.02088960 0.00147872 -0.01875754
v 0.02056883 -0.00183813 -0.01875754
v 0.01469159 -0.00596770 -0.01875754
v 0.02073225 -0.01033451 -0.01875754
v 0.02073967 -0.01366734 -0.01875754
v 0.01469530 -0.01796938 -0.01875754
v 0.02073446 -0.02233178 -0.01875754
v 0.02075187 -0.02566352 -0.01875754
v 0.01470130 -0.02997012 -0.01875754
v 0.02248334 -0.03514390 -0.01875754
v 0.02196934 -0.03600140 -0.01875754
v 0.03189474 -0.03598364 -0.01875753
v 0.02396078 -0.03110195 -0.01875754
v 0.02422377 -0.02874103 -0.01875754
v 0.03017076 -0.02461530 -0.01875754
v 0.02944158 -0.02253295 -0.01875754
v 0.02410637 -0.01912687 -0.01875754
v 0.02395899 -0.01709287 -0.01875754
v 0.02976469 -0.01323464 -0.01875754
v 0.02995771 -0.01108737 -0.01875754
v 0.02195341 -0.00600074 -0.01875754
v 0.02246776 -0.00514309 -0.01875754
v 0.03085819 -0.01041350 -0.01875754
v 0.03064148 -0.01369944 -0.01875754
v 0.02488029 -0.01750232 -0.01875754
v 0.02504711 -0.01859743 -0.01875754
v 0.03088810 -0.02250867 -0.01875754
v 0.03065861 -0.02569226 -0.01875754
v 0.02488202 -0.02953258 -0.01875754
v 0.02505468 -0.03059660 -0.01875754
v 0.03239992 -0.03505272 -0.01875751
v 0.03244285 0.03509629 -0.01875751
v 0.02488196 0.03046885 -0.01875754
v 0.02508885 0.02934300 -0.01875754
v 0.03112788 0.02495769 -0.01875754
v 0.03035774 0.02197027 -0.01875754
v 0.02469409 0.01803475 -0.01875754
v 0.03040441 0.01402214 -0.01875754
v 0.03105775 0.01082303 -0.01875754
v 0.02246764 0.00514326 -0.01875754
v 0.02195348 0.00600063 -0.01875754
v 0.02996779 0.01096644 -0.01875754
v 0.02976235 0.01314366 -0.01875754
v 0.02394265 0.01696761 -0.01875754
v 0.02415033 0.01914435 -0.01875754
v 0.02998926 0.02302163 -0.01875754
v 0.02976977 0.02514448 -0.01875754
v 0.02393732 0.02902308 -0.01875754
v 0.02415935 0.03114535 -0.01875754
v 0.03186389 0.03594080 -0.01875754
v -0.03510341 0.03053504 -0.01875754
v -0.03495504 0.02941930 -0.01875754
v -0.02930039 0.02578310 -0.01875754
v -0.02919845 0.02249312 -0.01875754
v -0.03752477 0.01715331 -0.01875754
v -0.03023757 0.02275242 -0.01875754
v -0.03003296 0.02492173 -0.01875754
v -0.03605253 0.02897775 -0.01875754
v -0.03584343 0.03115520 -0.01875754
v -0.02803550 0.03600931 -0.01875754
v -0.02606282 -0.03098901 -0.01875754
v -0.02584637 -0.02886723 -0.01875754
v -0.02022661 -0.02524132 -0.01875754
v -0.02006157 -0.02299446 -0.01875754
v -0.02786807 -0.01772295 -0.01875754
v -0.01958856 -0.02198520 -0.01875754
v -0.01893258 -0.02518425 -0.01875754
v -0.02511394 -0.02950992 -0.01875754
v -0.02491480 -0.03066547 -0.01875754
v -0.01786320 -0.03572235 -0.01875754
v -0.01958702 0.02602827 -0.01875754
v -0.01893335 0.02282980 -0.01875754
v -0.02752488 0.01715068 -0.01875754
v -0.02803945 0.01800848 -0.01875754
v -0.02003713 0.02291518 -0.01875754
v -0.02022841 0.02514928 -0.01875754
v -0.02605153 0.02897469 -0.01875754
v -0.02579581 0.03125437 -0.01875754
v -0.01769206 0.03543622 -0.01875754
v -0.02489457 0.03070526 -0.01875754
v -0.02517264 0.02971977 -0.01875754
v -0.00586357 -0.03120067 -0.01875754
v -0.00601326 -0.02899308 -0.01875754
v -0.00040255 -0.02534897 -0.01875754
v 0.00012972 -0.02333429 -0.01875754
v -0.00605368 -0.01903913 -0.01875754
v -0.00580049 -0.01675915 -0.01875754
v -0.00040615 -0.01334719 -0.01875754
v 0.00012641 -0.01133235 -0.01875754
v -0.00606896 -0.00698126 -0.01875754
v -0.00580140 -0.00475554 -0.01875754
v -0.00040780 -0.00134467 -0.01875754
v 0.00012525 0.00067014 -0.01875754
v -0.00606957 0.00502233 -0.01875754
v -0.00580038 0.00724826 -0.01875754
v -0.00041239 0.01065261 -0.01875754
v 0.00013104 0.01262988 -0.01875754
v -0.00606797 0.01702559 -0.01875754
v -0.00584684 0.01914862 -0.01875754
v -0.00002472 0.02296953 -0.01875754
v -0.00022773 0.02514590 -0.01875754
v -0.00606488 0.02902788 -0.01875754
v -0.00579264 0.03125382 -0.01875754
v 0.00230912 0.03543366 -0.01875754
v -0.00511975 0.03047457 -0.01875754
v -0.00491541 0.02934940 -0.01875754
v 0.00112714 0.02496485 -0.01875754
v 0.00043047 0.02208406 -0.01875754
v -0.00488951 0.01871298 -0.01875754
v -0.00516805 0.01763430 -0.01875754
v 0.00112369 0.01296202 -0.01875754
v 0.00042718 0.01008185 -0.01875754
v -0.00490043 0.00669809 -0.01875754
v -0.00517014 0.00563160 -0.01875754
v 0.00112233 0.00095837 -0.01875754
v 0.00042636 -0.00192072 -0.01875754
v -0.00490053 -0.00530497 -0.01875754
v -0.00517000 -0.00637147 -0.01875754
v 0.00112347 -0.01104534 -0.01875754
v 0.00042809 -0.01392325 -0.01875754
v -0.00512331 -0.01753517 -0.01875754
v -0.00495240 -0.01859912 -0.01875754
v 0.00041125 -0.02198274 -0.01875754
v 0.00106733 -0.02518141 -0.01875754
v -0.00489480 -0.02930935 -0.01875754
v -0.00516394 -0.03037577 -0.01875754
v 0.00222361 -0.03557659 -0.01875755
v -0.03299560 -0.03500000 -0.00588698
v -0.03271296 0.03500000 -0.00911762
v -0.03243436 -0.03500000 -0.00977266
v -0.02993401 0.03500000 -0.01187071
v -0.02924054 -0.03500000 -0.01203133
v -0.02600990 0.03500000 -0.01174868
v -0.02535486 -0.03500000 -0.01147008
v -0.02325682 0.03500000 -0.00896973
v -0.02315512 -0.03500000 -0.00837587
v -0.02337884 0.03500000 -0.00504563
v -0.02325207 -0.03500000 -0.00488177
v -0.02615779 0.03500000 -0.00229255
v -0.02685126 -0.03500000 -0.00213192
v -0.03008190 0.03500000 -0.00241457
v -0.03073693 -0.03500000 -0.00269317
v -0.03283498 0.03500000 -0.00519352
v -0.03599623 0.03499993 -0.00563775
v -0.03549076 0.03759856 -0.00399149
v -0.03601649 0.03772256 -0.00770369
v -0.03419613 0.03500000 -0.00183921
v -0.03293939 0.03756328 -0.00067296
v -0.03011127 0.03499990 0.00079745
v -0.02992536 0.03757321 0.00069409
v -0.02730143 0.03765052 0.00089442
v -0.02396596 0.03499986 0.00006462
v -0.02370709 0.03772076 -0.00031702
v -0.02026186 0.03500009 -0.00468184
v -0.02146897 0.03758299 -0.00253440
v -0.02030949 0.03729797 -0.00474782
v -0.02029328 0.03500151 -0.00989212
v -0.02007294 0.03730060 -0.00789629
v -0.01996074 0.03731616 -0.00807781
v -0.02089240 0.03757225 -0.01066301
v -0.02221882 0.03791760 -0.01242108
v -0.02403573 0.03499991 -0.01409629
v -0.02376607 0.03758988 -0.01383051
v -0.02623122 0.03771298 -0.01486894
v -0.02810140 0.03499998 -0.01516248
v -0.02881636 0.03774695 -0.01500620
v -0.03274734 0.03499987 -0.01373260
v -0.03082020 0.03792525 -0.01447313
v -0.03255488 0.03778549 -0.01361779
v -0.03397666 0.03764945 -0.01246343
v -0.03564502 0.03499987 -0.00982548
v -0.03539747 0.03757236 -0.01023542
v -0.02183837 0.03823892 -0.00290825
v -0.02104441 0.03832156 -0.00707828
v -0.02104590 0.03830000 -0.00708163
v -0.02472171 0.03825302 -0.00040963
v -0.02773410 0.03822754 0.00047586
v -0.03117668 0.03821625 -0.00021894
v -0.03358835 0.03821965 -0.00199474
v -0.03511703 0.03823949 -0.00458881
v -0.03552113 0.03823418 -0.00855376
v -0.03339987 0.03825933 -0.01226006
v -0.02838505 0.03828215 -0.01439639
v -0.02488985 0.03824126 -0.01392308
v -0.02125820 0.03824519 -0.01021339
v -0.02004590 0.03500000 -0.00708163
v -0.02009557 -0.03499993 -0.00563775
v -0.02060104 -0.03759855 -0.00399149
v -0.02014534 -0.03790707 -0.00720053
v -0.02189567 -0.03500000 -0.00183921
v -0.02246058 -0.03758258 -0.00135985
v -0.02598053 -0.03499990 0.00079745
v -0.02442227 -0.03779341 -0.00000391
v -0.02616644 -0.03757319 0.00069410
v -0.02879036 -0.03765051 0.00089442
v -0.03212583 -0.03499986 0.00006462
v -0.03140188 -0.03758316 0.00017583
v -0.03318611 -0.03780909 -0.00103318
v -0.03582994 -0.03500009 -0.00468184
v -0.03504671 -0.03778987 -0.00322413
v -0.03593796 -0.03730303 -0.00542597
v -0.03579852 -0.03500151 -0.00989212
v -0.03601886 -0.03730060 -0.00789629
v -0.03613106 -0.03731616 -0.00807781
v -0.03519940 -0.03757224 -0.01066301
v -0.03387298 -0.03791759 -0.01242108
v -0.03205607 -0.03499991 -0.01409629
v -0.03232574 -0.03758986 -0.01383051
v -0.02986058 -0.03771298 -0.01486894
v -0.02799040 -0.03499998 -0.01516248
v -0.02727544 -0.03774695 -0.01500620
v -0.02334446 -0.03499987 -0.01373260
v -0.02527160 -0.03792524 -0.01447313
v -0.02292866 -0.03776285 -0.01321524
v -0.02063451 -0.03766108 -0.01021815
v -0.02044678 -0.03499987 -0.00982548
v -0.03504590 -0.03830000 -0.00708163
v -0.03156807 -0.03825103 -0.00049252
v -0.03481872 -0.03823648 -0.00375790
v -0.02920402 -0.03823565 0.00033786
v -0.02638340 -0.03822860 0.00024561
v -0.02269457 -0.03825208 -0.00183797
v -0.02097476 -0.03823949 -0.00458881
v -0.02100374 -0.03824752 -0.00957944
v -0.02269554 -0.03826694 -0.01225401
v -0.02770675 -0.03828215 -0.01439637
v -0.03120195 -0.03824125 -0.01392308
v -0.03483360 -0.03824519 -0.01021339
v -0.03604590 -0.03500000 -0.00708163
v -0.02304590 -0.03500000 -0.00708163
v -0.02040813 0.03812695 -0.00602150
v -0.03564115 -0.03815305 -0.00696934
v -0.03504752 -0.03831695 -0.00708711
v -0.03154590 -0.03500000 -0.00708163
v -0.02580351 -0.03500000 -0.00426084
v -0.02450405 -0.03500000 -0.00668242
v -0.02844511 -0.03500000 -0.00353977
v -0.03139173 -0.03500000 -0.00540162
v -0.02858760 -0.03500000 -0.01074869
v -0.03142759 -0.03500000 -0.00837797
v -0.02522512 -0.03500000 -0.00932401
v -0.03154590 0.03500000 -0.00708163
v -0.02464076 0.03500000 -0.00814226
v -0.02454590 0.03500000 -0.00708163
v -0.02467229 0.03500000 -0.00565784
v -0.02607505 0.03500000 -0.01005145
v -0.02876536 0.03500000 -0.01061256
v -0.03141951 0.03500000 -0.00850541
v -0.03001674 0.03500000 -0.00411180
v -0.03145104 0.03500000 -0.00602099
v -0.02732643 0.03500000 -0.00355069
f 1 2 3
f 3 2 4
f 3 4 5
f 3 5 6
f 6 5 7
f 6 7 8
f 8 7 9
f 8 9 10
f 11 12 13
f 11 13 14
f 14 13 15
f 10 9 16
f 10 16 17
f 17 16 18
f 17 18 11
f 11 18 12
f 14 15 19
f 19 15 20
f 19 20 1
f 1 20 2
f 21 22 23
f 23 22 24
f 23 24 25
f 25 24 26
f 25 26 27
f 28 29 30
f 28 30 21
f 21 30 22
f 31 32 33
f 33 32 34
f 33 34 35
f 33 35 36
f 36 35 37
f 36 37 38
f 38 37 39
f 38 39 29
f 38 29 28
f 27 26 40
f 27 40 31
f 31 40 32
f 24 13 26
f 26 13 12
f 26 12 18
f 26 18 40
f 40 18 16
f 40 16 32
f 32 16 9
f 32 9 34
f 34 9 35
f 35 9 7
f 35 7 5
f 35 5 37
f 37 5 39
f 39 5 4
f 39 4 2
f 39 2 29
f 29 2 20
f 29 20 30
f 30 20 15
f 30 15 22
f 22 15 24
f 24 15 13
f 14 25 11
f 11 25 27
f 11 27 17
f 17 27 31
f 17 31 10
f 10 31 33
f 10 33 8
f 8 33 6
f 6 33 36
f 6 36 38
f 6 38 3
f 3 38 1
f 1 38 28
f 1 28 19
f 19 28 21
f 19 21 14
f 14 21 23
f 14 23 25
f 41 42 43
f 43 42 44
f 43 44 45
f 43 45 46
f 46 45 47
f 46 47 48
f 48 47 49
f 48 49 50
f 51 52 53
f 51 53 54
f 54 53 55
f 50 49 56
f 50 56 57
f 57 56 58
f 57 58 51
f 51 58 52
f 54 55 59
f 59 55 60
f 59 60 41
f 41 60 42
f 61 62 63
f 63 62 64
f 63 64 65
f 65 64 66
f 65 66 67
f 68 69 70
f 68 70 61
f 61 70 62
f 71 72 73
f 73 72 74
f 73 74 75
f 73 75 76
f 76 75 77
f 76 77 78
f 78 77 79
f 78 79 69
f 78 69 68
f 67 66 80
f 67 80 71
f 71 80 72
f 64 53 66
f 66 53 52
f 66 52 58
f 66 58 80
f 80 58 56
f 80 56 72
f 72 56 49
f 72 49 74
f 74 49 75
f 75 49 47
f 75 47 45
f 75 45 77
f 77 45 79
f 79 45 44
f 79 44 42
f 79 42 69
f 69 42 60
f 69 60 70
f 70 60 55
f 70 55 62
f 62 55 64
f 64 55 53
f 54 65 51
f 51 65 67
f 51 67 57
f 57 67 71
f 57 71 50
f 50 71 73
f 50 73 48
f 48 73 46
f 46 73 76
f 46 76 78
f 46 78 43
f 43 78 41
f 41 78 68
f 41 68 59
f 59 68 61
f 59 61 54
f 54 61 63
f 54 63 65
f 81 82 83
f 83 82 84
f 81 83 85
f 86 87 88
f 89 87 90
f 91 90 87
f 91 87 84
f 84 87 83
f 92 86 88
f 93 94 95
f 95 94 96
f 97 93 95
f 93 98 99
f 100 101 102
f 103 104 105
f 106 107 105
f 108 107 106
f 109 110 111
f 112 113 114
f 100 104 101
f 101 104 103
f 115 116 117
f 118 119 120
f 120 119 117
f 118 97 121
f 122 121 123
f 121 124 123
f 125 126 88
f 125 89 127
f 127 89 128
f 127 128 129
f 129 130 127
f 127 130 131
f 130 132 131
f 89 88 87
f 114 106 112
f 112 106 105
f 112 105 133
f 133 105 104
f 134 135 100
f 134 100 102
f 117 116 120
f 136 116 137
f 136 137 134
f 116 138 120
f 138 99 120
f 135 134 137
f 137 116 115
f 122 123 139
f 139 123 140
f 118 120 98
f 140 124 121
f 140 121 97
f 122 141 126
f 140 97 142
f 140 142 139
f 88 126 141
f 142 97 95
f 139 142 143
f 88 141 92
f 118 98 97
f 142 95 143
f 122 139 141
f 141 139 143
f 143 95 96
f 120 99 98
f 98 93 97
f 89 125 88
f 113 109 114
f 144 108 145
f 145 108 106
f 145 106 114
f 145 114 146
f 111 146 109
f 109 146 114
f 81 85 147
f 81 147 148
f 81 148 149
f 149 148 150
f 149 150 84
f 149 84 82
f 151 150 152
f 152 150 148
f 153 154 155
f 156 157 158
f 159 160 161
f 162 163 164
f 165 166 167
f 167 168 165
f 165 168 169
f 170 171 165
f 165 171 166
f 172 173 166
f 166 171 172
f 174 175 176
f 175 177 176
f 177 173 176
f 178 179 175
f 175 174 178
f 169 179 180
f 180 179 178
f 181 182 183
f 183 182 184
f 185 186 187
f 187 186 188
f 189 190 191
f 189 192 193
f 194 195 189
f 189 195 192
f 193 190 189
f 190 193 196
f 196 193 197
f 198 199 200
f 200 199 201
f 200 201 195
f 195 201 192
f 202 203 204
f 204 203 205
f 206 205 203
f 207 208 209
f 210 207 209
f 208 202 211
f 212 204 213
f 204 214 211
f 204 211 202
f 215 216 217
f 217 218 215
f 215 218 219
f 219 218 220
f 219 220 221
f 221 213 219
f 221 222 213
f 222 223 224
f 222 224 213
f 224 212 213
f 225 226 216
f 215 227 225
f 215 225 216
f 228 229 230
f 228 230 231
f 228 231 232
f 231 233 232
f 232 233 215
f 233 234 215
f 215 234 235
f 215 235 236
f 237 238 236
f 236 238 215
f 239 236 229
f 228 240 239
f 228 239 229
f 195 241 242
f 195 242 243
f 242 244 243
f 245 246 247
f 245 247 248
f 248 247 249
f 240 228 248
f 194 250 251
f 251 250 248
f 251 248 249
f 251 241 195
f 252 253 254
f 255 256 257
f 255 257 252
f 254 258 209
f 209 258 259
f 259 258 260
f 155 261 257
f 257 261 262
f 253 252 257
f 253 257 262
f 263 264 265
f 263 265 266
f 263 267 264
f 259 268 269
f 269 268 270
f 269 270 271
f 269 271 272
f 271 267 272
f 259 266 273
f 259 273 268
f 274 275 276
f 274 276 277
f 278 279 280
f 278 280 281
f 281 282 283
f 275 284 282
f 282 284 283
f 284 275 274
f 285 279 286
f 286 279 278
f 287 277 279
f 288 289 290
f 291 292 293
f 294 295 296
f 294 296 297
f 298 299 295
f 295 294 298
f 299 298 293
f 293 298 291
f 296 300 297
f 301 302 300
f 288 301 300
f 288 300 303
f 232 304 305
f 306 307 232
f 306 308 307
f 243 309 310
f 243 310 311
f 244 246 243
f 243 246 245
f 243 245 309
f 309 245 312
f 312 245 306
f 232 305 313
f 313 314 306
f 232 313 306
f 315 316 317
f 318 317 319
f 316 315 320
f 320 315 321
f 322 321 210
f 315 205 321
f 321 205 210
f 210 205 206
f 315 317 318
f 315 318 323
f 219 324 215
f 215 324 232
f 232 324 304
f 219 319 289
f 219 289 324
f 324 289 288
f 324 288 303
f 219 318 319
f 325 326 327
f 328 329 330
f 325 327 330
f 325 330 329
f 331 332 333
f 334 332 331
f 304 335 336
f 305 304 336
f 296 303 300
f 337 338 339
f 340 341 342
f 343 344 345
f 345 344 346
f 347 348 343
f 347 343 345
f 349 350 351
f 351 352 349
f 349 352 353
f 354 355 356
f 357 358 359
f 360 361 362
f 363 364 365
f 366 364 367
f 367 364 363
f 363 365 368
f 369 370 161
f 371 372 369
f 373 374 369
f 375 334 376
f 376 334 377
f 378 379 331
f 327 380 330
f 328 330 378
f 327 381 380
f 164 163 347
f 347 345 164
f 346 382 345
f 346 383 382
f 382 383 384
f 341 385 346
f 346 385 383
f 340 386 385
f 385 386 387
f 340 385 341
f 337 339 340
f 350 349 338
f 388 389 390
f 388 391 389
f 392 393 390
f 392 390 394
f 392 395 393
f 396 397 395
f 395 397 393
f 392 178 395
f 174 395 178
f 398 399 172
f 172 399 176
f 172 176 173
f 165 400 170
f 401 402 400
f 403 404 402
f 402 404 170
f 402 170 400
f 405 402 401
f 405 406 407
f 408 409 410
f 408 410 405
f 408 405 286
f 408 286 278
f 283 411 412
f 373 413 414
f 414 415 373
f 373 415 416
f 373 416 417
f 417 416 412
f 414 418 415
f 161 366 419
f 367 158 366
f 158 157 366
f 366 157 419
f 420 363 421
f 420 421 422
f 420 367 363
f 423 424 359
f 363 424 421
f 423 359 425
f 359 354 426
f 427 426 356
f 354 356 426
f 356 355 428
f 356 428 429
f 389 272 430
f 267 263 431
f 267 431 272
f 389 430 390
f 390 430 394
f 432 433 434
f 434 433 435
f 153 155 434
f 153 434 435
f 256 255 436
f 256 436 437
f 438 437 436
f 439 436 255
f 440 441 442
f 443 444 445
f 445 444 446
f 440 447 441
f 441 447 448
f 441 448 449
f 443 184 444
f 444 184 450
f 181 188 182
f 182 188 451
f 182 451 452
f 185 191 186
f 186 191 453
f 454 453 191
f 455 456 457
f 458 459 460
f 460 459 461
f 460 462 463
f 463 455 464
f 464 455 457
f 464 457 465
f 197 198 196
f 196 198 200
f 196 200 458
f 458 460 196
f 196 460 466
f 196 466 467
f 468 467 466
f 463 464 460
f 460 464 469
f 470 469 471
f 469 470 460
f 465 472 464
f 464 472 473
f 474 473 475
f 473 474 464
f 476 477 478
f 479 480 472
f 472 480 481
f 482 481 476
f 482 476 478
f 482 478 483
f 482 483 434
f 483 432 434
f 481 482 472
f 472 482 484
f 472 484 485
f 486 485 484
f 482 434 487
f 487 488 482
f 489 488 487
f 490 434 155
f 491 490 155
f 472 465 479
f 479 465 492
f 462 460 493
f 493 460 461
f 494 495 496
f 200 494 458
f 495 497 496
f 498 499 500
f 501 499 502
f 501 503 495
f 502 503 501
f 500 504 498
f 502 505 503
f 504 506 498
f 507 504 180
f 508 507 180
f 508 180 509
f 508 510 507
f 511 509 512
f 512 513 511
f 514 512 154
f 154 515 514
f 263 266 516
f 517 518 512
f 518 516 512
f 512 516 154
f 519 520 509
f 520 521 512
f 512 509 520
f 512 521 517
f 517 521 522
f 519 509 180
f 180 523 519
f 392 394 524
f 392 524 525
f 431 526 430
f 431 430 272
f 405 407 286
f 286 407 527
f 286 527 528
f 529 406 401
f 401 406 405
f 165 169 500
f 500 169 180
f 500 180 504
f 500 499 501
f 500 501 530
f 530 531 500
f 531 530 532
f 274 277 287
f 274 287 200
f 287 533 200
f 200 533 501
f 200 501 494
f 494 501 495
f 501 533 534
f 534 533 535
f 279 285 287
f 311 536 537
f 536 311 538
f 538 311 310
f 538 310 539
f 539 310 540
f 539 540 541
f 305 336 542
f 542 540 310
f 305 542 310
f 543 544 545
f 335 543 545
f 543 335 537
f 543 537 546
f 537 536 546
f 289 547 548
f 289 548 299
f 289 299 290
f 290 299 293
f 299 322 295
f 322 210 295
f 314 312 306
f 310 549 305
f 549 550 305
f 549 551 550
f 252 254 209
f 252 209 211
f 211 209 208
f 214 204 212
f 224 552 212
f 222 226 223
f 223 226 225
f 223 225 553
f 223 553 554
f 215 238 227
f 227 238 555
f 227 555 556
f 237 236 239
f 239 557 237
f 558 557 239
f 250 240 248
f 250 559 240
f 560 559 250
f 194 251 195
f 561 189 185
f 185 189 191
f 561 562 189
f 188 181 187
f 187 181 563
f 563 181 564
f 443 183 184
f 565 566 443
f 443 566 183
f 446 447 445
f 445 447 440
f 445 440 567
f 445 567 568
f 569 442 439
f 441 436 442
f 442 436 439
f 252 570 255
f 335 545 571
f 335 571 336
f 346 572 341
f 359 424 363
f 359 363 357
f 357 363 360
f 357 360 362
f 573 337 342
f 342 337 340
f 359 358 354
f 354 358 574
f 354 574 575
f 349 576 339
f 349 339 338
f 355 353 428
f 429 269 272
f 353 352 428
f 429 428 269
f 260 261 259
f 259 261 155
f 259 155 154
f 259 154 516
f 259 516 266
f 417 411 376
f 377 417 376
f 412 411 417
f 283 278 281
f 283 412 278
f 375 332 334
f 331 333 328
f 331 328 378
f 160 413 161
f 161 413 373
f 161 373 369
f 371 369 374
f 327 326 347
f 347 326 348
f 161 370 366
f 366 370 577
f 577 370 578
f 579 344 580
f 580 344 343
f 326 581 348
f 348 581 582
f 572 583 341
f 341 583 584
f 585 586 587
f 588 589 590
f 591 592 593
f 593 592 594
f 595 596 597
f 598 599 600
f 598 594 599
f 598 595 594
f 595 593 594
f 593 595 597
f 593 601 602
f 603 604 605
f 603 605 602
f 602 605 606
f 602 606 593
f 607 608 601
f 608 609 610
f 611 612 610
f 612 611 613
f 612 613 614
f 615 616 585
f 585 616 586
f 617 615 618
f 619 620 617
f 585 587 621
f 622 623 624
f 625 626 627
f 597 601 593
f 628 611 610
f 601 597 607
f 609 628 610
f 629 589 613
f 629 613 611
f 609 629 628
f 609 608 607
f 597 596 607
f 607 630 609
f 631 590 630
f 613 632 614
f 631 588 590
f 588 633 589
f 633 627 613
f 633 613 589
f 627 626 634
f 622 624 635
f 622 635 636
f 634 626 637
f 637 626 638
f 638 626 623
f 623 626 625
f 613 627 632
f 589 629 590
f 590 629 609
f 590 609 630
f 627 634 632
f 632 634 614
f 587 586 639
f 639 586 640
f 639 640 641
f 641 640 636
f 641 636 635
f 623 622 642
f 623 642 638
f 621 643 585
f 618 585 643
f 643 621 644
f 619 617 618
f 619 618 645
f 645 618 643
f 645 643 646
f 646 643 644
f 585 618 615
f 592 591 647
f 648 649 128
f 89 90 648
f 648 90 650
f 128 89 648
f 651 652 653
f 651 654 652
f 652 654 655
f 652 655 119
f 119 655 656
f 656 115 119
f 650 657 648
f 658 659 660
f 658 661 659
f 660 649 657
f 657 649 648
f 660 659 649
f 662 663 152
f 662 152 148
f 664 662 148
f 662 664 665
f 666 665 664
f 666 664 667
f 668 669 670
f 671 672 658
f 658 672 661
f 670 669 671
f 671 669 672
f 668 670 673
f 651 653 668
f 651 668 673
f 132 130 661
f 661 672 132
f 653 131 668
f 668 131 669
f 669 131 132
f 669 132 672
f 127 674 125
f 652 674 127
f 127 131 653
f 127 653 652
f 122 126 674
f 125 674 126
f 656 137 115
f 655 654 133
f 654 113 133
f 656 655 100
f 656 100 135
f 656 135 137
f 119 115 117
f 652 119 118
f 652 118 674
f 651 110 654
f 654 110 109
f 654 109 113
f 113 112 133
f 655 133 104
f 655 104 100
f 674 118 121
f 674 121 122
f 658 111 675
f 671 658 675
f 670 675 676
f 671 675 670
f 673 110 651
f 676 110 673
f 111 110 676
f 675 111 676
f 670 676 673
f 677 144 145
f 660 677 145
f 657 677 660
f 660 146 111
f 660 111 658
f 660 145 146
f 678 148 147
f 678 147 96
f 101 665 679
f 680 666 681
f 681 666 667
f 682 667 664
f 144 663 662
f 680 679 666
f 138 667 682
f 108 144 662
f 107 662 683
f 105 683 665
f 105 665 103
f 103 665 101
f 94 682 664
f 108 662 107
f 107 683 105
f 102 101 679
f 102 679 134
f 134 679 680
f 138 681 667
f 136 134 680
f 136 680 116
f 116 680 681
f 116 681 138
f 99 138 682
f 99 682 93
f 664 678 94
f 94 678 96
f 682 94 93
f 148 678 664
f 666 679 665
f 665 683 662
f 663 144 677
f 90 151 650
f 90 91 151
f 657 650 677
f 677 650 151
f 677 151 663
f 663 151 152
f 684 685 686
f 684 687 688
f 684 688 649
f 661 685 684
f 689 684 686
f 684 689 687
f 661 684 659
f 659 684 649
f 179 685 661
f 661 130 179
f 179 130 175
f 175 130 129
f 175 129 177
f 177 129 128
f 177 128 649
f 177 649 173
f 173 649 688
f 688 166 173
f 687 166 688
f 687 606 166
f 166 606 167
f 606 605 167
f 167 605 168
f 686 168 605
f 168 686 169
f 169 686 685
f 685 179 169
f 690 691 692
f 691 690 693
f 693 690 694
f 695 696 697
f 697 696 698
f 699 700 701
f 700 702 701
f 696 703 698
f 691 704 692
f 692 704 700
f 700 704 702
f 700 699 696
f 696 699 703
f 705 706 707
f 707 708 709
f 710 711 712
f 713 714 711
f 713 715 714
f 716 717 718
f 719 720 718
f 718 720 716
f 719 721 720
f 722 723 719
f 719 723 721
f 724 725 722
f 722 725 723
f 726 727 724
f 728 729 730
f 730 729 731
f 728 732 729
f 728 733 732
f 734 735 736
f 735 737 705
f 705 737 706
f 705 707 738
f 739 706 734
f 740 741 742
f 743 740 726
f 743 726 744
f 744 726 724
f 744 724 722
f 715 713 742
f 715 742 741
f 745 734 746
f 746 728 710
f 747 708 707
f 747 707 706
f 747 706 739
f 711 710 713
f 745 710 712
f 745 712 739
f 728 746 733
f 733 746 736
f 736 746 734
f 734 737 735
f 709 748 738
f 709 738 707
f 726 740 742
f 730 742 713
f 740 743 741
f 730 731 742
f 739 734 745
f 745 746 710
f 713 710 728
f 713 728 730
f 742 731 726
f 726 731 727
f 749 750 751
f 750 752 753
f 752 754 753
f 755 756 757
f 757 756 754
f 757 754 752
f 758 756 755
f 759 760 758
f 761 760 762
f 762 760 759
f 761 762 763
f 761 763 764
f 765 764 766
f 765 767 768
f 765 768 769
f 765 769 751
f 770 751 771
f 771 751 769
f 760 756 758
f 757 772 755
f 773 774 772
f 773 772 757
f 775 774 773
f 775 776 774
f 751 770 749
f 777 778 779
f 759 779 778
f 759 758 779
f 780 781 777
f 777 781 778
f 782 783 784
f 784 783 749
f 783 750 749
f 752 750 783
f 766 767 765
f 766 764 763
f 766 763 785
f 786 787 788
f 789 790 759
f 791 773 792
f 757 792 773
f 757 793 792
f 752 794 793
f 795 794 752
f 796 797 798
f 786 799 800
f 787 801 788
f 802 803 804
f 804 803 805
f 806 807 808
f 809 810 807
f 809 807 806
f 809 811 810
f 762 812 811
f 813 814 808
f 808 814 815
f 804 805 816
f 816 805 813
f 813 805 814
f 817 803 818
f 819 820 821
f 806 822 820
f 799 786 788
f 823 796 798
f 797 796 800
f 797 800 799
f 824 823 798
f 825 824 826
f 825 826 827
f 828 827 826
f 829 828 826
f 830 831 829
f 815 806 808
f 811 809 762
f 812 762 759
f 812 759 790
f 832 785 833
f 766 785 832
f 766 832 834
f 834 835 767
f 763 809 833
f 763 833 785
f 768 767 835
f 834 767 766
f 809 763 762
f 836 837 784
f 836 784 838
f 795 839 824
f 795 752 839
f 752 793 757
f 840 836 841
f 836 840 837
f 837 840 842
f 842 840 843
f 838 841 836
f 826 839 843
f 839 826 824
f 826 844 830
f 826 830 829
f 843 839 842
f 841 838 845
f 845 838 770
f 845 770 771
f 801 787 831
f 801 831 830
f 801 830 846
f 825 823 824
f 803 847 818
f 819 821 817
f 817 818 819
f 832 833 848
f 832 849 834
f 832 848 849
f 834 849 850
f 834 850 835
f 809 806 833
f 833 806 848
f 851 845 769
f 819 806 820
f 839 752 783
f 839 783 842
f 842 783 782
f 842 782 837
f 837 782 784
f 784 749 838
f 838 749 770
f 845 771 769
f 851 769 768
f 851 768 850
f 850 768 835
f 822 806 815
f 852 853 854
f 758 854 853
f 324 853 852
f 855 856 857
f 857 858 855
f 304 855 858
f 755 857 856
f 859 860 861
f 861 860 862
f 861 862 863
f 863 862 864
f 863 864 865
f 865 864 866
f 866 864 867
f 866 867 868
f 866 868 869
f 869 868 870
f 869 870 871
f 871 870 872
f 871 872 873
f 873 872 874
f 873 874 859
f 859 874 860
f 875 876 877
f 877 876 878
f 879 878 880
f 881 879 880
f 882 880 876
f 883 884 885
f 886 887 884
f 885 888 889
f 303 887 890
f 303 890 891
f 885 889 883
f 890 887 886
f 882 892 880
f 888 893 875
f 875 893 876
f 876 893 882
f 876 880 878
f 888 875 877
f 888 877 889
f 884 883 886
f 210 882 893
f 210 893 295
f 885 296 888
f 296 893 888
f 893 296 295
f 296 884 887
f 296 887 303
f 296 885 884
f 894 259 895
f 892 259 894
f 259 892 209
f 209 892 882
f 882 210 209
f 781 780 890
f 890 780 891
f 896 897 898
f 899 900 901
f 901 900 902
f 901 902 897
f 901 897 903
f 903 897 896
f 903 896 904
f 905 906 907
f 908 907 906
f 909 910 911
f 912 913 911
f 913 912 914
f 911 915 912
f 916 913 917
f 917 913 914
f 910 915 911
f 918 919 920
f 905 921 922
f 923 924 925
f 926 927 919
f 926 923 927
f 927 923 905
f 905 923 925
f 905 925 921
f 928 929 918
f 930 931 932
f 932 931 928
f 928 918 920
f 928 920 932
f 919 927 933
f 905 907 934
f 905 934 927
f 920 919 933
f 910 909 935
f 935 909 930
f 935 930 932
f 908 906 936
f 937 936 938
f 938 936 906
f 917 914 937
f 917 937 938
f 939 940 941
f 941 940 942
f 941 942 943
f 943 942 944
f 943 944 945
f 945 944 946
f 946 944 947
f 946 947 948
f 946 948 949
f 949 948 950
f 949 950 951
f 951 950 952
f 951 952 953
f 953 952 954
f 953 954 939
f 939 954 940
f 810 811 955
f 955 811 812
f 812 956 955
f 810 955 957
f 810 957 807
f 807 957 958
f 958 959 807
f 807 959 808
f 930 960 961
f 960 930 909
f 909 962 960
f 961 931 930
f 963 931 961
f 964 931 963
f 931 964 928
f 928 964 965
f 928 965 966
f 928 966 929
f 808 959 967
f 929 966 968
f 969 970 971
f 969 971 801
f 803 802 972
f 972 973 803
f 974 975 976
f 976 975 973
f 969 977 978
f 978 979 970
f 801 846 969
f 970 969 978
f 980 845 981
f 841 980 982
f 845 980 841
f 983 984 985
f 986 984 987
f 985 984 986
f 988 989 990
f 988 990 991
f 983 985 992
f 989 993 990
f 989 992 985
f 985 993 989
f 986 993 985
f 994 995 996
f 994 990 995
f 991 990 994
f 997 998 996
f 999 1000 1001
f 999 1002 1003
f 999 1003 997
f 997 1003 998
f 1004 1005 1006
f 1007 1005 1004
f 1008 775 916
f 916 775 1009
f 916 1010 1008
f 325 1011 1012
f 325 329 1013
f 325 1013 1011
f 1014 1015 1016
f 1016 1015 1012
f 1015 1014 1017
f 375 1018 332
f 375 1011 1018
f 1019 1016 1020
f 1020 1016 1012
f 1012 375 1020
f 1011 375 1012
f 1016 1019 1021
f 1022 1023 1024
f 1022 1024 1025
f 1002 1026 1003
f 1003 1026 1027
f 1028 1027 1029
f 1028 1029 1030
f 1027 1028 1003
f 1024 996 1025
f 1025 996 1028
f 1028 996 998
f 1025 1028 1030
f 998 1003 1028
f 1031 1032 1033
f 1023 1032 1031
f 996 1024 994
f 994 1024 991
f 1034 991 1024
f 1034 1024 1023
f 1031 1033 1035
f 1035 992 1031
f 1031 992 988
f 1034 1023 1031
f 1034 1031 991
f 991 1031 988
f 1022 1025 1036
f 1032 1023 1037
f 1037 1023 1038
f 1038 1023 1022
f 1038 1022 1036
f 1039 1033 1037
f 1037 1033 1032
f 1039 1040 1041
f 1039 1041 1033
f 1042 1040 1039
f 1042 1039 1038
f 1025 1030 1036
f 1036 1030 1042
f 1036 1042 1038
f 1041 1035 1033
f 1038 1039 1037
f 1005 1007 1043
f 1044 1043 1007
f 1044 1045 1043
f 1046 1047 1048
f 1048 1047 1049
f 1050 1049 1047
f 1046 1048 1045
f 1051 1052 1053
f 1051 1053 1054
f 1055 1054 1049
f 1053 1045 1048
f 1056 1054 1055
f 1055 1049 1050
f 1049 1054 1048
f 1048 1054 1053
f 1052 1005 1053
f 1045 1053 1005
f 1045 1005 1043
f 1052 1006 1005
f 983 1057 984
f 1057 983 1058
f 984 1057 987
f 1059 1060 1061
f 1062 1063 1060
f 1062 1060 1064
f 1060 1063 1061
f 1065 1066 881
f 1065 881 892
f 892 881 880
f 1065 1067 1068
f 1068 1066 1065
f 895 1067 1065
f 1068 1067 1069
f 1069 1066 1068
f 1069 1070 1066
f 1071 1072 1070
f 1071 1070 1069
f 1070 1073 1066
f 1072 1073 1070
f 1073 881 1066
f 1074 1075 1076
f 1076 1077 1074
f 1078 1075 1079
f 1075 1078 1076
f 1080 1079 1081
f 1082 1083 1074
f 1074 1083 1081
f 1074 1081 1075
f 1079 1075 1081
f 1080 1084 1079
f 1079 1084 1078
f 1078 1084 1085
f 1078 1085 1086
f 1078 1086 1076
f 1082 1074 1077
f 1087 1077 1076
f 1077 1087 1088
f 1087 1089 1088
f 1083 1088 1090
f 1091 1088 1089
f 1087 1092 1093
f 1076 1094 1087
f 1087 1094 1092
f 1082 1077 1088
f 1082 1088 1083
f 1088 1091 1090
f 1089 1087 1093
f 1094 1095 1096
f 1095 1094 1076
f 1095 1085 1097
f 1098 1096 1095
f 1097 1099 1098
f 1098 1099 1100
f 1097 1098 1095
f 1086 1095 1076
f 1086 1085 1095
f 1101 342 1102
f 1102 1103 1104
f 1102 1105 1101
f 1101 573 342
f 1106 1104 1107
f 1104 1108 1109
f 1104 1109 1107
f 352 1110 1106
f 1106 1110 1105
f 1104 1106 1102
f 352 351 1110
f 1106 1105 1102
f 1111 781 1112
f 890 1112 781
f 1112 883 904
f 883 1112 890
f 894 1065 892
f 1065 894 895
f 1094 1096 1113
f 1114 1098 1100
f 1115 1114 1116
f 1098 1117 1096
f 1117 1098 1114
f 1093 1118 1089
f 1119 1091 1089
f 1119 1089 1118
f 1092 1118 1093
f 1092 1094 1113
f 1092 1113 1120
f 1092 1120 1118
f 1119 1118 1121
f 1119 1121 1062
f 1119 1062 1091
f 1062 1121 1063
f 1063 1121 1061
f 1122 1061 1121
f 981 845 1123
f 1123 851 1124
f 1123 845 851
f 1124 851 850
f 1124 850 849
f 1009 775 791
f 791 775 773
f 1115 1116 1125
f 1126 1115 1125
f 1125 1127 1126
f 1128 1129 1130
f 1131 1132 1133
f 1133 1132 1134
f 1133 1134 1126
f 1133 1126 1127
f 1135 1136 1129
f 1129 1136 1130
f 1130 1133 1128
f 1128 1133 1127
f 1128 1127 1137
f 1133 1130 1131
f 1131 1130 1136
f 1138 1136 1135
f 1138 1135 1139
f 1136 1140 1141
f 1142 1138 1139
f 1138 1140 1136
f 1143 1140 1144
f 1144 1140 1138
f 1145 1000 1143
f 1146 1141 1140
f 1135 1147 1139
f 1139 1147 1148
f 1149 1150 1139
f 1149 1139 1148
f 1151 1152 1153
f 1154 1129 1153
f 1155 1151 1153
f 1137 1156 1151
f 1137 1151 1155
f 1129 1155 1153
f 1129 1154 1135
f 1135 1154 1147
f 1000 1145 1001
f 1131 1141 1132
f 1136 1141 1131
f 1146 1140 1143
f 1145 1143 1144
f 1144 1138 1142
f 1150 1142 1139
f 1155 1129 1128
f 1155 1128 1137
f 1137 1127 1156
f 1156 1127 1125
f 1157 1158 1159
f 1160 1159 1161
f 1161 1159 1158
f 1162 1163 1164
f 1164 1163 1165
f 1159 1166 1167
f 1159 1167 1168
f 1169 1162 1164
f 1162 1169 1170
f 1163 1171 1172
f 1162 1170 1166
f 1166 1170 1167
f 1168 1157 1159
f 1166 1159 1171
f 1166 1171 1162
f 1162 1171 1163
f 1165 1163 1172
f 1173 1174 1175
f 1176 335 1008
f 1176 1008 1177
f 1178 1179 1177
f 1173 1180 1181
f 1010 1178 1177
f 195 1175 1182
f 1175 195 1183
f 1182 1175 1174
f 195 1182 1007
f 1007 1182 1044
f 1182 1174 1044
f 1173 1175 1180
f 1180 1175 1183
f 1180 1183 1181
f 335 1184 1008
f 1179 1176 1177
f 1178 1010 1181
f 1181 1010 1173
f 1185 1186 1187
f 1150 1188 1189
f 1188 1190 1191
f 1150 1149 1192
f 1193 1194 1191
f 1189 1195 1186
f 1188 1191 1189
f 1189 1191 1195
f 1186 1145 1144
f 1186 1142 1150
f 1191 1194 1195
f 1195 1194 1196
f 1195 1196 1187
f 1197 1198 1051
f 1056 1199 1054
f 1051 1054 1199
f 1197 1051 1199
f 1197 1200 1201
f 1201 1200 1202
f 1193 1203 1194
f 1198 1197 1201
f 1202 1200 1204
f 1202 1204 1203
f 1203 1204 1205
f 1191 1190 1193
f 1203 1193 1206
f 1203 1206 1207
f 1203 1207 1202
f 1208 1209 1201
f 1198 1209 1006
f 1198 1006 1052
f 1201 1209 1198
f 1207 1208 1202
f 1202 1208 1201
f 1198 1052 1051
f 1150 1189 1186
f 1142 1186 1144
f 1145 1186 1185
f 1145 1185 1001
f 1195 1187 1186
f 1150 1192 1188
f 1193 1190 1206
f 1210 1211 1212
f 1213 1214 1215
f 1213 1215 1152
f 1152 1151 1213
f 1216 1214 1217
f 1216 1217 1218
f 1216 1218 1219
f 1220 1221 1222
f 1223 1222 1224
f 1220 1225 1226
f 1071 1225 1227
f 1225 1071 1226
f 1221 1226 1228
f 1069 1228 1226
f 1228 1069 1067
f 1221 1228 1229
f 1230 1221 1229
f 1228 1067 1229
f 1229 1067 895
f 1125 1116 1212
f 1125 1212 1156
f 1156 1212 1211
f 1211 1231 1156
f 1232 1223 1218
f 1232 1218 1233
f 1234 1233 1217
f 1234 1217 1235
f 1234 1235 1231
f 1231 1211 1234
f 1214 1235 1217
f 1219 1218 1223
f 1219 1223 1236
f 1236 1223 1224
f 1071 1069 1226
f 1221 1224 1222
f 1233 1218 1217
f 1231 1235 1156
f 1156 1235 1237
f 1156 1237 1151
f 1220 1226 1221
f 1224 1221 1230
f 1224 1230 1236
f 1235 1214 1213
f 1235 1213 1237
f 1237 1213 1151
f 1238 1239 1046
f 889 877 1240
f 1240 877 878
f 879 1241 1240
f 1242 1243 1244
f 1245 1246 1243
f 1247 1248 1249
f 1249 1248 1250
f 1247 1072 1248
f 1251 1064 1252
f 1251 1252 1253
f 1249 1250 1254
f 1059 981 1123
f 1060 1123 1124
f 980 981 1059
f 980 1059 1057
f 1255 1256 1257
f 1258 1257 1259
f 1047 1239 1260
f 1050 1260 1261
f 1262 1263 1255
f 1255 1263 1256
f 1058 1259 982
f 1044 922 1264
f 1044 905 922
f 1010 906 1173
f 1174 1173 906
f 1008 1010 1177
f 980 1057 982
f 982 1057 1058
f 1265 1258 1259
f 1258 1255 1257
f 1261 1263 1266
f 1047 1260 1050
f 1261 1266 1050
f 1263 1262 1266
f 1259 1058 1265
f 1046 1239 1047
f 1046 1045 1238
f 1044 1264 1045
f 1045 1264 1238
f 905 1174 906
f 905 1044 1174
f 883 890 886
f 1242 1241 881
f 1241 879 881
f 1240 878 879
f 1247 1246 1072
f 1245 1073 1246
f 1246 1073 1072
f 1254 1267 1249
f 1268 1267 1254
f 1268 1251 1253
f 1267 1268 1253
f 1252 1064 1124
f 1124 1064 1060
f 1245 1243 1073
f 1073 1243 881
f 881 1243 1242
f 1060 1059 1123
f 1205 1194 1203
f 1196 1027 1187
f 1187 1027 1026
f 1204 1030 1205
f 1205 1030 1029
f 1196 1029 1027
f 1199 1269 1042
f 1199 1042 1200
f 1200 1042 1204
f 1204 1042 1030
f 1040 1269 1056
f 1269 1040 1042
f 1200 1197 1199
f 1056 1269 1199
f 1185 1187 1026
f 1185 1026 1001
f 1001 1026 1002
f 1194 1205 1029
f 1194 1029 1196
f 1001 1002 999
f 1270 1041 1040
f 992 989 988
f 983 992 1271
f 1055 1272 1056
f 1041 1270 1262
f 1265 1035 1273
f 1273 1035 1041
f 1273 1041 1262
f 1271 992 1265
f 1265 992 1035
f 1272 1270 1040
f 1272 1040 1056
f 1126 1134 1274
f 1274 1134 1132
f 1126 1275 1115
f 1115 1275 1276
f 1276 1275 1169
f 1167 1277 1168
f 1278 1168 1277
f 1169 1275 1274
f 1169 1274 1170
f 1167 1279 1277
f 1000 999 1280
f 1000 1280 1143
f 1143 1280 1277
f 1277 1141 1146
f 1277 1146 1143
f 1126 1274 1275
f 1279 1167 1170
f 1170 1274 1132
f 1170 1132 1279
f 1279 1132 1141
f 1279 1141 1277
f 1277 1280 1278
f 1207 376 1208
f 376 411 1208
f 375 1206 1190
f 375 1190 1020
f 1020 1190 1019
f 1206 375 1207
f 1207 375 376
f 1019 1192 1021
f 1021 1192 1149
f 1148 1281 1021
f 1148 1021 1149
f 1147 1282 1148
f 1148 1282 1281
f 1190 1188 1019
f 1019 1188 1192
f 1154 1283 1282
f 1153 1109 1283
f 1153 1283 1154
f 1215 1109 1152
f 1215 1107 1109
f 1106 1107 1214
f 1107 1215 1214
f 1109 1153 1152
f 1216 1106 1214
f 1219 352 1216
f 1216 352 1106
f 1229 269 1230
f 1230 269 428
f 1236 1230 428
f 1236 428 352
f 1236 352 1219
f 1282 1147 1154
f 1178 537 1179
f 1179 537 335
f 1179 335 1176
f 537 1178 1181
f 200 1007 1004
f 200 1004 274
f 274 1004 284
f 284 1004 1006
f 284 1006 283
f 283 1006 1209
f 200 195 1007
f 195 243 1183
f 1183 243 311
f 1183 311 537
f 1183 537 1181
f 269 1229 895
f 269 895 259
f 1208 411 1209
f 1209 411 283
f 1283 1109 1108
f 1284 1285 1286
f 1287 1285 1284
f 1288 1289 1287
f 1290 1289 1108
f 1108 1289 1288
f 1108 1291 1290
f 1103 1286 1292
f 1017 1293 1294
f 1294 1293 1295
f 1017 1014 1296
f 1017 1296 1293
f 1297 1298 1016
f 1299 1297 1300
f 1300 1301 1299
f 1302 1299 1301
f 1294 1295 1301
f 1301 1295 1302
f 1303 1304 1288
f 1303 1288 1284
f 1284 1288 1287
f 1303 1305 1304
f 1304 1305 1306
f 1304 1306 1307
f 1308 1309 1300
f 1108 1310 1308
f 1311 1312 1017
f 1313 1294 1301
f 1314 1313 1301
f 1315 1313 1316
f 1316 1313 1314
f 1303 1314 1301
f 1303 1301 1305
f 1284 1286 1317
f 1318 1319 1320
f 1320 1319 1303
f 1320 1303 1284
f 1286 1103 1317
f 1104 1291 1108
f 1300 1283 1108
f 1321 1310 1322
f 1322 1310 1108
f 1297 1016 1300
f 1300 1108 1308
f 1300 1021 1281
f 1281 1282 1300
f 1323 1300 1309
f 1323 1309 1324
f 1017 1294 1311
f 1325 1317 1326
f 1326 1317 1103
f 1103 1292 1291
f 1103 1291 1104
f 1016 1021 1300
f 1016 1298 1014
f 1300 1282 1283
f 1184 776 775
f 775 1008 1184
f 1057 1059 987
f 1059 1327 987
f 1327 1059 1061
f 999 997 1280
f 997 1278 1280
f 997 996 1157
f 997 1157 1278
f 1158 995 1161
f 996 1158 1157
f 1168 1278 1157
f 1158 996 995
f 1161 995 990
f 1161 990 993
f 1161 993 986
f 1058 983 1271
f 1055 1050 1266
f 1055 1266 1272
f 1272 1266 1270
f 1273 1262 1255
f 1273 1255 1258
f 1273 1258 1265
f 1271 1265 1058
f 1270 1266 1262
f 1160 1161 986
f 986 987 1160
f 1160 1171 1159
f 987 1327 1160
f 1160 1327 1171
f 1327 1061 1122
f 1327 1122 1172
f 1327 1172 1171
f 1328 818 847
f 1329 819 818
f 904 883 903
f 903 883 901
f 901 883 889
f 889 899 901
f 889 1240 899
f 1330 1242 1331
f 1242 1330 1332
f 1242 1332 1241
f 1333 1331 1244
f 1244 1331 1242
f 1334 1333 1244
f 1243 1335 1334
f 1243 1334 1244
f 1336 1337 1338
f 1336 1338 1335
f 1335 1246 847
f 848 806 1252
f 975 1337 1336
f 1336 1335 847
f 1267 1253 806
f 1253 1252 806
f 1329 1267 819
f 848 1252 849
f 1252 1124 849
f 806 819 1267
f 818 1249 1329
f 847 1247 1328
f 847 1246 1247
f 818 1328 1249
f 1335 1243 1246
f 1328 1247 1249
f 1329 1249 1267
f 1085 1084 1339
f 1222 1223 1339
f 1339 1223 1232
f 1116 1114 1100
f 1212 1100 1099
f 1099 1210 1212
f 1116 1100 1212
f 1227 1225 1080
f 1222 1225 1220
f 1211 1340 1234
f 1234 1340 1341
f 1234 1341 1233
f 1233 1341 1232
f 1222 1339 1225
f 1210 1099 1340
f 1340 1097 1341
f 1099 1097 1340
f 1341 1097 1085
f 1084 1080 1225
f 1084 1225 1339
f 1085 1339 1232
f 1085 1232 1341
f 1210 1340 1211
f 1342 1081 1083
f 1083 1343 1342
f 1344 1090 1091
f 1091 1062 1344
f 1090 1344 1251
f 1081 1342 1345
f 1081 1345 1080
f 1080 1345 1227
f 1090 1251 1268
f 1343 1083 1090
f 1343 1090 1268
f 1276 1169 1164
f 1276 1117 1114
f 1172 1122 1120
f 1172 1120 1165
f 1113 1165 1120
f 1122 1121 1118
f 1122 1118 1120
f 1164 1096 1117
f 1164 1117 1276
f 1276 1114 1115
f 1113 1164 1165
f 1096 1164 1113
f 1342 1343 1254
f 1342 1254 1250
f 1345 1250 1248
f 1344 1064 1251
f 1071 1227 1072
f 1064 1344 1062
f 1343 1268 1254
f 1342 1250 1345
f 1345 1248 1227
f 1227 1248 1072
f 1264 1346 1347
f 1264 922 1348
f 1264 1348 1346
f 938 906 1010
f 938 1010 917
f 917 1010 916
f 1349 1350 969
f 969 1350 1351
f 1352 1239 1238
f 1239 1352 1349
f 1264 1347 1238
f 1238 1347 1353
f 1238 1353 1352
f 1260 1239 846
f 1354 1261 1260
f 1354 1260 846
f 1256 1263 844
f 1351 977 969
f 977 1351 1355
f 1261 830 1356
f 846 830 1354
f 1354 830 1261
f 1239 1349 969
f 1239 969 846
f 1257 826 1259
f 982 826 843
f 844 826 1256
f 1256 826 1257
f 1263 1356 844
f 1356 1263 1261
f 1356 830 844
f 982 843 840
f 841 982 840
f 826 982 1259
f 803 973 847
f 847 973 975
f 847 975 1336
f 789 759 778
f 781 1111 778
f 778 1111 789
f 977 1355 1346
f 977 1346 978
f 978 1346 1357
f 1330 975 1358
f 975 1330 1337
f 1359 1360 1361
f 1362 1363 1364
f 1362 1364 1365
f 1366 1367 1368
f 1367 1369 1368
f 1368 1369 1370
f 1371 1372 1368
f 1361 1372 1373
f 1361 1360 1374
f 1241 1375 1240
f 1375 1359 1240
f 1373 1376 1240
f 1376 1377 1240
f 1372 1371 1373
f 1370 1378 1368
f 1368 1378 1371
f 1240 1359 1361
f 1240 1361 1373
f 1365 1370 1369
f 1370 1365 1364
f 1377 900 899
f 1377 899 1240
f 1112 896 1379
f 898 1380 1379
f 898 1379 896
f 1381 1379 1380
f 1381 1363 1362
f 904 896 1112
f 1363 1381 1380
f 1362 956 1381
f 956 812 790
f 956 790 1381
f 789 1379 790
f 790 1379 1381
f 1379 789 1112
f 789 1111 1112
f 1382 1360 1359
f 1360 1382 973
f 802 804 1361
f 1361 804 1372
f 808 967 813
f 813 967 1383
f 1383 1366 1368
f 1372 816 1368
f 1368 816 813
f 1368 813 1383
f 816 1372 804
f 1374 972 1361
f 1361 972 802
f 1369 1367 1384
f 1366 1385 1367
f 1367 1385 1386
f 1367 1386 1384
f 1369 1384 1387
f 1369 1387 1365
f 1365 1387 1388
f 1365 1388 1362
f 1362 1388 956
f 970 1389 925
f 925 1389 1390
f 925 1390 921
f 970 925 971
f 929 968 918
f 797 968 798
f 797 918 968
f 918 797 919
f 919 797 799
f 919 799 926
f 926 799 788
f 926 788 923
f 923 788 801
f 923 801 924
f 793 962 792
f 911 962 909
f 792 962 911
f 792 911 791
f 791 911 913
f 913 1009 791
f 913 916 1009
f 798 1391 824
f 824 1391 1392
f 824 1392 795
f 795 1392 1393
f 795 1393 1394
f 795 1394 794
f 794 1394 1395
f 962 793 1395
f 1395 793 794
f 1366 1383 1385
f 1391 798 968
f 1396 970 979
f 978 1357 1396
f 978 1396 979
f 1396 1389 970
f 976 973 1382
f 1358 975 974
f 1358 974 1397
f 1397 974 976
f 1397 976 1382
f 972 1374 973
f 1360 973 1374
f 924 801 971
f 924 971 925
f 1398 968 966
f 968 1399 1391
f 1400 1392 1399
f 1391 1399 1392
f 1400 1401 1402
f 1400 1398 1401
f 1401 1398 964
f 966 965 1398
f 1398 965 964
f 1392 1400 1393
f 1398 1399 968
f 1398 1400 1399
f 962 1403 960
f 1403 1404 1405
f 1395 1404 1403
f 1405 960 1403
f 962 1395 1403
f 1395 1394 1404
f 1406 1393 1402
f 1402 1407 1406
f 1407 963 961
f 963 1402 1401
f 1407 1402 963
f 964 963 1401
f 961 960 1405
f 961 1405 1407
f 1404 1394 1406
f 1406 1394 1393
f 1404 1406 1407
f 1407 1405 1404
f 1393 1400 1402
f 1388 1387 1408
f 1409 1408 1387
f 1409 1387 1384
f 1409 1410 1411
f 1409 1384 1386
f 1409 1386 1410
f 957 1412 1411
f 1410 958 957
f 1410 957 1411
f 1412 955 1413
f 957 955 1412
f 1413 1388 1408
f 1412 1413 1408
f 1411 1412 1408
f 1411 1408 1409
f 1414 956 1388
f 1413 955 1414
f 1413 1414 1388
f 955 956 1414
f 958 1410 1415
f 1416 967 1417
f 1416 1383 967
f 1383 1416 1385
f 1417 967 959
f 1386 1385 1416
f 1386 1417 1415
f 1415 1417 958
f 1386 1415 1410
f 1386 1416 1417
f 1417 959 958
f 1418 910 1419
f 1418 915 910
f 1418 912 915
f 912 1418 1420
f 1420 914 912
f 914 1420 1421
f 914 1421 937
f 1422 937 1421
f 937 1422 936
f 1423 908 936
f 1423 936 1422
f 1424 907 908
f 1424 908 1423
f 907 1424 1425
f 1425 934 907
f 934 1425 1426
f 934 1426 927
f 1427 927 1426
f 1427 933 927
f 933 1427 1428
f 933 1428 920
f 920 1428 932
f 932 1428 1429
f 1429 935 932
f 910 935 1419
f 1419 935 1429
f 942 1428 944
f 944 1428 1427
f 944 1427 1426
f 944 1426 947
f 947 1426 948
f 948 1426 1425
f 948 1425 1424
f 948 1424 950
f 950 1424 1423
f 950 1423 1422
f 950 1422 952
f 952 1422 1421
f 952 1421 1420
f 952 1420 954
f 954 1420 1418
f 954 1418 940
f 940 1418 1419
f 940 1419 1429
f 940 1429 942
f 942 1429 1428
f 863 1430 861
f 861 1430 1431
f 861 1431 859
f 859 1431 1432
f 859 1432 1433
f 859 1433 873
f 873 1433 1434
f 873 1434 871
f 871 1434 1435
f 871 1435 1436
f 871 1436 869
f 869 1436 1437
f 869 1437 1438
f 869 1438 866
f 866 1438 1439
f 866 1439 1440
f 866 1440 865
f 865 1440 1441
f 865 1441 863
f 863 1441 1430
f 898 897 1434
f 1438 1377 1439
f 1377 1438 900
f 1437 900 1438
f 900 1437 902
f 902 1437 1436
f 1436 897 902
f 1435 897 1436
f 1434 897 1435
f 1433 1380 1434
f 1434 1380 898
f 1433 1363 1380
f 1432 1363 1433
f 1432 1364 1363
f 1364 1432 1431
f 1431 1370 1364
f 1370 1431 1430
f 1370 1430 1378
f 1378 1430 1371
f 1371 1430 1441
f 1440 1371 1441
f 1371 1440 1373
f 1373 1440 1376
f 1376 1440 1439
f 1439 1377 1376
f 949 335 304
f 941 857 755
f 941 755 939
f 304 946 949
f 335 949 951
f 858 945 304
f 304 945 946
f 755 772 939
f 939 772 953
f 953 772 774
f 953 774 951
f 857 941 943
f 857 943 858
f 858 943 945
f 951 776 335
f 335 776 1184
f 951 774 776
f 758 860 779
f 779 860 874
f 853 862 758
f 758 862 860
f 303 870 324
f 324 870 868
f 864 853 867
f 867 853 324
f 867 324 868
f 872 777 779
f 872 779 874
f 853 864 862
f 870 780 872
f 303 780 870
f 780 777 872
f 780 303 891
f 755 856 758
f 758 856 854
f 855 852 856
f 856 852 854
f 855 304 852
f 852 304 324
f 1442 1443 1444
f 1445 1446 1443
f 1445 1443 1442
f 1446 1445 1447
f 1447 1445 1448
f 1449 1447 1448
f 1449 1450 1447
f 1451 1452 1449
f 1449 1452 1450
f 1452 1451 1453
f 1452 1453 1454
f 1455 1454 1453
f 1456 1455 1457
f 1455 1456 1454
f 1457 1458 1456
f 1459 1458 1457
f 1459 1460 1458
f 1444 1460 1442
f 1442 1460 1459
f 1461 1459 1462
f 1462 1459 1457
f 1462 1457 1463
f 1463 1457 1455
f 1463 1455 1453
f 1453 1451 1464
f 1464 1451 1449
f 1464 1449 1465
f 1465 1449 1466
f 1466 1449 1448
f 1466 1448 1467
f 1467 1448 1445
f 1467 1445 1468
f 1468 1445 1442
f 1468 1442 1461
f 1461 1442 1459
f 1469 1470 1471
f 1469 1471 1472
f 1472 1473 1469
f 1474 1473 1472
f 1474 1475 1473
f 1475 1474 1476
f 1475 1476 1477
f 1478 1477 1476
f 1478 1479 1477
f 1478 1480 1479
f 1480 1478 1481
f 1481 1482 1480
f 1482 1481 1483
f 1482 1483 1484
f 1485 1484 1483
f 1484 1485 1486
f 1486 1485 1487
f 1487 1470 1486
f 1471 1470 1487
f 1488 1478 1489
f 1489 1478 1476
f 1489 1476 1490
f 1490 1476 1474
f 1490 1474 1472
f 1490 1472 1491
f 1491 1472 1471
f 1491 1471 1492
f 1492 1471 1487
f 1492 1487 1493
f 1493 1487 1485
f 1493 1485 1494
f 1494 1485 1483
f 1494 1483 1495
f 1495 1483 1481
f 1495 1481 1496
f 1496 1481 1478
f 1496 1478 1488
f 1468 1496 1467
f 1467 1496 1488
f 1467 1488 1489
f 1467 1489 1466
f 1466 1489 1490
f 1466 1490 1465
f 1465 1490 1464
f 1464 1490 1491
f 1464 1491 1453
f 1453 1491 1492
f 1453 1492 1463
f 1463 1492 1493
f 1463 1493 1462
f 1462 1493 1494
f 1462 1494 1461
f 1461 1494 1495
f 1461 1495 1468
f 1468 1495 1496
f 1480 1482 823
f 796 1484 800
f 796 1482 1484
f 823 1482 796
f 786 1470 787
f 800 1486 786
f 786 1486 1470
f 800 1484 1486
f 787 1469 831
f 1475 829 1473
f 831 1469 1473
f 831 1473 829
f 828 1477 827
f 827 1479 825
f 825 1479 1480
f 1477 1479 827
f 829 1475 828
f 828 1475 1477
f 787 1470 1469
f 825 1480 823
f 821 1450 817
f 817 1450 1452
f 817 1452 803
f 820 1447 821
f 822 1443 820
f 1443 1446 820
f 820 1446 1447
f 821 1447 1450
f 1444 815 1460
f 814 1458 1460
f 814 1460 815
f 803 1454 805
f 805 1454 1456
f 805 1456 814
f 814 1456 1458
f 815 1444 822
f 822 1444 1443
f 803 1452 1454
f 692 765 690
f 764 765 692
f 764 692 700
f 764 700 761
f 696 761 700
f 696 760 761
f 1497 1498 756
f 1499 1497 695
f 756 695 1497
f 1498 1500 756
f 1501 756 1500
f 695 756 760
f 695 760 696
f 1502 1500 1498
f 1501 754 756
f 1501 1503 754
f 753 754 1503
f 1504 753 1503
f 1504 1505 750
f 1504 750 753
f 1506 750 1505
f 1506 751 750
f 1507 751 1506
f 1508 751 1507
f 751 1509 694
f 751 1508 1510
f 751 1510 1511
f 751 1511 1509
f 690 765 751
f 690 751 694
f 1501 1500 1512
f 1513 1514 1507
f 1507 1514 1508
f 1503 1501 1515
f 1515 1501 1512
f 1507 1506 1513
f 1513 1506 1505
f 1513 1505 1516
f 1504 1517 1518
f 1503 1515 1519
f 1517 1504 1503
f 1504 1518 1516
f 1504 1516 1505
f 1503 1519 1517
f 1520 1521 1522
f 1523 1524 1525
f 1526 1527 1528
f 1526 1529 1530
f 1526 1530 1531
f 1532 1529 1526
f 1532 1526 1533
f 1532 1533 1534
f 1532 1535 1523
f 1536 1523 1537
f 1536 1537 1538
f 1538 1537 1539
f 1522 1521 1540
f 1540 1521 1541
f 1540 1541 1542
f 1542 1541 1543
f 1542 1543 1544
f 1544 1543 1545
f 1544 1545 1546
f 1546 1545 1547
f 1546 1547 1548
f 1549 1548 1547
f 1541 1550 1543
f 1551 1520 1552
f 1552 1520 1553
f 1552 1553 1554
f 1555 1556 1557
f 1532 1534 1535
f 1535 1533 1528
f 1558 1556 1524
f 1524 1556 1555
f 1524 1555 1525
f 1558 1524 1528
f 1528 1533 1526
f 1555 1557 1554
f 1520 1559 1553
f 1550 1541 1560
f 1560 1541 1521
f 1561 1521 1551
f 1554 1557 1552
f 1561 1560 1521
f 1525 1555 1562
f 1563 1559 1520
f 1563 1520 1522
f 1551 1521 1520
f 1553 1562 1554
f 1554 1562 1555
f 1524 1523 1535
f 1524 1535 1528
f 1523 1525 1537
f 1537 1559 1564
f 1539 1537 1564
f 1563 1564 1559
f 1553 1559 1537
f 1553 1537 1562
f 1562 1537 1525
f 1527 1526 1565
f 1565 1526 1531
f 1566 1567 1502
f 1502 1568 1569
f 1502 1569 1570
f 1498 1510 1502
f 1502 1510 1508
f 1502 1508 1566
f 1566 1508 1514
f 1502 1567 1571
f 1502 1572 1568
f 1502 1571 1573
f 1573 1572 1502
f 1498 1511 1510
f 1509 1497 694
f 694 1497 1499
f 693 694 1574
f 1574 694 1499
f 1574 1499 1575
f 1576 1499 1577
f 1499 1578 1575
f 1499 1576 1579
f 1580 1581 1499
f 1499 1581 1578
f 1579 1580 1499
f 1509 1511 1497
f 1497 1511 1498
f 1577 1499 1582
f 1582 1499 1583
f 1584 1583 695
f 695 1583 1499
f 697 1584 695
f 1500 1585 1512
f 1585 1500 1586
f 1502 1586 1500
f 1586 1502 1570
f 1570 1531 1586
f 1586 1531 1587
f 1586 1587 1585
f 1585 1587 1530
f 1585 1530 1512
f 1587 1531 1530
f 1570 1569 1588
f 1570 1588 1565
f 1565 1588 1527
f 1531 1570 1565
f 1512 1530 1529
f 1515 1512 1529
f 1527 1588 1528
f 1528 1588 1558
f 1588 1569 1558
f 1523 1589 1532
f 1532 1589 1515
f 1515 1589 1519
f 1529 1532 1515
f 1551 1552 1590
f 1551 1590 1573
f 1551 1573 1561
f 1545 1543 1567
f 1557 1556 1591
f 1557 1591 1552
f 1549 1547 1566
f 1556 1558 1568
f 1556 1568 1591
f 1552 1591 1572
f 1552 1572 1590
f 1561 1573 1560
f 1550 1560 1571
f 1545 1567 1547
f 1558 1569 1568
f 1560 1573 1571
f 1550 1571 1567
f 1550 1567 1543
f 1547 1567 1566
f 1590 1572 1573
f 1591 1568 1572
f 1548 1549 1592
f 1536 1593 1523
f 1548 1592 1546
f 1546 1594 1544
f 1536 1538 1593
f 1549 1566 1592
f 1564 1563 1595
f 1522 1540 1518
f 1563 1522 1595
f 1564 1595 1539
f 1538 1539 1517
f 1538 1517 1593
f 1523 1593 1589
f 1522 1518 1595
f 1594 1513 1544
f 1544 1513 1516
f 1544 1516 1542
f 1542 1516 1540
f 1539 1595 1517
f 1540 1516 1518
f 1566 1514 1592
f 1546 1592 1513
f 1546 1513 1594
f 1589 1593 1519
f 1593 1517 1519
f 1592 1514 1513
f 1517 1595 1518
f 1596 1576 1577
f 708 747 1596
f 708 1596 1577
f 709 708 1577
f 697 748 1584
f 1584 748 709
f 1584 709 1583
f 1583 709 1582
f 1582 709 1577
f 739 1597 747
f 1596 747 1597
f 1596 1597 1576
f 738 748 697
f 738 697 698
f 718 1574 1575
f 744 1575 1578
f 743 1578 1581
f 719 718 1575
f 719 1575 722
f 722 1575 744
f 744 1578 743
f 743 1581 741
f 717 1574 718
f 1580 715 741
f 714 715 1580
f 1580 741 1581
f 1598 711 714
f 1580 1579 714
f 711 1598 712
f 1598 714 1579
f 739 712 1597
f 1597 712 1598
f 1579 1576 1598
f 1576 1597 1598
f 705 738 1599
f 1599 738 698
f 735 705 1600
f 1600 705 1599
f 691 693 1601
f 704 1602 702
f 698 703 1599
f 699 1603 703
f 691 721 704
f 704 725 1602
f 702 1602 727
f 701 702 729
f 701 729 699
f 699 729 732
f 699 732 1603
f 703 1603 736
f 703 736 1599
f 1599 736 1600
f 691 1601 720
f 691 720 721
f 704 721 723
f 693 1574 716
f 693 716 1601
f 704 723 725
f 702 731 729
f 1574 717 716
f 1602 725 724
f 1602 724 727
f 702 727 731
f 1603 732 733
f 1603 733 736
f 1600 736 735
f 1601 716 720
f 1397 1604 1358
f 1382 1605 1397
f 1397 1605 1604
f 1332 1330 1358
f 1332 1358 1604
f 1604 1375 1332
f 1332 1375 1241
f 1359 1605 1382
f 1375 1604 1605
f 1375 1605 1359
f 1357 1346 1348
f 1396 1357 1606
f 1396 1390 1389
f 1396 1606 1390
f 1357 1348 1606
f 921 1348 922
f 1606 1348 921
f 1606 921 1390
f 1607 606 687
f 591 593 1607
f 591 1607 1608
f 1607 593 606
f 1609 1610 1611
f 1610 1612 1613
f 1610 1613 1611
f 634 1612 1610
f 642 1612 634
f 642 634 637
f 1614 1608 1607
f 1614 1607 687
f 689 1615 1616
f 689 1616 687
f 1614 687 1616
f 686 1615 689
f 1617 1618 1619
f 1617 1619 1620
f 1618 1617 1621
f 1621 1622 1618
f 1622 1621 1623
f 1623 1624 1622
f 1623 1625 1624
f 1626 1627 1609
f 1626 1609 1611
f 1627 1626 1628
f 1629 1628 1626
f 1628 1629 1630
f 1630 1629 1615
f 1615 686 1630
f 1630 686 604
f 686 605 604
f 1631 604 603
f 1628 1631 1627
f 1631 603 1627
f 603 1609 1627
f 1631 1628 604
f 604 1628 1630
f 1609 603 602
f 1609 602 1610
f 1610 602 601
f 608 610 1610
f 1610 601 608
f 614 1610 612
f 1612 622 636
f 1612 586 616
f 1611 615 617
f 1611 617 1632
f 1610 610 612
f 636 640 1612
f 1612 640 586
f 634 1610 614
f 637 638 642
f 1612 642 622
f 1613 1612 616
f 1613 616 615
f 1613 615 1611
f 1611 1632 1626
f 1626 1633 1629
f 1626 1632 1633
f 1629 1633 620
f 1629 620 1615
f 1632 617 1633
f 1633 617 620
f 646 1614 1616
f 646 1616 645
f 645 1616 1634
f 645 1634 619
f 1616 1615 1634
f 1634 1615 620
f 619 1634 620
f 631 630 1635
f 1617 1636 1621
f 1624 1637 1622
f 1622 1638 1618
f 1623 1621 1639
f 1622 1637 1640
f 1636 621 1621
f 1625 1623 1641
f 1625 1641 1624
f 1622 1640 588
f 1622 588 1638
f 1620 646 1617
f 1617 646 644
f 1617 644 1636
f 1636 644 621
f 1621 621 587
f 1623 1639 641
f 1623 641 635
f 1623 635 1641
f 1641 635 624
f 1641 624 623
f 1624 1641 625
f 1624 625 1637
f 1637 625 627
f 1637 627 633
f 1637 633 1640
f 1638 588 631
f 1638 631 1618
f 1618 631 1635
f 1621 587 639
f 1621 639 1639
f 1639 639 641
f 1640 633 588
f 1641 623 625
f 1642 1614 646
f 1620 1642 646
f 599 594 1643
f 1644 1618 1635
f 1644 1635 600
f 1644 600 599
f 1619 1618 1644
f 1619 1644 1643
f 1619 1643 594
f 1608 1614 1642
f 1608 1642 1645
f 1645 1642 1619
f 1619 1642 1620
f 647 591 1645
f 591 1608 1645
f 647 1645 1619
f 1352 1646 1349
f 1349 1646 1350
f 1346 1355 192
f 193 1351 197
f 197 1351 1350
f 193 1355 1351
f 1355 193 192
f 192 1347 1346
f 201 1347 192
f 201 1353 1347
f 1353 201 199
f 199 1352 1353
f 198 1352 199
f 198 1646 1352
f 197 1646 198
f 197 1350 1646
f 1647 1648 1649
f 1648 1650 1649
f 1649 1650 1651
f 1651 1652 1649
f 1652 1653 1649
f 1653 1647 1649
f 1647 206 1648
f 1648 206 203
f 1648 203 202
f 1648 202 1650
f 1650 202 208
f 1650 208 1651
f 1651 208 1652
f 1652 208 207
f 1652 207 1653
f 1653 207 210
f 1653 210 1647
f 1647 210 206
f 1654 1655 1656
f 1655 1657 1656
f 1657 1658 1656
f 1656 1658 1659
f 1659 1660 1656
f 1660 1654 1656
f 1654 220 1655
f 1655 220 218
f 1655 218 1657
f 1657 218 217
f 1657 217 216
f 1657 216 1658
f 1658 216 226
f 1658 226 1659
f 1659 226 222
f 1659 222 1660
f 1660 222 221
f 1660 221 1654
f 1654 221 220
f 1661 1662 1663
f 1662 1664 1663
f 1664 1665 1663
f 1663 1665 1666
f 1666 1667 1663
f 1663 1667 1668
f 1668 1661 1663
f 1661 233 231
f 1661 231 1662
f 1662 231 230
f 1662 230 1664
f 1664 230 1665
f 1665 230 229
f 1665 229 236
f 1665 236 1666
f 1666 236 1667
f 1667 236 235
f 1667 235 234
f 1667 234 1668
f 1668 234 233
f 1668 233 1661
f 1669 1670 1671
f 1670 1672 1671
f 1671 1672 1673
f 1671 1673 1674
f 1674 1675 1671
f 1675 1669 1671
f 1669 246 244
f 1669 244 1670
f 1670 244 242
f 1670 242 1672
f 1672 242 241
f 1672 241 1673
f 1673 241 251
f 1673 251 1674
f 1674 251 249
f 1674 249 247
f 1674 247 1675
f 1675 247 246
f 1675 246 1669
f 1338 1676 1335
f 1335 1676 1677
f 1335 1677 1334
f 1334 258 1333
f 254 1331 258
f 258 1331 1333
f 1330 1331 254
f 253 1330 254
f 253 1337 1330
f 1337 253 262
f 262 1338 1337
f 261 1338 262
f 261 1676 1338
f 261 1677 1676
f 260 1677 261
f 260 1334 1677
f 258 1334 260
f 1678 1679 737
f 1678 734 1680
f 1680 1681 1678
f 1681 1682 1678
f 1678 1682 1683
f 1678 1683 1679
f 737 734 1678
f 265 737 266
f 265 706 737
f 264 706 265
f 264 734 706
f 1679 273 266
f 1683 273 1679
f 273 1683 268
f 1682 268 1683
f 268 1682 270
f 1681 270 1682
f 270 1681 271
f 271 1681 267
f 267 1681 1680
f 734 267 1680
f 734 264 267
f 1679 266 737
f 1684 1685 1686
f 1685 1687 1686
f 1686 1687 1688
f 1688 1689 1686
f 1689 1535 1686
f 1534 1684 1686
f 1535 1534 1686
f 279 1533 1535
f 277 1533 279
f 277 1534 1533
f 1534 277 1684
f 279 1535 1689
f 1689 280 279
f 280 1689 1688
f 1688 281 280
f 1688 282 281
f 1687 282 1688
f 282 1687 1685
f 282 1685 275
f 275 1685 1684
f 1684 276 275
f 1684 277 276
f 1290 96 147
f 1291 96 1290
f 96 1291 143
f 143 1291 141
f 92 141 1291
f 1292 92 1291
f 92 1292 86
f 86 1292 1286
f 1286 87 86
f 87 1286 1285
f 87 1285 83
f 83 1285 1287
f 83 1287 85
f 85 1287 1289
f 85 1289 147
f 147 1289 1290
f 1635 1297 600
f 600 1297 1299
f 1302 600 1299
f 1302 598 600
f 598 1302 1295
f 598 1295 595
f 595 1295 1293
f 595 1293 596
f 1296 596 1293
f 596 1296 1014
f 596 1014 607
f 607 1014 630
f 630 1014 1298
f 630 1298 1297
f 1297 1635 630
f 140 1690 1691
f 1691 1690 1692
f 1692 1693 1691
f 1691 1693 1694
f 1694 1695 1691
f 1691 1695 1696
f 124 140 1691
f 123 124 1691
f 1696 123 1691
f 573 123 337
f 573 140 123
f 337 123 1696
f 1696 338 337
f 338 1696 1695
f 1695 350 338
f 1694 350 1695
f 350 1694 351
f 1693 351 1694
f 1693 1110 351
f 1692 1110 1693
f 1692 1105 1110
f 1690 1105 1692
f 1101 1105 1690
f 140 1101 1690
f 1101 140 573
f 1697 1698 1699
f 1698 1700 1699
f 1700 1701 1699
f 1701 1702 1699
f 1699 1702 1703
f 1699 1703 629
f 611 1697 1699
f 1699 629 611
f 629 1013 329
f 629 329 628
f 329 611 628
f 611 329 328
f 1702 1011 1703
f 1018 1011 1702
f 1701 1018 1702
f 1700 332 1701
f 1701 332 1018
f 1698 332 1700
f 332 1698 333
f 1697 333 1698
f 1697 328 333
f 611 328 1697
f 1013 629 1703
f 1703 1011 1013
f 1704 81 1288
f 1705 1108 81
f 81 1108 1288
f 1706 151 1307
f 1307 151 91
f 1307 91 1304
f 1304 91 1707
f 1321 1708 84
f 1321 84 1310
f 1310 84 150
f 1310 150 1709
f 1322 149 82
f 1322 82 1708
f 1108 1705 1322
f 1322 1705 149
f 1301 1644 1710
f 1300 1711 1301
f 1301 1711 1644
f 1323 1712 599
f 1643 1323 599
f 1711 1300 1643
f 1643 1300 1323
f 1713 1619 1309
f 1309 1619 594
f 1309 594 1324
f 1324 594 1712
f 1714 592 1305
f 647 1306 592
f 592 1306 1305
f 647 1715 1306
f 91 84 1707
f 1707 84 1708
f 1707 1708 1704
f 1708 82 1704
f 1704 82 81
f 149 1705 81
f 150 151 1709
f 151 1706 1709
f 1709 1706 1713
f 1715 647 1713
f 1715 1713 1706
f 1713 647 1619
f 594 592 1712
f 1712 592 1714
f 1644 599 1710
f 1710 599 1712
f 1710 1712 1714
f 1643 1644 1711
f 1704 1288 1707
f 1707 1288 1304
f 1706 1307 1715
f 1715 1307 1306
f 1714 1305 1710
f 1710 1305 1301
f 1712 1323 1324
f 1713 1309 1308
f 1713 1308 1709
f 1709 1308 1310
f 1708 1321 1322
f 1716 1312 1717
f 1717 1312 1311
f 1717 1311 1718
f 1718 1311 1294
f 1718 1294 1719
f 1719 1294 1313
f 1719 1313 1720
f 1720 1313 1315
f 1720 1315 1721
f 1721 1315 1316
f 1721 1316 1722
f 1722 1316 1314
f 1722 1314 1723
f 1723 1314 1303
f 1723 1303 1724
f 1724 1303 1725
f 1725 1303 1319
f 1725 1319 1726
f 1726 1319 1318
f 1726 1318 1727
f 1727 1318 1320
f 1727 1320 1728
f 1728 1320 1284
f 1728 1284 1729
f 1729 1284 1317
f 1729 1317 1730
f 1730 1317 1325
f 1730 1325 1326
f 1730 1326 1731
f 1731 1326 1732
f 1732 1326 1103
f 1732 1103 1733
f 1733 1103 1102
f 1733 1102 1734
f 1734 1102 342
f 1734 342 1735
f 1735 342 341
f 1735 341 1736
f 1736 341 584
f 1736 584 1737
f 1737 584 583
f 1737 583 1738
f 1738 583 572
f 1738 572 1739
f 1739 572 346
f 1739 346 344
f 1739 344 1740
f 1740 344 579
f 1740 579 1741
f 1741 579 580
f 1741 580 1742
f 1742 580 343
f 1742 343 1743
f 1743 343 348
f 1743 348 1744
f 1744 348 582
f 1744 582 581
f 1744 581 1745
f 1745 581 1746
f 1746 581 326
f 1746 326 1747
f 1747 326 325
f 1747 325 1748
f 1748 325 1012
f 1748 1012 1749
f 1749 1012 1015
f 1017 1312 1716
f 1716 1749 1017
f 1017 1749 1015
f 1716 1747 1748
f 1716 1748 1749
f 1747 1716 1717
f 1747 1717 1746
f 1743 1720 1721
f 1743 1721 1742
f 1725 1739 1740
f 1741 1723 1740
f 1740 1723 1724
f 1740 1724 1725
f 1723 1741 1722
f 1722 1741 1742
f 1722 1742 1721
f 1735 1730 1734
f 1720 1743 1744
f 1744 1719 1720
f 1746 1717 1745
f 1745 1717 1718
f 1745 1718 1744
f 1744 1718 1719
f 1734 1730 1731
f 1730 1735 1729
f 1729 1735 1736
f 1729 1736 1728
f 1728 1736 1737
f 1728 1737 1727
f 1727 1737 1738
f 1727 1738 1726
f 1732 1733 1731
f 1731 1733 1734
f 1739 1725 1726
f 1739 1726 1738
f 1750 290 1751
f 1751 290 293
f 1751 293 1752
f 1752 293 292
f 1752 292 1753
f 1753 292 291
f 1753 291 1754
f 291 298 1754
f 1754 298 294
f 294 297 1755
f 1755 297 300
f 1755 300 1756
f 300 302 1756
f 1756 302 1757
f 1757 302 1758
f 1758 302 301
f 1758 301 288
f 1758 288 1759
f 1759 288 1760
f 1760 288 290
f 1760 290 1750
f 1752 1757 1751
f 1751 1757 1758
f 1751 1758 1750
f 1759 1760 1750
f 1759 1750 1758
f 1756 1757 1752
f 1753 1755 1756
f 1753 1756 1752
f 1755 1753 1754
f 1755 1754 294
f 1761 232 307
f 1761 307 1762
f 1762 307 308
f 1762 308 1763
f 1763 308 306
f 1763 306 1764
f 1764 306 1765
f 1765 306 245
f 1765 245 1766
f 245 248 1766
f 1766 248 228
f 1766 228 1767
f 1767 228 232
f 1767 232 1761
f 1767 1762 1766
f 1766 1762 1763
f 1766 1763 1764
f 1766 1764 1765
f 1767 1761 1762
f 1768 205 315
f 315 323 1769
f 1769 323 318
f 1769 318 1770
f 1770 318 219
f 1770 219 1771
f 1771 219 213
f 1771 213 1772
f 1772 213 204
f 1772 204 1773
f 205 1768 1773
f 205 1773 204
f 1770 1771 1772
f 1770 1772 1773
f 1770 1773 1769
f 1769 1773 1768
f 1769 1768 315
f 1774 355 1775
f 1775 355 354
f 1775 354 1776
f 1776 354 575
f 1776 575 1777
f 1777 575 574
f 358 1778 574
f 574 1778 1777
f 1778 358 1779
f 1779 358 357
f 1779 357 1780
f 1780 357 362
f 1780 362 1781
f 1781 362 361
f 360 1782 361
f 361 1782 1781
f 1782 360 363
f 1782 363 1783
f 1783 363 1784
f 1784 363 368
f 1784 368 1785
f 1785 368 365
f 364 1786 365
f 365 1786 1785
f 1786 364 1787
f 1787 364 366
f 1787 366 1788
f 1788 366 577
f 1788 577 1789
f 1789 577 578
f 1789 578 370
f 1789 370 1790
f 1790 370 1791
f 1791 370 369
f 1791 369 1792
f 372 1793 369
f 369 1793 1792
f 1793 372 1794
f 1794 372 371
f 1794 371 1795
f 1795 371 374
f 1795 374 1796
f 1796 374 373
f 1796 373 417
f 377 1797 417
f 417 1797 1796
f 1797 377 1798
f 1798 377 334
f 1798 334 331
f 1798 331 1799
f 1799 331 379
f 1799 379 1800
f 1800 379 378
f 1800 378 1801
f 1801 378 330
f 1801 330 380
f 1801 380 1802
f 381 1803 380
f 380 1803 1802
f 1803 381 1804
f 1804 381 327
f 1804 327 1805
f 1805 327 347
f 1805 347 1806
f 1806 347 163
f 1806 163 1807
f 1807 163 162
f 1807 162 1808
f 1808 162 164
f 1808 164 1809
f 1809 164 345
f 1809 345 382
f 1809 382 1810
f 384 1811 382
f 382 1811 1810
f 1811 384 1812
f 1812 384 383
f 385 1813 1814
f 385 1814 383
f 383 1814 1812
f 387 1815 385
f 385 1815 1813
f 1815 387 1816
f 1816 387 386
f 340 1817 386
f 386 1817 1816
f 1817 340 1818
f 1818 340 339
f 576 1819 339
f 339 1819 1818
f 1819 576 1820
f 1820 576 349
f 1820 349 1821
f 1821 349 353
f 355 1774 353
f 353 1774 1821
f 1817 1778 1816
f 1775 1819 1774
f 1820 1821 1774
f 1820 1774 1819
f 1819 1775 1776
f 1819 1776 1818
f 1776 1777 1818
f 1818 1777 1817
f 1779 1815 1778
f 1778 1815 1816
f 1817 1777 1778
f 1815 1779 1780
f 1815 1780 1813
f 1813 1780 1781
f 1814 1813 1812
f 1812 1813 1781
f 1812 1781 1811
f 1783 1811 1782
f 1781 1782 1811
f 1811 1783 1784
f 1811 1784 1810
f 1810 1784 1809
f 1785 1809 1784
f 1807 1787 1788
f 1807 1788 1806
f 1787 1807 1786
f 1809 1785 1808
f 1808 1785 1807
f 1807 1785 1786
f 1788 1805 1806
f 1789 1804 1788
f 1804 1805 1788
f 1792 1803 1791
f 1791 1803 1790
f 1804 1789 1803
f 1803 1789 1790
f 1803 1792 1802
f 1792 1793 1802
f 1800 1801 1802
f 1793 1794 1802
f 1802 1794 1800
f 1799 1795 1796
f 1800 1794 1795
f 1800 1795 1799
f 1799 1796 1797
f 1799 1797 1798
f 1822 391 1823
f 1823 391 388
f 1823 388 1824
f 1824 388 390
f 1824 390 1825
f 1825 390 393
f 1825 393 1826
f 1826 393 397
f 1826 397 1827
f 1827 397 396
f 1827 396 1828
f 1828 396 395
f 1828 395 1829
f 1829 395 174
f 1829 174 176
f 1829 176 1830
f 1830 176 399
f 1830 399 1831
f 1831 399 398
f 1831 398 1832
f 1832 398 172
f 1832 172 171
f 1832 171 1833
f 1833 171 170
f 1833 170 1834
f 1834 170 404
f 1834 404 1835
f 1835 404 403
f 1835 403 1836
f 1836 403 402
f 1836 402 1837
f 1837 402 405
f 1837 405 1838
f 1838 405 410
f 1838 410 1839
f 1839 410 409
f 1839 409 1840
f 1840 409 408
f 1840 408 1841
f 1841 408 278
f 1841 278 1842
f 1842 278 412
f 1842 412 416
f 1842 416 1843
f 1843 416 415
f 1843 415 1844
f 1844 415 418
f 1844 418 1845
f 1845 418 414
f 1845 414 1846
f 1846 414 413
f 1846 413 160
f 1846 160 1847
f 1847 160 1848
f 1848 160 159
f 1848 159 1849
f 1849 159 161
f 1849 161 1850
f 1850 161 419
f 1850 419 1851
f 1851 419 157
f 1851 157 1852
f 1852 157 156
f 1852 156 1853
f 1853 156 158
f 1853 158 1854
f 1854 158 367
f 1854 367 1855
f 1855 367 420
f 1855 420 1856
f 1856 420 422
f 1856 422 1857
f 1857 422 421
f 1857 421 1858
f 1858 421 424
f 1858 424 1859
f 1859 424 423
f 1859 423 1860
f 1860 423 425
f 1860 425 1861
f 1861 425 359
f 1861 359 426
f 1861 426 1862
f 1862 426 1863
f 1863 426 427
f 1863 427 1864
f 1864 427 1865
f 1865 427 356
f 1865 356 429
f 1865 429 1866
f 1866 429 272
f 1866 272 1867
f 1867 272 389
f 1867 389 1822
f 1822 389 391
f 1867 1863 1866
f 1866 1863 1864
f 1866 1864 1865
f 1867 1822 1863
f 1863 1822 1862
f 1862 1822 1861
f 1822 1823 1861
f 1825 1860 1824
f 1861 1823 1860
f 1860 1823 1824
f 1860 1825 1859
f 1859 1825 1826
f 1859 1826 1858
f 1858 1826 1827
f 1858 1827 1857
f 1829 1856 1828
f 1857 1827 1828
f 1857 1828 1856
f 1856 1829 1855
f 1855 1829 1830
f 1852 1832 1833
f 1855 1830 1854
f 1854 1830 1831
f 1854 1831 1853
f 1853 1831 1852
f 1852 1831 1832
f 1852 1833 1851
f 1851 1833 1834
f 1848 1836 1837
f 1851 1834 1850
f 1850 1834 1835
f 1850 1835 1849
f 1849 1835 1848
f 1848 1835 1836
f 1848 1837 1847
f 1847 1837 1838
f 1842 1843 1841
f 1841 1843 1844
f 1841 1844 1840
f 1847 1838 1846
f 1846 1838 1839
f 1846 1839 1845
f 1845 1839 1840
f 1845 1840 1844
f 1868 257 256
f 1868 256 1869
f 1869 256 437
f 1869 437 1870
f 1870 437 438
f 1870 438 1871
f 1871 438 436
f 1871 436 1872
f 1872 436 1873
f 1873 436 441
f 1873 441 449
f 1873 449 1874
f 1874 449 448
f 1874 448 1875
f 1875 448 447
f 1875 447 1876
f 1876 447 1877
f 1877 447 446
f 1877 446 444
f 1877 444 1878
f 1878 444 450
f 1878 450 1879
f 1879 450 184
f 1879 184 1880
f 1880 184 1881
f 1881 184 182
f 1881 182 452
f 1881 452 1882
f 1882 452 451
f 1882 451 1883
f 1883 451 188
f 1883 188 1884
f 1884 188 1885
f 1885 188 186
f 1885 186 453
f 1885 453 1886
f 1886 453 454
f 1886 454 1887
f 1887 454 191
f 1887 191 1888
f 1888 191 190
f 1888 190 1889
f 1889 190 196
f 1889 196 1890
f 1890 196 467
f 1890 467 1891
f 1891 467 468
f 1891 468 1892
f 1892 468 466
f 1892 466 1893
f 1893 466 460
f 1893 460 1894
f 1894 460 470
f 1894 470 1895
f 1895 470 471
f 1895 471 1896
f 1896 471 469
f 1896 469 1897
f 1897 469 464
f 1897 464 1898
f 1898 464 474
f 1898 474 1899
f 1899 474 475
f 1899 475 1900
f 1900 475 473
f 1900 473 1901
f 1901 473 472
f 1901 472 1902
f 1902 472 485
f 1902 485 1903
f 1903 485 486
f 1903 486 1904
f 1904 486 484
f 1904 484 1905
f 1905 484 482
f 1905 482 1906
f 1906 482 488
f 1906 488 1907
f 1907 488 489
f 1907 489 1908
f 1908 489 487
f 1908 487 1909
f 1909 487 434
f 1909 434 1910
f 1910 434 490
f 1910 490 1911
f 1911 490 491
f 1911 491 1912
f 1912 491 155
f 1912 155 1913
f 1913 155 257
f 1913 257 1868
f 1890 1891 1889
f 1889 1891 1888
f 1888 1891 1892
f 1885 1896 1884
f 1887 1893 1894
f 1887 1894 1886
f 1886 1894 1895
f 1886 1895 1885
f 1885 1895 1896
f 1887 1888 1893
f 1893 1888 1892
f 1881 1900 1880
f 1900 1881 1899
f 1899 1881 1882
f 1899 1882 1898
f 1898 1882 1883
f 1898 1883 1897
f 1897 1883 1896
f 1896 1883 1884
f 1877 1904 1876
f 1880 1900 1879
f 1879 1900 1901
f 1879 1901 1902
f 1879 1902 1878
f 1878 1902 1903
f 1878 1903 1877
f 1877 1903 1904
f 1873 1908 1872
f 1908 1873 1907
f 1907 1873 1874
f 1907 1874 1906
f 1906 1874 1875
f 1906 1875 1905
f 1905 1875 1904
f 1904 1875 1876
f 1870 1911 1869
f 1869 1911 1868
f 1868 1911 1912
f 1872 1908 1871
f 1871 1908 1909
f 1871 1909 1910
f 1871 1910 1870
f 1870 1910 1911
f 1868 1912 1913
f 1914 153 1915
f 1915 153 435
f 1915 435 433
f 1915 433 1916
f 1916 433 1917
f 1917 433 432
f 1917 432 483
f 1917 483 1918
f 1918 483 1919
f 1919 483 478
f 1919 478 477
f 1919 477 1920
f 1920 477 1921
f 1921 477 476
f 1921 476 481
f 1921 481 1922
f 1922 481 1923
f 1923 481 480
f 1923 480 479
f 1923 479 1924
f 1924 479 492
f 1924 492 1925
f 1925 492 465
f 1925 465 1926
f 1926 465 1927
f 1927 465 457
f 1927 457 456
f 1927 456 1928
f 1928 456 455
f 1928 455 1929
f 1929 455 463
f 1929 463 1930
f 1930 463 1931
f 1931 463 462
f 1931 462 493
f 1931 493 1932
f 1932 493 461
f 1932 461 1933
f 1933 461 459
f 1933 459 1934
f 1934 459 1935
f 1935 459 458
f 1935 458 1936
f 1936 458 494
f 1936 494 1937
f 1937 494 496
f 1937 496 1938
f 1938 496 497
f 1938 497 1939
f 1939 497 495
f 1939 495 1940
f 1940 495 1941
f 1941 495 503
f 1941 503 1942
f 1942 503 505
f 1942 505 1943
f 1943 505 502
f 1943 502 1944
f 1944 502 499
f 1944 499 1945
f 1945 499 498
f 1945 498 1946
f 1946 498 506
f 1946 506 1947
f 1947 506 504
f 1947 504 1948
f 1948 504 507
f 1948 507 1949
f 1949 507 510
f 1949 510 1950
f 1950 510 508
f 1950 508 1951
f 1951 508 509
f 1951 509 1952
f 1952 509 511
f 1952 511 513
f 1952 513 1953
f 1953 513 512
f 1953 512 1954
f 1954 512 1955
f 1955 512 514
f 1955 514 515
f 1955 515 1956
f 1956 515 154
f 1956 154 1957
f 1957 154 1958
f 1958 154 153
f 1958 153 1914
f 1958 1914 1957
f 1955 1956 1915
f 1915 1956 1914
f 1914 1956 1957
f 1915 1916 1955
f 1955 1916 1917
f 1955 1917 1954
f 1952 1953 1919
f 1919 1953 1918
f 1954 1917 1953
f 1953 1917 1918
f 1919 1920 1952
f 1952 1920 1921
f 1952 1921 1951
f 1949 1950 1923
f 1923 1950 1922
f 1951 1921 1950
f 1950 1921 1922
f 1923 1924 1949
f 1949 1924 1948
f 1948 1924 1925
f 1946 1947 1927
f 1927 1947 1926
f 1926 1947 1925
f 1925 1947 1948
f 1927 1928 1946
f 1946 1928 1945
f 1945 1928 1929
f 1945 1929 1944
f 1931 1943 1930
f 1930 1943 1929
f 1929 1943 1944
f 1943 1931 1932
f 1943 1932 1942
f 1942 1932 1941
f 1941 1932 1933
f 1941 1933 1940
f 1935 1938 1939
f 1935 1939 1934
f 1934 1939 1933
f 1933 1939 1940
f 1938 1935 1936
f 1938 1936 1937
f 1959 263 1960
f 263 516 1960
f 1960 516 518
f 1960 518 1961
f 1961 518 517
f 1961 517 1962
f 1962 517 522
f 1962 522 1963
f 1963 522 521
f 1963 521 1964
f 1964 521 520
f 1964 520 1965
f 1965 520 519
f 1965 519 1966
f 1966 519 1967
f 1967 519 523
f 1967 523 180
f 1967 180 1968
f 1968 180 1969
f 1969 180 178
f 1969 178 1970
f 1970 178 392
f 1970 392 1971
f 1971 392 525
f 1971 525 1972
f 1972 525 524
f 1972 524 1973
f 1973 524 394
f 1973 394 1974
f 1974 394 430
f 1974 430 1975
f 1975 430 526
f 1975 526 1976
f 1976 526 1977
f 1977 526 431
f 1977 431 1978
f 1978 431 1959
f 1959 431 263
f 1960 1976 1977
f 1978 1959 1960
f 1978 1960 1977
f 1976 1961 1975
f 1961 1962 1975
f 1975 1962 1974
f 1974 1962 1963
f 1964 1972 1973
f 1974 1963 1973
f 1973 1963 1964
f 1971 1972 1966
f 1966 1972 1965
f 1971 1966 1970
f 1970 1966 1967
f 1970 1967 1968
f 1970 1968 1969
f 1964 1965 1972
f 1960 1961 1976
f 1979 286 528
f 1979 528 1980
f 1980 528 527
f 1980 527 1981
f 1981 527 407
f 1981 407 1982
f 1982 407 406
f 1982 406 1983
f 1983 406 529
f 1983 529 1984
f 1984 529 401
f 1984 401 1985
f 1985 401 400
f 1985 400 1986
f 1986 400 165
f 1986 165 1987
f 165 500 1987
f 1987 500 1988
f 1988 500 531
f 1988 531 1989
f 1989 531 532
f 1989 532 1990
f 1990 532 530
f 1990 530 1991
f 1991 530 501
f 1991 501 1992
f 1992 501 534
f 1992 534 1993
f 1993 534 535
f 1993 535 1994
f 1994 535 533
f 1994 533 1995
f 1995 533 287
f 1995 287 1996
f 1996 287 1997
f 1997 287 285
f 1997 285 1979
f 1979 285 286
f 1996 1997 1979
f 1980 1996 1979
f 1995 1996 1980
f 1995 1980 1981
f 1995 1981 1982
f 1995 1982 1994
f 1994 1982 1993
f 1993 1982 1983
f 1984 1992 1983
f 1983 1992 1993
f 1991 1992 1984
f 1984 1985 1991
f 1991 1985 1990
f 1990 1985 1986
f 1990 1986 1989
f 1986 1987 1989
f 1989 1987 1988
f 1998 539 541
f 1998 541 1999
f 1999 541 2000
f 541 540 2000
f 2000 540 542
f 2000 542 2001
f 2001 542 336
f 2001 336 2002
f 2002 336 571
f 571 545 2003
f 2003 545 2004
f 2004 545 544
f 2004 544 543
f 2004 543 2005
f 2005 543 546
f 2005 546 2006
f 2006 546 2007
f 546 536 2007
f 2007 536 538
f 538 539 1998
f 1998 2007 538
f 2007 1998 2006
f 1998 2005 2006
f 2005 1998 1999
f 2005 1999 2000
f 2005 2000 2004
f 2001 2002 2003
f 2001 2003 2004
f 2001 2004 2000
f 2003 2002 571
f 2008 322 299
f 2008 299 2009
f 2009 299 548
f 2009 548 2010
f 2010 548 2011
f 2011 548 547
f 2011 547 289
f 2011 289 2012
f 2012 289 319
f 2012 319 2013
f 2013 319 317
f 2013 317 2014
f 2014 317 316
f 2014 316 2015
f 2015 316 320
f 2015 320 2016
f 2016 320 321
f 2016 321 2017
f 2017 321 322
f 2017 322 2008
f 2009 2015 2008
f 2008 2015 2016
f 2016 2017 2008
f 2014 2015 2010
f 2010 2015 2009
f 2014 2010 2011
f 2014 2011 2013
f 2011 2012 2013
f 2018 314 313
f 2018 313 2019
f 2019 313 305
f 2019 305 2020
f 2020 305 2021
f 2021 305 550
f 2021 550 2022
f 2022 550 551
f 2022 551 2023
f 2023 551 549
f 2023 549 2024
f 2024 549 310
f 2024 310 2025
f 2025 310 309
f 2025 309 2026
f 2026 309 312
f 2026 312 2027
f 2027 312 2028
f 2028 312 314
f 2028 314 2018
f 2025 2027 2028
f 2025 2028 2024
f 2025 2026 2027
f 2019 2022 2023
f 2019 2023 2018
f 2018 2023 2024
f 2018 2024 2028
f 2022 2019 2020
f 2020 2021 2022
f 2029 211 2030
f 2030 211 214
f 2030 214 212
f 2030 212 2031
f 2031 212 2032
f 2032 212 552
f 2032 552 224
f 2032 224 2033
f 2033 224 223
f 2033 223 2034
f 2034 223 554
f 2034 554 2035
f 2035 554 2036
f 2036 554 553
f 2036 553 225
f 2036 225 2037
f 2037 225 227
f 2037 227 2038
f 2038 227 556
f 2038 556 2039
f 2039 556 2040
f 2040 556 555
f 2040 555 238
f 2040 238 2041
f 2041 238 237
f 2041 237 2042
f 2042 237 557
f 2042 557 2043
f 2043 557 2044
f 2044 557 558
f 2044 558 239
f 2044 239 2045
f 2045 239 240
f 2045 240 2046
f 2046 240 559
f 2046 559 2047
f 2047 559 560
f 2047 560 2048
f 2048 560 250
f 2048 250 2049
f 2049 250 194
f 2049 194 2050
f 2050 194 189
f 2050 189 2051
f 2051 189 2052
f 2052 189 562
f 2052 562 561
f 2052 561 2053
f 2053 561 185
f 2053 185 2054
f 2054 185 187
f 2054 187 2055
f 2055 187 563
f 2055 563 2056
f 2056 563 564
f 2056 564 2057
f 2057 564 181
f 2057 181 2058
f 2058 181 183
f 2058 183 2059
f 2059 183 566
f 2059 566 2060
f 2060 566 565
f 2060 565 2061
f 2061 565 443
f 2061 443 2062
f 2062 443 445
f 2062 445 2063
f 2063 445 568
f 2063 568 2064
f 2064 568 567
f 2064 567 2065
f 2065 567 440
f 2065 440 2066
f 2066 440 442
f 2066 442 2067
f 2067 442 569
f 2067 569 2068
f 2068 569 2069
f 2069 569 439
f 2069 439 2070
f 2070 439 255
f 2070 255 2071
f 2071 255 570
f 2071 570 2072
f 2072 570 2073
f 252 2074 2073
f 252 2073 570
f 2074 252 211
f 2074 211 2029
f 2073 2029 2030
f 2073 2030 2072
f 2073 2074 2029
f 2072 2030 2031
f 2072 2031 2071
f 2071 2031 2032
f 2071 2032 2070
f 2034 2068 2033
f 2033 2068 2069
f 2070 2032 2033
f 2070 2033 2069
f 2068 2034 2035
f 2068 2035 2067
f 2067 2035 2036
f 2067 2036 2066
f 2038 2064 2065
f 2038 2065 2037
f 2066 2036 2065
f 2065 2036 2037
f 2064 2038 2039
f 2064 2039 2063
f 2063 2039 2040
f 2063 2040 2062
f 2042 2060 2061
f 2042 2061 2041
f 2062 2040 2061
f 2061 2040 2041
f 2060 2042 2043
f 2060 2043 2059
f 2059 2043 2044
f 2059 2044 2058
f 2057 2045 2046
f 2057 2046 2056
f 2045 2057 2044
f 2044 2057 2058
f 2056 2046 2047
f 2056 2047 2055
f 2055 2047 2054
f 2054 2047 2048
f 2050 2052 2049
f 2049 2052 2053
f 2049 2053 2048
f 2048 2053 2054
f 2050 2051 2052
f 2075 2076 2077
f 2077 2076 2078
f 2077 2078 2079
f 2079 2078 2080
f 2079 2080 2081
f 2081 2080 2082
f 2081 2082 2083
f 2083 2082 2084
f 2083 2084 2085
f 2085 2084 2086
f 2085 2086 2087
f 2087 2086 2088
f 2087 2088 2089
f 2089 2088 2090
f 2089 2090 2075
f 2075 2090 2076
f 2091 2092 2093
f 2092 2091 2094
f 2092 2094 2095
f 2096 2095 2094
f 2096 2097 2095
f 2096 2098 2097
f 2098 2096 2099
f 2098 2099 2100
f 2101 2102 2099
f 2099 2102 2100
f 2102 2101 2103
f 2103 2101 2104
f 2103 2104 2105
f 2105 2104 2106
f 2106 2104 2107
f 2107 2104 2108
f 2109 2108 2104
f 2109 2110 2108
f 2109 2111 2110
f 2111 2109 2112
f 2111 2112 2113
f 2114 2115 2112
f 2112 2115 2113
f 2114 2116 2115
f 2114 2117 2116
f 2117 2114 2118
f 2117 2118 2119
f 2119 2118 2093
f 2091 2093 2118
f 2120 2121 2122
f 2122 2123 2120
f 2122 2124 2123
f 2122 2125 2124
f 2122 2126 2125
f 2122 2127 2126
f 2122 2128 2127
f 2122 2129 2128
f 2122 2130 2129
f 2122 2131 2130
f 2132 2131 2122
f 2082 2104 2133
f 2082 2133 2084
f 2084 2133 2101
f 2084 2101 2099
f 2084 2099 2086
f 2086 2099 2096
f 2086 2096 2088
f 2088 2096 2094
f 2088 2094 2090
f 2090 2094 2091
f 2090 2091 2076
f 2076 2091 2118
f 2076 2118 2114
f 2076 2114 2078
f 2078 2114 2112
f 2078 2112 2080
f 2080 2112 2109
f 2080 2109 2082
f 2082 2109 2104
f 2134 2135 2136
f 2135 2134 2137
f 2135 2137 2138
f 2139 2140 2137
f 2137 2140 2138
f 2139 2141 2140
f 2139 2142 2141
f 2142 2139 2143
f 2142 2143 2144
f 2143 2145 2144
f 2146 2147 2143
f 2143 2147 2145
f 2147 2146 2148
f 2148 2146 2149
f 2148 2149 2150
f 2150 2149 2151
f 2151 2149 2152
f 2152 2149 2153
f 2154 2153 2149
f 2154 2155 2153
f 2154 2156 2155
f 2156 2154 2157
f 2156 2157 2158
f 2159 2160 2157
f 2157 2160 2158
f 2159 2161 2160
f 2161 2159 2162
f 2162 2159 2163
f 2134 2136 2163
f 2163 2136 2162
f 2164 2165 2166
f 2164 2167 2165
f 2168 2167 2164
f 2164 2169 2168
f 2164 2170 2169
f 2164 2171 2170
f 2164 2172 2171
f 2164 2173 2172
f 2164 2174 2173
f 2175 2174 2164
f 2079 2157 2154
f 2079 2154 2077
f 2077 2154 2149
f 2077 2149 2075
f 2075 2149 2176
f 2075 2176 2146
f 2075 2146 2089
f 2089 2146 2143
f 2089 2143 2087
f 2087 2143 2139
f 2087 2139 2085
f 2085 2139 2137
f 2085 2137 2134
f 2085 2134 2177
f 2177 2134 2083
f 2083 2134 2163
f 2083 2163 2081
f 2081 2163 2159
f 2081 2159 2157
f 2081 2157 2079
f 2120 2100 2102
f 2123 2124 2100
f 2100 2124 2098
f 2097 2125 2095
f 2095 2126 2092
f 2127 2128 2092
f 2092 2128 2093
f 2129 2115 2116
f 2113 2130 2111
f 2132 2106 2107
f 2106 2178 2103
f 2120 2178 2121
f 2102 2103 2120
f 2120 2103 2178
f 2123 2100 2120
f 2098 2124 2097
f 2125 2097 2124
f 2126 2095 2125
f 2127 2092 2126
f 2093 2128 2119
f 2117 2119 2128
f 2117 2128 2129
f 2129 2116 2117
f 2130 2115 2129
f 2113 2115 2130
f 2131 2111 2130
f 2111 2131 2110
f 2108 2110 2131
f 2132 2108 2131
f 2108 2132 2107
f 2178 2106 2132
f 2178 2132 2121
f 2179 2166 2147
f 2179 2147 2148
f 2166 2165 2145
f 2166 2145 2147
f 2165 2167 2144
f 2144 2167 2142
f 2138 2169 2135
f 2170 2136 2135
f 2172 2160 2161
f 2158 2173 2156
f 2175 2151 2152
f 2180 2166 2179
f 2151 2179 2148
f 2144 2145 2165
f 2142 2167 2168
f 2142 2168 2141
f 2140 2141 2168
f 2140 2168 2169
f 2138 2140 2169
f 2170 2135 2169
f 2171 2136 2170
f 2136 2171 2162
f 2162 2171 2172
f 2161 2162 2172
f 2173 2160 2172
f 2158 2160 2173
f 2174 2156 2173
f 2156 2174 2155
f 2153 2155 2174
f 2175 2153 2174
f 2153 2175 2152
f 2179 2151 2175
f 2179 2175 2180
f 2181 2182 2183
f 2184 2182 2181
f 2181 2185 2184
f 2186 2187 2181
f 2181 2188 2186
f 2183 2188 2181
f 2189 2190 2191
f 2189 2191 2192
f 2189 2193 2190
f 2194 2193 2189
f 2189 2195 2194
f 2189 2196 2197
f 2198 2196 2189
f 2189 2192 2198
f 2195 2185 2187
f 2195 2187 2186
f 2195 2186 2194
f 2194 2186 2193
f 2193 2186 2188
f 2193 2188 2190
f 2190 2188 2183
f 2190 2183 2192
f 2192 2183 2182
f 2192 2182 2198
f 2198 2182 2184
f 2198 2184 2196
f 2196 2184 2185
f 2196 2185 2197
f 2197 2185 2195

